,Code,ISU_CD,Name,Market,Dept,Close,ChangeCode,Changes,ChagesRatio,Open,High,Low,Volume,Amount,Marcap,Stocks,MarketId
0,196170,KR7196170005,알테오젠,KOSDAQ GLOBAL,우량기업부,334500,1,3500,1.06,330000,346000,326000,327373,110408681500,17924631733500,53586343,KSQ
1,247540,KR7247540008,에코프로비엠,KOSDAQ GLOBAL,중견기업부,119600,2,-2100,-1.73,120600,125700,117500,427369,51401641250,11700519906400,97830434,KSQ
2,086520,KR7086520004,에코프로,KOSDAQ GLOBAL,중견기업부,83800,2,-1700,-1.99,85500,88600,82000,984241,83314549050,11378041537600,135776152,KSQ
3,277810,KR7277810008,레인보우로보틱스,KOSDAQ,기술성장기업부,456500,2,-23500,-4.9,476500,493000,440500,67081,31021171750,8856035177000,19399858,KSQ
4,036930,KR7036930006,주성엔지니어링,KOSDAQ GLOBAL,우량기업부,176200,2,-5500,-3.03,177700,196700,172300,1935356,358112923750,8189973520200,46481121,KSQ
5,950160,KR8840120008,코오롱티슈진,KOSDAQ,외국기업(소속부없음),93300,1,5000,5.66,88300,96300,87500,393490,36397218650,7927715928000,84970160,KSQ
6,028300,KR7028300002,HLB,KOSDAQ,중견기업부,51000,1,2250,4.62,48550,51500,47650,861360,43209510225,6793109373000,133198223,KSQ
7,240810,KR7240810002,원익IPS,KOSDAQ GLOBAL,우량기업부,112600,2,-11900,-9.56,121000,128900,109000,1390294,162926779850,5526847252600,49083901,KSQ
8,058470,KR7058470006,리노공업,KOSDAQ GLOBAL,우량기업부,71400,2,-3500,-4.67,74400,75400,69900,658043,47270534950,5441526090000,76211850,KSQ
9,298380,KR7298380007,에이비엘바이오,KOSDAQ GLOBAL,기술성장기업부,93200,1,3000,3.33,90200,98400,89100,403754,38104877500,5218031551600,55987463,KSQ
10,141080,KR7141080002,리가켐바이오,KOSDAQ GLOBAL,기술성장기업부,135000,1,7200,5.63,127800,144500,126900,555625,76659203800,4997621430000,37019418,KSQ
11,000250,KR7000250001,삼천당제약,KOSDAQ,중견기업부,199000,2,-5500,-2.69,202000,210000,194300,106432,21345878400,4668036928000,23457472,KSQ
12,319660,KR7319660007,피에스케이,KOSDAQ,우량기업부,160300,2,-10500,-6.15,170900,185300,150300,705450,114743446350,4643364254200,28966714,KSQ
13,039030,KR7039030002,이오테크닉스,KOSDAQ,우량기업부,368000,2,-29500,-7.42,389000,406500,361000,96328,36584949000,4533594400000,12319550,KSQ
14,087010,KR7087010005,펩트론,KOSDAQ,기술성장기업부,180300,2,-7400,-3.94,185400,198900,175800,115841,21743311500,4204118205000,23317350,KSQ
15,222800,KR7222800005,심텍,KOSDAQ GLOBAL,중견기업부,108600,2,-9900,-8.35,117200,123700,104400,821769,91071767600,4068582906600,37463931,KSQ
16,347850,KR7347850000,디앤디파마텍,KOSDAQ,기술성장기업부,85100,1,9200,12.12,73000,91900,72600,3849324,334229372100,3779618379700,44413847,KSQ
17,214370,KR7214370009,케어젠,KOSDAQ,벤처기업부,66300,1,1000,1.53,66500,72200,64500,90576,6217507050,3561304500000,53715000,KSQ
18,214450,KR7214450009,파마리서치,KOSDAQ GLOBAL,우량기업부,339500,1,25500,8.12,311000,354500,310000,275984,93950378000,3527285496000,10389648,KSQ
19,440110,KR7440110005,파두,KOSDAQ,기술성장기업부,70200,2,-2400,-3.31,70500,75100,68100,460174,32446159350,3517120175400,50101427,KSQ
20,403870,KR7403870009,HPSP,KOSDAQ GLOBAL,우량기업부,41550,2,-2950,-6.63,44100,45600,40650,2815071,120712239725,3419565000000,82300000,KSQ
21,084370,KR7084370006,유진테크,KOSDAQ,우량기업부,147200,2,-10300,-6.54,159300,167500,141700,214371,32248843100,3373241382400,22916042,KSQ
22,095340,KR7095340006,ISC,KOSDAQ,우량기업부,151300,2,-1400,-0.92,151300,155000,146600,261381,39076563400,3207114875400,21197058,KSQ
23,310210,KR7310210000,보로노이,KOSDAQ,기술성장기업부,172800,1,1800,1.05,167100,180800,165000,56942,9990976050,3183139987200,18420949,KSQ
24,214150,KR7214150005,클래시스,KOSDAQ GLOBAL,우량기업부,47350,1,1950,4.3,45300,48850,45050,252199,11970721825,3088908453650,65235659,KSQ
25,108490,KR7108490004,로보티즈,KOSDAQ,기술성장기업부,210000,2,-15500,-6.87,221000,231500,202000,137188,29227983000,3078815880000,14661028,KSQ
26,145020,KR7145020004,휴젤,KOSDAQ,우량기업부,247000,1,1500,0.61,243500,257500,242500,61452,15318075500,3039096151000,12304033,KSQ
27,178320,KR7178320008,서진시스템,KOSDAQ,중견기업부,45750,2,-1200,-2.56,47000,48350,44600,740104,34070034425,2912021217750,63650737,KSQ
28,080220,KR7080220007,제주반도체,KOSDAQ,우량기업부,82900,2,-6400,-7.17,87100,90900,79600,1443320,120709151900,2855310855700,34442833,KSQ
29,095610,KR7095610002,테스,KOSDAQ GLOBAL,우량기업부,143200,2,-17200,-10.72,157300,165000,137100,704331,101231439650,2772352000000,19360000,KSQ
30,031980,KR7031980006,피에스케이홀딩스,KOSDAQ,우량기업부,128400,1,1200,0.94,125100,138000,123100,221457,28592779900,2768611518000,21562395,KSQ
31,226950,KR7226950004,올릭스,KOSDAQ GLOBAL,기술성장기업부,132600,2,-2400,-1.78,137000,147900,128900,322830,44534556500,2694761245800,20322483,KSQ
32,237690,KR7237690003,에스티팜,KOSDAQ GLOBAL,우량기업부,128200,1,3700,2.97,124500,133300,123300,145493,18857378200,2675885011600,20872738,KSQ
33,131290,KR7131290009,티에스이,KOSDAQ,우량기업부,232000,2,-12500,-5.11,240000,252250,223000,92778,21595956250,2566251528000,11061429,KSQ
34,064760,KR7064760002,티씨케이,KOSDAQ GLOBAL,우량기업부,229500,2,-9500,-3.97,235500,256500,215000,50095,11668245750,2565675972000,11179416,KSQ
35,319400,KR7319400008,현대무벡스,KOSDAQ,우량기업부,22750,2,-50,-0.22,22300,24050,21750,1030278,23388576925,2533804887250,111376039,KSQ
36,257720,KR7257720003,실리콘투,KOSDAQ,우량기업부,38550,1,1250,3.35,37250,40350,36400,1040728,40592810125,2527964514600,65576252,KSQ
37,067310,KR7067310003,하나마이크론,KOSDAQ,중견기업부,37150,2,-1850,-4.74,38250,40450,36250,1622849,61164035200,2469747825900,66480426,KSQ
38,357780,KR7357780006,솔브레인,KOSDAQ GLOBAL,우량기업부,304000,2,-10500,-3.34,308500,323000,298000,45000,13831588750,2364684064000,7778566,KSQ
39,005290,KR7005290002,동진쎄미켐,KOSDAQ,우량기업부,46300,2,-2750,-5.61,48250,49500,45000,434802,20277064150,2359916833800,50970126,KSQ
40,263750,KR7263750002,펄어비스,KOSDAQ,우량기업부,37200,1,800,2.2,36200,38050,36100,310055,11501857975,2337793452000,62843910,KSQ
41,290650,KR7290650001,엘앤씨바이오,KOSDAQ,우량기업부,79600,1,1400,1.79,77000,82900,76100,220202,17529868800,2146788438400,26969704,KSQ
42,089970,KR7089970008,브이엠,KOSDAQ,우량기업부,86300,2,-11000,-11.31,95700,101000,81500,910876,79422439400,2137823168500,24771995,KSQ
43,131970,KR7131970006,두산테스나,KOSDAQ GLOBAL,우량기업부,103300,2,-3500,-3.28,109800,114600,98800,300020,31994600000,1996503685400,19327238,KSQ
44,035900,KR7035900000,JYP Ent.,KOSDAQ GLOBAL,우량기업부,54200,1,300,0.56,53200,56500,52700,229307,12598850450,1925861066400,35532492,KSQ
45,041510,KR7041510009,에스엠,KOSDAQ GLOBAL,우량기업부,81700,1,4500,5.83,76500,83500,75500,243005,19898148550,1870496173000,22894690,KSQ
46,032820,KR7032820003,우리기술,KOSDAQ,벤처기업부,10850,2,-800,-6.87,11600,11600,10510,1830966,19932946180,1861916268100,171605186,KSQ
47,140860,KR7140860008,파크시스템스,KOSDAQ GLOBAL,우량기업부,264000,2,-8000,-2.94,269000,278000,253000,26043,6884137750,1848651816000,7002469,KSQ
48,068760,KR7068760008,셀트리온제약,KOSDAQ,우량기업부,41400,1,50,0.12,40800,43100,40550,79860,3343405125,1838256544800,44402332,KSQ
49,098460,KR7098460009,고영,KOSDAQ,우량기업부,26950,2,-1500,-5.27,27850,29250,26050,860530,23623273100,1838103540350,68204213,KSQ
50,420770,KR7420770000,기가비스,KOSDAQ,우량기업부,140700,2,-10800,-7.13,150000,157200,130000,200422,27560858600,1783479150600,12675758,KSQ
51,140410,KR7140410002,메지온,KOSDAQ,투자주의환기종목(소속부없음),57600,2,-2100,-3.52,59000,61200,55900,161188,9335392550,1750588819200,30392167,KSQ
52,010170,KR7010170009,대한광통신,KOSDAQ,중견기업부,11000,2,-330,-2.91,11180,11500,10480,6161417,67219525715,1710342260000,155485660,KSQ
53,0009K0,KR70009K0001,에임드바이오,KOSDAQ,기술성장기업부,25450,1,750,3.04,24750,26900,24500,221882,5731762175,1645881047450,64671161,KSQ
54,058610,KR7058610007,에스피지,KOSDAQ,우량기업부,71300,2,-4600,-6.06,74100,76600,69100,92189,6643331100,1581245768000,22177360,KSQ
55,082920,KR7082920000,비츠로셀,KOSDAQ GLOBAL,우량기업부,34750,2,-1250,-3.47,34900,35900,33750,347914,12008668275,1575546825750,45339477,KSQ
56,089030,KR7089030001,테크윙,KOSDAQ,중견기업부,41650,2,-4450,-9.65,44500,46550,40950,1230120,52867488450,1543284314250,37053645,KSQ
57,083650,KR7083650002,비에이치아이,KOSDAQ,우량기업부,49550,2,-2250,-4.34,51400,51600,48050,150243,7428080650,1533293781250,30944375,KSQ
58,096530,KR7096530001,씨젠,KOSDAQ GLOBAL,우량기업부,29250,1,200,0.69,28550,29800,28550,207400,6074629375,1527610324500,52225994,KSQ
59,007390,KR7007390008,네이처셀,KOSDAQ,중견기업부,22850,1,450,2.01,22400,23600,21750,247554,5600056375,1472341029600,64435056,KSQ
60,183300,KR7183300003,코미코,KOSDAQ,우량기업부,71200,2,-6400,-8.25,75700,79800,68300,164266,11860131650,1462826072000,20545310,KSQ
61,218410,KR7218410009,RFHIC,KOSDAQ,우량기업부,54200,2,-3700,-6.39,56800,59000,53000,292566,16089182350,1439196556400,26553442,KSQ
62,030530,KR7030530000,원익홀딩스,KOSDAQ,중견기업부,18000,2,-760,-4.05,18000,19320,17590,507655,9292894210,1390283658000,77237981,KSQ
63,043260,KR7043260009,성호전자,KOSDAQ,우량기업부,19340,2,-1910,-8.99,20650,21600,19010,1819171,36022048465,1383897797640,71556246,KSQ
64,060370,KR7060370004,LS마린솔루션,KOSDAQ,우량기업부,25800,2,-750,-2.82,26050,26700,25350,103493,2692209125,1347762433200,52238854,KSQ
65,458870,KR7458870003,씨어스,KOSDAQ,기술성장기업부,34850,1,300,0.87,34950,35950,34100,168491,5913283200,1326381939000,38059740,KSQ
66,127120,KR7127120004,제이에스링크,KOSDAQ,벤처기업부,37350,1,450,1.22,39450,40000,35500,238807,9072467275,1297590617700,34741382,KSQ
67,078600,KR7078600004,대주전자재료,KOSDAQ,우량기업부,81200,2,-4400,-5.14,84800,87700,79100,148286,12136673300,1275176005600,15704138,KSQ
68,039200,KR7039200001,오스코텍,KOSDAQ,벤처기업부,32950,2,-450,-1.35,33000,35100,32400,238930,7999030125,1260606899200,38258176,KSQ
69,323280,KR7323280008,태성,KOSDAQ,중견기업부,38400,2,-100,-0.26,40050,43250,38050,426970,17212427575,1172658432000,30537980,KSQ
70,195940,KR7195940002,HK이노엔,KOSDAQ GLOBAL,우량기업부,41300,1,350,0.85,40400,42050,40400,100357,4145718925,1170024498300,28329891,KSQ
71,003380,KR7003380003,하림지주,KOSDAQ GLOBAL,우량기업부,10030,2,-50,-0.5,10050,10320,9830,488239,4909026995,1123416378630,112005621,KSQ
72,475830,KR7475830006,오름테라퓨틱,KOSDAQ,기술성장기업부,50000,2,-800,-1.57,50100,53600,48850,90616,4646560400,1085979500000,21719590,KSQ
73,347700,KR7347700007,스피어,KOSDAQ,기술성장기업부,20550,2,-3950,-16.12,23500,24000,20050,1994899,41755498475,1059380489100,51551362,KSQ
74,031330,KR7031330004,에스에이엠티,KOSDAQ,우량기업부,10570,2,-680,-6.04,11000,11370,10180,795715,8452061025,1056947858190,99995067,KSQ
75,437730,KR7437730005,삼현,KOSDAQ,기술성장기업부,33200,2,-3800,-10.27,35950,37250,31700,78660,2715463200,1052691224400,31707567,KSQ
76,166090,KR7166090001,하나머티리얼즈,KOSDAQ,우량기업부,51500,2,-3600,-6.53,54500,56000,50200,184434,9677812900,1018550211000,19777674,KSQ
77,101490,KR7101490001,에스앤에스텍,KOSDAQ GLOBAL,우량기업부,46400,2,-2050,-4.23,47500,49650,45200,179073,8416885625,989938385600,21334879,KSQ
78,085660,KR7085660009,차바이오텍,KOSDAQ,중견기업부,10320,2,-160,-1.53,10490,10710,10050,272215,2813619185,959479770720,92972846,KSQ
79,491000,KR7491000006,리브스메드,KOSDAQ,기술성장기업부,36900,1,2400,6.96,34500,39000,33600,235843,8813493250,922662027900,25004391,KSQ
80,204270,KR7204270003,제이앤티씨,KOSDAQ,중견기업부,15640,2,-500,-3.1,16140,17450,15240,466927,7604169035,904750008240,57848466,KSQ
81,232140,KR7232140004,와이씨,KOSDAQ,우량기업부,10950,2,-730,-6.25,11670,11890,10740,431024,4849752325,898396582500,82045350,KSQ
82,241710,KR7241710003,코스메카코리아,KOSDAQ GLOBAL,우량기업부,83800,1,1200,1.45,82000,90600,81500,151903,13089618700,894984000000,10680000,KSQ
83,038500,KR7038500005,삼표시멘트,KOSDAQ GLOBAL,우량기업부,8210,2,-130,-1.56,8650,8750,8030,976129,8206573330,885992872260,107916306,KSQ
84,099320,KR7099320004,쎄트렉아이,KOSDAQ,우량기업부,80900,2,-9400,-10.41,86500,90000,78400,63284,5179467250,885958390200,10951278,KSQ
85,100790,KR7100790005,미래에셋벤처투자,KOSDAQ,우량기업부,16640,2,-780,-4.48,17010,17690,16000,445913,7466221725,883926417920,53120578,KSQ
86,417200,KR7417200003,LS머트리얼즈,KOSDAQ,중견기업부,13030,2,-510,-3.77,13260,13750,12730,517581,6819159710,881514146770,67652659,KSQ
87,086450,KR7086450004,동국제약,KOSDAQ GLOBAL,우량기업부,19390,1,270,1.41,18810,19810,18770,267973,5198247620,877017843800,45230420,KSQ
88,281740,KR7281740001,레이크머티리얼즈,KOSDAQ,우량기업부,12930,2,-180,-1.37,12900,13830,12670,317551,4175908495,849895985640,65730548,KSQ
89,019210,KR7019210004,와이지-원,KOSDAQ,우량기업부,22800,2,-3900,-14.61,25300,25600,21250,1547884,35202756900,848016998400,37193728,KSQ
90,090710,KR7090710005,휴림로봇,KOSDAQ,중견기업부,7020,2,-260,-3.57,7180,7420,6850,1301159,9194440235,839304383580,119559029,KSQ
91,036540,KR7036540003,SFA반도체,KOSDAQ,중견기업부,5090,2,-150,-2.86,5200,5510,4965,1711487,8921938037,837102942270,164460303,KSQ
92,388720,KR7388720005,유일로보틱스,KOSDAQ,벤처기업부,70300,2,-2200,-3.03,71000,73200,69500,28213,2011614350,828228553500,11781345,KSQ
93,293490,KR7293490009,카카오게임즈,KOSDAQ GLOBAL,중견기업부,7690,2,-30,-0.39,7630,7930,7550,301383,2318114510,824716087850,107245265,KSQ
94,122870,KR7122870009,와이지엔터테인먼트,KOSDAQ GLOBAL,우량기업부,44100,1,550,1.26,42850,46250,42500,123665,5532506925,824275260900,18691049,KSQ
95,328130,KR7328130000,루닛,KOSDAQ,기술성장기업부,11060,2,-60,-0.54,11000,11910,10770,396632,4504290580,823507470800,74458180,KSQ
96,083450,KR7083450007,GST,KOSDAQ,우량기업부,44550,2,-2450,-5.21,46250,48200,42850,168672,7509727825,821056500000,18430000,KSQ
97,074600,KR7074600008,원익QnC,KOSDAQ,우량기업부,30500,2,-650,-2.09,30500,33200,29400,284033,8757950100,801784000000,26288000,KSQ
98,065350,KR7065350001,신성델타테크,KOSDAQ,우량기업부,28800,2,-800,-2.7,33950,35000,27900,657948,20794708125,791537702400,27483948,KSQ
99,137400,KR7137400008,피엔티,KOSDAQ GLOBAL,우량기업부,33100,2,-1150,-3.36,34350,34800,32500,111677,3732705150,784163096800,23690728,KSQ
100,056190,KR7056190002,SFA,KOSDAQ GLOBAL,우량기업부,21750,2,-850,-3.76,22600,23000,21200,63145,1387068125,781015530000,35908760,KSQ
101,115180,KR7115180002,큐리언트,KOSDAQ,벤처기업부,20200,2,-50,-0.25,20250,21800,19620,72135,1475260435,757722220200,37511001,KSQ
102,041830,KR7041830001,인바디,KOSDAQ,우량기업부,55700,2,-2500,-4.3,58500,62700,55100,145017,8431747800,750885127400,13480882,KSQ
103,033100,KR7033100009,제룡전기,KOSDAQ GLOBAL,우량기업부,46500,2,-3250,-6.53,48800,49550,45100,155184,7295483325,746902018500,16062409,KSQ
104,161580,KR7161580006,필옵틱스,KOSDAQ,중견기업부,31800,2,-400,-1.24,32000,33750,31250,127913,4146436125,745463454600,23442247,KSQ
105,388210,KR7388210007,씨엠티엑스,KOSDAQ,벤처기업부,76400,2,-5600,-6.83,82000,83300,74300,47296,3659118400,737599063200,9654438,KSQ
106,189300,KR7189300007,인텔리안테크,KOSDAQ,우량기업부,68500,2,-4300,-5.91,70600,72800,66700,79048,5485995700,735518544500,10737497,KSQ
107,445680,KR7445680002,큐리옥스바이오시스템즈,KOSDAQ,기술성장기업부,42500,1,350,0.83,42200,44750,41000,66816,2857609725,731138337500,17203255,KSQ
108,213420,KR7213420003,덕산네오룩스,KOSDAQ,우량기업부,29250,2,-1250,-4.1,30200,31100,28850,188823,5561601250,726311985750,24831179,KSQ
109,035760,KR7035760008,CJ ENM,KOSDAQ GLOBAL,중견기업부,32900,1,950,2.97,32200,34100,31950,79483,2636989250,721469166600,21929154,KSQ
110,006730,KR7006730006,서부T&D,KOSDAQ GLOBAL,우량기업부,11110,1,730,7.03,10250,11270,10120,1027449,11298538590,714116614530,64276923,KSQ
111,036830,KR7036830008,솔브레인홀딩스,KOSDAQ GLOBAL,우량기업부,34550,2,-1550,-4.29,36200,37050,33900,45997,1632353225,708412543550,20503981,KSQ
112,048410,KR7048410005,현대바이오,KOSDAQ,중견기업부,7340,2,-220,-2.91,7570,7870,7100,730622,5428739845,708350898480,96505572,KSQ
113,032190,KR7032190001,다우데이타,KOSDAQ,우량기업부,18320,2,-740,-3.88,19060,19240,17910,61883,1147219155,701656000000,38300000,KSQ
114,397030,KR7397030008,에이프릴바이오,KOSDAQ,기술성장기업부,29900,2,-700,-2.29,30400,31800,28850,228410,6892155925,700073397400,23413826,KSQ
115,090360,KR7090360009,로보스타,KOSDAQ,중견기업부,71700,2,-4700,-6.15,74500,77000,69600,105409,7623594500,699075000000,9750000,KSQ
116,253450,KR7253450001,스튜디오드래곤,KOSDAQ GLOBAL,우량기업부,23050,1,1200,5.49,21900,23750,21550,69711,1597189325,692848378900,30058498,KSQ
117,094170,KR7094170008,동운아나텍,KOSDAQ,우량기업부,33050,1,600,1.85,32650,34250,32300,118647,3939511375,691073384800,20909936,KSQ
118,014620,KR7014620009,성광벤드,KOSDAQ GLOBAL,우량기업부,25850,2,-950,-3.54,26500,27100,25150,145099,3792773500,686507859400,26557364,KSQ
119,252990,KR7252990007,샘씨엔에스,KOSDAQ,우량기업부,11280,2,-670,-5.61,11800,12090,10900,690288,7819771400,679257787920,60217889,KSQ
120,032500,KR7032500001,케이엠더블유,KOSDAQ,중견기업부,15990,2,-250,-1.54,16930,17300,15330,253469,4090278925,674645298990,42191701,KSQ
121,356860,KR7356860007,티엘비,KOSDAQ,우량기업부,68200,2,-2600,-3.67,70100,73000,65500,122554,8402921700,670585366000,9832630,KSQ
122,466100,KR7466100005,클로봇,KOSDAQ,기술성장기업부,26250,2,-750,-2.78,26100,27500,25350,160217,4192349725,668305023750,25459239,KSQ
123,490470,KR7490470002,세미파이브,KOSDAQ,기술성장기업부,19440,2,-310,-1.57,20600,21450,18900,491450,9835303020,661454553600,34025440,KSQ
124,052400,KR7052400009,코나아이,KOSDAQ GLOBAL,우량기업부,44500,2,-1400,-3.05,45200,47750,43250,55551,2516448050,648066449500,14563291,KSQ
125,112040,KR7112040001,위메이드,KOSDAQ,중견기업부,18580,2,-1220,-6.16,19760,20150,18150,348818,6613513105,630762814140,33948483,KSQ
126,295310,KR7295310007,에이치브이엠,KOSDAQ,기술성장기업부,51400,2,-2300,-4.28,52400,53000,49500,133746,6763619600,619194263400,12046581,KSQ
127,093320,KR7093320000,케이아이엔엑스,KOSDAQ,우량기업부,126300,1,1100,0.88,124900,129000,124100,10948,1373634050,616344000000,4880000,KSQ
128,023160,KR7023160005,태광,KOSDAQ GLOBAL,우량기업부,23450,2,-550,-2.29,23300,23900,22750,175321,4074690225,606586824900,25867242,KSQ
129,050890,KR7050890003,쏠리드,KOSDAQ,우량기업부,9960,2,-290,-2.83,10160,10440,9710,816359,8181406660,605135078640,60756534,KSQ
130,222080,KR7222080004,SFA넥셀,KOSDAQ GLOBAL,우량기업부,7770,2,-310,-3.84,7880,8250,7660,573484,4508569850,604351718880,77780144,KSQ
131,053800,KR7053800009,안랩,KOSDAQ,우량기업부,54200,1,300,0.56,54000,55600,53300,24269,1320909500,603056625200,11126506,KSQ
132,126340,KR7126340009,비나텍,KOSDAQ,벤처기업부,83900,1,6400,8.26,80200,84000,76600,156626,12493365900,602436734600,7180414,KSQ
133,064290,KR7064290000,인텍플러스,KOSDAQ,중견기업부,46650,2,-1600,-3.32,47000,51500,44400,533369,25142334525,600739013700,12877578,KSQ
134,122640,KR7122640006,예스티,KOSDAQ,벤처기업부,27750,2,-2500,-8.26,30050,30800,27000,557115,15745027925,599007837000,21585868,KSQ
135,456160,KR7456160001,지투지바이오,KOSDAQ,기술성장기업부,35600,3,0,0.0,35400,37250,34700,126811,4562205850,592007565600,16629426,KSQ
136,376900,KR7376900007,로킷헬스케어,KOSDAQ,기술성장기업부,37250,2,-1250,-3.25,37800,39300,35900,106574,3969988050,591298640250,15873789,KSQ
137,225570,KR7225570001,넥슨게임즈,KOSDAQ,중견기업부,8790,1,50,0.57,8600,8980,8600,107233,945384680,578910929460,65860174,KSQ
138,383310,KR7383310000,에코프로에이치엔,KOSDAQ,우량기업부,27550,2,-450,-1.61,28000,28550,26550,133446,3651420100,577859376600,20974932,KSQ
139,251970,KR7251970000,펌텍코리아,KOSDAQ GLOBAL,우량기업부,46450,1,3250,7.52,43600,46850,42850,141494,6377467525,575980000000,12400000,KSQ
140,121600,KR7121600001,나노신소재,KOSDAQ,우량기업부,46850,2,-650,-1.37,47800,49200,45750,57875,2732981325,574483648350,12262191,KSQ
141,053610,KR7053610002,프로텍,KOSDAQ,우량기업부,63700,2,-4600,-6.73,67000,69900,61600,37937,2442565750,573300000000,9000000,KSQ
142,102940,KR7102940004,코오롱생명과학,KOSDAQ,중견기업부,43400,1,700,1.64,41250,44800,41250,26854,1165096050,568132170200,13090603,KSQ
143,399720,KR7399720002,가온칩스,KOSDAQ,벤처기업부,47750,1,6250,15.06,50500,52450,44600,1107975,54034165750,565304801000,11838844,KSQ
144,041960,KR7041960006,코미팜,KOSDAQ,벤처기업부,7640,2,-160,-2.05,7800,7900,7480,128265,976872220,564492821800,73886495,KSQ
145,067160,KR7067160002,SOOP,KOSDAQ GLOBAL,우량기업부,49050,1,400,0.82,48700,50400,48050,43274,2135560200,563818321350,11494767,KSQ
146,358570,KR7358570000,지아이이노베이션,KOSDAQ,기술성장기업부,8730,1,90,1.04,8720,9320,8500,405365,3575937565,563224732380,64516006,KSQ
147,046890,KR7046890000,서울반도체,KOSDAQ GLOBAL,중견기업부,9650,2,-300,-3.02,9710,9970,9460,352431,3417643005,562647110000,58305400,KSQ
148,044490,KR7044490001,태웅,KOSDAQ,우량기업부,28000,1,300,1.08,27100,28200,26600,65650,1787767500,560206668000,20007381,KSQ
149,102710,KR7102710001,이엔에프테크놀로지,KOSDAQ,우량기업부,39100,2,-1650,-4.05,40000,41200,38400,75850,2983025425,558654387600,14287836,KSQ
150,160190,KR7160190005,하이젠알앤엠,KOSDAQ,투자주의환기종목(소속부없음),18080,2,-1290,-6.66,19370,19490,17500,65550,1194587005,558455040000,30888000,KSQ
151,037460,KR7037460003,삼지전자,KOSDAQ,우량기업부,33900,2,-1100,-3.14,36000,36600,33200,114612,3953030025,553197895800,16318522,KSQ
152,376300,KR7376300000,디어유,KOSDAQ,우량기업부,23000,1,800,3.6,21950,23700,21900,69516,1600692800,545983338000,23738406,KSQ
153,086900,KR7086900008,메디톡스,KOSDAQ,우량기업부,74800,2,-1300,-1.71,74600,77400,74000,23885,1798423600,545927575600,7298497,KSQ
154,171090,KR7171090004,선익시스템,KOSDAQ,우량기업부,54000,1,200,0.37,53200,55500,51600,39916,2125512700,545541804000,10102626,KSQ
155,045100,KR7045100005,한양이엔지,KOSDAQ,우량기업부,31050,2,-1100,-3.42,31800,32150,30100,116896,3609761600,543375000000,17500000,KSQ
156,052020,KR7052020005,에스티큐브,KOSDAQ,투자주의환기종목(소속부없음),7950,2,-140,-1.73,8100,8180,7730,185787,1463385045,540467163450,67983291,KSQ
157,476060,KR7476060009,온코닉테라퓨틱스,KOSDAQ,기술성장기업부,11730,2,-220,-1.84,11710,12340,11420,248679,2948412600,532633963200,45407840,KSQ
158,059090,KR7059090001,미코,KOSDAQ,벤처기업부,15580,2,-650,-4.0,16010,16510,15250,231219,3640128270,520633401240,33416778,KSQ
159,336570,KR7336570007,원텍,KOSDAQ,우량기업부,5810,1,10,0.17,5670,6060,5670,832443,4906222810,520463553260,89580646,KSQ
160,211050,KR7211050000,인카금융서비스,KOSDAQ,우량기업부,10410,1,10,0.1,10230,10680,10230,148916,1550820745,512834669370,49263657,KSQ
161,033500,KR7033500000,동성화인텍,KOSDAQ,우량기업부,17050,2,-470,-2.68,17100,17470,16730,128684,2192845055,511320872700,29989494,KSQ
162,060250,KR7060250008,NHN KCP,KOSDAQ,우량기업부,12700,2,-260,-2.01,12960,13310,12400,189913,2437092340,510039759700,40160611,KSQ
163,389470,KR7389470006,인벤티지랩,KOSDAQ,기술성장기업부,38100,1,550,1.46,37400,40800,37000,56655,2186425150,507023674800,13307708,KSQ
164,348370,KR7348370008,엔켐,KOSDAQ,중견기업부,23100,2,-750,-3.14,23500,24625,22600,92120,2161646975,506143938300,21910993,KSQ
165,035890,KR7035890003,서희건설,KOSDAQ,중견기업부,2180,2,-80,-3.54,2215,2260,2100,583165,1268291678,500982436260,229808457,KSQ
166,174900,KR7174900001,앱클론,KOSDAQ,벤처기업부,25100,2,-550,-2.14,25650,26550,24400,125785,3175963425,500798437900,19952129,KSQ
167,027360,KR7027360007,아주IB투자,KOSDAQ,중견기업부,4125,2,-215,-4.95,4305,4365,4050,914356,3810136217,499724799750,121145406,KSQ
168,056080,KR7056080005,유진로봇,KOSDAQ,중견기업부,13040,2,-560,-4.12,13600,14070,12790,177962,2380792455,498590737440,38235486,KSQ
169,082270,KR7082270000,젬백스,KOSDAQ,벤처기업부,11150,2,-210,-1.85,11290,11780,10810,188836,2115982980,493601613450,44269203,KSQ
170,124500,KR7124500000,아이티센글로벌,KOSDAQ,우량기업부,21100,2,-800,-3.65,21900,22250,20450,157091,3321415150,489615519700,23204527,KSQ
171,476830,KR7476830005,알지노믹스,KOSDAQ,기술성장기업부,34900,2,-2650,-7.06,37200,38750,33900,336388,12200116125,489567358200,14027718,KSQ
172,033790,KR7033790007,피노,KOSDAQ,중견기업부,5870,2,-270,-4.4,6090,6250,5610,339624,2009442460,489099476690,83321887,KSQ
173,036810,KR7036810000,에프에스티,KOSDAQ,중견기업부,22100,2,-1150,-4.95,22500,24350,21550,129076,2920894675,478460336900,21649789,KSQ
174,033640,KR7033640004,네패스,KOSDAQ,중견기업부,20700,2,-600,-2.82,21100,22650,20050,150967,3177461775,477325481400,23059202,KSQ
175,009520,KR7009520008,포스코엠텍,KOSDAQ GLOBAL,중견기업부,11410,2,-440,-3.71,11720,12020,11140,151467,1751021620,475143241230,41642703,KSQ
176,015750,KR7015750003,성우하이텍,KOSDAQ,우량기업부,5920,2,-210,-3.43,6100,6170,5820,286170,1703390065,473600000000,80000000,KSQ
177,170920,KR7170920003,엘티씨,KOSDAQ,벤처기업부,44750,2,-4400,-8.95,49000,50100,43300,260885,11934634000,472744638500,10564126,KSQ
178,365340,KR7365340009,성일하이텍,KOSDAQ,기술성장기업부,36400,2,-1900,-4.96,38000,38950,35550,36635,1343502375,470328586000,12921115,KSQ
179,034950,KR7034950006,한국기업평가,KOSDAQ,우량기업부,103200,1,200,0.19,104000,104500,102400,2677,276672000,468581044800,4540514,KSQ
180,475960,KR7475960001,토모큐브,KOSDAQ,기술성장기업부,35000,1,1750,5.26,33200,35650,32650,58131,1987690850,468414590000,13383274,KSQ
181,119850,KR7119850006,지엔씨에너지,KOSDAQ,우량기업부,28350,2,-1300,-4.38,29000,29250,26700,328412,9231066425,466326570150,16448909,KSQ
182,425420,KR7425420007,티에프이,KOSDAQ,우량기업부,37650,1,300,0.8,36800,39600,36200,140336,5304752025,464871364650,12347181,KSQ
183,372320,KR7372320002,큐로셀,KOSDAQ,기술성장기업부,30350,2,-1500,-4.71,30900,32250,30000,58033,1793844200,462106611300,15225918,KSQ
184,104830,KR7104830005,원익머트리얼즈,KOSDAQ,우량기업부,36200,2,-1400,-3.72,37500,37850,35750,97205,3555454050,456409600000,12608000,KSQ
185,099190,KR7099190001,아이센스,KOSDAQ,중견기업부,15740,2,-10,-0.06,15400,16100,15140,30147,472528640,452640043660,28757309,KSQ
186,101160,KR7101160000,월덱스,KOSDAQ,우량기업부,27400,2,-1350,-4.7,29000,29650,26850,116209,3244039275,452401208200,16510993,KSQ
187,214430,KR7214430001,아이쓰리시스템,KOSDAQ,우량기업부,61600,2,-1000,-1.6,59400,63800,59400,26395,1622684950,450124444000,7307215,KSQ
188,340570,KR7340570001,티앤엘,KOSDAQ,우량기업부,54900,1,2200,4.17,51600,56300,51600,81144,4435758500,446227200000,8128000,KSQ
189,272290,KR7272290008,이녹스첨단소재,KOSDAQ GLOBAL,우량기업부,22250,2,-750,-3.26,22800,23450,21700,102625,2303609700,443609575250,19937509,KSQ
190,089890,KR7089890008,코세스,KOSDAQ,우량기업부,26450,2,-800,-2.94,25750,27250,25400,176622,4600711800,438672244900,16584962,KSQ
191,477850,KR7477850002,마키나락스,KOSDAQ,기술성장기업부,24450,2,-5950,-19.57,29000,30000,22800,4782076,127315237700,434103295200,17754736,KSQ
192,030520,KR7030520001,한글과컴퓨터,KOSDAQ,우량기업부,17920,2,-920,-4.88,18770,19120,17640,82788,1516821055,433301012480,24179744,KSQ
193,253590,KR7253590004,네오셈,KOSDAQ,우량기업부,9820,2,-300,-2.96,9890,10370,9600,312896,3094852465,430795190480,43869164,KSQ
194,079940,KR7079940003,가비아,KOSDAQ,우량기업부,31850,1,1050,3.41,31350,32500,31000,13122,417306650,427448785400,13420684,KSQ
195,348210,KR7348210006,넥스틴,KOSDAQ,우량기업부,40700,2,-3100,-7.08,43000,44500,39900,81465,3393501250,426414103500,10477005,KSQ
196,278280,KR7278280003,천보,KOSDAQ,중견기업부,34800,2,-1650,-4.53,36550,37550,34300,29813,1065159050,426405270000,12253025,KSQ
197,078130,KR7078130002,국일제지,KOSDAQ,중견기업부,3765,2,-115,-2.96,3765,3865,3680,108414,407409740,424468310055,112740587,KSQ
198,215200,KR7215200007,메가스터디교육,KOSDAQ,우량기업부,40850,1,400,0.99,41050,41900,40150,23144,952846450,423419073600,10365216,KSQ
199,018290,KR7018290007,브이티,KOSDAQ,우량기업부,12090,1,200,1.68,11800,12670,11770,170887,2085836320,422446821420,34941838,KSQ
200,200710,KR7200710002,에이디테크놀로지,KOSDAQ,중견기업부,31250,1,950,3.14,32000,33150,30000,604465,18960794900,420687718750,13462007,KSQ
201,460930,KR7460930001,현대힘스,KOSDAQ,우량기업부,11840,2,-560,-4.52,11970,12080,11570,121257,1433683355,420446344640,35510671,KSQ
202,368770,KR7368770004,파이버프로,KOSDAQ,벤처기업부,12740,2,-510,-3.85,13100,13640,12410,122840,1576495015,418562826500,32854225,KSQ
203,486990,KR7486990005,노타,KOSDAQ,기술성장기업부,19590,2,-1360,-6.49,20600,21100,19290,130421,2596724210,418172645700,21346230,KSQ
204,439960,KR7439960006,코스모로보틱스,KOSDAQ,기술성장기업부,12850,2,-730,-5.38,13220,14150,12500,540789,7148138825,416990544100,32450626,KSQ
205,042000,KR7042000000,카페24,KOSDAQ,우량기업부,17040,2,-390,-2.24,17440,18100,16710,62688,1083634750,411995999760,24178169,KSQ
206,348340,KR7348340001,뉴로메카,KOSDAQ,기술성장기업부,33050,2,-1200,-3.5,34000,35250,32300,96466,3234313700,410122440550,12409151,KSQ
207,290550,KR7290550003,디케이티,KOSDAQ,우량기업부,20350,2,-700,-3.33,20750,21400,19390,380477,7686401170,407025030500,20001230,KSQ
208,025320,KR7025320003,시노펙스,KOSDAQ,우량기업부,4385,2,-105,-2.34,4460,4575,4300,842092,3698358466,404132356405,92162453,KSQ
209,039440,KR7039440003,에스티아이,KOSDAQ,우량기업부,26050,2,-600,-2.25,26200,28000,25100,121359,3158116075,403958574350,15507047,KSQ
210,330860,KR7330860008,네패스아크,KOSDAQ,중견기업부,33150,1,500,1.53,32550,35800,32000,162707,5428357100,403901091750,12184045,KSQ
211,101730,KR7101730000,위메이드맥스,KOSDAQ,중견기업부,4795,1,375,8.48,4835,5120,4250,2964601,14106984407,401836756370,83803286,KSQ
212,219130,KR7219130002,타이거일렉,KOSDAQ,벤처기업부,63400,1,900,1.44,62500,65200,59600,44098,2711094200,400325986000,6314290,KSQ
213,095660,KR7095660007,네오위즈,KOSDAQ,우량기업부,18500,1,90,0.49,18510,18990,18090,46112,853852410,400274491500,21636459,KSQ
214,327260,KR7327260006,RF머트리얼즈,KOSDAQ,벤처기업부,46500,2,-800,-1.69,45950,49100,45000,116795,5457459975,395023777500,8495135,KSQ
215,047920,KR7047920004,HLB제약,KOSDAQ,기술성장기업부,12030,2,-50,-0.41,12120,12330,11760,56243,679240985,394576252680,32799356,KSQ
216,025980,KR7025980004,아난티,KOSDAQ,우량기업부,3990,1,20,0.5,3900,4285,3890,559271,2232038958,388230950100,97300990,KSQ
217,041190,KR7041190000,우리기술투자,KOSDAQ,우량기업부,4605,2,-165,-3.46,4720,4835,4500,465273,2168780072,386820000000,84000000,KSQ
218,077360,KR7077360006,덕산하이메탈,KOSDAQ,벤처기업부,8470,2,-1030,-10.84,9450,9730,8250,1274651,11223230155,384851406940,45437002,KSQ
219,036620,KR7036620003,감성코퍼레이션,KOSDAQ,우량기업부,4250,1,50,1.19,4200,4590,4165,516975,2238325263,381917512000,89862944,KSQ
220,067630,KR7067630004,HLB생명과학,KOSDAQ,투자주의환기종목(소속부없음),3120,2,-5,-0.16,3165,3190,3055,134117,417715434,380381220960,121917058,KSQ
221,089010,KR7089010003,켐트로닉스,KOSDAQ,우량기업부,22550,2,-500,-2.17,23000,23550,21950,81585,1844363025,378164108850,16770027,KSQ
222,024850,KR7024850000,HLB이노베이션,KOSDAQ,중견기업부,11890,1,40,0.34,11730,12440,11530,83778,1009263125,377549638160,31753544,KSQ
223,144960,KR7144960002,뉴파워프라즈마,KOSDAQ,우량기업부,8490,2,-310,-3.52,8800,9100,8120,874872,7442030880,370950377760,43692624,KSQ
224,287840,KR7287840003,인투셀,KOSDAQ,기술성장기업부,24600,1,1600,6.96,24700,25300,23500,74118,1809284500,369540216000,15021960,KSQ
225,078020,KR7078020005,LS증권,KOSDAQ,우량기업부,6590,2,-220,-3.23,6770,6790,6480,103327,682357130,365621042100,55481190,KSQ
226,042520,KR7042520007,한스바이오메드,KOSDAQ,벤처기업부,25400,1,3100,13.9,22200,26100,21900,511068,12929224500,362238721800,14261367,KSQ
227,003800,KR7003800000,에이스침대,KOSDAQ,우량기업부,32650,1,300,0.93,32100,32750,31700,5807,187342650,362088500000,11090000,KSQ
228,013030,KR7013030002,하이록코리아,KOSDAQ,우량기업부,30550,2,-900,-2.86,31200,31700,30300,19654,605841050,359516799200,11768144,KSQ
229,069080,KR7069080000,웹젠,KOSDAQ GLOBAL,우량기업부,11500,1,30,0.26,11650,11790,11340,72917,843060035,356115612500,30966575,KSQ
230,078160,KR7078160009,메디포스트,KOSDAQ,벤처기업부,9060,2,-100,-1.09,9160,9680,8750,52924,484706830,355193703180,39204603,KSQ
231,168360,KR7168360006,펨트론,KOSDAQ,벤처기업부,16100,2,-1650,-9.3,17350,17930,15650,130338,2156855835,352692621400,21906374,KSQ
232,060280,KR7060280005,큐렉소,KOSDAQ,중견기업부,8520,2,-180,-2.07,8480,8950,8300,155568,1334656155,351533410800,41259790,KSQ
233,241770,KR7241770007,메카로,KOSDAQ,우량기업부,34400,2,-2500,-6.78,36000,37050,33600,24996,867507275,350626816000,10192640,KSQ
234,033160,KR7033160003,엠케이전자,KOSDAQ,중견기업부,14470,2,-870,-5.67,15010,15500,13960,489901,7074426665,350093923020,24194466,KSQ
235,204620,KR7204620009,글로벌텍스프리,KOSDAQ,우량기업부,4930,1,120,2.49,4805,5230,4745,1715869,8619009692,346496816900,70283330,KSQ
236,356680,KR7356680009,엑스게이트,KOSDAQ,벤처기업부,12100,2,-620,-4.87,12400,13150,11770,858707,10613834830,345376253200,28543492,KSQ
237,084110,KR7084110006,휴온스글로벌,KOSDAQ,우량기업부,27200,1,1500,5.84,25800,27350,25650,44391,1173145300,344346886400,12659812,KSQ
238,389650,KR7389650003,넥스트바이오메디컬,KOSDAQ,기술성장기업부,41200,1,800,1.98,39050,42850,39050,49742,2074697275,341024183200,8277286,KSQ
239,006910,KR7006910004,보성파워텍,KOSDAQ,우량기업부,6920,2,-360,-4.95,7160,7330,6750,671388,4691726135,339978382080,49129824,KSQ
240,160980,KR7160980009,싸이맥스,KOSDAQ,우량기업부,30900,2,-5400,-14.88,36150,36800,29850,450988,14403071125,337559108700,10924243,KSQ
241,114810,KR7114810005,한솔아이원스,KOSDAQ,우량기업부,11970,2,-520,-4.16,12290,12730,11680,108590,1304797820,336873792780,28143174,KSQ
242,101930,KR7101930006,인화정공,KOSDAQ,우량기업부,7120,2,-310,-4.17,7350,7350,6890,18275,128822520,325346057520,45694671,KSQ
243,236200,KR7236200002,슈프리마,KOSDAQ,우량기업부,46600,2,-200,-0.43,46750,47750,46100,22183,1039235100,325002892600,6974311,KSQ
244,243070,KR7243070000,휴온스,KOSDAQ,우량기업부,27100,2,-2300,-7.82,28250,28700,27000,13901,387648550,324648921500,11979665,KSQ
245,110990,KR7110990009,디아이티,KOSDAQ,우량기업부,17020,2,-1200,-6.59,17990,18300,16580,83593,1440782660,321678000000,18900000,KSQ
246,493280,KR7493280002,아이엠바이오로직스,KOSDAQ,기술성장기업부,21600,1,700,3.35,20850,22150,20850,77304,1666284700,320469458400,14836549,KSQ
247,078340,KR7078340007,컴투스,KOSDAQ GLOBAL,중견기업부,26250,1,100,0.38,25800,26950,25700,28538,752285000,317396966250,12091313,KSQ
248,036890,KR7036890002,진성티이씨,KOSDAQ,우량기업부,14390,1,330,2.35,13950,14790,13450,67632,973034665,317049444970,22032623,KSQ
249,092730,KR7092730001,네오팜,KOSDAQ,우량기업부,19710,1,1410,7.7,18300,20150,18150,169000,3304664255,315911663190,16027989,KSQ
250,064260,KR7064260003,다날,KOSDAQ,중견기업부,4170,2,-90,-2.11,4205,4330,4080,434031,1816782121,315441555690,75645457,KSQ
251,206650,KR7206650004,유바이오로직스,KOSDAQ,우량기업부,8500,2,-10,-0.12,8500,8780,8330,117418,999883920,312394609500,36752307,KSQ
252,215600,KR7215600008,신라젠,KOSDAQ,중견기업부,2240,2,-50,-2.18,2300,2350,2210,475574,1075932325,310359983360,138553564,KSQ
253,078350,KR7078350006,한양디지텍,KOSDAQ,우량기업부,20300,2,-350,-1.69,20250,21650,19850,108137,2219433405,309460954600,15244382,KSQ
254,265520,KR7265520007,AP시스템,KOSDAQ,우량기업부,20400,2,-450,-2.16,20700,21250,19910,50103,1022598850,307036748400,15050821,KSQ
255,199800,KR7199800004,툴젠,KOSDAQ,기술성장기업부,34100,2,-1200,-3.4,34650,35850,33400,21280,730362250,306819148900,8997629,KSQ
256,482630,KR7482630001,삼양엔씨켐,KOSDAQ,중견기업부,13850,2,-970,-6.55,14760,15050,13290,225768,3161072040,303152678000,21888280,KSQ
257,448900,KR7448900001,한국피아이엠,KOSDAQ,기술성장기업부,49750,2,-3850,-7.18,54000,54900,48350,48900,2477004575,302204235750,6074457,KSQ
258,393890,KR7393890009,더블유씨피,KOSDAQ,기술성장기업부,8920,2,-410,-4.39,9410,9500,8750,173718,1570000950,301880844480,33843144,KSQ
259,125490,KR7125490003,한라캐스트,KOSDAQ,벤처기업부,8200,2,-260,-3.07,8200,8910,7980,339852,2847045060,299319286400,36502352,KSQ
260,091700,KR7091700005,파트론,KOSDAQ,우량기업부,5960,2,-40,-0.67,6010,6110,5920,80515,483475750,298000000000,50000000,KSQ
261,200670,KR7200670008,휴메딕스,KOSDAQ,우량기업부,26450,2,-600,-2.22,26450,27250,26050,31180,830535500,297031648500,11229930,KSQ
262,376270,KR7376270005,HEM파마,KOSDAQ,기술성장기업부,41200,1,300,0.73,40800,48500,40650,9517,403523175,296771304400,7203187,KSQ
263,025900,KR7025900002,동화기업,KOSDAQ,중견기업부,5850,2,-30,-0.51,5990,6150,5710,91989,543189350,295760117250,50557285,KSQ
264,107640,KR7107640005,한중엔시에스,KOSDAQ,기술성장기업부,32300,2,-850,-2.56,33150,33950,31300,63181,2040786425,292797755800,9064946,KSQ
265,136480,KR7136480001,하림,KOSDAQ,우량기업부,2730,2,-5,-0.18,2740,2780,2710,390634,1071102538,289952486460,106209702,KSQ
266,424870,KR7424870004,이뮨온시아,KOSDAQ,기술성장기업부,3175,2,-205,-6.07,3310,3480,3140,426287,1397689194,289789454075,91272269,KSQ
267,0011T0,KR70011T0008,채비,KOSDAQ,기술성장기업부,6140,2,-280,-4.36,6420,6560,5950,192112,1183617135,288270488740,46949591,KSQ
268,025770,KR7025770009,한국정보통신,KOSDAQ,우량기업부,7690,2,-40,-0.52,7760,7930,7530,62159,481923560,287946443990,37444271,KSQ
269,079370,KR7079370003,제우스,KOSDAQ,우량기업부,9280,2,-310,-3.23,9350,9900,9110,264819,2493604695,287837667200,31016990,KSQ
270,023410,KR7023410004,유진기업,KOSDAQ,중견기업부,3715,2,-255,-6.42,3935,4215,3640,7127168,28331973937,287209856045,77310863,KSQ
271,394280,KR7394280002,오픈엣지테크놀로지,KOSDAQ,기술성장기업부,10830,2,-500,-4.41,11710,11710,10600,92925,1026784940,285332919900,26346530,KSQ
272,121440,KR7121440002,골프존홀딩스,KOSDAQ,우량기업부,6660,3,0,0.0,6650,6670,6650,426207,2836553030,285293207880,42836818,KSQ
273,080580,KR7080580004,오킨스전자,KOSDAQ,벤처기업부,13450,2,-650,-4.61,14080,14540,13170,113334,1544346940,283673344750,21090955,KSQ
274,051500,KR7051500007,CJ프레시웨이,KOSDAQ,우량기업부,23750,1,750,3.26,23000,24150,22550,19493,462365150,281950167500,11871586,KSQ
275,049070,KR7049070006,인탑스,KOSDAQ,우량기업부,17050,1,50,0.29,16810,17400,16620,85290,1441848015,280721549350,16464607,KSQ
276,035810,KR7035810001,이지홀딩스,KOSDAQ,우량기업부,4330,1,55,1.29,4280,4370,4220,147526,635409674,279355081050,64516185,KSQ
277,117730,KR7117730002,티로보틱스,KOSDAQ,벤처기업부,12350,2,-810,-6.16,12760,13100,12050,63665,795863240,278591831050,22558043,KSQ
278,228760,KR7228760005,지노믹트리,KOSDAQ,기술성장기업부,11130,2,-160,-1.42,11380,11870,10950,62395,705379630,276682918260,24859202,KSQ
279,036800,KR7036800001,나이스정보통신,KOSDAQ,우량기업부,30400,2,-1150,-3.65,31200,31500,29100,22943,700534225,276640000000,9100000,KSQ
280,092190,KR7092190008,서울바이오시스,KOSDAQ,투자주의환기종목(소속부없음),6020,2,-420,-6.52,6330,6460,5960,93477,573693010,276127665660,45868383,KSQ
281,468530,KR7468530001,프로티나,KOSDAQ,기술성장기업부,24850,2,-850,-3.31,24900,26650,24350,36685,931198275,274224918800,11035208,KSQ
282,352480,KR7352480008,씨앤씨인터내셔널,KOSDAQ,우량기업부,19970,1,450,2.31,19400,20550,19380,21038,420546295,272189122970,13629901,KSQ
283,314930,KR7314930009,바이오다인,KOSDAQ,기술성장기업부,9090,2,-110,-1.2,9030,9540,8970,18976,175768590,270555696270,29764103,KSQ
284,064850,KR7064850001,에프앤가이드,KOSDAQ,벤처기업부,23700,2,-1300,-5.2,25000,25150,22550,32401,767334750,270424868400,11410332,KSQ
285,043150,KR7043150002,바텍,KOSDAQ,우량기업부,18150,2,-290,-1.57,18180,18440,17800,18181,329852405,269604746400,14854256,KSQ
286,151860,KR7151860004,KG에코솔루션,KOSDAQ,우량기업부,5650,2,-90,-1.57,5700,5860,5540,71720,406402380,268956961300,47603002,KSQ
287,309710,KR7309710002,아이티켐,KOSDAQ,관리종목(소속부없음),21000,0,0,0.0,0,0,0,0,0,268443021000,12783001,KSQ
288,455900,KR7455900001,엔젤로보틱스,KOSDAQ,기술성장기업부,17420,2,-1180,-6.34,18040,18680,17150,42721,755439260,267807781020,15373581,KSQ
289,017890,KR7017890005,한국알콜,KOSDAQ,우량기업부,12570,2,-280,-2.18,12840,13050,12400,35054,440918545,267407970420,21273506,KSQ
290,036200,KR7036200004,유니셈,KOSDAQ,우량기업부,8710,2,-410,-4.5,9050,9280,8500,241710,2112502555,267085382330,30664223,KSQ
291,484590,KR7484590005,삼양컴텍,KOSDAQ,벤처기업부,6480,2,-280,-4.14,6740,6750,6380,251052,1636459190,267043716000,41210450,KSQ
292,182400,KR7182400002,엔케이젠바이오텍코리아,KOSDAQ,관리종목(소속부없음),3670,0,0,0.0,0,0,0,0,0,265496721770,72342431,KSQ
293,054950,KR7054950001,제이브이엠,KOSDAQ,우량기업부,21900,2,-50,-0.23,21800,22100,21550,9347,203780800,264768634800,12089892,KSQ
294,098070,KR7098070006,한텍,KOSDAQ,중견기업부,23800,2,-1350,-5.37,24300,25300,23250,57186,1370269600,264683155800,11121141,KSQ
295,052710,KR7052710001,아모텍,KOSDAQ,중견기업부,18110,2,-1090,-5.68,18630,20350,17450,214367,3979455050,264633208060,14612546,KSQ
296,064820,KR7064820004,케이프,KOSDAQ,우량기업부,8540,2,-490,-5.43,8720,8790,8230,83895,714956570,263546236100,30860215,KSQ
297,138080,KR7138080007,오이솔루션,KOSDAQ,벤처기업부,21225,2,-875,-3.96,22100,22750,20800,174891,3747261050,262717913550,12377758,KSQ
298,035600,KR7035600006,KG이니시스,KOSDAQ,우량기업부,9530,3,0,0.0,9640,9680,9410,63966,609369630,262593756020,27554434,KSQ
299,094360,KR7094360005,칩스앤미디어,KOSDAQ,벤처기업부,12210,2,-460,-3.63,13070,13100,11830,276255,3446768085,260747895540,21355274,KSQ
300,187660,KR7187660006,페니트리움바이오,KOSDAQ,중견기업부,4700,2,-140,-2.89,5040,5060,4620,255195,1222625712,260691389100,55466253,KSQ
301,267980,KR7267980001,매일유업,KOSDAQ,우량기업부,33750,1,300,0.9,33150,34150,33000,3734,125283450,258647782500,7663638,KSQ
302,441270,KR7441270006,파인엠텍,KOSDAQ,벤처기업부,6140,2,-330,-5.1,6420,6580,6000,206807,1285617450,258150448580,42044047,KSQ
303,121800,KR7121800007,비덴트,KOSDAQ,관리종목(소속부없음),3320,0,0,0.0,0,0,0,0,0,256309348520,77201611,KSQ
304,013120,KR7013120001,동원개발,KOSDAQ,우량기업부,2815,2,-235,-7.7,2975,3140,2770,6577469,19553829852,255624801500,90808100,KSQ
305,092460,KR7092460005,한라IMS,KOSDAQ,우량기업부,14850,2,-570,-3.7,14850,14920,14170,49375,717061875,254078748000,17109680,KSQ
306,377460,KR7377460001,큐에이드,KOSDAQ,관리종목(소속부없음),4080,0,0,0.0,0,0,0,0,0,253187202960,62055687,KSQ
307,419530,KR7419530001,SAMG엔터,KOSDAQ,기술성장기업부,24800,1,200,0.81,24650,25700,23750,46904,1162959750,253141957600,10207337,KSQ
308,200130,KR7200130003,콜마비앤에이치,KOSDAQ GLOBAL,우량기업부,8600,1,230,2.75,8430,8640,8340,50905,434864160,252973798800,29415558,KSQ
309,217730,KR7217730001,강스템바이오텍,KOSDAQ,기술성장기업부,2685,2,-55,-2.01,2730,2840,2600,409532,1106001656,252535390065,94054149,KSQ
310,950170,KR8392080006,JTC,KOSDAQ,외국기업(소속부없음),4880,2,-20,-0.41,4900,4935,4835,66212,324694325,252522178240,51746348,KSQ
311,065680,KR7065680001,우주일렉트로,KOSDAQ,우량기업부,27250,2,-650,-2.33,27000,29750,26250,20027,540291250,251802834750,9240471,KSQ
312,099430,KR7099430001,바이오플러스,KOSDAQ,우량기업부,4065,2,-50,-1.22,4115,4190,3970,237166,963646390,250569534930,61640722,KSQ
313,215000,KR7215000001,골프존,KOSDAQ,우량기업부,39800,2,-100,-0.25,40250,40600,39350,16547,660018500,249761517000,6275415,KSQ
314,304360,KR7304360001,에스바이오메딕스,KOSDAQ,벤처기업부,20150,2,-400,-1.95,20300,20950,19670,32785,659289090,249560329200,12385128,KSQ
315,389500,KR7389500000,에스비비테크,KOSDAQ,기술성장기업부,37350,2,-950,-2.48,36900,39100,35700,81895,3055969800,248880679200,6663472,KSQ
316,450950,KR7450950001,아스테라시스,KOSDAQ,벤처기업부,6600,2,-380,-5.44,6960,7140,6450,34862,234155400,248342107200,37627592,KSQ
317,234340,KR7234340008,헥토파이낸셜,KOSDAQ,우량기업부,17770,2,-1090,-5.78,18500,19240,17580,100404,1837301005,248258557120,13970656,KSQ
318,378340,KR7378340004,필에너지,KOSDAQ,중견기업부,11430,1,130,1.15,11550,11850,11210,80531,923188735,247389571260,21643882,KSQ
319,475040,KR7475040002,스트라드비젼,KOSDAQ,기술성장기업부,4590,2,-325,-6.61,4770,5245,4340,10547702,51164087510,244441083420,53255138,KSQ
320,206640,KR7206640005,바디텍메드,KOSDAQ,우량기업부,11100,1,100,0.91,11000,11250,11000,61457,684222680,243177923100,21907921,KSQ
321,180400,KR7180400004,DXVX,KOSDAQ,관리종목(소속부없음),2470,2,-15,-0.6,2485,2505,2275,128303,304749230,243120697040,98429432,KSQ
322,011560,KR7011560000,세보엠이씨,KOSDAQ,우량기업부,24100,2,-1000,-3.98,25050,25600,23800,44375,1087232150,243045415200,10084872,KSQ
323,439090,KR7439090002,마녀공장,KOSDAQ,우량기업부,14820,2,-370,-2.44,15110,15700,14550,155919,2360163225,242948113200,16393260,KSQ
324,452280,KR7452280001,한선엔지니어링,KOSDAQ,우량기업부,12600,1,50,0.4,12550,13300,12340,141422,1809107850,242520642000,19247670,KSQ
325,194700,KR7194700001,노바렉스,KOSDAQ,우량기업부,13280,1,360,2.79,12900,13600,12820,100000,1321411120,242424381440,18254848,KSQ
326,061970,KR7061970000,LB세미콘,KOSDAQ,중견기업부,4160,1,45,1.09,4115,4390,4010,265045,1115143459,241625304960,58083006,KSQ
327,200470,KR7200470003,에이팩트,KOSDAQ,중견기업부,5700,2,-220,-3.72,5920,6060,5470,461641,2625440130,241463930100,42362093,KSQ
328,051360,KR7051360006,토비스,KOSDAQ,우량기업부,16090,0,0,0.0,0,0,0,0,0,240028093870,14917843,KSQ
329,019010,KR7019010008,베뉴지,KOSDAQ,중견기업부,4965,2,-295,-5.61,5270,5270,4825,151167,744200992,239313000000,48200000,KSQ
330,095500,KR7095500005,미래나노텍,KOSDAQ,우량기업부,7710,2,-260,-3.26,8170,8390,7560,564146,4507458275,239087092290,31009999,KSQ
331,043370,KR7043370006,피에이치에이,KOSDAQ,우량기업부,11360,2,-130,-1.13,11570,11970,11050,25713,290996540,238560000000,21000000,KSQ
332,332570,KR7332570001,PS일렉트로닉스,KOSDAQ,우량기업부,5090,1,155,3.14,5110,5530,4985,1757423,9106976995,237761855670,46711563,KSQ
333,452430,KR7452430002,사피엔반도체,KOSDAQ,기술성장기업부,28800,2,-150,-0.52,29150,30600,26800,41798,1182215750,237756124800,8255421,KSQ
334,114190,KR7114190002,강원에너지,KOSDAQ,중견기업부,9080,2,-440,-4.62,9530,9640,8800,136681,1256474665,237197185040,26123038,KSQ
335,417840,KR7417840006,저스템,KOSDAQ,벤처기업부,10370,2,-480,-4.42,10800,11350,10010,530098,5596505780,237155480970,22869381,KSQ
336,254490,KR7254490006,미래반도체,KOSDAQ,우량기업부,16360,2,-990,-5.71,16910,17550,16050,88468,1471381040,236205680000,14438000,KSQ
337,018000,KR7018000000,유니슨,KOSDAQ,중견기업부,909,2,-16,-1.73,905,969,888,1967346,1796573722,235883940156,259498284,KSQ
338,389260,KR7389260001,대명에너지,KOSDAQ,우량기업부,13160,2,-280,-2.08,13180,13760,12840,153109,2031913845,235778837000,17916325,KSQ
339,060720,KR7060720000,KH바텍,KOSDAQ,중견기업부,9940,2,-350,-3.4,10090,10390,9760,140851,1402209465,235353773480,23677442,KSQ
340,089980,KR7089980007,상아프론테크,KOSDAQ,우량기업부,14680,2,-600,-3.93,15160,15490,14550,33938,501989000,234719063160,15989037,KSQ
341,053030,KR7053030003,바이넥스,KOSDAQ,중견기업부,7170,2,-30,-0.42,7250,7460,7020,82920,598813660,234345627960,32684188,KSQ
342,472850,KR7472850007,폰드그룹,KOSDAQ,중견기업부,4040,2,-220,-5.16,4125,4180,3970,132052,534392975,232589474080,57571652,KSQ
343,456010,KR7456010008,아이씨티케이,KOSDAQ,기술성장기업부,15940,2,-830,-4.95,16730,17130,15510,203962,3296597830,231167459000,14502350,KSQ
344,365270,KR7365270008,큐라클,KOSDAQ,기술성장기업부,10370,2,-1130,-9.83,11320,11650,10220,123633,1335920360,229768007040,22156992,KSQ
345,042370,KR7042370007,비츠로테크,KOSDAQ,우량기업부,8760,2,-240,-2.67,8990,9570,8570,254137,2293158515,229512219000,26200025,KSQ
346,086390,KR7086390002,유니테스트,KOSDAQ,중견기업부,10790,2,-810,-6.98,11160,11520,10610,159298,1738738100,228037219540,21134126,KSQ
347,065710,KR7065710006,서호전기,KOSDAQ,우량기업부,44250,2,-550,-1.23,44800,45300,43900,9027,399445350,227887500000,5150000,KSQ
348,039830,KR7039830005,오로라,KOSDAQ,우량기업부,21000,2,-900,-4.11,21550,22750,20250,150142,3236790450,226020690000,10762890,KSQ
349,159010,KR7159010008,아스플로,KOSDAQ,벤처기업부,16940,2,-980,-5.47,17920,18630,16110,101859,1730641955,225890478660,13334739,KSQ
350,241520,KR7241520006,DSC인베스트먼트,KOSDAQ,중견기업부,8480,2,-340,-3.85,8820,8960,8270,237967,2041428880,225568000000,26600000,KSQ
351,488900,KR7488900002,비츠로넥스텍,KOSDAQ,기술성장기업부,7680,2,-540,-6.57,8200,8390,7530,85608,671149965,222539082240,28976443,KSQ
352,023760,KR7023760002,한국캐피탈,KOSDAQ,우량기업부,704,2,-20,-2.76,724,727,693,292661,206130655,222189141504,315609576,KSQ
353,018310,KR7018310003,삼목에스폼,KOSDAQ,우량기업부,15110,1,120,0.8,14920,15300,14810,4963,74844560,222117000000,14700000,KSQ
354,144510,KR7144510005,지씨셀,KOSDAQ,중견기업부,14020,2,-250,-1.75,14160,14630,13810,22669,321003200,221520822880,15800344,KSQ
355,036030,KR7036030005,케이티알파,KOSDAQ,우량기업부,4505,2,-40,-0.88,4460,4600,4460,19061,86078220,220831230205,49019141,KSQ
356,0001A0,KR70001A0001,덕양에너젠,KOSDAQ,중견기업부,8630,2,-80,-0.92,8450,9050,8450,63352,550883465,219797142060,25468962,KSQ
357,230240,KR7230240004,에치에프알,KOSDAQ,중견기업부,16450,2,-890,-5.13,17080,17790,15930,126720,2122610050,218933050000,13309000,KSQ
358,298830,KR7298830001,슈어소프트테크,KOSDAQ,우량기업부,4095,2,-75,-1.8,4095,4240,4005,198719,816344062,218912553405,53458499,KSQ
359,065660,KR7065660003,안트로젠,KOSDAQ,기술성장기업부,21850,1,50,0.23,22000,22600,21150,15147,329027050,218633285000,10006100,KSQ
360,317330,KR7317330009,덕산테코피아,KOSDAQ,중견기업부,10670,2,-370,-3.35,10820,11190,10400,50481,539607585,218485151280,20476584,KSQ
361,067390,KR7067390005,아스트,KOSDAQ,중견기업부,518,2,-5,-0.96,522,529,502,914481,467620340,218159625922,421157579,KSQ
362,461300,KR7461300006,아이스크림미디어,KOSDAQ,벤처기업부,16370,1,20,0.12,16350,16800,16000,51375,835179100,218112783210,13323933,KSQ
363,092870,KR7092870005,엑시콘,KOSDAQ,우량기업부,16670,2,-690,-3.97,16960,17810,16150,131672,2217098595,217556785990,13050797,KSQ
364,290690,KR7290690007,소룩스,KOSDAQ,중견기업부,4110,2,-120,-2.84,4225,4325,4080,792334,3302516289,216184397100,52599610,KSQ
365,203650,KR7203650007,드림시큐리티,KOSDAQ,중견기업부,2110,2,-30,-1.4,2120,2200,2030,986286,2098925432,214596461240,101704484,KSQ
366,0008Z0,KR70008Z0005,에스엔시스,KOSDAQ,벤처기업부,22450,2,-1750,-7.23,23400,23400,22200,25434,577903900,211850861800,9436564,KSQ
367,494120,KR7494120009,큐리오시스,KOSDAQ,기술성장기업부,27700,1,2850,11.47,24400,27800,24400,112843,3003427350,211347731400,7629882,KSQ
368,900290,HK0000307485,GRT,KOSDAQ,외국기업(소속부없음),2580,2,-155,-5.67,2715,2950,2450,3715388,8760511535,211044000000,81800000,KSQ
369,123330,KR7123330003,제닉,KOSDAQ,우량기업부,26400,1,1250,4.97,25300,28200,24750,423500,11253108000,210373152000,7968680,KSQ
370,445090,KR7445090004,에이직랜드,KOSDAQ,벤처기업부,19230,2,-190,-0.98,19600,20100,18700,50091,960222250,210100403340,10925658,KSQ
371,100120,KR7100120005,뷰웍스,KOSDAQ,우량기업부,23400,2,-500,-2.09,23600,24100,22650,20673,479548600,209931017400,8971411,KSQ
372,005710,KR7005710009,대원산업,KOSDAQ,우량기업부,10460,2,-80,-0.76,10540,10790,10330,6137,64825900,209593296000,20037600,KSQ
373,425040,KR7425040003,티이엠씨,KOSDAQ,우량기업부,9540,2,-510,-5.07,9830,10230,9390,326368,3161918950,209144446920,21922898,KSQ
374,272110,KR7272110008,케이엔제이,KOSDAQ,우량기업부,25950,2,-1200,-4.42,26500,27850,25150,103339,2686974350,208259000250,8025395,KSQ
375,220100,KR7220100002,퓨쳐켐,KOSDAQ,기술성장기업부,9250,1,130,1.43,9350,9450,9000,64720,598416240,207453635000,22427420,KSQ
376,380540,KR7380540005,옵티코어,KOSDAQ,관리종목(소속부없음),8450,0,0,0.0,0,0,0,0,0,206658126350,24456583,KSQ
377,353810,KR7353810005,이지바이오,KOSDAQ,우량기업부,6240,2,-90,-1.42,6360,6370,6110,37835,235427580,206431180800,33081920,KSQ
378,194480,KR7194480000,데브시스터즈,KOSDAQ,중견기업부,16980,2,-160,-0.93,16680,18050,16520,71030,1217173000,205952967000,12129150,KSQ
379,481070,KR7481070001,에이유브랜즈,KOSDAQ,중견기업부,14340,2,-630,-4.21,15440,15440,13610,32295,457902650,205495785000,14330250,KSQ
380,069540,KR7069540003,빛과전자,KOSDAQ,벤처기업부,1823,2,-111,-5.74,1920,1961,1783,2396529,4422296516,205437328231,112691897,KSQ
381,085910,KR7085910008,네오티스,KOSDAQ,중견기업부,14890,2,-2110,-12.41,16890,17060,14540,283121,4322551755,205404840020,13794818,KSQ
382,014940,KR7014940001,오리엔탈정공,KOSDAQ,우량기업부,4505,2,-305,-6.34,4610,4695,4400,218412,985194469,205309342805,45573661,KSQ
383,448280,KR7448280008,에코아이,KOSDAQ,중견기업부,6920,2,-130,-1.84,7000,7100,6790,6223,42921890,205047412680,29631129,KSQ
384,308430,KR7308430008,셀비온,KOSDAQ,기술성장기업부,15880,2,-610,-3.7,15810,18000,15580,20932,339020015,204935385880,12905251,KSQ
385,058970,KR7058970005,엠로,KOSDAQ,기술성장기업부,16540,1,160,0.98,16250,17050,16130,37013,612798610,204480612760,12362794,KSQ
386,046970,KR7046970000,우리로,KOSDAQ,벤처기업부,4650,2,-310,-6.25,4915,5000,4515,912780,4292906952,203786245350,43824999,KSQ
387,052330,KR7052330008,코텍,KOSDAQ,우량기업부,11460,1,80,0.7,11460,11790,11380,17657,204197880,203547809940,17761589,KSQ
388,034810,KR7034810002,해성산업,KOSDAQ,중견기업부,6440,1,40,0.63,6400,6570,6250,48554,311130395,203376178880,31580152,KSQ
389,237880,KR7237880000,클리오,KOSDAQ,우량기업부,11220,1,1270,12.76,9980,11260,9980,239740,2609768120,202760580660,18071353,KSQ
390,112290,KR7112290002,와이씨켐,KOSDAQ,기술성장기업부,9980,2,-340,-3.29,10550,10550,9750,165103,1654511615,201806478200,20221090,KSQ
391,357550,KR7357550003,석경에이티,KOSDAQ,기술성장기업부,36950,3,0,0.0,37000,37600,36200,4076,149684300,201562250000,5455000,KSQ
392,084850,KR7084850007,아이티엠반도체,KOSDAQ,중견기업부,8850,2,-640,-6.74,9200,9200,8700,26828,238898080,200743965900,22682934,KSQ
393,318060,KR7318060001,그래피,KOSDAQ,기술성장기업부,17790,1,1130,6.78,16100,18450,16100,104358,1857260800,198770818830,11173177,KSQ
394,061090,KR7061090007,세나테크놀로지,KOSDAQ,중견기업부,36350,2,-450,-1.22,37200,38850,35500,33496,1249376900,198745442500,5467550,KSQ
395,068930,KR7068930007,디지털대성,KOSDAQ,우량기업부,7170,1,40,0.56,7130,7270,7050,32213,229859010,198432202140,27675342,KSQ
396,115450,KR7115450009,HLB테라퓨틱스,KOSDAQ,중견기업부,2240,2,-5,-0.22,2245,2290,2185,152613,341193995,198419444160,88580109,KSQ
397,093520,KR7093520005,매커스,KOSDAQ,우량기업부,16650,2,-300,-1.77,16730,17270,16280,16265,271448900,198165586050,11901837,KSQ
398,475400,KR7475400008,씨메스로보틱스,KOSDAQ,기술성장기업부,16780,2,-700,-4.0,17100,17860,16490,26213,442293720,198119681320,11806894,KSQ
399,462350,KR7462350000,이노스페이스,KOSDAQ,기술성장기업부,7060,2,-770,-9.83,7830,7910,6900,603742,4299812365,198005331860,28046081,KSQ
400,094480,KR7094480001,갤럭시아머니트리,KOSDAQ,우량기업부,4970,2,-150,-2.93,5080,5260,4935,153231,777136938,194972294860,39229838,KSQ
401,036190,KR7036190007,금화피에스시,KOSDAQ,우량기업부,32450,1,150,0.46,32400,32950,32050,9697,313773000,194700000000,6000000,KSQ
402,091580,KR7091580001,상신이디피,KOSDAQ,우량기업부,14600,2,-800,-5.19,15390,15670,14260,107135,1580324445,194591997400,13328219,KSQ
403,216080,KR7216080002,제테마,KOSDAQ,벤처기업부,5200,2,-290,-5.28,5500,5630,5070,117937,622703350,193892914800,37287099,KSQ
404,099440,KR7099440000,스맥,KOSDAQ,중견기업부,2840,1,20,0.71,2820,2840,2745,353379,983130649,193811238960,68243394,KSQ
405,108860,KR7108860008,셀바스AI,KOSDAQ,벤처기업부,7200,2,-90,-1.23,7170,7450,7060,151608,1100713670,193786488000,26914790,KSQ
406,041920,KR7041920000,메디아나,KOSDAQ,우량기업부,10340,2,-180,-1.71,10520,11130,10030,73998,790111670,192305625820,18598223,KSQ
407,138610,KR7138610001,나이벡,KOSDAQ,기술성장기업부,16870,1,180,1.08,16300,17270,16300,25268,421906490,191774667910,11367793,KSQ
408,187870,KR7187870001,디바이스,KOSDAQ,우량기업부,13740,1,340,2.54,13400,14300,12650,149146,1978424550,189200624400,13770060,KSQ
409,045390,KR7045390002,대아티아이,KOSDAQ,우량기업부,2670,2,-50,-1.84,2700,2760,2630,522319,1400768995,188163916590,70473377,KSQ
410,024840,KR7024840001,KBI메탈,KOSDAQ,중견기업부,4525,2,-925,-16.97,5390,5390,4400,3493722,16711091422,187897995975,41524419,KSQ
411,294570,KR7294570007,쿠콘,KOSDAQ,우량기업부,18600,2,-340,-1.8,18800,19290,18360,7975,149952590,187706215200,10091732,KSQ
412,126600,KR7126600006,BGF에코머티리얼즈,KOSDAQ,우량기업부,2985,2,-70,-2.29,3025,3080,2970,49624,149507965,187359193515,62766899,KSQ
413,016790,KR7016790008,현대사료,KOSDAQ,관리종목(소속부없음),994,0,0,0.0,0,0,0,0,0,187340898626,188471729,KSQ
414,394800,KR7394800007,쓰리빌리언,KOSDAQ,기술성장기업부,5840,2,-170,-2.83,5800,6320,5600,102831,599113080,185843709520,31822553,KSQ
415,078150,KR7078150000,HB테크놀러지,KOSDAQ,우량기업부,2000,2,-100,-4.76,2085,2135,1970,1104003,2239737028,185431832000,92715916,KSQ
416,0082N0,KR70082N0008,카나프테라퓨틱스,KOSDAQ,기술성장기업부,13780,2,-160,-1.15,13360,14690,13360,39690,555638200,182792802400,13265080,KSQ
417,192440,KR7192440006,슈피겐코리아,KOSDAQ,우량기업부,29400,1,150,0.51,29250,29950,28750,4916,144590175,182761072200,6216363,KSQ
418,036560,KR7036560001,KZ정밀,KOSDAQ,우량기업부,11580,2,-120,-1.03,11560,11780,11420,5865,67980795,182385000000,15750000,KSQ
419,098120,KR7098120009,마이크로컨텍솔,KOSDAQ,우량기업부,21850,2,-1400,-6.02,23250,23750,21050,55905,1234468750,181633937100,8312766,KSQ
420,416180,KR7416180008,신성에스티,KOSDAQ,벤처기업부,20050,2,-100,-0.5,20500,22000,19530,37614,771555890,181247548900,9039778,KSQ
421,243840,KR7243840006,신흥에스이씨,KOSDAQ,우량기업부,4690,2,-245,-4.96,4935,5000,4650,157340,751649865,180838122150,38558235,KSQ
422,0015G0,KR70015G0009,그린광학,KOSDAQ,기술성장기업부,15440,2,-550,-3.44,16040,16200,15000,44097,680386285,180687233040,11702541,KSQ
423,073490,KR7073490005,LIG아큐버,KOSDAQ,우량기업부,23700,2,-1250,-5.01,24200,25400,23100,62494,1506642200,180211150200,7603846,KSQ
424,054210,KR7054210000,이랜텍,KOSDAQ,우량기업부,7100,2,-230,-3.14,7170,7460,6840,137184,970328310,179567591000,25291210,KSQ
425,084990,KR7084990001,헬릭스미스,KOSDAQ,기술성장기업부,3890,2,-165,-4.07,4020,4120,3835,124407,491683068,179300980330,46092797,KSQ
426,049430,KR7049430002,코메론,KOSDAQ,우량기업부,19800,2,-190,-0.95,19990,19990,19500,26268,521096630,179150400000,9048000,KSQ
427,338840,KR7338840002,와이바이오로직스,KOSDAQ,기술성장기업부,11630,1,280,2.47,11100,12210,11100,53369,620101560,178714500030,15366681,KSQ
428,042420,KR7042420000,네오위즈홀딩스,KOSDAQ,우량기업부,21900,1,200,0.92,21850,22300,21400,11123,242593500,178315997700,8142283,KSQ
429,176750,KR7176750008,듀켐바이오,KOSDAQ,기술성장기업부,6250,2,-30,-0.48,6390,6390,6070,4179,25718890,178054500000,28488720,KSQ
430,066620,KR7066620006,국보디자인,KOSDAQ,우량기업부,23700,1,200,0.85,23500,24100,23400,10600,249763775,177750000000,7500000,KSQ
431,036710,KR7036710002,심텍홀딩스,KOSDAQ,중견기업부,3360,2,-240,-6.67,3500,3645,3255,210179,713130737,177501253440,52827754,KSQ
432,950140,KR8840110108,잉글우드랩,KOSDAQ,외국기업(소속부없음),8880,1,90,1.02,8790,9150,8650,36818,329717745,176426650080,19867866,KSQ
433,036170,KR7036170009,에이치엠넥스,KOSDAQ,중견기업부,2875,2,-130,-4.33,3005,3085,2855,286447,841273023,176426174750,61365626,KSQ
434,094820,KR7094820008,일진파워,KOSDAQ,우량기업부,11700,2,-540,-4.41,12180,12180,11400,106901,1252544285,176420895300,15078709,KSQ
435,214180,KR7214180002,헥토이노베이션,KOSDAQ,우량기업부,13540,2,-420,-3.01,13960,13960,13330,40654,552200660,175930189180,12993367,KSQ
436,394420,KR7394420004,리센스메디컬,KOSDAQ,기술성장기업부,16080,2,-990,-5.8,17060,17660,15430,201003,3318142810,175833803040,10934938,KSQ
437,190510,KR7190510008,나무가,KOSDAQ,우량기업부,12480,2,-400,-3.11,12590,13000,12320,49729,624654460,175784756160,14085317,KSQ
438,119610,KR7119610004,인터로조,KOSDAQ,우량기업부,15360,2,-220,-1.41,15740,15800,15160,31999,491872480,175315153920,11413747,KSQ
439,484120,KR7484120001,도우인시스,KOSDAQ,중견기업부,15990,2,-1580,-8.99,16950,16970,15420,20741,335524090,175209177780,10957422,KSQ
440,046120,KR7046120002,오르비텍,KOSDAQ,중견기업부,5170,2,-150,-2.82,5260,5420,5000,173268,895729095,175032588610,33855433,KSQ
441,092130,KR7092130004,이크레더블,KOSDAQ,중견기업부,14530,1,50,0.35,14570,14710,14410,5891,86038580,174993508000,12043600,KSQ
442,354320,KR7354320004,알멕,KOSDAQ,기술성장기업부,27350,2,-1850,-6.34,28050,29650,26550,34065,950945650,174804270350,6391381,KSQ
443,322310,KR7322310004,오로스테크놀로지,KOSDAQ,벤처기업부,18650,2,-490,-2.56,18530,20200,18210,87518,1658184040,174686008300,9366542,KSQ
444,256840,KR7256840000,한국비엔씨,KOSDAQ,우량기업부,2545,2,-80,-3.05,2580,2670,2505,209720,539949788,174064984870,68394886,KSQ
445,459510,KR7459510004,나우로보틱스,KOSDAQ,기술성장기업부,13340,2,-550,-3.96,13510,14190,13000,30212,407947780,173131615880,12978382,KSQ
446,123860,KR7123860009,아나패스,KOSDAQ,우량기업부,14280,2,-820,-5.43,14960,14960,14140,33073,478249740,173122366200,12123415,KSQ
447,053300,KR7053300000,한국정보인증,KOSDAQ,우량기업부,4265,2,-85,-1.95,4295,4430,4200,81575,349959735,173121024440,40591096,KSQ
448,012860,KR7012860003,모베이스전자,KOSDAQ,우량기업부,2355,2,-140,-5.61,2470,2515,2305,346278,828177475,172464791235,73233457,KSQ
449,082800,KR7082800004,비보존 제약,KOSDAQ,중견기업부,2835,2,-70,-2.41,2845,3025,2695,743898,2087646231,172140253110,60719666,KSQ
450,125020,KR7125020008,티씨머티리얼즈,KOSDAQ,중견기업부,4880,2,-260,-5.06,5040,5190,4775,498705,2452993826,170988124000,35038550,KSQ
451,251370,KR7251370003,와이엠티,KOSDAQ,벤처기업부,9450,2,-700,-6.9,9810,10270,9110,95776,908482075,170224862850,18013213,KSQ
452,039840,KR7039840004,디오,KOSDAQ,중견기업부,12660,2,-180,-1.4,12870,12900,12460,10695,135458980,169844382480,13415828,KSQ
453,143240,KR7143240000,사람인,KOSDAQ,우량기업부,15820,1,100,0.64,15730,16030,15680,7994,126313730,169791804420,10732731,KSQ
454,199820,KR7199820002,제일일렉트릭,KOSDAQ,우량기업부,7620,2,-370,-4.63,7880,8030,7450,154152,1180368435,169316400000,22220000,KSQ
455,446540,KR7446540007,메가터치,KOSDAQ,중견기업부,5800,1,310,5.65,5490,6600,5460,440699,2682796045,168658843800,29079111,KSQ
456,382900,KR7382900009,범한퓨얼셀,KOSDAQ,벤처기업부,19250,5,-8250,-30.0,20650,20700,19250,250939,4933144210,168649250000,8761000,KSQ
457,067080,KR7067080002,대화제약,KOSDAQ,중견기업부,9040,2,-190,-2.06,9030,9350,8850,37431,340017290,168294516000,18616650,KSQ
458,314130,KR7314130006,지놈앤컴퍼니,KOSDAQ,기술성장기업부,3715,1,155,4.35,3500,3930,3500,297953,1114596929,167836838395,45178153,KSQ
459,038390,KR7038390001,레드캡투어,KOSDAQ,우량기업부,10010,2,-50,-0.5,10100,10160,9900,38313,383769900,167375428220,16720822,KSQ
460,245620,KR7245620000,EDGC,KOSDAQ,관리종목(소속부없음),741,0,0,0.0,0,0,0,0,0,167118555474,225531114,KSQ
461,071200,KR7071200000,인피니트헬스케어,KOSDAQ,중견기업부,6780,3,0,0.0,6890,6960,6650,38671,263770710,165407985240,24396458,KSQ
462,255220,KR7255220006,SG,KOSDAQ,중견기업부,1509,1,99,7.02,1431,1550,1410,1742638,2583820879,165331022718,109563302,KSQ
463,204610,KR7204610000,티쓰리,KOSDAQ,벤처기업부,2965,2,-55,-1.82,3020,3040,2900,251041,744721656,164620417300,55521220,KSQ
464,032580,KR7032580003,피델릭스,KOSDAQ,중견기업부,4955,2,-635,-11.36,5350,5660,4830,960512,4951505257,164169377120,33132064,KSQ
465,064550,KR7064550007,바이오니아,KOSDAQ,중견기업부,6360,2,-220,-3.34,6590,6680,6270,82825,534705580,164153450760,25810291,KSQ
466,464080,KR7464080001,에스오에스랩,KOSDAQ,기술성장기업부,9140,2,-380,-3.99,9330,9650,8870,109212,994434550,164035991300,17947045,KSQ
467,143160,KR7143160000,아이디스,KOSDAQ,우량기업부,15290,1,10,0.07,15290,15370,15010,4847,73527500,163853603100,10716390,KSQ
468,377450,KR7377450002,리파인,KOSDAQ,우량기업부,9440,2,-20,-0.21,9460,9480,9250,29538,277734510,163595200000,17330000,KSQ
469,122990,KR7122990005,와이솔,KOSDAQ,중견기업부,6130,2,-150,-2.39,6230,6390,6070,142940,880588835,163297566530,26639081,KSQ
470,307180,KR7307180000,아이엘,KOSDAQ,벤처기업부,4420,2,-110,-2.43,4500,4650,4270,263527,1154937315,163167287920,36915676,KSQ
471,365660,KR7365660000,레몬헬스케어,KOSDAQ,기술성장기업부,12220,4,2820,30.0,10230,12220,8520,22717199,234092859990,163156050980,13351559,KSQ
472,108380,KR7108380007,대양전기공업,KOSDAQ,우량기업부,17040,2,-1260,-6.89,17490,17650,16640,47210,806847950,163027354320,9567333,KSQ
473,101970,KR7101970002,우양에이치씨,KOSDAQ,중견기업부,10910,1,100,0.93,10840,11270,10710,5132,56106530,161358998190,14790009,KSQ
474,051370,KR7051370005,인터플렉스,KOSDAQ,우량기업부,6890,2,-160,-2.27,7060,7170,6800,107237,741601440,160726282080,23327472,KSQ
475,024800,KR7024800005,유성티엔에스,KOSDAQ,우량기업부,4325,1,25,0.58,4300,4325,4200,48933,208258964,160249086900,37051812,KSQ
476,079960,KR7079960001,동양이엔피,KOSDAQ,우량기업부,20350,2,-300,-1.45,20550,20750,20000,16551,336939900,159951000000,7860000,KSQ
477,083310,KR7083310003,엘오티베큠,KOSDAQ,우량기업부,8970,2,-490,-5.18,9360,9620,8870,97455,882520925,159755996010,17810033,KSQ
478,066410,KR7066410002,버킷스튜디오,KOSDAQ,투자주의환기종목(소속부없음),1153,0,0,0.0,0,0,0,0,0,159637252154,138453818,KSQ
479,153890,KR7153890009,져스텍,KOSDAQ,기술성장기업부,13220,2,-740,-5.3,13530,15770,12400,4492321,65306150395,159305032100,12050305,KSQ
480,072870,KR7072870009,메가스터디,KOSDAQ,우량기업부,13360,1,60,0.45,13300,13600,13200,29898,401967285,159264012240,11920959,KSQ
481,046070,KR7046070009,코다코,KOSDAQ,관리종목(소속부없음),10280,0,0,0.0,0,0,0,0,0,159196994920,15486089,KSQ
482,123410,KR7123410003,코리아에프티,KOSDAQ,우량기업부,5680,1,70,1.25,5650,5770,5500,80390,452101240,158137243520,27841064,KSQ
483,083930,KR7083930008,아바코,KOSDAQ,우량기업부,10740,2,-260,-2.36,11020,11200,10530,80615,869118450,157633654260,14677249,KSQ
484,080160,KR7080160005,모두투어,KOSDAQ,우량기업부,8340,2,-70,-0.83,8350,8490,8260,31486,262751775,157626000000,18900000,KSQ
485,012210,KR7012210001,삼미금속,KOSDAQ,중견기업부,6830,2,-780,-10.25,7610,7610,6670,79989,560604040,157442284570,23051579,KSQ
486,403850,KR7403850001,더핑크퐁컴퍼니,KOSDAQ,중견기업부,10930,1,210,1.96,10620,11160,10620,52913,578547400,156856539300,14351010,KSQ
487,049630,KR7049630007,재영솔루텍,KOSDAQ,우량기업부,6700,2,-240,-3.46,6940,7150,6590,170976,1160233990,156642730400,23379512,KSQ
488,023910,KR7023910003,대한약품,KOSDAQ,우량기업부,25950,1,100,0.39,25800,26200,25400,8793,227775025,155700000000,6000000,KSQ
489,040350,KR7040350001,크레오에스지,KOSDAQ,벤처기업부,7950,2,-190,-2.33,8140,8600,7820,64143,528895630,155188229400,19520532,KSQ
490,060150,KR7060150000,인선이엔티,KOSDAQ,중견기업부,3405,1,5,0.15,3335,3430,3335,147217,497613959,155144098860,45563612,KSQ
491,355150,KR7355150004,코스텍시스,KOSDAQ,벤처기업부,19790,2,-1210,-5.76,21000,22450,19150,62744,1287105910,154309556500,7797350,KSQ
492,054450,KR7054450002,텔레칩스,KOSDAQ,중견기업부,10180,2,-290,-2.77,10500,10740,9970,115104,1190757060,154168291940,15144233,KSQ
493,007330,KR7007330004,푸른저축은행,KOSDAQ,투자주의환기종목(소속부없음),10190,2,-20,-0.2,10200,10500,10170,12019,123587250,153693732000,15082800,KSQ
494,011040,KR7011040003,경동제약,KOSDAQ,중견기업부,4995,2,-55,-1.09,5040,5080,4940,13165,65839650,153689986170,30768766,KSQ
495,037070,KR7037070000,파세코,KOSDAQ,중견기업부,7680,2,-1190,-13.42,8970,9770,7430,7966813,70675547970,153600000000,20000000,KSQ
496,093190,KR7093190007,빅솔론,KOSDAQ,우량기업부,7940,2,-220,-2.7,8180,8250,7890,18716,148975000,152756905700,19238905,KSQ
497,389020,KR7389020009,자람테크놀로지,KOSDAQ,기술성장기업부,22050,2,-800,-3.5,22350,23700,21700,30005,677685650,152257058100,6905082,KSQ
498,304100,KR7304100001,솔트룩스,KOSDAQ,기술성장기업부,12060,2,-130,-1.07,12010,12490,11820,43542,526738470,151881891300,12593855,KSQ
499,474650,KR7474650009,링크솔루션,KOSDAQ,기술성장기업부,26300,2,-600,-2.23,25550,27400,25500,29281,770189850,151278441600,5752032,KSQ
500,092070,KR7092070002,디엔에프,KOSDAQ,중견기업부,13070,2,-920,-6.58,13990,14150,12880,36395,478648250,151244184060,11571858,KSQ
501,046440,KR7046440004,KG파이낸셜,KOSDAQ,우량기업부,3970,2,-65,-1.61,4005,4090,3925,92279,367815490,150902883940,38010802,KSQ
502,032620,KR7032620007,GC메디아이,KOSDAQ,우량기업부,2885,2,-10,-0.35,2875,2940,2820,82345,237588959,150588746015,52197139,KSQ
503,457550,KR7457550002,우진엔텍,KOSDAQ,중견기업부,16050,2,-750,-4.46,16810,16830,15500,28433,457848810,149569275900,9318958,KSQ
504,222040,KR7222040008,코스맥스엔비티,KOSDAQ,중견기업부,7240,2,-40,-0.55,7350,7510,7010,194472,1412588670,149346720000,20628000,KSQ
505,138360,KR7138360003,앤로보틱스,KOSDAQ,벤처기업부,1936,2,-94,-4.63,2080,2080,1896,353157,691908471,149055973792,76991722,KSQ
506,086670,KR7086670007,비엠티,KOSDAQ,우량기업부,14970,2,-600,-3.85,15560,15560,14720,45007,675185050,148590498450,9925885,KSQ
507,212560,KR7212560007,네오오토,KOSDAQ,우량기업부,11000,2,-220,-1.96,11210,11650,10110,165473,1814832005,148349828000,13486348,KSQ
508,041020,KR7041020009,폴라리스오피스,KOSDAQ,벤처기업부,2985,2,-70,-2.29,2990,3080,2940,265019,791824417,148306122105,49683793,KSQ
509,048550,KR7048550008,SM C&C,KOSDAQ,중견기업부,1532,2,-66,-4.13,1563,1627,1497,570270,892317570,148166797840,96714620,KSQ
510,086820,KR7086820008,바이오솔루션,KOSDAQ,기술성장기업부,5710,2,-200,-3.38,6000,6140,5600,105433,621441130,148026525350,25924085,KSQ
511,334970,KR7334970001,프레스티지바이오로직스,KOSDAQ,기술성장기업부,1897,2,-19,-0.99,1929,1949,1840,75903,142710942,147496752389,77752637,KSQ
512,242040,KR7242040004,나무기술,KOSDAQ,기술성장기업부,4260,2,-265,-5.86,4525,4600,4150,654973,2849251403,147422684640,34606264,KSQ
513,126700,KR7126700004,하이비젼시스템,KOSDAQ,우량기업부,9840,2,-220,-2.19,9800,10130,9620,85112,838289585,147030382080,14942112,KSQ
514,371950,KR7371950007,풍원정밀,KOSDAQ,기술성장기업부,6450,2,-390,-5.7,6650,6980,6400,19206,125899280,146173434600,22662548,KSQ
515,260970,KR7260970009,에스앤디,KOSDAQ,우량기업부,50500,1,2950,6.2,47200,52600,46650,68156,3410596750,146084077000,2892754,KSQ
516,0088M0,KR70088M0003,메쥬,KOSDAQ,기술성장기업부,14720,2,-280,-1.87,15150,15720,14400,61735,924536900,145459360000,9881750,KSQ
517,048870,KR7048870000,시너지이노베이션,KOSDAQ,중견기업부,1649,2,-41,-2.43,1678,1710,1630,216933,362096887,145288381987,88106963,KSQ
518,054800,KR7054800008,아이디스홀딩스,KOSDAQ,중견기업부,14030,2,-130,-0.92,14160,14600,13740,5137,71713520,145179016680,10347756,KSQ
519,274090,KR7274090000,켄코아에어로스페이스,KOSDAQ,기술성장기업부,10530,2,-830,-7.31,11190,11340,10270,267592,2851978215,145042399710,13774207,KSQ
520,402030,KR7402030001,코난테크놀로지,KOSDAQ,기술성장기업부,11580,2,-360,-3.02,11890,12040,11250,10944,126203280,144952511040,12517488,KSQ
521,382800,KR7382800001,지앤비에스 에코,KOSDAQ,우량기업부,4550,2,-305,-6.28,4850,4850,4450,285701,1309974206,144831236550,31831041,KSQ
522,234690,KR7234690006,녹십자웰빙,KOSDAQ,우량기업부,8060,2,-180,-2.18,7950,8270,7930,48192,387396930,144784117400,17963290,KSQ
523,049960,KR7049960008,쎌바이오텍,KOSDAQ,벤처기업부,15230,2,-50,-0.33,15570,15570,15090,7803,119289340,143162000000,9400000,KSQ
524,484810,KR7484810007,티엑스알로보틱스,KOSDAQ,벤처기업부,9250,2,-550,-5.61,9620,10060,9090,36735,347730600,142920963750,15450915,KSQ
525,451760,KR7451760003,컨텍,KOSDAQ,기술성장기업부,8640,2,-480,-5.26,8910,9240,8020,136759,1196241350,142627167360,16507774,KSQ
526,104480,KR7104480009,티케이케미칼,KOSDAQ,중견기업부,1569,2,-41,-2.55,1613,1645,1521,252434,399571981,142614935946,90895434,KSQ
527,179290,KR7179290002,엠아이텍,KOSDAQ,우량기업부,4390,2,-30,-0.68,4355,4550,4355,51007,226033193,142085326420,32365678,KSQ
528,146320,KR7146320007,비씨엔씨,KOSDAQ,벤처기업부,11100,1,390,3.64,10690,12000,10030,58620,627398365,142056945300,12797923,KSQ
529,065170,KR7065170003,비엘팜텍,KOSDAQ,투자주의환기종목(소속부없음),5080,1,485,10.55,5520,5520,4225,6772641,33197352749,141802068440,27913793,KSQ
530,039860,KR7039860002,나노엔텍,KOSDAQ,중견기업부,3720,2,-120,-3.13,3790,3920,3670,118729,446037921,141706157160,38093053,KSQ
531,0039P0,KR70039P0000,매드업,KOSDAQ,기술성장기업부,7530,1,500,7.11,6830,8620,5980,15238140,118465239065,141163404000,18746800,KSQ
532,462860,KR7462860008,더즌,KOSDAQ,벤처기업부,1965,2,-95,-4.61,2045,2065,1951,136736,271767402,141001567695,71756523,KSQ
533,119830,KR7119830008,아이텍,KOSDAQ,중견기업부,5300,2,-200,-3.64,5400,5560,5100,207838,1096090140,140654240800,26538536,KSQ
534,270660,KR7270660004,에브리봇,KOSDAQ,벤처기업부,11060,2,-320,-2.81,11050,11600,10850,75926,847511750,140357847980,12690583,KSQ
535,388050,KR7388050007,지투파워,KOSDAQ,우량기업부,7500,2,-300,-3.85,7780,7840,7340,168643,1274070100,140320777500,18709437,KSQ
536,114840,KR7114840002,아이패밀리에스씨,KOSDAQ,우량기업부,8410,1,180,2.19,8230,8770,8100,38773,325337625,140290447850,16681385,KSQ
537,418550,KR7418550000,제이오,KOSDAQ,기술성장기업부,4380,2,-165,-3.63,4545,4600,4310,71430,316871243,140237407740,32017673,KSQ
538,086890,KR7086890001,이수앱지스,KOSDAQ,중견기업부,3435,2,-105,-2.97,3515,3560,3390,81331,279824275,140061925770,40774942,KSQ
539,067280,KR7067280008,멀티캠퍼스,KOSDAQ,우량기업부,23600,1,50,0.21,23450,23850,23050,2654,62490200,139871984400,5926779,KSQ
540,478340,KR7478340003,나라스페이스테크놀로지,KOSDAQ,기술성장기업부,12060,2,-1050,-8.01,12810,13390,11860,84501,1047112495,139535803980,11570133,KSQ
541,264450,KR7264450008,유비쿼스,KOSDAQ,우량기업부,9480,2,-490,-4.91,9890,9990,9300,40160,381177460,139028873640,14665493,KSQ
542,101360,KR7101360006,에코앤드림,KOSDAQ,벤처기업부,7780,2,-200,-2.51,7800,8250,7560,46390,361391250,138375966920,17786114,KSQ
543,058820,KR7058820002,CMG제약,KOSDAQ,중견기업부,928,2,-43,-4.43,951,987,910,457347,429147060,137458659968,148123556,KSQ
544,023600,KR7023600000,삼보판지,KOSDAQ,우량기업부,8580,2,-30,-0.35,8600,8710,8490,4942,42615260,137351214000,16008300,KSQ
545,226590,KR7226590008,엠디바이스,KOSDAQ,기술성장기업부,12800,1,580,4.75,12110,13140,12110,72048,921748595,137174835200,10716784,KSQ
546,078070,KR7078070000,유비쿼스홀딩스,KOSDAQ,중견기업부,8040,2,-110,-1.35,8150,8290,7860,37692,299496050,137153097720,17058843,KSQ
547,147830,KR7147830004,제룡산업,KOSDAQ,벤처기업부,6850,2,-230,-3.25,6980,7150,6690,194617,1342568985,137000000000,20000000,KSQ
548,005990,KR7005990007,매일홀딩스,KOSDAQ,우량기업부,10260,1,130,1.28,10140,10270,9960,959,9690120,136440599040,13298304,KSQ
549,024060,KR7024060006,흥구석유,KOSDAQ,중견기업부,9080,2,-20,-0.22,9020,9190,8950,167468,1520531075,136200000000,15000000,KSQ
550,001540,KR7001540004,안국약품,KOSDAQ,우량기업부,10430,1,90,0.87,10360,10580,10140,66399,687118465,136032440600,13042420,KSQ
551,049720,KR7049720006,고려신용정보,KOSDAQ,우량기업부,9500,1,40,0.42,9380,9560,9380,35275,335474650,135850000000,14300000,KSQ
552,038290,KR7038290003,마크로젠,KOSDAQ,중견기업부,12530,2,-20,-0.16,12490,12680,12060,28977,355413030,135842742000,10841400,KSQ
553,069510,KR7069510006,에스텍,KOSDAQ,우량기업부,12370,2,-190,-1.51,12470,12800,12330,5495,68450950,134956700000,10910000,KSQ
554,361390,KR7361390008,제노코,KOSDAQ,벤처기업부,13850,2,-790,-5.4,14340,14480,13590,66543,929988425,134848876850,9736381,KSQ
555,118990,KR7118990001,모트렉스,KOSDAQ,우량기업부,5490,2,-150,-2.66,5590,5650,5390,50577,278303075,134710166790,24537371,KSQ
556,402490,KR7402490007,그린리소스,KOSDAQ,기술성장기업부,7940,2,-250,-3.05,8180,8650,7780,318424,2621815510,134465622980,16935217,KSQ
557,088800,KR7088800008,에이스테크,KOSDAQ,중견기업부,1779,2,-71,-3.84,1840,1900,1752,121590,219575161,134325946086,75506434,KSQ
558,405100,KR7405100009,큐알티,KOSDAQ,중견기업부,10890,2,-500,-4.39,11240,11580,10610,50917,560018165,133830487890,12289301,KSQ
559,102120,KR7102120003,어보브반도체,KOSDAQ,벤처기업부,7510,2,-350,-4.45,7580,7990,7300,170928,1287668745,133533455030,17780753,KSQ
560,106190,KR7106190002,하이텍팜,KOSDAQ,우량기업부,12450,2,-120,-0.95,12580,13030,12330,33601,427316285,132383003850,10633173,KSQ
561,037350,KR7037350006,성도이엔지,KOSDAQ,우량기업부,8690,2,-470,-5.13,9080,9230,8480,245758,2158981800,132174900000,15210000,KSQ
562,269620,KR7269620001,시스웍,KOSDAQ,관리종목(소속부없음),889,0,0,0.0,0,0,0,0,0,132090012299,148582691,KSQ
563,445180,KR7445180003,퓨릿,KOSDAQ,우량기업부,7670,2,-190,-2.42,7860,8240,7520,46845,359692170,131841071960,17189188,KSQ
564,068790,KR7068790005,DMS,KOSDAQ,우량기업부,5840,2,-230,-3.79,6100,6180,5800,49531,293523535,131810108160,22570224,KSQ
565,0007C0,KR70007C0003,아크릴,KOSDAQ,기술성장기업부,16380,2,-620,-3.65,16700,17360,15930,32884,542163050,131536707120,8030324,KSQ
566,095190,KR7095190005,신화프리텍,KOSDAQ,중견기업부,2010,2,-5,-0.25,2015,2105,1981,150274,303670929,131173528620,65260462,KSQ
567,293580,KR7293580007,나우IB,KOSDAQ,중견기업부,1378,2,-38,-2.68,1411,1435,1345,303030,419028856,130813471100,94929950,KSQ
568,372170,KR7372170001,윤성에프앤씨,KOSDAQ,우량기업부,16380,2,-830,-4.82,16760,17260,16300,8870,147745050,130696806240,7979048,KSQ
569,126730,KR7126730001,코칩,KOSDAQ,벤처기업부,14830,2,-610,-3.95,14900,15900,14530,63240,950511265,130060968580,8770126,KSQ
570,357880,KR7357880004,SKAI,KOSDAQ,기술성장기업부,2415,2,-145,-5.66,2580,2620,2350,1059602,2572254558,127850215920,52940048,KSQ
571,086980,KR7086980000,쇼박스,KOSDAQ,중견기업부,2040,1,10,0.49,2025,2085,2010,133008,272507811,127781520000,62638000,KSQ
572,136540,KR7136540002,윈스테크넷,KOSDAQ,우량기업부,10340,2,-10,-0.1,10310,10530,10250,11356,117370030,126972573640,12279746,KSQ
573,005160,KR7005160007,동국산업,KOSDAQ,중견기업부,2340,2,-40,-1.68,2415,2415,2300,93276,218575725,126932087880,54244482,KSQ
574,126640,KR7126640002,화신정공,KOSDAQ,우량기업부,3620,2,-325,-8.24,3820,3915,3580,1356048,5018216279,126902394200,35055910,KSQ
575,211270,KR7211270004,AP위성,KOSDAQ,우량기업부,8410,2,-440,-4.97,8620,8940,8300,59946,511989180,126842176640,15082304,KSQ
576,109740,KR7109740001,디에스케이,KOSDAQ,벤처기업부,4920,2,-320,-6.11,5160,5340,4850,38455,190877135,126495118800,25710390,KSQ
577,025950,KR7025950007,동신건설,KOSDAQ,우량기업부,14990,2,-1330,-8.15,15910,18890,14600,1617614,27473512595,125916000000,8400000,KSQ
578,489500,KR7489500009,엘케이켐,KOSDAQ,벤처기업부,19700,2,-900,-4.37,20400,20950,19230,24534,484877440,125907388600,6391238,KSQ
579,036690,KR7036690006,코맥스,KOSDAQ,관리종목(소속부없음),2885,0,0,0.0,0,0,0,0,0,125692107675,43567455,KSQ
580,310200,KR7310200001,애니플러스,KOSDAQ,중견기업부,2405,1,155,6.89,2250,2530,2205,822085,1984522040,125451620580,52162836,KSQ
581,003100,KR7003100005,선광,KOSDAQ,우량기업부,18990,2,-10,-0.05,19100,19330,18620,19491,369421830,125334000000,6600000,KSQ
582,109610,KR7109610006,에스와이,KOSDAQ,중견기업부,2560,4,590,29.95,1964,2560,1951,1176580,2873621882,125202944000,48907400,KSQ
583,408920,KR7408920007,메쎄이상,KOSDAQ,우량기업부,2895,1,5,0.17,2890,2925,2835,33778,97261445,125157957225,43232455,KSQ
584,297890,KR7297890006,HB솔루션,KOSDAQ,우량기업부,1701,1,12,0.71,1653,1798,1561,443944,736765548,124412694714,73140914,KSQ
585,042600,KR7042600007,새로닉스,KOSDAQ,중견기업부,9980,2,-310,-3.01,10500,10530,9800,9833,98583325,123987268520,12423574,KSQ
586,149950,KR7149950008,아바텍,KOSDAQ,우량기업부,9070,2,-340,-3.61,9130,9640,8720,174474,1593585995,123966066210,13667703,KSQ
587,041440,KR7041440009,현대에버다임,KOSDAQ,우량기업부,6940,1,60,0.87,6720,7200,6720,124430,866611980,123821481280,17841712,KSQ
588,240550,KR7240550004,동방메디컬,KOSDAQ,중견기업부,5910,2,-10,-0.17,5920,6070,5810,64384,382026890,123719585400,20933940,KSQ
589,307750,KR7307750000,국전,KOSDAQ,중견기업부,2290,1,40,1.78,2250,2355,2230,341251,783390314,123628599520,53986288,KSQ
590,090850,KR7090850009,현대이지웰,KOSDAQ,우량기업부,5490,1,140,2.62,5310,5500,5220,81929,445450990,123403687470,22477903,KSQ
591,388790,KR7388790008,라이콤,KOSDAQ,벤처기업부,4015,2,-150,-3.6,4010,4275,3905,314223,1275606046,122915852400,30614160,KSQ
592,122450,KR7122450000,KX,KOSDAQ,중견기업부,2740,2,-45,-1.62,2780,2835,2700,24920,68887080,122806345160,44819834,KSQ
593,469610,KR7469610000,이노테크,KOSDAQ,중견기업부,13730,2,-1080,-7.29,14350,14560,13420,71053,985251610,122786017000,8942900,KSQ
594,293780,KR7293780003,압타바이오,KOSDAQ,기술성장기업부,4360,2,-165,-3.65,4525,4645,4270,73643,322846634,122487245800,28093405,KSQ
595,458650,KR7458650009,성우,KOSDAQ,벤처기업부,8140,2,-200,-2.4,8270,8450,8010,13719,111902480,122471753800,15045670,KSQ
596,474170,KR7474170008,루미르,KOSDAQ,기술성장기업부,6870,2,-410,-5.63,6820,7270,6750,70972,496406545,122407571520,17817696,KSQ
597,021320,KR7021320007,KCC건설,KOSDAQ,우량기업부,5710,3,0,0.0,5700,5790,5450,31193,176276035,122194000000,21400000,KSQ
598,452450,KR7452450000,피아이이,KOSDAQ,벤처기업부,3380,2,-80,-2.31,3385,3510,3270,124495,421095894,121776330000,36028500,KSQ
599,339950,KR7339950008,아이비김영,KOSDAQ,우량기업부,2705,2,-20,-0.73,2725,2770,2675,85620,232304420,121580701775,44946655,KSQ
600,199430,KR7199430000,케이엔알시스템,KOSDAQ,기술성장기업부,10900,2,-370,-3.28,11220,11590,10500,20261,220270520,121470068700,11144043,KSQ
601,321550,KR7321550006,티움바이오,KOSDAQ,기술성장기업부,4040,1,50,1.25,3970,4210,3960,140955,571901579,121355439000,30038475,KSQ
602,311320,KR7311320006,지오엘리먼트,KOSDAQ,기술성장기업부,9620,2,-840,-8.03,10310,10940,9450,104569,1039342455,121352067200,12614560,KSQ
603,140670,KR7140670001,알에스오토메이션,KOSDAQ,중견기업부,9450,2,-440,-4.45,9660,9910,9360,43633,418163370,121336488000,12839840,KSQ
604,259630,KR7259630002,엠플러스,KOSDAQ,우량기업부,9910,2,-290,-2.84,10210,10300,9750,60467,602120775,121123944360,12222396,KSQ
605,432720,KR7432720001,퀄리타스반도체,KOSDAQ,기술성장기업부,8530,2,-720,-7.78,9180,9250,8310,205323,1786954400,121019989160,14187572,KSQ
606,264660,KR7264660002,씨앤지하이테크,KOSDAQ,우량기업부,12430,2,-230,-1.82,12550,13020,12210,49366,615713020,120834167960,9721172,KSQ
607,285490,KR7285490009,노바텍,KOSDAQ,벤처기업부,11420,2,-380,-3.22,11790,11950,11300,44269,509758585,120775990020,10575831,KSQ
608,264850,KR7264850009,이랜시스,KOSDAQ,중견기업부,3975,2,-215,-5.13,4040,4215,3890,142751,572492465,120421082700,30294612,KSQ
609,950190,KR8344390008,고스트스튜디오,KOSDAQ,외국기업(소속부없음),9240,2,-180,-1.91,9460,9460,9130,75504,702201645,120277625160,13017059,KSQ
610,473980,KR7473980001,노머스,KOSDAQ,기술성장기업부,10850,2,-320,-2.86,10970,11610,10600,19870,221039420,119993643700,11059322,KSQ
611,418420,KR7418420006,라온텍,KOSDAQ,기술성장기업부,3860,2,-180,-4.46,4065,4150,3745,198809,779312060,118789793880,30774558,KSQ
612,232680,KR7232680009,라온로보틱스,KOSDAQ,기술성장기업부,8960,2,-480,-5.08,9440,9500,8740,88266,794145865,118787200000,13257500,KSQ
613,067990,KR7067990002,도이치모터스,KOSDAQ,우량기업부,4070,2,-20,-0.49,4090,4195,4040,90820,373368440,118768908500,29181550,KSQ
614,0017J0,KR70017J0004,세미티에스,KOSDAQ,벤처기업부,3920,2,-300,-7.11,4160,4280,3905,840078,3378845827,118135562160,30136623,KSQ
615,282880,KR7282880004,코윈테크,KOSDAQ,우량기업부,10090,2,-270,-2.61,10280,10490,9800,26275,264864320,117993287380,11694082,KSQ
616,256940,KR7256940008,킵스파마,KOSDAQ,벤처기업부,5860,2,-210,-3.46,6010,6190,5760,56477,335811340,117657941420,20078147,KSQ
617,038540,KR7038540001,상상인,KOSDAQ,중견기업부,2115,2,-15,-0.7,2140,2165,2065,71852,152120085,117019381995,55328313,KSQ
618,267320,KR7267320000,나인테크,KOSDAQ,벤처기업부,2035,2,-50,-2.4,2080,2140,1998,256387,524102601,116840125325,57415295,KSQ
619,089600,KR7089600001,KT나스미디어,KOSDAQ,우량기업부,10100,2,-60,-0.59,9960,10240,9960,7835,79335900,116838446300,11568163,KSQ
620,053080,KR7053080008,케이엔솔,KOSDAQ,중견기업부,8960,2,-390,-4.17,9050,9810,8870,58922,535900660,116478270720,12999807,KSQ
621,366030,KR7366030005,나인앤컴퍼니,KOSDAQ,중견기업부,5130,2,-440,-7.9,5500,5510,4955,144096,739424500,116214250500,22653850,KSQ
622,041590,KR7041590001,플래스크,KOSDAQ,관리종목(소속부없음),2370,0,0,0.0,0,0,0,0,0,116064014460,48972158,KSQ
623,027710,KR7027710003,팜스토리,KOSDAQ,우량기업부,1032,1,3,0.29,1021,1055,1012,335756,345463718,114981931200,111416600,KSQ
624,220260,KR7220260004,켐트로스,KOSDAQ,벤처기업부,3580,2,-120,-3.24,3665,3740,3515,93375,335542900,114817956900,32072055,KSQ
625,163730,KR7163730005,핑거,KOSDAQ,벤처기업부,9530,2,-330,-3.35,9860,11090,9320,68004,661002940,114509783010,12015717,KSQ
626,263860,KR7263860009,지니언스,KOSDAQ,벤처기업부,12610,2,-60,-0.47,12670,13040,12320,23446,295831790,114493756000,9079600,KSQ
627,094840,KR7094840006,슈프리마에이치큐,KOSDAQ,벤처기업부,11670,2,-330,-2.75,12140,12140,11580,31000,366903490,114437292030,9806109,KSQ
628,067900,KR7067900001,와이엔텍,KOSDAQ,우량기업부,6280,2,-170,-2.64,6450,6630,6200,113330,721571250,114293858520,18199659,KSQ
629,013990,KR7013990007,아가방컴퍼니,KOSDAQ,우량기업부,3475,2,-45,-1.28,3500,3560,3400,40800,142209665,114284187600,32887536,KSQ
630,091590,KR7091590000,남화토건,KOSDAQ,중견기업부,9730,2,-880,-8.29,9650,11330,9070,3668661,38347316805,114230200000,11740000,KSQ
631,300080,KR7300080009,플리토,KOSDAQ,기술성장기업부,6920,2,-150,-2.12,7010,7160,6730,54190,379064900,114217720920,16505451,KSQ
632,073010,KR7073010001,케이에스피,KOSDAQ,우량기업부,2840,2,-180,-5.96,2925,2980,2790,228270,651768887,114143150000,40191250,KSQ
633,380550,KR7380550004,뉴로핏,KOSDAQ,기술성장기업부,9350,2,-310,-3.21,9020,10120,9020,61401,580369420,114059397100,12198866,KSQ
634,340450,KR7340450006,지씨지놈,KOSDAQ,기술성장기업부,4800,2,-60,-1.23,4805,4915,4445,111632,526263317,113523806400,23650793,KSQ
635,047310,KR7047310008,파워로직스,KOSDAQ,우량기업부,3090,2,-70,-2.22,3180,3740,3035,2016806,6827935126,113127232950,36610755,KSQ
636,142210,KR7142210004,유니트론텍,KOSDAQ,우량기업부,5430,2,-200,-3.55,5660,5660,5370,132977,731194545,112680118290,20751403,KSQ
637,080420,KR7080420003,모다이노칩,KOSDAQ,중견기업부,1411,1,29,2.1,1446,1446,1354,1409,1960794,112487208642,79721622,KSQ
638,093640,KR7093640001,케이알엠,KOSDAQ,벤처기업부,3420,2,-80,-2.29,3500,3590,3360,38470,131728691,112325508720,32843716,KSQ
639,083500,KR7083500009,에프엔에스테크,KOSDAQ,우량기업부,13500,2,-1200,-8.16,14680,14750,13010,129158,1738947280,112136089500,8306377,KSQ
640,308080,KR7308080001,바이젠셀,KOSDAQ,기술성장기업부,5460,2,-90,-1.62,5540,5720,5350,164441,905381400,111925959600,20499260,KSQ
641,488280,KR7488280009,에스투더블유,KOSDAQ,기술성장기업부,10350,2,-270,-2.54,10330,10880,9780,36182,373965690,111816080100,10803486,KSQ
642,108230,KR7108230004,톱텍,KOSDAQ,우량기업부,2930,2,-195,-6.24,3045,3095,2835,110432,323648853,111408107850,38023245,KSQ
643,017510,KR7017510009,세명전기,KOSDAQ,벤처기업부,7300,2,-410,-5.32,7970,7970,7110,130866,973825175,111295800000,15246000,KSQ
644,115310,KR7115310005,인포바인,KOSDAQ,벤처기업부,6970,2,-30,-0.43,7100,7100,6700,8779,60220180,111271972550,15964415,KSQ
645,217270,KR7217270008,넵튠,KOSDAQ,중견기업부,2375,1,25,1.06,2350,2375,2275,46303,106601512,110997152125,46735643,KSQ
646,338220,KR7338220007,뷰노,KOSDAQ,기술성장기업부,7920,1,40,0.51,7720,7950,7650,28082,218644180,110894438160,14001823,KSQ
647,047770,KR7047770003,코데즈컴바인,KOSDAQ,중견기업부,2930,1,55,1.91,2830,3050,2830,460846,1351138841,110878823860,37842602,KSQ
648,289080,KR7289080004,SV인베스트먼트,KOSDAQ,중견기업부,1841,2,-73,-3.81,1910,1936,1800,244515,453896835,110714486953,60138233,KSQ
649,051160,KR7051160000,지어소프트,KOSDAQ,중견기업부,7120,2,-50,-0.7,7120,7300,6990,10801,77509205,110177941600,15474430,KSQ
650,095700,KR7095700001,제넥신,KOSDAQ,기술성장기업부,2415,2,-60,-2.42,2475,2510,2370,97588,236955879,109980293010,45540494,KSQ
651,198440,KR7198440000,강동씨앤엘,KOSDAQ,중견기업부,1791,1,201,12.64,1592,2060,1527,19369837,36103602989,109129025736,60931896,KSQ
652,009780,KR7009780008,엠에스씨,KOSDAQ,우량기업부,6200,3,0,0.0,6150,6240,6140,5672,35103750,109120000000,17600000,KSQ
653,018120,KR7018120006,진로발효,KOSDAQ,우량기업부,16440,2,-50,-0.3,16490,16540,16440,1012,16680760,108851212800,6621120,KSQ
654,054050,KR7054050000,NH농우바이오,KOSDAQ,우량기업부,6790,2,-50,-0.73,6850,6980,6750,27235,187136330,108847509190,16030561,KSQ
655,049520,KR7049520000,유아이엘,KOSDAQ,우량기업부,3515,2,-30,-0.85,3560,3580,3455,55944,195834495,108411826875,30842625,KSQ
656,148150,KR7148150006,세경하이테크,KOSDAQ,우량기업부,3030,2,-65,-2.1,3050,3125,2985,40890,123904465,107694738540,35542818,KSQ
657,297090,KR7297090003,씨에스베어링,KOSDAQ,투자주의환기종목(소속부없음),3940,2,-115,-2.84,3950,4135,3850,161437,642890977,107443800000,27270000,KSQ
658,246710,KR7246710008,티앤알바이오팹,KOSDAQ,기술성장기업부,2250,2,-75,-3.23,2330,2390,2185,256328,583314320,107245134000,47664504,KSQ
659,205100,KR7205100001,엑셈,KOSDAQ,벤처기업부,1512,1,47,3.21,1504,1585,1472,2470375,3783889919,106877871576,70686423,KSQ
660,290720,KR7290720002,푸드나무,KOSDAQ,중견기업부,3010,3,0,0.0,3010,3195,2770,85310,261018940,106733850510,35459751,KSQ
661,166480,KR7166480004,코아스템켐온,KOSDAQ,벤처기업부,2015,2,-65,-3.13,2080,2200,1950,151051,309600561,106533807640,52870376,KSQ
662,006620,KR7006620009,동구바이오제약,KOSDAQ,우량기업부,3740,2,-20,-0.53,3730,3880,3660,102547,385803862,106459070080,28464992,KSQ
663,056090,KR7056090004,시지메드텍,KOSDAQ,벤처기업부,1029,1,25,2.49,1047,1115,1020,2674396,2832738511,106253548044,103259036,KSQ
664,035610,KR7035610005,솔본,KOSDAQ,투자주의환기종목(소속부없음),3880,1,15,0.39,3865,3945,3765,77354,299796805,106102468360,27345997,KSQ
665,322510,KR7322510009,제이엘케이,KOSDAQ,기술성장기업부,4120,3,0,0.0,4120,4280,4060,83162,345004866,105990675040,25725892,KSQ
666,453450,KR7453450009,그리드위즈,KOSDAQ,중견기업부,13320,2,-450,-3.27,13600,14050,13110,36724,491428550,105797430000,7942750,KSQ
667,336680,KR7336680004,탑런토탈솔루션,KOSDAQ,중견기업부,2700,2,-70,-2.53,2620,2760,2620,50426,134942050,105693006600,39145558,KSQ
668,035080,KR7035080001,그래디언트,KOSDAQ,중견기업부,9240,2,-270,-2.84,9440,9510,9120,17706,164481810,105625064160,11431284,KSQ
669,063570,KR7063570006,NICE인프라,KOSDAQ,우량기업부,3090,2,-40,-1.28,3140,3175,3070,64575,200982422,105516479520,34147728,KSQ
670,073560,KR7073560005,우리손에프앤지,KOSDAQ,우량기업부,1523,2,-29,-1.87,1539,1565,1505,39334,60092436,105448930289,69237643,KSQ
671,039340,KR7039340005,한국경제TV,KOSDAQ,우량기업부,4785,2,-25,-0.52,4810,4840,4740,1340,6394970,105270000000,22000000,KSQ
672,039560,KR7039560008,다산네트웍스,KOSDAQ,중견기업부,2450,2,-80,-3.16,2510,2530,2415,175046,431938037,105076746600,42888468,KSQ
673,209640,KR7209640002,와이제이링크,KOSDAQ,중견기업부,3685,2,-90,-2.38,3820,3920,3600,354099,1325382081,104812993010,28443146,KSQ
674,052260,KR7052260007,현대바이오랜드,KOSDAQ,우량기업부,3490,2,-70,-1.97,3535,3600,3465,27473,96733620,104700000000,30000000,KSQ
675,032940,KR7032940009,원익,KOSDAQ,우량기업부,5730,2,-360,-5.91,5910,6250,5480,112352,647316295,104247207900,18193230,KSQ
676,156100,KR7156100000,엘앤케이바이오,KOSDAQ,벤처기업부,4660,1,100,2.19,4515,4955,4470,174879,828761000,104156372980,22351153,KSQ
677,131030,KR7131030009,옵투스제약,KOSDAQ,우량기업부,5890,2,-100,-1.67,5960,6080,5820,62448,369228805,103938415100,17646590,KSQ
678,187790,KR7187790001,나노,KOSDAQ,벤처기업부,3370,2,-70,-2.03,3400,3475,3315,111096,372811125,103933597100,30840830,KSQ
679,365330,KR7365330000,에스와이스틸텍,KOSDAQ,우량기업부,2065,1,257,14.21,1810,2285,1797,17254008,37010326907,103603115000,50171000,KSQ
680,125210,KR7125210005,아모그린텍,KOSDAQ,우량기업부,6280,2,-70,-1.1,6350,6490,6140,71422,448203940,103599841200,16496790,KSQ
681,289930,KR7289930000,웨이비스,KOSDAQ,기술성장기업부,7860,2,-350,-4.26,8210,8450,7680,86454,681885220,103351218600,13149010,KSQ
682,105330,KR7105330005,케이엔더블유,KOSDAQ,중견기업부,6450,2,-640,-9.03,6740,7100,6320,121248,797601500,103325904000,16019520,KSQ
683,115500,KR7115500001,케이씨에스,KOSDAQ,중견기업부,8560,2,-210,-2.39,8750,8960,8420,74163,643670180,102720000000,12000000,KSQ
684,059210,KR7059210005,메타바이오메드,KOSDAQ,우량기업부,3780,2,-40,-1.05,3820,3870,3690,90747,342828508,102708062100,27171445,KSQ
685,299030,KR7299030007,하나기술,KOSDAQ,벤처기업부,12780,2,-550,-4.13,13330,13910,12670,15319,198586405,102174949800,7994910,KSQ
686,235980,KR7235980000,메드팩토,KOSDAQ,기술성장기업부,2980,2,-30,-1.0,2855,3170,2855,208690,629947007,102139860580,34275121,KSQ
687,053700,KR7053700001,삼보모터스,KOSDAQ,우량기업부,3810,2,-55,-1.42,3865,4035,3745,308750,1195486135,101787034170,26715757,KSQ
688,013310,KR7013310008,아진산업,KOSDAQ,우량기업부,2620,2,-70,-2.6,2670,2690,2570,275925,721638566,101673244840,38806582,KSQ
689,066980,KR7066980004,한성크린텍,KOSDAQ,벤처기업부,1953,2,-177,-8.31,2020,2090,1851,2060657,4068963263,101558638503,52001351,KSQ
690,123040,KR7123040008,엠에스오토텍,KOSDAQ,중견기업부,1621,2,-23,-1.4,1644,1649,1593,101046,163174312,101520472679,62628299,KSQ
691,417500,KR7417500006,제이아이테크,KOSDAQ,우량기업부,3095,2,-110,-3.43,3150,3215,3065,145232,451846045,101468782680,32784744,KSQ
692,149980,KR7149980005,하이로닉,KOSDAQ,중견기업부,4785,2,-55,-1.14,4835,4985,4425,12984,60201700,101415026955,21194363,KSQ
693,021080,KR7021080007,에이티넘인베스트,KOSDAQ,우량기업부,2110,2,-50,-2.31,2120,2175,2055,303248,636754179,101280000000,48000000,KSQ
694,475580,KR7475580007,에이럭스,KOSDAQ,벤처기업부,7430,2,-370,-4.74,7800,7820,7180,77650,573762360,101233007000,13624900,KSQ
695,037030,KR7037030004,파워넷,KOSDAQ,우량기업부,3950,2,-70,-1.74,3990,4345,3820,431267,1761010894,100776318400,25512992,KSQ
696,071280,KR7071280002,로체시스템즈,KOSDAQ,우량기업부,6580,2,-290,-4.22,6870,6890,6380,67278,440398100,100651647740,15296603,KSQ
697,489460,KR7489460006,바이오비쥬,KOSDAQ,벤처기업부,6680,2,-110,-1.62,6800,6990,6550,38802,259446625,100496792400,15044430,KSQ
698,141000,KR7141000000,비아트론,KOSDAQ,벤처기업부,8280,2,-650,-7.28,8860,8950,8100,32889,276727220,100309798800,12114710,KSQ
699,306620,KR7306620006,지아이에스,KOSDAQ,벤처기업부,2085,2,-165,-7.33,2250,2275,2010,473735,999624241,99959453640,47942184,KSQ
700,323990,KR7323990002,박셀바이오,KOSDAQ,기술성장기업부,4285,2,-135,-3.05,4360,4850,4230,212130,953112715,99657723325,23257345,KSQ
701,246720,KR7246720007,아스타,KOSDAQ,관리종목(소속부없음),6070,0,0,0.0,0,0,0,0,0,99434491000,16381300,KSQ
702,051980,KR7051980001,중앙첨단소재,KOSDAQ,중견기업부,895,1,8,0.9,887,947,871,915728,828737670,99427079555,111091709,KSQ
703,101170,KR7101170009,우림피티에스,KOSDAQ,벤처기업부,7350,2,-360,-4.67,7470,7770,7160,49678,367524825,99225000000,13500000,KSQ
704,309960,KR7309960003,LB인베스트먼트,KOSDAQ,중견기업부,4270,2,-105,-2.4,4375,4375,4185,45032,191585979,99137610530,23217239,KSQ
705,228850,KR7228850004,레이언스,KOSDAQ,우량기업부,5970,2,-200,-3.24,6140,6150,5760,24397,145939180,99048353580,16591014,KSQ
706,417010,KR7417010006,나노팀,KOSDAQ,벤처기업부,4910,2,-330,-6.3,5200,5370,4840,79090,393212227,99048094480,20172728,KSQ
707,041520,KR7041520008,이엘씨,KOSDAQ,투자주의환기종목(소속부없음),8100,2,-180,-2.17,8600,8600,7960,19197,154751520,98728713000,12188730,KSQ
708,333430,KR7333430007,일승,KOSDAQ,중견기업부,3205,2,-200,-5.87,3335,3365,3120,67015,215677463,98479224135,30726747,KSQ
709,120240,KR7120240007,대정화금,KOSDAQ,우량기업부,13680,1,10,0.07,13660,13790,13540,17293,236994020,98364548880,7190391,KSQ
710,100700,KR7100700004,세운메디칼,KOSDAQ,우량기업부,2245,1,10,0.45,2220,2285,2210,85969,193097985,98331000000,43800000,KSQ
711,331920,KR7331920009,셀레믹스,KOSDAQ,기술성장기업부,10000,2,-1290,-11.43,11290,11290,9700,91079,933968740,97969770000,9796977,KSQ
712,158430,KR7158430009,아톤,KOSDAQ,벤처기업부,3980,2,-145,-3.52,4095,4205,3900,131775,528710745,97438726160,24482092,KSQ
713,225530,KR7225530005,HC보광산업,KOSDAQ,우량기업부,2680,2,-245,-8.38,2860,3090,2585,507497,1424148040,97387788360,36338727,KSQ
714,066790,KR7066790007,씨씨에스,KOSDAQ,관리종목(소속부없음),1493,0,0,0.0,0,0,0,0,0,97271994227,65152039,KSQ
715,068240,KR7068240001,다원시스,KOSDAQ,관리종목(소속부없음),2530,0,0,0.0,0,0,0,0,0,96553495610,38163437,KSQ
716,040300,KR7040300006,YTN,KOSDAQ,중견기업부,2020,2,-40,-1.94,2040,2095,2000,51528,104815593,96307499600,47676980,KSQ
717,265740,KR7265740001,엔에프씨,KOSDAQ,벤처기업부,5380,1,100,1.89,5150,5590,5150,125028,678923140,96106168000,17863600,KSQ
718,214680,KR7214680001,디알텍,KOSDAQ,벤처기업부,1151,2,-8,-0.69,1133,1194,1110,263582,305140428,96082091456,83477056,KSQ
719,104460,KR7104460001,디와이피엔에프,KOSDAQ,우량기업부,9080,2,-320,-3.4,9400,9510,8860,7248,66408020,95504357080,10518101,KSQ
720,079650,KR7079650008,서산,KOSDAQ,중견기업부,4775,4,1100,29.93,3455,4775,3370,3864708,16205919469,95500000000,20000000,KSQ
721,205500,KR7205500002,넥써쓰,KOSDAQ,중견기업부,1485,2,-89,-5.65,1550,1550,1442,602176,888514453,95206467015,64112099,KSQ
722,263720,KR7263720005,디앤씨미디어,KOSDAQ,우량기업부,7670,2,-30,-0.39,7610,7860,7490,21942,168577660,95204572970,12412591,KSQ
723,362320,KR7362320004,청담글로벌,KOSDAQ,중견기업부,4500,2,-100,-2.17,4525,4700,4415,59121,270734768,95180805000,21151290,KSQ
724,352090,KR7352090005,스톰테크,KOSDAQ,우량기업부,3530,2,-45,-1.26,3600,3600,3475,8818,31192654,94861682940,26872998,KSQ
725,047560,KR7047560008,이스트소프트,KOSDAQ,중견기업부,8070,1,160,2.02,7840,8090,7630,39867,313298710,94847371740,11753082,KSQ
726,182360,KR7182360008,큐브엔터,KOSDAQ,우량기업부,6090,2,-10,-0.16,6100,6360,5940,23272,143601050,94698580410,15549849,KSQ
727,111710,KR7111710000,남화산업,KOSDAQ,중견기업부,4580,2,-700,-13.26,4855,5720,4510,1727197,8780634289,94293040000,20588000,KSQ
728,058630,KR7058630005,엠게임,KOSDAQ,우량기업부,4885,1,125,2.63,4760,4930,4590,75490,364577950,93804573990,19202574,KSQ
729,255440,KR7255440000,야스,KOSDAQ,벤처기업부,7160,2,-210,-2.85,7370,7400,6990,13099,94231590,93495280000,13058000,KSQ
730,474610,KR7474610003,RF시스템즈,KOSDAQ,벤처기업부,6480,2,-480,-6.9,6760,7020,6300,99717,652326805,93410625600,14415220,KSQ
731,005860,KR7005860002,한일사료,KOSDAQ,우량기업부,2365,1,35,1.5,2335,2455,2320,396439,949111594,93189715025,39403685,KSQ
732,487580,KR7487580003,폴레드,KOSDAQ,벤처기업부,3700,2,-190,-4.88,3900,4050,3540,398054,1481458894,93176585700,25182861,KSQ
733,950250,KR8826050005,테라뷰,KOSDAQ,기술성장기업부,2615,2,-85,-3.15,2645,2695,2515,211811,550260070,92878866565,35517731,KSQ
734,096250,KR7096250006,와이즈넛,KOSDAQ,기술성장기업부,7080,2,-300,-4.07,7350,7560,6770,94647,665059830,92794791720,13106609,KSQ
735,419050,KR7419050000,삼기에너지솔루션즈,KOSDAQ,중견기업부,1620,2,-83,-4.87,1681,1847,1609,12509116,22081100286,92657908800,57196240,KSQ
736,226400,KR7226400000,오스테오닉,KOSDAQ,기술성장기업부,4475,1,75,1.7,4480,4680,4375,139766,636964627,92460664475,20661601,KSQ
737,298540,KR7298540006,더네이쳐홀딩스,KOSDAQ,우량기업부,6380,2,-70,-1.09,6460,6550,6290,18084,116388130,92423142680,14486386,KSQ
738,307930,KR7307930008,컴퍼니케이,KOSDAQ,중견기업부,5920,2,-120,-1.99,6000,6110,5790,43189,255807090,92411200000,15610000,KSQ
739,0011A0,KR70011A0009,액스비스,KOSDAQ,벤처기업부,9900,2,-850,-7.91,10310,10790,9720,75016,756266075,92404026000,9333740,KSQ
740,337930,KR7337930002,젝시믹스,KOSDAQ,우량기업부,3100,2,-95,-2.97,3110,3230,3060,64774,201990470,91997072500,29676475,KSQ
741,042500,KR7042500009,링네트,KOSDAQ,우량기업부,4120,3,0,0.0,4050,4150,4050,120371,495554241,91839513280,22291144,KSQ
742,086710,KR7086710001,선진뷰티사이언스,KOSDAQ,우량기업부,7500,1,10,0.13,7490,7750,7330,53680,404380265,91524600000,12203280,KSQ
743,044990,KR7044990000,에이치엔에스하이텍,KOSDAQ,기술성장기업부,11890,2,-150,-1.25,12420,12430,11530,14285,168825190,91379703250,7685425,KSQ
744,059120,KR7059120006,아진엑스텍,KOSDAQ,벤처기업부,4990,2,-180,-3.48,5100,5280,4930,108236,547685650,91367229340,18310066,KSQ
745,040420,KR7040420002,정상제이엘에스,KOSDAQ,우량기업부,5820,2,-60,-1.02,5830,5900,5810,24542,143929870,91243352640,15677552,KSQ
746,074430,KR7074430000,아미노로직스,KOSDAQ,중견기업부,1038,2,-12,-1.14,1050,1066,1020,68514,71255763,91164264072,87826844,KSQ
747,212710,KR7212710008,아이에스티이,KOSDAQ,기술성장기업부,9380,2,-290,-3.0,9680,9680,8970,122296,1125239940,91126493640,9714978,KSQ
748,189330,KR7189330004,씨이랩,KOSDAQ,기술성장기업부,9710,2,-330,-3.29,10040,10590,9560,130263,1291901270,91101977640,9382284,KSQ
749,250060,KR7250060001,모비스,KOSDAQ,기술성장기업부,2830,1,175,6.59,2655,3450,2635,5103246,16108595615,91044818620,32171314,KSQ
750,049950,KR7049950009,미래컴퍼니,KOSDAQ,중견기업부,10320,2,-310,-2.92,10550,10780,10110,23867,247118570,91000562880,8817884,KSQ
751,317770,KR7317770006,엑스페릭스,KOSDAQ,벤처기업부,2480,2,-85,-3.31,2565,2655,2460,81581,205091615,90877477120,36644144,KSQ
752,008830,KR7008830002,대동기어,KOSDAQ,중견기업부,10090,2,-60,-0.59,9950,10540,9790,84971,869127190,90684076800,8987520,KSQ
753,357230,KR7357230002,에이치피오,KOSDAQ,우량기업부,2190,1,20,0.92,2185,2215,2130,33322,72562265,90432712440,41293476,KSQ
754,221800,KR7221800006,지구홀딩스,KOSDAQ,투자주의환기종목(소속부없음),5530,2,-70,-1.25,5520,5950,5320,22275,122610250,90243246030,16318851,KSQ
755,093920,KR7093920007,서원인텍,KOSDAQ,우량기업부,4850,2,-25,-0.51,4880,4900,4810,29659,143620385,90210000000,18600000,KSQ
756,096240,KR7096240007,크레버스,KOSDAQ,우량기업부,8380,2,-220,-2.56,8550,8600,8300,21452,180422750,89985948400,10738180,KSQ
757,052900,KR7052900008,KX하이텍,KOSDAQ,우량기업부,1228,2,-102,-7.67,1315,1315,1187,993925,1232481828,89735683708,73074661,KSQ
758,100130,KR7100130004,동국S&C,KOSDAQ,중견기업부,1563,2,-14,-0.89,1592,1600,1533,213775,334175946,89314509000,57143000,KSQ
759,072020,KR7072020001,중앙백신,KOSDAQ,벤처기업부,9410,2,-130,-1.36,9410,9580,9300,4866,45682380,89006244670,9458687,KSQ
760,053260,KR7053260006,금강철강,KOSDAQ,우량기업부,4735,2,-210,-4.25,4805,4940,4665,61397,291082080,88639200000,18720000,KSQ
761,036010,KR7036010007,아비코전자,KOSDAQ,중견기업부,6660,2,-370,-5.26,6900,7150,6510,136100,920833185,88530940440,13292934,KSQ
762,054540,KR7054540000,삼영엠텍,KOSDAQ,우량기업부,6810,2,-770,-10.16,7120,7170,6660,128587,885257125,88530000000,13000000,KSQ
763,282720,KR7282720002,금양그린파워,KOSDAQ,중견기업부,7300,1,60,0.83,7010,7350,6820,82105,583820840,88472350000,12119500,KSQ
764,023900,KR7023900004,풍국주정,KOSDAQ,우량기업부,7010,1,60,0.86,6900,7170,6890,19275,135755620,88326000000,12600000,KSQ
765,066430,KR7066430000,아이로보틱스,KOSDAQ,중견기업부,2255,2,-35,-1.53,2270,2365,2225,382401,870413685,88291088380,39153476,KSQ
766,065450,KR7065450009,빅텍,KOSDAQ,벤처기업부,2990,2,-105,-3.39,3030,3055,2955,261247,783189325,88192450970,29495803,KSQ
767,322180,KR7322180001,LS티라유텍,KOSDAQ,벤처기업부,4075,2,-155,-3.66,4230,4305,3975,147496,602577840,87596631950,21496106,KSQ
768,396470,KR7396470007,워트,KOSDAQ,중견기업부,5410,2,-260,-4.59,5670,5880,5340,53206,294467105,87209200000,16120000,KSQ
769,452190,KR7452190002,한빛레이저,KOSDAQ,벤처기업부,3640,2,-210,-5.45,3780,3900,3550,166182,612601806,87070827480,23920557,KSQ
770,217820,KR7217820000,원익피앤이,KOSDAQ,중견기업부,1830,2,-70,-3.68,1950,1955,1790,93630,173147455,86841842970,47454559,KSQ
771,002230,KR7002230001,피에스텍,KOSDAQ,우량기업부,4640,2,-155,-3.23,4795,4870,4580,70156,329883335,86792684800,18705320,KSQ
772,130580,KR7130580004,나이스디앤비,KOSDAQ,우량기업부,5630,3,0,0.0,5630,5630,5560,2073,11587180,86702000000,15400000,KSQ
773,032300,KR7032300006,한국파마,KOSDAQ,중견기업부,7940,2,-120,-1.49,8060,8170,7780,42730,338125280,86599205940,10906701,KSQ
774,475430,KR7475430005,키스트론,KOSDAQ,중견기업부,4830,2,-430,-8.17,5120,5260,4760,808787,4003083939,86206371300,17848110,KSQ
775,054920,KR7054920004,한컴위드,KOSDAQ,중견기업부,3055,2,-75,-2.4,3070,3195,3000,176365,539942770,86203182455,28217081,KSQ
776,099750,KR7099750002,이지케어텍,KOSDAQ,벤처기업부,6310,2,-50,-0.79,6370,6570,6230,18110,115277310,86189381630,13659173,KSQ
777,418470,KR7418470001,KT밀리의서재,KOSDAQ,우량기업부,10060,1,150,1.51,9720,10120,9720,51477,514832100,86171837340,8565789,KSQ
778,033290,KR7033290008,로젠,KOSDAQ,우량기업부,1531,2,-19,-1.23,1551,1575,1521,14186,21919296,85975296831,56156301,KSQ
779,086960,KR7086960002,MDS테크,KOSDAQ,우량기업부,2020,2,-60,-2.88,2065,2100,1983,321670,651258661,85907913400,42528670,KSQ
780,004650,KR7004650008,창해에탄올,KOSDAQ,우량기업부,9320,2,-70,-0.75,9250,9490,9210,27044,252788580,85659048200,9190885,KSQ
781,088130,KR7088130000,동아엘텍,KOSDAQ,우량기업부,4895,2,-215,-4.21,5020,5150,4825,83414,412320851,85590612030,17485314,KSQ
782,302550,KR7302550009,리메드,KOSDAQ,기술성장기업부,2765,1,110,4.14,2655,2840,2655,55053,152976540,85458269750,30907150,KSQ
783,029480,KR7029480001,광무,KOSDAQ,중견기업부,1430,2,-15,-1.04,1445,1478,1391,105507,149437696,85398358760,59719132,KSQ
784,066590,KR7066590001,스모트로닉,KOSDAQ,중견기업부,2200,2,-30,-1.35,2165,2350,2120,227628,515286289,85091461400,38677937,KSQ
785,389030,KR7389030008,지니너스,KOSDAQ,기술성장기업부,2160,2,-80,-3.57,2240,2420,2120,428930,966236682,85087305360,39392271,KSQ
786,330730,KR7330730003,스톤브릿지벤처스,KOSDAQ,벤처기업부,4660,2,-145,-3.02,4770,4810,4590,23028,107599470,84895087800,18217830,KSQ
787,011370,KR7011370004,서한,KOSDAQ,우량기업부,837,1,1,0.12,830,879,809,363362,305365045,84449002005,100894865,KSQ
788,063170,KR7063170005,서울옥션,KOSDAQ,중견기업부,4740,2,-85,-1.76,4800,4960,4650,27822,132002205,84250025580,17774267,KSQ
789,049180,KR7049180003,셀루메드,KOSDAQ,투자주의환기종목(소속부없음),1009,0,0,0.0,0,0,0,0,0,83975227728,83226192,KSQ
790,047820,KR7047820006,초록뱀미디어,KOSDAQ,중견기업부,3430,3,0,0.0,3350,3580,3340,20765,71097962,83876979900,24453930,KSQ
791,078890,KR7078890001,가온그룹,KOSDAQ,중견기업부,4550,2,-215,-4.51,4765,4975,4405,180774,820684854,83833490650,18424943,KSQ
792,321370,KR7321370009,센서뷰,KOSDAQ,기술성장기업부,1622,2,-229,-12.37,1782,1829,1594,925573,1541380198,83800477532,51664906,KSQ
793,183490,KR7183490002,엔지켐생명과학,KOSDAQ,관리종목(소속부없음),990,0,0,0.0,0,0,0,0,0,83793832650,84640235,KSQ
794,078140,KR7078140001,대봉엘에스,KOSDAQ,우량기업부,7550,2,-10,-0.13,7500,7730,7270,11689,88659450,83703671450,11086579,KSQ
795,396300,KR7396300006,세아메카닉스,KOSDAQ,우량기업부,3150,2,-125,-3.82,3195,3325,3055,168827,532698323,83441925000,26489500,KSQ
796,102370,KR7102370004,케이옥션,KOSDAQ,기술성장기업부,3060,2,-125,-3.92,3185,3225,3005,40674,126372245,83321382600,27229210,KSQ
797,037760,KR7037760006,쎄니트,KOSDAQ,중견기업부,2460,1,5,0.2,2475,2475,2400,4486,11013860,83228985660,33832921,KSQ
798,092040,KR7092040005,아미코젠,KOSDAQ,기술성장기업부,1177,2,-36,-2.97,1210,1273,1120,549122,655202412,83161390499,70655387,KSQ
799,290740,KR7290740000,액트로,KOSDAQ,벤처기업부,8230,2,-470,-5.4,8800,8800,8060,34613,288996910,82835040530,10065011,KSQ
800,950130,KR8840090003,엑세스바이오,KOSDAQ,외국기업(소속부없음),2350,2,-20,-0.84,2350,2440,2310,27440,64900446,82658509900,35173834,KSQ
801,004590,KR7004590006,한국가구,KOSDAQ,중견기업부,5510,1,50,0.92,5490,5580,5340,38871,212239270,82650000000,15000000,KSQ
802,043610,KR7043610005,KT지니뮤직,KOSDAQ,중견기업부,1420,2,-3,-0.21,1383,1438,1383,21994,30909946,82523921960,58115438,KSQ
803,036220,KR7036220002,오상헬스케어,KOSDAQ,우량기업부,5760,2,-170,-2.87,6000,6000,5610,15542,89014980,82422236160,14309416,KSQ
804,030960,KR7030960009,양지사,KOSDAQ,중견기업부,5140,2,-40,-0.77,5280,5470,5140,307286,1618678880,82137200000,15980000,KSQ
805,036630,KR7036630002,세종텔레콤,KOSDAQ,우량기업부,8200,4,1890,29.95,8200,8200,8200,10751,88158200,82000000000,10000000,KSQ
806,493330,KR7493330005,지에프아이,KOSDAQ,벤처기업부,10450,2,-350,-3.24,10980,10980,10000,12121,124915315,81922910850,7839513,KSQ
807,172670,KR7172670002,에이엘티,KOSDAQ,벤처기업부,9140,2,-380,-3.99,9520,9990,8830,94733,868860950,81896767260,8960259,KSQ
808,040160,KR7040160004,누리플렉스,KOSDAQ,중견기업부,6790,2,-420,-5.83,7240,7390,6550,18051,123691110,81857082650,12055535,KSQ
809,330350,KR7330350000,위더스제약,KOSDAQ,우량기업부,6190,1,10,0.16,6120,6350,6080,54490,334876105,81706019200,13199680,KSQ
810,091440,KR7091440008,한울소재과학,KOSDAQ,투자주의환기종목(소속부없음),2445,2,-85,-3.36,2480,2580,2400,87105,217184505,81620207610,33382498,KSQ
811,175250,KR7175250000,아이큐어,KOSDAQ,관리종목(소속부없음),2170,0,0,0.0,0,0,0,0,0,81501658560,37558368,KSQ
812,038110,KR7038110003,에코플라스틱,KOSDAQ,우량기업부,1978,2,-37,-1.84,1977,2045,1951,206278,410618377,81433013860,41169370,KSQ
813,053280,KR7053280004,예스24,KOSDAQ,중견기업부,3255,1,245,8.14,3010,3475,3010,520174,1744748743,81375000000,25000000,KSQ
814,192410,KR7192410009,오늘이엔엠,KOSDAQ,중견기업부,3230,2,-100,-3.0,3410,3410,3115,49747,157426830,81350486070,25185909,KSQ
815,009300,KR7009300005,삼아제약,KOSDAQ,우량기업부,12770,2,-30,-0.23,12650,13000,12650,2028,25972420,81344900000,6370000,KSQ
816,063080,KR7063080006,컴투스홀딩스,KOSDAQ,중견기업부,12300,2,-230,-1.84,12530,12710,12090,7667,93932290,81120861600,6595192,KSQ
817,412540,KR7412540007,제일엠앤에스,KOSDAQ,관리종목(소속부없음),3935,0,0,0.0,0,0,0,0,0,81063616775,20600665,KSQ
818,173130,KR7173130006,오파스넷,KOSDAQ,중견기업부,6210,2,-100,-1.58,6260,6370,6110,54731,340692020,81018597330,13046473,KSQ
819,042510,KR7042510008,라온시큐어,KOSDAQ,벤처기업부,7270,2,-80,-1.09,7270,7370,7050,89247,638415610,80739369560,11105828,KSQ
820,085670,KR7085670008,뉴프렉스,KOSDAQ,우량기업부,3295,2,-120,-3.51,3310,3500,3250,219816,733624880,80730007495,24500761,KSQ
821,067290,KR7067290007,JW신약,KOSDAQ,중견기업부,1440,2,-53,-3.55,1455,1550,1390,1213751,1779602470,80693428320,56037103,KSQ
822,053580,KR7053580007,웹케시,KOSDAQ,우량기업부,6220,2,-70,-1.11,6240,6450,6160,24329,152260290,80576591920,12954436,KSQ
823,052420,KR7052420007,오성첨단소재,KOSDAQ,우량기업부,8260,2,-290,-3.39,8460,8770,8090,112385,948118285,80468994340,9742009,KSQ
824,054670,KR7054670005,대한뉴팜,KOSDAQ,우량기업부,5600,1,70,1.27,5500,5710,5500,24971,139279810,80387552000,14354920,KSQ
825,000440,KR7000440008,중앙에너비스,KOSDAQ,중견기업부,12900,1,10,0.08,12520,13080,12520,10134,130550370,80329977000,6227130,KSQ
826,223250,KR7223250002,드림씨아이에스,KOSDAQ,벤처기업부,3260,2,-95,-2.83,3330,3425,3205,34839,114358863,80197447440,24600444,KSQ
827,019540,KR7019540004,일지테크,KOSDAQ,우량기업부,5930,2,-80,-1.33,5960,6050,5740,47991,280382860,80135055000,13513500,KSQ
828,348350,KR7348350000,위드텍,KOSDAQ,벤처기업부,8030,2,-280,-3.37,8310,8320,7770,26887,214120100,80128158000,9978600,KSQ
829,179900,KR7179900006,유티아이,KOSDAQ,투자주의환기종목(소속부없음),4035,1,85,2.15,3955,4090,3710,184690,729741053,79854312420,19790412,KSQ
830,456070,KR7456070002,이엔셀,KOSDAQ,기술성장기업부,7240,1,40,0.56,6720,7380,6720,81104,577180960,79853703080,11029517,KSQ
831,214260,KR7214260002,라파스,KOSDAQ,기술성장기업부,8930,1,410,4.81,8610,9300,8500,52373,468825015,79677594590,8922463,KSQ
832,234030,KR7234030005,싸이닉솔루션,KOSDAQ,중견기업부,3370,2,-50,-1.46,3390,3540,3270,57415,192546890,79548850000,23605000,KSQ
833,019550,KR7019550003,SBI인베스트먼트,KOSDAQ,중견기업부,974,1,20,2.1,954,1005,935,573380,558503246,78926421538,81033287,KSQ
834,017650,KR7017650003,대림제지,KOSDAQ,우량기업부,8980,1,100,1.13,8940,8990,8810,7369,65391740,78889300000,8785000,KSQ
835,303810,KR7303810006,동국생명과학,KOSDAQ,중견기업부,2465,2,-25,-1.0,2435,2530,2435,25158,62439310,78840905100,31984140,KSQ
836,065510,KR7065510000,휴비츠,KOSDAQ,우량기업부,7230,2,-60,-0.82,7240,7350,7160,48630,352859920,78647180850,10877895,KSQ
837,413630,KR7413630005,씨피시스템,KOSDAQ,벤처기업부,2155,2,-180,-7.71,2335,2345,2105,362859,798574289,78520883775,36436605,KSQ
838,307870,KR7307870006,비투엔,KOSDAQ,벤처기업부,1056,2,-29,-2.67,1080,1083,995,162753,165843109,78460044960,74299285,KSQ
839,215100,KR7215100009,로보로보,KOSDAQ,벤처기업부,3855,2,-145,-3.63,3920,4070,3770,99871,387953980,78443290170,20348454,KSQ
840,475230,KR7475230009,엔알비,KOSDAQ,벤처기업부,7190,2,-110,-1.51,7300,7620,7010,76357,553267420,78361530770,10898683,KSQ
841,054040,KR7054040001,한국컴퓨터,KOSDAQ,우량기업부,4875,1,30,0.62,4850,4950,4830,22934,112151500,78347538750,16071290,KSQ
842,107600,KR7107600009,새빗켐,KOSDAQ,벤처기업부,13830,2,-220,-1.57,13140,14400,13140,5086,69649315,78014393820,5640954,KSQ
843,067170,KR7067170001,오텍,KOSDAQ,중견기업부,2880,1,175,6.47,2910,3150,2705,2526825,7396311642,77939625600,27062370,KSQ
844,451250,KR7451250005,삐아,KOSDAQ,벤처기업부,7610,1,30,0.4,7510,8020,7510,27809,215630410,77818923970,10225877,KSQ
845,451220,KR7451220008,아이엠티,KOSDAQ,기술성장기업부,9860,2,-450,-4.36,10020,10600,9600,78895,784757745,77643664460,7874611,KSQ
846,026150,KR7026150003,특수건설,KOSDAQ,중견기업부,4415,2,-250,-5.36,4495,4675,4335,139024,624182817,77467051365,17546331,KSQ
847,0015N0,KR70015N0000,아로마티카,KOSDAQ,벤처기업부,6140,1,130,2.16,5980,6900,5870,873159,5631601400,77222301080,12576922,KSQ
848,012700,KR7012700001,리드코프,KOSDAQ,우량기업부,2935,1,20,0.69,2875,2955,2875,17528,51330740,76881890620,26194852,KSQ
849,251120,KR7251120002,바이오에프디엔씨,KOSDAQ,기술성장기업부,8840,1,280,3.27,8800,9190,8500,81678,729036630,76869988000,8695700,KSQ
850,382840,KR7382840007,원준,KOSDAQ,중견기업부,5020,2,-230,-4.38,5230,5340,4955,55335,281155490,76663336620,15271581,KSQ
851,115440,KR7115440000,우리넷,KOSDAQ,우량기업부,7100,2,-160,-2.2,7290,7490,7000,146702,1063994555,76639473200,10794292,KSQ
852,234300,KR7234300002,에스트래픽,KOSDAQ,우량기업부,2805,3,0,0.0,2795,2865,2770,57673,162139280,76317822900,27207780,KSQ
853,067570,KR7067570002,엔브이에이치코리아,KOSDAQ,중견기업부,1807,2,-24,-1.31,1868,1868,1791,44374,80208741,76201190000,42170000,KSQ
854,0004V0,KR70004V0003,엔비알모션,KOSDAQ,기술성장기업부,6920,2,-290,-4.02,7090,7400,6790,113645,799659310,76191857280,11010384,KSQ
855,024880,KR7024880007,케이피에프,KOSDAQ,우량기업부,3775,2,-125,-3.21,3890,3900,3705,115973,437196810,76114396350,20162754,KSQ
856,052860,KR7052860004,아이앤씨,KOSDAQ,벤처기업부,4255,2,-130,-2.96,4385,4495,4020,26001,107669275,76006443770,17862854,KSQ
857,036640,KR7036640001,HRS,KOSDAQ,우량기업부,4645,1,25,0.54,4630,4675,4530,37856,174635260,75968046000,16354800,KSQ
858,900260,HK0000295359,로스웰,KOSDAQ,외국기업(소속부없음),1650,1,12,0.73,1650,1681,1650,18656,30870805,75949014900,46029706,KSQ
859,101330,KR7101330009,모베이스,KOSDAQ,중견기업부,3275,2,-115,-3.39,3360,3430,3225,110522,364453555,75806519975,23147029,KSQ
860,045970,KR7045970001,코아시아,KOSDAQ,중견기업부,2880,1,95,3.41,2790,3195,2765,326871,970839861,75786842880,26314876,KSQ
861,238090,KR7238090005,앤디포스,KOSDAQ,벤처기업부,2485,2,-15,-0.6,2575,2575,2445,36972,92587790,75768743400,30490440,KSQ
862,131370,KR7131370009,알서포트,KOSDAQ,벤처기업부,1422,2,-13,-0.91,1423,1455,1413,74767,107181529,75745792026,53267083,KSQ
863,024830,KR7024830002,세원물산,KOSDAQ,관리종목(소속부없음),9060,2,-260,-2.79,9320,9320,8870,676,6078890,75651000000,8350000,KSQ
864,054620,KR7054620000,APS,KOSDAQ,중견기업부,4095,2,-100,-2.38,4195,4245,3980,29270,119039015,75324334995,18394221,KSQ
865,094860,KR7094860004,네오리진,KOSDAQ,중견기업부,1415,2,-8,-0.56,1423,1423,1375,153749,214156091,75150669810,53110014,KSQ
866,067000,KR7067000000,조이시티,KOSDAQ,중견기업부,1071,2,-19,-1.74,1079,1099,1038,315445,336722665,74866590666,69903446,KSQ
867,360070,KR7360070007,탑머티리얼,KOSDAQ,중견기업부,9130,2,-360,-3.79,9320,9730,8580,16554,150264720,74793352590,8192043,KSQ
868,381620,KR7381620004,제닉스로보틱스,KOSDAQ,중견기업부,5690,2,-280,-4.69,5810,6090,5550,62836,359488495,74640964800,13117920,KSQ
869,396270,KR7396270001,넥스트칩,KOSDAQ,벤처기업부,2265,2,-100,-4.23,2405,2440,2200,133285,302028832,74490031215,32887431,KSQ
870,066700,KR7066700006,테라젠이텍스,KOSDAQ,중견기업부,1998,2,-12,-0.6,2020,2070,1966,66225,132221450,74230447248,37152376,KSQ
871,265560,KR7265560003,영화테크,KOSDAQ,우량기업부,6940,2,-110,-1.56,7060,7240,6860,19280,135729900,74189849200,10690180,KSQ
872,320000,KR7320000003,한울반도체,KOSDAQ,중견기업부,11100,2,-680,-5.77,11460,11990,10700,148429,1671107640,74023791000,6668810,KSQ
873,048530,KR7048530000,인트론바이오,KOSDAQ,기술성장기업부,2395,2,-25,-1.03,2415,2475,2345,58573,140124559,73985760410,30891758,KSQ
874,208140,KR7208140004,정다운,KOSDAQ,우량기업부,2260,2,-20,-0.88,2265,2295,2240,22534,51214025,73866395960,32684246,KSQ
875,294630,KR7294630009,서남,KOSDAQ,기술성장기업부,2795,1,225,8.75,2700,3340,2640,5758096,18434889305,73693861605,26366319,KSQ
876,011320,KR7011320009,유니크,KOSDAQ,우량기업부,3810,2,-15,-0.39,3850,3850,3700,26439,98930106,73611847950,19320695,KSQ
877,263800,KR7263800005,데이타솔루션,KOSDAQ,중견기업부,4525,2,-240,-5.04,4710,4850,4400,50861,233105626,73419844500,16225380,KSQ
878,129920,KR7129920005,대성하이텍,KOSDAQ,벤처기업부,4510,2,-225,-4.75,4845,4845,4425,89778,408126255,73281618960,16248696,KSQ
879,017480,KR7017480005,삼현철강,KOSDAQ,우량기업부,4740,2,-55,-1.15,4795,4855,4690,27982,133637535,73199298600,15442890,KSQ
880,067370,KR7067370007,선바이오,KOSDAQ,기술성장기업부,5980,2,-420,-6.56,6440,6500,5900,43353,268127700,73038769180,12213841,KSQ
881,171120,KR7171120009,라이온켐텍,KOSDAQ,우량기업부,2030,2,-25,-1.22,2070,2080,2000,83038,169320655,72880572800,35901760,KSQ
882,170030,KR7170030001,현대공업,KOSDAQ,우량기업부,4750,2,-130,-2.66,4880,4880,4695,22332,106267170,72865000000,15340000,KSQ
883,357580,KR7357580000,아모센스,KOSDAQ,기술성장기업부,6180,2,-300,-4.63,6480,6770,6050,92154,577514760,72860729160,11789762,KSQ
884,331740,KR7331740001,아우토크립트,KOSDAQ,기술성장기업부,7460,2,-440,-5.57,7870,7900,7360,22137,165685010,72742392860,9750991,KSQ
885,083790,KR7083790006,CG인바이츠,KOSDAQ,벤처기업부,946,2,-44,-4.44,981,981,888,188749,173669849,72741896172,76894182,KSQ
886,0117P0,KR70117P0005,피스피스스튜디오,KOSDAQ,중견기업부,5130,2,-510,-9.04,5590,5650,5080,392427,2075119295,72686513430,14168911,KSQ
887,060590,KR7060590007,씨티씨바이오,KOSDAQ,중견기업부,3005,2,-70,-2.28,2960,3110,2960,64611,195864375,72663965100,24181020,KSQ
888,110790,KR7110790003,크리스에프앤씨,KOSDAQ,우량기업부,3085,3,0,0.0,3090,3280,3060,3170,9985345,72284511600,23430960,KSQ
889,124560,KR7124560004,태웅로직스,KOSDAQ,우량기업부,1865,2,-11,-0.59,1889,1889,1782,37688,69865689,72214312515,38720811,KSQ
890,136150,KR7136150000,원일티엔아이,KOSDAQ,벤처기업부,8600,2,-2850,-24.89,9230,9730,8400,151610,1357836225,72076858000,8381030,KSQ
891,058400,KR7058400003,KNN,KOSDAQ,우량기업부,544,0,0,0.0,0,0,0,0,0,72041767680,132429720,KSQ
892,0015S0,KR70015S0005,페스카로,KOSDAQ,기술성장기업부,7300,2,-290,-3.82,7790,7790,7200,16065,119668890,72027129000,9866730,KSQ
893,234920,KR7234920007,자이글,KOSDAQ,관리종목(소속부없음),5310,0,0,0.0,0,0,0,0,0,71849132100,13530910,KSQ
894,020710,KR7020710000,시공테크,KOSDAQ,우량기업부,3575,2,-70,-1.92,3610,3650,3520,96288,344018225,71671492750,20047970,KSQ
895,208370,KR7208370007,셀바스헬스케어,KOSDAQ,벤처기업부,2780,2,-10,-0.36,2725,2870,2705,80956,225750730,71558767920,25740564,KSQ
896,033130,KR7033130006,디지틀조선,KOSDAQ,중견기업부,1924,2,-7,-0.36,1931,1986,1854,85626,164656663,71409773708,37115267,KSQ
897,053350,KR7053350005,이니텍,KOSDAQ,중견기업부,3240,1,105,3.35,3135,3250,3105,138818,442579530,71348250600,22021065,KSQ
898,347890,KR7347890006,엠엑스온,KOSDAQ,벤처기업부,4205,2,-110,-2.55,4205,4355,4160,18340,77572143,71330272820,16963204,KSQ
899,228670,KR7228670006,레이,KOSDAQ,벤처기업부,4560,2,-25,-0.55,4550,4780,4500,41885,193879975,71318495760,15640021,KSQ
900,061040,KR7061040002,알에프텍,KOSDAQ,중견기업부,7880,2,-400,-4.83,8280,8480,7700,27521,223366290,71299997240,9048223,KSQ
901,389140,KR7389140005,포바이포,KOSDAQ,벤처기업부,4995,1,25,0.5,5000,5300,4900,108981,552637595,71277326325,14269735,KSQ
902,122350,KR7122350002,삼기,KOSDAQ,중견기업부,1855,2,-11,-0.59,1740,2215,1725,15825670,32166559212,71119638940,38339428,KSQ
903,382480,KR7382480002,지아이텍,KOSDAQ,벤처기업부,1799,2,-41,-2.23,1841,1867,1751,151966,272849509,70803494860,39357140,KSQ
904,332370,KR7332370006,아이디피,KOSDAQ,벤처기업부,5310,1,20,0.38,5330,5340,5200,1863,9762510,70483485060,13273726,KSQ
905,388870,KR7388870008,파로스아이바이오,KOSDAQ,기술성장기업부,5440,1,10,0.18,5320,5730,5270,44908,244376400,70425870080,12945932,KSQ
906,323350,KR7323350009,다원넥스뷰,KOSDAQ,기술성장기업부,8790,2,-330,-3.62,9000,9220,8560,66637,585382910,70414685880,8010772,KSQ
907,061250,KR7061250007,화일약품,KOSDAQ,우량기업부,8360,1,60,0.72,8080,8500,8050,8705,71906000,70371002240,8417584,KSQ
908,203400,KR7203400007,에이비온,KOSDAQ,기술성장기업부,779,2,-16,-2.01,795,815,739,715731,549701360,70188915816,90101304,KSQ
909,417970,KR7417970001,모델솔루션,KOSDAQ,우량기업부,10940,2,-100,-0.91,11020,11240,10500,8831,95628020,69979898000,6396700,KSQ
910,162300,KR7162300008,신스틸,KOSDAQ,우량기업부,1686,2,-72,-4.1,1701,1830,1670,77815,132973532,69920750052,41471382,KSQ
911,046940,KR7046940003,우원개발,KOSDAQ,우량기업부,3865,2,-345,-8.19,4190,4510,3850,3246261,13765853633,69857362750,18074350,KSQ
912,090470,KR7090470006,제이스로보틱스,KOSDAQ,벤처기업부,3995,2,-80,-1.96,4175,4275,3800,40215,161418074,69818993030,17476594,KSQ
913,040910,KR7040910002,아이씨디,KOSDAQ,중견기업부,3830,2,-230,-5.67,4100,4100,3755,115454,443900014,69607473250,18174275,KSQ
914,041910,KR7041910001,폴라리스AI파마,KOSDAQ,우량기업부,5240,1,100,1.95,4990,5300,4990,78083,405693250,69604754000,13283350,KSQ
915,073640,KR7073640005,테라사이언스,KOSDAQ,관리종목(소속부없음),654,0,0,0.0,0,0,0,0,0,69571715580,106378770,KSQ
916,228340,KR7228340006,동양파일,KOSDAQ,중견기업부,3475,2,-325,-8.55,3330,4300,3250,6224361,23507030220,69500000000,20000000,KSQ
917,217330,KR7217330000,싸이토젠,KOSDAQ,기술성장기업부,3000,2,-55,-1.8,3070,3180,2955,49295,148535845,69388641000,23129547,KSQ
918,142280,KR7142280007,녹십자엠에스,KOSDAQ,중견기업부,2895,2,-45,-1.53,2910,2995,2800,108819,314526387,69372974745,23963031,KSQ
919,088390,KR7088390000,이녹스,KOSDAQ,중견기업부,7375,2,-255,-3.34,7660,7670,7150,15685,115080045,69220599500,9385844,KSQ
920,196490,KR7196490007,디에이테크놀로지,KOSDAQ,투자주의환기종목(소속부없음),6090,0,0,0.0,0,0,0,0,0,69131518050,11351645,KSQ
921,084730,KR7084730001,팅크웨어,KOSDAQ,중견기업부,6200,1,140,2.31,6210,6330,6080,18370,114434950,68878428800,11109424,KSQ
922,032540,KR7032540007,TJ미디어,KOSDAQ,우량기업부,3280,2,-5,-0.15,3285,3350,3275,5391,17727910,68543514640,20897413,KSQ
923,153710,KR7153710009,옵티팜,KOSDAQ,기술성장기업부,4670,1,75,1.63,4780,4850,4490,17528,82623060,68508703860,14669958,KSQ
924,0007J0,KR70007J0006,인벤테라,KOSDAQ,기술성장기업부,8690,1,310,3.7,8460,8980,8380,50805,441133735,68353054660,7865714,KSQ
925,105740,KR7105740005,디케이락,KOSDAQ,우량기업부,6720,2,-140,-2.04,6690,6900,6570,48845,325833030,68332407360,10168513,KSQ
926,417790,KR7417790003,트루엔,KOSDAQ,벤처기업부,6520,2,-60,-0.91,6580,6700,6440,22399,146305850,68253909320,10468391,KSQ
927,126880,KR7126880004,제이엔케이글로벌,KOSDAQ,우량기업부,2940,2,-80,-2.65,2995,3045,2900,75968,223202655,68222414820,23204903,KSQ
928,128660,KR7128660008,피제이메탈,KOSDAQ,우량기업부,2750,2,-50,-1.79,2780,2810,2705,80404,220872055,68209264750,24803369,KSQ
929,032850,KR7032850000,비트컴퓨터,KOSDAQ,벤처기업부,4095,2,-55,-1.33,4110,4260,4065,58144,242169202,68072384835,16623293,KSQ
930,478560,KR7478560006,블랙야크아이앤씨,KOSDAQ,벤처기업부,2630,2,-60,-2.23,2700,2720,2555,18356,48159637,67933683740,25830298,KSQ
931,041930,KR7041930009,SY동아,KOSDAQ,우량기업부,4460,2,-145,-3.15,4575,4625,4405,33378,150075765,67792000000,15200000,KSQ
932,443670,KR7443670005,에스피소프트,KOSDAQ,중견기업부,2820,2,-115,-3.92,2935,3030,2760,86335,245517458,67709790480,24010564,KSQ
933,066310,KR7066310004,큐에스아이,KOSDAQ,벤처기업부,7300,2,-180,-2.41,7340,7740,7160,54539,401784130,67682833300,9271621,KSQ
934,014970,KR7014970008,삼륭물산,KOSDAQ,중견기업부,4565,2,-5,-0.11,4535,4650,4470,9573,43504530,67676125000,14825000,KSQ
935,024740,KR7024740003,한일단조,KOSDAQ,우량기업부,2050,2,-30,-1.44,2100,2110,2025,129426,266325335,67438950450,32897049,KSQ
936,413390,KR7413390006,엠오티,KOSDAQ,중견기업부,5800,2,-210,-3.49,5900,6070,5700,22840,133966490,67165044000,11580180,KSQ
937,048430,KR7048430003,유라테크,KOSDAQ,우량기업부,5790,2,-80,-1.36,5900,5900,5620,10658,61431050,66700800000,11520000,KSQ
938,347000,KR7347000002,센코,KOSDAQ,기술성장기업부,1764,2,-11,-0.62,1775,1777,1725,73920,129926767,66698332344,37810846,KSQ
939,002800,KR7002800001,신신제약,KOSDAQ,우량기업부,4395,1,40,0.92,4355,4425,4315,26358,114841905,66674347500,15170500,KSQ
940,290660,KR7290660000,다이나믹솔루션,KOSDAQ,기술성장기업부,1555,2,-88,-5.36,1642,1642,1476,262891,408105741,66612915840,42837888,KSQ
941,006140,KR7006140008,피제이전자,KOSDAQ,우량기업부,4480,2,-20,-0.44,4465,4575,4420,80476,361296510,66595200000,14865000,KSQ
942,080010,KR7080010002,이상네트웍스,KOSDAQ,중견기업부,6760,2,-180,-2.59,6930,6940,6730,504,3421250,66485079960,9835071,KSQ
943,109860,KR7109860007,동일금속,KOSDAQ,우량기업부,7300,3,0,0.0,7300,7440,7300,377,2759150,66430000000,9100000,KSQ
944,217190,KR7217190008,제너셈,KOSDAQ,벤처기업부,5040,2,-330,-6.15,5370,5420,4900,91626,462587085,66294955440,13153761,KSQ
945,288180,KR7288180003,케이피항공산업,KOSDAQ,중견기업부,8960,2,-490,-5.19,9150,9450,8620,63081,561012645,66243627520,7393262,KSQ
946,373200,KR7373200005,엑스플러스,KOSDAQ,벤처기업부,2645,2,-65,-2.4,2715,2860,2590,50764,134606630,66239361865,25043237,KSQ
947,060570,KR7060570009,드림어스컴퍼니,KOSDAQ,중견기업부,891,2,-7,-0.78,890,915,850,44476,39665216,66024501543,74101573,KSQ
948,081150,KR7081150005,티플랙스,KOSDAQ,중견기업부,2720,2,-40,-1.45,2765,2790,2575,73249,197875095,66010053440,24268402,KSQ
949,091120,KR7091120006,이엠텍,KOSDAQ,중견기업부,3850,2,-85,-2.16,3825,3980,3760,37150,142753165,65961803600,17132936,KSQ
950,277880,KR7277880001,티에스아이,KOSDAQ,우량기업부,3310,2,-55,-1.63,3385,3385,3250,40547,133908452,65681031720,19843212,KSQ
951,046210,KR7046210001,HLB파나진,KOSDAQ,벤처기업부,1438,2,-40,-2.71,1500,1514,1420,77968,114679633,65469206480,45527960,KSQ
952,453860,KR7453860009,에이에스텍,KOSDAQ,벤처기업부,10140,1,180,1.81,9750,10220,9750,11958,120093450,65346449220,6444423,KSQ
953,038460,KR7038460002,바이오스마트,KOSDAQ,우량기업부,2580,2,-10,-0.39,2560,2650,2480,138253,354886255,65208318360,25274542,KSQ
954,443250,KR7443250006,레뷰코퍼레이션,KOSDAQ,벤처기업부,6020,2,-230,-3.68,6200,6300,5970,6826,41396995,65075098340,10809817,KSQ
955,201490,KR7201490000,미투온,KOSDAQ,중견기업부,1985,2,-60,-2.93,2005,2070,1950,115113,228459962,64956596110,32723726,KSQ
956,010240,KR7010240000,흥국,KOSDAQ,우량기업부,5540,2,-10,-0.18,5550,5620,5440,24849,136952740,64851240000,11706000,KSQ
957,261780,KR7261780001,아리바이오랩,KOSDAQ,기술성장기업부,2405,2,-155,-6.05,2455,2575,2380,382241,935841481,64725755380,26912996,KSQ
958,241690,KR7241690007,유니테크노,KOSDAQ,우량기업부,2645,2,-60,-2.22,2660,2735,2595,43835,116130520,64725017370,24470706,KSQ
959,062970,KR7062970009,한국첨단소재,KOSDAQ,중견기업부,1132,2,-82,-6.75,1214,1234,1110,768908,884389559,64624311048,57088614,KSQ
960,123420,KR7123420002,위메이드플레이,KOSDAQ,우량기업부,6210,2,-50,-0.8,6280,6620,6110,207927,1307627945,64590464610,10401041,KSQ
961,432470,KR7432470003,케이엔에스,KOSDAQ,벤처기업부,7360,2,-280,-3.66,7210,7790,7210,14208,105561070,64558652160,8771556,KSQ
962,036000,KR7036000008,예림당,KOSDAQ,중견기업부,2800,2,-25,-0.88,2845,2845,2660,38208,105237720,64495975600,23034277,KSQ
963,377480,KR7377480009,마음AI,KOSDAQ,기술성장기업부,9050,2,-210,-2.27,9200,9450,8860,38890,352586585,64347988750,7110275,KSQ
964,045660,KR7045660008,에이텍,KOSDAQ,우량기업부,7780,2,-90,-1.14,7820,8090,7750,19982,158086830,64262800000,8260000,KSQ
965,348150,KR7348150004,고바이오랩,KOSDAQ,기술성장기업부,3305,2,-285,-7.94,3460,3585,3245,37367,126842553,64179428145,19418889,KSQ
966,044340,KR7044340008,위닉스,KOSDAQ,중견기업부,3590,2,-540,-13.08,4015,4415,3575,565438,2248178728,64165595750,17873425,KSQ
967,039980,KR7039980008,폴라리스AI,KOSDAQ,중견기업부,4460,2,-100,-2.19,4560,4665,4370,51662,232428030,64140214440,14381214,KSQ
968,059270,KR7059270009,해성에어로보틱스,KOSDAQ,기술성장기업부,5710,2,-300,-4.99,5810,6090,5570,61979,358335655,63753857290,11165299,KSQ
969,043710,KR7043710003,코스리거글로벌,KOSDAQ,중견기업부,3680,2,-15,-0.41,3695,3695,3580,966,3519815,63710007360,17312502,KSQ
970,041460,KR7041460007,한국전자인증,KOSDAQ,중견기업부,3350,2,-245,-6.82,3575,3610,3305,158319,542376814,63650000000,19000000,KSQ
971,039010,KR7039010004,현대에이치티,KOSDAQ,우량기업부,7370,2,-710,-8.79,7800,8080,7200,97558,733933340,63566250000,8625000,KSQ
972,464490,KR7464490002,쿼드메디슨,KOSDAQ,기술성장기업부,5530,2,-350,-5.95,5840,5990,5450,36301,202808510,63496084890,11482113,KSQ
973,424960,KR7424960003,스마트레이더시스템,KOSDAQ,기술성장기업부,3840,2,-155,-3.88,4000,4025,3805,32049,124095775,63302822400,16485110,KSQ
974,457370,KR7457370005,한켐,KOSDAQ,중견기업부,7840,2,-430,-5.2,8010,8390,7630,154838,1219663755,63207130560,8062134,KSQ
975,187420,KR7187420005,HLB제넥스,KOSDAQ,기술성장기업부,1936,2,-14,-0.72,1950,1990,1820,62816,121490392,63139573376,32613416,KSQ
976,043650,KR7043650001,국순당,KOSDAQ,중견기업부,3535,2,-220,-5.86,3660,3750,3380,145825,526780599,63129104640,17858304,KSQ
977,131400,KR7131400004,이브이첨단소재,KOSDAQ,벤처기업부,1055,2,-71,-6.31,1106,1170,1010,545735,590184854,62869435510,59591882,KSQ
978,070300,KR7070300009,엑스큐어,KOSDAQ,벤처기업부,1768,2,-127,-6.7,1889,1970,1665,231032,414324303,62807720872,35524729,KSQ
979,012790,KR7012790002,신일제약,KOSDAQ,우량기업부,5230,2,-30,-0.57,5270,5330,5180,12795,67071940,62688950450,11986415,KSQ
980,033560,KR7033560004,블루콤,KOSDAQ,중견기업부,3665,2,-75,-2.01,3680,3755,3640,22019,81042230,62671500000,17100000,KSQ
981,001840,KR7001840008,이화공영,KOSDAQ,관리종목(소속부없음),2215,0,0,0.0,0,0,0,0,0,62588831935,28256809,KSQ
982,253840,KR7253840003,수젠텍,KOSDAQ,중견기업부,3735,2,-15,-0.4,3710,3905,3680,78046,294556740,62535852000,16743200,KSQ
983,079810,KR7079810008,APS이노베이션,KOSDAQ,우량기업부,2900,2,-120,-3.97,3000,3070,2870,119162,350387953,62431472600,21528094,KSQ
984,094850,KR7094850005,참좋은여행,KOSDAQ,우량기업부,4455,2,-135,-2.94,4590,4645,4380,23330,104562615,62370000000,14000000,KSQ
985,204840,KR7204840003,지엘팜텍,KOSDAQ,기술성장기업부,804,2,-19,-2.31,864,864,793,54952,44627159,62349400824,77549006,KSQ
986,222110,KR7222110009,팬젠,KOSDAQ,기술성장기업부,4610,2,-160,-3.35,4750,4750,4520,5897,27229000,62301886490,13514509,KSQ
987,294090,KR7294090006,이오플로우,KOSDAQ,관리종목(소속부없음),1490,0,0,0.0,0,0,0,0,0,62295566450,41809105,KSQ
988,004780,KR7004780003,대륙제관,KOSDAQ,우량기업부,3915,1,35,0.9,3870,3945,3870,53365,208005740,62261024085,15903199,KSQ
989,038680,KR7038680005,에스넷,KOSDAQ,우량기업부,3115,2,-35,-1.11,3150,3225,3090,60043,187769815,62027879830,19912642,KSQ
990,216050,KR7216050005,인크로스,KOSDAQ,중견기업부,5080,2,-30,-0.59,5170,5170,4965,14867,75114835,61968999760,12198622,KSQ
991,039020,KR7039020003,이건홀딩스,KOSDAQ,중견기업부,2740,3,0,0.0,2710,2780,2665,47707,128826090,61882102660,22584709,KSQ
992,408470,KR7408470003,한패스,KOSDAQ,중견기업부,5850,2,-160,-2.66,5950,6190,5770,34488,203642110,61846200000,10572000,KSQ
993,185490,KR7185490000,아이진,KOSDAQ,벤처기업부,1430,1,52,3.77,1340,1470,1340,201609,288233499,61818591120,43229784,KSQ
994,411080,KR7411080005,샌즈랩,KOSDAQ,기술성장기업부,4045,2,-85,-2.06,4010,4250,3930,18019,72605520,61757595710,15267638,KSQ
995,412350,KR7412350001,레이저쎌,KOSDAQ,기술성장기업부,4225,2,-1505,-26.27,5290,5590,4040,1836285,8479035536,61697856675,14603043,KSQ
996,137080,KR7137080008,나래나노텍,KOSDAQ,중견기업부,5560,2,-350,-5.92,5910,6140,5500,53135,309877850,61490386320,11059422,KSQ
997,007680,KR7007680002,대원,KOSDAQ,중견기업부,4610,2,-490,-9.61,5350,6110,4515,1186829,6145795177,60956822180,13222738,KSQ
998,302430,KR7302430004,이노메트리,KOSDAQ,벤처기업부,6190,2,-180,-2.83,6540,6540,6050,17715,109729470,60867557520,9833208,KSQ
999,439580,KR7439580002,블루엠텍,KOSDAQ,기술성장기업부,1796,2,-45,-2.44,1820,1887,1760,91562,165868189,60788398412,33846547,KSQ
1000,246960,KR7246960009,SCL사이언스,KOSDAQ,기술성장기업부,1785,1,64,3.72,1745,1798,1688,22570,39534292,60720428895,34017047,KSQ
1001,347860,KR7347860009,알체라,KOSDAQ,중견기업부,1439,2,-63,-4.19,1500,1502,1420,128747,185726175,60659098033,42153647,KSQ
1002,016250,KR7016250003,SGC E&C,KOSDAQ,중견기업부,12040,2,-500,-3.99,12590,12590,11840,7958,95817860,60645311440,5036986,KSQ
1003,005670,KR7005670005,푸드웰,KOSDAQ,우량기업부,6050,2,-50,-0.82,6040,6170,5970,12893,77888080,60500000000,10000000,KSQ
1004,060310,KR7060310000,3S,KOSDAQ,벤처기업부,1140,2,-31,-2.65,1165,1183,1124,179470,204164891,60487305600,53059040,KSQ
1005,117670,KR7117670000,알파칩스,KOSDAQ,벤처기업부,9070,2,-100,-1.09,9480,9480,8700,18983,170473010,60421999940,6661742,KSQ
1006,089850,KR7089850002,유비벨록스,KOSDAQ,우량기업부,4100,2,-100,-2.38,4070,4190,4015,14118,57414795,60393815900,14730199,KSQ
1007,463020,KR7463020008,뉴엔AI,KOSDAQ,기술성장기업부,6800,1,70,1.04,6520,7170,6520,28158,191029990,60378560000,8879200,KSQ
1008,214270,KR7214270001,FSN,KOSDAQ,중견기업부,1334,1,11,0.83,1322,1378,1260,86344,114168203,60369616390,45254585,KSQ
1009,014470,KR7014470009,부방,KOSDAQ,벤처기업부,1005,2,-28,-2.71,1024,1044,990,121914,122964852,60352521300,60052260,KSQ
1010,168330,KR7168330009,내츄럴엔도텍,KOSDAQ,투자주의환기종목(소속부없음),1898,2,-2,-0.11,1912,1976,1812,22054,40947591,60270800200,31754900,KSQ
1011,048910,KR7048910004,대원미디어,KOSDAQ,우량기업부,4790,1,35,0.74,4755,4875,4720,25872,124057700,60253151340,12578946,KSQ
1012,179530,KR7179530001,애드바이오텍,KOSDAQ,기술성장기업부,2230,1,165,7.99,2065,2680,1965,206999,458688608,60099166770,26950299,KSQ
1013,072950,KR7072950009,빛샘전자,KOSDAQ,벤처기업부,7460,2,-240,-3.12,7660,7860,7260,112587,843546920,60072470600,8052610,KSQ
1014,049550,KR7049550007,잉크테크,KOSDAQ,우량기업부,3060,2,-35,-1.13,3085,3085,3015,1392,4232625,59995207620,19606277,KSQ
1015,370090,KR7370090003,퓨런티어,KOSDAQ,기술성장기업부,7000,2,-190,-2.64,7020,7400,6850,25016,176829990,59897810000,8556830,KSQ
1016,039420,KR7039420005,케이엘넷,KOSDAQ,중견기업부,2600,2,-55,-2.07,2655,2665,2590,14606,38409095,59662184400,22946994,KSQ
1017,140070,KR7140070004,서플러스글로벌,KOSDAQ,벤처기업부,1613,2,-61,-3.64,1674,1674,1600,36941,60017091,59661644000,36988000,KSQ
1018,286750,KR7286750005,나노실리칸첨단소재,KOSDAQ,투자주의환기종목(소속부없음),1860,2,-60,-3.13,1902,1940,1790,190413,353991003,59573674020,32028857,KSQ
1019,076610,KR7076610005,해성옵틱스,KOSDAQ,벤처기업부,1003,2,-28,-2.72,1022,1032,987,430422,431715508,59413888540,59236180,KSQ
1020,036670,KR7036670008,삼양케이씨아이,KOSDAQ,우량기업부,5270,1,40,0.76,5180,5320,5140,5019,26326800,59392900000,11270000,KSQ
1021,460940,KR7460940000,피앤에스로보틱스,KOSDAQ,기술성장기업부,4400,2,-205,-4.45,4505,4660,4295,69980,309585120,59203232000,13455280,KSQ
1022,273640,KR7273640003,와이엠텍,KOSDAQ,벤처기업부,5380,2,-20,-0.37,5590,5680,5300,27084,147342750,58997080000,10966000,KSQ
1023,291650,KR7291650000,압타머사이언스,KOSDAQ,기술성장기업부,965,1,75,8.43,820,993,820,273075,253924271,58902868530,61039242,KSQ
1024,100590,KR7100590009,머큐리,KOSDAQ,중견기업부,3435,2,-220,-6.02,3655,3840,3380,101223,353755990,58874337075,17139545,KSQ
1025,476040,KR7476040001,오가노이드사이언스,KOSDAQ,기술성장기업부,8910,2,-220,-2.41,8850,9550,8800,21788,196628910,58679121600,6585760,KSQ
1026,318160,KR7318160009,셀바이오휴먼텍,KOSDAQ,벤처기업부,6280,1,170,2.78,6120,6460,6070,37524,233852100,58639581640,9337513,KSQ
1027,082210,KR7082210006,옵트론텍,KOSDAQ,중견기업부,1672,2,-88,-5.0,1760,1884,1650,247856,434912328,58458687760,34963330,KSQ
1028,215360,KR7215360009,우리산업,KOSDAQ,우량기업부,6390,1,50,0.79,6290,6450,6240,11106,70815310,58354521570,9132163,KSQ
1029,137950,KR7137950002,제이씨케미칼,KOSDAQ,우량기업부,2620,2,-10,-0.38,2590,2695,2585,81052,213710605,58341672680,22267814,KSQ
1030,446840,KR7446840001,지슨,KOSDAQ,기술성장기업부,1059,0,0,0.0,0,0,0,0,0,58332984897,55083083,KSQ
1031,089230,KR7089230007,THE E&M,KOSDAQ,중견기업부,1515,1,16,1.07,1499,1552,1411,205015,305051796,58208351310,38421354,KSQ
1032,104620,KR7104620000,노랑풍선,KOSDAQ,중견기업부,3460,2,-5,-0.14,3380,3560,3380,52825,183731900,58164509920,16810552,KSQ
1033,099520,KR7099520009,DGI,KOSDAQ,관리종목(소속부없음),1284,0,0,0.0,0,0,0,0,0,58141862016,45281824,KSQ
1034,088910,KR7088910005,동우팜투테이블,KOSDAQ,우량기업부,2250,2,-45,-1.96,2290,2325,2230,90822,206593740,58121469000,25831764,KSQ
1035,008370,KR7008370009,원풍,KOSDAQ,우량기업부,4840,2,-15,-0.31,4855,4925,4755,2494,12091362,58080000000,12000000,KSQ
1036,010280,KR7010280006,아이티센엔텍,KOSDAQ,우량기업부,4455,2,-260,-5.51,4700,4700,4385,55320,250601555,58025292435,13024757,KSQ
1037,175140,KR7175140003,휴먼테크놀로지,KOSDAQ,투자주의환기종목(소속부없음),2325,1,10,0.43,2300,2365,2245,37005,84975660,57995388225,24944253,KSQ
1038,096350,KR7096350004,대창솔루션,KOSDAQ,벤처기업부,1572,2,-102,-6.09,1674,1700,1550,266137,429645530,57935685864,36854762,KSQ
1039,045340,KR7045340007,토탈소프트,KOSDAQ,벤처기업부,6750,1,230,3.53,6530,6870,6530,60034,403551630,57766770000,8558040,KSQ
1040,311690,KR7311690002,CJ 바이오사이언스,KOSDAQ,기술성장기업부,4420,1,10,0.23,4450,4730,4350,9940,43828892,57749342040,13065462,KSQ
1041,010470,KR7010470003,오리콤,KOSDAQ,우량기업부,4815,1,25,0.52,4820,4860,4755,10634,51203735,57659865750,11975050,KSQ
1042,036090,KR7036090009,위지트,KOSDAQ,중견기업부,1354,2,-61,-4.31,1420,1454,1331,225515,311034112,57613395956,42550514,KSQ
1043,205470,KR7205470008,휴마시스,KOSDAQ,중견기업부,2325,2,-40,-1.69,2330,2415,2270,32991,76674515,57369377325,24675001,KSQ
1044,049480,KR7049480007,오픈베이스,KOSDAQ,우량기업부,1825,2,-46,-2.46,1853,1907,1815,95918,177475770,57345848975,31422383,KSQ
1045,448710,KR7448710004,코츠테크놀로지,KOSDAQ,벤처기업부,10850,2,-540,-4.74,11380,11380,10730,17770,195004590,57345418200,5285292,KSQ
1046,007820,KR7007820004,엠엑스로보틱스,KOSDAQ,중견기업부,2850,2,-95,-3.23,2945,2960,2780,59175,168808814,57096746100,20033946,KSQ
1047,037440,KR7037440005,희림,KOSDAQ,우량기업부,4100,1,190,4.86,3870,4825,3815,5688392,25214353448,57082147500,13922475,KSQ
1048,039610,KR7039610001,화성밸브,KOSDAQ,우량기업부,5460,2,-160,-2.85,5510,5700,5370,35097,193333990,56840784000,10410400,KSQ
1049,950200,KR8840150005,소마젠,KOSDAQ,외국기업(소속부없음),2950,2,-45,-1.5,2995,3095,2890,33866,100548209,56746356350,19236053,KSQ
1050,263690,KR7263690000,디알젬,KOSDAQ,우량기업부,5010,2,-10,-0.2,4935,5140,4935,20145,101612975,56741306100,11325610,KSQ
1051,459100,KR7459100004,위츠,KOSDAQ,중견기업부,4210,2,-75,-1.75,4285,4305,4160,7056,29770275,56692281000,13466100,KSQ
1052,053620,KR7053620001,태양,KOSDAQ,우량기업부,6590,2,-10,-0.15,6600,6640,6550,6650,43900685,56674000000,8600000,KSQ
1053,025550,KR7025550005,한국선재,KOSDAQ,중견기업부,2215,2,-25,-1.12,2235,2275,2200,73155,163189760,56513518860,25514004,KSQ
1054,299170,KR7299170001,더블유에스아이,KOSDAQ,중견기업부,1360,2,-5,-0.37,1352,1410,1318,121548,164764846,56455351680,41511288,KSQ
1055,136410,KR7136410008,아셈스,KOSDAQ,벤처기업부,5080,2,-70,-1.36,5110,5210,4980,5341,27016595,55977058480,11019106,KSQ
1056,003310,KR7003310000,대주산업,KOSDAQ,우량기업부,1581,2,-37,-2.29,1620,1653,1575,202062,324334159,55955305350,35392350,KSQ
1057,054300,KR7054300009,팬스타엔터프라이즈,KOSDAQ,벤처기업부,964,1,3,0.31,963,984,939,114876,110540840,55787590980,57870945,KSQ
1058,027050,KR7027050004,코리아나,KOSDAQ,중견기업부,1392,1,8,0.58,1336,1440,1336,72709,101552551,55680000000,40000000,KSQ
1059,082850,KR7082850009,우리바이오,KOSDAQ,중견기업부,1149,2,-73,-5.97,1222,1250,1145,295104,348768747,55676608122,48456578,KSQ
1060,333620,KR7333620003,엔시스,KOSDAQ,벤처기업부,5050,2,-320,-5.96,5370,5400,5020,10158,51916980,55539445500,10997910,KSQ
1061,340930,KR7340930007,성원에너텍,KOSDAQ,관리종목(소속부없음),806,0,0,0.0,0,0,0,0,0,55513882710,68875785,KSQ
1062,040610,KR7040610008,SG&G,KOSDAQ,중견기업부,3230,2,-115,-3.44,3345,3385,3205,18395,60545967,55050821540,17043598,KSQ
1063,225190,KR7225190008,LK삼양,KOSDAQ,중견기업부,780,2,-55,-6.59,828,835,777,454192,361809138,54965383200,70468440,KSQ
1064,155650,KR7155650005,와이엠씨,KOSDAQ,우량기업부,2890,2,-45,-1.53,2935,2965,2835,47337,136255258,54835894620,18974358,KSQ
1065,217480,KR7217480003,에스디생명공학,KOSDAQ,투자주의환기종목(소속부없음),499,0,0,0.0,0,0,0,0,0,54756837359,109733141,KSQ
1066,007370,KR7007370000,진양제약,KOSDAQ,우량기업부,3870,2,-5,-0.13,3870,3915,3810,9031,34992690,54700851690,14134587,KSQ
1067,251630,KR7251630000,브이원텍,KOSDAQ,벤처기업부,3430,2,-130,-3.65,3535,3615,3375,71096,244809120,54684098980,15942886,KSQ
1068,100030,KR7100030006,인지소프트,KOSDAQ,중견기업부,16650,1,110,0.67,16540,16860,16250,2450,40565940,54673838100,3283714,KSQ
1069,053160,KR7053160008,프리엠스,KOSDAQ,중견기업부,9100,2,-20,-0.22,9120,9190,8990,12089,109139350,54600000000,6000000,KSQ
1070,053050,KR7053050001,지에스이,KOSDAQ,우량기업부,1820,2,-31,-1.67,1822,1888,1800,61084,112226846,54577426540,29987597,KSQ
1071,042110,KR7042110007,에스씨디,KOSDAQ,우량기업부,1128,2,-66,-5.53,1194,1197,1099,795531,908479451,54515748192,48329564,KSQ
1072,191420,KR7191420009,테고사이언스,KOSDAQ,벤처기업부,6710,2,-290,-4.14,6980,7220,6630,4413,29877440,54410276140,8108834,KSQ
1073,036120,KR7036120004,서울평가정보,KOSDAQ,중견기업부,1547,1,2,0.13,1545,1564,1538,28480,44176510,54369315000,35145000,KSQ
1074,039240,KR7039240007,경남스틸,KOSDAQ,우량기업부,2015,2,-30,-1.47,2030,2060,1985,78464,157918357,54363902060,26979604,KSQ
1075,033310,KR7033310004,엠투엔,KOSDAQ,중견기업부,1358,2,-17,-1.24,1379,1390,1335,37438,50986542,54282595248,39972456,KSQ
1076,294140,KR7294140009,레몬,KOSDAQ,관리종목(소속부없음),2420,1,195,8.76,2885,2885,2195,70817,168113501,54243859560,22414818,KSQ
1077,024910,KR7024910002,경창산업,KOSDAQ,중견기업부,1510,2,-6,-0.4,1440,1528,1440,96940,144831124,54086697550,35819005,KSQ
1078,123010,KR7123010001,알엔티엑스,KOSDAQ,기술성장기업부,1554,0,0,0.0,0,0,0,0,0,54075680190,34797735,KSQ
1079,067920,KR7067920009,이글루,KOSDAQ,우량기업부,4915,2,-85,-1.7,4995,5050,4880,20705,102498625,54045924885,10996119,KSQ
1080,060560,KR7060560000,HC홈센타,KOSDAQ,중견기업부,2115,2,-15,-0.7,2160,2160,2000,35771,75493600,53695622115,25388001,KSQ
1081,050960,KR7050960004,수산아이앤티,KOSDAQ,벤처기업부,7910,2,-120,-1.49,8040,8160,7810,4035,32237060,53400410000,6751000,KSQ
1082,384470,KR7384470001,코어라인소프트,KOSDAQ,기술성장기업부,2975,2,-25,-0.83,2970,3020,2905,41593,122919223,53391408700,17946692,KSQ
1083,104540,KR7104540000,코렌텍,KOSDAQ,기술성장기업부,3980,2,-15,-0.38,3990,4070,3900,10710,42489560,53361491800,13407410,KSQ
1084,145170,KR7145170007,노브랜드,KOSDAQ,중견기업부,3155,2,-35,-1.1,3280,3290,3100,18733,59377643,53346017775,16908405,KSQ
1085,033320,KR7033320003,제이씨현시스템,KOSDAQ,벤처기업부,2790,2,-55,-1.93,2825,2885,2750,46841,131508865,53329265280,19114432,KSQ
1086,463480,KR7463480004,모티브링크,KOSDAQ,중견기업부,4300,2,-130,-2.93,4375,4485,4260,31323,136121530,53278539400,12390358,KSQ
1087,027830,KR7027830009,대성창투,KOSDAQ,중견기업부,986,1,11,1.13,977,1005,947,150042,146197700,53244000000,54000000,KSQ
1088,303360,KR7303360002,프로티아,KOSDAQ,기술성장기업부,4120,2,-160,-3.74,4170,4255,4070,16727,69459060,53064425800,12879715,KSQ
1089,317850,KR7317850006,대모,KOSDAQ,벤처기업부,6360,1,40,0.63,6420,6980,6270,157415,1023285790,52943311200,8324420,KSQ
1090,054930,KR7054930003,유신,KOSDAQ,우량기업부,17640,1,120,0.68,17380,18930,17380,39490,715428575,52920000000,3000000,KSQ
1091,134580,KR7134580000,탑코미디어,KOSDAQ,중견기업부,1069,1,19,1.81,1041,1105,1028,18840,20149721,52695445281,49294149,KSQ
1092,064240,KR7064240005,홈캐스트,KOSDAQ,벤처기업부,1518,2,-45,-2.88,1577,1578,1513,23018,35300149,52665873018,34694251,KSQ
1093,099220,KR7099220006,SDN,KOSDAQ,중견기업부,810,2,-20,-2.41,831,858,806,340095,280176858,52604923500,64944350,KSQ
1094,033230,KR7033230004,인성정보,KOSDAQ,중견기업부,1039,1,8,0.78,1031,1065,1011,242215,249816208,52485479820,50515380,KSQ
1095,347740,KR7347740003,피엔케이피부임상연구센타,KOSDAQ,벤처기업부,1748,2,-25,-1.41,1783,1798,1727,9839,17303783,52458486848,30010576,KSQ
1096,263600,KR7263600009,덕우전자,KOSDAQ,중견기업부,3290,2,-155,-4.5,3450,3510,3110,151669,485697410,52410719900,15930310,KSQ
1097,038010,KR7038010005,제일테크노스,KOSDAQ,우량기업부,5820,2,-110,-1.85,5930,5980,5740,19417,113742670,52380000000,9000000,KSQ
1098,095270,KR7095270005,웨이브일렉트로,KOSDAQ,벤처기업부,3640,1,25,0.69,3550,3690,3535,76369,274823610,52315557840,14372406,KSQ
1099,331380,KR7331380006,포커스에이아이,KOSDAQ,투자주의환기종목(소속부없음),1426,1,7,0.49,1480,1480,1369,37054,52214795,52135794916,36560866,KSQ
1100,278650,KR7278650007,HLB바이오스텝,KOSDAQ,중견기업부,2990,1,30,1.01,2980,3065,2910,23682,70358232,52122864040,17432396,KSQ
1101,071670,KR7071670004,에이테크솔루션,KOSDAQ,중견기업부,5210,2,-160,-2.98,5370,5430,5120,33243,173739520,52100000000,10000000,KSQ
1102,452400,KR7452400005,이닉스,KOSDAQ,우량기업부,5740,2,-130,-2.21,5640,5860,5560,11369,64794290,52069996720,9071428,KSQ
1103,033340,KR7033340001,좋은사람들,KOSDAQ,중견기업부,537,2,-15,-2.72,534,567,520,703940,378814806,52062449646,96950558,KSQ
1104,260930,KR7260930003,씨티케이,KOSDAQ,중견기업부,2690,2,-30,-1.1,2620,2810,2620,32724,89568700,52028879790,19341591,KSQ
1105,092300,KR7092300003,현우산업,KOSDAQ,우량기업부,2580,2,-85,-3.19,2665,2670,2555,59620,155355225,51986667180,20149871,KSQ
1106,0013V0,KR70013V0002,삼진식품,KOSDAQ,중견기업부,5240,2,-60,-1.13,5260,5390,5140,30959,161888630,51973757440,9918656,KSQ
1107,064800,KR7064800006,포니링크,KOSDAQ,중견기업부,2025,2,-75,-3.57,2045,2100,1900,36180,72775867,51761954475,25561459,KSQ
1108,097800,KR7097800007,윈팩,KOSDAQ,중견기업부,1896,2,-87,-4.39,1983,2040,1840,108447,206893903,51741925320,27290045,KSQ
1109,317830,KR7317830008,에스피시스템스,KOSDAQ,벤처기업부,4800,2,-310,-6.07,5100,5110,4725,53979,264295575,51714326400,10773818,KSQ
1110,192250,KR7192250009,케이사인,KOSDAQ,벤처기업부,7310,2,-90,-1.22,7340,7700,7100,12658,92915170,51660683750,7067125,KSQ
1111,435570,KR7435570007,에르코스,KOSDAQ,벤처기업부,6780,1,20,0.3,6680,6940,6450,3030,19953350,51643144740,7616983,KSQ
1112,063440,KR7063440002,SM Life Design,KOSDAQ,중견기업부,1138,2,-6,-0.52,1122,1164,1121,110108,125804572,51573436232,45319364,KSQ
1113,096610,KR7096610001,알에프세미,KOSDAQ,투자주의환기종목(소속부없음),2965,0,0,0.0,0,0,0,0,0,51550708615,17386411,KSQ
1114,065530,KR7065530008,와이어블,KOSDAQ,우량기업부,1071,2,-31,-2.81,1110,1130,1069,97384,106350110,51235310889,47838759,KSQ
1115,101670,KR7101670008,하이드로리튬,KOSDAQ,중견기업부,902,2,-67,-6.91,969,976,873,565516,517690395,51213022674,56777187,KSQ
1116,033540,KR7033540006,파라텍,KOSDAQ,중견기업부,978,1,42,4.49,961,979,905,232266,218866280,51096911718,52246331,KSQ
1117,053450,KR7053450003,세코닉스,KOSDAQ,우량기업부,3450,1,10,0.29,3380,3640,3380,66917,234627665,51035170350,14792803,KSQ
1118,393970,KR7393970009,대진첨단소재,KOSDAQ,관리종목(소속부없음),2825,0,0,0.0,0,0,0,0,0,50428566500,17850820,KSQ
1119,317530,KR7317530004,에피소드컴퍼니,KOSDAQ,기술성장기업부,2870,1,230,8.71,2655,3080,2655,14913,43305155,50210311340,17494882,KSQ
1120,065130,KR7065130007,탑엔지니어링,KOSDAQ,중견기업부,3130,1,135,4.51,2995,3235,2955,93111,292105792,50092520000,16004000,KSQ
1121,270520,KR7270520000,앱튼,KOSDAQ,투자주의환기종목(소속부없음),2540,2,-160,-5.93,2700,2810,2500,289825,763478851,49933641560,19658914,KSQ
1122,461030,KR7461030009,아이엠비디엑스,KOSDAQ,기술성장기업부,3480,2,-30,-0.85,3405,3600,3300,16602,57247365,49884119160,14334517,KSQ
1123,056360,KR7056360001,코위버,KOSDAQ,벤처기업부,5090,2,-200,-3.78,5420,5420,5020,68557,351666290,49865712000,9796800,KSQ
1124,471820,KR7471820001,셀로맥스사이언스,KOSDAQ,벤처기업부,4410,2,-85,-1.89,4460,4565,4390,1665,7404915,49845696390,11302879,KSQ
1125,163280,KR7163280001,에어레인,KOSDAQ,기술성장기업부,3660,2,-175,-4.56,3820,3900,3570,39162,144200445,49787265480,13603078,KSQ
1126,053270,KR7053270005,구영테크,KOSDAQ,우량기업부,1816,2,-29,-1.57,1815,1860,1805,76437,139862377,49777295480,27410405,KSQ
1127,081180,KR7081180002,쎄크,KOSDAQ,기술성장기업부,5640,2,-480,-7.84,5810,6000,5510,78847,449685820,49776017400,8825535,KSQ
1128,170790,KR7170790000,파이오링크,KOSDAQ,우량기업부,7740,2,-30,-0.39,7710,7900,7330,9602,73997910,49515372900,6397335,KSQ
1129,037950,KR7037950003,엘컴텍,KOSDAQ,중견기업부,2930,2,-190,-6.09,3085,3095,2927,39133,118157098,49486243790,16889503,KSQ
1130,019990,KR7019990001,에너토크,KOSDAQ,중견기업부,5040,2,-220,-4.18,5200,5350,4985,23068,117922370,49170683520,9756088,KSQ
1131,042940,KR7042940007,상지건설,KOSDAQ,중견기업부,7190,2,-410,-5.39,7600,8200,7130,516699,3905790695,49098439280,6828712,KSQ
1132,321260,KR7321260002,프로이천,KOSDAQ,벤처기업부,1741,2,-60,-3.33,1821,1861,1650,177540,313978468,49082418244,28192084,KSQ
1133,053980,KR7053980009,오상자이엘,KOSDAQ,우량기업부,2585,1,15,0.58,2580,2645,2550,24183,62503210,49070494055,18982783,KSQ
1134,057540,KR7057540007,옴니시스템,KOSDAQ,중견기업부,824,2,-46,-5.29,870,870,809,340321,285447299,48940876832,59394268,KSQ
1135,122310,KR7122310006,제노레이,KOSDAQ,우량기업부,3360,2,-20,-0.59,3355,3460,3290,11579,39229255,48900915840,14553844,KSQ
1136,048770,KR7048770002,TPC로보틱스,KOSDAQ,벤처기업부,3110,2,-130,-4.01,3240,3315,3005,125135,394838800,48820752010,15697991,KSQ
1137,314140,KR7314140005,알피바이오,KOSDAQ,우량기업부,5630,2,-70,-1.23,5700,5830,5550,6712,38380990,48791612430,8666361,KSQ
1138,241790,KR7241790005,티이엠씨씨엔에스,KOSDAQ,우량기업부,4850,2,-230,-4.53,5120,5180,4735,104664,513390365,48512774900,10002634,KSQ
1139,052790,KR7052790003,액토즈소프트,KOSDAQ,중견기업부,4435,2,-155,-3.38,4635,4640,4435,13262,60024345,48450365945,10924547,KSQ
1140,391710,KR7391710001,코닉오토메이션,KOSDAQ,벤처기업부,1136,2,-65,-5.41,1191,1203,1120,40606,47244641,48416853920,42620470,KSQ
1141,352910,KR7352910004,오비고,KOSDAQ,기술성장기업부,3830,1,55,1.46,3750,3965,3750,12501,47920590,48402781660,12637802,KSQ
1142,015710,KR7015710007,코콤,KOSDAQ,우량기업부,2760,2,-35,-1.25,2795,2855,2705,10248,28207095,48384180000,17530500,KSQ
1143,420570,KR7420570004,제이투케이바이오,KOSDAQ,벤처기업부,8270,1,40,0.49,8000,8450,8000,14311,118147305,48358684410,5847483,KSQ
1144,317690,KR7317690006,퀀타매트릭스,KOSDAQ,기술성장기업부,2400,3,0,0.0,2430,2600,2350,36388,87851610,48324069600,20135029,KSQ
1145,256630,KR7256630005,포인트엔지니어링,KOSDAQ,벤처기업부,4150,2,-115,-2.7,4215,4265,4070,3833,15968260,48137568100,11599414,KSQ
1146,109080,KR7109080002,옵티시스,KOSDAQ,벤처기업부,8520,2,-40,-0.47,8370,8740,8370,25923,219735770,48018720000,5636000,KSQ
1147,084650,KR7084650001,랩지노믹스,KOSDAQ,중견기업부,645,2,-9,-1.38,643,675,633,371635,241321232,47884793550,74239990,KSQ
1148,082660,KR7082660002,코스나인,KOSDAQ,관리종목(소속부없음),480,0,0,0.0,0,0,0,0,0,47827617120,99640869,KSQ
1149,419080,KR7419080007,엔젯,KOSDAQ,기술성장기업부,4400,1,140,3.29,3990,4600,3990,76489,332325645,47630602800,10825137,KSQ
1150,418250,KR7418250007,시큐레터,KOSDAQ,관리종목(소속부없음),6550,0,0,0.0,0,0,0,0,0,47629012750,7271605,KSQ
1151,460870,KR7460870009,에스엠씨지,KOSDAQ,벤처기업부,2370,1,85,3.72,2175,2425,2175,37243,84787905,47573730480,20073304,KSQ
1152,376290,KR7376290003,씨유테크,KOSDAQ,벤처기업부,2660,2,-10,-0.37,2705,2715,2590,7395,19712930,46968950000,17657500,KSQ
1153,023440,KR7023440001,제이스코홀딩스,KOSDAQ,관리종목(소속부없음),521,0,0,0.0,0,0,0,0,0,46964378481,90142761,KSQ
1154,088280,KR7088280003,쏘닉스,KOSDAQ,기술성장기업부,2710,2,-45,-1.63,2730,2970,2635,132869,368217880,46900587900,17306490,KSQ
1155,440290,KR7440290005,HB인베스트먼트,KOSDAQ,중견기업부,1696,2,-4,-0.24,1730,1777,1684,89237,153910503,46650905280,27506430,KSQ
1156,198080,KR7198080004,캐프,KOSDAQ,우량기업부,2165,2,-35,-1.59,2180,2210,2125,51925,111786740,46623675525,21535185,KSQ
1157,238120,KR7238120000,얼라인드,KOSDAQ,기술성장기업부,3240,2,-30,-0.92,3230,3380,3180,14080,45488330,46587623040,14378896,KSQ
1158,189980,KR7189980006,흥국에프엔비,KOSDAQ,우량기업부,1158,2,-2,-0.17,1150,1178,1138,32213,37353885,46479603666,40137827,KSQ
1159,262260,KR7262260003,에이프로,KOSDAQ,우량기업부,3075,2,-170,-5.24,3245,3310,3040,32892,102554020,46363804500,15077660,KSQ
1160,382150,KR7382150001,온코크로스,KOSDAQ,기술성장기업부,3800,1,140,3.83,3525,3875,3525,33866,126135480,46344636600,12195957,KSQ
1161,072990,KR7072990005,에이치시티,KOSDAQ,우량기업부,3185,2,-65,-2.0,3160,3265,3160,16852,53998439,46176786110,14498206,KSQ
1162,199550,KR7199550005,레이저옵텍,KOSDAQ,벤처기업부,3110,2,-85,-2.66,3250,3250,3045,56674,176973930,46170410010,14845791,KSQ
1163,479960,KR7479960007,위너스일렉,KOSDAQ,중견기업부,6470,2,-180,-2.71,6330,6720,6330,6626,43068510,46105220000,7126000,KSQ
1164,073110,KR7073110009,엘엠에스,KOSDAQ,벤처기업부,5150,1,10,0.19,5140,5240,5120,2416,12496690,45813138250,8895755,KSQ
1165,094970,KR7094970001,제이엠티,KOSDAQ,벤처기업부,2735,1,40,1.48,2700,2770,2700,131384,358409691,45806436400,16748240,KSQ
1166,066670,KR7066670001,디티씨,KOSDAQ,중견기업부,2450,2,-70,-2.78,2415,2590,2415,18784,45757485,45795199100,18691918,KSQ
1167,072470,KR7072470008,우리산업홀딩스,KOSDAQ,중견기업부,2415,2,-10,-0.41,2380,2595,2380,28714,69387300,45612928515,18887341,KSQ
1168,094940,KR7094940004,푸른로보틱스,KOSDAQ,벤처기업부,5450,2,-110,-1.98,5520,5700,5330,38970,212881530,45569553700,8361386,KSQ
1169,052460,KR7052460003,아이크래프트,KOSDAQ,벤처기업부,3115,2,-55,-1.74,3110,3200,2905,237986,719846227,45503720640,14607936,KSQ
1170,014950,KR7014950000,삼익제약,KOSDAQ,벤처기업부,4515,2,-325,-6.71,4795,4845,4435,307448,1412029632,45184259820,10007588,KSQ
1171,104040,KR7104040001,디에스엠,KOSDAQ,벤처기업부,1685,1,7,0.42,1754,1754,1540,207815,329298587,45180857025,26813565,KSQ
1172,189690,KR7189690001,포시에스,KOSDAQ,벤처기업부,1652,2,-34,-2.02,1695,1700,1598,54993,89016872,45135892788,27321969,KSQ
1173,178780,KR7178780003,일월지엠엘,KOSDAQ,벤처기업부,2410,2,-110,-4.37,2500,2520,2400,18465,44748665,44920459950,18639195,KSQ
1174,052220,KR7052220001,iMBC,KOSDAQ,중견기업부,1941,2,-14,-0.72,1945,2000,1910,94210,184265339,44643000000,23000000,KSQ
1175,159580,KR7159580000,제로투세븐,KOSDAQ,중견기업부,2225,1,45,2.06,2195,2305,2160,19080,42584460,44572615100,20032636,KSQ
1176,217500,KR7217500008,러셀,KOSDAQ,벤처기업부,1401,2,-39,-2.71,1428,1470,1360,69794,98136482,44568612000,31812000,KSQ
1177,950220,KR8840140006,네오이뮨텍,KOSDAQ,기술성장기업부,1302,2,-59,-4.34,1361,1395,1296,89369,119456044,44543815680,34211840,KSQ
1178,007530,KR7007530009,와이엠,KOSDAQ,중견기업부,2000,2,-10,-0.5,2025,2025,1972,11896,23695438,44508462000,22254231,KSQ
1179,037330,KR7037330008,인지디스플레,KOSDAQ,우량기업부,1011,1,15,1.51,996,1014,978,26025,25892819,44367961464,43885224,KSQ
1180,276730,KR7276730009,한울앤제주,KOSDAQ,투자주의환기종목(소속부없음),19390,2,-560,-2.81,20150,20300,18970,7242,140956500,44300507510,2284709,KSQ
1181,288330,KR7288330004,파라택시스코리아,KOSDAQ,관리종목(소속부없음),416,0,0,0.0,0,0,0,0,0,44129674368,106080948,KSQ
1182,068330,KR7068330000,일신바이오,KOSDAQ,중견기업부,998,2,-4,-0.4,995,1019,971,66369,65899196,44127707720,44216140,KSQ
1183,143540,KR7143540003,영우디에스피,KOSDAQ,벤처기업부,988,2,-21,-2.08,1039,1039,945,86657,84376280,44064696260,44599895,KSQ
1184,373160,KR7373160001,데이원컴퍼니,KOSDAQ,기술성장기업부,3185,2,-20,-0.62,3210,3280,3175,7715,24600160,43976788765,13807469,KSQ
1185,460470,KR7460470008,아이빔테크놀로지,KOSDAQ,기술성장기업부,2900,2,-95,-3.17,2965,3000,2855,22536,65406085,43846173000,15119370,KSQ
1186,315640,KR7315640003,딥노이드,KOSDAQ,기술성장기업부,1492,2,-68,-4.36,1545,1597,1475,111738,169338505,43823370144,29372232,KSQ
1187,099410,KR7099410003,동방선기,KOSDAQ,벤처기업부,3120,2,-195,-5.88,3280,3280,3070,91680,289398131,43680000000,14000000,KSQ
1188,413640,KR7413640004,비아이매트릭스,KOSDAQ,벤처기업부,6030,2,-20,-0.33,5970,6150,5840,4797,28787035,43457848200,7206940,KSQ
1189,014190,KR7014190003,원익큐브,KOSDAQ,우량기업부,1225,2,-25,-2.0,1243,1275,1200,55823,68370175,43358961975,35395071,KSQ
1190,196450,KR7196450001,코아시아씨엠,KOSDAQ,중견기업부,956,2,-17,-1.75,1000,1035,902,161553,159184093,43325520392,45319582,KSQ
1191,222420,KR7222420002,쎄노텍,KOSDAQ,벤처기업부,891,2,-58,-6.11,949,966,867,503127,449393314,43140903993,48418523,KSQ
1192,273060,KR7273060004,와이즈버즈,KOSDAQ,중견기업부,852,1,5,0.59,847,879,840,75170,64201417,42991563864,50459582,KSQ
1193,190650,KR7190650002,코리아에셋투자증권,KOSDAQ,우량기업부,6730,2,-80,-1.17,6700,6830,6670,17780,120153240,42991240000,6388000,KSQ
1194,270870,KR7270870009,뉴트리,KOSDAQ,중견기업부,4670,1,10,0.21,4625,4705,4505,21567,99855750,42965046080,9200224,KSQ
1195,056700,KR7056700008,신화인터텍,KOSDAQ,중견기업부,1474,2,-39,-2.58,1504,1510,1459,13521,20017691,42945124134,29135091,KSQ
1196,089790,KR7089790000,제이티,KOSDAQ,벤처기업부,4160,2,-270,-6.09,4320,4450,4000,99290,416423508,42912534080,10315513,KSQ
1197,263700,KR7263700007,케어랩스,KOSDAQ,중견기업부,2210,2,-70,-3.07,2275,2390,2130,27694,61186275,42905382000,19414200,KSQ
1198,066130,KR7066130006,하츠,KOSDAQ,우량기업부,3340,2,-60,-1.76,3415,3485,3325,33955,116080511,42752000000,12800000,KSQ
1199,051390,KR7051390003,YW,KOSDAQ,중견기업부,3760,2,-370,-8.96,4195,4195,3720,30725,117711695,42696183680,11355368,KSQ
1200,263020,KR7263020000,디케이앤디,KOSDAQ,벤처기업부,3065,3,0,0.0,3080,3155,3050,133957,413945504,42407787490,13836146,KSQ
1201,025880,KR7025880006,케이씨피드,KOSDAQ,우량기업부,2530,1,15,0.6,2505,2600,2495,66205,168291870,42291120740,16715858,KSQ
1202,196300,KR7196300008,HLB펩,KOSDAQ,관리종목(소속부없음),4505,2,-75,-1.64,4630,4630,4490,2297,10384590,42240857695,9376439,KSQ
1203,277070,KR7277070009,린드먼아시아,KOSDAQ,중견기업부,3070,2,-5,-0.16,2935,3100,2905,9481,28343960,42034440000,13692000,KSQ
1204,215380,KR7215380007,우정바이오,KOSDAQ,벤처기업부,2495,2,-50,-1.96,2545,2550,2420,43261,107564640,41989792120,16829576,KSQ
1205,002290,KR7002290005,삼일기업공사,KOSDAQ,우량기업부,3385,2,-95,-2.73,3520,3545,3365,15383,53190446,41974000000,12400000,KSQ
1206,037230,KR7037230000,한국팩키지,KOSDAQ,우량기업부,1405,2,-10,-0.71,1403,1446,1387,33287,47431880,41869459435,29800327,KSQ
1207,299660,KR7299660001,셀리드,KOSDAQ,기술성장기업부,1414,2,-16,-1.12,1360,1467,1360,214281,304014310,41717209478,29502977,KSQ
1208,060850,KR7060850005,영림원소프트랩,KOSDAQ,벤처기업부,5130,2,-70,-1.35,5200,5210,5070,5061,25925370,41712030000,8131000,KSQ
1209,049080,KR7049080005,기가레인,KOSDAQ,벤처기업부,4880,2,-170,-3.37,4970,5180,4780,146643,722455818,41423069920,8488334,KSQ
1210,450330,KR7450330006,하스,KOSDAQ,기술성장기업부,5050,2,-100,-1.94,5160,5190,4750,2889,14616255,41343557150,8186843,KSQ
1211,261200,KR7261200000,덴티스,KOSDAQ,중견기업부,2610,2,-55,-2.06,2660,2680,2565,8302,21635150,41263317000,15809700,KSQ
1212,177900,KR7177900008,쓰리에이로직스,KOSDAQ,기술성장기업부,4280,2,-240,-5.31,4380,4570,4195,24726,106464434,41206128000,9627600,KSQ
1213,466410,KR7466410008,사이냅소프트,KOSDAQ,벤처기업부,8140,2,-170,-2.05,8360,8360,7950,15796,127595800,41001367220,5037023,KSQ
1214,104200,KR7104200001,NHN벅스,KOSDAQ,중견기업부,2765,2,-120,-4.16,2915,2915,2690,38875,107391085,40998175750,14827550,KSQ
1215,140520,KR7140520008,대창스틸,KOSDAQ,중견기업부,1941,2,-36,-1.82,1961,1964,1930,24902,48362964,40973040663,21109243,KSQ
1216,024950,KR7024950008,삼천리자전거,KOSDAQ,중견기업부,3300,1,20,0.61,3210,3375,3210,17802,58210577,40920000000,12400000,KSQ
1217,290670,KR7290670009,대보마그네틱,KOSDAQ,중견기업부,5200,2,-140,-2.62,5340,5500,5000,17310,90270970,40859832000,7857660,KSQ
1218,129890,KR7129890000,앱코,KOSDAQ,벤처기업부,897,2,-23,-2.5,918,929,887,224868,202393126,40854404994,45545602,KSQ
1219,360350,KR7360350003,코셈,KOSDAQ,기술성장기업부,7120,2,-270,-3.65,7390,7490,7040,15143,110519280,40854346400,5737970,KSQ
1220,229000,KR7229000005,젠큐릭스,KOSDAQ,기술성장기업부,1740,1,27,1.58,1720,1855,1597,387435,657421370,40765007100,23428165,KSQ
1221,261520,KR7261520001,이지스,KOSDAQ,기술성장기업부,3960,2,-100,-2.46,4060,4200,3900,12067,48228345,40700088000,10277800,KSQ
1222,219550,KR7219550001,디와이디,KOSDAQ,관리종목(소속부없음),1052,1,31,3.04,1030,1090,990,71139,73568350,40684265312,38673256,KSQ
1223,452200,KR7452200009,민테크,KOSDAQ,기술성장기업부,1671,2,-267,-13.78,1938,1938,1605,599001,1020848386,40660108800,24332800,KSQ
1224,227950,KR7227950003,엔투텍,KOSDAQ,벤처기업부,1176,2,-21,-1.75,1188,1229,1152,63058,74394044,40581653784,34508209,KSQ
1225,038070,KR7038070009,서린바이오,KOSDAQ,중견기업부,4355,2,-125,-2.79,4265,4630,4265,21425,94745800,40504443980,9300676,KSQ
1226,224110,KR7224110007,에이텍모빌리티,KOSDAQ,벤처기업부,7960,2,-150,-1.85,8120,8120,7890,9216,73194580,40439872560,5080386,KSQ
1227,127710,KR7127710002,아시아경제,KOSDAQ,중견기업부,918,3,0,0.0,913,942,872,7098,6416340,40437174780,44049210,KSQ
1228,219420,KR7219420007,링크제니시스,KOSDAQ,기술성장기업부,3525,2,-110,-3.03,3560,3675,3410,21881,76738790,40430012175,11469507,KSQ
1229,033170,KR7033170002,시그네틱스,KOSDAQ,중견기업부,470,2,-7,-1.47,477,500,441,226996,107972976,40292309930,85728319,KSQ
1230,006920,KR7006920003,모헨즈,KOSDAQ,중견기업부,3680,1,150,4.25,3470,3950,3450,663074,2463170677,40185600000,10920000,KSQ
1231,369370,KR7369370002,블리츠웨이엔터테인먼트,KOSDAQ,벤처기업부,805,2,-2,-0.25,807,831,750,40439,31995956,40146888355,49871911,KSQ
1232,206400,KR7206400004,베노티앤알,KOSDAQ,중견기업부,1070,2,-68,-5.98,1086,1138,1019,176677,190020012,40135869060,37510158,KSQ
1233,424980,KR7424980001,마이크로투나노,KOSDAQ,기술성장기업부,6780,2,-140,-2.02,6870,7200,6530,16246,110199660,40130074200,5918890,KSQ
1234,123570,KR7123570004,이엠넷,KOSDAQ,중견기업부,1800,1,8,0.45,1890,1890,1760,4404,8157249,40096940400,22276078,KSQ
1235,066900,KR7066900002,디에이피,KOSDAQ,관리종목(소속부없음),1760,2,-88,-4.76,1847,1847,1666,5193,9286706,40030325280,22744503,KSQ
1236,258610,KR7258610005,케일럼,KOSDAQ,중견기업부,1096,2,-45,-3.94,1141,1150,1006,65058,69443853,39987629048,36485063,KSQ
1237,147760,KR7147760003,피엠티,KOSDAQ,벤처기업부,3680,2,-425,-10.35,4105,4120,3605,67726,256136898,39817106880,10819866,KSQ
1238,100660,KR7100660000,서암기계공업,KOSDAQ,중견기업부,3160,2,-120,-3.66,3210,3440,3125,227053,739921680,39816000000,12600000,KSQ
1239,305090,KR7305090003,마이크로디지탈,KOSDAQ,기술성장기업부,2135,2,-95,-4.26,2095,2255,2095,52688,114798230,39755516885,18620851,KSQ
1240,064090,KR7064090004,인크레더블버즈,KOSDAQ,관리종목(소속부없음),798,0,0,0.0,0,0,0,0,0,39694710510,49742745,KSQ
1241,307280,KR7307280008,원바이오젠,KOSDAQ,벤처기업부,5580,2,-190,-3.29,5680,5850,5520,9743,55220790,39588018660,7094627,KSQ
1242,221980,KR7221980006,케이디켐,KOSDAQ,우량기업부,9810,2,-30,-0.3,9840,9840,9660,12,116850,39581388000,4034800,KSQ
1243,065440,KR7065440000,이루온,KOSDAQ,벤처기업부,1450,2,-76,-4.98,1513,1529,1415,174093,253043295,39548779000,27275020,KSQ
1244,049830,KR7049830003,승일,KOSDAQ,중견기업부,6420,2,-140,-2.13,6530,6610,6160,464,2906630,39368159040,6132112,KSQ
1245,026910,KR7026910000,광진실업,KOSDAQ,중견기업부,5300,1,170,3.31,4990,5600,4990,269914,1441173775,39356814200,7425814,KSQ
1246,189860,KR7189860000,서전기전,KOSDAQ,벤처기업부,4050,2,-250,-5.81,4255,4260,3995,87845,361142244,39280059000,9698780,KSQ
1247,237820,KR7237820006,플레이디,KOSDAQ,중견기업부,3060,2,-120,-3.77,3035,3160,3030,30169,93583950,39251048400,12827140,KSQ
1248,297570,KR7297570004,아틀라스링크,KOSDAQ,벤처기업부,1133,1,18,1.61,1115,1175,1100,57900,65480211,39225839994,34621218,KSQ
1249,050860,KR7050860006,아세아텍,KOSDAQ,우량기업부,1734,2,-58,-3.24,1794,1803,1720,15880,27520688,39015000000,22500000,KSQ
1250,299900,KR7299900001,위지윅스튜디오,KOSDAQ,중견기업부,228,1,3,1.33,232,238,225,100632,23192572,38999145552,171048884,KSQ
1251,263920,KR7263920001,휴엠앤씨,KOSDAQ,중견기업부,3970,2,-5,-0.13,3975,4020,3805,14557,57619870,38941833220,9809026,KSQ
1252,153460,KR7153460001,네이블,KOSDAQ,중견기업부,5930,2,-250,-4.05,6120,6600,5900,30102,191756070,38722983020,6530014,KSQ
1253,050120,KR7050120005,ES큐브,KOSDAQ,중견기업부,2850,2,-20,-0.7,2950,3010,2790,3245,9225000,38657645100,13564086,KSQ
1254,043340,KR7043340009,에쎈테크,KOSDAQ,중견기업부,812,2,-81,-9.07,893,949,805,225022,188674750,38570000000,47500000,KSQ
1255,051490,KR7051490001,나라엠앤디,KOSDAQ,우량기업부,2715,3,0,0.0,2645,2765,2645,21828,58584034,38553000000,14200000,KSQ
1256,171010,KR7171010002,램테크놀러지,KOSDAQ,벤처기업부,2690,2,-130,-4.61,2800,2865,2620,78794,210983200,38463642880,14298752,KSQ
1257,044960,KR7044960003,이글벳,KOSDAQ,중견기업부,3040,2,-35,-1.14,3130,3130,2985,33446,101259925,38431324320,12641883,KSQ
1258,086060,KR7086060001,진바이오텍,KOSDAQ,중견기업부,4455,1,15,0.34,4400,4595,4355,26837,119169900,38360165085,8610587,KSQ
1259,032960,KR7032960007,동일기연,KOSDAQ,관리종목(소속부없음),10900,0,0,0.0,0,0,0,0,0,38352685500,3518595,KSQ
1260,246690,KR7246690002,TS인베스트먼트,KOSDAQ,중견기업부,1611,1,14,0.88,1560,1711,1560,175674,288308358,38306638314,23778174,KSQ
1261,226330,KR7226330009,신테카바이오,KOSDAQ,기술성장기업부,1579,2,-41,-2.53,1620,1675,1574,82154,132852931,38304132025,24258475,KSQ
1262,239890,KR7239890007,피엔에이치테크,KOSDAQ,기술성장기업부,3850,2,-75,-1.91,3925,3985,3805,43983,170941785,38252656750,9935755,KSQ
1263,900250,KYG2115T1076,크리스탈신소재,KOSDAQ,외국기업(소속부없음),1066,2,-118,-9.97,1185,1185,1055,271994,306206606,38178791066,35815001,KSQ
1264,207760,KR7207760000,미스터블루,KOSDAQ,중견기업부,459,2,-66,-12.57,505,520,446,314437,148521285,38133620397,83079783,KSQ
1265,263810,KR7263810004,상신전자,KOSDAQ,중견기업부,2390,2,-5,-0.21,2395,2490,2355,45773,109101284,38060331750,15924825,KSQ
1266,097870,KR7097870000,효성오앤비,KOSDAQ,중견기업부,4480,2,-110,-2.4,4505,4600,4420,16092,72375535,38035200000,8490000,KSQ
1267,250000,KR7250000007,보라티알,KOSDAQ,우량기업부,5630,1,10,0.18,5690,5700,5480,3482,19617740,38006626790,6750733,KSQ
1268,065500,KR7065500001,오리엔트정공,KOSDAQ,중견기업부,1143,2,-43,-3.63,1152,1214,1137,165133,192752879,37996648416,33242912,KSQ
1269,203450,KR7203450002,유니온바이오메트릭스,KOSDAQ,벤처기업부,2695,2,-30,-1.1,2750,2755,2635,14012,37361665,37942923865,14079007,KSQ
1270,122690,KR7122690001,서진오토모티브,KOSDAQ,중견기업부,1644,2,-63,-3.69,1693,1723,1637,66829,111746291,37942148904,23079166,KSQ
1271,090410,KR7090410002,덕신이피씨,KOSDAQ,우량기업부,823,2,-33,-3.86,863,890,809,1099937,932712462,37927210185,46084095,KSQ
1272,355690,KR7355690009,에이텀,KOSDAQ,기술성장기업부,4020,2,-70,-1.71,4145,4225,3825,77332,303510920,37808019600,9404980,KSQ
1273,016600,KR7016600009,큐캐피탈,KOSDAQ,중견기업부,2705,1,125,4.84,2560,2745,2560,81563,218629740,37766130705,13961601,KSQ
1274,288980,KR7288980006,모아데이타,KOSDAQ,기술성장기업부,1034,1,80,8.39,954,1050,900,486499,483593621,37618345886,36381379,KSQ
1275,290120,KR7290120005,DH오토리드,KOSDAQ,중견기업부,2375,2,-55,-2.26,2410,2460,2340,7189,17049735,37584795375,15825177,KSQ
1276,408900,KR7408900009,스튜디오미르,KOSDAQ,중견기업부,1146,1,14,1.24,1100,1165,1100,33698,38155615,37534856634,32752929,KSQ
1277,150900,KR7150900009,파수AI,KOSDAQ,벤처기업부,3200,1,55,1.75,3080,3280,3080,49277,156502425,37452550400,11703922,KSQ
1278,127980,KR7127980001,화인써키트,KOSDAQ,중견기업부,3160,2,-100,-3.07,3200,3345,3090,8229,26013325,37416561440,11840684,KSQ
1279,361570,KR7361570005,알비더블유,KOSDAQ,중견기업부,1301,2,-7,-0.54,1214,1329,1214,181728,225494599,37395021591,28743291,KSQ
1280,256150,KR7256150004,한독크린텍,KOSDAQ,벤처기업부,4445,2,-15,-0.34,4420,4510,4420,1343,5971565,37315775000,8395000,KSQ
1281,419120,KR7419120001,산돌,KOSDAQ,중견기업부,2620,2,-70,-2.6,2635,2785,2605,7158,18898396,37264493180,14223089,KSQ
1282,260660,KR7260660006,알리코제약,KOSDAQ,중견기업부,2425,2,-50,-2.02,2455,2510,2375,31025,75792285,37168025925,15327021,KSQ
1283,458350,KR7458350006,에스팀,KOSDAQ,중견기업부,4270,1,25,0.59,4295,4490,4150,36036,153753565,37077264000,8683200,KSQ
1284,014570,KR7014570006,고려제약,KOSDAQ,중견기업부,3370,2,-10,-0.3,3400,3425,3360,9306,31485005,37070000000,11000000,KSQ
1285,045060,KR7045060001,오공,KOSDAQ,우량기업부,2180,1,45,2.11,2150,2195,2140,34630,75292820,36933503320,16941974,KSQ
1286,0010V0,KR70010V0005,제이피아이헬스케어,KOSDAQ,벤처기업부,7230,1,30,0.42,7200,7450,7080,2871,20895670,36912042000,5105400,KSQ
1287,019770,KR7019770007,서연탑메탈,KOSDAQ,우량기업부,3165,2,-55,-1.71,3185,3220,3120,10230,32313327,36872250000,11650000,KSQ
1288,263770,KR7263770000,유에스티,KOSDAQ,우량기업부,1551,2,-51,-3.18,1650,1650,1546,6100,9613265,36758966772,23700172,KSQ
1289,317870,KR7317870004,엔바이오니아,KOSDAQ,기술성장기업부,4155,1,65,1.59,4090,4345,4075,10686,44351535,36738073725,8841895,KSQ
1290,221840,KR7221840002,하이즈항공,KOSDAQ,중견기업부,1960,2,-14,-0.71,1857,1964,1857,1456,2817970,36653099560,18700561,KSQ
1291,204020,KR7204020002,그리티,KOSDAQ,우량기업부,1879,1,5,0.27,1874,1896,1842,18632,35019891,36548113328,19450832,KSQ
1292,114450,KR7114450000,그린생명과학,KOSDAQ,벤처기업부,1827,2,-37,-1.98,1850,1897,1811,67814,125568547,36540000000,20000000,KSQ
1293,321820,KR7321820003,아티스트컴퍼니,KOSDAQ,기술성장기업부,2340,2,-80,-3.31,2350,2485,2310,42099,99147360,36483819840,15591376,KSQ
1294,043910,KR7043910009,자연과환경,KOSDAQ,벤처기업부,3205,1,35,1.1,3010,3210,3010,59628,188052860,36341959725,11339145,KSQ
1295,081580,KR7081580003,성우전자,KOSDAQ,중견기업부,2340,2,-30,-1.27,2400,2400,2300,40357,94379397,36289054620,15508143,KSQ
1296,376930,KR7376930004,노을,KOSDAQ,기술성장기업부,706,2,-27,-3.68,733,744,699,112233,79867580,36211674038,51291323,KSQ
1297,057030,KR7057030009,YBM넷,KOSDAQ,중견기업부,2215,1,50,2.31,2165,2220,2055,21818,47575965,36132623855,16312697,KSQ
1298,340360,KR7340360007,다보링크,KOSDAQ,투자주의환기종목(소속부없음),694,2,-92,-11.7,786,800,685,562351,413867539,36131563768,52062772,KSQ
1299,128540,KR7128540002,에코캡,KOSDAQ,우량기업부,1350,1,25,1.89,1291,1405,1291,48127,65537325,36032121000,26690460,KSQ
1300,105760,KR7105760003,포스뱅크,KOSDAQ,우량기업부,3535,2,-65,-1.81,3630,3630,3510,22536,80615165,36024785545,10190887,KSQ
1301,083550,KR7083550004,케이엠,KOSDAQ,중견기업부,2655,1,10,0.38,2610,2705,2610,5882,15583110,35991618075,13556165,KSQ
1302,284620,KR7284620002,카이노스메드,KOSDAQ,투자주의환기종목(소속부없음),1087,0,0,0.0,0,0,0,0,0,35965517911,33086953,KSQ
1303,218150,KR7218150001,미래생명자원,KOSDAQ,벤처기업부,1761,2,-7,-0.4,1736,1830,1736,72503,129463030,35952227322,20415802,KSQ
1304,234100,KR7234100006,폴라리스세원,KOSDAQ,우량기업부,2460,2,-80,-3.15,2535,2560,2400,20885,51746305,35920024560,14601636,KSQ
1305,068940,KR7068940006,셀피글로벌,KOSDAQ,관리종목(소속부없음),778,0,0,0.0,0,0,0,0,0,35720093048,45912716,KSQ
1306,348080,KR7348080003,큐라티스,KOSDAQ,중견기업부,309,0,0,0.0,0,0,0,0,0,35673982329,115449781,KSQ
1307,465480,KR7465480002,인스피언,KOSDAQ,벤처기업부,3515,2,-35,-0.99,3525,3650,3405,6476,22494914,35634268580,10137772,KSQ
1308,393210,KR7393210000,토마토시스템,KOSDAQ,기술성장기업부,2270,2,-25,-1.09,2175,2390,2175,35981,81795705,35445014880,15614544,KSQ
1309,024120,KR7024120008,KB오토시스,KOSDAQ,중견기업부,3080,2,-45,-1.44,3135,3175,3060,8623,26775200,35420000000,11500000,KSQ
1310,263050,KR7263050007,유틸렉스,KOSDAQ,관리종목(소속부없음),959,0,0,0.0,0,0,0,0,0,35324626904,36834856,KSQ
1311,038060,KR7038060000,루멘스,KOSDAQ,중견기업부,729,2,-49,-6.3,778,797,703,231632,171307185,35067137301,48103069,KSQ
1312,186230,KR7186230009,그린플러스,KOSDAQ,벤처기업부,3210,2,-75,-2.28,3285,3385,3120,25230,81290072,35053803480,10920188,KSQ
1313,086040,KR7086040003,바이오톡스텍,KOSDAQ,벤처기업부,2195,2,-5,-0.23,2200,2240,2110,13805,30139315,35028352165,15958247,KSQ
1314,432430,KR7432430007,와이랩,KOSDAQ,기술성장기업부,2115,2,-50,-2.31,2070,2160,2070,15388,32557045,34915096800,16508320,KSQ
1315,064520,KR7064520000,테크엘,KOSDAQ,중견기업부,1560,1,9,0.58,1538,1610,1515,17682,27456960,34867656720,22351062,KSQ
1316,288620,KR7288620008,에스프리즘,KOSDAQ,벤처기업부,4975,2,-105,-2.07,5040,5340,4950,7078,35520127,34722097100,6979316,KSQ
1317,020180,KR7020180006,대신정보통신,KOSDAQ,중견기업부,902,2,-21,-2.28,922,925,892,179811,163074793,34662881330,38428915,KSQ
1318,064480,KR7064480007,브리지텍,KOSDAQ,벤처기업부,2895,1,5,0.17,2905,2930,2795,23637,67829135,34602487500,11952500,KSQ
1319,148930,KR7148930001,에이치와이티씨,KOSDAQ,중견기업부,3400,2,-55,-1.59,3455,3480,3375,68543,235514585,34595724200,10175213,KSQ
1320,071850,KR7071850002,캐스텍코리아,KOSDAQ,투자주의환기종목(소속부없음),1425,2,-21,-1.45,1446,1446,1402,15774,22487168,34571836650,24260938,KSQ
1321,052600,KR7052600004,한네트,KOSDAQ,중견기업부,2985,2,-20,-0.67,2970,3050,2945,8462,25436605,34517644500,11563700,KSQ
1322,044480,KR7044480002,빌리언스,KOSDAQ,중견기업부,1038,2,-85,-7.57,1101,1123,1035,82169,87892429,34514450808,33250916,KSQ
1323,220180,KR7220180004,핸디소프트,KOSDAQ,벤처기업부,1439,2,-5,-0.35,1540,1540,1392,3969,5715675,34436481638,23930842,KSQ
1324,106240,KR7106240005,파인테크닉스,KOSDAQ,벤처기업부,1437,1,84,6.21,1353,1484,1331,128740,179708715,34311737580,23877340,KSQ
1325,352700,KR7352700009,씨앤투스,KOSDAQ,벤처기업부,1303,2,-11,-0.84,1328,1333,1294,11265,14742260,34238799397,26276899,KSQ
1326,049470,KR7049470008,비트플래닛,KOSDAQ,중견기업부,1452,2,-18,-1.22,1401,1585,1355,17750,25387428,34187193348,23544899,KSQ
1327,079000,KR7079000006,와토스코리아,KOSDAQ,중견기업부,4745,1,70,1.5,4680,5200,4650,82613,405742705,34164000000,7200000,KSQ
1328,215790,KR7215790007,이노인스트루먼트,KOSDAQ,중견기업부,845,1,5,0.6,840,898,810,1095020,931314155,34039260905,40283149,KSQ
1329,311390,KR7311390009,네오크레마,KOSDAQ,벤처기업부,2685,1,65,2.48,2485,2740,2485,37336,99458940,33975423465,12653789,KSQ
1330,046310,KR7046310009,백금T&A,KOSDAQ,우량기업부,2065,2,-10,-0.48,2055,2145,2030,20776,43727785,33904493665,16418641,KSQ
1331,101240,KR7101240000,씨큐브,KOSDAQ,우량기업부,2970,2,-70,-2.3,3010,3090,2960,8201,24736640,33730444440,11357052,KSQ
1332,208860,KR7208860007,다산디엠씨,KOSDAQ,벤처기업부,986,1,42,4.45,921,1000,921,65235,62769030,33474673378,33949973,KSQ
1333,069410,KR7069410009,엔텔스,KOSDAQ,벤처기업부,3245,2,-30,-0.92,3300,3340,3195,21891,70812765,33244453880,10244824,KSQ
1334,184230,KR7184230001,SGA솔루션즈,KOSDAQ,벤처기업부,1760,2,-23,-1.29,1847,1847,1735,51259,90757176,33242843040,18887979,KSQ
1335,066360,KR7066360009,체리부로,KOSDAQ,우량기업부,693,1,5,0.73,682,698,682,28826,19900007,33230746395,47952015,KSQ
1336,464280,KR7464280007,티디에스팜,KOSDAQ,중견기업부,5980,2,-160,-2.61,5930,6320,5890,10934,65717460,33069400000,5530000,KSQ
1337,475460,KR7475460002,미트박스,KOSDAQ,벤처기업부,5840,2,-220,-3.63,5650,6000,5650,11538,66946160,32975706000,5646525,KSQ
1338,290090,KR7290090000,트윔,KOSDAQ,벤처기업부,4420,2,-180,-3.91,4605,4605,4370,883,3916290,32887310560,7440568,KSQ
1339,021650,KR7021650007,한국큐빅,KOSDAQ,중견기업부,2010,2,-60,-2.9,2070,2080,2005,1737,3528835,32864631630,16350563,KSQ
1340,089140,KR7089140008,넥스턴앤롤코리아,KOSDAQ,벤처기업부,2145,2,-155,-6.74,2280,2345,2100,157480,339251497,32853321930,15316234,KSQ
1341,133750,KR7133750000,메가엠디,KOSDAQ,중견기업부,1400,2,-17,-1.2,1402,1435,1358,13497,18766372,32769907800,23407077,KSQ
1342,046390,KR7046390001,삼화네트웍스,KOSDAQ,중견기업부,1893,2,-11,-0.58,1904,1904,1823,93342,174954411,32690544489,17269173,KSQ
1343,351330,KR7351330006,이삭엔지니어링,KOSDAQ,벤처기업부,3935,2,-70,-1.75,4000,4120,3850,7607,30348905,32615326200,8288520,KSQ
1344,318410,KR7318410008,비비씨,KOSDAQ,중견기업부,5870,2,-60,-1.01,5930,5940,5610,5064,29449620,32609276410,5555243,KSQ
1345,089150,KR7089150007,케이씨티,KOSDAQ,벤처기업부,1899,2,-34,-1.76,1917,1949,1865,18629,35343472,32567850000,17150000,KSQ
1346,173940,KR7173940008,에프엔씨엔터,KOSDAQ,중견기업부,2115,2,-30,-1.4,2120,2265,2065,14724,31268005,32555788920,15392808,KSQ
1347,103840,KR7103840005,우양,KOSDAQ,중견기업부,1987,2,-108,-5.16,2095,2100,1975,53119,107179566,32520092436,16366428,KSQ
1348,160550,KR7160550000,NEW,KOSDAQ,중견기업부,1165,2,-19,-1.6,1174,1221,1117,74996,88628428,32510613490,27906106,KSQ
1349,200780,KR7200780005,비씨월드제약,KOSDAQ,중견기업부,3035,2,-55,-1.78,3105,3165,3030,4171,12763510,32370281135,10665661,KSQ
1350,068050,KR7068050004,팬엔터테인먼트,KOSDAQ,중견기업부,1168,2,-23,-1.93,1173,1200,1159,46071,54194241,32346680768,27694076,KSQ
1351,452160,KR7452160005,제이엔비,KOSDAQ,중견기업부,3360,2,-190,-5.35,3525,3570,3300,19273,65266175,32314890720,9617527,KSQ
1352,025440,KR7025440009,DH오토웨어,KOSDAQ,투자주의환기종목(소속부없음),3300,3,0,0.0,3300,3300,3190,14909,48387314,32195605200,9756244,KSQ
1353,452300,KR7452300007,캡스톤파트너스,KOSDAQ,중견기업부,2265,2,-40,-1.74,2290,2360,2200,63630,145091390,32093928825,14169505,KSQ
1354,059100,KR7059100008,아이컴포넌트,KOSDAQ,벤처기업부,4525,2,-100,-2.16,4625,4750,4505,13089,59502297,31995641500,7070860,KSQ
1355,080520,KR7080520000,오디텍,KOSDAQ,벤처기업부,2825,2,-35,-1.22,2912,2945,2785,6680,18845434,31985828025,11322417,KSQ
1356,087600,KR7087600003,픽셀플러스,KOSDAQ,벤처기업부,3895,2,-50,-1.27,3965,4020,3830,1200,4688705,31808743410,8166558,KSQ
1357,364950,KR7364950006,에이아이코리아,KOSDAQ,벤처기업부,3825,2,-275,-6.71,4160,4160,3710,54622,209400227,31733902125,8296445,KSQ
1358,035460,KR7035460005,기산텔레콤,KOSDAQ,벤처기업부,2125,2,-65,-2.97,2180,2230,2080,84304,181394555,31705722500,14920340,KSQ
1359,148250,KR7148250004,알엔투테크놀로지,KOSDAQ,벤처기업부,2315,2,-85,-3.54,2400,2400,2285,79891,184832769,31508779760,13610704,KSQ
1360,444530,KR7444530000,심플랫폼,KOSDAQ,기술성장기업부,4905,2,-155,-3.06,5150,5150,4835,4056,20059337,31483448820,6418644,KSQ
1361,105550,KR7105550008,엣지파운드리,KOSDAQ,중견기업부,402,2,-19,-4.51,421,423,396,92701,37502177,31479434502,78307051,KSQ
1362,417860,KR7417860004,오브젠,KOSDAQ,벤처기업부,6670,2,-130,-1.91,6700,6980,6500,47455,315740560,31395063020,4706906,KSQ
1363,335810,KR7335810008,프리시젼바이오,KOSDAQ,기술성장기업부,1429,2,-72,-4.8,1498,1515,1363,16037,23235429,31365844074,21949506,KSQ
1364,332290,KR7332290006,누보,KOSDAQ,벤처기업부,785,2,-11,-1.38,789,794,739,107591,83036715,31324957140,39904404,KSQ
1365,340810,KR7340810001,시선AI,KOSDAQ,기술성장기업부,2295,2,-85,-3.57,2380,2430,2265,50522,116970190,31315219920,13644976,KSQ
1366,075130,KR7075130005,플랜티넷,KOSDAQ,벤처기업부,1882,2,-40,-2.08,1901,1931,1870,18573,35204779,31283206240,16622320,KSQ
1367,258830,KR7258830009,세종메디칼,KOSDAQ,관리종목(소속부없음),412,0,0,0.0,0,0,0,0,0,31223976612,75786351,KSQ
1368,257370,KR7257370007,피엔티엠에스,KOSDAQ,벤처기업부,2490,2,-25,-0.99,2390,2615,2390,10726,26586547,31137103890,12504861,KSQ
1369,039290,KR7039290002,인포뱅크,KOSDAQ,중견기업부,3580,2,-150,-4.02,3700,3725,3545,3871,13934000,31124441240,8693978,KSQ
1370,072770,KR7072770001,멤레이비티,KOSDAQ,중견기업부,747,2,-16,-2.1,757,764,740,88382,66310166,31009537206,41512098,KSQ
1371,026040,KR7026040006,제이에스티나,KOSDAQ,중견기업부,1877,1,7,0.37,1795,1937,1795,12784,24065694,30977613830,16503790,KSQ
1372,075970,KR7075970004,동국알앤에스,KOSDAQ,중견기업부,1681,2,-32,-1.87,1713,1730,1681,42721,72740613,30930400000,18400000,KSQ
1373,114630,KR7114630007,폴라리스우노,KOSDAQ,우량기업부,1794,2,-22,-1.21,1816,1834,1761,16290,29315786,30920034912,17235248,KSQ
1374,033830,KR7033830001,티비씨,KOSDAQ,중견기업부,1630,2,-3,-0.18,1633,1785,1621,35496,58453818,30818621900,18907130,KSQ
1375,215090,KR7215090002,솔디펜스,KOSDAQ,벤처기업부,1329,2,-71,-5.07,1328,1396,1246,84878,111172891,30773873469,23155661,KSQ
1376,277410,KR7277410007,인산가,KOSDAQ,벤처기업부,800,0,0,0.0,0,0,0,0,0,30729204000,38411505,KSQ
1377,271830,KR7271830002,팸텍,KOSDAQ,벤처기업부,1041,2,-104,-9.08,1145,1145,1037,234010,249380521,30699300282,29490202,KSQ
1378,289220,KR7289220006,자이언트스텝,KOSDAQ,기술성장기업부,1375,1,8,0.59,1297,1401,1297,40201,54521371,30679303875,22312221,KSQ
1379,057680,KR7057680001,티사이언티픽,KOSDAQ,벤처기업부,1938,2,-92,-4.53,2050,2050,1880,20869,40711083,30606657642,15792909,KSQ
1380,476080,KR7476080007,M83,KOSDAQ,중견기업부,3780,2,-110,-2.83,3845,4030,3750,38292,148422825,30531060000,8077000,KSQ
1381,123750,KR7123750002,알톤,KOSDAQ,중견기업부,2200,2,-50,-2.22,2245,2280,2170,49326,109405836,30402369800,13819259,KSQ
1382,206560,KR7206560005,덱스터,KOSDAQ,기술성장기업부,1191,1,21,1.79,1160,1287,1160,133657,165162414,30265377576,25411736,KSQ
1383,262840,KR7262840002,아이퀘스트,KOSDAQ,벤처기업부,2860,2,-65,-2.22,2905,2970,2800,15124,43224825,30221482720,10566952,KSQ
1384,246250,KR7246250005,에스엘에스바이오,KOSDAQ,관리종목(소속부없음),1969,0,0,0.0,0,0,0,0,0,30220617614,15348206,KSQ
1385,007720,KR7007720006,소노스퀘어,KOSDAQ,중견기업부,299,0,0,0.0,0,0,0,0,0,30139334550,100800450,KSQ
1386,096630,KR7096630009,에스코넥,KOSDAQ,우량기업부,1897,1,73,4.0,1830,2060,1795,251534,493225635,30117384731,15876323,KSQ
1387,159910,KR7159910009,에코글로우,KOSDAQ,중견기업부,2870,2,-80,-2.71,2930,2930,2785,7574,21430141,30040568390,10467097,KSQ
1388,088340,KR7088340005,유라클,KOSDAQ,벤처기업부,6870,2,-60,-0.87,6730,6990,6590,11004,74760400,29983208160,4364368,KSQ
1389,407400,KR7407400001,꿈비,KOSDAQ,벤처기업부,2040,2,-35,-1.69,2000,2100,2000,39230,80313655,29854449360,14634534,KSQ
1390,058110,KR7058110008,멕아이씨에스,KOSDAQ,기술성장기업부,1860,1,3,0.16,1857,1938,1822,37649,70135762,29853985800,16050530,KSQ
1391,434480,KR7434480000,모니터랩,KOSDAQ,기술성장기업부,2420,2,-130,-5.1,2500,2630,2375,13079,31728875,29790926000,12310300,KSQ
1392,012620,KR7012620001,원일특강,KOSDAQ,우량기업부,6770,2,-80,-1.17,6850,6870,6720,1024,7019360,29788000000,4400000,KSQ
1393,351320,KR7351320007,넥사다이내믹스,KOSDAQ,중견기업부,1000,2,-34,-3.29,1034,1090,957,33878,34183984,29698642000,29698642,KSQ
1394,031510,KR7031510001,오스템,KOSDAQ,중견기업부,1060,1,32,3.11,1029,1079,1025,103221,108960344,29680000000,28000000,KSQ
1395,187270,KR7187270004,신화콘텍,KOSDAQ,벤처기업부,2920,2,-20,-0.68,2905,2985,2850,15508,45279435,29620027400,10143845,KSQ
1396,095910,KR7095910006,에스에너지,KOSDAQ,중견기업부,794,2,-39,-4.68,835,848,788,428757,345779705,29613745746,37296909,KSQ
1397,008470,KR7008470007,부스타,KOSDAQ,벤처기업부,3515,1,370,11.76,3155,3650,3030,147437,512404539,29542872000,8404800,KSQ
1398,457600,KR7457600005,벡트,KOSDAQ,벤처기업부,2155,1,145,7.21,2005,2375,1900,226423,495671871,29539662500,13707500,KSQ
1399,119500,KR7119500007,포메탈,KOSDAQ,중견기업부,2490,2,-110,-4.23,2610,2635,2455,49778,125669764,29499607680,11847232,KSQ
1400,017000,KR7017000001,신원종합개발,KOSDAQ,우량기업부,2520,2,-230,-8.36,2630,2855,2475,736753,1952874195,29403428040,11668027,KSQ
1401,187220,KR7187220009,디티앤씨,KOSDAQ,중견기업부,2545,1,55,2.21,2510,2620,2400,12975,32350190,29330954485,11524933,KSQ
1402,035200,KR7035200005,프럼파스트,KOSDAQ,벤처기업부,3010,1,10,0.33,2900,3125,2900,28620,84820320,29289075900,9730590,KSQ
1403,022220,KR7022220008,티케이지애강,KOSDAQ,중견기업부,565,2,-22,-3.75,587,596,559,2568,1454893,29263937135,51794579,KSQ
1404,038950,KR7038950002,파인디지털,KOSDAQ,중견기업부,2860,2,-30,-1.04,2870,2935,2815,2495,7103103,29202787900,10210765,KSQ
1405,199480,KR7199480005,뱅크웨어글로벌,KOSDAQ,기술성장기업부,2855,2,-50,-1.72,2995,3020,2760,11219,32316427,29111258740,10196588,KSQ
1406,021880,KR7021880000,메이슨캐피탈,KOSDAQ,중견기업부,136,0,0,0.0,0,0,0,0,0,28857079488,212184408,KSQ
1407,065950,KR7065950008,웰크론,KOSDAQ,중견기업부,1022,2,-46,-4.31,1070,1090,990,38613,39476246,28852390644,28231302,KSQ
1408,198940,KR7198940009,한주라이트메탈,KOSDAQ,중견기업부,1473,2,-68,-4.41,1600,1609,1459,165979,248681821,28666773297,19461489,KSQ
1409,363250,KR7363250002,진시스템,KOSDAQ,기술성장기업부,3367,2,-68,-1.98,3600,3605,3305,23423,81157439,28647722194,8508382,KSQ
1410,900070,KYG3931T1076,글로벌에스엠,KOSDAQ,외국기업(소속부없음),1066,1,33,3.19,1033,1290,1024,1811459,2004842665,28645534944,26871984,KSQ
1411,239610,KR7239610009,에이치엘사이언스,KOSDAQ,벤처기업부,5300,2,-30,-0.56,5330,5330,5280,478,2542080,28578209500,5392115,KSQ
1412,462310,KR7462310004,뉴키즈온,KOSDAQ,중견기업부,3490,1,95,2.8,3385,3495,3200,15128,52007115,28566072290,8185121,KSQ
1413,054780,KR7054780002,키이스트,KOSDAQ,중견기업부,1448,1,24,1.69,1470,1498,1414,23852,34311977,28464484264,19657793,KSQ
1414,019570,KR7019570001,플루토스,KOSDAQ,중견기업부,296,0,0,0.0,0,0,0,0,0,28253212432,95450042,KSQ
1415,043220,KR7043220003,티에스넥스젠,KOSDAQ,관리종목(소속부없음),1710,0,0,0.0,0,0,0,0,0,28191099330,16486023,KSQ
1416,475660,KR7475660007,에스켐,KOSDAQ,기술성장기업부,3550,2,-45,-1.25,3685,3730,3550,4441,16017755,28150914250,7929835,KSQ
1417,109820,KR7109820001,진매트릭스,KOSDAQ,기술성장기업부,1380,2,-12,-0.86,1380,1440,1350,30111,41467551,28143223200,20393640,KSQ
1418,459550,KR7459550000,알트,KOSDAQ,중견기업부,1113,2,-42,-3.64,1142,1187,1085,208329,235134722,28070706993,25220761,KSQ
1419,197140,KR7197140007,디지캡,KOSDAQ,벤처기업부,2155,3,0,0.0,2155,2160,2060,21300,45601215,28043346870,13013154,KSQ
1420,131090,KR7131090003,시큐브,KOSDAQ,벤처기업부,3650,2,-20,-0.54,3710,3715,3630,3462,12644553,27952506650,7658221,KSQ
1421,013720,KR7013720008,청보,KOSDAQ,중견기업부,459,2,-5,-1.08,464,509,442,105720,48673721,27920117637,60828143,KSQ
1422,318010,KR7318010006,팜스빌,KOSDAQ,벤처기업부,3510,1,60,1.74,3450,3600,3445,25414,89628830,27831976380,7929338,KSQ
1423,365590,KR7365590009,하이딥,KOSDAQ,기술성장기업부,895,2,-46,-4.89,950,950,870,37728,33894620,27750176680,31005784,KSQ
1424,097780,KR7097780001,에코볼트,KOSDAQ,중견기업부,1366,2,-41,-2.91,1395,1425,1357,5700,7917995,27720359574,20293089,KSQ
1425,099390,KR7099390007,브레인즈컴퍼니,KOSDAQ,벤처기업부,3375,1,105,3.21,3270,3435,3240,6405,21543940,27702955125,8208283,KSQ
1426,336060,KR7336060009,웨이버스,KOSDAQ,벤처기업부,574,2,-11,-1.88,571,588,568,66017,38072132,27641084800,48155200,KSQ
1427,177830,KR7177830007,파버나인,KOSDAQ,벤처기업부,2430,2,-45,-1.82,2510,2510,2355,11712,27964220,27522162990,11325993,KSQ
1428,169330,KR7169330008,엠브레인,KOSDAQ,중견기업부,1497,2,-7,-0.47,1500,1500,1473,2612,3887349,27420426246,18316918,KSQ
1429,373170,KR7373170000,엠아이큐브솔루션,KOSDAQ,벤처기업부,1811,1,34,1.91,1790,1850,1785,12932,23491417,27371073690,15113790,KSQ
1430,060540,KR7060540002,에스에이티,KOSDAQ,중견기업부,1045,2,-14,-1.32,1069,1085,1035,40362,42687761,27309304770,26133306,KSQ
1431,038620,KR7038620001,위즈코프,KOSDAQ,벤처기업부,1803,2,-17,-0.93,1820,1820,1775,15290,27394566,27308045079,15145893,KSQ
1432,031310,KR7031310006,아이즈비전,KOSDAQ,중견기업부,916,2,-24,-2.55,941,949,903,67853,62604546,27247932316,29746651,KSQ
1433,131220,KR7131220006,대한과학,KOSDAQ,벤처기업부,3650,1,50,1.39,3735,3735,3605,5647,20567240,27208888500,7454490,KSQ
1434,462980,KR7462980004,아이지넷,KOSDAQ,기술성장기업부,1487,2,-106,-6.65,1458,1593,1458,43546,64791586,27114607819,18234437,KSQ
1435,056730,KR7056730005,CNT85,KOSDAQ,중견기업부,1826,2,-53,-2.82,1878,1878,1824,97,179332,27065404762,14822237,KSQ
1436,267790,KR7267790004,배럴,KOSDAQ,중견기업부,3505,1,5,0.14,3500,3540,3395,27298,95150655,26951028045,7689309,KSQ
1437,388610,KR7388610008,지에프씨생명과학,KOSDAQ,기술성장기업부,5060,2,-270,-5.07,5040,5400,4950,7709,38972495,26946437980,5325383,KSQ
1438,355390,KR7355390006,크라우드웍스,KOSDAQ,기술성장기업부,1685,2,-53,-3.05,1800,1800,1645,63782,107888394,26748269640,15874344,KSQ
1439,464500,KR7464500008,아이언디바이스,KOSDAQ,기술성장기업부,1910,2,-2,-0.1,1912,2040,1802,77435,149077733,26727132330,13993263,KSQ
1440,450520,KR7450520002,인스웨이브,KOSDAQ,벤처기업부,1813,2,-10,-0.55,1673,1956,1673,18036,31969074,26659399914,14704578,KSQ
1441,376180,KR7376180006,피코그램,KOSDAQ,벤처기업부,1435,1,2,0.14,1421,1462,1405,13064,18604606,26635089530,18561038,KSQ
1442,032790,KR7032790008,엠젠솔루션,KOSDAQ,벤처기업부,1035,2,-55,-5.05,1090,1091,1000,67323,69432143,26578909710,25680106,KSQ
1443,037370,KR7037370004,EG,KOSDAQ,벤처기업부,3080,1,60,1.99,2995,3200,2985,17496,53717225,26564913760,8624972,KSQ
1444,045300,KR7045300001,성우테크론,KOSDAQ,중견기업부,2515,2,-50,-1.95,2545,2610,2485,46601,117293395,26525735180,10547012,KSQ
1445,130500,KR7130500002,GH신소재,KOSDAQ,중견기업부,1819,2,-59,-3.14,1875,1915,1812,87720,162227793,26457449588,14545052,KSQ
1446,219750,KR7219750007,한국비티비,KOSDAQ,중견기업부,2020,2,-120,-5.61,2140,2145,1995,8537,17456862,26432461540,13085377,KSQ
1447,232830,KR7232830000,아이티센피엔에스,KOSDAQ,벤처기업부,1598,2,-132,-7.63,1730,1730,1551,39456,63192482,26420894148,16533726,KSQ
1448,032860,KR7032860009,더라미,KOSDAQ,중견기업부,654,1,13,2.03,671,710,618,51725,35091363,26418894402,40395863,KSQ
1449,188260,KR7188260004,세니젠,KOSDAQ,투자주의환기종목(소속부없음),1990,2,-55,-2.69,2010,2060,1927,6692,13424753,26394311270,13263473,KSQ
1450,356890,KR7356890004,싸이버원,KOSDAQ,벤처기업부,2205,2,-50,-2.22,2240,2315,2155,44043,97680570,26358184125,11953825,KSQ
1451,238490,KR7238490007,힘스,KOSDAQ,벤처기업부,2330,2,-120,-4.9,2450,2455,2290,6854,16258405,26357509880,11312236,KSQ
1452,019660,KR7019660000,글로본,KOSDAQ,중견기업부,1888,2,-41,-2.13,1970,1970,1888,3705,7105459,26326900704,13944333,KSQ
1453,080530,KR7080530009,코디,KOSDAQ,중견기업부,2370,1,70,3.04,2285,2390,2285,2972,6916220,26312154750,11102175,KSQ
1454,363260,KR7363260001,모비데이즈,KOSDAQ,벤처기업부,818,2,-16,-1.92,785,834,785,39864,32117038,26309963042,32163769,KSQ
1455,310870,KR7310870001,디와이씨,KOSDAQ,벤처기업부,1200,1,12,1.01,1187,1223,1154,122902,145248394,26307122400,21922602,KSQ
1456,027040,KR7027040005,서울전자통신,KOSDAQ,중견기업부,1890,2,-78,-3.96,1953,2020,1793,88270,166269950,26304583410,13917769,KSQ
1457,318000,KR7318000007,KBG,KOSDAQ,벤처기업부,3005,2,-120,-3.84,2920,3145,2920,14608,43950371,26264370115,8740223,KSQ
1458,073540,KR7073540007,에프알텍,KOSDAQ,벤처기업부,2295,2,-45,-1.92,2250,2400,2250,42250,96731225,26163000000,11400000,KSQ
1459,051380,KR7051380004,피씨디렉트,KOSDAQ,중견기업부,1699,2,-35,-2.02,1720,1752,1683,126862,218812172,26062782328,15340072,KSQ
1460,053060,KR7053060000,세동,KOSDAQ,중견기업부,1476,1,32,2.22,1450,1507,1448,223992,331432372,26062350444,17657419,KSQ
1461,464580,KR7464580000,닷밀,KOSDAQ,기술성장기업부,1415,2,-20,-1.39,1423,1434,1350,10649,14645146,26044615935,18406089,KSQ
1462,348030,KR7348030008,모비릭스,KOSDAQ,중견기업부,2710,1,60,2.26,2650,2755,2550,98299,264171237,26026298000,9603800,KSQ
1463,109960,KR7109960005,앱토크롬,KOSDAQ,투자주의환기종목(소속부없음),1716,2,-1,-0.06,1740,1740,1703,5414,9302164,25966911828,15132233,KSQ
1464,225220,KR7225220003,제놀루션,KOSDAQ,벤처기업부,1353,2,-22,-1.6,1375,1375,1324,38674,52084066,25964098413,19190021,KSQ
1465,013810,KR7013810007,스페코,KOSDAQ,중견기업부,1770,2,-108,-5.75,1958,1958,1722,49697,88889508,25940181900,14655470,KSQ
1466,195500,KR7195500004,마니커에프앤지,KOSDAQ,중견기업부,1623,2,-22,-1.34,1645,1718,1586,54163,89939476,25932294000,15978000,KSQ
1467,047080,KR7047080007,한빛소프트,KOSDAQ,중견기업부,1044,2,-27,-2.52,1071,1080,1020,58229,60537967,25914545928,24822362,KSQ
1468,290560,KR7290560002,파라택시스이더리움,KOSDAQ,벤처기업부,1154,2,-52,-4.31,1196,1211,1151,41030,47863661,25806590420,22362730,KSQ
1469,018680,KR7018680009,서울제약,KOSDAQ,벤처기업부,2210,2,-65,-2.86,2275,2370,2190,6580,14783905,25767094990,11659319,KSQ
1470,296640,KR7296640006,이노에이엑스,KOSDAQ,벤처기업부,4975,2,-55,-1.09,5030,5100,4880,6879,33882678,25761803700,5178252,KSQ
1471,900310,HK0000341732,컬러레이,KOSDAQ,외국기업(소속부없음),2005,2,-25,-1.23,1841,2140,1841,28909,58202269,25680711675,12808335,KSQ
1472,016920,KR7016920001,카스,KOSDAQ,중견기업부,968,1,4,0.41,970,970,930,129203,122754504,25645744784,26493538,KSQ
1473,131100,KR7131100000,티엔엔터테인먼트,KOSDAQ,중견기업부,795,1,5,0.63,789,803,748,7921,6049951,25636145580,32246724,KSQ
1474,0010F0,KR70010F0005,보원케미칼,KOSDAQ,벤처기업부,2300,2,-65,-2.75,2360,2480,2215,71935,167225165,25630282300,11143601,KSQ
1475,068100,KR7068100007,케이웨더,KOSDAQ,기술성장기업부,2145,1,10,0.47,2220,2320,2125,8191,17825365,25584564720,11927536,KSQ
1476,290270,KR7290270008,휴네시온,KOSDAQ,벤처기업부,2660,1,5,0.19,2635,2715,2485,23262,61954360,25556407520,9607672,KSQ
1477,048470,KR7048470009,대동스틸,KOSDAQ,중견기업부,2640,1,25,0.96,2615,2650,2520,16970,43797795,25476000000,9650000,KSQ
1478,066910,KR7066910001,손오공,KOSDAQ,중견기업부,1903,2,-84,-4.23,2005,2005,1880,38930,75209636,25474760696,13386632,KSQ
1479,224060,KR7224060004,더코디,KOSDAQ,투자주의환기종목(소속부없음),4935,2,-465,-8.61,5420,5600,4800,78775,404248465,25468163070,5160722,KSQ
1480,237750,KR7237750005,피앤씨테크,KOSDAQ,벤처기업부,3915,2,-90,-2.25,3975,4090,3850,4953,19578035,25434189000,6496600,KSQ
1481,001810,KR7001810001,무림SP,KOSDAQ,중견기업부,1148,2,-9,-0.78,1152,1200,1142,20274,23522718,25413850000,22137500,KSQ
1482,091340,KR7091340000,S&K폴리텍,KOSDAQ,중견기업부,2160,2,-15,-0.69,2160,2190,2120,21259,45942297,25280037360,11703721,KSQ
1483,109670,KR7109670000,씨싸이트,KOSDAQ,중견기업부,4305,1,180,4.36,4125,4340,3905,12033,49763015,25126571610,5836602,KSQ
1484,254120,KR7254120009,자비스,KOSDAQ,기술성장기업부,817,2,-2,-0.24,843,860,742,118671,95953933,25126238590,30754270,KSQ
1485,115160,KR7115160004,휴맥스,KOSDAQ,중견기업부,5800,2,-30,-0.51,5790,5910,5520,7738,44218040,25010423600,4312142,KSQ
1486,053950,KR7053950002,경남제약,KOSDAQ,중견기업부,1600,2,-58,-3.5,1644,1683,1597,32309,52509491,25007153600,15629471,KSQ
1487,462510,KR7462510009,라메디텍,KOSDAQ,기술성장기업부,2835,1,70,2.53,2765,3000,2760,12925,36495620,24956405775,8802965,KSQ
1488,032750,KR7032750002,삼진,KOSDAQ,우량기업부,2760,2,-80,-2.82,2840,2875,2755,20806,58683805,24925896720,9031122,KSQ
1489,432980,KR7432980001,엠에프씨,KOSDAQ,기술성장기업부,2900,1,25,0.87,2820,2925,2775,17750,50336360,24916051800,8591742,KSQ
1490,403490,KR7403490006,우듬지팜,KOSDAQ,벤처기업부,541,2,-16,-2.87,552,579,529,97771,53552079,24849463024,45932464,KSQ
1491,083660,KR7083660001,CSA 코스믹,KOSDAQ,중견기업부,233,1,11,4.95,234,288,222,12203666,3218201525,24846883039,106638983,KSQ
1492,430690,KR7430690008,한싹,KOSDAQ,벤처기업부,2280,2,-70,-2.98,2335,2415,2230,37199,85356588,24841293120,10895304,KSQ
1493,043200,KR7043200005,파루,KOSDAQ,벤처기업부,594,2,-18,-2.94,609,660,585,468854,286115667,24831763110,41804315,KSQ
1494,397810,KR7397810003,애드포러스,KOSDAQ,벤처기업부,4795,2,-175,-3.52,4820,4875,4610,5634,26706145,24745892150,5160770,KSQ
1495,208710,KR7208710004,포톤,KOSDAQ,중견기업부,1877,2,-92,-4.67,1970,1987,1850,57221,108677788,24739107764,13180132,KSQ
1496,016670,KR7016670002,디모아,KOSDAQ,중견기업부,2425,2,-35,-1.42,2440,2472,2405,2329,5643252,24721017450,10194234,KSQ
1497,340440,KR7340440007,세림B&G,KOSDAQ,벤처기업부,870,2,-5,-0.57,846,904,846,125871,110330803,24689176680,28378364,KSQ
1498,121890,KR7121890008,에스디시스템,KOSDAQ,중견기업부,1855,1,44,2.43,1848,1910,1740,131405,232967927,24655632330,13291446,KSQ
1499,398120,KR7398120006,에스지헬스케어,KOSDAQ,벤처기업부,2080,2,-30,-1.42,2205,2205,2030,12734,26436955,24582502880,11818511,KSQ
1500,093380,KR7093380004,풍강,KOSDAQ,중견기업부,2485,2,-5,-0.2,2465,2540,2450,47313,117377644,24550092805,9879313,KSQ
1501,033200,KR7033200007,모아텍,KOSDAQ,투자주의환기종목(소속부없음),2665,2,-25,-0.93,2780,2780,2560,6374,16805446,24530069785,9204529,KSQ
1502,378800,KR7378800007,샤페론,KOSDAQ,기술성장기업부,530,2,-7,-1.3,537,617,512,1809744,999575892,24508806430,46243031,KSQ
1503,208350,KR7208350009,지란지교시큐리티,KOSDAQ,벤처기업부,3020,1,25,0.83,2995,3065,2915,13384,40103142,24466741400,8101570,KSQ
1504,054090,KR7054090006,삼진엘앤디,KOSDAQ,중견기업부,976,2,-6,-0.61,992,1006,964,161839,159129832,24360210432,24959232,KSQ
1505,050760,KR7050760008,에스폴리텍,KOSDAQ,중견기업부,1489,2,-95,-6.0,1581,1685,1460,569713,881215013,24322335542,16334678,KSQ
1506,050110,KR7050110006,캠시스,KOSDAQ,중견기업부,831,1,4,0.48,828,864,789,243058,201085069,24285827913,29224823,KSQ
1507,290520,KR7290520006,신도기연,KOSDAQ,벤처기업부,1542,1,46,3.07,1500,1554,1471,11910,18054996,24265164888,15736164,KSQ
1508,406820,KR7406820001,뷰티스킨,KOSDAQ,벤처기업부,1714,1,86,5.28,1650,2050,1628,817676,1485738121,24229373098,14136157,KSQ
1509,079170,KR7079170007,한창산업,KOSDAQ,우량기업부,4655,2,-45,-0.96,4700,4745,4630,4826,22528580,24206000000,5200000,KSQ
1510,387570,KR7387570005,파인메딕스,KOSDAQ,기술성장기업부,4300,2,-205,-4.55,4495,4495,4265,4594,19806735,24191370000,5625900,KSQ
1511,298060,KR7298060005,풍전약품,KOSDAQ,관리종목(소속부없음),2730,2,-100,-3.53,3030,3030,2650,7309,19978260,24134933550,8840635,KSQ
1512,333050,KR7333050003,이노테나,KOSDAQ,벤처기업부,4900,2,-270,-5.22,4660,5200,4660,8982,43491520,24129658000,4924420,KSQ
1513,045510,KR7045510005,정원엔시스,KOSDAQ,중견기업부,748,1,29,4.03,714,750,707,18822,13493359,24092550416,32209292,KSQ
1514,060380,KR7060380003,동양에스텍,KOSDAQ,중견기업부,1221,1,11,0.91,1200,1251,1182,22869,27808317,24053700000,19700000,KSQ
1515,300120,KR7300120003,라온피플,KOSDAQ,벤처기업부,484,2,-12,-2.42,496,505,468,110778,52977971,23959943744,49504016,KSQ
1516,367000,KR7367000007,플래티어,KOSDAQ,벤처기업부,2855,2,-80,-2.73,3085,3085,2805,5234,14914240,23948330985,8388207,KSQ
1517,318020,KR7318020005,포인트모바일,KOSDAQ,벤처기업부,1940,2,-65,-3.24,2005,2040,1847,16608,32312435,23864467680,12301272,KSQ
1518,091970,KR7091970004,LSK아이로봇,KOSDAQ,중견기업부,3155,1,145,4.82,3010,3300,2850,283226,866841171,23772230900,7534780,KSQ
1519,153490,KR7153490008,우리이앤엘하루틴,KOSDAQ,우량기업부,461,1,6,1.32,457,489,448,33459,15455238,23732280000,51480000,KSQ
1520,058450,KR7058450008,한주에이알티,KOSDAQ,투자주의환기종목(소속부없음),4730,2,-70,-1.46,4515,4770,4515,2048,9598315,23713249560,5013372,KSQ
1521,044780,KR7044780005,에이치케이,KOSDAQ,벤처기업부,1278,2,-3,-0.23,1271,1304,1268,17968,22999783,23650395786,18505787,KSQ
1522,347770,KR7347770000,핌스,KOSDAQ,중견기업부,1032,1,22,2.18,962,1048,920,59871,57960013,23588467344,22857042,KSQ
1523,069140,KR7069140002,누리플랜,KOSDAQ,벤처기업부,1561,2,-93,-5.62,1654,1654,1553,22027,34880259,23564550044,15095804,KSQ
1524,429270,KR7429270002,시지트로닉스,KOSDAQ,기술성장기업부,3650,2,-165,-4.33,3785,3965,3505,36828,136476268,23539693150,6449231,KSQ
1525,469750,KR7469750004,아이비젼웍스,KOSDAQ,벤처기업부,683,2,-38,-5.27,719,719,674,122227,84571022,23533776523,34456481,KSQ
1526,001000,KR7001000009,신라섬유,KOSDAQ,중견기업부,967,2,-107,-9.96,1114,1143,957,675802,702183518,23476381180,24277540,KSQ
1527,222980,KR7222980005,한국맥널티,KOSDAQ,벤처기업부,2120,2,-30,-1.4,2135,2180,2105,9930,21116040,23386743960,11031483,KSQ
1528,188040,KR7188040000,바이오포트,KOSDAQ,벤처기업부,4995,1,110,2.25,4845,5170,4845,17819,89839970,23373143460,4679308,KSQ
1529,383930,KR7383930005,디티앤씨알오,KOSDAQ,중견기업부,1828,2,-41,-2.19,1940,1940,1800,43150,78880319,23369385984,12784128,KSQ
1530,067010,KR7067010009,이씨에스,KOSDAQ,벤처기업부,2140,1,5,0.23,2135,2180,2110,23558,50774150,23301390000,10888500,KSQ
1531,033050,KR7033050006,제이엠아이,KOSDAQ,중견기업부,731,1,1,0.14,712,750,712,20878,15175876,23274548768,31839328,KSQ
1532,007770,KR7007770001,한일화학,KOSDAQ,중견기업부,6630,2,-100,-1.49,6730,6730,6560,1973,13004730,23271300000,3510000,KSQ
1533,063760,KR7063760003,이엘피,KOSDAQ,벤처기업부,2495,3,0,0.0,2495,2645,2450,10207,25533885,23266199350,9325130,KSQ
1534,039740,KR7039740006,한국정보공학,KOSDAQ,벤처기업부,2895,2,-50,-1.7,2945,3030,2875,21578,63541101,23213259315,8018397,KSQ
1535,052300,KR7052300001,오션인더블유,KOSDAQ,중견기업부,1428,2,-10,-0.7,1475,1475,1335,99076,140116799,23196614784,16244128,KSQ
1536,065150,KR7065150005,대산F&B,KOSDAQ,관리종목(소속부없음),1450,0,0,0.0,0,0,0,0,0,23110448000,15938240,KSQ
1537,241840,KR7241840008,에이스토리,KOSDAQ,중견기업부,2415,2,-50,-2.03,2370,2525,2365,24816,60618205,23039085510,9539994,KSQ
1538,134060,KR7134060003,이퓨쳐,KOSDAQ,벤처기업부,4815,2,-20,-0.41,4835,4860,4700,9796,47018035,22963938750,4769250,KSQ
1539,131180,KR7131180002,딜리,KOSDAQ,벤처기업부,3890,2,-105,-2.63,3990,4000,3855,8997,35214009,22834300000,5870000,KSQ
1540,405920,KR7405920000,나라셀라,KOSDAQ,중견기업부,1770,1,35,2.02,1736,1939,1729,14222,25965376,22794194520,12878076,KSQ
1541,076080,KR7076080001,웰크론한텍,KOSDAQ,중견기업부,999,1,24,2.46,975,1010,887,86963,83546947,22571561844,22594156,KSQ
1542,085810,KR7085810000,알티캐스트,KOSDAQ,중견기업부,1577,1,27,1.74,1600,1600,1540,48328,75624543,22542254607,14294391,KSQ
1543,210120,KR7210120002,캔버스엔,KOSDAQ,중견기업부,930,0,0,0.0,0,0,0,0,0,22540854540,24237478,KSQ
1544,038870,KR7038870002,에코심플렉스,KOSDAQ,중견기업부,1608,2,-2,-0.12,1609,1669,1585,13173,21180914,22536037992,14014949,KSQ
1545,130740,KR7130740004,티피씨글로벌,KOSDAQ,중견기업부,1996,2,-4,-0.2,1974,2120,1974,36431,72849633,22508251284,11276679,KSQ
1546,195990,KR7195990007,루트K,KOSDAQ,관리종목(소속부없음),690,2,-6,-0.86,725,726,676,54384,37222995,22477266120,32575748,KSQ
1547,342870,KR7342870003,오아,KOSDAQ,중견기업부,4120,2,-305,-6.89,4425,4500,4105,3145,13411510,22454811640,5450197,KSQ
1548,376980,KR7376980009,원티드랩,KOSDAQ,기술성장기업부,2290,2,-20,-0.87,2430,2430,2240,33958,79564420,22365042260,9766394,KSQ
1549,070590,KR7070590005,인티큐브,KOSDAQ,중견기업부,1608,2,-26,-1.59,1620,1632,1580,6038,9655743,22318269768,13879521,KSQ
1550,036480,KR7036480002,대성미생물,KOSDAQ,중견기업부,5870,2,-40,-0.68,6180,6180,5550,18854,110791210,22306000000,3800000,KSQ
1551,415380,KR7415380005,스튜디오삼익,KOSDAQ,중견기업부,1944,2,-5,-0.26,1959,1994,1911,65845,128814906,22245143400,11442975,KSQ
1552,440320,KR7440320000,오픈놀,KOSDAQ,기술성장기업부,2220,3,0,0.0,2200,2265,2160,11423,25082175,22155600000,9980000,KSQ
1553,032080,KR7032080004,아즈텍WB,KOSDAQ,중견기업부,1029,1,18,1.78,998,1053,998,15402,15724535,22114268841,21491029,KSQ
1554,352940,KR7352940001,인바이오,KOSDAQ,벤처기업부,2030,2,-5,-0.25,2055,2055,2000,2987,6037475,22061491900,10867730,KSQ
1555,146060,KR7146060009,율촌,KOSDAQ,중견기업부,915,1,1,0.11,919,968,895,127846,117292027,21974269425,24015595,KSQ
1556,115480,KR7115480006,씨유메디칼,KOSDAQ,중견기업부,1811,2,-62,-3.31,1910,1966,1808,13703,25329659,21958213821,12124911,KSQ
1557,080470,KR7080470008,성창오토텍,KOSDAQ,벤처기업부,2995,2,-50,-1.64,3045,3110,2945,11630,35152570,21863500000,7300000,KSQ
1558,038530,KR7038530002,케이바이오랩스,KOSDAQ,중견기업부,944,1,81,9.39,853,1062,853,681440,660808582,21846868336,23142869,KSQ
1559,054940,KR7054940002,엑사이엔씨,KOSDAQ,중견기업부,657,1,17,2.66,659,724,644,1825614,1242839990,21795021036,33173548,KSQ
1560,138070,KR7138070008,신진에스엠,KOSDAQ,중견기업부,1243,2,-20,-1.58,1263,1268,1203,22426,27705860,21756482572,17503204,KSQ
1561,353190,KR7353190002,휴럼,KOSDAQ,중견기업부,2755,2,-60,-2.13,2800,2810,2675,15729,42615965,21697509420,7875684,KSQ
1562,096690,KR7096690003,에이루트,KOSDAQ,중견기업부,5390,1,90,1.7,5300,5600,5020,9352,49609550,21683118380,4022842,KSQ
1563,372800,KR7372800003,아이티아이즈,KOSDAQ,벤처기업부,3080,1,50,1.65,3025,3130,2805,74572,219460730,21674542120,7037189,KSQ
1564,351870,KR7351870001,차이커뮤니케이션,KOSDAQ,중견기업부,1936,1,7,0.36,1914,1954,1833,2074,3984436,21607002912,11160642,KSQ
1565,065370,KR7065370009,위세아이텍,KOSDAQ,벤처기업부,2925,2,-95,-3.15,2995,3155,2865,9348,28088319,21598065450,7383954,KSQ
1566,053290,KR7053290003,NE능률,KOSDAQ,중견기업부,1305,1,10,0.77,1295,1325,1278,17161,22238426,21566830635,16526307,KSQ
1567,080720,KR7080720006,한국유니온제약,KOSDAQ,관리종목(소속부없음),2725,0,0,0.0,0,0,0,0,0,21562456300,7912828,KSQ
1568,359090,KR7359090008,씨엔알리서치,KOSDAQ,중견기업부,1863,1,105,5.97,1758,2025,1758,88011,165098982,21413588409,11494143,KSQ
1569,200350,KR7200350007,아티스트스튜디오,KOSDAQ,기술성장기업부,2125,1,5,0.24,1977,2170,1977,38207,78586962,21241553125,9996025,KSQ
1570,140430,KR7140430000,카티스,KOSDAQ,중견기업부,1987,1,148,8.05,1978,1987,1790,71648,136709461,21240050409,10689507,KSQ
1571,317240,KR7317240000,TS트릴리온,KOSDAQ,벤처기업부,727,2,-43,-5.58,755,769,706,94234,69447684,21211468897,29176711,KSQ
1572,252500,KR7252500004,세화피앤씨,KOSDAQ,중견기업부,511,2,-39,-7.09,545,545,506,21624,11158730,21199545290,41486390,KSQ
1573,078590,KR7078590007,휴림에이텍,KOSDAQ,중견기업부,2120,2,-45,-2.08,2190,2220,2025,40761,86203345,21182656280,9991819,KSQ
1574,024940,KR7024940009,PN풍년,KOSDAQ,벤처기업부,2115,2,-10,-0.47,2110,2150,2070,37985,79997945,21150000000,10000000,KSQ
1575,060260,KR7060260007,뉴보텍,KOSDAQ,벤처기업부,1576,2,-4,-0.25,1580,1717,1566,287482,469433411,21027553056,13342356,KSQ
1576,223310,KR7223310004,사토시홀딩스,KOSDAQ,중견기업부,4040,2,-40,-0.98,4100,4200,3865,16529,66033150,21026753680,5204642,KSQ
1577,090150,KR7090150004,아이윈,KOSDAQ,중견기업부,500,1,3,0.6,502,510,486,70753,34984337,20937646500,41875293,KSQ
1578,049120,KR7049120009,파인디앤씨,KOSDAQ,벤처기업부,1968,2,-52,-2.57,2005,2025,1954,20032,39638036,20864072784,10601663,KSQ
1579,362990,KR7362990004,드림인사이트,KOSDAQ,벤처기업부,1233,1,3,0.24,1224,1235,1175,25039,30362777,20715107742,16800574,KSQ
1580,101400,KR7101400000,엔시트론,KOSDAQ,중견기업부,1764,2,-22,-1.23,1780,1819,1706,35767,62144500,20712514032,11741788,KSQ
1581,139670,KR7139670004,키네마스터,KOSDAQ,중견기업부,1463,2,-2,-0.14,1480,1500,1451,15399,22684831,20655819030,14118810,KSQ
1582,317120,KR7317120004,라닉스,KOSDAQ,기술성장기업부,1349,2,-19,-1.39,1381,1415,1310,41693,56276837,20585740000,15260000,KSQ
1583,353590,KR7353590003,오토앤,KOSDAQ,중견기업부,1597,2,-4,-0.25,1588,1607,1500,10066,15746937,20562285290,12875570,KSQ
1584,017250,KR7017250002,인터엠,KOSDAQ,중견기업부,977,2,-4,-0.41,975,990,975,17150,16816187,20561421259,21045467,KSQ
1585,067730,KR7067730002,로지시스,KOSDAQ,중견기업부,2125,2,-45,-2.07,2170,2170,2080,10139,21473977,20557084250,9673922,KSQ
1586,023770,KR7023770001,플레이위드,KOSDAQ,중견기업부,2295,2,-5,-0.22,2300,2345,2270,15800,36233325,20532206025,8946495,KSQ
1587,014100,KR7014100002,메디앙스,KOSDAQ,중견기업부,1737,1,11,0.64,1726,1738,1712,30963,53378086,20496600000,11800000,KSQ
1588,065650,KR7065650004,하이퍼코퍼레이션,KOSDAQ,중견기업부,1867,1,22,1.19,1846,1910,1845,3925,7268068,20436157729,10945987,KSQ
1589,115570,KR7115570004,스타플렉스,KOSDAQ,중견기업부,2555,1,95,3.86,2505,2580,2425,6000,14988035,20400417940,7984508,KSQ
1590,438700,KR7438700007,버넥트,KOSDAQ,기술성장기업부,1818,2,-82,-4.32,1900,1991,1790,27463,50352054,20261410020,11144890,KSQ
1591,020400,KR7020400008,대동금속,KOSDAQ,중견기업부,3175,2,-10,-0.31,3170,3200,3020,42785,133638990,20251204100,6378332,KSQ
1592,303530,KR7303530000,이노뎁,KOSDAQ,벤처기업부,2755,2,-45,-1.61,2800,2800,2660,8531,22972000,20219768745,7339299,KSQ
1593,238200,KR7238200000,비피도,KOSDAQ,벤처기업부,2465,2,-50,-1.99,2565,2600,2415,1483,3640060,20163700000,8180000,KSQ
1594,098660,KR7098660004,에스티오,KOSDAQ,중견기업부,1610,1,50,3.21,1582,1720,1561,168066,273863301,20126571360,12500976,KSQ
1595,021040,KR7021040001,대호특수강,KOSDAQ,중견기업부,925,1,20,2.21,906,950,906,23364,21766806,20076915950,21704774,KSQ
1596,373110,KR7373110006,엑셀세라퓨틱스,KOSDAQ,기술성장기업부,1160,2,-13,-1.11,1209,1209,1124,37844,43741726,20061497040,17294394,KSQ
1597,032280,KR7032280000,삼일,KOSDAQ,중견기업부,1235,2,-4,-0.32,1239,1256,1213,14145,17433490,20023783650,16213590,KSQ
1598,016100,KR7016100000,리더스코스메틱,KOSDAQ,중견기업부,1048,1,18,1.75,1021,1119,1018,101942,107419039,20017736912,19100894,KSQ
1599,192390,KR7192390003,윈하이텍,KOSDAQ,벤처기업부,1811,1,95,5.54,1702,1956,1615,217742,390540990,19979366719,11032229,KSQ
1600,274400,KR7274400001,이노시뮬레이션,KOSDAQ,기술성장기업부,2190,2,-330,-13.1,2220,2565,2140,34818,78013140,19899419670,9086493,KSQ
1601,419540,KR7419540000,비스토스,KOSDAQ,벤처기업부,3335,1,20,0.6,3290,3560,3135,40694,132655474,19870773755,5958253,KSQ
1602,424760,KR7424760007,벨로크,KOSDAQ,벤처기업부,1976,2,-1,-0.05,1977,2025,1901,35441,69167109,19867431168,10054368,KSQ
1603,088290,KR7088290002,이원컴포텍,KOSDAQ,관리종목(소속부없음),2490,2,-100,-3.86,2580,2585,2475,3891,9800265,19860419280,7976072,KSQ
1604,032800,KR7032800005,판타지오,KOSDAQ,중견기업부,1593,2,-452,-22.1,1601,1745,1525,331281,535888660,19851204546,12461522,KSQ
1605,354200,KR7354200008,엔젠바이오,KOSDAQ,기술성장기업부,737,0,0,0.0,0,0,0,0,0,19758785750,26809750,KSQ
1606,154030,KR7154030001,아시아종묘,KOSDAQ,벤처기업부,1636,2,-3,-0.18,1623,1639,1609,15114,24622642,19733214412,12061867,KSQ
1607,043360,KR7043360007,디지아이,KOSDAQ,벤처기업부,2190,2,-35,-1.57,2415,2415,2085,7577,16721630,19710000000,9000000,KSQ
1608,301300,KR7301300000,바이브컴퍼니,KOSDAQ,기술성장기업부,1485,1,121,8.87,1364,1700,1360,270054,410282998,19534747320,13154712,KSQ
1609,304840,KR7304840002,피플바이오,KOSDAQ,벤처기업부,796,2,-122,-13.29,840,922,778,152566,126897888,19359245360,24320660,KSQ
1610,103230,KR7103230009,에스앤더블류,KOSDAQ,중견기업부,2685,2,-30,-1.1,2695,2795,2640,24849,66997105,19332000000,7200000,KSQ
1611,214610,KR7214610008,롤링스톤,KOSDAQ,관리종목(소속부없음),2290,0,0,0.0,0,0,0,0,0,19197807380,8383322,KSQ
1612,073570,KR7073570004,리튬포어스,KOSDAQ,관리종목(소속부없음),1590,2,-19,-1.18,1609,1672,1549,14460,23065864,19139351520,12037328,KSQ
1613,331520,KR7331520007,밸로프,KOSDAQ,중견기업부,1880,1,11,0.59,1869,1988,1869,20906,39603675,19125010640,10172878,KSQ
1614,275630,KR7275630002,에스에스알,KOSDAQ,벤처기업부,3640,2,-40,-1.09,3495,3790,3495,28095,103935543,19123861120,5253808,KSQ
1615,054410,KR7054410006,케이피티유,KOSDAQ,중견기업부,3330,3,0,0.0,3360,3365,3205,15703,51689340,19069058520,5726444,KSQ
1616,051780,KR7051780005,큐로홀딩스,KOSDAQ,중견기업부,3005,1,5,0.17,2980,3205,2915,17209,52222275,19038523075,6335615,KSQ
1617,034940,KR7034940007,조아제약,KOSDAQ,중견기업부,613,1,30,5.15,600,705,592,6131857,3977989167,18990633951,30979827,KSQ
1618,038880,KR7038880001,아이에이,KOSDAQ,투자주의환기종목(소속부없음),2525,2,-65,-2.51,2605,2690,2390,42630,107446856,18973918075,7514423,KSQ
1619,096870,KR7096870001,엘디티,KOSDAQ,벤처기업부,2265,2,-75,-3.21,2340,2340,2245,40304,92125570,18908217735,8347999,KSQ
1620,045520,KR7045520004,크린앤사이언스,KOSDAQ,중견기업부,2895,2,-115,-3.82,2995,3100,2880,13029,39004400,18817500000,6500000,KSQ
1621,258790,KR7258790005,소프트캠프,KOSDAQ,벤처기업부,3760,1,45,1.21,3830,3830,3530,35547,129806825,18793442560,4998256,KSQ
1622,031860,KR7031860000,디에이치엑스컴퍼니,KOSDAQ,관리종목(소속부없음),693,0,0,0.0,0,0,0,0,0,18714758139,27005423,KSQ
1623,377330,KR7377330006,이지트로닉스,KOSDAQ,기술성장기업부,2280,2,-20,-0.87,2300,2340,2195,3733,8474180,18559095120,8139954,KSQ
1624,039310,KR7039310008,세중,KOSDAQ,중견기업부,1019,2,-23,-2.21,1033,1093,1006,20481,21672359,18465978673,18121667,KSQ
1625,455180,KR7455180000,케이지에이,KOSDAQ,벤처기업부,1315,2,-193,-12.8,1460,1500,1300,66647,91183757,18355185540,13958316,KSQ
1626,054220,KR7054220009,비츠로시스,KOSDAQ,벤처기업부,1454,2,-7,-0.48,1461,1510,1401,33056,48709761,18306755664,12590616,KSQ
1627,227610,KR7227610003,아우딘퓨쳐스,KOSDAQ,벤처기업부,940,2,-6,-0.63,898,1004,898,17919,17131284,18212096740,19374571,KSQ
1628,431190,KR7431190008,케이쓰리아이,KOSDAQ,기술성장기업부,2425,2,-100,-3.96,2505,2550,2350,22760,54937735,18154621850,7486442,KSQ
1629,335870,KR7335870002,윙스풋,KOSDAQ,중견기업부,1079,2,-10,-0.92,1092,1232,1060,13525,14948264,18073760367,16750473,KSQ
1630,137940,KR7137940003,넥스트아이,KOSDAQ,중견기업부,2105,2,-55,-2.55,2105,2245,2050,32262,68183163,17970172395,8536899,KSQ
1631,067770,KR7067770008,세진티에스,KOSDAQ,중견기업부,2135,1,25,1.18,2150,2270,2070,144972,321066815,17926726055,8396593,KSQ
1632,032680,KR7032680001,소프트센,KOSDAQ,중견기업부,858,1,28,3.37,801,880,800,91978,77786385,17894345898,20855881,KSQ
1633,142760,KR7142760008,모아라이프플러스,KOSDAQ,기술성장기업부,424,1,17,4.18,409,457,407,354734,154469446,17878799520,42166980,KSQ
1634,078860,KR7078860004,아이오케이이엔엠,KOSDAQ,투자주의환기종목(소속부없음),2870,1,120,4.36,2750,2970,2720,6538,18611260,17728529560,6177188,KSQ
1635,328380,KR7328380001,솔트웨어,KOSDAQ,벤처기업부,2580,1,10,0.39,2650,2650,2455,16417,41328800,17679591900,6852555,KSQ
1636,291230,KR7291230001,엔피,KOSDAQ,중견기업부,400,2,-6,-1.48,386,411,386,55029,21893144,17638310000,44095775,KSQ
1637,279600,KR7279600001,미디어젠,KOSDAQ,벤처기업부,3755,1,85,2.32,3935,4110,3145,4090,14883816,17591352655,4684781,KSQ
1638,083640,KR7083640003,인콘,KOSDAQ,벤처기업부,1131,2,-34,-2.92,1164,1175,1100,41104,46817927,17580343170,15544070,KSQ
1639,193250,KR7193250008,링크드,KOSDAQ,중견기업부,1309,2,-11,-0.83,1332,1349,1265,43018,57004170,17499933297,13368933,KSQ
1640,065060,KR7065060006,지엔코,KOSDAQ,중견기업부,2920,2,-75,-2.5,2995,3135,2855,19029,56378770,17491927120,5990386,KSQ
1641,060900,KR7060900008,에이전트AI,KOSDAQ,중견기업부,4380,2,-120,-2.67,4500,4525,4200,5515,23585775,17480899740,3991073,KSQ
1642,037400,KR7037400009,우리엔터프라이즈,KOSDAQ,중견기업부,665,1,2,0.3,669,679,655,35541,23693485,17438525090,26223346,KSQ
1643,306040,KR7306040007,에스제이그룹,KOSDAQ,중견기업부,1756,2,-23,-1.29,1750,1809,1730,40164,70913150,17324393968,9865828,KSQ
1644,101680,KR7101680007,한국정밀기계,KOSDAQ,중견기업부,2060,2,-35,-1.67,2095,2150,2025,7712,15927900,17312240000,8404000,KSQ
1645,084440,KR7084440007,유비온,KOSDAQ,기술성장기업부,904,1,29,3.31,953,953,866,29548,26602724,17295708584,19132421,KSQ
1646,065770,KR7065770000,CS,KOSDAQ,벤처기업부,1773,1,123,7.45,1750,2145,1559,10844558,20909779253,17207966745,9705565,KSQ
1647,361670,KR7361670003,삼영에스앤씨,KOSDAQ,기술성장기업부,3030,1,30,1.0,3030,3135,2950,6671,20136450,17173003740,5667658,KSQ
1648,069330,KR7069330009,유아이디,KOSDAQ,벤처기업부,1009,1,30,3.06,971,1012,915,30522,29699618,17105147166,16952574,KSQ
1649,006050,KR7006050009,국영지앤엠,KOSDAQ,중견기업부,489,2,-12,-2.4,501,514,481,96297,47616245,17063773827,34895243,KSQ
1650,083470,KR7083470005,이엠앤아이,KOSDAQ,벤처기업부,799,2,-41,-4.88,877,878,784,57317,46419153,17050922871,21340329,KSQ
1651,048830,KR7048830004,엔피케이,KOSDAQ,중견기업부,908,1,2,0.22,896,943,886,14918,13671935,17001322084,18723923,KSQ
1652,482680,KR7482680006,미래에셋비전스팩7호,KOSDAQ,SPAC(소속부없음),2055,0,0,0.0,0,0,0,0,0,16881825000,8215000,KSQ
1653,236810,KR7236810008,엔비티,KOSDAQ,기술성장기업부,993,2,-30,-2.93,1016,1052,970,20227,20318527,16856598018,16975426,KSQ
1654,241820,KR7241820000,피씨엘,KOSDAQ,관리종목(소속부없음),6040,0,0,0.0,0,0,0,0,0,16803871920,2782098,KSQ
1655,477380,KR7477380000,미래에셋비전스팩4호,KOSDAQ,SPAC(소속부없음),2065,1,10,0.49,2070,2070,2055,5853,12044960,16726500000,8100000,KSQ
1656,322780,KR7322780008,코퍼스코리아,KOSDAQ,중견기업부,1861,2,-369,-16.55,2180,2180,1850,266490,516227365,16702158630,8974830,KSQ
1657,365900,KR7365900000,브이씨,KOSDAQ,벤처기업부,2270,2,-35,-1.52,2305,2380,2220,4625,10656145,16594381000,7310300,KSQ
1658,377220,KR7377220009,프롬바이오,KOSDAQ,기술성장기업부,585,2,-42,-6.7,627,627,567,371949,219932403,16561350000,28310000,KSQ
1659,344860,KR7344860002,이노진,KOSDAQ,기술성장기업부,1369,2,-7,-0.51,1364,1429,1342,24722,34636583,16469070000,12030000,KSQ
1660,154040,KR7154040000,다산솔루에타,KOSDAQ,중견기업부,761,2,-49,-6.05,810,833,751,171896,137330271,16449482254,21615614,KSQ
1661,225590,KR7225590009,패션플랫폼,KOSDAQ,우량기업부,3180,2,-65,-2.0,3240,3400,3150,9742,31660595,16285975680,5121376,KSQ
1662,027580,KR7027580000,상보,KOSDAQ,중견기업부,1375,2,-54,-3.78,1465,1465,1352,30695,42908047,16274850625,11836255,KSQ
1663,900340,HK0000449303,윙입푸드,KOSDAQ,외국기업(소속부없음),1292,2,-14,-1.07,1306,1330,1250,15864,20519423,16256889744,12582732,KSQ
1664,200230,KR7200230001,텔콘RF제약,KOSDAQ,중견기업부,2270,2,-450,-16.54,3390,3535,2200,845790,2299976731,16235841310,7152353,KSQ
1665,239340,KR7239340003,이스트에이드,KOSDAQ,중견기업부,599,2,-31,-4.92,630,637,583,40601,24827593,16160800766,26979634,KSQ
1666,110020,KR7110020005,전진바이오팜,KOSDAQ,기술성장기업부,1772,2,-48,-2.64,1783,1843,1729,12298,22016093,16052126264,9058762,KSQ
1667,115610,KR7115610008,이미지스,KOSDAQ,벤처기업부,1355,1,16,1.19,1339,1407,1274,78881,105619793,16014431995,11818769,KSQ
1668,900300,HK0000312568,오가닉티코스메틱,KOSDAQ,외국기업(소속부없음),2055,2,-250,-10.85,2275,2300,2030,229156,484719162,15988099335,7780097,KSQ
1669,215480,KR7215480005,토박스코리아,KOSDAQ,중견기업부,1785,2,-16,-0.89,1777,1801,1747,19010,33574713,15975750000,8950000,KSQ
1670,018620,KR7018620005,우진비앤지,KOSDAQ,벤처기업부,2300,2,-40,-1.71,2335,2390,2300,11443,26756600,15945858600,6932982,KSQ
1671,065690,KR7065690000,파커스,KOSDAQ,투자주의환기종목(소속부없음),1129,2,-1,-0.09,1130,1174,1114,44275,50391488,15861694699,14049331,KSQ
1672,309930,KR7309930006,조이웍스앤코,KOSDAQ,중견기업부,822,1,61,8.02,721,824,721,289376,224266332,15828340758,19255889,KSQ
1673,418620,KR7418620001,E8,KOSDAQ,기술성장기업부,786,2,-46,-5.53,804,822,776,111363,88097803,15602474922,19850477,KSQ
1674,0072Z0,KR70072Z0006,KB제33호스팩,KOSDAQ,SPAC(소속부없음),1977,2,-8,-0.4,1985,1999,1970,43757,86542976,15588645000,7885000,KSQ
1675,226340,KR7226340008,본느,KOSDAQ,중견기업부,1856,2,-57,-2.98,1913,2000,1851,10511,19834608,15572738304,8390484,KSQ
1676,0101C0,KR70101C0008,하나36호스팩,KOSDAQ,SPAC(소속부없음),1992,2,-5,-0.25,2010,2010,1990,11573,23060038,15418080000,7740000,KSQ
1677,900270,HK0000214814,헝셩그룹,KOSDAQ,외국기업(소속부없음),602,2,-41,-6.38,643,643,595,232301,141551898,15387987482,25561441,KSQ
1678,469880,KR7469880009,하나30호스팩,KOSDAQ,관리종목(소속부없음),2105,3,0,0.0,2105,2105,2100,62865,132291545,15377025000,7305000,KSQ
1679,0130H0,KR70130H0008,엔에이치스팩33호,KOSDAQ,SPAC(소속부없음),1997,2,-3,-0.15,1997,2005,1996,13082,26159526,15376900000,7700000,KSQ
1680,477340,KR7477340004,에이치엠씨제7호스팩,KOSDAQ,SPAC(소속부없음),2040,1,5,0.25,2040,2045,2035,9479,19331170,15320400000,7510000,KSQ
1681,123840,KR7123840001,뉴온,KOSDAQ,투자주의환기종목(소속부없음),2400,1,145,6.43,2800,2815,2255,165489,419130944,15277032000,6365430,KSQ
1682,113810,KR7113810006,디젠스,KOSDAQ,중견기업부,465,0,0,0.0,0,0,0,0,0,15172043715,32628051,KSQ
1683,030350,KR7030350003,드래곤플라이,KOSDAQ,관리종목(소속부없음),973,0,0,0.0,0,0,0,0,0,15171092867,15592079,KSQ
1684,368600,KR7368600003,아이씨에이치,KOSDAQ,기술성장기업부,587,2,-31,-5.02,618,624,569,44363,26342025,15141908605,25795415,KSQ
1685,131760,KR7131760001,파인텍,KOSDAQ,벤처기업부,1733,2,-45,-2.53,1780,1874,1692,138298,240316068,15053385628,8686316,KSQ
1686,060480,KR7060480001,국일신동,KOSDAQ,중견기업부,1356,2,-67,-4.71,1411,1453,1350,15533,21664670,15038040000,11090000,KSQ
1687,377030,KR7377030002,비트맥스,KOSDAQ,관리종목(소속부없음),1403,2,-45,-3.11,1448,1479,1359,23675,33689083,15004187080,10694360,KSQ
1688,148780,KR7148780000,비큐AI,KOSDAQ,기술성장기업부,477,1,1,0.21,475,489,465,204607,96580245,14999610825,31445725,KSQ
1689,101000,KR7101000008,KS인더스트리,KOSDAQ,중견기업부,377,2,-1,-0.26,379,419,375,286713,111704682,14945014396,39641948,KSQ
1690,0044K0,KR70044K0008,삼성스팩10호,KOSDAQ,SPAC(소속부없음),1986,2,-13,-0.65,2000,2000,1983,34084,67696105,14934720000,7520000,KSQ
1691,042040,KR7042040006,케이피엠테크,KOSDAQ,중견기업부,6000,4,1380,29.87,6000,6000,6000,35606,213634620,14825616000,2470936,KSQ
1692,028080,KR7028080000,휴맥스홀딩스,KOSDAQ,중견기업부,5850,2,-250,-4.1,5720,6480,5720,4187,25381390,14815271250,2532525,KSQ
1693,291810,KR7291810000,핀텔,KOSDAQ,기술성장기업부,1302,2,-129,-9.01,1431,1431,1214,582254,767056672,14802063024,11368712,KSQ
1694,900110,HK0000057197,딥커머스,KOSDAQ,외국기업(소속부없음),1194,2,-14,-1.16,1240,1240,1169,14891,17708435,14676147714,12291581,KSQ
1695,0115H0,KR70115H0007,삼성스팩13호,KOSDAQ,SPAC(소속부없음),1992,2,-6,-0.3,1998,2010,1992,22921,45756038,14641200000,7350000,KSQ
1696,473050,KR7473050003,유안타제15호스팩,KOSDAQ,SPAC(소속부없음),2080,3,0,0.0,2075,2080,2070,1796,3726705,14580800000,7010000,KSQ
1697,196700,KR7196700009,웹스,KOSDAQ,벤처기업부,1012,2,-28,-2.69,1041,1088,1004,92491,94902837,14536513728,14364144,KSQ
1698,240600,KR7240600007,유진테크놀로지,KOSDAQ,벤처기업부,2095,2,-180,-7.91,2495,2495,2005,60998,133955978,14514476345,6928151,KSQ
1699,285800,KR7285800009,진영,KOSDAQ,벤처기업부,829,2,-51,-5.8,917,917,824,66902,56409266,14488656830,17477270,KSQ
1700,405000,KR7405000001,플라즈맵,KOSDAQ,벤처기업부,3765,1,135,3.72,3715,3925,3495,6082,22712619,14451741660,3838444,KSQ
1701,023790,KR7023790009,동일스틸럭스,KOSDAQ,중견기업부,1100,2,-41,-3.59,1179,1179,1063,140576,153953485,14376788800,13069808,KSQ
1702,115530,KR7115530008,씨엔플러스,KOSDAQ,중견기업부,1819,2,-28,-1.52,1755,1819,1735,9088,15985839,14341689039,7884381,KSQ
1703,478440,KR7478440001,미래에셋비전스팩6호,KOSDAQ,SPAC(소속부없음),2040,2,-5,-0.24,2045,2045,2030,10817,22036230,14137200000,6930000,KSQ
1704,417180,KR7417180007,핑거스토리,KOSDAQ,중견기업부,4020,2,-80,-1.95,4135,4315,3895,3416,13655600,14109090480,3509724,KSQ
1705,0165X0,KR70165X0006,메리츠제2호스팩,KOSDAQ,SPAC(소속부없음),1945,3,0,0.0,1941,1953,1941,180520,351744869,14081800000,7240000,KSQ
1706,303030,KR7303030001,지니틱스,KOSDAQ,벤처기업부,1529,1,29,1.93,1521,1559,1433,20674,30885170,14001780804,9157476,KSQ
1707,479880,KR7479880007,한국제15호스팩,KOSDAQ,SPAC(소속부없음),2035,2,-5,-0.25,2045,2045,2030,4571,9287365,13980450000,6870000,KSQ
1708,191410,KR7191410000,육일씨엔에쓰,KOSDAQ,중견기업부,1246,2,-15,-1.19,1300,1300,1225,77997,98209939,13960501730,11204255,KSQ
1709,0099W0,KR70099W0008,미래에셋비전스팩11호,KOSDAQ,SPAC(소속부없음),1994,2,-6,-0.3,2005,2005,1993,22339,44574977,13958000000,7000000,KSQ
1710,352770,KR7352770002,셀레스트라,KOSDAQ,관리종목(소속부없음),5250,0,0,0.0,0,0,0,0,0,13610136750,2592407,KSQ
1711,035620,KR7035620004,바른손이앤에이,KOSDAQ,중견기업부,730,1,18,2.53,691,730,691,54813,39418933,13585240140,18609918,KSQ
1712,244460,KR7244460002,올리패스,KOSDAQ,관리종목(소속부없음),1651,0,0,0.0,0,0,0,0,0,13415218661,8125511,KSQ
1713,247660,KR7247660004,나노씨엠에스,KOSDAQ,기술성장기업부,3080,1,20,0.65,2965,3240,2890,7694,22773365,13379273600,4343920,KSQ
1714,489480,KR7489480004,키움제11호스팩,KOSDAQ,SPAC(소속부없음),2022,2,-18,-0.88,2045,2045,2020,16771,33943081,13345200000,6600000,KSQ
1715,0134X0,KR70134X0004,대신밸런스제20호스팩,KOSDAQ,SPAC(소속부없음),1977,2,-3,-0.15,1976,1980,1973,74781,147877113,13324980000,6740000,KSQ
1716,0164H0,KR70164H0007,한국제16호스팩,KOSDAQ,SPAC(소속부없음),1953,1,4,0.21,1948,1956,1948,269388,525784052,13182750000,6750000,KSQ
1717,0096B0,KR70096B0006,삼성스팩12호,KOSDAQ,SPAC(소속부없음),1995,1,4,0.2,1982,1996,1977,11517,22892446,13127100000,6580000,KSQ
1718,289010,KR7289010001,아이스크림에듀,KOSDAQ,중견기업부,941,2,-26,-2.69,920,985,914,31778,30074456,13122485896,13945256,KSQ
1719,481890,KR7481890002,엔에이치스팩31호,KOSDAQ,SPAC(소속부없음),2065,2,-10,-0.48,2075,2075,2060,11274,23337575,13102425000,6345000,KSQ
1720,0099X0,KR70099X0007,IBKS제25호스팩,KOSDAQ,SPAC(소속부없음),2180,0,0,0.0,0,0,0,0,0,13036400000,5980000,KSQ
1721,009730,KR7009730003,이렘,KOSDAQ,투자주의환기종목(소속부없음),181,0,0,0.0,0,0,0,0,0,12992094206,71779526,KSQ
1722,0097F0,KR70097F0001,미래에셋비전스팩10호,KOSDAQ,SPAC(소속부없음),1998,2,-2,-0.1,2000,2000,1993,6109,12181344,12987000000,6500000,KSQ
1723,060230,KR7060230000,제이케이시냅스,KOSDAQ,중견기업부,1135,2,-37,-3.16,1172,1230,1114,207523,237018931,12780211230,11260098,KSQ
1724,489730,KR7489730002,디비금융제13호스팩,KOSDAQ,SPAC(소속부없음),2015,2,-5,-0.25,2020,2020,2010,14075,28337780,12758980000,6332000,KSQ
1725,065420,KR7065420002,에스아이리소스,KOSDAQ,중견기업부,178,0,0,0.0,0,0,0,0,0,12740759222,71577299,KSQ
1726,0093G0,KR70093G0004,미래에셋비전스팩8호,KOSDAQ,SPAC(소속부없음),1986,3,0,0.0,2000,2000,1986,5801,11521902,12710400000,6400000,KSQ
1727,054180,KR7054180005,메디콕스,KOSDAQ,관리종목(소속부없음),2295,0,0,0.0,0,0,0,0,0,12686716395,5527981,KSQ
1728,478390,KR7478390008,KB제29호스팩,KOSDAQ,SPAC(소속부없음),2035,2,-5,-0.25,2045,2045,2030,7742,15773931,12657700000,6220000,KSQ
1729,471050,KR7471050005,대신밸런스제17호스팩,KOSDAQ,SPAC(소속부없음),2085,2,-10,-0.48,2100,2100,2085,20330,42394754,12635100000,6060000,KSQ
1730,389680,KR7389680000,유디엠텍,KOSDAQ,기술성장기업부,1518,2,-51,-3.25,1710,1710,1400,36355,55867597,12630811974,8320693,KSQ
1731,177350,KR7177350006,베셀,KOSDAQ,투자주의환기종목(소속부없음),642,2,-21,-3.17,665,685,623,106798,68704171,12617718414,19653767,KSQ
1732,0037T0,KR70037T0008,KB제32호스팩,KOSDAQ,SPAC(소속부없음),1991,2,-3,-0.15,1999,2000,1990,27456,54744830,12603030000,6330000,KSQ
1733,0054V0,KR70054V0002,엔에이치스팩32호,KOSDAQ,SPAC(소속부없음),2010,2,-15,-0.74,2010,2030,2010,13405,26978785,12495165000,6216500,KSQ
1734,492220,KR7492220009,KB제31호스팩,KOSDAQ,SPAC(소속부없음),2000,2,-20,-0.99,2015,2015,2000,42757,85556269,12420000000,6210000,KSQ
1735,0131D0,KR70131D0001,키움히어로제2호스팩,KOSDAQ,SPAC(소속부없음),1967,2,-1,-0.05,1963,1975,1963,5783,11372118,12411770000,6310000,KSQ
1736,482520,KR7482520004,교보16호스팩,KOSDAQ,SPAC(소속부없음),2020,3,0,0.0,2025,2025,2020,11480,23190030,12322000000,6100000,KSQ
1737,065570,KR7065570004,삼영이엔씨,KOSDAQ,관리종목(소속부없음),764,0,0,0.0,0,0,0,0,0,12295692232,16093838,KSQ
1738,0088D0,KR70088D0004,메리츠제1호스팩,KOSDAQ,SPAC(소속부없음),2120,2,-25,-1.17,2130,2145,2120,40356,85923360,12285400000,5795000,KSQ
1739,250930,KR7250930005,예선테크,KOSDAQ,벤처기업부,370,0,0,0.0,0,0,0,0,0,12210162800,33000440,KSQ
1740,0091W0,KR70091W0006,신영스팩11호,KOSDAQ,SPAC(소속부없음),2010,2,-5,-0.25,2025,2025,2000,36035,72169970,12196680000,6068000,KSQ
1741,079950,KR7079950002,인베니아,KOSDAQ,관리종목(소속부없음),882,2,-28,-3.08,903,918,865,43649,38905879,12170806200,13799100,KSQ
1742,002680,KR7002680007,한탑,KOSDAQ,중견기업부,374,0,0,0.0,0,0,0,0,0,12086482826,32316799,KSQ
1743,018700,KR7018700005,졸스,KOSDAQ,투자주의환기종목(소속부없음),1030,2,-47,-4.36,1077,1123,1027,50016,53452342,12057783580,11706586,KSQ
1744,368970,KR7368970000,오에스피,KOSDAQ,벤처기업부,2480,2,-20,-0.8,2495,2535,2220,21393,49723615,12043953840,4856433,KSQ
1745,0041L0,KR70041L0000,하나35호스팩,KOSDAQ,SPAC(소속부없음),1996,2,-9,-0.45,2010,2010,1996,42449,84913851,12035880000,6030000,KSQ
1746,308100,KR7308100007,형지글로벌,KOSDAQ,중견기업부,500,2,-13,-2.53,515,529,494,161303,80967702,12011504000,24023008,KSQ
1747,477760,KR7477760003,DB금융스팩12호,KOSDAQ,SPAC(소속부없음),2055,2,-5,-0.24,2060,2060,2045,6345,13009902,12001200000,5840000,KSQ
1748,0132G0,KR70132G0007,교보20호스팩,KOSDAQ,SPAC(소속부없음),1989,2,-8,-0.4,1997,1997,1988,1271,2531124,11874330000,5970000,KSQ
1749,092600,KR7092600006,앤씨앤,KOSDAQ,벤처기업부,2345,2,-70,-2.9,2410,2495,2235,16505,37884585,11764168535,5016703,KSQ
1750,900100,USU652221081,파이온엑스,KOSDAQ,외국기업(소속부없음),2225,2,-45,-1.98,2395,2395,2220,21452,48560125,11739211250,5276050,KSQ
1751,469900,KR7469900005,하나31호스팩,KOSDAQ,SPAC(소속부없음),2070,3,0,0.0,2070,2080,2070,4857,10054590,11602350000,5605000,KSQ
1752,043590,KR7043590009,웰킵스하이텍,KOSDAQ,중견기업부,855,2,-35,-3.93,890,890,847,25770,22080676,11600965755,13568381,KSQ
1753,482690,KR7482690005,대신밸런스제19호스팩,KOSDAQ,SPAC(소속부없음),2065,3,0,0.0,2065,2085,2055,1381,2842275,11594975000,5615000,KSQ
1754,060240,KR7060240009,스타코링크,KOSDAQ,관리종목(소속부없음),1976,0,0,0.0,0,0,0,0,0,11502414560,5821060,KSQ
1755,0071M0,KR70071M0002,삼성스팩11호,KOSDAQ,SPAC(소속부없음),1995,2,-10,-0.5,2005,2005,1995,40376,80722189,11491200000,5760000,KSQ
1756,477470,KR7477470009,미래에셋비전스팩5호,KOSDAQ,SPAC(소속부없음),2095,1,5,0.24,2105,2105,2080,10805,22499180,11480600000,5480000,KSQ
1757,474660,KR7474660008,신한제12호스팩,KOSDAQ,SPAC(소속부없음),2065,3,0,0.0,2065,2065,2065,34,70210,11398800000,5520000,KSQ
1758,487360,KR7487360000,신한제14호스팩,KOSDAQ,SPAC(소속부없음),2012,2,-3,-0.15,2015,2015,2010,29205,58732767,11347680000,5640000,KSQ
1759,0105P0,KR70105P0009,유진스팩12호,KOSDAQ,SPAC(소속부없음),2000,2,-10,-0.5,2005,2005,2000,13020,26043410,11320000000,5660000,KSQ
1760,474490,KR7474490000,유안타제16호스팩,KOSDAQ,SPAC(소속부없음),2050,3,0,0.0,2055,2055,2045,3367,6898560,11295500000,5510000,KSQ
1761,496070,KR7496070004,신한제16호스팩,KOSDAQ,SPAC(소속부없음),1998,2,-7,-0.35,2000,2010,1998,23304,46645999,11228760000,5620000,KSQ
1762,0129K0,KR70129K0006,신한제18호스팩,KOSDAQ,SPAC(소속부없음),1988,1,10,0.51,1974,1994,1973,10179,20229675,11172560000,5620000,KSQ
1763,009620,KR7009620006,삼보산업,KOSDAQ,투자주의환기종목(소속부없음),638,2,-45,-6.59,699,720,617,273782,178731356,11147804624,17473048,KSQ
1764,0096D0,KR70096D0004,미래에셋비전스팩9호,KOSDAQ,SPAC(소속부없음),1993,2,-3,-0.15,1996,2005,1990,13386,26676176,10961500000,5500000,KSQ
1765,079190,KR7079190005,케스피온,KOSDAQ,벤처기업부,571,0,0,0.0,0,0,0,0,0,10950499247,19177757,KSQ
1766,199730,KR7199730003,바이오인프라,KOSDAQ,벤처기업부,2250,2,-95,-4.05,2345,2345,2205,5402,12260485,10944825750,4864367,KSQ
1767,0098T0,KR70098T0004,교보19호스팩,KOSDAQ,SPAC(소속부없음),1997,2,-13,-0.65,2010,2010,1997,23733,47561532,10783800000,5400000,KSQ
1768,486630,KR7486630007,KB제30호스팩,KOSDAQ,SPAC(소속부없음),2020,2,-10,-0.49,2030,2030,2015,8799,17774275,10726200000,5310000,KSQ
1769,493790,KR7493790000,유안타제17호스팩,KOSDAQ,SPAC(소속부없음),2015,3,0,0.0,2015,2017,2010,21629,43573911,10699650000,5310000,KSQ
1770,0004Y0,KR70004Y0000,디비금융제14호스팩,KOSDAQ,SPAC(소속부없음),2010,1,10,0.5,2000,2010,2000,35346,70710845,10683150000,5315000,KSQ
1771,208640,KR7208640003,썸에이지,KOSDAQ,중견기업부,764,2,-37,-4.62,794,801,750,77087,59822841,10637955100,13924025,KSQ
1772,0130D0,KR70130D0002,신한제17호스팩,KOSDAQ,SPAC(소속부없음),1991,1,6,0.3,1985,1995,1981,7675,15282604,10631940000,5340000,KSQ
1773,489210,KR7489210005,교보17호스팩,KOSDAQ,SPAC(소속부없음),2020,3,0,0.0,2020,2020,2010,16381,32951515,10463600000,5180000,KSQ
1774,043100,KR7043100007,알파AI,KOSDAQ,관리종목(소속부없음),520,0,0,0.0,0,0,0,0,0,10457241600,20110080,KSQ
1775,312610,KR7312610009,에이에프더블류,KOSDAQ,투자주의환기종목(소속부없음),512,1,3,0.59,490,572,475,236383,123121512,10371526656,20256888,KSQ
1776,0041B0,KR70041B0002,교보18호스팩,KOSDAQ,SPAC(소속부없음),2035,3,0,0.0,2045,2045,2025,14457,29348455,10256400000,5040000,KSQ
1777,478110,KR7478110000,이베스트스팩6호,KOSDAQ,SPAC(소속부없음),2035,2,-10,-0.49,2045,2045,2035,56,114250,10215700000,5020000,KSQ
1778,466690,KR7466690005,키움히어로제1호스팩,KOSDAQ,SPAC(소속부없음),2002,2,-3,-0.15,2015,2015,2000,32681,65385824,10200190000,5095000,KSQ
1779,498390,KR7498390004,한화플러스제5호스팩,KOSDAQ,SPAC(소속부없음),2017,2,-13,-0.64,2040,2040,2010,52404,106136463,10004320000,4960000,KSQ
1780,472220,KR7472220003,신영스팩10호,KOSDAQ,SPAC(소속부없음),2095,2,-5,-0.24,2105,2105,2095,6712,14073985,9825550000,4690000,KSQ
1781,035290,KR7035290006,골드앤에스,KOSDAQ,중견기업부,2005,2,-200,-9.07,2180,2185,1986,8525,17564621,9559134240,4767648,KSQ
1782,488060,KR7488060005,유진스팩11호,KOSDAQ,SPAC(소속부없음),2015,2,-20,-0.98,2040,2040,2010,17220,34810785,9510800000,4720000,KSQ
1783,106080,KR7106080005,케이이엠텍,KOSDAQ,관리종목(소속부없음),1650,0,0,0.0,0,0,0,0,0,9506998050,5761817,KSQ
1784,484130,KR7484130000,하나34호스팩,KOSDAQ,SPAC(소속부없음),2032,2,-23,-1.12,2055,2055,2025,24188,49216271,9184640000,4520000,KSQ
1785,469480,KR7469480008,IBKS제24호스팩,KOSDAQ,SPAC(소속부없음),2130,0,0,0.0,0,0,0,0,0,9009900000,4230000,KSQ
1786,473950,KR7473950004,에스케이증권제13호스팩,KOSDAQ,SPAC(소속부없음),2035,3,0,0.0,2050,2050,2035,5728,11661965,8994700000,4420000,KSQ
1787,012340,KR7012340006,뉴인텍,KOSDAQ,투자주의환기종목(소속부없음),793,2,-62,-7.25,855,855,776,302413,243767627,8961147416,11300312,KSQ
1788,467930,KR7467930004,IBKS제23호스팩,KOSDAQ,관리종목(소속부없음),2105,3,0,0.0,2105,2110,2100,122728,258258068,8904150000,4230000,KSQ
1789,465320,KR7465320000,교보15호스팩,KOSDAQ,SPAC(소속부없음),2335,0,0,0.0,0,0,0,0,0,8896350000,3810000,KSQ
1790,225430,KR7225430008,케이엠제약,KOSDAQ,벤처기업부,1589,1,53,3.45,1750,1756,1539,100622,164152123,8862504490,5577410,KSQ
1791,487830,KR7487830002,신한제15호스팩,KOSDAQ,SPAC(소속부없음),2030,2,-10,-0.49,2040,2040,2025,4457,9047070,8830500000,4350000,KSQ
1792,468760,KR7468760004,유진스팩10호,KOSDAQ,SPAC(소속부없음),2080,0,0,0.0,0,0,0,0,0,8819200000,4240000,KSQ
1793,472230,KR7472230002,에스케이증권제11호스팩,KOSDAQ,SPAC(소속부없음),2077,1,2,0.1,2080,2080,2070,13995,29033034,8629935000,4155000,KSQ
1794,0068Y0,KR70068Y0003,비엔케이제3호스팩,KOSDAQ,SPAC(소속부없음),1986,2,-4,-0.2,2005,2005,1985,19396,38522826,8559660000,4310000,KSQ
1795,487720,KR7487720005,키움제10호스팩,KOSDAQ,SPAC(소속부없음),2012,2,-18,-0.89,2030,2030,2010,28851,58218611,8510760000,4230000,KSQ
1796,050090,KR7050090000,비케이홀딩스,KOSDAQ,투자주의환기종목(소속부없음),360,2,-37,-9.32,392,397,341,102956,38758804,8472504600,23534735,KSQ
1797,011080,KR7011080009,형지I&C,KOSDAQ,중견기업부,1959,2,-266,-11.96,2290,2290,1932,142857,287600532,8416377258,4296262,KSQ
1798,900120,KYG2114A1094,씨엑스아이,KOSDAQ,외국기업(소속부없음),1124,1,3,0.27,1144,1159,1121,10049,11433206,8395897840,7469660,KSQ
1799,03481K,KR703481K019,해성산업1우,KOSDAQ,중견기업부,5990,2,-10,-0.17,6010,6010,5930,935,5579480,8250943470,1377453,KSQ
1800,0041J0,KR70041J0004,엘에스스팩1호,KOSDAQ,SPAC(소속부없음),1991,2,-3,-0.15,1991,1996,1991,8152,16231839,8183010000,4110000,KSQ
1801,084180,KR7084180009,수성웹툰,KOSDAQ,중견기업부,447,2,-10,-2.19,468,490,432,180598,80939154,8079204501,18074283,KSQ
1802,087260,KR7087260006,모바일어플라이언스,KOSDAQ,벤처기업부,248,1,13,5.53,241,305,241,13970232,4036476182,8073109528,32552861,KSQ
1803,025870,KR7025870007,신라에스지,KOSDAQ,중견기업부,2010,2,-35,-1.71,2035,2145,1989,6766,13981822,8040000000,4000000,KSQ
1804,073190,KR7073190001,듀오백,KOSDAQ,관리종목(소속부없음),667,2,-50,-6.97,717,737,650,52750,35314131,7982682680,11968040,KSQ
1805,008290,KR7008290009,원풍물산,KOSDAQ,관리종목(소속부없음),381,1,85,28.72,292,384,281,1744836,633460826,7752145659,20346839,KSQ
1806,079970,KR7079970000,투비소프트,KOSDAQ,관리종목(소속부없음),596,0,0,0.0,0,0,0,0,0,7646223464,12829234,KSQ
1807,475250,KR7475250007,하나33호스팩,KOSDAQ,SPAC(소속부없음),2055,2,-5,-0.24,2065,2065,2055,5443,11188390,7603500000,3700000,KSQ
1808,474930,KR7474930005,신한제13호스팩,KOSDAQ,SPAC(소속부없음),2085,3,0,0.0,2105,2105,2070,9697,20148920,7547700000,3620000,KSQ
1809,121850,KR7121850002,코이즈,KOSDAQ,관리종목(소속부없음),1480,3,0,0.0,1470,1535,1401,36284,52815049,7484358520,5056999,KSQ
1810,276040,KR7276040003,스코넥,KOSDAQ,관리종목(소속부없음),327,0,0,0.0,0,0,0,0,0,7073119545,21630335,KSQ
1811,473000,KR7473000008,에스케이증권제12호스팩,KOSDAQ,SPAC(소속부없음),2055,2,-5,-0.24,2065,2065,2055,34,70175,6802050000,3310000,KSQ
1812,069920,KR7069920007,엑시온그룹,KOSDAQ,관리종목(소속부없음),720,2,-2,-0.28,715,750,700,58311,42554458,6693495120,9296521,KSQ
1813,475240,KR7475240008,하나32호스팩,KOSDAQ,SPAC(소속부없음),2090,1,5,0.24,2090,2090,2065,2528,5230385,6688000000,3200000,KSQ
1814,044180,KR7044180008,KD,KOSDAQ,관리종목(소속부없음),205,0,0,0.0,0,0,0,0,0,5477148795,26717799,KSQ
1815,313760,KR7313760001,캐리,KOSDAQ,관리종목(소속부없음),468,0,0,0.0,0,0,0,0,0,5244963048,11207186,KSQ
1816,043090,KR7043090000,더테크놀로지,KOSDAQ,투자주의환기종목(소속부없음),1140,0,0,0.0,0,0,0,0,0,4718944500,4139425,KSQ
1817,052770,KR7052770005,아이톡시,KOSDAQ,관리종목(소속부없음),312,0,0,0.0,0,0,0,0,0,4545457488,14568774,KSQ
1818,203690,KR7203690003,아크솔루션스,KOSDAQ,관리종목(소속부없음),132,2,-17,-11.41,130,158,130,2858650,428346502,2660766240,20157320,KSQ
1819,021045,KR7021041009,대호특수강우,KOSDAQ,중견기업부,2000,2,-60,-2.91,2195,2195,1996,210,420195,1696984000,848492,KSQ
1820,032685,KR7032681009,소프트센우,KOSDAQ,중견기업부,9610,2,-2540,-20.91,11210,11210,9510,1018,10292880,685788820,71362,KSQ
