,Code,ISU_CD,Name,Market,Dept,Close,ChangeCode,Changes,ChagesRatio,Open,High,Low,Volume,Amount,Marcap,Stocks,MarketId
0,196170,KR7196170005,알테오젠,KOSDAQ GLOBAL,우량기업부,310000,1,4500,1.47,305000,320000,296500,575105,177577129500,21593091230000,69655133,KSQ
1,086520,KR7086520004,에코프로,KOSDAQ GLOBAL,중견기업부,84900,2,-300,-0.35,85300,85900,83300,353602,29836331900,11527395304800,135776152,KSQ
2,247540,KR7247540008,에코프로비엠,KOSDAQ GLOBAL,중견기업부,110200,2,-2300,-2.04,111400,112200,108500,141077,15514453050,10780913826800,97830434,KSQ
3,277810,KR7277810008,레인보우로보틱스,KOSDAQ,기술성장기업부,450000,2,-4500,-0.99,454500,455000,444000,26355,11812735500,8729936100000,19399858,KSQ
4,036930,KR7036930006,주성엔지니어링,KOSDAQ GLOBAL,우량기업부,174300,2,-4500,-2.52,178700,180300,170000,444604,77671629800,8101659390300,46481121,KSQ
5,240810,KR7240810002,원익IPS,KOSDAQ GLOBAL,우량기업부,108900,2,-3400,-3.03,111300,111600,106800,252354,27466858400,5345236818900,49083901,KSQ
6,058470,KR7058470006,리노공업,KOSDAQ GLOBAL,우량기업부,65900,2,-1500,-2.23,67400,67900,65000,209103,13773304400,5022360915000,76211850,KSQ
7,028300,KR7028300002,HLB,KOSDAQ,중견기업부,37400,2,-900,-2.35,38100,38700,36850,528576,19754075700,4981613540200,133198223,KSQ
8,039030,KR7039030002,이오테크닉스,KOSDAQ,우량기업부,395500,2,-6000,-1.49,397000,403000,386500,48899,19305115500,4872382025000,12319550,KSQ
9,214450,KR7214450009,파마리서치,KOSDAQ GLOBAL,우량기업부,446000,1,31500,7.6,419000,454000,417000,144086,63605785750,4633783008000,10389648,KSQ
10,087010,KR7087010005,펩트론,KOSDAQ,기술성장기업부,186600,1,3400,1.86,184400,189800,183500,55121,10260808700,4351017510000,23317350,KSQ
11,222800,KR7222800005,심텍,KOSDAQ GLOBAL,중견기업부,115800,2,-1100,-0.94,115900,120400,115000,449241,52617290300,4338323209800,37463931,KSQ
12,298380,KR7298380007,에이비엘바이오,KOSDAQ GLOBAL,기술성장기업부,74800,1,200,0.27,75400,76700,74000,101267,7594645850,4187862232400,55987463,KSQ
13,000250,KR7000250001,삼천당제약,KOSDAQ,중견기업부,169300,2,-300,-0.18,169700,173500,167000,54712,9256382450,3971350009600,23457472,KSQ
14,403870,KR7403870009,HPSP,KOSDAQ GLOBAL,우량기업부,48050,2,-450,-0.93,48000,48500,47100,1215364,58190628850,3954515000000,82300000,KSQ
15,319660,KR7319660007,피에스케이,KOSDAQ,우량기업부,130200,1,300,0.23,129900,133000,127100,127611,16526213550,3771466162800,28966714,KSQ
16,108490,KR7108490004,로보티즈,KOSDAQ,기술성장기업부,253500,2,-1500,-0.59,254500,257500,244500,64711,16183923500,3716570598000,14661028,KSQ
17,141080,KR7141080002,리가켐바이오,KOSDAQ GLOBAL,기술성장기업부,98900,2,-800,-0.8,99700,102800,98600,108506,10836190600,3661220440200,37019418,KSQ
18,095340,KR7095340006,ISC,KOSDAQ,우량기업부,164100,2,-1200,-0.73,163000,166800,161100,38273,6261233550,3478437217800,21197058,KSQ
19,257720,KR7257720003,실리콘투,KOSDAQ,우량기업부,52100,1,200,0.39,51400,53700,50100,613914,32245581600,3416522729200,65576252,KSQ
20,310210,KR7310210000,보로노이,KOSDAQ,기술성장기업부,172200,1,4100,2.44,168100,175800,164300,28328,4836068750,3175900614600,18443093,KSQ
21,440110,KR7440110005,파두,KOSDAQ,기술성장기업부,62800,2,-1500,-2.33,64500,64900,61000,117078,7292647100,3146972495600,50111027,KSQ
22,145020,KR7145020004,휴젤,KOSDAQ,우량기업부,249500,1,1000,0.4,245500,252500,245500,12102,3013360500,3122535663500,12515173,KSQ
23,084370,KR7084370006,유진테크,KOSDAQ,우량기업부,132300,2,-5900,-4.27,136600,138300,129100,47210,6255564200,3031792356600,22916042,KSQ
24,214370,KR7214370009,케어젠,KOSDAQ,벤처기업부,53000,2,-1200,-2.21,53700,54500,52900,24199,1294627900,2846895000000,53715000,KSQ
25,131290,KR7131290009,티에스이,KOSDAQ,우량기업부,248000,2,-1000,-0.4,247000,253500,242500,31185,7736580500,2743234392000,11061429,KSQ
26,064760,KR7064760002,티씨케이,KOSDAQ GLOBAL,우량기업부,243000,1,1500,0.62,237500,247000,231500,32258,7768461500,2716598088000,11179416,KSQ
27,095610,KR7095610002,테스,KOSDAQ GLOBAL,우량기업부,137100,2,-1900,-1.37,138500,140600,134700,104296,14292662800,2654256000000,19360000,KSQ
28,319400,KR7319400008,현대무벡스,KOSDAQ,우량기업부,23800,1,300,1.28,23550,24150,23050,617686,14620379475,2650749728200,111376039,KSQ
29,080220,KR7080220007,제주반도체,KOSDAQ,우량기업부,76800,2,-100,-0.13,76500,77600,74500,530315,40306608450,2645209574400,34442833,KSQ
30,347850,KR7347850000,디앤디파마텍,KOSDAQ,기술성장기업부,56500,1,300,0.53,57000,58900,56400,449088,25792624500,2589824908500,45837609,KSQ
31,031980,KR7031980006,피에스케이홀딩스,KOSDAQ,우량기업부,119100,2,-1600,-1.33,119300,122000,115100,62069,7343998050,2568081244500,21562395,KSQ
32,357780,KR7357780006,솔브레인,KOSDAQ GLOBAL,우량기업부,330000,2,-4000,-1.2,331000,338000,326000,10024,3315153750,2566926780000,7778566,KSQ
33,067310,KR7067310003,하나마이크론,KOSDAQ,중견기업부,36700,2,-900,-2.39,37250,37700,35700,585950,21417247125,2440214892300,66490869,KSQ
34,178320,KR7178320008,서진시스템,KOSDAQ,중견기업부,36900,2,-1500,-3.91,37900,38900,36500,432669,16081876925,2348712195300,63650737,KSQ
35,237690,KR7237690003,에스티팜,KOSDAQ GLOBAL,우량기업부,110300,1,3600,3.37,108800,112000,108700,111853,12366626400,2302693171400,20876638,KSQ
36,005290,KR7005290002,동진쎄미켐,KOSDAQ,우량기업부,42400,2,-1250,-2.86,43250,43400,41500,248213,10504409125,2161133342400,50970126,KSQ
37,032820,KR7032820003,우리기술,KOSDAQ,벤처기업부,12370,1,70,0.57,12410,12810,12070,2339948,29138496545,2137345650440,172784612,KSQ
38,058610,KR7058610007,에스피지,KOSDAQ,우량기업부,94900,2,-1600,-1.66,96400,97300,92400,171195,16134473500,2104631464000,22177360,KSQ
39,226950,KR7226950004,올릭스,KOSDAQ GLOBAL,기술성장기업부,99700,2,-700,-0.7,100700,103600,98900,104076,10463906450,2099966145000,21062850,KSQ
40,214150,KR7214150005,클래시스,KOSDAQ GLOBAL,우량기업부,32050,2,-450,-1.38,32200,32400,31800,235667,7549318950,2090802870950,65235659,KSQ
41,010170,KR7010170009,대한광통신,KOSDAQ,중견기업부,13310,2,-190,-1.41,13610,14800,13260,11516873,160285435400,2069514134600,155485660,KSQ
42,263750,KR7263750002,펄어비스,KOSDAQ,우량기업부,32550,2,-600,-1.81,33100,33750,32500,220167,7249084025,2045569270500,62843910,KSQ
43,083650,KR7083650002,비에이치아이,KOSDAQ,우량기업부,65100,1,1600,2.52,65200,66800,64300,463365,30460458600,2014478812500,30944375,KSQ
44,140410,KR7140410002,메지온,KOSDAQ,투자주의환기종목(소속부없음),65700,1,800,1.23,65500,66800,64900,27948,1839534000,2011843981800,30621674,KSQ
45,098460,KR7098460009,고영,KOSDAQ,우량기업부,28600,2,-850,-2.89,29200,29700,28150,323993,9340924450,1950640491800,68204213,KSQ
46,068760,KR7068760008,셀트리온제약,KOSDAQ,우량기업부,42300,1,300,0.71,42200,42800,41900,42483,1796404475,1878218643600,44402332,KSQ
47,140860,KR7140860008,파크시스템스,KOSDAQ GLOBAL,우량기업부,266500,2,-1500,-0.56,265500,270000,260500,7678,2034936250,1866157988500,7002469,KSQ
48,089030,KR7089030001,테크윙,KOSDAQ,중견기업부,48975,2,-1625,-3.21,50600,51000,48450,170607,8416814650,1814702263875,37053645,KSQ
49,041510,KR7041510009,에스엠,KOSDAQ GLOBAL,우량기업부,74500,1,2400,3.33,71900,75400,71900,40941,3039511200,1705654405000,22894690,KSQ
50,060370,KR7060370004,LS마린솔루션,KOSDAQ,우량기업부,32400,1,350,1.09,32050,32750,31650,45350,1460719375,1692538869600,52238854,KSQ
51,096530,KR7096530001,씨젠,KOSDAQ GLOBAL,우량기업부,32000,1,550,1.75,31500,32500,31100,223149,7151326400,1671231808000,52225994,KSQ
52,0009K0,KR70009K0001,에임드바이오,KOSDAQ,기술성장기업부,25650,2,-350,-1.35,25950,26500,25350,49012,1261502500,1658815279650,64671161,KSQ
53,950160,KR8840120008,코오롱티슈진,KOSDAQ,외국기업(소속부없음),19010,2,-750,-3.8,20050,20100,18300,1162966,22013155885,1615282741600,84970160,KSQ
54,007390,KR7007390008,네이처셀,KOSDAQ,중견기업부,24250,2,-600,-2.41,24650,24900,22550,416093,9856764575,1562550108000,64435056,KSQ
55,131970,KR7131970006,두산테스나,KOSDAQ GLOBAL,우량기업부,80300,1,600,0.75,80000,82200,77500,119135,9516631950,1551977211400,19327238,KSQ
56,089970,KR7089970008,브이엠,KOSDAQ,우량기업부,58800,2,-1300,-2.16,59500,60600,58200,148030,8704778850,1548013782000,26326765,KSQ
57,323280,KR7323280008,태성,KOSDAQ,중견기업부,49700,1,150,0.3,49900,50800,48200,93912,4643258525,1517737606000,30537980,KSQ
58,475830,KR7475830006,오름테라퓨틱,KOSDAQ,기술성장기업부,69100,2,-1600,-2.26,70700,72800,68600,55840,3904139350,1500823669000,21719590,KSQ
59,030530,KR7030530000,원익홀딩스,KOSDAQ,중견기업부,19250,2,-450,-2.28,19900,20250,18840,244209,4752057325,1486831134250,77237981,KSQ
60,241710,KR7241710003,코스메카코리아,KOSDAQ GLOBAL,우량기업부,138900,2,-600,-0.43,138600,141000,137100,56623,7870695300,1483452000000,10680000,KSQ
61,035900,KR7035900000,JYP Ent.,KOSDAQ GLOBAL,우량기업부,39500,1,150,0.38,39300,39900,39200,105945,4194379900,1403533434000,35532492,KSQ
62,082920,KR7082920000,비츠로셀,KOSDAQ GLOBAL,우량기업부,30850,2,-300,-0.96,31350,31850,30600,85319,2649200275,1392552865450,45139477,KSQ
63,039200,KR7039200001,오스코텍,KOSDAQ,벤처기업부,36200,2,-1100,-2.95,37000,38150,35700,75580,2760294225,1384945971200,38258176,KSQ
64,290650,KR7290650001,엘앤씨바이오,KOSDAQ,우량기업부,50900,2,-1400,-2.68,52200,53000,50500,46441,2380968000,1372757933600,26969704,KSQ
65,420770,KR7420770000,기가비스,KOSDAQ,우량기업부,105200,2,-2400,-2.23,106200,108300,103500,27411,2893094850,1333489741600,12675758,KSQ
66,183300,KR7183300003,코미코,KOSDAQ,우량기업부,25800,2,-100,-0.39,25500,26300,24800,255830,6540988900,1325172495000,51363275,KSQ
67,078600,KR7078600004,대주전자재료,KOSDAQ,우량기업부,84300,2,-3400,-3.88,87500,88500,83600,58585,4970413500,1323858833400,15704138,KSQ
68,043260,KR7043260009,성호전자,KOSDAQ,우량기업부,17230,2,-460,-2.6,17710,18330,16870,359521,6253588115,1265260100960,73433552,KSQ
69,218410,KR7218410009,RFHIC,KOSDAQ,우량기업부,47150,1,200,0.43,47350,48250,46500,144336,6833270375,1253032090300,26575442,KSQ
70,195940,KR7195940002,HK이노엔,KOSDAQ GLOBAL,우량기업부,44100,1,350,0.8,43800,44600,43300,75251,3304304450,1249348193100,28329891,KSQ
71,003380,KR7003380003,하림지주,KOSDAQ GLOBAL,우량기업부,10890,2,-270,-2.42,11090,11200,10870,211947,2333512785,1219741212690,112005621,KSQ
72,127120,KR7127120004,제이에스링크,KOSDAQ,벤처기업부,33200,2,-1200,-3.49,34550,34550,33000,61427,2055864825,1216300824400,36635567,KSQ
73,204270,KR7204270003,제이앤티씨,KOSDAQ,중견기업부,20850,1,600,2.96,20150,21150,19140,433725,8682041820,1206140516100,57848466,KSQ
74,347700,KR7347700007,스피어,KOSDAQ,기술성장기업부,22350,2,-1200,-5.1,24100,24500,22150,354410,8138507875,1152172940700,51551362,KSQ
75,437730,KR7437730005,삼현,KOSDAQ,기술성장기업부,32950,2,-1200,-3.51,34000,34600,32500,69204,2286656425,1044764332650,31707567,KSQ
76,166090,KR7166090001,하나머티리얼즈,KOSDAQ,우량기업부,52600,2,-2500,-4.54,54400,55000,52300,56136,2979305850,1040305652400,19777674,KSQ
77,950260,KR8840280000,인제니아테라퓨틱스(Reg.S),KOSDAQ,기술성장기업부,20200,1,3640,21.98,16600,20300,16300,8916413,163321724020,998781061400,49444607,KSQ
78,232140,KR7232140004,와이씨,KOSDAQ,우량기업부,11860,1,160,1.37,11600,12150,11460,868982,10300335100,973057851000,82045350,KSQ
79,115180,KR7115180002,큐리언트,KOSDAQ,벤처기업부,25800,1,750,2.99,24900,26650,24900,172018,4493395925,968381095800,37534151,KSQ
80,445680,KR7445680002,큐리옥스바이오시스템즈,KOSDAQ,기술성장기업부,54200,2,-400,-0.73,55200,57100,53000,51177,2808083000,932862595400,17211487,KSQ
81,356860,KR7356860007,티엘비,KOSDAQ,우량기업부,39200,1,500,1.29,40050,40600,38700,563667,22313269525,929089392000,23701260,KSQ
82,036540,KR7036540003,SFA반도체,KOSDAQ,중견기업부,5620,2,-190,-3.27,5810,5870,5570,500726,2847845840,924266902860,164460303,KSQ
83,124500,KR7124500000,아이티센글로벌,KOSDAQ,우량기업부,39650,2,-850,-2.1,38450,40450,37000,462624,17979459825,920059495550,23204527,KSQ
84,101490,KR7101490001,에스앤에스텍,KOSDAQ GLOBAL,우량기업부,42100,2,-1150,-2.66,43250,43250,41000,98732,4129994100,898198405900,21334879,KSQ
85,293490,KR7293490009,카카오게임즈,KOSDAQ GLOBAL,중견기업부,8410,2,-80,-0.94,8490,8660,8370,179553,1523836850,897727678650,106745265,KSQ
86,476830,KR7476830005,알지노믹스,KOSDAQ,기술성장기업부,31900,2,-50,-0.16,33500,34900,31750,223427,7334399900,894968408400,28055436,KSQ
87,086450,KR7086450004,동국제약,KOSDAQ GLOBAL,우량기업부,19490,1,640,3.4,18980,19770,18850,281786,5453630400,881540885800,45230420,KSQ
88,491000,KR7491000006,리브스메드,KOSDAQ,기술성장기업부,33950,2,-850,-2.44,34950,35300,33750,90302,3092645550,857416450450,25255271,KSQ
89,056190,KR7056190002,SFA,KOSDAQ GLOBAL,우량기업부,23800,2,-200,-0.83,24000,24100,23400,25691,609378225,854628488000,35908760,KSQ
90,036830,KR7036830008,솔브레인홀딩스,KOSDAQ GLOBAL,우량기업부,41600,2,-1750,-4.04,42550,42550,40550,44536,1835965125,852965609600,20503981,KSQ
91,119850,KR7119850006,지엔씨에너지,KOSDAQ,우량기업부,51000,1,100,0.2,50500,51300,49200,181650,9115822525,838894359000,16448909,KSQ
92,038500,KR7038500005,삼표시멘트,KOSDAQ GLOBAL,우량기업부,7700,1,100,1.32,7610,7750,7500,154378,1170190520,830955556200,107916306,KSQ
93,083450,KR7083450007,GST,KOSDAQ,우량기업부,44500,2,-550,-1.22,44850,44950,43600,47089,2085419425,820135000000,18430000,KSQ
94,100790,KR7100790005,미래에셋벤처투자,KOSDAQ,우량기업부,15400,2,-760,-4.7,16200,16500,15300,344673,5403884650,818056901200,53120578,KSQ
95,041830,KR7041830001,인바디,KOSDAQ,우량기업부,60600,2,-300,-0.49,62000,62000,59200,20480,1233733650,816941449200,13480882,KSQ
96,031330,KR7031330004,에스에이엠티,KOSDAQ,우량기업부,8070,2,-40,-0.49,8110,8120,7940,133868,1073318245,806960190690,99995067,KSQ
97,065350,KR7065350001,신성델타테크,KOSDAQ,우량기업부,28850,2,-50,-0.17,28700,29050,28300,63774,1830081200,792911899800,27483948,KSQ
98,458870,KR7458870003,씨어스,KOSDAQ,기술성장기업부,20650,2,-400,-1.9,21100,21750,20450,90835,1893842050,791831725300,38345362,KSQ
99,213420,KR7213420003,덕산네오룩스,KOSDAQ,우량기업부,31650,2,-800,-2.47,32200,32450,31250,63508,2012934425,785906815350,24831179,KSQ
100,388720,KR7388720005,유일로보틱스,KOSDAQ,벤처기업부,66700,2,-600,-0.89,66300,67800,65800,11395,758696100,785815711500,11781345,KSQ
101,090360,KR7090360009,로보스타,KOSDAQ,중견기업부,80000,1,300,0.38,79900,80400,78100,30403,2399564700,780000000000,9750000,KSQ
102,099320,KR7099320004,쎄트렉아이,KOSDAQ,우량기업부,70900,2,-1000,-1.39,71200,73000,69700,14995,1061835950,776445610200,10951278,KSQ
103,014620,KR7014620009,성광벤드,KOSDAQ GLOBAL,우량기업부,29150,1,2950,11.26,26800,30550,26500,593177,17480104450,774147160600,26557364,KSQ
104,090710,KR7090710005,휴림로봇,KOSDAQ,중견기업부,6420,2,-150,-2.28,6570,6580,6350,451323,2899906210,767568966180,119559029,KSQ
105,251970,KR7251970000,펌텍코리아,KOSDAQ GLOBAL,우량기업부,61900,2,-1100,-1.75,63000,64000,61900,29129,1834108500,767560000000,12400000,KSQ
106,033100,KR7033100009,제룡전기,KOSDAQ GLOBAL,우량기업부,47700,1,200,0.42,47550,48100,46850,33599,1596300375,766176909300,16062409,KSQ
107,032190,KR7032190001,다우데이타,KOSDAQ,우량기업부,19980,2,-70,-0.35,20050,20100,19750,40264,800521910,765234000000,38300000,KSQ
108,085660,KR7085660009,차바이오텍,KOSDAQ,중견기업부,8180,2,-190,-2.27,8390,8480,8160,154622,1279689510,760517880280,92972846,KSQ
109,281740,KR7281740001,레이크머티리얼즈,KOSDAQ,우량기업부,11500,2,-330,-2.79,11780,11810,11350,130580,1504866215,755901302000,65730548,KSQ
110,252990,KR7252990007,샘씨엔에스,KOSDAQ,우량기업부,12540,2,-250,-1.95,12790,12850,12250,121526,1515491545,755132328060,60217889,KSQ
111,122870,KR7122870009,와이지엔터테인먼트,KOSDAQ GLOBAL,우량기업부,40150,1,850,2.16,39450,41050,39350,71782,2893735125,750445617350,18691049,KSQ
112,417200,KR7417200003,LS머트리얼즈,KOSDAQ,중견기업부,11060,2,-210,-1.86,11160,11400,10910,169006,1870282045,748238408540,67652659,KSQ
113,035760,KR7035760008,CJ ENM,KOSDAQ GLOBAL,중견기업부,32900,1,300,0.92,32600,33450,32350,31336,1037032925,721469166600,21929154,KSQ
114,225570,KR7225570001,넥슨게임즈,KOSDAQ,중견기업부,10680,2,-40,-0.37,10510,10930,10430,162855,1737599555,703386658320,65860174,KSQ
115,093320,KR7093320000,케이아이엔엑스,KOSDAQ,우량기업부,143400,2,-2000,-1.38,147000,147000,142600,2510,360784600,699792000000,4880000,KSQ
116,006730,KR7006730006,서부T&D,KOSDAQ GLOBAL,우량기업부,10880,1,140,1.3,10700,11040,10650,168719,1830859190,699332922240,64276923,KSQ
117,074600,KR7074600008,원익QnC,KOSDAQ,우량기업부,26550,2,-350,-1.3,26650,27000,26050,65492,1730770925,697946400000,26288000,KSQ
118,388210,KR7388210007,씨엠티엑스,KOSDAQ,벤처기업부,72000,2,-2000,-2.7,73600,75400,71200,20520,1485175350,695119536000,9654438,KSQ
119,466100,KR7466100005,클로봇,KOSDAQ,기술성장기업부,27200,2,-600,-2.16,27950,28300,26900,123532,3374488150,692491300800,25459239,KSQ
120,137400,KR7137400008,피엔티,KOSDAQ GLOBAL,우량기업부,29150,2,-350,-1.19,29500,30050,28650,60184,1754260950,690584721200,23690728,KSQ
121,189300,KR7189300007,인텔리안테크,KOSDAQ,우량기업부,63800,2,-1600,-2.45,65400,66700,63500,24643,1586038750,685052308600,10737497,KSQ
122,328130,KR7328130000,루닛,KOSDAQ,기술성장기업부,9090,2,-90,-0.98,9130,9280,9000,140863,1280667030,676824856200,74458180,KSQ
123,041960,KR7041960006,코미팜,KOSDAQ,벤처기업부,9120,2,-110,-1.19,9290,9420,8990,108528,993029885,673844834400,73886495,KSQ
124,094170,KR7094170008,동운아나텍,KOSDAQ,우량기업부,32000,1,300,0.95,31800,32450,31000,34137,1083301450,669117952000,20909936,KSQ
125,476060,KR7476060009,온코닉테라퓨틱스,KOSDAQ,기술성장기업부,14470,1,100,0.7,14700,14900,14450,129759,1895377345,657051444800,45407840,KSQ
126,171090,KR7171090004,선익시스템,KOSDAQ,우량기업부,64100,2,-700,-1.08,65600,65700,63300,12796,824815600,649180826600,10127626,KSQ
127,102710,KR7102710001,이엔에프테크놀로지,KOSDAQ,우량기업부,45400,2,-1600,-3.4,47000,47000,44800,22706,1031306600,648667754400,14287836,KSQ
128,456160,KR7456160001,지투지바이오,KOSDAQ,기술성장기업부,38800,1,1300,3.47,38000,39450,37500,57099,2195303800,645221728800,16629426,KSQ
129,327260,KR7327260006,RF머트리얼즈,KOSDAQ,벤처기업부,35850,1,1300,3.76,35050,36850,32000,454969,15520642450,644899878150,17988839,KSQ
130,253450,KR7253450001,스튜디오드래곤,KOSDAQ GLOBAL,우량기업부,21450,1,150,0.7,21150,21800,21150,36255,780349025,644754782100,30058498,KSQ
131,059090,KR7059090001,미코,KOSDAQ,벤처기업부,19280,2,-400,-2.03,19500,19880,18890,94518,1826029500,644275479840,33416778,KSQ
132,161580,KR7161580006,필옵틱스,KOSDAQ,중견기업부,27050,2,-350,-1.28,27200,27350,26400,38332,1028260825,634112781350,23442247,KSQ
133,044490,KR7044490001,태웅,KOSDAQ,우량기업부,31600,1,800,2.6,30850,33300,30450,314851,10124225550,632233239600,20007381,KSQ
134,048410,KR7048410005,현대바이오,KOSDAQ,중견기업부,6550,3,0,0.0,6560,6735,6380,699714,4533721075,632111496600,96505572,KSQ
135,053800,KR7053800009,안랩,KOSDAQ,우량기업부,56700,2,-200,-0.35,56600,57100,56200,7671,433137500,630872890200,11126506,KSQ
136,023160,KR7023160005,태광,KOSDAQ GLOBAL,우량기업부,24300,1,1950,8.72,22800,24850,22750,297886,7173701625,628573980600,25867242,KSQ
137,079940,KR7079940003,가비아,KOSDAQ,우량기업부,46050,1,50,0.11,46050,46250,45850,7733,355901100,618022498200,13420684,KSQ
138,060250,KR7060250008,NHN KCP,KOSDAQ,우량기업부,15250,2,-310,-1.99,15250,15550,14960,250270,3836886035,612449317750,40160611,KSQ
139,122640,KR7122640006,예스티,KOSDAQ,벤처기업부,27950,2,-1900,-6.37,29850,30250,27450,250587,7092550100,605154533750,21651325,KSQ
140,222080,KR7222080004,SFA넥셀,KOSDAQ GLOBAL,우량기업부,7760,2,-120,-1.52,7870,7880,7640,193072,1494046810,603573917440,77780144,KSQ
141,032500,KR7032500001,케이엠더블유,KOSDAQ,중견기업부,14260,2,-280,-1.93,14620,15000,14120,103274,1485643945,601653656260,42191701,KSQ
142,121600,KR7121600001,나노신소재,KOSDAQ,우량기업부,47550,2,-650,-1.35,48250,48650,47150,18235,869447050,583067182050,12262191,KSQ
143,295310,KR7295310007,에이치브이엠,KOSDAQ,기술성장기업부,47050,2,-50,-0.11,49500,49900,46950,76327,3685134300,577512402000,12274440,KSQ
144,160190,KR7160190005,하이젠알앤엠,KOSDAQ,중견기업부,18460,2,-260,-1.39,18800,18970,17970,45350,831428635,570192480000,30888000,KSQ
145,052400,KR7052400009,코나아이,KOSDAQ GLOBAL,우량기업부,38900,2,-800,-2.02,39250,39900,38450,28536,1111230525,566512019900,14563291,KSQ
146,046890,KR7046890000,서울반도체,KOSDAQ GLOBAL,중견기업부,9710,1,10,0.1,9790,9830,9600,92150,893120980,566145434000,58305400,KSQ
147,174900,KR7174900001,앱클론,KOSDAQ,벤처기업부,28350,1,50,0.18,28800,30000,27900,109881,3159077650,565642857150,19952129,KSQ
148,052020,KR7052020005,에스티큐브,KOSDAQ,투자주의환기종목(소속부없음),8300,2,-120,-1.43,8420,8580,8250,30680,255640155,564261315300,67983291,KSQ
149,036810,KR7036810000,에프에스티,KOSDAQ,중견기업부,25800,2,-1500,-5.49,27200,27500,25400,160892,4230188525,558564556200,21649789,KSQ
150,425420,KR7425420007,티에프이,KOSDAQ,우량기업부,44900,1,200,0.45,44900,45750,43750,61172,2723900050,554388426900,12347181,KSQ
151,019210,KR7019210004,와이지-원,KOSDAQ,우량기업부,14860,1,140,0.95,14590,15120,14420,161576,2369215185,552698798080,37193728,KSQ
152,053610,KR7053610002,프로텍,KOSDAQ,우량기업부,61400,2,-300,-0.49,61900,62200,59300,8947,543126050,552600000000,9000000,KSQ
153,050890,KR7050890003,쏠리드,KOSDAQ,우량기업부,9010,2,-140,-1.53,9170,9310,8900,271025,2452950300,547416371340,60756534,KSQ
154,041190,KR7041190000,우리기술투자,KOSDAQ,우량기업부,6420,2,-380,-5.59,6670,6670,6230,5006050,32093851210,539280000000,84000000,KSQ
155,037460,KR7037460003,삼지전자,KOSDAQ,우량기업부,32750,1,400,1.24,32350,33000,31800,10130,327696450,534431595500,16318522,KSQ
156,397030,KR7397030008,에이프릴바이오,KOSDAQ,기술성장기업부,19340,2,-130,-0.67,19650,19940,19240,117537,2286908350,532029513880,27509282,KSQ
157,033500,KR7033500000,동성화인텍,KOSDAQ,우량기업부,17700,1,150,0.85,17510,18140,17000,58732,1042289265,530814043800,29989494,KSQ
158,045100,KR7045100005,한양이엔지,KOSDAQ,우량기업부,30200,1,50,0.17,29800,30250,29250,30606,910539975,528500000000,17500000,KSQ
159,358570,KR7358570000,지아이이노베이션,KOSDAQ,기술성장기업부,8190,1,190,2.38,8020,8530,8000,334361,2770023895,528386089140,64516006,KSQ
160,399720,KR7399720002,가온칩스,KOSDAQ,벤처기업부,44550,2,-900,-1.98,45000,45550,43850,27626,1229418200,528311500200,11858844,KSQ
161,211050,KR7211050000,인카금융서비스,KOSDAQ,우량기업부,10630,2,-140,-1.3,10670,10750,10560,27269,289790530,523672673910,49263657,KSQ
162,009520,KR7009520008,포스코엠텍,KOSDAQ GLOBAL,중견기업부,12450,2,-370,-2.89,13090,13170,12290,306554,3878479955,518451652350,41642703,KSQ
163,490470,KR7490470002,세미파이브,KOSDAQ,기술성장기업부,15130,3,0,0.0,15230,15350,14830,54777,824489380,514804907200,34025440,KSQ
164,112040,KR7112040001,위메이드,KOSDAQ,중견기업부,15080,2,-470,-3.02,15530,15690,15070,98308,1500511320,511943123640,33948483,KSQ
165,099190,KR7099190001,아이센스,KOSDAQ,중견기업부,17600,2,-50,-0.28,17650,17870,17530,11688,206665180,506128638400,28757309,KSQ
166,086900,KR7086900008,메디톡스,KOSDAQ,우량기업부,68400,1,600,0.88,67800,68900,67300,19905,1355380650,499217194800,7298497,KSQ
167,025980,KR7025980004,아난티,KOSDAQ,우량기업부,5090,3,0,0.0,5100,5180,5020,1422242,7242546095,495262039100,97300990,KSQ
168,033790,KR7033790007,피노,KOSDAQ,중견기업부,5930,2,-160,-2.63,6050,6090,5850,287979,1715315225,494098789910,83321887,KSQ
169,460930,KR7460930001,현대힘스,KOSDAQ,우량기업부,13700,2,-120,-0.87,13650,13900,13580,58789,806166795,486496192700,35510671,KSQ
170,015750,KR7015750003,성우하이텍,KOSDAQ,우량기업부,6060,2,-50,-0.82,6100,6150,6020,91407,555407220,484800000000,80000000,KSQ
171,383310,KR7383310000,에코프로에이치엔,KOSDAQ,우량기업부,23100,2,-250,-1.07,23700,23700,22850,39036,905789525,484520929200,20974932,KSQ
172,033640,KR7033640004,네패스,KOSDAQ,중견기업부,21000,2,-50,-0.24,21050,21350,20300,79575,1656315975,484243242000,23059202,KSQ
173,126340,KR7126340009,비나텍,KOSDAQ,벤처기업부,67200,1,1500,2.28,67500,68700,63600,38868,2559490000,482523820800,7180414,KSQ
174,101160,KR7101160000,월덱스,KOSDAQ,우량기업부,28950,1,50,0.17,29000,29300,28500,12118,349301325,477993247350,16510993,KSQ
175,253590,KR7253590004,네오셈,KOSDAQ,우량기업부,10890,2,-170,-1.54,10940,11100,10640,160926,1748380915,477735195960,43869164,KSQ
176,082270,KR7082270000,젬백스,KOSDAQ,벤처기업부,10720,1,190,1.8,10520,11060,10490,115451,1246306685,474565856160,44269203,KSQ
177,376900,KR7376900007,로킷헬스케어,KOSDAQ,기술성장기업부,27050,2,-400,-1.46,27900,28450,26900,36009,986596025,470921294500,17409290,KSQ
178,035890,KR7035890003,서희건설,KOSDAQ,중견기업부,2250,1,60,2.74,2190,2260,2155,233922,522463775,467074206000,207588536,KSQ
179,034950,KR7034950006,한국기업평가,KOSDAQ,우량기업부,102800,1,500,0.49,102500,102900,102000,212,21774400,466764839200,4540514,KSQ
180,056080,KR7056080005,유진로봇,KOSDAQ,중견기업부,11790,2,-200,-1.67,12010,12240,11660,106587,1263465990,450796379940,38235486,KSQ
181,365340,KR7365340009,성일하이텍,KOSDAQ,기술성장기업부,34750,2,-1250,-3.47,35950,35950,34450,23465,815818375,449008746250,12921115,KSQ
182,024850,KR7024850000,HLB이노베이션,KOSDAQ,중견기업부,14070,1,220,1.59,13700,14240,13610,45052,624808275,446772364080,31753544,KSQ
183,477850,KR7477850002,마키나락스,KOSDAQ,기술성장기업부,25050,1,650,2.66,24000,25600,23350,713056,17422492550,444756136800,17754736,KSQ
184,067160,KR7067160002,SOOP,KOSDAQ GLOBAL,우량기업부,38600,2,-150,-0.39,38600,39250,38350,12544,485957475,443698006200,11494767,KSQ
185,278280,KR7278280003,천보,KOSDAQ,중견기업부,35850,2,-400,-1.1,36000,36550,35250,12021,429224600,439270946250,12253025,KSQ
186,376300,KR7376300000,디어유,KOSDAQ,우량기업부,18490,3,0,0.0,18410,18700,18320,19770,365360960,438923126940,23738406,KSQ
187,077360,KR7077360006,덕산하이메탈,KOSDAQ,벤처기업부,9660,2,-200,-2.03,9850,10000,9380,230129,2220183625,438921439320,45437002,KSQ
188,018290,KR7018290007,브이티,KOSDAQ,우량기업부,12530,2,-330,-2.57,12740,12900,12520,68005,860365275,437821230140,34941838,KSQ
189,214430,KR7214430001,아이쓰리시스템,KOSDAQ,우량기업부,59900,2,-1800,-2.92,60900,61900,59200,5706,342119500,437702178500,7307215,KSQ
190,336570,KR7336570007,원텍,KOSDAQ,우량기업부,4890,1,150,3.16,4740,5120,4685,543961,2655170159,436582358940,89280646,KSQ
191,368770,KR7368770004,파이버프로,KOSDAQ,벤처기업부,13180,2,-510,-3.73,13580,13860,13120,44336,589487435,433018685500,32854225,KSQ
192,064290,KR7064290000,인텍플러스,KOSDAQ,중견기업부,33350,2,-2450,-6.84,35600,36500,33100,110554,3801463825,432135226300,12957578,KSQ
193,030520,KR7030520001,한컴,KOSDAQ,우량기업부,17550,2,-120,-0.68,17600,17690,17350,61712,1080461345,424354507200,24179744,KSQ
194,144960,KR7144960002,뉴파워프라즈마,KOSDAQ,우량기업부,9710,2,-80,-0.82,9800,9870,9510,408721,3956495185,424255379040,43692624,KSQ
195,475960,KR7475960001,토모큐브,KOSDAQ,기술성장기업부,31350,1,100,0.32,31500,32200,31200,11760,371170600,422478054900,13476174,KSQ
196,439960,KR7439960006,코스모로보틱스,KOSDAQ,기술성장기업부,13000,2,-200,-1.52,13260,13350,12750,402774,5227759665,421858138000,32450626,KSQ
197,468530,KR7468530001,프로티나,KOSDAQ,기술성장기업부,38100,1,3150,9.01,36500,41150,36200,152519,5957679225,420441424800,11035208,KSQ
198,104830,KR7104830005,원익머트리얼즈,KOSDAQ,우량기업부,33050,2,-850,-2.51,34100,34100,32550,15066,496662825,416694400000,12608000,KSQ
199,089890,KR7089890008,코세스,KOSDAQ,우량기업부,25100,1,1200,5.02,24550,25400,23800,91576,2250474900,416282546200,16584962,KSQ
200,092190,KR7092190008,서울바이오시스,KOSDAQ,투자주의환기종목(소속부없음),9060,1,290,3.31,8730,9290,8700,88331,792362305,415567549980,45868383,KSQ
201,272290,KR7272290008,이녹스첨단소재,KOSDAQ GLOBAL,우량기업부,20700,2,-500,-2.36,21000,21200,20400,44272,916134875,412706436300,19937509,KSQ
202,064260,KR7064260003,다날,KOSDAQ,중견기업부,5370,2,-100,-1.83,5360,5470,5250,1369447,7316429200,406216104090,75645457,KSQ
203,348370,KR7348370008,엔켐,KOSDAQ,중견기업부,18500,2,-10,-0.05,18510,18950,17850,100445,1863073660,405353389000,21910994,KSQ
204,042000,KR7042000000,카페24,KOSDAQ,우량기업부,16690,2,-120,-0.71,16620,16960,16520,20752,345290110,403533640610,24178169,KSQ
205,027360,KR7027360007,아주IB투자,KOSDAQ,중견기업부,3330,2,-50,-1.48,3405,3545,3270,1191501,4041420829,403414201980,121145406,KSQ
206,215600,KR7215600008,신라젠,KOSDAQ,중견기업부,2875,2,-85,-2.87,3115,3285,2710,21238819,64176602271,398341496500,138553564,KSQ
207,486990,KR7486990005,노타,KOSDAQ,기술성장기업부,18410,2,-200,-1.07,18650,18920,18330,53677,994459320,393834636300,21392430,KSQ
208,125490,KR7125490003,한라캐스트,KOSDAQ,벤처기업부,10700,2,-270,-2.46,10870,10870,10450,396475,4216848080,390575166400,36502352,KSQ
209,095660,KR7095660007,네오위즈,KOSDAQ,우량기업부,18030,2,-160,-0.88,18010,18300,17950,20242,365718480,390105355770,21636459,KSQ
210,078130,KR7078130002,국일제지,KOSDAQ,중견기업부,3460,2,-55,-1.56,3515,3515,3400,32553,111797105,390082431020,112740587,KSQ
211,389470,KR7389470006,인벤티지랩,KOSDAQ,기술성장기업부,29300,2,-400,-1.35,30650,30850,29000,19716,585454050,389915844400,13307708,KSQ
212,013030,KR7013030002,하이록코리아,KOSDAQ,우량기업부,33050,1,850,2.64,32550,33550,32200,25046,829886800,388937159200,11768144,KSQ
213,114810,KR7114810005,한솔아이원스,KOSDAQ,우량기업부,13690,2,-120,-0.87,13500,13860,13380,105792,1449047020,385280052060,28143174,KSQ
214,219130,KR7219130002,타이거일렉,KOSDAQ,벤처기업부,60400,2,-2600,-4.13,63000,63000,59900,12842,777696450,381383116000,6314290,KSQ
215,080580,KR7080580004,오킨스전자,KOSDAQ,벤처기업부,18080,2,-1320,-6.8,19180,19380,18040,217660,4048653360,381324466400,21090955,KSQ
216,241770,KR7241770007,메카로,KOSDAQ,우량기업부,37350,2,-150,-0.4,37500,37650,36450,2942,109249575,380695104000,10192640,KSQ
217,092730,KR7092730001,네오팜,KOSDAQ,우량기업부,23750,1,50,0.21,23500,24100,23150,28296,670537325,380664738750,16027989,KSQ
218,078340,KR7078340007,컴투스,KOSDAQ GLOBAL,중견기업부,31450,1,200,0.64,31100,32000,31100,19854,627866800,380271793850,12091313,KSQ
219,078020,KR7078020005,LS증권,KOSDAQ,우량기업부,6840,1,110,1.63,6730,6870,6710,38783,263567250,379491339600,55481190,KSQ
220,236200,KR7236200002,슈프리마,KOSDAQ,우량기업부,54400,2,-1800,-3.2,57400,57400,54000,12823,700818900,379402518400,6974311,KSQ
221,089010,KR7089010003,켐트로닉스,KOSDAQ,우량기업부,22450,2,-350,-1.54,22800,22950,22100,21296,477480425,376487106150,16770027,KSQ
222,215200,KR7215200007,메가스터디교육,KOSDAQ,우량기업부,36200,2,-200,-0.55,36400,36650,36000,12126,439969950,375220819200,10365216,KSQ
223,372320,KR7372320002,큐로셀,KOSDAQ,기술성장기업부,24550,1,450,1.87,24450,24750,24150,14197,347325950,373826581600,15227152,KSQ
224,003800,KR7003800000,에이스침대,KOSDAQ,우량기업부,33025,2,-175,-0.53,33200,33200,32850,409,13487775,366247250000,11090000,KSQ
225,025320,KR7025320003,시노펙스,KOSDAQ,우량기업부,3960,2,-90,-2.22,4020,4060,3925,217021,861276677,364963313880,92162453,KSQ
226,025900,KR7025900002,동화기업,KOSDAQ,중견기업부,7190,2,-20,-0.28,7320,7420,7150,54767,396616790,363506879150,50557285,KSQ
227,332570,KR7332570001,PS일렉트로닉스,KOSDAQ,우량기업부,7780,2,-860,-9.95,8600,8680,7700,2716545,21596713670,363415960140,46711563,KSQ
228,060280,KR7060280005,큐렉소,KOSDAQ,중견기업부,8770,2,-120,-1.35,8790,8970,8680,56862,500167540,361848358300,41259790,KSQ
229,204620,KR7204620009,글로벌텍스프리,KOSDAQ,우량기업부,5130,2,-20,-0.39,5150,5360,5110,344122,1799202640,360553482900,70283330,KSQ
230,006910,KR7006910004,보성파워텍,KOSDAQ,우량기업부,7310,1,250,3.54,7230,7690,7060,2341276,17269923685,359139013440,49129824,KSQ
231,170920,KR7170920003,엘티씨,KOSDAQ,벤처기업부,33700,2,-1400,-3.99,35300,35300,33050,156029,5268119500,356011046200,10564126,KSQ
232,036620,KR7036620003,감성코퍼레이션,KOSDAQ,우량기업부,3895,2,-60,-1.52,3960,3990,3870,105137,412148685,350016166880,89862944,KSQ
233,033160,KR7033160003,엠케이전자,KOSDAQ,중견기업부,14380,1,70,0.49,14500,14760,14030,512825,7389560390,347916421080,24194466,KSQ
234,200710,KR7200710002,에이디테크놀로지,KOSDAQ,중견기업부,25700,1,100,0.39,25900,26050,25200,27767,712125875,345973579900,13462007,KSQ
235,348210,KR7348210006,넥스틴,KOSDAQ,우량기업부,33000,2,-1400,-4.07,34000,34400,32500,28075,928820150,345741165000,10477005,KSQ
236,101730,KR7101730000,위메이드맥스,KOSDAQ,중견기업부,4115,2,-190,-4.41,4215,4235,4110,137145,569791145,344850521890,83803286,KSQ
237,098120,KR7098120009,마이크로컨텍솔,KOSDAQ,우량기업부,41450,2,-2100,-4.82,42550,42950,40700,49524,2045138725,344564150700,8312766,KSQ
238,036800,KR7036800001,나이스정보통신,KOSDAQ,우량기업부,7520,2,-30,-0.4,7600,7650,7320,108215,818140390,342160000000,45500000,KSQ
239,092870,KR7092870005,엑시콘,KOSDAQ,우량기업부,26000,1,1400,5.69,24600,26150,23750,217183,5435943850,339320722000,13050797,KSQ
240,078160,KR7078160009,메디포스트,KOSDAQ,벤처기업부,8580,2,-90,-1.04,8840,8850,8520,16307,141098050,336375493740,39204603,KSQ
241,069080,KR7069080000,웹젠,KOSDAQ GLOBAL,우량기업부,10790,2,-10,-0.09,10700,10870,10680,36568,394696665,334129344250,30966575,KSQ
242,067630,KR7067630004,HLB생명과학,KOSDAQ,투자주의환기종목(소속부없음),2720,2,-70,-2.51,2760,2810,2685,94155,256611758,331614397760,121917058,KSQ
243,078350,KR7078350006,한양디지텍,KOSDAQ,우량기업부,21650,2,-550,-2.48,22700,22700,21550,36833,803059200,330040870300,15244382,KSQ
244,206650,KR7206650004,유바이오로직스,KOSDAQ,우량기업부,8970,1,20,0.22,9000,9120,8900,149542,1345238010,329668193790,36752307,KSQ
245,900290,HK0000307485,GRT,KOSDAQ,외국기업(소속부없음),3930,2,-110,-2.72,4040,4075,3705,284242,1102488662,328196437920,83510544,KSQ
246,356680,KR7356680009,엑스게이트,KOSDAQ,벤처기업부,11350,2,-280,-2.41,11460,11640,11200,189715,2150624975,323968634200,28543492,KSQ
247,199800,KR7199800004,툴젠,KOSDAQ,기술성장기업부,35950,2,-450,-1.24,36950,37200,35600,7114,257434600,323464762550,8997629,KSQ
248,330860,KR7330860008,네패스아크,KOSDAQ,중견기업부,26500,1,900,3.52,25950,26700,25250,115892,3015057400,322877192500,12184045,KSQ
249,352480,KR7352480008,씨앤씨인터내셔널,KOSDAQ,우량기업부,23650,1,650,2.83,22700,23900,22650,13820,322540050,322347158650,13629901,KSQ
250,455900,KR7455900001,엔젤로보틱스,KOSDAQ,기술성장기업부,20850,3,0,0.0,21000,21200,20400,18577,385039350,320943653850,15392981,KSQ
251,069540,KR7069540003,빛과전자,KOSDAQ,벤처기업부,2845,1,115,4.21,2790,3160,2710,11770401,34648052802,320608446965,112691897,KSQ
252,079370,KR7079370003,제우스,KOSDAQ,우량기업부,10290,1,370,3.73,9990,10500,9780,116925,1186177690,319164827100,31016990,KSQ
253,121440,KR7121440002,골프존홀딩스,KOSDAQ,우량기업부,7430,2,-70,-0.93,7590,7690,7350,102167,767672500,318277557740,42836818,KSQ
254,101930,KR7101930006,인화정공,KOSDAQ,우량기업부,6950,1,140,2.06,6990,6990,6810,13733,94762970,317577963450,45694671,KSQ
255,107640,KR7107640005,한중엔시에스,KOSDAQ,기술성장기업부,35000,2,-900,-2.51,36200,36200,34400,33359,1167305725,317273110000,9064946,KSQ
256,061970,KR7061970000,LB세미콘,KOSDAQ,중견기업부,4465,2,-155,-3.35,4515,4585,4310,576252,2565381816,312920621790,70083006,KSQ
257,168360,KR7168360006,펨트론,KOSDAQ,벤처기업부,13920,1,210,1.53,13750,13920,13350,47287,640045155,311704393440,22392557,KSQ
258,039440,KR7039440003,에스티아이,KOSDAQ,우량기업부,20050,2,-300,-1.47,20450,20500,19740,20528,410334110,310916292350,15507047,KSQ
259,290550,KR7290550003,디케이티,KOSDAQ,우량기업부,15510,2,-290,-1.84,15700,16290,15220,290341,4521837015,310219077300,20001230,KSQ
260,093520,KR7093520005,매커스,KOSDAQ,우량기업부,25850,2,-100,-0.39,25750,26050,25550,3780,97411525,307662486450,11901837,KSQ
261,448900,KR7448900001,한국피아이엠,KOSDAQ,기술성장기업부,50600,2,-600,-1.17,51200,51500,49700,22568,1131869900,307367524200,6074457,KSQ
262,092460,KR7092460005,한라IMS,KOSDAQ,우량기업부,17860,2,-60,-0.33,18090,18160,17720,3093,55353280,305578884800,17109680,KSQ
263,110990,KR7110990009,디아이티,KOSDAQ,우량기업부,16130,2,-340,-2.06,16600,16650,15970,28559,463338465,304857000000,18900000,KSQ
264,234340,KR7234340008,헥토파이낸셜,KOSDAQ,우량기업부,21750,2,-650,-2.9,21750,22450,21450,363743,7947415425,303861768000,13970656,KSQ
265,025770,KR7025770009,한국정보통신,KOSDAQ,우량기업부,8010,2,-20,-0.25,8030,8080,7930,6717,53811620,299928610710,37444271,KSQ
266,482630,KR7482630001,삼양엔씨켐,KOSDAQ,중견기업부,13540,2,-160,-1.17,13700,13970,13080,61842,829237500,296367311200,21888280,KSQ
267,117730,KR7117730002,티로보틱스,KOSDAQ,벤처기업부,13110,2,-90,-0.68,13300,13440,12920,20336,265702160,295735943730,22558043,KSQ
268,138080,KR7138080007,오이솔루션,KOSDAQ,벤처기업부,23850,1,600,2.58,23600,24350,22500,286228,6664910550,295209528300,12377758,KSQ
269,054950,KR7054950001,제이브이엠,KOSDAQ,우량기업부,24400,1,50,0.21,24350,24475,24200,2106,51357650,294993364800,12089892,KSQ
270,228760,KR7228760005,지노믹트리,KOSDAQ,기술성장기업부,11850,3,0,0.0,12000,12190,11760,26261,313152000,294581543700,24859202,KSQ
271,243070,KR7243070000,휴온스,KOSDAQ,우량기업부,24550,2,-300,-1.21,24500,25050,24400,2880,70849200,294100775750,11979665,KSQ
272,348340,KR7348340001,뉴로메카,KOSDAQ,기술성장기업부,18830,2,-250,-1.31,18710,18830,18110,316985,5827201875,293853749280,15605616,KSQ
273,287840,KR7287840003,인투셀,KOSDAQ,기술성장기업부,19440,1,310,1.62,19740,20550,18600,27614,548623870,292026902400,15021960,KSQ
274,200470,KR7200470003,에이팩트,KOSDAQ,중견기업부,6890,1,690,11.13,6200,6940,6130,1165364,7758145210,291874820770,42362093,KSQ
275,084110,KR7084110006,휴온스글로벌,KOSDAQ,우량기업부,23050,1,200,0.88,23100,23600,22800,7795,179396650,291808666600,12659812,KSQ
276,472850,KR7472850007,폰드그룹,KOSDAQ,중견기업부,5060,2,-20,-0.39,5050,5250,5040,19918,102344950,291312559120,57571652,KSQ
277,051500,KR7051500007,CJ프레시웨이,KOSDAQ,우량기업부,24400,2,-100,-0.41,24500,24500,24100,1848,44853650,289666698400,11871586,KSQ
278,035810,KR7035810001,이지홀딩스,KOSDAQ,우량기업부,4480,2,-5,-0.11,4500,4530,4445,84238,377530252,289032508800,64516185,KSQ
279,377450,KR7377450002,리파인,KOSDAQ,우량기업부,16660,2,-80,-0.48,16700,16760,16640,46009,768102795,288717800000,17330000,KSQ
280,265520,KR7265520007,AP시스템,KOSDAQ,우량기업부,19180,2,-290,-1.49,19500,19540,18980,25868,497209460,288674746780,15050821,KSQ
281,017890,KR7017890005,한국알콜,KOSDAQ,우량기업부,13890,1,50,0.36,13900,14100,13720,11860,165091235,287154998340,20673506,KSQ
282,439090,KR7439090002,마녀공장,KOSDAQ,우량기업부,17490,2,-290,-1.63,17680,17680,17350,61907,1084675920,286718117400,16393260,KSQ
283,441270,KR7441270006,파인엠텍,KOSDAQ,벤처기업부,6760,2,-160,-2.31,6930,6930,6720,114076,772472150,285305340320,42204932,KSQ
284,376270,KR7376270005,HEM파마,KOSDAQ,기술성장기업부,39400,2,-1750,-4.25,41150,41450,39300,8356,331518800,284434391800,7219147,KSQ
285,393890,KR7393890009,더블유씨피,KOSDAQ,기술성장기업부,8400,2,-300,-3.45,8730,8970,8240,132696,1115388620,284282409600,33843144,KSQ
286,036890,KR7036890002,진성티이씨,KOSDAQ,우량기업부,12880,1,310,2.47,12900,13090,12730,51090,657711605,283780184240,22032623,KSQ
287,049070,KR7049070006,인탑스,KOSDAQ,우량기업부,18020,2,-100,-0.55,18140,18190,17840,15070,271131940,283676246000,15742300,KSQ
288,200670,KR7200670008,휴메딕스,KOSDAQ,우량기업부,25250,1,100,0.4,25250,25600,25150,8457,214412850,283555732500,11229930,KSQ
289,136480,KR7136480001,하림,KOSDAQ,우량기업부,2665,2,-5,-0.19,2670,2680,2660,95117,253941562,283048855830,106209702,KSQ
290,043150,KR7043150002,바텍,KOSDAQ,우량기업부,19040,2,-350,-1.81,19390,19550,19030,23856,458470630,282825034240,14854256,KSQ
291,036200,KR7036200004,유니셈,KOSDAQ,우량기업부,9140,2,-200,-2.14,9350,9660,9030,158809,1481349455,280270998220,30664223,KSQ
292,099440,KR7099440000,스맥,KOSDAQ,중견기업부,4095,1,45,1.11,4055,4150,4010,198523,813652036,279456698430,68243394,KSQ
293,035600,KR7035600006,KG이니시스,KOSDAQ,우량기업부,10120,2,-30,-0.3,10180,10200,10120,12114,122840490,278850872080,27554434,KSQ
294,448280,KR7448280008,에코아이,KOSDAQ,중견기업부,9340,1,190,2.08,9150,9450,9110,6631,61868660,276754744860,29631129,KSQ
295,417840,KR7417840006,저스템,KOSDAQ,벤처기업부,12100,1,10,0.08,12000,12330,11770,144479,1733182680,276719510100,22869381,KSQ
296,159010,KR7159010008,아스플로,KOSDAQ,벤처기업부,20650,2,-450,-2.13,21500,21500,20300,58173,1205920275,275362360350,13334739,KSQ
297,042520,KR7042520007,한스바이오메드,KOSDAQ,벤처기업부,19290,1,320,1.69,19050,19910,18770,111335,2162756150,275101769430,14261367,KSQ
298,200130,KR7200130003,콜마비앤에이치,KOSDAQ GLOBAL,우량기업부,9350,2,-50,-0.53,9320,9450,9250,28851,270023500,275035467300,29415558,KSQ
299,424870,KR7424870004,이뮨온시아,KOSDAQ,기술성장기업부,3000,1,35,1.18,3005,3050,2960,76226,230038019,274012527000,91337509,KSQ
300,091700,KR7091700005,파트론,KOSDAQ,우량기업부,5480,2,-90,-1.62,5570,5570,5430,57249,313167500,274000000000,50000000,KSQ
301,098070,KR7098070006,한텍,KOSDAQ,중견기업부,24600,1,100,0.41,24950,25800,24400,56190,1406990600,273580068600,11121141,KSQ
302,488900,KR7488900002,비츠로넥스텍,KOSDAQ,기술성장기업부,9400,2,-160,-1.67,9660,9940,9350,23585,224174080,272378564200,28976443,KSQ
303,340570,KR7340570001,티앤엘,KOSDAQ,우량기업부,33300,1,700,2.15,32500,34200,32100,79395,2649039000,270662400000,8128000,KSQ
304,389650,KR7389650003,넥스트바이오메디컬,KOSDAQ,기술성장기업부,32650,2,-300,-0.91,32750,33700,32000,9778,320487850,270253387900,8277286,KSQ
305,309710,KR7309710002,아이티켐,KOSDAQ,관리종목(소속부없음),21000,0,0,0.0,0,0,0,0,0,268443021000,12783001,KSQ
306,151860,KR7151860004,KG에코솔루션,KOSDAQ,우량기업부,5610,1,40,0.72,5570,5720,5520,37674,211716440,267052841220,47603002,KSQ
307,182400,KR7182400002,엔케이젠바이오텍코리아,KOSDAQ,관리종목(소속부없음),3670,0,0,0.0,0,0,0,0,0,265496721770,72342431,KSQ
308,160980,KR7160980009,싸이맥스,KOSDAQ,우량기업부,24300,2,-800,-3.19,25150,25150,23550,88053,2119089050,265459104900,10924243,KSQ
309,123330,KR7123330003,제닉,KOSDAQ,우량기업부,33300,1,1100,3.42,31900,35200,31600,405148,13727531050,265357044000,7968680,KSQ
310,267980,KR7267980001,매일유업,KOSDAQ,우량기업부,34400,2,-400,-1.15,34400,34750,34400,713,24600200,263629147200,7663638,KSQ
311,018000,KR7018000000,유니슨,KOSDAQ,중견기업부,1011,1,31,3.16,980,1031,970,2317064,2345419481,262352765124,259498284,KSQ
312,294570,KR7294570007,쿠콘,KOSDAQ,우량기업부,25600,2,-1300,-4.83,25800,25900,25300,54335,1392416250,258348339200,10091732,KSQ
313,091580,KR7091580001,상신이디피,KOSDAQ,우량기업부,19380,1,590,3.14,18780,19540,18020,189594,3604447995,258300884220,13328219,KSQ
314,484590,KR7484590005,삼양컴텍,KOSDAQ,벤처기업부,6260,2,-150,-2.34,6410,6470,6210,35418,222581090,257977417000,41210450,KSQ
315,461300,KR7461300006,아이스크림미디어,KOSDAQ,벤처기업부,19250,1,240,1.26,19010,19400,18860,31399,601717870,256678210250,13333933,KSQ
316,121800,KR7121800007,비덴트,KOSDAQ,관리종목(소속부없음),3320,0,0,0.0,0,0,0,0,0,256309348520,77201611,KSQ
317,377460,KR7377460001,큐에이드,KOSDAQ,관리종목(소속부없음),4080,0,0,0.0,0,0,0,0,0,253187202960,62055687,KSQ
318,023410,KR7023410004,유진기업,KOSDAQ,중견기업부,3265,3,0,0.0,3285,3290,3240,75420,245758270,252419967695,77310863,KSQ
319,481070,KR7481070001,에이유브랜즈,KOSDAQ,중견기업부,17470,1,350,2.04,17120,18100,17120,4925,85652745,250349467500,14330250,KSQ
320,389500,KR7389500000,에스비비테크,KOSDAQ,기술성장기업부,37550,2,-1000,-2.59,38650,38650,36500,55834,2066176725,250213373600,6663472,KSQ
321,060720,KR7060720000,KH바텍,KOSDAQ,중견기업부,10440,1,20,0.19,10420,10590,10180,40427,418928210,247192494480,23677442,KSQ
322,365270,KR7365270008,큐라클,KOSDAQ,기술성장기업부,11100,1,140,1.28,10970,11170,10500,35725,391068440,245942611200,22156992,KSQ
323,394280,KR7394280002,오픈엣지테크놀로지,KOSDAQ,기술성장기업부,9240,3,0,0.0,9320,9660,9070,65292,607461650,243441937200,26346530,KSQ
324,180400,KR7180400004,DXVX,KOSDAQ,관리종목(소속부없음),2470,2,-40,-1.59,2550,2550,2465,13934,34873390,243120697040,98429432,KSQ
325,389260,KR7389260001,대명에너지,KOSDAQ,우량기업부,13560,1,180,1.35,13330,13680,13180,62411,837793035,242945367000,17916325,KSQ
326,100120,KR7100120005,뷰웍스,KOSDAQ,우량기업부,27000,3,0,0.0,27200,27200,26500,3979,106540950,242228097000,8971411,KSQ
327,108860,KR7108860008,셀바스AI,KOSDAQ,벤처기업부,8970,2,-210,-2.29,9110,9140,8850,126918,1138652385,241425666300,26914790,KSQ
328,011560,KR7011560000,세보엠이씨,KOSDAQ,우량기업부,23900,1,1150,5.05,22750,24650,22150,69247,1632566500,241028440800,10084872,KSQ
329,047920,KR7047920004,HLB제약,KOSDAQ,기술성장기업부,7330,2,-300,-3.93,7610,7610,7300,56109,414480990,240419279480,32799356,KSQ
330,064820,KR7064820004,케이프,KOSDAQ,우량기업부,7720,1,20,0.26,7800,7920,7640,22752,175938190,238240859800,30860215,KSQ
331,094480,KR7094480001,갤럭시아머니트리,KOSDAQ,우량기업부,6070,2,-200,-3.19,6160,6200,5960,449375,2723278030,238125116660,39229838,KSQ
332,089980,KR7089980007,상아프론테크,KOSDAQ,우량기업부,14890,2,-130,-0.87,15020,15250,14700,5687,84760480,238076760930,15989037,KSQ
333,304360,KR7304360001,에스바이오메딕스,KOSDAQ,벤처기업부,19120,2,-50,-0.26,19160,19620,18990,4550,87642380,236803647360,12385128,KSQ
334,456010,KR7456010008,아이씨티케이,KOSDAQ,기술성장기업부,16300,2,-390,-2.34,16690,16730,16120,52987,865947055,236388305000,14502350,KSQ
335,114190,KR7114190002,강원에너지,KOSDAQ,중견기업부,9040,2,-230,-2.48,9090,9140,8930,78703,710191330,236152263520,26123038,KSQ
336,053030,KR7053030003,바이넥스,KOSDAQ,중견기업부,7220,1,170,2.41,7150,7300,7090,63436,456896155,235979837360,32684188,KSQ
337,237880,KR7237880000,클리오,KOSDAQ,우량기업부,12950,2,-370,-2.78,13200,13290,12760,66190,863444310,234024021350,18071353,KSQ
338,043370,KR7043370006,피에이치에이,KOSDAQ,우량기업부,11060,2,-190,-1.69,11290,11330,10940,6546,72202080,232260000000,21000000,KSQ
339,068930,KR7068930007,디지털대성,KOSDAQ,우량기업부,8350,1,30,0.36,8290,8390,8290,12231,102078700,231089105700,27675342,KSQ
340,036030,KR7036030005,케이티알파,KOSDAQ,우량기업부,4705,1,10,0.21,4695,4745,4655,6442,30264170,230635058405,49019141,KSQ
341,445090,KR7445090004,에이직랜드,KOSDAQ,벤처기업부,21100,2,-300,-1.4,21050,21600,20550,10075,212106925,230531383800,10925658,KSQ
342,085910,KR7085910008,네오티스,KOSDAQ,중견기업부,16680,1,40,0.24,16640,17000,16310,49379,819679535,230097564240,13794818,KSQ
343,493280,KR7493280002,아이엠바이오로직스,KOSDAQ,기술성장기업부,15400,1,100,0.65,15380,16060,15160,51107,796374420,228482854600,14836549,KSQ
344,298830,KR7298830001,슈어소프트테크,KOSDAQ,우량기업부,4270,2,-25,-0.58,4260,4335,4195,47731,202876330,228267790730,53458499,KSQ
345,024840,KR7024840001,KBI메탈,KOSDAQ,중견기업부,5260,2,-40,-0.75,5240,5320,5130,709048,3689095945,227021010880,43159888,KSQ
346,061090,KR7061090007,세나테크놀로지,KOSDAQ,벤처기업부,41450,2,-250,-0.6,42000,42050,40300,9042,370730700,226629947500,5467550,KSQ
347,071200,KR7071200000,인피니트헬스케어,KOSDAQ,중견기업부,9280,2,-300,-3.13,9840,9840,9000,21228,199914875,226399130240,24396458,KSQ
348,950170,KR8392080006,JTC,KOSDAQ,외국기업(소속부없음),4365,1,10,0.23,4355,4430,4305,4583,20006495,225872809020,51746348,KSQ
349,073490,KR7073490005,LIG아큐버,KOSDAQ,우량기업부,29600,2,-400,-1.33,29800,30400,29250,12185,360123900,225073841600,7603846,KSQ
350,065710,KR7065710006,서호전기,KOSDAQ,우량기업부,43700,1,250,0.58,44250,44250,43600,1001,43797600,225055000000,5150000,KSQ
351,206640,KR7206640005,바디텍메드,KOSDAQ,우량기업부,10260,2,-10,-0.1,10320,10450,10210,15646,161594650,224775269460,21907921,KSQ
352,254490,KR7254490006,미래반도체,KOSDAQ,우량기업부,15550,2,-170,-1.08,15680,16030,15250,21699,338647185,224510900000,14438000,KSQ
353,215000,KR7215000001,골프존,KOSDAQ,우량기업부,35400,2,-200,-0.56,35850,35900,35300,7819,277775875,222149691000,6275415,KSQ
354,307180,KR7307180000,아이엘,KOSDAQ,벤처기업부,6010,1,30,0.5,6130,6130,5720,242749,1430266575,221863212760,36915676,KSQ
355,378340,KR7378340004,필에너지,KOSDAQ,중견기업부,10250,2,-180,-1.73,10330,10460,10150,10343,106532280,221849790500,21643882,KSQ
356,484810,KR7484810007,티엑스알로보틱스,KOSDAQ,벤처기업부,14330,2,-950,-6.22,14970,14970,14010,451154,6494451975,221411611950,15450915,KSQ
357,217730,KR7217730001,강스템바이오텍,KOSDAQ,기술성장기업부,2345,1,10,0.43,2335,2400,2260,86384,201650482,220556979405,94054149,KSQ
358,094360,KR7094360005,칩스앤미디어,KOSDAQ,벤처기업부,10320,2,-110,-1.05,10560,10580,10200,16999,175919905,220386427680,21355274,KSQ
359,042370,KR7042370007,비츠로테크,KOSDAQ,우량기업부,8400,2,-50,-0.59,8440,8520,8310,69817,588018795,220080210000,26200025,KSQ
360,452430,KR7452430002,사피엔반도체,KOSDAQ,기술성장기업부,26600,2,-50,-0.19,26400,27200,26050,7982,212946500,219594198600,8255421,KSQ
361,0011T0,KR70011T0008,채비,KOSDAQ,기술성장기업부,4675,1,25,0.54,4710,4735,4570,40959,190403165,219489337925,46949591,KSQ
362,064550,KR7064550007,바이오니아,KOSDAQ,중견기업부,8490,1,170,2.04,8450,8600,8250,181866,1533657370,219129370590,25810291,KSQ
363,241520,KR7241520006,DSC인베스트먼트,KOSDAQ,중견기업부,8230,2,-200,-2.37,8430,8480,8070,76468,627911340,218918000000,26600000,KSQ
364,290690,KR7290690007,아리바이오홀딩스,KOSDAQ,중견기업부,4130,2,-135,-3.17,4260,4290,4110,167042,698384350,218722433510,52959427,KSQ
365,014940,KR7014940001,오리엔탈정공,KOSDAQ,우량기업부,4795,1,15,0.31,4780,4890,4760,56234,270456920,218525704495,45573661,KSQ
366,0001A0,KR70001A0001,덕양에너젠,KOSDAQ,중견기업부,8560,1,30,0.35,8450,8580,8380,13067,111092640,218014314720,25468962,KSQ
367,475400,KR7475400008,씨메스로보틱스,KOSDAQ,기술성장기업부,18460,2,-110,-0.59,18760,18970,18110,10290,190670900,217955263240,11806894,KSQ
368,005710,KR7005710009,대원산업,KOSDAQ,우량기업부,10860,2,-330,-2.95,11150,11150,10800,4865,52934730,217608336000,20037600,KSQ
369,036710,KR7036710002,심텍홀딩스,KOSDAQ,중견기업부,4110,2,-150,-3.52,4300,4365,4080,99182,419201640,217122068940,52827754,KSQ
370,0008Z0,KR70008Z0005,에스엔시스,KOSDAQ,벤처기업부,23000,2,-200,-0.86,23050,23500,22800,3773,86882800,217040972000,9436564,KSQ
371,314930,KR7314930009,바이오다인,KOSDAQ,기술성장기업부,7280,2,-110,-1.49,7380,7440,7280,6329,46571320,216682669840,29764103,KSQ
372,086390,KR7086390002,유니테스트,KOSDAQ,중견기업부,10250,2,-100,-0.97,10380,10770,10110,51731,533284985,216624791500,21134126,KSQ
373,019010,KR7019010008,베뉴지,KOSDAQ,중견기업부,4485,2,-15,-0.33,4475,4520,4340,145159,641896722,216177000000,48200000,KSQ
374,144510,KR7144510005,지씨셀,KOSDAQ,중견기업부,13630,2,-250,-1.8,13910,14070,13520,16714,228873030,215358688720,15800344,KSQ
375,045390,KR7045390002,대아티아이,KOSDAQ,우량기업부,3055,2,-35,-1.13,3090,3105,3040,440178,1349907529,215296166735,70473377,KSQ
376,095500,KR7095500005,미래나노텍,KOSDAQ,우량기업부,6920,2,-50,-0.72,6970,6980,6850,28987,200126610,214589193080,31009999,KSQ
377,067390,KR7067390005,아스트,KOSDAQ,중견기업부,506,0,0,0.0,0,0,0,0,0,213105734974,421157579,KSQ
378,353810,KR7353810005,이지바이오,KOSDAQ,우량기업부,6410,2,-20,-0.31,6440,6440,6300,25688,163282910,212055107200,33081920,KSQ
379,314130,KR7314130006,지놈앤컴퍼니,KOSDAQ,기술성장기업부,4050,2,-25,-0.61,4075,4130,3990,193091,781435120,211812671250,52299425,KSQ
380,099430,KR7099430001,바이오플러스,KOSDAQ,우량기업부,3435,2,-20,-0.58,3470,3495,3425,36929,127540760,211735880070,61640722,KSQ
381,317330,KR7317330009,덕산테코피아,KOSDAQ,중견기업부,10330,2,-260,-2.46,10600,10630,10270,13119,136168470,211523112720,20476584,KSQ
382,023760,KR7023760002,한국캐피탈,KOSDAQ,우량기업부,670,0,0,0.0,0,0,0,0,0,211458415920,315609576,KSQ
383,203650,KR7203650007,드림시큐리티,KOSDAQ,중견기업부,2065,3,0,0.0,2075,2075,2020,141351,288552801,210019759460,101704484,KSQ
384,194700,KR7194700001,노바렉스,KOSDAQ,우량기업부,11410,2,-160,-1.38,11510,11710,11310,43065,495174135,208287815680,18254848,KSQ
385,446540,KR7446540007,메가터치,KOSDAQ,중견기업부,7150,2,-90,-1.24,7240,7310,6950,98328,697484125,207915643650,29079111,KSQ
386,036190,KR7036190007,금화피에스시,KOSDAQ,우량기업부,34600,1,150,0.44,34500,37900,34100,103579,3739592900,207600000000,6000000,KSQ
387,052330,KR7052330008,코텍,KOSDAQ,우량기업부,11660,2,-130,-1.1,11790,11850,11620,3359,39301320,207100127740,17761589,KSQ
388,380540,KR7380540005,옵티코어,KOSDAQ,관리종목(소속부없음),8450,0,0,0.0,0,0,0,0,0,206658126350,24456583,KSQ
389,065680,KR7065680001,우주일렉트로,KOSDAQ,우량기업부,22300,2,-400,-1.76,22800,22800,21900,3354,74223900,206062503300,9240471,KSQ
390,416180,KR7416180008,신성에스티,KOSDAQ,벤처기업부,22700,2,-300,-1.3,23150,23400,22400,5210,118239150,205202960600,9039778,KSQ
391,112290,KR7112290002,와이씨켐,KOSDAQ,기술성장기업부,10110,2,-180,-1.75,10290,10320,9870,20917,210361675,204435219900,20221090,KSQ
392,462350,KR7462350000,이노스페이스,KOSDAQ,기술성장기업부,6000,2,-20,-0.33,6000,6080,5850,96869,576010285,203289432000,33881572,KSQ
393,419530,KR7419530001,SAMG엔터,KOSDAQ,기술성장기업부,19860,2,-340,-1.68,20300,20350,19800,39131,781100720,202717712820,10207337,KSQ
394,187660,KR7187660006,페니트리움바이오,KOSDAQ,중견기업부,3640,1,150,4.3,3225,3760,3195,1578825,5492293765,201897160920,55466253,KSQ
395,018310,KR7018310003,삼목에스폼,KOSDAQ,우량기업부,13730,1,120,0.88,13610,13820,13560,4868,66687740,201831000000,14700000,KSQ
396,102940,KR7102940004,코오롱생명과학,KOSDAQ,중견기업부,15350,1,20,0.13,15460,15600,15000,57737,878420900,200940756050,13090603,KSQ
397,053300,KR7053300000,한국정보인증,KOSDAQ,우량기업부,4945,2,-105,-2.08,5030,5060,4910,51534,255519582,200722969720,40591096,KSQ
398,084850,KR7084850007,아이티엠반도체,KOSDAQ,중견기업부,8830,1,40,0.46,8690,8830,8530,12791,111150570,200290307220,22682934,KSQ
399,318060,KR7318060001,그래피,KOSDAQ,기술성장기업부,17890,2,-310,-1.7,18190,18560,17660,38454,690476380,200138596530,11187177,KSQ
400,462860,KR7462860008,더즌,KOSDAQ,벤처기업부,2780,2,-140,-4.79,2855,2870,2710,1361334,3793541905,199483133940,71756523,KSQ
401,272110,KR7272110008,케이엔제이,KOSDAQ,우량기업부,24850,2,-850,-3.31,25700,25700,24700,25546,639118900,199431065750,8025395,KSQ
402,450950,KR7450950001,아스테라시스,KOSDAQ,벤처기업부,5300,2,-50,-0.93,5460,5460,5230,5831,30966900,199426237600,37627592,KSQ
403,013120,KR7013120001,동원개발,KOSDAQ,우량기업부,2195,2,-15,-0.68,2190,2240,2170,37720,82941125,199323779500,90808100,KSQ
404,459510,KR7459510004,나우로보틱스,KOSDAQ,기술성장기업부,15270,2,-130,-0.84,15490,15520,14950,14476,218887860,198179893140,12978382,KSQ
405,304100,KR7304100001,솔트룩스,KOSDAQ,기술성장기업부,15730,2,-380,-2.36,16080,16120,15550,73668,1161705765,198101339150,12593855,KSQ
406,067080,KR7067080002,대화제약,KOSDAQ,중견기업부,10590,1,20,0.19,10570,10710,10480,25490,269936340,197150323500,18616650,KSQ
407,452280,KR7452280001,한선엔지니어링,KOSDAQ,우량기업부,10230,2,-200,-1.92,10510,10550,10100,113565,1162054990,196903664100,19247670,KSQ
408,036560,KR7036560001,KZ정밀,KOSDAQ,우량기업부,12465,2,-35,-0.28,12750,12750,12430,6611,82384365,196323750000,15750000,KSQ
409,0082N0,KR70082N0008,카나프테라퓨틱스,KOSDAQ,기술성장기업부,14730,2,-110,-0.74,14680,15330,14320,20023,297680590,195917543400,13300580,KSQ
410,425040,KR7425040003,티이엠씨,KOSDAQ,우량기업부,8910,2,-150,-1.66,9100,9100,8710,62700,555166120,195333021180,21922898,KSQ
411,012210,KR7012210001,삼미금속,KOSDAQ,중견기업부,8460,1,570,7.22,8100,9050,7950,832419,7198605665,195016358340,23051579,KSQ
412,484120,KR7484120001,도우인시스,KOSDAQ,중견기업부,17790,2,-330,-1.82,18120,18120,17500,6713,118396855,194932537380,10957422,KSQ
413,354320,KR7354320004,알멕,KOSDAQ,기술성장기업부,30300,2,-500,-1.62,31150,32450,30100,25468,790950850,193658844300,6391381,KSQ
414,064850,KR7064850001,에프앤가이드,KOSDAQ,벤처기업부,16970,1,10,0.06,17120,17350,16200,4624,78446080,193633334040,11410332,KSQ
415,119830,KR7119830008,아이텍,KOSDAQ,중견기업부,7290,1,190,2.68,7050,7330,7010,57623,412941040,193465927440,26538536,KSQ
416,243840,KR7243840006,신흥에스이씨,KOSDAQ,우량기업부,5010,2,-60,-1.18,5040,5070,4965,45083,225424110,193176757350,38558235,KSQ
417,190510,KR7190510008,나무가,KOSDAQ,우량기업부,13710,1,90,0.66,13760,13850,13640,11562,158466080,193109696070,14085317,KSQ
418,270660,KR7270660004,에브리봇,KOSDAQ,벤처기업부,15210,1,1000,7.04,15700,15810,14510,201963,3087738475,193023767430,12690583,KSQ
419,034810,KR7034810002,해성산업,KOSDAQ,중견기업부,6110,2,-10,-0.16,6120,6140,6010,10849,66051550,192954728720,31580152,KSQ
420,058970,KR7058970005,엠로,KOSDAQ,기술성장기업부,15570,2,-210,-1.33,16150,16150,15410,11067,172300390,192488702580,12362794,KSQ
421,046970,KR7046970000,우리로,KOSDAQ,벤처기업부,4390,1,50,1.15,4400,4490,4300,161549,711214132,192391745610,43824999,KSQ
422,042420,KR7042420000,네오위즈홀딩스,KOSDAQ,우량기업부,23600,2,-50,-0.21,23350,23650,23300,3636,85500650,192157878800,8142283,KSQ
423,125020,KR7125020008,티씨머티리얼즈,KOSDAQ,중견기업부,5470,2,-120,-2.15,5530,5600,5440,199480,1097914120,191660868500,35038550,KSQ
424,220100,KR7220100002,퓨쳐켐,KOSDAQ,기술성장기업부,8490,2,-70,-0.82,8800,9000,8430,25597,223262955,190408795800,22427420,KSQ
425,388050,KR7388050007,지투파워,KOSDAQ,우량기업부,10130,1,340,3.47,10060,10780,9820,4176585,43069805800,189526596810,18709437,KSQ
426,066620,KR7066620006,국보디자인,KOSDAQ,우량기업부,25250,1,300,1.2,25000,25500,25000,3366,85253100,189375000000,7500000,KSQ
427,039830,KR7039830005,오로라,KOSDAQ,우량기업부,17550,2,-60,-0.34,17460,17860,17220,21547,378798500,188888719500,10762890,KSQ
428,214180,KR7214180002,헥토이노베이션,KOSDAQ,우량기업부,14480,2,-310,-2.1,14790,14790,14350,26995,391619570,188143954160,12993367,KSQ
429,204610,KR7204610000,티쓰리,KOSDAQ,벤처기업부,3380,1,50,1.5,3260,3425,3260,92650,311334085,187796923600,55561220,KSQ
430,052710,KR7052710001,아모텍,KOSDAQ,중견기업부,11040,2,-420,-3.66,11450,11500,10630,168653,1851995800,187487307840,16982546,KSQ
431,016790,KR7016790008,현대사료,KOSDAQ,관리종목(소속부없음),994,0,0,0.0,0,0,0,0,0,187340898626,188471729,KSQ
432,143240,KR7143240000,사람인,KOSDAQ,우량기업부,17420,1,50,0.29,17320,17500,17050,2821,48906010,186964174020,10732731,KSQ
433,192440,KR7192440006,슈피겐코리아,KOSDAQ,우량기업부,29800,2,-500,-1.65,30050,30500,29600,2846,84882350,185247617400,6216363,KSQ
434,049430,KR7049430002,코메론,KOSDAQ,우량기업부,20450,2,-500,-2.39,20850,20950,20300,8110,166442650,185031600000,9048000,KSQ
435,138610,KR7138610001,나이벡,KOSDAQ,기술성장기업부,16250,1,750,4.84,16800,17270,16170,109063,1821632065,184726636250,11367793,KSQ
436,194480,KR7194480000,데브시스터즈,KOSDAQ,중견기업부,15160,2,-420,-2.7,15310,15650,15040,41103,627123320,183877914000,12129150,KSQ
437,086820,KR7086820008,바이오솔루션,KOSDAQ,기술성장기업부,7080,2,-220,-3.01,7300,7470,7050,30531,218592630,183542521800,25924085,KSQ
438,216080,KR7216080002,제테마,KOSDAQ,벤처기업부,4920,2,-130,-2.57,5050,5075,4860,65880,325431939,183452527080,37287099,KSQ
439,094820,KR7094820008,일진파워,KOSDAQ,우량기업부,12130,1,230,1.93,12010,12710,11830,236673,2909148965,182904740170,15078709,KSQ
440,115450,KR7115450009,HLB테라퓨틱스,KOSDAQ,중견기업부,2045,1,45,2.25,2010,2080,1986,97709,196846635,181146322905,88580109,KSQ
441,357550,KR7357550003,석경에이티,KOSDAQ,기술성장기업부,33200,2,-500,-1.48,33450,33600,33050,981,32567350,181106000000,5455000,KSQ
442,078150,KR7078150000,HB테크놀러지,KOSDAQ,우량기업부,1892,2,-29,-1.51,1921,1926,1870,310220,586084942,179592041816,94921798,KSQ
443,464080,KR7464080001,에스오에스랩,KOSDAQ,기술성장기업부,9925,2,-405,-3.92,10330,10610,9690,82633,828123895,178784672325,18013569,KSQ
444,264850,KR7264850009,이랜시스,KOSDAQ,중견기업부,5880,2,-70,-1.18,5960,6000,5730,153473,895920550,178132318560,30294612,KSQ
445,108380,KR7108380007,대양전기공업,KOSDAQ,우량기업부,18590,1,130,0.7,18500,18600,18040,20038,367971750,177856720470,9567333,KSQ
446,355150,KR7355150004,코스텍시스,KOSDAQ,벤처기업부,22800,1,2800,14.0,20250,22900,20250,178571,3902464050,177779580000,7797350,KSQ
447,402030,KR7402030001,코난테크놀로지,KOSDAQ,기술성장기업부,14180,2,-440,-3.01,14640,14710,13950,33741,480469640,177497979840,12517488,KSQ
448,126600,KR7126600006,BGF에코머티리얼즈,KOSDAQ,우량기업부,2810,2,-20,-0.71,2850,2895,2795,10645,30180769,176374986190,62766899,KSQ
449,082800,KR7082800004,비보존 제약,KOSDAQ,중견기업부,2890,1,25,0.87,2905,3050,2865,109231,318095247,175479834740,60719666,KSQ
450,230240,KR7230240004,에치에프알,KOSDAQ,중견기업부,13100,2,-150,-1.13,13490,13900,12810,129325,1706679440,174347900000,13309000,KSQ
451,176750,KR7176750008,듀켐바이오,KOSDAQ,기술성장기업부,6100,2,-90,-1.45,6220,6260,6050,8824,54082600,173781192000,28488720,KSQ
452,080160,KR7080160005,모두투어,KOSDAQ,우량기업부,9150,2,-10,-0.11,9160,9200,9100,19491,178475100,172935000000,18900000,KSQ
453,143160,KR7143160000,아이디스,KOSDAQ,우량기업부,16110,2,-30,-0.19,16020,16240,16010,827,13307380,172641042900,10716390,KSQ
454,054210,KR7054210000,이랜텍,KOSDAQ,우량기업부,6800,2,-50,-0.73,6920,6920,6700,20223,136963530,171980228000,25291210,KSQ
455,260970,KR7260970009,에스앤디,KOSDAQ,우량기업부,59300,1,2500,4.4,56800,60600,56400,29990,1765568850,171540312200,2892754,KSQ
456,092130,KR7092130004,이크레더블,KOSDAQ,중견기업부,14240,3,0,0.0,14190,14260,14180,1507,21419410,171500864000,12043600,KSQ
457,222040,KR7222040008,코스맥스엔비티,KOSDAQ,중견기업부,8280,2,-140,-1.66,8480,8480,8030,87697,718444835,170799840000,20628000,KSQ
458,394800,KR7394800007,쓰리빌리언,KOSDAQ,기술성장기업부,5350,2,-60,-1.11,5410,5530,5320,30044,162694560,170250658550,31822553,KSQ
459,086670,KR7086670007,비엠티,KOSDAQ,우량기업부,17130,1,1370,8.69,15960,17240,15770,101701,1711595670,170030410050,9925885,KSQ
460,126700,KR7126700004,하이비젼시스템,KOSDAQ,우량기업부,11360,2,-400,-3.4,11760,11770,11300,24952,285118370,169742392320,14942112,KSQ
461,134580,KR7134580000,탑코미디어,KOSDAQ,중견기업부,3440,0,0,0.0,0,0,0,0,0,169571872560,49294149,KSQ
462,308430,KR7308430008,셀비온,KOSDAQ,기술성장기업부,13110,2,-100,-0.76,13350,13370,12910,3209,42291880,169187840610,12905251,KSQ
463,012860,KR7012860003,모베이스전자,KOSDAQ,우량기업부,2305,2,-45,-1.91,2395,2395,2265,154060,355569521,168803118385,73233457,KSQ
464,068790,KR7068790005,DMS,KOSDAQ,우량기업부,7470,2,-150,-1.97,7650,7650,7440,24324,183366070,168599573280,22570224,KSQ
465,049630,KR7049630007,재영솔루텍,KOSDAQ,우량기업부,7200,1,70,0.98,7170,7830,7060,654980,4885369700,168229000800,23365139,KSQ
466,083310,KR7083310003,엘오티베큠,KOSDAQ,우량기업부,9440,2,-80,-0.84,9380,10000,9370,40272,387417290,168126711520,17810033,KSQ
467,199430,KR7199430000,케이엔알시스템,KOSDAQ,기술성장기업부,14990,1,570,3.95,15500,15600,14600,146698,2186639695,167843674570,11197043,KSQ
468,038390,KR7038390001,레드캡투어,KOSDAQ,우량기업부,10030,2,-40,-0.4,10070,10110,9980,2903,29089700,167709844660,16720822,KSQ
469,403850,KR7403850001,더핑크퐁컴퍼니,KOSDAQ,중견기업부,11650,2,-250,-2.1,11820,12090,11620,23087,271899900,167189266500,14351010,KSQ
470,245620,KR7245620000,EDGC,KOSDAQ,관리종목(소속부없음),741,0,0,0.0,0,0,0,0,0,167118555474,225531114,KSQ
471,256840,KR7256840000,한국비엔씨,KOSDAQ,우량기업부,2440,1,30,1.24,2460,2480,2400,69392,169103115,166883521840,68394886,KSQ
472,083930,KR7083930008,아바코,KOSDAQ,우량기업부,11360,2,-340,-2.91,11700,11700,11330,22759,259590610,166733548640,14677249,KSQ
473,179290,KR7179290002,엠아이텍,KOSDAQ,우량기업부,5130,2,-30,-0.58,5190,5190,5050,10104,51464095,166035928140,32365678,KSQ
474,293780,KR7293780003,압타바이오,KOSDAQ,기술성장기업부,5910,1,10,0.17,5900,6030,5810,14292,84466370,166032023550,28093405,KSQ
475,123860,KR7123860009,아나패스,KOSDAQ,우량기업부,13690,1,360,2.7,13350,13950,13220,6165,84098070,165969551350,12123415,KSQ
476,950140,KR8840110108,잉글우드랩,KOSDAQ,외국기업(소속부없음),8350,2,-50,-0.6,8340,8460,8270,4338,36167710,165896681100,19867866,KSQ
477,372170,KR7372170001,윤성에프앤씨,KOSDAQ,우량기업부,20700,1,250,1.22,20650,20900,20300,5824,119537100,165166293600,7979048,KSQ
478,041920,KR7041920000,메디아나,KOSDAQ,우량기업부,8880,2,-100,-1.11,8990,9140,8820,10353,92835850,165152220240,18598223,KSQ
479,0015G0,KR70015G0009,그린광학,KOSDAQ,기술성장기업부,14100,2,-190,-1.33,14290,14490,13920,13133,184909400,165005828100,11702541,KSQ
480,417030,KR7417030004,니어스랩,KOSDAQ,기술성장기업부,28500,2,-700,-2.4,28900,29650,26500,522935,14572534075,164660346000,5777556,KSQ
481,199820,KR7199820002,제일일렉트릭,KOSDAQ,우량기업부,7300,2,-40,-0.54,7320,7440,7210,37150,270936445,162206000000,22220000,KSQ
482,101970,KR7101970002,우양에이치씨,KOSDAQ,중견기업부,10960,2,-220,-1.97,11150,11620,10920,20876,238975130,162098498640,14790009,KSQ
483,093190,KR7093190007,빅솔론,KOSDAQ,우량기업부,8400,1,50,0.6,8340,8540,8220,12758,106312840,161606802000,19238905,KSQ
484,382800,KR7382800001,지앤비에스 에코,KOSDAQ,우량기업부,5060,2,-240,-4.53,5250,5280,4990,380224,1932081815,161065067460,31831041,KSQ
485,126730,KR7126730001,코칩,KOSDAQ,벤처기업부,18340,2,-390,-2.08,18550,19090,17960,92531,1710546440,160844110840,8770126,KSQ
486,475040,KR7475040002,스트라드비젼,KOSDAQ,기술성장기업부,2980,2,-25,-0.83,3050,3050,2935,203105,604255576,160235905240,53770438,KSQ
487,046120,KR7046120002,오르비텍,KOSDAQ,중견기업부,4730,1,130,2.83,4700,5100,4665,608668,2944447836,160136198090,33855433,KSQ
488,072870,KR7072870009,메가스터디,KOSDAQ,우량기업부,13410,1,100,0.75,13310,13410,13310,8183,109301270,159860060190,11920959,KSQ
489,066410,KR7066410002,버킷스튜디오,KOSDAQ,투자주의환기종목(소속부없음),1153,0,0,0.0,0,0,0,0,0,159637252154,138453818,KSQ
490,489460,KR7489460006,바이오비쥬,KOSDAQ,벤처기업부,10810,1,10,0.09,10860,11000,10550,28445,306073250,159483032470,14753287,KSQ
491,023910,KR7023910003,대한약품,KOSDAQ,우량기업부,26550,1,50,0.19,26300,26550,26300,438,11586475,159300000000,6000000,KSQ
492,032620,KR7032620007,GC메디아이,KOSDAQ,우량기업부,3050,2,-20,-0.65,3065,3080,3030,21442,65284521,159201273950,52197139,KSQ
493,046070,KR7046070009,코다코,KOSDAQ,관리종목(소속부없음),10280,0,0,0.0,0,0,0,0,0,159196994920,15486089,KSQ
494,234690,KR7234690006,녹십자웰빙,KOSDAQ,우량기업부,8850,1,10,0.11,8890,8960,8770,22306,197588980,158975116500,17963290,KSQ
495,104480,KR7104480009,티케이케미칼,KOSDAQ,중견기업부,1742,2,-1,-0.06,1743,1759,1720,78177,135626319,158339846028,90895434,KSQ
496,123410,KR7123410003,코리아에프티,KOSDAQ,우량기업부,5680,1,20,0.35,5680,5710,5520,37741,212730745,158137243520,27841064,KSQ
497,054800,KR7054800008,아이디스홀딩스,KOSDAQ,중견기업부,15180,1,180,1.2,14970,15300,14970,1165,17642520,157078936080,10347756,KSQ
498,024800,KR7024800005,유성티엔에스,KOSDAQ,우량기업부,4445,2,-30,-0.67,4475,4505,4410,12636,56022935,156576769650,35225370,KSQ
499,046440,KR7046440004,KG파이낸셜,KOSDAQ,우량기업부,4110,2,-20,-0.48,4130,4130,4075,19855,81389590,156224396220,38010802,KSQ
500,122990,KR7122990005,와이솔,KOSDAQ,중견기업부,5860,2,-110,-1.84,5970,5990,5860,13935,82005320,156105014660,26639081,KSQ
501,011040,KR7011040003,경동제약,KOSDAQ,중견기업부,5070,2,-30,-0.59,5100,5100,5030,2156,10927575,155997643620,30768766,KSQ
502,119610,KR7119610004,인터로조,KOSDAQ,우량기업부,13650,2,-190,-1.37,13970,13970,13500,10890,148362830,155797646550,11413747,KSQ
503,405100,KR7405100009,큐알티,KOSDAQ,중견기업부,12630,1,720,6.05,11910,12830,11790,108120,1335566730,155213871630,12289301,KSQ
504,118990,KR7118990001,모트렉스,KOSDAQ,우량기업부,6320,1,280,4.64,6070,6330,5970,132852,824990335,155076184720,24537371,KSQ
505,138360,KR7138360003,앤로보틱스,KOSDAQ,벤처기업부,1756,1,12,0.69,1760,1763,1700,176785,306997606,154482228104,87973934,KSQ
506,126640,KR7126640002,화신정공,KOSDAQ,우량기업부,4395,2,-155,-3.41,4490,4540,4300,660027,2897300649,154070724450,35055910,KSQ
507,114840,KR7114840002,아이패밀리에스씨,KOSDAQ,우량기업부,9200,2,-100,-1.08,9290,9350,9010,13359,123546830,153468742000,16681385,KSQ
508,264450,KR7264450008,유비쿼스,KOSDAQ,우량기업부,10460,2,-40,-0.38,10500,10500,10310,11154,115951610,153401056780,14665493,KSQ
509,153890,KR7153890009,져스텍,KOSDAQ,기술성장기업부,12710,2,-1530,-10.74,13050,13490,12290,460717,5961644335,153159376550,12050305,KSQ
510,065660,KR7065660003,안트로젠,KOSDAQ,기술성장기업부,15260,1,10,0.07,15200,15450,15120,5708,87124410,152693086000,10006100,KSQ
511,078070,KR7078070000,유비쿼스홀딩스,KOSDAQ,중견기업부,8930,2,-70,-0.78,9250,9250,8770,4949,43990820,152335467990,17058843,KSQ
512,007330,KR7007330004,푸른저축은행,KOSDAQ,투자주의환기종목(소속부없음),10090,1,30,0.3,10140,10140,10010,953,9581830,152185452000,15082800,KSQ
513,089600,KR7089600001,KT나스미디어,KOSDAQ,우량기업부,13155,1,55,0.42,13180,13280,12970,32367,426894355,152179184265,11568163,KSQ
514,187870,KR7187870001,디바이스,KOSDAQ,우량기업부,10970,2,-170,-1.53,11190,11320,10810,30731,340013390,152074608840,13862772,KSQ
515,023600,KR7023600000,삼보판지,KOSDAQ,우량기업부,9460,2,-120,-1.25,9500,9560,9400,24864,234748820,151438518000,16008300,KSQ
516,092070,KR7092070002,디엔에프,KOSDAQ,중견기업부,13000,2,-190,-1.44,13190,13190,12830,6461,84485410,150434154000,11571858,KSQ
517,382900,KR7382900009,범한퓨얼셀,KOSDAQ,벤처기업부,17140,1,290,1.72,17030,17450,16830,16838,287796410,150163540000,8761000,KSQ
518,289080,KR7289080004,SV인베스트먼트,KOSDAQ,중견기업부,2495,1,10,0.4,2450,2560,2360,1483703,3647433875,150044891335,60138233,KSQ
519,093640,KR7093640001,케이알엠,KOSDAQ,벤처기업부,4545,1,60,1.34,4485,4550,4405,25746,115930627,149274689220,32843716,KSQ
520,039840,KR7039840004,디오,KOSDAQ,중견기업부,11100,2,-300,-2.63,11370,11400,11000,12125,134728160,148915690800,13415828,KSQ
521,048870,KR7048870000,시너지이노베이션,KOSDAQ,중견기업부,1689,1,31,1.87,1659,1693,1656,193909,324344126,148812660507,88106963,KSQ
522,041020,KR7041020009,폴라리스오피스,KOSDAQ,벤처기업부,2960,2,-40,-1.33,3000,3045,2940,56912,169198975,147064027280,49683793,KSQ
523,445180,KR7445180003,퓨릿,KOSDAQ,우량기업부,8550,2,-90,-1.04,8640,8690,8450,6003,51411020,146967557400,17189188,KSQ
524,389020,KR7389020009,자람테크놀로지,KOSDAQ,기술성장기업부,21200,3,0,0.0,21000,21950,20400,8679,183048125,146387738400,6905082,KSQ
525,300080,KR7300080009,플리토,KOSDAQ,기술성장기업부,8860,1,390,4.6,8620,8890,8450,44029,384044430,146238295860,16505451,KSQ
526,049960,KR7049960008,쎌바이오텍,KOSDAQ,벤처기업부,15530,2,-190,-1.21,15720,15810,15400,3585,55959430,145982000000,9400000,KSQ
527,039860,KR7039860002,나노엔텍,KOSDAQ,중견기업부,3820,2,-15,-0.39,3835,3865,3775,50136,191608960,145515462460,38093053,KSQ
528,024060,KR7024060006,흥구석유,KOSDAQ,중견기업부,9700,2,-430,-4.24,9900,9900,9600,439445,4270025075,145500000000,15000000,KSQ
529,054450,KR7054450002,텔레칩스,KOSDAQ,중견기업부,9600,2,-210,-2.14,9810,9810,9370,26568,253949210,145384636800,15144233,KSQ
530,042600,KR7042600007,새로닉스,KOSDAQ,중견기업부,11670,2,-630,-5.12,12000,12000,11000,6425,73902295,144983108580,12423574,KSQ
531,036170,KR7036170009,에이치엠넥스,KOSDAQ,중견기업부,2350,2,-25,-1.05,2375,2400,2285,77537,180801520,144209221100,61365626,KSQ
532,255220,KR7255220006,SG,KOSDAQ,중견기업부,1299,1,83,6.83,1333,1466,1264,6072775,8093986316,142322729298,109563302,KSQ
533,469610,KR7469610000,이노테크,KOSDAQ,중견기업부,15870,1,270,1.73,16030,16060,15680,49918,791272495,141923823000,8942900,KSQ
534,001540,KR7001540004,안국약품,KOSDAQ,우량기업부,10860,1,50,0.46,10870,10990,10680,21410,232414705,141640681200,13042420,KSQ
535,005990,KR7005990007,매일홀딩스,KOSDAQ,우량기업부,10650,1,140,1.33,10510,10750,10000,2025,21021090,141626937600,13298304,KSQ
536,067280,KR7067280008,멀티캠퍼스,KOSDAQ,우량기업부,23850,1,200,0.85,23700,24000,23650,783,18650850,141353679150,5926779,KSQ
537,494120,KR7494120009,큐리오시스,KOSDAQ,기술성장기업부,9260,1,30,0.33,9320,9580,9160,60807,568373665,141305414640,15259764,KSQ
538,051370,KR7051370005,인터플렉스,KOSDAQ,우량기업부,6050,2,-70,-1.14,6120,6120,5960,23638,142362740,141131205600,23327472,KSQ
539,205500,KR7205500002,넥써쓰,KOSDAQ,중견기업부,1733,1,39,2.3,1693,1748,1672,97172,167618828,141040282985,81385045,KSQ
540,051160,KR7051160000,지어소프트,KOSDAQ,중견기업부,9110,1,30,0.33,9090,9180,9000,24043,218542520,140972057300,15474430,KSQ
541,293580,KR7293580007,나우IB,KOSDAQ,중견기업부,1481,2,-19,-1.27,1500,1515,1460,38099,56332784,140591255950,94929950,KSQ
542,189330,KR7189330004,씨이랩,KOSDAQ,기술성장기업부,14970,1,70,0.47,14740,15170,14200,123063,1811757725,140452791480,9382284,KSQ
543,418550,KR7418550000,제이오,KOSDAQ,기술성장기업부,4385,2,-35,-0.79,4510,4510,4365,33460,147174165,140397496105,32017673,KSQ
544,013990,KR7013990007,아가방컴퍼니,KOSDAQ,우량기업부,4240,2,-60,-1.4,4340,4360,4200,39911,170280945,139443152640,32887536,KSQ
545,251370,KR7251370003,와이엠티,KOSDAQ,벤처기업부,7740,2,-90,-1.15,7900,7950,7630,21651,168227480,139422268620,18013213,KSQ
546,079960,KR7079960001,동양이엔피,KOSDAQ,우량기업부,18450,2,-270,-1.44,18720,18870,18390,18699,346349450,139328090100,7551658,KSQ
547,069510,KR7069510006,에스텍,KOSDAQ,우량기업부,12750,2,-110,-0.86,12860,13000,12620,2153,27561580,139102500000,10910000,KSQ
548,086890,KR7086890001,이수앱지스,KOSDAQ,중견기업부,3410,1,15,0.44,3350,3460,3350,16105,55005960,139042552220,40774942,KSQ
549,060150,KR7060150000,인선이엔티,KOSDAQ,중견기업부,3045,1,5,0.16,3040,3060,3025,15831,48274515,138741198540,45563612,KSQ
550,003100,KR7003100005,선광,KOSDAQ,우량기업부,20950,2,-50,-0.24,21200,21250,20700,2298,48257750,138270000000,6600000,KSQ
551,038290,KR7038290003,마크로젠,KOSDAQ,중견기업부,12750,1,10,0.08,12840,12860,12540,12228,155252870,138227850000,10841400,KSQ
552,474650,KR7474650009,링크솔루션,KOSDAQ,기술성장기업부,23950,2,-950,-3.82,25000,25400,23500,18373,441365900,137761166400,5752032,KSQ
553,147830,KR7147830004,제룡산업,KOSDAQ,벤처기업부,6880,2,-20,-0.29,6900,6950,6810,31135,214025370,137600000000,20000000,KSQ
554,088800,KR7088800008,에이스테크,KOSDAQ,중견기업부,1820,1,1,0.05,1819,1887,1810,29707,54298402,137421709880,75506434,KSQ
555,035080,KR7035080001,그래디언트,KOSDAQ,중견기업부,11980,2,-40,-0.33,12010,12100,11870,11985,143447605,136946782320,11431284,KSQ
556,084990,KR7084990001,헬릭스미스,KOSDAQ,기술성장기업부,2970,1,10,0.34,2960,3050,2960,84304,253182420,136895607090,46092797,KSQ
557,035610,KR7035610005,솔본,KOSDAQ,투자주의환기종목(소속부없음),5000,1,10,0.2,5100,5120,4950,22706,114448270,136729985000,27345997,KSQ
558,005160,KR7005160007,동국산업,KOSDAQ,중견기업부,2520,2,-20,-0.79,2520,2545,2500,7368,18494660,136696094640,54244482,KSQ
559,274090,KR7274090000,켄코아에어로스페이스,KOSDAQ,기술성장기업부,9910,2,-200,-1.98,10050,10220,9820,34361,342099440,136502391370,13774207,KSQ
560,338840,KR7338840002,와이바이오로직스,KOSDAQ,기술성장기업부,8880,2,-110,-1.22,9060,9320,8840,16267,145782500,136456127280,15366681,KSQ
561,101360,KR7101360006,에코앤드림,KOSDAQ,벤처기업부,7670,2,-30,-0.39,7710,7970,7610,7224,55938880,136419494380,17786114,KSQ
562,265740,KR7265740001,엔에프씨,KOSDAQ,벤처기업부,7630,1,380,5.24,7130,7870,6800,646661,4790141230,136299268000,17863600,KSQ
563,408920,KR7408920007,메쎄이상,KOSDAQ,우량기업부,3135,2,-5,-0.16,3090,3150,3085,2029,6347955,135533746425,43232455,KSQ
564,148150,KR7148150006,세경하이테크,KOSDAQ,우량기업부,3785,1,250,7.07,3550,3825,3545,250851,934362407,134529566130,35542818,KSQ
565,334970,KR7334970001,프레스티지바이오로직스,KOSDAQ,기술성장기업부,1729,2,-36,-2.04,1787,1787,1721,48533,84415425,134434309373,77752637,KSQ
566,095700,KR7095700001,제넥신,KOSDAQ,기술성장기업부,2950,1,100,3.51,2920,3025,2840,260507,767463082,134344457300,45540494,KSQ
567,032580,KR7032580003,피델릭스,KOSDAQ,중견기업부,4050,1,90,2.27,3960,4110,3905,233998,934380406,134184859200,33132064,KSQ
568,041520,KR7041520008,이엘씨,KOSDAQ,투자주의환기종목(소속부없음),10980,2,-20,-0.18,11000,11180,10710,3314,36341520,133832255400,12188730,KSQ
569,264660,KR7264660002,씨앤지하이테크,KOSDAQ,우량기업부,13640,2,-60,-0.44,13750,13820,13500,9804,133772650,132596786080,9721172,KSQ
570,049720,KR7049720006,고려신용정보,KOSDAQ,우량기업부,9240,2,-20,-0.22,9260,9270,9160,10879,100009370,132132000000,14300000,KSQ
571,108230,KR7108230004,톱텍,KOSDAQ,우량기업부,3470,1,410,13.4,3075,3550,3030,3327674,11303824046,131940660150,38023245,KSQ
572,226590,KR7226590008,엠디바이스,KOSDAQ,기술성장기업부,12310,2,-190,-1.52,12390,12500,12000,8483,103205080,131923611040,10716784,KSQ
573,080420,KR7080420003,모다이노칩,KOSDAQ,중견기업부,1647,2,-2,-0.12,1650,1650,1605,1566,2531564,131301511434,79721622,KSQ
574,140670,KR7140670001,알에스오토메이션,KOSDAQ,중견기업부,10210,1,110,1.09,10110,10440,9980,51520,524810125,131094766400,12839840,KSQ
575,489500,KR7489500009,엘케이켐,KOSDAQ,벤처기업부,20500,2,-400,-1.91,20700,21000,20150,3397,69716975,131020379000,6391238,KSQ
576,340450,KR7340450006,지씨지놈,KOSDAQ,기술성장기업부,5530,1,220,4.14,5310,5660,5310,50118,273007865,130788885290,23650793,KSQ
577,322510,KR7322510009,제이엘케이,KOSDAQ,기술성장기업부,5070,2,-10,-0.2,5080,5200,4995,30788,156353140,130430272440,25725892,KSQ
578,457550,KR7457550002,우진엔텍,KOSDAQ,중견기업부,13950,1,280,2.05,13770,15140,13700,221512,3188925510,129999464100,9318958,KSQ
579,115310,KR7115310005,인포바인,KOSDAQ,벤처기업부,8750,2,-70,-0.79,8750,8820,8400,5598,48148730,129776053750,14831549,KSQ
580,0039P0,KR70039P0000,매드업,KOSDAQ,기술성장기업부,6890,2,-180,-2.55,7070,7170,6700,215136,1491218830,129582986000,18807400,KSQ
581,0088M0,KR70088M0003,메쥬,KOSDAQ,기술성장기업부,13080,2,-110,-0.83,13230,14380,12980,143572,1970296245,129253290000,9881750,KSQ
582,102120,KR7102120003,어보브반도체,KOSDAQ,벤처기업부,7240,2,-70,-0.96,7250,7360,7120,21979,158342720,128732651720,17780753,KSQ
583,394420,KR7394420004,리센스메디컬,KOSDAQ,기술성장기업부,11700,2,-100,-0.85,11510,12530,11510,67448,806916190,128696501700,10999701,KSQ
584,228850,KR7228850004,레이언스,KOSDAQ,우량기업부,7730,1,100,1.31,7670,8020,7570,83710,659314355,128248538220,16591014,KSQ
585,136540,KR7136540002,윈스테크넷,KOSDAQ,우량기업부,10420,2,-30,-0.29,10450,10500,10400,4336,45300510,127954953320,12279746,KSQ
586,047770,KR7047770003,코데즈컴바인,KOSDAQ,중견기업부,3380,1,140,4.32,3310,3425,3285,1523173,5141608527,127907994760,37842602,KSQ
587,417010,KR7417010006,나노팀,KOSDAQ,벤처기업부,6340,1,260,4.28,6270,6910,6020,2053483,13273184465,127895095520,20172728,KSQ
588,094840,KR7094840006,슈프리마에이치큐,KOSDAQ,벤처기업부,13040,1,40,0.31,13000,13380,12930,2608,34116260,127871661360,9806109,KSQ
589,263860,KR7263860009,지니언스,KOSDAQ,벤처기업부,14000,1,40,0.29,14280,14280,13920,1152,16123700,127114400000,9079600,KSQ
590,388790,KR7388790008,라이콤,KOSDAQ,벤처기업부,4145,1,70,1.72,4075,4190,3965,86366,352581383,126895693200,30614160,KSQ
591,009780,KR7009780008,엠에스씨,KOSDAQ,우량기업부,7200,1,150,2.13,7050,7250,7050,10780,77552200,126720000000,17600000,KSQ
592,146320,KR7146320007,비씨엔씨,KOSDAQ,벤처기업부,9870,2,-230,-2.28,10100,10290,9710,4192,41500320,126315500010,12797923,KSQ
593,052260,KR7052260007,현대바이오랜드,KOSDAQ,우량기업부,4205,1,10,0.24,4195,4225,4140,33666,141057658,126150000000,30000000,KSQ
594,310200,KR7310200001,애니플러스,KOSDAQ,중견기업부,2410,2,-215,-8.19,2625,2635,2390,474185,1169412356,125712434760,52162836,KSQ
595,036690,KR7036690006,코맥스,KOSDAQ,관리종목(소속부없음),2885,0,0,0.0,0,0,0,0,0,125692107675,43567455,KSQ
596,086980,KR7086980000,쇼박스,KOSDAQ,중견기업부,2010,1,20,1.01,2020,2030,1990,61170,123133301,125500380000,62438000,KSQ
597,473980,KR7473980001,노머스,KOSDAQ,기술성장기업부,11520,1,20,0.17,11400,11870,11400,8403,97949820,125369303040,10882752,KSQ
598,285490,KR7285490009,노바텍,KOSDAQ,벤처기업부,11850,2,-60,-0.5,11870,11980,11810,6765,80431070,125323597350,10575831,KSQ
599,142210,KR7142210004,유니트론텍,KOSDAQ,우량기업부,6030,2,-10,-0.17,6030,6090,5900,59271,354295140,125130960090,20751403,KSQ
600,048550,KR7048550008,SM C&C,KOSDAQ,중견기업부,1293,2,-10,-0.77,1292,1334,1290,116458,151350631,125052003660,96714620,KSQ
601,322310,KR7322310004,오로스테크놀로지,KOSDAQ,벤처기업부,13350,2,-590,-4.23,13600,13750,13160,104597,1403623920,125043335700,9366542,KSQ
602,432720,KR7432720001,퀄리타스반도체,KOSDAQ,기술성장기업부,8800,2,-170,-1.9,9000,9200,8380,53780,471272800,124850633600,14187572,KSQ
603,232680,KR7232680009,라온로보틱스,KOSDAQ,기술성장기업부,9340,2,-180,-1.89,9550,9610,9200,49834,466879425,123825050000,13257500,KSQ
604,122450,KR7122450000,KX,KOSDAQ,중견기업부,2750,2,-35,-1.26,2785,2790,2705,42300,115800180,123254543500,44819834,KSQ
605,212560,KR7212560007,네오오토,KOSDAQ,우량기업부,9130,2,-400,-4.2,9510,9640,8740,112625,1020823760,123130357240,13486348,KSQ
606,297890,KR7297890006,HB솔루션,KOSDAQ,우량기업부,1683,2,-7,-0.41,1690,1698,1656,149652,250229847,123096158262,73140914,KSQ
607,321550,KR7321550006,티움바이오,KOSDAQ,기술성장기업부,4085,2,-40,-0.97,4095,4205,4045,23292,95672160,122707170375,30038475,KSQ
608,106190,KR7106190002,하이텍팜,KOSDAQ,우량기업부,11510,2,-170,-1.46,11670,11690,11380,3824,44067350,122387821230,10633173,KSQ
609,021320,KR7021320007,KCC건설,KOSDAQ,우량기업부,5690,1,40,0.71,5790,5790,5650,6439,36756940,121766000000,21400000,KSQ
610,040350,KR7040350001,크레오에스지,KOSDAQ,벤처기업부,6130,2,-70,-1.13,6200,6440,5970,25666,157051810,121718481480,19856196,KSQ
611,366030,KR7366030005,나인앤컴퍼니,KOSDAQ,중견기업부,5370,1,300,5.92,5020,5500,5020,53024,281755740,121651174500,22653850,KSQ
612,0007C0,KR70007C0003,아크릴,KOSDAQ,기술성장기업부,15100,2,-20,-0.13,15030,15230,14940,18070,272336210,121257892400,8030324,KSQ
613,240550,KR7240550004,동방메디컬,KOSDAQ,중견기업부,5790,2,-60,-1.03,5850,5940,5720,20086,116624650,121207512600,20933940,KSQ
614,307750,KR7307750000,국전,KOSDAQ,중견기업부,2245,1,80,3.7,2200,2405,2150,384103,876794393,121199216560,53986288,KSQ
615,246710,KR7246710008,티앤알바이오팹,KOSDAQ,기술성장기업부,2540,1,35,1.4,2530,2620,2475,101636,256830523,121067840160,47664504,KSQ
616,095190,KR7095190005,신화프리텍,KOSDAQ,중견기업부,1855,2,-5,-0.27,1859,1894,1840,43463,80926321,121058157010,65260462,KSQ
617,413630,KR7413630005,씨피시스템,KOSDAQ,벤처기업부,3315,2,-25,-0.75,3340,3395,3250,163738,542356809,120787345575,36436605,KSQ
618,417500,KR7417500006,제이아이테크,KOSDAQ,우량기업부,3675,2,-65,-1.74,3720,3765,3640,28586,105216355,120483934200,32784744,KSQ
619,267320,KR7267320000,나인테크,KOSDAQ,벤처기업부,2092,2,-8,-0.38,2100,2125,2075,46033,96511653,120112797140,57415295,KSQ
620,149950,KR7149950008,아바텍,KOSDAQ,우량기업부,8760,2,-140,-1.57,8990,8990,8580,22049,191577870,119729078280,13667703,KSQ
621,101170,KR7101170009,우림피티에스,KOSDAQ,벤처기업부,8850,2,-140,-1.56,9120,9340,8540,104295,933466225,119475000000,13500000,KSQ
622,211270,KR7211270004,AP위성,KOSDAQ,우량기업부,7920,1,40,0.51,8000,8070,7810,15192,120327315,119451847680,15082304,KSQ
623,027710,KR7027710003,팜스토리,KOSDAQ,우량기업부,1072,2,-9,-0.83,1078,1086,1066,82416,88623585,119438595200,111416600,KSQ
624,220260,KR7220260004,켐트로스,KOSDAQ,벤처기업부,3720,2,-65,-1.72,3745,3785,3675,27998,104033800,119308044600,32072055,KSQ
625,330350,KR7330350000,위더스제약,KOSDAQ,우량기업부,9020,1,30,0.33,8810,9090,8700,136103,1213026310,119061113600,13199680,KSQ
626,059120,KR7059120006,아진엑스텍,KOSDAQ,벤처기업부,6500,2,-150,-2.26,6690,6740,6400,96739,631029035,119015429000,18310066,KSQ
627,053080,KR7053080008,케이엔솔,KOSDAQ,중견기업부,9140,1,20,0.22,9110,9310,8970,12524,113781470,118818235980,12999807,KSQ
628,073010,KR7073010001,케이에스피,KOSDAQ,우량기업부,2950,1,95,3.33,2870,3035,2855,77298,228515203,118564187500,40191250,KSQ
629,192410,KR7192410009,오늘이엔엠,KOSDAQ,중견기업부,4705,2,-170,-3.49,5020,5020,4610,34213,162601317,118499701845,25185909,KSQ
630,0015N0,KR70015N0000,아로마티카,KOSDAQ,벤처기업부,9410,1,10,0.11,9320,9530,9040,111231,1033753735,118348836020,12576922,KSQ
631,361390,KR7361390008,제노코,KOSDAQ,벤처기업부,12080,2,-210,-1.71,12220,12290,11900,4423,53396730,117615482480,9736381,KSQ
632,333430,KR7333430007,일승,KOSDAQ,중견기업부,3825,2,-45,-1.16,3830,3875,3780,47808,182773410,117529807275,30726747,KSQ
633,036630,KR7036630002,세종텔레콤,KOSDAQ,우량기업부,8380,2,-10,-0.12,8390,8530,8300,1202,10022900,117320000000,14000000,KSQ
634,308080,KR7308080001,바이젠셀,KOSDAQ,기술성장기업부,5720,2,-70,-1.21,5810,6090,5680,53590,309769380,117255767200,20499260,KSQ
635,163730,KR7163730005,핑거,KOSDAQ,벤처기업부,9750,2,-490,-4.79,10240,10240,9620,54864,536951185,117153240750,12015717,KSQ
636,056090,KR7056090004,시지메드텍,KOSDAQ,벤처기업부,1133,1,23,2.07,1110,1148,1098,255016,287990126,116992487788,103259036,KSQ
637,256940,KR7256940008,킵스파마,KOSDAQ,벤처기업부,5800,2,-70,-1.19,5890,5930,5760,7589,44064810,116453252600,20078147,KSQ
638,452450,KR7452450000,피아이이,KOSDAQ,벤처기업부,3230,2,-60,-1.82,3420,3420,3170,56500,183880130,116372055000,36028500,KSQ
639,451760,KR7451760003,컨텍,KOSDAQ,기술성장기업부,7040,2,-110,-1.54,7110,7270,6940,19842,139598275,116214728960,16507774,KSQ
640,041590,KR7041590001,플래스크,KOSDAQ,관리종목(소속부없음),2370,0,0,0.0,0,0,0,0,0,116064014460,48972158,KSQ
641,008830,KR7008830002,대동기어,KOSDAQ,중견기업부,6050,1,190,3.24,6120,6320,5910,478102,2893964110,116050591800,19181916,KSQ
642,458650,KR7458650009,성우,KOSDAQ,벤처기업부,7710,3,0,0.0,7720,7760,7620,4192,32215670,116002115700,15045670,KSQ
643,418420,KR7418420006,라온텍,KOSDAQ,기술성장기업부,3760,2,-60,-1.57,3850,3880,3665,42859,160472455,115712338080,30774558,KSQ
644,041440,KR7041440009,현대에버다임,KOSDAQ,우량기업부,6480,1,220,3.51,6590,6790,6380,187841,1222295520,115614293760,17841712,KSQ
645,217270,KR7217270008,넵튠,KOSDAQ,중견기업부,2470,1,25,1.02,2445,2470,2405,24947,61199925,115437038210,46735643,KSQ
646,478340,KR7478340003,나라스페이스테크놀로지,KOSDAQ,기술성장기업부,9960,2,-190,-1.87,10150,10340,9870,22158,221530010,115238524680,11570133,KSQ
647,090850,KR7090850009,현대이지웰,KOSDAQ,우량기업부,5120,2,-80,-1.54,5160,5260,5110,57308,295481280,115086863360,22477903,KSQ
648,311320,KR7311320006,지오엘리먼트,KOSDAQ,기술성장기업부,9100,2,-440,-4.61,9640,9640,8780,60639,549373215,114792496000,12614560,KSQ
649,396300,KR7396300006,세아메카닉스,KOSDAQ,우량기업부,4330,2,-100,-2.26,4435,4450,4255,179799,779170590,114699535000,26489500,KSQ
650,339950,KR7339950008,아이비김영,KOSDAQ,우량기업부,2550,2,-10,-0.39,2590,2590,2530,15306,39052380,114613970250,44946655,KSQ
651,282880,KR7282880004,코윈테크,KOSDAQ,우량기업부,9800,2,-60,-0.61,9880,9880,9650,6142,59812980,114602003600,11694082,KSQ
652,054920,KR7054920004,한컴위드,KOSDAQ,중견기업부,4050,1,50,1.25,4095,4095,3915,154485,617673319,114279178050,28217081,KSQ
653,049520,KR7049520000,유아이엘,KOSDAQ,우량기업부,3695,2,-45,-1.2,3740,3750,3690,15461,57520350,113963499375,30842625,KSQ
654,063570,KR7063570006,NICE인프라,KOSDAQ,우량기업부,3330,1,10,0.3,3320,3340,3300,5669,18843700,113711934240,34147728,KSQ
655,037350,KR7037350006,성도이엔지,KOSDAQ,우량기업부,7440,3,0,0.0,7440,7490,7300,28229,209004200,113162400000,15210000,KSQ
656,474170,KR7474170008,루미르,KOSDAQ,기술성장기업부,6330,2,-60,-0.94,6450,6540,6200,11039,69783905,112786015680,17817696,KSQ
657,067290,KR7067290007,JW신약,KOSDAQ,중견기업부,2005,1,34,1.73,1990,2040,1936,1516530,3016494888,112354391515,56037103,KSQ
658,453450,KR7453450009,그리드위즈,KOSDAQ,중견기업부,14090,2,-310,-2.15,14290,14420,14050,15518,220361750,111913347500,7942750,KSQ
659,402490,KR7402490007,그린리소스,KOSDAQ,기술성장기업부,6590,2,-10,-0.15,6680,6700,6430,40704,266451870,111603080030,16935217,KSQ
660,158430,KR7158430009,아톤,KOSDAQ,벤처기업부,4555,2,-110,-2.36,4655,4655,4505,66808,303712325,111515929060,24482092,KSQ
661,038540,KR7038540001,상상인,KOSDAQ,중견기업부,2015,2,-15,-0.74,2015,2040,1970,14901,29815299,111486550695,55328313,KSQ
662,242040,KR7242040004,나무에이엑스,KOSDAQ,기술성장기업부,3200,2,-80,-2.44,3285,3330,3170,128139,411810125,110740044800,34606264,KSQ
663,299030,KR7299030007,하나기술,KOSDAQ,벤처기업부,13850,1,60,0.44,13850,13980,13640,13588,187279880,110729503500,7994910,KSQ
664,259630,KR7259630002,엠플러스,KOSDAQ,우량기업부,9040,2,-190,-2.06,9400,9400,8950,28503,257461300,110490459840,12222396,KSQ
665,067900,KR7067900001,와이엔텍,KOSDAQ,우량기업부,6070,2,-40,-0.65,6070,6140,6010,15234,92455140,110471930130,18199659,KSQ
666,017510,KR7017510009,세명전기,KOSDAQ,벤처기업부,7220,1,30,0.42,7230,7300,7120,38478,276779805,110076120000,15246000,KSQ
667,018120,KR7018120006,진로발효,KOSDAQ,우량기업부,16500,1,20,0.12,16510,16620,16400,681,11212940,109248480000,6621120,KSQ
668,950190,KR8344390008,고스트스튜디오,KOSDAQ,외국기업(소속부없음),8390,2,-230,-2.67,8960,8960,8310,6601,55564150,109213125010,13017059,KSQ
669,054050,KR7054050000,NH농우바이오,KOSDAQ,우량기업부,6810,2,-10,-0.15,6820,6830,6770,6241,42442445,109168120410,16030561,KSQ
670,037070,KR7037070000,파세코,KOSDAQ,중견기업부,5450,1,70,1.3,5370,5500,5320,54545,295719230,109000000000,20000000,KSQ
671,047310,KR7047310008,파워로직스,KOSDAQ,우량기업부,2975,2,-15,-0.5,3020,3020,2925,41475,122612330,108916996125,36610755,KSQ
672,166480,KR7166480004,코아스템켐온,KOSDAQ,벤처기업부,2055,1,35,1.73,2070,2110,2045,29000,60078039,108648622680,52870376,KSQ
673,141000,KR7141000000,비아트론,KOSDAQ,벤처기업부,8950,2,-20,-0.22,8900,9070,8670,5204,45984910,108426654500,12114710,KSQ
674,032940,KR7032940009,원익,KOSDAQ,우량기업부,5950,1,50,0.85,5900,6040,5810,12933,76443390,108249426950,18193181,KSQ
675,109740,KR7109740001,디에스케이,KOSDAQ,벤처기업부,4205,2,-10,-0.24,4265,4265,4150,2137,9031080,108112189950,25710390,KSQ
676,039340,KR7039340005,한국경제TV,KOSDAQ,우량기업부,4910,3,0,0.0,4865,4955,4840,545,2682185,108020000000,22000000,KSQ
677,053700,KR7053700001,삼보모터스,KOSDAQ,우량기업부,4040,2,-90,-2.18,4125,4160,4030,76568,311477439,107931658280,26715757,KSQ
678,120240,KR7120240007,대정화금,KOSDAQ,우량기업부,15010,1,40,0.27,14970,15100,14920,3154,47335120,107927768910,7190391,KSQ
679,051360,KR7051360006,토비스,KOSDAQ,우량기업부,11190,2,-130,-1.15,11310,11420,11060,8137,90881460,107890264920,9641668,KSQ
680,021080,KR7021080007,에이티넘인베스트,KOSDAQ,우량기업부,2240,2,-30,-1.32,2270,2295,2220,42659,95528050,107520000000,48000000,KSQ
681,105330,KR7105330005,케이엔더블유,KOSDAQ,중견기업부,6700,2,-90,-1.33,6780,6780,6500,16066,105971910,107330784000,16019520,KSQ
682,290720,KR7290720002,푸드나무,KOSDAQ,중견기업부,2810,2,-40,-1.4,2850,2850,2775,3793,10620380,107199457130,38149273,KSQ
683,067990,KR7067990002,도이치모터스,KOSDAQ,우량기업부,3665,2,-20,-0.54,3685,3710,3660,26580,97825805,106950380750,29181550,KSQ
684,123040,KR7123040008,엠에스오토텍,KOSDAQ,중견기업부,1707,2,-41,-2.35,1748,1776,1692,64522,110809204,106906506393,62628299,KSQ
685,336680,KR7336680004,탑런토탈솔루션,KOSDAQ,중견기업부,2725,1,90,3.42,2615,2795,2615,40072,109591630,106671645550,39145558,KSQ
686,073560,KR7073560005,우리손에프앤지,KOSDAQ,우량기업부,1540,1,2,0.13,1537,1544,1524,27398,41970827,106625970220,69237643,KSQ
687,297090,KR7297090003,씨에스베어링,KOSDAQ,투자주의환기종목(소속부없음),3890,1,10,0.26,3880,3960,3840,27136,105167618,106080300000,27270000,KSQ
688,052860,KR7052860004,아이앤씨,KOSDAQ,벤처기업부,5930,1,70,1.19,5780,6200,5710,86945,521028555,105950444220,17866854,KSQ
689,059210,KR7059210005,메타바이오메드,KOSDAQ,우량기업부,3895,2,-15,-0.38,3930,3935,3850,27647,107321680,105832778275,27171445,KSQ
690,100700,KR7100700004,세운메디칼,KOSDAQ,우량기업부,2410,1,10,0.42,2380,2420,2375,67458,161843822,105558000000,43800000,KSQ
691,475230,KR7475230009,엔알비,KOSDAQ,벤처기업부,9660,1,500,5.46,9190,9770,9190,73895,707010185,105281277780,10898683,KSQ
692,115500,KR7115500001,케이씨에스,KOSDAQ,중견기업부,8700,2,-70,-0.8,8750,8830,8600,12076,104778930,104400000000,12000000,KSQ
693,488280,KR7488280009,에스투더블유,KOSDAQ,기술성장기업부,9640,2,-240,-2.43,9800,9930,9550,20722,200087560,104357685040,10825486,KSQ
694,066590,KR7066590001,스모트로닉,KOSDAQ,중견기업부,2695,1,50,1.89,2645,2740,2620,51023,137029110,104237040215,38677937,KSQ
695,071280,KR7071280002,로체시스템즈,KOSDAQ,우량기업부,6760,2,-120,-1.74,6880,6890,6510,64658,431864150,103405036280,15296603,KSQ
696,338220,KR7338220007,뷰노,KOSDAQ,기술성장기업부,7360,2,-50,-0.67,7440,7500,7320,6954,51641860,103053417280,14001823,KSQ
697,039560,KR7039560008,다산네트웍스,KOSDAQ,중견기업부,2400,1,20,0.84,2395,2480,2375,45903,110855350,102932323200,42888468,KSQ
698,051980,KR7051980001,중앙첨단소재,KOSDAQ,중견기업부,926,2,-25,-2.63,942,951,910,431131,398373077,102870922534,111091709,KSQ
699,475580,KR7475580007,에이럭스,KOSDAQ,벤처기업부,7530,1,120,1.62,7480,7600,7310,38314,286363695,102595497000,13624900,KSQ
700,074430,KR7074430000,아미노로직스,KOSDAQ,중견기업부,1160,2,-38,-3.17,1175,1187,1143,73152,84828097,102242773520,88140322,KSQ
701,309960,KR7309960003,LB인베스트먼트,KOSDAQ,중견기업부,4395,2,-20,-0.45,4400,4410,4260,13832,59834610,102039765405,23217239,KSQ
702,063170,KR7063170005,서울옥션,KOSDAQ,중견기업부,5720,1,30,0.53,5600,5820,5600,29564,169508105,101668807240,17774267,KSQ
703,053260,KR7053260006,금강철강,KOSDAQ,우량기업부,5430,1,180,3.43,5250,5770,5250,175592,966071170,101649600000,18720000,KSQ
704,474610,KR7474610003,RF시스템즈,KOSDAQ,벤처기업부,7030,2,-120,-1.68,7150,7280,6910,55638,390564240,101338996600,14415220,KSQ
705,006620,KR7006620009,동구바이오제약,KOSDAQ,우량기업부,3560,2,-55,-1.52,3675,3675,3545,151884,542770884,101335371520,28464992,KSQ
706,131030,KR7131030009,옵투스제약,KOSDAQ,우량기업부,5740,2,-50,-0.86,5870,5870,5700,11509,66097770,101291426600,17646590,KSQ
707,396470,KR7396470007,워트,KOSDAQ,중견기업부,6230,2,-200,-3.11,6460,6460,6150,71030,444614260,100427600000,16120000,KSQ
708,362320,KR7362320004,청담글로벌,KOSDAQ,중견기업부,4810,1,20,0.42,4750,4935,4730,18886,91489095,99532930770,20692917,KSQ
709,246720,KR7246720007,아스타,KOSDAQ,관리종목(소속부없음),6070,0,0,0.0,0,0,0,0,0,99434491000,16381300,KSQ
710,950220,KR8840140006,네오이뮨텍,KOSDAQ,기술성장기업부,2900,1,65,2.29,2860,3025,2750,2034459,5932161978,99214336000,34211840,KSQ
711,086710,KR7086710001,선진뷰티사이언스,KOSDAQ,우량기업부,8100,2,-40,-0.49,8140,8200,7880,9930,80364050,98846568000,12203280,KSQ
712,357880,KR7357880004,SKAI,KOSDAQ,기술성장기업부,1816,2,-59,-3.15,1875,1884,1803,220705,404240353,98394729920,54182120,KSQ
713,042500,KR7042500009,링네트,KOSDAQ,우량기업부,4400,3,0,0.0,4365,4430,4335,49210,215613294,98081033600,22291144,KSQ
714,352090,KR7352090005,스톰테크,KOSDAQ,우량기업부,3635,2,-5,-0.14,3640,3680,3600,3839,13956500,97683347730,26872998,KSQ
715,255440,KR7255440000,야스,KOSDAQ,벤처기업부,7470,1,40,0.54,7430,7650,7250,55358,408507235,97543260000,13058000,KSQ
716,487400,KR7487400004,케이앤에스아이앤씨,KOSDAQ,기술성장기업부,9490,1,590,6.63,8770,9680,8570,464737,4249281020,97375770180,10260882,KSQ
717,066790,KR7066790007,씨씨에스,KOSDAQ,관리종목(소속부없음),2205,0,0,0.0,0,0,0,0,0,97355245995,44152039,KSQ
718,298540,KR7298540006,더네이쳐홀딩스,KOSDAQ,우량기업부,6720,1,120,1.82,6590,7000,6590,6251,41932605,97348513920,14486386,KSQ
719,002230,KR7002230001,피에스텍,KOSDAQ,우량기업부,5280,1,80,1.54,5200,5370,5100,27729,144794300,97263249600,18421070,KSQ
720,089230,KR7089230007,THE E&M,KOSDAQ,중견기업부,2465,1,25,1.02,2435,2520,2405,114854,283257244,97173637610,39421354,KSQ
721,083500,KR7083500009,에프엔에스테크,KOSDAQ,우량기업부,11680,2,-430,-3.55,12120,12150,11500,13537,158485640,97018483360,8306377,KSQ
722,091440,KR7091440008,한울소재과학,KOSDAQ,투자주의환기종목(소속부없음),2810,2,-95,-3.27,2885,2975,2785,66362,187296901,96975817270,34510967,KSQ
723,068240,KR7068240001,다원시스,KOSDAQ,관리종목(소속부없음),2530,0,0,0.0,0,0,0,0,0,96553495610,38163437,KSQ
724,049950,KR7049950009,미래컴퍼니,KOSDAQ,중견기업부,10890,2,-110,-1.0,11190,11190,10700,3534,38231340,96026756760,8817884,KSQ
725,331920,KR7331920009,셀레믹스,KOSDAQ,기술성장기업부,8570,2,-100,-1.15,8770,9090,8450,17710,153279460,95825926350,11181555,KSQ
726,348350,KR7348350000,위드텍,KOSDAQ,벤처기업부,9800,1,10,0.1,9790,9840,9570,2845,27588650,95781280000,9773600,KSQ
727,040300,KR7040300006,YTN,KOSDAQ,중견기업부,1999,2,-1,-0.05,2035,2035,1995,3321,6658334,95306283020,47676980,KSQ
728,235980,KR7235980000,메드팩토,KOSDAQ,기술성장기업부,2775,1,85,3.16,2750,2820,2670,61620,168219925,95113460775,34275121,KSQ
729,005860,KR7005860002,한일사료,KOSDAQ,우량기업부,2405,2,-30,-1.23,2435,2440,2380,155313,372901974,94765862425,39403685,KSQ
730,307930,KR7307930008,컴퍼니케이,KOSDAQ,중견기업부,6070,2,-120,-1.94,6200,6210,5960,11323,68474820,94752700000,15610000,KSQ
731,205100,KR7205100001,엑셈,KOSDAQ,벤처기업부,1398,1,8,0.58,1408,1439,1382,267150,377314849,94420044852,67539374,KSQ
732,017650,KR7017650003,대림제지,KOSDAQ,우량기업부,10740,2,-130,-1.2,10870,10870,10600,21587,231145430,94350900000,8785000,KSQ
733,380550,KR7380550004,뉴로핏,KOSDAQ,기술성장기업부,7730,3,0,0.0,7800,7980,7570,16449,126657600,94297234180,12198866,KSQ
734,250060,KR7250060001,모비스,KOSDAQ,기술성장기업부,2930,2,-15,-0.51,2940,2990,2860,86209,252896235,94261950020,32171314,KSQ
735,036220,KR7036220002,오상헬스케어,KOSDAQ,우량기업부,6580,2,-50,-0.75,6840,6840,6560,2651,17627600,94155957280,14309416,KSQ
736,013310,KR7013310008,아진산업,KOSDAQ,우량기업부,2425,2,-20,-0.82,2425,2460,2420,29454,71608981,94105961350,38806582,KSQ
737,156100,KR7156100000,엘앤케이바이오,KOSDAQ,벤처기업부,4200,2,-10,-0.24,4210,4320,4110,54930,230639532,93874842600,22351153,KSQ
738,088130,KR7088130000,동아엘텍,KOSDAQ,우량기업부,5350,2,-90,-1.65,5380,5420,5260,25712,137177850,93546429900,17485314,KSQ
739,317770,KR7317770006,엑스페릭스,KOSDAQ,벤처기업부,2550,1,5,0.2,2580,2580,2500,20211,51116725,93442567200,36644144,KSQ
740,079650,KR7079650008,서산,KOSDAQ,중견기업부,4630,2,-110,-2.32,4795,4980,4530,860206,4084057524,92600000000,20000000,KSQ
741,217820,KR7217820000,원익피앤이,KOSDAQ,중견기업부,1947,2,-25,-1.27,1967,1985,1928,100517,196065723,92394026373,47454559,KSQ
742,109610,KR7109610006,에스와이,KOSDAQ,중견기업부,1888,1,64,3.51,1881,2065,1865,422398,816196023,92337171200,48907400,KSQ
743,172670,KR7172670002,에이엘티,KOSDAQ,벤처기업부,10250,2,-280,-2.66,10470,10850,10000,45532,468747350,91842654750,8960259,KSQ
744,282720,KR7282720002,금양그린파워,KOSDAQ,중견기업부,7550,1,100,1.34,7450,7730,7450,12676,95602985,91502225000,12119500,KSQ
745,029480,KR7029480001,광무,KOSDAQ,중견기업부,1532,2,-32,-2.05,1591,1595,1524,55649,86928018,91489710224,59719132,KSQ
746,129920,KR7129920005,대성하이텍,KOSDAQ,벤처기업부,5630,2,-140,-2.43,5770,5890,5500,36920,207652650,91480158480,16248696,KSQ
747,226400,KR7226400000,오스테오닉,KOSDAQ,기술성장기업부,4420,1,80,1.84,4340,4525,4340,41962,186130224,91324276420,20661601,KSQ
748,099750,KR7099750002,이지케어텍,KOSDAQ,벤처기업부,6680,2,-80,-1.18,6760,6760,6530,6298,41778030,91243275640,13659173,KSQ
749,093920,KR7093920007,서원인텍,KOSDAQ,우량기업부,4905,1,15,0.31,4890,4935,4870,3798,18606475,91233000000,18600000,KSQ
750,263720,KR7263720005,디앤씨미디어,KOSDAQ,우량기업부,7350,2,-80,-1.08,7430,7470,7330,8750,64373945,91232543850,12412591,KSQ
751,023900,KR7023900004,풍국주정,KOSDAQ,우량기업부,7230,2,-10,-0.14,7370,7370,7100,1875,13617880,91098000000,12600000,KSQ
752,052420,KR7052420007,오성첨단소재,KOSDAQ,우량기업부,9350,1,60,0.65,9290,9490,9210,24891,233817365,91087784150,9742009,KSQ
753,040420,KR7040420002,정상제이엘에스,KOSDAQ,우량기업부,5810,2,-20,-0.34,5790,5830,5790,2608,15145020,91086577120,15677552,KSQ
754,323990,KR7323990002,박셀바이오,KOSDAQ,기술성장기업부,3910,2,-20,-0.51,3900,3995,3880,42031,165171582,90936218950,23257345,KSQ
755,053580,KR7053580007,웹케시,KOSDAQ,우량기업부,7010,2,-20,-0.28,7020,7170,7000,4138,29147230,90810596360,12954436,KSQ
756,187790,KR7187790001,나노,KOSDAQ,벤처기업부,2940,2,-50,-1.67,2965,3055,2910,17943,53100845,90672040200,30840830,KSQ
757,125210,KR7125210005,아모그린텍,KOSDAQ,우량기업부,5490,2,-100,-1.79,5560,5630,5440,16134,88660710,90567377100,16496790,KSQ
758,036010,KR7036010007,아비코전자,KOSDAQ,중견기업부,6770,2,-70,-1.02,6830,6990,6680,34119,230760020,89993163180,13292934,KSQ
759,290660,KR7290660000,다이나믹솔루션,KOSDAQ,기술성장기업부,2100,1,50,2.44,2065,2145,2015,426750,884757879,89959564800,42837888,KSQ
760,357230,KR7357230002,에이치피오,KOSDAQ,우량기업부,2175,2,-30,-1.36,2205,2205,2155,8157,17704030,89813310300,41293476,KSQ
761,209640,KR7209640002,와이제이링크,KOSDAQ,중견기업부,3155,2,-45,-1.41,3200,3280,3100,33693,106585220,89738125630,28443146,KSQ
762,413390,KR7413390006,엠오티,KOSDAQ,중견기업부,7670,1,330,4.5,7420,7690,7110,42458,319279245,88819980600,11580180,KSQ
763,330730,KR7330730003,스톤브릿지벤처스,KOSDAQ,벤처기업부,4875,2,-75,-1.52,4910,5000,4825,10425,50754030,88811921250,18217830,KSQ
764,009300,KR7009300005,삼아제약,KOSDAQ,우량기업부,13930,2,-120,-0.85,14050,14900,13000,8386,117276835,88734100000,6370000,KSQ
765,047560,KR7047560008,이스트소프트,KOSDAQ,중견기업부,7540,1,60,0.8,7480,7630,7380,7485,56105160,88618238280,11753082,KSQ
766,107600,KR7107600009,새빗켐,KOSDAQ,벤처기업부,15630,2,-670,-4.11,16300,16300,15400,17139,268355750,88310344020,5650054,KSQ
767,025950,KR7025950007,동신건설,KOSDAQ,우량기업부,10510,1,180,1.74,10560,10760,10390,27571,292679830,88284000000,8400000,KSQ
768,387690,KR7387690001,레메디,KOSDAQ,기술성장기업부,11550,2,-350,-2.94,11860,12220,10980,299138,3411278145,88077886050,7625791,KSQ
769,042510,KR7042510008,라온시큐어,KOSDAQ,벤처기업부,7930,2,-100,-1.25,8070,8070,7810,9681,76579050,88069216040,11105828,KSQ
770,322180,KR7322180001,LS티라유텍,KOSDAQ,벤처기업부,4090,2,-50,-1.21,4135,4180,4015,35754,145871345,87919073540,21496106,KSQ
771,096240,KR7096240007,크레버스,KOSDAQ,우량기업부,8570,2,-180,-2.06,8700,8700,8570,1686,14520150,87741202600,10238180,KSQ
772,419050,KR7419050000,삼기에너지솔루션즈,KOSDAQ,중견기업부,1531,2,-31,-1.98,1565,1579,1512,265869,408480117,87567443440,57196240,KSQ
773,078140,KR7078140001,대봉엘에스,KOSDAQ,우량기업부,7890,2,-30,-0.38,7920,7930,7840,4413,34816450,87473108310,11086579,KSQ
774,282620,KR7282620004,기도산업,KOSDAQ,중견기업부,14910,2,-110,-0.73,15140,15460,14400,303411,4514478805,87383141370,5860707,KSQ
775,044990,KR7044990000,에이치엔에스하이텍,KOSDAQ,기술성장기업부,11320,1,60,0.53,11280,11500,11090,8075,90320060,86999011000,7685425,KSQ
776,289930,KR7289930000,웨이비스,KOSDAQ,기술성장기업부,6610,1,80,1.23,6530,6720,6400,15390,100403510,86914956100,13149010,KSQ
777,004650,KR7004650008,창해에탄올,KOSDAQ,우량기업부,9430,2,-40,-0.42,9470,9480,9400,9259,87353705,86670045550,9190885,KSQ
778,032300,KR7032300006,한국파마,KOSDAQ,중견기업부,7940,1,10,0.13,8070,8070,7870,1994,15918470,86599205940,10906701,KSQ
779,182360,KR7182360008,큐브엔터,KOSDAQ,우량기업부,5550,1,50,0.91,5490,5640,5490,9881,55010810,86272452300,15544586,KSQ
780,493330,KR7493330005,지에프아이,KOSDAQ,벤처기업부,10730,2,-230,-2.1,10960,10960,10620,11004,117728410,86263974490,8039513,KSQ
781,063080,KR7063080006,컴투스홀딩스,KOSDAQ,중견기업부,13000,2,-20,-0.15,13010,13270,12680,3922,50936930,85737496000,6595192,KSQ
782,052460,KR7052460003,아이크래프트,KOSDAQ,벤처기업부,5860,1,280,5.02,5450,5880,5050,280328,1566233435,85602504960,14607936,KSQ
783,072020,KR7072020001,중앙백신,KOSDAQ,벤처기업부,9240,2,-50,-0.54,9310,9330,9220,4276,39519890,85532656440,9256781,KSQ
784,306620,KR7306620006,지아이에스,KOSDAQ,벤처기업부,1779,1,19,1.08,1760,1799,1730,61797,108544811,85289145336,47942184,KSQ
785,130580,KR7130580004,나이스디앤비,KOSDAQ,우량기업부,5530,2,-30,-0.54,5560,5560,5490,558,3070570,85162000000,15400000,KSQ
786,053350,KR7053350005,이니텍,KOSDAQ,중견기업부,3865,2,-20,-0.51,3825,3935,3825,24460,95075795,85111416225,22021065,KSQ
787,086960,KR7086960002,MDS테크,KOSDAQ,우량기업부,2000,1,10,0.5,1991,2025,1956,74874,149123050,85057340000,42528670,KSQ
788,149980,KR7149980005,하이로닉,KOSDAQ,중견기업부,4945,2,-55,-1.1,5080,5080,4890,3009,14882680,85049282470,17199046,KSQ
789,033290,KR7033290008,로젠,KOSDAQ,우량기업부,1513,2,-11,-0.72,1524,1527,1513,4995,7592894,84964483413,56156301,KSQ
790,048530,KR7048530000,인트론바이오,KOSDAQ,기술성장기업부,2750,2,-90,-3.17,2840,2845,2735,23423,64808760,84952334500,30891758,KSQ
791,337930,KR7337930002,젝시믹스,KOSDAQ,우량기업부,2855,2,-10,-0.35,2880,2880,2830,18534,52764192,84726336125,29676475,KSQ
792,037030,KR7037030004,파워넷,KOSDAQ,우량기업부,3315,2,-30,-0.9,3350,3390,3240,57649,189520815,84575568480,25512992,KSQ
793,290740,KR7290740000,액트로,KOSDAQ,벤처기업부,8400,1,590,7.55,8120,8760,7900,63749,534624380,84546092400,10065011,KSQ
794,302550,KR7302550009,리메드,KOSDAQ,기술성장기업부,2735,1,30,1.11,2705,2765,2705,4480,12262325,84531055250,30907150,KSQ
795,066980,KR7066980004,한성크린텍,KOSDAQ,벤처기업부,1566,2,-2,-0.13,1568,1579,1531,127740,199529752,83998285632,53638752,KSQ
796,049180,KR7049180003,셀루메드,KOSDAQ,투자주의환기종목(소속부없음),1009,0,0,0.0,0,0,0,0,0,83975227728,83226192,KSQ
797,183490,KR7183490002,엔지켐생명과학,KOSDAQ,관리종목(소속부없음),990,0,0,0.0,0,0,0,0,0,83793832650,84640235,KSQ
798,217190,KR7217190008,제너셈,KOSDAQ,벤처기업부,6370,2,-100,-1.55,6400,6690,6250,39254,251023790,83789457570,13153761,KSQ
799,215100,KR7215100009,로보로보,KOSDAQ,벤처기업부,4115,2,-15,-0.36,4140,4170,3990,26455,108401495,83733888210,20348454,KSQ
800,452190,KR7452190002,한빛레이저,KOSDAQ,벤처기업부,3500,1,15,0.43,3485,3565,3405,25292,88230345,83721949500,23920557,KSQ
801,054540,KR7054540000,삼영엠텍,KOSDAQ,우량기업부,6440,2,-20,-0.31,6410,6550,6370,49022,316597330,83720000000,13000000,KSQ
802,019550,KR7019550003,SBI인베스트먼트,KOSDAQ,중견기업부,1033,2,-9,-0.86,1051,1051,1023,107308,110643062,83707385471,81033287,KSQ
803,223250,KR7223250002,드림씨아이에스,KOSDAQ,벤처기업부,3390,2,-95,-2.73,3535,3575,3370,64361,223669358,83395505160,24600444,KSQ
804,066430,KR7066430000,아이로보틱스,KOSDAQ,중견기업부,2120,2,-25,-1.17,2160,2200,2075,447996,949157051,83005369120,39153476,KSQ
805,201490,KR7201490000,미투온,KOSDAQ,중견기업부,2530,2,-95,-3.62,2590,2620,2495,580810,1474955950,82791026780,32723726,KSQ
806,065450,KR7065450009,빅텍,KOSDAQ,벤처기업부,2805,2,-85,-2.94,2890,2895,2790,358407,1011858606,82735727415,29495803,KSQ
807,487580,KR7487580003,폴레드,KOSDAQ,벤처기업부,3285,2,-60,-1.79,3310,3400,3240,67048,222726322,82725698385,25182861,KSQ
808,039980,KR7039980008,폴라리스AI,KOSDAQ,중견기업부,5750,2,-90,-1.54,5820,5860,5670,88906,512716605,82691980500,14381214,KSQ
809,064800,KR7064800006,포니링크,KOSDAQ,중견기업부,3235,1,270,9.11,2965,3290,2955,182078,574860043,82691319865,25561459,KSQ
810,371950,KR7371950007,풍원정밀,KOSDAQ,기술성장기업부,3620,1,270,8.06,3400,3685,3350,50980,178415965,82462405400,22779670,KSQ
811,054670,KR7054670005,대한뉴팜,KOSDAQ,우량기업부,5720,2,-70,-1.21,5800,5830,5720,3621,20857390,82110142400,14354920,KSQ
812,040910,KR7040910002,아이씨디,KOSDAQ,중견기업부,4515,1,105,2.38,4430,4675,4410,2330,10409116,82056851625,18174275,KSQ
813,104460,KR7104460001,디와이피엔에프,KOSDAQ,우량기업부,7800,1,60,0.78,7750,7880,7720,5704,44290150,82041187800,10518101,KSQ
814,0155E0,KR70155E0001,해치텍,KOSDAQ,기술성장기업부,14940,1,1010,7.25,14380,15100,13010,2333511,32778561145,81978021000,5487150,KSQ
815,102370,KR7102370004,케이옥션,KOSDAQ,기술성장기업부,3165,2,-25,-0.78,3190,3190,3125,8924,28116950,81936437850,25888290,KSQ
816,950250,KR8826050005,테라뷰,KOSDAQ,기술성장기업부,2305,1,5,0.22,2285,2340,2275,50043,115229045,81868369955,35517731,KSQ
817,175250,KR7175250000,아이큐어,KOSDAQ,관리종목(소속부없음),2170,0,0,0.0,0,0,0,0,0,81501658560,37558368,KSQ
818,137950,KR7137950002,제이씨케미칼,KOSDAQ,우량기업부,3660,2,-30,-0.81,3690,3735,3640,22866,83990525,81500199240,22267814,KSQ
819,950130,KR8840090003,엑세스바이오,KOSDAQ,외국기업(소속부없음),2315,2,-50,-2.11,2365,2385,2280,51399,119526656,81427425710,35173834,KSQ
820,418470,KR7418470001,KT밀리의서재,KOSDAQ,우량기업부,9480,1,20,0.21,9590,9610,9460,5807,55195185,81203679720,8565789,KSQ
821,381620,KR7381620004,제닉스로보틱스,KOSDAQ,중견기업부,6180,2,-40,-0.64,6290,6350,6070,29646,184115515,81068745600,13117920,KSQ
822,412540,KR7412540007,제일엠앤에스,KOSDAQ,관리종목(소속부없음),3935,0,0,0.0,0,0,0,0,0,81063616775,20600665,KSQ
823,045970,KR7045970001,코아시아,KOSDAQ,중견기업부,3080,2,-60,-1.91,3140,3140,2995,22173,67552243,81049818080,26314876,KSQ
824,038680,KR7038680005,에스넷,KOSDAQ,우량기업부,4070,2,-50,-1.21,4135,4200,3995,106174,432916520,81044452940,19912642,KSQ
825,036640,KR7036640001,HRS,KOSDAQ,우량기업부,4950,2,-10,-0.2,4960,4970,4920,7789,38448160,80956260000,16354800,KSQ
826,185490,KR7185490000,아이진,KOSDAQ,벤처기업부,1872,1,26,1.41,1934,1934,1845,26766,49967299,80926155648,43229784,KSQ
827,076610,KR7076610005,해성옵틱스,KOSDAQ,벤처기업부,1361,2,-50,-3.54,1438,1438,1339,534019,728440682,80620440980,59236180,KSQ
828,214680,KR7214680001,디알텍,KOSDAQ,벤처기업부,960,0,0,0.0,0,0,0,0,0,80137973760,83477056,KSQ
829,058820,KR7058820002,CMG제약,KOSDAQ,관리종목(소속부없음),541,1,5,0.93,536,547,528,600329,322243312,80134843796,148123556,KSQ
830,038110,KR7038110003,에코플라스틱,KOSDAQ,우량기업부,1944,2,-12,-0.61,1957,1970,1928,44711,86940489,80033255280,41169370,KSQ
831,0017J0,KR70017J0004,세미티에스,KOSDAQ,벤처기업부,2650,2,-65,-2.39,2715,2750,2610,114229,302693537,79862050950,30136623,KSQ
832,091120,KR7091120006,이엠텍,KOSDAQ,중견기업부,4660,2,-90,-1.89,4750,4900,4640,41421,198172699,79839481760,17132936,KSQ
833,0011A0,KR70011A0009,액스비스,KOSDAQ,벤처기업부,8540,1,40,0.47,8560,9240,8460,28424,250385545,79710139600,9333740,KSQ
834,040160,KR7040160004,누리플렉스,KOSDAQ,중견기업부,6610,2,-50,-0.75,6660,6750,6500,4213,27851340,79687086350,12055535,KSQ
835,078890,KR7078890001,가온그룹,KOSDAQ,중견기업부,4320,2,-20,-0.46,4430,4430,4200,17743,76023580,79595753760,18424943,KSQ
836,389030,KR7389030008,지니너스,KOSDAQ,기술성장기업부,2015,2,-40,-1.95,2060,2120,2010,119844,245698675,79375426065,39392271,KSQ
837,007820,KR7007820004,엠엑스로보틱스,KOSDAQ,중견기업부,3960,2,-130,-3.18,4085,4090,3865,164310,649822106,79334426160,20033946,KSQ
838,131370,KR7131370009,알서포트,KOSDAQ,벤처기업부,1489,2,-3,-0.2,1481,1505,1474,27133,40317373,79314686587,53267083,KSQ
839,263800,KR7263800005,데이타솔루션,KOSDAQ,중견기업부,4885,2,-100,-2.01,4900,4985,4810,56162,273700979,79260981300,16225380,KSQ
840,251120,KR7251120002,바이오에프디엔씨,KOSDAQ,기술성장기업부,9100,1,100,1.11,9000,9200,8820,2980,26977700,79130870000,8695700,KSQ
841,011370,KR7011370004,서한,KOSDAQ,우량기업부,783,0,0,0.0,0,0,0,0,0,79000679295,100894865,KSQ
842,037760,KR7037760006,쎄니트,KOSDAQ,중견기업부,2335,2,-50,-2.1,2385,2385,2315,3536,8212230,78999870535,33832921,KSQ
843,432470,KR7432470003,케이엔에스,KOSDAQ,벤처기업부,9000,1,240,2.74,8850,9100,8450,107017,931516420,78944004000,8771556,KSQ
844,101330,KR7101330009,모베이스,KOSDAQ,중견기업부,3410,2,-60,-1.73,3495,3495,3390,20719,70774663,78931368890,23147029,KSQ
845,053280,KR7053280004,예스24,KOSDAQ,중견기업부,3150,2,-15,-0.47,3185,3185,3145,3261,10289395,78750000000,25000000,KSQ
846,012700,KR7012700001,리드코프,KOSDAQ,우량기업부,3005,2,-10,-0.33,3030,3075,2995,11525,34627630,78715530260,26194852,KSQ
847,067000,KR7067000000,조이시티,KOSDAQ,중견기업부,1124,2,-18,-1.58,1140,1150,1104,66005,74124999,78571473304,69903446,KSQ
848,047820,KR7047820006,초록뱀미디어,KOSDAQ,중견기업부,3210,2,-15,-0.47,3250,3315,3160,4059,13124949,78497115300,24453930,KSQ
849,198440,KR7198440000,강동씨앤엘,KOSDAQ,중견기업부,1288,2,-6,-0.46,1282,1330,1265,247403,320422181,78480282048,60931896,KSQ
850,451250,KR7451250005,삐아,KOSDAQ,벤처기업부,7670,1,10,0.13,7550,7850,7520,11328,86612580,78432476590,10225877,KSQ
851,124560,KR7124560004,태웅로직스,KOSDAQ,우량기업부,2020,2,-25,-1.22,2055,2070,1983,18409,37270741,78216038220,38720811,KSQ
852,066700,KR7066700006,테라젠이텍스,KOSDAQ,중견기업부,2105,2,-25,-1.17,2120,2160,2100,20842,44403675,78205751480,37152376,KSQ
853,475430,KR7475430005,키스트론,KOSDAQ,중견기업부,4370,1,70,1.63,4300,4395,4270,48043,207692171,77996240700,17848110,KSQ
854,100130,KR7100130004,동국S&C,KOSDAQ,중견기업부,1364,1,9,0.66,1355,1379,1338,31109,42455710,77943052000,57143000,KSQ
855,270520,KR7270520000,앱튼,KOSDAQ,투자주의환기종목(소속부없음),3355,2,-265,-7.32,3975,3975,3200,342085,1155239086,77698156470,23158914,KSQ
856,365330,KR7365330000,에스와이스틸텍,KOSDAQ,우량기업부,1548,1,48,3.2,1587,1745,1535,2036630,3257140587,77664708000,50171000,KSQ
857,212710,KR7212710008,아이에스티이,KOSDAQ,기술성장기업부,7990,2,-250,-3.03,8250,8260,7900,27896,224616195,77622674220,9714978,KSQ
858,950200,KR8840150005,소마젠,KOSDAQ,외국기업(소속부없음),4030,1,615,18.01,3700,4350,3560,2316229,9238127797,77521293590,19236053,KSQ
859,115440,KR7115440000,우리넷,KOSDAQ,우량기업부,7180,2,-90,-1.24,7500,7520,7070,25308,181961310,77503016560,10794292,KSQ
860,347890,KR7347890006,엠엑스온,KOSDAQ,벤처기업부,4550,2,-10,-0.22,4555,4635,4480,3810,17266360,77410078200,17013204,KSQ
861,045660,KR7045660008,에이텍,KOSDAQ,우량기업부,9350,2,-50,-0.53,9300,9490,9300,3906,36587640,77231000000,8260000,KSQ
862,024880,KR7024880007,케이피에프,KOSDAQ,우량기업부,3870,2,-20,-0.51,3860,3900,3855,8870,34461960,77174084880,19941624,KSQ
863,246960,KR7246960009,SCL사이언스,KOSDAQ,기술성장기업부,2260,1,60,2.73,2200,2390,2160,164307,376195923,76878526220,34017047,KSQ
864,052900,KR7052900008,KX하이텍,KOSDAQ,우량기업부,998,2,-31,-3.01,1039,1044,992,300520,302109214,76514753820,76668090,KSQ
865,065510,KR7065510000,휴비츠,KOSDAQ,우량기업부,7030,1,30,0.43,6950,7050,6950,10180,71500270,76471601850,10877895,KSQ
866,170030,KR7170030001,현대공업,KOSDAQ,우량기업부,4985,1,45,0.91,4900,5040,4900,13799,68521760,76469900000,15340000,KSQ
867,217330,KR7217330000,싸이토젠,KOSDAQ,기술성장기업부,3300,2,-60,-1.79,3355,3520,3125,47619,158626020,76327505100,23129547,KSQ
868,058630,KR7058630005,엠게임,KOSDAQ,우량기업부,4065,2,-5,-0.12,4085,4085,4010,5219,21173542,76310513310,18772574,KSQ
869,900300,HK0000312568,오가닉티코스메틱,KOSDAQ,외국기업(소속부없음),3700,2,-225,-5.73,3830,4130,3690,913385,3569044381,76146358900,20580097,KSQ
870,073640,KR7073640005,테라사이언스,KOSDAQ,관리종목(소속부없음),654,0,0,0.0,0,0,0,0,0,76111715580,116378770,KSQ
871,091590,KR7091590000,남화토건,KOSDAQ,중견기업부,6480,1,70,1.09,6490,7030,6320,550749,3650968965,76075200000,11740000,KSQ
872,331380,KR7331380006,포커스에이아이,KOSDAQ,투자주의환기종목(소속부없음),2075,2,-5,-0.24,2080,2170,2005,23368,47558835,75863796950,36560866,KSQ
873,265560,KR7265560003,영화테크,KOSDAQ,우량기업부,7090,2,-40,-0.56,7130,7140,7070,1119,7938780,75793376200,10690180,KSQ
874,463020,KR7463020008,뉴엔AI,KOSDAQ,기술성장기업부,8430,2,-270,-3.1,8750,8850,8410,29400,251628635,75762096000,8987200,KSQ
875,033560,KR7033560004,블루콤,KOSDAQ,중견기업부,4430,2,-150,-3.28,4500,4575,4405,6562,29208986,75753000000,17100000,KSQ
876,080010,KR7080010002,이상네트웍스,KOSDAQ,중견기업부,7700,2,-40,-0.52,7740,7930,7630,2125,16445720,75730046700,9835071,KSQ
877,900260,HK0000295359,로스웰,KOSDAQ,외국기업(소속부없음),1645,2,-26,-1.56,1671,1671,1642,3795,6304817,75718866370,46029706,KSQ
878,019540,KR7019540004,일지테크,KOSDAQ,우량기업부,5590,1,30,0.54,5650,5670,5540,28344,157964210,75540465000,13513500,KSQ
879,067170,KR7067170001,오텍,KOSDAQ,중견기업부,2740,1,115,4.38,2635,2800,2570,324156,871305544,75242715300,27460845,KSQ
880,024830,KR7024830002,세원물산,KOSDAQ,중견기업부,9000,2,-10,-0.11,8970,9070,8900,134,1206070,75150000000,8350000,KSQ
881,090470,KR7090470006,제이스로보틱스,KOSDAQ,벤처기업부,4300,2,-195,-4.34,4495,4495,4230,3675,15808425,75149354200,17476594,KSQ
882,105740,KR7105740005,디케이락,KOSDAQ,우량기업부,7390,1,140,1.93,7250,7550,7170,63440,469612055,75145311070,10168513,KSQ
883,017480,KR7017480005,삼현철강,KOSDAQ,우량기업부,4840,2,-20,-0.41,4865,4880,4815,6205,29962600,74743587600,15442890,KSQ
884,214260,KR7214260002,라파스,KOSDAQ,기술성장기업부,8370,2,-80,-0.95,8440,8600,8300,3458,28985950,74681015310,8922463,KSQ
885,307870,KR7307870006,비투엔,KOSDAQ,벤처기업부,1002,2,-13,-1.28,1004,1020,981,196268,194935435,74447883570,74299285,KSQ
886,096350,KR7096350004,대창솔루션,KOSDAQ,벤처기업부,2020,1,60,3.06,1991,2140,1991,533906,1097833041,74446619240,36854762,KSQ
887,382840,KR7382840007,원준,KOSDAQ,중견기업부,4870,2,-35,-0.71,4865,5000,4820,14936,73122222,74372599470,15271581,KSQ
888,483350,KR7483350005,딜리셔스,KOSDAQ,기술성장기업부,3380,1,45,1.35,3335,3460,3255,454587,1516001169,73950884800,21878960,KSQ
889,208140,KR7208140004,정다운,KOSDAQ,우량기업부,2260,1,5,0.22,2255,2265,2250,8295,18727071,73866395960,32684246,KSQ
890,041930,KR7041930009,SY동아,KOSDAQ,우량기업부,4855,3,0,0.0,4860,4860,4775,7035,34100250,73796000000,15200000,KSQ
891,067370,KR7067370007,선바이오,KOSDAQ,기술성장기업부,6040,1,10,0.17,6000,6120,5860,1840,11022260,73771599640,12213841,KSQ
892,173130,KR7173130006,오파스넷,KOSDAQ,중견기업부,5650,2,-60,-1.05,5720,5740,5620,9582,54201490,73712572450,13046473,KSQ
893,128660,KR7128660008,피제이메탈,KOSDAQ,우량기업부,2965,2,-35,-1.17,3000,3010,2955,28837,85678808,73541989085,24803369,KSQ
894,011320,KR7011320009,유니크,KOSDAQ,우량기업부,3805,2,-15,-0.39,3820,3820,3775,2711,10310660,73515244475,19320695,KSQ
895,389140,KR7389140005,포바이포,KOSDAQ,벤처기업부,5150,1,110,2.18,5040,5210,4987,31888,162353367,73489135250,14269735,KSQ
896,303810,KR7303810006,동국생명과학,KOSDAQ,중견기업부,2295,1,50,2.23,2260,2320,2250,45094,102895735,73403601300,31984140,KSQ
897,234300,KR7234300002,에스트래픽,KOSDAQ,우량기업부,2695,2,-35,-1.28,2710,2735,2680,9283,25071910,73324967100,27207780,KSQ
898,054040,KR7054040001,한국컴퓨터,KOSDAQ,우량기업부,4560,2,-10,-0.22,4570,4600,4545,8037,36648390,73285082400,16071290,KSQ
899,004590,KR7004590006,한국가구,KOSDAQ,중견기업부,4885,2,-100,-2.01,4970,5010,4865,24716,121455565,73275000000,15000000,KSQ
900,010280,KR7010280006,아이티센엔텍,KOSDAQ,우량기업부,5620,1,20,0.36,5780,5780,5550,29091,162341970,73199134340,13024757,KSQ
901,0218L0,KR70218L0007,네오뷰,KOSDAQ,중견기업부,13840,2,-430,-3.01,14270,14290,13800,16221,224842530,73022262000,5276175,KSQ
902,020710,KR7020710000,시공테크,KOSDAQ,우량기업부,3640,1,70,1.96,3785,3785,3565,64648,235175781,72974610800,20047970,KSQ
903,030960,KR7030960009,양지사,KOSDAQ,중견기업부,4545,2,-5,-0.11,4515,4575,4500,18453,83687485,72629100000,15980000,KSQ
904,142280,KR7142280007,녹십자엠에스,KOSDAQ,중견기업부,3030,2,-5,-0.16,3035,3085,2960,713926,2164003950,72607983930,23963031,KSQ
905,060590,KR7060590007,씨티씨바이오,KOSDAQ,중견기업부,3000,2,-5,-0.17,3020,3040,2975,10638,31861340,72543060000,24181020,KSQ
906,228670,KR7228670006,레이,KOSDAQ,벤처기업부,4630,1,50,1.09,4610,4750,4530,10532,48683950,72413297230,15640021,KSQ
907,041910,KR7041910001,폴라리스AI파마,KOSDAQ,우량기업부,5450,1,140,2.64,5310,5460,5300,31654,171134400,72394257500,13283350,KSQ
908,377480,KR7377480009,마음AI,KOSDAQ,기술성장기업부,10150,2,-100,-0.98,10250,10350,10050,13099,133157090,72169291250,7110275,KSQ
909,171120,KR7171120009,라이온켐텍,KOSDAQ,우량기업부,2010,2,-5,-0.25,2015,2025,2000,39107,78414725,72162537600,35901760,KSQ
910,084730,KR7084730001,팅크웨어,KOSDAQ,중견기업부,6490,2,-30,-0.46,6520,6580,6280,2875,18519030,72100161760,11109424,KSQ
911,079810,KR7079810008,APS이노베이션,KOSDAQ,우량기업부,3345,1,15,0.45,3335,3415,3250,29750,98558950,72011474430,21528094,KSQ
912,234030,KR7234030005,싸이닉솔루션,KOSDAQ,중견기업부,3050,2,-25,-0.81,3075,3090,2995,8097,24469197,71995250000,23605000,KSQ
913,094860,KR7094860004,네오리진,KOSDAQ,중견기업부,1355,1,30,2.26,1325,1355,1311,58991,78738136,71964068970,53110014,KSQ
914,234920,KR7234920007,자이글,KOSDAQ,관리종목(소속부없음),5310,0,0,0.0,0,0,0,0,0,71849132100,13530910,KSQ
915,067570,KR7067570002,엔브이에이치코리아,KOSDAQ,중견기업부,1703,1,6,0.35,1700,1765,1678,143747,244723664,71815510000,42170000,KSQ
916,302430,KR7302430004,이노메트리,KOSDAQ,벤처기업부,7300,2,-400,-5.19,7740,7850,7300,203977,1536296110,71782418400,9833208,KSQ
917,088390,KR7088390000,이녹스,KOSDAQ,중견기업부,7640,2,-110,-1.42,7620,7710,7520,620,4718810,71707848160,9385844,KSQ
918,012790,KR7012790002,신일제약,KOSDAQ,우량기업부,5980,1,30,0.5,5950,6000,5930,2996,17857130,71678761700,11986415,KSQ
919,253840,KR7253840003,수젠텍,KOSDAQ,중견기업부,4280,2,-90,-2.06,4390,4500,4265,479806,2096906127,71660896000,16743200,KSQ
920,204840,KR7204840003,지엘팜텍,KOSDAQ,기술성장기업부,4595,1,30,0.66,4555,4695,4470,26939,123979592,71267535595,15509801,KSQ
921,085670,KR7085670008,뉴프렉스,KOSDAQ,우량기업부,2905,2,-10,-0.34,2960,2960,2885,20562,59635420,71174710705,24500761,KSQ
922,205470,KR7205470008,휴마시스,KOSDAQ,중견기업부,2880,2,-20,-0.69,2905,2975,2840,55536,160496850,71064002880,24675001,KSQ
923,0015S0,KR70015S0005,페스카로,KOSDAQ,기술성장기업부,7200,1,100,1.41,7060,7300,7020,4848,34621990,71040456000,9866730,KSQ
924,033130,KR7033130006,디지틀조선,KOSDAQ,중견기업부,1914,1,10,0.53,1904,1966,1898,18909,36114824,71038621038,37115267,KSQ
925,000440,KR7000440008,중앙에너비스,KOSDAQ,중견기업부,11400,2,-310,-2.65,11710,11760,11370,6794,78277700,70989282000,6227130,KSQ
926,104040,KR7104040001,디에스엠,KOSDAQ,벤처기업부,2645,2,-10,-0.38,2635,2745,2610,24089,63768505,70921879425,26813565,KSQ
927,006140,KR7006140008,피제이전자,KOSDAQ,우량기업부,4770,2,-20,-0.42,4975,4975,4720,21008,100412922,70906050000,14865000,KSQ
928,083790,KR7083790006,CG인바이츠,KOSDAQ,벤처기업부,918,1,33,3.73,910,939,886,107096,98319822,70588859076,76894182,KSQ
929,058400,KR7058400003,KNN,KOSDAQ,우량기업부,5330,1,70,1.33,5300,5390,5300,3641,19396120,70585040760,13242972,KSQ
930,048910,KR7048910004,대원미디어,KOSDAQ,우량기업부,5610,2,-10,-0.18,5560,5680,5500,10948,61003560,70567887060,12578946,KSQ
931,225530,KR7225530005,HC보광산업,KOSDAQ,우량기업부,1941,2,-49,-2.46,1987,1987,1936,15867,30913215,70533469107,36338727,KSQ
932,153710,KR7153710009,옵티팜,KOSDAQ,기술성장기업부,4805,1,25,0.52,5000,5000,4685,2582,12488785,70489148190,14669958,KSQ
933,261780,KR7261780001,아리바이오랩,KOSDAQ,기술성장기업부,2430,2,-20,-0.82,2460,2490,2405,58010,141711350,70363021680,28955976,KSQ
934,332370,KR7332370006,아이디피,KOSDAQ,벤처기업부,5300,3,0,0.0,5300,5300,5270,63,333540,70350747800,13273726,KSQ
935,417790,KR7417790003,트루엔,KOSDAQ,벤처기업부,6715,1,15,0.22,6700,6740,6690,7017,47107925,70295245565,10468391,KSQ
936,294630,KR7294630009,서남,KOSDAQ,기술성장기업부,2645,2,-5,-0.19,2645,2740,2605,28330,75241488,70090328455,26499179,KSQ
937,0117P0,KR70117P0005,피스피스스튜디오,KOSDAQ,중견기업부,4945,2,-285,-5.45,5230,5230,4915,194234,969146357,70065264895,14168911,KSQ
938,388870,KR7388870008,파로스아이바이오,KOSDAQ,기술성장기업부,5400,1,70,1.31,5340,5420,5270,17291,92248030,69908032800,12945932,KSQ
939,443670,KR7443670005,에스피소프트,KOSDAQ,중견기업부,2910,2,-35,-1.19,2920,2960,2895,12876,37695145,69870741240,24010564,KSQ
940,347000,KR7347000002,센코,KOSDAQ,기술성장기업부,1846,2,-17,-0.91,1863,1882,1841,29003,53827806,69798821716,37810846,KSQ
941,072950,KR7072950009,빛샘전자,KOSDAQ,벤처기업부,8660,2,-10,-0.12,8670,8950,8480,129015,1124500810,69735602600,8052610,KSQ
942,038460,KR7038460002,바이오스마트,KOSDAQ,우량기업부,2755,2,-30,-1.08,2750,2805,2725,29912,82589110,69631363210,25274542,KSQ
943,110790,KR7110790003,크리스에프앤씨,KOSDAQ,우량기업부,2970,2,-10,-0.34,2980,3000,2945,764,2280695,69589951200,23430960,KSQ
944,478560,KR7478560006,블랙야크아이앤씨,KOSDAQ,벤처기업부,2690,2,-45,-1.65,2735,2750,2680,9325,25265567,69483501620,25830298,KSQ
945,096250,KR7096250006,와이즈넛,KOSDAQ,기술성장기업부,5870,1,10,0.17,5860,5960,5660,11378,65509870,69353351470,11814881,KSQ
946,026150,KR7026150003,특수건설,KOSDAQ,중견기업부,3950,1,110,2.86,3900,4025,3880,32256,127860565,69308007450,17546331,KSQ
947,137080,KR7137080008,나래나노텍,KOSDAQ,중견기업부,6470,1,70,1.09,6450,6510,6320,10652,68322120,69293370030,10709949,KSQ
948,196490,KR7196490007,디에이테크놀로지,KOSDAQ,투자주의환기종목(소속부없음),6090,0,0,0.0,0,0,0,0,0,69131518050,11351645,KSQ
949,147760,KR7147760003,피엠티,KOSDAQ,벤처기업부,3455,2,-70,-1.99,3630,3630,3335,19481,66610450,69100000000,20000000,KSQ
950,451220,KR7451220008,아이엠티,KOSDAQ,기술성장기업부,8770,2,-130,-1.46,8900,9130,8470,25397,220471220,69060338470,7874611,KSQ
951,048430,KR7048430003,유라테크,KOSDAQ,우량기업부,5990,2,-60,-0.99,6090,6100,5940,2227,13415490,69004800000,11520000,KSQ
952,457370,KR7457370005,한켐,KOSDAQ,중견기업부,8530,2,-160,-1.84,8680,9060,8360,261640,2267464505,68812653020,8067134,KSQ
953,066310,KR7066310004,큐에스아이,KOSDAQ,벤처기업부,7420,2,-10,-0.13,7440,7560,7270,14382,106790980,68795427820,9271621,KSQ
954,277880,KR7277880001,티에스아이,KOSDAQ,우량기업부,3465,2,-35,-1.0,3500,3555,3455,9994,34809445,68756729580,19843212,KSQ
955,0156T0,KR70156T0003,에이치엘지노믹스,KOSDAQ,중견기업부,8830,2,-70,-0.79,8900,8940,8660,89596,784116190,68716481630,7782161,KSQ
956,054620,KR7054620000,APS,KOSDAQ,중견기업부,3730,2,-110,-2.86,3860,3860,3710,6011,22530555,68610444330,18394221,KSQ
957,043610,KR7043610005,KT지니뮤직,KOSDAQ,중견기업부,1177,2,-10,-0.84,1171,1194,1171,43672,51421888,68401870526,58115438,KSQ
958,049550,KR7049550007,잉크테크,KOSDAQ,우량기업부,3485,2,-20,-0.57,3500,3500,3390,5782,19848185,68327875345,19606277,KSQ
959,221800,KR7221800006,지구홀딩스,KOSDAQ,투자주의환기종목(소속부없음),4185,1,55,1.33,4390,5260,4140,165038,771316212,68294391435,16318851,KSQ
960,460940,KR7460940000,피앤에스로보틱스,KOSDAQ,기술성장기업부,5060,2,-60,-1.17,5120,5240,5000,13208,67245500,68083716800,13455280,KSQ
961,092040,KR7092040005,아미코젠,KOSDAQ,기술성장기업부,963,2,-28,-2.83,992,1010,960,393342,385468977,68041137681,70655387,KSQ
962,024740,KR7024740003,한일단조,KOSDAQ,우량기업부,2065,2,-55,-2.59,2100,2120,2055,54992,114173895,67932406185,32897049,KSQ
963,168330,KR7168330009,내츄럴엔도텍,KOSDAQ,투자주의환기종목(소속부없음),2125,2,-25,-1.16,2215,2215,2120,2436,5195250,67479162500,31754900,KSQ
964,041460,KR7041460007,한국전자인증,KOSDAQ,중견기업부,3540,2,-60,-1.67,3605,3605,3530,17311,61632200,67260000000,19000000,KSQ
965,081150,KR7081150005,티플랙스,KOSDAQ,중견기업부,2770,1,5,0.18,2740,2810,2600,40904,112301690,67223473540,24268402,KSQ
966,002800,KR7002800001,신신제약,KOSDAQ,우량기업부,4430,1,40,0.91,4420,4445,4390,14433,63810476,67205315000,15170500,KSQ
967,032850,KR7032850000,비트컴퓨터,KOSDAQ,벤처기업부,4040,1,45,1.13,4010,4075,4000,5469,22026362,67158103720,16623293,KSQ
968,036000,KR7036000008,예림당,KOSDAQ,중견기업부,2915,1,5,0.17,2910,2940,2835,36598,105411992,67144917455,23034277,KSQ
969,417970,KR7417970001,모델솔루션,KOSDAQ,우량기업부,10490,2,-40,-0.38,10600,10680,10310,1604,16790750,67101383000,6396700,KSQ
970,360070,KR7360070007,탑머티리얼,KOSDAQ,중견기업부,8180,1,20,0.25,8440,8440,8110,8407,68676440,67010911740,8192043,KSQ
971,456070,KR7456070002,이엔셀,KOSDAQ,기술성장기업부,6070,1,200,3.41,5900,6880,5900,342852,2165792340,66949168190,11029517,KSQ
972,140070,KR7140070004,서플러스글로벌,KOSDAQ,벤처기업부,1804,2,-26,-1.42,1830,1837,1789,62834,113842939,66726352000,36988000,KSQ
973,100030,KR7100030006,인지소프트,KOSDAQ,중견기업부,20200,2,-50,-0.25,20100,20300,20100,4551,91841850,66331022800,3283714,KSQ
974,109860,KR7109860007,동일금속,KOSDAQ,우량기업부,7270,2,-70,-0.95,7340,7350,7270,355,2599750,66157000000,9100000,KSQ
975,162300,KR7162300008,신스틸,KOSDAQ,우량기업부,1595,1,20,1.27,1577,1680,1522,153804,248922618,66146854290,41471382,KSQ
976,396270,KR7396270001,넥스트칩,KOSDAQ,벤처기업부,2010,2,-35,-1.71,2045,2075,1976,61354,122696154,66103736310,32887431,KSQ
977,0007J0,KR70007J0006,인벤테라,KOSDAQ,기술성장기업부,8390,1,100,1.21,8290,8480,8170,5946,49524065,65993340460,7865714,KSQ
978,241690,KR7241690007,유니테크노,KOSDAQ,우량기업부,2690,3,0,0.0,2690,2705,2620,26532,70930740,65826199140,24470706,KSQ
979,382480,KR7382480002,지아이텍,KOSDAQ,벤처기업부,1666,2,-30,-1.77,1706,1706,1639,71113,117396179,65568995240,39357140,KSQ
980,321370,KR7321370009,센서뷰,KOSDAQ,기술성장기업부,1268,2,-10,-0.78,1285,1302,1250,481273,612680895,65511100808,51664906,KSQ
981,299660,KR7299660001,셀리드,KOSDAQ,기술성장기업부,2220,2,-175,-7.31,2485,2550,2200,2166683,5208168457,65496608940,29502977,KSQ
982,179530,KR7179530001,애드바이오텍,KOSDAQ,기술성장기업부,2430,2,-30,-1.22,2535,2630,2360,56778,141106055,65489226570,26950299,KSQ
983,365660,KR7365660000,레몬헬스케어,KOSDAQ,기술성장기업부,4865,1,55,1.14,4820,4980,4800,480091,2341518697,65461294535,13455559,KSQ
984,061250,KR7061250007,화일약품,KOSDAQ,우량기업부,7770,2,-80,-1.02,7710,7820,7710,4854,37562750,65404627680,8417584,KSQ
985,039010,KR7039010004,현대에이치티,KOSDAQ,우량기업부,7570,2,-130,-1.69,7770,7770,7560,2409,18347295,65291250000,8625000,KSQ
986,111710,KR7111710000,남화산업,KOSDAQ,중견기업부,3170,1,35,1.12,3135,3300,3115,39766,126976977,65263960000,20588000,KSQ
987,004780,KR7004780003,대륙제관,KOSDAQ,우량기업부,4100,2,-15,-0.36,4140,4145,4085,7774,32042800,65203115900,15903199,KSQ
988,123420,KR7123420002,위메이드플레이,KOSDAQ,우량기업부,6260,2,-70,-1.11,6390,6390,6180,4544,28555410,65110516660,10401041,KSQ
989,136150,KR7136150000,원일티엔아이,KOSDAQ,벤처기업부,7740,2,-20,-0.26,7780,7900,7610,3611,28058745,64869172200,8381030,KSQ
990,014970,KR7014970008,삼륭물산,KOSDAQ,중견기업부,4375,2,-25,-0.57,4365,4400,4300,7447,32471970,64859375000,14825000,KSQ
991,032540,KR7032540007,TJ미디어,KOSDAQ,우량기업부,3090,1,5,0.16,3075,3090,3075,2998,9234055,64573006170,20897413,KSQ
992,443250,KR7443250006,레뷰코퍼레이션,KOSDAQ,벤처기업부,5970,1,40,0.67,5930,6000,5930,810,4819080,64534607490,10809817,KSQ
993,323350,KR7323350009,다원넥스뷰,KOSDAQ,기술성장기업부,8050,2,-60,-0.74,8260,8450,7870,7055,56942450,64486714600,8010772,KSQ
994,043650,KR7043650001,국순당,KOSDAQ,중견기업부,3605,2,-10,-0.28,3650,3650,3530,11505,41265195,64379185920,17858304,KSQ
995,062970,KR7062970009,한국첨단소재,KOSDAQ,중견기업부,2250,2,-50,-2.17,2310,2355,2200,259468,587579940,64224690750,28544307,KSQ
996,424960,KR7424960003,스마트레이더시스템,KOSDAQ,기술성장기업부,3890,2,-55,-1.39,3945,4000,3750,4342,16696325,64127077900,16485110,KSQ
997,216050,KR7216050005,인크로스,KOSDAQ,중견기업부,5240,2,-10,-0.19,5270,5270,5200,2923,15289420,63920779280,12198622,KSQ
998,039020,KR7039020003,이건홀딩스,KOSDAQ,중견기업부,2830,2,-185,-6.14,3100,3190,2800,348687,1024180263,63914726470,22584709,KSQ
999,070300,KR7070300009,퀀텀레일,KOSDAQ,벤처기업부,1785,3,0,0.0,1785,1876,1750,198254,358276458,63411641265,35524729,KSQ
1000,320000,KR7320000003,한울반도체,KOSDAQ,중견기업부,9150,2,-170,-1.82,9350,9640,8970,42224,387250050,63260080500,6913670,KSQ
1001,222110,KR7222110009,팬젠,KOSDAQ,기술성장기업부,4680,2,-105,-2.19,4790,4790,4650,1474,6889205,63247902120,13514509,KSQ
1002,208370,KR7208370007,셀바스헬스케어,KOSDAQ,벤처기업부,2455,1,5,0.2,2480,2500,2425,19886,48763211,63193084620,25740564,KSQ
1003,049080,KR7049080005,기가레인,KOSDAQ,벤처기업부,7420,2,-260,-3.39,7700,7860,7330,78085,588587015,62983438280,8488334,KSQ
1004,033230,KR7033230004,인성정보,KOSDAQ,중견기업부,1242,1,30,2.48,1212,1256,1201,231587,285934086,62740101960,50515380,KSQ
1005,005670,KR7005670005,푸드웰,KOSDAQ,우량기업부,6260,2,-20,-0.32,6310,6360,6200,4218,26423100,62600000000,10000000,KSQ
1006,001840,KR7001840008,이화공영,KOSDAQ,관리종목(소속부없음),2215,0,0,0.0,0,0,0,0,0,62588831935,28256809,KSQ
1007,044340,KR7044340008,위닉스,KOSDAQ,중견기업부,3500,2,-25,-0.71,3580,3585,3420,48620,168710045,62556987500,17873425,KSQ
1008,010240,KR7010240000,흥국,KOSDAQ,우량기업부,5330,2,-60,-1.11,5390,5400,5330,962,5172940,62392980000,11706000,KSQ
1009,0004V0,KR70004V0003,엔비알모션,KOSDAQ,기술성장기업부,5660,2,-100,-1.74,5820,5820,5570,84380,477861175,62318773440,11010384,KSQ
1010,059270,KR7059270009,해성에어로보틱스,KOSDAQ,기술성장기업부,5580,2,-60,-1.06,5640,5780,5550,21103,118698500,62302368420,11165299,KSQ
1011,294090,KR7294090006,이오플로우,KOSDAQ,관리종목(소속부없음),1490,0,0,0.0,0,0,0,0,0,62295566450,41809105,KSQ
1012,419080,KR7419080007,엔젯,KOSDAQ,기술성장기업부,5730,2,-380,-6.22,6110,6210,5730,23226,137072010,62295511410,10871817,KSQ
1013,054300,KR7054300009,팬스타엔터프라이즈,KOSDAQ,벤처기업부,1076,2,-36,-3.24,1103,1113,1070,112554,122917133,62269136820,57870945,KSQ
1014,303360,KR7303360002,프로티아,KOSDAQ,기술성장기업부,4815,1,5,0.1,4810,4860,4730,3725,17886445,62015827725,12879715,KSQ
1015,039420,KR7039420005,케이엘넷,KOSDAQ,중견기업부,2695,2,-25,-0.92,2720,2735,2670,10544,28464435,61842148830,22946994,KSQ
1016,318160,KR7318160009,셀바이오휴먼텍,KOSDAQ,벤처기업부,6610,1,110,1.69,6470,6850,6320,55514,370367180,61720960930,9337513,KSQ
1017,411080,KR7411080005,샌즈랩,KOSDAQ,기술성장기업부,4040,1,30,0.75,3985,4090,3985,7390,29703945,61681257520,15267638,KSQ
1018,094850,KR7094850005,참좋은여행,KOSDAQ,우량기업부,4405,1,30,0.69,4400,4465,4375,6233,27505397,61670000000,14000000,KSQ
1019,064240,KR7064240005,홈캐스트,KOSDAQ,벤처기업부,1777,1,98,5.84,1667,1797,1667,90873,156703584,61651684027,34694251,KSQ
1020,420570,KR7420570004,제이투케이바이오,KOSDAQ,벤처기업부,10540,1,730,7.44,9890,10800,9670,114941,1185401145,61632470820,5847483,KSQ
1021,331740,KR7331740001,아우토크립트,KOSDAQ,기술성장기업부,6310,1,120,1.94,6190,6400,6130,7682,48428715,61528753210,9750991,KSQ
1022,412350,KR7412350001,레이저쎌,KOSDAQ,기술성장기업부,4205,2,-105,-2.44,4350,4400,4095,47440,200649100,61405795815,14603043,KSQ
1023,039610,KR7039610001,화성밸브,KOSDAQ,우량기업부,5880,1,480,8.89,5550,6750,5380,1185511,7384248010,61213152000,10410400,KSQ
1024,357580,KR7357580000,아모센스,KOSDAQ,기술성장기업부,5190,2,-130,-2.44,5430,5440,5170,15505,81464045,61188864780,11789762,KSQ
1025,049470,KR7049470008,비트플래닛,KOSDAQ,중견기업부,2590,2,-205,-7.33,3000,3020,2540,800877,2206789692,60981288410,23544899,KSQ
1026,203400,KR7203400007,에이비온,KOSDAQ,관리종목(소속부없음),676,0,0,0.0,0,0,0,0,0,60908481504,90101304,KSQ
1027,459550,KR7459550000,알트,KOSDAQ,중견기업부,2410,2,-60,-2.43,2520,2625,2400,3300488,8205160231,60782034010,25220761,KSQ
1028,050960,KR7050960004,수산아이앤티,KOSDAQ,벤처기업부,9000,1,60,0.67,8940,9000,8450,864,7686710,60759000000,6751000,KSQ
1029,100590,KR7100590009,머큐리,KOSDAQ,중견기업부,3540,2,-20,-0.56,3560,3750,3480,36918,132351711,60673989300,17139545,KSQ
1030,066670,KR7066670001,디티씨,KOSDAQ,중견기업부,3245,1,45,1.41,3200,3270,3165,6937,22584290,60655273910,18691918,KSQ
1031,187420,KR7187420005,HLB제넥스,KOSDAQ,기술성장기업부,1855,2,-56,-2.93,1911,1911,1851,68203,127951789,60556376685,32644947,KSQ
1032,037440,KR7037440005,희림,KOSDAQ,우량기업부,4345,1,355,8.9,4245,4770,4125,9049484,41028338389,60493153875,13922475,KSQ
1033,191420,KR7191420009,테고사이언스,KOSDAQ,벤처기업부,7460,2,-140,-1.84,7600,7600,7450,332,2495060,60491901640,8108834,KSQ
1034,008370,KR7008370009,원풍,KOSDAQ,우량기업부,5040,1,10,0.2,5030,5080,4950,179,898895,60480000000,12000000,KSQ
1035,291230,KR7291230001,컴투스엔,KOSDAQ,중견기업부,2515,1,185,7.94,2365,2570,2330,43976,109577569,60388245965,24011231,KSQ
1036,061040,KR7061040002,알에프텍,KOSDAQ,중견기업부,6660,1,60,0.91,6550,6970,6470,9220,62029280,60261165180,9048223,KSQ
1037,448710,KR7448710004,코츠테크놀로지,KOSDAQ,벤처기업부,11390,2,-100,-0.87,11340,11560,11260,3204,36322940,60199475880,5285292,KSQ
1038,089850,KR7089850002,유비벨록스,KOSDAQ,우량기업부,4080,1,90,2.26,3990,4095,3970,7371,29630495,60099211920,14730199,KSQ
1039,439580,KR7439580002,블루엠텍,KOSDAQ,기술성장기업부,1775,2,-3,-0.17,1778,1795,1748,17604,31171219,60077620925,33846547,KSQ
1040,036090,KR7036090009,위지트,KOSDAQ,중견기업부,1407,2,-59,-4.02,1455,1455,1376,344875,483903736,59868573198,42550514,KSQ
1041,024910,KR7024910002,경창산업,KOSDAQ,중견기업부,1671,2,-9,-0.54,1696,1715,1635,19266,31849031,59853557355,35819005,KSQ
1042,033320,KR7033320003,제이씨현시스템,KOSDAQ,벤처기업부,3115,2,-25,-0.8,3140,3170,3060,75690,236158800,59541455680,19114432,KSQ
1043,016250,KR7016250003,SGC E&C,KOSDAQ,중견기업부,11820,1,150,1.29,11670,12000,11670,2373,28082850,59537174520,5036986,KSQ
1044,003310,KR7003310000,대주산업,KOSDAQ,우량기업부,1681,2,-3,-0.18,1684,1685,1660,57355,95944589,59494540350,35392350,KSQ
1045,053620,KR7053620001,태양,KOSDAQ,우량기업부,6910,1,120,1.77,6800,7090,6800,11871,82197250,59426000000,8600000,KSQ
1046,464490,KR7464490002,쿼드메디슨,KOSDAQ,기술성장기업부,5170,1,50,0.98,5030,5300,5020,8898,45873220,59362524210,11482113,KSQ
1047,215360,KR7215360009,우리산업,KOSDAQ,우량기업부,6500,1,40,0.62,6780,6790,6400,2977,19261690,59359059500,9132163,KSQ
1048,348150,KR7348150004,고바이오랩,KOSDAQ,기술성장기업부,3055,2,-15,-0.49,3070,3115,3020,19779,60651730,59324705895,19418889,KSQ
1049,049480,KR7049480007,오픈베이스,KOSDAQ,우량기업부,1886,2,-2,-0.11,1888,1888,1867,35858,67287799,59262614338,31422383,KSQ
1050,082210,KR7082210006,옵트론텍,KOSDAQ,중견기업부,1688,2,-23,-1.34,1713,1747,1679,3959,6708243,59018101040,34963330,KSQ
1051,214270,KR7214270001,FSN,KOSDAQ,중견기업부,1301,2,-19,-1.44,1327,1327,1288,19213,24994228,58872378436,45251636,KSQ
1052,351320,KR7351320007,넥사다이내믹스,KOSDAQ,중견기업부,1981,1,326,19.7,1667,1990,1667,1960564,3740843652,58833009802,29698642,KSQ
1053,126880,KR7126880004,제이엔케이글로벌,KOSDAQ,우량기업부,2530,3,0,0.0,2535,2625,2505,14914,37740740,58708404590,23204903,KSQ
1054,333620,KR7333620003,엔시스,KOSDAQ,벤처기업부,5320,2,-70,-1.3,5350,5420,5290,1106,5882560,58508881200,10997910,KSQ
1055,175140,KR7175140003,아고스,KOSDAQ,투자주의환기종목(소속부없음),2345,3,0,0.0,2300,2375,2280,19255,44705225,58494273285,24944253,KSQ
1056,291650,KR7291650000,츌립앤사이언스,KOSDAQ,기술성장기업부,1911,2,-27,-1.39,2000,2020,1900,13964,27399088,58322995731,30519621,KSQ
1057,067920,KR7067920009,이글루,KOSDAQ,우량기업부,5290,2,-60,-1.12,5350,5560,5210,13309,70703430,58169469510,10996119,KSQ
1058,099520,KR7099520009,DGI,KOSDAQ,관리종목(소속부없음),1284,0,0,0.0,0,0,0,0,0,58141862016,45281824,KSQ
1059,014470,KR7014470009,부방,KOSDAQ,벤처기업부,966,1,4,0.42,956,991,950,21814,21038109,58010483160,60052260,KSQ
1060,263600,KR7263600009,덕우전자,KOSDAQ,중견기업부,3640,2,-10,-0.27,3650,3690,3620,4182,15233665,57986328400,15930310,KSQ
1061,095270,KR7095270005,웨이브일렉트로,KOSDAQ,벤처기업부,4030,2,-115,-2.77,4145,4175,3990,22158,89838655,57920796180,14372406,KSQ
1062,045340,KR7045340007,토탈소프트,KOSDAQ,벤처기업부,6760,2,-100,-1.46,6830,6830,6640,12678,86106080,57852350400,8558040,KSQ
1063,122350,KR7122350002,삼기,KOSDAQ,중견기업부,1507,2,-40,-2.59,1523,1550,1488,328811,495858705,57777517996,38339428,KSQ
1064,225190,KR7225190008,LK삼양,KOSDAQ,중견기업부,819,2,-40,-4.66,866,876,810,488385,407307833,57713652360,70468440,KSQ
1065,294140,KR7294140009,레몬,KOSDAQ,관리종목(소속부없음),2315,1,65,2.89,2235,2315,2230,7314,16589365,57677803670,24914818,KSQ
1066,060310,KR7060310000,3S,KOSDAQ,벤처기업부,1085,1,1,0.09,1110,1110,1050,16696,18190771,57569058400,53059040,KSQ
1067,263690,KR7263690000,디알젬,KOSDAQ,우량기업부,5080,1,40,0.79,5040,5120,5000,8936,45041630,57534098800,11325610,KSQ
1068,033310,KR7033310004,엠투엔,KOSDAQ,중견기업부,1439,2,-79,-5.2,1518,1521,1425,267788,395593360,57520364184,39972456,KSQ
1069,459100,KR7459100004,위츠,KOSDAQ,중견기업부,4260,2,-25,-0.58,4180,4310,4180,4170,17650600,57365586000,13466100,KSQ
1070,027050,KR7027050004,코리아나,KOSDAQ,중견기업부,1433,2,-13,-0.9,1446,1451,1416,47966,68635741,57320000000,40000000,KSQ
1071,155650,KR7155650005,와이엠씨,KOSDAQ,우량기업부,3020,3,0,0.0,3060,3060,2975,16443,49276145,57302561160,18974358,KSQ
1072,024950,KR7024950008,삼천리자전거,KOSDAQ,중견기업부,4610,2,-20,-0.43,4630,4685,4560,69401,323205228,57164000000,12400000,KSQ
1073,347740,KR7347740003,피엔케이피부임상연구센타,KOSDAQ,벤처기업부,1899,1,22,1.17,1877,1943,1855,7136,13483021,56990083824,30010576,KSQ
1074,347860,KR7347860009,알체라,KOSDAQ,중견기업부,1350,2,-6,-0.44,1368,1368,1313,71059,94932486,56907423450,42153647,KSQ
1075,010470,KR7010470003,오리콤,KOSDAQ,우량기업부,4740,1,30,0.64,4710,4760,4710,374,1770645,56761737000,11975050,KSQ
1076,238090,KR7238090005,앤디포스,KOSDAQ,벤처기업부,1859,1,41,2.26,1820,1860,1804,6244,11366474,56681727960,30490440,KSQ
1077,007370,KR7007370000,진양제약,KOSDAQ,우량기업부,4005,2,-20,-0.5,4050,4090,3955,3976,15972240,56609020935,14134587,KSQ
1078,065530,KR7065530008,와이어블,KOSDAQ,우량기업부,1180,2,-8,-0.67,1195,1200,1160,55430,64867446,56449735620,47838759,KSQ
1079,025550,KR7025550005,한국선재,KOSDAQ,중견기업부,2205,1,20,0.92,2185,2225,2150,34748,76211866,56258378820,25514004,KSQ
1080,241790,KR7241790005,티이엠씨씨엔에스,KOSDAQ,우량기업부,5620,2,-20,-0.35,5640,5640,5500,6317,34902320,56214803080,10002634,KSQ
1081,228340,KR7228340006,동양파일,KOSDAQ,중견기업부,2805,2,-75,-2.6,2890,3005,2800,155642,445974275,56100000000,20000000,KSQ
1082,053160,KR7053160008,프리엠스,KOSDAQ,중견기업부,9340,2,-60,-0.64,9400,9490,9300,16994,158461280,56040000000,6000000,KSQ
1083,251630,KR7251630000,브이원텍,KOSDAQ,벤처기업부,3510,2,-35,-0.99,3520,3625,3475,1655,5820585,55959529860,15942886,KSQ
1084,053270,KR7053270005,구영테크,KOSDAQ,우량기업부,2040,1,25,1.24,2015,2040,2010,18870,38211300,55917226200,27410405,KSQ
1085,460870,KR7460870009,에스엠씨지,KOSDAQ,벤처기업부,2775,2,-35,-1.25,2825,2840,2735,10310,28911985,55703418600,20073304,KSQ
1086,340930,KR7340930007,성원에너텍,KOSDAQ,관리종목(소속부없음),806,0,0,0.0,0,0,0,0,0,55513882710,68875785,KSQ
1087,036120,KR7036120004,서울평가정보,KOSDAQ,중견기업부,1577,2,-13,-0.82,1600,1600,1565,48531,76424190,55423665000,35145000,KSQ
1088,036670,KR7036670008,삼양케이씨아이,KOSDAQ,우량기업부,5150,2,-30,-0.58,5180,5200,5150,703,3636000,55415030000,10760200,KSQ
1089,054930,KR7054930003,유신,KOSDAQ,우량기업부,18430,1,420,2.33,18190,18500,18100,7130,131064770,55290000000,3000000,KSQ
1090,273640,KR7273640003,와이엠텍,KOSDAQ,벤처기업부,5010,2,-40,-0.79,5200,5200,4970,2260,11387689,54939660000,10966000,KSQ
1091,453860,KR7453860009,에이에스텍,KOSDAQ,벤처기업부,8510,2,-80,-0.93,8590,8610,8320,1037,8727270,54842039730,6444423,KSQ
1092,217480,KR7217480003,에스디생명공학,KOSDAQ,투자주의환기종목(소속부없음),499,0,0,0.0,0,0,0,0,0,54756837359,109733141,KSQ
1093,288180,KR7288180003,케이피항공산업,KOSDAQ,중견기업부,7400,2,-100,-1.33,7440,7560,7200,5851,42743650,54710138800,7393262,KSQ
1094,046940,KR7046940003,우원개발,KOSDAQ,우량기업부,3020,1,70,2.37,2970,3060,2970,77542,233977915,54584537000,18074350,KSQ
1095,097800,KR7097800007,윈팩,KOSDAQ,중견기업부,2000,2,-25,-1.23,2070,2075,1995,22680,45695210,54580090000,27290045,KSQ
1096,408470,KR7408470003,한패스,KOSDAQ,중견기업부,5160,2,-40,-0.77,5170,5250,5100,12533,64557120,54551520000,10572000,KSQ
1097,053050,KR7053050001,지에스이,KOSDAQ,우량기업부,1817,1,22,1.23,1795,1826,1795,54951,99802878,54487463749,29987597,KSQ
1098,040610,KR7040610008,SG&G,KOSDAQ,중견기업부,3185,2,-5,-0.16,3190,3200,3150,1869,5950290,54283859630,17043598,KSQ
1099,094940,KR7094940004,푸른로보틱스,KOSDAQ,벤처기업부,6480,2,-150,-2.26,6640,6680,6360,49070,319486210,54181781280,8361386,KSQ
1100,452400,KR7452400005,이닉스,KOSDAQ,우량기업부,5960,2,-40,-0.67,6080,6080,5800,2515,14793100,54065710880,9071428,KSQ
1101,104620,KR7104620000,노랑풍선,KOSDAQ,중견기업부,3210,1,105,3.38,3080,3215,3080,41216,130312995,53961871920,16810552,KSQ
1102,117670,KR7117670000,알파칩스,KOSDAQ,벤처기업부,8080,2,-130,-1.58,8210,8230,7930,5106,41170100,53826875360,6661742,KSQ
1103,457600,KR7457600005,벡트,KOSDAQ,벤처기업부,3895,2,-85,-2.14,3980,4200,3785,94057,375274931,53390712500,13707500,KSQ
1104,088910,KR7088910005,동우팜투테이블,KOSDAQ,우량기업부,2075,2,-10,-0.48,2095,2105,2055,16007,33222335,53372660300,25721764,KSQ
1105,370090,KR7370090003,퓨런티어,KOSDAQ,기술성장기업부,6230,1,40,0.65,6190,6330,6160,5354,33263500,53309050900,8556830,KSQ
1106,192250,KR7192250009,케이사인,KOSDAQ,벤처기업부,7520,2,-80,-1.05,7610,7610,7460,1533,11517175,53144780000,7067125,KSQ
1107,435570,KR7435570007,에르코스,KOSDAQ,벤처기업부,6970,2,-110,-1.55,6920,7170,6870,2248,15676190,53090371510,7616983,KSQ
1108,043710,KR7043710003,코스리거글로벌,KOSDAQ,중견기업부,3045,1,40,1.33,2930,3075,2915,2840,8463830,52716568590,17312502,KSQ
1109,104540,KR7104540000,코렌텍,KOSDAQ,기술성장기업부,3930,2,-40,-1.01,3985,4070,3925,7307,29022775,52691121300,13407410,KSQ
1110,376290,KR7376290003,씨유테크,KOSDAQ,벤처기업부,2970,3,0,0.0,2955,3030,2955,13621,40959805,52442775000,17657500,KSQ
1111,092300,KR7092300003,현우산업,KOSDAQ,우량기업부,2595,2,-75,-2.81,2745,2745,2585,29022,75465674,52288915245,20149871,KSQ
1112,170790,KR7170790000,파이오링크,KOSDAQ,우량기업부,8140,2,-110,-1.33,8300,8300,8090,2152,17532510,52074306900,6397335,KSQ
1113,065170,KR7065170003,비엘팜텍,KOSDAQ,투자주의환기종목(소속부없음),1860,2,-62,-3.23,1979,1979,1857,267648,504592304,51919654980,27913793,KSQ
1114,352910,KR7352910004,오비고,KOSDAQ,기술성장기업부,4100,1,310,8.18,3700,4395,3685,57286,230961615,51814988200,12637802,KSQ
1115,039240,KR7039240007,경남스틸,KOSDAQ,우량기업부,1919,2,-13,-0.67,1932,1935,1900,6195,11874667,51773860076,26979604,KSQ
1116,056360,KR7056360001,코위버,KOSDAQ,벤처기업부,5280,2,-100,-1.86,5370,5390,5180,13338,70091520,51727104000,9796800,KSQ
1117,0013V0,KR70013V0002,삼진식품,KOSDAQ,중견기업부,5200,2,-60,-1.14,5260,5260,5130,8288,42810410,51577011200,9918656,KSQ
1118,317530,KR7317530004,에피소드컴퍼니,KOSDAQ,기술성장기업부,2940,1,40,1.38,3000,3000,2880,860,2533300,51434953080,17494882,KSQ
1119,027830,KR7027830009,대성창투,KOSDAQ,중견기업부,952,2,-4,-0.42,975,975,950,17136,16477193,51408000000,54000000,KSQ
1120,317830,KR7317830008,에스피시스템스,KOSDAQ,벤처기업부,4750,3,0,0.0,4750,4815,4675,7779,36710155,51175635500,10773818,KSQ
1121,299170,KR7299170001,더블유에스아이,KOSDAQ,중견기업부,1230,2,-2,-0.16,1233,1258,1213,24173,29715545,51058884240,41511288,KSQ
1122,314140,KR7314140005,알피바이오,KOSDAQ,우량기업부,5860,2,-140,-2.33,6000,6100,5820,13194,77721210,50784875460,8666361,KSQ
1123,019990,KR7019990001,에너토크,KOSDAQ,중견기업부,5190,1,90,1.76,5100,5630,4865,143434,759188145,50634096720,9756088,KSQ
1124,042110,KR7042110007,에스씨디,KOSDAQ,우량기업부,1046,2,-15,-1.41,1064,1064,1043,59573,62297277,50552723944,48329564,KSQ
1125,262260,KR7262260003,에이프로,KOSDAQ,우량기업부,3350,2,-40,-1.18,3385,3460,3265,50652,169966137,50510161000,15077660,KSQ
1126,391710,KR7391710001,코닉오토메이션,KOSDAQ,벤처기업부,1184,2,-6,-0.5,1190,1206,1145,6082,7209199,50462636480,42620470,KSQ
1127,315640,KR7315640003,딥노이드,KOSDAQ,기술성장기업부,1717,2,-3,-0.17,1730,1731,1687,23398,40159725,50432122344,29372232,KSQ
1128,463480,KR7463480004,모티브링크,KOSDAQ,중견기업부,4070,2,-50,-1.21,4115,4195,4030,2084,8505534,50428757060,12390358,KSQ
1129,393970,KR7393970009,대진첨단소재,KOSDAQ,관리종목(소속부없음),2825,0,0,0.0,0,0,0,0,0,50428566500,17850820,KSQ
1130,217500,KR7217500008,러셀,KOSDAQ,벤처기업부,1585,1,6,0.38,1599,1599,1547,18589,29082808,50422020000,31812000,KSQ
1131,014950,KR7014950000,삼익제약,KOSDAQ,벤처기업부,5000,1,120,2.46,4880,5080,4880,40958,205221962,50337940000,10067588,KSQ
1132,311690,KR7311690002,CJ 바이오사이언스,KOSDAQ,기술성장기업부,3840,1,30,0.79,3950,3950,3820,488,1889220,50171374080,13065462,KSQ
1133,038010,KR7038010005,제일테크노스,KOSDAQ,우량기업부,5550,3,0,0.0,5570,5570,5480,3513,19356395,49950000000,9000000,KSQ
1134,046210,KR7046210001,HLB파나진,KOSDAQ,벤처기업부,1097,2,-10,-0.9,1098,1124,1097,10583,11681920,49944172120,45527960,KSQ
1135,260930,KR7260930003,씨티케이,KOSDAQ,중견기업부,2575,2,-15,-0.58,2590,2620,2550,6314,16247847,49804596825,19341591,KSQ
1136,060570,KR7060570009,드림어스컴퍼니,KOSDAQ,중견기업부,3360,2,-50,-1.47,3410,3550,3310,7859,26819950,49796255040,14820314,KSQ
1137,015710,KR7015710007,코콤,KOSDAQ,우량기업부,2835,2,-25,-0.87,2865,2890,2810,15169,43116090,49698967500,17530500,KSQ
1138,105760,KR7105760003,포스뱅크,KOSDAQ,우량기업부,4870,2,-15,-0.31,4885,4910,4860,11012,53824680,49629619690,10190887,KSQ
1139,179900,KR7179900006,유티아이,KOSDAQ,투자주의환기종목(소속부없음),2500,1,100,4.17,2470,2545,2340,133453,321383715,49476030000,19790412,KSQ
1140,256630,KR7256630005,포인트엔지니어링,KOSDAQ,벤처기업부,4265,2,-40,-0.93,4260,4345,4260,66,283645,49471500710,11599414,KSQ
1141,071670,KR7071670004,에이테크솔루션,KOSDAQ,중견기업부,4920,1,10,0.2,4910,4975,4820,3364,16417515,49200000000,10000000,KSQ
1142,060560,KR7060560000,HC홈센타,KOSDAQ,중견기업부,1935,2,-35,-1.78,2000,2000,1921,4643,8980910,49125781935,25388001,KSQ
1143,037950,KR7037950003,엘컴텍,KOSDAQ,중견기업부,2885,2,-45,-1.54,2950,2950,2855,31931,91894480,48726216155,16889503,KSQ
1144,317870,KR7317870004,엔바이오니아,KOSDAQ,기술성장기업부,5500,1,60,1.1,5390,5800,5390,4153,22825460,48630422500,8841895,KSQ
1145,143540,KR7143540003,영우디에스피,KOSDAQ,벤처기업부,1088,1,8,0.74,1120,1120,1067,44159,47743583,48524685760,44599895,KSQ
1146,122310,KR7122310006,제노레이,KOSDAQ,우량기업부,3300,2,-50,-1.49,3350,3350,3215,3090,10107565,48027685200,14553844,KSQ
1147,277070,KR7277070009,린드먼아시아,KOSDAQ,중견기업부,3495,2,-55,-1.55,3550,3550,3410,821,2849090,47853540000,13692000,KSQ
1148,082660,KR7082660002,코스나인,KOSDAQ,관리종목(소속부없음),480,0,0,0.0,0,0,0,0,0,47827617120,99640869,KSQ
1149,317690,KR7317690006,퀀타매트릭스,KOSDAQ,기술성장기업부,2375,1,10,0.42,2365,2490,2320,6603,15668470,47820693875,20135029,KSQ
1150,145170,KR7145170007,노브랜드,KOSDAQ,중견기업부,2820,2,-45,-1.57,2865,2865,2775,8469,23865590,47681702100,16908405,KSQ
1151,109080,KR7109080002,옵티시스,KOSDAQ,벤처기업부,8460,1,10,0.12,8450,8630,8380,3097,26247300,47680560000,5636000,KSQ
1152,418250,KR7418250007,시큐레터,KOSDAQ,관리종목(소속부없음),6550,0,0,0.0,0,0,0,0,0,47629012750,7271605,KSQ
1153,063440,KR7063440002,SM Life Design,KOSDAQ,중견기업부,1050,1,10,0.96,1040,1059,1040,15941,16755289,47585332200,45319364,KSQ
1154,340810,KR7340810001,시선AI,KOSDAQ,기술성장기업부,3485,2,-5,-0.14,3650,3660,3470,36938,130103765,47552741360,13644976,KSQ
1155,317850,KR7317850006,대모,KOSDAQ,벤처기업부,5690,1,310,5.76,5770,6090,5610,157550,916175000,47365949800,8324420,KSQ
1156,053980,KR7053980009,오상자이엘,KOSDAQ,우량기업부,2485,1,15,0.61,2490,2520,2470,89556,223414767,47172215755,18982783,KSQ
1157,023440,KR7023440001,제이스코홀딩스,KOSDAQ,관리종목(소속부없음),521,0,0,0.0,0,0,0,0,0,46964378481,90142761,KSQ
1158,129890,KR7129890000,앱코,KOSDAQ,벤처기업부,1030,1,16,1.58,1020,1040,1013,74609,76675962,46911970060,45545602,KSQ
1159,440290,KR7440290005,HB인베스트먼트,KOSDAQ,중견기업부,1702,2,-7,-0.41,1672,1711,1672,17850,30376576,46815943860,27506430,KSQ
1160,072470,KR7072470008,우리산업홀딩스,KOSDAQ,중견기업부,2465,1,15,0.61,2450,2475,2405,2597,6291715,46557295565,18887341,KSQ
1161,099410,KR7099410003,동방선기,KOSDAQ,벤처기업부,3325,1,75,2.31,3180,3325,3180,24264,79647818,46550000000,14000000,KSQ
1162,471820,KR7471820001,셀로맥스사이언스,KOSDAQ,벤처기업부,4105,1,5,0.12,4100,4190,4095,54,222400,46398318295,11302879,KSQ
1163,053450,KR7053450003,세코닉스,KOSDAQ,우량기업부,3135,2,-5,-0.16,3140,3195,3110,15144,47567430,46375437405,14792803,KSQ
1164,065130,KR7065130007,탑엔지니어링,KOSDAQ,중견기업부,2895,2,-30,-1.03,2960,2980,2875,15976,46928032,46331580000,16004000,KSQ
1165,163280,KR7163280001,에어레인,KOSDAQ,기술성장기업부,3405,1,180,5.58,3225,3545,3225,80399,275168880,46318480590,13603078,KSQ
1166,094970,KR7094970001,제이엠티,KOSDAQ,벤처기업부,2760,2,-45,-1.6,2805,2805,2730,51449,141654810,46225142400,16748240,KSQ
1167,384470,KR7384470001,코어라인소프트,KOSDAQ,기술성장기업부,2575,1,35,1.38,2540,2640,2530,20879,53966720,46212731900,17946692,KSQ
1168,476040,KR7476040001,오가노이드사이언스,KOSDAQ,기술성장기업부,7010,1,10,0.14,7000,7200,6980,11671,82367260,46166177600,6585760,KSQ
1169,189980,KR7189980006,흥국에프엔비,KOSDAQ,우량기업부,1144,1,1,0.09,1143,1155,1132,3557,4061570,45917674088,40137827,KSQ
1170,227950,KR7227950003,엔투텍,KOSDAQ,벤처기업부,1329,2,-12,-0.89,1400,1410,1309,186399,253820506,45861409761,34508209,KSQ
1171,361570,KR7361570005,알비더블유,KOSDAQ,중견기업부,1595,2,-30,-1.85,1606,1625,1595,9691,15599807,45845549145,28743291,KSQ
1172,321260,KR7321260002,프로이천,KOSDAQ,벤처기업부,1626,1,8,0.49,1650,1669,1623,32103,52537611,45840328584,28192084,KSQ
1173,136410,KR7136410008,아셈스,KOSDAQ,벤처기업부,4160,3,0,0.0,4120,4195,4120,2531,10484565,45839480960,11019106,KSQ
1174,198080,KR7198080004,캐프,KOSDAQ,우량기업부,2120,2,-80,-3.64,2205,2210,2085,62290,131803485,45654592200,21535185,KSQ
1175,286750,KR7286750005,나노실리칸첨단소재,KOSDAQ,투자주의환기종목(소속부없음),1425,0,0,0.0,0,0,0,0,0,45641121225,32028857,KSQ
1176,068330,KR7068330000,일신바이오,KOSDAQ,중견기업부,1030,2,-5,-0.48,1035,1038,1018,79031,81345090,45542624200,44216140,KSQ
1177,224110,KR7224110007,에이텍모빌리티,KOSDAQ,벤처기업부,8960,2,-60,-0.67,8790,9040,8790,1190,10591580,45520258560,5080386,KSQ
1178,178780,KR7178780003,일월지엠엘,KOSDAQ,벤처기업부,2430,2,-20,-0.82,2450,2490,2420,22077,54254270,45293243850,18639195,KSQ
1179,051390,KR7051390003,YW,KOSDAQ,중견기업부,3985,1,35,0.89,3950,4000,3865,873,3447910,45251141480,11355368,KSQ
1180,246690,KR7246690002,TS인베스트먼트,KOSDAQ,중견기업부,1903,2,-23,-1.19,1926,1939,1865,41368,78696780,45249865122,23778174,KSQ
1181,048770,KR7048770002,TPC로보틱스,KOSDAQ,벤처기업부,2880,2,-45,-1.54,2985,2985,2850,26087,75067592,45210214080,15697991,KSQ
1182,382150,KR7382150001,온코크로스,KOSDAQ,기술성장기업부,3465,2,-15,-0.43,3480,3505,3385,14505,49781935,45205616610,13046354,KSQ
1183,0010V0,KR70010V0005,제이피아이헬스케어,KOSDAQ,벤처기업부,8840,3,0,0.0,8810,8850,8610,480,4203570,45131736000,5105400,KSQ
1184,340360,KR7340360007,다보링크,KOSDAQ,투자주의환기종목(소속부없음),863,2,-18,-2.04,890,891,850,21633,18940035,44930172236,52062772,KSQ
1185,127710,KR7127710002,아시아경제,KOSDAQ,중견기업부,1018,1,2,0.2,1026,1026,1016,413,421244,44842095780,44049210,KSQ
1186,189860,KR7189860000,서전기전,KOSDAQ,벤처기업부,4615,1,460,11.07,4245,5400,4165,1669079,8328777544,44759869700,9698780,KSQ
1187,081180,KR7081180002,쎄크,KOSDAQ,기술성장기업부,5050,2,-50,-0.98,5330,5330,4965,10167,51360935,44568951750,8825535,KSQ
1188,460470,KR7460470008,아이빔테크놀로지,KOSDAQ,기술성장기업부,2935,2,-20,-0.68,3040,3080,2895,5361,16120525,44375350950,15119370,KSQ
1189,084650,KR7084650001,랩지노믹스,KOSDAQ,관리종목(소속부없음),597,2,-4,-0.67,602,617,591,296289,178338087,44321274030,74239990,KSQ
1190,033340,KR7033340001,좋은사람들,KOSDAQ,관리종목(소속부없음),457,2,-9,-1.93,477,489,446,1377181,639531939,44306405006,96950558,KSQ
1191,373200,KR7373200005,엑스플러스,KOSDAQ,벤처기업부,1768,2,-44,-2.43,1812,1812,1700,6983,12127976,44276443016,25043237,KSQ
1192,288330,KR7288330004,파라택시스코리아,KOSDAQ,관리종목(소속부없음),416,0,0,0.0,0,0,0,0,0,44129674368,106080948,KSQ
1193,072990,KR7072990005,에이치시티,KOSDAQ,우량기업부,3030,1,25,0.83,3065,3065,3010,2943,8923530,43929564180,14498206,KSQ
1194,066130,KR7066130006,하츠,KOSDAQ,우량기업부,3430,2,-20,-0.58,3450,3480,3415,3824,13185930,43904000000,12800000,KSQ
1195,114450,KR7114450000,그린생명과학,KOSDAQ,벤처기업부,2195,2,-55,-2.44,2250,2280,2180,57617,127793805,43900000000,20000000,KSQ
1196,050120,KR7050120005,ES큐브,KOSDAQ,중견기업부,3235,1,5,0.15,3230,3345,3230,2239,7320035,43879818210,13564086,KSQ
1197,159580,KR7159580000,제로투세븐,KOSDAQ,중견기업부,2185,1,85,4.05,2100,2555,2100,2382269,5607444737,43771309660,20032636,KSQ
1198,007680,KR7007680002,대원,KOSDAQ,중견기업부,3305,1,25,0.76,3280,3320,3265,3394,11168930,43701149090,13222738,KSQ
1199,052790,KR7052790003,액토즈소프트,KOSDAQ,중견기업부,4000,1,25,0.63,3955,4015,3915,15643,61964400,43698188000,10924547,KSQ
1200,263020,KR7263020000,디케이앤디,KOSDAQ,벤처기업부,3145,1,15,0.48,3170,3170,3130,18819,59303830,43514679170,13836146,KSQ
1201,082850,KR7082850009,우리바이오,KOSDAQ,중견기업부,897,0,0,0.0,0,0,0,0,0,43465550466,48456578,KSQ
1202,190650,KR7190650002,코리아에셋투자증권,KOSDAQ,우량기업부,6790,2,-10,-0.15,6800,6800,6770,246,1671315,43374520000,6388000,KSQ
1203,083550,KR7083550004,케이엠,KOSDAQ,중견기업부,3190,2,-30,-0.93,3220,3290,3190,12729,41364430,43244166350,13556165,KSQ
1204,461030,KR7461030009,아이엠비디엑스,KOSDAQ,기술성장기업부,3015,2,-35,-1.15,3105,3105,3000,3538,10707120,43218568755,14334517,KSQ
1205,466410,KR7466410008,사이냅소프트,KOSDAQ,벤처기업부,8580,1,80,0.94,8500,8590,8450,260,2211880,43217657340,5037023,KSQ
1206,059100,KR7059100008,아이컴포넌트,KOSDAQ,벤처기업부,6110,2,-40,-0.65,6050,6150,6050,3116,19002450,43202954600,7070860,KSQ
1207,424980,KR7424980001,마이크로투나노,KOSDAQ,기술성장기업부,7290,2,-130,-1.75,7450,7750,7090,2244,16469230,43148708100,5918890,KSQ
1208,222420,KR7222420002,쎄노텍,KOSDAQ,벤처기업부,890,2,-9,-1.0,901,912,884,18632,16584558,43092485470,48418523,KSQ
1209,065500,KR7065500001,오리엔트정공,KOSDAQ,중견기업부,1204,2,-8,-0.66,1212,1214,1195,12860,15502425,43034466048,35742912,KSQ
1210,226340,KR7226340008,본느,KOSDAQ,관리종목(소속부없음),5120,1,40,0.79,5080,5380,4920,371287,1905147180,42959278080,8390484,KSQ
1211,229000,KR7229000005,젠큐릭스,KOSDAQ,기술성장기업부,1830,1,10,0.55,1820,1873,1810,84434,155410939,42873541950,23428165,KSQ
1212,307280,KR7307280008,원바이오젠,KOSDAQ,벤처기업부,6040,2,-210,-3.36,6130,6170,6030,4679,28299210,42851547080,7094627,KSQ
1213,073110,KR7073110009,엘엠에스,KOSDAQ,벤처기업부,4810,1,5,0.1,4920,4920,4805,1320,6456605,42788581550,8895755,KSQ
1214,140520,KR7140520008,대창스틸,KOSDAQ,중견기업부,2015,3,0,0.0,2025,2025,2005,6830,13722765,42535124645,21109243,KSQ
1215,043910,KR7043910009,자연과환경,KOSDAQ,벤처기업부,3750,1,435,13.12,3475,4305,3355,1782749,7103368780,42521793750,11339145,KSQ
1216,273060,KR7273060004,와이즈버즈,KOSDAQ,중견기업부,864,0,0,0.0,0,0,0,0,0,42460657920,49144280,KSQ
1217,089790,KR7089790000,제이티,KOSDAQ,벤처기업부,4105,2,-80,-1.91,4185,4185,4075,8852,36263438,42345180865,10315513,KSQ
1218,131400,KR7131400004,이브이첨단소재,KOSDAQ,관리종목(소속부없음),708,2,-33,-4.45,739,741,691,978031,695444658,42191052456,59591882,KSQ
1219,261520,KR7261520001,이지스,KOSDAQ,기술성장기업부,4105,2,-55,-1.32,4165,4245,3990,11246,46354735,42190369000,10277800,KSQ
1220,196300,KR7196300008,HLB펩,KOSDAQ,관리종목(소속부없음),4495,2,-365,-7.51,4770,4895,4410,4817,22060250,42147093305,9376439,KSQ
1221,238120,KR7238120000,얼라인드,KOSDAQ,기술성장기업부,2960,2,-20,-0.67,2960,2980,2915,4289,12608320,42086091040,14218274,KSQ
1222,002290,KR7002290005,삼일기업공사,KOSDAQ,우량기업부,3385,1,45,1.35,3345,3390,3340,1656,5554815,41974000000,12400000,KSQ
1223,014190,KR7014190003,원익큐브,KOSDAQ,우량기업부,1183,2,-6,-0.5,1162,1210,1162,8057,9544795,41872368993,35395071,KSQ
1224,219550,KR7219550001,디와이디,KOSDAQ,관리종목(소속부없음),1080,2,-31,-2.79,1119,1139,1080,5043,5582586,41767116480,38673256,KSQ
1225,900250,KYG2115T1076,크리스탈신소재,KOSDAQ,외국기업(소속부없음),1166,3,0,0.0,1166,1185,1141,61152,71261761,41760291166,35815001,KSQ
1226,413640,KR7413640004,비아이매트릭스,KOSDAQ,벤처기업부,5790,3,0,0.0,5810,5820,5670,1665,9568580,41728182600,7206940,KSQ
1227,479960,KR7479960007,위너스일렉,KOSDAQ,중견기업부,5850,2,-100,-1.68,5830,5980,5800,784,4580650,41687100000,7126000,KSQ
1228,038070,KR7038070009,서린바이오,KOSDAQ,중견기업부,4480,2,-50,-1.1,4600,4600,4315,6829,30403320,41667028480,9300676,KSQ
1229,450330,KR7450330006,하스,KOSDAQ,기술성장기업부,5070,2,-40,-0.78,5230,5230,5040,1792,9114730,41507294010,8186843,KSQ
1230,052220,KR7052220001,iMBC,KOSDAQ,중견기업부,1802,2,-13,-0.72,1802,1805,1790,3682,6615282,41446000000,23000000,KSQ
1231,037230,KR7037230000,한국팩키지,KOSDAQ,우량기업부,1388,2,-22,-1.56,1410,1410,1370,14101,19462657,41362853876,29800327,KSQ
1232,218150,KR7218150001,미래생명자원,KOSDAQ,벤처기업부,2025,2,-55,-2.64,2080,2080,2005,153893,311543031,41341999050,20415802,KSQ
1233,189690,KR7189690001,포시에스,KOSDAQ,벤처기업부,1511,2,-12,-0.79,1523,1523,1480,11762,17573757,41283495159,27321969,KSQ
1234,355690,KR7355690009,에이텀,KOSDAQ,기술성장기업부,4310,2,-10,-0.23,4340,4475,4235,36323,156481345,41248376590,9570389,KSQ
1235,042940,KR7042940007,상지건설,KOSDAQ,중견기업부,6040,1,120,2.03,6140,6200,5950,43084,262237770,41245420480,6828712,KSQ
1236,199550,KR7199550005,레이저옵텍,KOSDAQ,벤처기업부,2775,2,-15,-0.54,2790,2870,2755,10083,28170445,41197070025,14845791,KSQ
1237,258610,KR7258610005,케일럼,KOSDAQ,중견기업부,1129,2,-31,-2.67,1151,1151,1116,19515,22027689,41191636127,36485063,KSQ
1238,263810,KR7263810004,상신전자,KOSDAQ,중견기업부,2575,2,-5,-0.19,2580,2600,2540,12528,32320950,41006424375,15924825,KSQ
1239,373160,KR7373160001,데이원컴퍼니,KOSDAQ,기술성장기업부,2960,1,25,0.85,2920,2975,2900,771,2264635,40870108240,13807469,KSQ
1240,056700,KR7056700008,신화인터텍,KOSDAQ,중견기업부,1402,2,-7,-0.5,1409,1420,1395,10888,15252538,40847397582,29135091,KSQ
1241,234100,KR7234100006,폴라리스세원,KOSDAQ,우량기업부,2795,2,-5,-0.18,2780,2845,2725,13301,37206175,40811572620,14601636,KSQ
1242,150900,KR7150900009,파수AI,KOSDAQ,벤처기업부,3485,2,-65,-1.83,3550,3550,3445,8287,28764440,40788168170,11703922,KSQ
1243,278650,KR7278650007,HLB바이오스텝,KOSDAQ,중견기업부,2330,2,-25,-1.06,2355,2400,2280,12667,29280990,40617482680,17432396,KSQ
1244,208860,KR7208860007,다산디엠씨,KOSDAQ,벤처기업부,1196,2,-74,-5.83,1318,1318,1150,20902,25005830,40604167708,33949973,KSQ
1245,123010,KR7123010001,MSDI,KOSDAQ,기술성장기업부,2000,2,-45,-2.2,2045,2045,1951,13808,27599144,40431534000,20215767,KSQ
1246,261200,KR7261200000,덴티스,KOSDAQ,중견기업부,2555,1,55,2.2,2480,2650,2480,13028,33437120,40393783500,15809700,KSQ
1247,086060,KR7086060001,진바이오텍,KOSDAQ,중견기업부,4685,2,-40,-0.85,4655,4730,4655,2719,12732070,40340600095,8610587,KSQ
1248,038060,KR7038060000,루멘스,KOSDAQ,중견기업부,834,2,-6,-0.71,833,862,826,40302,33487756,40117959546,48103069,KSQ
1249,043340,KR7043340009,에쎈테크,KOSDAQ,중견기업부,844,2,-15,-1.75,842,876,831,108271,91080671,40090000000,47500000,KSQ
1250,256150,KR7256150004,한독크린텍,KOSDAQ,벤처기업부,4755,2,-40,-0.83,4790,4800,4620,931,4420180,39918225000,8395000,KSQ
1251,122690,KR7122690001,서진오토모티브,KOSDAQ,중견기업부,1724,2,-8,-0.46,1680,1749,1680,9714,16768582,39788482184,23079166,KSQ
1252,086040,KR7086040003,바이오톡스텍,KOSDAQ,벤처기업부,2490,1,55,2.26,2460,2510,2395,8980,22172725,39736035030,15958247,KSQ
1253,064090,KR7064090004,인크레더블버즈,KOSDAQ,관리종목(소속부없음),798,0,0,0.0,0,0,0,0,0,39694710510,49742745,KSQ
1254,025880,KR7025880006,케이씨피드,KOSDAQ,우량기업부,2355,2,-5,-0.21,2370,2410,2350,42588,100964290,39365845590,16715858,KSQ
1255,199480,KR7199480005,뱅크웨어글로벌,KOSDAQ,기술성장기업부,3855,2,-15,-0.39,3735,3910,3735,5929,22733335,39307846740,10196588,KSQ
1256,060850,KR7060850005,영림원소프트랩,KOSDAQ,벤처기업부,4825,3,0,0.0,4825,4830,4750,1601,7679765,39232075000,8131000,KSQ
1257,046310,KR7046310009,백금T&A,KOSDAQ,우량기업부,2380,2,-10,-0.42,2390,2390,2350,15676,37218185,39076365580,16418641,KSQ
1258,044960,KR7044960003,이글벳,KOSDAQ,중견기업부,3075,2,-5,-0.16,3090,3090,3035,24190,73801105,38873790225,12641883,KSQ
1259,263770,KR7263770000,유에스티,KOSDAQ,우량기업부,1640,2,-4,-0.24,1643,1644,1610,1596,2614486,38868282080,23700172,KSQ
1260,101240,KR7101240000,씨큐브,KOSDAQ,우량기업부,3420,2,-45,-1.3,3530,3530,3420,6552,22524710,38841117840,11357052,KSQ
1261,049830,KR7049830003,승일,KOSDAQ,중견기업부,6330,2,-150,-2.31,6420,6420,6300,1432,9036590,38816268960,6132112,KSQ
1262,250000,KR7250000007,보라티알,KOSDAQ,우량기업부,5730,2,-50,-0.87,5810,5810,5670,1099,6274980,38681700090,6750733,KSQ
1263,290670,KR7290670009,대보마그네틱,KOSDAQ,중견기업부,4920,2,-180,-3.53,4965,5080,4870,5105,25171925,38659687200,7857660,KSQ
1264,066900,KR7066900002,디에이피,KOSDAQ,관리종목(소속부없음),1699,1,13,0.77,1686,1786,1679,1902,3207424,38642910597,22744503,KSQ
1265,097870,KR7097870000,효성오앤비,KOSDAQ,중견기업부,4545,2,-15,-0.33,4560,4610,4430,7818,35189300,38587050000,8490000,KSQ
1266,057540,KR7057540007,옴니시스템,KOSDAQ,관리종목(소속부없음),646,1,16,2.54,640,646,623,39796,25268266,38368697128,59394268,KSQ
1267,088280,KR7088280003,쏘닉스,KOSDAQ,기술성장기업부,2215,2,-75,-3.28,2290,2300,2125,68422,149517210,38333875350,17306490,KSQ
1268,100660,KR7100660000,서암기계공업,KOSDAQ,중견기업부,3020,1,15,0.5,3050,3070,3005,12000,36405230,38052000000,12600000,KSQ
1269,014570,KR7014570006,고려제약,KOSDAQ,중견기업부,3455,3,0,0.0,3485,3485,3425,5160,17861655,38005000000,11000000,KSQ
1270,019770,KR7019770007,서연탑메탈,KOSDAQ,우량기업부,3260,2,-20,-0.61,3300,3300,3230,7382,24018690,37979000000,11650000,KSQ
1271,171010,KR7171010002,램테크놀러지,KOSDAQ,벤처기업부,2655,2,-5,-0.19,2660,2740,2610,6848,18181535,37963186560,14298752,KSQ
1272,033170,KR7033170002,시그네틱스,KOSDAQ,중견기업부,2210,4,510,30.0,2210,2210,1781,1284195,2769060081,37891915230,17145663,KSQ
1273,153460,KR7153460001,네이블,KOSDAQ,중견기업부,5800,2,-50,-0.85,5810,5840,5670,577,3317195,37874081200,6530014,KSQ
1274,090410,KR7090410002,덕신이피씨,KOSDAQ,우량기업부,819,0,0,0.0,0,0,0,0,0,37742873805,46084095,KSQ
1275,051490,KR7051490001,나라엠앤디,KOSDAQ,우량기업부,2655,2,-20,-0.75,2620,2675,2620,1689,4467625,37701000000,14200000,KSQ
1276,177900,KR7177900008,쓰리에이로직스,KOSDAQ,기술성장기업부,3915,2,-20,-0.51,3905,3915,3775,8544,32843450,37692054000,9627600,KSQ
1277,042040,KR7042040006,케이피엠테크,KOSDAQ,중견기업부,4345,2,-55,-1.25,4465,4465,4310,5432,23746785,37675455895,8670991,KSQ
1278,221980,KR7221980006,케이디켐,KOSDAQ,우량기업부,9320,2,-30,-0.32,9240,9360,9170,742,6821390,37604336000,4034800,KSQ
1279,186230,KR7186230009,그린플러스,KOSDAQ,벤처기업부,3440,2,-10,-0.29,3490,3495,3390,4574,15755448,37565446720,10920188,KSQ
1280,446840,KR7446840001,지슨,KOSDAQ,기술성장기업부,3405,2,-30,-0.87,3380,3410,3305,2437,8227335,37511577480,11016616,KSQ
1281,219420,KR7219420007,링크제니시스,KOSDAQ,기술성장기업부,3265,2,-25,-0.76,3290,3290,3225,13299,43213503,37447940355,11469507,KSQ
1282,263700,KR7263700007,케어랩스,KOSDAQ,중견기업부,1927,2,-16,-0.82,1950,1950,1921,674,1301416,37411163400,19414200,KSQ
1283,221840,KR7221840002,하이즈항공,KOSDAQ,중견기업부,1997,3,0,0.0,1997,2025,1961,1123,2235880,37345020317,18700561,KSQ
1284,065440,KR7065440000,이루온,KOSDAQ,벤처기업부,1368,2,-32,-2.29,1400,1404,1363,41824,57594350,37312227360,27275020,KSQ
1285,050860,KR7050860006,아세아텍,KOSDAQ,우량기업부,1658,1,18,1.1,1625,1661,1624,602,988788,37305000000,22500000,KSQ
1286,321820,KR7321820003,아티스트컴퍼니,KOSDAQ,기술성장기업부,2390,2,-30,-1.24,2420,2455,2330,6018,14288815,37263388640,15591376,KSQ
1287,208710,KR7208710004,포톤,KOSDAQ,중견기업부,2820,2,-5,-0.18,2745,2845,2745,27845,77633930,37167972240,13180132,KSQ
1288,393210,KR7393210000,토마토시스템,KOSDAQ,기술성장기업부,2375,1,20,0.85,2355,2480,2350,6900,16462820,37084542000,15614544,KSQ
1289,369370,KR7369370002,블리츠웨이엔터테인먼트,KOSDAQ,벤처기업부,3710,2,-15,-0.4,3725,3735,3655,5292,19550730,37004957220,9974382,KSQ
1290,123570,KR7123570004,이엠넷,KOSDAQ,중견기업부,1656,1,25,1.53,1634,1667,1634,3535,5805577,36889185168,22276078,KSQ
1291,215380,KR7215380007,콜마바이오텍,KOSDAQ,중견기업부,2180,2,-30,-1.36,2210,2250,2175,7267,16069220,36688475680,16829576,KSQ
1292,397810,KR7397810003,애드포러스,KOSDAQ,벤처기업부,7080,2,-120,-1.67,7150,7320,7030,3072,22182180,36538251600,5160770,KSQ
1293,452200,KR7452200009,민테크,KOSDAQ,기술성장기업부,1501,2,-34,-2.21,1535,1572,1499,26225,39978146,36523532800,24332800,KSQ
1294,104200,KR7104200001,NHN벅스,KOSDAQ,중견기업부,2455,2,-165,-6.3,2620,2620,2375,37970,92669544,36401635250,14827550,KSQ
1295,290120,KR7290120005,DH오토리드,KOSDAQ,중견기업부,2295,2,-10,-0.43,2305,2305,2260,1476,3365875,36318781215,15825177,KSQ
1296,260660,KR7260660006,알리코제약,KOSDAQ,중견기업부,2365,2,-65,-2.67,2430,2460,2305,14414,33938195,36248404665,15327021,KSQ
1297,046390,KR7046390001,삼화네트웍스,KOSDAQ,중견기업부,2095,2,-65,-3.01,2220,2220,2070,5651,11856462,36178917435,17269173,KSQ
1298,045060,KR7045060001,오공,KOSDAQ,우량기업부,2130,1,25,1.19,2105,2130,2100,7597,16082185,36086404620,16941974,KSQ
1299,032960,KR7032960007,동일기연,KOSDAQ,중견기업부,2050,2,-10,-0.49,2060,2060,2020,2257,4602935,36065598750,17592975,KSQ
1300,318410,KR7318410008,비비씨,KOSDAQ,중견기업부,6490,2,-70,-1.07,6550,6560,6450,695,4505980,36053527070,5555243,KSQ
1301,072770,KR7072770001,멤레이비티,KOSDAQ,중견기업부,868,1,1,0.12,895,895,846,125474,108140298,36032501064,41512098,KSQ
1302,284620,KR7284620002,카이노스메드,KOSDAQ,투자주의환기종목(소속부없음),1087,0,0,0.0,0,0,0,0,0,35965517911,33086953,KSQ
1303,121890,KR7121890008,에스디시스템,KOSDAQ,중견기업부,2705,1,270,11.09,2430,2790,2430,87232,233739995,35953361430,13291446,KSQ
1304,204020,KR7204020002,그리티,KOSDAQ,우량기업부,1843,1,11,0.6,1825,1846,1824,5499,10079586,35847883376,19450832,KSQ
1305,196450,KR7196450001,코아시아씨엠,KOSDAQ,중견기업부,790,0,0,0.0,0,0,0,0,0,35802800000,45320000,KSQ
1306,408900,KR7408900009,스튜디오미르,KOSDAQ,중견기업부,1093,1,62,6.01,1044,1130,1031,106549,116185868,35798951397,32752929,KSQ
1307,068940,KR7068940006,셀피글로벌,KOSDAQ,관리종목(소속부없음),778,0,0,0.0,0,0,0,0,0,35720093048,45912716,KSQ
1308,206400,KR7206400004,베노티앤알,KOSDAQ,중견기업부,950,2,-14,-1.45,964,971,939,1676,1581801,35634650100,37510158,KSQ
1309,332290,KR7332290006,누보,KOSDAQ,벤처기업부,897,0,0,0.0,0,0,0,0,0,35607533559,39696247,KSQ
1310,475460,KR7475460002,미트박스,KOSDAQ,벤처기업부,6300,1,50,0.8,6250,6390,6230,6714,42309810,35573107500,5646525,KSQ
1311,052600,KR7052600004,한네트,KOSDAQ,중견기업부,3070,1,15,0.49,3055,3070,3020,2287,6949360,35500559000,11563700,KSQ
1312,006920,KR7006920003,모헨즈,KOSDAQ,중견기업부,3245,1,25,0.78,3230,3295,3185,23543,76450574,35435400000,10920000,KSQ
1313,024120,KR7024120008,KB오토시스,KOSDAQ,중견기업부,3080,2,-25,-0.81,3105,3105,3070,5772,17838590,35420000000,11500000,KSQ
1314,133750,KR7133750000,메가엠디,KOSDAQ,중견기업부,1513,2,-2,-0.13,1502,1525,1469,1772,2641061,35414907501,23407077,KSQ
1315,203450,KR7203450002,유니온바이오메트릭스,KOSDAQ,벤처기업부,2515,2,-10,-0.4,2535,2595,2485,700,1762480,35408702605,14079007,KSQ
1316,270870,KR7270870009,뉴트리,KOSDAQ,중견기업부,3935,1,5,0.13,3900,3955,3900,1527,5999365,35394719010,8994846,KSQ
1317,081580,KR7081580003,성우전자,KOSDAQ,중견기업부,2280,1,5,0.22,2285,2285,2270,7067,16085890,35358566040,15508143,KSQ
1318,263050,KR7263050007,유틸렉스,KOSDAQ,관리종목(소속부없음),959,0,0,0.0,0,0,0,0,0,35324626904,36834856,KSQ
1319,057030,KR7057030009,YBM넷,KOSDAQ,중견기업부,2160,1,25,1.17,2150,2160,2120,3164,6755045,35235425520,16312697,KSQ
1320,432430,KR7432430007,와이랩,KOSDAQ,기술성장기업부,2125,3,0,0.0,2110,2130,2085,3111,6564515,35080180000,16508320,KSQ
1321,026040,KR7026040006,제이에스티나,KOSDAQ,중견기업부,2125,1,25,1.19,2055,2180,2055,47440,100788035,35070553750,16503790,KSQ
1322,352700,KR7352700009,씨앤투스,KOSDAQ,벤처기업부,1331,1,5,0.38,1313,1332,1310,20849,27602819,34974552569,26276899,KSQ
1323,016600,KR7016600009,큐캐피탈,KOSDAQ,중견기업부,2490,1,5,0.2,2700,2700,2470,38743,97817265,34764386490,13961601,KSQ
1324,363250,KR7363250002,진시스템,KOSDAQ,기술성장기업부,4075,1,75,1.88,4000,4115,3960,4188,16898785,34671656650,8508382,KSQ
1325,184230,KR7184230001,SGA솔루션즈,KOSDAQ,벤처기업부,1833,2,-25,-1.35,1906,1906,1800,14777,27101859,34621665507,18887979,KSQ
1326,035460,KR7035460005,기산텔레콤,KOSDAQ,벤처기업부,2315,1,10,0.43,2300,2385,2275,20886,48174975,34540587100,14920340,KSQ
1327,064480,KR7064480007,브리지텍,KOSDAQ,벤처기업부,2870,2,-5,-0.17,2875,2885,2860,5379,15482170,34303675000,11952500,KSQ
1328,348080,KR7348080003,큐라티스,KOSDAQ,중견기업부,2670,2,-115,-4.13,2730,2815,2665,35081,95603950,34250100510,12827753,KSQ
1329,148930,KR7148930001,에이치와이티씨,KOSDAQ,중견기업부,3365,2,-30,-0.88,3390,3390,3345,251,846795,34239591745,10175213,KSQ
1330,387570,KR7387570005,파인메딕스,KOSDAQ,기술성장기업부,6070,2,-20,-0.33,6030,6200,6000,4394,26775980,34149213000,5625900,KSQ
1331,045510,KR7045510005,정원엔시스,KOSDAQ,중견기업부,1083,2,-6,-0.55,1095,1098,1079,11511,12491285,34092793431,31479957,KSQ
1332,033540,KR7033540006,파라텍,KOSDAQ,중견기업부,3255,1,25,0.77,3325,3385,3160,11466,37312525,34012360830,10449266,KSQ
1333,464280,KR7464280007,티디에스팜,KOSDAQ,중견기업부,6140,2,-30,-0.49,6130,6270,6070,771,4714420,33954200000,5530000,KSQ
1334,419120,KR7419120001,산돌,KOSDAQ,중견기업부,2385,1,20,0.85,2350,2400,2350,10831,25685575,33922067265,14223089,KSQ
1335,318020,KR7318020005,포인트모바일,KOSDAQ,벤처기업부,2755,2,-65,-2.3,2820,2820,2715,3313,9094565,33890004360,12301272,KSQ
1336,039290,KR7039290002,인포뱅크,KOSDAQ,중견기업부,3880,2,-10,-0.26,3940,3940,3775,851,3282375,33732634640,8693978,KSQ
1337,128540,KR7128540002,에코캡,KOSDAQ,우량기업부,1258,2,-2,-0.16,1260,1260,1232,3323,4117429,33576598680,26690460,KSQ
1338,064520,KR7064520000,테크엘,KOSDAQ,중견기업부,1499,1,19,1.28,1483,1558,1448,3118,4759430,33504241938,22351062,KSQ
1339,220180,KR7220180004,폴라리스AI핸디,KOSDAQ,벤처기업부,1400,2,-8,-0.57,1412,1412,1392,1286,1811823,33503178800,23930842,KSQ
1340,239890,KR7239890007,피엔에이치테크,KOSDAQ,기술성장기업부,3355,1,25,0.75,3280,3355,3280,2792,9285995,33334458025,9935755,KSQ
1341,465480,KR7465480002,인스피언,KOSDAQ,벤처기업부,3280,2,-25,-0.76,3325,3325,3260,1478,4834235,33251892160,10137772,KSQ
1342,376980,KR7376980009,원티드랩,KOSDAQ,기술성장기업부,3400,2,-60,-1.73,3405,3445,3400,4246,14537695,33205739600,9766394,KSQ
1343,007530,KR7007530009,와이엠,KOSDAQ,중견기업부,1485,3,0,0.0,1485,1530,1445,87692,130019222,33047533035,22254231,KSQ
1344,173940,KR7173940008,에프엔씨엔터,KOSDAQ,중견기업부,2140,2,-60,-2.73,2200,2210,2140,3697,7985845,32940609120,15392808,KSQ
1345,434480,KR7434480000,모니터랩,KOSDAQ,기술성장기업부,2675,1,100,3.88,2535,2720,2535,14040,37253387,32930052500,12310300,KSQ
1346,263920,KR7263920001,휴엠앤씨,KOSDAQ,중견기업부,3355,1,20,0.6,3355,3400,3335,300,1009315,32909282230,9809026,KSQ
1347,290560,KR7290560002,파라택시스이더리움,KOSDAQ,벤처기업부,1470,2,-90,-5.77,1506,1539,1391,628847,919082245,32873213100,22362730,KSQ
1348,159910,KR7159910009,에코글로우,KOSDAQ,중견기업부,3140,2,-25,-0.79,3165,3165,3110,148,466085,32866684580,10467097,KSQ
1349,105550,KR7105550008,엣지파운드리,KOSDAQ,중견기업부,2090,2,-45,-2.11,2130,2140,2065,26738,56184804,32732346900,15661410,KSQ
1350,075130,KR7075130005,플랜티넷,KOSDAQ,벤처기업부,2030,2,-15,-0.73,2045,2045,2010,2149,4375655,32728309600,16122320,KSQ
1351,021650,KR7021650007,한국큐빅,KOSDAQ,중견기업부,2000,2,-5,-0.25,2005,2025,1998,3461,6926349,32701126000,16350563,KSQ
1352,348030,KR7348030008,모비릭스,KOSDAQ,중견기업부,3400,1,75,2.26,3295,3445,3155,36796,122170614,32652920000,9603800,KSQ
1353,317240,KR7317240000,TS트릴리온,KOSDAQ,벤처기업부,1117,2,-50,-4.28,1203,1203,1106,38533,43823568,32590386187,29176711,KSQ
1354,037330,KR7037330008,인지디스플레,KOSDAQ,관리종목(소속부없음),740,2,-10,-1.33,748,750,730,13792,10208630,32475065760,43885224,KSQ
1355,452300,KR7452300007,캡스톤파트너스,KOSDAQ,중견기업부,2285,1,95,4.34,2155,2300,2155,82870,183983126,32377318925,14169505,KSQ
1356,025440,KR7025440009,DH오토웨어,KOSDAQ,투자주의환기종목(소속부없음),3315,2,-20,-0.6,3335,3360,3285,3687,12250280,32341948860,9756244,KSQ
1357,127980,KR7127980001,화인써키트,KOSDAQ,중견기업부,2730,1,35,1.3,2700,2795,2700,3163,8701450,32325067320,11840684,KSQ
1358,200780,KR7200780005,비씨월드제약,KOSDAQ,중견기업부,3030,2,-15,-0.49,3045,3165,2995,4292,13082440,32316952830,10665661,KSQ
1359,071850,KR7071850002,캐스텍코리아,KOSDAQ,투자주의환기종목(소속부없음),1327,1,18,1.38,1309,1330,1291,3948,5156958,32194264726,24260938,KSQ
1360,099220,KR7099220006,SDN,KOSDAQ,관리종목(소속부없음),511,0,0,0.0,0,0,0,0,0,32164562850,62944350,KSQ
1361,038950,KR7038950002,파인디지털,KOSDAQ,중견기업부,3150,3,0,0.0,3150,3215,3115,1077,3393400,32163909750,10210765,KSQ
1362,066360,KR7066360009,체리부로,KOSDAQ,우량기업부,670,0,0,0.0,0,0,0,0,0,32127850050,47952015,KSQ
1363,469750,KR7469750004,아이비젼웍스,KOSDAQ,벤처기업부,931,2,-39,-4.02,940,977,931,12282,11568068,32078983811,34456481,KSQ
1364,068050,KR7068050004,팬엔터테인먼트,KOSDAQ,중견기업부,1158,2,-9,-0.77,1167,1167,1141,3426,3950156,32069740008,27694076,KSQ
1365,232830,KR7232830000,아이티센피엔에스,KOSDAQ,벤처기업부,1939,2,-21,-1.07,1944,1959,1916,7446,14486463,32058894714,16533726,KSQ
1366,335810,KR7335810008,프리시젼바이오,KOSDAQ,기술성장기업부,1460,2,-4,-0.27,1464,1464,1412,5749,8400012,32046278760,21949506,KSQ
1367,476080,KR7476080007,M83,KOSDAQ,중견기업부,3965,2,-105,-2.58,4035,4100,3895,9422,37135952,32025305000,8077000,KSQ
1368,089140,KR7089140008,넥스턴앤롤코리아,KOSDAQ,벤처기업부,2090,2,-75,-3.46,2205,2205,2080,41460,87253523,32010929060,15316234,KSQ
1369,207760,KR7207760000,미스터블루,KOSDAQ,중견기업부,384,0,0,0.0,0,0,0,0,0,31902636672,83079783,KSQ
1370,065950,KR7065950008,웰크론,KOSDAQ,중견기업부,1129,1,26,2.36,1140,1146,1080,45709,50770307,31873139958,28231302,KSQ
1371,417860,KR7417860004,오브젠,KOSDAQ,벤처기업부,6770,1,20,0.3,6750,6900,6670,6016,40941635,31865753620,4706906,KSQ
1372,060540,KR7060540002,에스에이티,KOSDAQ,중견기업부,1219,2,-10,-0.81,1229,1229,1204,9067,11053839,31856046546,26132934,KSQ
1373,031510,KR7031510001,오스템,KOSDAQ,중견기업부,1136,2,-4,-0.35,1140,1140,1124,24615,27911565,31808000000,28000000,KSQ
1374,089150,KR7089150007,케이씨티,KOSDAQ,벤처기업부,1852,2,-23,-1.23,1875,1900,1850,7222,13417669,31761800000,17150000,KSQ
1375,296640,KR7296640006,이노에이엑스,KOSDAQ,벤처기업부,6100,2,-90,-1.45,6190,6470,6050,13694,84098110,31587337200,5178252,KSQ
1376,053950,KR7053950002,경남제약,KOSDAQ,중견기업부,1609,1,25,1.58,1592,1758,1592,72757,121073273,31568015241,19619649,KSQ
1377,462310,KR7462310004,뉴키즈온,KOSDAQ,중견기업부,3985,1,65,1.66,3920,4060,3920,6195,24778842,31475940925,7898605,KSQ
1378,106240,KR7106240005,파인테크닉스,KOSDAQ,벤처기업부,1184,2,-36,-2.95,1208,1245,1150,36019,43010361,31472986176,26581914,KSQ
1379,080520,KR7080520000,오디텍,KOSDAQ,벤처기업부,2775,2,-5,-0.18,2875,2875,2700,13418,36937235,31419707175,11322417,KSQ
1380,187270,KR7187270004,신화콘텍,KOSDAQ,벤처기업부,3095,3,0,0.0,3110,3195,3040,4489,13951620,31395200275,10143845,KSQ
1381,271830,KR7271830002,팸텍,KOSDAQ,벤처기업부,1061,2,-10,-0.93,1071,1124,1005,132606,141846056,31289104322,29490202,KSQ
1382,258830,KR7258830009,세종메디칼,KOSDAQ,관리종목(소속부없음),412,0,0,0.0,0,0,0,0,0,31223976612,75786351,KSQ
1383,109820,KR7109820001,진매트릭스,KOSDAQ,기술성장기업부,1530,1,25,1.66,1510,1660,1505,170178,266463949,31202269200,20393640,KSQ
1384,131090,KR7131090003,시큐브,KOSDAQ,벤처기업부,4070,2,-25,-0.61,4095,4185,4045,3135,12771095,31168959470,7658221,KSQ
1385,311390,KR7311390009,네오크레마,KOSDAQ,벤처기업부,2455,2,-25,-1.01,2475,2540,2430,3763,9218130,31065051995,12653789,KSQ
1386,305090,KR7305090003,마이크로디지탈,KOSDAQ,기술성장기업부,1652,1,50,3.12,1636,1691,1620,115612,190455494,30974725768,18749834,KSQ
1387,022220,KR7022220008,티케이지애강,KOSDAQ,관리종목(소속부없음),598,1,8,1.36,605,607,590,3423,2038745,30973158242,51794579,KSQ
1388,012620,KR7012620001,원일특강,KOSDAQ,우량기업부,7020,2,-10,-0.14,7110,7110,7010,547,3848405,30888000000,4400000,KSQ
1389,037370,KR7037370004,EG,KOSDAQ,벤처기업부,3575,1,45,1.27,3530,3600,3505,4586,16335360,30834274900,8624972,KSQ
1390,087600,KR7087600003,픽셀플러스,KOSDAQ,벤처기업부,3770,1,50,1.34,3725,3800,3725,1480,5580045,30787923660,8166558,KSQ
1391,452160,KR7452160005,제이엔비,KOSDAQ,중견기업부,3195,1,5,0.16,3085,3215,3085,1749,5515295,30727998765,9617527,KSQ
1392,033830,KR7033830001,티비씨,KOSDAQ,중견기업부,1622,2,-8,-0.49,1598,1630,1591,8939,14401567,30667364860,18907130,KSQ
1393,099390,KR7099390007,브레인즈컴퍼니,KOSDAQ,벤처기업부,3735,1,25,0.67,3710,3785,3710,1878,7006445,30657937005,8208283,KSQ
1394,193250,KR7193250008,링크드,KOSDAQ,중견기업부,2290,1,30,1.33,2360,2375,2170,35463,79877900,30614856570,13368933,KSQ
1395,088340,KR7088340005,유라클,KOSDAQ,벤처기업부,6990,1,80,1.16,6860,7060,6860,3353,23303150,30506932320,4364368,KSQ
1396,197140,KR7197140007,디지캡,KOSDAQ,벤처기업부,2340,1,10,0.43,2315,2340,2305,6260,14588395,30450780360,13013154,KSQ
1397,020180,KR7020180006,대신정보통신,KOSDAQ,중견기업부,3960,2,-80,-1.98,4040,4060,3890,9522,37882630,30435700680,7685783,KSQ
1398,093380,KR7093380004,풍강,KOSDAQ,중견기업부,3080,1,125,4.23,2950,3100,2940,28210,85663857,30428284040,9879313,KSQ
1399,078590,KR7078590007,휴림에이텍,KOSDAQ,중견기업부,3035,2,-245,-7.47,3375,3500,2960,516116,1624007271,30325170665,9991819,KSQ
1400,246250,KR7246250005,에스엘에스바이오,KOSDAQ,관리종목(소속부없음),1969,0,0,0.0,0,0,0,0,0,30220617614,15348206,KSQ
1401,079170,KR7079170007,한창산업,KOSDAQ,우량기업부,5810,2,-70,-1.19,5880,5880,5760,4003,23266080,30212000000,5200000,KSQ
1402,297570,KR7297570004,아틀라스링크,KOSDAQ,벤처기업부,869,0,0,0.0,0,0,0,0,0,30085838442,34621218,KSQ
1403,290090,KR7290090000,트윔,KOSDAQ,벤처기업부,4025,2,-90,-2.19,4200,4200,3925,1762,7070815,29948286200,7440568,KSQ
1404,444530,KR7444530000,심플랫폼,KOSDAQ,기술성장기업부,4650,1,175,3.91,4910,4910,4580,3543,16351085,29907804900,6431786,KSQ
1405,050110,KR7050110006,캠시스,KOSDAQ,중견기업부,1023,2,-13,-1.25,1036,1045,1010,26488,27298469,29896993929,29224823,KSQ
1406,101670,KR7101670008,하이드로리튬,KOSDAQ,중견기업부,526,2,-15,-2.77,541,547,504,589920,306941403,29864800362,56777187,KSQ
1407,215090,KR7215090002,솔디펜스,KOSDAQ,벤처기업부,1289,3,0,0.0,1306,1317,1255,12762,16380625,29847647029,23155661,KSQ
1408,360350,KR7360350003,코셈,KOSDAQ,기술성장기업부,5480,2,-140,-2.49,5530,5690,5400,7076,39108965,29800075600,5437970,KSQ
1409,376180,KR7376180006,피코그램,KOSDAQ,벤처기업부,1598,2,-2,-0.13,1663,1697,1577,19153,31266017,29660538724,18561038,KSQ
1410,458350,KR7458350006,에스팀,KOSDAQ,중견기업부,3415,2,-45,-1.3,3460,3505,3390,2848,9753490,29653128000,8683200,KSQ
1411,407400,KR7407400001,꿈비,KOSDAQ,벤처기업부,2025,1,5,0.25,2005,2100,1990,27012,55050272,29634931350,14634534,KSQ
1412,069140,KR7069140002,누리플랜,KOSDAQ,벤처기업부,1963,1,17,0.87,1950,1990,1945,13476,26443609,29633063252,15095804,KSQ
1413,091970,KR7091970004,LSK아이로봇,KOSDAQ,중견기업부,3925,2,-125,-3.09,4055,4100,3900,11195,43892865,29574011500,7534780,KSQ
1414,363260,KR7363260001,모비데이즈,KOSDAQ,벤처기업부,916,0,0,0.0,0,0,0,0,0,29462012404,32163769,KSQ
1415,075970,KR7075970004,동국알앤에스,KOSDAQ,중견기업부,1599,1,8,0.5,1588,1600,1588,8943,14267261,29421600000,18400000,KSQ
1416,464580,KR7464580000,닷밀,KOSDAQ,기술성장기업부,1595,2,-2,-0.13,1561,1634,1561,1711,2712073,29357711955,18406089,KSQ
1417,096630,KR7096630009,에스코넥,KOSDAQ,우량기업부,1847,1,7,0.38,1840,1857,1820,3421,6302958,29323568581,15876323,KSQ
1418,053290,KR7053290003,NE능률,KOSDAQ,중견기업부,1772,1,1,0.06,1750,1814,1737,59728,104634055,29284616004,16526307,KSQ
1419,239610,KR7239610009,에이치엘사이언스,KOSDAQ,벤처기업부,5430,1,30,0.56,5400,5430,5300,72,389500,29279184450,5392115,KSQ
1420,318010,KR7318010006,팜스빌,KOSDAQ,벤처기업부,3690,1,35,0.96,3655,3720,3655,3969,14640872,29259257220,7929338,KSQ
1421,351330,KR7351330006,이삭엔지니어링,KOSDAQ,벤처기업부,3525,1,15,0.43,3510,3555,3490,2685,9448810,29217033000,8288520,KSQ
1422,119500,KR7119500007,포메탈,KOSDAQ,중견기업부,2460,1,45,1.86,2395,2490,2390,14420,35150251,29144190720,11847232,KSQ
1423,109960,KR7109960005,앱토크롬,KOSDAQ,투자주의환기종목(소속부없음),1923,1,70,3.78,1856,1934,1773,3401,6266189,29099284059,15132233,KSQ
1424,069410,KR7069410009,엔텔스,KOSDAQ,벤처기업부,2840,1,35,1.25,2800,2850,2770,5686,15910500,29095300160,10244824,KSQ
1425,017000,KR7017000001,신원종합개발,KOSDAQ,우량기업부,2485,1,50,2.05,2420,2510,2405,27909,68512300,28995047095,11668027,KSQ
1426,013720,KR7013720008,청보,KOSDAQ,중견기업부,2380,2,-25,-1.04,2405,2405,2330,1034,2439990,28954194640,12165628,KSQ
1427,262840,KR7262840002,아이퀘스트,KOSDAQ,벤처기업부,2740,1,5,0.18,2710,2805,2710,4536,12622365,28953448480,10566952,KSQ
1428,038620,KR7038620001,위즈코프,KOSDAQ,벤처기업부,1910,1,10,0.53,1900,1949,1888,3943,7513853,28928655630,15145893,KSQ
1429,365590,KR7365590009,하이딥,KOSDAQ,기술성장기업부,783,0,0,0.0,0,0,0,0,0,28825792650,36814550,KSQ
1430,237820,KR7237820006,플레이디,KOSDAQ,중견기업부,2240,1,20,0.9,2235,2295,2215,14062,31452815,28732793600,12827140,KSQ
1431,226330,KR7226330009,신테카바이오,KOSDAQ,투자주의환기종목(소속부없음),1184,2,-38,-3.11,1214,1214,1139,85645,100146863,28722034400,24258475,KSQ
1432,160550,KR7160550000,NEW,KOSDAQ,중견기업부,1029,1,18,1.78,1017,1030,1017,4025,4132368,28715383074,27906106,KSQ
1433,388610,KR7388610008,지에프씨생명과학,KOSDAQ,기술성장기업부,5390,2,-80,-1.46,5490,5840,5380,5036,27604410,28703814370,5325383,KSQ
1434,254120,KR7254120009,자비스,KOSDAQ,기술성장기업부,933,2,-13,-1.37,928,958,911,52942,49047495,28693733910,30754270,KSQ
1435,049120,KR7049120009,파인디앤씨,KOSDAQ,벤처기업부,2705,1,10,0.37,2795,2795,2680,3296,8981955,28677498415,10601663,KSQ
1436,007720,KR7007720006,소노스퀘어,KOSDAQ,중견기업부,1422,2,-77,-5.14,1485,1485,1381,31285,44112487,28667647980,20160090,KSQ
1437,310870,KR7310870001,디와이씨,KOSDAQ,벤처기업부,1307,2,-12,-0.91,1296,1341,1283,37464,48723551,28652840814,21922602,KSQ
1438,188260,KR7188260004,세니젠,KOSDAQ,투자주의환기종목(소속부없음),2055,1,60,3.01,1995,2060,1995,1427,2862584,28567208490,13901318,KSQ
1439,367000,KR7367000007,플래티어,KOSDAQ,벤처기업부,3405,1,15,0.44,3390,3540,3325,758,2598655,28561844835,8388207,KSQ
1440,103840,KR7103840005,우양,KOSDAQ,중견기업부,1742,2,-31,-1.75,1758,1758,1731,7955,13857314,28510317576,16366428,KSQ
1441,026910,KR7026910000,광진실업,KOSDAQ,중견기업부,3585,2,-115,-3.11,3700,3770,3485,41294,147213740,28423048710,7928326,KSQ
1442,364950,KR7364950006,에이아이코리아,KOSDAQ,벤처기업부,3420,1,15,0.44,3520,3530,3360,18079,61908970,28373841900,8296445,KSQ
1443,008470,KR7008470007,부스타,KOSDAQ,벤처기업부,1684,2,-17,-1.0,1680,1730,1655,15740,26515096,28307366400,16809600,KSQ
1444,066910,KR7066910001,손오공,KOSDAQ,중견기업부,1834,2,-63,-3.32,1897,1901,1800,15235,27789892,28219083088,15386632,KSQ
1445,031310,KR7031310006,아이즈비전,KOSDAQ,중견기업부,948,1,5,0.53,947,953,941,10138,9585694,28199825148,29746651,KSQ
1446,043220,KR7043220003,티에스넥스젠,KOSDAQ,관리종목(소속부없음),1710,0,0,0.0,0,0,0,0,0,28191099330,16486023,KSQ
1447,115480,KR7115480006,씨유메디칼,KOSDAQ,중견기업부,2325,2,-20,-0.85,2350,2395,2320,12694,29705520,28190418075,12124911,KSQ
1448,079000,KR7079000006,와토스코리아,KOSDAQ,중견기업부,3910,2,-25,-0.64,3935,3945,3840,8950,34767120,28152000000,7200000,KSQ
1449,021880,KR7021880000,메이슨캐피탈,KOSDAQ,중견기업부,1321,2,-2,-0.15,1323,1343,1283,9867,13060771,28029559240,21218440,KSQ
1450,336060,KR7336060009,웨이버스,KOSDAQ,벤처기업부,2910,1,35,1.22,2780,2995,2780,4122,11964285,28026326400,9631040,KSQ
1451,068100,KR7068100007,케이웨더,KOSDAQ,기술성장기업부,2345,1,25,1.08,2320,2350,2290,1346,3119425,27970071920,11927536,KSQ
1452,032860,KR7032860009,더라미,KOSDAQ,중견기업부,690,0,0,0.0,0,0,0,0,0,27873145470,40395863,KSQ
1453,195500,KR7195500004,마니커에프앤지,KOSDAQ,중견기업부,1741,2,-66,-3.65,1807,1816,1739,31198,54818831,27817698000,15978000,KSQ
1454,462980,KR7462980004,아이지넷,KOSDAQ,기술성장기업부,1522,1,23,1.53,1499,1550,1499,15733,23842817,27752813114,18234437,KSQ
1455,097780,KR7097780001,에코볼트,KOSDAQ,중견기업부,1365,1,31,2.32,1335,1372,1327,16518,22292863,27700066485,20293089,KSQ
1456,900070,KYG3931T1076,글로벌에스엠,KOSDAQ,외국기업(소속부없음),1029,2,-2,-0.19,1040,1040,1020,3513,3602118,27651271536,26871984,KSQ
1457,450520,KR7450520002,인스웨이브,KOSDAQ,벤처기업부,1879,2,-9,-0.48,1888,2025,1850,3073,5819546,27629902062,14704578,KSQ
1458,290270,KR7290270008,휴네시온,KOSDAQ,벤처기업부,2875,3,0,0.0,2865,2895,2815,6994,20082345,27622057000,9607672,KSQ
1459,356890,KR7356890004,싸이버원,KOSDAQ,벤처기업부,2300,1,20,0.88,2260,2320,2260,4474,10191000,27493797500,11953825,KSQ
1460,139670,KR7139670004,키네마스터,KOSDAQ,중견기업부,1943,2,-2,-0.1,1900,1945,1880,2838,5435881,27432847830,14118810,KSQ
1461,045300,KR7045300001,성우테크론,KOSDAQ,중견기업부,2600,2,-50,-1.89,2650,2725,2580,14902,38863420,27422231200,10547012,KSQ
1462,096690,KR7096690003,에이루트,KOSDAQ,중견기업부,6800,3,0,0.0,6800,7130,6500,3787,25434480,27355325600,4022842,KSQ
1463,406820,KR7406820001,뷰티스킨,KOSDAQ,벤처기업부,1932,1,20,1.05,1915,1949,1883,74017,141266182,27311055324,14136157,KSQ
1464,080530,KR7080530009,코디,KOSDAQ,중견기업부,2465,2,-65,-2.57,2480,2595,2405,4009,9835915,27291701060,11071684,KSQ
1465,044480,KR7044480002,빌리언스,KOSDAQ,중견기업부,820,0,0,0.0,0,0,0,0,0,27265751120,33250916,KSQ
1466,130500,KR7130500002,GH신소재,KOSDAQ,중견기업부,1866,1,27,1.47,1839,1900,1829,5504,10135512,27141067032,14545052,KSQ
1467,058110,KR7058110008,멕아이씨에스,KOSDAQ,기술성장기업부,1690,2,-15,-0.88,1706,1721,1669,6107,10317876,27125395700,16050530,KSQ
1468,131220,KR7131220006,대한과학,KOSDAQ,벤처기업부,3620,1,20,0.56,3725,3755,3555,1124,4110987,26985253800,7454490,KSQ
1469,016920,KR7016920001,카스,KOSDAQ,중견기업부,1050,1,1,0.1,1050,1070,1034,15256,15909177,26983668600,25698732,KSQ
1470,123840,KR7123840001,뉴온,KOSDAQ,투자주의환기종목(소속부없음),1731,1,9,0.52,1729,1749,1725,535,924544,26922329550,15553050,KSQ
1471,032750,KR7032750002,삼진,KOSDAQ,우량기업부,2965,1,35,1.19,2920,2985,2920,3823,11264680,26777276730,9031122,KSQ
1472,033050,KR7033050006,제이엠아이,KOSDAQ,관리종목(소속부없음),840,1,16,1.94,824,850,806,34390,28615806,26745035520,31839328,KSQ
1473,368970,KR7368970000,오에스피,KOSDAQ,관리종목(소속부없음),2375,1,15,0.64,2380,2400,2345,6336,14980575,26694330250,11239718,KSQ
1474,048470,KR7048470009,대동스틸,KOSDAQ,중견기업부,2765,2,-15,-0.54,2780,2800,2745,2708,7505395,26682250000,9650000,KSQ
1475,067010,KR7067010009,이씨에스,KOSDAQ,벤처기업부,2450,1,10,0.41,2435,2450,2415,32208,78626765,26676825000,10888500,KSQ
1476,430690,KR7430690008,한싹,KOSDAQ,벤처기업부,2440,2,-60,-2.4,2445,2500,2405,12820,31464783,26584541760,10895304,KSQ
1477,328380,KR7328380001,솔트웨어,KOSDAQ,벤처기업부,3875,3,0,0.0,3875,3940,3750,9899,37992599,26553650625,6852555,KSQ
1478,138070,KR7138070008,신진에스엠,KOSDAQ,중견기업부,1517,2,-4,-0.26,1521,1521,1500,433,655240,26552360468,17503204,KSQ
1479,083660,KR7083660001,CSA 코스믹,KOSDAQ,중견기업부,1859,4,429,30.0,1550,1859,1550,233344,430511353,26432247270,14218530,KSQ
1480,027040,KR7027040005,서울전자통신,KOSDAQ,중견기업부,1898,2,-11,-0.58,1893,1995,1860,20611,39235575,26415925562,13917769,KSQ
1481,900310,HK0000341732,컬러레이,KOSDAQ,외국기업(소속부없음),2060,2,-50,-2.37,2080,2145,2005,3306,6834535,26385170100,12808335,KSQ
1482,057680,KR7057680001,티사이언티픽,KOSDAQ,벤처기업부,1670,2,-51,-2.96,1726,1726,1621,43650,72720221,26374158030,15792909,KSQ
1483,288620,KR7288620008,에스프리즘,KOSDAQ,벤처기업부,3775,1,75,2.03,3700,3815,3635,12369,46211580,26346917900,6979316,KSQ
1484,070590,KR7070590005,인티큐브,KOSDAQ,중견기업부,1898,2,-33,-1.71,1931,1931,1880,4920,9302345,26343330858,13879521,KSQ
1485,351870,KR7351870001,차이커뮤니케이션,KOSDAQ,중견기업부,2360,2,-355,-13.08,2750,3015,2360,302457,798234092,26339115120,11160642,KSQ
1486,267790,KR7267790004,배럴,KOSDAQ,중견기업부,3410,1,225,7.06,3240,3430,3240,21565,72289810,26220543690,7689309,KSQ
1487,091340,KR7091340000,S&K폴리텍,KOSDAQ,중견기업부,2240,1,75,3.46,2180,2240,2155,21039,46366655,26216335040,11703721,KSQ
1488,236810,KR7236810008,엔비티,KOSDAQ,기술성장기업부,1542,2,-5,-0.32,1594,1594,1489,9447,14531151,26176106892,16975426,KSQ
1489,134060,KR7134060003,이퓨쳐,KOSDAQ,벤처기업부,5480,2,-60,-1.08,5550,5550,5470,247,1362290,26135490000,4769250,KSQ
1490,225220,KR7225220003,제놀루션,KOSDAQ,벤처기업부,1355,2,-25,-1.81,1346,1380,1346,6843,9266048,26002478455,19190021,KSQ
1491,039310,KR7039310008,세중,KOSDAQ,중견기업부,1434,2,-17,-1.17,1451,1451,1411,6317,9000189,25986470478,18121667,KSQ
1492,114630,KR7114630007,폴라리스우노,KOSDAQ,우량기업부,1507,1,32,2.17,1469,1539,1469,55874,84325917,25973518736,17235248,KSQ
1493,475660,KR7475660007,에스켐,KOSDAQ,기술성장기업부,3275,2,-45,-1.36,3320,3320,3255,1172,3860285,25970209625,7929835,KSQ
1494,373170,KR7373170000,엠아이큐브솔루션,KOSDAQ,벤처기업부,1711,2,-6,-0.35,1779,1780,1701,1726,2962716,25859694690,15113790,KSQ
1495,001810,KR7001810001,무림SP,KOSDAQ,중견기업부,1167,2,-8,-0.68,1175,1175,1164,6717,7833125,25834462500,22137500,KSQ
1496,007770,KR7007770001,한일화학,KOSDAQ,중견기업부,7350,2,-90,-1.21,7550,7550,7200,121,882710,25798500000,3510000,KSQ
1497,198940,KR7198940009,한주라이트메탈,KOSDAQ,중견기업부,1290,1,46,3.7,1292,1292,1265,15519,19788994,25683590400,19909760,KSQ
1498,038870,KR7038870002,에코심플렉스,KOSDAQ,중견기업부,1828,1,51,2.87,1777,1848,1777,3817,6940484,25619326772,14014949,KSQ
1499,177830,KR7177830007,파버나인,KOSDAQ,벤처기업부,2255,1,15,0.67,2240,2300,2210,3790,8596110,25540114215,11325993,KSQ
1500,115530,KR7115530008,씨엔플러스,KOSDAQ,중견기업부,2970,2,-65,-2.14,3010,3075,2930,9222,27328350,25488703350,8582055,KSQ
1501,019570,KR7019570001,GMI벤처,KOSDAQ,중견기업부,2665,1,55,2.11,2610,2695,2590,6431,16893445,25437435660,9545004,KSQ
1502,060380,KR7060380003,동양에스텍,KOSDAQ,중견기업부,1290,1,11,0.86,1302,1310,1266,14727,19064484,25413000000,19700000,KSQ
1503,462510,KR7462510009,라메디텍,KOSDAQ,기술성장기업부,2875,1,95,3.42,2835,2875,2785,6077,17254995,25308524375,8802965,KSQ
1504,073540,KR7073540007,에프알텍,KOSDAQ,벤처기업부,2210,3,0,0.0,2190,2335,2185,16482,36916780,25194000000,11400000,KSQ
1505,035200,KR7035200005,프럼파스트,KOSDAQ,벤처기업부,2720,2,-15,-0.55,2710,2750,2700,21978,59924325,25078348320,9219981,KSQ
1506,054780,KR7054780002,키이스트,KOSDAQ,중견기업부,1273,2,-12,-0.93,1285,1285,1258,2781,3528625,25024370489,19657793,KSQ
1507,257370,KR7257370007,피엔티엠에스,KOSDAQ,벤처기업부,2000,1,61,3.15,1938,2010,1891,2366,4682792,25009722000,12504861,KSQ
1508,083640,KR7083640003,인콘,KOSDAQ,벤처기업부,1087,0,0,0.0,0,0,0,0,0,24955718841,22958343,KSQ
1509,318000,KR7318000007,KBG,KOSDAQ,벤처기업부,2855,1,50,1.78,2890,2890,2810,2749,7742075,24953336665,8740223,KSQ
1510,215790,KR7215790007,이노인스트루먼트,KOSDAQ,관리종목(소속부없음),619,2,-18,-2.83,655,695,614,771738,498725033,24935269231,40283149,KSQ
1511,146060,KR7146060009,율촌,KOSDAQ,중견기업부,1031,2,-16,-1.53,1038,1052,1024,11217,11580994,24760078445,24015595,KSQ
1512,464500,KR7464500008,아이언디바이스,KOSDAQ,기술성장기업부,1768,2,-2,-0.11,1770,1788,1736,6395,11258997,24740088984,13993263,KSQ
1513,333050,KR7333050003,이노테나,KOSDAQ,벤처기업부,5020,2,-30,-0.59,5040,5040,4920,333,1659785,24720588400,4924420,KSQ
1514,076080,KR7076080001,웰크론한텍,KOSDAQ,중견기업부,1094,2,-6,-0.55,1093,1150,1075,12473,14017686,24718006664,22594156,KSQ
1515,039740,KR7039740006,한국정보공학,KOSDAQ,벤처기업부,3075,2,-10,-0.32,3100,3110,3060,2299,7065415,24656570775,8018397,KSQ
1516,276730,KR7276730009,한울앤제주,KOSDAQ,투자주의환기종목(소속부없음),1091,1,35,3.31,1057,1141,1041,176231,190165541,24631943400,22577400,KSQ
1517,051380,KR7051380004,피씨디렉트,KOSDAQ,중견기업부,1603,3,0,0.0,1616,1616,1581,6664,10670279,24590135416,15340072,KSQ
1518,331520,KR7331520007,밸로프,KOSDAQ,중견기업부,2505,2,-35,-1.38,2505,2550,2505,10294,25978390,24551970930,9801186,KSQ
1519,290520,KR7290520006,신도기연,KOSDAQ,벤처기업부,1560,2,-34,-2.13,1594,1659,1542,12427,19475500,24548415840,15736164,KSQ
1520,238490,KR7238490007,힘스,KOSDAQ,벤처기업부,2170,1,10,0.46,2160,2175,2145,1568,3392755,24547552120,11312236,KSQ
1521,090150,KR7090150004,아이윈,KOSDAQ,중견기업부,5850,2,-90,-1.52,5940,5990,5680,10860,63305400,24497044650,4187529,KSQ
1522,227610,KR7227610003,아우딘퓨쳐스,KOSDAQ,벤처기업부,1264,2,-49,-3.73,1313,1357,1225,39190,50162596,24489457744,19374571,KSQ
1523,038530,KR7038530002,케이바이오랩스,KOSDAQ,중견기업부,945,2,-15,-1.56,1004,1004,909,61546,58345373,24466165290,25890122,KSQ
1524,373110,KR7373110006,엑셀세라퓨틱스,KOSDAQ,기술성장기업부,1408,1,268,23.51,1197,1482,1197,4592515,6563003405,24350506752,17294394,KSQ
1525,101680,KR7101680007,한국정밀기계,KOSDAQ,중견기업부,2890,1,110,3.96,2895,2895,2760,25440,72647245,24287560000,8404000,KSQ
1526,188040,KR7188040000,바이오포트,KOSDAQ,벤처기업부,5190,1,140,2.77,5200,5260,5080,12789,66189270,24285608520,4679308,KSQ
1527,200350,KR7200350007,아티스트스튜디오,KOSDAQ,기술성장기업부,2415,1,20,0.84,2430,2430,2345,1818,4339155,24140400375,9996025,KSQ
1528,044780,KR7044780005,에이치케이,KOSDAQ,벤처기업부,1303,2,-1,-0.08,1303,1304,1290,2184,2836889,24113040461,18505787,KSQ
1529,054090,KR7054090006,삼진엘앤디,KOSDAQ,중견기업부,966,2,-24,-2.42,998,998,945,21869,20950918,24110618112,24959232,KSQ
1530,222980,KR7222980005,한국맥널티,KOSDAQ,벤처기업부,2185,2,-15,-0.68,2195,2200,2135,1791,3915290,24103790355,11031483,KSQ
1531,085810,KR7085810000,알티캐스트,KOSDAQ,중견기업부,1705,1,40,2.4,1665,1728,1630,328,548279,24103504865,14136953,KSQ
1532,063760,KR7063760003,이엘피,KOSDAQ,벤처기업부,2575,1,30,1.18,2545,2600,2500,10684,27148280,24012209750,9325130,KSQ
1533,187220,KR7187220009,디티앤씨,KOSDAQ,중견기업부,2080,2,-80,-3.7,2155,2155,2070,8448,17596695,23971860640,11524933,KSQ
1534,0010F0,KR70010F0005,보원케미칼,KOSDAQ,벤처기업부,2150,3,0,0.0,2150,2190,2135,13196,28396909,23958742150,11143601,KSQ
1535,237750,KR7237750005,피앤씨테크,KOSDAQ,벤처기업부,3685,1,70,1.94,3615,3715,3590,1478,5410115,23939971000,6496600,KSQ
1536,053060,KR7053060000,세동,KOSDAQ,중견기업부,1348,1,1,0.07,1340,1352,1339,9039,12145330,23802200812,17657419,KSQ
1537,301300,KR7301300000,바이브컴퍼니,KOSDAQ,기술성장기업부,1809,2,-15,-0.82,1824,1906,1761,9432,17010914,23796874008,13154712,KSQ
1538,018700,KR7018700005,졸스,KOSDAQ,투자주의환기종목(소속부없음),1423,2,-44,-3.0,1467,1473,1418,17355,24788852,23795775980,16722260,KSQ
1539,130740,KR7130740004,티피씨글로벌,KOSDAQ,중견기업부,2110,1,15,0.72,2095,2140,2060,20110,42503785,23793792690,11276679,KSQ
1540,016670,KR7016670002,디모아,KOSDAQ,중견기업부,2330,2,-45,-1.89,2375,2375,2310,941,2214107,23752565220,10194234,KSQ
1541,065150,KR7065150005,대산F&B,KOSDAQ,중견기업부,1490,2,-29,-1.91,1519,1542,1485,7254,10813180,23747977600,15938240,KSQ
1542,032800,KR7032800005,판타지오,KOSDAQ,중견기업부,1566,1,6,0.38,1566,1607,1549,2910,4592157,23657599584,15107024,KSQ
1543,440320,KR7440320000,오픈놀,KOSDAQ,기술성장기업부,2370,1,15,0.64,2355,2395,2340,3185,7520425,23652600000,9980000,KSQ
1544,208350,KR7208350009,지란지교시큐리티,KOSDAQ,벤처기업부,2910,1,5,0.17,2980,2980,2905,2035,5937385,23575568700,8101570,KSQ
1545,032790,KR7032790008,엠젠솔루션,KOSDAQ,벤처기업부,918,2,-22,-2.34,939,939,901,10470,9614672,23574337308,25680106,KSQ
1546,298060,KR7298060005,풍전약품,KOSDAQ,관리종목(소속부없음),2440,2,-85,-3.37,2475,2475,2405,4476,10849555,23515370680,9637447,KSQ
1547,033200,KR7033200007,모아텍,KOSDAQ,투자주의환기종목(소속부없음),2550,2,-20,-0.78,2600,2665,2530,6185,16068120,23471548950,9204529,KSQ
1548,169330,KR7169330008,엠브레인,KOSDAQ,중견기업부,1279,2,-39,-2.96,1315,1315,1253,8616,10852921,23427338122,18316918,KSQ
1549,355390,KR7355390006,크라우드웍스,KOSDAQ,기술성장기업부,1475,2,-54,-3.53,1529,1546,1430,137509,200602298,23414657400,15874344,KSQ
1550,095910,KR7095910006,에스에너지,KOSDAQ,관리종목(소속부없음),627,2,-2,-0.32,634,634,613,110691,68617795,23385161943,37296909,KSQ
1551,154040,KR7154040000,다산솔루에타,KOSDAQ,중견기업부,1081,1,11,1.03,1070,1087,1070,27210,29362749,23366478734,21615614,KSQ
1552,036480,KR7036480002,대성미생물,KOSDAQ,중견기업부,6130,1,30,0.49,6100,6210,6050,1236,7496130,23294000000,3800000,KSQ
1553,403490,KR7403490006,우듬지팜,KOSDAQ,벤처기업부,505,0,0,0.0,0,0,0,0,0,23195894320,45932464,KSQ
1554,289220,KR7289220006,자이언트스텝,KOSDAQ,기술성장기업부,1035,2,-5,-0.48,1050,1050,1027,8148,8474881,23093148735,22312221,KSQ
1555,018680,KR7018680009,서울제약,KOSDAQ,벤처기업부,1972,2,-1,-0.05,1973,2020,1940,3971,7752945,22992177068,11659319,KSQ
1556,038880,KR7038880001,아이에이,KOSDAQ,중견기업부,3055,2,-130,-4.08,3185,3185,3000,11761,35861895,22956562265,7514423,KSQ
1557,109670,KR7109670000,씨싸이트,KOSDAQ,중견기업부,3915,2,-45,-1.14,3925,3965,3705,8385,32255045,22850296830,5836602,KSQ
1558,013810,KR7013810007,스페코,KOSDAQ,중견기업부,1557,1,7,0.45,1558,1675,1410,22468,34061452,22818566790,14655470,KSQ
1559,047080,KR7047080007,한빛소프트,KOSDAQ,중견기업부,918,2,-22,-2.34,940,940,918,17226,15985109,22786928316,24822362,KSQ
1560,353190,KR7353190002,휴럼,KOSDAQ,중견기업부,2885,1,90,3.22,2795,2970,2760,4507,12678845,22721348340,7875684,KSQ
1561,405920,KR7405920000,나라셀라,KOSDAQ,중견기업부,1762,2,-3,-0.17,1765,1765,1696,4227,7369103,22691169912,12878076,KSQ
1562,032080,KR7032080004,아즈텍WB,KOSDAQ,중견기업부,1055,3,0,0.0,1055,1086,1034,405,429879,22673035595,21491029,KSQ
1563,123750,KR7123750002,알톤,KOSDAQ,중견기업부,1636,2,-39,-2.33,1675,1675,1612,4014,6621392,22608307724,13819259,KSQ
1564,241840,KR7241840008,에이스토리,KOSDAQ,중견기업부,2360,2,-25,-1.05,2385,2385,2350,3061,7256510,22514385840,9539994,KSQ
1565,359090,KR7359090008,씨엔알리서치,KOSDAQ,중견기업부,1956,1,3,0.15,1990,1990,1906,5170,10054179,22482543708,11494143,KSQ
1566,377030,KR7377030002,비트맥스,KOSDAQ,관리종목(소속부없음),1573,2,-96,-5.75,1669,1676,1568,58485,92807389,22480847246,14291702,KSQ
1567,238200,KR7238200000,비피도,KOSDAQ,벤처기업부,2745,1,30,1.1,2895,2895,2665,5797,15821790,22454100000,8180000,KSQ
1568,415380,KR7415380005,스튜디오삼익,KOSDAQ,중견기업부,1959,2,-20,-1.01,1979,1993,1941,3291,6507184,22416788025,11442975,KSQ
1569,131180,KR7131180002,딜리,KOSDAQ,벤처기업부,3810,1,105,2.83,3720,3830,3710,6546,24405615,22364700000,5870000,KSQ
1570,424760,KR7424760007,벨로크,KOSDAQ,벤처기업부,2205,1,55,2.56,2100,2210,2100,13109,28615885,22169881440,10054368,KSQ
1571,195990,KR7195990007,루트K,KOSDAQ,관리종목(소속부없음),1361,2,-5,-0.37,1370,1377,1342,12666,17271500,22167796514,16287874,KSQ
1572,900110,HK0000057197,딥커머스,KOSDAQ,외국기업(소속부없음),1201,0,0,0.0,0,0,0,0,0,22142994331,18437131,KSQ
1573,148780,KR7148780000,비큐AI,KOSDAQ,기술성장기업부,3505,1,150,4.47,3515,3650,3315,147171,514994337,22043453225,6289145,KSQ
1574,258790,KR7258790005,소프트캠프,KOSDAQ,벤처기업부,4385,2,-55,-1.24,4540,4540,4355,6658,29823740,21917352560,4998256,KSQ
1575,317120,KR7317120004,라닉스,KOSDAQ,기술성장기업부,1435,1,5,0.35,1430,1446,1400,11739,16646610,21898100000,15260000,KSQ
1576,067770,KR7067770008,세진티에스,KOSDAQ,관리종목(소속부없음),2605,2,-140,-5.1,2675,2700,2555,41273,108576345,21873124765,8396593,KSQ
1577,378800,KR7378800007,샤페론,KOSDAQ,관리종목(소속부없음),473,1,14,3.05,461,499,450,375831,178617083,21872953663,46243031,KSQ
1578,352940,KR7352940001,인바이오,KOSDAQ,벤처기업부,2010,2,-5,-0.25,2045,2045,1995,1114,2241714,21844137300,10867730,KSQ
1579,101400,KR7101400000,엔시트론,KOSDAQ,중견기업부,1860,1,30,1.64,1830,1870,1785,92096,167185309,21839725680,11741788,KSQ
1580,429270,KR7429270002,시지트로닉스,KOSDAQ,기술성장기업부,3380,1,30,0.9,3350,3400,3305,10372,34730210,21798400780,6449231,KSQ
1581,032280,KR7032280000,삼일,KOSDAQ,중견기업부,1342,2,-11,-0.81,1367,1367,1333,5271,7066620,21758637780,16213590,KSQ
1582,115160,KR7115160004,휴맥스,KOSDAQ,중견기업부,5050,2,-140,-2.7,5190,5190,5010,1691,8550890,21753041650,4307533,KSQ
1583,192390,KR7192390003,윈하이텍,KOSDAQ,벤처기업부,1817,2,-11,-0.6,1897,1898,1785,3107,5698643,21744485982,11967246,KSQ
1584,432980,KR7432980001,엠에프씨,KOSDAQ,기술성장기업부,2530,1,15,0.6,2515,2585,2515,718,1818235,21737107260,8591742,KSQ
1585,065690,KR7065690000,파커스,KOSDAQ,투자주의환기종목(소속부없음),1808,1,73,4.21,1786,1817,1702,21589,37906914,21722228656,12014507,KSQ
1586,052300,KR7052300001,오션인더블유,KOSDAQ,중견기업부,1328,1,2,0.15,1326,1337,1315,9681,12854640,21572201984,16244128,KSQ
1587,080720,KR7080720006,한국유니온제약,KOSDAQ,관리종목(소속부없음),2725,0,0,0.0,0,0,0,0,0,21562456300,7912828,KSQ
1588,206560,KR7206560005,덱스터,KOSDAQ,기술성장기업부,848,2,-10,-1.17,858,870,835,34350,29166618,21549152128,25411736,KSQ
1589,017250,KR7017250002,인터엠,KOSDAQ,중견기업부,1022,1,24,2.4,998,1023,981,18348,18335908,21508467274,21045467,KSQ
1590,215480,KR7215480005,토박스코리아,KOSDAQ,중견기업부,2000,1,7,0.35,1993,2020,1950,2548,5035803,21480000000,10740000,KSQ
1591,043200,KR7043200005,파루,KOSDAQ,벤처기업부,512,0,0,0.0,0,0,0,0,0,21403809280,41804315,KSQ
1592,277410,KR7277410007,인산가,KOSDAQ,벤처기업부,5570,2,-50,-0.89,5780,5780,5450,1042,5811560,21395205500,3841150,KSQ
1593,054940,KR7054940002,엑사이엔씨,KOSDAQ,중견기업부,3220,1,20,0.63,3200,3300,3165,14794,47238070,21363762980,6634709,KSQ
1594,016100,KR7016100000,리더스코스메틱,KOSDAQ,중견기업부,1116,2,-15,-1.33,1120,1133,1108,9787,10898685,21316597704,19100894,KSQ
1595,377330,KR7377330006,이지트로닉스,KOSDAQ,기술성장기업부,2605,1,5,0.19,2580,2695,2565,1334,3489380,21204580170,8139954,KSQ
1596,067730,KR7067730002,로지시스,KOSDAQ,중견기업부,2190,2,-30,-1.35,2220,2240,2185,6085,13421770,21185889180,9673922,KSQ
1597,219750,KR7219750007,한국비티비,KOSDAQ,중견기업부,1616,2,-16,-0.98,1617,1647,1520,4213,6573060,21145969232,13085377,KSQ
1598,353590,KR7353590003,오토앤,KOSDAQ,중견기업부,1641,2,-50,-2.96,1690,1690,1624,1983,3246689,21128810370,12875570,KSQ
1599,148250,KR7148250004,알엔투테크놀로지,KOSDAQ,벤처기업부,1551,1,7,0.45,1501,1589,1439,33235,50455764,21110201904,13610704,KSQ
1600,340440,KR7340440007,세림B&G,KOSDAQ,벤처기업부,739,2,-18,-2.38,757,757,738,41523,30819026,20971610996,28378364,KSQ
1601,274400,KR7274400001,이노시뮬레이션,KOSDAQ,기술성장기업부,2280,2,-45,-1.94,2280,2335,2245,2012,4589140,20717204040,9086493,KSQ
1602,252500,KR7252500004,세화피앤씨,KOSDAQ,중견기업부,499,0,0,0.0,0,0,0,0,0,20701708610,41486390,KSQ
1603,303530,KR7303530000,이노뎁,KOSDAQ,벤처기업부,2820,1,5,0.18,2845,2845,2735,3349,9299125,20696823180,7339299,KSQ
1604,362990,KR7362990004,드림인사이트,KOSDAQ,벤처기업부,1229,2,-4,-0.32,1239,1239,1220,532,658032,20647905446,16800574,KSQ
1605,021040,KR7021040001,대호특수강,KOSDAQ,중견기업부,950,2,-22,-2.26,973,1005,943,7033,6715285,20619535300,21704774,KSQ
1606,153490,KR7153490008,우리이앤엘하루틴,KOSDAQ,우량기업부,1998,1,345,20.87,1659,1998,1659,143145,267312411,20571408000,10296000,KSQ
1607,023770,KR7023770001,플레이위드,KOSDAQ,중견기업부,2295,2,-45,-1.92,2330,2330,2280,2967,6806085,20532206025,8946495,KSQ
1608,080470,KR7080470008,성창오토텍,KOSDAQ,벤처기업부,2805,3,0,0.0,2815,2815,2795,984,2760950,20476500000,7300000,KSQ
1609,083470,KR7083470005,이엠앤아이,KOSDAQ,벤처기업부,959,2,-4,-0.42,989,989,936,11137,10619016,20465375511,21340329,KSQ
1610,361670,KR7361670003,삼영에스앤씨,KOSDAQ,기술성장기업부,3605,2,-45,-1.23,3660,3660,3585,1279,4640090,20431907090,5667658,KSQ
1611,098660,KR7098660004,에스티오,KOSDAQ,중견기업부,1630,2,-28,-1.69,1658,1658,1610,3961,6476948,20376590880,12500976,KSQ
1612,069330,KR7069330009,유아이디,KOSDAQ,벤처기업부,1200,1,21,1.78,1178,1207,1142,135238,160088343,20343088800,16952574,KSQ
1613,200230,KR7200230001,텔콘RF제약,KOSDAQ,중견기업부,2145,2,-25,-1.15,2175,2250,2110,24410,52315770,20339467005,9482269,KSQ
1614,372800,KR7372800003,아이티아이즈,KOSDAQ,벤처기업부,2885,2,-90,-3.03,3055,3055,2885,2313,6733340,20302290265,7037189,KSQ
1615,014100,KR7014100002,메디앙스,KOSDAQ,중견기업부,1715,3,0,0.0,1715,1800,1654,10385,17816076,20237000000,11800000,KSQ
1616,115570,KR7115570004,스타플렉스,KOSDAQ,중견기업부,2520,2,-5,-0.2,2525,2560,2450,10143,25519950,20120960160,7984508,KSQ
1617,019660,KR7019660000,글로본,KOSDAQ,중견기업부,1438,1,3,0.21,1478,1478,1415,8208,11780533,20051950854,13944333,KSQ
1618,043360,KR7043360007,디지아이,KOSDAQ,벤처기업부,2225,2,-10,-0.45,2235,2235,2225,478,1068280,20025000000,9000000,KSQ
1619,065370,KR7065370009,위세아이텍,KOSDAQ,벤처기업부,2710,1,50,1.88,2660,2820,2610,14741,39302485,20010515340,7383954,KSQ
1620,347770,KR7347770000,핌스,KOSDAQ,중견기업부,882,1,15,1.73,889,891,830,28646,24908055,19985857164,22659702,KSQ
1621,054410,KR7054410006,케이피티유,KOSDAQ,중견기업부,3480,1,10,0.29,3640,3640,3480,214,746730,19928025120,5726444,KSQ
1622,383930,KR7383930005,디티앤씨알오,KOSDAQ,중견기업부,1556,1,22,1.43,1559,1574,1519,14294,22053861,19892103168,12784128,KSQ
1623,032680,KR7032680001,소프트센,KOSDAQ,중견기업부,952,2,-16,-1.65,973,973,943,13879,13217475,19854798712,20855881,KSQ
1624,300120,KR7300120003,라온피플,KOSDAQ,벤처기업부,2000,2,-65,-3.15,2065,2075,1992,13749,27686273,19801606000,9900803,KSQ
1625,398120,KR7398120006,에스지헬스케어,KOSDAQ,벤처기업부,1670,2,-56,-3.24,1732,1780,1579,67908,111366282,19775323370,11841511,KSQ
1626,154030,KR7154030001,아시아종묘,KOSDAQ,벤처기업부,1633,1,11,0.68,1623,1699,1623,31310,52221781,19697028811,12061867,KSQ
1627,275630,KR7275630002,에스에스알,KOSDAQ,벤처기업부,3745,1,165,4.61,3585,3845,3585,11594,43041653,19675510960,5253808,KSQ
1628,056730,KR7056730005,CNT85,KOSDAQ,중견기업부,1323,3,0,0.0,1329,1329,1271,2327,3027046,19609819551,14822237,KSQ
1629,084440,KR7084440007,유비온,KOSDAQ,기술성장기업부,1023,2,-67,-6.15,1079,1079,1004,22681,23854473,19572466683,19132421,KSQ
1630,431190,KR7431190008,케이쓰리아이,KOSDAQ,기술성장기업부,2605,2,-95,-3.52,2640,2660,2605,3791,9983315,19502181410,7486442,KSQ
1631,065060,KR7065060006,지엔코,KOSDAQ,중견기업부,3250,2,-95,-2.84,3345,3345,3200,4745,15492064,19468754500,5990386,KSQ
1632,054220,KR7054220009,비츠로시스,KOSDAQ,벤처기업부,1544,2,-41,-2.59,1610,1610,1530,16290,25170570,19439911104,12590616,KSQ
1633,073190,KR7073190001,듀오백,KOSDAQ,관리종목(소속부없음),1622,0,0,0.0,0,0,0,0,0,19412160880,11968040,KSQ
1634,096870,KR7096870001,엘디티,KOSDAQ,벤처기업부,2325,2,-45,-1.9,2355,2395,2285,14635,33846155,19409097675,8347999,KSQ
1635,048830,KR7048830004,엔피케이,KOSDAQ,중견기업부,1034,2,-3,-0.29,1058,1058,1031,8826,9254715,19360536382,18723923,KSQ
1636,113810,KR7113810006,디젠스,KOSDAQ,중견기업부,2965,1,400,15.59,2545,2970,2545,39377,110401870,19348433650,6525610,KSQ
1637,342870,KR7342870003,오아,KOSDAQ,중견기업부,3545,1,15,0.42,3530,3545,3475,1479,5181340,19320948365,5450197,KSQ
1638,050760,KR7050760008,에스폴리텍,KOSDAQ,중견기업부,1181,1,6,0.51,1192,1192,1172,42341,49888868,19291254718,16334678,KSQ
1639,024940,KR7024940009,PN풍년,KOSDAQ,벤처기업부,1929,1,2,0.1,1916,1938,1915,3295,6336112,19290000000,10000000,KSQ
1640,419540,KR7419540000,비스토스,KOSDAQ,벤처기업부,3230,1,65,2.05,3135,3395,3135,11750,38261252,19245157190,5958253,KSQ
1641,214610,KR7214610008,롤링스톤,KOSDAQ,관리종목(소속부없음),2290,0,0,0.0,0,0,0,0,0,19197807380,8383322,KSQ
1642,018620,KR7018620005,우진비앤지,KOSDAQ,벤처기업부,2765,1,105,3.95,2660,2765,2660,8914,24295155,19169695230,6932982,KSQ
1643,043590,KR7043590009,웰킵스하이텍,KOSDAQ,중견기업부,1409,2,-66,-4.47,1432,1500,1409,13046,18784851,19117848829,13568381,KSQ
1644,137940,KR7137940003,넥스트아이,KOSDAQ,중견기업부,1940,2,-9,-0.46,1957,1997,1921,4438,8639694,19035409980,9812067,KSQ
1645,438700,KR7438700007,버넥트,KOSDAQ,기술성장기업부,1707,2,-14,-0.81,1724,1746,1698,28320,48394375,19024327230,11144890,KSQ
1646,900340,HK0000449303,윙입푸드,KOSDAQ,외국기업(소속부없음),1501,2,-19,-1.25,1512,1549,1497,71637,108300628,18886680732,12582732,KSQ
1647,344860,KR7344860002,이노진,KOSDAQ,기술성장기업부,1307,2,-10,-0.76,1331,1347,1306,1607,2129730,18860010000,14430000,KSQ
1648,031860,KR7031860000,디에이치엑스컴퍼니,KOSDAQ,관리종목(소속부없음),6930,0,0,0.0,0,0,0,0,0,18714756060,2700542,KSQ
1649,027580,KR7027580000,상보,KOSDAQ,중견기업부,1575,2,-25,-1.56,1600,1610,1553,14106,22118967,18642101625,11836255,KSQ
1650,073570,KR7073570004,리튬포어스,KOSDAQ,관리종목(소속부없음),1545,2,-22,-1.4,1567,1585,1504,7098,10936346,18597671760,12037328,KSQ
1651,368600,KR7368600003,아이씨에이치,KOSDAQ,기술성장기업부,720,2,-19,-2.57,729,734,710,50116,35975835,18572698800,25795415,KSQ
1652,365900,KR7365900000,브이씨,KOSDAQ,벤처기업부,2540,1,80,3.25,2460,2540,2420,7205,17764930,18568162000,7310300,KSQ
1653,196700,KR7196700009,웹스,KOSDAQ,벤처기업부,1289,2,-16,-1.23,1305,1317,1281,20339,26425323,18515381616,14364144,KSQ
1654,088290,KR7088290002,이원컴포텍,KOSDAQ,관리종목(소속부없음),2315,1,45,1.98,2260,2315,2180,428,949680,18464606680,7976072,KSQ
1655,405000,KR7405000001,플라즈맵,KOSDAQ,벤처기업부,3435,1,35,1.03,3375,3570,3300,6473,21686625,18458082420,5373532,KSQ
1656,303030,KR7303030001,지니틱스,KOSDAQ,벤처기업부,2000,2,-45,-2.2,2045,2060,1841,115774,221207294,18314952000,9157476,KSQ
1657,140430,KR7140430000,카티스,KOSDAQ,중견기업부,1710,2,-1,-0.06,1706,1735,1695,6882,11789320,18279056970,10689507,KSQ
1658,335870,KR7335870002,윙스풋,KOSDAQ,중견기업부,1090,0,0,0.0,0,0,0,0,0,18258015570,16750473,KSQ
1659,065650,KR7065650004,하이퍼코퍼레이션,KOSDAQ,중견기업부,1656,2,-2,-0.12,1658,1658,1630,1563,2563115,18126554472,10945987,KSQ
1660,900270,HK0000214814,헝셩그룹,KOSDAQ,외국기업(소속부없음),3545,4,815,29.85,3485,3545,3150,327261,1143962300,18123060960,5112288,KSQ
1661,279600,KR7279600001,미디어젠,KOSDAQ,벤처기업부,3845,3,0,0.0,3715,4000,3505,2390,9051505,18012982945,4684781,KSQ
1662,103230,KR7103230009,에스앤더블류,KOSDAQ,관리종목(소속부없음),2495,1,80,3.31,2420,2550,2350,56610,139840980,17964000000,7200000,KSQ
1663,060900,KR7060900008,에이전트AI,KOSDAQ,중견기업부,3670,2,-85,-2.26,3755,3795,3620,1125,4124110,17924023100,4883930,KSQ
1664,322780,KR7322780008,코퍼스코리아,KOSDAQ,중견기업부,1989,1,10,0.51,1989,2025,1940,14390,28188208,17850936870,8974830,KSQ
1665,455180,KR7455180000,케이지에이,KOSDAQ,벤처기업부,1210,2,-57,-4.5,1267,1277,1191,43877,53512680,17785857760,14699056,KSQ
1666,417180,KR7417180007,핑거스토리,KOSDAQ,중견기업부,4110,2,-25,-0.6,4095,4110,3970,1126,4558095,17710873650,4309215,KSQ
1667,110020,KR7110020005,전진바이오팜,KOSDAQ,기술성장기업부,1955,2,-50,-2.49,1966,2095,1900,5040,9725629,17709879710,9058762,KSQ
1668,020400,KR7020400008,대동금속,KOSDAQ,중견기업부,2915,1,80,2.82,2890,3000,2755,46428,135118555,17704345780,6073532,KSQ
1669,306040,KR7306040007,에스제이그룹,KOSDAQ,중견기업부,1898,1,141,8.03,1757,1900,1757,45490,84594126,17626809512,9287044,KSQ
1670,900120,KYG2114A1094,씨엑스아이,KOSDAQ,관리종목(소속부없음),1040,0,0,0.0,0,0,0,0,0,17336446400,16669660,KSQ
1671,050090,KR7050090000,비케이홀딩스,KOSDAQ,관리종목(소속부없음),736,1,19,2.65,717,753,710,43210,31820708,17321564960,23534735,KSQ
1672,060230,KR7060230000,제이케이시냅스,KOSDAQ,중견기업부,1205,1,23,1.95,1182,1205,1119,84312,99335397,17302921555,14359271,KSQ
1673,023790,KR7023790009,동일스틸럭스,KOSDAQ,중견기업부,1321,2,-48,-3.51,1370,1380,1315,80645,107524109,17265216368,13069808,KSQ
1674,376930,KR7376930004,노을,KOSDAQ,관리종목(소속부없음),334,0,0,0.0,0,0,0,0,0,17131301882,51291323,KSQ
1675,006050,KR7006050009,국영지앤엠,KOSDAQ,중견기업부,490,0,0,0.0,0,0,0,0,0,17098669070,34895243,KSQ
1676,034940,KR7034940007,조아제약,KOSDAQ,중견기업부,550,0,0,0.0,0,0,0,0,0,17038904850,30979827,KSQ
1677,477380,KR7477380000,미래에셋비전스팩4호,KOSDAQ,SPAC(소속부없음),2085,3,0,0.0,2080,2085,2080,2785,5806650,16888500000,8100000,KSQ
1678,482680,KR7482680006,미래에셋비전스팩7호,KOSDAQ,SPAC(소속부없음),2055,0,0,0.0,0,0,0,0,0,16881825000,8215000,KSQ
1679,241820,KR7241820000,피씨엘,KOSDAQ,관리종목(소속부없음),6040,0,0,0.0,0,0,0,0,0,16803871920,2782098,KSQ
1680,377220,KR7377220009,프롬바이오,KOSDAQ,기술성장기업부,2965,1,80,2.77,3135,3135,2885,10651,31420390,16787830000,5662000,KSQ
1681,051780,KR7051780005,큐로홀딩스,KOSDAQ,중견기업부,2645,2,-40,-1.49,2700,2810,2640,2256,6035935,16757701675,6335615,KSQ
1682,115610,KR7115610008,이미지스,KOSDAQ,벤처기업부,1412,2,-16,-1.12,1500,1500,1356,20329,28283845,16688101828,11818769,KSQ
1683,037400,KR7037400009,우리엔터프라이즈,KOSDAQ,관리종목(소속부없음),632,0,0,0.0,0,0,0,0,0,16573154672,26223346,KSQ
1684,225590,KR7225590009,패션플랫폼,KOSDAQ,관리종목(소속부없음),3230,1,215,7.13,3020,3325,3020,96770,315884748,16542044480,5121376,KSQ
1685,309930,KR7309930006,조이웍스앤코,KOSDAQ,중견기업부,850,2,-10,-1.16,823,883,823,47178,39692056,16367505650,19255889,KSQ
1686,009730,KR7009730003,이렘,KOSDAQ,투자주의환기종목(소속부없음),2050,1,63,3.17,1975,2145,1973,20343,41662520,16349781150,7975503,KSQ
1687,078860,KR7078860004,아이오케이이엔엠,KOSDAQ,투자주의환기종목(소속부없음),2615,2,-55,-2.06,2670,2680,2605,4058,10610285,16153346620,6177188,KSQ
1688,354200,KR7354200008,엔젠바이오,KOSDAQ,기술성장기업부,1790,1,45,2.58,1754,1820,1746,26779,47985274,15996483570,8936583,KSQ
1689,065770,KR7065770000,CS,KOSDAQ,벤처기업부,1511,2,-21,-1.37,1540,1589,1501,21092,32339273,15888261704,10515064,KSQ
1690,223310,KR7223310004,사토시홀딩스,KOSDAQ,투자주의환기종목(소속부없음),3050,1,5,0.16,3020,3120,2900,13372,40271555,15874158100,5204642,KSQ
1691,0072Z0,KR70072Z0006,KB제33호스팩,KOSDAQ,SPAC(소속부없음),1983,2,-2,-0.1,1985,1994,1980,2938,5826699,15635955000,7885000,KSQ
1692,045520,KR7045520004,크린앤사이언스,KOSDAQ,관리종목(소속부없음),2390,2,-115,-4.59,2520,2520,2325,23299,56074450,15535000000,6500000,KSQ
1693,477340,KR7477340004,에이치엠씨제7호스팩,KOSDAQ,SPAC(소속부없음),2060,3,0,0.0,2060,2065,2060,3150,6492621,15470600000,7510000,KSQ
1694,0101C0,KR70101C0008,하나36호스팩,KOSDAQ,SPAC(소속부없음),1992,2,-3,-0.15,1994,1995,1976,1733,3448463,15418080000,7740000,KSQ
1695,191410,KR7191410000,육일씨엔에쓰,KOSDAQ,관리종목(소속부없음),1374,1,14,1.03,1365,1400,1350,75590,103488937,15394646370,11204255,KSQ
1696,0130H0,KR70130H0008,엔에이치스팩33호,KOSDAQ,SPAC(소속부없음),1992,2,-6,-0.3,1999,2000,1991,1453,2898919,15338400000,7700000,KSQ
1697,131760,KR7131760001,파인텍,KOSDAQ,벤처기업부,1752,2,-21,-1.18,1809,1809,1737,28180,49658714,15218425632,8686316,KSQ
1698,030350,KR7030350003,드래곤플라이,KOSDAQ,관리종목(소속부없음),973,0,0,0.0,0,0,0,0,0,15171092867,15592079,KSQ
1699,224060,KR7224060004,더코디,KOSDAQ,투자주의환기종목(소속부없음),2930,1,70,2.45,3000,3305,2865,34746,107159320,15120915460,5160722,KSQ
1700,002680,KR7002680007,한탑,KOSDAQ,관리종목(소속부없음),2330,1,40,1.75,2300,2480,2290,76554,182988710,15059626470,6463359,KSQ
1701,0044K0,KR70044K0008,삼성스팩10호,KOSDAQ,SPAC(소속부없음),1997,1,10,0.5,1986,1997,1985,48757,97295567,15017440000,7520000,KSQ
1702,177350,KR7177350006,베셀,KOSDAQ,투자주의환기종목(소속부없음),1514,2,-56,-3.57,1507,1582,1485,22118,33554609,15012598414,9915851,KSQ
1703,240600,KR7240600007,유진테크놀로지,KOSDAQ,관리종목(소속부없음),1804,1,54,3.09,1750,1924,1682,46742,84127410,14972135640,8299410,KSQ
1704,473050,KR7473050003,유안타제15호스팩,KOSDAQ,관리종목(소속부없음),2105,3,0,0.0,2095,2105,2095,41899,88153828,14756050000,7010000,KSQ
1705,142760,KR7142760008,모아라이프플러스,KOSDAQ,기술성장기업부,349,0,0,0.0,0,0,0,0,0,14716276020,42166980,KSQ
1706,131100,KR7131100000,티엔엔터테인먼트,KOSDAQ,중견기업부,2270,2,-70,-2.99,2340,2340,2270,2071,4749665,14640010880,6449344,KSQ
1707,0115H0,KR70115H0007,삼성스팩13호,KOSDAQ,SPAC(소속부없음),1988,2,-10,-0.5,1993,1997,1983,4444,8825815,14611800000,7350000,KSQ
1708,060480,KR7060480001,국일신동,KOSDAQ,관리종목(소속부없음),1316,1,2,0.15,1315,1352,1250,16395,21224028,14594440000,11090000,KSQ
1709,478440,KR7478440001,미래에셋비전스팩6호,KOSDAQ,SPAC(소속부없음),2067,1,2,0.1,2060,2067,2060,2334,4820499,14324310000,6930000,KSQ
1710,009620,KR7009620006,삼보산업,KOSDAQ,투자주의환기종목(소속부없음),819,2,-76,-8.49,895,899,806,90999,76544933,14310426312,17473048,KSQ
1711,479880,KR7479880007,한국제15호스팩,KOSDAQ,SPAC(소속부없음),2060,2,-5,-0.24,2065,2065,2060,691,1426885,14152200000,6870000,KSQ
1712,291810,KR7291810000,핀텔,KOSDAQ,관리종목(소속부없음),1244,2,-6,-0.48,1253,1314,1241,70377,88308655,14142677728,11368712,KSQ
1713,0165X0,KR70165X0006,메리츠제2호스팩,KOSDAQ,SPAC(소속부없음),1950,1,2,0.1,1944,1950,1944,7035,13708232,14118000000,7240000,KSQ
1714,0099W0,KR70099W0008,미래에셋비전스팩11호,KOSDAQ,SPAC(소속부없음),1994,2,-2,-0.1,1996,1996,1982,131,261198,13958000000,7000000,KSQ
1715,069920,KR7069920007,엑시온그룹,KOSDAQ,관리종목(소속부없음),961,2,-48,-4.76,994,997,931,134140,129310281,13848447255,14410455,KSQ
1716,060260,KR7060260007,뉴보텍,KOSDAQ,관리종목(소속부없음),1023,1,22,2.2,914,1063,903,156769,154689577,13649230188,13342356,KSQ
1717,304840,KR7304840002,피플바이오,KOSDAQ,벤처기업부,561,0,0,0.0,0,0,0,0,0,13643890260,24320660,KSQ
1718,239340,KR7239340003,이스트에이드,KOSDAQ,관리종목(소속부없음),505,2,-26,-4.9,527,541,501,60363,31092882,13624715170,26979634,KSQ
1719,352770,KR7352770002,셀레스트라,KOSDAQ,관리종목(소속부없음),5250,0,0,0.0,0,0,0,0,0,13610136750,2592407,KSQ
1720,489480,KR7489480004,키움제11호스팩,KOSDAQ,SPAC(소속부없음),2055,2,-5,-0.24,2040,2080,2040,18315,37720790,13563000000,6600000,KSQ
1721,244460,KR7244460002,올리패스,KOSDAQ,관리종목(소속부없음),1651,0,0,0.0,0,0,0,0,0,13415218661,8125511,KSQ
1722,0134X0,KR70134X0004,대신밸런스제20호스팩,KOSDAQ,SPAC(소속부없음),1980,1,2,0.1,1978,1981,1976,2986,5911957,13345200000,6740000,KSQ
1723,247660,KR7247660004,나노씨엠에스,KOSDAQ,관리종목(소속부없음),3070,1,200,6.97,2900,3075,2840,20320,60891160,13335834400,4343920,KSQ
1724,0164H0,KR70164H0007,한국제16호스팩,KOSDAQ,SPAC(소속부없음),1960,3,0,0.0,1952,1961,1952,20995,41134550,13230000000,6750000,KSQ
1725,035620,KR7035620004,바른손이앤에이,KOSDAQ,관리종목(소속부없음),710,2,-4,-0.56,740,740,706,32366,23066190,13213041780,18609918,KSQ
1726,285800,KR7285800009,진영,KOSDAQ,벤처기업부,733,0,0,0.0,0,0,0,0,0,13171211763,17968911,KSQ
1727,481890,KR7481890002,엔에이치스팩31호,KOSDAQ,SPAC(소속부없음),2075,1,5,0.24,2065,2075,2060,1991,4126040,13165875000,6345000,KSQ
1728,0099X0,KR70099X0007,IBKS제25호스팩,KOSDAQ,SPAC(소속부없음),2180,0,0,0.0,0,0,0,0,0,13036400000,5980000,KSQ
1729,0096B0,KR70096B0006,삼성스팩12호,KOSDAQ,SPAC(소속부없음),1980,3,0,0.0,1980,1980,1975,2680,5300497,13028400000,6580000,KSQ
1730,0097F0,KR70097F0001,미래에셋비전스팩10호,KOSDAQ,SPAC(소속부없음),1986,1,9,0.46,1977,1986,1977,890,1761888,12909000000,6500000,KSQ
1731,489730,KR7489730002,디비금융제13호스팩,KOSDAQ,SPAC(소속부없음),2030,2,-5,-0.25,2025,2035,2020,1991,4034955,12853960000,6332000,KSQ
1732,478390,KR7478390008,KB제29호스팩,KOSDAQ,SPAC(소속부없음),2065,3,0,0.0,2065,2070,2060,3101,6415272,12844300000,6220000,KSQ
1733,471050,KR7471050005,대신밸런스제17호스팩,KOSDAQ,관리종목(소속부없음),2115,1,5,0.24,2110,2115,2110,13202,27909995,12816900000,6060000,KSQ
1734,008290,KR7008290009,원풍물산,KOSDAQ,관리종목(소속부없음),629,2,-83,-11.66,685,746,620,1846666,1244652838,12798161731,20346839,KSQ
1735,079950,KR7079950002,인베니아,KOSDAQ,관리종목(소속부없음),927,2,-24,-2.52,970,970,918,7628,7043071,12791765700,13799100,KSQ
1736,012340,KR7012340006,뉴인텍,KOSDAQ,관리종목(소속부없음),580,1,1,0.17,579,586,560,47754,27415265,12785979940,22044793,KSQ
1737,054180,KR7054180005,메디콕스,KOSDAQ,관리종목(소속부없음),2295,0,0,0.0,0,0,0,0,0,12686716395,5527981,KSQ
1738,0093G0,KR70093G0004,미래에셋비전스팩8호,KOSDAQ,SPAC(소속부없음),1982,1,7,0.35,1975,1982,1973,1277,2529111,12684800000,6400000,KSQ
1739,0037T0,KR70037T0008,KB제32호스팩,KOSDAQ,SPAC(소속부없음),1992,1,4,0.2,1992,1994,1988,2214,4409439,12609360000,6330000,KSQ
1740,492220,KR7492220009,KB제31호스팩,KOSDAQ,SPAC(소속부없음),2030,1,10,0.5,2020,2030,2020,2107,4271540,12606300000,6210000,KSQ
1741,482520,KR7482520004,교보16호스팩,KOSDAQ,SPAC(소속부없음),2055,3,0,0.0,2050,2055,2050,19190,39361980,12535500000,6100000,KSQ
1742,0054V0,KR70054V0002,엔에이치스팩32호,KOSDAQ,SPAC(소속부없음),2010,3,0,0.0,2010,2015,1995,1122,2248200,12495165000,6216500,KSQ
1743,289010,KR7289010001,아이스크림에듀,KOSDAQ,관리종목(소속부없음),896,1,5,0.56,859,907,859,44016,39245681,12494949376,13945256,KSQ
1744,0131D0,KR70131D0001,키움히어로제2호스팩,KOSDAQ,SPAC(소속부없음),1969,2,-2,-0.1,1971,1971,1961,3404,6683568,12424390000,6310000,KSQ
1745,065570,KR7065570004,삼영이엔씨,KOSDAQ,관리종목(소속부없음),764,0,0,0.0,0,0,0,0,0,12295692232,16093838,KSQ
1746,0091W0,KR70091W0006,신영스팩11호,KOSDAQ,SPAC(소속부없음),2015,3,0,0.0,2015,2015,2010,20819,41857015,12227020000,6068000,KSQ
1747,477760,KR7477760003,DB금융스팩12호,KOSDAQ,SPAC(소속부없음),2080,3,0,0.0,2065,2085,2065,1049,2182365,12147200000,5840000,KSQ
1748,0041L0,KR70041L0000,하나35호스팩,KOSDAQ,SPAC(소속부없음),1994,2,-5,-0.25,2000,2000,1991,877,1753356,12023820000,6030000,KSQ
1749,0088D0,KR70088D0004,메리츠제1호스팩,KOSDAQ,SPAC(소속부없음),2070,1,5,0.24,2070,2075,2070,2010,4160705,11995650000,5795000,KSQ
1750,0132G0,KR70132G0007,교보20호스팩,KOSDAQ,SPAC(소속부없음),1996,1,1,0.05,1996,1997,1986,548,1093502,11916120000,5970000,KSQ
1751,469900,KR7469900005,하나31호스팩,KOSDAQ,SPAC(소속부없음),2097,2,-3,-0.14,2100,2100,2095,4917,10313623,11753685000,5605000,KSQ
1752,079190,KR7079190005,케스피온,KOSDAQ,관리종목(소속부없음),1225,2,-24,-1.92,1221,1271,1221,54924,68298246,11746375550,9588878,KSQ
1753,482690,KR7482690005,대신밸런스제19호스팩,KOSDAQ,SPAC(소속부없음),2070,3,0,0.0,2060,2070,2055,4058,8397990,11623050000,5615000,KSQ
1754,474660,KR7474660008,신한제12호스팩,KOSDAQ,SPAC(소속부없음),2085,1,5,0.24,2090,2090,2085,1460,3045250,11509200000,5520000,KSQ
1755,0071M0,KR70071M0002,삼성스팩11호,KOSDAQ,SPAC(소속부없음),1994,1,7,0.35,1990,1994,1982,2357,4686030,11485440000,5760000,KSQ
1756,028080,KR7028080000,휴맥스홀딩스,KOSDAQ,관리종목(소속부없음),4525,2,-90,-1.95,4615,4875,4505,615,2820222,11449815650,2530346,KSQ
1757,487360,KR7487360000,신한제14호스팩,KOSDAQ,SPAC(소속부없음),2030,1,5,0.25,2025,2030,2020,46781,94908590,11449200000,5640000,KSQ
1758,474490,KR7474490000,유안타제16호스팩,KOSDAQ,SPAC(소속부없음),2077,1,7,0.34,2072,2077,2072,1853,3847366,11444270000,5510000,KSQ
1759,477470,KR7477470009,미래에셋비전스팩5호,KOSDAQ,SPAC(소속부없음),2085,1,15,0.72,2080,2085,2075,2986,6216425,11425800000,5480000,KSQ
1760,0105P0,KR70105P0009,유진스팩12호,KOSDAQ,SPAC(소속부없음),1996,2,-9,-0.45,1992,2005,1992,263,525705,11297360000,5660000,KSQ
1761,496070,KR7496070004,신한제16호스팩,KOSDAQ,SPAC(소속부없음),2010,3,0,0.0,2010,2010,1998,3646,7302574,11296200000,5620000,KSQ
1762,389680,KR7389680000,유디엠텍,KOSDAQ,관리종목(소속부없음),1351,1,311,29.9,1065,1352,1055,855601,1092176496,11241256243,8320693,KSQ
1763,001000,KR7001000009,신라섬유,KOSDAQ,관리종목(소속부없음),462,0,0,0.0,0,0,0,0,0,11216223480,24277540,KSQ
1764,084180,KR7084180009,수성웹툰,KOSDAQ,관리종목(소속부없음),620,1,15,2.48,601,635,591,35123,21528977,11206055460,18074283,KSQ
1765,0129K0,KR70129K0006,신한제18호스팩,KOSDAQ,SPAC(소속부없음),1969,2,-11,-0.56,1968,1981,1967,4718,9294600,11065780000,5620000,KSQ
1766,035290,KR7035290006,골드앤에스,KOSDAQ,관리종목(소속부없음),2290,2,-60,-2.55,2240,2495,2150,143827,334919001,10917913920,4767648,KSQ
1767,0098T0,KR70098T0004,교보19호스팩,KOSDAQ,SPAC(소속부없음),2020,1,20,1.0,2000,2025,2000,3841,7767135,10908000000,5400000,KSQ
1768,0096D0,KR70096D0004,미래에셋비전스팩9호,KOSDAQ,SPAC(소속부없음),1981,1,5,0.25,1982,1982,1981,474,939010,10895500000,5500000,KSQ
1769,486630,KR7486630007,KB제30호스팩,KOSDAQ,SPAC(소속부없음),2045,1,5,0.25,2035,2045,2035,6474,13180020,10858950000,5310000,KSQ
1770,493790,KR7493790000,유안타제17호스팩,KOSDAQ,SPAC(소속부없음),2020,3,0,0.0,2025,2025,2010,3168,6389615,10726200000,5310000,KSQ
1771,0004Y0,KR70004Y0000,디비금융제14호스팩,KOSDAQ,SPAC(소속부없음),1999,1,2,0.1,1999,2000,1997,3015,6029552,10624685000,5315000,KSQ
1772,489210,KR7489210005,교보17호스팩,KOSDAQ,SPAC(소속부없음),2040,3,0,0.0,2035,2040,2035,3797,7743705,10567200000,5180000,KSQ
1773,250930,KR7250930005,예선테크,KOSDAQ,관리종목(소속부없음),1597,1,22,1.4,1520,1751,1491,18549,30768171,10540340536,6600088,KSQ
1774,0130D0,KR70130D0002,신한제17호스팩,KOSDAQ,SPAC(소속부없음),1972,1,1,0.05,1979,1979,1971,165,325623,10530480000,5340000,KSQ
1775,043100,KR7043100007,알파AI,KOSDAQ,관리종목(소속부없음),520,0,0,0.0,0,0,0,0,0,10457241600,20110080,KSQ
1776,058450,KR7058450008,한주에이알티,KOSDAQ,투자주의환기종목(소속부없음),1931,2,-19,-0.97,2015,2045,1904,32645,64368759,10423483932,5397972,KSQ
1777,478110,KR7478110000,이베스트스팩6호,KOSDAQ,SPAC(소속부없음),2065,2,-5,-0.24,2050,2065,2050,1881,3884205,10366300000,5020000,KSQ
1778,466690,KR7466690005,키움히어로제1호스팩,KOSDAQ,SPAC(소속부없음),2015,3,0,0.0,2015,2015,2000,1577,3174085,10266425000,5095000,KSQ
1779,0041B0,KR70041B0002,교보18호스팩,KOSDAQ,SPAC(소속부없음),2020,3,0,0.0,2015,2020,2010,7522,15176250,10180800000,5040000,KSQ
1780,498390,KR7498390004,한화플러스제5호스팩,KOSDAQ,SPAC(소속부없음),2035,0,0,0.0,0,0,0,0,0,10093600000,4960000,KSQ
1781,472220,KR7472220003,신영스팩10호,KOSDAQ,관리종목(소속부없음),2110,3,0,0.0,2110,2115,2110,4348,9188120,9895900000,4690000,KSQ
1782,288980,KR7288980006,모아데이타,KOSDAQ,관리종목(소속부없음),271,4,62,29.67,213,271,213,14340516,3657706782,9859353709,36381379,KSQ
1783,210120,KR7210120002,캔버스엔,KOSDAQ,중견기업부,1009,2,-55,-5.17,1069,1128,1005,221616,232812449,9782245919,9694991,KSQ
1784,025870,KR7025870007,신라에스지,KOSDAQ,관리종목(소속부없음),2430,2,-90,-3.57,2475,2520,2335,1195,2912845,9720000000,4000000,KSQ
1785,488060,KR7488060005,유진스팩11호,KOSDAQ,SPAC(소속부없음),2030,3,0,0.0,2035,2035,2030,9882,20073980,9581600000,4720000,KSQ
1786,900100,USU652221081,파이온엑스,KOSDAQ,관리종목(소속부없음),1807,1,30,1.69,1777,1827,1712,7082,12528012,9533822350,5276050,KSQ
1787,106080,KR7106080005,케이이엠텍,KOSDAQ,관리종목(소속부없음),1650,0,0,0.0,0,0,0,0,0,9506998050,5761817,KSQ
1788,308100,KR7308100007,형지글로벌,KOSDAQ,관리종목(소속부없음),366,2,-9,-2.4,375,394,361,225938,83658335,9450119268,25819998,KSQ
1789,208640,KR7208640003,썸에이지,KOSDAQ,관리종목(소속부없음),676,1,10,1.5,667,676,642,85544,56485809,9412640900,13924025,KSQ
1790,225430,KR7225430008,케이엠제약,KOSDAQ,관리종목(소속부없음),1421,2,-78,-5.2,1500,1524,1400,9917,14263037,9216144175,6485675,KSQ
1791,484130,KR7484130000,하나34호스팩,KOSDAQ,SPAC(소속부없음),2025,2,-15,-0.74,2040,2040,2020,308,624820,9153000000,4520000,KSQ
1792,473950,KR7473950004,에스케이증권제13호스팩,KOSDAQ,SPAC(소속부없음),2055,1,5,0.24,2050,2057,2047,20812,42688916,9083100000,4420000,KSQ
1793,469480,KR7469480008,IBKS제24호스팩,KOSDAQ,SPAC(소속부없음),2130,0,0,0.0,0,0,0,0,0,9009900000,4230000,KSQ
1794,418620,KR7418620001,E8,KOSDAQ,관리종목(소속부없음),448,2,-1,-0.22,440,460,432,116695,52287770,8893013696,19850477,KSQ
1795,092600,KR7092600006,앤씨앤,KOSDAQ,관리종목(소속부없음),1770,2,-56,-3.07,1825,1825,1730,15566,27360418,8879564310,5016703,KSQ
1796,487830,KR7487830002,신한제15호스팩,KOSDAQ,SPAC(소속부없음),2030,1,10,0.5,2030,2030,2025,1153,2340565,8830500000,4350000,KSQ
1797,468760,KR7468760004,유진스팩10호,KOSDAQ,SPAC(소속부없음),2080,0,0,0.0,0,0,0,0,0,8819200000,4240000,KSQ
1798,472230,KR7472230002,에스케이증권제11호스팩,KOSDAQ,관리종목(소속부없음),2105,1,5,0.24,2100,2105,2100,15566,32696065,8746275000,4155000,KSQ
1799,487720,KR7487720005,키움제10호스팩,KOSDAQ,SPAC(소속부없음),2030,1,10,0.5,2025,2030,2025,1232,2499939,8586900000,4230000,KSQ
1800,0068Y0,KR70068Y0003,비엔케이제3호스팩,KOSDAQ,SPAC(소속부없음),1988,1,1,0.05,1988,1992,1987,2764,5504801,8568280000,4310000,KSQ
1801,03481K,KR703481K019,해성산업1우,KOSDAQ,중견기업부,6150,3,0,0.0,6140,6150,6090,10,61380,8471335950,1377453,KSQ
1802,0041J0,KR70041J0004,엘에스스팩1호,KOSDAQ,SPAC(소속부없음),1988,3,0,0.0,1984,1998,1984,278,554064,8170680000,4110000,KSQ
1803,465320,KR7465320000,교보15호스팩,KOSDAQ,관리종목(소속부없음),2135,1,5,0.23,2130,2135,2130,17492,37293525,8134350000,3810000,KSQ
1804,087260,KR7087260006,모바일어플라이언스,KOSDAQ,투자주의환기종목(소속부없음),247,0,0,0.0,0,0,0,0,0,8040556667,32552861,KSQ
1805,475250,KR7475250007,하나33호스팩,KOSDAQ,SPAC(소속부없음),2080,3,0,0.0,2080,2085,2080,4251,8854790,7696000000,3700000,KSQ
1806,079970,KR7079970000,투비소프트,KOSDAQ,관리종목(소속부없음),596,0,0,0.0,0,0,0,0,0,7646223464,12829234,KSQ
1807,474930,KR7474930005,신한제13호스팩,KOSDAQ,SPAC(소속부없음),2095,2,-10,-0.48,2110,2110,2095,1024,2145335,7583900000,3620000,KSQ
1808,199730,KR7199730003,바이오인프라,KOSDAQ,관리종목(소속부없음),1541,2,-21,-1.34,1534,1601,1534,2924,4553570,7495989547,4864367,KSQ
1809,065420,KR7065420002,에스아이리소스,KOSDAQ,중견기업부,94,0,0,0.0,0,0,0,0,0,7283384140,77482810,KSQ
1810,101000,KR7101000008,KS인더스트리,KOSDAQ,투자주의환기종목(소속부없음),730,2,-10,-1.35,739,788,726,83726,61639060,7234655510,9910487,KSQ
1811,276040,KR7276040003,스코넥,KOSDAQ,관리종목(소속부없음),327,0,0,0.0,0,0,0,0,0,7073119545,21630335,KSQ
1812,473000,KR7473000008,에스케이증권제12호스팩,KOSDAQ,SPAC(소속부없음),2080,1,5,0.24,2070,2080,2070,5973,12398830,6884800000,3310000,KSQ
1813,475240,KR7475240008,하나32호스팩,KOSDAQ,SPAC(소속부없음),2095,1,5,0.24,2095,2095,2095,1054,2208130,6704000000,3200000,KSQ
1814,312610,KR7312610009,에이에프더블류,KOSDAQ,관리종목(소속부없음),283,2,-3,-1.05,297,297,256,296845,79659736,5732699304,20256888,KSQ
1815,011080,KR7011080009,형지I&C,KOSDAQ,관리종목(소속부없음),778,2,-25,-3.11,803,811,777,69656,54706805,5520891836,7096262,KSQ
1816,044180,KR7044180008,KD,KOSDAQ,관리종목(소속부없음),205,0,0,0.0,0,0,0,0,0,5477148795,26717799,KSQ
1817,313760,KR7313760001,캐리,KOSDAQ,관리종목(소속부없음),468,0,0,0.0,0,0,0,0,0,5244963048,11207186,KSQ
1818,052770,KR7052770005,아이톡시,KOSDAQ,관리종목(소속부없음),312,0,0,0.0,0,0,0,0,0,4545457488,14568774,KSQ
1819,096610,KR7096610001,알에프세미,KOSDAQ,투자주의환기종목(소속부없음),160,1,19,13.48,127,178,127,4277270,671072159,2781825760,17386411,KSQ
1820,021045,KR7021041009,대호특수강우,KOSDAQ,중견기업부,2540,2,-135,-5.05,2750,2750,2540,2327,5942080,2155169680,848492,KSQ
1821,121850,KR7121850002,코이즈,KOSDAQ,관리종목(소속부없음),419,2,-46,-9.89,464,464,410,394205,169663699,2118882581,5056999,KSQ
1822,032685,KR7032681009,소프트센우,KOSDAQ,중견기업부,9000,2,-190,-2.07,9160,9460,9000,1416,12984460,642258000,71362,KSQ
