,Code,ISU_CD,Name,Market,Dept,Close,ChangeCode,Changes,ChagesRatio,Open,High,Low,Volume,Amount,Marcap,Stocks,MarketId
0,196170,KR7196170005,알테오젠,KOSDAQ GLOBAL,우량기업부,274000,2,-2500,-0.9,281000,283500,269000,310293,85644091750,14682657982000,53586343,KSQ
1,247540,KR7247540008,에코프로비엠,KOSDAQ GLOBAL,중견기업부,105000,2,-7400,-6.58,109900,110600,104900,211622,22615516550,10272195570000,97830434,KSQ
2,086520,KR7086520004,에코프로,KOSDAQ GLOBAL,중견기업부,73900,2,-6100,-7.63,77500,77950,73800,561182,42334768200,10033857632800,135776152,KSQ
3,036930,KR7036930006,주성엔지니어링,KOSDAQ GLOBAL,우량기업부,170500,2,-17400,-9.26,179600,193100,169000,1120428,201114376700,7925031130500,46481121,KSQ
4,277810,KR7277810008,레인보우로보틱스,KOSDAQ,기술성장기업부,376500,2,-20500,-5.16,385000,408000,372500,46386,17777497250,7304046537000,19399858,KSQ
5,240810,KR7240810002,원익IPS,KOSDAQ GLOBAL,우량기업부,116400,2,-24300,-17.27,134100,141600,115200,1743034,215641169600,5713366076400,49083901,KSQ
6,000250,KR7000250001,삼천당제약,KOSDAQ,중견기업부,239000,4,54900,29.82,239000,239000,239000,61941,14802746100,5606335808000,23457472,KSQ
7,058470,KR7058470006,리노공업,KOSDAQ GLOBAL,우량기업부,69700,2,-2600,-3.6,70000,72700,68500,376579,26467805800,5311965945000,76211850,KSQ
8,950160,KR8840120008,코오롱티슈진,KOSDAQ,외국기업(소속부없음),59800,2,-2300,-3.7,60400,65100,58900,518177,31781315500,5081215568000,84970160,KSQ
9,319660,KR7319660007,피에스케이,KOSDAQ,우량기업부,172200,2,-23200,-11.87,188100,195000,168400,707291,123787165150,4988068150800,28966714,KSQ
10,028300,KR7028300002,HLB,KOSDAQ,중견기업부,30650,2,-4650,-13.17,32250,34100,30150,1130466,35531442850,4082525534950,133198223,KSQ
11,298380,KR7298380007,에이비엘바이오,KOSDAQ GLOBAL,기술성장기업부,70600,2,-5000,-6.61,74500,74500,70200,162215,11598608000,3952714887800,55987463,KSQ
12,039030,KR7039030002,이오테크닉스,KOSDAQ,우량기업부,306000,2,-38000,-11.05,325000,343500,300500,157801,49259699500,3769782300000,12319550,KSQ
13,222800,KR7222800005,심텍,KOSDAQ GLOBAL,중견기업부,99300,2,-8100,-7.54,100800,109900,99000,458514,47462658650,3720168348300,37463931,KSQ
14,440110,KR7440110005,파두,KOSDAQ,기술성장기업부,72700,1,2300,3.27,68200,79800,68200,854399,62706999750,3642373742900,50101427,KSQ
15,141080,KR7141080002,리가켐바이오,KOSDAQ GLOBAL,기술성장기업부,96900,2,-6800,-6.56,99900,101300,95000,188772,18472091550,3587181604200,37019418,KSQ
16,214450,KR7214450009,파마리서치,KOSDAQ GLOBAL,우량기업부,326000,2,-10500,-3.12,335000,342000,321500,78512,25769686250,3387025248000,10389648,KSQ
17,095610,KR7095610002,테스,KOSDAQ GLOBAL,우량기업부,170400,2,-23900,-12.3,189900,203500,165500,512146,90223107500,3298944000000,19360000,KSQ
18,403870,KR7403870009,HPSP,KOSDAQ GLOBAL,우량기업부,39400,2,-3100,-7.29,40500,43000,38900,1748684,70704465125,3242620000000,82300000,KSQ
19,214370,KR7214370009,케어젠,KOSDAQ,벤처기업부,59700,2,-2000,-3.24,61500,62200,57700,24923,1491126900,3206785500000,53715000,KSQ
20,347850,KR7347850000,디앤디파마텍,KOSDAQ,기술성장기업부,65500,2,-3200,-4.66,66700,69100,63000,720662,46593498150,3002363389500,45837609,KSQ
21,084370,KR7084370006,유진테크,KOSDAQ,우량기업부,130200,2,-16600,-11.31,144600,149100,130200,143514,19714801150,2983668668400,22916042,KSQ
22,095340,KR7095340006,ISC,KOSDAQ,우량기업부,136600,2,-8400,-5.79,136500,145000,132100,213361,29416926100,2895518122800,21197058,KSQ
23,145020,KR7145020004,휴젤,KOSDAQ,우량기업부,232000,2,-7500,-3.13,239000,239000,229500,29615,6936954500,2854535656000,12304033,KSQ
24,214150,KR7214150005,클래시스,KOSDAQ GLOBAL,우량기업부,43750,2,-350,-0.79,43700,44150,42400,121201,5272739650,2854060081250,65235659,KSQ
25,131290,KR7131290009,티에스이,KOSDAQ,우량기업부,256000,2,-26500,-9.38,285000,287000,249000,118531,30857586500,2831725824000,11061429,KSQ
26,031980,KR7031980006,피에스케이홀딩스,KOSDAQ,우량기업부,127500,2,-15900,-11.09,138600,146300,121100,179450,22789204150,2749205362500,21562395,KSQ
27,108490,KR7108490004,로보티즈,KOSDAQ,기술성장기업부,184900,2,-15000,-7.5,189900,199400,180900,88078,16497568100,2710824077200,14661028,KSQ
28,080220,KR7080220007,제주반도체,KOSDAQ,우량기업부,77700,2,-4200,-5.13,77000,82600,75700,886812,69720855150,2676208124100,34442833,KSQ
29,087010,KR7087010005,펩트론,KOSDAQ,기술성장기업부,109600,2,-9600,-8.05,113400,114900,108200,126148,13979068900,2555581560000,23317350,KSQ
30,310210,KR7310210000,보로노이,KOSDAQ,기술성장기업부,137400,2,-8200,-5.63,145500,147500,134000,62063,8549088300,2531038392600,18420949,KSQ
31,067310,KR7067310003,하나마이크론,KOSDAQ,중견기업부,36950,1,1200,3.36,34900,41200,34900,2665742,101831390925,2456451740700,66480426,KSQ
32,226950,KR7226950004,올릭스,KOSDAQ GLOBAL,기술성장기업부,115400,2,-21200,-15.52,132600,132600,114200,260905,31218029950,2422532538200,20992483,KSQ
33,089970,KR7089970008,브이엠,KOSDAQ,우량기업부,92000,2,-16300,-15.05,102300,108900,90200,568425,54430018300,2422062380000,26326765,KSQ
34,237690,KR7237690003,에스티팜,KOSDAQ GLOBAL,우량기업부,114900,2,-9400,-7.56,123900,123900,112900,81084,9431634800,2398633786200,20875838,KSQ
35,064760,KR7064760002,티씨케이,KOSDAQ GLOBAL,우량기업부,210500,2,-4500,-2.09,209000,218000,205500,61254,12945420500,2353267068000,11179416,KSQ
36,178320,KR7178320008,서진시스템,KOSDAQ,중견기업부,36750,2,-2550,-6.49,37900,38550,36050,508560,18782612825,2339164584750,63650737,KSQ
37,257720,KR7257720003,실리콘투,KOSDAQ,우량기업부,34400,2,-1650,-4.58,35400,35450,33750,260383,8973437350,2255823068800,65576252,KSQ
38,357780,KR7357780006,솔브레인,KOSDAQ GLOBAL,우량기업부,278000,2,-13500,-4.63,284000,294500,274000,26304,7413268250,2162441348000,7778566,KSQ
39,005290,KR7005290002,동진쎄미켐,KOSDAQ,우량기업부,42050,2,-1550,-3.56,41750,44400,41650,271770,11602875600,2143293798300,50970126,KSQ
40,263750,KR7263750002,펄어비스,KOSDAQ,우량기업부,32900,2,-1250,-3.66,33650,33800,32800,137100,4550626050,2067564639000,62843910,KSQ
41,319400,KR7319400008,현대무벡스,KOSDAQ,우량기업부,18540,2,-680,-3.54,18510,19290,18130,542557,10118766070,2064911763060,111376039,KSQ
42,089030,KR7089030001,테크윙,KOSDAQ,중견기업부,50200,1,1000,2.03,48200,52300,47550,1256983,62370203750,1860092979000,37053645,KSQ
43,420770,KR7420770000,기가비스,KOSDAQ,우량기업부,143900,2,-18900,-11.61,155500,162700,143200,86164,12695150750,1824041576200,12675758,KSQ
44,140860,KR7140860008,파크시스템스,KOSDAQ GLOBAL,우량기업부,252500,2,-5500,-2.13,258500,259500,245000,26338,6627291250,1768123422500,7002469,KSQ
45,290650,KR7290650001,엘앤씨바이오,KOSDAQ,우량기업부,64600,2,-6400,-9.01,69500,71700,61700,218342,14080531600,1742242878400,26969704,KSQ
46,098460,KR7098460009,고영,KOSDAQ,우량기업부,25150,2,-1250,-4.73,25450,25900,24500,618341,15552084400,1715335956950,68204213,KSQ
47,068760,KR7068760008,셀트리온제약,KOSDAQ,우량기업부,38500,2,-1300,-3.27,39850,39850,38450,48063,1867734950,1709489782000,44402332,KSQ
48,140410,KR7140410002,메지온,KOSDAQ,투자주의환기종목(소속부없음),52000,2,-900,-1.7,51000,53600,50700,94380,4906999000,1591511688000,30605994,KSQ
49,035900,KR7035900000,JYP Ent.,KOSDAQ GLOBAL,우량기업부,44700,2,-1950,-4.18,46200,46350,44600,164544,7441396225,1588302392400,35532492,KSQ
50,131970,KR7131970006,두산테스나,KOSDAQ GLOBAL,우량기업부,81000,2,-5900,-6.79,83700,91200,80100,150063,12552493550,1565506278000,19327238,KSQ
51,032820,KR7032820003,우리기술,KOSDAQ,벤처기업부,9100,2,-750,-7.61,9390,9700,9050,1792575,16672474815,1561607192600,171605186,KSQ
52,041510,KR7041510009,에스엠,KOSDAQ GLOBAL,우량기업부,67700,2,-1400,-2.03,68500,71200,67300,76164,5237645150,1549970513000,22894690,KSQ
53,010170,KR7010170009,대한광통신,KOSDAQ,중견기업부,9500,2,-800,-7.77,9680,10250,9330,5009387,48434930555,1477113770000,155485660,KSQ
54,007390,KR7007390008,네이처셀,KOSDAQ,중견기업부,22850,2,-2150,-8.6,23800,23800,22200,283055,6464027675,1472341029600,64435056,KSQ
55,096530,KR7096530001,씨젠,KOSDAQ GLOBAL,우량기업부,26850,2,-1700,-5.95,28100,28200,26700,167559,4578845100,1402267938900,52225994,KSQ
56,183300,KR7183300003,코미코,KOSDAQ,우량기업부,67400,2,-4500,-6.26,68000,73900,66700,90024,6209718700,1384753894000,20545310,KSQ
57,058610,KR7058610007,에스피지,KOSDAQ,우량기업부,62300,2,-3700,-5.61,62300,65800,61400,56282,3542006450,1381649528000,22177360,KSQ
58,060370,KR7060370004,LS마린솔루션,KOSDAQ,우량기업부,26200,2,-600,-2.24,26500,28000,25600,94221,2500389500,1368657974800,52238854,KSQ
59,0009K0,KR70009K0001,에임드바이오,KOSDAQ,기술성장기업부,20050,2,-1100,-5.2,20500,20600,19680,113627,2274624340,1296656778050,64671161,KSQ
60,083650,KR7083650002,비에이치아이,KOSDAQ,우량기업부,40500,2,-2150,-5.04,41450,41750,40050,127800,5204761050,1253247187500,30944375,KSQ
61,030530,KR7030530000,원익홀딩스,KOSDAQ,중견기업부,15580,2,-1210,-7.21,16000,16450,15470,287938,4557631955,1203367743980,77237981,KSQ
62,082920,KR7082920000,비츠로셀,KOSDAQ GLOBAL,우량기업부,26450,2,-2450,-8.48,28550,29050,26200,185140,5016216850,1199229166650,45339477,KSQ
63,043260,KR7043260009,성호전자,KOSDAQ,우량기업부,16680,2,-1150,-6.45,17080,17530,16080,1047217,17386620255,1193558183280,71556246,KSQ
64,039200,KR7039200001,오스코텍,KOSDAQ,벤처기업부,30550,1,400,1.33,30100,31500,29100,150162,4595985950,1168787276800,38258176,KSQ
65,078600,KR7078600004,대주전자재료,KOSDAQ,우량기업부,71700,2,-4600,-6.03,74000,75400,71500,68032,4949613550,1125986694600,15704138,KSQ
66,218410,KR7218410009,RFHIC,KOSDAQ,우량기업부,41950,2,-4300,-9.3,44800,45400,41900,124699,5405045650,1113916891900,26553442,KSQ
67,127120,KR7127120004,제이에스링크,KOSDAQ,벤처기업부,31750,2,-3000,-8.63,34000,34000,31200,128833,4164880850,1103038878500,34741382,KSQ
68,458870,KR7458870003,씨어스,KOSDAQ,기술성장기업부,28550,2,-1500,-4.99,29150,29800,28500,109475,3170081075,1086605577000,38059740,KSQ
69,166090,KR7166090001,하나머티리얼즈,KOSDAQ,우량기업부,54400,2,-200,-0.37,52100,56200,51100,91632,4947295700,1075905465600,19777674,KSQ
70,003380,KR7003380003,하림지주,KOSDAQ GLOBAL,우량기업부,9520,2,-240,-2.46,9560,9750,9320,459770,4369929810,1066293511920,112005621,KSQ
71,195940,KR7195940002,HK이노엔,KOSDAQ GLOBAL,우량기업부,37400,2,-1400,-3.61,38450,38550,37250,85521,3230273625,1059537923400,28329891,KSQ
72,031330,KR7031330004,에스에이엠티,KOSDAQ,우량기업부,10250,2,-320,-3.03,10340,10650,10010,492876,5062816140,1024949436750,99995067,KSQ
73,323280,KR7323280008,태성,KOSDAQ,중견기업부,32200,2,-4750,-12.86,34700,35100,31750,215148,7161763375,983322956000,30537980,KSQ
74,376900,KR7376900007,로킷헬스케어,KOSDAQ,기술성장기업부,60400,1,12050,24.92,46100,60500,43550,756418,41113837475,958776855600,15873789,KSQ
75,252990,KR7252990007,샘씨엔에스,KOSDAQ,우량기업부,15390,1,820,5.63,14150,15870,13910,2152125,32445747900,926753311710,60217889,KSQ
76,347700,KR7347700007,스피어,KOSDAQ,기술성장기업부,17920,2,-970,-5.13,17900,18420,17060,654099,11515511130,923800407040,51551362,KSQ
77,475830,KR7475830006,오름테라퓨틱,KOSDAQ,기술성장기업부,42500,2,-2900,-6.39,44100,44200,41250,58607,2484162000,923082575000,21719590,KSQ
78,036540,KR7036540003,SFA반도체,KOSDAQ,중견기업부,5580,2,-40,-0.71,5380,5870,5320,3334264,18937713180,917688490740,164460303,KSQ
79,491000,KR7491000006,리브스메드,KOSDAQ,기술성장기업부,35850,2,-2000,-5.28,36700,37700,35200,89308,3239174025,896407417350,25004391,KSQ
80,388210,KR7388210007,씨엠티엑스,KOSDAQ,벤처기업부,90000,1,3700,4.29,87900,91400,83300,62956,5515580150,868899420000,9654438,KSQ
81,101490,KR7101490001,에스앤에스텍,KOSDAQ GLOBAL,우량기업부,39800,2,-4000,-9.13,42000,42900,39150,193337,7823683500,849128184200,21334879,KSQ
82,437730,KR7437730005,삼현,KOSDAQ,기술성장기업부,26650,2,-2350,-8.1,28450,28450,26500,59531,1621196400,845006660550,31707567,KSQ
83,204270,KR7204270003,제이앤티씨,KOSDAQ,중견기업부,14510,2,-990,-6.39,14990,15190,14340,194875,2861233440,839381241660,57848466,KSQ
84,293490,KR7293490009,카카오게임즈,KOSDAQ GLOBAL,중견기업부,7820,2,-30,-0.38,7790,7850,7520,241220,1853426035,838657972300,107245265,KSQ
85,241710,KR7241710003,코스메카코리아,KOSDAQ GLOBAL,우량기업부,77800,2,-7000,-8.25,84800,84800,76700,71311,5663811150,830904000000,10680000,KSQ
86,086450,KR7086450004,동국제약,KOSDAQ GLOBAL,우량기업부,18300,2,-990,-5.13,19000,19090,18220,186543,3459690840,827716686000,45230420,KSQ
87,085660,KR7085660009,차바이오텍,KOSDAQ,중견기업부,8740,2,-380,-4.17,8850,9020,8660,190156,1670305290,812582674040,92972846,KSQ
88,099320,KR7099320004,쎄트렉아이,KOSDAQ,우량기업부,74100,2,-3800,-4.88,77900,79900,72500,46383,3469933700,811489699800,10951278,KSQ
89,083450,KR7083450007,GST,KOSDAQ,우량기업부,42850,2,-2000,-4.46,42300,45200,42200,129988,5593305900,789725500000,18430000,KSQ
90,232140,KR7232140004,와이씨,KOSDAQ,우량기업부,9610,2,-370,-3.71,9600,10150,9390,399932,3870544560,788455813500,82045350,KSQ
91,019210,KR7019210004,와이지-원,KOSDAQ,우량기업부,21100,2,-2000,-8.66,22500,23800,20850,651222,14296695075,784787660800,37193728,KSQ
92,038500,KR7038500005,삼표시멘트,KOSDAQ GLOBAL,우량기업부,7180,2,-410,-5.4,7500,7500,7160,421321,3062897050,774839077080,107916306,KSQ
93,281740,KR7281740001,레이크머티리얼즈,KOSDAQ,우량기업부,11180,2,-720,-6.05,11630,11700,11130,219051,2482877650,734867526640,65730548,KSQ
94,213420,KR7213420003,덕산네오룩스,KOSDAQ,우량기업부,29450,2,-2300,-7.24,31150,31200,29150,81347,2426041950,731278221550,24831179,KSQ
95,417200,KR7417200003,LS머트리얼즈,KOSDAQ,중견기업부,10780,2,-730,-6.34,11280,11330,10710,352188,3873118870,729295664020,67652659,KSQ
96,090710,KR7090710005,휴림로봇,KOSDAQ,중견기업부,6080,2,-310,-4.85,6160,6320,5970,899243,5495702245,726918896320,119559029,KSQ
97,122870,KR7122870009,와이지엔터테인먼트,KOSDAQ GLOBAL,우량기업부,38550,2,-1650,-4.1,39100,40300,38500,78916,3080401500,720539938950,18691049,KSQ
98,074600,KR7074600008,원익QnC,KOSDAQ,우량기업부,27350,2,-1650,-5.69,28000,29000,27200,114849,3211254700,718976800000,26288000,KSQ
99,056190,KR7056190002,SFA,KOSDAQ GLOBAL,우량기업부,19830,2,-870,-4.2,20400,20550,19710,66737,1336292135,712070710800,35908760,KSQ
100,100790,KR7100790005,미래에셋벤처투자,KOSDAQ,우량기업부,13270,2,-840,-5.95,13710,13860,13050,202525,2708121545,704910070060,53120578,KSQ
101,065350,KR7065350001,신성델타테크,KOSDAQ,우량기업부,25600,2,-1750,-6.4,26400,26600,25350,87268,2268480025,703589068800,27483948,KSQ
102,328130,KR7328130000,루닛,KOSDAQ,기술성장기업부,9400,2,-640,-6.37,9960,9960,9250,247394,2346879010,699906892000,74458180,KSQ
103,041830,KR7041830001,인바디,KOSDAQ,우량기업부,50700,2,-3500,-6.46,52500,53800,50400,54525,2790955050,683480717400,13480882,KSQ
104,388720,KR7388720005,유일로보틱스,KOSDAQ,벤처기업부,57400,2,-3800,-6.21,60000,61100,57000,18478,1089905200,676249203000,11781345,KSQ
105,032190,KR7032190001,다우데이타,KOSDAQ,우량기업부,17560,2,-730,-3.99,18190,18270,17390,66404,1172292980,672548000000,38300000,KSQ
106,137400,KR7137400008,피엔티,KOSDAQ GLOBAL,우량기업부,28000,2,-1900,-6.35,29650,29650,27900,61849,1762015025,663340384000,23690728,KSQ
107,033100,KR7033100009,제룡전기,KOSDAQ GLOBAL,우량기업부,40900,2,-1900,-4.44,41000,43600,40200,88978,3695157475,656952528100,16062409,KSQ
108,014620,KR7014620009,성광벤드,KOSDAQ GLOBAL,우량기업부,24500,2,-1400,-5.41,25900,25900,24200,60845,1507629900,650655418000,26557364,KSQ
109,093320,KR7093320000,케이아이엔엑스,KOSDAQ,우량기업부,131600,2,-1800,-1.35,139900,140900,127500,15162,1998100950,642208000000,4880000,KSQ
110,035760,KR7035760008,CJ ENM,KOSDAQ GLOBAL,중견기업부,29050,2,-250,-0.85,29050,29300,28100,52465,1513186025,637041923700,21929154,KSQ
111,189300,KR7189300007,인텔리안테크,KOSDAQ,우량기업부,58400,2,-4500,-7.15,62000,62000,57600,55564,3272339700,627069824800,10737497,KSQ
112,445680,KR7445680002,큐리옥스바이오시스템즈,KOSDAQ,기술성장기업부,36100,2,-5050,-12.27,39500,39500,34500,105291,3842117250,621037505500,17203255,KSQ
113,115180,KR7115180002,큐리언트,KOSDAQ,벤처기업부,16280,2,-1570,-8.8,17210,17820,16150,99069,1644265840,610679096280,37511001,KSQ
114,006730,KR7006730006,서부T&D,KOSDAQ GLOBAL,우량기업부,9390,2,-510,-5.15,9770,9780,9360,254958,2429340955,603560306970,64276923,KSQ
115,094170,KR7094170008,동운아나텍,KOSDAQ,우량기업부,28800,2,-1950,-6.34,30050,30050,28550,58266,1695067325,602206156800,20909936,KSQ
116,036830,KR7036830008,솔브레인홀딩스,KOSDAQ GLOBAL,우량기업부,29350,2,-2750,-8.57,32000,32000,29200,44615,1334677050,601791842350,20503981,KSQ
117,161580,KR7161580006,필옵틱스,KOSDAQ,중견기업부,25650,2,-2050,-7.4,27000,27400,25400,75129,1964719850,601293635550,23442247,KSQ
118,253450,KR7253450001,스튜디오드래곤,KOSDAQ GLOBAL,우량기업부,19980,2,-420,-2.06,20200,20350,19800,27509,550222960,600568790040,30058498,KSQ
119,476060,KR7476060009,온코닉테라퓨틱스,KOSDAQ,기술성장기업부,13140,2,-1360,-9.38,13730,13960,12430,995392,13110533315,596659017600,45407840,KSQ
120,048410,KR7048410005,현대바이오,KOSDAQ,중견기업부,6150,2,-370,-5.67,6450,6450,6030,438207,2722484865,593509267800,96505572,KSQ
121,119850,KR7119850006,지엔씨에너지,KOSDAQ,우량기업부,35950,1,2000,5.89,32850,37150,32400,520443,18654383500,591338278550,16448909,KSQ
122,079940,KR7079940003,가비아,KOSDAQ,우량기업부,44050,4,10150,29.94,44050,44050,44050,9693,426976650,591181130200,13420684,KSQ
123,032500,KR7032500001,케이엠더블유,KOSDAQ,중견기업부,14000,2,-1080,-7.16,14930,14930,13810,139096,1969761275,590683814000,42191701,KSQ
124,490470,KR7490470002,세미파이브,KOSDAQ,기술성장기업부,17140,2,-1220,-6.64,17680,18300,16770,177802,3089654280,583196041600,34025440,KSQ
125,053800,KR7053800009,안랩,KOSDAQ,우량기업부,52400,3,0,0.0,52100,53100,51800,122363,6415647050,583028914400,11126506,KSQ
126,052400,KR7052400009,코나아이,KOSDAQ GLOBAL,우량기업부,39550,2,-1600,-3.89,41000,41150,39250,26422,1059892375,575978159050,14563291,KSQ
127,053610,KR7053610002,프로텍,KOSDAQ,우량기업부,63200,2,-3400,-5.11,63900,68000,62100,31061,2004366100,568800000000,9000000,KSQ
128,397030,KR7397030008,에이프릴바이오,KOSDAQ,기술성장기업부,24050,2,-1150,-4.56,24350,25150,23450,124231,2993692100,563102515300,23413826,KSQ
129,466100,KR7466100005,클로봇,KOSDAQ,기술성장기업부,21950,2,-1450,-6.2,22700,22800,21600,65657,1451689175,558830296050,25459239,KSQ
130,170920,KR7170920003,엘티씨,KOSDAQ,벤처기업부,52200,2,-2800,-5.09,52500,56600,51100,178909,9517647550,551447377200,10564126,KSQ
131,090360,KR7090360009,로보스타,KOSDAQ,중견기업부,56500,2,-4700,-7.68,58600,60200,56200,48079,2776368650,550875000000,9750000,KSQ
132,122640,KR7122640006,예스티,KOSDAQ,벤처기업부,25500,2,-3250,-11.3,27300,28950,25400,570780,15239143850,550820757000,21600814,KSQ
133,102710,KR7102710001,이엔에프테크놀로지,KOSDAQ,우량기업부,38550,2,-1700,-4.22,39250,40000,38050,106432,4132848600,550796077800,14287836,KSQ
134,037460,KR7037460003,삼지전자,KOSDAQ,우량기업부,33750,2,-1300,-3.71,34300,35950,33300,84055,2890240900,550750117500,16318522,KSQ
135,225570,KR7225570001,넥슨게임즈,KOSDAQ,중견기업부,8200,2,-180,-2.15,8290,8300,8120,45322,372529305,540053426800,65860174,KSQ
136,050890,KR7050890003,쏠리드,KOSDAQ,우량기업부,8870,2,-570,-6.04,9200,9430,8790,565057,5112490060,538910456580,60756534,KSQ
137,222080,KR7222080004,SFA넥셀,KOSDAQ GLOBAL,우량기업부,6920,2,-340,-4.68,7100,7140,6860,313627,2183633025,538238596480,77780144,KSQ
138,023160,KR7023160005,태광,KOSDAQ GLOBAL,우량기업부,20700,2,-1850,-8.2,22000,22050,20650,99270,2097298650,535451909400,25867242,KSQ
139,112040,KR7112040001,위메이드,KOSDAQ,중견기업부,15610,2,-1030,-6.19,16100,16460,15550,106869,1692406625,529935819630,33948483,KSQ
140,383310,KR7383310000,에코프로에이치엔,KOSDAQ,우량기업부,25000,2,-800,-3.1,25050,25900,24550,156181,3949422325,524373300000,20974932,KSQ
141,067160,KR7067160002,SOOP,KOSDAQ GLOBAL,우량기업부,45400,2,-1900,-4.02,46800,47000,45300,37303,1713690475,521862421800,11494767,KSQ
142,041960,KR7041960006,코미팜,KOSDAQ,벤처기업부,7060,2,-220,-3.02,7200,7340,7000,90632,645019215,521638654700,73886495,KSQ
143,399720,KR7399720002,가온칩스,KOSDAQ,벤처기업부,43950,2,-5800,-11.66,46400,48000,43200,135985,6199950100,521196193800,11858844,KSQ
144,219130,KR7219130002,타이거일렉,KOSDAQ,벤처기업부,82000,1,3600,4.59,79500,83800,73900,200570,16053953500,517771780000,6314290,KSQ
145,171090,KR7171090004,선익시스템,KOSDAQ,우량기업부,50600,2,-4900,-8.83,54100,54400,49750,35974,1846434600,511192875600,10102626,KSQ
146,045100,KR7045100005,한양이엔지,KOSDAQ,우량기업부,29050,2,-1750,-5.68,29600,31400,28800,156550,4631957350,508375000000,17500000,KSQ
147,086900,KR7086900008,메디톡스,KOSDAQ,우량기업부,69000,2,-2600,-3.63,70400,71000,68400,14421,998895050,503596293000,7298497,KSQ
148,121600,KR7121600001,나노신소재,KOSDAQ,우량기업부,40700,2,-3150,-7.18,43600,43600,40500,29254,1210343825,499071173700,12262191,KSQ
149,046890,KR7046890000,서울반도체,KOSDAQ GLOBAL,중견기업부,8530,2,-560,-6.16,8740,8990,8450,158929,1375747915,497345062000,58305400,KSQ
150,044490,KR7044490001,태웅,KOSDAQ,우량기업부,24650,2,-1900,-7.16,25550,25800,24350,68375,1700145275,493181941650,20007381,KSQ
151,456160,KR7456160001,지투지바이오,KOSDAQ,기술성장기업부,29550,2,-1750,-5.59,30200,30900,29300,55650,1659164450,491399538300,16629426,KSQ
152,101160,KR7101160000,월덱스,KOSDAQ,우량기업부,29700,2,-1600,-5.11,30200,31150,29000,120795,3573090350,490376492100,16510993,KSQ
153,475960,KR7475960001,토모큐브,KOSDAQ,기술성장기업부,36450,2,-300,-0.82,35750,38100,35300,48764,1784163200,487820337300,13383274,KSQ
154,251970,KR7251970000,펌텍코리아,KOSDAQ GLOBAL,우량기업부,39200,2,-2750,-6.56,41900,41900,38650,36591,1442522500,486080000000,12400000,KSQ
155,211050,KR7211050000,인카금융서비스,KOSDAQ,우량기업부,9720,2,-320,-3.19,10130,10130,9530,86663,845814070,478842746040,49263657,KSQ
156,052020,KR7052020005,에스티큐브,KOSDAQ,투자주의환기종목(소속부없음),7000,2,-330,-4.5,7030,7200,6950,160614,1133799900,475883037000,67983291,KSQ
157,064290,KR7064290000,인텍플러스,KOSDAQ,중견기업부,36800,2,-2100,-5.4,37000,40450,36450,166465,6213914075,473894870400,12877578,KSQ
158,059090,KR7059090001,미코,KOSDAQ,벤처기업부,14160,2,-800,-5.35,14510,14890,13810,168771,2429577585,473181576480,33416778,KSQ
159,295310,KR7295310007,에이치브이엠,KOSDAQ,기술성장기업부,38950,2,-2650,-6.37,39650,40350,37950,57675,2249409525,469214329950,12046581,KSQ
160,078130,KR7078130002,국일제지,KOSDAQ,중견기업부,4150,2,-85,-2.01,4185,4245,4020,113447,470016965,467873436050,112740587,KSQ
161,060250,KR7060250008,NHN KCP,KOSDAQ,우량기업부,11580,2,-840,-6.76,12210,12230,11500,182995,2152071555,465059875380,40160611,KSQ
162,033500,KR7033500000,동성화인텍,KOSDAQ,우량기업부,15470,2,-580,-3.61,16050,16050,15290,49356,769016665,463937472180,29989494,KSQ
163,034950,KR7034950006,한국기업평가,KOSDAQ,우량기업부,101300,1,200,0.2,101700,102000,100400,909,92092800,459954068200,4540514,KSQ
164,358570,KR7358570000,지아이이노베이션,KOSDAQ,기술성장기업부,7100,2,-220,-3.01,7390,7440,6950,200091,1434235620,458063642600,64516006,KSQ
165,376300,KR7376300000,디어유,KOSDAQ,우량기업부,19270,2,-780,-3.89,19650,19860,19040,51038,996191970,457439083620,23738406,KSQ
166,460930,KR7460930001,현대힘스,KOSDAQ,우량기업부,12830,1,690,5.68,13950,14820,12670,2197790,30028291360,455601908930,35510671,KSQ
167,336570,KR7336570007,원텍,KOSDAQ,우량기업부,5030,2,-290,-5.45,5170,5250,4990,522038,2654090255,449081649380,89280646,KSQ
168,082270,KR7082270000,젬백스,KOSDAQ,벤처기업부,10130,2,-20,-0.2,10210,10370,9950,110753,1120964590,448447026390,44269203,KSQ
169,033790,KR7033790007,피노,KOSDAQ,중견기업부,5380,2,-400,-6.92,5510,5780,5350,296446,1628819635,448271752060,83321887,KSQ
170,348370,KR7348370008,엔켐,KOSDAQ,중견기업부,20400,2,-3050,-13.01,20900,20900,19710,166601,3370935230,446984257200,21910993,KSQ
171,015750,KR7015750003,성우하이텍,KOSDAQ,우량기업부,5580,2,-230,-3.96,5690,5740,5540,162366,910309315,446400000000,80000000,KSQ
172,124500,KR7124500000,아이티센글로벌,KOSDAQ,우량기업부,19180,2,-1220,-5.98,19940,20150,19080,76461,1483077280,445062827860,23204527,KSQ
173,035890,KR7035890003,서희건설,KOSDAQ,중견기업부,1922,2,-76,-3.8,1998,2000,1919,324502,631095316,441691854354,229808457,KSQ
174,160190,KR7160190005,하이젠알앤엠,KOSDAQ,투자주의환기종목(소속부없음),14290,2,-1020,-6.66,14960,14960,14020,33048,474968635,441389520000,30888000,KSQ
175,036810,KR7036810000,에프에스티,KOSDAQ,중견기업부,20250,2,-1500,-6.9,21000,21350,19850,91193,1863066145,438408227250,21649789,KSQ
176,056080,KR7056080005,유진로봇,KOSDAQ,중견기업부,11410,2,-570,-4.76,11870,11870,11220,130458,1497462985,436266895260,38235486,KSQ
177,425420,KR7425420007,티에프이,KOSDAQ,우량기업부,35150,2,-2600,-6.89,36150,37500,34350,33661,1194736950,434003412150,12347181,KSQ
178,099190,KR7099190001,아이센스,KOSDAQ,중견기업부,14950,2,-70,-0.47,15010,15240,14620,60494,897011395,429921769550,28757309,KSQ
179,033640,KR7033640004,네패스,KOSDAQ,중견기업부,18350,2,-1380,-6.99,18600,19960,18170,104562,1965704340,423136356700,23059202,KSQ
180,009520,KR7009520008,포스코엠텍,KOSDAQ GLOBAL,중견기업부,10090,2,-540,-5.08,10350,10500,10040,81435,832858305,420174873270,41642703,KSQ
181,290550,KR7290550003,디케이티,KOSDAQ,우량기업부,20950,2,-1450,-6.47,21700,22550,20600,156243,3340763200,419025768500,20001230,KSQ
182,476830,KR7476830005,알지노믹스,KOSDAQ,기술성장기업부,29750,2,-1800,-5.71,30800,30800,29250,95563,2858592800,417324610500,14027718,KSQ
183,389470,KR7389470006,인벤티지랩,KOSDAQ,기술성장기업부,31300,2,-2350,-6.98,32400,33050,30950,27813,882851350,416531260400,13307708,KSQ
184,174900,KR7174900001,앱클론,KOSDAQ,벤처기업부,20650,2,-1300,-5.92,21650,21650,20550,66597,1386099100,412011463850,19952129,KSQ
185,340570,KR7340570001,티앤엘,KOSDAQ,우량기업부,50300,2,-2100,-4.01,52100,52100,49900,22321,1126763900,408838400000,8128000,KSQ
186,104830,KR7104830005,원익머트리얼즈,KOSDAQ,우량기업부,32400,2,-2300,-6.63,33650,34350,32300,40371,1339100250,408499200000,12608000,KSQ
187,330860,KR7330860008,네패스아크,KOSDAQ,중견기업부,33350,2,-2450,-6.84,33850,37250,32750,115364,3939829600,406337900750,12184045,KSQ
188,253590,KR7253590004,네오셈,KOSDAQ,우량기업부,9230,2,-530,-5.43,9460,9650,9030,151724,1407338530,404912383720,43869164,KSQ
189,214430,KR7214430001,아이쓰리시스템,KOSDAQ,우량기업부,55400,2,-2900,-4.97,60000,60000,54800,20577,1156324100,404819711000,7307215,KSQ
190,144960,KR7144960002,뉴파워프라즈마,KOSDAQ,우량기업부,9220,2,-130,-1.39,9100,9690,8610,838392,7607670415,402845993280,43692624,KSQ
191,272290,KR7272290008,이녹스첨단소재,KOSDAQ GLOBAL,우량기업부,20050,2,-1200,-5.65,20650,20900,19920,95112,1920657585,399747055450,19937509,KSQ
192,327260,KR7327260006,RF머트리얼즈,KOSDAQ,벤처기업부,44250,2,-1750,-3.8,43250,47050,41300,75669,3366782100,398034723750,8995135,KSQ
193,077360,KR7077360006,덕산하이메탈,KOSDAQ,벤처기업부,8760,2,-530,-5.71,9100,9440,8600,355035,3154789405,398028137520,45437002,KSQ
194,126340,KR7126340009,비나텍,KOSDAQ,벤처기업부,55400,2,-6200,-10.06,59000,60300,55200,175344,9914413350,397794935600,7180414,KSQ
195,278280,KR7278280003,천보,KOSDAQ,중견기업부,32100,2,-2050,-6.0,34000,34050,31850,16243,528939750,393322102500,12253025,KSQ
196,018290,KR7018290007,브이티,KOSDAQ,우량기업부,11200,2,-620,-5.25,11660,11670,11050,89272,1010488070,391348585600,34941838,KSQ
197,215200,KR7215200007,메가스터디교육,KOSDAQ,우량기업부,37450,2,-700,-1.83,39100,39100,37100,29844,1126253350,388177339200,10365216,KSQ
198,102940,KR7102940004,코오롱생명과학,KOSDAQ,중견기업부,29600,2,-2650,-8.22,31000,32900,29150,86236,2625595150,387481848800,13090603,KSQ
199,365340,KR7365340009,성일하이텍,KOSDAQ,기술성장기업부,29900,2,-2200,-6.85,31750,31750,29800,44736,1355732250,386341338500,12921115,KSQ
200,030520,KR7030520001,한글과컴퓨터,KOSDAQ,우량기업부,15890,2,-670,-4.05,16560,16560,15870,39029,626664025,384216132160,24179744,KSQ
201,027360,KR7027360007,아주IB투자,KOSDAQ,중견기업부,3155,2,-225,-6.66,3280,3320,3115,487487,1553441909,382213755930,121145406,KSQ
202,477850,KR7477850002,마키나락스,KOSDAQ,기술성장기업부,21350,2,-4850,-18.51,24000,24800,20750,1723152,39099527512,379063613600,17754736,KSQ
203,089890,KR7089890008,코세스,KOSDAQ,우량기업부,22850,2,-900,-3.79,21700,23750,21700,128876,2961105275,378966381700,16584962,KSQ
204,348210,KR7348210006,넥스틴,KOSDAQ,우량기업부,36000,2,-3500,-8.86,40000,40000,35600,44588,1645353600,377172180000,10477005,KSQ
205,160980,KR7160980009,싸이맥스,KOSDAQ,우량기업부,34250,2,-3050,-8.18,35000,36700,33300,98343,3393785025,374155322750,10924243,KSQ
206,095660,KR7095660007,네오위즈,KOSDAQ,우량기업부,17210,2,-520,-2.93,17800,17800,17190,51281,893352130,372363459390,21636459,KSQ
207,042000,KR7042000000,카페24,KOSDAQ,우량기업부,15400,2,-730,-4.53,15900,15960,15270,37918,590051930,372343802600,24178169,KSQ
208,200710,KR7200710002,에이디테크놀로지,KOSDAQ,중견기업부,27650,2,-1750,-5.95,28050,28850,26500,136898,3745431875,372224493550,13462007,KSQ
209,368770,KR7368770004,파이버프로,KOSDAQ,벤처기업부,11140,2,-680,-5.75,11690,11690,11010,69287,780287685,365996066500,32854225,KSQ
210,033160,KR7033160003,엠케이전자,KOSDAQ,중견기업부,15080,2,-950,-5.93,15240,16570,15010,443714,6903399020,364852547280,24194466,KSQ
211,039440,KR7039440003,에스티아이,KOSDAQ,우량기업부,23500,2,-1300,-5.24,23950,25150,23400,74559,1796516075,364415604500,15507047,KSQ
212,025980,KR7025980004,아난티,KOSDAQ,우량기업부,3745,2,-65,-1.71,3770,3800,3640,432588,1612168908,364392207550,97300990,KSQ
213,041190,KR7041190000,우리기술투자,KOSDAQ,우량기업부,4270,2,-200,-4.47,4430,4435,4255,268605,1159310587,358680000000,84000000,KSQ
214,069080,KR7069080000,웹젠,KOSDAQ GLOBAL,우량기업부,11560,1,270,2.39,11490,11620,11160,75858,867880770,357973607000,30966575,KSQ
215,013030,KR7013030002,하이록코리아,KOSDAQ,우량기업부,30300,2,-650,-2.1,30950,30950,30050,28282,858051100,356574763200,11768144,KSQ
216,036620,KR7036620003,감성코퍼레이션,KOSDAQ,우량기업부,3955,1,65,1.67,3915,4065,3740,368842,1460178861,355407943520,89862944,KSQ
217,199800,KR7199800004,툴젠,KOSDAQ,기술성장기업부,39450,2,-4100,-9.41,42000,42450,38350,30345,1208081550,354956464050,8997629,KSQ
218,003800,KR7003800000,에이스침대,KOSDAQ,우량기업부,31850,2,-350,-1.09,32200,32450,31300,2182,70056425,353216500000,11090000,KSQ
219,348340,KR7348340001,뉴로메카,KOSDAQ,기술성장기업부,28250,2,-2150,-7.07,29500,30150,28200,44770,1293497700,350558515750,12409151,KSQ
220,078020,KR7078020005,LS증권,KOSDAQ,우량기업부,6200,2,-320,-4.91,6520,6520,6160,58876,368795460,343983378000,55481190,KSQ
221,372320,KR7372320002,큐로셀,KOSDAQ,기술성장기업부,22400,2,-1200,-5.08,23300,23350,22200,21802,492920200,341060563200,15225918,KSQ
222,089010,KR7089010003,켐트로닉스,KOSDAQ,우량기업부,20200,2,-900,-4.27,20250,20850,19950,57420,1167047530,338754545400,16770027,KSQ
223,439960,KR7439960006,코스모로보틱스,KOSDAQ,기술성장기업부,10410,2,-680,-6.13,10810,11050,10310,201886,2126537070,337811016660,32450626,KSQ
224,486990,KR7486990005,노타,KOSDAQ,기술성장기업부,15720,2,-1190,-7.04,16400,16500,15670,83326,1334598970,335562735600,21346230,KSQ
225,025320,KR7025320003,시노펙스,KOSDAQ,우량기업부,3625,2,-185,-4.86,3695,3735,3595,385880,1407584004,334088892125,92162453,KSQ
226,356860,KR7356860007,티엘비,KOSDAQ,우량기업부,33550,2,-4750,-12.4,36300,37950,32450,310187,10684673500,329884736500,9832630,KSQ
227,114810,KR7114810005,한솔아이원스,KOSDAQ,우량기업부,11590,2,-780,-6.31,12000,12370,11400,152636,1802117410,326179386660,28143174,KSQ
228,236200,KR7236200002,슈프리마,KOSDAQ,우량기업부,46650,2,-1400,-2.91,47850,48450,46600,14519,686945400,325351608150,6974311,KSQ
229,101730,KR7101730000,위메이드맥스,KOSDAQ,중견기업부,3870,2,-475,-10.93,4050,4055,3750,216537,843176330,324318716820,83803286,KSQ
230,078160,KR7078160009,메디포스트,KOSDAQ,벤처기업부,8190,2,-570,-6.51,8720,8720,8010,38960,323766675,321085698570,39204603,KSQ
231,110990,KR7110990009,디아이티,KOSDAQ,우량기업부,16810,2,-670,-3.83,16990,17400,16490,59484,1003251920,317709000000,18900000,KSQ
232,204620,KR7204620009,글로벌텍스프리,KOSDAQ,우량기업부,4515,2,-170,-3.63,4685,4730,4500,401054,1841991774,317329234950,70283330,KSQ
233,060280,KR7060280005,큐렉소,KOSDAQ,중견기업부,7680,2,-420,-5.19,8000,8030,7630,154336,1195456390,316875187200,41259790,KSQ
234,241770,KR7241770007,메카로,KOSDAQ,우량기업부,30900,2,-2050,-6.22,32000,32200,30100,12230,382271300,314952576000,10192640,KSQ
235,084110,KR7084110006,휴온스글로벌,KOSDAQ,우량기업부,24550,2,-2850,-10.4,27150,27200,24450,30131,766287200,310798384600,12659812,KSQ
236,287840,KR7287840003,인투셀,KOSDAQ,기술성장기업부,20600,2,-1400,-6.36,22200,22200,20100,43709,907123325,309452376000,15021960,KSQ
237,168360,KR7168360006,펨트론,KOSDAQ,벤처기업부,13500,2,-1450,-9.7,14170,14670,13360,72720,1004678070,302299519500,22392557,KSQ
238,006910,KR7006910004,보성파워텍,KOSDAQ,우량기업부,6080,2,-400,-6.17,6360,6420,6020,595154,3662685335,298709329920,49129824,KSQ
239,092730,KR7092730001,네오팜,KOSDAQ,우량기업부,18620,2,-530,-2.77,18900,19160,18620,28009,529714780,298441155180,16027989,KSQ
240,243070,KR7243070000,휴온스,KOSDAQ,우량기업부,24900,2,-1250,-4.78,25950,25950,24650,13075,326881900,298293658500,11979665,KSQ
241,024850,KR7024850000,HLB이노베이션,KOSDAQ,중견기업부,9390,2,-970,-9.36,10100,10490,9260,236961,2283491110,298165778160,31753544,KSQ
242,228760,KR7228760005,지노믹트리,KOSDAQ,기술성장기업부,11900,1,90,0.76,11820,13000,11700,127126,1565894600,295824503800,24859202,KSQ
243,025770,KR7025770009,한국정보통신,KOSDAQ,우량기업부,7900,2,-310,-3.78,8150,8180,7890,41733,333923645,295809740900,37444271,KSQ
244,078340,KR7078340007,컴투스,KOSDAQ GLOBAL,중견기업부,24450,2,-1050,-4.12,25300,25300,24300,19525,485061050,295632602850,12091313,KSQ
245,064260,KR7064260003,다날,KOSDAQ,중견기업부,3905,2,-185,-4.52,4000,4050,3885,397860,1573564897,295395509585,75645457,KSQ
246,101930,KR7101930006,인화정공,KOSDAQ,우량기업부,6400,2,-300,-4.48,6650,6650,6300,9719,62763220,292445894400,45694671,KSQ
247,078350,KR7078350006,한양디지텍,KOSDAQ,우량기업부,19010,2,-1540,-7.49,19810,20250,18810,84161,1628448250,289795701820,15244382,KSQ
248,389650,KR7389650003,넥스트바이오메디컬,KOSDAQ,기술성장기업부,34900,2,-2750,-7.3,36750,36750,34700,21618,764746350,288877281400,8277286,KSQ
249,042520,KR7042520007,한스바이오메드,KOSDAQ,벤처기업부,20250,2,-2650,-11.57,22500,22500,20150,131561,2755533600,288792681750,14261367,KSQ
250,356680,KR7356680009,엑스게이트,KOSDAQ,벤처기업부,10090,2,-750,-6.92,10790,10790,9950,317102,3260939870,288003834280,28543492,KSQ
251,376270,KR7376270005,HEM파마,KOSDAQ,기술성장기업부,39650,2,-400,-1.0,41000,42650,38900,5740,226778750,285844264550,7209187,KSQ
252,265520,KR7265520007,AP시스템,KOSDAQ,우량기업부,18980,2,-810,-4.09,19550,19850,18900,54172,1042591540,285664582580,15050821,KSQ
253,091700,KR7091700005,파트론,KOSDAQ,우량기업부,5700,2,-70,-1.21,5670,5770,5610,102364,582866640,285000000000,50000000,KSQ
254,121440,KR7121440002,골프존홀딩스,KOSDAQ,우량기업부,6650,2,-20,-0.3,6670,6670,6650,470766,3136509035,284864839700,42836818,KSQ
255,069540,KR7069540003,빛과전자,KOSDAQ,벤처기업부,2505,2,-85,-3.28,2450,2845,2390,16796086,44120546173,282293201985,112691897,KSQ
256,136480,KR7136480001,하림,KOSDAQ,우량기업부,2655,2,-25,-0.93,2660,2705,2645,253991,676981756,281986758810,106209702,KSQ
257,035810,KR7035810001,이지홀딩스,KOSDAQ,우량기업부,4370,2,-60,-1.35,4420,4460,4335,206911,907166450,281935728450,64516185,KSQ
258,206650,KR7206650004,유바이오로직스,KOSDAQ,우량기업부,7660,2,-320,-4.01,7910,8140,7610,146810,1135117720,281522671620,36752307,KSQ
259,049070,KR7049070006,인탑스,KOSDAQ,우량기업부,17090,2,-270,-1.56,17010,17530,16660,64141,1105272185,281380133630,16464607,KSQ
260,079370,KR7079370003,제우스,KOSDAQ,우량기업부,9050,2,-660,-6.8,9400,9690,8980,182311,1685851355,280703759500,31016990,KSQ
261,215600,KR7215600008,신라젠,KOSDAQ,중견기업부,2025,2,-45,-2.17,2055,2080,1996,401834,811774212,280570967100,138553564,KSQ
262,441270,KR7441270006,파인엠텍,KOSDAQ,벤처기업부,6600,2,-260,-3.79,6770,6940,6540,72470,482772670,277490710200,42044047,KSQ
263,200670,KR7200670008,휴메딕스,KOSDAQ,우량기업부,24700,2,-1450,-5.54,25800,25850,24650,27927,698740900,277379271000,11229930,KSQ
264,419530,KR7419530001,SAMG엔터,KOSDAQ,기술성장기업부,27150,2,-450,-1.63,27400,27800,26500,20625,557461375,277129199550,10207337,KSQ
265,036890,KR7036890002,진성티이씨,KOSDAQ,우량기업부,12570,2,-1020,-7.51,13380,13380,12550,64799,831227290,276950071110,22032623,KSQ
266,017890,KR7017890005,한국알콜,KOSDAQ,우량기업부,12990,2,-530,-3.92,13400,13600,12890,50739,665687770,276342842940,21273506,KSQ
267,025900,KR7025900002,동화기업,KOSDAQ,중견기업부,5410,2,-290,-5.09,5710,5750,5400,41395,228663445,273514911850,50557285,KSQ
268,482630,KR7482630001,삼양엔씨켐,KOSDAQ,중견기업부,12340,2,-1010,-7.57,12810,13230,12200,94923,1194092725,270101375200,21888280,KSQ
269,080580,KR7080580004,오킨스전자,KOSDAQ,벤처기업부,12760,2,-500,-3.77,12800,13500,12460,106842,1364500440,269120585800,21090955,KSQ
270,309710,KR7309710002,아이티켐,KOSDAQ,관리종목(소속부없음),21000,0,0,0.0,0,0,0,0,0,268443021000,12783001,KSQ
271,051500,KR7051500007,CJ프레시웨이,KOSDAQ,우량기업부,22550,2,-150,-0.66,22700,23150,22100,16020,364465500,267704264300,11871586,KSQ
272,182400,KR7182400002,엔케이젠바이오텍코리아,KOSDAQ,관리종목(소속부없음),3670,0,0,0.0,0,0,0,0,0,265496721770,72342431,KSQ
273,439090,KR7439090002,마녀공장,KOSDAQ,우량기업부,16160,2,-1130,-6.54,17670,17670,16160,353996,5954264255,264915081600,16393260,KSQ
274,092460,KR7092460005,한라IMS,KOSDAQ,우량기업부,15420,2,-150,-0.96,15620,15690,15010,24634,376565320,263831265600,17109680,KSQ
275,054950,KR7054950001,제이브이엠,KOSDAQ,우량기업부,21700,2,-350,-1.59,22200,22200,21600,13376,291720500,262350656400,12089892,KSQ
276,064820,KR7064820004,케이프,KOSDAQ,우량기업부,8470,1,140,1.68,9660,9790,8370,399452,3516299070,261386021050,30860215,KSQ
277,085910,KR7085910008,네오티스,KOSDAQ,중견기업부,18940,1,2810,17.42,16130,18960,15730,762586,13560812285,261273852920,13794818,KSQ
278,047920,KR7047920004,HLB제약,KOSDAQ,기술성장기업부,7950,2,-1420,-15.15,8500,8710,7660,442108,3609546820,260754880200,32799356,KSQ
279,067630,KR7067630004,HLB생명과학,KOSDAQ,투자주의환기종목(소속부없음),2120,2,-260,-10.92,2160,2300,2040,569021,1220353178,258464162960,121917058,KSQ
280,036800,KR7036800001,나이스정보통신,KOSDAQ,우량기업부,28400,2,-1500,-5.02,29500,29500,28200,36548,1045445950,258440000000,9100000,KSQ
281,424870,KR7424870004,이뮨온시아,KOSDAQ,기술성장기업부,2830,2,-185,-6.14,2930,2990,2810,160535,458865190,258300521270,91272269,KSQ
282,125490,KR7125490003,한라캐스트,KOSDAQ,벤처기업부,7050,2,-610,-7.96,7320,7440,7000,205813,1478354100,257341581600,36502352,KSQ
283,121800,KR7121800007,비덴트,KOSDAQ,관리종목(소속부없음),3320,0,0,0.0,0,0,0,0,0,256309348520,77201611,KSQ
284,065680,KR7065680001,우주일렉트로,KOSDAQ,우량기업부,27700,2,-3200,-10.36,31000,31000,27650,12947,366044750,255961046700,9240471,KSQ
285,493280,KR7493280002,아이엠바이오로직스,KOSDAQ,기술성장기업부,17240,2,-1930,-10.07,18640,18910,17230,60476,1072476920,255782104760,14836549,KSQ
286,035600,KR7035600006,KG이니시스,KOSDAQ,우량기업부,9280,2,-130,-1.38,9380,9470,9280,28811,269797345,255705147520,27554434,KSQ
287,394280,KR7394280002,오픈엣지테크놀로지,KOSDAQ,기술성장기업부,9680,2,-750,-7.19,10120,10120,9520,82077,807690565,255034410400,26346530,KSQ
288,352480,KR7352480008,씨앤씨인터내셔널,KOSDAQ,우량기업부,18710,2,-290,-1.53,18790,19130,18500,5708,107065530,255015447710,13629901,KSQ
289,092190,KR7092190008,서울바이오시스,KOSDAQ,투자주의환기종목(소속부없음),5550,2,-250,-4.31,5670,5920,5440,125483,700145500,254569525650,45868383,KSQ
290,393890,KR7393890009,더블유씨피,KOSDAQ,기술성장기업부,7510,2,-620,-7.63,7800,7990,7500,96369,733960670,254162011440,33843144,KSQ
291,267980,KR7267980001,매일유업,KOSDAQ,우량기업부,33100,2,-750,-2.22,33700,33800,32500,3547,117698600,253666417800,7663638,KSQ
292,107640,KR7107640005,한중엔시에스,KOSDAQ,기술성장기업부,27950,2,-2700,-8.81,29050,29750,27750,49510,1410680225,253365240700,9064946,KSQ
293,377460,KR7377460001,큐에이드,KOSDAQ,관리종목(소속부없음),4080,0,0,0.0,0,0,0,0,0,253187202960,62055687,KSQ
294,023410,KR7023410004,유진기업,KOSDAQ,중견기업부,3255,2,-120,-3.56,3380,3380,3235,431069,1418097032,251646859065,77310863,KSQ
295,417840,KR7417840006,저스템,KOSDAQ,벤처기업부,10980,2,-1120,-9.26,11480,12200,10600,528008,5943639760,251105803380,22869381,KSQ
296,043150,KR7043150002,바텍,KOSDAQ,우량기업부,16860,2,-600,-3.44,17450,17450,16820,39625,675340150,250442756160,14854256,KSQ
297,950170,KR8392080006,JTC,KOSDAQ,외국기업(소속부없음),4825,2,-25,-0.52,4875,4875,4800,44509,215087645,249676129100,51746348,KSQ
298,098070,KR7098070006,한텍,KOSDAQ,중견기업부,22450,2,-1300,-5.47,23100,23650,22450,25420,579427475,249669615450,11121141,KSQ
299,151860,KR7151860004,KG에코솔루션,KOSDAQ,우량기업부,5190,2,-260,-4.77,5300,5450,5050,63463,333206595,247059580380,47603002,KSQ
300,448900,KR7448900001,한국피아이엠,KOSDAQ,기술성장기업부,40300,2,-3100,-7.14,40000,42100,39550,31719,1282835850,244800617100,6074457,KSQ
301,484590,KR7484590005,삼양컴텍,KOSDAQ,벤처기업부,5910,2,-210,-3.43,6070,6130,5870,122676,732265315,243553759500,41210450,KSQ
302,468530,KR7468530001,프로티나,KOSDAQ,기술성장기업부,22050,2,-2050,-8.51,22900,23100,21700,29102,648805575,243326336400,11035208,KSQ
303,332570,KR7332570001,PS일렉트로닉스,KOSDAQ,우량기업부,5190,2,-590,-10.21,5530,5620,5040,1108438,5843399010,242433011970,46711563,KSQ
304,215000,KR7215000001,골프존,KOSDAQ,우량기업부,38600,2,-400,-1.03,39000,39500,38200,11060,427644925,242231019000,6275415,KSQ
305,314930,KR7314930009,바이오다인,KOSDAQ,기술성장기업부,8130,2,-230,-2.75,8340,8690,7930,49958,404996990,241982157390,29764103,KSQ
306,051360,KR7051360006,토비스,KOSDAQ,우량기업부,16090,0,0,0.0,0,0,0,0,0,240028093870,14917843,KSQ
307,389260,KR7389260001,대명에너지,KOSDAQ,우량기업부,13390,1,70,0.53,13090,13870,13080,187732,2544177875,239899591750,17916325,KSQ
308,200130,KR7200130003,콜마비앤에이치,KOSDAQ GLOBAL,우량기업부,8150,2,-230,-2.74,8410,8470,8080,54664,448102405,239736797700,29415558,KSQ
309,036200,KR7036200004,유니셈,KOSDAQ,우량기업부,7760,2,-710,-8.38,8100,8400,7690,177982,1416650560,237954370480,30664223,KSQ
310,194700,KR7194700001,노바렉스,KOSDAQ,우량기업부,13010,2,-460,-3.41,13370,13450,12910,51267,670951685,237495572480,18254848,KSQ
311,052710,KR7052710001,아모텍,KOSDAQ,중견기업부,16210,2,-770,-4.53,16490,17150,15420,179803,2904951030,236869370660,14612546,KSQ
312,455900,KR7455900001,엔젤로보틱스,KOSDAQ,기술성장기업부,15290,2,-1180,-7.16,15950,15980,15100,27118,418466520,235062053490,15373581,KSQ
313,206640,KR7206640005,바디텍메드,KOSDAQ,우량기업부,10690,2,-600,-5.31,11120,11130,10680,26932,291567485,234195675490,21907921,KSQ
314,0011T0,KR70011T0008,채비,KOSDAQ,기술성장기업부,4950,2,-310,-5.89,5030,5190,4900,163832,818147025,232400475450,46949591,KSQ
315,117730,KR7117730002,티로보틱스,KOSDAQ,벤처기업부,10280,2,-720,-6.55,10650,10850,9800,51701,536495640,231896682040,22558043,KSQ
316,450950,KR7450950001,아스테라시스,KOSDAQ,벤처기업부,6140,2,-50,-0.81,6440,6450,6030,14143,88067790,231033414880,37627592,KSQ
317,061970,KR7061970000,LB세미콘,KOSDAQ,중견기업부,3970,2,-100,-2.46,4070,4180,3900,96518,387170452,230589533820,58083006,KSQ
318,061090,KR7061090007,세나테크놀로지,KOSDAQ,중견기업부,42050,2,-2650,-5.93,43550,44050,41500,18698,794580675,229910477500,5467550,KSQ
319,234340,KR7234340008,헥토파이낸셜,KOSDAQ,우량기업부,16170,2,-1120,-6.48,17060,17060,16080,92782,1520255130,225905507520,13970656,KSQ
320,043370,KR7043370006,피에이치에이,KOSDAQ,우량기업부,10710,2,-520,-4.63,10960,10970,10600,19347,207831590,224910000000,21000000,KSQ
321,290690,KR7290690007,소룩스,KOSDAQ,중견기업부,4275,2,-350,-7.57,4625,4675,4250,632854,2775453262,224863332750,52599610,KSQ
322,064850,KR7064850001,에프앤가이드,KOSDAQ,벤처기업부,19680,2,-1520,-7.17,21000,21150,18940,84231,1640458075,224555333760,11410332,KSQ
323,099430,KR7099430001,바이오플러스,KOSDAQ,우량기업부,3630,2,-175,-4.6,3720,3765,3595,247070,899025736,223755820860,61640722,KSQ
324,018000,KR7018000000,유니슨,KOSDAQ,중견기업부,862,2,-30,-3.36,890,890,860,590134,511636227,223687520808,259498284,KSQ
325,481070,KR7481070001,에이유브랜즈,KOSDAQ,중견기업부,15560,2,-40,-0.26,15450,15660,14970,7808,119790070,222978690000,14330250,KSQ
326,138080,KR7138080007,오이솔루션,KOSDAQ,벤처기업부,17970,2,-1480,-7.61,19000,19400,17900,80426,1472222085,222428311260,12377758,KSQ
327,093520,KR7093520005,매커스,KOSDAQ,우량기업부,18650,2,-970,-4.94,19470,19630,18570,22658,427134435,221969260050,11901837,KSQ
328,187660,KR7187660006,페니트리움바이오,KOSDAQ,중견기업부,4000,2,-115,-2.79,4050,4245,3895,440547,1755347957,221865012000,55466253,KSQ
329,272110,KR7272110008,케이엔제이,KOSDAQ,우량기업부,27450,2,-1250,-4.36,28250,29150,27050,65564,1834151700,220297092750,8025395,KSQ
330,445090,KR7445090004,에이직랜드,KOSDAQ,벤처기업부,20150,2,-1700,-7.78,20350,21300,19810,64825,1324520440,220152008700,10925658,KSQ
331,452430,KR7452430002,사피엔반도체,KOSDAQ,기술성장기업부,26650,2,-1650,-5.83,28000,28000,26300,14243,383606150,220006969650,8255421,KSQ
332,378340,KR7378340004,필에너지,KOSDAQ,중견기업부,10090,2,-600,-5.61,10470,10470,10070,30869,315097665,218386769380,21643882,KSQ
333,023760,KR7023760002,한국캐피탈,KOSDAQ,우량기업부,690,2,-18,-2.54,708,709,688,88519,61236751,217770607440,315609576,KSQ
334,304360,KR7304360001,에스바이오메딕스,KOSDAQ,벤처기업부,17560,2,-1140,-6.1,18390,18390,17370,28106,496828400,217482847680,12385128,KSQ
335,036030,KR7036030005,케이티알파,KOSDAQ,우량기업부,4395,2,-60,-1.35,4460,4480,4345,18216,79954880,215439124695,49019141,KSQ
336,060720,KR7060720000,KH바텍,KOSDAQ,중견기업부,9080,2,-440,-4.62,9460,9480,9000,90573,833654405,214991173360,23677442,KSQ
337,011560,KR7011560000,세보엠이씨,KOSDAQ,우량기업부,21300,2,-650,-2.96,21900,22450,21150,28124,607421850,214807773600,10084872,KSQ
338,472850,KR7472850007,폰드그룹,KOSDAQ,중견기업부,3725,1,10,0.27,3660,3785,3625,92766,343425260,214454403700,57571652,KSQ
339,053030,KR7053030003,바이넥스,KOSDAQ,중견기업부,6510,2,-230,-3.41,6770,6950,6490,106015,695325425,212774063880,32684188,KSQ
340,094360,KR7094360005,칩스앤미디어,KOSDAQ,벤처기업부,9960,2,-590,-5.59,10180,10400,9850,81973,821779780,212698529040,21355274,KSQ
341,462350,KR7462350000,이노스페이스,KOSDAQ,기술성장기업부,6310,2,-400,-5.96,6580,6700,6240,166781,1066979185,212334819060,33650526,KSQ
342,095500,KR7095500005,미래나노텍,KOSDAQ,우량기업부,6840,2,-370,-5.13,6970,7030,6800,121476,837273305,212108393160,31009999,KSQ
343,180400,KR7180400004,DXVX,KOSDAQ,관리종목(소속부없음),2145,2,-45,-2.05,2190,2275,2140,30077,65438545,211131131640,98429432,KSQ
344,254490,KR7254490006,미래반도체,KOSDAQ,우량기업부,14620,2,-1080,-6.88,15500,15600,14530,79488,1186272475,211083560000,14438000,KSQ
345,065710,KR7065710006,서호전기,KOSDAQ,우량기업부,40900,2,-1450,-3.42,42750,42750,40650,9288,384298625,210635000000,5150000,KSQ
346,052330,KR7052330008,코텍,KOSDAQ,우량기업부,11820,2,-540,-4.37,12390,12480,11680,26993,321166210,209941981980,17761589,KSQ
347,071200,KR7071200000,인피니트헬스케어,KOSDAQ,중견기업부,8580,2,-650,-7.04,9230,9230,8360,106310,943605310,209321609640,24396458,KSQ
348,488900,KR7488900002,비츠로넥스텍,KOSDAQ,기술성장기업부,7220,2,-560,-7.2,7560,7690,7150,32206,235928550,209209918460,28976443,KSQ
349,005710,KR7005710009,대원산업,KOSDAQ,우량기업부,10430,2,-180,-1.7,10610,10640,10340,4510,47498150,208992168000,20037600,KSQ
350,089980,KR7089980007,상아프론테크,KOSDAQ,우량기업부,13070,2,-610,-4.46,13500,13800,12940,27117,356086530,208976713590,15989037,KSQ
351,461300,KR7461300006,아이스크림미디어,KOSDAQ,벤처기업부,15620,3,0,0.0,15620,15910,15500,26100,408117530,208119833460,13323933,KSQ
352,018310,KR7018310003,삼목에스폼,KOSDAQ,우량기업부,14110,2,-90,-0.63,14200,14200,13850,4002,56021830,207417000000,14700000,KSQ
353,123330,KR7123330003,제닉,KOSDAQ,우량기업부,25950,1,750,2.98,24000,26700,22700,259495,6611689350,206787246000,7968680,KSQ
354,380540,KR7380540005,옵티코어,KOSDAQ,관리종목(소속부없음),8450,0,0,0.0,0,0,0,0,0,206658126350,24456583,KSQ
355,230240,KR7230240004,에치에프알,KOSDAQ,중견기업부,15520,2,-1300,-7.73,16600,17060,15500,144081,2323614705,206555680000,13309000,KSQ
356,159010,KR7159010008,아스플로,KOSDAQ,벤처기업부,15440,1,340,2.25,14790,17650,14010,177982,2823283165,205888370160,13334739,KSQ
357,456010,KR7456010008,아이씨티케이,KOSDAQ,기술성장기업부,14150,2,-1510,-9.64,15110,15400,14070,234933,3407685670,205208252500,14502350,KSQ
358,448280,KR7448280008,에코아이,KOSDAQ,중견기업부,6890,2,-690,-9.1,7820,7820,6790,51122,366418900,204158478810,29631129,KSQ
359,144510,KR7144510005,지씨셀,KOSDAQ,중견기업부,12840,2,-500,-3.75,13050,13280,12800,29579,383783790,202876416960,15800344,KSQ
360,217730,KR7217730001,강스템바이오텍,KOSDAQ,기술성장기업부,2155,2,-110,-4.86,2265,2330,2130,405466,891541065,202686691095,94054149,KSQ
361,0008Z0,KR70008Z0005,에스엔시스,KOSDAQ,벤처기업부,21450,2,-350,-1.61,23000,23000,21350,49247,1087180525,202414297800,9436564,KSQ
362,353810,KR7353810005,이지바이오,KOSDAQ,우량기업부,6110,2,-180,-2.86,6220,6240,6050,37513,231661460,202130531200,33081920,KSQ
363,073490,KR7073490005,LIG아큐버,KOSDAQ,우량기업부,26500,2,-1700,-6.03,27000,28350,26250,72942,1972130550,201501919000,7603846,KSQ
364,318060,KR7318060001,그래피,KOSDAQ,기술성장기업부,18020,2,-1380,-7.11,19400,19740,18020,57695,1074424600,201340649540,11173177,KSQ
365,0001A0,KR70001A0001,덕양에너젠,KOSDAQ,중견기업부,7900,2,-50,-0.63,7840,8115,7600,59818,472566590,201204799800,25468962,KSQ
366,114190,KR7114190002,강원에너지,KOSDAQ,중견기업부,7700,2,-580,-7.0,8020,8050,7690,50034,392839390,201147392600,26123038,KSQ
367,086390,KR7086390002,유니테스트,KOSDAQ,중견기업부,9510,2,-750,-7.31,9930,10180,9450,91207,889990825,200985538260,21134126,KSQ
368,039830,KR7039830005,오로라,KOSDAQ,우량기업부,18610,2,-320,-1.69,18880,19490,17800,39631,748367980,200297382900,10762890,KSQ
369,067390,KR7067390005,아스트,KOSDAQ,중견기업부,474,2,-21,-4.24,489,490,470,778673,371181494,199628692446,421157579,KSQ
370,068930,KR7068930007,디지털대성,KOSDAQ,우량기업부,7180,2,-120,-1.64,7480,7480,7155,39975,289898980,198708955560,27675342,KSQ
371,317330,KR7317330009,덕산테코피아,KOSDAQ,중견기업부,9700,2,-440,-4.34,9980,10260,9500,45799,447061920,198622864800,20476584,KSQ
372,042370,KR7042370007,비츠로테크,KOSDAQ,우량기업부,7570,2,-390,-4.9,7880,7890,7530,172271,1319735375,198334189250,26200025,KSQ
373,100120,KR7100120005,뷰웍스,KOSDAQ,우량기업부,22100,2,-1300,-5.56,23100,23100,21850,30668,681976550,198268183100,8971411,KSQ
374,092870,KR7092870005,엑시콘,KOSDAQ,우량기업부,15140,2,-1330,-8.08,15810,16380,14800,225833,3464359000,197589066580,13050797,KSQ
375,241520,KR7241520006,DSC인베스트먼트,KOSDAQ,중견기업부,7420,2,-350,-4.5,7450,7770,7310,121576,910800550,197372000000,26600000,KSQ
376,425040,KR7425040003,티이엠씨,KOSDAQ,우량기업부,8990,2,-540,-5.67,9190,9450,8900,116392,1057743445,197086853020,21922898,KSQ
377,200470,KR7200470003,에이팩트,KOSDAQ,중견기업부,4640,2,-450,-8.84,4920,5200,4585,376778,1808872032,196560111520,42362093,KSQ
378,203650,KR7203650007,드림시큐리티,KOSDAQ,중견기업부,1928,2,-137,-6.63,2020,2040,1922,902600,1774147263,196086245152,101704484,KSQ
379,389500,KR7389500000,에스비비테크,KOSDAQ,기술성장기업부,29350,2,-1950,-6.23,31050,31050,28850,41912,1242509650,195572903200,6663472,KSQ
380,034810,KR7034810002,해성산업,KOSDAQ,중견기업부,6160,2,-220,-3.45,6380,6390,6110,24449,152568390,194533736320,31580152,KSQ
381,298830,KR7298830001,슈어소프트테크,KOSDAQ,우량기업부,3620,2,-175,-4.61,3770,3795,3595,263261,963724107,193519766380,53458499,KSQ
382,024060,KR7024060006,흥구석유,KOSDAQ,중견기업부,12880,1,870,7.24,13200,13800,12550,8506932,113142845445,193200000000,15000000,KSQ
383,014940,KR7014940001,오리엔탈정공,KOSDAQ,우량기업부,4235,2,-255,-5.68,4660,4660,4200,236106,1031883235,193004454335,45573661,KSQ
384,013120,KR7013120001,동원개발,KOSDAQ,우량기업부,2125,2,-105,-4.71,2195,2210,2120,312115,672363530,192967212500,90808100,KSQ
385,446540,KR7446540007,메가터치,KOSDAQ,중견기업부,6630,2,-210,-3.07,6800,7140,6490,134028,890569750,192794505930,29079111,KSQ
386,357550,KR7357550003,석경에이티,KOSDAQ,기술성장기업부,35200,2,-1800,-4.86,35800,36450,34700,5345,188602050,192016000000,5455000,KSQ
387,112290,KR7112290002,와이씨켐,KOSDAQ,기술성장기업부,9450,2,-540,-5.41,9930,9990,9350,68226,654788875,191089300500,20221090,KSQ
388,452280,KR7452280001,한선엔지니어링,KOSDAQ,우량기업부,9870,2,-430,-4.17,10400,10400,9670,52150,514397950,189974502900,19247670,KSQ
389,019010,KR7019010008,베뉴지,KOSDAQ,중견기업부,3930,2,-220,-5.3,4130,4130,3875,69724,277091480,189426000000,48200000,KSQ
390,099440,KR7099440000,스맥,KOSDAQ,중견기업부,2750,1,145,5.57,2550,2925,2500,1214277,3334860990,187669333500,68243394,KSQ
391,036190,KR7036190007,금화피에스시,KOSDAQ,우량기업부,31250,2,-850,-2.65,32050,32050,31200,3889,122390900,187500000000,6000000,KSQ
392,016790,KR7016790008,현대사료,KOSDAQ,관리종목(소속부없음),994,0,0,0.0,0,0,0,0,0,187340898626,188471729,KSQ
393,365270,KR7365270008,큐라클,KOSDAQ,기술성장기업부,8340,2,-510,-5.76,8930,8930,8320,76055,648033310,184789313280,22156992,KSQ
394,084850,KR7084850007,아이티엠반도체,KOSDAQ,중견기업부,8060,2,-410,-4.84,7950,8300,7330,41733,330259110,182824448040,22682934,KSQ
395,194480,KR7194480000,데브시스터즈,KOSDAQ,중견기업부,15040,2,-690,-4.39,15870,15870,14980,49237,750691070,182422416000,12129150,KSQ
396,098120,KR7098120009,마이크로컨텍솔,KOSDAQ,우량기업부,21850,2,-1300,-5.62,22000,23400,21450,43021,948689150,181633937100,8312766,KSQ
397,091580,KR7091580001,상신이디피,KOSDAQ,우량기업부,13600,2,-1140,-7.73,14500,14530,13500,58717,815876895,181263778400,13328219,KSQ
398,094480,KR7094480001,갤럭시아머니트리,KOSDAQ,우량기업부,4620,2,-270,-5.52,4785,4795,4610,80693,376951380,181241851560,39229838,KSQ
399,036560,KR7036560001,KZ정밀,KOSDAQ,우량기업부,11490,2,-190,-1.63,11790,12050,11450,2695,31113800,180967500000,15750000,KSQ
400,237880,KR7237880000,클리오,KOSDAQ,우량기업부,10000,2,-740,-6.89,10670,10670,9800,62151,632520365,180713530000,18071353,KSQ
401,484120,KR7484120001,도우인시스,KOSDAQ,중견기업부,16480,2,-990,-5.67,17200,17420,16410,20414,343055830,180578314560,10957422,KSQ
402,042420,KR7042420000,네오위즈홀딩스,KOSDAQ,우량기업부,22150,2,-500,-2.21,22650,22650,21850,6448,143122800,180351568450,8142283,KSQ
403,190510,KR7190510008,나무가,KOSDAQ,우량기업부,12750,2,-290,-2.22,12850,12980,12610,48870,622931285,179587791750,14085317,KSQ
404,046970,KR7046970000,우리로,KOSDAQ,벤처기업부,4080,2,-360,-8.11,4300,4350,4030,421625,1751950856,178805995920,43824999,KSQ
405,900290,HK0000307485,GRT,KOSDAQ,외국기업(소속부없음),2185,2,-155,-6.62,2280,2340,2170,396008,879840528,178733000000,81800000,KSQ
406,024840,KR7024840001,KBI메탈,KOSDAQ,중견기업부,4130,2,-460,-10.02,4340,4500,4115,1115232,4757904647,178250337440,43159888,KSQ
407,192440,KR7192440006,슈피겐코리아,KOSDAQ,우량기업부,28600,2,-750,-2.56,29400,29450,28600,9149,265806500,177787981800,6216363,KSQ
408,377450,KR7377450002,리파인,KOSDAQ,우량기업부,10170,2,-300,-2.87,10390,10600,10050,40464,416089155,176246100000,17330000,KSQ
409,0015G0,KR70015G0009,그린광학,KOSDAQ,기술성장기업부,15020,2,-1050,-6.53,16060,16380,14800,53943,826828645,175772165820,11702541,KSQ
410,126600,KR7126600006,BGF에코머티리얼즈,KOSDAQ,우량기업부,2790,2,-80,-2.79,2815,2865,2785,41980,118137735,175119648210,62766899,KSQ
411,475040,KR7475040002,스트라드비젼,KOSDAQ,기술성장기업부,3270,2,-25,-0.76,3200,3600,3155,1588546,5381234194,174144301260,53255138,KSQ
412,394800,KR7394800007,쓰리빌리언,KOSDAQ,기술성장기업부,5460,2,-440,-7.46,5670,5770,5460,95889,533566870,173751139380,31822553,KSQ
413,045390,KR7045390002,대아티아이,KOSDAQ,우량기업부,2460,2,-95,-3.72,2530,2555,2450,324788,808610658,173364507420,70473377,KSQ
414,066620,KR7066620006,국보디자인,KOSDAQ,우량기업부,23100,2,-800,-3.35,24400,25400,23050,39128,959620075,173250000000,7500000,KSQ
415,294570,KR7294570007,쿠콘,KOSDAQ,우량기업부,17150,2,-610,-3.43,17610,17610,17050,7763,133428350,173073203800,10091732,KSQ
416,143240,KR7143240000,사람인,KOSDAQ,우량기업부,16100,3,0,0.0,16350,16350,15900,7699,124091680,172796969100,10732731,KSQ
417,036710,KR7036710002,심텍홀딩스,KOSDAQ,중견기업부,3270,2,-425,-11.5,3505,3695,3220,309469,1046921959,172746755580,52827754,KSQ
418,067080,KR7067080002,대화제약,KOSDAQ,중견기업부,9240,2,-750,-7.51,10090,10090,9150,114858,1100632190,172017846000,18616650,KSQ
419,220100,KR7220100002,퓨쳐켐,KOSDAQ,기술성장기업부,7650,2,-630,-7.61,7990,8130,7520,50560,393667925,171569763000,22427420,KSQ
420,065660,KR7065660003,안트로젠,KOSDAQ,기술성장기업부,17100,2,-1210,-6.61,18480,18690,17010,21264,376412155,171104310000,10006100,KSQ
421,068790,KR7068790005,DMS,KOSDAQ,우량기업부,7580,1,390,5.42,7220,7670,7020,306193,2254587120,171082297920,22570224,KSQ
422,214180,KR7214180002,헥토이노베이션,KOSDAQ,우량기업부,13140,2,-410,-3.03,13450,13550,13130,34618,459666680,170732842380,12993367,KSQ
423,187870,KR7187870001,디바이스,KOSDAQ,우량기업부,12250,2,-1100,-8.24,13140,13520,12070,69021,860303440,168683235000,13770060,KSQ
424,092130,KR7092130004,이크레더블,KOSDAQ,중견기업부,13980,2,-190,-1.34,14350,14360,13980,4021,56682590,168369528000,12043600,KSQ
425,475400,KR7475400008,씨메스로보틱스,KOSDAQ,기술성장기업부,14260,2,-1150,-7.46,15050,15050,14120,20182,290187940,168366308440,11806894,KSQ
426,108860,KR7108860008,셀바스AI,KOSDAQ,벤처기업부,6240,2,-240,-3.7,6420,6420,6150,63139,395551725,167948289600,26914790,KSQ
427,054210,KR7054210000,이랜텍,KOSDAQ,우량기업부,6630,2,-460,-6.49,6990,7100,6600,87753,592439160,167680722300,25291210,KSQ
428,078150,KR7078150000,HB테크놀러지,KOSDAQ,우량기업부,1804,2,-87,-4.6,1843,1872,1790,623598,1131665600,167259512464,92715916,KSQ
429,245620,KR7245620000,EDGC,KOSDAQ,관리종목(소속부없음),741,0,0,0.0,0,0,0,0,0,167118555474,225531114,KSQ
430,049430,KR7049430002,코메론,KOSDAQ,우량기업부,18290,2,-750,-3.94,18100,18820,18000,8283,152442420,165487920000,9048000,KSQ
431,354320,KR7354320004,알멕,KOSDAQ,기술성장기업부,25850,2,-2400,-8.5,26900,28050,25750,48258,1285989100,165217198850,6391381,KSQ
432,053300,KR7053300000,한국정보인증,KOSDAQ,우량기업부,4070,2,-150,-3.55,4185,4225,4050,49636,204652291,165205760720,40591096,KSQ
433,143160,KR7143160000,아이디스,KOSDAQ,우량기업부,15410,1,30,0.2,15460,15540,15210,10458,161186920,165139569900,10716390,KSQ
434,039840,KR7039840004,디오,KOSDAQ,중견기업부,12300,2,-320,-2.54,12520,12620,12250,5173,63910645,165014684400,13415828,KSQ
435,119610,KR7119610004,인터로조,KOSDAQ,우량기업부,14320,2,-700,-4.66,14970,14970,14250,34698,505029675,163444857040,11413747,KSQ
436,222040,KR7222040008,코스맥스엔비티,KOSDAQ,중견기업부,7920,1,90,1.15,7790,7980,7400,171587,1336827770,163373760000,20628000,KSQ
437,138610,KR7138610001,나이벡,KOSDAQ,기술성장기업부,14370,2,-520,-3.49,14430,14890,13720,13894,200293790,163355185410,11367793,KSQ
438,058970,KR7058970005,엠로,KOSDAQ,기술성장기업부,13210,2,-940,-6.64,14150,14200,13200,32062,432136130,163312508740,12362794,KSQ
439,041920,KR7041920000,메디아나,KOSDAQ,우량기업부,8780,2,-970,-9.95,9370,9550,8670,72565,644758735,163292397940,18598223,KSQ
440,125020,KR7125020008,티씨머티리얼즈,KOSDAQ,중견기업부,4645,2,-130,-2.72,4700,4865,4535,151172,705978147,162754064750,35038550,KSQ
441,036170,KR7036170009,에이치엠넥스,KOSDAQ,중견기업부,2650,2,-145,-5.19,2765,2765,2600,208799,557653119,162618908900,61365626,KSQ
442,038390,KR7038390001,레드캡투어,KOSDAQ,우량기업부,9720,2,-160,-1.62,9800,9900,9720,14450,141573410,162526389840,16720822,KSQ
443,216080,KR7216080002,제테마,KOSDAQ,벤처기업부,4315,2,-135,-3.03,4585,4585,4255,43410,189874645,160893832185,37287099,KSQ
444,204610,KR7204610000,티쓰리,KOSDAQ,벤처기업부,2880,2,-95,-3.19,2955,2960,2870,157002,455704205,159901113600,55521220,KSQ
445,122990,KR7122990005,와이솔,KOSDAQ,중견기업부,6000,2,-240,-3.85,6220,6260,5970,37181,225210855,159834486000,26639081,KSQ
446,176750,KR7176750008,듀켐바이오,KOSDAQ,기술성장기업부,5610,2,-410,-6.81,6010,6010,5600,15638,88749350,159821719200,28488720,KSQ
447,066410,KR7066410002,버킷스튜디오,KOSDAQ,투자주의환기종목(소속부없음),1153,0,0,0.0,0,0,0,0,0,159637252154,138453818,KSQ
448,243840,KR7243840006,신흥에스이씨,KOSDAQ,우량기업부,4130,2,-200,-4.62,4255,4255,4090,87244,362855671,159245510550,38558235,KSQ
449,046070,KR7046070009,코다코,KOSDAQ,관리종목(소속부없음),10280,0,0,0.0,0,0,0,0,0,159196994920,15486089,KSQ
450,256840,KR7256840000,한국비엔씨,KOSDAQ,우량기업부,2320,2,-95,-3.93,2375,2410,2300,150181,349687884,158676135520,68394886,KSQ
451,416180,KR7416180008,신성에스티,KOSDAQ,벤처기업부,17510,2,-1230,-6.56,18000,18540,17400,16043,284341900,158286512780,9039778,KSQ
452,012860,KR7012860003,모베이스전자,KOSDAQ,우량기업부,2150,2,-80,-3.59,2125,2240,2125,369737,800357111,157451932550,73233457,KSQ
453,308430,KR7308430008,셀비온,KOSDAQ,기술성장기업부,12200,2,-1010,-7.65,13500,13710,12180,14455,180719195,157444062200,12905251,KSQ
454,108380,KR7108380007,대양전기공업,KOSDAQ,우량기업부,16310,2,-680,-4.0,17110,17110,16220,41943,690396350,156043201230,9567333,KSQ
455,322310,KR7322310004,오로스테크놀로지,KOSDAQ,벤처기업부,16550,2,-1500,-8.31,17100,17940,16350,74792,1260620375,155016270100,9366542,KSQ
456,314130,KR7314130006,지놈앤컴퍼니,KOSDAQ,기술성장기업부,3430,2,-195,-5.38,3510,3600,3390,132849,459838075,154961064790,45178153,KSQ
457,093190,KR7093190007,빅솔론,KOSDAQ,우량기업부,8050,3,0,0.0,8050,8050,7870,5480,43593530,154873185250,19238905,KSQ
458,094820,KR7094820008,일진파워,KOSDAQ,우량기업부,10270,2,-750,-6.81,10550,10840,10250,71375,745910695,154858341430,15078709,KSQ
459,123860,KR7123860009,아나패스,KOSDAQ,우량기업부,12740,2,-620,-4.64,13360,13360,12710,16524,213308240,154452307100,12123415,KSQ
460,064550,KR7064550007,바이오니아,KOSDAQ,중견기업부,5960,2,-240,-3.87,6200,6470,5960,48850,296307900,153829334360,25810291,KSQ
461,251370,KR7251370003,와이엠티,KOSDAQ,벤처기업부,8530,2,-710,-7.68,8900,9100,8430,66495,575930120,153652706890,18013213,KSQ
462,080160,KR7080160005,모두투어,KOSDAQ,우량기업부,8110,2,-180,-2.17,8290,8330,8090,16134,131960360,153279000000,18900000,KSQ
463,255220,KR7255220006,SG,KOSDAQ,중견기업부,1397,2,-38,-2.65,1435,1516,1374,1640824,2343449219,153059932894,109563302,KSQ
464,950140,KR8840110108,잉글우드랩,KOSDAQ,외국기업(소속부없음),7670,2,-370,-4.6,8050,8080,7660,25540,198371665,152386532220,19867866,KSQ
465,048550,KR7048550008,SM C&C,KOSDAQ,중견기업부,1575,2,-30,-1.87,1604,1604,1498,471973,725823083,152325526500,96714620,KSQ
466,023910,KR7023910003,대한약품,KOSDAQ,우량기업부,25350,2,-300,-1.17,25800,25800,25200,6081,154311525,152100000000,6000000,KSQ
467,084990,KR7084990001,헬릭스미스,KOSDAQ,기술성장기업부,3295,2,-200,-5.72,3450,3580,3270,186859,626969855,151875766115,46092797,KSQ
468,138360,KR7138360003,앤로보틱스,KOSDAQ,벤처기업부,1676,2,-159,-8.66,1778,1835,1650,372300,640743986,151686775536,90505236,KSQ
469,007330,KR7007330004,푸른저축은행,KOSDAQ,투자주의환기종목(소속부없음),10030,2,-200,-1.96,10230,10230,10010,7502,75494000,151280484000,15082800,KSQ
470,072870,KR7072870009,메가스터디,KOSDAQ,우량기업부,12690,2,-380,-2.91,13070,13070,12690,23445,300719820,151276969710,11920959,KSQ
471,0082N0,KR70082N0008,카나프테라퓨틱스,KOSDAQ,기술성장기업부,11390,2,-980,-7.92,11800,12750,11190,51016,602917415,151089261200,13265080,KSQ
472,079960,KR7079960001,동양이엔피,KOSDAQ,우량기업부,19210,2,-840,-4.19,19800,19950,19110,25754,499174735,150990600000,7860000,KSQ
473,011040,KR7011040003,경동제약,KOSDAQ,중견기업부,4905,2,-85,-1.7,4990,5020,4895,20601,101784455,150920797230,30768766,KSQ
474,024800,KR7024800005,유성티엔에스,KOSDAQ,우량기업부,4070,2,-135,-3.21,4040,4285,3965,41235,166207715,150800874840,37051812,KSQ
475,115450,KR7115450009,HLB테라퓨틱스,KOSDAQ,중견기업부,1696,2,-158,-8.52,1720,1767,1651,480451,816496165,150231864864,88580109,KSQ
476,357880,KR7357880004,SKAI,KOSDAQ,기술성장기업부,2835,1,5,0.18,2890,3070,2605,1247015,3577722511,150085036080,52940048,KSQ
477,032620,KR7032620007,GC메디아이,KOSDAQ,우량기업부,2865,2,-70,-2.39,2935,2950,2780,79422,228644205,149544803235,52197139,KSQ
478,046440,KR7046440004,KG파이낸셜,KOSDAQ,우량기업부,3925,2,-105,-2.61,4040,4040,3915,82581,325825385,149192397850,38010802,KSQ
479,046120,KR7046120002,오르비텍,KOSDAQ,중견기업부,4380,2,-205,-4.47,4365,4565,4310,131856,579421022,148286796540,33855433,KSQ
480,307180,KR7307180000,아이엘,KOSDAQ,벤처기업부,3995,2,-250,-5.89,4100,4225,3970,256091,1040576870,147478125620,36915676,KSQ
481,101970,KR7101970002,우양에이치씨,KOSDAQ,중견기업부,9970,2,-480,-4.59,10310,10310,9820,7384,74161360,147456389730,14790009,KSQ
482,179290,KR7179290002,엠아이텍,KOSDAQ,우량기업부,4550,2,-270,-5.6,4820,4825,4410,115945,528418696,147263834900,32365678,KSQ
483,459510,KR7459510004,나우로보틱스,KOSDAQ,기술성장기업부,11260,2,-890,-7.33,11720,11960,11050,19689,224953260,146136581320,12978382,KSQ
484,001540,KR7001540004,안국약품,KOSDAQ,우량기업부,11200,2,-460,-3.95,11600,11830,11100,106407,1211469350,146075104000,13042420,KSQ
485,082800,KR7082800004,비보존 제약,KOSDAQ,중견기업부,2405,2,-5,-0.21,2390,2450,2330,165551,395273593,146030796730,60719666,KSQ
486,212560,KR7212560007,네오오토,KOSDAQ,우량기업부,10820,2,-1160,-9.68,11980,11980,10570,108535,1201795365,145922285360,13486348,KSQ
487,338840,KR7338840002,와이바이오로직스,KOSDAQ,기술성장기업부,9490,2,-610,-6.04,9900,9900,9300,41474,395750330,145829802690,15366681,KSQ
488,054800,KR7054800008,아이디스홀딩스,KOSDAQ,중견기업부,14090,2,-190,-1.33,14550,14550,13980,2178,30720280,145799882040,10347756,KSQ
489,260970,KR7260970009,에스앤디,KOSDAQ,우량기업부,50400,2,-600,-1.18,50900,51900,49200,15292,769802500,145794801600,2892754,KSQ
490,032580,KR7032580003,피델릭스,KOSDAQ,중견기업부,4400,2,-340,-7.17,4515,4715,4270,673737,2991801143,145781081600,33132064,KSQ
491,086820,KR7086820008,바이오솔루션,KOSDAQ,기술성장기업부,5620,2,-280,-4.75,5900,6000,5520,46250,261800540,145693357700,25924085,KSQ
492,051370,KR7051370005,인터플렉스,KOSDAQ,우량기업부,6240,2,-460,-6.87,6620,6690,6210,91493,580957990,145563425280,23327472,KSQ
493,086670,KR7086670007,비엠티,KOSDAQ,우량기업부,14590,2,-670,-4.39,15260,15690,14550,14739,218663970,144818662150,9925885,KSQ
494,083310,KR7083310003,엘오티베큠,KOSDAQ,우량기업부,8130,2,-730,-8.24,8420,8860,8030,63092,521487500,144795568290,17810033,KSQ
495,060150,KR7060150000,인선이엔티,KOSDAQ,중견기업부,3170,1,5,0.16,3100,3255,3095,60212,191443064,144436650040,45563612,KSQ
496,199820,KR7199820002,제일일렉트릭,KOSDAQ,우량기업부,6480,2,-380,-5.54,6700,6860,6480,95915,632529945,143985600000,22220000,KSQ
497,123410,KR7123410003,코리아에프티,KOSDAQ,우량기업부,5170,2,-130,-2.45,5260,5310,5090,44247,229408305,143938300880,27841064,KSQ
498,083930,KR7083930008,아바코,KOSDAQ,우량기업부,9770,2,-440,-4.31,10050,10210,9760,47676,470325960,143396722730,14677249,KSQ
499,037070,KR7037070000,파세코,KOSDAQ,중견기업부,7090,2,-940,-11.71,7780,8150,7030,1380385,10288664190,141800000000,20000000,KSQ
500,054450,KR7054450002,텔레칩스,KOSDAQ,중견기업부,9320,2,-700,-6.99,10020,10020,9260,100071,946775140,141144251560,15144233,KSQ
501,048870,KR7048870000,시너지이노베이션,KOSDAQ,중견기업부,1600,2,-66,-3.96,1664,1675,1595,236030,384502795,140971140800,88106963,KSQ
502,005990,KR7005990007,매일홀딩스,KOSDAQ,우량기업부,10600,2,-20,-0.19,10690,10690,10480,391,4115000,140962022400,13298304,KSQ
503,049960,KR7049960008,쎌바이오텍,KOSDAQ,벤처기업부,14990,2,-410,-2.66,15390,15420,14940,9945,149852380,140906000000,9400000,KSQ
504,119830,KR7119830008,아이텍,KOSDAQ,중견기업부,5280,2,-320,-5.71,5600,5730,5260,101033,552017650,140123470080,26538536,KSQ
505,403850,KR7403850001,더핑크퐁컴퍼니,KOSDAQ,중견기업부,9730,2,-390,-3.85,9900,10030,9640,32900,321670510,139635327300,14351010,KSQ
506,234690,KR7234690006,녹십자웰빙,KOSDAQ,우량기업부,7770,2,-320,-3.96,8090,8090,7700,37346,292088090,139574763300,17963290,KSQ
507,040350,KR7040350001,크레오에스지,KOSDAQ,벤처기업부,7130,2,-670,-8.59,7800,7860,6170,129749,894412590,139181393160,19520532,KSQ
508,049720,KR7049720006,고려신용정보,KOSDAQ,우량기업부,9700,2,-60,-0.61,9780,9820,9550,32336,314346280,138710000000,14300000,KSQ
509,464080,KR7464080001,에스오에스랩,KOSDAQ,기술성장기업부,7600,2,-270,-3.43,7870,7880,7450,83345,633950810,136397542000,17947045,KSQ
510,334970,KR7334970001,프레스티지바이오로직스,KOSDAQ,기술성장기업부,1748,2,-97,-5.26,1874,1874,1687,43165,76141004,135911609476,77752637,KSQ
511,092070,KR7092070002,디엔에프,KOSDAQ,중견기업부,11740,2,-720,-5.78,12460,12780,11570,19385,228666645,135853612920,11571858,KSQ
512,069510,KR7069510006,에스텍,KOSDAQ,우량기업부,12390,2,-360,-2.82,12730,12730,12220,2638,32783085,135174900000,10910000,KSQ
513,078070,KR7078070000,유비쿼스홀딩스,KOSDAQ,중견기업부,7920,2,-320,-3.88,8380,8380,7900,27802,222462240,135106036560,17058843,KSQ
514,382900,KR7382900009,범한퓨얼셀,KOSDAQ,벤처기업부,15360,2,-760,-4.71,16730,16780,15060,87856,1372525185,134568960000,8761000,KSQ
515,067280,KR7067280008,멀티캠퍼스,KOSDAQ,우량기업부,22700,2,-300,-1.3,23000,23150,22500,1169,26700575,134537883300,5926779,KSQ
516,090850,KR7090850009,현대이지웰,KOSDAQ,우량기업부,5980,2,-170,-2.76,6150,6150,5980,23695,143803125,134417859940,22477903,KSQ
517,012210,KR7012210001,삼미금속,KOSDAQ,중견기업부,5820,2,-430,-6.88,6100,6250,5800,33824,200900645,134160189780,23051579,KSQ
518,104480,KR7104480009,티케이케미칼,KOSDAQ,중견기업부,1468,2,-56,-3.67,1523,1523,1459,215741,319179655,133434497112,90895434,KSQ
519,264450,KR7264450008,유비쿼스,KOSDAQ,우량기업부,9090,2,-470,-4.92,9220,9470,9090,26200,242223400,133309331370,14665493,KSQ
520,310200,KR7310200001,애니플러스,KOSDAQ,중견기업부,2555,2,-175,-6.41,2730,2800,2540,284168,747128282,133276045980,52162836,KSQ
521,095190,KR7095190005,신화프리텍,KOSDAQ,중견기업부,2035,1,155,8.24,1879,2205,1811,304530,617553797,132805040170,65260462,KSQ
522,355150,KR7355150004,코스텍시스,KOSDAQ,벤처기업부,17000,2,-1380,-7.51,17690,19420,16550,34380,589934590,132554950000,7797350,KSQ
523,114840,KR7114840002,아이패밀리에스씨,KOSDAQ,우량기업부,7920,2,-660,-7.69,8490,8490,7830,36441,292908225,132116569200,16681385,KSQ
524,049630,KR7049630007,재영솔루텍,KOSDAQ,우량기업부,5650,2,-290,-4.88,5700,5900,5500,111608,634880425,132094242800,23379512,KSQ
525,269620,KR7269620001,시스웍,KOSDAQ,관리종목(소속부없음),889,0,0,0.0,0,0,0,0,0,132090012299,148582691,KSQ
526,322510,KR7322510009,제이엘케이,KOSDAQ,기술성장기업부,5120,1,160,3.23,4860,5300,4845,157462,799858330,131716567040,25725892,KSQ
527,126700,KR7126700004,하이비젼시스템,KOSDAQ,우량기업부,8800,2,-360,-3.93,9150,9150,8740,128863,1143810670,131490585600,14942112,KSQ
528,039860,KR7039860002,나노엔텍,KOSDAQ,중견기업부,3430,2,-125,-3.52,3555,3595,3380,131120,449844247,130659171790,38093053,KSQ
529,389020,KR7389020009,자람테크놀로지,KOSDAQ,기술성장기업부,18890,2,-1860,-8.96,19770,20000,18870,23158,446643705,130436998980,6905082,KSQ
530,146320,KR7146320007,비씨엔씨,KOSDAQ,벤처기업부,10190,2,-670,-6.17,10600,10600,10140,18267,188829560,130410835370,12797923,KSQ
531,304100,KR7304100001,솔트룩스,KOSDAQ,기술성장기업부,10340,2,-620,-5.66,10670,10940,10280,27562,287906280,130220460700,12593855,KSQ
532,041020,KR7041020009,폴라리스오피스,KOSDAQ,벤처기업부,2620,2,-100,-3.68,2695,2760,2600,166221,443055265,130171537660,49683793,KSQ
533,003100,KR7003100005,선광,KOSDAQ,우량기업부,19630,2,-40,-0.2,19600,20200,19410,27804,553495440,129558000000,6600000,KSQ
534,023600,KR7023600000,삼보판지,KOSDAQ,우량기업부,8090,2,-160,-1.94,8250,8340,8010,5829,47241340,129507147000,16008300,KSQ
535,462860,KR7462860008,더즌,KOSDAQ,벤처기업부,1796,2,-94,-4.97,1885,1885,1792,78147,141957255,128874715308,71756523,KSQ
536,402030,KR7402030001,코난테크놀로지,KOSDAQ,기술성장기업부,10260,2,-230,-2.19,10600,10610,10040,4508,46519860,128429426880,12517488,KSQ
537,445180,KR7445180003,퓨릿,KOSDAQ,우량기업부,7450,2,-260,-3.37,7680,7680,7390,19095,143076650,128059450600,17189188,KSQ
538,242040,KR7242040004,나무기술,KOSDAQ,기술성장기업부,3695,2,-260,-6.57,3940,3945,3605,379291,1417146285,127870145480,34606264,KSQ
539,382800,KR7382800001,지앤비에스 에코,KOSDAQ,우량기업부,4015,2,-170,-4.06,4070,4225,3965,178555,722340130,127801629615,31831041,KSQ
540,371950,KR7371950007,풍원정밀,KOSDAQ,기술성장기업부,5630,2,-170,-2.93,5980,5980,5605,5768,32746845,127590145240,22662548,KSQ
541,457550,KR7457550002,우진엔텍,KOSDAQ,중견기업부,13690,2,-820,-5.65,14500,14500,13610,21267,294376680,127576535020,9318958,KSQ
542,035610,KR7035610005,솔본,KOSDAQ,투자주의환기종목(소속부없음),4650,2,-145,-3.02,4775,4775,4450,90079,418162902,127158886050,27345997,KSQ
543,418550,KR7418550000,제이오,KOSDAQ,기술성장기업부,3970,2,-160,-3.87,4120,4195,3960,75528,304156455,127110161810,32017673,KSQ
544,205500,KR7205500002,넥써쓰,KOSDAQ,중견기업부,1557,2,-102,-6.15,1604,1621,1523,242332,378644013,126716515065,81385045,KSQ
545,088800,KR7088800008,에이스테크,KOSDAQ,중견기업부,1676,2,-106,-5.95,1782,1782,1640,98696,165779517,126548783384,75506434,KSQ
546,094840,KR7094840006,슈프리마에이치큐,KOSDAQ,벤처기업부,12840,2,-350,-2.65,13000,13300,11780,41458,532525320,125910439560,9806109,KSQ
547,086890,KR7086890001,이수앱지스,KOSDAQ,중견기업부,3085,2,-90,-2.83,3175,3175,3065,53548,166529499,125790696070,40774942,KSQ
548,036690,KR7036690006,코맥스,KOSDAQ,관리종목(소속부없음),2885,0,0,0.0,0,0,0,0,0,125692107675,43567455,KSQ
549,086980,KR7086980000,쇼박스,KOSDAQ,중견기업부,2000,2,-90,-4.31,2090,2090,1996,67334,136099181,124876000000,62438000,KSQ
550,274090,KR7274090000,켄코아에어로스페이스,KOSDAQ,기술성장기업부,9020,2,-670,-6.91,9590,9590,8950,112307,1027213750,124243347140,13774207,KSQ
551,405100,KR7405100009,큐알티,KOSDAQ,중견기업부,10100,2,-600,-5.61,10400,10930,9980,42307,428753430,124121940100,12289301,KSQ
552,118990,KR7118990001,모트렉스,KOSDAQ,우량기업부,5050,2,-260,-4.9,5300,5300,5020,48813,249232635,123913723550,24537371,KSQ
553,394420,KR7394420004,리센스메디컬,KOSDAQ,기술성장기업부,11320,2,-760,-6.29,11960,11960,10550,249114,2753950935,123783498160,10934938,KSQ
554,005160,KR7005160007,동국산업,KOSDAQ,중견기업부,2280,2,-100,-4.2,2385,2385,2275,50895,116993795,123677418960,54244482,KSQ
555,136540,KR7136540002,윈스테크넷,KOSDAQ,우량기업부,10070,2,-240,-2.33,10310,10310,10040,8333,84489870,123657042220,12279746,KSQ
556,270660,KR7270660004,에브리봇,KOSDAQ,벤처기업부,9740,2,-550,-5.34,9960,10170,9640,37080,365459640,123606278420,12690583,KSQ
557,126640,KR7126640002,화신정공,KOSDAQ,우량기업부,3515,2,-785,-18.26,4035,4085,3450,1872462,6903740286,123221523650,35055910,KSQ
558,066590,KR7066590001,스모트로닉,KOSDAQ,중견기업부,3185,1,660,26.14,2475,3280,2435,6178737,19260986520,123189229345,38677937,KSQ
559,413630,KR7413630005,씨피시스템,KOSDAQ,벤처기업부,3380,1,20,0.6,3300,3915,3070,9317663,33113804313,123155724900,36436605,KSQ
560,147830,KR7147830004,제룡산업,KOSDAQ,벤처기업부,6140,2,-170,-2.69,6120,6380,6070,114599,707189950,122800000000,20000000,KSQ
561,0088M0,KR70088M0003,메쥬,KOSDAQ,기술성장기업부,12420,2,-580,-4.46,13000,13000,12110,31488,389506980,122731335000,9881750,KSQ
562,037350,KR7037350006,성도이엔지,KOSDAQ,우량기업부,8000,2,-400,-4.76,8340,8550,7860,163896,1327099260,121680000000,15210000,KSQ
563,484810,KR7484810007,티엑스알로보틱스,KOSDAQ,벤처기업부,7870,2,-390,-4.72,8300,8300,7790,13069,103510080,121598701050,15450915,KSQ
564,408920,KR7408920007,메쎄이상,KOSDAQ,우량기업부,2810,2,-90,-3.1,2900,2900,2795,25642,72501114,121483198550,43232455,KSQ
565,038290,KR7038290003,마크로젠,KOSDAQ,중견기업부,11140,2,-590,-5.03,11700,11790,11120,15853,178919110,120773196000,10841400,KSQ
566,109740,KR7109740001,디에스케이,KOSDAQ,벤처기업부,4690,2,-105,-2.19,4800,4850,4540,22740,106997900,120581729100,25710390,KSQ
567,339950,KR7339950008,아이비김영,KOSDAQ,우량기업부,2680,2,-55,-2.01,2735,2770,2630,60643,162549310,120457035400,44946655,KSQ
568,361390,KR7361390008,제노코,KOSDAQ,벤처기업부,12290,2,-790,-6.04,13080,13080,12290,34937,438020030,119660122490,9736381,KSQ
569,950190,KR8344390008,고스트스튜디오,KOSDAQ,외국기업(소속부없음),9190,2,-190,-2.03,9370,9480,9190,41268,384911910,119626772210,13017059,KSQ
570,102120,KR7102120003,어보브반도체,KOSDAQ,벤처기업부,6720,2,-450,-6.28,6990,7050,6660,98601,672866710,119486660160,17780753,KSQ
571,458650,KR7458650009,성우,KOSDAQ,벤처기업부,7890,2,-300,-3.66,8340,8340,7840,8027,63446510,118710336300,15045670,KSQ
572,388050,KR7388050007,지투파워,KOSDAQ,우량기업부,6340,2,-370,-5.51,6670,6670,6290,88858,569399065,118617830580,18709437,KSQ
573,451760,KR7451760003,컨텍,KOSDAQ,기술성장기업부,7180,2,-550,-7.12,7730,7740,7160,53793,395340915,118525817320,16507774,KSQ
574,058820,KR7058820002,CMG제약,KOSDAQ,중견기업부,798,2,-41,-4.89,823,851,790,500911,403217989,118202597688,148123556,KSQ
575,027710,KR7027710003,팜스토리,KOSDAQ,우량기업부,1060,1,5,0.47,1055,1209,1046,7926700,8959993169,118101596000,111416600,KSQ
576,0007C0,KR70007C0003,아크릴,KOSDAQ,기술성장기업부,14690,2,-510,-3.36,15070,15180,14210,41961,617857645,117965459560,8030324,KSQ
577,149950,KR7149950008,아바텍,KOSDAQ,우량기업부,8630,2,-350,-3.9,8630,9080,8540,56944,494610340,117952276890,13667703,KSQ
578,256940,KR7256940008,킵스파마,KOSDAQ,벤처기업부,5860,2,-200,-3.3,6000,6290,5810,44602,269810520,117657941420,20078147,KSQ
579,372170,KR7372170001,윤성에프앤씨,KOSDAQ,우량기업부,14690,2,-1030,-6.55,15570,15570,14680,16377,245676515,117212215120,7979048,KSQ
580,489500,KR7489500009,엘케이켐,KOSDAQ,벤처기업부,18240,2,-910,-4.75,19000,19150,18080,10675,196637620,116576181120,6391238,KSQ
581,388790,KR7388790008,라이콤,KOSDAQ,벤처기업부,3800,2,-255,-6.29,4025,4025,3760,311131,1200895254,116333808000,30614160,KSQ
582,264660,KR7264660002,씨앤지하이테크,KOSDAQ,우량기업부,11950,2,-570,-4.55,12110,12600,11900,24921,299800150,116168005400,9721172,KSQ
583,101360,KR7101360006,에코앤드림,KOSDAQ,벤처기업부,6530,2,-390,-5.64,6800,6930,6410,52526,346221435,116143324420,17786114,KSQ
584,041590,KR7041590001,플래스크,KOSDAQ,관리종목(소속부없음),2370,0,0,0.0,0,0,0,0,0,116064014460,48972158,KSQ
585,478340,KR7478340003,나라스페이스테크놀로지,KOSDAQ,기술성장기업부,10030,2,-570,-5.38,10500,10690,9830,42057,427404155,116048433990,11570133,KSQ
586,293580,KR7293580007,나우IB,KOSDAQ,중견기업부,1222,2,-69,-5.34,1278,1282,1212,138163,171313158,116004398900,94929950,KSQ
587,297890,KR7297890006,HB솔루션,KOSDAQ,우량기업부,1586,2,-79,-4.74,1665,1665,1582,301106,483636673,116001489604,73140914,KSQ
588,240550,KR7240550004,동방메디컬,KOSDAQ,중견기업부,5530,2,-390,-6.59,6010,6040,5460,119272,665700260,115764688200,20933940,KSQ
589,474650,KR7474650009,링크솔루션,KOSDAQ,기술성장기업부,20050,2,-1900,-8.66,21200,21450,19920,38274,778709750,115328241600,5752032,KSQ
590,300080,KR7300080009,플리토,KOSDAQ,기술성장기업부,6980,2,-200,-2.79,7020,7150,6910,35575,249061450,115208047980,16505451,KSQ
591,293780,KR7293780003,압타바이오,KOSDAQ,기술성장기업부,4100,2,-145,-3.42,4245,4245,4050,27315,112672202,115182960500,28093405,KSQ
592,226590,KR7226590008,엠디바이스,KOSDAQ,기술성장기업부,10730,2,-860,-7.42,11280,11310,10350,45377,486076840,114991092320,10716784,KSQ
593,122450,KR7122450000,KX,KOSDAQ,중견기업부,2555,2,-75,-2.85,2610,2635,2530,63338,162343210,114514675870,44819834,KSQ
594,013990,KR7013990007,아가방컴퍼니,KOSDAQ,우량기업부,3480,2,-120,-3.33,3555,3595,3400,53340,187056560,114448625280,32887536,KSQ
595,285490,KR7285490009,노바텍,KOSDAQ,벤처기업부,10800,2,-390,-3.49,11000,11090,10720,29920,323999690,114218974800,10575831,KSQ
596,089600,KR7089600001,KT나스미디어,KOSDAQ,우량기업부,9840,2,-170,-1.7,10110,10110,9800,5690,56391445,113830723920,11568163,KSQ
597,067990,KR7067990002,도이치모터스,KOSDAQ,우량기업부,3895,2,-45,-1.14,3940,3955,3875,48942,191299817,113662137250,29181550,KSQ
598,340450,KR7340450006,지씨지놈,KOSDAQ,기술성장기업부,4790,1,60,1.27,4695,5290,4605,309860,1558197203,113287298470,23650793,KSQ
599,331920,KR7331920009,셀레믹스,KOSDAQ,기술성장기업부,10090,2,-260,-2.51,10390,11370,9900,25877,275581470,112821889950,11181555,KSQ
600,067290,KR7067290007,JW신약,KOSDAQ,중견기업부,2010,1,40,2.03,1964,2315,1800,36963029,78829055201,112634577030,56037103,KSQ
601,453450,KR7453450009,그리드위즈,KOSDAQ,중견기업부,14160,2,-1760,-11.06,15620,15790,14080,86801,1293423050,112469340000,7942750,KSQ
602,321550,KR7321550006,티움바이오,KOSDAQ,기술성장기업부,3740,2,-190,-4.83,3930,4130,3700,136588,526080177,112343896500,30038475,KSQ
603,259630,KR7259630002,엠플러스,KOSDAQ,우량기업부,9190,2,-210,-2.23,9400,9440,8940,65978,602261410,112323819240,12222396,KSQ
604,402490,KR7402490007,그린리소스,KOSDAQ,기술성장기업부,6630,2,-490,-6.88,6800,7110,6570,127090,858709540,112280488710,16935217,KSQ
605,049520,KR7049520000,유아이엘,KOSDAQ,우량기업부,3625,2,-50,-1.36,3640,3715,3610,46296,168961049,111804515625,30842625,KSQ
606,307750,KR7307750000,국전,KOSDAQ,중견기업부,2070,2,-75,-3.5,2145,2145,2045,72652,151178155,111751616160,53986288,KSQ
607,211270,KR7211270004,AP위성,KOSDAQ,우량기업부,7390,2,-480,-6.1,7800,7830,7320,75277,563880560,111458226560,15082304,KSQ
608,473980,KR7473980001,노머스,KOSDAQ,기술성장기업부,10040,2,-1490,-12.92,11440,11440,10000,42002,437055785,111035592880,11059322,KSQ
609,126730,KR7126730001,코칩,KOSDAQ,벤처기업부,12620,2,-930,-6.86,13500,13560,12500,37432,481036665,110678990120,8770126,KSQ
610,054050,KR7054050000,NH농우바이오,KOSDAQ,우량기업부,6890,2,-70,-1.01,6960,6980,6840,27439,189320340,110450565290,16030561,KSQ
611,264850,KR7264850009,이랜시스,KOSDAQ,중견기업부,3645,2,-235,-6.06,3880,3880,3630,77760,289449962,110423860740,30294612,KSQ
612,051160,KR7051160000,지어소프트,KOSDAQ,중견기업부,7130,2,-120,-1.66,7110,7310,7010,11572,82568360,110332685900,15474430,KSQ
613,320000,KR7320000003,한울반도체,KOSDAQ,중견기업부,16310,1,3230,24.69,13700,17000,13090,2764922,44240814515,109846871400,6734940,KSQ
614,051980,KR7051980001,중앙첨단소재,KOSDAQ,중견기업부,988,2,-82,-7.66,1003,1064,975,437716,434212627,109758608492,111091709,KSQ
615,469610,KR7469610000,이노테크,KOSDAQ,중견기업부,12250,2,-850,-6.49,12710,13050,12140,60788,755964990,109550525000,8942900,KSQ
616,0039P0,KR70039P0000,매드업,KOSDAQ,기술성장기업부,5820,1,770,15.25,4745,6100,4650,6278226,35538628161,109459068000,18807400,KSQ
617,049080,KR7049080005,기가레인,KOSDAQ,벤처기업부,12870,1,1580,13.99,11250,14400,11240,5338938,70161377485,109244858580,8488334,KSQ
618,021320,KR7021320007,KCC건설,KOSDAQ,우량기업부,5100,2,-190,-3.59,5280,5310,5030,13920,71468030,109140000000,21400000,KSQ
619,106190,KR7106190002,하이텍팜,KOSDAQ,우량기업부,10250,2,-500,-4.65,10600,10720,10000,35562,362836620,108990023250,10633173,KSQ
620,282880,KR7282880004,코윈테크,KOSDAQ,우량기업부,9320,2,-550,-5.57,9850,9850,9300,28914,273007380,108988844240,11694082,KSQ
621,142210,KR7142210004,유니트론텍,KOSDAQ,우량기업부,5250,2,-220,-4.02,5410,5510,5170,102707,541596790,108944865750,20751403,KSQ
622,038540,KR7038540001,상상인,KOSDAQ,중견기업부,1968,2,-25,-1.25,1998,1998,1950,12287,24150239,108886119984,55328313,KSQ
623,083500,KR7083500009,에프엔에스테크,KOSDAQ,우량기업부,13090,2,-810,-5.83,13670,14050,12960,49316,660827900,108730474930,8306377,KSQ
624,018120,KR7018120006,진로발효,KOSDAQ,우량기업부,16370,2,-170,-1.03,16500,16550,16360,1600,26347980,108387734400,6621120,KSQ
625,080420,KR7080420003,모다이노칩,KOSDAQ,중견기업부,1359,1,12,0.89,1346,1372,1345,3407,4610578,108341684298,79721622,KSQ
626,067900,KR7067900001,와이엔텍,KOSDAQ,우량기업부,5930,2,-110,-1.82,5980,6090,5870,37702,223844540,107923977870,18199659,KSQ
627,267320,KR7267320000,나인테크,KOSDAQ,벤처기업부,1875,2,-85,-4.34,1960,1960,1865,218135,414043824,107653678125,57415295,KSQ
628,432720,KR7432720001,퀄리타스반도체,KOSDAQ,기술성장기업부,7570,2,-560,-6.89,7800,8050,7540,93504,719218855,107399920040,14187572,KSQ
629,041520,KR7041520008,이엘씨,KOSDAQ,투자주의환기종목(소속부없음),8780,2,-70,-0.79,9100,9510,8640,12914,115632240,107017049400,12188730,KSQ
630,053080,KR7053080008,케이엔솔,KOSDAQ,중견기업부,8200,2,-300,-3.53,8500,8750,8120,49420,409397550,106598417400,12999807,KSQ
631,290720,KR7290720002,푸드나무,KOSDAQ,중견기업부,2995,2,-75,-2.44,3070,3190,2770,226126,666082315,106201954245,35459751,KSQ
632,108230,KR7108230004,톱텍,KOSDAQ,우량기업부,2785,2,-70,-2.45,2870,2870,2760,36872,102767355,105894737325,38023245,KSQ
633,056090,KR7056090004,시지메드텍,KOSDAQ,벤처기업부,1025,2,-40,-3.76,1065,1065,1020,542882,560459076,105840511900,103259036,KSQ
634,041440,KR7041440009,현대에버다임,KOSDAQ,우량기업부,5930,2,-260,-4.2,6010,6190,5860,64505,386471835,105801352160,17841712,KSQ
635,059210,KR7059210005,메타바이오메드,KOSDAQ,우량기업부,3890,2,-45,-1.14,3935,3945,3820,93478,364325487,105696921050,27171445,KSQ
636,009780,KR7009780008,엠에스씨,KOSDAQ,우량기업부,6000,2,-40,-0.66,6040,6070,5970,11517,69177270,105600000000,17600000,KSQ
637,308080,KR7308080001,바이젠셀,KOSDAQ,기술성장기업부,5150,2,-360,-6.53,5510,5520,5090,118007,618193865,105571189000,20499260,KSQ
638,063570,KR7063570006,NICE인프라,KOSDAQ,우량기업부,3085,2,-95,-2.99,3200,3200,3060,35882,111467831,105345740880,34147728,KSQ
639,263860,KR7263860009,지니언스,KOSDAQ,벤처기업부,11580,2,-420,-3.5,11880,12000,11550,19096,223357930,105141768000,9079600,KSQ
640,005860,KR7005860002,한일사료,KOSDAQ,우량기업부,2665,1,255,10.58,2480,2925,2385,19187423,52603438506,105010820525,39403685,KSQ
641,205100,KR7205100001,엑셈,KOSDAQ,벤처기업부,1484,2,-110,-6.9,1606,1606,1484,404619,619782117,104898651732,70686423,KSQ
642,095700,KR7095700001,제넥신,KOSDAQ,기술성장기업부,2300,2,-50,-2.13,2345,2410,2275,58954,136707237,104743136200,45540494,KSQ
643,232680,KR7232680009,라온로보틱스,KOSDAQ,기술성장기업부,7900,2,-510,-6.06,8030,8390,7770,60355,480365895,104734250000,13257500,KSQ
644,047310,KR7047310008,파워로직스,KOSDAQ,우량기업부,2860,2,-120,-4.03,2895,2945,2825,132626,381208557,104706759300,36610755,KSQ
645,073010,KR7073010001,케이에스피,KOSDAQ,우량기업부,2605,2,-140,-5.1,2750,2750,2595,82942,220100009,104698206250,40191250,KSQ
646,452450,KR7452450000,피아이이,KOSDAQ,벤처기업부,2905,2,-130,-4.28,2900,3105,2865,114668,338434022,104662792500,36028500,KSQ
647,073560,KR7073560005,우리손에프앤지,KOSDAQ,우량기업부,1510,2,-32,-2.08,1505,1551,1500,36911,56129198,104548840930,69237643,KSQ
648,131030,KR7131030009,옵투스제약,KOSDAQ,우량기업부,5910,1,330,5.91,6610,6860,5770,1256772,7764197885,104291346900,17646590,KSQ
649,140670,KR7140670001,알에스오토메이션,KOSDAQ,중견기업부,8100,2,-560,-6.47,8400,8440,8030,46545,381296220,104002704000,12839840,KSQ
650,039340,KR7039340005,한국경제TV,KOSDAQ,우량기업부,4715,2,-85,-1.77,4765,4800,4695,2551,11999785,103730000000,22000000,KSQ
651,474170,KR7474170008,루미르,KOSDAQ,기술성장기업부,5820,2,-370,-5.98,6100,6160,5770,36294,214692605,103698990720,17817696,KSQ
652,042600,KR7042600007,새로닉스,KOSDAQ,중견기업부,8320,2,-730,-8.07,8920,8920,8300,5584,47857500,103364135680,12423574,KSQ
653,366030,KR7366030005,나인앤컴퍼니,KOSDAQ,중견기업부,4560,2,-490,-9.7,5200,5200,4500,93624,446706657,103301556000,22653850,KSQ
654,035080,KR7035080001,그래디언트,KOSDAQ,중견기업부,9010,2,-380,-4.05,9200,9310,8910,14656,131923505,102995868840,11431284,KSQ
655,093640,KR7093640001,케이알엠,KOSDAQ,벤처기업부,3135,2,-105,-3.24,3280,3355,2980,96816,297747035,102965049660,32843716,KSQ
656,217270,KR7217270008,넵튠,KOSDAQ,중견기업부,2200,2,-85,-3.72,2285,2285,2165,12869,28555820,102818414600,46735643,KSQ
657,289080,KR7289080004,SV인베스트먼트,KOSDAQ,중견기업부,1704,2,-103,-5.7,1750,1800,1689,261717,454820437,102475549032,60138233,KSQ
658,220260,KR7220260004,켐트로스,KOSDAQ,벤처기업부,3180,2,-165,-4.93,3345,3345,3150,68247,218072292,101989134900,32072055,KSQ
659,418420,KR7418420006,라온텍,KOSDAQ,기술성장기업부,3295,2,-260,-7.31,3525,3555,3175,124934,417639390,101402168610,30774558,KSQ
660,120240,KR7120240007,대정화금,KOSDAQ,우량기업부,14090,2,-260,-1.81,14350,14350,14030,13403,189908780,101312609190,7190391,KSQ
661,148150,KR7148150006,세경하이테크,KOSDAQ,우량기업부,2840,2,-120,-4.05,2855,2940,2815,70739,202618320,100941603120,35542818,KSQ
662,006620,KR7006620009,동구바이오제약,KOSDAQ,우량기업부,3540,2,-120,-3.28,3665,3665,3525,67706,240971677,100766071680,28464992,KSQ
663,199430,KR7199430000,케이엔알시스템,KOSDAQ,기술성장기업부,8990,2,-660,-6.84,9020,9420,8910,14933,135094505,100661416570,11197043,KSQ
664,338220,KR7338220007,뷰노,KOSDAQ,기술성장기업부,7180,2,-200,-2.71,7220,7320,7050,27907,199635730,100533089140,14001823,KSQ
665,021080,KR7021080007,에이티넘인베스트,KOSDAQ,우량기업부,2090,2,-50,-2.34,2100,2140,2065,170890,357157256,100320000000,48000000,KSQ
666,047770,KR7047770003,코데즈컴바인,KOSDAQ,중견기업부,2650,2,-185,-6.53,2850,3010,2635,1680540,4809250887,100282895300,37842602,KSQ
667,387690,KR7387690001,레메디,KOSDAQ,기술성장기업부,13130,2,-70,-0.53,12910,14470,12520,2954861,39862240425,100126635830,7625791,KSQ
668,297090,KR7297090003,씨에스베어링,KOSDAQ,투자주의환기종목(소속부없음),3670,2,-90,-2.39,3835,3835,3650,73920,274343330,100080900000,27270000,KSQ
669,052260,KR7052260007,현대바이오랜드,KOSDAQ,우량기업부,3335,2,-120,-3.47,3475,3475,3330,45780,154800935,100050000000,30000000,KSQ
670,115310,KR7115310005,인포바인,KOSDAQ,벤처기업부,6740,2,-60,-0.88,6790,6790,6540,3695,24854100,99964640260,14831549,KSQ
671,053700,KR7053700001,삼보모터스,KOSDAQ,우량기업부,3735,2,-265,-6.63,4000,4190,3700,357106,1397541705,99783352395,26715757,KSQ
672,311320,KR7311320006,지오엘리먼트,KOSDAQ,기술성장기업부,7890,2,-910,-10.34,8510,8670,7830,81427,656660840,99528878400,12614560,KSQ
673,246720,KR7246720007,아스타,KOSDAQ,관리종목(소속부없음),6070,0,0,0.0,0,0,0,0,0,99434491000,16381300,KSQ
674,192410,KR7192410009,오늘이엔엠,KOSDAQ,중견기업부,3935,1,270,7.37,3630,3980,3490,226258,844078805,99106551915,25185909,KSQ
675,417500,KR7417500006,제이아이테크,KOSDAQ,우량기업부,3020,2,-175,-5.48,3170,3190,2980,86271,262021660,99009926880,32784744,KSQ
676,105330,KR7105330005,케이엔더블유,KOSDAQ,중견기업부,6120,2,-160,-2.55,6280,6360,6050,7686,47163330,98039462400,16019520,KSQ
677,246710,KR7246710008,티앤알바이오팹,KOSDAQ,기술성장기업부,2055,2,-25,-1.2,2065,2070,1990,127779,258084647,97950555720,47664504,KSQ
678,228850,KR7228850004,레이언스,KOSDAQ,우량기업부,5900,2,-30,-0.51,6110,6280,5850,6139,36592500,97886982600,16591014,KSQ
679,100700,KR7100700004,세운메디칼,KOSDAQ,우량기업부,2225,2,-60,-2.63,2285,2285,2225,76840,172751446,97455000000,43800000,KSQ
680,488280,KR7488280009,에스투더블유,KOSDAQ,기술성장기업부,9020,2,-530,-5.55,9060,9330,8850,30607,276220160,97447443720,10803486,KSQ
681,066790,KR7066790007,씨씨에스,KOSDAQ,관리종목(소속부없음),1493,0,0,0.0,0,0,0,0,0,97271994227,65152039,KSQ
682,013310,KR7013310008,아진산업,KOSDAQ,우량기업부,2500,2,-30,-1.19,2565,2780,2490,317277,813228430,97016455000,38806582,KSQ
683,068240,KR7068240001,다원시스,KOSDAQ,관리종목(소속부없음),2530,0,0,0.0,0,0,0,0,0,96553495610,38163437,KSQ
684,109610,KR7109610006,에스와이,KOSDAQ,중견기업부,1974,2,-26,-1.3,1991,2050,1943,407031,812263203,96543207600,48907400,KSQ
685,153890,KR7153890009,져스텍,KOSDAQ,기술성장기업부,8000,1,300,3.9,7250,8590,7220,506735,4044135365,96402440000,12050305,KSQ
686,017510,KR7017510009,세명전기,KOSDAQ,벤처기업부,6320,2,-300,-4.53,6440,6580,6250,91220,581004210,96354720000,15246000,KSQ
687,032940,KR7032940009,원익,KOSDAQ,우량기업부,5290,2,-670,-11.24,5660,5700,5270,79090,428331860,96242186700,18193230,KSQ
688,141000,KR7141000000,비아트론,KOSDAQ,벤처기업부,7890,2,-550,-6.52,8590,8590,7730,20176,159478060,95585061900,12114710,KSQ
689,091440,KR7091440008,한울소재과학,KOSDAQ,투자주의환기종목(소속부없음),2855,1,80,2.88,2775,3040,2705,304408,880687799,95430944500,33425900,KSQ
690,071280,KR7071280002,로체시스템즈,KOSDAQ,우량기업부,6210,2,-260,-4.02,6450,6450,6030,42972,265067360,94991904630,15296603,KSQ
691,163730,KR7163730005,핑거,KOSDAQ,벤처기업부,7880,2,-380,-4.6,8290,8290,7880,45143,360221320,94683849960,12015717,KSQ
692,166480,KR7166480004,코아스템켐온,KOSDAQ,벤처기업부,1789,2,-86,-4.59,1899,2085,1788,150551,275881467,94585102664,52870376,KSQ
693,039560,KR7039560008,다산네트웍스,KOSDAQ,중견기업부,2205,2,-90,-3.92,2280,2295,2190,132190,292561299,94569071940,42888468,KSQ
694,336680,KR7336680004,탑런토탈솔루션,KOSDAQ,중견기업부,2415,2,-35,-1.43,2490,2490,2370,4941,11822620,94536522570,39145558,KSQ
695,156100,KR7156100000,엘앤케이바이오,KOSDAQ,벤처기업부,4215,2,-140,-3.21,4540,4540,4200,91869,393117375,94210109895,22351153,KSQ
696,040300,KR7040300006,YTN,KOSDAQ,중견기업부,1976,2,-44,-2.18,1995,2030,1950,55794,111293543,94209712480,47676980,KSQ
697,309960,KR7309960003,LB인베스트먼트,KOSDAQ,중견기업부,4055,2,-60,-1.46,4115,4150,4020,14893,60722285,94145904145,23217239,KSQ
698,362320,KR7362320004,청담글로벌,KOSDAQ,중견기업부,4440,2,-15,-0.34,4290,4485,4185,45006,197768505,93911727600,21151290,KSQ
699,489460,KR7489460006,바이오비쥬,KOSDAQ,벤처기업부,6220,2,-80,-1.27,6200,6600,6150,51332,327309530,93576354600,15044430,KSQ
700,475580,KR7475580007,에이럭스,KOSDAQ,벤처기업부,6860,2,-220,-3.11,6810,7080,6750,33118,227047995,93466814000,13624900,KSQ
701,352090,KR7352090005,스톰테크,KOSDAQ,우량기업부,3475,2,-70,-1.97,3545,3545,3450,16216,56348977,93383668050,26872998,KSQ
702,365660,KR7365660000,레몬헬스케어,KOSDAQ,기술성장기업부,6990,4,1610,29.93,5100,6990,5040,8935571,57859675350,93327397410,13351559,KSQ
703,226400,KR7226400000,오스테오닉,KOSDAQ,기술성장기업부,4505,1,60,1.35,4445,4535,4360,70395,315230357,93080512505,20661601,KSQ
704,299030,KR7299030007,하나기술,KOSDAQ,벤처기업부,11630,2,-680,-5.52,12010,12750,11610,16936,200278740,92980803300,7994910,KSQ
705,380550,KR7380550004,뉴로핏,KOSDAQ,기술성장기업부,7620,2,-400,-4.99,7740,7970,7500,50109,383561390,92955358920,12198866,KSQ
706,323990,KR7323990002,박셀바이오,KOSDAQ,기술성장기업부,3995,2,-150,-3.62,4050,4100,3900,82571,331093470,92913093275,23257345,KSQ
707,123040,KR7123040008,엠에스오토텍,KOSDAQ,중견기업부,1475,2,-105,-6.65,1536,1575,1474,106277,159440252,92376741025,62628299,KSQ
708,289930,KR7289930000,웨이비스,KOSDAQ,기술성장기업부,7000,2,-740,-9.56,7730,7730,7000,96857,697128935,92043070000,13149010,KSQ
709,263800,KR7263800005,데이타솔루션,KOSDAQ,중견기업부,5670,1,260,4.81,5400,6380,5350,6278820,37561873110,91997904600,16225380,KSQ
710,023900,KR7023900004,풍국주정,KOSDAQ,우량기업부,7290,2,-100,-1.35,7490,7490,7260,6285,46190100,91854000000,12600000,KSQ
711,079650,KR7079650008,서산,KOSDAQ,중견기업부,4585,1,495,12.1,3900,4890,3740,5914589,25859746162,91700000000,20000000,KSQ
712,104460,KR7104460001,디와이피엔에프,KOSDAQ,우량기업부,8650,2,-340,-3.78,8990,9020,8640,3121,27301530,90981573650,10518101,KSQ
713,333430,KR7333430007,일승,KOSDAQ,중견기업부,2955,2,-70,-2.31,3030,3300,2945,105805,321720781,90797537385,30726747,KSQ
714,125210,KR7125210005,아모그린텍,KOSDAQ,우량기업부,5500,2,-430,-7.25,5930,5930,5420,89123,499647150,90732345000,16496790,KSQ
715,158430,KR7158430009,아톤,KOSDAQ,벤처기업부,3705,2,-105,-2.76,3720,3830,3660,186000,693551474,90706150860,24482092,KSQ
716,235980,KR7235980000,메드팩토,KOSDAQ,기술성장기업부,2640,2,-55,-2.04,2780,2780,2595,119954,319380947,90486319440,34275121,KSQ
717,348350,KR7348350000,위드텍,KOSDAQ,벤처기업부,9040,2,-420,-4.44,9580,9580,8910,51715,478184270,90206544000,9978600,KSQ
718,040420,KR7040420002,정상제이엘에스,KOSDAQ,우량기업부,5730,2,-40,-0.69,5750,5780,5720,10134,58222405,89832372960,15677552,KSQ
719,115500,KR7115500001,케이씨에스,KOSDAQ,중견기업부,7480,2,-540,-6.73,7910,7910,7450,43255,329301620,89760000000,12000000,KSQ
720,494120,KR7494120009,큐리오시스,KOSDAQ,기술성장기업부,11750,2,-2250,-16.07,13080,13150,11720,99738,1215565155,89651113500,7629882,KSQ
721,298540,KR7298540006,더네이쳐홀딩스,KOSDAQ,우량기업부,6150,1,10,0.16,6140,6330,6000,22653,140658210,89091273900,14486386,KSQ
722,187790,KR7187790001,나노,KOSDAQ,벤처기업부,2880,1,5,0.17,2870,2960,2755,115029,330503915,88821590400,30840830,KSQ
723,042500,KR7042500009,링네트,KOSDAQ,우량기업부,3970,2,-80,-1.98,4000,4025,3945,116403,462203180,88495841680,22291144,KSQ
724,0017J0,KR70017J0004,세미티에스,KOSDAQ,벤처기업부,2935,2,-55,-1.84,2920,3050,2830,345515,1004033995,88450988505,30136623,KSQ
725,037030,KR7037030004,파워넷,KOSDAQ,우량기업부,3460,2,-190,-5.21,3510,3680,3410,277493,970824155,88274952320,25512992,KSQ
726,307930,KR7307930008,컴퍼니케이,KOSDAQ,중견기업부,5650,2,-200,-3.42,5630,5830,5580,30885,174307150,88196500000,15610000,KSQ
727,093920,KR7093920007,서원인텍,KOSDAQ,우량기업부,4735,2,-80,-1.66,4890,4890,4720,15430,73277012,88071000000,18600000,KSQ
728,212710,KR7212710008,아이에스티이,KOSDAQ,기술성장기업부,9060,2,-1080,-10.65,9770,10110,8910,86172,805923515,88017700680,9714978,KSQ
729,065450,KR7065450009,빅텍,KOSDAQ,벤처기업부,2970,2,-110,-3.57,3120,3145,2955,316236,960358265,87602534910,29495803,KSQ
730,255440,KR7255440000,야스,KOSDAQ,벤처기업부,6700,2,-300,-4.29,6990,7000,6680,5383,36539140,87488600000,13058000,KSQ
731,033290,KR7033290008,로젠,KOSDAQ,우량기업부,1555,2,-39,-2.45,1585,1593,1540,34557,54345734,87323048055,56156301,KSQ
732,074430,KR7074430000,아미노로직스,KOSDAQ,중견기업부,992,2,-4,-0.4,996,1006,970,130751,128653154,87124229248,87826844,KSQ
733,058630,KR7058630005,엠게임,KOSDAQ,우량기업부,4535,2,-265,-5.52,4755,4755,4520,32868,150744877,87083673090,19202574,KSQ
734,101170,KR7101170009,우림피티에스,KOSDAQ,벤처기업부,6450,2,-390,-5.7,6540,6790,6420,35958,234890540,87075000000,13500000,KSQ
735,063170,KR7063170005,서울옥션,KOSDAQ,중견기업부,4895,2,-85,-1.71,4980,4990,4850,30185,148712070,87005036965,17774267,KSQ
736,337930,KR7337930002,젝시믹스,KOSDAQ,우량기업부,2930,2,-80,-2.66,2955,3025,2910,35892,106413472,86952071750,29676475,KSQ
737,209640,KR7209640002,와이제이링크,KOSDAQ,중견기업부,3055,2,-110,-3.48,3105,3115,2950,225110,678624481,86893811030,28443146,KSQ
738,025950,KR7025950007,동신건설,KOSDAQ,우량기업부,10300,2,-660,-6.02,10510,10960,10250,53508,562626190,86520000000,8400000,KSQ
739,417010,KR7417010006,나노팀,KOSDAQ,벤처기업부,4285,2,-130,-2.94,4415,4460,4250,108672,471221109,86440139480,20172728,KSQ
740,000440,KR7000440008,중앙에너비스,KOSDAQ,중견기업부,13860,2,-90,-0.65,14600,14680,13360,142857,2024973690,86308021800,6227130,KSQ
741,357230,KR7357230002,에이치피오,KOSDAQ,우량기업부,2090,2,-75,-3.46,2150,2150,2085,30482,64154400,86303364840,41293476,KSQ
742,047560,KR7047560008,이스트소프트,KOSDAQ,중견기업부,7340,2,-460,-5.9,7720,7830,7310,27336,207202595,86267621880,11753082,KSQ
743,072020,KR7072020001,중앙백신,KOSDAQ,벤처기업부,9120,2,-120,-1.3,9140,9320,9120,1411,12933765,86263225440,9458687,KSQ
744,265740,KR7265740001,엔에프씨,KOSDAQ,벤처기업부,4825,2,-295,-5.76,5090,5140,4825,84832,415307815,86191870000,17863600,KSQ
745,487580,KR7487580003,폴레드,KOSDAQ,벤처기업부,3415,2,-555,-13.98,3860,3860,3360,660001,2335893716,85999470315,25182861,KSQ
746,096240,KR7096240007,크레버스,KOSDAQ,우량기업부,8360,2,-110,-1.3,8460,8580,8340,14856,125821470,85591184800,10238180,KSQ
747,052900,KR7052900008,KX하이텍,KOSDAQ,우량기업부,1112,2,-80,-6.71,1161,1205,1093,1138622,1298227634,85254916080,76668090,KSQ
748,052420,KR7052420007,오성첨단소재,KOSDAQ,우량기업부,8690,2,-370,-4.08,8850,9050,8680,31053,274522270,84658058210,9742009,KSQ
749,004650,KR7004650008,창해에탄올,KOSDAQ,우량기업부,9180,2,-70,-0.76,9180,9290,9110,22532,207548215,84372324300,9190885,KSQ
750,330350,KR7330350000,위더스제약,KOSDAQ,우량기업부,6390,2,-10,-0.16,6380,6710,6140,279612,1801153050,84345955200,13199680,KSQ
751,036220,KR7036220002,오상헬스케어,KOSDAQ,우량기업부,5880,2,-170,-2.81,5720,5990,5720,9711,56849675,84139366080,14309416,KSQ
752,100130,KR7100130004,동국S&C,KOSDAQ,중견기업부,1472,2,-29,-1.93,1501,1516,1458,111317,165592939,84114496000,57143000,KSQ
753,099750,KR7099750002,이지케어텍,KOSDAQ,벤처기업부,6150,1,130,2.16,6140,6310,5920,11056,67078310,84003913950,13659173,KSQ
754,049180,KR7049180003,셀루메드,KOSDAQ,투자주의환기종목(소속부없음),1009,0,0,0.0,0,0,0,0,0,83975227728,83226192,KSQ
755,183490,KR7183490002,엔지켐생명과학,KOSDAQ,관리종목(소속부없음),990,0,0,0.0,0,0,0,0,0,83793832650,84640235,KSQ
756,086710,KR7086710001,선진뷰티사이언스,KOSDAQ,우량기업부,6860,2,-220,-3.11,7010,7130,6860,21444,150071090,83714500800,12203280,KSQ
757,078140,KR7078140001,대봉엘에스,KOSDAQ,우량기업부,7550,2,-340,-4.31,7800,7800,7450,6147,46839930,83703671450,11086579,KSQ
758,019540,KR7019540004,일지테크,KOSDAQ,우량기업부,6170,2,-280,-4.34,6440,6590,6130,51556,324979300,83378295000,13513500,KSQ
759,130580,KR7130580004,나이스디앤비,KOSDAQ,우량기업부,5410,2,-70,-1.28,5480,5480,5390,2700,14627160,83314000000,15400000,KSQ
760,053260,KR7053260006,금강철강,KOSDAQ,우량기업부,4450,2,-150,-3.26,4600,4630,4400,15777,70829545,83304000000,18720000,KSQ
761,189330,KR7189330004,씨이랩,KOSDAQ,기술성장기업부,8870,1,20,0.23,8650,10180,8210,548354,5179728890,83220859080,9382284,KSQ
762,418470,KR7418470001,KT밀리의서재,KOSDAQ,우량기업부,9680,2,-230,-2.32,9910,10100,9620,11097,107780075,82916837520,8565789,KSQ
763,088130,KR7088130000,동아엘텍,KOSDAQ,우량기업부,4735,2,-275,-5.49,5010,5220,4650,107309,513491303,82792961790,17485314,KSQ
764,066980,KR7066980004,한성크린텍,KOSDAQ,벤처기업부,1569,2,-124,-7.32,1641,1707,1542,796581,1282522208,82525284513,52597377,KSQ
765,217820,KR7217820000,원익피앤이,KOSDAQ,중견기업부,1738,2,-100,-5.44,1838,1838,1735,230390,408030492,82476023542,47454559,KSQ
766,053280,KR7053280004,예스24,KOSDAQ,중견기업부,3285,2,-95,-2.81,3390,3390,3220,23467,76592697,82125000000,25000000,KSQ
767,049950,KR7049950009,미래컴퍼니,KOSDAQ,중견기업부,9310,2,-600,-6.05,9910,10160,9310,26097,248143370,82094500040,8817884,KSQ
768,038110,KR7038110003,에코플라스틱,KOSDAQ,우량기업부,1988,1,28,1.43,1942,2255,1902,1858496,3867383506,81844707560,41169370,KSQ
769,263720,KR7263720005,디앤씨미디어,KOSDAQ,우량기업부,6590,2,-180,-2.66,6770,6830,6510,13246,87356800,81798974690,12412591,KSQ
770,474610,KR7474610003,RF시스템즈,KOSDAQ,벤처기업부,5670,2,-230,-3.9,5890,6100,5610,66010,383419435,81734297400,14415220,KSQ
771,389030,KR7389030008,지니너스,KOSDAQ,기술성장기업부,2070,2,-205,-9.01,2235,2300,2070,127686,272822230,81542000970,39392271,KSQ
772,002230,KR7002230001,피에스텍,KOSDAQ,우량기업부,4425,2,-125,-2.75,4540,4600,4425,52585,236051429,81513234750,18421070,KSQ
773,175250,KR7175250000,아이큐어,KOSDAQ,관리종목(소속부없음),2170,0,0,0.0,0,0,0,0,0,81501658560,37558368,KSQ
774,032300,KR7032300006,한국파마,KOSDAQ,중견기업부,7460,2,-260,-3.37,7720,7720,7460,7457,56100160,81363989460,10906701,KSQ
775,102370,KR7102370004,케이옥션,KOSDAQ,기술성장기업부,3140,2,-60,-1.88,3200,3265,3125,51194,161349875,81289230600,25888290,KSQ
776,396470,KR7396470007,워트,KOSDAQ,중견기업부,5040,2,-230,-4.36,5250,5260,5010,39619,202007440,81244800000,16120000,KSQ
777,0011A0,KR70011A0009,액스비스,KOSDAQ,벤처기업부,8700,2,-600,-6.45,9300,9450,8590,37079,325734655,81203538000,9333740,KSQ
778,412540,KR7412540007,제일엠앤에스,KOSDAQ,관리종목(소속부없음),3935,0,0,0.0,0,0,0,0,0,81063616775,20600665,KSQ
779,092040,KR7092040005,아미코젠,KOSDAQ,기술성장기업부,1145,2,-24,-2.05,1169,1200,1138,302530,351420180,80900418115,70655387,KSQ
780,044340,KR7044340008,위닉스,KOSDAQ,중견기업부,4515,2,-535,-10.59,5030,5370,4500,1417866,7004902412,80698513875,17873425,KSQ
781,044990,KR7044990000,에이치엔에스하이텍,KOSDAQ,기술성장기업부,10500,2,-420,-3.85,10990,10990,10410,11310,119741370,80696962500,7685425,KSQ
782,054920,KR7054920004,한컴위드,KOSDAQ,중견기업부,2855,2,-185,-6.09,3015,3015,2835,210003,610149255,80559766255,28217081,KSQ
783,302550,KR7302550009,리메드,KOSDAQ,기술성장기업부,2595,2,-155,-5.64,2745,2750,2525,12041,31553615,80204054250,30907150,KSQ
784,043610,KR7043610005,KT지니뮤직,KOSDAQ,중견기업부,1379,3,0,0.0,1390,1413,1354,16563,22926164,80141189002,58115438,KSQ
785,182360,KR7182360008,큐브엔터,KOSDAQ,우량기업부,5150,2,-200,-3.74,5210,5500,5110,13138,68383180,80081722350,15549849,KSQ
786,037760,KR7037760006,쎄니트,KOSDAQ,중견기업부,2355,2,-75,-3.09,2475,2475,2350,7839,18627545,79676528955,33832921,KSQ
787,173130,KR7173130006,오파스넷,KOSDAQ,중견기업부,6100,2,-80,-1.29,6060,6250,6020,49726,304535540,79583485300,13046473,KSQ
788,053580,KR7053580007,웹케시,KOSDAQ,우량기업부,6140,2,-50,-0.81,6100,6390,6100,27591,172808360,79540237040,12954436,KSQ
789,306620,KR7306620006,지아이에스,KOSDAQ,벤처기업부,1659,2,-83,-4.76,1730,1730,1635,199607,334172796,79536083256,47942184,KSQ
790,011370,KR7011370004,서한,KOSDAQ,우량기업부,785,2,-22,-2.73,807,810,783,120429,94966668,79202469025,100894865,KSQ
791,330730,KR7330730003,스톤브릿지벤처스,KOSDAQ,벤처기업부,4345,2,-120,-2.69,4405,4460,4310,16900,73692280,79156471350,18217830,KSQ
792,282720,KR7282720002,금양그린파워,KOSDAQ,중견기업부,6530,2,-130,-1.95,6510,6890,6510,18395,121957120,79140335000,12119500,KSQ
793,019550,KR7019550003,SBI인베스트먼트,KOSDAQ,중견기업부,976,1,16,1.67,1020,1095,963,1081864,1088170608,79088488112,81033287,KSQ
794,059120,KR7059120006,아진엑스텍,KOSDAQ,벤처기업부,4300,2,-250,-5.49,4315,4560,4260,69482,303408940,78733283800,18310066,KSQ
795,214680,KR7214680001,디알텍,KOSDAQ,벤처기업부,943,2,-34,-3.48,977,977,910,90362,84315415,78718863808,83477056,KSQ
796,009300,KR7009300005,삼아제약,KOSDAQ,우량기업부,12350,2,-170,-1.36,12690,12690,12250,2447,30385520,78669500000,6370000,KSQ
797,054540,KR7054540000,삼영엠텍,KOSDAQ,우량기업부,6030,2,-270,-4.29,6650,6800,5960,105671,661010140,78390000000,13000000,KSQ
798,250060,KR7250060001,모비스,KOSDAQ,기술성장기업부,2435,2,-90,-3.56,2505,2505,2410,134288,328690253,78337149590,32171314,KSQ
799,950250,KR8826050005,테라뷰,KOSDAQ,기술성장기업부,2205,2,-85,-3.71,2215,2310,2180,127154,284406050,78316596855,35517731,KSQ
800,017650,KR7017650003,대림제지,KOSDAQ,우량기업부,8910,2,-190,-2.09,9090,9090,8900,5145,45930770,78274350000,8785000,KSQ
801,419050,KR7419050000,삼기에너지솔루션즈,KOSDAQ,중견기업부,1368,2,-95,-6.49,1450,1450,1320,2496372,3449694841,78244456320,57196240,KSQ
802,029480,KR7029480001,광무,KOSDAQ,중견기업부,1310,2,-85,-6.09,1383,1384,1310,228946,303804315,78232062920,59719132,KSQ
803,214260,KR7214260002,라파스,KOSDAQ,기술성장기업부,8740,2,-320,-3.53,9060,9150,8530,9998,87781885,77982326620,8922463,KSQ
804,042510,KR7042510008,라온시큐어,KOSDAQ,벤처기업부,7020,2,-580,-7.63,7370,7580,7000,82932,592075840,77962912560,11105828,KSQ
805,950130,KR8840090003,엑세스바이오,KOSDAQ,외국기업(소속부없음),2215,2,-90,-3.9,2290,2305,2165,44851,98821037,77910042310,35173834,KSQ
806,047820,KR7047820006,초록뱀미디어,KOSDAQ,중견기업부,3185,2,-60,-1.85,3295,3295,3115,9595,30495620,77885767050,24453930,KSQ
807,0117P0,KR70117P0005,피스피스스튜디오,KOSDAQ,중견기업부,5490,2,-170,-3.0,5610,5680,5370,130816,717271000,77787321390,14168911,KSQ
808,054040,KR7054040001,한국컴퓨터,KOSDAQ,우량기업부,4840,2,-145,-2.91,4985,4985,4820,25435,124648905,77785043600,16071290,KSQ
809,322180,KR7322180001,LS티라유텍,KOSDAQ,벤처기업부,3615,2,-245,-6.35,3855,3855,3585,146986,538706785,77708423190,21496106,KSQ
810,234300,KR7234300002,에스트래픽,KOSDAQ,우량기업부,2855,2,-50,-1.72,2900,2970,2850,43516,125999740,77678211900,27207780,KSQ
811,036010,KR7036010007,아비코전자,KOSDAQ,중견기업부,5840,2,-380,-6.11,6160,6160,5710,116323,684601420,77630734560,13292934,KSQ
812,054670,KR7054670005,대한뉴팜,KOSDAQ,우량기업부,5400,2,-140,-2.53,5540,5560,5270,6754,36504800,77516568000,14354920,KSQ
813,198440,KR7198440000,강동씨앤엘,KOSDAQ,중견기업부,1269,2,-59,-4.44,1300,1429,1242,1406623,1836526551,77322576024,60931896,KSQ
814,452190,KR7452190002,한빛레이저,KOSDAQ,벤처기업부,3225,2,-220,-6.39,3350,3430,3110,134473,437558073,77143796325,23920557,KSQ
815,096250,KR7096250006,와이즈넛,KOSDAQ,기술성장기업부,5880,2,-190,-3.13,6010,6180,5770,17661,103742765,77066860920,13106609,KSQ
816,331380,KR7331380006,포커스에이아이,KOSDAQ,투자주의환기종목(소속부없음),2105,1,30,1.45,2255,2255,1976,141194,295567711,76960622930,36560866,KSQ
817,131370,KR7131370009,알서포트,KOSDAQ,벤처기업부,1442,2,-49,-3.29,1455,1484,1441,89218,129571026,76811133686,53267083,KSQ
818,030960,KR7030960009,양지사,KOSDAQ,중견기업부,4795,2,-245,-4.86,5270,5270,4750,359092,1816116385,76624100000,15980000,KSQ
819,086960,KR7086960002,MDS테크,KOSDAQ,우량기업부,1796,2,-66,-3.54,1816,1857,1780,163119,294756912,76381491320,42528670,KSQ
820,036640,KR7036640001,HRS,KOSDAQ,우량기업부,4670,2,-110,-2.3,4780,4790,4670,36624,172691840,76376916000,16354800,KSQ
821,012700,KR7012700001,리드코프,KOSDAQ,우량기업부,2910,2,-35,-1.19,2915,2965,2895,8310,24353245,76227019320,26194852,KSQ
822,073640,KR7073640005,테라사이언스,KOSDAQ,관리종목(소속부없음),654,0,0,0.0,0,0,0,0,0,76111715580,116378770,KSQ
823,065170,KR7065170003,비엘팜텍,KOSDAQ,투자주의환기종목(소속부없음),2725,2,-480,-14.98,3100,3285,2680,1584830,4572492413,76065085925,27913793,KSQ
824,004590,KR7004590006,한국가구,KOSDAQ,중견기업부,5070,2,-170,-3.24,5240,5300,5030,62324,318080100,76050000000,15000000,KSQ
825,221800,KR7221800006,지구홀딩스,KOSDAQ,투자주의환기종목(소속부없음),4645,2,-165,-3.43,4635,5070,4500,31930,149007415,75801062895,16318851,KSQ
826,053350,KR7053350005,이니텍,KOSDAQ,중견기업부,3440,2,-335,-8.87,3715,3730,3350,133750,472185893,75752463600,22021065,KSQ
827,094860,KR7094860004,네오리진,KOSDAQ,중견기업부,1423,2,-6,-0.42,1426,1426,1395,130222,182990008,75575549922,53110014,KSQ
828,493330,KR7493330005,지에프아이,KOSDAQ,벤처기업부,9570,2,-380,-3.82,9950,10100,9450,28026,274619075,75024139410,7839513,KSQ
829,475230,KR7475230009,엔알비,KOSDAQ,벤처기업부,6870,2,-370,-5.11,7240,7250,6790,140568,980258790,74873952210,10898683,KSQ
830,048530,KR7048530000,인트론바이오,KOSDAQ,기술성장기업부,2420,2,-90,-3.59,2510,2585,2350,44760,109343640,74758054360,30891758,KSQ
831,008830,KR7008830002,대동기어,KOSDAQ,중견기업부,8300,2,-700,-7.78,8650,8860,8200,62836,535997330,74596416000,8987520,KSQ
832,396300,KR7396300006,세아메카닉스,KOSDAQ,우량기업부,2815,2,-160,-5.38,2805,2955,2790,120799,342587126,74567942500,26489500,KSQ
833,067000,KR7067000000,조이시티,KOSDAQ,중견기업부,1065,2,-103,-8.82,1159,1159,1060,359516,390585799,74447169990,69903446,KSQ
834,041910,KR7041910001,폴라리스AI파마,KOSDAQ,우량기업부,5600,2,-260,-4.44,5840,5950,5580,76539,440819590,74386760000,13283350,KSQ
835,317770,KR7317770006,엑스페릭스,KOSDAQ,벤처기업부,2020,2,-165,-7.55,2175,2180,2015,129069,265854049,74021170880,36644144,KSQ
836,054620,KR7054620000,APS,KOSDAQ,중견기업부,4020,2,-180,-4.29,4200,4200,4015,29319,119224825,73944768420,18394221,KSQ
837,067570,KR7067570002,엔브이에이치코리아,KOSDAQ,중견기업부,1753,2,-73,-4.0,1826,1826,1752,60123,106904714,73924010000,42170000,KSQ
838,061250,KR7061250007,화일약품,KOSDAQ,우량기업부,8770,1,150,1.74,8620,8840,8020,12057,105326920,73822211680,8417584,KSQ
839,033130,KR7033130006,디지틀조선,KOSDAQ,중견기업부,1985,2,-90,-4.34,2075,2075,1980,18691,37234573,73673804995,37115267,KSQ
840,122350,KR7122350002,삼기,KOSDAQ,중견기업부,1919,1,4,0.21,1895,2150,1675,9408219,18414187539,73573362332,38339428,KSQ
841,065510,KR7065510000,휴비츠,KOSDAQ,우량기업부,6750,2,-340,-4.8,7050,7080,6700,46963,321410290,73425791250,10877895,KSQ
842,900260,HK0000295359,로스웰,KOSDAQ,외국기업(소속부없음),1595,2,-38,-2.33,1633,1639,1569,49392,79200762,73417381070,46029706,KSQ
843,321370,KR7321370009,센서뷰,KOSDAQ,기술성장기업부,1419,1,46,3.35,1371,1752,1360,5429695,8537903707,73312501614,51664906,KSQ
844,265560,KR7265560003,영화테크,KOSDAQ,우량기업부,6850,2,-180,-2.56,7010,7030,6800,8048,55389640,73227733000,10690180,KSQ
845,101330,KR7101330009,모베이스,KOSDAQ,중견기업부,3160,2,-110,-3.36,3175,3275,3140,17858,56817643,73144611640,23147029,KSQ
846,303810,KR7303810006,동국생명과학,KOSDAQ,중견기업부,2285,2,-85,-3.59,2365,2385,2280,13931,32234245,73083759900,31984140,KSQ
847,208140,KR7208140004,정다운,KOSDAQ,우량기업부,2235,2,-20,-0.89,2255,2280,2215,13527,30304118,73049289810,32684246,KSQ
848,066430,KR7066430000,아이로보틱스,KOSDAQ,중견기업부,1865,2,-160,-7.9,2005,2005,1830,319445,602252389,73021232740,39153476,KSQ
849,080010,KR7080010002,이상네트웍스,KOSDAQ,중견기업부,7420,1,120,1.64,7240,7440,7240,4474,33040380,72976226820,9835071,KSQ
850,024880,KR7024880007,케이피에프,KOSDAQ,우량기업부,3615,2,-165,-4.37,3800,3805,3615,37006,135436737,72888355710,20162754,KSQ
851,290740,KR7290740000,액트로,KOSDAQ,벤처기업부,7240,2,-650,-8.24,7890,7890,7120,38036,277538760,72870679640,10065011,KSQ
852,024830,KR7024830002,세원물산,KOSDAQ,관리종목(소속부없음),8680,2,-90,-1.03,9130,9130,8560,470,4081020,72478000000,8350000,KSQ
853,033560,KR7033560004,블루콤,KOSDAQ,중견기업부,4225,1,145,3.55,4020,4420,4010,196862,834933362,72247500000,17100000,KSQ
854,040910,KR7040910002,아이씨디,KOSDAQ,중견기업부,3965,2,-60,-1.49,4025,4045,3800,55176,219824121,72061000375,18174275,KSQ
855,058400,KR7058400003,KNN,KOSDAQ,우량기업부,544,0,0,0.0,0,0,0,0,0,72041767680,132429720,KSQ
856,085670,KR7085670008,뉴프렉스,KOSDAQ,우량기업부,2940,2,-145,-4.7,3085,3090,2920,81813,243255741,72032237340,24500761,KSQ
857,475430,KR7475430005,키스트론,KOSDAQ,중견기업부,4035,2,-140,-3.35,4100,4135,4010,251753,1023488844,72017123850,17848110,KSQ
858,171120,KR7171120009,라이온켐텍,KOSDAQ,우량기업부,2005,2,-40,-1.96,2040,2040,1995,37675,75763424,71983028800,35901760,KSQ
859,124560,KR7124560004,태웅로직스,KOSDAQ,우량기업부,1859,2,-38,-2.0,1920,1920,1838,13028,24322360,71981987649,38720811,KSQ
860,234920,KR7234920007,자이글,KOSDAQ,관리종목(소속부없음),5310,0,0,0.0,0,0,0,0,0,71849132100,13530910,KSQ
861,020710,KR7020710000,시공테크,KOSDAQ,우량기업부,3580,2,-100,-2.72,3575,3685,3545,40435,145124470,71771732600,20047970,KSQ
862,172670,KR7172670002,에이엘티,KOSDAQ,벤처기업부,8010,2,-750,-8.56,8600,8600,7990,32692,267523340,71771674590,8960259,KSQ
863,228670,KR7228670006,레이,KOSDAQ,벤처기업부,4585,2,-245,-5.07,4795,4900,4450,41896,192600625,71709496285,15640021,KSQ
864,365330,KR7365330000,에스와이스틸텍,KOSDAQ,우량기업부,1429,2,-72,-4.8,1498,1501,1419,228467,330388681,71694359000,50171000,KSQ
865,017480,KR7017480005,삼현철강,KOSDAQ,우량기업부,4640,2,-45,-0.96,4685,4725,4610,27273,127040299,71655009600,15442890,KSQ
866,147760,KR7147760003,피엠티,KOSDAQ,벤처기업부,3580,2,-270,-7.01,3825,4160,3510,205149,753098415,71600000000,20000000,KSQ
867,115440,KR7115440000,우리넷,KOSDAQ,우량기업부,6620,2,-510,-7.15,6890,7260,6550,56497,380217640,71458213040,10794292,KSQ
868,225530,KR7225530005,HC보광산업,KOSDAQ,우량기업부,1960,2,-50,-2.49,2030,2035,1950,36440,72083747,71223904920,36338727,KSQ
869,170030,KR7170030001,현대공업,KOSDAQ,우량기업부,4640,2,-140,-2.93,4620,4780,4600,18355,85698835,71177600000,15340000,KSQ
870,223250,KR7223250002,드림씨아이에스,KOSDAQ,벤처기업부,2880,2,-150,-4.95,3005,3020,2860,82399,239204685,70849278720,24600444,KSQ
871,063080,KR7063080006,컴투스홀딩스,KOSDAQ,중견기업부,10740,2,-460,-4.11,10750,11230,10590,13089,139877710,70832362080,6595192,KSQ
872,347890,KR7347890006,엠엑스온,KOSDAQ,벤처기업부,4150,2,-15,-0.36,4050,4165,3800,41224,161783250,70604796600,17013204,KSQ
873,104040,KR7104040001,디에스엠,KOSDAQ,벤처기업부,2630,2,-135,-4.88,2765,2900,2625,96085,262518160,70519675950,26813565,KSQ
874,066700,KR7066700006,테라젠이텍스,KOSDAQ,중견기업부,1894,2,-48,-2.47,1942,1942,1890,30980,59059951,70366600144,37152376,KSQ
875,251120,KR7251120002,바이오에프디엔씨,KOSDAQ,기술성장기업부,8090,2,-280,-3.35,8560,8590,8070,4239,34450500,70348213000,8695700,KSQ
876,451220,KR7451220008,아이엠티,KOSDAQ,기술성장기업부,8920,2,-500,-5.31,9100,9470,8850,32019,288907390,70241530120,7874611,KSQ
877,052860,KR7052860004,아이앤씨,KOSDAQ,벤처기업부,3915,2,-355,-8.31,4270,4270,3860,24513,98577167,69948733410,17866854,KSQ
878,451250,KR7451250005,삐아,KOSDAQ,벤처기업부,6830,2,-170,-2.43,6910,7040,6770,5638,38645605,69842739910,10225877,KSQ
879,332370,KR7332370006,아이디피,KOSDAQ,벤처기업부,5260,2,-30,-0.57,5250,5300,5230,790,4166180,69819798760,13273726,KSQ
880,215100,KR7215100009,로보로보,KOSDAQ,벤처기업부,3420,2,-195,-5.39,3525,3595,3405,52420,181783605,69591712680,20348454,KSQ
881,024740,KR7024740003,한일단조,KOSDAQ,우량기업부,2110,1,10,0.48,2135,2165,2090,226969,479191841,69412773390,32897049,KSQ
882,107600,KR7107600009,새빗켐,KOSDAQ,벤처기업부,12250,2,-870,-6.63,13020,13020,12160,6496,80614830,69213161500,5650054,KSQ
883,196490,KR7196490007,디에이테크놀로지,KOSDAQ,투자주의환기종목(소속부없음),6090,0,0,0.0,0,0,0,0,0,69131518050,11351645,KSQ
884,110790,KR7110790003,크리스에프앤씨,KOSDAQ,우량기업부,2950,3,0,0.0,2975,3020,2775,4692,13443190,69121332000,23430960,KSQ
885,413390,KR7413390006,엠오티,KOSDAQ,중견기업부,5960,2,-350,-5.55,6300,6300,5960,19812,121405540,69017872800,11580180,KSQ
886,234030,KR7234030005,싸이닉솔루션,KOSDAQ,중견기업부,2920,2,-205,-6.56,3050,3080,2880,86953,256715433,68926600000,23605000,KSQ
887,084730,KR7084730001,팅크웨어,KOSDAQ,중견기업부,6200,2,-150,-2.36,6350,6370,6110,6478,40100395,68878428800,11109424,KSQ
888,060590,KR7060590007,씨티씨바이오,KOSDAQ,중견기업부,2845,2,-85,-2.9,2910,2920,2835,22217,63609391,68795001900,24181020,KSQ
889,153710,KR7153710009,옵티팜,KOSDAQ,기술성장기업부,4675,2,-25,-0.53,4715,4880,4440,6385,29434290,68582053650,14669958,KSQ
890,149980,KR7149980005,하이로닉,KOSDAQ,중견기업부,3980,2,-65,-1.61,4045,4300,3970,35896,146531190,68452203080,17199046,KSQ
891,294630,KR7294630009,서남,KOSDAQ,기술성장기업부,2580,2,-50,-1.9,2630,2630,2510,161721,412576641,68367881820,26499179,KSQ
892,045970,KR7045970001,코아시아,KOSDAQ,중견기업부,2595,2,-320,-10.98,2915,2915,2580,98656,266772620,68287103220,26314876,KSQ
893,067370,KR7067370007,선바이오,KOSDAQ,기술성장기업부,5590,2,-570,-9.25,6200,6200,5530,13975,80173790,68275371190,12213841,KSQ
894,032540,KR7032540007,TJ미디어,KOSDAQ,우량기업부,3265,2,-15,-0.46,3270,3300,3190,4020,13057070,68230053445,20897413,KSQ
895,111710,KR7111710000,남화산업,KOSDAQ,중견기업부,3310,2,-150,-4.34,3430,3455,3280,119893,400985180,68146280000,20588000,KSQ
896,011320,KR7011320009,유니크,KOSDAQ,우량기업부,3525,3,0,0.0,3465,3630,3465,43915,156520700,68105449875,19320695,KSQ
897,217330,KR7217330000,싸이토젠,KOSDAQ,기술성장기업부,2935,2,-115,-3.77,2990,3045,2890,80314,235679570,67885220445,23129547,KSQ
898,381620,KR7381620004,제닉스로보틱스,KOSDAQ,중견기업부,5160,2,-520,-9.15,5650,5660,5140,80869,431560780,67688467200,13117920,KSQ
899,396270,KR7396270001,넥스트칩,KOSDAQ,벤처기업부,2055,2,-215,-9.47,2265,2265,2040,208209,440867832,67583670705,32887431,KSQ
900,067170,KR7067170001,오텍,KOSDAQ,중견기업부,2450,2,-120,-4.67,2475,2550,2420,234001,575875289,67276465900,27459782,KSQ
901,109860,KR7109860007,동일금속,KOSDAQ,우량기업부,7390,1,100,1.37,7350,7510,7140,1096,7888110,67249000000,9100000,KSQ
902,041930,KR7041930009,SY동아,KOSDAQ,우량기업부,4420,2,-205,-4.43,4615,4615,4410,13739,61202989,67184000000,15200000,KSQ
903,091590,KR7091590000,남화토건,KOSDAQ,중견기업부,5720,2,-230,-3.87,5740,5970,5500,419926,2400706830,67152800000,11740000,KSQ
904,261780,KR7261780001,아리바이오랩,KOSDAQ,기술성장기업부,2395,2,-125,-4.96,2520,2570,2375,190891,462814050,67093321635,28013913,KSQ
905,253840,KR7253840003,수젠텍,KOSDAQ,중견기업부,4000,2,-15,-0.37,4015,4190,3910,98270,399760521,66972800000,16743200,KSQ
906,238090,KR7238090005,앤디포스,KOSDAQ,벤처기업부,2195,2,-115,-4.98,2350,2350,2150,5988,13292560,66926515800,30490440,KSQ
907,456070,KR7456070002,이엔셀,KOSDAQ,기술성장기업부,6040,2,-500,-7.65,6540,6540,6000,36126,220754630,66618282680,11029517,KSQ
908,038460,KR7038460002,바이오스마트,KOSDAQ,우량기업부,2625,2,-75,-2.78,2700,2740,2625,51611,136790191,66345672750,25274542,KSQ
909,062970,KR7062970009,한국첨단소재,KOSDAQ,중견기업부,1162,0,0,0.0,0,0,0,0,0,66336969468,57088614,KSQ
910,036630,KR7036630002,세종텔레콤,KOSDAQ,우량기업부,6620,2,-380,-5.43,6810,7080,6580,25161,171163710,66200000000,10000000,KSQ
911,078890,KR7078890001,가온그룹,KOSDAQ,중견기업부,3585,2,-205,-5.41,3665,3790,3545,127989,464216815,66053420655,18424943,KSQ
912,382480,KR7382480002,지아이텍,KOSDAQ,벤처기업부,1674,2,-78,-4.45,1751,1751,1673,46510,78900857,65883852360,39357140,KSQ
913,0015S0,KR70015S0005,페스카로,KOSDAQ,기술성장기업부,6670,2,-330,-4.71,7010,7010,6590,11189,75138210,65811089100,9866730,KSQ
914,382840,KR7382840007,원준,KOSDAQ,중견기업부,4295,2,-240,-5.29,4535,4535,4265,29219,127174000,65591440395,15271581,KSQ
915,083790,KR7083790006,CG인바이츠,KOSDAQ,벤처기업부,853,2,-31,-3.51,875,875,830,21012,17915509,65590737246,76894182,KSQ
916,006140,KR7006140008,피제이전자,KOSDAQ,우량기업부,4405,2,-135,-2.97,4540,4540,4370,44527,196731195,65480325000,14865000,KSQ
917,038680,KR7038680005,에스넷,KOSDAQ,우량기업부,3285,2,-125,-3.67,3380,3380,3185,82227,267657600,65413028970,19912642,KSQ
918,323350,KR7323350009,다원넥스뷰,KOSDAQ,기술성장기업부,8160,2,-740,-8.31,8800,8890,8020,30554,253737120,65367899520,8010772,KSQ
919,128660,KR7128660008,피제이메탈,KOSDAQ,우량기업부,2635,2,-105,-3.83,2740,2740,2635,79086,210702808,65356877315,24803369,KSQ
920,090470,KR7090470006,제이스로보틱스,KOSDAQ,벤처기업부,3735,2,-290,-7.2,4025,4145,3735,25692,98086020,65275078590,17476594,KSQ
921,389140,KR7389140005,포바이포,KOSDAQ,벤처기업부,4570,2,-210,-4.39,4530,4825,4530,26251,121340729,65212688950,14269735,KSQ
922,082210,KR7082210006,옵트론텍,KOSDAQ,중견기업부,1864,2,-57,-2.97,1901,1997,1802,173040,328896651,65171647120,34963330,KSQ
923,091120,KR7091120006,이엠텍,KOSDAQ,중견기업부,3800,2,-390,-9.31,4150,4185,3760,43362,166975335,65105156800,17132936,KSQ
924,032850,KR7032850000,비트컴퓨터,KOSDAQ,벤처기업부,3895,2,-75,-1.89,3970,3990,3870,21165,82695405,64747726235,16623293,KSQ
925,464490,KR7464490002,쿼드메디슨,KOSDAQ,기술성장기업부,5630,2,-370,-6.17,6000,6010,5550,21090,119609840,64644296190,11482113,KSQ
926,039010,KR7039010004,현대에이치티,KOSDAQ,우량기업부,7490,2,-360,-4.59,7850,7850,7470,26090,198638285,64601250000,8625000,KSQ
927,388870,KR7388870008,파로스아이바이오,KOSDAQ,기술성장기업부,4985,2,-85,-1.68,5070,5190,4905,51200,254382110,64535471020,12945932,KSQ
928,041460,KR7041460007,한국전자인증,KOSDAQ,중견기업부,3395,2,-70,-2.02,3465,3470,3320,45297,153192738,64505000000,19000000,KSQ
929,036000,KR7036000008,예림당,KOSDAQ,중견기업부,2795,1,20,0.72,2770,2820,2625,15943,43917510,64380804215,23034277,KSQ
930,014950,KR7014950000,삼익제약,KOSDAQ,벤처기업부,6430,1,860,15.44,6030,6930,5570,9692094,62426139730,64348790840,10007588,KSQ
931,443670,KR7443670005,에스피소프트,KOSDAQ,중견기업부,2680,2,-55,-2.01,2780,2955,2640,64216,174241105,64348311520,24010564,KSQ
932,217190,KR7217190008,제너셈,KOSDAQ,벤처기업부,4890,2,-260,-5.05,5140,5140,4815,103065,506531645,64321891290,13153761,KSQ
933,081150,KR7081150005,티플랙스,KOSDAQ,중견기업부,2650,2,-130,-4.68,2680,2790,2645,40894,109720280,64311265300,24268402,KSQ
934,043650,KR7043650001,국순당,KOSDAQ,중견기업부,3600,2,-125,-3.36,3725,3725,3500,43299,155814540,64289894400,17858304,KSQ
935,014970,KR7014970008,삼륭물산,KOSDAQ,중견기업부,4335,1,90,2.12,4285,5380,4285,792235,3760753378,64266375000,14825000,KSQ
936,105740,KR7105740005,디케이락,KOSDAQ,우량기업부,6320,2,-220,-3.36,6520,6590,6300,33325,212374285,64265002160,10168513,KSQ
937,185490,KR7185490000,아이진,KOSDAQ,벤처기업부,1485,2,-6,-0.4,1450,1518,1446,93887,139905346,64196229240,43229784,KSQ
938,002800,KR7002800001,신신제약,KOSDAQ,우량기업부,4230,2,-75,-1.74,4290,4305,4190,15440,65155165,64171215000,15170500,KSQ
939,417970,KR7417970001,모델솔루션,KOSDAQ,우량기업부,10020,2,-560,-5.29,10370,10380,9890,17810,180192140,64094934000,6396700,KSQ
940,478560,KR7478560006,블랙야크아이앤씨,KOSDAQ,벤처기업부,2480,2,-110,-4.25,2570,2575,2460,12976,32595495,64059139040,25830298,KSQ
941,412350,KR7412350001,레이저쎌,KOSDAQ,기술성장기업부,4385,2,-475,-9.77,4520,4750,4250,272583,1224709829,64034343555,14603043,KSQ
942,070300,KR7070300009,엑스큐어,KOSDAQ,벤처기업부,1800,1,7,0.39,1815,1925,1702,698334,1281182099,63944512200,35524729,KSQ
943,088390,KR7088390000,이녹스,KOSDAQ,중견기업부,6800,2,-470,-6.46,7350,7350,6760,11425,78644040,63823739200,9385844,KSQ
944,347000,KR7347000002,센코,KOSDAQ,기술성장기업부,1687,2,-57,-3.27,1744,1744,1664,34068,58021548,63786897202,37810846,KSQ
945,048430,KR7048430003,유라테크,KOSDAQ,우량기업부,5520,2,-200,-3.5,5420,5780,5420,9032,50256515,63590400000,11520000,KSQ
946,360070,KR7360070007,탑머티리얼,KOSDAQ,중견기업부,7760,2,-500,-6.05,8500,8500,7760,23081,182993800,63570253680,8192043,KSQ
947,026150,KR7026150003,특수건설,KOSDAQ,중견기업부,3620,2,-95,-2.56,3650,3735,3585,67903,246797500,63517718220,17546331,KSQ
948,0015N0,KR70015N0000,아로마티카,KOSDAQ,벤처기업부,5050,2,-200,-3.81,5110,5330,5010,65105,333002600,63513456100,12576922,KSQ
949,137950,KR7137950002,제이씨케미칼,KOSDAQ,우량기업부,2845,2,-75,-2.57,2920,2985,2845,74045,215714054,63351930830,22267814,KSQ
950,126880,KR7126880004,제이엔케이글로벌,KOSDAQ,우량기업부,2730,2,-90,-3.19,2820,2820,2710,35007,96020755,63349385190,23204903,KSQ
951,443250,KR7443250006,레뷰코퍼레이션,KOSDAQ,벤처기업부,5860,2,-70,-1.18,5760,5980,5750,9841,57406830,63345527620,10809817,KSQ
952,003310,KR7003310000,대주산업,KOSDAQ,우량기업부,1788,1,88,5.18,1697,2010,1668,8454543,15834504020,63281521800,35392350,KSQ
953,204840,KR7204840003,지엘팜텍,KOSDAQ,기술성장기업부,814,0,0,0.0,0,0,0,0,0,63124890884,77549006,KSQ
954,201490,KR7201490000,미투온,KOSDAQ,중견기업부,1927,2,-83,-4.13,1990,1999,1911,47872,93135587,63058620002,32723726,KSQ
955,005670,KR7005670005,푸드웰,KOSDAQ,우량기업부,6280,2,-100,-1.57,6370,6440,6250,22068,140027930,62800000000,10000000,KSQ
956,142280,KR7142280007,녹십자엠에스,KOSDAQ,중견기업부,2620,2,-130,-4.73,2720,2770,2610,97447,258579744,62783141220,23963031,KSQ
957,012790,KR7012790002,신일제약,KOSDAQ,우량기업부,5230,2,-160,-2.97,5330,5350,5190,15740,82402420,62688950450,11986415,KSQ
958,066310,KR7066310004,큐에스아이,KOSDAQ,벤처기업부,6760,2,-410,-5.72,6960,7110,6745,43729,301076495,62676157960,9271621,KSQ
959,001840,KR7001840008,이화공영,KOSDAQ,관리종목(소속부없음),2215,0,0,0.0,0,0,0,0,0,62588831935,28256809,KSQ
960,004780,KR7004780003,대륙제관,KOSDAQ,우량기업부,3935,2,-5,-0.13,3935,3975,3830,203444,798358055,62579088065,15903199,KSQ
961,010240,KR7010240000,흥국,KOSDAQ,우량기업부,5330,2,-200,-3.62,5500,5520,5230,28067,149834140,62392980000,11706000,KSQ
962,357580,KR7357580000,아모센스,KOSDAQ,기술성장기업부,5290,2,-470,-8.16,5710,5810,5250,102921,555920225,62367840980,11789762,KSQ
963,045660,KR7045660008,에이텍,KOSDAQ,우량기업부,7550,2,-180,-2.33,7600,7750,7500,12310,92986980,62363000000,8260000,KSQ
964,294090,KR7294090006,이오플로우,KOSDAQ,관리종목(소속부없음),1490,0,0,0.0,0,0,0,0,0,62295566450,41809105,KSQ
965,060570,KR7060570009,드림어스컴퍼니,KOSDAQ,중견기업부,836,2,-3,-0.36,839,855,815,22400,18571091,61948915028,74101573,KSQ
966,208370,KR7208370007,셀바스헬스케어,KOSDAQ,벤처기업부,2400,2,-85,-3.42,2475,2480,2385,32851,79615675,61777353600,25740564,KSQ
967,203400,KR7203400007,에이비온,KOSDAQ,기술성장기업부,680,1,5,0.74,675,689,640,170637,112534090,61268886720,90101304,KSQ
968,129920,KR7129920005,대성하이텍,KOSDAQ,벤처기업부,3760,2,-220,-5.53,3975,3975,3700,85559,323933210,61095096960,16248696,KSQ
969,307870,KR7307870006,비투엔,KOSDAQ,벤처기업부,822,2,-45,-5.19,868,884,819,165089,138948018,61074012270,74299285,KSQ
970,123420,KR7123420002,위메이드플레이,KOSDAQ,우량기업부,5860,2,-190,-3.14,6000,6020,5710,16883,98868870,60950100260,10401041,KSQ
971,241690,KR7241690007,유니테크노,KOSDAQ,우량기업부,2480,2,-20,-0.8,2500,2540,2460,15189,37734290,60687350880,24470706,KSQ
972,453860,KR7453860009,에이에스텍,KOSDAQ,벤처기업부,9410,2,-280,-2.89,9690,9690,9210,18748,177039110,60642020430,6444423,KSQ
973,303360,KR7303360002,프로티아,KOSDAQ,기술성장기업부,4700,1,20,0.43,4680,4945,4630,59105,283210270,60534660500,12879715,KSQ
974,040160,KR7040160004,누리플렉스,KOSDAQ,중견기업부,5020,2,-760,-13.15,5460,5810,4885,40788,206487755,60518785700,12055535,KSQ
975,039420,KR7039420005,케이엘넷,KOSDAQ,중견기업부,2635,1,5,0.19,2655,2700,2590,35639,94524966,60465329190,22946994,KSQ
976,222110,KR7222110009,팬젠,KOSDAQ,기술성장기업부,4470,2,-95,-2.08,4455,4590,4445,3669,16607025,60409855230,13514509,KSQ
977,214270,KR7214270001,FSN,KOSDAQ,중견기업부,1320,2,-57,-4.14,1350,1375,1311,50633,67461102,59736052200,45254585,KSQ
978,042110,KR7042110007,에스씨디,KOSDAQ,우량기업부,1233,2,-73,-5.59,1306,1388,1230,3970658,5212873954,59590352412,48329564,KSQ
979,277880,KR7277880001,티에스아이,KOSDAQ,우량기업부,3000,2,-125,-4.0,3125,3125,2975,31704,95812020,59529636000,19843212,KSQ
980,432470,KR7432470003,케이엔에스,KOSDAQ,벤처기업부,6770,2,-480,-6.62,6870,7150,6760,9138,62866585,59383434120,8771556,KSQ
981,079810,KR7079810008,APS이노베이션,KOSDAQ,우량기업부,2750,2,-115,-4.01,2820,2870,2735,65989,183055860,59202258500,21528094,KSQ
982,333620,KR7333620003,엔시스,KOSDAQ,벤처기업부,5380,2,-10,-0.19,5200,5480,5200,5117,27396170,59168755800,10997910,KSQ
983,094850,KR7094850005,참좋은여행,KOSDAQ,우량기업부,4225,2,-110,-2.54,4330,4330,4160,7166,30465890,59150000000,14000000,KSQ
984,162300,KR7162300008,신스틸,KOSDAQ,우량기업부,1426,2,-78,-5.19,1529,1529,1417,10788,15630364,59138190732,41471382,KSQ
985,348150,KR7348150004,고바이오랩,KOSDAQ,기술성장기업부,3040,2,-225,-6.89,3265,3275,3000,30776,94774415,59033422560,19418889,KSQ
986,136150,KR7136150000,원일티엔아이,KOSDAQ,벤처기업부,7020,2,-450,-6.02,7140,7460,7000,14457,103271350,58834830600,8381030,KSQ
987,270520,KR7270520000,앱튼,KOSDAQ,투자주의환기종목(소속부없음),2985,2,-95,-3.08,3075,3195,2820,178410,534688445,58681858290,19658914,KSQ
988,049550,KR7049550007,잉크테크,KOSDAQ,우량기업부,2990,2,-10,-0.33,3000,3040,2980,1270,3793565,58622768230,19606277,KSQ
989,014470,KR7014470009,부방,KOSDAQ,벤처기업부,975,3,0,0.0,975,975,924,94301,88642607,58550953500,60052260,KSQ
990,099520,KR7099520009,DGI,KOSDAQ,관리종목(소속부없음),1284,0,0,0.0,0,0,0,0,0,58141862016,45281824,KSQ
991,096350,KR7096350004,대창솔루션,KOSDAQ,벤처기업부,1572,2,-59,-3.62,1630,1676,1559,170504,273600557,57935685864,36854762,KSQ
992,140070,KR7140070004,서플러스글로벌,KOSDAQ,벤처기업부,1565,2,-101,-6.06,1652,1660,1535,48016,76156045,57886220000,36988000,KSQ
993,059270,KR7059270009,해성에어로보틱스,KOSDAQ,기술성장기업부,5180,2,-200,-3.72,5380,5380,5000,50409,256812690,57836248820,11165299,KSQ
994,061040,KR7061040002,알에프텍,KOSDAQ,중견기업부,6390,2,-360,-5.33,6760,6770,6390,3895,25452020,57818144970,9048223,KSQ
995,010280,KR7010280006,아이티센엔텍,KOSDAQ,우량기업부,4435,2,-190,-4.11,4620,4625,4405,8790,39312915,57764797295,13024757,KSQ
996,216050,KR7216050005,인크로스,KOSDAQ,중견기업부,4730,2,-70,-1.46,4800,4885,4700,78561,375956282,57699482060,12198622,KSQ
997,060310,KR7060310000,3S,KOSDAQ,벤처기업부,1085,2,-55,-4.82,1113,1134,1050,239805,258762244,57569058400,53059040,KSQ
998,036120,KR7036120004,서울평가정보,KOSDAQ,중견기업부,1637,2,-5,-0.3,1625,1665,1624,107531,176795309,57532365000,35145000,KSQ
999,008370,KR7008370009,원풍,KOSDAQ,우량기업부,4775,2,-10,-0.21,4790,4860,4720,630,3006231,57300000000,12000000,KSQ
1000,048910,KR7048910004,대원미디어,KOSDAQ,우량기업부,4550,2,-140,-2.99,4655,4690,4500,29381,134486985,57234204300,12578946,KSQ
1001,089850,KR7089850002,유비벨록스,KOSDAQ,우량기업부,3885,2,-135,-3.36,4010,4010,3780,10649,41143685,57226823115,14730199,KSQ
1002,010470,KR7010470003,오리콤,KOSDAQ,우량기업부,4760,2,-15,-0.31,4780,4805,4735,873,4167385,57001238000,11975050,KSQ
1003,0007J0,KR70007J0006,인벤테라,KOSDAQ,기술성장기업부,7240,2,-430,-5.61,7610,7780,7170,21161,153777890,56947769360,7865714,KSQ
1004,076610,KR7076610005,해성옵틱스,KOSDAQ,벤처기업부,958,2,-33,-3.33,980,1047,949,404911,394198005,56748260440,59236180,KSQ
1005,331740,KR7331740001,아우토크립트,KOSDAQ,기술성장기업부,5810,2,-380,-6.14,6150,6160,5710,22810,133659105,56653257710,9750991,KSQ
1006,417790,KR7417790003,트루엔,KOSDAQ,벤처기업부,5410,2,-180,-3.22,5650,5650,5300,24037,129474445,56633995310,10468391,KSQ
1007,215360,KR7215360009,우리산업,KOSDAQ,우량기업부,6200,2,-200,-3.13,6400,6400,6040,7253,44731325,56619410600,9132163,KSQ
1008,347860,KR7347860009,알체라,KOSDAQ,중견기업부,1343,2,-72,-5.09,1410,1414,1319,124248,166864042,56612347921,42153647,KSQ
1009,039980,KR7039980008,폴라리스AI,KOSDAQ,중견기업부,3920,2,-165,-4.04,3915,4085,3850,78305,308193764,56374358880,14381214,KSQ
1010,408470,KR7408470003,한패스,KOSDAQ,중견기업부,5330,2,-320,-5.66,5680,5680,5110,22287,120350340,56348760000,10572000,KSQ
1011,053050,KR7053050001,지에스이,KOSDAQ,우량기업부,1872,1,32,1.74,1865,1920,1845,185652,350704552,56136781584,29987597,KSQ
1012,175140,KR7175140003,아고스,KOSDAQ,투자주의환기종목(소속부없음),2250,2,-70,-3.02,2320,2325,2230,27424,62039622,56124569250,24944253,KSQ
1013,016250,KR7016250003,SGC E&C,KOSDAQ,중견기업부,11100,2,-420,-3.65,11520,11520,11000,4111,45996250,55910544600,5036986,KSQ
1014,377480,KR7377480009,마음AI,KOSDAQ,기술성장기업부,7860,2,-440,-5.3,8250,8250,7830,23513,186713900,55886761500,7110275,KSQ
1015,088910,KR7088910005,동우팜투테이블,KOSDAQ,우량기업부,2155,2,-10,-0.46,2165,2235,2100,150816,330046800,55667451420,25831764,KSQ
1016,036670,KR7036670008,삼양케이씨아이,KOSDAQ,우량기업부,5160,2,-120,-2.27,5280,5280,5110,2482,12809235,55522632000,10760200,KSQ
1017,340930,KR7340930007,성원에너텍,KOSDAQ,관리종목(소속부없음),806,0,0,0.0,0,0,0,0,0,55513882710,68875785,KSQ
1018,424960,KR7424960003,스마트레이더시스템,KOSDAQ,기술성장기업부,3360,2,-190,-5.35,3640,3640,3360,23811,81437286,55389969600,16485110,KSQ
1019,263690,KR7263690000,디알젬,KOSDAQ,우량기업부,4885,2,-145,-2.88,4910,5020,4865,7165,35138260,55325604850,11325610,KSQ
1020,053620,KR7053620001,태양,KOSDAQ,우량기업부,6430,2,-80,-1.23,6510,6510,6420,4082,26409620,55298000000,8600000,KSQ
1021,072950,KR7072950009,빛샘전자,KOSDAQ,벤처기업부,6860,2,-460,-6.28,7060,7240,6800,96493,673205435,55240904600,8052610,KSQ
1022,411080,KR7411080005,샌즈랩,KOSDAQ,기술성장기업부,3615,2,-255,-6.59,3840,3930,3610,23987,88904645,55192511370,15267638,KSQ
1023,439580,KR7439580002,블루엠텍,KOSDAQ,기술성장기업부,1630,2,-84,-4.9,1690,1714,1605,28332,46580394,55169871610,33846547,KSQ
1024,179900,KR7179900006,유티아이,KOSDAQ,투자주의환기종목(소속부없음),2785,2,-205,-6.86,3200,3200,2765,156479,459135192,55116297420,19790412,KSQ
1025,049480,KR7049480007,오픈베이스,KOSDAQ,우량기업부,1752,2,-63,-3.47,1771,1830,1750,231444,411387011,55052015016,31422383,KSQ
1026,288180,KR7288180003,케이피항공산업,KOSDAQ,중견기업부,7440,2,-440,-5.58,7690,8190,7370,23133,174491990,55005869280,7393262,KSQ
1027,168330,KR7168330009,내츄럴엔도텍,KOSDAQ,투자주의환기종목(소속부없음),1731,2,-63,-3.51,1814,1814,1689,25634,44328335,54967731900,31754900,KSQ
1028,089230,KR7089230007,THE E&M,KOSDAQ,중견기업부,1428,2,-159,-10.02,1431,1562,1395,296799,432850474,54865693512,38421354,KSQ
1029,054300,KR7054300009,팬스타엔터프라이즈,KOSDAQ,벤처기업부,948,2,-25,-2.57,982,982,922,38722,36933287,54861655860,57870945,KSQ
1030,460940,KR7460940000,피앤에스로보틱스,KOSDAQ,기술성장기업부,4070,2,-325,-7.39,4150,4345,4025,23412,96227245,54762989600,13455280,KSQ
1031,217480,KR7217480003,에스디생명공학,KOSDAQ,투자주의환기종목(소속부없음),499,0,0,0.0,0,0,0,0,0,54756837359,109733141,KSQ
1032,039020,KR7039020003,이건홀딩스,KOSDAQ,중견기업부,2420,2,-90,-3.59,2510,2530,2415,32192,78847845,54654995780,22584709,KSQ
1033,027050,KR7027050004,코리아나,KOSDAQ,중견기업부,1366,2,-14,-1.01,1330,1393,1330,48980,67181073,54640000000,40000000,KSQ
1034,050960,KR7050960004,수산아이앤티,KOSDAQ,벤처기업부,8090,1,300,3.85,7730,8380,7690,16603,134551730,54615590000,6751000,KSQ
1035,067920,KR7067920009,이글루,KOSDAQ,우량기업부,4960,2,-70,-1.39,4910,5010,4910,11047,54908615,54540750240,10996119,KSQ
1036,246960,KR7246960009,SCL사이언스,KOSDAQ,기술성장기업부,1601,2,-59,-3.55,1669,1669,1600,48388,77975060,54461292247,34017047,KSQ
1037,290660,KR7290660000,다이나믹솔루션,KOSDAQ,기술성장기업부,1270,2,-90,-6.62,1257,1357,1236,237972,300387576,54404117760,42837888,KSQ
1038,100030,KR7100030006,인지소프트,KOSDAQ,중견기업부,16550,2,-520,-3.05,16510,17010,16330,826,13548980,54345466700,3283714,KSQ
1039,025550,KR7025550005,한국선재,KOSDAQ,중견기업부,2130,2,-80,-3.62,2205,2230,2120,54171,116676440,54344828520,25514004,KSQ
1040,286750,KR7286750005,나노실리칸첨단소재,KOSDAQ,투자주의환기종목(소속부없음),1693,2,-11,-0.65,1799,1799,1693,31122,54177816,54224854901,32028857,KSQ
1041,228340,KR7228340006,동양파일,KOSDAQ,중견기업부,2710,2,-155,-5.41,2720,2960,2615,545649,1512652509,54200000000,20000000,KSQ
1042,123010,KR7123010001,알엔티엑스,KOSDAQ,기술성장기업부,1554,0,0,0.0,0,0,0,0,0,54075680190,34797735,KSQ
1043,0004V0,KR70004V0003,엔비알모션,KOSDAQ,기술성장기업부,4910,2,-470,-8.74,5190,5300,4890,261807,1307338724,54060985440,11010384,KSQ
1044,302430,KR7302430004,이노메트리,KOSDAQ,벤처기업부,5490,2,-300,-5.18,5790,5790,5480,22267,124123190,53984311920,9833208,KSQ
1045,218150,KR7218150001,미래생명자원,KOSDAQ,벤처기업부,2635,4,605,29.8,2135,2635,1994,5863295,14162480047,53795638270,20415802,KSQ
1046,448710,KR7448710004,코츠테크놀로지,KOSDAQ,벤처기업부,10150,2,-340,-3.24,10320,10460,10060,14645,149940730,53645713800,5285292,KSQ
1047,039610,KR7039610001,화성밸브,KOSDAQ,우량기업부,5140,2,-150,-2.84,5150,5520,5060,34965,181705890,53509456000,10410400,KSQ
1048,459100,KR7459100004,위츠,KOSDAQ,중견기업부,3970,2,-85,-2.1,3935,4045,3855,10477,41167515,53460417000,13466100,KSQ
1049,053160,KR7053160008,프리엠스,KOSDAQ,중견기업부,8910,2,-220,-2.41,8790,9100,8790,8760,78545145,53460000000,6000000,KSQ
1050,137080,KR7137080008,나래나노텍,KOSDAQ,중견기업부,4985,2,-175,-3.39,5160,5160,4855,13314,65850870,53389095765,10709949,KSQ
1051,457370,KR7457370005,한켐,KOSDAQ,중견기업부,6610,2,-380,-5.44,6850,7060,6570,83533,563311570,53290705740,8062134,KSQ
1052,007370,KR7007370000,진양제약,KOSDAQ,우량기업부,3770,2,-125,-3.21,3890,3890,3770,5467,20971770,53287392990,14134587,KSQ
1053,256630,KR7256630005,포인트엔지니어링,KOSDAQ,벤처기업부,4585,1,25,0.55,4565,4660,4410,3961,17799430,53183313190,11599414,KSQ
1054,046940,KR7046940003,우원개발,KOSDAQ,우량기업부,2935,2,-185,-5.93,3040,3070,2915,228103,676433760,53048217250,18074350,KSQ
1055,273640,KR7273640003,와이엠텍,KOSDAQ,벤처기업부,4820,2,-175,-3.5,4945,4945,4790,15681,76092007,52856120000,10966000,KSQ
1056,036090,KR7036090009,위지트,KOSDAQ,중견기업부,1242,2,-56,-4.31,1297,1297,1235,115664,144840930,52847738388,42550514,KSQ
1057,057540,KR7057540007,옴니시스템,KOSDAQ,중견기업부,889,2,-49,-5.22,932,935,886,289626,265333342,52801504252,59394268,KSQ
1058,064800,KR7064800006,포니링크,KOSDAQ,중견기업부,2065,2,-90,-4.18,2155,2160,2020,11998,24785790,52784412835,25561459,KSQ
1059,187420,KR7187420005,HLB제넥스,KOSDAQ,기술성장기업부,1616,2,-66,-3.92,1622,1622,1503,114733,179945847,52754234352,32644947,KSQ
1060,134580,KR7134580000,탑코미디어,KOSDAQ,중견기업부,1069,2,-22,-2.02,1090,1091,1016,37890,40763780,52695445281,49294149,KSQ
1061,045340,KR7045340007,토탈소프트,KOSDAQ,벤처기업부,6150,2,-320,-4.95,6460,6460,6130,13983,86957960,52631946000,8558040,KSQ
1062,100590,KR7100590009,머큐리,KOSDAQ,중견기업부,3060,2,-190,-5.85,3225,3240,3045,98951,309057888,52447007700,17139545,KSQ
1063,155650,KR7155650005,와이엠씨,KOSDAQ,우량기업부,2760,2,-130,-4.5,2890,2900,2725,18755,52145530,52369228080,18974358,KSQ
1064,053270,KR7053270005,구영테크,KOSDAQ,우량기업부,1910,1,45,2.41,1865,1942,1826,119188,226789153,52353873550,27410405,KSQ
1065,039240,KR7039240007,경남스틸,KOSDAQ,우량기업부,1939,2,-58,-2.9,1995,1995,1922,60242,117380674,52313452156,26979604,KSQ
1066,024910,KR7024910002,경창산업,KOSDAQ,중견기업부,1459,2,-40,-2.67,1455,1513,1455,33886,50170763,52259928295,35819005,KSQ
1067,082850,KR7082850009,우리바이오,KOSDAQ,중견기업부,1074,2,-37,-3.33,1091,1122,1060,45294,49344434,52042364772,48456578,KSQ
1068,117670,KR7117670000,알파칩스,KOSDAQ,벤처기업부,7810,2,-630,-7.46,8440,8440,7760,8160,64196370,52028205020,6661742,KSQ
1069,318160,KR7318160009,셀바이오휴먼텍,KOSDAQ,벤처기업부,5570,2,-370,-6.23,5900,5990,5520,18704,105952040,52009947410,9337513,KSQ
1070,101670,KR7101670008,하이드로리튬,KOSDAQ,중견기업부,915,2,-47,-4.89,953,953,898,330901,303361314,51951126105,56777187,KSQ
1071,043710,KR7043710003,코스리거글로벌,KOSDAQ,중견기업부,2990,2,-155,-4.93,3145,3195,2890,2761,8296770,51764380980,17312502,KSQ
1072,033320,KR7033320003,제이씨현시스템,KOSDAQ,벤처기업부,2705,2,-55,-1.99,2765,2820,2660,33787,91985925,51704538560,19114432,KSQ
1073,104620,KR7104620000,노랑풍선,KOSDAQ,중견기업부,3070,2,-125,-3.91,3195,3195,3050,27240,84149720,51608394640,16810552,KSQ
1074,096610,KR7096610001,알에프세미,KOSDAQ,투자주의환기종목(소속부없음),2965,0,0,0.0,0,0,0,0,0,51550708615,17386411,KSQ
1075,384470,KR7384470001,코어라인소프트,KOSDAQ,기술성장기업부,2870,2,-140,-4.65,2940,2940,2815,49459,141503105,51507006040,17946692,KSQ
1076,950200,KR8840150005,소마젠,KOSDAQ,외국기업(소속부없음),2675,2,-20,-0.74,2690,2795,2615,14111,37715405,51456441775,19236053,KSQ
1077,299170,KR7299170001,더블유에스아이,KOSDAQ,중견기업부,1239,2,-76,-5.78,1310,1310,1238,58955,74155202,51432485832,41511288,KSQ
1078,007820,KR7007820004,엠엑스로보틱스,KOSDAQ,중견기업부,2565,2,-135,-5.0,2650,2670,2555,15138,39303903,51387071490,20033946,KSQ
1079,347740,KR7347740003,피엔케이피부임상연구센타,KOSDAQ,벤처기업부,1712,2,-35,-2.0,1746,1746,1700,2482,4275156,51378106112,30010576,KSQ
1080,370090,KR7370090003,퓨런티어,KOSDAQ,기술성장기업부,6000,2,-370,-5.81,6310,6340,5990,13461,81518150,51340980000,8556830,KSQ
1081,104540,KR7104540000,코렌텍,KOSDAQ,기술성장기업부,3825,2,-175,-4.38,3970,4125,3825,4672,18295800,51283343250,13407410,KSQ
1082,260930,KR7260930003,씨티케이,KOSDAQ,중견기업부,2650,2,-85,-3.11,2715,2765,2605,14746,39688810,51255216150,19341591,KSQ
1083,095270,KR7095270005,웨이브일렉트로,KOSDAQ,벤처기업부,3565,2,-175,-4.68,3690,3800,3520,34061,123324315,51237627390,14372406,KSQ
1084,251630,KR7251630000,브이원텍,KOSDAQ,벤처기업부,3210,2,-145,-4.32,3195,3315,3190,28185,90770938,51176664060,15942886,KSQ
1085,291650,KR7291650000,압타머사이언스,KOSDAQ,기술성장기업부,837,2,-104,-11.05,850,944,820,99941,85771736,51089845554,61039242,KSQ
1086,033310,KR7033310004,엠투엔,KOSDAQ,중견기업부,1278,2,-42,-3.18,1251,1332,1251,22272,28815210,51084798768,39972456,KSQ
1087,040610,KR7040610008,SG&G,KOSDAQ,중견기업부,2995,2,-105,-3.39,3100,3200,2985,11057,33580569,51045576010,17043598,KSQ
1088,027830,KR7027830009,대성창투,KOSDAQ,중견기업부,943,2,-46,-4.65,980,984,942,69948,66583884,50922000000,54000000,KSQ
1089,064240,KR7064240005,홈캐스트,KOSDAQ,벤처기업부,1463,2,-24,-1.61,1487,1499,1450,21083,30900885,50757689213,34694251,KSQ
1090,053450,KR7053450003,세코닉스,KOSDAQ,우량기업부,3430,2,-140,-3.92,3570,3570,3300,74333,252303790,50739314290,14792803,KSQ
1091,393970,KR7393970009,대진첨단소재,KOSDAQ,관리종목(소속부없음),2825,0,0,0.0,0,0,0,0,0,50428566500,17850820,KSQ
1092,033230,KR7033230004,인성정보,KOSDAQ,중견기업부,998,2,-23,-2.25,1012,1041,993,112481,112991015,50414349240,50515380,KSQ
1093,191420,KR7191420009,테고사이언스,KOSDAQ,벤처기업부,6210,2,-240,-3.72,6450,6640,5890,20540,127579750,50355859140,8108834,KSQ
1094,463020,KR7463020008,뉴엔AI,KOSDAQ,기술성장기업부,5670,2,-330,-5.5,5820,5990,5580,29256,165887480,50345064000,8879200,KSQ
1095,136410,KR7136410008,아셈스,KOSDAQ,벤처기업부,4555,2,-215,-4.51,4760,4760,4555,17005,78042565,50192027830,11019106,KSQ
1096,084650,KR7084650001,랩지노믹스,KOSDAQ,중견기업부,675,2,-44,-6.12,684,706,670,335043,226966141,50111993250,74239990,KSQ
1097,097800,KR7097800007,윈팩,KOSDAQ,중견기업부,1836,2,-144,-7.27,1980,1980,1806,54956,101794767,50104522620,27290045,KSQ
1098,037440,KR7037440005,희림,KOSDAQ,우량기업부,3595,2,-95,-2.57,3560,3645,3500,156656,558309789,50051297625,13922475,KSQ
1099,205470,KR7205470008,휴마시스,KOSDAQ,중견기업부,2025,2,-170,-7.74,2175,2175,1996,55442,113172689,49966877025,24675001,KSQ
1100,065530,KR7065530008,와이어블,KOSDAQ,우량기업부,1042,2,-35,-3.25,1076,1077,1036,52512,55518690,49847986878,47838759,KSQ
1101,038010,KR7038010005,제일테크노스,KOSDAQ,우량기업부,5520,2,-200,-3.5,5700,5700,5470,10784,59749590,49680000000,9000000,KSQ
1102,314140,KR7314140005,알피바이오,KOSDAQ,우량기업부,5710,1,40,0.71,5670,5820,5510,42239,238613530,49484921310,8666361,KSQ
1103,063440,KR7063440002,SM Life Design,KOSDAQ,중견기업부,1091,2,-22,-1.98,1117,1117,1073,17081,18677172,49443426124,45319364,KSQ
1104,145170,KR7145170007,노브랜드,KOSDAQ,중견기업부,2915,2,-50,-1.69,2885,3085,2885,28593,84606989,49288000575,16908405,KSQ
1105,317530,KR7317530004,에피소드컴퍼니,KOSDAQ,기술성장기업부,2815,2,-225,-7.4,3035,3035,2660,8207,23032257,49248092830,17494882,KSQ
1106,463480,KR7463480004,모티브링크,KOSDAQ,중견기업부,3960,2,-365,-8.44,4325,4325,3940,28825,117026992,49065817680,12390358,KSQ
1107,179530,KR7179530001,애드바이오텍,KOSDAQ,기술성장기업부,1820,2,-139,-7.1,1910,1968,1775,19642,36521484,49049544180,26950299,KSQ
1108,0013V0,KR70013V0002,삼진식품,KOSDAQ,중견기업부,4945,2,-95,-1.88,5040,5070,4900,14494,72330439,49047753920,9918656,KSQ
1109,046210,KR7046210001,HLB파나진,KOSDAQ,벤처기업부,1077,2,-130,-10.77,1134,1152,1075,417971,460221597,49033612920,45527960,KSQ
1110,476040,KR7476040001,오가노이드사이언스,KOSDAQ,기술성장기업부,7430,2,-260,-3.38,8280,8280,7200,13054,98550765,48932196800,6585760,KSQ
1111,311690,KR7311690002,CJ 바이오사이언스,KOSDAQ,기술성장기업부,3740,2,-120,-3.11,3840,3840,3690,10604,40077805,48864827880,13065462,KSQ
1112,263600,KR7263600009,덕우전자,KOSDAQ,중견기업부,3045,2,-140,-4.4,3160,3160,3025,14553,44773885,48507793950,15930310,KSQ
1113,037950,KR7037950003,엘컴텍,KOSDAQ,중견기업부,2870,2,-45,-1.54,2895,3060,2850,9219,26920920,48472873610,16889503,KSQ
1114,435570,KR7435570007,에르코스,KOSDAQ,벤처기업부,6320,2,-550,-8.01,6400,6880,6300,7318,47017860,48139332560,7616983,KSQ
1115,192250,KR7192250009,케이사인,KOSDAQ,벤처기업부,6800,2,-330,-4.63,7130,7130,6710,17850,122471550,48056450000,7067125,KSQ
1116,071670,KR7071670004,에이테크솔루션,KOSDAQ,중견기업부,4800,2,-260,-5.14,5000,5000,4745,17294,83377030,48000000000,10000000,KSQ
1117,452400,KR7452400005,이닉스,KOSDAQ,우량기업부,5290,2,-360,-6.37,5650,5650,5260,14985,80485060,47987854120,9071428,KSQ
1118,376290,KR7376290003,씨유테크,KOSDAQ,벤처기업부,2710,2,-15,-0.55,2725,2725,2590,5254,13854700,47851825000,17657500,KSQ
1119,082660,KR7082660002,코스나인,KOSDAQ,관리종목(소속부없음),480,0,0,0.0,0,0,0,0,0,47827617120,99640869,KSQ
1120,418250,KR7418250007,시큐레터,KOSDAQ,관리종목(소속부없음),6550,0,0,0.0,0,0,0,0,0,47629012750,7271605,KSQ
1121,060560,KR7060560000,HC홈센타,KOSDAQ,중견기업부,1872,2,-48,-2.5,1830,1920,1830,13411,24925857,47526337872,25388001,KSQ
1122,122310,KR7122310006,제노레이,KOSDAQ,우량기업부,3260,2,-60,-1.81,3305,3305,3240,1175,3862560,47445531440,14553844,KSQ
1123,081180,KR7081180002,쎄크,KOSDAQ,기술성장기업부,5350,2,-260,-4.63,5600,5830,5250,34629,187915720,47216612250,8825535,KSQ
1124,072990,KR7072990005,에이치시티,KOSDAQ,우량기업부,3255,2,-210,-6.06,3495,3495,3225,11029,36536690,47191660530,14498206,KSQ
1125,052460,KR7052460003,아이크래프트,KOSDAQ,벤처기업부,3215,2,-45,-1.38,3260,3385,3135,70250,229126965,46964514240,14607936,KSQ
1126,023440,KR7023440001,제이스코홀딩스,KOSDAQ,관리종목(소속부없음),521,0,0,0.0,0,0,0,0,0,46964378481,90142761,KSQ
1127,065130,KR7065130007,탑엔지니어링,KOSDAQ,중견기업부,2920,2,-110,-3.63,3000,3000,2885,9176,26889984,46731680000,16004000,KSQ
1128,170790,KR7170790000,파이오링크,KOSDAQ,우량기업부,7300,2,-330,-4.33,7630,7630,7290,8062,59343110,46700545500,6397335,KSQ
1129,352910,KR7352910004,오비고,KOSDAQ,기술성장기업부,3695,2,-135,-3.52,3830,4015,3660,12407,46349230,46696678390,12637802,KSQ
1130,219550,KR7219550001,디와이디,KOSDAQ,관리종목(소속부없음),1205,1,25,2.12,1200,1330,1073,267594,319980559,46601273480,38673256,KSQ
1131,066670,KR7066670001,디티씨,KOSDAQ,중견기업부,2490,2,-60,-2.35,2645,2645,2485,17136,43036590,46542875820,18691918,KSQ
1132,054930,KR7054930003,유신,KOSDAQ,우량기업부,15510,2,-340,-2.15,16080,16080,15460,12430,194385940,46530000000,3000000,KSQ
1133,033540,KR7033540006,파라텍,KOSDAQ,중견기업부,890,2,-62,-6.51,956,956,875,184222,166367428,46499234590,52246331,KSQ
1134,471820,KR7471820001,셀로맥스사이언스,KOSDAQ,벤처기업부,4100,2,-180,-4.21,4255,4255,4090,1435,5947770,46341803900,11302879,KSQ
1135,317850,KR7317850006,대모,KOSDAQ,벤처기업부,5530,2,-350,-5.95,5760,5880,5490,33875,189105885,46034042600,8324420,KSQ
1136,460870,KR7460870009,에스엠씨지,KOSDAQ,벤처기업부,2290,2,-105,-4.38,2315,2375,2235,56198,129094794,45967866160,20073304,KSQ
1137,015710,KR7015710007,코콤,KOSDAQ,우량기업부,2615,2,-135,-4.91,2750,2750,2610,18214,47940222,45842257500,17530500,KSQ
1138,241790,KR7241790005,티이엠씨씨엔에스,KOSDAQ,우량기업부,4580,2,-170,-3.58,4750,4930,4560,17554,81099590,45812063720,10002634,KSQ
1139,053980,KR7053980009,오상자이엘,KOSDAQ,우량기업부,2405,2,-100,-3.99,2495,2495,2400,22666,54723868,45653593115,18982783,KSQ
1140,056360,KR7056360001,코위버,KOSDAQ,벤처기업부,4660,2,-280,-5.67,5090,5090,4630,38599,182367070,45653088000,9796800,KSQ
1141,026910,KR7026910000,광진실업,KOSDAQ,중견기업부,5740,2,-760,-11.69,6500,6500,5590,147656,870187410,45508591240,7928326,KSQ
1142,440290,KR7440290005,HB인베스트먼트,KOSDAQ,중견기업부,1651,2,-50,-2.94,1698,1698,1650,30256,50275989,45413115930,27506430,KSQ
1143,321260,KR7321260002,프로이천,KOSDAQ,벤처기업부,1602,2,-83,-4.93,1680,1685,1576,109589,176235920,45163718568,28192084,KSQ
1144,019990,KR7019990001,에너토크,KOSDAQ,중견기업부,4605,2,-190,-3.96,4700,4780,4565,17269,79970040,44926785240,9756088,KSQ
1145,189980,KR7189980006,흥국에프엔비,KOSDAQ,우량기업부,1117,2,-29,-2.53,1141,1165,1109,34578,39317188,44833952759,40137827,KSQ
1146,092300,KR7092300003,현우산업,KOSDAQ,우량기업부,2225,2,-135,-5.72,2305,2325,2215,65870,148579670,44833462975,20149871,KSQ
1147,088280,KR7088280003,쏘닉스,KOSDAQ,기술성장기업부,2590,2,-155,-5.65,2745,2745,2495,47841,123948137,44823809100,17306490,KSQ
1148,373160,KR7373160001,데이원컴퍼니,KOSDAQ,기술성장기업부,3235,2,-45,-1.37,3270,3310,3220,4314,14129260,44667162215,13807469,KSQ
1149,052790,KR7052790003,액토즈소프트,KOSDAQ,중견기업부,4075,2,-145,-3.44,4220,4220,4050,11591,47594515,44517529025,10924547,KSQ
1150,198080,KR7198080004,캐프,KOSDAQ,우량기업부,2060,2,-120,-5.5,2180,2180,2060,42269,88621750,44362481100,21535185,KSQ
1151,163280,KR7163280001,에어레인,KOSDAQ,기술성장기업부,3260,2,-145,-4.26,3325,3400,3200,30412,100231665,44346034280,13603078,KSQ
1152,420570,KR7420570004,제이투케이바이오,KOSDAQ,벤처기업부,7580,2,-710,-8.56,8340,8340,7480,35530,274302510,44323921140,5847483,KSQ
1153,457600,KR7457600005,벡트,KOSDAQ,벤처기업부,3230,1,455,16.4,2800,3460,2800,1194327,3839561183,44275225000,13707500,KSQ
1154,317690,KR7317690006,퀀타매트릭스,KOSDAQ,기술성장기업부,2195,2,-5,-0.23,2200,2305,2120,50700,111361920,44196388655,20135029,KSQ
1155,109080,KR7109080002,옵티시스,KOSDAQ,벤처기업부,7840,2,-320,-3.92,8160,8160,7710,9778,76408420,44186240000,5636000,KSQ
1156,288330,KR7288330004,파라택시스코리아,KOSDAQ,관리종목(소속부없음),416,0,0,0.0,0,0,0,0,0,44129674368,106080948,KSQ
1157,007680,KR7007680002,대원,KOSDAQ,중견기업부,3335,2,-160,-4.58,3420,3495,3305,28633,97223935,44097831230,13222738,KSQ
1158,317830,KR7317830008,에스피시스템스,KOSDAQ,벤처기업부,4080,2,-310,-7.06,4340,4340,4030,18532,76346269,43957177440,10773818,KSQ
1159,073110,KR7073110009,엘엠에스,KOSDAQ,벤처기업부,4940,2,-170,-3.33,5060,5060,4935,727,3603545,43945029700,8895755,KSQ
1160,086060,KR7086060001,진바이오텍,KOSDAQ,중견기업부,5100,3,0,0.0,5050,5160,4925,15105,76439802,43913993700,8610587,KSQ
1161,127710,KR7127710002,아시아경제,KOSDAQ,중견기업부,993,2,-7,-0.7,1020,1020,986,6187,6214214,43740865530,44049210,KSQ
1162,178780,KR7178780003,일월지엠엘,KOSDAQ,벤처기업부,2345,2,-20,-0.85,2295,2365,2295,8700,20256480,43708912275,18639195,KSQ
1163,094940,KR7094940004,푸른로보틱스,KOSDAQ,벤처기업부,5220,2,-220,-4.04,5350,5460,5190,58692,310205375,43646434920,8361386,KSQ
1164,391710,KR7391710001,코닉오토메이션,KOSDAQ,벤처기업부,1023,2,-16,-1.54,988,1039,988,88476,89160669,43600740810,42620470,KSQ
1165,294140,KR7294140009,레몬,KOSDAQ,관리종목(소속부없음),1944,2,-106,-5.17,2050,2050,1930,32493,64486471,43574406192,22414818,KSQ
1166,413640,KR7413640004,비아이매트릭스,KOSDAQ,벤처기업부,6030,2,-220,-3.52,6250,6290,6020,3417,20890380,43457848200,7206940,KSQ
1167,950220,KR8840140006,네오이뮨텍,KOSDAQ,기술성장기업부,1270,2,-94,-6.89,1353,1355,1270,45932,59848471,43449036800,34211840,KSQ
1168,461030,KR7461030009,아이엠비디엑스,KOSDAQ,기술성장기업부,3027,2,-158,-4.96,3180,3180,3000,10133,30784567,43390582959,14334517,KSQ
1169,189690,KR7189690001,포시에스,KOSDAQ,벤처기업부,1588,2,-40,-2.46,1611,1650,1552,8271,13148035,43387286772,27321969,KSQ
1170,094970,KR7094970001,제이엠티,KOSDAQ,벤처기업부,2585,2,-155,-5.66,2710,2725,2575,169692,445968816,43294200400,16748240,KSQ
1171,025880,KR7025880006,케이씨피드,KOSDAQ,우량기업부,2580,2,-15,-0.58,2565,2722,2550,198694,523176934,43126913640,16715858,KSQ
1172,159580,KR7159580000,제로투세븐,KOSDAQ,중견기업부,2140,2,-35,-1.61,2190,2190,2060,12583,26805070,42869841040,20032636,KSQ
1173,143540,KR7143540003,영우디에스피,KOSDAQ,벤처기업부,960,2,-45,-4.48,1000,1001,929,75800,72183984,42815899200,44599895,KSQ
1174,099220,KR7099220006,SDN,KOSDAQ,중견기업부,680,2,-32,-4.49,686,711,673,168596,116224815,42802158000,62944350,KSQ
1175,270870,KR7270870009,뉴트리,KOSDAQ,중견기업부,4650,2,-50,-1.06,4660,4725,4600,8428,39201640,42781041600,9200224,KSQ
1176,072470,KR7072470008,우리산업홀딩스,KOSDAQ,중견기업부,2265,2,-60,-2.58,2305,2390,2250,8162,18609735,42779827365,18887341,KSQ
1177,479960,KR7479960007,위너스일렉,KOSDAQ,중견기업부,6000,2,-390,-6.1,6230,6260,6000,3615,21936380,42756000000,7126000,KSQ
1178,056700,KR7056700008,신화인터텍,KOSDAQ,중견기업부,1466,2,-34,-2.27,1486,1486,1443,70346,102420328,42712043406,29135091,KSQ
1179,051390,KR7051390003,YW,KOSDAQ,중견기업부,3755,2,-70,-1.83,3825,3825,3625,2846,10649070,42639406840,11355368,KSQ
1180,225190,KR7225190008,LK삼양,KOSDAQ,중견기업부,605,2,-30,-4.72,649,649,593,150873,92083823,42633406200,70468440,KSQ
1181,276730,KR7276730009,한울앤제주,KOSDAQ,투자주의환기종목(소속부없음),18640,2,-620,-3.22,20050,20050,18370,3308,62284390,42586975760,2284709,KSQ
1182,129890,KR7129890000,앱코,KOSDAQ,벤처기업부,934,2,-5,-0.53,911,958,911,139158,130243018,42539592268,45545602,KSQ
1183,340360,KR7340360007,다보링크,KOSDAQ,투자주의환기종목(소속부없음),814,2,-59,-6.76,873,900,721,494571,397424897,42379096408,52062772,KSQ
1184,460470,KR7460470008,아이빔테크놀로지,KOSDAQ,기술성장기업부,2800,3,0,0.0,2800,2970,2700,20552,58231630,42334236000,15119370,KSQ
1185,261520,KR7261520001,이지스,KOSDAQ,기술성장기업부,4080,2,-140,-3.32,4180,4235,4035,9467,38873175,41933424000,10277800,KSQ
1186,037230,KR7037230000,한국팩키지,KOSDAQ,우량기업부,1407,1,16,1.15,1393,1598,1393,1477725,2190474276,41929060089,29800327,KSQ
1187,066130,KR7066130006,하츠,KOSDAQ,우량기업부,3275,2,-105,-3.11,3370,3370,3275,7698,25376850,41920000000,12800000,KSQ
1188,131400,KR7131400004,이브이첨단소재,KOSDAQ,벤처기업부,702,2,-37,-5.01,735,735,690,472752,333396897,41833501164,59591882,KSQ
1189,263020,KR7263020000,디케이앤디,KOSDAQ,벤처기업부,3020,2,-80,-2.58,3070,3105,2990,25646,77484090,41785160920,13836146,KSQ
1190,097870,KR7097870000,효성오앤비,KOSDAQ,중견기업부,4920,1,90,1.86,4805,5310,4690,176649,895892345,41770800000,8490000,KSQ
1191,190650,KR7190650002,코리아에셋투자증권,KOSDAQ,우량기업부,6520,2,-130,-1.95,6630,6670,6500,7701,50224480,41649760000,6388000,KSQ
1192,007530,KR7007530009,와이엠,KOSDAQ,중견기업부,1870,1,14,0.75,1850,1870,1802,9123,16887427,41615411970,22254231,KSQ
1193,048770,KR7048770002,TPC로보틱스,KOSDAQ,벤처기업부,2650,2,-150,-5.36,2800,2805,2615,63825,170259085,41599676150,15697991,KSQ
1194,052220,KR7052220001,iMBC,KOSDAQ,중견기업부,1808,2,-86,-4.54,1893,1893,1785,24397,44227517,41584000000,23000000,KSQ
1195,060850,KR7060850005,영림원소프트랩,KOSDAQ,벤처기업부,5080,2,-170,-3.24,5250,5250,5030,1614,8209770,41305480000,8131000,KSQ
1196,277070,KR7277070009,린드먼아시아,KOSDAQ,중견기업부,3015,2,-105,-3.37,2985,3135,2920,7317,21771065,41281380000,13692000,KSQ
1197,273060,KR7273060004,와이즈버즈,KOSDAQ,중견기업부,818,1,2,0.25,816,824,772,20431,16522796,41275938076,50459582,KSQ
1198,068330,KR7068330000,일신바이오,KOSDAQ,중견기업부,933,2,-27,-2.81,933,971,929,63975,60047420,41253658620,44216140,KSQ
1199,222420,KR7222420002,쎄노텍,KOSDAQ,벤처기업부,846,2,-43,-4.84,888,888,834,44837,38098545,40962070458,48418523,KSQ
1200,066900,KR7066900002,디에이피,KOSDAQ,관리종목(소속부없음),1800,2,-50,-2.7,1850,1850,1766,3752,6725718,40940105400,22744503,KSQ
1201,024950,KR7024950008,삼천리자전거,KOSDAQ,중견기업부,3300,2,-180,-5.17,3540,3540,3200,53888,178207773,40920000000,12400000,KSQ
1202,217500,KR7217500008,러셀,KOSDAQ,벤처기업부,1286,2,-95,-6.88,1347,1372,1276,126942,165432741,40910232000,31812000,KSQ
1203,446840,KR7446840001,지슨,KOSDAQ,기술성장기업부,3710,5,-1590,-30.0,4500,4500,3710,183333,697656325,40871645360,11016616,KSQ
1204,262260,KR7262260003,에이프로,KOSDAQ,우량기업부,2710,2,-145,-5.08,2875,2875,2710,31734,87319670,40860458600,15077660,KSQ
1205,238120,KR7238120000,얼라인드,KOSDAQ,기술성장기업부,2870,2,-210,-6.82,3020,3025,2860,25064,72615645,40806446380,14218274,KSQ
1206,014190,KR7014190003,원익큐브,KOSDAQ,우량기업부,1151,2,-25,-2.13,1186,1187,1135,41585,48039609,40739726721,35395071,KSQ
1207,038070,KR7038070009,서린바이오,KOSDAQ,중견기업부,4360,2,-75,-1.69,4515,4515,4330,3743,16586605,40550947360,9300676,KSQ
1208,037330,KR7037330008,인지디스플레,KOSDAQ,우량기업부,924,2,-2,-0.22,953,954,916,18277,16948905,40549946976,43885224,KSQ
1209,099410,KR7099410003,동방선기,KOSDAQ,벤처기업부,2895,2,-95,-3.18,3100,3120,2845,82097,243095740,40530000000,14000000,KSQ
1210,140520,KR7140520008,대창스틸,KOSDAQ,중견기업부,1919,2,-49,-2.49,1965,1968,1913,37011,71880661,40508637317,21109243,KSQ
1211,419080,KR7419080007,엔젯,KOSDAQ,기술성장기업부,3720,2,-10,-0.27,4010,4090,3625,38235,144414675,40443159240,10871817,KSQ
1212,089790,KR7089790000,제이티,KOSDAQ,벤처기업부,3915,2,-175,-4.28,4075,4135,3880,40939,161990494,40385233395,10315513,KSQ
1213,042940,KR7042940007,상지건설,KOSDAQ,중견기업부,5880,2,-160,-2.65,5800,6060,5800,45552,267925930,40152826560,6828712,KSQ
1214,199550,KR7199550005,레이저옵텍,KOSDAQ,벤처기업부,2700,2,-55,-2.0,2615,2735,2590,30267,80141480,40083635700,14845791,KSQ
1215,002290,KR7002290005,삼일기업공사,KOSDAQ,우량기업부,3225,2,-55,-1.68,3220,3275,3200,16091,51918390,39990000000,12400000,KSQ
1216,299900,KR7299900001,위지윅스튜디오,KOSDAQ,중견기업부,233,0,0,0.0,0,0,0,0,0,39854389972,171048884,KSQ
1217,066910,KR7066910001,손오공,KOSDAQ,중견기업부,2970,4,685,29.98,2485,2970,2350,3803761,10947440370,39758297040,13386632,KSQ
1218,263810,KR7263810004,상신전자,KOSDAQ,중견기업부,2495,2,-5,-0.2,2560,2560,2450,41925,104471994,39732438375,15924825,KSQ
1219,064090,KR7064090004,인크레더블버즈,KOSDAQ,관리종목(소속부없음),798,0,0,0.0,0,0,0,0,0,39694710510,49742745,KSQ
1220,050120,KR7050120005,ES큐브,KOSDAQ,중견기업부,2910,2,-15,-0.51,2980,2980,2805,253,724475,39471490260,13564086,KSQ
1221,224110,KR7224110007,에이텍모빌리티,KOSDAQ,벤처기업부,7720,2,-150,-1.91,7890,7890,7600,6900,53046800,39220579920,5080386,KSQ
1222,0010V0,KR70010V0005,제이피아이헬스케어,KOSDAQ,벤처기업부,7680,2,-320,-4.0,7900,7910,7300,11441,86352110,39209472000,5105400,KSQ
1223,153460,KR7153460001,네이블,KOSDAQ,중견기업부,6000,2,-390,-6.1,6210,6210,5940,3087,18586920,39180084000,6530014,KSQ
1224,361570,KR7361570005,알비더블유,KOSDAQ,중견기업부,1359,2,-41,-2.93,1374,1375,1345,14953,20311564,39062132469,28743291,KSQ
1225,049830,KR7049830003,승일,KOSDAQ,중견기업부,6350,2,-80,-1.24,6430,6500,6200,220,1386360,38938911200,6132112,KSQ
1226,360350,KR7360350003,코셈,KOSDAQ,기술성장기업부,7150,1,60,0.85,7040,8170,6970,49634,373698450,38881485500,5437970,KSQ
1227,196450,KR7196450001,코아시아씨엠,KOSDAQ,중견기업부,857,1,20,2.39,908,1000,835,144047,129883942,38839240000,45320000,KSQ
1228,215380,KR7215380007,우정바이오,KOSDAQ,벤처기업부,2300,2,-35,-1.5,2335,2375,2260,32872,75442350,38708024800,16829576,KSQ
1229,114450,KR7114450000,그린생명과학,KOSDAQ,벤처기업부,1933,2,-102,-5.01,1938,1987,1921,84219,164295076,38660000000,20000000,KSQ
1230,221980,KR7221980006,케이디켐,KOSDAQ,우량기업부,9550,1,60,0.63,9490,9550,9400,946,8946525,38532340000,4034800,KSQ
1231,315640,KR7315640003,딥노이드,KOSDAQ,기술성장기업부,1308,2,-66,-4.8,1374,1380,1302,49972,66286728,38418879456,29372232,KSQ
1232,382150,KR7382150001,온코크로스,KOSDAQ,기술성장기업부,3140,2,-160,-4.85,3210,3335,3120,28474,91080440,38295304980,12195957,KSQ
1233,219420,KR7219420007,링크제니시스,KOSDAQ,기술성장기업부,3330,2,-100,-2.92,3435,3435,3280,13016,43085165,38193458310,11469507,KSQ
1234,355690,KR7355690009,에이텀,KOSDAQ,기술성장기업부,4060,2,-355,-8.04,4175,4360,3925,102453,417276590,38184218800,9404980,KSQ
1235,043340,KR7043340009,에쎈테크,KOSDAQ,중견기업부,800,2,-12,-1.48,812,844,775,41937,33617147,38000000000,47500000,KSQ
1236,044960,KR7044960003,이글벳,KOSDAQ,중견기업부,3005,2,-40,-1.31,3015,3040,2980,18832,56642500,37988858415,12641883,KSQ
1237,104200,KR7104200001,NHN벅스,KOSDAQ,중견기업부,2560,2,-70,-2.66,2665,2665,2510,12421,31946260,37958528000,14827550,KSQ
1238,307280,KR7307280008,원바이오젠,KOSDAQ,벤처기업부,5350,1,50,0.94,5300,5780,5200,15577,84089270,37956254450,7094627,KSQ
1239,900250,KYG2115T1076,크리스탈신소재,KOSDAQ,외국기업(소속부없음),1058,2,-17,-1.58,1075,1084,1054,63122,67339935,37892271058,35815001,KSQ
1240,072770,KR7072770001,멤레이비티,KOSDAQ,중견기업부,910,2,-143,-13.58,1143,1150,860,773032,764015166,37776009180,41512098,KSQ
1241,046310,KR7046310009,백금T&A,KOSDAQ,우량기업부,2300,2,-85,-3.56,2385,2385,2285,24701,56928645,37762874300,16418641,KSQ
1242,171010,KR7171010002,램테크놀러지,KOSDAQ,벤처기업부,2640,2,-95,-3.47,2780,2780,2610,45871,121579510,37748705280,14298752,KSQ
1243,227950,KR7227950003,엔투텍,KOSDAQ,벤처기업부,1091,2,-58,-5.05,1148,1148,1055,26280,29025659,37648456019,34508209,KSQ
1244,290670,KR7290670009,대보마그네틱,KOSDAQ,중견기업부,4790,2,-260,-5.15,5010,5020,4775,6846,33083494,37638191400,7857660,KSQ
1245,424980,KR7424980001,마이크로투나노,KOSDAQ,기술성장기업부,6350,2,-490,-7.16,6780,6780,6110,7628,49044240,37584951500,5918890,KSQ
1246,050860,KR7050860006,아세아텍,KOSDAQ,우량기업부,1670,2,-50,-2.91,1702,1702,1650,12554,21179716,37575000000,22500000,KSQ
1247,263920,KR7263920001,휴엠앤씨,KOSDAQ,중견기업부,3830,1,230,6.39,3500,3910,3500,16247,62454855,37568569580,9809026,KSQ
1248,369370,KR7369370002,블리츠웨이엔터테인먼트,KOSDAQ,벤처기업부,750,0,0,0.0,0,0,0,0,0,37403933250,49871911,KSQ
1249,150900,KR7150900009,파수AI,KOSDAQ,벤처기업부,3195,2,-60,-1.84,3155,3235,3090,19956,62954610,37394030790,11703922,KSQ
1250,261200,KR7261200000,덴티스,KOSDAQ,중견기업부,2365,2,-165,-6.52,2505,2505,2330,51733,123104483,37389940500,15809700,KSQ
1251,177900,KR7177900008,쓰리에이로직스,KOSDAQ,기술성장기업부,3880,2,-180,-4.43,3960,4230,3810,22406,88041810,37355088000,9627600,KSQ
1252,203450,KR7203450002,유니온바이오메트릭스,KOSDAQ,벤처기업부,2650,2,-60,-2.21,2685,2685,2625,2881,7612940,37309368550,14079007,KSQ
1253,045060,KR7045060001,오공,KOSDAQ,우량기업부,2200,3,0,0.0,2210,2245,2140,34320,74972165,37272342800,16941974,KSQ
1254,256150,KR7256150004,한독크린텍,KOSDAQ,벤처기업부,4435,2,-95,-2.1,4425,4450,4400,885,3901670,37231825000,8395000,KSQ
1255,207760,KR7207760000,미스터블루,KOSDAQ,중견기업부,447,2,-14,-3.04,475,475,436,69738,31296121,37136663001,83079783,KSQ
1256,123570,KR7123570004,이엠넷,KOSDAQ,중견기업부,1666,2,-16,-0.95,1672,1680,1635,1014,1676317,37111945948,22276078,KSQ
1257,100660,KR7100660000,서암기계공업,KOSDAQ,중견기업부,2940,2,-70,-2.33,3010,3060,2900,62029,183186080,37044000000,12600000,KSQ
1258,466410,KR7466410008,사이냅소프트,KOSDAQ,벤처기업부,7350,2,-400,-5.16,7710,7710,7170,15270,111821000,37022119050,5037023,KSQ
1259,204020,KR7204020002,그리티,KOSDAQ,우량기업부,1902,1,1,0.05,1901,1989,1881,26287,50997593,36995482464,19450832,KSQ
1260,365590,KR7365590009,하이딥,KOSDAQ,기술성장기업부,1003,2,-65,-6.09,1068,1068,971,68885,69133253,36924993650,36814550,KSQ
1261,014570,KR7014570006,고려제약,KOSDAQ,중견기업부,3350,2,-65,-1.9,3410,3410,3345,4896,16434543,36850000000,11000000,KSQ
1262,051490,KR7051490001,나라엠앤디,KOSDAQ,우량기업부,2580,2,-120,-4.44,2730,2740,2535,50343,130643165,36636000000,14200000,KSQ
1263,263700,KR7263700007,케어랩스,KOSDAQ,중견기업부,1885,2,-100,-5.04,1985,2020,1882,11074,21098815,36595767000,19414200,KSQ
1264,189860,KR7189860000,서전기전,KOSDAQ,벤처기업부,3770,2,-255,-6.34,3905,3980,3715,48818,186399239,36564400600,9698780,KSQ
1265,258610,KR7258610005,케일럼,KOSDAQ,중견기업부,1002,2,-21,-2.05,1023,1033,997,36013,36181248,36558033126,36485063,KSQ
1266,122690,KR7122690001,서진오토모티브,KOSDAQ,중견기업부,1578,2,-45,-2.77,1623,1623,1553,25465,40029503,36418923948,23079166,KSQ
1267,024120,KR7024120008,KB오토시스,KOSDAQ,중견기업부,3165,2,-55,-1.71,3190,3225,3145,7234,23065870,36397500000,11500000,KSQ
1268,250000,KR7250000007,보라티알,KOSDAQ,우량기업부,5390,2,-110,-2.0,5500,5500,5180,4933,26373370,36386450870,6750733,KSQ
1269,305090,KR7305090003,마이크로디지탈,KOSDAQ,기술성장기업부,1946,2,-164,-7.77,2060,2115,1920,82506,164635420,36236176046,18620851,KSQ
1270,065500,KR7065500001,오리엔트정공,KOSDAQ,중견기업부,1085,2,-35,-3.13,1090,1109,1068,60203,65062871,36068559520,33242912,KSQ
1271,237820,KR7237820006,플레이디,KOSDAQ,중견기업부,2805,2,-125,-4.27,2930,2930,2780,14375,41617460,35980127700,12827140,KSQ
1272,065440,KR7065440000,이루온,KOSDAQ,벤처기업부,1319,2,-61,-4.42,1367,1380,1304,162993,216476089,35975751380,27275020,KSQ
1273,033340,KR7033340001,좋은사람들,KOSDAQ,중견기업부,371,5,-159,-30.0,594,600,371,10009373,4414683032,35968657018,96950558,KSQ
1274,284620,KR7284620002,카이노스메드,KOSDAQ,투자주의환기종목(소속부없음),1087,0,0,0.0,0,0,0,0,0,35965517911,33086953,KSQ
1275,234100,KR7234100006,폴라리스세원,KOSDAQ,우량기업부,2460,2,-245,-9.06,2705,2720,2460,48069,123330397,35920024560,14601636,KSQ
1276,297570,KR7297570004,아틀라스링크,KOSDAQ,벤처기업부,1035,2,-14,-1.33,1049,1052,1012,20203,20826064,35832960630,34621218,KSQ
1277,127980,KR7127980001,화인써키트,KOSDAQ,중견기업부,3025,2,-215,-6.64,3245,3245,3015,8024,24541475,35818069100,11840684,KSQ
1278,196300,KR7196300008,HLB펩,KOSDAQ,관리종목(소속부없음),3820,2,-315,-7.62,4130,4130,3510,39120,145236945,35817996980,9376439,KSQ
1279,290120,KR7290120005,DH오토리드,KOSDAQ,중견기업부,2260,2,-85,-3.62,2325,2325,2205,17029,37892341,35764900020,15825177,KSQ
1280,352700,KR7352700009,씨앤투스,KOSDAQ,벤처기업부,1360,2,-108,-7.36,1468,1470,1326,53433,74140133,35736582640,26276899,KSQ
1281,068940,KR7068940006,셀피글로벌,KOSDAQ,관리종목(소속부없음),778,0,0,0.0,0,0,0,0,0,35720093048,45912716,KSQ
1282,348080,KR7348080003,큐라티스,KOSDAQ,중견기업부,309,0,0,0.0,0,0,0,0,0,35673982329,115449781,KSQ
1283,229000,KR7229000005,젠큐릭스,KOSDAQ,기술성장기업부,1520,2,-21,-1.36,1633,1633,1470,84817,129721732,35610810800,23428165,KSQ
1284,105760,KR7105760003,포스뱅크,KOSDAQ,우량기업부,3490,2,-100,-2.79,3580,3580,3460,9040,31646065,35566195630,10190887,KSQ
1285,263770,KR7263770000,유에스티,KOSDAQ,우량기업부,1500,2,-85,-5.36,1585,1590,1467,33215,49788376,35550258000,23700172,KSQ
1286,081580,KR7081580003,성우전자,KOSDAQ,중견기업부,2290,2,-55,-2.35,2340,2390,2260,34053,78318524,35513647470,15508143,KSQ
1287,021650,KR7021650007,한국큐빅,KOSDAQ,중견기업부,2170,3,0,0.0,2145,2250,2080,11571,24797070,35480721710,16350563,KSQ
1288,057030,KR7057030009,YBM넷,KOSDAQ,중견기업부,2170,2,-20,-0.91,2185,2200,1999,38274,78510492,35398552490,16312697,KSQ
1289,043910,KR7043910009,자연과환경,KOSDAQ,벤처기업부,3120,1,5,0.16,3130,3255,3015,48894,154119542,35378132400,11339145,KSQ
1290,263050,KR7263050007,유틸렉스,KOSDAQ,관리종목(소속부없음),959,0,0,0.0,0,0,0,0,0,35324626904,36834856,KSQ
1291,419120,KR7419120001,산돌,KOSDAQ,중견기업부,2480,2,-75,-2.94,2505,2550,2410,2724,6749580,35273260720,14223089,KSQ
1292,019770,KR7019770007,서연탑메탈,KOSDAQ,우량기업부,3025,2,-125,-3.97,3150,3165,2970,12181,36939260,35241250000,11650000,KSQ
1293,052600,KR7052600004,한네트,KOSDAQ,중견기업부,3035,2,-35,-1.14,3065,3075,2970,7087,21400715,35095829500,11563700,KSQ
1294,083550,KR7083550004,케이엠,KOSDAQ,중견기업부,2585,2,-95,-3.54,2670,2690,2580,5184,13615555,35042686525,13556165,KSQ
1295,376930,KR7376930004,노을,KOSDAQ,기술성장기업부,683,2,-13,-1.87,670,709,670,73071,49576450,35031973609,51291323,KSQ
1296,221840,KR7221840002,하이즈항공,KOSDAQ,중견기업부,1862,2,-51,-2.67,1944,1944,1830,2043,3848240,34820444582,18700561,KSQ
1297,260660,KR7260660006,알리코제약,KOSDAQ,중견기업부,2265,2,-130,-5.43,2355,2510,2225,79918,185287880,34715702565,15327021,KSQ
1298,450330,KR7450330006,하스,KOSDAQ,기술성장기업부,4235,2,-100,-2.31,4210,4355,4210,2575,11016310,34671280105,8186843,KSQ
1299,049470,KR7049470008,비트플래닛,KOSDAQ,중견기업부,1472,2,-20,-1.34,1492,1546,1401,23569,34917084,34658091328,23544899,KSQ
1300,064520,KR7064520000,테크엘,KOSDAQ,중견기업부,1544,2,-41,-2.59,1584,1584,1543,5390,8393172,34510039728,22351062,KSQ
1301,025440,KR7025440009,DH오토웨어,KOSDAQ,투자주의환기종목(소속부없음),3530,2,-30,-0.84,3550,3585,3435,12914,45166605,34439541320,9756244,KSQ
1302,071850,KR7071850002,캐스텍코리아,KOSDAQ,투자주의환기종목(소속부없음),1417,2,-4,-0.28,1383,1420,1383,3103,4396920,34377749146,24260938,KSQ
1303,032960,KR7032960007,동일기연,KOSDAQ,관리종목(소속부없음),1950,2,-33,-1.66,1983,2025,1950,17042,33615339,34306301250,17592975,KSQ
1304,246690,KR7246690002,TS인베스트먼트,KOSDAQ,중견기업부,1438,2,-61,-4.07,1495,1499,1414,50849,73792851,34193014212,23778174,KSQ
1305,059100,KR7059100008,아이컴포넌트,KOSDAQ,벤처기업부,4835,2,-175,-3.49,5050,5050,4815,5750,28139750,34187608100,7070860,KSQ
1306,033170,KR7033170002,시그네틱스,KOSDAQ,중견기업부,398,2,-37,-8.51,435,439,372,452314,182368291,34119870962,85728319,KSQ
1307,186230,KR7186230009,그린플러스,KOSDAQ,벤처기업부,3120,2,-85,-2.65,3175,3175,3045,8582,26791897,34070986560,10920188,KSQ
1308,226330,KR7226330009,신테카바이오,KOSDAQ,기술성장기업부,1402,2,-188,-11.82,1589,1589,1386,315593,452985920,34010381950,24258475,KSQ
1309,020180,KR7020180006,대신정보통신,KOSDAQ,중견기업부,882,2,-19,-2.11,896,900,871,178318,157006085,33894303030,38428915,KSQ
1310,101240,KR7101240000,씨큐브,KOSDAQ,우량기업부,2980,2,-55,-1.81,3035,3090,2980,3197,9609870,33844014960,11357052,KSQ
1311,432430,KR7432430007,와이랩,KOSDAQ,기술성장기업부,2050,2,-20,-0.97,2095,2095,1950,4988,10018847,33842056000,16508320,KSQ
1312,278650,KR7278650007,HLB바이오스텝,KOSDAQ,중견기업부,1937,2,-163,-7.76,2095,2095,1886,146343,288626399,33766551052,17432396,KSQ
1313,148930,KR7148930001,에이치와이티씨,KOSDAQ,중견기업부,3315,3,0,0.0,3300,3345,3230,35705,118177275,33730831095,10175213,KSQ
1314,184230,KR7184230001,SGA솔루션즈,KOSDAQ,벤처기업부,1771,2,-110,-5.85,1879,1879,1765,36256,64454805,33450610809,18887979,KSQ
1315,458350,KR7458350006,에스팀,KOSDAQ,중견기업부,3850,2,-65,-1.66,3705,3880,3705,22387,85757200,33430320000,8683200,KSQ
1316,038880,KR7038880001,아이에이,KOSDAQ,투자주의환기종목(소속부없음),4430,1,545,14.03,3815,4540,3810,162710,701498348,33288893890,7514423,KSQ
1317,087600,KR7087600003,픽셀플러스,KOSDAQ,벤처기업부,4065,2,-80,-1.93,4000,4095,4000,373,1505145,33197058270,8166558,KSQ
1318,006920,KR7006920003,모헨즈,KOSDAQ,중견기업부,3040,2,-70,-2.25,3040,3155,2950,139703,426259372,33196800000,10920000,KSQ
1319,239890,KR7239890007,피엔에이치테크,KOSDAQ,기술성장기업부,3340,2,-150,-4.3,3490,3510,3335,17642,59666472,33185421700,9935755,KSQ
1320,373200,KR7373200005,엑스플러스,KOSDAQ,벤처기업부,1322,2,-85,-6.04,1346,1379,1289,217981,288537265,33107159314,25043237,KSQ
1321,465480,KR7465480002,인스피언,KOSDAQ,벤처기업부,3260,2,-240,-6.86,3475,3475,3215,6357,20905320,33049136720,10137772,KSQ
1322,128540,KR7128540002,에코캡,KOSDAQ,우량기업부,1237,2,-70,-5.36,1300,1311,1221,25281,31610951,33016099020,26690460,KSQ
1323,364950,KR7364950006,에이아이코리아,KOSDAQ,벤처기업부,3970,2,-115,-2.82,4060,4060,3900,11028,43759855,32936886650,8296445,KSQ
1324,200780,KR7200780005,비씨월드제약,KOSDAQ,중견기업부,3085,2,-135,-4.19,3105,3190,3085,6434,20026415,32903564185,10665661,KSQ
1325,026040,KR7026040006,제이에스티나,KOSDAQ,중견기업부,1992,2,-138,-6.48,2235,2300,1971,306552,640445295,32875549680,16503790,KSQ
1326,038060,KR7038060000,루멘스,KOSDAQ,중견기업부,680,2,-62,-8.36,766,766,675,97621,67767518,32710086920,48103069,KSQ
1327,317870,KR7317870004,엔바이오니아,KOSDAQ,기술성장기업부,3695,2,-300,-7.51,3995,4035,3655,20874,79233311,32670802025,8841895,KSQ
1328,016600,KR7016600009,큐캐피탈,KOSDAQ,중견기업부,2340,2,-195,-7.69,2540,2540,2280,98489,229437473,32670146340,13961601,KSQ
1329,318410,KR7318410008,비비씨,KOSDAQ,중견기업부,5880,2,-190,-3.13,6010,6110,5880,8408,50601635,32664828840,5555243,KSQ
1330,464280,KR7464280007,티디에스팜,KOSDAQ,중견기업부,5900,1,80,1.37,5820,6000,5550,22241,128666750,32627000000,5530000,KSQ
1331,220180,KR7220180004,핸디소프트,KOSDAQ,벤처기업부,1363,2,-59,-4.15,1361,1404,1355,3305,4516693,32617737646,23930842,KSQ
1332,332290,KR7332290006,누보,KOSDAQ,벤처기업부,815,1,24,3.03,791,894,765,918644,769730334,32522089260,39904404,KSQ
1333,086040,KR7086040003,바이오톡스텍,KOSDAQ,벤처기업부,2030,2,-55,-2.64,2085,2090,1997,2839,5807112,32395241410,15958247,KSQ
1334,046390,KR7046390001,삼화네트웍스,KOSDAQ,중견기업부,1874,2,-67,-3.45,1877,1951,1820,52206,97324619,32362430202,17269173,KSQ
1335,408900,KR7408900009,스튜디오미르,KOSDAQ,중견기업부,988,2,-17,-1.69,980,1003,965,37940,37101485,32359893852,32752929,KSQ
1336,089140,KR7089140008,넥스턴앤롤코리아,KOSDAQ,벤처기업부,2105,2,-80,-3.66,2135,2240,2095,37213,78726877,32240672570,15316234,KSQ
1337,262840,KR7262840002,아이퀘스트,KOSDAQ,벤처기업부,3050,1,125,4.27,2805,3070,2780,152984,461455255,32229203600,10566952,KSQ
1338,299660,KR7299660001,셀리드,KOSDAQ,기술성장기업부,1089,2,-47,-4.14,1136,1147,1078,188330,206746260,32128741953,29502977,KSQ
1339,208860,KR7208860007,다산디엠씨,KOSDAQ,벤처기업부,946,2,-27,-2.77,947,1010,930,16780,16246752,32116674458,33949973,KSQ
1340,066360,KR7066360009,체리부로,KOSDAQ,우량기업부,666,2,-19,-2.77,694,694,650,68569,45928454,31936041990,47952015,KSQ
1341,159910,KR7159910009,에코글로우,KOSDAQ,중견기업부,3050,2,-85,-2.71,3140,3280,3005,7148,21683795,31924645850,10467097,KSQ
1342,080520,KR7080520000,오디텍,KOSDAQ,벤처기업부,2815,2,-105,-3.6,2890,2890,2790,2891,8144690,31872603855,11322417,KSQ
1343,079000,KR7079000006,와토스코리아,KOSDAQ,중견기업부,4420,2,-135,-2.96,4595,4790,4375,19565,88350787,31824000000,7200000,KSQ
1344,068050,KR7068050004,팬엔터테인먼트,KOSDAQ,중견기업부,1136,2,-47,-3.97,1171,1171,1114,37554,42531739,31460470336,27694076,KSQ
1345,090410,KR7090410002,덕신이피씨,KOSDAQ,우량기업부,682,2,-66,-8.82,712,722,680,192688,133895845,31429352790,46084095,KSQ
1346,065950,KR7065950008,웰크론,KOSDAQ,중견기업부,1113,2,-205,-15.55,1350,1500,1100,1299222,1690336275,31421439126,28231302,KSQ
1347,321820,KR7321820003,아티스트컴퍼니,KOSDAQ,기술성장기업부,2015,2,-140,-6.5,2155,2170,2015,20600,42309075,31416622640,15591376,KSQ
1348,103840,KR7103840005,우양,KOSDAQ,중견기업부,1917,2,-55,-2.79,1911,1958,1892,25909,49642240,31374442476,16366428,KSQ
1349,475460,KR7475460002,미트박스,KOSDAQ,벤처기업부,5540,2,-110,-1.95,5560,5640,5500,21406,119113570,31281748500,5646525,KSQ
1350,258830,KR7258830009,세종메디칼,KOSDAQ,관리종목(소속부없음),412,0,0,0.0,0,0,0,0,0,31223976612,75786351,KSQ
1351,133750,KR7133750000,메가엠디,KOSDAQ,중견기업부,1330,2,-15,-1.12,1331,1355,1323,9226,12319024,31131412410,23407077,KSQ
1352,173940,KR7173940008,에프엔씨엔터,KOSDAQ,중견기업부,2020,2,-95,-4.49,2110,2110,2015,8780,17810985,31093472160,15392808,KSQ
1353,393210,KR7393210000,토마토시스템,KOSDAQ,기술성장기업부,1991,2,-79,-3.82,1980,2120,1980,13194,26603947,31088557104,15614544,KSQ
1354,091970,KR7091970004,LSK아이로봇,KOSDAQ,중견기업부,4115,2,-185,-4.3,4250,4335,4015,131103,542363005,31005619700,7534780,KSQ
1355,388610,KR7388610008,지에프씨생명과학,KOSDAQ,기술성장기업부,5820,2,-220,-3.64,6000,6040,5750,7704,45430710,30993729060,5325383,KSQ
1356,033830,KR7033830001,티비씨,KOSDAQ,중견기업부,1638,2,-33,-1.97,1665,1665,1638,6195,10226333,30969878940,18907130,KSQ
1357,089150,KR7089150007,케이씨티,KOSDAQ,벤처기업부,1800,2,-93,-4.91,1893,1912,1739,62322,114224161,30870000000,17150000,KSQ
1358,452200,KR7452200009,민테크,KOSDAQ,기술성장기업부,1265,2,-55,-4.17,1333,1333,1245,128415,164198456,30780992000,24332800,KSQ
1359,340810,KR7340810001,시선AI,KOSDAQ,기술성장기업부,2255,2,-85,-3.63,2250,2340,2250,23044,52824305,30769420880,13644976,KSQ
1360,290090,KR7290090000,트윔,KOSDAQ,벤처기업부,4135,3,0,0.0,4120,4290,4025,1536,6247560,30766748680,7440568,KSQ
1361,160550,KR7160550000,NEW,KOSDAQ,중견기업부,1097,2,-22,-1.97,1107,1107,1069,23729,25986167,30612998282,27906106,KSQ
1362,106240,KR7106240005,파인테크닉스,KOSDAQ,벤처기업부,1281,2,-84,-6.15,1389,1399,1281,28973,39517978,30586872540,23877340,KSQ
1363,031510,KR7031510001,오스템,KOSDAQ,중견기업부,1082,2,-12,-1.1,1083,1110,1060,52068,56608185,30296000000,28000000,KSQ
1364,038620,KR7038620001,위즈코프,KOSDAQ,벤처기업부,1998,2,-27,-1.33,2010,2050,1941,38015,75814438,30261494214,15145893,KSQ
1365,246250,KR7246250005,에스엘에스바이오,KOSDAQ,관리종목(소속부없음),1969,0,0,0.0,0,0,0,0,0,30220617614,15348206,KSQ
1366,075130,KR7075130005,플랜티넷,KOSDAQ,벤처기업부,1870,2,-51,-2.65,1922,1922,1865,13135,24827309,30148738400,16122320,KSQ
1367,452300,KR7452300007,캡스톤파트너스,KOSDAQ,중견기업부,2125,2,-85,-3.85,2180,2205,2115,30640,65726220,30110198125,14169505,KSQ
1368,075970,KR7075970004,동국알앤에스,KOSDAQ,중견기업부,1633,2,-27,-1.63,1660,1748,1631,37971,62995708,30047200000,18400000,KSQ
1369,206400,KR7206400004,베노티앤알,KOSDAQ,중견기업부,800,2,-63,-7.3,855,880,781,73356,59540391,30008126400,37510158,KSQ
1370,038950,KR7038950002,파인디지털,KOSDAQ,중견기업부,2925,1,20,0.69,2800,3050,2790,2922,8534690,29866487625,10210765,KSQ
1371,452160,KR7452160005,제이엔비,KOSDAQ,중견기업부,3100,2,-115,-3.58,3065,3215,3015,23768,74532365,29814333700,9617527,KSQ
1372,123750,KR7123750002,알톤,KOSDAQ,중견기업부,2155,2,-35,-1.6,2190,2230,2080,13050,27873589,29780503145,13819259,KSQ
1373,311390,KR7311390009,네오크레마,KOSDAQ,벤처기업부,2350,2,-110,-4.47,2435,2460,2250,16803,39796145,29736404150,12653789,KSQ
1374,064480,KR7064480007,브리지텍,KOSDAQ,벤처기업부,2485,2,-150,-5.69,2605,2635,2475,36344,92421910,29701962500,11952500,KSQ
1375,215790,KR7215790007,이노인스트루먼트,KOSDAQ,중견기업부,734,2,-87,-10.6,779,789,730,999041,753220408,29567831366,40283149,KSQ
1376,012620,KR7012620001,원일특강,KOSDAQ,우량기업부,6700,2,-50,-0.74,6870,6870,6660,4595,30820510,29480000000,4400000,KSQ
1377,044480,KR7044480002,빌리언스,KOSDAQ,중견기업부,886,2,-25,-2.74,911,920,871,30828,27284606,29460311576,33250916,KSQ
1378,335810,KR7335810008,프리시젼바이오,KOSDAQ,기술성장기업부,1342,2,-144,-9.69,1455,1455,1270,27131,36071386,29456237052,21949506,KSQ
1379,050110,KR7050110006,캠시스,KOSDAQ,중견기업부,1007,2,-57,-5.36,1043,1147,1002,674588,716436896,29429396761,29224823,KSQ
1380,215090,KR7215090002,솔디펜스,KOSDAQ,벤처기업부,1270,2,-44,-3.35,1299,1317,1215,60714,77261327,29407689470,23155661,KSQ
1381,148250,KR7148250004,알엔투테크놀로지,KOSDAQ,벤처기업부,2160,2,-90,-4.0,2230,2340,2145,55184,123810105,29399120640,13610704,KSQ
1382,363250,KR7363250002,진시스템,KOSDAQ,기술성장기업부,3455,1,50,1.47,3380,3550,3280,31945,111229345,29396459810,8508382,KSQ
1383,035460,KR7035460005,기산텔레콤,KOSDAQ,벤처기업부,1968,2,-97,-4.7,2065,2065,1950,78321,156174370,29363229120,14920340,KSQ
1384,340440,KR7340440007,세림B&G,KOSDAQ,벤처기업부,1032,1,69,7.17,1012,1236,1005,5716432,6401592311,29286471648,28378364,KSQ
1385,239610,KR7239610009,에이치엘사이언스,KOSDAQ,벤처기업부,5430,2,-60,-1.09,5420,5490,5380,333,1810500,29279184450,5392115,KSQ
1386,351320,KR7351320007,넥사다이내믹스,KOSDAQ,중견기업부,984,2,-15,-1.5,990,998,960,20800,20368556,29223463728,29698642,KSQ
1387,039290,KR7039290002,인포뱅크,KOSDAQ,중견기업부,3355,2,-100,-2.89,3455,3640,3345,5504,19053320,29168296190,8693978,KSQ
1388,310870,KR7310870001,디와이씨,KOSDAQ,벤처기업부,1323,2,-49,-3.57,1374,1450,1297,74286,99049134,29003602446,21922602,KSQ
1389,105550,KR7105550008,엣지파운드리,KOSDAQ,중견기업부,370,2,-27,-6.8,395,395,367,171488,64830773,28973608870,78307051,KSQ
1390,187270,KR7187270004,신화콘텍,KOSDAQ,벤처기업부,2855,2,-35,-1.21,3040,3040,2840,1646,4752680,28960677475,10143845,KSQ
1391,407400,KR7407400001,꿈비,KOSDAQ,벤처기업부,1977,2,-93,-4.49,2130,2145,1950,26224,53011737,28932473718,14634534,KSQ
1392,121890,KR7121890008,에스디시스템,KOSDAQ,중견기업부,2175,1,125,6.1,2055,2340,1965,181384,404995377,28908895050,13291446,KSQ
1393,053290,KR7053290003,NE능률,KOSDAQ,중견기업부,1742,1,1,0.06,1737,1800,1644,74005,126845139,28788826794,16526307,KSQ
1394,096630,KR7096630009,에스코넥,KOSDAQ,우량기업부,1812,2,-28,-1.52,1835,1840,1750,37552,66935693,28767897276,15876323,KSQ
1395,318010,KR7318010006,팜스빌,KOSDAQ,벤처기업부,3620,2,-90,-2.43,3750,3750,3600,13398,48740955,28704203560,7929338,KSQ
1396,058110,KR7058110008,멕아이씨에스,KOSDAQ,기술성장기업부,1783,2,-72,-3.88,1855,1855,1751,80772,146123916,28618094990,16050530,KSQ
1397,351330,KR7351330006,이삭엔지니어링,KOSDAQ,벤처기업부,3450,2,-230,-6.25,3650,3650,3430,4689,16360465,28595394000,8288520,KSQ
1398,131090,KR7131090003,시큐브,KOSDAQ,벤처기업부,3730,2,-150,-3.87,3845,3845,3690,12051,44809970,28565164330,7658221,KSQ
1399,131220,KR7131220006,대한과학,KOSDAQ,벤처기업부,3830,2,-130,-3.28,3925,3960,3825,22644,87313377,28550696700,7454490,KSQ
1400,008470,KR7008470007,부스타,KOSDAQ,벤처기업부,3395,1,55,1.65,3665,3665,3350,16897,57311080,28534296000,8404800,KSQ
1401,417860,KR7417860004,오브젠,KOSDAQ,벤처기업부,6050,2,-300,-4.72,6290,6450,6040,12225,75590160,28476781300,4706906,KSQ
1402,336060,KR7336060009,웨이버스,KOSDAQ,벤처기업부,590,0,0,0.0,0,0,0,0,0,28411568000,48155200,KSQ
1403,288980,KR7288980006,모아데이타,KOSDAQ,기술성장기업부,780,2,-80,-9.3,860,863,771,267094,213260567,28377475620,36381379,KSQ
1404,119500,KR7119500007,포메탈,KOSDAQ,중견기업부,2395,2,-85,-3.43,2480,2480,2375,19281,46324418,28374120640,11847232,KSQ
1405,097780,KR7097780001,에코볼트,KOSDAQ,중견기업부,1398,2,-23,-1.62,1423,1423,1360,11017,15388601,28369738422,20293089,KSQ
1406,289220,KR7289220006,자이언트스텝,KOSDAQ,기술성장기업부,1271,2,-69,-5.15,1327,1327,1271,13461,17341028,28358832891,22312221,KSQ
1407,288620,KR7288620008,에스프리즘,KOSDAQ,벤처기업부,4060,1,30,0.74,4030,4155,3960,9332,37925215,28336022960,6979316,KSQ
1408,043220,KR7043220003,티에스넥스젠,KOSDAQ,관리종목(소속부없음),1710,0,0,0.0,0,0,0,0,0,28191099330,16486023,KSQ
1409,069410,KR7069410009,엔텔스,KOSDAQ,벤처기업부,2745,2,-95,-3.35,2845,2845,2685,36627,100969447,28122041880,10244824,KSQ
1410,022220,KR7022220008,티케이지애강,KOSDAQ,중견기업부,534,2,-26,-4.64,560,562,531,1727,942256,27658305186,51794579,KSQ
1411,444530,KR7444530000,심플랫폼,KOSDAQ,기술성장기업부,4300,2,-260,-5.7,4515,4540,4300,15860,69599922,27600169200,6418644,KSQ
1412,080530,KR7080530009,코디,KOSDAQ,중견기업부,2490,2,-60,-2.35,2600,2600,2485,5191,13097645,27568493160,11071684,KSQ
1413,109820,KR7109820001,진매트릭스,KOSDAQ,기술성장기업부,1351,2,-43,-3.08,1380,1395,1349,7552,10317945,27551807640,20393640,KSQ
1414,348030,KR7348030008,모비릭스,KOSDAQ,중견기업부,2865,2,-90,-3.05,2930,2985,2720,73942,209628490,27514887000,9603800,KSQ
1415,060540,KR7060540002,에스에이티,KOSDAQ,중견기업부,1050,2,-20,-1.87,1070,1070,1050,7690,8158295,27439580700,26132934,KSQ
1416,187220,KR7187220009,디티앤씨,KOSDAQ,중견기업부,2375,1,20,0.85,2395,2480,2310,4960,11713120,27371715875,11524933,KSQ
1417,197140,KR7197140007,디지캡,KOSDAQ,벤처기업부,2100,2,-25,-1.18,2125,2125,2080,12806,26969070,27327623400,13013154,KSQ
1418,057680,KR7057680001,티사이언티픽,KOSDAQ,벤처기업부,1726,2,-144,-7.7,1868,1868,1711,12255,21580168,27258560934,15792909,KSQ
1419,188260,KR7188260004,세니젠,KOSDAQ,투자주의환기종목(소속부없음),2055,2,-100,-4.64,2095,2095,2015,2961,6058342,27256437015,13263473,KSQ
1420,271830,KR7271830002,팸텍,KOSDAQ,벤처기업부,924,2,-51,-5.23,970,970,915,174383,162995896,27248946648,29490202,KSQ
1421,095910,KR7095910006,에스에너지,KOSDAQ,중견기업부,730,2,-41,-5.32,771,802,690,235564,176485669,27226743570,37296909,KSQ
1422,900070,KYG3931T1076,글로벌에스엠,KOSDAQ,외국기업(소속부없음),1012,2,-39,-3.71,1023,1047,1003,28195,28647785,27194447808,26871984,KSQ
1423,038870,KR7038870002,에코심플렉스,KOSDAQ,중견기업부,1937,2,-188,-8.85,2135,2135,1900,56272,112622131,27146956213,14014949,KSQ
1424,088340,KR7088340005,유라클,KOSDAQ,벤처기업부,6220,2,-200,-3.12,6420,6580,6000,9644,60643120,27146368960,4364368,KSQ
1425,177830,KR7177830007,파버나인,KOSDAQ,벤처기업부,2390,1,25,1.06,2475,2475,2315,12028,29061495,27069123270,11325993,KSQ
1426,462310,KR7462310004,뉴키즈온,KOSDAQ,중견기업부,3290,2,-175,-5.05,3465,3520,3120,26754,87892380,26929048090,8185121,KSQ
1427,199480,KR7199480005,뱅크웨어글로벌,KOSDAQ,기술성장기업부,2630,2,-110,-4.01,2715,2765,2605,9846,26378045,26817026440,10196588,KSQ
1428,016920,KR7016920001,카스,KOSDAQ,중견기업부,1012,1,1,0.1,1001,1019,989,105593,106210585,26811460456,26493538,KSQ
1429,291230,KR7291230001,엔피,KOSDAQ,중견기업부,608,2,-33,-5.15,625,812,600,2424400,1780203351,26810231200,44095775,KSQ
1430,476080,KR7476080007,M83,KOSDAQ,중견기업부,3315,2,-175,-5.01,3315,3580,3305,34120,114245657,26775255000,8077000,KSQ
1431,068100,KR7068100007,케이웨더,KOSDAQ,기술성장기업부,2235,2,-105,-4.49,2310,2385,2190,11727,26617060,26658042960,11927536,KSQ
1432,450520,KR7450520002,인스웨이브,KOSDAQ,벤처기업부,1811,1,11,0.61,1800,1823,1711,4597,8132357,26629990758,14704578,KSQ
1433,376180,KR7376180006,피코그램,KOSDAQ,벤처기업부,1427,1,54,3.93,1365,1770,1356,1222841,1959320004,26486601226,18561038,KSQ
1434,434480,KR7434480000,모니터랩,KOSDAQ,기술성장기업부,2150,2,-80,-3.59,2160,2250,2145,19583,42568860,26467145000,12310300,KSQ
1435,475660,KR7475660007,에스켐,KOSDAQ,기술성장기업부,3330,2,-100,-2.92,3400,3430,3200,4188,13878240,26406350550,7929835,KSQ
1436,227610,KR7227610003,아우딘퓨쳐스,KOSDAQ,벤처기업부,1361,1,22,1.64,1427,1639,1300,193866,280437619,26368791131,19374571,KSQ
1437,031310,KR7031310006,아이즈비전,KOSDAQ,중견기업부,886,2,-51,-5.44,927,934,872,102018,92525748,26355532786,29746651,KSQ
1438,115160,KR7115160004,휴맥스,KOSDAQ,중견기업부,6110,2,-320,-4.98,6430,6430,6040,8825,54375110,26347187620,4312142,KSQ
1439,013720,KR7013720008,청보,KOSDAQ,중견기업부,431,0,0,0.0,0,0,0,0,0,26216929633,60828143,KSQ
1440,069140,KR7069140002,누리플랜,KOSDAQ,벤처기업부,1732,2,-48,-2.7,1780,1781,1715,37095,64534229,26145932528,15095804,KSQ
1441,206560,KR7206560005,덱스터,KOSDAQ,기술성장기업부,1028,2,-31,-2.93,1100,1141,1020,69873,73986339,26123264608,25411736,KSQ
1442,169330,KR7169330008,엠브레인,KOSDAQ,중견기업부,1421,2,-53,-3.6,1470,1474,1381,4432,6238331,26028340478,18316918,KSQ
1443,459550,KR7459550000,알트,KOSDAQ,중견기업부,1031,2,-22,-2.09,1026,1059,1020,117451,121659347,26002604591,25220761,KSQ
1444,001810,KR7001810001,무림SP,KOSDAQ,중견기업부,1174,2,-6,-0.51,1169,1189,1169,11696,13732864,25989425000,22137500,KSQ
1445,032750,KR7032750002,삼진,KOSDAQ,우량기업부,2870,2,-70,-2.38,2935,2935,2850,8833,25646330,25919320140,9031122,KSQ
1446,900310,HK0000341732,컬러레이,KOSDAQ,외국기업(소속부없음),2015,2,-20,-0.98,2010,2075,1893,1521,3027348,25808795025,12808335,KSQ
1447,198940,KR7198940009,한주라이트메탈,KOSDAQ,중견기업부,1295,2,-45,-3.36,1382,1430,1280,61536,81344316,25783139200,19909760,KSQ
1448,083640,KR7083640003,인콘,KOSDAQ,벤처기업부,1123,2,-65,-5.47,1179,1179,1123,49997,57441146,25782219189,22958343,KSQ
1449,017000,KR7017000001,신원종합개발,KOSDAQ,우량기업부,2205,2,-35,-1.56,2210,2255,2185,49493,109274427,25727999535,11668027,KSQ
1450,027040,KR7027040005,서울전자통신,KOSDAQ,중견기업부,1848,2,-132,-6.67,1976,1976,1824,49624,92193300,25720037112,13917769,KSQ
1451,464580,KR7464580000,닷밀,KOSDAQ,기술성장기업부,1397,2,-88,-5.93,1450,1484,1352,22630,31847402,25713306333,18406089,KSQ
1452,138070,KR7138070008,신진에스엠,KOSDAQ,중견기업부,1461,2,-19,-1.28,1400,1502,1400,29093,42566689,25572181044,17503204,KSQ
1453,290560,KR7290560002,파라택시스이더리움,KOSDAQ,벤처기업부,1143,2,-22,-1.89,1161,1209,1125,42791,49414872,25560600390,22362730,KSQ
1454,016670,KR7016670002,디모아,KOSDAQ,중견기업부,2500,3,0,0.0,2410,2510,2410,6429,15815985,25485585000,10194234,KSQ
1455,109960,KR7109960005,앱토크롬,KOSDAQ,투자주의환기종목(소속부없음),1682,2,-17,-1.0,1697,1697,1673,3070,5171075,25452415906,15132233,KSQ
1456,099390,KR7099390007,브레인즈컴퍼니,KOSDAQ,벤처기업부,3095,2,-85,-2.67,3150,3180,3070,9801,30558490,25404635885,8208283,KSQ
1457,019660,KR7019660000,글로본,KOSDAQ,중견기업부,1819,2,-100,-5.21,1865,1919,1702,16081,28868367,25364741727,13944333,KSQ
1458,195500,KR7195500004,마니커에프앤지,KOSDAQ,중견기업부,1585,2,-46,-2.82,1630,1630,1579,14450,23093551,25325130000,15978000,KSQ
1459,045300,KR7045300001,성우테크론,KOSDAQ,중견기업부,2400,2,-65,-2.64,2350,2455,2350,7804,18879770,25312828800,10547012,KSQ
1460,219750,KR7219750007,한국비티비,KOSDAQ,중견기업부,1930,1,15,0.78,1970,1970,1850,4620,8761741,25254777610,13085377,KSQ
1461,053060,KR7053060000,세동,KOSDAQ,중견기업부,1429,2,-15,-1.04,1440,1448,1418,44931,64556766,25232451751,17657419,KSQ
1462,093380,KR7093380004,풍강,KOSDAQ,중견기업부,2550,2,-40,-1.54,2570,2645,2505,7019,17920555,25192248150,9879313,KSQ
1463,290270,KR7290270008,휴네시온,KOSDAQ,벤처기업부,2620,2,-65,-2.42,2735,2735,2545,7164,18848670,25172100640,9607672,KSQ
1464,356890,KR7356890004,싸이버원,KOSDAQ,벤처기업부,2105,2,-45,-2.09,2255,2255,2095,18856,40299965,25162801625,11953825,KSQ
1465,146060,KR7146060009,율촌,KOSDAQ,중견기업부,1044,2,-31,-2.88,1093,1093,984,142063,148160876,25072281180,24015595,KSQ
1466,225220,KR7225220003,제놀루션,KOSDAQ,벤처기업부,1306,2,-51,-3.76,1380,1380,1287,36977,48620306,25062167426,19190021,KSQ
1467,045510,KR7045510005,정원엔시스,KOSDAQ,중견기업부,777,1,16,2.1,760,806,748,38277,29674249,25026619884,32209292,KSQ
1468,318000,KR7318000007,KBG,KOSDAQ,벤처기업부,2860,2,-65,-2.22,2855,2920,2825,3875,11113030,24997037780,8740223,KSQ
1469,035200,KR7035200005,프럼파스트,KOSDAQ,벤처기업부,2710,2,-150,-5.24,2860,2860,2655,17415,47283692,24986148510,9219981,KSQ
1470,032860,KR7032860009,더라미,KOSDAQ,중견기업부,618,2,-15,-2.37,628,646,600,31306,19379079,24964643334,40395863,KSQ
1471,033050,KR7033050006,제이엠아이,KOSDAQ,중견기업부,784,3,0,0.0,784,833,772,9345,7389962,24962033152,31839328,KSQ
1472,462510,KR7462510009,라메디텍,KOSDAQ,기술성장기업부,2835,2,-40,-1.39,2990,2990,2790,7027,20048035,24956405775,8802965,KSQ
1473,047080,KR7047080007,한빛소프트,KOSDAQ,중견기업부,1005,2,-46,-4.38,1051,1059,998,33802,34066147,24946473810,24822362,KSQ
1474,130500,KR7130500002,GH신소재,KOSDAQ,중견기업부,1713,2,-47,-2.67,1742,1742,1675,11828,20140263,24915674076,14545052,KSQ
1475,114630,KR7114630007,폴라리스우노,KOSDAQ,우량기업부,1445,2,-186,-11.4,1614,1614,1401,385846,568883744,24904933360,17235248,KSQ
1476,285800,KR7285800009,진영,KOSDAQ,벤처기업부,1420,4,327,29.92,1170,1420,1158,1960024,2689177255,24817723400,17477270,KSQ
1477,013810,KR7013810007,스페코,KOSDAQ,중견기업부,1690,2,-62,-3.54,1752,1839,1664,54388,96029746,24767744300,14655470,KSQ
1478,091340,KR7091340000,S&K폴리텍,KOSDAQ,중견기업부,2115,2,-20,-0.94,2100,2135,2085,12770,26902845,24753369915,11703721,KSQ
1479,054940,KR7054940002,엑사이엔씨,KOSDAQ,중견기업부,745,2,-43,-5.46,751,795,726,1657378,1254939949,24714293260,33173548,KSQ
1480,238490,KR7238490007,힘스,KOSDAQ,벤처기업부,2180,2,-75,-3.33,2250,2250,2160,7286,15935855,24660674480,11312236,KSQ
1481,254120,KR7254120009,자비스,KOSDAQ,기술성장기업부,801,2,-32,-3.84,827,841,788,48444,39294765,24634170270,30754270,KSQ
1482,036480,KR7036480002,대성미생물,KOSDAQ,중견기업부,6480,2,-20,-0.31,6450,6600,6360,4362,28436940,24624000000,3800000,KSQ
1483,296640,KR7296640006,이노에이엑스,KOSDAQ,벤처기업부,4750,2,-360,-7.05,5060,5060,4730,5683,27281202,24596697000,5178252,KSQ
1484,333050,KR7333050003,이노테나,KOSDAQ,벤처기업부,4990,2,-280,-5.31,5270,5330,4905,10751,54609515,24572855800,4924420,KSQ
1485,007720,KR7007720006,소노스퀘어,KOSDAQ,중견기업부,1218,2,-40,-3.18,1250,1258,1212,79790,98892938,24554989620,20160090,KSQ
1486,021880,KR7021880000,메이슨캐피탈,KOSDAQ,중견기업부,1157,2,-58,-4.77,1215,1235,1143,75979,88635421,24549735080,21218440,KSQ
1487,083660,KR7083660001,CSA 코스믹,KOSDAQ,중견기업부,230,0,0,0.0,0,0,0,0,0,24526966090,106638983,KSQ
1488,237750,KR7237750005,피앤씨테크,KOSDAQ,벤처기업부,3770,2,-380,-9.16,4110,4110,3720,31327,122814610,24492182000,6496600,KSQ
1489,318020,KR7318020005,포인트모바일,KOSDAQ,벤처기업부,1991,1,70,3.64,1921,2000,1878,14099,27264373,24491832552,12301272,KSQ
1490,376980,KR7376980009,원티드랩,KOSDAQ,기술성장기업부,2505,2,-75,-2.91,2550,2620,2420,22543,56180120,24464816970,9766394,KSQ
1491,048470,KR7048470009,대동스틸,KOSDAQ,중견기업부,2535,2,-55,-2.12,2530,2575,2495,12372,31366750,24462750000,9650000,KSQ
1492,018680,KR7018680009,서울제약,KOSDAQ,벤처기업부,2095,2,-90,-4.12,2200,2200,2045,1460,3047245,24426273305,11659319,KSQ
1493,073540,KR7073540007,에프알텍,KOSDAQ,벤처기업부,2140,1,30,1.42,2110,2195,2020,55273,117064645,24396000000,11400000,KSQ
1494,039740,KR7039740006,한국정보공학,KOSDAQ,벤처기업부,3035,2,-90,-2.88,3100,3145,3020,14377,44295190,24335834895,8018397,KSQ
1495,406820,KR7406820001,뷰티스킨,KOSDAQ,벤처기업부,1717,2,-298,-14.79,2015,2025,1670,770111,1374397898,24271781569,14136157,KSQ
1496,267790,KR7267790004,배럴,KOSDAQ,중견기업부,3150,2,-205,-6.11,3260,3280,3095,4708,14834000,24221323350,7689309,KSQ
1497,208710,KR7208710004,포톤,KOSDAQ,중견기업부,1836,2,-89,-4.62,1925,1925,1801,54475,100291614,24198722352,13180132,KSQ
1498,037370,KR7037370004,EG,KOSDAQ,벤처기업부,2805,2,-135,-4.59,2940,2940,2770,16180,45488250,24193046460,8624972,KSQ
1499,367000,KR7367000007,플래티어,KOSDAQ,벤처기업부,2880,2,-120,-4.0,2970,2970,2805,1501,4334865,24158036160,8388207,KSQ
1500,397810,KR7397810003,애드포러스,KOSDAQ,벤처기업부,4680,2,-140,-2.9,4810,4810,4385,4527,20784810,24152403600,5160770,KSQ
1501,208350,KR7208350009,지란지교시큐리티,KOSDAQ,벤처기업부,2980,1,10,0.34,2955,3020,2935,9925,29490750,24142678600,8101570,KSQ
1502,051380,KR7051380004,피씨디렉트,KOSDAQ,중견기업부,1570,2,-111,-6.6,1681,1689,1564,21367,34087987,24083913040,15340072,KSQ
1503,052300,KR7052300001,오션인더블유,KOSDAQ,중견기업부,1482,2,-28,-1.85,1504,1582,1450,36700,54807419,24073797696,16244128,KSQ
1504,462980,KR7462980004,아이지넷,KOSDAQ,기술성장기업부,1320,2,-65,-4.69,1384,1416,1317,23206,31139259,24069456840,18234437,KSQ
1505,222980,KR7222980005,한국맥널티,KOSDAQ,벤처기업부,2180,1,5,0.23,2175,2200,2085,4804,10276445,24048632940,11031483,KSQ
1506,079170,KR7079170007,한창산업,KOSDAQ,우량기업부,4615,2,-135,-2.84,4705,4720,4580,9600,44706165,23998000000,5200000,KSQ
1507,085810,KR7085810000,알티캐스트,KOSDAQ,중견기업부,1697,2,-24,-1.39,1675,1719,1660,1388,2326879,23990409241,14136953,KSQ
1508,053950,KR7053950002,경남제약,KOSDAQ,중견기업부,1534,2,-17,-1.1,1557,1606,1510,28369,44027814,23975608514,15629471,KSQ
1509,464500,KR7464500008,아이언디바이스,KOSDAQ,기술성장기업부,1712,2,-113,-6.19,1820,1820,1685,37221,63949430,23956466256,13993263,KSQ
1510,067010,KR7067010009,이씨에스,KOSDAQ,벤처기업부,2195,1,45,2.09,2140,2230,2140,19939,43564845,23900257500,10888500,KSQ
1511,0010F0,KR70010F0005,보원케미칼,KOSDAQ,벤처기업부,2140,2,-90,-4.04,2250,2250,2120,45469,99164575,23847306140,11143601,KSQ
1512,290520,KR7290520006,신도기연,KOSDAQ,벤처기업부,1513,1,33,2.23,1465,1538,1451,42097,62745217,23808816132,15736164,KSQ
1513,355390,KR7355390006,크라우드웍스,KOSDAQ,기술성장기업부,1497,2,-85,-5.37,1582,1684,1492,68187,103947386,23763892968,15874344,KSQ
1514,373170,KR7373170000,엠아이큐브솔루션,KOSDAQ,벤처기업부,1572,2,-8,-0.51,1583,1632,1535,5401,8540877,23758877880,15113790,KSQ
1515,432980,KR7432980001,엠에프씨,KOSDAQ,기술성장기업부,2765,2,-35,-1.25,2795,2795,2650,8779,24060660,23756166630,8591742,KSQ
1516,033200,KR7033200007,모아텍,KOSDAQ,투자주의환기종목(소속부없음),2570,2,-75,-2.84,2600,2640,2515,3647,9291110,23655639530,9204529,KSQ
1517,317240,KR7317240000,TS트릴리온,KOSDAQ,벤처기업부,810,1,32,4.11,778,855,773,459754,374188058,23633135910,29176711,KSQ
1518,378800,KR7378800007,샤페론,KOSDAQ,기술성장기업부,511,2,-24,-4.49,530,535,499,463341,235579745,23630188841,46243031,KSQ
1519,257370,KR7257370007,피엔티엠에스,KOSDAQ,벤처기업부,1889,2,-11,-0.58,1900,2045,1776,19220,36460146,23621682429,12504861,KSQ
1520,300120,KR7300120003,라온피플,KOSDAQ,벤처기업부,477,2,-13,-2.65,490,496,464,103031,48789278,23613415632,49504016,KSQ
1521,193250,KR7193250008,링크드,KOSDAQ,중견기업부,1766,2,-14,-0.79,1780,1809,1610,31684,54808334,23609535678,13368933,KSQ
1522,054780,KR7054780002,키이스트,KOSDAQ,중견기업부,1199,2,-85,-6.62,1273,1278,1183,26404,31916531,23569693807,19657793,KSQ
1523,224060,KR7224060004,더코디,KOSDAQ,투자주의환기종목(소속부없음),4530,2,-110,-2.37,4640,4730,4110,41558,182987390,23378070660,5160722,KSQ
1524,023790,KR7023790009,동일스틸럭스,KOSDAQ,중견기업부,1783,1,200,12.63,1750,2040,1621,9137198,17110198612,23303467664,13069808,KSQ
1525,430690,KR7430690008,한싹,KOSDAQ,벤처기업부,2130,2,-120,-5.33,2235,2235,2115,13584,29273130,23206997520,10895304,KSQ
1526,065150,KR7065150005,대산F&B,KOSDAQ,관리종목(소속부없음),1450,0,0,0.0,0,0,0,0,0,23110448000,15938240,KSQ
1527,044780,KR7044780005,에이치케이,KOSDAQ,벤처기업부,1245,2,-21,-1.66,1252,1259,1239,6926,8636573,23039704815,18505787,KSQ
1528,007770,KR7007770001,한일화학,KOSDAQ,중견기업부,6560,1,60,0.92,6940,6940,6550,2551,16882960,23025600000,3510000,KSQ
1529,063760,KR7063760003,이엘피,KOSDAQ,벤처기업부,2465,2,-115,-4.46,2565,2610,2355,21851,54396410,22986445450,9325130,KSQ
1530,188040,KR7188040000,바이오포트,KOSDAQ,벤처기업부,4910,2,-320,-6.12,5230,5390,4905,6821,35082080,22975402280,4679308,KSQ
1531,019570,KR7019570001,플루토스,KOSDAQ,중견기업부,481,0,0,0.0,0,0,0,0,0,22955735101,47725021,KSQ
1532,024940,KR7024940009,PN풍년,KOSDAQ,벤처기업부,2295,2,-405,-15.0,3000,3000,2200,1878546,4771915584,22950000000,10000000,KSQ
1533,134060,KR7134060003,이퓨쳐,KOSDAQ,벤처기업부,4805,1,35,0.73,4585,4820,4585,2852,13600850,22916246250,4769250,KSQ
1534,043200,KR7043200005,파루,KOSDAQ,벤처기업부,548,2,-17,-3.01,541,581,536,134501,75166874,22908764620,41804315,KSQ
1535,054090,KR7054090006,삼진엘앤디,KOSDAQ,중견기업부,916,2,-21,-2.24,931,931,901,38842,35572477,22862656512,24959232,KSQ
1536,363260,KR7363260001,모비데이즈,KOSDAQ,벤처기업부,705,2,-39,-5.24,738,744,672,17387,12420700,22675457145,32163769,KSQ
1537,153490,KR7153490008,우리이앤엘하루틴,KOSDAQ,우량기업부,439,2,-11,-2.44,452,452,432,15409,6736963,22599720000,51480000,KSQ
1538,070590,KR7070590005,인티큐브,KOSDAQ,중견기업부,1628,2,-112,-6.44,1740,1740,1591,6747,10961585,22595860188,13879521,KSQ
1539,130740,KR7130740004,티피씨글로벌,KOSDAQ,중견기업부,1999,1,29,1.47,1967,2035,1920,33631,66894039,22542081321,11276679,KSQ
1540,210120,KR7210120002,캔버스엔,KOSDAQ,중견기업부,930,0,0,0.0,0,0,0,0,0,22540854540,24237478,KSQ
1541,398120,KR7398120006,에스지헬스케어,KOSDAQ,벤처기업부,1907,2,-27,-1.4,1934,1971,1879,3283,6276005,22537900477,11818511,KSQ
1542,058450,KR7058450008,한주에이알티,KOSDAQ,투자주의환기종목(소속부없음),4490,2,-10,-0.22,4695,4695,4365,2387,10680157,22510040280,5013372,KSQ
1543,403490,KR7403490006,우듬지팜,KOSDAQ,벤처기업부,489,2,-13,-2.59,503,518,480,77661,38484423,22460974896,45932464,KSQ
1544,060380,KR7060380003,동양에스텍,KOSDAQ,중견기업부,1140,2,-69,-5.71,1185,1213,1125,37511,43981403,22458000000,19700000,KSQ
1545,347770,KR7347770000,핌스,KOSDAQ,중견기업부,982,2,-38,-3.73,1037,1037,962,39496,39394769,22445615244,22857042,KSQ
1546,131100,KR7131100000,티엔엔터테인먼트,KOSDAQ,중견기업부,695,2,-45,-6.08,737,737,693,15183,10690143,22411473180,32246724,KSQ
1547,383930,KR7383930005,디티앤씨알오,KOSDAQ,중견기업부,1741,1,32,1.87,1709,1749,1672,15583,26841839,22257166848,12784128,KSQ
1548,232830,KR7232830000,아이티센피엔에스,KOSDAQ,벤처기업부,1344,2,-36,-2.61,1380,1393,1297,36533,49053362,22221327744,16533726,KSQ
1549,359090,KR7359090008,씨엔알리서치,KOSDAQ,중견기업부,1933,2,-41,-2.08,1941,1953,1906,17567,33791483,22218178419,11494143,KSQ
1550,032790,KR7032790008,엠젠솔루션,KOSDAQ,벤처기업부,865,2,-61,-6.59,934,934,860,58132,51825972,22213291690,25680106,KSQ
1551,065370,KR7065370009,위세아이텍,KOSDAQ,벤처기업부,3005,1,200,7.13,2780,3225,2780,74576,223933353,22188781770,7383954,KSQ
1552,298060,KR7298060005,풍전약품,KOSDAQ,관리종목(소속부없음),2505,2,-110,-4.21,2560,2605,2500,10184,25646395,22145790675,8840635,KSQ
1553,342870,KR7342870003,오아,KOSDAQ,중견기업부,4040,2,-135,-3.23,4100,4165,4025,845,3448985,22018795880,5450197,KSQ
1554,065650,KR7065650004,하이퍼코퍼레이션,KOSDAQ,중견기업부,2010,2,-40,-1.95,2050,2050,1942,4065,8024324,22001433870,10945987,KSQ
1555,131180,KR7131180002,딜리,KOSDAQ,벤처기업부,3740,2,-35,-0.93,3775,3800,3730,1730,6475559,21953800000,5870000,KSQ
1556,032080,KR7032080004,아즈텍WB,KOSDAQ,중견기업부,1021,2,-13,-1.26,1034,1071,1012,10227,10561105,21942340609,21491029,KSQ
1557,429270,KR7429270002,시지트로닉스,KOSDAQ,기술성장기업부,3385,2,-180,-5.05,3410,3555,3345,29293,101022850,21830646935,6449231,KSQ
1558,352940,KR7352940001,인바이오,KOSDAQ,벤처기업부,2000,2,-15,-0.74,2015,2030,1977,4327,8714005,21735460000,10867730,KSQ
1559,056730,KR7056730005,CNT85,KOSDAQ,중견기업부,1464,2,-103,-6.57,1556,1556,1419,4222,6252335,21699754968,14822237,KSQ
1560,353190,KR7353190002,휴럼,KOSDAQ,중견기업부,2755,2,-100,-3.5,2850,2850,2710,8245,22677675,21697509420,7875684,KSQ
1561,387570,KR7387570005,파인메딕스,KOSDAQ,기술성장기업부,3850,2,-305,-7.34,4035,4160,3805,13401,52504205,21659715000,5625900,KSQ
1562,080720,KR7080720006,한국유니온제약,KOSDAQ,관리종목(소속부없음),2725,0,0,0.0,0,0,0,0,0,21562456300,7912828,KSQ
1563,076080,KR7076080001,웰크론한텍,KOSDAQ,중견기업부,952,2,-52,-5.18,993,993,952,17086,16640666,21509636512,22594156,KSQ
1564,415380,KR7415380005,스튜디오삼익,KOSDAQ,중견기업부,1875,2,-71,-3.65,1901,1947,1868,20730,39188075,21455578125,11442975,KSQ
1565,054410,KR7054410006,케이피티유,KOSDAQ,중견기업부,3745,1,120,3.31,3625,3800,3545,22718,82843090,21445532780,5726444,KSQ
1566,469750,KR7469750004,아이비젼웍스,KOSDAQ,벤처기업부,621,2,-34,-5.19,640,694,587,96648,61633498,21397474701,34456481,KSQ
1567,115480,KR7115480006,씨유메디칼,KOSDAQ,중견기업부,1757,2,-23,-1.29,1731,1778,1731,7648,13364863,21303468627,12124911,KSQ
1568,080470,KR7080470008,성창오토텍,KOSDAQ,벤처기업부,2915,2,-40,-1.35,2955,2965,2805,8090,23672115,21279500000,7300000,KSQ
1569,023770,KR7023770001,플레이위드,KOSDAQ,중견기업부,2375,2,-75,-3.06,2450,2500,2330,3418,8165615,21247925625,8946495,KSQ
1570,001000,KR7001000009,신라섬유,KOSDAQ,중견기업부,874,2,-86,-8.96,989,1080,866,1354541,1305548703,21218569960,24277540,KSQ
1571,109670,KR7109670000,씨싸이트,KOSDAQ,중견기업부,3630,2,-305,-7.75,3895,3970,3510,3983,14749530,21186865260,5836602,KSQ
1572,048830,KR7048830004,엔피케이,KOSDAQ,중견기업부,1129,1,61,5.71,1059,1130,1054,269634,301401581,21139309067,18723923,KSQ
1573,014100,KR7014100002,메디앙스,KOSDAQ,중견기업부,1786,2,-4,-0.22,1790,1806,1780,53144,95298676,21074800000,11800000,KSQ
1574,275630,KR7275630002,에스에스알,KOSDAQ,벤처기업부,4000,1,50,1.27,4195,4195,3870,6322,24988200,21015232000,5253808,KSQ
1575,090150,KR7090150004,아이윈,KOSDAQ,중견기업부,501,2,-28,-5.29,524,529,491,128812,64507286,20979521793,41875293,KSQ
1576,377030,KR7377030002,비트맥스,KOSDAQ,관리종목(소속부없음),1460,2,-44,-2.93,1504,1544,1438,17213,25936542,20865884920,14291702,KSQ
1577,277410,KR7277410007,인산가,KOSDAQ,벤처기업부,5430,2,-870,-13.81,6290,6290,5100,78457,436053610,20857444500,3841150,KSQ
1578,039310,KR7039310008,세중,KOSDAQ,중견기업부,1143,1,3,0.26,1120,1180,1118,71256,81414604,20713065381,18121667,KSQ
1579,362990,KR7362990004,드림인사이트,KOSDAQ,벤처기업부,1231,2,-16,-1.28,1247,1248,1200,11269,13714802,20681506594,16800574,KSQ
1580,016100,KR7016100000,리더스코스메틱,KOSDAQ,중견기업부,1082,2,-78,-6.72,1160,1161,1046,33241,36279206,20667167308,19100894,KSQ
1581,017250,KR7017250002,인터엠,KOSDAQ,중견기업부,981,2,-15,-1.51,986,996,966,9726,9518677,20645603127,21045467,KSQ
1582,139670,KR7139670004,키네마스터,KOSDAQ,중견기업부,1460,2,-10,-0.68,1470,1501,1380,23487,33955230,20613462600,14118810,KSQ
1583,241840,KR7241840008,에이스토리,KOSDAQ,중견기업부,2160,2,-170,-7.3,2200,2305,2135,21462,47354938,20606387040,9539994,KSQ
1584,049120,KR7049120009,파인디앤씨,KOSDAQ,벤처기업부,1940,2,-19,-0.97,1960,2390,1875,35049,70978521,20567226220,10601663,KSQ
1585,067730,KR7067730002,로지시스,KOSDAQ,중견기업부,2125,2,-80,-3.63,2205,2205,2115,9486,20345040,20557084250,9673922,KSQ
1586,195990,KR7195990007,루트K,KOSDAQ,관리종목(소속부없음),630,0,0,0.0,0,0,0,0,0,20522721240,32575748,KSQ
1587,032280,KR7032280000,삼일,KOSDAQ,중견기업부,1262,1,64,5.34,1188,1296,1171,55017,67919547,20461550580,16213590,KSQ
1588,115570,KR7115570004,스타플렉스,KOSDAQ,중견기업부,2545,1,30,1.19,2485,2595,2485,1695,4281490,20320572860,7984508,KSQ
1589,331520,KR7331520007,밸로프,KOSDAQ,중견기업부,1994,1,25,1.27,1969,2000,1946,16401,32151647,20284718732,10172878,KSQ
1590,405920,KR7405920000,나라셀라,KOSDAQ,중견기업부,1575,2,-209,-11.72,1800,1800,1561,16127,26631990,20282969700,12878076,KSQ
1591,258790,KR7258790005,소프트캠프,KOSDAQ,벤처기업부,4055,2,-115,-2.76,4170,4360,4000,6922,28018980,20267928080,4998256,KSQ
1592,096690,KR7096690003,에이루트,KOSDAQ,중견기업부,5020,2,-180,-3.46,4855,5340,4855,3600,18467425,20194666840,4022842,KSQ
1593,192390,KR7192390003,윈하이텍,KOSDAQ,벤처기업부,1822,2,-38,-2.04,1860,1900,1768,10871,19925956,20100721238,11032229,KSQ
1594,238200,KR7238200000,비피도,KOSDAQ,벤처기업부,2440,1,20,0.83,2400,2475,2305,2650,6442995,19959200000,8180000,KSQ
1595,372800,KR7372800003,아이티아이즈,KOSDAQ,벤처기업부,2815,1,20,0.72,2795,2980,2630,23008,64670260,19809687035,7037189,KSQ
1596,223310,KR7223310004,사토시홀딩스,KOSDAQ,중견기업부,3800,2,-145,-3.68,3835,3945,3700,1967,7506687,19777639600,5204642,KSQ
1597,078590,KR7078590007,휴림에이텍,KOSDAQ,중견기업부,1969,2,-121,-5.79,2010,2090,1900,30340,59911010,19673891611,9991819,KSQ
1598,440320,KR7440320000,오픈놀,KOSDAQ,기술성장기업부,1968,2,-87,-4.23,2035,2055,1958,22030,43770905,19640640000,9980000,KSQ
1599,377330,KR7377330006,이지트로닉스,KOSDAQ,기술성장기업부,2405,1,10,0.42,2330,2495,2295,3042,7233525,19576589370,8139954,KSQ
1600,096870,KR7096870001,엘디티,KOSDAQ,벤처기업부,2345,2,-30,-1.26,2375,2375,2285,13681,31725175,19576057655,8347999,KSQ
1601,353590,KR7353590003,오토앤,KOSDAQ,중견기업부,1518,2,-76,-4.77,1578,1578,1514,5954,9166201,19545115260,12875570,KSQ
1602,084440,KR7084440007,유비온,KOSDAQ,기술성장기업부,1020,1,57,5.92,937,1038,909,264729,255703915,19515069420,19132421,KSQ
1603,021040,KR7021040001,대호특수강,KOSDAQ,중견기업부,897,2,-20,-2.18,909,944,895,24056,22073587,19469182278,21704774,KSQ
1604,368970,KR7368970000,오에스피,KOSDAQ,관리종목(소속부없음),2225,2,-85,-3.68,2305,2365,2130,39724,88318209,19447069600,8740256,KSQ
1605,373110,KR7373110006,엑셀세라퓨틱스,KOSDAQ,기술성장기업부,1124,2,-60,-5.07,1184,1184,1091,23754,26729467,19438898856,17294394,KSQ
1606,101400,KR7101400000,엔시트론,KOSDAQ,중견기업부,1655,2,-73,-4.22,1735,1735,1654,48794,82021301,19432659140,11741788,KSQ
1607,317120,KR7317120004,라닉스,KOSDAQ,기술성장기업부,1264,2,-58,-4.39,1322,1326,1251,18349,23546434,19288640000,15260000,KSQ
1608,252500,KR7252500004,세화피앤씨,KOSDAQ,중견기업부,464,2,-7,-1.49,471,554,453,268759,133226405,19249684960,41486390,KSQ
1609,101680,KR7101680007,한국정밀기계,KOSDAQ,중견기업부,2285,2,-100,-4.19,2385,2390,2260,33006,75826645,19203140000,8404000,KSQ
1610,214610,KR7214610008,롤링스톤,KOSDAQ,관리종목(소속부없음),2290,0,0,0.0,0,0,0,0,0,19197807380,8383322,KSQ
1611,073570,KR7073570004,리튬포어스,KOSDAQ,관리종목(소속부없음),1588,2,-47,-2.87,1630,1694,1541,27863,44916013,19115276864,12037328,KSQ
1612,322780,KR7322780008,코퍼스코리아,KOSDAQ,중견기업부,2125,2,-110,-4.92,2210,2210,1987,84687,173875640,19071513750,8974830,KSQ
1613,043360,KR7043360007,디지아이,KOSDAQ,벤처기업부,2105,1,5,0.24,2090,2235,2065,1401,2950350,18945000000,9000000,KSQ
1614,424760,KR7424760007,벨로크,KOSDAQ,벤처기업부,1883,2,-95,-4.8,1914,2050,1879,23532,44706817,18932374944,10054368,KSQ
1615,365900,KR7365900000,브이씨,KOSDAQ,벤처기업부,2580,2,-180,-6.52,2760,2760,2490,2228,5821425,18860574000,7310300,KSQ
1616,361670,KR7361670003,삼영에스앤씨,KOSDAQ,기술성장기업부,3320,2,-175,-5.01,3450,3495,3320,9241,31542685,18816624560,5667658,KSQ
1617,032680,KR7032680001,소프트센,KOSDAQ,중견기업부,901,1,36,4.16,890,907,856,33215,29225776,18791148781,20855881,KSQ
1618,031860,KR7031860000,디에이치엑스컴퍼니,KOSDAQ,관리종목(소속부없음),693,0,0,0.0,0,0,0,0,0,18714758139,27005423,KSQ
1619,032800,KR7032800005,판타지오,KOSDAQ,중견기업부,1494,2,-16,-1.06,1510,1571,1470,41407,61840705,18617513868,12461522,KSQ
1620,065060,KR7065060006,지엔코,KOSDAQ,중견기업부,3105,2,-295,-8.68,3390,3390,3045,15938,49906045,18600148530,5990386,KSQ
1621,455180,KR7455180000,케이지에이,KOSDAQ,벤처기업부,1332,2,-123,-8.45,1400,1430,1327,22766,31126569,18592476912,13958316,KSQ
1622,078860,KR7078860004,아이오케이이엔엠,KOSDAQ,투자주의환기종목(소속부없음),3000,1,255,9.29,2890,3160,2690,5413,15613410,18531564000,6177188,KSQ
1623,419540,KR7419540000,비스토스,KOSDAQ,벤처기업부,3110,2,-300,-8.8,3410,3570,2725,18935,60103550,18530166830,5958253,KSQ
1624,098660,KR7098660004,에스티오,KOSDAQ,중견기업부,1476,2,-163,-9.95,1639,1639,1476,12038,18308498,18451440576,12500976,KSQ
1625,140430,KR7140430000,카티스,KOSDAQ,중견기업부,1723,1,53,3.17,1658,1807,1658,32138,55301696,18418020561,10689507,KSQ
1626,067770,KR7067770008,세진티에스,KOSDAQ,중견기업부,2170,1,125,6.11,2060,2250,2060,56566,122717285,18220606810,8396593,KSQ
1627,200350,KR7200350007,아티스트스튜디오,KOSDAQ,기술성장기업부,1820,2,-97,-5.06,1917,1931,1815,13996,25719251,18192765500,9996025,KSQ
1628,438700,KR7438700007,버넥트,KOSDAQ,기술성장기업부,1632,2,-71,-4.17,1780,1780,1632,19533,32443418,18188460480,11144890,KSQ
1629,154030,KR7154030001,아시아종묘,KOSDAQ,벤처기업부,1507,2,-62,-3.95,1569,1569,1500,10198,15601526,18177233569,12061867,KSQ
1630,054220,KR7054220009,비츠로시스,KOSDAQ,벤처기업부,1442,2,-58,-3.87,1500,1500,1436,12160,17788981,18155668272,12590616,KSQ
1631,351870,KR7351870001,차이커뮤니케이션,KOSDAQ,중견기업부,1626,2,-142,-8.03,1768,1894,1601,8718,14921725,18147203892,11160642,KSQ
1632,020400,KR7020400008,대동금속,KOSDAQ,중견기업부,2840,2,-125,-4.22,2890,2995,2800,39935,114277160,18114462880,6378332,KSQ
1633,037400,KR7037400009,우리엔터프라이즈,KOSDAQ,중견기업부,690,2,-16,-2.27,700,709,688,32137,22582928,18094108740,26223346,KSQ
1634,301300,KR7301300000,바이브컴퍼니,KOSDAQ,기술성장기업부,1373,1,67,5.13,1305,1462,1305,70718,97189585,18061419576,13154712,KSQ
1635,060260,KR7060260007,뉴보텍,KOSDAQ,벤처기업부,1343,2,-45,-3.24,1395,1493,1328,183196,259023951,17918784108,13342356,KSQ
1636,045520,KR7045520004,크린앤사이언스,KOSDAQ,중견기업부,2750,2,-145,-5.01,2850,2870,2750,8741,24525770,17875000000,6500000,KSQ
1637,303530,KR7303530000,이노뎁,KOSDAQ,벤처기업부,2435,2,-85,-3.37,2370,2695,2370,41028,100894245,17871193065,7339299,KSQ
1638,050760,KR7050760008,에스폴리텍,KOSDAQ,중견기업부,1093,2,-39,-3.45,1100,1170,1072,155034,171626983,17853803054,16334678,KSQ
1639,215480,KR7215480005,토박스코리아,KOSDAQ,중견기업부,1989,2,-36,-1.78,2025,2060,1949,8580,17131554,17801550000,8950000,KSQ
1640,088290,KR7088290002,이원컴포텍,KOSDAQ,관리종목(소속부없음),2230,2,-140,-5.91,2285,2360,2110,4668,10318800,17786640560,7976072,KSQ
1641,137940,KR7137940003,넥스트아이,KOSDAQ,중견기업부,2075,2,-90,-4.16,2150,2180,2065,16229,34263529,17714065425,8536899,KSQ
1642,103230,KR7103230009,에스앤더블류,KOSDAQ,중견기업부,2450,2,-140,-5.41,2565,2660,2440,13291,33661090,17640000000,7200000,KSQ
1643,038530,KR7038530002,케이바이오랩스,KOSDAQ,중견기업부,755,2,-107,-12.41,832,857,735,165642,127814857,17472866095,23142869,KSQ
1644,191410,KR7191410000,육일씨엔에쓰,KOSDAQ,중견기업부,1551,2,-126,-7.51,1620,1620,1484,265997,408041796,17377799505,11204255,KSQ
1645,006050,KR7006050009,국영지앤엠,KOSDAQ,중견기업부,497,2,-43,-7.96,538,538,470,296206,149814501,17342935771,34895243,KSQ
1646,196700,KR7196700009,웹스,KOSDAQ,벤처기업부,1206,2,-84,-6.51,1290,1290,1186,277846,341121166,17323157664,14364144,KSQ
1647,405000,KR7405000001,플라즈맵,KOSDAQ,벤처기업부,4495,1,1010,28.98,3485,4530,3485,276732,1233123906,17253805780,3838444,KSQ
1648,027580,KR7027580000,상보,KOSDAQ,중견기업부,1452,1,16,1.11,1436,1510,1409,27808,40712474,17186242260,11836255,KSQ
1649,069330,KR7069330009,유아이디,KOSDAQ,벤처기업부,1013,2,-61,-5.68,1064,1085,995,40434,42449860,17172957462,16952574,KSQ
1650,051780,KR7051780005,큐로홀딩스,KOSDAQ,중견기업부,2710,2,-130,-4.58,2860,2860,2575,34636,91075180,17169516650,6335615,KSQ
1651,306040,KR7306040007,에스제이그룹,KOSDAQ,중견기업부,1737,1,1,0.06,1736,1763,1708,66445,114854918,17136943236,9865828,KSQ
1652,328380,KR7328380001,솔트웨어,KOSDAQ,벤처기업부,2500,1,10,0.4,2490,2505,2415,8955,22132961,17131387500,6852555,KSQ
1653,236810,KR7236810008,엔비티,KOSDAQ,기술성장기업부,1000,2,-20,-1.96,1009,1168,980,111251,115971854,16975426000,16975426,KSQ
1654,482680,KR7482680006,미래에셋비전스팩7호,KOSDAQ,SPAC(소속부없음),2055,0,0,0.0,0,0,0,0,0,16881825000,8215000,KSQ
1655,060900,KR7060900008,에이전트AI,KOSDAQ,중견기업부,4215,2,-95,-2.2,4400,4785,4105,28754,129192260,16822372695,3991073,KSQ
1656,241820,KR7241820000,피씨엘,KOSDAQ,관리종목(소속부없음),6040,0,0,0.0,0,0,0,0,0,16803871920,2782098,KSQ
1657,274400,KR7274400001,이노시뮬레이션,KOSDAQ,기술성장기업부,1849,2,-144,-7.23,1947,1947,1786,10134,19080725,16800925557,9086493,KSQ
1658,154040,KR7154040000,다산솔루에타,KOSDAQ,중견기업부,775,2,-20,-2.52,795,795,769,6469,5053297,16752100850,21615614,KSQ
1659,335870,KR7335870002,윙스풋,KOSDAQ,중견기업부,1000,1,27,2.77,972,1008,951,23611,23163428,16750473000,16750473,KSQ
1660,477380,KR7477380000,미래에셋비전스팩4호,KOSDAQ,SPAC(소속부없음),2055,2,-5,-0.24,2060,2060,2050,14280,29300930,16645500000,8100000,KSQ
1661,034940,KR7034940007,조아제약,KOSDAQ,중견기업부,536,2,-89,-14.24,625,680,521,1694844,954854159,16605187272,30979827,KSQ
1662,018620,KR7018620005,우진비앤지,KOSDAQ,벤처기업부,2395,2,-115,-4.58,2480,2590,2360,21529,52288655,16604491890,6932982,KSQ
1663,303030,KR7303030001,지니틱스,KOSDAQ,벤처기업부,1811,1,201,12.48,1610,2050,1520,488565,889407459,16584189036,9157476,KSQ
1664,002680,KR7002680007,한탑,KOSDAQ,중견기업부,2560,1,130,5.35,2420,3100,2125,2810815,7648930364,16546199040,6463359,KSQ
1665,225590,KR7225590009,패션플랫폼,KOSDAQ,우량기업부,3225,2,-150,-4.44,3350,3360,3100,39426,125932888,16516437600,5121376,KSQ
1666,110020,KR7110020005,전진바이오팜,KOSDAQ,기술성장기업부,1800,1,38,2.16,1762,1948,1709,26433,46951660,16305771600,9058762,KSQ
1667,304840,KR7304840002,피플바이오,KOSDAQ,벤처기업부,670,2,-80,-10.67,750,755,635,219369,147625724,16294842200,24320660,KSQ
1668,142760,KR7142760008,모아라이프플러스,KOSDAQ,기술성장기업부,385,2,-20,-4.94,405,405,365,146228,56622918,16234287300,42166980,KSQ
1669,431190,KR7431190008,케이쓰리아이,KOSDAQ,기술성장기업부,2160,2,-300,-12.2,2400,2400,2060,80949,170489185,16170714720,7486442,KSQ
1670,043590,KR7043590009,웰킵스하이텍,KOSDAQ,중견기업부,1190,1,27,2.32,1134,1446,1108,280318,361746268,16146373390,13568381,KSQ
1671,009730,KR7009730003,이렘,KOSDAQ,투자주의환기종목(소속부없음),2015,1,415,25.94,1600,2050,1334,281161,524073823,16070638545,7975503,KSQ
1672,309930,KR7309930006,조이웍스앤코,KOSDAQ,중견기업부,829,2,-41,-4.71,865,867,780,38528,31883727,15963131981,19255889,KSQ
1673,065770,KR7065770000,CS,KOSDAQ,벤처기업부,1629,2,-276,-14.49,1829,1876,1564,342875,576012037,15810365385,9705565,KSQ
1674,065690,KR7065690000,파커스,KOSDAQ,투자주의환기종목(소속부없음),1124,2,-1,-0.09,1135,1135,1100,38512,43001906,15791448044,14049331,KSQ
1675,115610,KR7115610008,이미지스,KOSDAQ,벤처기업부,1336,2,-49,-3.54,1306,1362,1306,35599,47413422,15789875384,11818769,KSQ
1676,239340,KR7239340003,이스트에이드,KOSDAQ,중견기업부,583,2,-47,-7.46,621,621,560,20605,11990914,15729126622,26979634,KSQ
1677,900340,HK0000449303,윙입푸드,KOSDAQ,외국기업(소속부없음),1247,2,-40,-3.11,1287,1295,1247,29778,37578621,15690666804,12582732,KSQ
1678,900110,HK0000057197,딥커머스,KOSDAQ,외국기업(소속부없음),1276,1,36,2.9,1240,1276,1205,19590,24437418,15684057356,12291581,KSQ
1679,060230,KR7060230000,제이케이시냅스,KOSDAQ,중견기업부,1392,1,227,19.48,1200,1513,1200,1832502,2563691994,15674056416,11260098,KSQ
1680,0072Z0,KR70072Z0006,KB제33호스팩,KOSDAQ,SPAC(소속부없음),1976,2,-2,-0.1,1964,1979,1964,4785,9435383,15580760000,7885000,KSQ
1681,291810,KR7291810000,핀텔,KOSDAQ,기술성장기업부,1370,2,-131,-8.73,1468,1557,1322,502931,725438543,15575135440,11368712,KSQ
1682,0101C0,KR70101C0008,하나36호스팩,KOSDAQ,SPAC(소속부없음),1994,1,16,0.81,1985,1994,1979,508,1009610,15433560000,7740000,KSQ
1683,469880,KR7469880009,하나30호스팩,KOSDAQ,관리종목(소속부없음),2110,2,-5,-0.24,2115,2115,2110,40002,84452470,15413550000,7305000,KSQ
1684,0130H0,KR70130H0008,엔에이치스팩33호,KOSDAQ,SPAC(소속부없음),1990,3,0,0.0,1995,1995,1990,3517,7004504,15323000000,7700000,KSQ
1685,477340,KR7477340004,에이치엠씨제7호스팩,KOSDAQ,SPAC(소속부없음),2037,2,-3,-0.15,2035,2040,2035,8707,17726536,15297870000,7510000,KSQ
1686,344860,KR7344860002,이노진,KOSDAQ,기술성장기업부,1271,2,-52,-3.93,1270,1302,1266,9387,11934749,15290130000,12030000,KSQ
1687,279600,KR7279600001,미디어젠,KOSDAQ,벤처기업부,3245,2,-260,-7.42,3410,3410,3005,986,3133180,15202114345,4684781,KSQ
1688,113810,KR7113810006,디젠스,KOSDAQ,중견기업부,465,0,0,0.0,0,0,0,0,0,15172043715,32628051,KSQ
1689,030350,KR7030350003,드래곤플라이,KOSDAQ,관리종목(소속부없음),973,0,0,0.0,0,0,0,0,0,15171092867,15592079,KSQ
1690,368600,KR7368600003,아이씨에이치,KOSDAQ,기술성장기업부,588,2,-2,-0.34,588,612,563,121213,70651111,15167704020,25795415,KSQ
1691,060480,KR7060480001,국일신동,KOSDAQ,중견기업부,1363,2,-5,-0.37,1365,1375,1357,14912,20371042,15115670000,11090000,KSQ
1692,200230,KR7200230001,텔콘RF제약,KOSDAQ,중견기업부,2105,2,-145,-6.44,2265,2270,2075,35136,74755804,15055703065,7152353,KSQ
1693,240600,KR7240600007,유진테크놀로지,KOSDAQ,벤처기업부,2160,2,-125,-5.47,2285,2355,2080,29279,64028740,14964806160,6928151,KSQ
1694,177350,KR7177350006,베셀,KOSDAQ,투자주의환기종목(소속부없음),754,1,73,10.72,681,840,668,947650,720959984,14953103308,19831702,KSQ
1695,0044K0,KR70044K0008,삼성스팩10호,KOSDAQ,SPAC(소속부없음),1981,2,-8,-0.4,1975,1992,1975,1409,2796007,14897120000,7520000,KSQ
1696,354200,KR7354200008,엔젠바이오,KOSDAQ,기술성장기업부,1661,2,-7,-0.42,1668,1728,1643,11998,20244535,14843664363,8936583,KSQ
1697,101000,KR7101000008,KS인더스트리,KOSDAQ,중견기업부,370,2,-14,-3.65,384,398,364,104728,38978678,14667520760,39641948,KSQ
1698,012340,KR7012340006,뉴인텍,KOSDAQ,투자주의환기종목(소속부없음),784,1,35,4.67,747,821,718,515516,397542372,14661044608,18700312,KSQ
1699,018700,KR7018700005,졸스,KOSDAQ,투자주의환기종목(소속부없음),1247,1,51,4.26,1179,1343,1179,94288,121305242,14598112742,11706586,KSQ
1700,473050,KR7473050003,유안타제15호스팩,KOSDAQ,SPAC(소속부없음),2080,2,-5,-0.24,2080,2085,2077,85663,178179283,14580800000,7010000,KSQ
1701,0115H0,KR70115H0007,삼성스팩13호,KOSDAQ,SPAC(소속부없음),1983,2,-3,-0.15,1986,1990,1980,2175,4314883,14575050000,7350000,KSQ
1702,377220,KR7377220009,프롬바이오,KOSDAQ,기술성장기업부,513,0,0,0.0,0,0,0,0,0,14523030000,28310000,KSQ
1703,148780,KR7148780000,비큐AI,KOSDAQ,기술성장기업부,457,0,0,0.0,0,0,0,0,0,14370696325,31445725,KSQ
1704,115530,KR7115530008,씨엔플러스,KOSDAQ,중견기업부,1822,2,-113,-5.84,1927,1950,1774,24708,45254987,14365342182,7884381,KSQ
1705,900300,HK0000312568,오가닉티코스메틱,KOSDAQ,외국기업(소속부없음),1840,2,-200,-9.8,1970,2050,1830,92926,178490843,14315378480,7780097,KSQ
1706,083470,KR7083470005,이엠앤아이,KOSDAQ,벤처기업부,666,2,-53,-7.37,723,727,610,745944,502485904,14212659114,21340329,KSQ
1707,478440,KR7478440001,미래에셋비전스팩6호,KOSDAQ,SPAC(소속부없음),2045,3,0,0.0,2040,2045,2030,26911,54823170,14171850000,6930000,KSQ
1708,131760,KR7131760001,파인텍,KOSDAQ,벤처기업부,1630,2,-110,-6.32,1708,1739,1615,80421,133306294,14158695080,8686316,KSQ
1709,389680,KR7389680000,유디엠텍,KOSDAQ,기술성장기업부,1700,1,38,2.29,1671,1720,1618,26825,44335313,14145178100,8320693,KSQ
1710,479880,KR7479880007,한국제15호스팩,KOSDAQ,SPAC(소속부없음),2050,1,5,0.24,2050,2050,2045,416,852780,14083500000,6870000,KSQ
1711,0165X0,KR70165X0006,메리츠제2호스팩,KOSDAQ,SPAC(소속부없음),1944,2,-3,-0.15,1947,1947,1942,58548,113822049,14074560000,7240000,KSQ
1712,028080,KR7028080000,휴맥스홀딩스,KOSDAQ,중견기업부,5530,2,-230,-3.99,5760,5760,5510,3762,21103360,14004863250,2532525,KSQ
1713,0099W0,KR70099W0008,미래에셋비전스팩11호,KOSDAQ,SPAC(소속부없음),1998,1,5,0.25,1993,1998,1991,2091,4168472,13986000000,7000000,KSQ
1714,417180,KR7417180007,핑거스토리,KOSDAQ,중견기업부,3920,3,0,0.0,3920,3970,3840,6772,26454765,13758118080,3509724,KSQ
1715,352770,KR7352770002,셀레스트라,KOSDAQ,관리종목(소속부없음),5250,0,0,0.0,0,0,0,0,0,13610136750,2592407,KSQ
1716,079950,KR7079950002,인베니아,KOSDAQ,관리종목(소속부없음),975,1,163,20.07,800,1050,788,261368,250065981,13454122500,13799100,KSQ
1717,009620,KR7009620006,삼보산업,KOSDAQ,투자주의환기종목(소속부없음),768,2,-20,-2.54,788,788,721,191884,146148254,13419300864,17473048,KSQ
1718,244460,KR7244460002,올리패스,KOSDAQ,관리종목(소속부없음),1651,0,0,0.0,0,0,0,0,0,13415218661,8125511,KSQ
1719,0134X0,KR70134X0004,대신밸런스제20호스팩,KOSDAQ,SPAC(소속부없음),1975,1,3,0.15,1972,1976,1970,12421,24493429,13311500000,6740000,KSQ
1720,489480,KR7489480004,키움제11호스팩,KOSDAQ,SPAC(소속부없음),2015,3,0,0.0,2020,2020,2015,10367,20889542,13299000000,6600000,KSQ
1721,035620,KR7035620004,바른손이앤에이,KOSDAQ,중견기업부,712,2,-84,-10.55,796,809,711,246956,181596156,13250261616,18609918,KSQ
1722,481890,KR7481890002,엔에이치스팩31호,KOSDAQ,SPAC(소속부없음),2075,2,-5,-0.24,2080,2080,2065,22736,46952880,13165875000,6345000,KSQ
1723,208640,KR7208640003,썸에이지,KOSDAQ,중견기업부,945,4,218,29.99,732,945,732,541184,494381469,13158203625,13924025,KSQ
1724,0164H0,KR70164H0007,한국제16호스팩,KOSDAQ,SPAC(소속부없음),1949,2,-2,-0.1,1951,1955,1947,32107,62598475,13155750000,6750000,KSQ
1725,123840,KR7123840001,뉴온,KOSDAQ,투자주의환기종목(소속부없음),2065,1,65,3.25,2020,2095,2000,5918,11974620,13144612950,6365430,KSQ
1726,418620,KR7418620001,E8,KOSDAQ,기술성장기업부,661,2,-51,-7.16,705,738,649,153582,103397859,13121165297,19850477,KSQ
1727,0099X0,KR70099X0007,IBKS제25호스팩,KOSDAQ,SPAC(소속부없음),2180,0,0,0.0,0,0,0,0,0,13036400000,5980000,KSQ
1728,0096B0,KR70096B0006,삼성스팩12호,KOSDAQ,SPAC(소속부없음),1980,2,-8,-0.4,1980,1988,1980,5105,10112301,13028400000,6580000,KSQ
1729,0097F0,KR70097F0001,미래에셋비전스팩10호,KOSDAQ,SPAC(소속부없음),1995,3,0,0.0,1982,1995,1982,3485,6927955,12967500000,6500000,KSQ
1730,226340,KR7226340008,본느,KOSDAQ,중견기업부,1529,2,-150,-8.93,1674,1712,1526,35374,55643409,12829050036,8390484,KSQ
1731,489730,KR7489730002,디비금융제13호스팩,KOSDAQ,SPAC(소속부없음),2012,2,-3,-0.15,2015,2015,2010,4407,8880078,12739984000,6332000,KSQ
1732,0093G0,KR70093G0004,미래에셋비전스팩8호,KOSDAQ,SPAC(소속부없음),1989,1,14,0.71,1981,1992,1980,9278,18384310,12729600000,6400000,KSQ
1733,471050,KR7471050005,대신밸런스제17호스팩,KOSDAQ,관리종목(소속부없음),2097,1,2,0.1,2095,2100,2095,44839,93963635,12707820000,6060000,KSQ
1734,478390,KR7478390008,KB제29호스팩,KOSDAQ,SPAC(소속부없음),2040,2,-5,-0.24,2045,2045,2040,130,265820,12688800000,6220000,KSQ
1735,054180,KR7054180005,메디콕스,KOSDAQ,관리종목(소속부없음),2295,0,0,0.0,0,0,0,0,0,12686716395,5527981,KSQ
1736,0037T0,KR70037T0008,KB제32호스팩,KOSDAQ,SPAC(소속부없음),1984,2,-15,-0.75,1996,1996,1982,3324,6604340,12558720000,6330000,KSQ
1737,492220,KR7492220009,KB제31호스팩,KOSDAQ,SPAC(소속부없음),2015,3,0,0.0,2015,2015,2010,796,1602660,12513150000,6210000,KSQ
1738,0054V0,KR70054V0002,엔에이치스팩32호,KOSDAQ,SPAC(소속부없음),2005,2,-5,-0.25,2000,2010,2000,3470,6949080,12464082500,6216500,KSQ
1739,0131D0,KR70131D0001,키움히어로제2호스팩,KOSDAQ,SPAC(소속부없음),1969,2,-4,-0.2,1972,1972,1963,6031,11854641,12424390000,6310000,KSQ
1740,247660,KR7247660004,나노씨엠에스,KOSDAQ,기술성장기업부,2860,2,-135,-4.51,2995,3145,2785,8144,23774935,12423611200,4343920,KSQ
1741,482520,KR7482520004,교보16호스팩,KOSDAQ,SPAC(소속부없음),2022,1,2,0.1,2020,2025,2020,6630,13411360,12334200000,6100000,KSQ
1742,065570,KR7065570004,삼영이엔씨,KOSDAQ,관리종목(소속부없음),764,0,0,0.0,0,0,0,0,0,12295692232,16093838,KSQ
1743,289010,KR7289010001,아이스크림에듀,KOSDAQ,중견기업부,878,2,-41,-4.46,923,923,872,26303,23367595,12243934768,13945256,KSQ
1744,0088D0,KR70088D0004,메리츠제1호스팩,KOSDAQ,SPAC(소속부없음),2110,2,-20,-0.94,2125,2130,2110,8972,19026325,12227450000,5795000,KSQ
1745,250930,KR7250930005,예선테크,KOSDAQ,벤처기업부,370,0,0,0.0,0,0,0,0,0,12210162800,33000440,KSQ
1746,0091W0,KR70091W0006,신영스팩11호,KOSDAQ,SPAC(소속부없음),2005,2,-10,-0.5,2010,2010,1990,34273,68356665,12166340000,6068000,KSQ
1747,0041L0,KR70041L0000,하나35호스팩,KOSDAQ,SPAC(소속부없음),2005,3,0,0.0,2000,2005,2000,5471,10942010,12090150000,6030000,KSQ
1748,477760,KR7477760003,DB금융스팩12호,KOSDAQ,SPAC(소속부없음),2050,3,0,0.0,2055,2060,2050,1395,2862815,11972000000,5840000,KSQ
1749,0132G0,KR70132G0007,교보20호스팩,KOSDAQ,SPAC(소속부없음),1984,2,-7,-0.35,1990,1990,1981,3803,7560679,11844480000,5970000,KSQ
1750,092600,KR7092600006,앤씨앤,KOSDAQ,벤처기업부,2355,1,5,0.21,2375,2375,2245,12410,28429355,11814335565,5016703,KSQ
1751,469900,KR7469900005,하나31호스팩,KOSDAQ,SPAC(소속부없음),2080,3,0,0.0,2080,2085,2080,5070,10545620,11658400000,5605000,KSQ
1752,482690,KR7482690005,대신밸런스제19호스팩,KOSDAQ,SPAC(소속부없음),2060,3,0,0.0,2065,2065,2060,143,294585,11566900000,5615000,KSQ
1753,0071M0,KR70071M0002,삼성스팩11호,KOSDAQ,SPAC(소속부없음),1991,2,-4,-0.2,1993,1993,1991,180,358486,11468160000,5760000,KSQ
1754,069920,KR7069920007,엑시온그룹,KOSDAQ,관리종목(소속부없음),1233,4,284,29.93,967,1233,943,1132761,1347989296,11462610393,9296521,KSQ
1755,900270,HK0000214814,헝셩그룹,KOSDAQ,외국기업(소속부없음),446,2,-75,-14.4,521,524,440,293932,136622817,11400402686,25561441,KSQ
1756,474660,KR7474660008,신한제12호스팩,KOSDAQ,SPAC(소속부없음),2060,1,5,0.24,2060,2060,2060,1,2060,11371200000,5520000,KSQ
1757,474490,KR7474490000,유안타제16호스팩,KOSDAQ,SPAC(소속부없음),2055,3,0,0.0,2055,2055,2050,21056,43267891,11323050000,5510000,KSQ
1758,0105P0,KR70105P0009,유진스팩12호,KOSDAQ,SPAC(소속부없음),2000,1,5,0.25,2000,2000,1993,2543,5082729,11320000000,5660000,KSQ
1759,477470,KR7477470009,미래에셋비전스팩5호,KOSDAQ,SPAC(소속부없음),2065,2,-25,-1.2,2085,2085,2060,3309,6831655,11316200000,5480000,KSQ
1760,487360,KR7487360000,신한제14호스팩,KOSDAQ,SPAC(소속부없음),2005,3,0,0.0,2005,2010,2005,948,1900745,11308200000,5640000,KSQ
1761,308100,KR7308100007,형지글로벌,KOSDAQ,중견기업부,467,2,-189,-28.81,680,691,460,4388322,2421074976,11218744736,24023008,KSQ
1762,496070,KR7496070004,신한제16호스팩,KOSDAQ,SPAC(소속부없음),1990,1,3,0.15,1987,1990,1987,2328,4629802,11183800000,5620000,KSQ
1763,084180,KR7084180009,수성웹툰,KOSDAQ,관리종목(소속부없음),618,1,79,14.66,528,700,484,1951073,1254882593,11169906894,18074283,KSQ
1764,0129K0,KR70129K0006,신한제18호스팩,KOSDAQ,SPAC(소속부없음),1982,2,-1,-0.05,1970,1990,1970,8307,16461902,11138840000,5620000,KSQ
1765,079190,KR7079190005,케스피온,KOSDAQ,벤처기업부,571,0,0,0.0,0,0,0,0,0,10950499247,19177757,KSQ
1766,0096D0,KR70096D0004,미래에셋비전스팩9호,KOSDAQ,SPAC(소속부없음),1980,3,0,0.0,1984,1984,1980,981,1944758,10890000000,5500000,KSQ
1767,486630,KR7486630007,KB제30호스팩,KOSDAQ,SPAC(소속부없음),2025,2,-5,-0.25,2030,2030,2025,510,1035270,10752750000,5310000,KSQ
1768,0098T0,KR70098T0004,교보19호스팩,KOSDAQ,SPAC(소속부없음),1989,3,0,0.0,1989,1990,1989,1955,3889648,10740600000,5400000,KSQ
1769,493790,KR7493790000,유안타제17호스팩,KOSDAQ,SPAC(소속부없음),2015,3,0,0.0,2010,2015,2000,11737,23590460,10699650000,5310000,KSQ
1770,0004Y0,KR70004Y0000,디비금융제14호스팩,KOSDAQ,SPAC(소속부없음),1999,3,0,0.0,1998,2005,1998,713,1426012,10624685000,5315000,KSQ
1771,0130D0,KR70130D0002,신한제17호스팩,KOSDAQ,SPAC(소속부없음),1984,1,4,0.2,1980,1992,1976,815,1616601,10594560000,5340000,KSQ
1772,042040,KR7042040006,케이피엠테크,KOSDAQ,중견기업부,4260,2,-305,-6.68,4790,4835,4200,50552,223107784,10526187360,2470936,KSQ
1773,489210,KR7489210005,교보17호스팩,KOSDAQ,SPAC(소속부없음),2025,3,0,0.0,2020,2025,2015,388,783600,10489500000,5180000,KSQ
1774,043100,KR7043100007,알파AI,KOSDAQ,관리종목(소속부없음),520,0,0,0.0,0,0,0,0,0,10457241600,20110080,KSQ
1775,900100,USU652221081,파이온엑스,KOSDAQ,외국기업(소속부없음),1976,1,46,2.38,1999,1999,1946,8551,16825706,10425474800,5276050,KSQ
1776,478110,KR7478110000,이베스트스팩6호,KOSDAQ,SPAC(소속부없음),2035,3,0,0.0,2035,2040,2035,1812,3687455,10215700000,5020000,KSQ
1777,466690,KR7466690005,키움히어로제1호스팩,KOSDAQ,SPAC(소속부없음),2005,1,5,0.25,2000,2005,2000,2624,5248505,10215475000,5095000,KSQ
1778,0041B0,KR70041B0002,교보18호스팩,KOSDAQ,SPAC(소속부없음),2020,1,5,0.25,2000,2020,2000,136,274385,10180800000,5040000,KSQ
1779,498390,KR7498390004,한화플러스제5호스팩,KOSDAQ,SPAC(소속부없음),2035,2,-5,-0.25,2035,2045,2010,60323,121883405,10093600000,4960000,KSQ
1780,472220,KR7472220003,신영스팩10호,KOSDAQ,SPAC(소속부없음),2090,2,-5,-0.24,2095,2095,2085,66,137930,9802100000,4690000,KSQ
1781,488060,KR7488060005,유진스팩11호,KOSDAQ,SPAC(소속부없음),2035,3,0,0.0,2025,2035,2025,3535,7193375,9605200000,4720000,KSQ
1782,106080,KR7106080005,케이이엠텍,KOSDAQ,관리종목(소속부없음),1650,0,0,0.0,0,0,0,0,0,9506998050,5761817,KSQ
1783,011080,KR7011080009,형지I&C,KOSDAQ,중견기업부,2145,2,-720,-25.13,2865,3100,2050,932189,2202174219,9215481990,4296262,KSQ
1784,484130,KR7484130000,하나34호스팩,KOSDAQ,SPAC(소속부없음),2020,2,-10,-0.49,2035,2035,2020,9005,18201135,9130400000,4520000,KSQ
1785,469480,KR7469480008,IBKS제24호스팩,KOSDAQ,SPAC(소속부없음),2130,0,0,0.0,0,0,0,0,0,9009900000,4230000,KSQ
1786,473950,KR7473950004,에스케이증권제13호스팩,KOSDAQ,SPAC(소속부없음),2030,3,0,0.0,2035,2035,2030,18011,36562350,8972600000,4420000,KSQ
1787,073190,KR7073190001,듀오백,KOSDAQ,관리종목(소속부없음),747,1,15,2.05,741,759,724,8762,6543053,8940125880,11968040,KSQ
1788,008290,KR7008290009,원풍물산,KOSDAQ,관리종목(소속부없음),439,4,101,29.88,407,439,405,489119,211359875,8932262321,20346839,KSQ
1789,467930,KR7467930004,IBKS제23호스팩,KOSDAQ,관리종목(소속부없음),2110,3,0,0.0,2110,2110,2110,119834,252849740,8925300000,4230000,KSQ
1790,465320,KR7465320000,교보15호스팩,KOSDAQ,SPAC(소속부없음),2335,0,0,0.0,0,0,0,0,0,8896350000,3810000,KSQ
1791,468760,KR7468760004,유진스팩10호,KOSDAQ,SPAC(소속부없음),2080,0,0,0.0,0,0,0,0,0,8819200000,4240000,KSQ
1792,487830,KR7487830002,신한제15호스팩,KOSDAQ,SPAC(소속부없음),2010,2,-10,-0.5,2020,2020,2010,1630,3292380,8743500000,4350000,KSQ
1793,472230,KR7472230002,에스케이증권제11호스팩,KOSDAQ,SPAC(소속부없음),2082,1,2,0.1,2080,2085,2075,21693,45120563,8650710000,4155000,KSQ
1794,050090,KR7050090000,비케이홀딩스,KOSDAQ,투자주의환기종목(소속부없음),366,2,-13,-3.43,379,379,363,12142,4550138,8613713010,23534735,KSQ
1795,0068Y0,KR70068Y0003,비엔케이제3호스팩,KOSDAQ,SPAC(소속부없음),1985,1,2,0.1,1985,1987,1985,822,1631802,8555350000,4310000,KSQ
1796,487720,KR7487720005,키움제10호스팩,KOSDAQ,SPAC(소속부없음),2020,3,0,0.0,2020,2020,1996,283,571582,8544600000,4230000,KSQ
1797,312610,KR7312610009,에이에프더블류,KOSDAQ,관리종목(소속부없음),417,1,25,6.38,392,449,382,230992,95862718,8447122296,20256888,KSQ
1798,0041J0,KR70041J0004,엘에스스팩1호,KOSDAQ,SPAC(소속부없음),1987,2,-6,-0.3,1997,1997,1986,3673,7300208,8166570000,4110000,KSQ
1799,087260,KR7087260006,모바일어플라이언스,KOSDAQ,벤처기업부,249,3,0,0.0,250,256,239,500815,123382443,8105662389,32552861,KSQ
1800,225430,KR7225430008,케이엠제약,KOSDAQ,관리종목(소속부없음),1421,2,-117,-7.61,1466,1538,1392,19494,28549078,7925499610,5577410,KSQ
1801,03481K,KR703481K019,해성산업1우,KOSDAQ,중견기업부,5740,2,-210,-3.53,5940,5940,5510,2095,11809520,7906580220,1377453,KSQ
1802,035290,KR7035290006,골드앤에스,KOSDAQ,관리종목(소속부없음),1628,2,-13,-0.79,1594,1945,1551,31053,53104129,7761730944,4767648,KSQ
1803,199730,KR7199730003,바이오인프라,KOSDAQ,벤처기업부,1589,2,-45,-2.75,1595,1687,1540,17543,27876762,7729479163,4864367,KSQ
1804,900120,KYG2114A1094,씨엑스아이,KOSDAQ,외국기업(소속부없음),1028,2,-63,-5.77,1123,1123,1000,15766,16525343,7678810480,7469660,KSQ
1805,079970,KR7079970000,투비소프트,KOSDAQ,관리종목(소속부없음),596,0,0,0.0,0,0,0,0,0,7646223464,12829234,KSQ
1806,475250,KR7475250007,하나33호스팩,KOSDAQ,SPAC(소속부없음),2055,2,-10,-0.48,2055,2060,2050,599,1230945,7603500000,3700000,KSQ
1807,474930,KR7474930005,신한제13호스팩,KOSDAQ,SPAC(소속부없음),2080,2,-5,-0.24,2085,2085,2080,202,420170,7529600000,3620000,KSQ
1808,121850,KR7121850002,코이즈,KOSDAQ,관리종목(소속부없음),1433,2,-41,-2.78,1502,1502,1415,6504,9432558,7246679567,5056999,KSQ
1809,065420,KR7065420002,에스아이리소스,KOSDAQ,중견기업부,101,2,-24,-19.2,110,118,93,6262758,655711471,7229307199,71577299,KSQ
1810,276040,KR7276040003,스코넥,KOSDAQ,관리종목(소속부없음),327,0,0,0.0,0,0,0,0,0,7073119545,21630335,KSQ
1811,473000,KR7473000008,에스케이증권제12호스팩,KOSDAQ,SPAC(소속부없음),2055,1,5,0.24,2060,2060,2055,64,131535,6802050000,3310000,KSQ
1812,025870,KR7025870007,신라에스지,KOSDAQ,관리종목(소속부없음),1680,2,-319,-15.96,1916,1994,1629,121594,209691013,6720000000,4000000,KSQ
1813,475240,KR7475240008,하나32호스팩,KOSDAQ,SPAC(소속부없음),2085,3,0,0.0,2085,2085,2075,348,723845,6672000000,3200000,KSQ
1814,044180,KR7044180008,KD,KOSDAQ,관리종목(소속부없음),205,0,0,0.0,0,0,0,0,0,5477148795,26717799,KSQ
1815,313760,KR7313760001,캐리,KOSDAQ,관리종목(소속부없음),468,0,0,0.0,0,0,0,0,0,5244963048,11207186,KSQ
1816,043090,KR7043090000,더테크놀로지,KOSDAQ,투자주의환기종목(소속부없음),1140,0,0,0.0,0,0,0,0,0,4718944500,4139425,KSQ
1817,052770,KR7052770005,아이톡시,KOSDAQ,관리종목(소속부없음),312,0,0,0.0,0,0,0,0,0,4545457488,14568774,KSQ
1818,021045,KR7021041009,대호특수강우,KOSDAQ,중견기업부,2485,2,-25,-1.0,2495,2495,2400,14,34510,2108502620,848492,KSQ
1819,060240,KR7060240009,스타코링크,KOSDAQ,관리종목(소속부없음),143,2,-51,-26.29,200,207,143,1057198,178810000,832411580,5821060,KSQ
1820,032685,KR7032681009,소프트센우,KOSDAQ,중견기업부,9900,2,-50,-0.5,9200,9900,9200,51,472700,706483800,71362,KSQ
