,Code,ISU_CD,Name,Market,Dept,Close,ChangeCode,Changes,ChagesRatio,Open,High,Low,Volume,Amount,Marcap,Stocks,MarketId
0,086520,KR7086520004,에코프로,KOSDAQ GLOBAL,중견기업부,149700,2,-3400,-2.22,153200,153800,149500,776037,117451112050,20325689954400,135776152,KSQ
1,247540,KR7247540008,에코프로비엠,KOSDAQ GLOBAL,우량기업부,202000,2,-6500,-3.12,207500,209750,201500,292274,59963976250,19761747668000,97830434,KSQ
2,196170,KR7196170005,알테오젠,KOSDAQ GLOBAL,우량기업부,365500,2,-9000,-2.4,373000,375000,363000,173467,63765773250,19566619616500,53533843,KSQ
3,000250,KR7000250001,삼천당제약,KOSDAQ,중견기업부,518000,1,33000,6.8,545000,549000,509000,376889,198354185500,12150970496000,23457472,KSQ
4,277810,KR7277810008,레인보우로보틱스,KOSDAQ,기술성장기업부,584000,2,-22000,-3.63,615000,620000,581000,98268,58810757000,11329517072000,19399858,KSQ
5,298380,KR7298380007,에이비엘바이오,KOSDAQ,기술성장기업부,156400,2,-2000,-1.26,159800,162900,156200,253964,40342908750,8756439213200,55987463,KSQ
6,950160,KR8840120008,코오롱티슈진,KOSDAQ,외국기업(소속부없음),103600,1,2100,2.07,103800,108100,100400,307225,32256311800,8717510060000,84145850,KSQ
7,058470,KR7058470006,리노공업,KOSDAQ GLOBAL,우량기업부,109800,2,-7000,-5.99,113200,113900,109200,463869,51352901100,8368061130000,76211850,KSQ
8,028300,KR7028300002,HLB,KOSDAQ,중견기업부,55700,1,800,1.46,54600,56200,54200,657414,36393903350,7415480472800,133132504,KSQ
9,141080,KR7141080002,리가켐바이오,KOSDAQ GLOBAL,기술성장기업부,182300,1,6600,3.76,177200,186700,176500,408849,74762272800,6674064617400,36610338,KSQ
10,087010,KR7087010005,펩트론,KOSDAQ,기술성장기업부,274500,2,-9500,-3.35,281500,286000,273000,67376,18742372250,6400612575000,23317350,KSQ
11,095340,KR7095340006,ISC,KOSDAQ GLOBAL,우량기업부,268500,1,11500,4.47,254500,277500,254000,387726,103563264000,5691410073000,21197058,KSQ
12,240810,KR7240810002,원익IPS,KOSDAQ GLOBAL,우량기업부,115700,2,-5700,-4.7,119000,119500,114200,289301,33751850400,5679007345700,49083901,KSQ
13,039030,KR7039030002,이오테크닉스,KOSDAQ GLOBAL,우량기업부,423000,2,-19000,-4.3,428500,443000,420000,47570,20413365250,5211169650000,12319550,KSQ
14,310210,KR7310210000,보로노이,KOSDAQ,기술성장기업부,278000,2,-2000,-0.71,277500,289500,271500,51173,14315705000,5115803538000,18402171,KSQ
15,214370,KR7214370009,케어젠,KOSDAQ,벤처기업부,83100,2,-3500,-4.04,86600,88800,82600,101213,8548021600,4463716500000,53715000,KSQ
16,032820,KR7032820003,우리기술,KOSDAQ,벤처기업부,21900,2,-1750,-7.4,23650,23650,21500,11120645,245606540425,3747008575800,171096282,KSQ
17,403870,KR7403870009,HPSP,KOSDAQ GLOBAL,우량기업부,44450,2,-1450,-3.16,45150,45450,43650,1009903,44931541350,3658235000000,82300000,KSQ
18,263750,KR7263750002,펄어비스,KOSDAQ GLOBAL,우량기업부,56600,1,100,0.18,57100,57500,55000,972077,54422791800,3636428593000,64247855,KSQ
19,108490,KR7108490004,로보티즈,KOSDAQ,기술성장기업부,246500,2,-9500,-3.71,256500,258500,244500,105660,26339012250,3611897452000,14652728,KSQ
20,214150,KR7214150005,클래시스,KOSDAQ GLOBAL,우량기업부,52800,3,0,0.0,52400,53500,52100,133283,7026482400,3444442795200,65235659,KSQ
21,319400,KR7319400008,현대무벡스,KOSDAQ,우량기업부,30250,1,1050,3.6,31150,31300,30050,2086194,63951792050,3369125179750,111376039,KSQ
22,226950,KR7226950004,올릭스,KOSDAQ,기술성장기업부,160500,2,-3500,-2.13,164000,168500,159700,114090,18565492450,3258243571500,20300583,KSQ
23,214450,KR7214450009,파마리서치,KOSDAQ GLOBAL,우량기업부,296500,1,2000,0.68,293500,305500,292000,69685,20925225000,3080530632000,10389648,KSQ
24,357780,KR7357780006,솔브레인,KOSDAQ GLOBAL,우량기업부,395500,2,-16500,-4.0,401000,403500,391000,32597,12916196750,3076422853000,7778566,KSQ
25,145020,KR7145020004,휴젤,KOSDAQ GLOBAL,우량기업부,246500,2,-2000,-0.8,247500,254500,245500,23526,5850441500,3032944134500,12304033,KSQ
26,347850,KR7347850000,디앤디파마텍,KOSDAQ,기술성장기업부,68800,2,-1000,-1.43,70200,71500,68700,234748,16398946100,3013725313600,43804147,KSQ
27,0009K0,KR70009K0001,에임드바이오,KOSDAQ,기술성장기업부,46550,2,-1500,-3.12,48250,48450,46200,115965,5477775675,3010442544550,64671161,KSQ
28,036930,KR7036930006,주성엔지니어링,KOSDAQ GLOBAL,우량기업부,63600,2,-4400,-6.47,66600,67900,63100,850130,55419769650,2956199295600,46481121,KSQ
29,237690,KR7237690003,에스티팜,KOSDAQ GLOBAL,우량기업부,141100,1,1100,0.79,140300,143000,140200,62914,8898931600,2938844910000,20828100,KSQ
30,043260,KR7043260009,성호전자,KOSDAQ,우량기업부,40650,2,-1950,-4.58,42550,42650,40350,374101,15400818850,2883012754950,70922823,KSQ
31,083650,KR7083650002,비에이치아이,KOSDAQ,중견기업부,91900,2,-2800,-2.96,93700,94850,91700,190549,17721229250,2843788062500,30944375,KSQ
32,084370,KR7084370006,유진테크,KOSDAQ,우량기업부,122600,2,-11000,-8.23,130800,134000,122100,134753,16957306300,2809506749200,22916042,KSQ
33,440110,KR7440110005,파두,KOSDAQ,기술성장기업부,55300,2,-1700,-2.98,55700,58000,54000,526509,29379609650,2769168901100,50075387,KSQ
34,064760,KR7064760002,티씨케이,KOSDAQ GLOBAL,우량기업부,241500,2,-1000,-0.41,237500,247500,235000,36752,8847857250,2699828964000,11179416,KSQ
35,257720,KR7257720003,실리콘투,KOSDAQ,우량기업부,42950,1,1700,4.12,41000,43250,40850,727525,30914897175,2627333448600,61171908,KSQ
36,476830,KR7476830005,알지노믹스,KOSDAQ,기술성장기업부,188000,1,1200,0.64,188100,196700,186400,192354,36709933650,2619562296000,13933842,KSQ
37,178320,KR7178320008,서진시스템,KOSDAQ,벤처기업부,43900,2,-450,-1.01,44000,45800,43450,635410,28271753225,2585710219500,58900005,KSQ
38,222800,KR7222800005,심텍,KOSDAQ GLOBAL,우량기업부,69100,1,1100,1.62,66100,70700,65700,1049777,72111797250,2580347263800,37342218,KSQ
39,140410,KR7140410002,메지온,KOSDAQ,투자주의환기종목(소속부없음),84500,2,-3400,-3.87,88500,88700,84100,96216,8192066700,2568138111500,30392167,KSQ
40,068760,KR7068760008,셀트리온제약,KOSDAQ,우량기업부,55700,2,-900,-1.59,56600,56600,55500,50088,2803377000,2433187771400,43683802,KSQ
41,058610,KR7058610007,에스피지,KOSDAQ,우량기업부,107900,2,-5900,-5.18,115700,116300,107300,257033,28364669400,2392937144000,22177360,KSQ
42,005290,KR7005290002,동진쎄미켐,KOSDAQ,우량기업부,45900,2,-2000,-4.18,47100,48300,45800,1219463,57154058125,2359925274600,51414494,KSQ
43,319660,KR7319660007,피에스케이,KOSDAQ GLOBAL,우량기업부,81300,2,-3600,-4.24,82800,85900,80900,230786,19065109800,2354993848200,28966714,KSQ
44,218410,KR7218410009,RFHIC,KOSDAQ,우량기업부,85500,1,400,0.47,83800,88000,82400,400047,33879467550,2270319291000,26553442,KSQ
45,031980,KR7031980006,피에스케이홀딩스,KOSDAQ,우량기업부,102900,2,-4500,-4.19,104500,106300,100600,95448,9888850400,2218770445500,21562395,KSQ
46,010170,KR7010170009,대한광통신,KOSDAQ,중견기업부,14120,2,-570,-3.88,14650,14910,13750,23092912,328779077905,2195457519200,155485660,KSQ
47,101490,KR7101490001,에스앤에스텍,KOSDAQ,우량기업부,101800,1,11100,12.24,89600,104000,88900,879627,87049783100,2171890682200,21334879,KSQ
48,030530,KR7030530000,원익홀딩스,KOSDAQ,중견기업부,27600,2,-1750,-5.96,29350,29400,27500,518145,14624117150,2131768275600,77237981,KSQ
49,035900,KR7035900000,JYP Ent.,KOSDAQ GLOBAL,우량기업부,59900,2,-1300,-2.12,60500,61200,59600,113641,6832921800,2128396270800,35532492,KSQ
50,347700,KR7347700007,스피어,KOSDAQ,기술성장기업부,41400,2,-4100,-9.01,44550,44550,41000,802122,33827752125,2041876483200,49320688,KSQ
51,039200,KR7039200001,오스코텍,KOSDAQ,벤처기업부,52500,1,3800,7.8,48550,53000,48400,342785,17616840500,2008554240000,38258176,KSQ
52,067310,KR7067310003,하나마이크론,KOSDAQ,중견기업부,29950,2,-1150,-3.7,30600,30750,29700,699419,21105735675,1989684103700,66433526,KSQ
53,089030,KR7089030001,테크윙,KOSDAQ,중견기업부,52200,1,1400,2.76,50400,54200,49600,1585382,83408370550,1934200269000,37053645,KSQ
54,041510,KR7041510009,에스엠,KOSDAQ GLOBAL,우량기업부,84300,2,-2700,-3.1,86300,87500,84200,49475,4203334950,1930022367000,22894690,KSQ
55,098460,KR7098460009,고영,KOSDAQ,우량기업부,26900,2,-1450,-5.11,28200,28200,26700,798668,21785617625,1846812909500,68654755,KSQ
56,038500,KR7038500005,삼표시멘트,KOSDAQ,우량기업부,16880,2,-570,-3.27,16800,17340,16440,3033589,50982450550,1821627245280,107916306,KSQ
57,082920,KR7082920000,비츠로셀,KOSDAQ,우량기업부,40150,1,1300,3.35,38850,40650,37850,529834,21076171150,1820380001550,45339477,KSQ
58,078600,KR7078600004,대주전자재료,KOSDAQ,우량기업부,117100,1,100,0.09,117000,119000,115700,111896,13133578150,1818343437500,15528125,KSQ
59,099320,KR7099320004,쎄트렉아이,KOSDAQ,우량기업부,157200,2,-14700,-8.55,169900,170600,157200,153959,24625717700,1721540901600,10951278,KSQ
60,323280,KR7323280008,태성,KOSDAQ,중견기업부,54400,2,-3700,-6.37,57000,57000,54000,204107,11287086300,1661266112000,30537980,KSQ
61,131970,KR7131970006,두산테스나,KOSDAQ GLOBAL,우량기업부,85700,2,-5300,-5.82,90300,90400,85300,349608,30465979600,1656344296600,19327238,KSQ
62,475830,KR7475830006,오름테라퓨틱,KOSDAQ,기술성장기업부,77200,2,-1500,-1.91,79500,80700,77000,93535,7338074450,1639138809600,21232368,KSQ
63,085660,KR7085660009,차바이오텍,KOSDAQ,중견기업부,17420,2,-680,-3.76,17920,17970,17410,266776,4699513875,1619358392080,92959724,KSQ
64,140860,KR7140860008,파크시스템스,KOSDAQ GLOBAL,우량기업부,227000,2,-10000,-4.22,235000,239500,226500,44708,10292885000,1588445439000,6997557,KSQ
65,290650,KR7290650001,엘앤씨바이오,KOSDAQ,우량기업부,63100,2,-2500,-3.81,65400,66400,59600,146414,9381567250,1567849675300,24847063,KSQ
66,491000,KR7491000006,리브스메드,KOSDAQ,기술성장기업부,62100,2,-4500,-6.76,66500,66900,61900,181151,11616082700,1549605581100,24953391,KSQ
67,060370,KR7060370004,LS마린솔루션,KOSDAQ,우량기업부,29300,2,-800,-2.66,29700,29950,29100,93185,2749718600,1530598422200,52238854,KSQ
68,437730,KR7437730005,삼현,KOSDAQ,기술성장기업부,48200,2,-650,-1.33,49450,50000,47800,104443,5089646525,1528304729400,31707567,KSQ
69,100790,KR7100790005,미래에셋벤처투자,KOSDAQ,우량기업부,28500,2,-1150,-3.88,28800,29400,28050,1156961,33102838450,1514052069000,53124634,KSQ
70,065350,KR7065350001,신성델타테크,KOSDAQ,우량기업부,54900,2,-1700,-3.0,56000,56100,54600,71637,3960513800,1508868745200,27483948,KSQ
71,003380,KR7003380003,하림지주,KOSDAQ GLOBAL,우량기업부,13370,2,-430,-3.12,13670,13670,13230,576421,7715024655,1497515152770,112005621,KSQ
72,376900,KR7376900007,로킷헬스케어,KOSDAQ,기술성장기업부,94000,2,-400,-0.42,98000,99200,93000,184765,17504740100,1479441466000,15738739,KSQ
73,232140,KR7232140004,와이씨,KOSDAQ,우량기업부,18000,2,-900,-4.76,18700,18700,17920,650048,11823275235,1476816300000,82045350,KSQ
74,095610,KR7095610002,테스,KOSDAQ,우량기업부,73600,1,4500,6.51,68000,75800,67500,658052,48215814900,1424896000000,19360000,KSQ
75,080220,KR7080220007,제주반도체,KOSDAQ,우량기업부,41050,2,-1950,-4.53,42000,42600,40700,789124,32766074000,1413878294650,34442833,KSQ
76,048410,KR7048410005,현대바이오,KOSDAQ,중견기업부,14470,1,170,1.19,14150,14650,13870,977389,13746705650,1396435626840,96505572,KSQ
77,195940,KR7195940002,HK이노엔,KOSDAQ GLOBAL,우량기업부,47700,2,-1250,-2.55,48650,48950,47550,103897,4990248550,1351335800700,28329891,KSQ
78,445680,KR7445680002,큐리옥스바이오시스템즈,KOSDAQ,기술성장기업부,78000,2,-6600,-7.8,82800,83800,77500,119713,9544734650,1335346974000,17119833,KSQ
79,417200,KR7417200003,LS머트리얼즈,KOSDAQ,중견기업부,19630,2,-720,-3.54,20300,20350,19600,675195,13426042840,1328021696170,67652659,KSQ
80,127120,KR7127120004,제이에스링크,KOSDAQ,벤처기업부,38900,2,-450,-1.14,39600,39850,38700,54475,2122425425,1327233456800,34119112,KSQ
81,086450,KR7086450004,동국제약,KOSDAQ GLOBAL,우량기업부,29300,1,1550,5.59,28950,29950,28250,1024000,29823128600,1325251306000,45230420,KSQ
82,090710,KR7090710005,휴림로봇,KOSDAQ,중견기업부,10980,2,-600,-5.18,11590,11590,10880,3395896,37644179030,1311640023060,119457197,KSQ
83,183300,KR7183300003,코미코,KOSDAQ GLOBAL,우량기업부,125100,1,6500,5.48,116200,129700,116200,176061,22389362100,1308631568400,10460684,KSQ
84,131290,KR7131290009,티에스이,KOSDAQ,우량기업부,118000,1,3100,2.7,112200,124500,109200,69964,8416460350,1305248622000,11061429,KSQ
85,281740,KR7281740001,레이크머티리얼즈,KOSDAQ,우량기업부,19790,2,-360,-1.79,20100,20400,19690,402024,8033029505,1300807544920,65730548,KSQ
86,115180,KR7115180002,큐리언트,KOSDAQ,벤처기업부,34300,2,-150,-0.44,34900,35000,33950,57424,1975878800,1277417304100,37242487,KSQ
87,082270,KR7082270000,젬백스,KOSDAQ,벤처기업부,28350,2,-1700,-5.66,36950,37100,27450,1174682,36710385350,1252661278050,44185583,KSQ
88,189300,KR7189300007,인텔리안테크,KOSDAQ,우량기업부,113000,2,-6300,-5.28,117600,118900,113000,88092,10117940100,1213337161000,10737497,KSQ
89,096530,KR7096530001,씨젠,KOSDAQ,우량기업부,23100,1,300,1.32,22750,23300,22600,159210,3665969275,1206420461400,52225994,KSQ
90,007390,KR7007390008,네이처셀,KOSDAQ,중견기업부,18670,1,470,2.58,17930,18860,17920,374054,6855639530,1203002495520,64435056,KSQ
91,397030,KR7397030008,에이프릴바이오,KOSDAQ,기술성장기업부,51400,2,-700,-1.34,52500,53700,51100,101035,5262735800,1199810976400,23342626,KSQ
92,388210,KR7388210007,씨엠티엑스,KOSDAQ,벤처기업부,124000,2,-4000,-3.13,129700,131900,123600,64036,8130218000,1186052312000,9564938,KSQ
93,160190,KR7160190005,하이젠알앤엠,KOSDAQ,투자주의환기종목(소속부없음),37850,1,2050,5.73,35900,39400,34450,303307,11407727475,1169110800000,30888000,KSQ
94,035760,KR7035760008,CJ ENM,KOSDAQ GLOBAL,중견기업부,53200,2,-900,-1.66,54700,54900,53100,62954,3366576300,1166630992800,21929154,KSQ
95,456160,KR7456160001,지투지바이오,KOSDAQ,기술성장기업부,70300,1,2300,3.38,68400,72600,67500,266098,18699628150,1163138737700,16545359,KSQ
96,137400,KR7137400008,피엔티,KOSDAQ GLOBAL,우량기업부,49000,2,-450,-0.91,49000,50300,48750,124771,6163216550,1160845672000,23690728,KSQ
97,166090,KR7166090001,하나머티리얼즈,KOSDAQ GLOBAL,우량기업부,58400,2,-2400,-3.95,59400,60600,57200,152675,8947350050,1155016161600,19777674,KSQ
98,213420,KR7213420003,덕산네오룩스,KOSDAQ GLOBAL,우량기업부,46350,1,1800,4.04,44150,47150,44100,186803,8617461750,1150925146650,24831179,KSQ
99,466100,KR7466100005,클로봇,KOSDAQ,기술성장기업부,46050,1,1650,3.72,45900,46600,44350,399982,18218177975,1150888000950,24992139,KSQ
100,124500,KR7124500000,아이티센글로벌,KOSDAQ,중견기업부,49250,1,700,1.44,50400,50500,48350,121185,5983978100,1142822954750,23204527,KSQ
101,023160,KR7023160005,태광,KOSDAQ,우량기업부,42700,1,1700,4.15,40700,43100,40000,350083,14599189250,1104531233400,25867242,KSQ
102,036540,KR7036540003,SFA반도체,KOSDAQ,우량기업부,6670,2,-220,-3.19,6800,6930,6630,1094539,7390591770,1096950221010,164460303,KSQ
103,293490,KR7293490009,카카오게임즈,KOSDAQ GLOBAL,중견기업부,11820,2,-160,-1.34,11870,11890,11660,141939,1669608100,1061281288020,89786911,KSQ
104,089970,KR7089970008,브이엠,KOSDAQ,우량기업부,43150,2,-350,-0.8,43000,45300,42550,204944,8979705425,1053364639250,24411695,KSQ
105,027360,KR7027360007,아주IB투자,KOSDAQ,벤처기업부,8655,2,-395,-4.36,8950,9040,8590,2187139,19189040970,1048513488930,121145406,KSQ
106,174900,KR7174900001,앱클론,KOSDAQ,중견기업부,51500,2,-2000,-3.74,53400,54200,51000,150069,7870302450,1026163765000,19925510,KSQ
107,036830,KR7036830008,솔브레인홀딩스,KOSDAQ GLOBAL,우량기업부,49850,2,-2050,-3.95,51300,52300,49650,66632,3382832575,1022123452850,20503981,KSQ
108,052020,KR7052020005,에스티큐브,KOSDAQ,투자주의환기종목(소속부없음),15000,2,-550,-3.54,15500,15620,14790,231628,3484307235,1019749365000,67983291,KSQ
109,014620,KR7014620009,성광벤드,KOSDAQ,우량기업부,38300,2,-350,-0.91,38900,38900,37500,138406,5298565825,1017147041200,26557364,KSQ
110,420770,KR7420770000,기가비스,KOSDAQ,벤처기업부,80100,2,-1300,-1.6,81400,83300,79200,53257,4286446550,1015328215800,12675758,KSQ
111,032500,KR7032500001,케이엠더블유,KOSDAQ,중견기업부,24450,2,-2100,-7.91,26900,26900,24300,603919,15164532550,1014479277750,41491995,KSQ
112,388720,KR7388720005,유일로보틱스,KOSDAQ,벤처기업부,86100,2,-1400,-1.6,88600,89300,85700,35678,3111814000,1014373804500,11781345,KSQ
113,253450,KR7253450001,스튜디오드래곤,KOSDAQ GLOBAL,우량기업부,33550,2,-650,-1.9,34100,34650,33100,74877,2516419850,1008462607900,30058498,KSQ
114,328130,KR7328130000,루닛,KOSDAQ,기술성장기업부,34150,1,250,0.74,33450,34450,33300,83545,2834629150,1000065743300,29284502,KSQ
115,295310,KR7295310007,에이치브이엠,KOSDAQ,기술성장기업부,81500,2,-4500,-5.23,84000,84500,80500,121949,10032464750,980224216500,12027291,KSQ
116,056190,KR7056190002,에스에프에이,KOSDAQ GLOBAL,우량기업부,26800,2,-900,-3.25,27350,27550,26650,81717,2206752850,962354768000,35908760,KSQ
117,476060,KR7476060009,온코닉테라퓨틱스,KOSDAQ,기술성장기업부,21100,1,200,0.96,20900,21950,20650,279668,5947069150,947133424000,44887840,KSQ
118,122870,KR7122870009,와이지엔터테인먼트,KOSDAQ,우량기업부,50100,2,-1200,-2.34,51500,51600,50000,88831,4485770600,936421554900,18691049,KSQ
119,222080,KR7222080004,씨아이에스,KOSDAQ GLOBAL,우량기업부,11970,2,-620,-4.92,12590,12590,11950,1237768,15041321010,931028323680,77780144,KSQ
120,204270,KR7204270003,제이앤티씨,KOSDAQ,중견기업부,15810,2,-190,-1.19,16100,16220,15710,105819,1688243580,914584247460,57848466,KSQ
121,044490,KR7044490001,태웅,KOSDAQ,우량기업부,45300,2,-900,-1.95,47950,48150,45100,167702,7791981325,906334359300,20007381,KSQ
122,161580,KR7161580006,필옵틱스,KOSDAQ,중견기업부,38550,2,-1350,-3.38,39300,39400,38200,120143,4649765950,902175896850,23402747,KSQ
123,056080,KR7056080005,유진로봇,KOSDAQ,중견기업부,23650,2,-2200,-8.51,25850,25950,23500,685372,16555587525,887162394800,37512152,KSQ
124,032190,KR7032190001,다우데이타,KOSDAQ,우량기업부,23050,2,-800,-3.35,23750,23750,22900,56729,1316390000,882815000000,38300000,KSQ
125,036810,KR7036810000,에프에스티,KOSDAQ,우량기업부,40700,2,-450,-1.09,40200,42300,39900,190204,7780297275,872866363600,21446348,KSQ
126,389470,KR7389470006,인벤티지랩,KOSDAQ,기술성장기업부,64900,1,700,1.09,65800,66400,64000,57541,3743878250,861697743500,13277315,KSQ
127,050890,KR7050890003,쏠리드,KOSDAQ,우량기업부,14040,2,-1060,-7.02,15000,15170,13940,3627042,51854971890,853021737360,60756534,KSQ
128,358570,KR7358570000,지아이이노베이션,KOSDAQ,기술성장기업부,13140,2,-150,-1.13,13310,13390,12820,342627,4461063650,844080093000,64237450,KSQ
129,171090,KR7171090004,선익시스템,KOSDAQ,중견기업부,83000,2,-3300,-3.82,87200,87200,80400,181994,14993234350,838517958000,10102626,KSQ
130,006730,KR7006730006,서부T&D,KOSDAQ,우량기업부,12850,2,-360,-2.73,13160,13190,12810,529814,6862635010,834310960550,64926923,KSQ
131,241710,KR7241710003,코스메카코리아,KOSDAQ,우량기업부,78000,1,2800,3.72,75100,79300,74700,71911,5582886550,833040000000,10680000,KSQ
132,372320,KR7372320002,큐로셀,KOSDAQ,기술성장기업부,55200,1,1100,2.03,54000,56700,53200,111784,6144258100,830156443200,15039066,KSQ
133,121600,KR7121600001,나노신소재,KOSDAQ,우량기업부,67800,1,400,0.59,68600,69000,66900,94004,6395676650,827918749800,12211191,KSQ
134,074600,KR7074600008,원익QnC,KOSDAQ GLOBAL,우량기업부,31250,2,-850,-2.65,31450,32200,30900,203793,6428531050,821500000000,26288000,KSQ
135,490470,KR7490470002,세미파이브,KOSDAQ,기술성장기업부,24250,2,-1050,-4.15,25000,25050,23750,255871,6214525075,821075900000,33858800,KSQ
136,365340,KR7365340009,성일하이텍,KOSDAQ,기술성장기업부,66400,1,400,0.61,67800,68900,64800,90576,5999914600,814907346400,12272701,KSQ
137,348370,KR7348370008,엔켐,KOSDAQ,중견기업부,37000,2,-150,-0.4,37500,38550,36700,183258,6853569225,810706704000,21910992,KSQ
138,052400,KR7052400009,코나아이,KOSDAQ,우량기업부,55200,2,-200,-0.36,55100,56100,54400,29457,1618867700,803893663200,14563291,KSQ
139,187660,KR7187660006,페니트리움바이오,KOSDAQ,중견기업부,14380,1,380,2.71,13650,14950,13450,2744486,39123999505,797604718140,55466253,KSQ
140,078160,KR7078160009,메디포스트,KOSDAQ,벤처기업부,19980,2,-570,-2.77,20500,20900,19820,46839,947069345,783307967940,39204603,KSQ
141,356860,KR7356860007,티엘비,KOSDAQ,우량기업부,79600,1,5800,7.86,72500,84000,72000,786144,62847495400,782677348000,9832630,KSQ
142,033100,KR7033100009,제룡전기,KOSDAQ,우량기업부,47050,2,-1700,-3.49,48300,48300,46700,81788,3870802325,755736343450,16062409,KSQ
143,033500,KR7033500000,동성화인텍,KOSDAQ,우량기업부,25200,2,-450,-1.75,25800,25800,25000,101858,2568231000,755735248800,29989494,KSQ
144,225570,KR7225570001,넥슨게임즈,KOSDAQ,우량기업부,11450,1,130,1.15,11250,11500,11210,88855,1008782205,754098992300,65860174,KSQ
145,009520,KR7009520008,포스코엠텍,KOSDAQ GLOBAL,우량기업부,18050,2,-390,-2.11,18350,18480,17960,153848,2794815555,751650789150,41642703,KSQ
146,348210,KR7348210006,넥스틴,KOSDAQ GLOBAL,우량기업부,71100,2,-2900,-3.92,72400,74200,70500,49292,3565966700,744915055500,10477005,KSQ
147,102940,KR7102940004,코오롱생명과학,KOSDAQ,중견기업부,56700,1,100,0.18,57000,58900,56600,22181,1277812300,742237190100,13090603,KSQ
148,086900,KR7086900008,메디톡스,KOSDAQ,우량기업부,100500,2,-1200,-1.18,100100,101500,99100,25104,2511864600,733498948500,7298497,KSQ
149,024850,KR7024850000,HLB이노베이션,KOSDAQ,중견기업부,4620,0,0,0.0,0,0,0,0,0,727107843000,157382650,KSQ
150,486990,KR7486990005,노타,KOSDAQ,기술성장기업부,33950,2,-1100,-3.14,34550,34750,33650,162475,5542296575,724704508500,21346230,KSQ
151,376300,KR7376300000,디어유,KOSDAQ,우량기업부,30300,2,-1050,-3.35,30750,31200,30250,68059,2074899475,719273701800,23738406,KSQ
152,214430,KR7214430001,아이쓰리시스템,KOSDAQ,우량기업부,98000,2,-500,-0.51,96200,99000,95000,29543,2880937650,716107070000,7307215,KSQ
153,399720,KR7399720002,가온칩스,KOSDAQ,우량기업부,61700,2,-3100,-4.78,63500,63800,61400,72840,4538866350,715745914000,11600420,KSQ
154,348340,KR7348340001,뉴로메카,KOSDAQ,기술성장기업부,57200,2,-4400,-7.14,61600,62100,57000,338188,19800514400,707115037200,12362151,KSQ
155,493280,KR7493280002,아이엠바이오로직스,KOSDAQ,기술성장기업부,47850,2,-2650,-5.25,50600,53900,47800,161806,8335162275,707036863500,14776110,KSQ
156,200710,KR7200710002,에이디테크놀로지,KOSDAQ,중견기업부,52000,2,-2500,-4.59,53100,53800,51100,146434,7656454300,698922744000,13440822,KSQ
157,025980,KR7025980004,아난티,KOSDAQ,우량기업부,7180,2,-10,-0.14,7290,7350,7060,1113743,8045704280,698621108200,97300990,KSQ
158,112040,KR7112040001,위메이드,KOSDAQ,중견기업부,20300,2,-250,-1.22,20350,20600,20100,82795,1680610700,689154204900,33948483,KSQ
159,033790,KR7033790007,피노,KOSDAQ,중견기업부,9990,2,-60,-0.6,10130,10890,9870,5476761,56268024185,679692836790,68037321,KSQ
160,053800,KR7053800009,안랩,KOSDAQ,우량기업부,60800,2,-300,-0.49,60600,61100,60300,18141,1100140050,676491564800,11126506,KSQ
161,060250,KR7060250008,NHN KCP,KOSDAQ,우량기업부,16840,1,210,1.26,16410,17210,16060,485284,8045066235,676304689240,40160611,KSQ
162,102710,KR7102710001,이엔에프테크놀로지,KOSDAQ,우량기업부,47250,2,-950,-1.97,47750,48600,47100,50184,2388762525,675100251000,14287836,KSQ
163,015750,KR7015750003,성우하이텍,KOSDAQ,우량기업부,8420,2,-330,-3.77,8730,8730,8400,528589,4498939615,673600000000,80000000,KSQ
164,475960,KR7475960001,토모큐브,KOSDAQ,기술성장기업부,50100,2,-2300,-4.39,52000,52000,49600,48517,2451268900,670502027400,13383274,KSQ
165,253590,KR7253590004,네오셈,KOSDAQ,우량기업부,15190,2,-710,-4.47,15740,16090,15130,579092,8990740275,666372601160,43869164,KSQ
166,067160,KR7067160002,SOOP,KOSDAQ GLOBAL,우량기업부,57900,2,-300,-0.52,57700,58500,57400,29345,1695743900,665547009300,11494767,KSQ
167,368770,KR7368770004,파이버프로,KOSDAQ,벤처기업부,20200,2,-350,-1.7,20550,20800,19560,523046,10456621995,663655345000,32854225,KSQ
168,126340,KR7126340009,비나텍,KOSDAQ,벤처기업부,95400,2,-5500,-5.45,102100,102200,93300,129714,12399788800,662750382600,6947069,KSQ
169,084110,KR7084110006,휴온스글로벌,KOSDAQ,중견기업부,51000,2,-1000,-1.92,52100,52200,50600,22607,1162320450,645650412000,12659812,KSQ
170,327260,KR7327260006,RF머트리얼즈,KOSDAQ,벤처기업부,75600,1,3800,5.29,69500,78450,69200,552937,41138666500,642232206000,8495135,KSQ
171,460930,KR7460930001,현대힘스,KOSDAQ,중견기업부,18080,2,-470,-2.53,18480,18480,18040,136701,2487753750,642032931680,35510671,KSQ
172,336570,KR7336570007,원텍,KOSDAQ,기술성장기업부,7130,1,10,0.14,7130,7210,6950,297858,2104453990,641478235610,89968897,KSQ
173,278280,KR7278280003,천보,KOSDAQ,중견기업부,53000,2,-800,-1.49,53700,54200,52500,37039,1969968000,637335494000,12025198,KSQ
174,425420,KR7425420007,티에프이,KOSDAQ,우량기업부,53200,2,-1900,-3.45,55200,56200,52700,201051,10887406950,636309772000,11960710,KSQ
175,042000,KR7042000000,카페24,KOSDAQ,기술성장기업부,26200,2,-800,-2.96,26300,26750,26100,55498,1460762850,635430014800,24253054,KSQ
176,383310,KR7383310000,에코프로에이치엔,KOSDAQ,우량기업부,30100,2,-900,-2.9,30950,30950,29950,112346,3404983850,631345453200,20974932,KSQ
177,041960,KR7041960006,코미팜,KOSDAQ,벤처기업부,8430,1,570,7.25,7870,8670,7810,495658,4110883155,622863152850,73886495,KSQ
178,046890,KR7046890000,서울반도체,KOSDAQ GLOBAL,중견기업부,10550,2,-470,-4.26,10670,10710,10070,852082,8857051155,615121970000,58305400,KSQ
179,060280,KR7060280005,큐렉소,KOSDAQ,중견기업부,14860,2,-620,-4.01,15440,15440,14710,303253,4537413945,613120479400,41259790,KSQ
180,468530,KR7468530001,프로티나,KOSDAQ,기술성장기업부,55500,2,-2300,-3.98,58500,59100,55200,64255,3643287350,607141140000,10939480,KSQ
181,272290,KR7272290008,이녹스첨단소재,KOSDAQ GLOBAL,우량기업부,30350,2,-800,-2.57,30900,31350,30150,116386,3564289200,605103398150,19937509,KSQ
182,090360,KR7090360009,로보스타,KOSDAQ,중견기업부,60400,1,1600,2.72,59000,62800,57100,136544,8253354600,588900000000,9750000,KSQ
183,053610,KR7053610002,프로텍,KOSDAQ,우량기업부,53400,2,-1900,-3.44,54200,54800,53100,21104,1129520700,587400000000,11000000,KSQ
184,094170,KR7094170008,동운아나텍,KOSDAQ,우량기업부,27850,2,-800,-2.79,28800,28800,27600,79605,2230382650,582341717600,20909936,KSQ
185,211050,KR7211050000,인카금융서비스,KOSDAQ,우량기업부,11740,2,-180,-1.51,11720,11880,11610,94842,1112266390,578355333180,49263657,KSQ
186,252990,KR7252990007,샘씨엔에스,KOSDAQ,기술성장기업부,9530,2,-310,-3.15,9790,9850,9460,230358,2209056095,573876482170,60217889,KSQ
187,077360,KR7077360006,덕산하이메탈,KOSDAQ,우량기업부,12550,2,-250,-1.95,12730,13100,12370,723332,9244837530,570234375100,45437002,KSQ
188,031330,KR7031330004,에스에이엠티,KOSDAQ,우량기업부,5680,2,-150,-2.57,5800,5880,5650,618536,3553613570,567971980560,99995067,KSQ
189,287840,KR7287840003,인투셀,KOSDAQ,기술성장기업부,37550,2,-1950,-4.94,39800,39800,37000,96666,3714221125,564074598000,15021960,KSQ
190,018290,KR7018290007,브이티,KOSDAQ,우량기업부,16040,1,1050,7.0,14920,16160,14910,408568,6430754240,560467081520,34941838,KSQ
191,458870,KR7458870003,씨어스테크놀로지,KOSDAQ,기술성장기업부,43900,2,-500,-1.13,44050,49000,43400,210534,9546078350,556940862000,12686580,KSQ
192,064260,KR7064260003,다날,KOSDAQ,중견기업부,7360,2,-120,-1.6,7410,7490,7210,2505259,18319755960,556750563520,75645457,KSQ
193,199800,KR7199800004,툴젠,KOSDAQ,기술성장기업부,61900,1,6400,11.53,56300,61900,56000,32409,1898173200,556718015100,8993829,KSQ
194,083450,KR7083450007,GST,KOSDAQ,우량기업부,30200,1,650,2.2,29350,31450,29100,491790,15053992650,556586000000,18430000,KSQ
195,047920,KR7047920004,HLB제약,KOSDAQ,기술성장기업부,16940,1,210,1.26,16930,17050,16740,82491,1394823870,555621090640,32799356,KSQ
196,099190,KR7099190001,아이센스,KOSDAQ,우량기업부,19250,1,60,0.31,19140,19660,18950,39094,748457440,551421409000,28645268,KSQ
197,393890,KR7393890009,더블유씨피,KOSDAQ GLOBAL,기술성장기업부,16270,1,1230,8.18,15160,17680,14980,3765463,63593091995,550627952880,33843144,KSQ
198,251970,KR7251970000,펌텍코리아,KOSDAQ,우량기업부,44400,1,250,0.57,43700,45000,43650,37601,1663591025,550560000000,12400000,KSQ
199,041190,KR7041190000,우리기술투자,KOSDAQ,벤처기업부,6520,2,-70,-1.06,6590,6730,6360,907975,5878480470,547680000000,84000000,KSQ
200,025320,KR7025320003,시노펙스,KOSDAQ,우량기업부,5930,2,-180,-2.95,6050,6070,5910,428425,2561749935,546476202790,92154503,KSQ
201,045100,KR7045100005,한양이엔지,KOSDAQ,우량기업부,31100,2,-1300,-4.01,31500,31800,30825,61461,1918406875,544250000000,17500000,KSQ
202,025900,KR7025900002,동화기업,KOSDAQ GLOBAL,중견기업부,10640,2,-340,-3.1,10760,11050,10600,100435,1081029530,537929512400,50557285,KSQ
203,104830,KR7104830005,원익머트리얼즈,KOSDAQ,우량기업부,42100,2,-150,-0.36,41500,43100,41100,47802,2008304600,530796800000,12608000,KSQ
204,424870,KR7424870004,이뮨온시아,KOSDAQ,기술성장기업부,7100,2,-240,-3.27,7330,7400,7030,190767,1365642875,527983185900,74363829,KSQ
205,448900,KR7448900001,한국피아이엠,KOSDAQ,기술성장기업부,87900,2,-5100,-5.48,96100,96700,86800,84737,7665706650,527791770300,6004457,KSQ
206,215600,KR7215600008,신라젠,KOSDAQ,중견기업부,3785,2,-55,-1.43,3800,3845,3750,466969,1771049921,522821429260,138129836,KSQ
207,119850,KR7119850006,지엔씨에너지,KOSDAQ,우량기업부,30800,2,-1000,-3.14,31500,31550,30650,39518,1225640875,506626397200,16448909,KSQ
208,122640,KR7122640006,예스티,KOSDAQ,벤처기업부,23700,1,1100,4.87,21950,23700,21700,362185,8398175800,505990757700,21349821,KSQ
209,098070,KR7098070006,한텍,KOSDAQ,중견기업부,45400,1,1450,3.3,44100,46150,43300,196184,8879905450,504899801400,11121141,KSQ
210,033640,KR7033640004,네패스,KOSDAQ,중견기업부,21750,2,-1050,-4.61,22250,22550,21500,206530,4548932750,501537643500,23059202,KSQ
211,095660,KR7095660007,네오위즈,KOSDAQ,우량기업부,22850,2,-450,-1.93,23150,23200,22700,38146,872402550,499428245600,21856816,KSQ
212,389650,KR7389650003,넥스트바이오메디컬,KOSDAQ,기술성장기업부,60700,2,-2700,-4.26,63700,63700,59700,65924,4004444700,497975880200,8203886,KSQ
213,488900,KR7488900002,비츠로넥스텍,KOSDAQ,기술성장기업부,17140,2,-590,-3.33,17630,17630,17130,79387,1371467120,496656233020,28976443,KSQ
214,230360,KR7230360000,에코마케팅,KOSDAQ,우량기업부,16010,1,10,0.06,16000,16020,16000,32350,517647570,496290115580,30998758,KSQ
215,093320,KR7093320000,케이아이엔엑스,KOSDAQ,우량기업부,101600,2,-1200,-1.17,102100,104000,101600,2035,207947450,495808000000,4880000,KSQ
216,067630,KR7067630004,HLB생명과학,KOSDAQ,투자주의환기종목(소속부없음),4045,1,90,2.28,3960,4050,3935,226419,905598635,493154499610,121917058,KSQ
217,484590,KR7484590005,삼양컴텍,KOSDAQ,중견기업부,11940,1,40,0.34,12110,12350,11940,175029,2111261510,492052773000,41210450,KSQ
218,036620,KR7036620003,감성코퍼레이션,KOSDAQ,우량기업부,5420,2,-120,-2.17,5380,5480,5290,202768,1088354615,490530438820,90503771,KSQ
219,180400,KR7180400004,DXVX,KOSDAQ,관리종목(소속부없음),4970,2,-50,-1.0,5050,5150,4850,102872,511913417,489194277040,98429432,KSQ
220,125490,KR7125490003,한라캐스트,KOSDAQ,벤처기업부,13300,2,-1040,-7.25,14240,14330,13270,530442,7241202150,485481281600,36502352,KSQ
221,101930,KR7101930006,인화정공,KOSDAQ,우량기업부,52300,1,2200,4.39,49700,53700,49700,13566,706789250,482879728600,9232882,KSQ
222,030520,KR7030520001,한글과컴퓨터,KOSDAQ GLOBAL,우량기업부,19960,2,-40,-0.2,19870,20100,19760,89682,1783889850,482627690240,24179744,KSQ
223,206650,KR7206650004,유바이오로직스,KOSDAQ,기술성장기업부,13080,2,-260,-1.95,13350,13350,13070,144392,1903969200,480340855560,36723307,KSQ
224,089010,KR7089010003,켐트로닉스,KOSDAQ,우량기업부,29250,2,-400,-1.35,29400,29800,28900,81161,2384116325,477925197750,16339323,KSQ
225,006910,KR7006910004,보성파워텍,KOSDAQ,벤처기업부,9700,2,-530,-5.18,10230,10230,9570,1596965,15652405175,476559292800,49129824,KSQ
226,101160,KR7101160000,월덱스,KOSDAQ,우량기업부,28850,2,-600,-2.04,28800,29250,28400,30658,885299425,476342148050,16510993,KSQ
227,0082N0,KR70082N0008,카나프테라퓨틱스,KOSDAQ,기술성장기업부,36500,1,500,1.39,36700,38900,35500,132879,4958652400,472895095000,12956030,KSQ
228,138080,KR7138080007,오이솔루션,KOSDAQ,벤처기업부,38450,2,-1000,-2.53,39450,40250,38050,279899,10892449875,471766850550,12269619,KSQ
229,059090,KR7059090001,미코,KOSDAQ,중견기업부,14090,2,-40,-0.28,13910,14530,13870,263527,3749456855,470842402020,33416778,KSQ
230,079370,KR7079370003,제우스,KOSDAQ,우량기업부,15140,2,-460,-2.95,15300,15730,15050,228933,3519263660,469597228600,31016990,KSQ
231,215200,KR7215200007,메가스터디교육,KOSDAQ GLOBAL,우량기업부,45250,2,-350,-0.77,45100,45650,44900,24274,1095153275,469026024000,10365216,KSQ
232,039440,KR7039440003,에스티아이,KOSDAQ,우량기업부,30150,2,-1200,-3.83,31050,31200,29950,94072,2863986325,467537467050,15507047,KSQ
233,037460,KR7037460003,삼지전자,KOSDAQ,벤처기업부,27950,2,-1250,-4.28,29200,29200,27200,136608,3813728175,456102689900,16318522,KSQ
234,034950,KR7034950006,한국기업평가,KOSDAQ,우량기업부,100400,3,0,0.0,100300,101900,100000,1520,152861700,455867605600,4540514,KSQ
235,013030,KR7013030002,하이록코리아,KOSDAQ,우량기업부,38650,1,100,0.26,38850,39200,38050,45060,1739601275,454838765600,11768144,KSQ
236,033160,KR7033160003,엠케이전자,KOSDAQ,중견기업부,19530,2,-1070,-5.19,20600,20600,19420,649778,12954785445,454516299720,23272724,KSQ
237,114810,KR7114810005,한솔아이원스,KOSDAQ,우량기업부,15700,1,360,2.35,15330,16150,15190,536835,8517661560,448912831800,28593174,KSQ
238,376270,KR7376270005,HEM파마,KOSDAQ,기술성장기업부,62400,2,-300,-0.48,62800,64300,61600,10705,673597100,448418068800,7186187,KSQ
239,107640,KR7107640005,한중엔시에스,KOSDAQ,기술성장기업부,48900,2,-350,-0.71,49700,50100,48700,76554,3781508675,443275859400,9064946,KSQ
240,019210,KR7019210004,와이지-원,KOSDAQ,우량기업부,11910,2,-460,-3.72,12470,12510,11820,916911,11046987780,442977300480,37193728,KSQ
241,091700,KR7091700005,파트론,KOSDAQ GLOBAL,우량기업부,7900,2,-190,-2.35,8090,8110,7860,115095,912095490,434500000000,55000000,KSQ
242,168360,KR7168360006,펨트론,KOSDAQ,우량기업부,20250,2,-900,-4.26,20950,21200,20100,45929,941497700,431087751000,21288284,KSQ
243,900290,HK0000307485,GRT,KOSDAQ,외국기업(소속부없음),5320,2,-70,-1.3,5390,5500,5240,63795,341497880,430122000000,80850000,KSQ
244,042520,KR7042520007,한스바이오메드,KOSDAQ,벤처기업부,30050,2,-1950,-6.09,32700,32700,29200,125522,3783255850,428554078350,14261367,KSQ
245,080580,KR7080580004,오킨스전자,KOSDAQ,벤처기업부,20750,1,300,1.47,20300,21850,19900,679102,14323062075,427059402000,20581176,KSQ
246,455900,KR7455900001,엔젤로보틱스,KOSDAQ,기술성장기업부,28000,1,750,2.75,26950,28200,26350,92808,2571816700,426919668000,15247131,KSQ
247,078350,KR7078350006,한양디지텍,KOSDAQ,우량기업부,27850,2,-1200,-4.13,28400,28800,27500,151864,4261202675,424556038700,15244382,KSQ
248,340570,KR7340570001,티앤엘,KOSDAQ,우량기업부,51500,1,1000,1.98,50100,52300,50100,30893,1588544300,418592000000,8128000,KSQ
249,069080,KR7069080000,웹젠,KOSDAQ GLOBAL,우량기업부,12010,2,-270,-2.2,12150,12220,11890,74221,893186140,415556616840,34600884,KSQ
250,220100,KR7220100002,퓨쳐켐,KOSDAQ,기술성장기업부,18520,2,-610,-3.19,19190,19190,18500,53941,1010301425,415355818400,22427420,KSQ
251,228760,KR7228760005,지노믹트리,KOSDAQ,기술성장기업부,16700,2,-500,-2.91,17230,17350,16600,61303,1040594930,415148673400,24859202,KSQ
252,084990,KR7084990001,헬릭스미스,KOSDAQ,기술성장기업부,8980,2,-440,-4.67,9190,9360,8860,567027,5152472270,413913317060,46092797,KSQ
253,389260,KR7389260001,대명에너지,KOSDAQ,우량기업부,23000,1,300,1.32,23650,23750,22550,343552,7970001675,412075475000,17916325,KSQ
254,0001A0,KR70001A0001,덕양에너젠,KOSDAQ,중견기업부,16350,2,-540,-3.2,16900,16900,16330,139911,2308614565,405336038250,24791195,KSQ
255,354320,KR7354320004,알멕,KOSDAQ,기술성장기업부,63400,1,1400,2.26,62000,66600,58100,134257,8532863250,405213555400,6391381,KSQ
256,078340,KR7078340007,컴투스,KOSDAQ GLOBAL,중견기업부,33450,1,650,1.98,32950,33450,32450,29017,956370900,404454419850,12091313,KSQ
257,117730,KR7117730002,티로보틱스,KOSDAQ,벤처기업부,18040,2,-440,-2.38,18580,18580,17870,79381,1440116435,400197808560,22183914,KSQ
258,101730,KR7101730000,위메이드맥스,KOSDAQ,벤처기업부,4775,2,-145,-2.95,4805,4900,4740,51090,245396405,400160690650,83803286,KSQ
259,441270,KR7441270006,파인엠텍,KOSDAQ,중견기업부,9600,1,270,2.89,9340,9670,9250,368508,3507133430,399349718400,41598929,KSQ
260,308430,KR7308430008,셀비온,KOSDAQ,기술성장기업부,30950,2,-650,-2.06,31750,31900,30800,48749,1523325100,397135234500,12831510,KSQ
261,394280,KR7394280002,오픈엣지테크놀로지,KOSDAQ,기술성장기업부,15100,2,-630,-4.01,15590,15670,15050,102331,1568956665,396777490500,26276655,KSQ
262,494120,KR7494120009,큐리오시스,KOSDAQ,기술성장기업부,51900,2,-3100,-5.64,55400,55700,51500,27617,1467843000,395295415800,7616482,KSQ
263,450950,KR7450950001,아스테라시스,KOSDAQ,벤처기업부,10400,1,50,0.48,10540,10990,10360,39743,423684350,391326956800,37627592,KSQ
264,318060,KR7318060001,그래피,KOSDAQ,기술성장기업부,35150,2,-2950,-7.74,38200,38200,34800,188235,6759891750,391141361550,11127777,KSQ
265,078020,KR7078020005,LS증권,KOSDAQ,우량기업부,7010,2,-250,-3.44,7220,7220,6960,89045,626618775,388923141900,55481190,KSQ
266,041830,KR7041830001,인바디,KOSDAQ,우량기업부,28750,1,450,1.59,28700,29550,28600,16761,485911450,387575357500,13480882,KSQ
267,179900,KR7179900006,유티아이,KOSDAQ,투자주의환기종목(소속부없음),19260,1,880,4.79,18500,19820,18070,168510,3230204500,381163335120,19790412,KSQ
268,298830,KR7298830001,슈어소프트테크,KOSDAQ,벤처기업부,7120,2,-110,-1.52,7200,7270,6970,397406,2830166360,380624512880,53458499,KSQ
269,036890,KR7036890002,진성티이씨,KOSDAQ,우량기업부,17200,2,-700,-3.91,17400,17810,17150,255370,4446848715,378961115600,22032623,KSQ
270,065660,KR7065660003,안트로젠,KOSDAQ,기술성장기업부,37750,2,-2350,-5.86,41650,41650,37200,57023,2168525175,377730275000,10006100,KSQ
271,352480,KR7352480008,씨앤씨인터내셔널,KOSDAQ,우량기업부,27600,1,1600,6.15,25750,27900,25750,25382,689179725,376185267600,13629901,KSQ
272,003800,KR7003800000,에이스침대,KOSDAQ,우량기업부,33900,2,-250,-0.73,34150,34600,33800,2442,82833225,375951000000,11090000,KSQ
273,338840,KR7338840002,와이바이오로직스,KOSDAQ,기술성장기업부,24750,1,100,0.41,25850,26150,24500,129533,3271588275,375657504750,15178081,KSQ
274,035890,KR7035890003,서희건설,KOSDAQ,관리종목(소속부없음),1623,0,0,0.0,0,0,0,0,0,372979125711,229808457,KSQ
275,241770,KR7241770007,메카로,KOSDAQ,우량기업부,36250,2,-1400,-3.72,37600,37600,36250,11664,429427875,369483200000,10192640,KSQ
276,089980,KR7089980007,상아프론테크,KOSDAQ,우량기업부,23000,2,-850,-3.56,24050,24050,23000,44947,1053484250,367747851000,15989037,KSQ
277,079940,KR7079940003,가비아,KOSDAQ,우량기업부,27400,1,300,1.11,26750,27700,26550,8755,238476250,367726741600,13420684,KSQ
278,290550,KR7290550003,디케이티,KOSDAQ,우량기업부,18350,1,20,0.11,18390,19690,18070,378383,7130558735,367022570500,20001230,KSQ
279,035810,KR7035810001,이지홀딩스,KOSDAQ,우량기업부,5670,2,-40,-0.7,5700,5710,5600,137895,777328935,365806768950,64516185,KSQ
280,200670,KR7200670008,휴메딕스,KOSDAQ,우량기업부,32500,2,-400,-1.22,33000,33000,32450,22278,727707750,364972725000,11229930,KSQ
281,018000,KR7018000000,유니슨,KOSDAQ,중견기업부,1486,2,-34,-2.24,1525,1580,1461,2340649,3491197719,364359679354,245194939,KSQ
282,110990,KR7110990009,디아이티,KOSDAQ,우량기업부,19260,2,-790,-3.94,20050,20100,18920,88829,1731171025,364014000000,18900000,KSQ
283,144510,KR7144510005,지씨셀,KOSDAQ,중견기업부,22900,2,-200,-0.87,23350,23350,22700,15111,346698350,361827877600,15800344,KSQ
284,478340,KR7478340003,나라스페이스테크놀로지,KOSDAQ,기술성장기업부,31350,2,-1650,-5.0,32900,32900,31300,136100,4322695150,361578077850,11533591,KSQ
285,234340,KR7234340008,헥토파이낸셜,KOSDAQ,우량기업부,25800,1,250,0.98,25550,26300,25200,620054,15980980075,360442924800,13970656,KSQ
286,053030,KR7053030003,바이넥스,KOSDAQ,중견기업부,10980,2,-270,-2.4,11120,11250,10970,101618,1124483805,358872384240,32684188,KSQ
287,108860,KR7108860008,셀바스AI,KOSDAQ,벤처기업부,13300,1,400,3.1,13840,13860,13110,897977,12045468835,357966707000,26914790,KSQ
288,394800,KR7394800007,쓰리빌리언,KOSDAQ,기술성장기업부,11240,2,-750,-6.26,11870,11890,11160,109765,1255431845,356998990240,31761476,KSQ
289,204620,KR7204620009,글로벌텍스프리,KOSDAQ,중견기업부,5050,1,65,1.3,4995,5090,4900,543866,2718903799,354930816500,70283330,KSQ
290,241520,KR7241520006,DSC인베스트먼트,KOSDAQ,중견기업부,13140,2,-680,-4.92,13780,13780,13030,371924,4905557855,354780000000,27000000,KSQ
291,475400,KR7475400008,씨메스,KOSDAQ,기술성장기업부,30050,2,-400,-1.31,30700,30700,29700,28290,853949575,353269663100,11756062,KSQ
292,482630,KR7482630001,삼양엔씨켐,KOSDAQ,중견기업부,16100,2,-560,-3.36,16600,16610,16080,87961,1433610350,352401308000,21888280,KSQ
293,089890,KR7089890008,코세스,KOSDAQ,우량기업부,21200,2,-1200,-5.36,22400,22400,20800,94994,2031097075,351601194400,16584962,KSQ
294,314930,KR7314930009,바이오다인,KOSDAQ,기술성장기업부,11770,2,-240,-2.0,11930,12070,11500,43687,514231170,350323492310,29764103,KSQ
295,114190,KR7114190002,강원에너지,KOSDAQ,우량기업부,13380,2,-510,-3.67,13610,13790,13300,100301,1358256220,349526248440,26123038,KSQ
296,230240,KR7230240004,에치에프알,KOSDAQ,우량기업부,25950,2,-1900,-6.82,28000,28100,25900,652797,17445026175,345368550000,13309000,KSQ
297,078130,KR7078130002,국일제지,KOSDAQ,중견기업부,306,2,-4,-1.29,310,315,302,638465,196630875,344986196526,1127405871,KSQ
298,389500,KR7389500000,에스비비테크,KOSDAQ,기술성장기업부,51600,2,-1000,-1.9,52600,53200,50700,47974,2486403450,343421065200,6655447,KSQ
299,049630,KR7049630007,재영솔루텍,KOSDAQ,중견기업부,2930,0,0,0.0,0,0,0,0,0,342509850800,116897560,KSQ
300,084850,KR7084850007,아이티엠반도체,KOSDAQ GLOBAL,중견기업부,15020,1,100,0.67,16280,16500,14450,578060,8807803800,340697668680,22682934,KSQ
301,317330,KR7317330009,덕산테코피아,KOSDAQ,중견기업부,16540,2,-490,-2.88,17190,17400,16500,142942,2402268230,338682699360,20476584,KSQ
302,092870,KR7092870005,엑시콘,KOSDAQ,우량기업부,25950,2,-1450,-5.29,27250,27450,25850,121557,3217829725,338668182150,13050797,KSQ
303,136480,KR7136480001,하림,KOSDAQ,중견기업부,3185,1,25,0.79,3160,3195,3150,292893,927938912,338277900870,106209702,KSQ
304,0015G0,KR70015G0009,그린광학,KOSDAQ,기술성장기업부,28850,2,-1550,-5.1,30400,30500,28700,172392,5020191700,337618307850,11702541,KSQ
305,304360,KR7304360001,에스바이오메딕스,KOSDAQ,벤처기업부,27250,1,650,2.44,26600,28600,26350,69481,1923149450,337494738000,12385128,KSQ
306,094360,KR7094360005,칩스앤미디어,KOSDAQ,벤처기업부,15770,2,-370,-2.29,16000,16000,15650,30192,478269130,336439923980,21334174,KSQ
307,330860,KR7330860008,네패스아크,KOSDAQ,중견기업부,27500,2,-2250,-7.56,29600,29650,27500,189741,5404305650,335061237500,12184045,KSQ
308,086390,KR7086390002,유니테스트,KOSDAQ,중견기업부,15760,2,-550,-3.37,16300,16330,15750,97890,1564537970,333073825760,21134126,KSQ
309,462350,KR7462350000,이노스페이스,KOSDAQ,기술성장기업부,16050,2,-400,-2.43,16450,16500,15600,160322,2552368405,332777650500,20733810,KSQ
310,041920,KR7041920000,메디아나,KOSDAQ,우량기업부,17870,2,-150,-0.83,18390,18630,17790,75200,1371490520,332350245010,18598223,KSQ
311,046120,KR7046120002,오르비텍,KOSDAQ,중견기업부,10100,2,-720,-6.65,10820,10820,10020,1647072,16829401035,332250842300,32896123,KSQ
312,064820,KR7064820004,케이프,KOSDAQ,우량기업부,10730,2,-110,-1.01,10840,10850,10640,45287,485400855,331575541440,30901728,KSQ
313,474650,KR7474650009,링크솔루션,KOSDAQ,기술성장기업부,57700,2,-3100,-5.1,60700,60700,57200,32125,1872311800,331261873900,5741107,KSQ
314,448280,KR7448280008,에코아이,KOSDAQ,중견기업부,11120,2,-30,-0.27,11010,11230,10990,11999,133269780,329498154480,29631129,KSQ
315,200130,KR7200130003,콜마비앤에이치,KOSDAQ GLOBAL,우량기업부,11120,2,-80,-0.71,11130,11210,11040,44556,495052570,327101004960,29415558,KSQ
316,419530,KR7419530001,SAMG엔터,KOSDAQ,기술성장기업부,32700,3,0,0.0,32300,33400,32200,34861,1139689925,326733985500,9991865,KSQ
317,0088M0,KR70088M0003,메쥬,KOSDAQ,기술성장기업부,33600,1,3250,10.71,30350,35550,29650,584284,19496745825,326516400000,9717750,KSQ
318,058970,KR7058970005,엠로,KOSDAQ,기술성장기업부,26350,2,-600,-2.23,26700,27100,26250,24415,647493400,325709820400,12360904,KSQ
319,378340,KR7378340004,필에너지,KOSDAQ,벤처기업부,15150,2,-470,-3.01,15620,15620,15090,63798,973254925,325162662300,21462882,KSQ
320,043150,KR7043150002,바텍,KOSDAQ,우량기업부,21700,2,-500,-2.25,22100,22100,21550,11743,255684900,322337355200,14854256,KSQ
321,094480,KR7094480001,갤럭시아머니트리,KOSDAQ,중견기업부,8210,2,-60,-0.73,8170,8240,8030,185379,1508894265,322076969980,39229838,KSQ
322,069540,KR7069540003,빛과전자,KOSDAQ,중견기업부,3260,1,10,0.31,3355,3360,3150,5678426,18361361614,318200635820,97607557,KSQ
323,099430,KR7099430001,바이오플러스,KOSDAQ,우량기업부,5160,2,-90,-1.71,5150,5250,5140,93542,484064930,318066125520,61640722,KSQ
324,093520,KR7093520005,매커스,KOSDAQ,우량기업부,22400,2,-550,-2.4,22850,22950,22350,25228,569424650,317253260800,14163092,KSQ
325,236200,KR7236200002,슈프리마,KOSDAQ,우량기업부,45400,2,-800,-1.73,46000,46150,45200,14242,648717200,316633719400,6974311,KSQ
326,060720,KR7060720000,KH바텍,KOSDAQ,벤처기업부,13370,2,-320,-2.34,13700,13700,13330,134977,1820477335,316567399540,23677442,KSQ
327,051500,KR7051500007,CJ프레시웨이,KOSDAQ,우량기업부,26600,2,-100,-0.37,27000,27200,26550,17475,466137675,315784187600,11871586,KSQ
328,101360,KR7101360006,에코앤드림,KOSDAQ,벤처기업부,17670,2,-530,-2.91,18060,18180,17650,70773,1260975055,314280634380,17786114,KSQ
329,215000,KR7215000001,골프존,KOSDAQ GLOBAL,우량기업부,50000,1,900,1.83,48650,50000,48500,12392,607790950,313770750000,6275415,KSQ
330,023410,KR7023410004,유진기업,KOSDAQ,우량기업부,4035,2,-130,-3.12,4160,4160,4010,117353,474060915,311949332205,77310863,KSQ
331,322310,KR7322310004,오로스테크놀로지,KOSDAQ,벤처기업부,33200,2,-350,-1.04,33050,34700,32600,147596,4961485100,310969194400,9366542,KSQ
332,416180,KR7416180008,신성에스티,KOSDAQ,벤처기업부,34200,2,-450,-1.3,34350,35000,34150,19536,674014300,309160407600,9039778,KSQ
333,099440,KR7099440000,스맥,KOSDAQ,우량기업부,4525,2,-175,-3.72,4700,4700,4495,339037,1542905250,308801357850,68243394,KSQ
334,0008Z0,KR70008Z0005,에스엔시스,KOSDAQ,벤처기업부,32700,1,100,0.31,32800,32950,32300,23885,778165350,308575642800,9436564,KSQ
335,243840,KR7243840006,신흥에스이씨,KOSDAQ,우량기업부,7990,2,-100,-1.24,8090,8220,7860,335459,2688550120,308080297650,38558235,KSQ
336,045390,KR7045390002,대아티아이,KOSDAQ,우량기업부,4370,2,-15,-0.34,4390,4517,4320,1232204,5456929502,307968657490,70473377,KSQ
337,073490,KR7073490005,이노와이어리스,KOSDAQ,우량기업부,40500,2,-1900,-4.48,42400,42950,40300,113002,4675756650,307955763000,7603846,KSQ
338,067390,KR7067390005,아스트,KOSDAQ,중견기업부,750,2,-10,-1.32,770,770,735,761727,565395847,306868184250,409157579,KSQ
339,088800,KR7088800008,에이스테크,KOSDAQ,중견기업부,4060,2,-90,-2.17,4150,4505,3960,1528345,6448144938,306556122040,75506434,KSQ
340,012210,KR7012210001,삼미금속,KOSDAQ,중견기업부,13760,2,-290,-2.06,14150,14150,13610,109117,1507506265,305362085120,22192012,KSQ
341,243070,KR7243070000,휴온스,KOSDAQ,우량기업부,25300,1,50,0.2,25350,25450,25150,6689,169439075,303085524500,11979665,KSQ
342,365270,KR7365270008,큐라클,KOSDAQ,기술성장기업부,13770,2,-200,-1.43,14000,14060,13510,70626,971023855,301901273820,21924566,KSQ
343,389020,KR7389020009,자람테크놀로지,KOSDAQ,기술성장기업부,46425,2,-2175,-4.48,48600,48600,46250,47361,2227958400,301785573225,6500497,KSQ
344,255220,KR7255220006,SG,KOSDAQ,중견기업부,2760,2,-105,-3.66,2780,2840,2740,2446285,6800754424,301405830360,109205011,KSQ
345,160980,KR7160980009,싸이맥스,KOSDAQ,우량기업부,27550,2,-550,-1.96,28400,29200,27150,118725,3330016050,300962894650,10924243,KSQ
346,014940,KR7014940001,오리엔탈정공,KOSDAQ,우량기업부,6600,2,-190,-2.8,6840,6840,6520,66406,437984420,300786162600,45573661,KSQ
347,046970,KR7046970000,우리로,KOSDAQ,벤처기업부,6840,2,-320,-4.47,7160,7460,6680,5130379,35885347220,299762993160,43824999,KSQ
348,221800,KR7221800006,유투바이오,KOSDAQ,기술성장기업부,18740,2,-70,-0.37,18850,20500,18190,242555,4633218550,298574562760,15932474,KSQ
349,445090,KR7445090004,에이직랜드,KOSDAQ,벤처기업부,27300,2,-1100,-3.87,27850,27850,26800,203982,5478896889,298270463400,10925658,KSQ
350,151860,KR7151860004,KG에코솔루션,KOSDAQ,우량기업부,6220,2,-140,-2.2,6340,6350,6180,97600,608298100,296090672440,47603002,KSQ
351,472850,KR7472850007,폰드그룹,KOSDAQ,중견기업부,5140,2,-150,-2.84,5340,5340,5140,13521,70303115,295918291280,57571652,KSQ
352,321550,KR7321550006,티움바이오,KOSDAQ,기술성장기업부,10170,2,-230,-2.21,10390,10880,10070,258046,2702317700,295726860180,29078354,KSQ
353,265520,KR7265520007,AP시스템,KOSDAQ,우량기업부,19550,2,-700,-3.46,20100,20100,19450,95695,1889807620,294243550550,15050821,KSQ
354,217730,KR7217730001,강스템바이오텍,KOSDAQ,기술성장기업부,3125,2,-105,-3.25,3255,3255,3120,460743,1459385145,293919215625,94054149,KSQ
355,451760,KR7451760003,컨텍,KOSDAQ,기술성장기업부,18590,2,-590,-3.08,18990,19000,18370,142270,2643130425,293438149290,15784731,KSQ
356,023760,KR7023760002,한국캐피탈,KOSDAQ,우량기업부,927,2,-7,-0.75,934,938,924,108161,100649459,292570076952,315609576,KSQ
357,025770,KR7025770009,한국정보통신,KOSDAQ,우량기업부,7810,2,-50,-0.64,7860,7870,7740,5004,38965240,292439756510,37444271,KSQ
358,251370,KR7251370003,와이엠티,KOSDAQ,벤처기업부,16580,2,-1240,-6.96,17650,17650,16500,321989,5487808725,292206085800,17624010,KSQ
359,138610,KR7138610001,나이벡,KOSDAQ,기술성장기업부,25700,2,-400,-1.53,26000,26250,25600,17841,461298550,292103732800,11365904,KSQ
360,024060,KR7024060006,흥구석유,KOSDAQ,중견기업부,19450,1,610,3.24,19750,20300,19010,7318873,143634866530,291750000000,15000000,KSQ
361,170920,KR7170920003,엘티씨,KOSDAQ,벤처기업부,27600,2,-1400,-4.83,28750,28750,27050,136647,3783198200,291569877600,10564126,KSQ
362,078070,KR7078070000,유비쿼스홀딩스,KOSDAQ,중견기업부,16530,2,-770,-4.45,17340,17650,16350,312074,5269519910,291006881160,17604772,KSQ
363,095500,KR7095500005,미래나노텍,KOSDAQ,우량기업부,9380,2,-270,-2.8,9580,9590,9370,103265,977651330,290873790620,31009999,KSQ
364,085910,KR7085910008,네오티스,KOSDAQ,중견기업부,20850,2,-600,-2.8,21450,21450,20500,84864,1760341825,290540955300,13934818,KSQ
365,049070,KR7049070006,인탑스,KOSDAQ,우량기업부,16880,2,-120,-0.71,16980,17080,16630,14467,243428190,290336000000,17200000,KSQ
366,035600,KR7035600006,KG이니시스,KOSDAQ,우량기업부,10470,2,-40,-0.38,10400,10540,10380,26322,274838025,288494923980,27554434,KSQ
367,042370,KR7042370007,비츠로테크,KOSDAQ,우량기업부,11010,2,-450,-3.93,11410,11410,10900,218171,2420848190,288462275250,26200025,KSQ
368,425040,KR7425040003,티이엠씨,KOSDAQ,기술성장기업부,13520,2,-1030,-7.08,14110,14250,13450,1367833,18839043705,288369188640,21329082,KSQ
369,054950,KR7054950001,제이브이엠,KOSDAQ,우량기업부,23850,2,-550,-2.25,24400,24400,23750,18662,446441200,288343924200,12089892,KSQ
370,091580,KR7091580001,상신이디피,KOSDAQ,우량기업부,21550,2,-750,-3.36,22350,22450,21350,175454,3818595400,287223119450,13328219,KSQ
371,086820,KR7086820008,바이오솔루션,KOSDAQ,기술성장기업부,11050,2,-600,-5.15,11660,11780,10960,105764,1175483695,286461139250,25924085,KSQ
372,064290,KR7064290000,인텍플러스,KOSDAQ,벤처기업부,22150,2,-800,-3.49,22850,23100,21950,175364,3908016075,284936758300,12863962,KSQ
373,036200,KR7036200004,유니셈,KOSDAQ,우량기업부,9190,2,-280,-2.96,9300,9410,9130,96272,890459930,281804209370,30664223,KSQ
374,0007C0,KR70007C0003,아크릴,KOSDAQ,기술성장기업부,34850,2,-2550,-6.82,37800,37800,34450,283824,10116526100,279856791400,8030324,KSQ
375,051370,KR7051370005,인터플렉스,KOSDAQ,우량기업부,11910,2,-230,-1.89,12150,12300,11650,178725,2128815100,277830191520,23327472,KSQ
376,115450,KR7115450009,HLB테라퓨틱스,KOSDAQ,중견기업부,3135,1,55,1.79,3080,3145,3060,265648,826785206,277698641715,88580109,KSQ
377,036170,KR7036170009,에이치엠넥스,KOSDAQ,중견기업부,4500,2,-345,-7.12,4905,4905,4415,2801068,13102807387,276145317000,61365626,KSQ
378,200470,KR7200470003,에이팩트,KOSDAQ,중견기업부,6500,2,-420,-6.07,6780,6780,6330,582822,3815051425,275353604500,42362093,KSQ
379,357550,KR7357550003,석경에이티,KOSDAQ,기술성장기업부,50400,2,-1000,-1.95,51600,51600,50400,2344,119375500,274932000000,5455000,KSQ
380,194480,KR7194480000,데브시스터즈,KOSDAQ,벤처기업부,22650,2,-1500,-6.21,23750,24050,22300,117502,2679421075,274725247500,12129150,KSQ
381,092730,KR7092730001,네오팜,KOSDAQ,우량기업부,17090,2,-190,-1.1,17290,17380,17020,29296,504175530,273918332010,16027989,KSQ
382,226590,KR7226590008,엠디바이스,KOSDAQ,기술성장기업부,25700,2,-1650,-6.03,26500,26900,25550,205410,5374079950,273211148800,10630784,KSQ
383,452430,KR7452430002,사피엔반도체,KOSDAQ,기술성장기업부,33200,1,200,0.61,32700,34550,32000,41629,1375469925,272839127200,8218046,KSQ
384,459510,KR7459510004,나우로보틱스,KOSDAQ,기술성장기업부,21000,1,300,1.45,21300,21650,20700,76819,1617315325,272357022000,12969382,KSQ
385,294570,KR7294570007,쿠콘,KOSDAQ,우량기업부,26950,2,-400,-1.46,27350,27350,26800,6559,176968450,271972177400,10091732,KSQ
386,018310,KR7018310003,삼목에스폼,KOSDAQ,우량기업부,18480,2,-460,-2.43,18940,19120,18440,11731,218051900,271656000000,14700000,KSQ
387,272110,KR7272110008,케이엔제이,KOSDAQ,우량기업부,33550,2,-950,-2.75,34400,34400,33250,64213,2161738300,269252002250,8025395,KSQ
388,013120,KR7013120001,동원개발,KOSDAQ,우량기업부,2965,2,-60,-1.98,3020,3075,2960,154468,464551294,269246016500,90808100,KSQ
389,267980,KR7267980001,매일유업,KOSDAQ,우량기업부,35050,3,0,0.0,35500,35500,34850,4218,148079250,268610511900,7663638,KSQ
390,309710,KR7309710002,아이티켐,KOSDAQ,관리종목(소속부없음),21000,0,0,0.0,0,0,0,0,0,268443021000,12783001,KSQ
391,274090,KR7274090000,켄코아에어로스페이스,KOSDAQ,기술성장기업부,19400,2,-1000,-4.9,20100,20100,19200,241536,4706431260,266230138200,13723203,KSQ
392,012860,KR7012860003,모베이스전자,KOSDAQ,우량기업부,3635,2,-185,-4.84,3805,3820,3620,1084599,4009121338,266203616195,73233457,KSQ
393,182400,KR7182400002,엔케이젠바이오텍코리아,KOSDAQ,관리종목(소속부없음),3670,0,0,0.0,0,0,0,0,0,265496721770,72342431,KSQ
394,216080,KR7216080002,제테마,KOSDAQ,우량기업부,7130,2,-520,-6.8,7650,7650,7100,106553,781548060,265300875870,37209099,KSQ
395,418550,KR7418550000,제이오,KOSDAQ,기술성장기업부,8270,2,-250,-2.93,8500,8570,8230,132621,1104763160,264786155710,32017673,KSQ
396,464080,KR7464080001,에스오에스랩,KOSDAQ,기술성장기업부,14870,2,-580,-3.75,15450,15630,14820,156202,2370832345,264641910450,17797035,KSQ
397,043370,KR7043370006,피에이치에이,KOSDAQ,우량기업부,12590,3,0,0.0,12640,12690,12570,29407,371582275,264390000000,21000000,KSQ
398,304100,KR7304100001,솔트룩스,KOSDAQ,기술성장기업부,20900,2,-550,-2.56,21800,21800,20800,61362,1295212675,263211569500,12593855,KSQ
399,064550,KR7064550007,바이오니아,KOSDAQ,벤처기업부,10170,2,-100,-0.97,10300,10330,10020,39064,397208240,262490659470,25810291,KSQ
400,042600,KR7042600007,새로닉스,KOSDAQ,중견기업부,21000,1,850,4.22,20200,21850,19800,138058,2899945425,260895054000,12423574,KSQ
401,092460,KR7092460005,한라IMS,KOSDAQ,우량기업부,15200,2,-260,-1.68,15460,15510,15130,10727,163487780,260067136000,17109680,KSQ
402,067080,KR7067080002,대화제약,KOSDAQ,중견기업부,13890,2,-260,-1.84,14170,14170,13880,38414,535910410,258585268500,18616650,KSQ
403,058820,KR7058820002,CMG제약,KOSDAQ,중견기업부,1747,2,-41,-2.29,1777,1787,1745,309486,543667529,258280293701,147842183,KSQ
404,121800,KR7121800007,비덴트,KOSDAQ,관리종목(소속부없음),3320,0,0,0.0,0,0,0,0,0,256309348520,77201611,KSQ
405,194700,KR7194700001,노바렉스,KOSDAQ,우량기업부,13600,1,200,1.49,13450,13740,13400,18226,247916840,255065932800,18754848,KSQ
406,126600,KR7126600006,BGF에코머티리얼즈,KOSDAQ,우량기업부,4055,2,-105,-2.52,4120,4215,4050,415907,1715396163,254519775445,62766899,KSQ
407,256840,KR7256840000,한국비엔씨,KOSDAQ,벤처기업부,3715,2,-85,-2.24,3795,3815,3690,191905,715049322,254087001490,68394886,KSQ
408,484810,KR7484810007,티엑스알로보틱스,KOSDAQ,중견기업부,16430,1,70,0.43,16520,16610,16120,50890,833162770,253858533450,15450915,KSQ
409,371950,KR7371950007,풍원정밀,KOSDAQ,기술성장기업부,11190,2,-520,-4.44,11700,11770,11100,26410,298661540,253593912120,22662548,KSQ
410,377460,KR7377460001,위니아에이드,KOSDAQ,관리종목(소속부없음),4080,0,0,0.0,0,0,0,0,0,253187202960,62055687,KSQ
411,199430,KR7199430000,케이엔알시스템,KOSDAQ,기술성장기업부,22700,2,-300,-1.3,23300,23300,22250,36658,836401025,252969776100,11144043,KSQ
412,176750,KR7176750008,듀켐바이오,KOSDAQ,기술성장기업부,8890,2,-110,-1.22,8990,9000,8830,13006,115808850,252966905800,28455220,KSQ
413,402490,KR7402490007,그린리소스,KOSDAQ,기술성장기업부,15270,2,-320,-2.05,15590,16210,15000,902023,14109120685,252955001760,16565488,KSQ
414,094820,KR7094820008,일진파워,KOSDAQ,우량기업부,16690,2,-310,-1.82,16990,17090,16290,113365,1902438580,251663653210,15078709,KSQ
415,361390,KR7361390008,제노코,KOSDAQ,벤처기업부,26600,2,-1350,-4.83,27950,27950,26500,123050,3315891025,250156960200,9404397,KSQ
416,380550,KR7380550004,뉴로핏,KOSDAQ,기술성장기업부,20600,1,1380,7.18,21500,24950,20300,3469545,80307995800,249091801000,12091835,KSQ
417,382900,KR7382900009,범한퓨얼셀,KOSDAQ,벤처기업부,28300,2,-700,-2.41,28600,28900,27700,17324,491130100,247936300000,8761000,KSQ
418,005710,KR7005710009,대원산업,KOSDAQ,우량기업부,12360,2,-120,-0.96,12550,12550,12330,7440,92380450,247664736000,20037600,KSQ
419,034810,KR7034810002,해성산업,KOSDAQ,중견기업부,7600,2,-80,-1.04,7630,7710,7510,23149,176203925,247432113200,32556857,KSQ
420,394420,KR7394420004,리센스메디컬,KOSDAQ,기술성장기업부,22700,2,-1500,-6.2,24200,24400,22400,468305,10901052025,246301764600,10850298,KSQ
421,036800,KR7036800001,나이스정보통신,KOSDAQ,우량기업부,24600,2,-50,-0.2,24900,24900,24400,2842,69850325,246000000000,10000000,KSQ
422,054210,KR7054210000,이랜텍,KOSDAQ,우량기업부,9720,2,-350,-3.48,9990,9990,9710,149462,1465736290,245830561200,25291210,KSQ
423,064850,KR7064850001,에프앤가이드,KOSDAQ,벤처기업부,21500,2,-800,-3.59,22550,23550,21450,165133,3684834850,245322138000,11410332,KSQ
424,353810,KR7353810005,이지바이오,KOSDAQ,우량기업부,7390,2,-10,-0.14,7410,7470,7340,60106,446132830,244475388800,33081920,KSQ
425,017890,KR7017890005,한국알콜,KOSDAQ,우량기업부,11490,1,210,1.86,11280,11820,11280,166300,1922480675,244432583940,21273506,KSQ
426,462860,KR7462860008,더즌,KOSDAQ,중견기업부,3395,2,-40,-1.16,3410,3415,3360,177786,601612832,243909398845,71843711,KSQ
427,123330,KR7123330003,제닉,KOSDAQ,벤처기업부,30500,1,2500,8.93,28000,30950,27850,205351,6161760625,243044740000,7968680,KSQ
428,452280,KR7452280001,한선엔지니어링,KOSDAQ,중견기업부,12580,2,-380,-2.93,13340,13340,12200,178757,2259153170,242119963600,19246420,KSQ
429,403850,KR7403850001,더핑크퐁컴퍼니,KOSDAQ,중견기업부,16870,1,640,3.94,16100,17000,15950,64185,1066031335,242101538700,14351010,KSQ
430,950170,KR8392080006,JTC,KOSDAQ,외국기업(소속부없음),4675,2,-75,-1.58,4755,4775,4615,23148,108393775,241914176900,51746348,KSQ
431,019010,KR7019010008,베뉴지,KOSDAQ,중견기업부,5010,2,-220,-4.21,5210,5220,4990,35673,180762100,241482000000,48200000,KSQ
432,036030,KR7036030005,케이티알파,KOSDAQ,우량기업부,4925,1,35,0.72,4890,5000,4880,29660,145541575,241419968775,49019283,KSQ
433,206640,KR7206640005,바디텍메드,KOSDAQ,우량기업부,11010,2,-50,-0.45,11100,11100,10940,13870,152579100,241206210210,21907921,KSQ
434,126700,KR7126700004,하이비젼시스템,KOSDAQ,우량기업부,16120,2,-450,-2.72,16500,16500,15920,74316,1198675980,240866845440,14942112,KSQ
435,254490,KR7254490006,미래반도체,KOSDAQ,우량기업부,16660,2,-600,-3.48,17260,17320,16600,45758,770274880,240537080000,14438000,KSQ
436,053300,KR7053300000,한국정보인증,KOSDAQ,우량기업부,5660,2,-140,-2.41,5720,5740,5640,68818,390536025,240218103260,42441361,KSQ
437,332570,KR7332570001,PS일렉트로닉스,KOSDAQ,벤처기업부,5070,2,-230,-4.34,5250,5260,5030,575980,2934130075,239633631120,47265016,KSQ
438,108380,KR7108380007,대양전기공업,KOSDAQ,우량기업부,25000,2,-150,-0.6,25050,25050,24500,16876,417924450,239183325000,9567333,KSQ
439,092070,KR7092070002,디엔에프,KOSDAQ,우량기업부,20550,2,-650,-3.07,20800,20900,20000,41449,847632150,237801681900,11571858,KSQ
440,098120,KR7098120009,마이크로컨텍솔,KOSDAQ,중견기업부,28600,2,-300,-1.04,28300,29500,28200,87634,2524116850,237745107600,8312766,KSQ
441,036560,KR7036560001,KZ정밀,KOSDAQ,우량기업부,15070,2,-100,-0.66,14980,15300,14800,36186,543633940,237352500000,15750000,KSQ
442,190510,KR7190510008,나무가,KOSDAQ,우량기업부,16850,2,-620,-3.55,17420,17420,16710,36971,625430800,237337591450,14085317,KSQ
443,474170,KR7474170008,루미르,KOSDAQ,기술성장기업부,13300,2,-800,-5.67,14020,14040,13250,156712,2112884445,236975356800,17817696,KSQ
444,052710,KR7052710001,아모텍,KOSDAQ,중견기업부,16200,1,50,0.31,16130,16420,15690,183705,2949843765,236764765800,14615109,KSQ
445,372170,KR7372170001,윤성에프앤씨,KOSDAQ,기술성장기업부,29600,2,-300,-1.0,29900,30350,29450,12814,382022750,236179820800,7979048,KSQ
446,234690,KR7234690006,녹십자웰빙,KOSDAQ,우량기업부,13300,2,-370,-2.71,13850,14280,13150,235479,3228373835,236105270800,17752276,KSQ
447,950250,KR8826050005,테라뷰,KOSDAQ,기술성장기업부,6640,2,-200,-2.92,6840,6890,6630,326883,2201044535,235837733840,35517731,KSQ
448,211270,KR7211270004,AP위성,KOSDAQ,우량기업부,15630,2,-560,-3.46,16120,16140,15450,105775,1659222180,235736411520,15082304,KSQ
449,112290,KR7112290002,와이씨켐,KOSDAQ,기술성장기업부,23300,2,-400,-1.69,23600,23750,22750,96429,2234056925,235575698500,10110545,KSQ
450,214180,KR7214180002,헥토이노베이션,KOSDAQ,우량기업부,18090,2,-240,-1.31,18260,18360,18000,33540,607814735,235050009030,12993367,KSQ
451,457550,KR7457550002,우진엔텍,KOSDAQ,중견기업부,25150,2,-600,-2.33,25750,26050,25000,94019,2403867725,234371793700,9318958,KSQ
452,065680,KR7065680001,우주일렉트로,KOSDAQ,우량기업부,25350,2,-850,-3.24,25950,25950,24300,5968,151403000,234245939850,9240471,KSQ
453,144960,KR7144960002,뉴파워프라즈마,KOSDAQ,우량기업부,5350,2,-180,-3.25,5430,5500,5340,102857,555581465,233755538400,43692624,KSQ
454,100120,KR7100120005,뷰웍스,KOSDAQ,우량기업부,25900,2,-1200,-4.43,26400,26650,25850,90928,2384286375,232359544900,8971411,KSQ
455,388050,KR7388050007,지투파워,KOSDAQ,벤처기업부,12350,2,-250,-1.98,12620,12850,12220,589066,7351459955,231061546950,18709437,KSQ
456,314130,KR7314130006,지놈앤컴퍼니,KOSDAQ,기술성장기업부,6600,2,-310,-4.49,6910,6950,6530,252930,1689935525,230293674600,34892981,KSQ
457,061970,KR7061970000,LB세미콘,KOSDAQ,중견기업부,3950,2,-240,-5.73,4180,4210,3935,209400,840111034,229427873700,58083006,KSQ
458,481070,KR7481070001,에이유브랜즈,KOSDAQ,중견기업부,16130,2,-420,-2.54,16440,16550,16100,9726,157914220,228400800000,14160000,KSQ
459,051360,KR7051360006,토비스,KOSDAQ,우량기업부,15290,2,-110,-0.71,15500,15500,15220,10444,160616030,228093819470,14917843,KSQ
460,475230,KR7475230009,엔알비,KOSDAQ,벤처기업부,21000,2,-1050,-4.76,22050,22100,21000,93950,2000004950,227352195000,10826295,KSQ
461,119610,KR7119610004,인터로조,KOSDAQ,중견기업부,19910,2,-290,-1.44,20150,20150,19160,48645,957031570,227247702770,11413747,KSQ
462,289930,KR7289930000,웨이비스,KOSDAQ,기술성장기업부,17450,2,-1200,-6.43,18700,18750,17080,307458,5407568110,227181724500,13019010,KSQ
463,083310,KR7083310003,엘오티베큠,KOSDAQ,우량기업부,12710,2,-190,-1.47,12900,12900,12500,40737,518557880,226365519430,17810033,KSQ
464,405100,KR7405100009,큐알티,KOSDAQ,우량기업부,18360,2,-40,-0.22,18300,19500,18040,259843,4846477585,225631566360,12289301,KSQ
465,402030,KR7402030001,코난테크놀로지,KOSDAQ,기술성장기업부,17990,1,220,1.24,18160,18220,17710,11450,205413880,225189609120,12517488,KSQ
466,950140,KR8840110108,잉글우드랩,KOSDAQ,외국기업(소속부없음),11310,2,-210,-1.82,11500,11650,11280,36470,416403010,224705564460,19867866,KSQ
467,199820,KR7199820002,제일일렉트릭,KOSDAQ,우량기업부,10110,2,-370,-3.53,10370,10370,10100,151956,1547841465,224644200000,22220000,KSQ
468,338220,KR7338220007,뷰노,KOSDAQ,기술성장기업부,15890,1,160,1.02,15800,15950,15350,30479,481241660,222488967470,14001823,KSQ
469,115310,KR7115310005,인포바인,KOSDAQ,벤처기업부,69650,1,1050,1.53,69400,71400,67400,3818,266438350,222384300950,3192883,KSQ
470,264450,KR7264450008,유비쿼스,KOSDAQ,우량기업부,15080,2,-550,-3.52,15540,15840,14910,139935,2142483745,221155634440,14665493,KSQ
471,065710,KR7065710006,서호전기,KOSDAQ,중견기업부,42900,2,-350,-0.81,43250,43250,42750,5110,219428275,220935000000,5150000,KSQ
472,039840,KR7039840004,디오,KOSDAQ,중견기업부,16410,2,-50,-0.3,16450,16450,16290,11941,195453580,220153737480,13415828,KSQ
473,237880,KR7237880000,클리오,KOSDAQ,우량기업부,12090,1,230,1.94,11990,12160,11790,33209,399530040,218482657770,18071353,KSQ
474,068930,KR7068930007,디지털대성,KOSDAQ,우량기업부,7890,2,-160,-1.99,7960,8030,7850,28610,225940575,218358448380,27675342,KSQ
475,036190,KR7036190007,금화피에스시,KOSDAQ,우량기업부,36350,2,-650,-1.76,36650,37350,36200,5618,205893975,218100000000,6000000,KSQ
476,285490,KR7285490009,노바텍,KOSDAQ,벤처기업부,20600,2,-900,-4.19,21350,21350,20500,59931,1242405150,217862118600,10575831,KSQ
477,061090,KR7061090007,세나테크놀로지,KOSDAQ,중견기업부,38950,3,0,0.0,39450,39850,38600,19593,769608400,217560054800,5585624,KSQ
478,123860,KR7123860009,아나패스,KOSDAQ,벤처기업부,17680,2,-320,-1.78,18000,18130,17670,38252,682442950,214341977200,12123415,KSQ
479,095700,KR7095700001,제넥신,KOSDAQ,기술성장기업부,4680,1,65,1.41,4645,4695,4550,100016,460781827,213129511920,45540494,KSQ
480,270660,KR7270660004,에브리봇,KOSDAQ,벤처기업부,16720,2,-360,-2.11,17010,17060,16620,24317,408764655,212186547760,12690583,KSQ
481,079960,KR7079960001,동양이엔피,KOSDAQ,우량기업부,26950,2,-900,-3.23,27800,27800,26700,22150,598588800,211827000000,7860000,KSQ
482,439090,KR7439090002,마녀공장,KOSDAQ,중견기업부,12900,1,430,3.45,12530,12940,12470,72427,925444725,211473054000,16393260,KSQ
483,432720,KR7432720001,퀄리타스반도체,KOSDAQ,기술성장기업부,14920,2,-730,-4.66,15510,16100,14900,463176,7192769255,211216651040,14156612,KSQ
484,179290,KR7179290002,엠아이텍,KOSDAQ,우량기업부,6510,2,-90,-1.36,6600,6630,6490,17996,117868560,210700563780,32365678,KSQ
485,121440,KR7121440002,골프존홀딩스,KOSDAQ,우량기업부,4910,2,-30,-0.61,4950,4950,4870,15153,74312685,210328776380,42836818,KSQ
486,484120,KR7484120001,도우인시스,KOSDAQ,중견기업부,19140,2,-20,-0.1,19160,19560,18970,6748,129401900,209725057080,10957422,KSQ
487,080160,KR7080160005,모두투어,KOSDAQ,벤처기업부,11070,2,-270,-2.38,11330,11330,11060,42259,470371150,209223000000,18900000,KSQ
488,299030,KR7299030007,하나기술,KOSDAQ,벤처기업부,26100,2,-500,-1.88,26600,26650,25850,15681,411580250,208667151000,7994910,KSQ
489,041020,KR7041020009,폴라리스오피스,KOSDAQ,벤처기업부,4195,2,-105,-2.44,4325,4340,4170,305170,1290983698,208598464110,49725498,KSQ
490,056090,KR7056090004,시지메드텍,KOSDAQ,벤처기업부,2020,2,-190,-8.6,2215,2220,2010,1491690,3101892743,208583252720,103259036,KSQ
491,297090,KR7297090003,씨에스베어링,KOSDAQ,투자주의환기종목(소속부없음),7620,2,-110,-1.42,7990,7990,7470,302934,2316907560,207797400000,27270000,KSQ
492,219130,KR7219130002,타이거일렉,KOSDAQ,중견기업부,32750,1,1400,4.47,31350,34800,30700,144893,4862573300,206792997500,6314290,KSQ
493,380540,KR7380540005,옵티코어,KOSDAQ,관리종목(소속부없음),4225,0,0,0.0,0,0,0,0,0,206658130575,48913167,KSQ
494,078150,KR7078150000,HB테크놀러지,KOSDAQ,우량기업부,2225,2,-85,-3.68,2310,2310,2210,1528769,3426213570,206292913100,92715916,KSQ
495,106190,KR7106190002,하이텍팜,KOSDAQ,우량기업부,19340,2,-1110,-5.43,20400,20400,18840,68002,1310909240,205645565820,10633173,KSQ
496,0007J0,KR70007J0006,인벤테라,KOSDAQ,기술성장기업부,26050,2,-50,-0.19,26500,28750,25900,881501,23937930900,204901849700,7865714,KSQ
497,0011A0,KR70011A0009,액스비스,KOSDAQ,벤처기업부,21950,2,-2100,-8.73,22700,23150,21800,549516,12278986750,204875593000,9333740,KSQ
498,032620,KR7032620007,유비케어,KOSDAQ,중견기업부,3925,2,-5,-0.13,3950,3970,3910,33947,133237806,204873770575,52197139,KSQ
499,039560,KR7039560008,다산네트웍스,KOSDAQ,중견기업부,5000,2,-360,-6.72,5350,5350,4965,831363,4225992710,204678810000,40935762,KSQ
500,118990,KR7118990001,모트렉스,KOSDAQ,우량기업부,8340,2,-220,-2.57,8550,8550,8000,61416,512538405,204641674140,24537371,KSQ
501,049080,KR7049080005,기가레인,KOSDAQ,벤처기업부,2405,0,0,0.0,0,0,0,0,0,204144449535,84883347,KSQ
502,104480,KR7104480009,티케이케미칼,KOSDAQ,우량기업부,2245,2,-60,-2.6,2305,2315,2215,613632,1386512614,204060249330,90895434,KSQ
503,473980,KR7473980001,노머스,KOSDAQ,기술성장기업부,18410,1,130,0.71,18030,18600,17680,67986,1243875855,203565298020,11057322,KSQ
504,140670,KR7140670001,알에스오토메이션,KOSDAQ,벤처기업부,15830,2,-590,-3.59,16440,16440,15690,124909,1991051155,203254667200,12839840,KSQ
505,356680,KR7356680009,엑스게이트,KOSDAQ,벤처기업부,7100,2,-200,-2.74,7160,7200,7080,82474,588274295,202658793200,28543492,KSQ
506,461300,KR7461300006,아이스크림미디어,KOSDAQ,중견기업부,15200,2,-290,-1.87,15490,15490,15120,23107,352039205,202196981600,13302433,KSQ
507,203400,KR7203400007,에이비온,KOSDAQ,기술성장기업부,2225,2,-90,-3.89,2315,2315,2215,285153,638183163,200475401400,90101304,KSQ
508,307750,KR7307750000,국전약품,KOSDAQ,우량기업부,3700,2,-120,-3.14,3820,3820,3695,370869,1381440317,198729982200,53710806,KSQ
509,289080,KR7289080004,SV인베스트먼트,KOSDAQ,중견기업부,3650,2,-155,-4.07,3790,3790,3605,832217,3037144246,198254575300,54316322,KSQ
510,357880,KR7357880004,SKAI,KOSDAQ,기술성장기업부,3900,1,55,1.43,3890,4700,3775,13117141,54738537459,197639149500,50676705,KSQ
511,377450,KR7377450002,리파인,KOSDAQ,우량기업부,11400,1,160,1.42,11240,11450,11170,23976,271214230,197562000000,17330000,KSQ
512,008830,KR7008830002,대동기어,KOSDAQ,중견기업부,21900,1,150,0.69,21050,22400,20800,481755,10491155000,196826688000,8987520,KSQ
513,011560,KR7011560000,세보엠이씨,KOSDAQ,우량기업부,19000,2,-320,-1.66,19360,19500,18780,18890,361057410,196650000000,10350000,KSQ
514,049430,KR7049430002,코메론,KOSDAQ,우량기업부,21700,1,600,2.84,21100,22000,20900,63069,1363588650,196341600000,9048000,KSQ
515,114840,KR7114840002,아이패밀리에스씨,KOSDAQ,우량기업부,11320,1,350,3.19,10910,11370,10890,45239,508264985,196061268000,17319900,KSQ
516,456010,KR7456010008,아이씨티케이,KOSDAQ,기술성장기업부,14060,2,-190,-1.33,14700,14750,13980,238145,3411215600,195460067240,13901854,KSQ
517,102120,KR7102120003,어보브반도체,KOSDAQ,벤처기업부,10990,2,-160,-1.43,11150,11250,10950,129355,1434850765,195410475470,17780753,KSQ
518,143240,KR7143240000,사람인,KOSDAQ,우량기업부,16660,1,90,0.54,16830,16830,16530,19513,325021425,195076321580,11709263,KSQ
519,489500,KR7489500009,엘케이켐,KOSDAQ,벤처기업부,30950,2,-1400,-4.33,32150,32150,30700,35347,1098448325,194305833200,6278056,KSQ
520,365330,KR7365330000,에스와이스틸텍,KOSDAQ,중견기업부,3870,1,40,1.04,3670,4100,3650,4557084,17935371676,194161770000,50171000,KSQ
521,123410,KR7123410003,코리아에프티,KOSDAQ,우량기업부,6970,2,-200,-2.79,7170,7180,6950,71762,503555400,194052216080,27841064,KSQ
522,083930,KR7083930008,아바코,KOSDAQ,우량기업부,13200,2,-280,-2.08,13670,13900,13160,98909,1335474210,193739686800,14677249,KSQ
523,232680,KR7232680009,라온로보틱스,KOSDAQ,기술성장기업부,14870,2,-730,-4.68,15600,15600,14840,91063,1370163305,193529109450,13014735,KSQ
524,060150,KR7060150000,인선이엔티,KOSDAQ,중견기업부,4155,1,55,1.34,4105,4180,4095,45903,189164700,193471807860,46563612,KSQ
525,101970,KR7101970002,우양에이치씨,KOSDAQ,중견기업부,12950,1,100,0.78,12850,13400,12520,28798,372997360,191530616550,14790009,KSQ
526,382800,KR7382800001,지앤비에스 에코,KOSDAQ,우량기업부,5980,1,160,2.75,5800,6220,5680,991209,5929712020,190349625180,31831041,KSQ
527,293780,KR7293780003,압타바이오,KOSDAQ,기술성장기업부,6770,2,-30,-0.44,6860,7060,6730,70318,481011775,190192351850,28093405,KSQ
528,458650,KR7458650009,성우,KOSDAQ,벤처기업부,12620,2,-10,-0.08,12750,12790,12580,60723,770015580,189876355400,15045670,KSQ
529,046440,KR7046440004,KG모빌리언스,KOSDAQ,우량기업부,4990,2,-40,-0.8,5030,5030,4955,37008,183944970,189673901980,38010802,KSQ
530,417010,KR7417010006,나노팀,KOSDAQ,벤처기업부,9310,2,-440,-4.51,9750,9750,9200,87154,814109335,187808097680,20172728,KSQ
531,143160,KR7143160000,아이디스,KOSDAQ,우량기업부,17510,2,-180,-1.02,17690,17690,17320,10235,178151920,187643988900,10716390,KSQ
532,016790,KR7016790008,현대사료,KOSDAQ,관리종목(소속부없음),994,0,0,0.0,0,0,0,0,0,187340898626,188471729,KSQ
533,242040,KR7242040004,나무기술,KOSDAQ,기술성장기업부,5400,2,-430,-7.38,5840,5840,5330,1415504,7711457485,186873825600,34606264,KSQ
534,300080,KR7300080009,플리토,KOSDAQ,기술성장기업부,11210,2,-110,-0.97,11700,11700,11160,60749,690293120,185026105710,16505451,KSQ
535,047770,KR7047770003,코데즈컴바인,KOSDAQ,중견기업부,4885,1,130,2.73,4945,5130,4815,2281617,11325334304,184861110770,37842602,KSQ
536,082800,KR7082800004,비보존 제약,KOSDAQ,중견기업부,3040,2,-95,-3.03,3110,3130,3030,175404,538166098,184587784640,60719666,KSQ
537,039860,KR7039860002,나노엔텍,KOSDAQ,중견기업부,4840,2,-220,-4.35,5070,5100,4810,302800,1487190945,184370376520,38093053,KSQ
538,054450,KR7054450002,텔레칩스,KOSDAQ,우량기업부,12140,2,-420,-3.34,12540,12540,12090,47134,576346860,183850988620,15144233,KSQ
539,0004V0,KR70004V0003,엔비알모션,KOSDAQ,기술성장기업부,17600,2,-1670,-8.67,19380,19400,17560,461110,8369039700,183118636800,10404468,KSQ
540,052330,KR7052330008,코텍,KOSDAQ,우량기업부,10250,2,-170,-1.63,10410,10410,10230,11082,114118525,182056287250,17761589,KSQ
541,259630,KR7259630002,엠플러스,KOSDAQ,우량기업부,15070,1,1930,14.69,13130,16580,12860,4803810,73309128305,181951924880,12073784,KSQ
542,002230,KR7002230001,피에스텍,KOSDAQ,중견기업부,9420,2,-230,-2.38,9700,9700,9250,118702,1115201515,181559384400,19273820,KSQ
543,086890,KR7086890001,이수앱지스,KOSDAQ,우량기업부,4445,2,-100,-2.2,4560,4560,4435,72120,322218051,181218720620,40769116,KSQ
544,323990,KR7323990002,박셀바이오,KOSDAQ,기술성장기업부,7790,2,-40,-0.51,7810,7970,7770,50926,398785130,181174717550,23257345,KSQ
545,042420,KR7042420000,네오위즈홀딩스,KOSDAQ,중견기업부,22250,2,-450,-1.98,22700,22700,21850,6261,138637000,181165796750,8142283,KSQ
546,187870,KR7187870001,디바이스,KOSDAQ,우량기업부,25700,1,300,1.18,25300,26800,24650,135147,3522810325,180840851300,7036609,KSQ
547,138360,KR7138360003,앤로보틱스,KOSDAQ,중견기업부,2345,1,25,1.08,2260,2595,2245,2852309,6924348534,180545588090,76991722,KSQ
548,040300,KR7040300006,YTN,KOSDAQ,중견기업부,3785,1,645,20.54,3120,3930,3095,4202574,15582504284,180457369300,47676980,KSQ
549,092130,KR7092130004,이크레더블,KOSDAQ,중견기업부,14940,1,70,0.47,14520,15000,14520,6217,92139460,179931384000,12043600,KSQ
550,122990,KR7122990005,와이솔,KOSDAQ,우량기업부,6750,1,50,0.75,6700,6770,6650,39554,265995340,179813796750,26639081,KSQ
551,452450,KR7452450000,피아이이,KOSDAQ,벤처기업부,4990,2,-100,-1.96,5090,5140,4925,59872,298703572,179782215000,36028500,KSQ
552,334970,KR7334970001,프레스티지바이오로직스,KOSDAQ,기술성장기업부,2310,1,5,0.22,2305,2330,2260,44954,103298556,179608591470,77752637,KSQ
553,322510,KR7322510009,제이엘케이,KOSDAQ,기술성장기업부,6910,2,-130,-1.85,7000,7080,6850,153241,1061325430,177765913720,25725892,KSQ
554,282720,KR7282720002,금양그린파워,KOSDAQ,우량기업부,14650,2,-690,-4.5,15710,15710,14630,204758,3058673825,177550675000,12119500,KSQ
555,235980,KR7235980000,메드팩토,KOSDAQ,기술성장기업부,5160,2,-70,-1.34,5200,5290,5120,69357,360182880,176859624360,34275121,KSQ
556,005160,KR7005160007,동국산업,KOSDAQ,중견기업부,3260,2,-50,-1.51,3310,3325,3205,134509,438810314,176837011320,54244482,KSQ
557,048870,KR7048870000,시너지이노베이션,KOSDAQ,벤처기업부,2000,2,-10,-0.5,2010,2020,1985,114661,229263591,176213926000,88106963,KSQ
558,307180,KR7307180000,아이엘,KOSDAQ,벤처기업부,5070,2,-40,-0.78,5020,5380,4950,1212612,6232190241,175997308110,34713473,KSQ
559,067000,KR7067000000,조이시티,KOSDAQ,중견기업부,2515,1,165,7.02,2365,2530,2320,501625,1234739521,175807166690,69903446,KSQ
560,264850,KR7264850009,이랜시스,KOSDAQ,중견기업부,5790,2,-240,-3.98,6000,6000,5750,150931,879078230,175405803480,30294612,KSQ
561,108230,KR7108230004,톱텍,KOSDAQ,우량기업부,4595,1,300,6.98,4300,4600,4230,158491,701969633,174716810775,38023245,KSQ
562,101170,KR7101170009,우림피티에스,KOSDAQ,벤처기업부,12840,2,-740,-5.45,13510,13570,12740,81372,1056615290,173340000000,13500000,KSQ
563,068790,KR7068790005,DMS,KOSDAQ,중견기업부,7680,1,30,0.39,7550,7710,7530,36400,278150925,173339320320,22570224,KSQ
564,038390,KR7038390001,레드캡투어,KOSDAQ,우량기업부,10350,1,10,0.1,10430,10470,10230,21679,224702820,173060507700,16720822,KSQ
565,038290,KR7038290003,마크로젠,KOSDAQ,중견기업부,15950,2,-200,-1.24,16150,16150,15820,11896,189659200,172920330000,10841400,KSQ
566,408470,KR7408470003,한패스,KOSDAQ,중견기업부,16340,2,-1500,-8.41,17000,17660,16040,806819,13294122650,172746480000,10572000,KSQ
567,086980,KR7086980000,쇼박스,KOSDAQ,중견기업부,2755,1,105,3.96,2640,2785,2585,452450,1219303824,172567690000,62638000,KSQ
568,267320,KR7267320000,나인테크,KOSDAQ,벤처기업부,3005,2,-85,-2.75,3095,3100,2990,443996,1338033437,172532961475,57415295,KSQ
569,217270,KR7217270008,넵튠,KOSDAQ,중견기업부,3690,1,45,1.23,3650,3795,3565,126504,466575725,172454522670,46735643,KSQ
570,146320,KR7146320007,비씨엔씨,KOSDAQ,벤처기업부,13460,2,-140,-1.03,13600,13720,13200,13605,182806760,172260043580,12797923,KSQ
571,007330,KR7007330004,푸른저축은행,KOSDAQ,투자주의환기종목(소속부없음),11400,0,0,0.0,0,0,0,0,0,171943920000,15082800,KSQ
572,340450,KR7340450006,지씨지놈,KOSDAQ,기술성장기업부,7260,2,-100,-1.36,7300,7490,7230,87066,639706675,171704757180,23650793,KSQ
573,290690,KR7290690007,소룩스,KOSDAQ,중견기업부,3515,1,30,0.86,3475,3575,3400,389901,1370385671,171370858340,48754156,KSQ
574,023910,KR7023910003,대한약품,KOSDAQ,우량기업부,28550,2,-150,-0.52,28650,28650,28500,3055,87201700,171300000000,6000000,KSQ
575,192410,KR7192410009,오늘이엔엠,KOSDAQ,중견기업부,7330,1,380,5.47,7000,7500,6920,451453,3234739940,171014661380,23330786,KSQ
576,418420,KR7418420006,라온텍,KOSDAQ,기술성장기업부,5610,2,-180,-3.11,5790,5820,5580,105830,599824790,170988917880,30479308,KSQ
577,192440,KR7192440006,슈피겐코리아,KOSDAQ,우량기업부,27500,2,-100,-0.36,27650,27800,27150,16127,444147525,170949982500,6216363,KSQ
578,220260,KR7220260004,켐트로스,KOSDAQ,우량기업부,5330,2,-150,-2.74,5450,5470,5290,139817,750610475,170944053150,32072055,KSQ
579,047310,KR7047310008,파워로직스,KOSDAQ,중견기업부,4655,2,-80,-1.69,4760,4780,4600,112006,525492780,170423064525,36610755,KSQ
580,125020,KR7125020008,티씨머티리얼즈,KOSDAQ,중견기업부,4845,2,-155,-3.1,5000,5000,4790,419740,2033232827,169761774750,35038550,KSQ
581,475580,KR7475580007,에이럭스,KOSDAQ,벤처기업부,12450,1,230,1.88,12220,12920,12100,488797,6160225920,169630005000,13624900,KSQ
582,066620,KR7066620006,국보디자인,KOSDAQ,우량기업부,22550,2,-250,-1.1,22650,22850,22400,1357,30606600,169125000000,7500000,KSQ
583,355150,KR7355150004,코스텍시스,KOSDAQ,벤처기업부,21650,2,-1100,-4.84,22750,22750,20900,148922,3238888950,168812627500,7797350,KSQ
584,033340,KR7033340001,좋은사람들,KOSDAQ,중견기업부,1737,1,16,0.93,1810,1810,1732,3583337,6346095620,168403119246,96950558,KSQ
585,333430,KR7333430007,일승,KOSDAQ,중견기업부,5450,2,-70,-1.27,5590,5590,5350,74889,407487900,167460771150,30726747,KSQ
586,488280,KR7488280009,에스투더블유,KOSDAQ,기술성장기업부,15520,1,1220,8.53,16500,16710,14830,237049,3703550645,167140870720,10769386,KSQ
587,156100,KR7156100000,엘앤케이바이오,KOSDAQ,벤처기업부,7460,2,-100,-1.32,7770,7770,7350,136510,1025060135,166739601380,22351153,KSQ
588,037070,KR7037070000,파세코,KOSDAQ,중견기업부,8310,2,-140,-1.66,8380,8410,8210,92521,765707125,166200000000,20000000,KSQ
589,041440,KR7041440009,현대에버다임,KOSDAQ,우량기업부,9250,2,-50,-0.54,9000,9440,8890,698758,6437008080,165722482000,17915944,KSQ
590,011040,KR7011040003,경동제약,KOSDAQ,중견기업부,5360,3,0,0.0,5360,5380,5320,17443,93335955,164920585760,30768766,KSQ
591,067280,KR7067280008,멀티캠퍼스,KOSDAQ,우량기업부,27800,2,-250,-0.89,28050,28050,27650,2744,76367050,164764456200,5926779,KSQ
592,264660,KR7264660002,씨앤지하이테크,KOSDAQ,우량기업부,16750,2,-390,-2.28,16990,17110,16660,42567,715993520,162829631000,9721172,KSQ
593,260970,KR7260970009,에스앤디,KOSDAQ,우량기업부,56200,1,800,1.44,55400,57800,55200,11200,633252450,162572774800,2892754,KSQ
594,474610,KR7474610003,RF시스템즈,KOSDAQ,벤처기업부,11350,1,400,3.65,11170,11990,10950,1197369,13783979565,162391804800,14307648,KSQ
595,069510,KR7069510006,에스텍,KOSDAQ,우량기업부,14880,2,-90,-0.6,14970,14970,14740,4093,60949260,162340800000,10910000,KSQ
596,032940,KR7032940009,원익,KOSDAQ,우량기업부,8910,2,-400,-4.3,9310,9650,8900,74111,676998890,162101679300,18193230,KSQ
597,131030,KR7131030009,옵투스제약,KOSDAQ,우량기업부,9170,1,230,2.57,9550,9710,9070,394196,3685708745,161819230300,17646590,KSQ
598,282880,KR7282880004,코윈테크,KOSDAQ,우량기업부,14050,2,-290,-2.02,14470,14470,13960,35213,498818200,161144648500,11469370,KSQ
599,469610,KR7469610000,이노테크,KOSDAQ,중견기업부,18140,2,-540,-2.89,18640,18690,18080,22108,403514330,161026966000,8876900,KSQ
600,051980,KR7051980001,중앙첨단소재,KOSDAQ,중견기업부,1449,2,-3,-0.21,1452,1473,1418,1084413,1564840884,160971886341,111091709,KSQ
601,054620,KR7054620000,APS,KOSDAQ,중견기업부,8730,1,480,5.82,8500,9640,8320,2125838,19400703460,160581549330,18394221,KSQ
602,148150,KR7148150006,세경하이테크,KOSDAQ,우량기업부,4510,2,-55,-1.2,4520,4595,4435,149259,672239071,160298109180,35542818,KSQ
603,054800,KR7054800008,아이디스홀딩스,KOSDAQ,중견기업부,15470,1,200,1.31,15270,15660,15270,6857,105761440,160079785320,10347756,KSQ
604,293580,KR7293580007,나우IB,KOSDAQ,벤처기업부,1686,2,-91,-5.12,1777,1778,1678,442423,754196471,160051895700,94929950,KSQ
605,066410,KR7066410002,버킷스튜디오,KOSDAQ,투자주의환기종목(소속부없음),1153,0,0,0.0,0,0,0,0,0,159637252154,138453818,KSQ
606,119830,KR7119830008,아이텍,KOSDAQ,중견기업부,6050,1,60,1.0,5990,6120,5930,120171,721227850,159411589150,26349023,KSQ
607,046070,KR7046070009,코다코,KOSDAQ,관리종목(소속부없음),10280,0,0,0.0,0,0,0,0,0,159196994920,15486089,KSQ
608,062970,KR7062970009,한국첨단소재,KOSDAQ,중견기업부,4160,0,0,0.0,0,0,0,0,0,158325756160,38059076,KSQ
609,389030,KR7389030008,지니너스,KOSDAQ,기술성장기업부,4735,2,-145,-2.97,4950,5000,4650,394257,1895401544,158316832075,33435445,KSQ
610,456070,KR7456070002,이엔셀,KOSDAQ,기술성장기업부,14350,2,-370,-2.51,14700,14790,14260,49603,716196705,157871768950,11001517,KSQ
611,256940,KR7256940008,킵스파마,KOSDAQ,벤처기업부,7850,1,40,0.51,7870,7870,7690,33020,256998450,157613453950,20078147,KSQ
612,092190,KR7092190008,서울바이오시스,KOSDAQ,투자주의환기종목(소속부없음),3425,2,-95,-2.7,3510,3555,3400,36966,127753030,157099211775,45868383,KSQ
613,005860,KR7005860002,한일사료,KOSDAQ,우량기업부,3985,1,195,5.15,3865,4250,3760,6883421,27603868261,157023684725,39403685,KSQ
614,322180,KR7322180001,LS티라유텍,KOSDAQ,벤처기업부,7500,2,-500,-6.25,8000,8050,7450,101406,773201565,156914880000,20921984,KSQ
615,290740,KR7290740000,액트로,KOSDAQ,벤처기업부,15550,2,-1450,-8.53,17000,17600,15550,126165,2017150075,156510921050,10065011,KSQ
616,234030,KR7234030005,싸이닉솔루션,KOSDAQ,중견기업부,6630,2,-270,-3.91,6870,6870,6570,94421,629171155,156501150000,23605000,KSQ
617,182360,KR7182360008,큐브엔터,KOSDAQ,우량기업부,10030,2,-150,-1.47,10090,10240,9940,12252,122775590,155964985470,15549849,KSQ
618,023600,KR7023600000,삼보판지,KOSDAQ,우량기업부,9740,2,-30,-0.31,9820,9820,9680,4486,43726100,155920842000,16008300,KSQ
619,080420,KR7080420003,모다이노칩,KOSDAQ,중견기업부,1947,2,-39,-1.96,1985,1985,1947,3519,6885008,155217998034,79721622,KSQ
620,203650,KR7203650007,드림시큐리티,KOSDAQ,중견기업부,1622,2,-31,-1.88,1655,1661,1607,267207,433773687,155116472968,95632844,KSQ
621,038110,KR7038110003,에코플라스틱,KOSDAQ,우량기업부,3765,1,255,7.26,3590,4130,3590,23802574,92343277287,155002678050,41169370,KSQ
622,037030,KR7037030004,파워넷,KOSDAQ,우량기업부,6070,2,-10,-0.16,6040,6580,5920,5903075,37023686805,154863861440,25512992,KSQ
623,107600,KR7107600009,새빗켐,KOSDAQ,벤처기업부,27500,2,-400,-1.43,27900,28600,27350,32479,905319050,154826485000,5630054,KSQ
624,027710,KR7027710003,팜스토리,KOSDAQ,중견기업부,1382,1,40,2.98,1342,1400,1337,1393030,1913982457,153977741200,111416600,KSQ
625,417840,KR7417840006,저스템,KOSDAQ,벤처기업부,6770,1,130,1.96,6450,7100,6390,1860393,12802697820,153434812870,22663931,KSQ
626,464490,KR7464490002,쿼드메디슨,KOSDAQ,기술성장기업부,13360,2,-490,-3.54,13850,14065,13220,61983,833119070,153401029680,11482113,KSQ
627,013990,KR7013990007,아가방컴퍼니,KOSDAQ,우량기업부,4660,2,-70,-1.48,4705,4755,4650,77420,362332404,153255917760,32887536,KSQ
628,126730,KR7126730001,코칩,KOSDAQ,벤처기업부,17450,2,-20,-0.11,17350,18200,17230,38779,685663645,153038698700,8770126,KSQ
629,095190,KR7095190005,이엠코리아,KOSDAQ,중견기업부,2335,2,-45,-1.89,2385,2400,2330,73484,172578380,152383178770,65260462,KSQ
630,321370,KR7321370009,센서뷰,KOSDAQ,기술성장기업부,2940,0,0,0.0,0,0,0,0,0,151894823640,51664906,KSQ
631,047560,KR7047560008,이스트소프트,KOSDAQ,중견기업부,12930,3,0,0.0,13000,13030,12820,16962,219312745,151761763260,11737182,KSQ
632,453450,KR7453450009,그리드위즈,KOSDAQ,벤처기업부,19100,2,-730,-3.68,19990,20350,19040,118065,2288828730,151706525000,7942750,KSQ
633,104460,KR7104460001,디와이피엔에프,KOSDAQ,우량기업부,14320,1,120,0.85,14200,14400,14000,19182,274044400,150619206320,10518101,KSQ
634,263720,KR7263720005,디앤씨미디어,KOSDAQ,벤처기업부,12130,1,250,2.1,11990,12140,11780,30742,370905755,150564728830,12412591,KSQ
635,037350,KR7037350006,성도이엔지,KOSDAQ,우량기업부,9880,2,-390,-3.8,10150,10170,9770,128694,1279000100,150274800000,15210000,KSQ
636,417500,KR7417500006,제이아이테크,KOSDAQ,우량기업부,4565,2,-250,-5.19,4725,4730,4540,346395,1605537830,149662356360,32784744,KSQ
637,147830,KR7147830004,제룡산업,KOSDAQ,벤처기업부,7480,2,-230,-2.98,7670,7670,7430,116083,871611160,149600000000,20000000,KSQ
638,065450,KR7065450009,빅텍,KOSDAQ,벤처기업부,5200,1,325,6.67,4960,5580,4870,8585303,44892408537,149592326000,28767755,KSQ
639,071200,KR7071200000,인피니트헬스케어,KOSDAQ,중견기업부,6130,2,-140,-2.23,6320,6320,6130,4345,26747220,149550287540,24396458,KSQ
640,021320,KR7021320007,KCC건설,KOSDAQ,우량기업부,6950,2,-150,-2.11,7060,7290,6800,117488,827887075,148730000000,21400000,KSQ
641,445180,KR7445180003,퓨릿,KOSDAQ,중견기업부,8640,2,-70,-0.8,8700,8720,8260,29170,252055430,148514584320,17189188,KSQ
642,388790,KR7388790008,라이콤,KOSDAQ,벤처기업부,4850,2,-350,-6.73,5210,5210,4695,1467608,7083136995,148455575450,30609397,KSQ
643,255440,KR7255440000,야스,KOSDAQ,벤처기업부,11360,2,-60,-0.53,11420,11760,11120,33790,388365040,148338880000,13058000,KSQ
644,158430,KR7158430009,아톤,KOSDAQ,벤처기업부,6050,2,-40,-0.66,6070,6090,5990,117785,709717985,148116656600,24482092,KSQ
645,086670,KR7086670007,비엠티,KOSDAQ,우량기업부,14910,2,-810,-5.15,15410,15480,14850,82034,1234570165,147994945350,9925885,KSQ
646,093190,KR7093190007,빅솔론,KOSDAQ,우량기업부,7690,1,10,0.13,7680,7850,7620,14627,112825540,147947179450,19238905,KSQ
647,036710,KR7036710002,심텍홀딩스,KOSDAQ,중견기업부,2790,2,-120,-4.12,2830,2905,2740,399151,1126324397,147389433660,52827754,KSQ
648,336680,KR7336680004,탑런토탈솔루션,KOSDAQ,중견기업부,3755,2,-20,-0.53,3800,3800,3720,13495,50764635,146991570290,39145558,KSQ
649,408920,KR7408920007,메쎄이상,KOSDAQ,벤처기업부,3395,2,-85,-2.44,3455,3500,3385,20554,70251304,146774184725,43232455,KSQ
650,053700,KR7053700001,삼보모터스,KOSDAQ,우량기업부,5800,2,-140,-2.36,5940,5940,5770,120439,701470245,146751315800,25301951,KSQ
651,072870,KR7072870009,메가스터디,KOSDAQ,우량기업부,12290,2,-60,-0.49,12350,12480,12210,13935,172505160,146508586110,11920959,KSQ
652,049720,KR7049720006,고려신용정보,KOSDAQ,우량기업부,10210,2,-10,-0.1,10250,10250,10150,15871,161508335,146003000000,14300000,KSQ
653,005990,KR7005990007,매일홀딩스,KOSDAQ,우량기업부,10930,2,-260,-2.32,11140,11180,10510,984,10762580,145350462720,13298304,KSQ
654,109610,KR7109610006,에스와이,KOSDAQ,중견기업부,2965,1,20,0.68,2915,3035,2850,732333,2175927587,145010441000,48907400,KSQ
655,217820,KR7217820000,원익피앤이,KOSDAQ,중견기업부,3055,2,-85,-2.71,3140,3140,3030,122888,378237687,144973677745,47454559,KSQ
656,054540,KR7054540000,삼영엠텍,KOSDAQ,중견기업부,11150,2,-280,-2.45,11430,11540,10900,262302,2927965855,144950000000,13000000,KSQ
657,357580,KR7357580000,아모센스,KOSDAQ,기술성장기업부,12430,2,-1240,-9.07,13850,13850,12340,670245,8627020685,144864142280,11654396,KSQ
658,025950,KR7025950007,동신건설,KOSDAQ,우량기업부,17230,2,-60,-0.35,16280,18500,16180,778340,13707755115,144732000000,8400000,KSQ
659,246710,KR7246710008,티앤알바이오팹,KOSDAQ,기술성장기업부,3040,1,55,1.84,2985,3200,2885,519227,1592899899,144609905920,47569048,KSQ
660,360070,KR7360070007,탑머티리얼,KOSDAQ,우량기업부,17640,2,-60,-0.34,17530,17900,17450,13875,244424780,144313598520,8181043,KSQ
661,006620,KR7006620009,동구바이오제약,KOSDAQ,우량기업부,5060,2,-70,-1.36,5090,5110,5030,39651,201126760,144032859520,28464992,KSQ
662,129920,KR7129920005,대성하이텍,KOSDAQ,벤처기업부,10500,1,70,0.67,10740,10800,9810,328267,3332141795,144008056500,13715053,KSQ
663,250060,KR7250060001,모비스,KOSDAQ,기술성장기업부,4470,2,-140,-3.04,4590,4590,4410,343238,1536208712,143805773580,32171314,KSQ
664,297890,KR7297890006,HB솔루션,KOSDAQ,우량기업부,1962,2,-29,-1.46,1966,1991,1960,164523,324993594,143502473268,73140914,KSQ
665,024800,KR7024800005,유성티엔에스,KOSDAQ,우량기업부,3870,2,-100,-2.52,3970,3970,3850,21362,83106995,143390512440,37051812,KSQ
666,083500,KR7083500009,에프엔에스테크,KOSDAQ,우량기업부,16690,2,-300,-1.77,16800,17310,16510,91558,1544557855,143128800180,8575722,KSQ
667,331740,KR7331740001,아우토크립트,KOSDAQ,기술성장기업부,14710,2,-570,-3.73,15280,15500,14700,43841,653504860,142959002610,9718491,KSQ
668,053080,KR7053080008,케이엔솔,KOSDAQ,우량기업부,10970,2,-150,-1.35,11130,11190,10740,107156,1171247360,142607882790,12999807,KSQ
669,225530,KR7225530005,HC보광산업,KOSDAQ,우량기업부,3905,2,-150,-3.7,4055,4125,3855,159393,624360299,141902728935,36338727,KSQ
670,125210,KR7125210005,아모그린텍,KOSDAQ,우량기업부,8600,2,-220,-2.49,8820,8820,8450,77637,667110440,141872394000,16496790,KSQ
671,0015S0,KR70015S0005,페스카로,KOSDAQ,기술성장기업부,14600,2,-680,-4.45,15290,15290,14320,42038,620446015,141075858000,9662730,KSQ
672,476040,KR7476040001,오가노이드사이언스,KOSDAQ,기술성장기업부,21400,2,-1000,-4.46,22400,22450,21300,31876,690250850,140935264000,6585760,KSQ
673,049960,KR7049960008,쎌바이오텍,KOSDAQ,벤처기업부,14940,1,300,2.05,14630,14940,14510,21446,318043420,140436000000,9400000,KSQ
674,017510,KR7017510009,세명전기,KOSDAQ,중견기업부,9210,2,-240,-2.54,9420,9420,9100,114323,1058134385,140415660000,15246000,KSQ
675,100590,KR7100590009,머큐리,KOSDAQ,중견기업부,8870,1,1480,20.03,7540,9500,7540,18393663,157899565840,140412304010,15830023,KSQ
676,090850,KR7090850009,현대이지웰,KOSDAQ,우량기업부,5910,1,40,0.68,5890,5960,5860,18649,109904260,140340993510,23746361,KSQ
677,073010,KR7073010001,케이에스피,KOSDAQ,우량기업부,3470,2,-95,-2.66,3565,3565,3465,75791,264322870,139463637500,40191250,KSQ
678,136150,KR7136150000,원일티엔아이,KOSDAQ,벤처기업부,16640,2,-630,-3.65,17270,17270,16610,21856,367656310,139460339200,8381030,KSQ
679,021080,KR7021080007,에이티넘인베스트,KOSDAQ,우량기업부,2905,2,-105,-3.49,3005,3005,2890,174450,510454215,139440000000,48000000,KSQ
680,123040,KR7123040008,엠에스오토텍,KOSDAQ,우량기업부,2215,2,-60,-2.64,2275,2275,2205,67857,150765889,138721682285,62628299,KSQ
681,136540,KR7136540002,윈스테크넷,KOSDAQ,우량기업부,11290,2,-10,-0.09,11340,11340,11180,12954,145415525,138638332340,12279746,KSQ
682,204610,KR7204610000,티쓰리,KOSDAQ,벤처기업부,2515,2,-160,-5.98,2700,2700,2490,242307,615887194,138329325800,55001720,KSQ
683,122450,KR7122450000,KX,KOSDAQ,중견기업부,3070,2,-15,-0.49,3085,3100,3050,15408,47259005,137596890380,44819834,KSQ
684,090470,KR7090470006,제이스텍,KOSDAQ,우량기업부,7870,2,-110,-1.38,7980,7980,7770,31080,243224335,137540794780,17476594,KSQ
685,310200,KR7310200001,애니플러스,KOSDAQ,중견기업부,2625,2,-45,-1.69,2675,2695,2600,127645,335296940,136927444500,52162836,KSQ
686,093640,KR7093640001,케이알엠,KOSDAQ,중견기업부,4185,2,-45,-1.06,4300,4300,4130,26776,111868345,136602501300,32640980,KSQ
687,063570,KR7063570006,NICE인프라,KOSDAQ,우량기업부,4000,1,25,0.63,3975,4005,3960,15545,62032510,136590912000,34147728,KSQ
688,003100,KR7003100005,선광,KOSDAQ,우량기업부,20650,2,-50,-0.24,20650,20750,20350,3604,74116850,136290000000,6600000,KSQ
689,215100,KR7215100009,로보로보,KOSDAQ,벤처기업부,6680,2,-230,-3.33,6900,6900,6620,145355,974899555,135927672720,20348454,KSQ
690,306620,KR7306620006,지아이에스,KOSDAQ,벤처기업부,2970,2,-130,-4.19,3085,3085,2950,286798,857520759,135922079700,45765010,KSQ
691,131370,KR7131370009,알서포트,KOSDAQ,벤처기업부,2550,1,150,6.25,2405,2600,2405,979673,2457462869,135831061650,53267083,KSQ
692,226400,KR7226400000,오스테오닉,KOSDAQ,기술성장기업부,6570,2,-80,-1.2,6600,6650,6530,27705,182173310,135746718570,20661601,KSQ
693,100130,KR7100130004,동국S&C,KOSDAQ,중견기업부,2375,3,0,0.0,2420,2420,2335,155311,369529141,135714625000,57143000,KSQ
694,214680,KR7214680001,디알텍,KOSDAQ,벤처기업부,1615,1,5,0.31,1636,1636,1592,278165,447953665,134815445440,83477056,KSQ
695,054920,KR7054920004,한컴위드,KOSDAQ,중견기업부,4745,2,-125,-2.57,4855,4860,4665,255208,1210976649,133890049345,28217081,KSQ
696,096250,KR7096250006,와이즈넛,KOSDAQ,기술성장기업부,10160,2,-250,-2.4,10450,10510,10080,108553,1108912830,133060805760,13096536,KSQ
697,149950,KR7149950008,아바텍,KOSDAQ,우량기업부,9710,2,-210,-2.12,9950,9950,9670,19688,192875760,132713396130,13667703,KSQ
698,049520,KR7049520000,유아이엘,KOSDAQ,우량기업부,4115,3,0,0.0,4170,4345,4085,353175,1488349036,132698067460,32247404,KSQ
699,089600,KR7089600001,KT나스미디어,KOSDAQ,우량기업부,11470,1,20,0.17,11540,11540,11420,3787,43453040,132686829610,11568163,KSQ
700,240550,KR7240550004,동방메디컬,KOSDAQ,벤처기업부,6310,2,-260,-3.96,6500,6550,6280,135390,865088320,132093161400,20933940,KSQ
701,269620,KR7269620001,시스웍,KOSDAQ,관리종목(소속부없음),889,0,0,0.0,0,0,0,0,0,132090012299,148582691,KSQ
702,067990,KR7067990002,도이치모터스,KOSDAQ,우량기업부,4505,2,-30,-0.66,4550,4550,4505,30027,135779850,131462882750,29181550,KSQ
703,105330,KR7105330005,케이엔더블유,KOSDAQ,중견기업부,8150,2,-260,-3.09,8400,8400,8050,71314,580392930,130889228200,16060028,KSQ
704,413630,KR7413630005,씨피시스템,KOSDAQ,벤처기업부,3590,2,-140,-3.75,3730,3730,3420,96523,348411035,130807487340,36436626,KSQ
705,382840,KR7382840007,원준,KOSDAQ,우량기업부,8560,2,-90,-1.04,8650,8750,8520,34610,298586620,130724733360,15271581,KSQ
706,225190,KR7225190008,LK삼양,KOSDAQ,중견기업부,1852,2,-47,-2.47,1900,1902,1839,332353,617997990,130507550880,70468440,KSQ
707,052420,KR7052420007,오성첨단소재,KOSDAQ,우량기업부,1336,1,27,2.06,1310,1355,1309,454362,604477737,130153248256,97420096,KSQ
708,000440,KR7000440008,중앙에너비스,KOSDAQ,중견기업부,20900,1,930,4.66,20500,21150,20250,270085,5588001230,130147017000,6227130,KSQ
709,023900,KR7023900004,풍국주정,KOSDAQ,우량기업부,10310,1,140,1.38,10310,10780,10220,401564,4198658960,129906000000,12600000,KSQ
710,085670,KR7085670008,뉴프렉스,KOSDAQ,우량기업부,5270,2,-210,-3.83,5460,5460,5240,75629,401616710,128855510470,24450761,KSQ
711,035080,KR7035080001,그래디언트,KOSDAQ,중견기업부,11220,2,-530,-4.51,11760,11950,11220,41014,472977940,128259006480,11431284,KSQ
712,489460,KR7489460006,바이오비쥬,KOSDAQ,벤처기업부,8510,1,190,2.28,8400,8590,8250,41630,352109900,128028099300,15044430,KSQ
713,396270,KR7396270001,넥스트칩,KOSDAQ,벤처기업부,3880,2,-160,-3.96,3975,4030,3840,430798,1682539136,127603232280,32887431,KSQ
714,054050,KR7054050000,농우바이오,KOSDAQ,우량기업부,7940,1,40,0.51,7900,7950,7870,15048,118829445,127282654340,16030561,KSQ
715,109740,KR7109740001,디에스케이,KOSDAQ,벤처기업부,4940,2,-230,-4.45,5270,5270,4805,100276,492251549,127009326600,25710390,KSQ
716,166480,KR7166480004,코아스템켐온,KOSDAQ,벤처기업부,2400,2,-5,-0.21,2400,2490,2315,241045,575829111,126888902400,52870376,KSQ
717,059120,KR7059120006,아진엑스텍,KOSDAQ,벤처기업부,6930,2,-150,-2.12,7100,7190,6880,193294,1360504600,126888757380,18310066,KSQ
718,265740,KR7265740001,엔에프씨,KOSDAQ,중견기업부,7070,2,-230,-3.15,7300,7760,7040,148941,1086772945,126295652000,17863600,KSQ
719,040160,KR7040160004,누리플렉스,KOSDAQ,중견기업부,10470,2,-40,-0.38,10510,10680,10210,13164,138218110,126221451450,12055535,KSQ
720,065440,KR7065440000,이루온,KOSDAQ,벤처기업부,4610,1,700,17.9,4245,5080,4245,48601418,232235535737,125737842200,27275020,KSQ
721,036690,KR7036690006,코맥스,KOSDAQ,관리종목(소속부없음),2885,0,0,0.0,0,0,0,0,0,125692107675,43567455,KSQ
722,100700,KR7100700004,세운메디칼,KOSDAQ,우량기업부,2865,1,90,3.24,2875,3120,2750,6170728,18103213365,125487000000,43800000,KSQ
723,036010,KR7036010007,아비코전자,KOSDAQ,중견기업부,9430,2,-160,-1.67,9570,9670,9340,133933,1267013000,125352367620,13292934,KSQ
724,205100,KR7205100001,엑셈,KOSDAQ,벤처기업부,1749,2,-25,-1.41,1779,1779,1737,171596,300516026,124987576692,71462308,KSQ
725,074430,KR7074430000,아미노로직스,KOSDAQ,중견기업부,1423,2,-55,-3.72,1478,1478,1410,128426,183741299,124977599012,87826844,KSQ
726,052260,KR7052260007,현대바이오랜드,KOSDAQ,우량기업부,4150,1,50,1.22,4125,4160,4085,42676,176643065,124500000000,30000000,KSQ
727,067900,KR7067900001,와이엔텍,KOSDAQ,우량기업부,6840,2,-30,-0.44,6870,6870,6780,17454,119185590,124485667560,18199659,KSQ
728,079810,KR7079810008,디이엔티,KOSDAQ,우량기업부,5770,1,1115,23.95,5630,6050,5460,6319032,37040542780,124217102380,21528094,KSQ
729,029480,KR7029480001,광무,KOSDAQ,중견기업부,2080,2,-90,-4.15,2170,2190,2050,186677,392589830,124215794560,59719132,KSQ
730,0015N0,KR70015N0000,아로마티카,KOSDAQ,벤처기업부,9750,3,0,0.0,9650,10140,9610,127604,1255080035,123971737500,12715050,KSQ
731,307930,KR7307930008,컴퍼니케이,KOSDAQ,중견기업부,7910,2,-320,-3.89,8180,8210,7850,271245,2168817810,123475100000,15610000,KSQ
732,309960,KR7309960003,LB인베스트먼트,KOSDAQ,벤처기업부,5310,2,-190,-3.45,5490,5490,5270,136375,729284110,123283539090,23217239,KSQ
733,063170,KR7063170005,서울옥션,KOSDAQ,중견기업부,6890,2,-200,-2.82,7090,7140,6870,52890,367280740,122464699630,17774267,KSQ
734,088130,KR7088130000,동아엘텍,KOSDAQ,중견기업부,7000,2,-400,-5.41,7450,7470,6960,189644,1361123640,122397198000,17485314,KSQ
735,045970,KR7045970001,코아시아,KOSDAQ,중견기업부,4645,2,-225,-4.62,4840,4895,4645,74406,351452623,122232599020,26314876,KSQ
736,036220,KR7036220002,오상헬스케어,KOSDAQ,중견기업부,8390,1,40,0.48,8370,8460,8310,5297,44262340,121734000240,14509416,KSQ
737,086710,KR7086710001,선진뷰티사이언스,KOSDAQ,우량기업부,9940,1,100,1.02,9850,10120,9720,75488,753689985,121300603200,12203280,KSQ
738,009780,KR7009780008,엠에스씨,KOSDAQ,우량기업부,6890,1,40,0.58,6790,7000,6780,13926,96048855,121264000000,17600000,KSQ
739,003310,KR7003310000,대주산업,KOSDAQ,우량기업부,3420,2,-120,-3.39,3510,3520,3360,503691,1719598679,121041837000,35392350,KSQ
740,065530,KR7065530008,와이어블,KOSDAQ,중견기업부,2520,2,-155,-5.79,2730,2935,2435,10442325,27775921191,120553672680,47838759,KSQ
741,317770,KR7317770006,엑스페릭스,KOSDAQ,벤처기업부,3295,1,60,1.85,3230,3320,3155,188863,608477837,120223165775,36486545,KSQ
742,366030,KR7366030005,공구우먼,KOSDAQ,우량기업부,5300,2,-250,-4.5,5550,5550,5290,64049,341925095,120065405000,22653850,KSQ
743,141000,KR7141000000,비아트론,KOSDAQ,벤처기업부,9910,2,-430,-4.16,10340,10340,9870,50614,509705360,120056776100,12114710,KSQ
744,032300,KR7032300006,한국파마,KOSDAQ,중견기업부,10980,2,-210,-1.88,11200,11200,10920,11161,122578365,119755576980,10906701,KSQ
745,051160,KR7051160000,지어소프트,KOSDAQ,중견기업부,7720,2,-80,-1.03,7840,7860,7650,14617,113005455,119462599600,15474430,KSQ
746,049950,KR7049950009,미래컴퍼니,KOSDAQ,우량기업부,13520,2,-430,-3.08,13950,13950,13400,27204,369124420,119217791680,8817884,KSQ
747,063080,KR7063080006,컴투스홀딩스,KOSDAQ,중견기업부,18050,2,-110,-0.61,17810,18180,17660,12921,231403970,119043215600,6595192,KSQ
748,092040,KR7092040005,아미코젠,KOSDAQ,기술성장기업부,1681,1,52,3.19,1629,1710,1609,628461,1040753560,118771705547,70655387,KSQ
749,443670,KR7443670005,에스피소프트,KOSDAQ,중견기업부,4795,1,95,2.02,4705,4875,4600,195252,937643396,118634974640,24741392,KSQ
750,013310,KR7013310008,아진산업,KOSDAQ,우량기업부,3055,2,-75,-2.4,3120,3120,3050,161889,497609625,118554108010,38806582,KSQ
751,018120,KR7018120006,진로발효,KOSDAQ,우량기업부,17900,2,-120,-0.67,18020,18020,17900,1266,22698135,118518048000,6621120,KSQ
752,101670,KR7101670008,하이드로리튬,KOSDAQ,중견기업부,2085,2,-35,-1.65,2110,2140,2050,584554,1219287100,118380434895,56777187,KSQ
753,331920,KR7331920009,셀레믹스,KOSDAQ,기술성장기업부,14500,1,500,3.57,14090,14960,13800,118099,1701268350,118380146000,8164148,KSQ
754,337930,KR7337930002,젝시믹스,KOSDAQ,우량기업부,3985,2,-95,-2.33,4080,4085,3970,104905,420407017,118260752875,29676475,KSQ
755,038540,KR7038540001,상상인,KOSDAQ,중견기업부,2135,2,-25,-1.16,2160,2170,2095,120732,256464450,118125948255,55328313,KSQ
756,026150,KR7026150003,특수건설,KOSDAQ,중견기업부,6730,2,-160,-2.32,6790,6920,6520,69853,471022945,118086807630,17546331,KSQ
757,290720,KR7290720002,푸드나무,KOSDAQ,중견기업부,3360,1,5,0.15,3355,3375,3175,40037,133006825,118010397120,35122142,KSQ
758,115440,KR7115440000,우리넷,KOSDAQ,우량기업부,10910,2,-670,-5.79,11950,11950,10820,656171,7448827230,117765725720,10794292,KSQ
759,071280,KR7071280002,로체시스템즈,KOSDAQ,우량기업부,7690,2,-220,-2.78,7900,7910,7670,27529,213737280,117630877070,15296603,KSQ
760,048530,KR7048530000,인트론바이오,KOSDAQ,기술성장기업부,3715,1,130,3.63,3585,4470,3445,6672485,26954535679,117445943130,31613982,KSQ
761,014970,KR7014970008,삼륭물산,KOSDAQ,중견기업부,7760,1,180,2.37,7660,8280,7660,495031,3931764575,117370000000,15125000,KSQ
762,417970,KR7417970001,모델솔루션,KOSDAQ,중견기업부,18340,2,-740,-3.88,19190,19260,18290,17336,321607080,117315478000,6396700,KSQ
763,263860,KR7263860009,지니언스,KOSDAQ,벤처기업부,12880,2,-110,-0.85,13090,13090,12700,26014,332891000,116945248000,9079600,KSQ
764,099750,KR7099750002,이지케어텍,KOSDAQ,벤처기업부,8560,2,-180,-2.06,8740,8870,8480,19817,170040990,116922520880,13659173,KSQ
765,251120,KR7251120002,바이오에프디엔씨,KOSDAQ,기술성장기업부,13430,2,-60,-0.44,13790,13800,13380,7369,99690240,116783251000,8695700,KSQ
766,493330,KR7493330005,지에프아이,KOSDAQ,벤처기업부,15180,1,610,4.19,14570,15460,14010,72129,1083541155,116614976280,7682146,KSQ
767,389140,KR7389140005,포바이포,KOSDAQ,벤처기업부,8150,2,-500,-5.78,8650,8650,8100,145053,1192892320,116298340250,14269735,KSQ
768,041590,KR7041590001,플래스크,KOSDAQ,관리종목(소속부없음),2370,0,0,0.0,0,0,0,0,0,116064014460,48972158,KSQ
769,209640,KR7209640002,와이제이링크,KOSDAQ,중견기업부,4080,2,-180,-4.23,4200,4200,4050,232820,953497896,116048035680,28443146,KSQ
770,223250,KR7223250002,드림씨아이에스,KOSDAQ,중견기업부,4720,2,-50,-1.05,4770,4780,4660,42364,200294270,116005752800,24577490,KSQ
771,432470,KR7432470003,케이엔에스,KOSDAQ,벤처기업부,13190,2,-20,-0.15,13210,14000,12900,63846,855815940,115696823640,8771556,KSQ
772,033290,KR7033290008,로젠,KOSDAQ,중견기업부,2045,1,5,0.25,2060,2060,2035,28832,58923860,114839635545,56156301,KSQ
773,418470,KR7418470001,KT밀리의서재,KOSDAQ,중견기업부,13400,1,50,0.37,13350,13450,13070,21803,287261540,114781572600,8565789,KSQ
774,086960,KR7086960002,MDS테크,KOSDAQ,중견기업부,1115,0,0,0.0,0,0,0,0,0,114502048300,102692420,KSQ
775,041520,KR7041520008,이엘씨,KOSDAQ,투자주의환기종목(소속부없음),9390,1,330,3.64,9060,9400,9060,29677,275154640,114452174700,12188730,KSQ
776,059210,KR7059210005,메타바이오메드,KOSDAQ,우량기업부,4190,2,-80,-1.87,4270,4270,4175,76542,321283750,113848354550,27171445,KSQ
777,036630,KR7036630002,세종텔레콤,KOSDAQ,중견기업부,11380,1,250,2.25,11090,11700,10810,45237,512890455,113800000000,10000000,KSQ
778,053580,KR7053580007,웹케시,KOSDAQ,우량기업부,8340,2,-100,-1.18,8440,8440,8280,9040,75147860,113726308320,13636248,KSQ
779,298540,KR7298540006,더네이쳐홀딩스,KOSDAQ,우량기업부,7840,3,0,0.0,7900,7900,7780,3910,30588400,113573266240,14486386,KSQ
780,381620,KR7381620004,제닉스로보틱스,KOSDAQ,중견기업부,8620,2,-370,-4.12,8990,9000,8590,125336,1097484500,113076470400,13117920,KSQ
781,238090,KR7238090005,앤디포스,KOSDAQ,벤처기업부,3695,2,-50,-1.34,3810,3860,3635,172687,646469315,112662175800,30490440,KSQ
782,078140,KR7078140001,대봉엘에스,KOSDAQ,우량기업부,10160,1,100,0.99,10020,10250,9970,54391,553166930,112639642640,11086579,KSQ
783,067290,KR7067290007,JW신약,KOSDAQ,중견기업부,2010,2,-35,-1.71,2080,2105,2005,311835,641913812,112634577030,56037103,KSQ
784,073560,KR7073560005,우리손에프앤지,KOSDAQ,우량기업부,1618,2,-27,-1.64,1645,1645,1615,105965,171658153,112026506374,69237643,KSQ
785,388870,KR7388870008,파로스아이바이오,KOSDAQ,기술성장기업부,8650,2,-200,-2.26,8850,8970,8500,87956,771193460,111982311800,12945932,KSQ
786,039340,KR7039340005,한국경제TV,KOSDAQ,우량기업부,4965,3,0,0.0,4960,4990,4930,3100,15339990,111712500000,22500000,KSQ
787,096240,KR7096240007,크레버스,KOSDAQ,우량기업부,10390,2,-10,-0.1,10400,10490,10300,12623,130878540,111569690200,10738180,KSQ
788,424960,KR7424960003,스마트레이더시스템,KOSDAQ,기술성장기업부,6740,2,-140,-2.03,6930,6930,6630,33612,224572695,111109641400,16485110,KSQ
789,396470,KR7396470007,워트,KOSDAQ,중견기업부,6880,2,-150,-2.13,6930,7030,6830,32150,221688250,110905600000,16120000,KSQ
790,208370,KR7208370007,셀바스헬스케어,KOSDAQ,벤처기업부,4300,2,-70,-1.6,4385,4420,4280,104355,453369040,110684425200,25740564,KSQ
791,046210,KR7046210001,HLB파나진,KOSDAQ,벤처기업부,2430,1,35,1.46,2395,2450,2340,170986,410602023,110493689220,45470654,KSQ
792,059270,KR7059270009,해성에어로보틱스,KOSDAQ,기술성장기업부,9890,2,-330,-3.23,10220,10300,9700,95906,949395390,110424807110,11165299,KSQ
793,044990,KR7044990000,에이치엔에스하이텍,KOSDAQ,기술성장기업부,14340,2,-600,-4.02,14800,14890,14020,135246,1932688705,110208994500,7685425,KSQ
794,339950,KR7339950008,아이비김영,KOSDAQ,중견기업부,2445,2,-5,-0.2,2430,2455,2400,101834,247099530,109894571475,44946655,KSQ
795,048550,KR7048550008,SM C&C,KOSDAQ,중견기업부,1136,1,14,1.25,1114,1139,1101,201881,228183298,109867808320,96714620,KSQ
796,330350,KR7330350000,위더스제약,KOSDAQ,우량기업부,8320,2,-250,-2.92,8590,8630,8320,51854,438946360,109841796480,13202139,KSQ
797,115500,KR7115500001,케이씨에스,KOSDAQ,중견기업부,9140,2,-220,-2.35,9360,9390,9040,57462,526130880,109680000000,12000000,KSQ
798,278650,KR7278650007,HLB바이오스텝,KOSDAQ,중견기업부,1251,1,8,0.64,1243,1259,1226,78198,97305502,109039641984,87161984,KSQ
799,439580,KR7439580002,블루엠텍,KOSDAQ,기술성장기업부,3220,2,-110,-3.3,3365,3365,3220,111218,362732640,108985881340,33846547,KSQ
800,053260,KR7053260006,금강철강,KOSDAQ,우량기업부,5810,4,1340,29.98,4445,5810,4445,4440972,24647830750,108763200000,18720000,KSQ
801,024740,KR7024740003,한일단조,KOSDAQ,우량기업부,3305,1,435,15.16,2955,3535,2890,21930044,72140486846,108724746945,32897049,KSQ
802,950130,KR8840090003,엑세스바이오,KOSDAQ,외국기업(소속부없음),2880,3,0,0.0,2945,2945,2840,25957,74783190,108656156160,37727832,KSQ
803,463020,KR7463020008,뉴엔AI,KOSDAQ,기술성장기업부,12230,1,110,0.91,12050,12310,12050,16654,202870200,108592616000,8879200,KSQ
804,088390,KR7088390000,이녹스,KOSDAQ,중견기업부,11550,2,-450,-3.75,11910,11950,11510,12498,145744640,108406498200,9385844,KSQ
805,348080,KR7348080003,큐라티스,KOSDAQ,투자주의환기종목(소속부없음),935,1,14,1.52,955,958,923,51079,48115453,107945545235,115449781,KSQ
806,446540,KR7446540007,메가터치,KOSDAQ,중견기업부,4155,2,-15,-0.36,4165,4200,4110,34605,143946479,107879377095,25963749,KSQ
807,149980,KR7149980005,하이로닉,KOSDAQ,중견기업부,5090,0,0,0.0,0,0,0,0,0,107879307670,21194363,KSQ
808,039980,KR7039980008,폴라리스AI,KOSDAQ,중견기업부,1481,0,0,0.0,0,0,0,0,0,107785367256,72778776,KSQ
809,096350,KR7096350004,대창솔루션,KOSDAQ,벤처기업부,2920,2,-120,-3.95,3050,3080,2850,726429,2121834712,107615905040,36854762,KSQ
810,060560,KR7060560000,HC홈센타,KOSDAQ,중견기업부,846,2,-19,-2.2,860,870,835,180569,153020456,107391246768,126940008,KSQ
811,066310,KR7066310004,큐에스아이,KOSDAQ,벤처기업부,11580,2,-770,-6.23,12380,12500,11510,394152,4723832150,107365371180,9271621,KSQ
812,066700,KR7066700006,테라젠이텍스,KOSDAQ,벤처기업부,2887,2,-33,-1.13,2900,2915,2865,22150,64134029,107258909512,37152376,KSQ
813,215790,KR7215790007,이노인스트루먼트,KOSDAQ,벤처기업부,2655,4,610,29.83,2460,2655,2440,3835417,9895106215,106951760595,40283149,KSQ
814,305090,KR7305090003,마이크로디지탈,KOSDAQ,기술성장기업부,5750,2,-210,-3.52,5940,5940,5690,69782,403677110,106921566250,18595055,KSQ
815,142210,KR7142210004,유니트론텍,KOSDAQ,우량기업부,5150,2,-110,-2.09,5260,5260,5090,112140,575867065,106869725450,20751403,KSQ
816,317830,KR7317830008,에스피시스템스,KOSDAQ,벤처기업부,9910,2,-200,-1.98,10170,10170,9770,40031,396219345,106768536380,10773818,KSQ
817,330730,KR7330730003,스톤브릿지벤처스,KOSDAQ,중견기업부,5860,2,-190,-3.14,6050,6050,5810,58661,344554255,106756483800,18217830,KSQ
818,038460,KR7038460002,바이오스마트,KOSDAQ,우량기업부,4070,2,-160,-3.78,4215,4215,4045,134320,550989790,106489262660,26164438,KSQ
819,030960,KR7030960009,양지사,KOSDAQ,중견기업부,6660,1,20,0.3,6660,6700,6590,7814,51831720,106426800000,15980000,KSQ
820,205470,KR7205470008,휴마시스,KOSDAQ,우량기업부,819,2,-3,-0.36,825,839,800,638389,522619820,105958132371,129375009,KSQ
821,047820,KR7047820006,초록뱀미디어,KOSDAQ,중견기업부,4330,2,-30,-0.69,4335,4405,4280,17528,75643945,105885516900,24453930,KSQ
822,412350,KR7412350001,레이저쎌,KOSDAQ,기술성장기업부,7920,2,-650,-7.58,8570,8570,7810,746728,5971051955,105651382320,13339821,KSQ
823,101330,KR7101330009,모베이스,KOSDAQ,중견기업부,4545,2,-170,-3.61,4705,4705,4535,86209,395546795,105203246805,23147029,KSQ
824,308080,KR7308080001,바이젠셀,KOSDAQ,기술성장기업부,5120,2,-130,-2.48,5200,5360,5070,88881,461318105,104956211200,20499260,KSQ
825,081180,KR7081180002,쎄크,KOSDAQ,기술성장기업부,11880,2,-330,-2.7,12210,12250,11860,30910,372487585,104847355800,8825535,KSQ
826,303810,KR7303810006,동국생명과학,KOSDAQ,중견기업부,3270,2,-40,-1.21,3305,3340,3265,109342,359589958,104588137800,31984140,KSQ
827,396300,KR7396300006,세아메카닉스,KOSDAQ,우량기업부,3940,2,-70,-1.75,4010,4010,3850,230452,903731270,104368630000,26489500,KSQ
828,187790,KR7187790001,나노,KOSDAQ,벤처기업부,3365,2,-195,-5.48,3570,3665,3345,178990,611307373,103779392950,30840830,KSQ
829,348150,KR7348150004,고바이오랩,KOSDAQ,기술성장기업부,5340,2,-70,-1.29,5480,5480,5310,86474,465223690,103696867260,19418889,KSQ
830,362320,KR7362320004,청담글로벌,KOSDAQ,중견기업부,4900,2,-35,-0.71,4930,5070,4880,58480,289587635,103641321000,21151290,KSQ
831,011370,KR7011370004,서한,KOSDAQ,우량기업부,1026,2,-28,-2.66,1056,1056,1021,212096,218561689,103518131490,100894865,KSQ
832,091120,KR7091120006,이엠텍,KOSDAQ,중견기업부,6040,2,-190,-3.05,6230,6290,6020,46829,286037235,103482933440,17132936,KSQ
833,117670,KR7117670000,알파칩스,KOSDAQ,중견기업부,15500,1,130,0.85,15370,17000,15250,11372,181611520,103257001000,6661742,KSQ
834,078890,KR7078890001,가온그룹,KOSDAQ,중견기업부,5590,2,-170,-2.95,5740,5740,5550,64893,364247800,102995431370,18424943,KSQ
835,950190,KR8344390008,고스트스튜디오,KOSDAQ,외국기업(소속부없음),7900,2,-170,-2.11,8070,8120,7880,12299,97775520,102834766100,13017059,KSQ
836,124560,KR7124560004,태웅로직스,KOSDAQ,우량기업부,2655,2,-30,-1.12,2685,2685,2635,54482,144527444,102803753205,38720811,KSQ
837,370090,KR7370090003,퓨런티어,KOSDAQ,기술성장기업부,12000,2,-400,-3.23,12600,12600,11990,33075,401493710,102681960000,8556830,KSQ
838,377480,KR7377480009,마음AI,KOSDAQ,기술성장기업부,14420,2,-270,-1.84,14700,14860,14360,32310,468871530,102530165500,7110275,KSQ
839,001540,KR7001540004,안국약품,KOSDAQ,우량기업부,7850,3,0,0.0,7860,7870,7790,8204,64178245,102382997000,13042420,KSQ
840,137950,KR7137950002,제이씨케미칼,KOSDAQ,우량기업부,4595,1,85,1.88,4675,4890,4560,1435329,6698225054,102320605330,22267814,KSQ
841,448710,KR7448710004,코츠테크놀로지,KOSDAQ,벤처기업부,19310,1,120,0.63,19320,20300,19050,162003,3185965625,102058988520,5285292,KSQ
842,460940,KR7460940000,피앤에스로보틱스,KOSDAQ,기술성장기업부,7680,2,-190,-2.41,7870,7870,7610,32844,253425770,101802086400,13255480,KSQ
843,105740,KR7105740005,디케이락,KOSDAQ,우량기업부,10000,3,0,0.0,10000,10340,9770,268819,2711442355,101685130000,10168513,KSQ
844,311690,KR7311690002,CJ 바이오사이언스,KOSDAQ,기술성장기업부,7780,2,-200,-2.51,8050,8050,7770,33726,264341880,101649294360,13065462,KSQ
845,004650,KR7004650008,창해에탄올,KOSDAQ,중견기업부,11050,1,590,5.64,10780,11900,10670,4068780,46104613860,101559279250,9190885,KSQ
846,006140,KR7006140008,피제이전자,KOSDAQ,우량기업부,6770,1,170,2.58,6630,6780,6510,86210,575512530,101550000000,15000000,KSQ
847,039610,KR7039610001,화성밸브,KOSDAQ,우량기업부,9740,1,320,3.4,8890,10980,8680,9390845,95794038775,101397296000,10410400,KSQ
848,228670,KR7228670006,레이,KOSDAQ,벤처기업부,6490,4,1495,29.93,5080,6490,5080,2800766,17361481245,101257304500,15602050,KSQ
849,054670,KR7054670005,대한뉴팜,KOSDAQ,우량기업부,7040,2,-30,-0.42,7070,7180,7010,48557,344649640,101058636800,14354920,KSQ
850,009300,KR7009300005,삼아제약,KOSDAQ,우량기업부,15780,2,-40,-0.25,15800,15910,15670,814,12804810,100518600000,6370000,KSQ
851,024880,KR7024880007,케이피에프,KOSDAQ,우량기업부,4970,2,-150,-2.93,5060,5100,4965,76635,383260110,100208887380,20162754,KSQ
852,120240,KR7120240007,대정화금,KOSDAQ,우량기업부,13890,2,-50,-0.36,13830,13980,13770,7440,103094410,99874530990,7190391,KSQ
853,0010F0,KR70010F0005,보원케미칼,KOSDAQ,벤처기업부,8950,2,-700,-7.25,9970,10270,8910,2382143,22837866345,99735228950,11143601,KSQ
854,172670,KR7172670002,에이엘티,KOSDAQ,벤처기업부,11110,2,-560,-4.8,11660,11670,11110,29712,336777350,99548477490,8960259,KSQ
855,357230,KR7357230002,에이치피오,KOSDAQ,우량기업부,2410,1,25,1.05,2420,2425,2385,23977,57617240,99517277160,41293476,KSQ
856,039830,KR7039830005,오로라,KOSDAQ,우량기업부,9240,2,-90,-0.96,9330,9410,9110,31981,295219035,99449103600,10762890,KSQ
857,246720,KR7246720007,아스타,KOSDAQ,관리종목(소속부없음),6070,0,0,0.0,0,0,0,0,0,99434491000,16381300,KSQ
858,277880,KR7277880001,티에스아이,KOSDAQ,우량기업부,5010,2,-40,-0.79,4985,5070,4975,52527,263244029,99414492120,19843212,KSQ
859,228850,KR7228850004,레이언스,KOSDAQ,우량기업부,5980,2,-100,-1.64,6080,6110,5950,5921,35545580,99214263720,16591014,KSQ
860,205500,KR7205500002,넥써쓰,KOSDAQ,중견기업부,1540,1,2,0.13,1550,1561,1530,44507,68657940,98732632460,64112099,KSQ
861,382150,KR7382150001,온코크로스,KOSDAQ,기술성장기업부,8080,1,570,7.59,7510,8530,7370,1431659,11679210870,98543332560,12195957,KSQ
862,299170,KR7299170001,더블유에스아이,KOSDAQ,중견기업부,2370,2,-85,-3.46,2460,2460,2360,252609,605538576,98381752560,41511288,KSQ
863,452190,KR7452190002,한빛레이저,KOSDAQ,벤처기업부,4110,2,-135,-3.18,4265,4265,4075,51227,212217800,98313489270,23920557,KSQ
864,175140,KR7175140003,휴먼테크놀로지,KOSDAQ,투자주의환기종목(소속부없음),3940,1,10,0.25,3920,3995,3895,57893,227513250,98280356820,24944253,KSQ
865,191420,KR7191420009,테고사이언스,KOSDAQ,벤처기업부,12120,1,10,0.08,12110,12310,11960,1111,13383610,98279068080,8108834,KSQ
866,066590,KR7066590001,스모트로닉,KOSDAQ,중견기업부,2540,2,-65,-2.5,2600,2600,2500,55547,140847130,98241959980,38677937,KSQ
867,352090,KR7352090005,스톰테크,KOSDAQ,중견기업부,3645,2,-5,-0.14,3655,3655,3610,37935,137501525,97952077710,26872998,KSQ
868,348350,KR7348350000,위드텍,KOSDAQ,우량기업부,9810,2,-330,-3.25,10140,10140,9740,26222,259682600,97890066000,9978600,KSQ
869,294630,KR7294630009,서남,KOSDAQ,기술성장기업부,3705,2,-190,-4.88,3895,3895,3700,297580,1113658444,97687211895,26366319,KSQ
870,315640,KR7315640003,딥노이드,KOSDAQ,기술성장기업부,3320,2,-20,-0.6,3340,3400,3300,73387,245230735,97515810240,29372232,KSQ
871,066790,KR7066790007,씨씨에스,KOSDAQ,관리종목(소속부없음),1493,0,0,0.0,0,0,0,0,0,97271994227,65152039,KSQ
872,083790,KR7083790006,CG인바이츠,KOSDAQ,벤처기업부,1265,2,-44,-3.36,1280,1309,1241,279420,353302870,97271140230,76894182,KSQ
873,033130,KR7033130006,디지틀조선,KOSDAQ,중견기업부,2620,1,20,0.77,2600,2665,2540,90420,237344820,97241999540,37115267,KSQ
874,019550,KR7019550003,SBI인베스트먼트,KOSDAQ,벤처기업부,600,2,-25,-4.0,625,625,598,503316,304725060,97239945000,162066575,KSQ
875,173130,KR7173130006,오파스넷,KOSDAQ,우량기업부,7430,2,-20,-0.27,7460,7500,7300,45487,336166205,96935294390,13046473,KSQ
876,443250,KR7443250006,레뷰코퍼레이션,KOSDAQ,벤처기업부,8700,2,-150,-1.69,8950,8950,8550,4235,36871970,96898512000,11137760,KSQ
877,058630,KR7058630005,엠게임,KOSDAQ,우량기업부,5040,2,-50,-0.98,5080,5080,4985,22692,113622165,96780972960,19202574,KSQ
878,040910,KR7040910002,아이씨디,KOSDAQ,중견기업부,5210,2,-90,-1.7,5300,5310,5130,20085,104593130,96771972750,18574275,KSQ
879,035610,KR7035610005,솔본,KOSDAQ,투자주의환기종목(소속부없음),3535,1,40,1.14,3500,3540,3475,15853,55723520,96668099395,27345997,KSQ
880,068240,KR7068240001,다원시스,KOSDAQ,관리종목(소속부없음),2530,0,0,0.0,0,0,0,0,0,96553495610,38163437,KSQ
881,012700,KR7012700001,리드코프,KOSDAQ,우량기업부,3685,1,5,0.14,3680,3690,3645,48664,178297303,96528029620,26194852,KSQ
882,042510,KR7042510008,라온시큐어,KOSDAQ,벤처기업부,8600,2,-120,-1.38,8720,8820,8570,24614,213302655,96364496400,11205174,KSQ
883,058400,KR7058400003,KNN,KOSDAQ,우량기업부,727,1,5,0.69,727,743,719,311557,226285949,96276406440,132429720,KSQ
884,041930,KR7041930009,동아화성,KOSDAQ,우량기업부,6090,2,-70,-1.14,6100,6130,6020,22234,135173340,96222000000,15800000,KSQ
885,043610,KR7043610005,KT지니뮤직,KOSDAQ,우량기업부,1650,2,-15,-0.9,1665,1669,1647,117128,193372321,95890472700,58115438,KSQ
886,163730,KR7163730005,핑거,KOSDAQ,벤처기업부,10190,1,90,0.89,10100,10270,9850,69173,702356175,95852927920,9406568,KSQ
887,201490,KR7201490000,미투온,KOSDAQ,중견기업부,2940,2,-45,-1.51,2980,2985,2885,275442,805921783,95825801400,32593810,KSQ
888,382480,KR7382480002,지아이텍,KOSDAQ,벤처기업부,2430,1,30,1.25,2410,2470,2375,326425,792622086,95637850200,39357140,KSQ
889,091440,KR7091440008,한울소재과학,KOSDAQ,투자주의환기종목(소속부없음),3025,2,-115,-3.66,3180,3200,3010,84780,262323770,95533399225,31581289,KSQ
890,451220,KR7451220008,아이엠티,KOSDAQ,기술성장기업부,12020,2,-660,-5.21,12490,12630,11710,116604,1421014705,94652824220,7874611,KSQ
891,265560,KR7265560003,영화테크,KOSDAQ,우량기업부,8810,1,120,1.38,8690,8900,8590,49708,434891960,94180485800,10690180,KSQ
892,413390,KR7413390006,엠오티,KOSDAQ,중견기업부,8130,2,-200,-2.4,8330,8390,8130,42497,349700420,94146863400,11580180,KSQ
893,060570,KR7060570009,드림어스컴퍼니,KOSDAQ,중견기업부,1270,2,-17,-1.32,1287,1305,1262,28494,36493684,94108997710,74101573,KSQ
894,082850,KR7082850009,우리바이오,KOSDAQ,벤처기업부,1935,1,45,2.38,1890,1949,1875,172665,330970148,93763478430,48456578,KSQ
895,056360,KR7056360001,코위버,KOSDAQ,벤처기업부,9550,1,450,4.95,10390,11420,9110,3790612,37889302370,93559440000,9796800,KSQ
896,093920,KR7093920007,서원인텍,KOSDAQ,우량기업부,5030,2,-70,-1.37,5100,5100,5010,5468,27558705,93558000000,18600000,KSQ
897,214270,KR7214270001,FSN,KOSDAQ,중견기업부,2135,2,-70,-3.17,2200,2215,2115,214389,462526820,93280197465,43690959,KSQ
898,033320,KR7033320003,제이씨현시스템,KOSDAQ,벤처기업부,4830,1,30,0.63,4780,4860,4750,132140,635346454,92322706560,19114432,KSQ
899,040420,KR7040420002,정상제이엘에스,KOSDAQ,우량기업부,5880,1,10,0.17,5860,5940,5840,22305,130822480,92184005760,15677552,KSQ
900,411080,KR7411080005,샌즈랩,KOSDAQ,기술성장기업부,6030,2,-90,-1.47,6120,6190,5970,12102,72814860,92063857140,15267638,KSQ
901,461030,KR7461030009,아이엠비디엑스,KOSDAQ,기술성장기업부,6400,2,-60,-0.93,6390,6540,6330,15708,100089215,91740908800,14334517,KSQ
902,234300,KR7234300002,에스트래픽,KOSDAQ,우량기업부,3370,1,30,0.9,3315,3400,3300,68413,229936745,91690218600,27207780,KSQ
903,084730,KR7084730001,팅크웨어,KOSDAQ,우량기업부,8250,2,-140,-1.67,8490,8490,8170,6380,52872185,91652748000,11109424,KSQ
904,110790,KR7110790003,크리스에프앤씨,KOSDAQ,우량기업부,3910,2,-80,-2.01,3980,3980,3895,3032,11856315,91615053600,23430960,KSQ
905,007820,KR7007820004,에스엠코어,KOSDAQ,벤처기업부,4570,2,-220,-4.59,4790,4790,4550,101751,470813478,91555133220,20033946,KSQ
906,311320,KR7311320006,지오엘리먼트,KOSDAQ,기술성장기업부,7250,2,-80,-1.09,7330,7350,7200,20051,145587025,91455560000,12614560,KSQ
907,041910,KR7041910001,폴라리스AI파마,KOSDAQ,중견기업부,6770,2,-240,-3.42,7010,7050,6740,113892,784069405,91405879390,13501607,KSQ
908,302550,KR7302550009,리메드,KOSDAQ,기술성장기업부,2900,2,-135,-4.45,3010,3310,2865,741418,2271416994,91337031200,31495528,KSQ
909,048910,KR7048910004,대원미디어,KOSDAQ,우량기업부,7200,2,-150,-2.04,7360,7370,7170,43109,311972940,90568411200,12578946,KSQ
910,024830,KR7024830002,세원물산,KOSDAQ,우량기업부,10820,2,-220,-1.99,11030,11030,10820,2265,24658700,90347000000,8350000,KSQ
911,217330,KR7217330000,싸이토젠,KOSDAQ,기술성장기업부,3905,2,-135,-3.34,4040,4190,3865,136932,546568755,90320881035,23129547,KSQ
912,323350,KR7323350009,다원넥스뷰,KOSDAQ,기술성장기업부,11270,2,-160,-1.4,11430,11810,11000,97033,1102265290,90281400440,8010772,KSQ
913,084650,KR7084650001,랩지노믹스,KOSDAQ,우량기업부,1215,2,-26,-2.1,1241,1242,1209,327611,399688396,90201587850,74239990,KSQ
914,032850,KR7032850000,비트컴퓨터,KOSDAQ,벤처기업부,5420,2,-10,-0.18,5460,5690,5310,787445,4328252160,90098248060,16623293,KSQ
915,042500,KR7042500009,링네트,KOSDAQ,우량기업부,4040,2,-5,-0.12,4040,4170,4000,196477,796464405,90056221760,22291144,KSQ
916,126880,KR7126880004,제이엔케이글로벌,KOSDAQ,우량기업부,3880,2,-95,-2.39,3895,3930,3835,122421,474229567,90035023640,23204903,KSQ
917,036090,KR7036090009,위지트,KOSDAQ,중견기업부,760,1,136,21.79,624,811,624,67096649,51416955681,89978135840,118392284,KSQ
918,067570,KR7067570002,엔브이에이치코리아,KOSDAQ,우량기업부,2130,2,-45,-2.07,2175,2175,2115,54056,115327076,89822100000,42170000,KSQ
919,109080,KR7109080002,옵티시스,KOSDAQ,벤처기업부,15890,2,-110,-0.69,16130,16970,15530,586510,9519303865,89556040000,5636000,KSQ
920,419050,KR7419050000,삼기에너지솔루션즈,KOSDAQ,우량기업부,1565,2,-17,-1.07,1581,1605,1555,39846,62655993,89512115600,57196240,KSQ
921,019540,KR7019540004,일지테크,KOSDAQ,우량기업부,6620,2,-220,-3.22,6870,6900,6580,120386,808275770,89459370000,13513500,KSQ
922,458350,KR7458350006,에스팀,KOSDAQ,중견기업부,10290,1,1380,15.49,8800,10490,8600,1144794,11261588165,89350128000,8683200,KSQ
923,203690,KR7203690003,아크솔루션스,KOSDAQ,관리종목(소속부없음),4425,0,0,0.0,0,0,0,0,0,89196141000,20157320,KSQ
924,241690,KR7241690007,유니테크노,KOSDAQ,우량기업부,3640,1,20,0.55,3620,3670,3550,48322,175223165,89073369840,24470706,KSQ
925,212560,KR7212560007,네오오토,KOSDAQ,우량기업부,7530,2,-270,-3.46,7790,7790,7480,37153,281339850,88946174730,11812241,KSQ
926,016250,KR7016250003,SGC E&C,KOSDAQ,중견기업부,17650,2,-130,-0.73,17540,18380,17120,37041,663042040,88902802900,5036986,KSQ
927,014950,KR7014950000,삼익제약,KOSDAQ,벤처기업부,9640,2,-180,-1.83,9820,9910,9600,19939,194516885,88653421320,9196413,KSQ
928,347890,KR7347890006,엠투아이,KOSDAQ,벤처기업부,5220,2,-60,-1.14,5340,5340,5200,8967,47156640,88547924880,16963204,KSQ
929,104040,KR7104040001,대성파인텍,KOSDAQ,벤처기업부,660,2,-24,-3.51,684,684,660,112591,75640711,88484765160,134067826,KSQ
930,065510,KR7065510000,휴비츠,KOSDAQ,우량기업부,7700,2,-50,-0.65,7750,7760,7650,17306,133115680,88441145100,11485863,KSQ
931,463480,KR7463480004,모티브링크,KOSDAQ,중견기업부,7130,2,-140,-1.93,7220,7360,7050,44500,318418640,88343252540,12390358,KSQ
932,105550,KR7105550008,엣지파운드리,KOSDAQ,중견기업부,1128,2,-57,-4.81,1175,1190,1125,280970,321351035,88330353528,78307051,KSQ
933,131400,KR7131400004,이브이첨단소재,KOSDAQ,벤처기업부,1480,2,-34,-2.25,1513,1514,1471,288033,428028063,88195985360,59591882,KSQ
934,060590,KR7060590007,씨티씨바이오,KOSDAQ,중견기업부,3640,2,-70,-1.89,3730,3750,3620,29301,107298715,88018912800,24181020,KSQ
935,044340,KR7044340008,위닉스,KOSDAQ,중견기업부,4915,1,15,0.31,4860,4925,4860,10553,51548690,87847883875,17873425,KSQ
936,290660,KR7290660000,네오펙트,KOSDAQ,기술성장기업부,1127,2,-61,-5.13,1188,1188,1100,1679394,1876749561,87746960014,77858882,KSQ
937,373200,KR7373200005,엑스플러스,KOSDAQ,벤처기업부,779,1,81,11.6,698,789,666,989254,746714284,87622374157,112480583,KSQ
938,130580,KR7130580004,나이스디앤비,KOSDAQ,우량기업부,5680,2,-30,-0.53,5700,5750,5650,4239,24202110,87472000000,15400000,KSQ
939,072020,KR7072020001,중앙백신,KOSDAQ,벤처기업부,9230,1,100,1.1,9130,9240,9110,7167,65779380,87303681010,9458687,KSQ
940,095270,KR7095270005,웨이브일렉트로,KOSDAQ,벤처기업부,6070,1,550,9.96,5530,6150,5350,376518,2208167545,87240504420,14372406,KSQ
941,261780,KR7261780001,차백신연구소,KOSDAQ,기술성장기업부,3235,2,-140,-4.15,3330,3335,3205,537057,1745703935,86909070810,26865246,KSQ
942,290670,KR7290670009,대보마그네틱,KOSDAQ,중견기업부,11060,1,30,0.27,11030,11280,10970,9321,103897230,86905719600,7857660,KSQ
943,053280,KR7053280004,예스24,KOSDAQ,중견기업부,3450,3,0,0.0,3450,3450,3430,10645,36603273,86250000000,25000000,KSQ
944,048430,KR7048430003,유라테크,KOSDAQ,우량기업부,7440,2,-100,-1.33,7540,7600,7390,14689,109308720,85708800000,11520000,KSQ
945,102370,KR7102370004,케이옥션,KOSDAQ,기술성장기업부,3145,2,-60,-1.87,3200,3200,3130,21426,67379035,85635865450,27229210,KSQ
946,089230,KR7089230007,THE E&M,KOSDAQ,중견기업부,2490,1,315,14.48,2175,2580,2130,2904506,7009713360,85536046740,34351826,KSQ
947,453860,KR7453860009,에이에스텍,KOSDAQ,벤처기업부,13230,1,180,1.38,12910,13400,12910,18938,248697880,85259716290,6444423,KSQ
948,128660,KR7128660008,피제이메탈,KOSDAQ,중견기업부,3435,2,-15,-0.43,3445,3570,3325,335506,1166610006,85199572515,24803369,KSQ
949,019990,KR7019990001,에너토크,KOSDAQ,중견기업부,8720,2,-110,-1.25,8830,9320,8500,210175,1853310150,85073087360,9756088,KSQ
950,088280,KR7088280003,쏘닉스,KOSDAQ,기술성장기업부,4910,1,170,3.59,4740,5030,4410,2074917,9866961162,84974865900,17306490,KSQ
951,214260,KR7214260002,라파스,KOSDAQ,기술성장기업부,9520,2,-270,-2.76,9780,9810,9520,12721,122550870,84941847760,8922463,KSQ
952,071670,KR7071670004,에이테크솔루션,KOSDAQ,중견기업부,8470,2,-210,-2.42,8680,8680,8350,22952,193845995,84700000000,10000000,KSQ
953,451250,KR7451250005,삐아,KOSDAQ,벤처기업부,8270,1,40,0.49,8230,8360,8220,12139,100603390,84568002790,10225877,KSQ
954,054040,KR7054040001,한국컴퓨터,KOSDAQ,우량기업부,5260,2,-40,-0.75,5300,5300,5210,23713,124422580,84534985400,16071290,KSQ
955,251630,KR7251630000,브이원텍,KOSDAQ,벤처기업부,5290,2,-130,-2.4,5420,5420,5270,13203,70303580,84337866940,15942886,KSQ
956,261520,KR7261520001,이지스,KOSDAQ,기술성장기업부,8180,1,110,1.36,8010,8290,7910,29641,240563330,84072404000,10277800,KSQ
957,170030,KR7170030001,현대공업,KOSDAQ,우량기업부,5480,2,-50,-0.9,5540,5540,5410,18348,100444530,84063200000,15340000,KSQ
958,263600,KR7263600009,덕우전자,KOSDAQ,중견기업부,5270,2,-70,-1.31,5340,5340,5200,18769,98348865,83952733700,15930310,KSQ
959,049180,KR7049180003,셀루메드,KOSDAQ,투자주의환기종목(소속부없음),1009,0,0,0.0,0,0,0,0,0,83948814126,83200014,KSQ
960,183490,KR7183490002,엔지켐생명과학,KOSDAQ,관리종목(소속부없음),990,0,0,0.0,0,0,0,0,0,83793832650,84640235,KSQ
961,024840,KR7024840001,KBI메탈,KOSDAQ,중견기업부,2400,2,-90,-3.61,2510,2510,2380,1059220,2569414914,83782077600,34909199,KSQ
962,207760,KR7207760000,미스터블루,KOSDAQ,중견기업부,1007,3,0,0.0,1026,1055,1002,203347,207934841,83661341481,83079783,KSQ
963,025550,KR7025550005,한국선재,KOSDAQ,우량기업부,3275,2,-15,-0.46,3300,3300,3210,51955,168672170,83558363100,25514004,KSQ
964,037440,KR7037440005,희림,KOSDAQ,우량기업부,6000,1,560,10.29,5540,6880,5480,18617923,116174808935,83534850000,13922475,KSQ
965,081150,KR7081150005,티플랙스,KOSDAQ,우량기업부,3440,1,10,0.29,3425,3485,3355,230099,784327085,83483302880,24268402,KSQ
966,036640,KR7036640001,HRS,KOSDAQ,우량기업부,5100,1,10,0.2,5090,5130,5050,64791,330687810,83409480000,16354800,KSQ
967,052860,KR7052860004,아이앤씨,KOSDAQ,벤처기업부,4665,2,-110,-2.3,4870,4870,4550,69878,323655854,83330213910,17862854,KSQ
968,046940,KR7046940003,우원개발,KOSDAQ,벤처기업부,4595,2,-100,-2.13,4670,4695,4515,129181,594441954,83051638250,18074350,KSQ
969,216050,KR7216050005,인크로스,KOSDAQ,중견기업부,6450,2,-20,-0.31,6540,6540,6430,13412,86422610,82838781900,12843222,KSQ
970,094840,KR7094840006,슈프리마에이치큐,KOSDAQ,벤처기업부,8010,2,-120,-1.48,8190,8190,7930,9220,73727650,82740897000,10329700,KSQ
971,099220,KR7099220006,SDN,KOSDAQ,중견기업부,1271,2,-19,-1.47,1328,1328,1263,781532,998372467,82544268850,64944350,KSQ
972,478560,KR7478560006,블랙야크아이앤씨,KOSDAQ,벤처기업부,3195,2,-35,-1.08,3200,3230,3165,19249,61379683,82527802110,25830298,KSQ
973,222040,KR7222040008,코스맥스엔비티,KOSDAQ,중견기업부,3995,1,90,2.3,3900,4090,3895,34089,134695825,82408860000,20628000,KSQ
974,002800,KR7002800001,신신제약,KOSDAQ,중견기업부,5430,2,-120,-2.16,5550,5550,5400,40347,220830850,82375815000,15170500,KSQ
975,033230,KR7033230004,인성정보,KOSDAQ,중견기업부,1627,2,-20,-1.21,1647,1647,1616,132172,215303142,82188523260,50515380,KSQ
976,111710,KR7111710000,남화산업,KOSDAQ,중견기업부,3990,1,45,1.14,3990,3990,3925,1817,7190865,82146120000,20588000,KSQ
977,159010,KR7159010008,아스플로,KOSDAQ,벤처기업부,6160,2,-120,-1.91,6270,6270,6010,74514,455939720,82141992240,13334739,KSQ
978,360350,KR7360350003,코셈,KOSDAQ,기술성장기업부,14330,2,-280,-1.92,14980,14980,14180,90770,1308854910,82081810100,5727970,KSQ
979,175250,KR7175250000,아이큐어,KOSDAQ,관리종목(소속부없음),2170,0,0,0.0,0,0,0,0,0,81501658560,37558368,KSQ
980,950220,KR8840140006,네오이뮨텍,KOSDAQ,기술성장기업부,486,1,12,2.53,474,505,471,1211713,593021039,81472264830,167638405,KSQ
981,217500,KR7217500008,러셀,KOSDAQ,벤처기업부,2555,2,-105,-3.95,2660,2660,2540,165802,426186080,81279660000,31812000,KSQ
982,208140,KR7208140004,정다운,KOSDAQ,우량기업부,2485,1,15,0.61,2470,2490,2460,27750,68650152,81220351310,32684246,KSQ
983,412540,KR7412540007,제일엠앤에스,KOSDAQ,관리종목(소속부없음),3935,0,0,0.0,0,0,0,0,0,81063616775,20600665,KSQ
984,273640,KR7273640003,와이엠텍,KOSDAQ,벤처기업부,7390,3,0,0.0,7390,7400,7290,6743,49435770,81038740000,10966000,KSQ
985,020710,KR7020710000,시공테크,KOSDAQ,우량기업부,4035,2,-35,-0.86,4070,4070,3995,64830,260736570,80893558950,20047970,KSQ
986,347000,KR7347000002,센코,KOSDAQ,기술성장기업부,2130,2,-50,-2.29,2180,2180,2085,56604,120080815,80537101980,37810846,KSQ
987,376930,KR7376930004,노을,KOSDAQ,기술성장기업부,1570,2,-13,-0.82,1590,1597,1552,214543,335857407,80527377110,51291323,KSQ
988,053050,KR7053050001,지에스이,KOSDAQ,우량기업부,2680,1,60,2.29,2660,2710,2615,690747,1830334329,80366759960,29987597,KSQ
989,340360,KR7340360007,다보링크,KOSDAQ,투자주의환기종목(소속부없음),1575,2,-13,-0.82,1588,1617,1556,290372,457164933,80345331675,51012909,KSQ
990,064800,KR7064800006,포니링크,KOSDAQ,중견기업부,628,1,10,1.62,625,650,611,482540,303875943,80262983144,127807298,KSQ
991,142280,KR7142280007,녹십자엠에스,KOSDAQ,중견기업부,3685,1,15,0.41,3670,3705,3660,14979,55048355,80118997310,21741926,KSQ
992,317850,KR7317850006,대모,KOSDAQ,벤처기업부,9600,2,-70,-0.72,9200,10260,9010,1968527,19248888270,79914432000,8324420,KSQ
993,076610,KR7076610005,해성옵틱스,KOSDAQ,벤처기업부,1501,3,0,0.0,1501,1605,1476,2289468,3488386628,79816335440,53175440,KSQ
994,027830,KR7027830009,대성창투,KOSDAQ,벤처기업부,1475,2,-20,-1.34,1495,1505,1466,53091,78419550,79650000000,54000000,KSQ
995,222160,KR7222160004,NPX,KOSDAQ,관리종목(소속부없음),8040,0,0,0.0,0,0,0,0,0,79551289560,9894439,KSQ
996,061250,KR7061250007,화일약품,KOSDAQ,중견기업부,943,0,0,0.0,0,0,0,0,0,79377823721,84175847,KSQ
997,391710,KR7391710001,코닉오토메이션,KOSDAQ,벤처기업부,1860,2,-24,-1.27,1884,1923,1832,60817,113179691,79274074200,42620470,KSQ
998,378800,KR7378800007,샤페론,KOSDAQ,기술성장기업부,1711,2,-4,-0.23,1695,1733,1660,422025,716705816,79121826041,46243031,KSQ
999,204840,KR7204840003,지엘팜텍,KOSDAQ,기술성장기업부,1019,2,-8,-0.78,1037,1037,1010,88406,89789623,79022437114,77549006,KSQ
1000,042940,KR7042940007,상지건설,KOSDAQ,중견기업부,11550,1,1260,12.24,9800,12980,9540,6565168,77061591320,78871623600,6828712,KSQ
1001,187420,KR7187420005,HLB제넥스,KOSDAQ,기술성장기업부,2680,1,70,2.68,2665,2695,2630,39485,105267795,78722877440,29374208,KSQ
1002,037760,KR7037760006,쎄니트,KOSDAQ,우량기업부,2325,1,5,0.22,2325,2335,2280,28047,64901445,78661541325,33832921,KSQ
1003,045660,KR7045660008,에이텍,KOSDAQ,벤처기업부,9500,2,-80,-0.84,9550,9590,9460,15120,143860000,78470000000,8260000,KSQ
1004,054930,KR7054930003,유신,KOSDAQ,우량기업부,26050,2,-1800,-6.46,26450,26700,25650,160622,4202066325,78150000000,3000000,KSQ
1005,052900,KR7052900008,KX하이텍,KOSDAQ,우량기업부,1123,2,-17,-1.49,1133,1134,1102,183810,205025852,78027423536,69481232,KSQ
1006,452400,KR7452400005,이닉스,KOSDAQ,벤처기업부,8600,2,-100,-1.15,8620,8700,8480,7343,62940040,78014280800,9071428,KSQ
1007,094940,KR7094940004,푸른기술,KOSDAQ,벤처기업부,9300,2,-400,-4.12,9710,9710,9250,64070,602185580,77760889800,8361386,KSQ
1008,038680,KR7038680005,에스넷,KOSDAQ,우량기업부,3900,2,-140,-3.47,3980,4055,3885,405605,1605873100,77659303800,19912642,KSQ
1009,052220,KR7052220001,iMBC,KOSDAQ,중견기업부,3375,1,360,11.94,3015,3620,2950,4076837,13719978419,77625000000,23000000,KSQ
1010,136410,KR7136410008,아셈스,KOSDAQ,벤처기업부,7030,2,-200,-2.77,7300,7300,7000,7413,52501250,77464315180,11019106,KSQ
1011,215360,KR7215360009,우리산업,KOSDAQ,우량기업부,8440,2,-80,-0.94,8520,8620,8330,34813,293844900,77075455720,9132163,KSQ
1012,017650,KR7017650003,대림제지,KOSDAQ,우량기업부,8770,2,-20,-0.23,8780,8830,8710,1314,11487610,77044450000,8785000,KSQ
1013,163280,KR7163280001,에어레인,KOSDAQ,기술성장기업부,5640,2,-110,-1.91,5700,5740,5630,56494,321070890,76721359920,13603078,KSQ
1014,014470,KR7014470009,부방,KOSDAQ,중견기업부,1276,2,-20,-1.54,1296,1296,1273,78212,99968964,76626683760,60052260,KSQ
1015,192250,KR7192250009,케이사인,KOSDAQ,벤처기업부,10840,1,320,3.04,10520,10880,10450,34843,372006525,76607635000,7067125,KSQ
1016,294140,KR7294140009,레몬,KOSDAQ,관리종목(소속부없음),3405,1,55,1.64,3345,3450,3275,31473,105482465,76322455290,22414818,KSQ
1017,417790,KR7417790003,트루엔,KOSDAQ,벤처기업부,7280,1,10,0.14,7310,7310,7210,7046,51139240,76209886480,10468391,KSQ
1018,041460,KR7041460007,한국전자인증,KOSDAQ,중견기업부,4010,2,-65,-1.6,4065,4065,3980,51573,206748617,76190000000,19000000,KSQ
1019,317870,KR7317870004,엔바이오니아,KOSDAQ,기술성장기업부,8600,2,-70,-0.81,8930,8930,8520,5653,49024410,76040297000,8841895,KSQ
1020,253840,KR7253840003,수젠텍,KOSDAQ,벤처기업부,4540,2,-10,-0.22,4565,4595,4500,25224,114097932,76014128000,16743200,KSQ
1021,089850,KR7089850002,유비벨록스,KOSDAQ,우량기업부,5160,2,-20,-0.39,5170,5190,5100,13352,68441750,76007826840,14730199,KSQ
1022,039240,KR7039240007,경남스틸,KOSDAQ,우량기업부,2815,2,-5,-0.18,2820,3195,2755,3434523,10181049657,75947585260,26979604,KSQ
1023,900260,HK0000295359,로스웰,KOSDAQ,외국기업(소속부없음),1647,1,5,0.3,1642,1664,1641,10456,17222582,75810925782,46029706,KSQ
1024,475430,KR7475430005,키스트론,KOSDAQ,중견기업부,4240,2,-75,-1.74,4335,4335,4215,15261,64780276,75675986400,17848110,KSQ
1025,459100,KR7459100004,위츠,KOSDAQ,중견기업부,5660,2,-140,-2.41,5800,5820,5660,14000,79889360,75645900000,13365000,KSQ
1026,004590,KR7004590006,한국가구,KOSDAQ,중견기업부,5040,1,30,0.6,5010,5050,4965,24806,124308335,75600000000,15000000,KSQ
1027,053450,KR7053450003,세코닉스,KOSDAQ,우량기업부,5110,2,-80,-1.54,5140,5160,5090,36023,184571930,75591223330,14792803,KSQ
1028,900250,KYG2115T1076,크리스탈신소재,KOSDAQ,외국기업(소속부없음),527,1,11,2.13,516,545,510,745388,393362319,75498022108,143260004,KSQ
1029,408900,KR7408900009,스튜디오미르,KOSDAQ,중견기업부,2305,2,-15,-0.65,2320,2350,2290,35809,83334460,75495501345,32752929,KSQ
1030,039010,KR7039010004,현대에이치티,KOSDAQ,우량기업부,8750,2,-100,-1.13,8790,8950,8580,14462,128016170,75468750000,8625000,KSQ
1031,331380,KR7331380006,포커스에이아이,KOSDAQ,투자주의환기종목(소속부없음),2320,2,-95,-3.93,2415,2415,2280,156009,362442335,75194654480,32411489,KSQ
1032,153710,KR7153710009,옵티팜,KOSDAQ,기술성장기업부,5120,3,0,0.0,5120,5150,5080,9796,50063020,75110184960,14669958,KSQ
1033,321260,KR7321260002,프로이천,KOSDAQ,벤처기업부,2660,2,-105,-3.8,2805,2980,2625,7505449,21247720093,74990943440,28192084,KSQ
1034,104620,KR7104620000,노랑풍선,KOSDAQ,중견기업부,4455,2,-35,-0.78,4460,4490,4420,29084,129583865,74891009160,16810552,KSQ
1035,011320,KR7011320009,유니크,KOSDAQ,우량기업부,3875,1,5,0.13,3885,3905,3815,91107,350826595,74867693125,19320695,KSQ
1036,260930,KR7260930003,씨티케이,KOSDAQ,중견기업부,3870,1,40,1.04,3850,4060,3830,243514,953246307,74851957170,19341591,KSQ
1037,226330,KR7226330009,신테카바이오,KOSDAQ,기술성장기업부,3085,2,-60,-1.91,3150,3190,3060,102131,315670355,74837395375,24258475,KSQ
1038,134580,KR7134580000,탑코미디어,KOSDAQ,중견기업부,1515,2,-35,-2.26,1550,1585,1441,40014,60312960,74680635735,49294149,KSQ
1039,010280,KR7010280006,아이티센엔텍,KOSDAQ,중견기업부,1145,0,0,0.0,0,0,0,0,0,74566734970,65123786,KSQ
1040,078590,KR7078590007,휴림에이텍,KOSDAQ,벤처기업부,746,2,-61,-7.56,802,802,738,1995770,1508769649,74538974962,99918197,KSQ
1041,017480,KR7017480005,삼현철강,KOSDAQ,우량기업부,4740,1,120,2.6,4620,5080,4585,425781,2067892436,74431698600,15702890,KSQ
1042,246960,KR7246960009,SCL사이언스,KOSDAQ,기술성장기업부,2185,1,20,0.92,2225,2225,2120,64050,139066756,74327247695,34017047,KSQ
1043,171120,KR7171120009,라이온켐텍,KOSDAQ,중견기업부,2065,2,-10,-0.48,2075,2080,2055,10585,21878765,74137134400,35901760,KSQ
1044,065170,KR7065170003,비엘팜텍,KOSDAQ,투자주의환기종목(소속부없음),2645,1,15,0.57,2600,3185,2425,5978538,17067386249,73831982485,27913793,KSQ
1045,033310,KR7033310004,엠투엔,KOSDAQ,우량기업부,1847,2,-35,-1.86,1889,1889,1835,126639,234897024,73829126232,39972456,KSQ
1046,0013V0,KR70013V0002,삼진식품,KOSDAQ,중견기업부,7440,2,-160,-2.11,7590,7590,7400,43607,325914685,73794800640,9918656,KSQ
1047,168330,KR7168330009,내츄럴엔도텍,KOSDAQ,투자주의환기종목(소속부없음),2320,2,-30,-1.28,2370,2370,2245,21612,49156628,73671368000,31754900,KSQ
1048,317690,KR7317690006,퀀타매트릭스,KOSDAQ,기술성장기업부,3655,2,-85,-2.27,3655,3810,3610,46274,169216149,73593530995,20135029,KSQ
1049,043650,KR7043650001,국순당,KOSDAQ,중견기업부,4115,2,-10,-0.24,4125,4145,4110,8246,34026011,73486920960,17858304,KSQ
1050,263800,KR7263800005,데이타솔루션,KOSDAQ,중견기업부,4520,2,-90,-1.95,4610,4630,4495,45754,206796315,73338717600,16225380,KSQ
1051,066980,KR7066980004,한성크린텍,KOSDAQ,중견기업부,1412,1,9,0.64,1397,1485,1357,439030,631324111,73332396500,51935125,KSQ
1052,217190,KR7217190008,제너셈,KOSDAQ,벤처기업부,5560,2,-140,-2.46,5700,5730,5510,30946,172053095,73134911160,13153761,KSQ
1053,039020,KR7039020003,이건홀딩스,KOSDAQ,중견기업부,3225,2,-5,-0.15,3245,3315,3150,81967,266443147,72835686525,22584709,KSQ
1054,159580,KR7159580000,제로투세븐,KOSDAQ,중견기업부,3635,2,-20,-0.55,3655,3665,3605,16414,59710350,72818631860,20032636,KSQ
1055,435570,KR7435570007,에르코스,KOSDAQ,벤처기업부,9550,2,-90,-0.93,9640,9780,9380,4413,42153805,72742187650,7616983,KSQ
1056,307870,KR7307870006,비투엔,KOSDAQ,벤처기업부,1221,1,78,6.82,1143,1250,1114,766159,920014641,72728267931,59564511,KSQ
1057,043710,KR7043710003,서울리거,KOSDAQ,중견기업부,840,2,-8,-0.94,856,856,824,37275,31145799,72712508400,86562510,KSQ
1058,291650,KR7291650000,압타머사이언스,KOSDAQ,기술성장기업부,1802,1,34,1.92,1768,1868,1760,145050,260159666,72543279784,40257092,KSQ
1059,262260,KR7262260003,에이프로,KOSDAQ,우량기업부,5010,1,10,0.2,5050,5050,4940,17486,87250395,72485441520,14468152,KSQ
1060,241790,KR7241790005,티이엠씨씨엔에스,KOSDAQ,우량기업부,7240,2,-290,-3.85,7480,7550,7230,33129,243617510,72419070160,10002634,KSQ
1061,094850,KR7094850005,참좋은여행,KOSDAQ,벤처기업부,5170,2,-50,-0.96,5200,5200,5130,27506,141717990,72380000000,14000000,KSQ
1062,066430,KR7066430000,아이로보틱스,KOSDAQ,중견기업부,1842,2,-40,-2.13,1883,1884,1839,132431,245743692,72120702792,39153476,KSQ
1063,060310,KR7060310000,3S,KOSDAQ,벤처기업부,1359,1,44,3.35,1315,1411,1315,682989,936535345,72107235360,53059040,KSQ
1064,123420,KR7123420002,위메이드플레이,KOSDAQ,우량기업부,6830,2,-100,-1.44,6980,7000,6690,17011,114811330,72072441220,10552334,KSQ
1065,049470,KR7049470008,비트플래닛,KOSDAQ,중견기업부,612,2,-10,-1.61,630,630,600,268671,164371997,72047392776,117724498,KSQ
1066,162300,KR7162300008,신스틸,KOSDAQ,우량기업부,1737,1,83,5.02,1654,1940,1639,3259040,6008943898,72035790534,41471382,KSQ
1067,424980,KR7424980001,마이크로투나노,KOSDAQ,기술성장기업부,12150,2,-100,-0.82,12580,12580,11940,9144,111997720,71914513500,5918890,KSQ
1068,234920,KR7234920007,자이글,KOSDAQ,관리종목(소속부없음),5310,0,0,0.0,0,0,0,0,0,71849132100,13530910,KSQ
1069,234100,KR7234100006,폴라리스세원,KOSDAQ,우량기업부,1012,2,-11,-1.08,1013,1030,1009,125076,127043446,71832300408,70980534,KSQ
1070,246690,KR7246690002,TS인베스트먼트,KOSDAQ,중견기업부,1608,2,-78,-4.63,1686,1691,1607,288430,468450873,71831956920,44671615,KSQ
1071,024910,KR7024910002,경창산업,KOSDAQ,우량기업부,2005,2,-90,-4.3,2100,2100,1988,198896,399747550,71817105025,35819005,KSQ
1072,352910,KR7352910004,오비고,KOSDAQ,기술성장기업부,5670,2,-130,-2.24,6000,6000,5470,101260,565189850,71656337340,12637802,KSQ
1073,198440,KR7198440000,강동씨앤엘,KOSDAQ,중견기업부,1175,2,-5,-0.42,1176,1193,1146,76918,89940749,71594977800,60931896,KSQ
1074,036000,KR7036000008,예림당,KOSDAQ,중견기업부,3100,2,-5,-0.16,3085,3195,3065,23885,73631970,71406258700,23034277,KSQ
1075,012790,KR7012790002,신일제약,KOSDAQ,우량기업부,5950,2,-40,-0.67,6000,6000,5890,13803,81917935,71319169250,11986415,KSQ
1076,027050,KR7027050004,코리아나,KOSDAQ,중견기업부,1782,2,-2,-0.11,1784,1817,1775,100921,180963128,71280000000,40000000,KSQ
1077,042110,KR7042110007,에스씨디,KOSDAQ,우량기업부,1473,2,-3,-0.2,1479,1492,1462,224673,330946605,71189447772,48329564,KSQ
1078,127710,KR7127710002,아시아경제,KOSDAQ,중견기업부,1616,2,-79,-4.66,1698,1698,1570,229929,371003560,71183523360,44049210,KSQ
1079,347860,KR7347860009,알체라,KOSDAQ,벤처기업부,1829,2,-49,-2.61,1863,1915,1821,185481,345122756,70802347669,38710961,KSQ
1080,227950,KR7227950003,엔투텍,KOSDAQ,중견기업부,410,2,-10,-2.38,420,424,401,301804,124098783,70741829270,172541047,KSQ
1081,299660,KR7299660001,셀리드,KOSDAQ,기술성장기업부,2395,1,30,1.27,2350,2415,2300,181436,426409927,70659629915,29502977,KSQ
1082,299900,KR7299900001,위지윅스튜디오,KOSDAQ,중견기업부,410,2,-6,-1.44,440,464,398,3126345,1283776860,70130042440,171048884,KSQ
1083,212710,KR7212710008,아이에스티이,KOSDAQ,기술성장기업부,7280,2,-130,-1.75,7420,7430,7200,25692,186998805,70055279840,9622978,KSQ
1084,219550,KR7219550001,디와이디,KOSDAQ,관리종목(소속부없음),1849,1,72,4.05,1777,1870,1702,215128,384897690,69745171218,37720482,KSQ
1085,140070,KR7140070004,서플러스글로벌,KOSDAQ,우량기업부,1885,2,-13,-0.68,1898,1900,1859,16820,31736138,69722380000,36988000,KSQ
1086,104540,KR7104540000,코렌텍,KOSDAQ,기술성장기업부,5450,2,-50,-0.91,5500,5500,5400,21712,117869320,69682283000,12785740,KSQ
1087,010470,KR7010470003,오리콤,KOSDAQ,우량기업부,5810,2,-20,-0.34,5830,5860,5770,4622,26854155,69575040500,11975050,KSQ
1088,073640,KR7073640005,테라사이언스,KOSDAQ,관리종목(소속부없음),654,0,0,0.0,0,0,0,0,0,69571715580,106378770,KSQ
1089,317530,KR7317530004,캐리소프트,KOSDAQ,기술성장기업부,3945,1,10,0.25,3935,4090,3875,3910,15288015,69017309490,17494882,KSQ
1090,037230,KR7037230000,한국팩키지,KOSDAQ,중견기업부,2315,1,120,5.47,2300,2650,2250,5208671,12827828227,68987757005,29800327,KSQ
1091,479960,KR7479960007,위너스,KOSDAQ,중견기업부,10020,2,-40,-0.4,10060,10060,9960,2358,23596940,68647020000,6851000,KSQ
1092,040610,KR7040610008,SG&G,KOSDAQ,중견기업부,2010,2,-65,-3.13,2075,2075,2000,44245,89592040,68515263960,34087196,KSQ
1093,036120,KR7036120004,서울평가정보,KOSDAQ,중견기업부,1949,2,-31,-1.57,1978,1985,1935,44374,86759462,68497605000,35145000,KSQ
1094,332370,KR7332370006,아이디피,KOSDAQ,중견기업부,5160,2,-20,-0.39,5180,5270,5140,10654,56000550,68492426160,13273726,KSQ
1095,222110,KR7222110009,팬젠,KOSDAQ,기술성장기업부,5070,2,-60,-1.17,5150,5160,5010,16763,84182560,68415578790,13494197,KSQ
1096,036670,KR7036670008,삼양케이씨아이,KOSDAQ,우량기업부,6060,2,-20,-0.33,6110,6110,6030,4596,27824790,68296200000,11270000,KSQ
1097,095910,KR7095910006,에스에너지,KOSDAQ,중견기업부,1846,1,35,1.93,1850,2030,1790,3674325,6965758619,68122607566,36902821,KSQ
1098,065500,KR7065500001,오리엔트정공,KOSDAQ,중견기업부,2045,2,-55,-2.62,2090,2095,2030,140365,288406870,67981755040,33242912,KSQ
1099,064240,KR7064240005,홈캐스트,KOSDAQ,중견기업부,1958,1,42,2.19,1903,2010,1894,85137,165974510,67931343458,34694251,KSQ
1100,155650,KR7155650005,와이엠씨,KOSDAQ,우량기업부,3565,2,-35,-0.97,3600,3605,3535,7199,25595120,67643586270,18974358,KSQ
1101,049480,KR7049480007,오픈베이스,KOSDAQ,우량기업부,2150,2,-10,-0.46,2170,2170,2140,67408,144955575,67558123450,31422383,KSQ
1102,459550,KR7459550000,알트,KOSDAQ,중견기업부,2680,2,-95,-3.42,2760,2775,2670,110511,299316025,67181620920,25067769,KSQ
1103,040350,KR7040350001,크레오에스지,KOSDAQ,중견기업부,686,2,-17,-2.42,704,707,679,159243,108971026,66955425446,97602661,KSQ
1104,373160,KR7373160001,데이원컴퍼니,KOSDAQ,기술성장기업부,4840,1,5,0.1,4835,4945,4790,19661,95654800,66817259960,13805219,KSQ
1105,015710,KR7015710007,코콤,KOSDAQ,중견기업부,3810,2,-5,-0.13,3825,3825,3765,38878,147688455,66791205000,17530500,KSQ
1106,067920,KR7067920009,이글루,KOSDAQ,우량기업부,6060,2,-30,-0.49,6120,6150,6040,42157,256208130,66636481140,10996119,KSQ
1107,072770,KR7072770001,멤레이비티,KOSDAQ,중견기업부,802,1,25,3.22,785,815,768,581188,464331047,66585405192,83024196,KSQ
1108,054300,KR7054300009,팬스타엔터프라이즈,KOSDAQ,벤처기업부,574,0,0,0.0,0,0,0,0,0,66435844860,115741890,KSQ
1109,109860,KR7109860007,동일금속,KOSDAQ,우량기업부,7300,1,50,0.69,7250,8480,7200,104535,820553455,66430000000,9100000,KSQ
1110,053350,KR7053350005,이니텍,KOSDAQ,중견기업부,3015,2,-35,-1.15,3060,3090,2885,51609,155185095,66393510975,22021065,KSQ
1111,082210,KR7082210006,옵트론텍,KOSDAQ,중견기업부,1893,2,-8,-0.42,1957,1957,1892,47015,89305043,66185583690,34963330,KSQ
1112,099410,KR7099410003,동방선기,KOSDAQ,벤처기업부,4725,2,-135,-2.78,4860,4860,4700,34997,165852514,66150000000,14000000,KSQ
1113,072470,KR7072470008,우리산업홀딩스,KOSDAQ,중견기업부,3500,2,-25,-0.71,3500,3550,3485,36554,128193780,66105693500,18887341,KSQ
1114,196300,KR7196300008,HLB펩,KOSDAQ,관리종목(소속부없음),7100,2,-80,-1.11,7190,7230,7050,8338,59306290,65983125800,9293398,KSQ
1115,145170,KR7145170007,노브랜드,KOSDAQ,중견기업부,3890,2,-35,-0.89,3925,3925,3870,27467,107215555,65773695450,16908405,KSQ
1116,087260,KR7087260006,모바일어플라이언스,KOSDAQ,벤처기업부,2020,2,-30,-1.46,2015,2040,1969,171353,341697763,65756779220,32552861,KSQ
1117,010240,KR7010240000,흥국,KOSDAQ,우량기업부,5600,1,20,0.36,5570,5700,5490,77494,434893615,65553600000,11706000,KSQ
1118,302430,KR7302430004,이노메트리,KOSDAQ,벤처기업부,6630,2,-170,-2.5,6750,6830,6590,13604,91018485,65194169040,9833208,KSQ
1119,063440,KR7063440002,SM Life Design,KOSDAQ,중견기업부,1415,2,-35,-2.41,1448,1448,1415,71534,101945870,65131252910,46029154,KSQ
1120,177900,KR7177900008,쓰리에이로직스,KOSDAQ,기술성장기업부,6790,1,270,4.14,6520,6930,6430,174021,1176768825,65080792000,9584800,KSQ
1121,039420,KR7039420005,케이엘넷,KOSDAQ,중견기업부,2825,3,0,0.0,2830,2850,2815,13712,38792720,64825258050,22946994,KSQ
1122,049550,KR7049550007,잉크테크,KOSDAQ,우량기업부,3300,1,90,2.8,3210,3420,3205,27841,92324075,64700714100,19606277,KSQ
1123,067370,KR7067370007,선바이오,KOSDAQ,기술성장기업부,5300,1,60,1.15,5240,5330,5140,10582,55674210,64625841500,12193555,KSQ
1124,446840,KR7446840001,지슨,KOSDAQ,기술성장기업부,1172,2,-79,-6.31,1251,1259,1106,1022043,1180268989,64557373276,55083083,KSQ
1125,393210,KR7393210000,토마토시스템,KOSDAQ,기술성장기업부,4130,2,-30,-0.72,4075,4210,4075,38049,157408960,64488066720,15614544,KSQ
1126,072950,KR7072950009,빛샘전자,KOSDAQ,벤처기업부,8000,2,-690,-7.94,8700,8710,7870,580388,4739368110,64420880000,8052610,KSQ
1127,007370,KR7007370000,진양제약,KOSDAQ,우량기업부,4535,2,-20,-0.44,4520,4565,4490,13829,62448440,64100352045,14134587,KSQ
1128,318160,KR7318160009,셀바이오휴먼텍,KOSDAQ,벤처기업부,6840,1,110,1.63,6750,7070,6710,28808,197955780,63893814840,9341201,KSQ
1129,950200,KR8840150005,소마젠,KOSDAQ,외국기업(소속부없음),3320,2,-15,-0.45,3360,3360,3295,7015,23227849,63863695960,19236053,KSQ
1130,053270,KR7053270005,구영테크,KOSDAQ,우량기업부,2325,1,5,0.22,2305,2355,2300,50097,116064003,63729191625,27410405,KSQ
1131,089150,KR7089150007,케이씨티,KOSDAQ,중견기업부,3715,2,-20,-0.54,3735,3800,3600,465245,1730483263,63712250000,17150000,KSQ
1132,206560,KR7206560005,덱스터,KOSDAQ,기술성장기업부,2505,2,-300,-10.7,2820,2855,2445,815348,2080926649,63656398680,25411736,KSQ
1133,080010,KR7080010002,이상네트웍스,KOSDAQ,중견기업부,6460,1,20,0.31,6440,6470,6400,1008,6478930,63534558660,9835071,KSQ
1134,122310,KR7122310006,제노레이,KOSDAQ,우량기업부,4365,2,-15,-0.34,4410,4410,4340,9303,40590470,63527529060,14553844,KSQ
1135,218150,KR7218150001,미래생명자원,KOSDAQ,벤처기업부,3110,1,145,4.89,2975,3235,2975,592449,1843215752,63493144220,20415802,KSQ
1136,347740,KR7347740003,피엔케이피부임상연구센타,KOSDAQ,벤처기업부,2115,2,-20,-0.94,2135,2180,2105,42086,89259640,63472368240,30010576,KSQ
1137,189980,KR7189980006,흥국에프엔비,KOSDAQ,우량기업부,1581,2,-9,-0.57,1591,1592,1570,40984,64621863,63457904487,40137827,KSQ
1138,457370,KR7457370005,한켐,KOSDAQ,중견기업부,7900,2,-240,-2.95,8050,8110,7850,30406,241393950,63414358600,8027134,KSQ
1139,072990,KR7072990005,에이치시티,KOSDAQ,우량기업부,4400,2,-130,-2.87,4530,4530,4385,51077,225675260,63387306400,14406206,KSQ
1140,222420,KR7222420002,쎄노텍,KOSDAQ,벤처기업부,1309,2,-36,-2.68,1345,1359,1305,125668,166036479,63332828636,48382604,KSQ
1141,333620,KR7333620003,엔시스,KOSDAQ,벤처기업부,5990,2,-70,-1.16,6050,6090,5960,25691,154381330,63232500560,10556344,KSQ
1142,033170,KR7033170002,시그네틱스,KOSDAQ,중견기업부,735,2,-20,-2.65,755,755,730,128811,95134955,63010314465,85728319,KSQ
1143,215090,KR7215090002,솔디펜스,KOSDAQ,중견기업부,2705,1,50,1.88,2655,2750,2605,80855,216153920,62636063005,23155661,KSQ
1144,289220,KR7289220006,자이언트스텝,KOSDAQ,기술성장기업부,2800,2,-310,-9.97,3080,3130,2785,460220,1311630437,62474218800,22312221,KSQ
1145,068330,KR7068330000,일신바이오,KOSDAQ,중견기업부,1410,1,4,0.28,1400,1418,1387,64170,90014914,62344757400,44216140,KSQ
1146,460870,KR7460870009,에스엠씨지,KOSDAQ,벤처기업부,3105,2,-115,-3.57,3270,3310,3100,422459,1330931310,62327608920,20073304,KSQ
1147,079000,KR7079000006,와토스코리아,KOSDAQ,중견기업부,8640,1,90,1.05,8660,8900,8300,53414,457586345,62208000000,7200000,KSQ
1148,137080,KR7137080008,나래나노텍,KOSDAQ,벤처기업부,5620,1,140,2.55,5500,5620,5340,32264,177526790,62153951640,11059422,KSQ
1149,037950,KR7037950003,엘컴텍,KOSDAQ,중견기업부,736,1,15,2.08,710,741,710,209347,152711612,62153373984,84447519,KSQ
1150,294090,KR7294090006,이오플로우,KOSDAQ,관리종목(소속부없음),1490,0,0,0.0,0,0,0,0,0,61997566450,41609105,KSQ
1151,170790,KR7170790000,파이오링크,KOSDAQ,우량기업부,9670,2,-30,-0.31,9700,10180,9500,53086,520193860,61862229450,6397335,KSQ
1152,004780,KR7004780003,대륙제관,KOSDAQ,우량기업부,3885,2,-5,-0.13,3915,3915,3860,8747,33882310,61783928115,15903199,KSQ
1153,037330,KR7037330008,인지디스플레,KOSDAQ,우량기업부,1405,1,5,0.36,1413,1416,1391,21777,30642675,61658739720,43885224,KSQ
1154,033830,KR7033830001,티비씨,KOSDAQ,중견기업부,616,1,5,0.82,616,616,605,46214,28225063,61600000000,100000000,KSQ
1155,088910,KR7088910005,동우팜투테이블,KOSDAQ,우량기업부,2380,2,-20,-0.83,2405,2405,2355,39125,92880280,61479598320,25831764,KSQ
1156,185490,KR7185490000,아이진,KOSDAQ,벤처기업부,1422,2,-36,-2.47,1458,1472,1422,107652,155141308,61472752848,43229784,KSQ
1157,365590,KR7365590009,하이딥,KOSDAQ,기술성장기업부,1980,2,-30,-1.49,2010,2010,1956,13267,26280180,61294111560,30956622,KSQ
1158,452300,KR7452300007,캡스톤파트너스,KOSDAQ,중견기업부,4320,2,-250,-5.47,4610,4880,4250,6633133,30354310423,61212261600,14169505,KSQ
1159,053950,KR7053950002,경남제약,KOSDAQ,중견기업부,783,2,-2,-0.25,785,800,772,683539,537029270,61189381314,78147358,KSQ
1160,199550,KR7199550005,레이저옵텍,KOSDAQ,벤처기업부,4985,2,-75,-1.48,5160,5160,4900,25439,128434305,61144968135,12265791,KSQ
1161,014190,KR7014190003,원익큐브,KOSDAQ,우량기업부,1727,2,-9,-0.52,1721,1744,1704,259696,448178302,61135637662,35399906,KSQ
1162,050960,KR7050960004,수산아이앤티,KOSDAQ,벤처기업부,9050,1,90,1.0,9010,9060,8940,2606,23462070,61096550000,6751000,KSQ
1163,288620,KR7288620008,에스퓨얼셀,KOSDAQ,벤처기업부,8740,2,-210,-2.35,9000,9000,8410,15785,138422910,60999221840,6979316,KSQ
1164,369370,KR7369370002,블리츠웨이엔터테인먼트,KOSDAQ,벤처기업부,1220,3,0,0.0,1220,1234,1200,142926,173395013,60843731420,49871911,KSQ
1165,053620,KR7053620001,태양,KOSDAQ,우량기업부,7050,2,-70,-0.98,7120,7120,7040,1408,9956800,60630000000,8600000,KSQ
1166,096630,KR7096630009,에스코넥,KOSDAQ,중견기업부,759,2,-18,-2.32,777,788,751,378556,288015673,60250646544,79381616,KSQ
1167,263690,KR7263690000,디알젬,KOSDAQ,우량기업부,5310,2,-20,-0.38,5320,5350,5270,13301,70351600,60138989100,11325610,KSQ
1168,008370,KR7008370009,원풍,KOSDAQ,우량기업부,5010,2,-20,-0.4,5030,5100,5010,8273,41809750,60120000000,12000000,KSQ
1169,261200,KR7261200000,덴티스,KOSDAQ,우량기업부,3800,2,-30,-0.78,3830,3850,3760,12176,46206575,60076860000,15809700,KSQ
1170,090410,KR7090410002,덕신이피씨,KOSDAQ,우량기업부,1297,1,24,1.89,1246,1319,1246,376046,482768639,59771071215,46084095,KSQ
1171,127980,KR7127980001,화인써키트,KOSDAQ,중견기업부,5040,2,-10,-0.2,5070,5070,5010,661,3327650,59677047360,11840684,KSQ
1172,0010V0,KR70010V0005,제이피아이헬스케어,KOSDAQ,벤처기업부,11660,2,-310,-2.59,11970,12060,11630,4854,56866485,59528964000,5105400,KSQ
1173,351330,KR7351330006,이삭엔지니어링,KOSDAQ,벤처기업부,7180,2,-90,-1.24,7440,7440,7160,12142,87888250,59511573600,8288520,KSQ
1174,196450,KR7196450001,코아시아씨엠,KOSDAQ,중견기업부,1312,2,-59,-4.3,1371,1371,1300,137555,182142859,59459291584,45319582,KSQ
1175,153460,KR7153460001,네이블,KOSDAQ,중견기업부,9100,4,2100,30.0,7000,9100,7000,109210,934376150,59423127400,6530014,KSQ
1176,219750,KR7219750007,한국비티비,KOSDAQ,중견기업부,907,2,-43,-4.53,950,958,900,28373,26097812,59342184695,65426885,KSQ
1177,303360,KR7303360002,프로티아,KOSDAQ,기술성장기업부,4605,2,-70,-1.5,4675,4675,4575,9362,43092835,59311087575,12879715,KSQ
1178,052790,KR7052790003,액토즈소프트,KOSDAQ,중견기업부,5230,2,-50,-0.95,5280,5330,5210,3885,20436320,59259236740,11330638,KSQ
1179,038010,KR7038010005,제일테크노스,KOSDAQ,우량기업부,6580,1,260,4.11,6320,6760,6290,124107,815986130,59220000000,9000000,KSQ
1180,198080,KR7198080004,캐프,KOSDAQ,우량기업부,2745,2,-50,-1.79,2755,2770,2710,151330,413147070,59114082825,21535185,KSQ
1181,229000,KR7229000005,젠큐릭스,KOSDAQ,기술성장기업부,2510,2,-95,-3.65,2595,2595,2480,264854,667926106,58804694150,23428165,KSQ
1182,419120,KR7419120001,산돌,KOSDAQ,중견기업부,3995,2,-25,-0.62,4050,4050,3945,22635,90315525,58799856190,14718362,KSQ
1183,306040,KR7306040007,에스제이그룹,KOSDAQ,우량기업부,5950,2,-180,-2.94,6130,6140,5720,76373,447726420,58701676600,9865828,KSQ
1184,143540,KR7143540003,영우디에스피,KOSDAQ,벤처기업부,1316,2,-35,-2.59,1370,1370,1298,127010,167481000,58693461820,44599895,KSQ
1185,407400,KR7407400001,꿈비,KOSDAQ,벤처기업부,4010,2,-25,-0.62,4030,4050,3960,20612,82757275,58684481340,14634534,KSQ
1186,237820,KR7237820006,플레이디,KOSDAQ,중견기업부,4570,1,15,0.33,4600,4600,4520,5126,23360565,58620029800,12827140,KSQ
1187,033560,KR7033560004,블루콤,KOSDAQ,중견기업부,3425,1,20,0.59,3420,3430,3370,25964,87941235,58567500000,17100000,KSQ
1188,092300,KR7092300003,현우산업,KOSDAQ,우량기업부,3070,2,-45,-1.44,3135,3135,3050,23310,71657267,58483303520,19049936,KSQ
1189,005670,KR7005670005,푸드웰,KOSDAQ,우량기업부,5840,2,-70,-1.18,5900,5920,5840,4624,27147720,58400000000,10000000,KSQ
1190,238120,KR7238120000,얼라인드,KOSDAQ,기술성장기업부,4055,2,-35,-0.86,4100,4100,4035,14228,57657440,58306423280,14378896,KSQ
1191,403490,KR7403490006,우듬지팜,KOSDAQ,벤처기업부,1267,2,-10,-0.78,1277,1285,1264,93489,119283477,58196431888,45932464,KSQ
1192,099520,KR7099520009,DGI,KOSDAQ,관리종목(소속부없음),1284,0,0,0.0,0,0,0,0,0,58141862016,45281824,KSQ
1193,053980,KR7053980009,오상자이엘,KOSDAQ,우량기업부,3060,2,-10,-0.33,3070,3070,3035,36744,112070537,58087315980,18982783,KSQ
1194,256630,KR7256630005,포인트엔지니어링,KOSDAQ,벤처기업부,999,2,-12,-1.19,1011,1011,995,38875,38771030,57939074928,57997072,KSQ
1195,471820,KR7471820001,셀로맥스사이언스,KOSDAQ,벤처기업부,5090,1,145,2.93,4945,5200,4925,66765,340090735,57531654110,11302879,KSQ
1196,245620,KR7245620000,EDGC,KOSDAQ,관리종목(소속부없음),415,0,0,0.0,0,0,0,0,0,57474989665,138493951,KSQ
1197,277070,KR7277070009,린드먼아시아,KOSDAQ,중견기업부,4195,2,-65,-1.53,4260,4330,4175,3386,14289495,57437940000,13692000,KSQ
1198,173940,KR7173940008,에프엔씨엔터,KOSDAQ,중견기업부,3730,2,-20,-0.53,3750,3770,3705,7320,27318260,57415173840,15392808,KSQ
1199,033540,KR7033540006,파라텍,KOSDAQ,중견기업부,1098,2,-22,-1.96,1120,1120,1084,261864,286361342,57366471438,52246331,KSQ
1200,340440,KR7340440007,세림B&G,KOSDAQ,벤처기업부,2015,1,91,4.73,2005,2270,1929,21014530,44641940660,57182403460,28378364,KSQ
1201,100030,KR7100030006,인지소프트,KOSDAQ,벤처기업부,17390,2,-180,-1.02,17320,17570,17200,231,3999300,57103786460,3283714,KSQ
1202,094970,KR7094970001,제이엠티,KOSDAQ,벤처기업부,3395,2,-5,-0.15,3390,3500,3325,261913,897143931,56860274800,16748240,KSQ
1203,104200,KR7104200001,NHN벅스,KOSDAQ,중견기업부,3830,2,-90,-2.3,3940,3940,3650,71796,274579831,56789516500,14827550,KSQ
1204,179530,KR7179530001,애드바이오텍,KOSDAQ,기술성장기업부,2875,2,-45,-1.54,2920,2985,2825,117651,343875120,56578936250,19679630,KSQ
1205,007680,KR7007680002,대원,KOSDAQ,중견기업부,4195,2,-205,-4.66,4400,4550,4180,27385,117611820,56407958430,13446474,KSQ
1206,297570,KR7297570004,알로이스,KOSDAQ,벤처기업부,1626,2,-59,-3.5,1676,1742,1626,135815,229210489,56294100468,34621218,KSQ
1207,450330,KR7450330006,하스,KOSDAQ,기술성장기업부,6860,3,0,0.0,6860,6860,6730,6912,47071400,56161742980,8186843,KSQ
1208,440290,KR7440290005,HB인베스트먼트,KOSDAQ,중견기업부,2040,3,0,0.0,2040,2055,2030,19018,38823074,56113117200,27506430,KSQ
1209,045340,KR7045340007,토탈소프트,KOSDAQ,벤처기업부,6550,2,-90,-1.36,6670,6670,6520,38721,254264880,56055162000,8558040,KSQ
1210,053160,KR7053160008,프리엠스,KOSDAQ,중견기업부,9330,2,-80,-0.85,9560,9560,9120,23257,215346990,55980000000,6000000,KSQ
1211,413640,KR7413640004,비아이매트릭스,KOSDAQ,벤처기업부,7710,2,-130,-1.66,7920,7920,7600,17590,135545810,55565507400,7206940,KSQ
1212,122350,KR7122350002,삼기,KOSDAQ,중견기업부,1448,2,-41,-2.75,1501,1501,1431,89719,130209094,55515491744,38339428,KSQ
1213,038070,KR7038070009,서린바이오,KOSDAQ,우량기업부,6100,2,-70,-1.13,6150,6230,6080,21917,134189585,55514123600,9100676,KSQ
1214,340930,KR7340930007,유일에너테크,KOSDAQ,투자주의환기종목(소속부없음),806,0,0,0.0,0,0,0,0,0,55513882710,68875785,KSQ
1215,032540,KR7032540007,TJ미디어,KOSDAQ,우량기업부,3975,1,15,0.38,4040,4040,3905,8056,31997330,55378145775,13931609,KSQ
1216,066360,KR7066360009,체리부로,KOSDAQ,우량기업부,1152,1,17,1.5,1150,1189,1144,406466,470964725,55240721280,47952015,KSQ
1217,097800,KR7097800007,윈팩,KOSDAQ,중견기업부,404,2,-4,-0.98,412,415,402,258289,105236527,55125892516,136450229,KSQ
1218,321820,KR7321820003,아티스트컴퍼니,KOSDAQ,기술성장기업부,3535,1,20,0.57,3505,3610,3465,18025,63885075,55115514160,15591376,KSQ
1219,332290,KR7332290006,누보,KOSDAQ,벤처기업부,1380,1,51,3.84,1330,1420,1325,1031030,1413430071,55068077520,39904404,KSQ
1220,122690,KR7122690001,서진오토모티브,KOSDAQ,우량기업부,2385,2,-60,-2.45,2430,2435,2370,23758,56987764,55043810910,23079166,KSQ
1221,013720,KR7013720008,THE CUBE&,KOSDAQ,중견기업부,904,1,6,0.67,920,921,884,298098,266542115,54988641272,60828143,KSQ
1222,452200,KR7452200009,민테크,KOSDAQ,기술성장기업부,2310,2,-30,-1.28,2340,2340,2300,19339,44819580,54986059590,23803489,KSQ
1223,032960,KR7032960007,동일기연,KOSDAQ,중견기업부,15600,2,-630,-3.88,16220,16220,15520,5404,84880380,54890082000,3518595,KSQ
1224,100660,KR7100660000,서암기계공업,KOSDAQ,중견기업부,4350,2,-110,-2.47,4450,4540,4345,68801,302062872,54810000000,12600000,KSQ
1225,217480,KR7217480003,에스디생명공학,KOSDAQ,투자주의환기종목(소속부없음),499,0,0,0.0,0,0,0,0,0,54756837359,109733141,KSQ
1226,466410,KR7466410008,사이냅소프트,KOSDAQ,벤처기업부,10860,2,-200,-1.81,11100,11100,10800,6933,75432880,54702069780,5037023,KSQ
1227,024950,KR7024950008,삼천리자전거,KOSDAQ,관리종목(소속부없음),4120,0,0,0.0,0,0,0,0,0,54687137240,13273577,KSQ
1228,089790,KR7089790000,제이티,KOSDAQ,벤처기업부,5270,2,-250,-4.53,5520,5520,5250,49693,264674030,54362753510,10315513,KSQ
1229,032860,KR7032860009,더라미,KOSDAQ,중견기업부,1341,1,42,3.23,1300,1369,1299,69749,93138020,54170852283,40395863,KSQ
1230,105760,KR7105760003,포스뱅크,KOSDAQ,벤처기업부,5320,2,-70,-1.3,5350,5420,5240,28459,150921065,54143698840,10177387,KSQ
1231,080520,KR7080520000,오디텍,KOSDAQ,벤처기업부,4780,1,410,9.38,4350,4780,4100,532792,2355533922,54121153260,11322417,KSQ
1232,364950,KR7364950006,에이아이코리아,KOSDAQ,벤처기업부,6500,2,-110,-1.66,6550,6590,6380,50215,324306230,53926892500,8296445,KSQ
1233,043910,KR7043910009,자연과환경,KOSDAQ,벤처기업부,475,2,-3,-0.63,472,478,470,315655,149104887,53860942075,113391457,KSQ
1234,384470,KR7384470001,코어라인소프트,KOSDAQ,기술성장기업부,2995,2,-85,-2.76,3110,3130,2975,78817,238331055,53750342540,17946692,KSQ
1235,031310,KR7031310006,아이즈비전,KOSDAQ,중견기업부,2035,2,-140,-6.44,2320,2555,1981,15296518,34927253841,53632512505,26355043,KSQ
1236,219420,KR7219420007,링크제니시스,KOSDAQ,기술성장기업부,4670,2,-75,-1.58,4740,4740,4625,20955,97785075,53562597690,11469507,KSQ
1237,189690,KR7189690001,포시에스,KOSDAQ,벤처기업부,1953,2,-5,-0.26,1957,1960,1943,50088,97471509,53359805457,27321969,KSQ
1238,066130,KR7066130006,하츠,KOSDAQ,우량기업부,4160,2,-60,-1.42,4240,4255,4140,34300,142787515,53248000000,12800000,KSQ
1239,361570,KR7361570005,알비더블유,KOSDAQ,중견기업부,1852,2,-26,-1.38,1863,1882,1851,20183,37590022,53232574932,28743291,KSQ
1240,311390,KR7311390009,네오크레마,KOSDAQ,벤처기업부,4180,2,-75,-1.76,4250,4250,4160,19286,81001925,52892838020,12653789,KSQ
1241,106240,KR7106240005,파인테크닉스,KOSDAQ,우량기업부,2310,2,-60,-2.53,2325,2375,2225,152487,353549695,52825835370,22868327,KSQ
1242,043340,KR7043340009,에쎈테크,KOSDAQ,중견기업부,553,2,-4,-0.72,559,576,544,388556,215107659,52535000000,95000000,KSQ
1243,052460,KR7052460003,아이크래프트,KOSDAQ,중견기업부,3585,2,-125,-3.37,3710,3710,3565,75039,271225996,52369450560,14607936,KSQ
1244,419080,KR7419080007,엔젯,KOSDAQ,기술성장기업부,4895,2,-145,-2.88,4995,5090,4880,25754,127244140,52303745615,10685137,KSQ
1245,250000,KR7250000007,보라티알,KOSDAQ,우량기업부,7740,1,50,0.65,7690,7810,7660,5573,43159420,52250673420,6750733,KSQ
1246,126640,KR7126640002,화신정공,KOSDAQ,우량기업부,1489,2,-38,-2.49,1527,1531,1486,145475,218215220,52198249990,35055910,KSQ
1247,258610,KR7258610005,케일럼,KOSDAQ,중견기업부,1430,2,-34,-2.32,1450,1473,1400,49455,71212417,52173640090,36485063,KSQ
1248,097870,KR7097870000,효성오앤비,KOSDAQ,중견기업부,6140,1,110,1.82,6100,6190,6030,87409,534613240,52128600000,8490000,KSQ
1249,006920,KR7006920003,모헨즈,KOSDAQ,중견기업부,4770,2,-310,-6.1,4970,5000,4755,476929,2305807293,52088400000,10920000,KSQ
1250,056700,KR7056700008,신화인터텍,KOSDAQ,중견기업부,1786,3,0,0.0,1800,1803,1770,11820,21046581,52035272526,29135091,KSQ
1251,007530,KR7007530009,와이엠,KOSDAQ,중견기업부,2330,2,-15,-0.64,2395,2395,2315,1310,3058860,51852358230,22254231,KSQ
1252,190650,KR7190650002,코리아에셋투자증권,KOSDAQ,우량기업부,8090,2,-230,-2.76,8300,8300,8070,8197,66914620,51678920000,6388000,KSQ
1253,314140,KR7314140005,알피바이오,KOSDAQ,중견기업부,5960,2,-150,-2.45,6170,6170,5940,6088,36467870,51651511560,8666361,KSQ
1254,096610,KR7096610001,알에프세미,KOSDAQ,투자주의환기종목(소속부없음),2965,0,0,0.0,0,0,0,0,0,51550708615,17386411,KSQ
1255,114450,KR7114450000,그린생명과학,KOSDAQ,중견기업부,2575,2,-40,-1.53,2630,2630,2555,57305,147500677,51500000000,20000000,KSQ
1256,352700,KR7352700009,씨앤투스,KOSDAQ,우량기업부,1953,2,-31,-1.56,1989,1989,1950,14575,28660370,51318783747,26276899,KSQ
1257,476080,KR7476080007,M83,KOSDAQ,중견기업부,6350,2,-110,-1.7,6470,6490,6280,14789,94459640,51263550000,8073000,KSQ
1258,363250,KR7363250002,진시스템,KOSDAQ,기술성장기업부,6600,2,-200,-2.94,6950,6950,6540,12079,79866260,51202377600,7757936,KSQ
1259,452160,KR7452160005,제이엔비,KOSDAQ,중견기업부,5320,1,10,0.19,5280,5500,5150,15546,83370730,51165243640,9617527,KSQ
1260,026040,KR7026040006,제이에스티나,KOSDAQ,중견기업부,3090,2,-75,-2.37,3250,3300,3060,91122,290046524,50996711100,16503790,KSQ
1261,465480,KR7465480002,인스피언,KOSDAQ,벤처기업부,5030,2,-30,-0.59,5060,5060,5000,2080,10427805,50992993160,10137772,KSQ
1262,260660,KR7260660006,알리코제약,KOSDAQ,중견기업부,3315,3,0,0.0,3315,3375,3315,5392,17980165,50809074615,15327021,KSQ
1263,038880,KR7038880001,아이에이,KOSDAQ,투자주의환기종목(소속부없음),135,0,0,0.0,0,0,0,0,0,50722358625,375721175,KSQ
1264,064480,KR7064480007,브리지텍,KOSDAQ,벤처기업부,4240,2,-90,-2.08,4340,4340,4210,28987,123190180,50678600000,11952500,KSQ
1265,054780,KR7054780002,키이스트,KOSDAQ,중견기업부,2575,3,0,0.0,2520,2615,2495,10419,26678817,50618816975,19657793,KSQ
1266,103840,KR7103840005,우양,KOSDAQ,중견기업부,3090,2,-40,-1.28,3095,3125,3010,58992,181852218,50572262520,16366428,KSQ
1267,320000,KR7320000003,한울반도체,KOSDAQ,중견기업부,1515,1,4,0.26,1547,1595,1483,185256,286424176,50516235750,33344050,KSQ
1268,160550,KR7160550000,NEW,KOSDAQ,중견기업부,1808,1,35,1.97,1789,1810,1700,62397,111467903,50454239648,27906106,KSQ
1269,186230,KR7186230009,그린플러스,KOSDAQ,벤처기업부,4620,2,-25,-0.54,4645,4650,4545,12566,58025960,50451268560,10920188,KSQ
1270,393970,KR7393970009,대진첨단소재,KOSDAQ,관리종목(소속부없음),2825,0,0,0.0,0,0,0,0,0,50428566500,17850820,KSQ
1271,086040,KR7086040003,바이오톡스텍,KOSDAQ,벤처기업부,3160,2,-40,-1.25,3200,3230,3125,12449,39293065,50428060520,15958247,KSQ
1272,460470,KR7460470008,아이빔테크놀로지,KOSDAQ,기술성장기업부,3320,1,95,2.95,3225,4150,3120,1113336,4102204356,50196308400,15119370,KSQ
1273,061040,KR7061040002,알에프텍,KOSDAQ,중견기업부,1564,1,22,1.43,1540,1650,1515,617120,974965511,50187601076,32089259,KSQ
1274,189860,KR7189860000,서전기전,KOSDAQ,중견기업부,5160,2,-190,-3.55,5350,5350,5120,109257,569912630,50045704800,9698780,KSQ
1275,335810,KR7335810008,프리시젼바이오,KOSDAQ,기술성장기업부,2280,1,20,0.88,2240,2335,2225,12852,29268095,50044873680,21949506,KSQ
1276,432430,KR7432430007,와이랩,KOSDAQ,기술성장기업부,3030,2,-10,-0.33,3120,3130,2980,13586,41163345,50020209600,16508320,KSQ
1277,035460,KR7035460005,기산텔레콤,KOSDAQ,벤처기업부,3430,2,-80,-2.28,3920,4130,3295,7341958,26836024012,50000276200,14577340,KSQ
1278,051490,KR7051490001,나라엠앤디,KOSDAQ,우량기업부,3520,2,-25,-0.71,3565,3565,3500,15529,54559305,49984000000,14200000,KSQ
1279,016600,KR7016600009,큐캐피탈,KOSDAQ,벤처기업부,280,2,-7,-2.44,287,287,278,650324,182615976,49909191360,178247112,KSQ
1280,273060,KR7273060004,와이즈버즈,KOSDAQ,중견기업부,987,1,4,0.41,999,999,965,40691,39722696,49803607434,50459582,KSQ
1281,006050,KR7006050009,국영지앤엠,KOSDAQ,중견기업부,1422,2,-12,-0.84,1431,1437,1400,227953,322550426,49621035546,34895243,KSQ
1282,046310,KR7046310009,백금T&A,KOSDAQ,우량기업부,3020,2,-85,-2.74,3105,3110,3000,39273,119863200,49584295820,16418641,KSQ
1283,088340,KR7088340005,유라클,KOSDAQ,벤처기업부,11340,2,-310,-2.66,11640,11640,11240,16032,181529770,49491933120,4364368,KSQ
1284,057540,KR7057540007,옴니시스템,KOSDAQ,중견기업부,832,2,-9,-1.07,833,845,825,102165,84977924,49461863360,59449355,KSQ
1285,065130,KR7065130007,탑엔지니어링,KOSDAQ,중견기업부,3085,2,-30,-0.96,3115,3125,3070,12130,37491615,49372340000,16004000,KSQ
1286,087600,KR7087600003,픽셀플러스,KOSDAQ,벤처기업부,6040,2,-50,-0.82,6090,6090,5920,12114,72344390,49326010320,8166558,KSQ
1287,241840,KR7241840008,에이스토리,KOSDAQ,중견기업부,5170,1,10,0.19,5200,5200,5070,13625,69683570,49321768980,9539994,KSQ
1288,069410,KR7069410009,엔텔스,KOSDAQ,벤처기업부,4810,2,-25,-0.52,4900,4900,4750,16190,78388080,49277603440,10244824,KSQ
1289,263770,KR7263770000,유에스티,KOSDAQ,우량기업부,2075,1,55,2.72,2035,2095,2000,111596,229800367,49177856900,23700172,KSQ
1290,388610,KR7388610008,지에프씨생명과학,KOSDAQ,기술성장기업부,9260,2,-270,-2.83,9380,9630,9230,4628,43190600,49112345340,5303709,KSQ
1291,025880,KR7025880006,케이씨피드,KOSDAQ,우량기업부,2935,1,45,1.56,2915,2955,2890,139823,408575194,49061043230,16715858,KSQ
1292,215380,KR7215380007,우정바이오,KOSDAQ,벤처기업부,2910,1,280,10.65,2650,3415,2625,5013900,15740624012,48974066160,16829576,KSQ
1293,336060,KR7336060009,웨이버스,KOSDAQ,벤처기업부,1016,1,27,2.73,982,1020,975,220773,221970423,48925683200,48155200,KSQ
1294,033200,KR7033200007,모아텍,KOSDAQ,투자주의환기종목(소속부없음),3405,2,-60,-1.73,3465,3490,3395,2113,7254245,48797684925,14331185,KSQ
1295,060850,KR7060850005,영림원소프트랩,KOSDAQ,벤처기업부,6000,2,-60,-0.99,6050,6140,5950,5409,32435910,48786000000,8131000,KSQ
1296,178780,KR7178780003,일월지엠엘,KOSDAQ,중견기업부,2615,2,-25,-0.95,2640,2650,2590,3246,8478885,48741494925,18639195,KSQ
1297,239890,KR7239890007,피엔에이치테크,KOSDAQ,기술성장기업부,4900,1,130,2.73,4770,5360,4735,619883,3150597482,48685199500,9935755,KSQ
1298,067170,KR7067170001,오텍,KOSDAQ,중견기업부,2015,2,-170,-7.78,2195,2195,2000,894076,1826210958,48562559890,24100526,KSQ
1299,097780,KR7097780001,에코볼트,KOSDAQ,중견기업부,762,2,-3,-0.39,765,770,760,32556,24821452,48322918848,63415904,KSQ
1300,128540,KR7128540002,에코캡,KOSDAQ,우량기업부,1807,2,-5,-0.28,1805,1812,1781,37230,66756073,48229661220,26690460,KSQ
1301,376180,KR7376180006,피코그램,KOSDAQ,벤처기업부,2590,2,-95,-3.54,2680,2680,2575,67418,175267045,48073088420,18561038,KSQ
1302,002290,KR7002290005,삼일기업공사,KOSDAQ,벤처기업부,3860,2,-70,-1.78,3930,3950,3780,54804,212585398,47864000000,12400000,KSQ
1303,376290,KR7376290003,씨유테크,KOSDAQ,벤처기업부,2710,2,-20,-0.73,2730,2800,2695,9427,25671045,47851825000,17657500,KSQ
1304,082660,KR7082660002,코스나인,KOSDAQ,관리종목(소속부없음),480,0,0,0.0,0,0,0,0,0,47827617120,99640869,KSQ
1305,051390,KR7051390003,YW,KOSDAQ,중견기업부,4200,1,25,0.6,4145,4250,4130,1833,7717545,47692545600,11355368,KSQ
1306,288980,KR7288980006,모아데이타,KOSDAQ,기술성장기업부,1379,2,-29,-2.06,1408,1496,1273,4941535,6903588899,47653498998,34556562,KSQ
1307,418250,KR7418250007,시큐레터,KOSDAQ,관리종목(소속부없음),6550,0,0,0.0,0,0,0,0,0,47629012750,7271605,KSQ
1308,300120,KR7300120003,라온피플,KOSDAQ,벤처기업부,961,2,-29,-2.93,990,992,959,117164,113643273,47573359376,49504016,KSQ
1309,199480,KR7199480005,뱅크웨어글로벌,KOSDAQ,기술성장기업부,4665,2,-35,-0.74,4540,4700,4540,20458,94597394,47567083020,10196588,KSQ
1310,220180,KR7220180004,핸디소프트,KOSDAQ,벤처기업부,1986,1,55,2.85,2115,2115,1959,31855,64135348,47526652212,23930842,KSQ
1311,224110,KR7224110007,에이텍모빌리티,KOSDAQ,벤처기업부,8880,1,100,1.14,8680,8940,8680,16671,147715990,47419200000,5340000,KSQ
1312,058110,KR7058110008,멕아이씨에스,KOSDAQ,기술성장기업부,2950,2,-25,-0.84,2980,3030,2885,377175,1113557973,47349063500,16050530,KSQ
1313,044960,KR7044960003,이글벳,KOSDAQ,중견기업부,3745,2,-55,-1.45,3810,3810,3725,38559,144544598,47343851835,12641883,KSQ
1314,119500,KR7119500007,포메탈,KOSDAQ,중견기업부,3995,2,-20,-0.5,4015,4015,3920,63554,252277897,47329691840,11847232,KSQ
1315,221840,KR7221840002,하이즈항공,KOSDAQ,중견기업부,2530,2,-70,-2.69,2600,2650,2510,17520,44559895,47312419330,18700561,KSQ
1316,081580,KR7081580003,성우전자,KOSDAQ,중견기업부,3040,2,-90,-2.88,3145,3145,3015,68443,210891175,47144754720,15508143,KSQ
1317,048770,KR7048770002,TPC,KOSDAQ,벤처기업부,3000,2,-100,-3.23,3105,3150,2980,49955,150912174,47093973000,15697991,KSQ
1318,263700,KR7263700007,케어랩스,KOSDAQ,중견기업부,2425,1,155,6.83,2270,2480,2270,90957,217873745,47079435000,19414200,KSQ
1319,032790,KR7032790008,엠젠솔루션,KOSDAQ,벤처기업부,916,2,-86,-8.58,1000,1000,868,681132,620912693,47045954192,51360212,KSQ
1320,398120,KR7398120006,에스지헬스케어,KOSDAQ,벤처기업부,3980,2,-50,-1.24,4060,4060,3925,72502,289222331,47037673780,11818511,KSQ
1321,023440,KR7023440001,제이스코홀딩스,KOSDAQ,관리종목(소속부없음),521,0,0,0.0,0,0,0,0,0,46964378481,90142761,KSQ
1322,019770,KR7019770007,서연탑메탈,KOSDAQ,우량기업부,4030,1,60,1.51,3970,4480,3900,2825013,12028868687,46949500000,11650000,KSQ
1323,073110,KR7073110009,엘엠에스,KOSDAQ,벤처기업부,5270,1,20,0.38,5250,5350,5250,4360,23010920,46880628850,8895755,KSQ
1324,091590,KR7091590000,남화토건,KOSDAQ,우량기업부,3990,2,-70,-1.72,4060,4085,3900,32462,130050155,46842600000,11740000,KSQ
1325,129890,KR7129890000,앱코,KOSDAQ,벤처기업부,1027,1,24,2.39,1003,1099,990,2105637,2216634072,46775333254,45545602,KSQ
1326,140520,KR7140520008,대창스틸,KOSDAQ,우량기업부,2210,1,70,3.27,2140,2290,2130,123379,273485670,46651427030,21109243,KSQ
1327,307280,KR7307280008,원바이오젠,KOSDAQ,벤처기업부,6540,2,-20,-0.3,6560,6650,6500,12101,79151430,46398860580,7094627,KSQ
1328,066670,KR7066670001,디티씨,KOSDAQ,중견기업부,2480,2,-100,-3.88,2560,2560,2480,20019,50085340,46355956640,18691918,KSQ
1329,022220,KR7022220008,티케이지애강,KOSDAQ,중견기업부,894,2,-1,-0.11,895,896,894,79118,70737134,46304353626,51794579,KSQ
1330,049830,KR7049830003,승일,KOSDAQ,관리종목(소속부없음),7500,1,130,1.76,7360,7570,7320,9498,71049830,45990840000,6132112,KSQ
1331,317240,KR7317240000,TS트릴리온,KOSDAQ,벤처기업부,314,1,9,2.95,305,320,302,854240,262043830,45807436898,145883557,KSQ
1332,171010,KR7171010002,램테크놀러지,KOSDAQ,벤처기업부,3185,2,-15,-0.47,3180,3220,3140,14654,46429852,45541525120,14298752,KSQ
1333,083550,KR7083550004,케이엠,KOSDAQ,중견기업부,3495,2,-40,-1.13,3535,3535,3490,6067,21273810,45263350065,12950887,KSQ
1334,065770,KR7065770000,CS,KOSDAQ,벤처기업부,2325,2,-195,-7.74,2650,2750,2210,6132274,14928941327,45130877250,19411130,KSQ
1335,363260,KR7363260001,모비데이즈,KOSDAQ,벤처기업부,1403,2,-14,-0.99,1417,1418,1393,100597,140909888,45125767907,32163769,KSQ
1336,057030,KR7057030009,YBM넷,KOSDAQ,중견기업부,2765,1,15,0.55,2690,2765,2690,10705,29046580,45104607205,16312697,KSQ
1337,200350,KR7200350007,아티스트스튜디오,KOSDAQ,기술성장기업부,4510,2,-10,-0.22,4550,4550,4450,10996,49431185,45082072750,9996025,KSQ
1338,359090,KR7359090008,씨엔알리서치,KOSDAQ,벤처기업부,782,1,2,0.26,784,788,773,32424,25187385,44942100694,57470717,KSQ
1339,001000,KR7001000009,신라섬유,KOSDAQ,중견기업부,1851,2,-58,-3.04,1910,1928,1844,24192,45224967,44937726540,24277540,KSQ
1340,420570,KR7420570004,제이투케이바이오,KOSDAQ,벤처기업부,7670,1,10,0.13,7600,7710,7580,3213,24611930,44850194610,5847483,KSQ
1341,050860,KR7050860006,아세아텍,KOSDAQ,우량기업부,1992,2,-5,-0.25,1997,2020,1985,5176,10310603,44820000000,22500000,KSQ
1342,464280,KR7464280007,티디에스팜,KOSDAQ,중견기업부,8100,2,-180,-2.17,8270,8270,8040,14511,117409540,44793000000,5530000,KSQ
1343,184230,KR7184230001,SGA솔루션즈,KOSDAQ,벤처기업부,504,2,-8,-1.56,520,521,504,100812,51637643,44743604472,88776993,KSQ
1344,464500,KR7464500008,아이언디바이스,KOSDAQ,기술성장기업부,3195,2,-95,-2.89,3270,3280,3160,38053,121493700,44708475285,13993263,KSQ
1345,351870,KR7351870001,차이커뮤니케이션,KOSDAQ,중견기업부,4000,1,160,4.17,3860,4050,3760,11913,47213705,44642568000,11160642,KSQ
1346,070300,KR7070300009,엑스큐어,KOSDAQ,벤처기업부,1910,2,-23,-1.19,1970,1970,1876,97157,186017121,44516518980,23307078,KSQ
1347,263810,KR7263810004,상신전자,KOSDAQ,중견기업부,2795,2,-15,-0.53,2815,2815,2775,7314,20403315,44509885875,15924825,KSQ
1348,290090,KR7290090000,트윔,KOSDAQ,벤처기업부,5950,2,-50,-0.83,6000,6050,5900,4475,26622550,44269594600,7440268,KSQ
1349,057680,KR7057680001,티사이언티픽,KOSDAQ,벤처기업부,620,1,34,5.8,581,625,572,785214,474411224,44174070620,71248501,KSQ
1350,288330,KR7288330004,파라택시스코리아,KOSDAQ,관리종목(소속부없음),416,0,0,0.0,0,0,0,0,0,44128768736,106078771,KSQ
1351,037370,KR7037370004,EG,KOSDAQ,벤처기업부,5110,1,20,0.39,5130,5130,5020,12129,61582950,44073606920,8624972,KSQ
1352,014570,KR7014570006,고려제약,KOSDAQ,우량기업부,4000,2,-35,-0.87,4050,4050,3990,3882,15532330,44000000000,11000000,KSQ
1353,462980,KR7462980004,아이지넷,KOSDAQ,기술성장기업부,2410,1,30,1.26,2355,2445,2335,114197,273858910,43944993170,18234437,KSQ
1354,142760,KR7142760008,모아라이프플러스,KOSDAQ,기술성장기업부,1075,1,5,0.47,1100,1100,1043,457959,492807640,43868906375,40808285,KSQ
1355,206400,KR7206400004,베노티앤알,KOSDAQ,중견기업부,1169,2,-15,-1.27,1174,1195,1156,3100,3636620,43849374702,37510158,KSQ
1356,450520,KR7450520002,인스웨이브,KOSDAQ,벤처기업부,2980,2,-15,-0.5,2995,3025,2945,7400,21979885,43819642440,14704578,KSQ
1357,200780,KR7200780005,비씨월드제약,KOSDAQ,중견기업부,4500,2,-20,-0.44,4690,4690,4500,10554,47969175,43813080000,9736240,KSQ
1358,263020,KR7263020000,디케이앤디,KOSDAQ,벤처기업부,3160,2,-5,-0.16,3165,3175,3140,16681,52697045,43722221360,13836146,KSQ
1359,383930,KR7383930005,디티앤씨알오,KOSDAQ,중견기업부,3415,1,10,0.29,3425,3465,3320,69289,235228195,43657797120,12784128,KSQ
1360,046390,KR7046390001,삼화네트웍스,KOSDAQ,중견기업부,1011,2,-3,-0.3,1014,1024,999,85021,85791399,43647835263,43172933,KSQ
1361,068050,KR7068050004,팬엔터테인먼트,KOSDAQ,중견기업부,1575,1,24,1.55,1551,1585,1520,53441,82632746,43618169700,27694076,KSQ
1362,080530,KR7080530009,코디,KOSDAQ,중견기업부,784,2,-10,-1.26,805,829,783,53122,42026037,43520526000,55510875,KSQ
1363,208860,KR7208860007,다산디엠씨,KOSDAQ,중견기업부,1276,1,29,2.33,1247,1305,1247,36500,46400445,43320165548,33949973,KSQ
1364,024120,KR7024120008,KB오토시스,KOSDAQ,중견기업부,3765,3,0,0.0,3735,3795,3735,7119,26675144,43297500000,11500000,KSQ
1365,354200,KR7354200008,엔젠바이오,KOSDAQ,기술성장기업부,1608,2,-50,-3.02,1658,1677,1599,62212,100911359,43110078000,26809750,KSQ
1366,052600,KR7052600004,한네트,KOSDAQ,중견기업부,3725,2,-40,-1.06,3765,3775,3695,34721,129010017,43074782500,11563700,KSQ
1367,203450,KR7203450002,유니온바이오메트릭스,KOSDAQ,벤처기업부,3055,2,-10,-0.33,3035,3060,3030,5236,15926325,43011366385,14079007,KSQ
1368,039290,KR7039290002,인포뱅크,KOSDAQ,중견기업부,4945,1,205,4.32,4740,4950,4650,27856,134556830,42991721210,8693978,KSQ
1369,256150,KR7256150004,한독크린텍,KOSDAQ,벤처기업부,5110,2,-10,-0.2,5120,5180,5090,10519,53709250,42898450000,8395000,KSQ
1370,189330,KR7189330004,씨이랩,KOSDAQ,기술성장기업부,4565,2,-10,-0.22,4535,4655,4450,21487,98243351,42830126460,9382284,KSQ
1371,232830,KR7232830000,아이티센피엔에스,KOSDAQ,벤처기업부,2590,2,-10,-0.38,2600,2745,2535,22078,56982881,42822350340,16533726,KSQ
1372,065950,KR7065950008,웰크론,KOSDAQ,중견기업부,1515,2,-13,-0.85,1528,1528,1505,33926,51232462,42770422530,28231302,KSQ
1373,013810,KR7013810007,스페코,KOSDAQ,중견기업부,2915,1,35,1.22,2890,3130,2890,1258753,3773063524,42720695050,14655470,KSQ
1374,277410,KR7277410007,인산가,KOSDAQ,벤처기업부,1111,2,-6,-0.54,1119,1119,1096,68171,75430346,42675182055,38411505,KSQ
1375,038870,KR7038870002,에코바이오,KOSDAQ,중견기업부,3040,2,-15,-0.49,3095,3120,3030,51352,157050760,42605444960,14014949,KSQ
1376,016670,KR7016670002,디모아,KOSDAQ,중견기업부,4170,1,5,0.12,4230,4230,4120,1776,7404463,42509955780,10194234,KSQ
1377,444530,KR7444530000,심플랫폼,KOSDAQ,기술성장기업부,6640,2,-280,-4.05,6910,6950,6600,25438,169974840,42477560720,6397223,KSQ
1378,475460,KR7475460002,미트박스,KOSDAQ,중견기업부,7560,3,0,0.0,7500,7580,7460,4881,36692240,42434469000,5613025,KSQ
1379,133750,KR7133750000,메가엠디,KOSDAQ,중견기업부,1812,3,0,0.0,1812,1824,1788,8093,14565066,42413623524,23407077,KSQ
1380,200230,KR7200230001,텔콘RF제약,KOSDAQ,중견기업부,617,2,-4,-0.64,621,634,608,847365,522920988,42279019861,68523533,KSQ
1381,065650,KR7065650004,하이퍼코퍼레이션,KOSDAQ,중견기업부,1925,2,-110,-5.41,2130,2130,1925,85505,169166268,42142051875,21891975,KSQ
1382,462510,KR7462510009,라메디텍,KOSDAQ,기술성장기업부,4785,2,-10,-0.21,4800,4800,4690,4828,22874480,42122187525,8802965,KSQ
1383,195500,KR7195500004,마니커에프앤지,KOSDAQ,중견기업부,2635,1,10,0.38,2640,2640,2605,17392,45675598,42102030000,15978000,KSQ
1384,086060,KR7086060001,진바이오텍,KOSDAQ,중견기업부,4880,1,45,0.93,4760,4930,4760,28347,138400400,42019664560,8610587,KSQ
1385,021880,KR7021880000,메이슨캐피탈,KOSDAQ,중견기업부,198,2,-3,-1.49,201,205,197,121792,24253056,42012512784,212184408,KSQ
1386,123570,KR7123570004,이엠넷,KOSDAQ,중견기업부,1884,1,3,0.16,1881,1884,1870,13369,25087915,41968130952,22276078,KSQ
1387,159910,KR7159910009,에코글로우,KOSDAQ,중견기업부,800,0,0,0.0,0,0,0,0,0,41868388000,52335485,KSQ
1388,270870,KR7270870009,뉴트리,KOSDAQ,우량기업부,4540,2,-55,-1.2,4580,4650,4490,17304,78412885,41769016960,9200224,KSQ
1389,114630,KR7114630007,폴라리스우노,KOSDAQ,우량기업부,473,0,0,0.0,0,0,0,0,0,41599190204,87947548,KSQ
1390,101240,KR7101240000,씨큐브,KOSDAQ,우량기업부,3830,2,-10,-0.26,3895,3895,3810,3862,14766769,41599123700,10861390,KSQ
1391,475660,KR7475660007,에스켐,KOSDAQ,기술성장기업부,5240,2,-20,-0.38,5260,5350,5180,10423,54379030,41552335400,7929835,KSQ
1392,271830,KR7271830002,팸텍,KOSDAQ,벤처기업부,1409,2,-35,-2.42,1439,1458,1404,44956,63513777,41551694618,29490202,KSQ
1393,221980,KR7221980006,케이디켐,KOSDAQ,우량기업부,10200,2,-50,-0.49,10200,10230,10140,185,1886145,41154960000,4034800,KSQ
1394,466910,KR7466910007,엔에이치스팩30호,KOSDAQ,SPAC(소속부없음),4515,2,-20,-0.44,4570,4580,4360,169629,760495310,41086500000,9100000,KSQ
1395,257370,KR7257370007,피엔티엠에스,KOSDAQ,벤처기업부,3285,2,-120,-3.52,3385,3390,3250,17900,58747285,41078468385,12504861,KSQ
1396,290120,KR7290120005,DH오토리드,KOSDAQ,우량기업부,2590,2,-60,-2.26,2650,2650,2585,22052,57353250,40984804910,15824249,KSQ
1397,043200,KR7043200005,파루,KOSDAQ,벤처기업부,980,2,-15,-1.51,1026,1027,966,501010,491388568,40968228700,41804315,KSQ
1398,434480,KR7434480000,모니터랩,KOSDAQ,기술성장기업부,3325,2,-35,-1.04,3360,3360,3280,12809,42569930,40931747500,12310300,KSQ
1399,131100,KR7131100000,티엔엔터테인먼트,KOSDAQ,중견기업부,1268,2,-1,-0.08,1272,1278,1256,23144,29222714,40888846032,32246724,KSQ
1400,318020,KR7318020005,포인트모바일,KOSDAQ,벤처기업부,3315,2,-20,-0.6,3335,3350,3275,29715,98082205,40778716680,12301272,KSQ
1401,007720,KR7007720006,소노스퀘어,KOSDAQ,중견기업부,400,2,-12,-2.91,415,416,391,139366,56605767,40320180000,100800450,KSQ
1402,012620,KR7012620001,원일특강,KOSDAQ,우량기업부,9140,2,-100,-1.08,9230,9420,9080,3744,34304180,40216000000,4400000,KSQ
1403,469750,KR7469750004,아이비젼웍스,KOSDAQ,벤처기업부,1165,1,30,2.64,1144,1188,1110,184165,211931897,40141800365,34456481,KSQ
1404,318410,KR7318410008,비비씨,KOSDAQ,중견기업부,7200,1,20,0.28,7180,7230,7110,3807,27249415,39997749600,5555243,KSQ
1405,020180,KR7020180006,대신정보통신,KOSDAQ,중견기업부,1038,2,-19,-1.8,1062,1062,1024,103313,107307427,39889213770,38428915,KSQ
1406,075970,KR7075970004,동국알앤에스,KOSDAQ,중견기업부,2165,2,-10,-0.46,2170,2180,2145,37665,81431860,39836000000,18400000,KSQ
1407,290520,KR7290520006,신도기연,KOSDAQ,중견기업부,2500,2,-195,-7.24,2695,2695,2490,246294,626161094,39823405000,15929362,KSQ
1408,025440,KR7025440009,DH오토웨어,KOSDAQ,투자주의환기종목(소속부없음),816,2,-2,-0.24,818,818,763,64495,51812596,39805478784,48781224,KSQ
1409,452980,KR7452980006,신한제11호스팩,KOSDAQ,관리종목(소속부없음),2100,1,5,0.24,2097,2100,2095,125783,264079424,39700500000,18905000,KSQ
1410,064090,KR7064090004,인크레더블버즈,KOSDAQ,관리종목(소속부없음),798,0,0,0.0,0,0,0,0,0,39694710510,49742745,KSQ
1411,455180,KR7455180000,케이지에이,KOSDAQ,벤처기업부,2840,3,0,0.0,2815,2850,2790,28103,79103450,39641617440,13958316,KSQ
1412,228340,KR7228340006,동양파일,KOSDAQ,중견기업부,1979,2,-16,-0.8,2000,2075,1925,22884,45235543,39580000000,20000000,KSQ
1413,373170,KR7373170000,엠아이큐브솔루션,KOSDAQ,벤처기업부,2615,2,-60,-2.24,2660,2660,2595,26262,68930315,39522560850,15113790,KSQ
1414,049120,KR7049120009,파인디앤씨,KOSDAQ,벤처기업부,745,2,-55,-6.88,855,1040,741,8709625,8090405171,39491197655,53008319,KSQ
1415,223310,KR7223310004,사토시홀딩스,KOSDAQ,중견기업부,1517,2,-11,-0.72,1546,1564,1483,43453,65929641,39477215638,26023214,KSQ
1416,045060,KR7045060001,오공,KOSDAQ,우량기업부,2325,1,55,2.42,2285,2340,2260,66260,153382490,39390089550,16941974,KSQ
1417,340810,KR7340810001,시선AI,KOSDAQ,기술성장기업부,3040,2,-65,-2.09,3130,3140,2970,125636,381845305,39386489280,12956082,KSQ
1418,239610,KR7239610009,에이치엘사이언스,KOSDAQ,벤처기업부,7300,1,100,1.39,7210,7350,7160,1263,9103670,39362439500,5392115,KSQ
1419,109820,KR7109820001,진매트릭스,KOSDAQ,기술성장기업부,1930,2,-1,-0.05,1931,1935,1905,15278,29322285,39359725200,20393640,KSQ
1420,038530,KR7038530002,케이바이오,KOSDAQ,중견기업부,340,1,20,6.25,320,372,304,9613655,3329084987,39342877980,115714347,KSQ
1421,204020,KR7204020002,그리티,KOSDAQ,우량기업부,2015,2,-15,-0.74,2030,2060,2005,20053,40561955,39193426480,19450832,KSQ
1422,417860,KR7417860004,오브젠,KOSDAQ,벤처기업부,8340,1,190,2.33,8150,8500,8110,4535,37047865,39172196040,4696906,KSQ
1423,356890,KR7356890004,싸이버원,KOSDAQ,벤처기업부,3270,2,-15,-0.46,3285,3295,3190,23031,74772119,39089007750,11953825,KSQ
1424,150900,KR7150900009,파수,KOSDAQ,벤처기업부,3335,2,-115,-3.33,3395,3455,3265,35456,117928305,39032579870,11703922,KSQ
1425,153490,KR7153490008,우리이앤엘,KOSDAQ,우량기업부,758,2,-6,-0.79,764,765,745,36377,27435258,39021840000,51480000,KSQ
1426,195990,KR7195990007,에이비프로바이오,KOSDAQ,관리종목(소속부없음),1365,2,-34,-2.43,1380,1399,1360,160132,219549704,38860146780,28468972,KSQ
1427,290560,KR7290560002,파라택시스이더리움,KOSDAQ,벤처기업부,1735,2,-153,-8.1,1889,1889,1701,163095,286199461,38799336550,22362730,KSQ
1428,351320,KR7351320007,넥사다이내믹스,KOSDAQ,중견기업부,1304,1,4,0.31,1326,1415,1260,245054,325633755,38727029168,29698642,KSQ
1429,263920,KR7263920001,휴엠앤씨,KOSDAQ,벤처기업부,3945,1,15,0.38,3950,3965,3910,2251,8874020,38696607570,9809026,KSQ
1430,239340,KR7239340003,이스트에이드,KOSDAQ,중견기업부,1430,2,-16,-1.11,1446,1446,1397,9175,13071433,38580876620,26979634,KSQ
1431,066910,KR7066910001,손오공,KOSDAQ,중견기업부,573,2,-4,-0.69,578,579,565,137620,78748977,38352702972,66933164,KSQ
1432,464580,KR7464580000,닷밀,KOSDAQ,기술성장기업부,2070,1,20,0.98,2125,2125,2050,14787,30768365,38100604230,18406089,KSQ
1433,430690,KR7430690008,한싹,KOSDAQ,벤처기업부,3490,2,-50,-1.41,3505,3575,3475,10193,35637550,38024691230,10895327,KSQ
1434,101000,KR7101000008,KS인더스트리,KOSDAQ,중견기업부,959,2,-21,-2.14,990,990,951,89522,85805130,38016628132,39641948,KSQ
1435,347770,KR7347770000,핌스,KOSDAQ,중견기업부,1662,2,-85,-4.87,1730,1780,1630,221832,376807660,37988403804,22857042,KSQ
1436,092600,KR7092600006,앤씨앤,KOSDAQ,벤처기업부,1513,1,15,1.0,1790,1947,1397,23736782,39568882171,37951361221,25083517,KSQ
1437,109960,KR7109960005,앱토크롬,KOSDAQ,투자주의환기종목(소속부없음),171,1,6,3.64,166,175,165,558511,94435821,37754964999,220789269,KSQ
1438,038620,KR7038620001,위즈코프,KOSDAQ,벤처기업부,498,1,16,3.32,480,502,472,617296,297418568,37713273570,75729465,KSQ
1439,262840,KR7262840002,아이퀘스트,KOSDAQ,벤처기업부,1778,2,-10,-0.56,1788,1791,1767,28910,51457073,37576083090,21133905,KSQ
1440,177830,KR7177830007,파버나인,KOSDAQ,우량기업부,2780,1,15,0.54,2765,2800,2750,15821,43883318,37513183780,13493951,KSQ
1441,064520,KR7064520000,테크엘,KOSDAQ,중견기업부,1677,2,-11,-0.65,1688,1700,1626,7423,12401123,37482730974,22351062,KSQ
1442,140430,KR7140430000,카티스,KOSDAQ,벤처기업부,701,2,-24,-3.31,716,746,692,1731004,1223754854,37466724839,53447539,KSQ
1443,296640,KR7296640006,이노룰스,KOSDAQ,벤처기업부,7200,2,-120,-1.64,7240,7520,7010,36734,264202545,37283414400,5178252,KSQ
1444,355390,KR7355390006,크라우드웍스,KOSDAQ,기술성장기업부,2390,2,-50,-2.05,2485,2485,2300,72691,171215436,37229218810,15577079,KSQ
1445,291230,KR7291230001,엔피,KOSDAQ,중견기업부,843,1,60,7.66,783,862,746,1696985,1385323029,37172738325,44095775,KSQ
1446,286750,KR7286750005,나노실리칸첨단소재,KOSDAQ,투자주의환기종목(소속부없음),1160,2,-21,-1.78,1181,1200,1158,81062,94863039,37153474120,32028857,KSQ
1447,075130,KR7075130005,플랜티넷,KOSDAQ,벤처기업부,2230,3,0,0.0,2230,2250,2220,6031,13439730,37067773600,16622320,KSQ
1448,310870,KR7310870001,디와이씨,KOSDAQ,벤처기업부,1790,1,153,9.35,1686,1920,1640,2260200,4090342735,37030215090,20687271,KSQ
1449,270520,KR7270520000,앱튼,KOSDAQ,투자주의환기종목(소속부없음),188,4,43,29.66,148,188,143,14768850,2679050060,36958759636,196589147,KSQ
1450,285800,KR7285800009,진영,KOSDAQ,벤처기업부,2110,1,146,7.43,2095,2420,2040,12216485,27385791547,36877039700,17477270,KSQ
1451,254120,KR7254120009,자비스,KOSDAQ,기술성장기업부,1197,2,-13,-1.07,1210,1212,1195,36835,44195797,36812861190,30754270,KSQ
1452,071850,KR7071850002,캐스텍코리아,KOSDAQ,투자주의환기종목(소속부없음),1514,1,3,0.2,1522,1522,1475,1366,2048709,36731060132,24260938,KSQ
1453,130500,KR7130500002,GH신소재,KOSDAQ,우량기업부,2525,3,0,0.0,2525,2555,2500,9908,24968760,36726256300,14545052,KSQ
1454,073570,KR7073570004,리튬포어스,KOSDAQ,관리종목(소속부없음),608,2,-15,-2.41,630,630,601,391034,238574376,36593477728,60186641,KSQ
1455,387570,KR7387570005,파인메딕스,KOSDAQ,기술성장기업부,6500,2,-180,-2.69,6790,6790,6430,11291,73381370,36568350000,5625900,KSQ
1456,050120,KR7050120005,ES큐브,KOSDAQ,중견기업부,2695,1,75,2.86,2575,2730,2520,12823,34058815,36555211770,13564086,KSQ
1457,148780,KR7148780000,비큐AI,KOSDAQ,기술성장기업부,1156,2,-34,-2.86,1190,1190,1129,96814,111303371,36351258100,31445725,KSQ
1458,059100,KR7059100008,아이컴포넌트,KOSDAQ,벤처기업부,5140,2,-170,-3.2,5270,5270,5100,36879,190794190,36344220400,7070860,KSQ
1459,196490,KR7196490007,디에이테크놀로지,KOSDAQ,투자주의환기종목(소속부없음),203,0,0,0.0,0,0,0,0,0,36245520080,178549360,KSQ
1460,035200,KR7035200005,프럼파스트,KOSDAQ,벤처기업부,3720,2,-100,-2.62,3850,3850,3675,47983,179166341,36197794800,9730590,KSQ
1461,021650,KR7021650007,한국큐빅,KOSDAQ,중견기업부,2210,2,-20,-0.9,2230,2230,2200,2288,5070458,36134744230,16350563,KSQ
1462,073540,KR7073540007,에프알텍,KOSDAQ,벤처기업부,3165,2,-395,-11.1,3580,3580,3150,1664095,5532146073,36081000000,11400000,KSQ
1463,318000,KR7318000007,KBG,KOSDAQ,벤처기업부,4125,2,-35,-0.84,4160,4180,4110,10059,41520045,36053419875,8740223,KSQ
1464,001840,KR7001840008,이화공영,KOSDAQ,관리종목(소속부없음),2215,0,0,0.0,0,0,0,0,0,36027920805,16265427,KSQ
1465,284620,KR7284620002,카이노스메드,KOSDAQ,투자주의환기종목(소속부없음),1087,0,0,0.0,0,0,0,0,0,35965517911,33086953,KSQ
1466,298060,KR7298060005,에스씨엠생명과학,KOSDAQ,관리종목(소속부없음),812,3,0,0.0,824,824,792,78722,62947302,35892978912,44203176,KSQ
1467,377220,KR7377220009,프롬바이오,KOSDAQ,기술성장기업부,1267,2,-17,-1.32,1284,1294,1251,129967,164647049,35868770000,28310000,KSQ
1468,169330,KR7169330008,엠브레인,KOSDAQ,중견기업부,1958,2,-42,-2.1,2000,2000,1931,6315,12360620,35864525444,18316918,KSQ
1469,429270,KR7429270002,시지트로닉스,KOSDAQ,기술성장기업부,5550,1,280,5.31,5270,6080,5160,436655,2501693460,35793232050,6449231,KSQ
1470,068940,KR7068940006,셀피글로벌,KOSDAQ,관리종목(소속부없음),778,0,0,0.0,0,0,0,0,0,35720093048,45912716,KSQ
1471,094860,KR7094860004,네오리진,KOSDAQ,중견기업부,1422,2,-17,-1.18,1446,1485,1395,102999,146760105,35706439908,25110014,KSQ
1472,001810,KR7001810001,무림SP,KOSDAQ,중견기업부,1611,1,50,3.2,1564,1630,1563,41668,66420600,35663512500,22137500,KSQ
1473,032580,KR7032580003,피델릭스,KOSDAQ,중견기업부,1074,1,1,0.09,1073,1083,1055,111737,119065144,35583836736,33132064,KSQ
1474,123010,KR7123010001,알엔티엑스,KOSDAQ,기술성장기업부,1089,2,-76,-6.52,1163,1217,1028,884344,967542469,35565152238,32658542,KSQ
1475,038060,KR7038060000,루멘스,KOSDAQ,우량기업부,739,2,-5,-0.67,744,760,724,174321,128973114,35548167991,48103069,KSQ
1476,017000,KR7017000001,신원종합개발,KOSDAQ,우량기업부,3040,2,-80,-2.56,3070,3100,2955,118412,356824515,35470802080,11668027,KSQ
1477,187270,KR7187270004,신화콘텍,KOSDAQ,벤처기업부,3495,2,-35,-0.99,3510,3545,3410,20029,69704940,35452738275,10143845,KSQ
1478,053290,KR7053290003,NE능률,KOSDAQ,중견기업부,2145,2,-60,-2.72,2220,2220,2120,34094,73627205,35448928515,16526307,KSQ
1479,020400,KR7020400008,대동금속,KOSDAQ,중견기업부,11090,2,-240,-2.12,11330,11400,10550,213197,2343835380,35367850940,3189166,KSQ
1480,065370,KR7065370009,위세아이텍,KOSDAQ,벤처기업부,4785,2,-125,-2.55,4940,4940,4720,13628,64996591,35332219890,7383954,KSQ
1481,263050,KR7263050007,유틸렉스,KOSDAQ,관리종목(소속부없음),959,0,0,0.0,0,0,0,0,0,35324626904,36834856,KSQ
1482,353590,KR7353590003,오토앤,KOSDAQ,중견기업부,2740,1,20,0.74,2840,2850,2725,7978,22042135,35279061800,12875570,KSQ
1483,438700,KR7438700007,버넥트,KOSDAQ,기술성장기업부,3155,1,55,1.77,3100,3225,3080,21722,68714623,35162127950,11144890,KSQ
1484,451700,KR7451700009,엔에이치스팩29호,KOSDAQ,SPAC(소속부없음),2447,1,42,1.75,2405,2460,2375,385849,933424612,35114450000,14350000,KSQ
1485,146060,KR7146060009,율촌,KOSDAQ,중견기업부,1462,2,-27,-1.81,1481,1504,1426,49662,72514758,35110799890,24015595,KSQ
1486,210120,KR7210120002,캔버스엔,KOSDAQ,중견기업부,1446,2,-36,-2.43,1494,1519,1408,228286,329343311,35047393188,24237478,KSQ
1487,123840,KR7123840001,뉴온,KOSDAQ,투자주의환기종목(소속부없음),550,2,-8,-1.43,558,587,543,102389,56396665,35009868850,63654307,KSQ
1488,462310,KR7462310004,뉴키즈온,KOSDAQ,중견기업부,4265,2,-35,-0.81,4265,4315,4190,9986,42349465,34909541065,8185121,KSQ
1489,238490,KR7238490007,힘스,KOSDAQ,벤처기업부,3085,1,30,0.98,3055,3085,3015,9046,27729720,34898248060,11312236,KSQ
1490,147760,KR7147760003,피엠티,KOSDAQ,벤처기업부,3225,2,-105,-3.15,3300,3300,3205,8447,27409670,34894067850,10819866,KSQ
1491,099390,KR7099390007,브레인즈컴퍼니,KOSDAQ,벤처기업부,4245,2,-15,-0.35,4260,4300,4150,16473,69751295,34844161335,8208283,KSQ
1492,027580,KR7027580000,상보,KOSDAQ,중견기업부,587,2,-5,-0.84,587,591,578,84247,49058815,34739410773,59181279,KSQ
1493,187220,KR7187220009,디티앤씨,KOSDAQ,중견기업부,3005,2,-35,-1.15,3085,3085,2965,36108,108342322,34632423665,11524933,KSQ
1494,342870,KR7342870003,오아,KOSDAQ,중견기업부,6340,2,-70,-1.09,6300,6430,6240,9754,61805850,34554248980,5450197,KSQ
1495,225220,KR7225220003,제놀루션,KOSDAQ,벤처기업부,1789,2,-1,-0.06,1878,1878,1786,111656,200428785,34330947569,19190021,KSQ
1496,008470,KR7008470007,부스타,KOSDAQ,벤처기업부,4060,1,55,1.37,4005,4060,3975,25170,101025973,34123488000,8404800,KSQ
1497,405920,KR7405920000,나라셀라,KOSDAQ,중견기업부,2640,1,15,0.57,2690,2765,2605,14140,37431410,33998120640,12878076,KSQ
1498,290270,KR7290270008,휴네시온,KOSDAQ,벤처기업부,3510,2,-5,-0.14,3515,3600,3480,10512,36901815,33722928720,9607672,KSQ
1499,131220,KR7131220006,대한과학,KOSDAQ,벤처기업부,4520,2,-5,-0.11,4525,4590,4490,4065,18455329,33694294800,7454490,KSQ
1500,019660,KR7019660000,글로본,KOSDAQ,중견기업부,2415,2,-70,-2.82,2455,2725,2370,197008,499792047,33675564195,13944333,KSQ
1501,056730,KR7056730005,CNT85,KOSDAQ,벤처기업부,452,2,-3,-0.66,455,460,441,49664,22272529,33498256072,74111186,KSQ
1502,038950,KR7038950002,파인디지털,KOSDAQ,중견기업부,3280,2,-40,-1.2,3335,3350,3265,3008,9965365,33491309200,10210765,KSQ
1503,900300,HK0000312568,오가닉티코스메틱,KOSDAQ,외국기업(소속부없음),133,4,30,29.13,103,133,103,41670449,5331052935,33383648508,251004876,KSQ
1504,060540,KR7060540002,에스에이티,KOSDAQ,중견기업부,1277,2,-6,-0.47,1283,1283,1276,14651,18741748,33372231762,26133306,KSQ
1505,048470,KR7048470009,대동스틸,KOSDAQ,중견기업부,3455,1,85,2.52,3320,3800,3255,1787122,6393411674,33340750000,9650000,KSQ
1506,068100,KR7068100007,케이웨더,KOSDAQ,기술성장기업부,2785,1,70,2.58,2705,2790,2700,21954,60261110,33218187760,11927536,KSQ
1507,367000,KR7367000007,플래티어,KOSDAQ,벤처기업부,3960,1,5,0.13,3960,3990,3795,2503,9892495,33217299720,8388207,KSQ
1508,258790,KR7258790005,소프트캠프,KOSDAQ,벤처기업부,1329,1,4,0.3,1325,1346,1315,89066,117889211,33213416436,24991284,KSQ
1509,023790,KR7023790009,동일스틸럭스,KOSDAQ,중견기업부,1268,4,292,29.92,976,1268,951,5143939,6118639674,33145034356,26139617,KSQ
1510,274400,KR7274400001,이노시뮬레이션,KOSDAQ,기술성장기업부,3640,2,-70,-1.89,3875,3875,3630,5308,19409042,33074834520,9086493,KSQ
1511,376980,KR7376980009,원티드랩,KOSDAQ,기술성장기업부,3385,2,-20,-0.59,3385,3420,3350,5990,20317645,33059243690,9766394,KSQ
1512,252500,KR7252500004,세화피앤씨,KOSDAQ,중견기업부,796,2,-6,-0.75,788,810,788,10967,8723843,33023166440,41486390,KSQ
1513,148250,KR7148250004,알엔투테크놀로지,KOSDAQ,벤처기업부,3485,2,-50,-1.41,3610,3785,3430,140463,496763174,32921651920,9446672,KSQ
1514,024940,KR7024940009,PN풍년,KOSDAQ,벤처기업부,3280,2,-125,-3.67,3420,3440,3220,407983,1348559851,32800000000,10000000,KSQ
1515,079170,KR7079170007,한창산업,KOSDAQ,중견기업부,6300,2,-70,-1.1,6370,6410,6250,11945,74875140,32760000000,5200000,KSQ
1516,301300,KR7301300000,바이브컴퍼니,KOSDAQ,기술성장기업부,2480,2,-20,-0.8,2500,2500,2430,6336,15584937,32623685760,13154712,KSQ
1517,009730,KR7009730003,이렘,KOSDAQ,투자주의환기종목(소속부없음),512,1,2,0.39,510,527,502,514892,263970425,32553343488,63580749,KSQ
1518,335870,KR7335870002,윙스풋,KOSDAQ,중견기업부,1942,2,-18,-0.92,1999,1999,1884,8964,17205292,32529418566,16750473,KSQ
1519,090150,KR7090150004,아이윈,KOSDAQ,중견기업부,776,1,6,0.78,773,783,771,31257,24184469,32495227368,41875293,KSQ
1520,039740,KR7039740006,한국정보공학,KOSDAQ,벤처기업부,4035,2,-60,-1.47,4095,4120,3735,55977,226128978,32354231895,8018397,KSQ
1521,063760,KR7063760003,이엘피,KOSDAQ,벤처기업부,3455,1,215,6.64,3265,3500,3185,259158,870537800,32218324150,9325130,KSQ
1522,045510,KR7045510005,정원엔시스,KOSDAQ,중견기업부,998,2,-38,-3.67,1040,1044,986,239548,240650444,32144873416,32209292,KSQ
1523,018680,KR7018680009,서울제약,KOSDAQ,벤처기업부,2750,3,0,0.0,2780,2780,2735,1152,3169285,32063127250,11659319,KSQ
1524,440320,KR7440320000,오픈놀,KOSDAQ,기술성장기업부,3250,2,-10,-0.31,3260,3300,3210,7453,24085425,31947500000,9830000,KSQ
1525,333050,KR7333050003,모코엠시스,KOSDAQ,벤처기업부,1297,2,-12,-0.92,1309,1309,1240,55265,70472110,31923483822,24613326,KSQ
1526,089140,KR7089140008,넥스턴앤롤코리아,KOSDAQ,벤처기업부,2080,2,-35,-1.65,2135,2140,2080,16080,33828705,31857766720,15316234,KSQ
1527,115160,KR7115160004,휴맥스,KOSDAQ,중견기업부,721,0,0,0.0,0,0,0,0,0,31702459404,43970124,KSQ
1528,115610,KR7115610008,이미지스,KOSDAQ,벤처기업부,1339,0,0,0.0,0,0,0,0,0,31650663382,23637538,KSQ
1529,044480,KR7044480002,빌리언스,KOSDAQ,중견기업부,392,1,2,0.51,397,412,366,3531422,1377558374,31620181376,80663728,KSQ
1530,900340,HK0000449303,윙입푸드,KOSDAQ,외국기업(소속부없음),626,1,6,0.97,620,637,616,81845,51422958,31507160928,50330928,KSQ
1531,900310,HK0000341732,컬러레이,KOSDAQ,외국기업(소속부없음),491,1,1,0.2,490,510,480,71654,35780822,31444462425,64041675,KSQ
1532,397810,KR7397810003,애드포러스,KOSDAQ,벤처기업부,6070,2,-90,-1.46,6160,6190,6060,4994,30545640,31325873900,5160770,KSQ
1533,039310,KR7039310008,세중,KOSDAQ,중견기업부,1727,2,-38,-2.15,1741,1796,1650,225784,388498640,31296118909,18121667,KSQ
1534,258830,KR7258830009,세종메디칼,KOSDAQ,관리종목(소속부없음),412,0,0,0.0,0,0,0,0,0,31223976612,75786351,KSQ
1535,123750,KR7123750002,알톤,KOSDAQ,중견기업부,2255,2,-25,-1.1,2340,2350,2240,192653,441081912,31162429045,13819259,KSQ
1536,131090,KR7131090003,시큐브,KOSDAQ,벤처기업부,4035,1,30,0.75,4045,4050,4000,13575,54657688,30900921735,7658221,KSQ
1537,069140,KR7069140002,누리플랜,KOSDAQ,중견기업부,2040,2,-45,-2.16,2065,2130,2030,25816,53178865,30795440160,15095804,KSQ
1538,032750,KR7032750002,삼진,KOSDAQ,우량기업부,3385,2,-85,-2.45,3470,3470,3380,9856,33702420,30570347970,9031122,KSQ
1539,066900,KR7066900002,디에이피,KOSDAQ,관리종목(소속부없음),1340,2,-48,-3.46,1388,1388,1335,15796,21295313,30477634020,22744503,KSQ
1540,431190,KR7431190008,케이쓰리아이,KOSDAQ,기술성장기업부,4070,2,-100,-2.4,4170,4205,3980,31926,129730040,30469818940,7486442,KSQ
1541,047080,KR7047080007,한빛소프트,KOSDAQ,중견기업부,1227,2,-47,-3.69,1274,1274,1223,54660,67700558,30457038174,24822362,KSQ
1542,051380,KR7051380004,피씨디렉트,KOSDAQ,중견기업부,1983,2,-22,-1.1,2025,2025,1963,62193,123232936,30419362776,15340072,KSQ
1543,033050,KR7033050006,제이엠아이,KOSDAQ,벤처기업부,930,1,7,0.76,932,935,890,13732,12595335,30298788060,32579342,KSQ
1544,054220,KR7054220009,비츠로시스,KOSDAQ,벤처기업부,489,2,-21,-4.12,507,507,484,663725,325465777,30295056609,61953081,KSQ
1545,246250,KR7246250005,에스엘에스바이오,KOSDAQ,관리종목(소속부없음),1969,0,0,0.0,0,0,0,0,0,30220617614,15348206,KSQ
1546,303530,KR7303530000,이노뎁,KOSDAQ,벤처기업부,4115,1,5,0.12,4167,4175,4020,23965,97965827,30201215385,7339299,KSQ
1547,045300,KR7045300001,성우테크론,KOSDAQ,중견기업부,2910,2,-40,-1.36,2965,2965,2850,34823,100503595,30110832150,10347365,KSQ
1548,083640,KR7083640003,인콘,KOSDAQ,벤처기업부,387,2,-1,-0.26,388,420,380,1226496,483093933,30077775837,77720351,KSQ
1549,148930,KR7148930001,에이치와이티씨,KOSDAQ,중견기업부,2955,1,30,1.03,2945,2995,2940,20126,59892525,30067754415,10175213,KSQ
1550,027040,KR7027040005,서울전자통신,KOSDAQ,중견기업부,432,2,-6,-1.37,438,468,428,660794,292881586,30062381904,69588847,KSQ
1551,236810,KR7236810008,엔비티,KOSDAQ,기술성장기업부,1769,2,-26,-1.45,1794,1794,1732,32368,56720075,30029528594,16975426,KSQ
1552,115480,KR7115480006,씨유메디칼,KOSDAQ,중견기업부,495,3,0,0.0,495,504,492,68151,33732701,30009156210,60624558,KSQ
1553,138070,KR7138070008,신진에스엠,KOSDAQ,중견기업부,1714,2,-16,-0.92,1735,1735,1701,34668,59165116,30000491656,17503204,KSQ
1554,304840,KR7304840002,피플바이오,KOSDAQ,벤처기업부,1271,4,293,29.96,1271,1271,1200,948530,1201963778,29836263627,23474637,KSQ
1555,079650,KR7079650008,서산,KOSDAQ,중견기업부,1489,1,44,3.04,1433,1491,1433,19200,28266429,29780000000,20000000,KSQ
1556,432980,KR7432980001,엠에프씨,KOSDAQ,기술성장기업부,3450,3,0,0.0,3420,3450,3415,490,1686920,29641509900,8591742,KSQ
1557,317120,KR7317120004,라닉스,KOSDAQ,기술성장기업부,1937,2,-37,-1.87,1974,1974,1920,33121,64172310,29558620000,15260000,KSQ
1558,031510,KR7031510001,오스템,KOSDAQ,중견기업부,1047,1,6,0.58,1041,1050,1034,28886,30127826,29316000000,28000000,KSQ
1559,457600,KR7457600005,벡트,KOSDAQ,벤처기업부,2130,1,80,3.9,2050,2180,2015,18678,39462965,29196975000,13707500,KSQ
1560,091340,KR7091340000,S&K폴리텍,KOSDAQ,중견기업부,2490,2,-30,-1.19,2495,2520,2465,23894,59334650,29142265290,11703721,KSQ
1561,052300,KR7052300001,오션인더블유,KOSDAQ,중견기업부,1725,2,-57,-3.2,1783,1829,1714,41183,72293217,29092371675,16865143,KSQ
1562,080470,KR7080470008,성창오토텍,KOSDAQ,중견기업부,3985,2,-15,-0.38,4030,4030,3955,12004,47726050,29090500000,7300000,KSQ
1563,222980,KR7222980005,한국맥널티,KOSDAQ,벤처기업부,2630,1,55,2.14,2600,2665,2600,11190,29533220,29012800290,11031483,KSQ
1564,279600,KR7279600001,미디어젠,KOSDAQ,중견기업부,6160,2,-90,-1.44,6390,6390,6160,2864,17847290,28858250960,4684781,KSQ
1565,076080,KR7076080001,웰크론한텍,KOSDAQ,중견기업부,1269,1,37,3.0,1234,1324,1232,296965,381157518,28671983964,22594156,KSQ
1566,060380,KR7060380003,동양에스텍,KOSDAQ,우량기업부,1454,1,52,3.71,1402,1492,1401,200739,293652766,28643800000,19700000,KSQ
1567,085810,KR7085810000,알티캐스트,KOSDAQ,중견기업부,437,0,0,0.0,0,0,0,0,0,28643615547,65546031,KSQ
1568,109670,KR7109670000,씨싸이트,KOSDAQ,중견기업부,4890,2,-20,-0.41,4910,4925,4835,3409,16615620,28540983780,5836602,KSQ
1569,224060,KR7224060004,더코디,KOSDAQ,투자주의환기종목(소속부없음),5530,1,80,1.47,5450,5780,5160,70959,384110460,28538792660,5160722,KSQ
1570,237750,KR7237750005,피앤씨테크,KOSDAQ,벤처기업부,4385,2,-90,-2.01,4540,4540,4360,16516,73437734,28487591000,6496600,KSQ
1571,023770,KR7023770001,플레이위드,KOSDAQ,중견기업부,3175,1,95,3.08,3080,3310,3050,65975,211198717,28405121625,8946495,KSQ
1572,032080,KR7032080004,아즈텍WB,KOSDAQ,중견기업부,1319,2,-4,-0.3,1323,1327,1304,21508,28289331,28346667251,21491029,KSQ
1573,016100,KR7016100000,리더스코스메틱,KOSDAQ,중견기업부,1484,2,-34,-2.24,1511,1511,1449,21306,31509241,28345726696,19100894,KSQ
1574,405000,KR7405000001,플라즈맵,KOSDAQ,중견기업부,7350,1,370,5.3,7010,8600,7010,42255,331517105,28212563400,3838444,KSQ
1575,900110,HK0000057197,이스트아시아홀딩스,KOSDAQ,외국기업(소속부없음),760,1,2,0.26,779,779,752,32417,24702743,28024806200,36874745,KSQ
1576,318010,KR7318010006,팜스빌,KOSDAQ,중견기업부,3515,1,10,0.29,3470,3550,3470,3763,13268445,27871623070,7929338,KSQ
1577,328380,KR7328380001,솔트웨어,KOSDAQ,벤처기업부,813,2,-7,-0.85,820,820,792,19056,15396088,27855638514,34262778,KSQ
1578,036480,KR7036480002,대성미생물,KOSDAQ,중견기업부,7320,2,-240,-3.17,7510,7640,7220,18195,133517260,27816000000,3800000,KSQ
1579,377330,KR7377330006,이지트로닉스,KOSDAQ,기술성장기업부,3410,2,-50,-1.45,3435,3435,3310,5175,17364874,27757243140,8139954,KSQ
1580,096690,KR7096690003,에이루트,KOSDAQ,중견기업부,1149,2,-21,-1.79,1170,1170,1137,23658,27242028,27733473897,24137053,KSQ
1581,196700,KR7196700009,웹스,KOSDAQ,벤처기업부,1928,1,8,0.42,1940,1946,1873,42378,80595143,27694069632,14364144,KSQ
1582,060900,KR7060900008,에이전트AI,KOSDAQ,중견기업부,345,0,0,0.0,0,0,0,0,0,27538406460,79821468,KSQ
1583,131760,KR7131760001,파인텍,KOSDAQ,벤처기업부,632,2,-1,-0.16,632,638,610,300668,188235810,27448760456,43431583,KSQ
1584,208640,KR7208640003,썸에이지,KOSDAQ,중견기업부,197,1,14,7.65,183,209,183,1984937,385133105,27430330038,139240254,KSQ
1585,034940,KR7034940007,조아제약,KOSDAQ,중견기업부,885,2,-10,-1.12,895,906,882,35857,31982670,27417146895,30979827,KSQ
1586,042040,KR7042040006,케이피엠테크,KOSDAQ,중견기업부,140,1,6,4.48,135,158,135,4983685,721835439,27320380360,195145574,KSQ
1587,208710,KR7208710004,포톤,KOSDAQ,중견기업부,2070,2,-45,-2.13,2110,2110,2050,26925,55984620,27282873240,13180132,KSQ
1588,101400,KR7101400000,엔시트론,KOSDAQ,중견기업부,387,2,-21,-5.15,408,408,383,304430,118483773,27264432510,70450730,KSQ
1589,043220,KR7043220003,티에스넥스젠,KOSDAQ,관리종목(소속부없음),1710,0,0,0.0,0,0,0,0,0,27227331360,15922416,KSQ
1590,060230,KR7060230000,제이케이시냅스,KOSDAQ,중견기업부,497,2,-8,-1.58,505,530,480,1893201,951053320,27218405788,54765404,KSQ
1591,083470,KR7083470005,이엠앤아이,KOSDAQ,벤처기업부,1274,2,-11,-0.86,1285,1288,1220,147951,185200040,27187579146,21340329,KSQ
1592,093380,KR7093380004,풍강,KOSDAQ,중견기업부,2750,1,15,0.55,2730,2750,2730,5674,15565525,27168110750,9879313,KSQ
1593,900070,KYG3931T1076,글로벌에스엠,KOSDAQ,외국기업(소속부없음),504,2,-11,-2.14,508,511,496,142828,71784504,27086959872,53743968,KSQ
1594,131180,KR7131180002,딜리,KOSDAQ,벤처기업부,921,1,5,0.55,916,924,903,15296,14039120,27031350000,29350000,KSQ
1595,267790,KR7267790004,배럴,KOSDAQ,벤처기업부,3515,2,-50,-1.4,3465,3565,3465,2527,8874640,27027921135,7689309,KSQ
1596,007770,KR7007770001,한일화학,KOSDAQ,중견기업부,7700,2,-70,-0.9,7820,7820,7690,4311,33222680,27027000000,3510000,KSQ
1597,016920,KR7016920001,카스,KOSDAQ,중견기업부,1020,1,28,2.82,997,1028,983,85770,86058032,27023408760,26493538,KSQ
1598,303030,KR7303030001,지니틱스,KOSDAQ,벤처기업부,728,2,-49,-6.31,777,777,711,209671,153134177,26989645592,37073689,KSQ
1599,044780,KR7044780005,에이치케이,KOSDAQ,벤처기업부,1457,1,7,0.48,1450,1459,1440,7946,11523694,26962931659,18505787,KSQ
1600,139670,KR7139670004,키네마스터,KOSDAQ,중견기업부,1907,1,5,0.26,1902,1927,1866,30327,57518423,26924570670,14118810,KSQ
1601,227610,KR7227610003,아우딘퓨쳐스,KOSDAQ,중견기업부,707,2,-37,-4.97,734,757,707,77098,55704882,26899402922,38047246,KSQ
1602,464680,KR7464680008,KB제27호스팩,KOSDAQ,SPAC(소속부없음),2080,3,0,0.0,2080,2085,2080,10648,22148285,26842400000,12905000,KSQ
1603,372800,KR7372800003,아이티아이즈,KOSDAQ,벤처기업부,3810,2,-115,-2.93,3925,3950,3770,30161,115724530,26811690090,7037189,KSQ
1604,217620,KR7217620004,선샤인푸드,KOSDAQ,관리종목(소속부없음),3810,0,0,0.0,0,0,0,0,0,26803681470,7035087,KSQ
1605,377030,KR7377030002,비트맥스,KOSDAQ,관리종목(소속부없음),626,0,0,0.0,0,0,0,0,0,26778677440,42777440,KSQ
1606,355690,KR7355690009,에이텀,KOSDAQ,기술성장기업부,4945,2,-195,-3.79,5090,5330,4900,66708,332829775,26727626100,5404980,KSQ
1607,103230,KR7103230009,에스앤더블류,KOSDAQ,중견기업부,3710,2,-25,-0.67,3750,3750,3685,10561,39125385,26712000000,7200000,KSQ
1608,331520,KR7331520007,밸로프,KOSDAQ,중견기업부,524,0,0,0.0,0,0,0,0,0,26652940360,50864390,KSQ
1609,208350,KR7208350009,지란지교시큐리티,KOSDAQ,벤처기업부,3125,1,10,0.32,3130,3145,3100,20446,63983875,26567406250,8501570,KSQ
1610,226340,KR7226340008,본느,KOSDAQ,벤처기업부,631,1,6,0.96,627,644,605,317480,196891560,26471977020,41952420,KSQ
1611,417180,KR7417180007,핑거스토리,KOSDAQ,중견기업부,1507,2,-13,-0.86,1528,1537,1505,9272,14015996,26445774861,17548623,KSQ
1612,115530,KR7115530008,씨엔플러스,KOSDAQ,중견기업부,364,2,-8,-2.15,374,384,354,1404950,517648422,26385590504,72487886,KSQ
1613,406820,KR7406820001,뷰티스킨,KOSDAQ,벤처기업부,1865,1,7,0.38,1858,1916,1830,86470,161109300,26363932805,14136157,KSQ
1614,054090,KR7054090006,삼진엘앤디,KOSDAQ,중견기업부,1056,2,-24,-2.22,1111,1175,1043,882464,959153409,26356948992,24959232,KSQ
1615,067730,KR7067730002,로지시스,KOSDAQ,중견기업부,2720,2,-35,-1.27,2760,2760,2715,20117,54813109,26313067840,9673922,KSQ
1616,198940,KR7198940009,한주라이트메탈,KOSDAQ,중견기업부,676,1,19,2.89,667,702,652,399448,268189132,26311933128,38922978,KSQ
1617,070590,KR7070590005,인티큐브,KOSDAQ,중견기업부,1870,2,-30,-1.58,1900,1900,1841,19493,36356570,25954704270,13879521,KSQ
1618,115570,KR7115570004,스타플렉스,KOSDAQ,중견기업부,3250,1,20,0.62,3230,3280,3195,5332,17313770,25949651000,7984508,KSQ
1619,188040,KR7188040000,바이오포트,KOSDAQ,벤처기업부,5510,2,-190,-3.33,5750,5810,5390,14990,82993260,25782987080,4679308,KSQ
1620,424760,KR7424760007,벨로크,KOSDAQ,벤처기업부,1303,2,-21,-1.59,1323,1324,1280,72504,94422434,25771147051,19778317,KSQ
1621,191410,KR7191410000,육일씨엔에쓰,KOSDAQ,중견기업부,2300,2,-60,-2.54,2365,2365,2240,82302,186748328,25769786500,11204255,KSQ
1622,021040,KR7021040001,대호특수강,KOSDAQ,중견기업부,1186,1,3,0.25,1190,1240,1174,16289,19391723,25741861964,21704774,KSQ
1623,362990,KR7362990004,드림인사이트,KOSDAQ,벤처기업부,1524,3,0,0.0,1524,1548,1519,7045,10735195,25604074776,16800574,KSQ
1624,037400,KR7037400009,우리엔터프라이즈,KOSDAQ,중견기업부,975,1,5,0.52,971,981,971,12895,12551553,25567762350,26223346,KSQ
1625,348030,KR7348030008,모비릭스,KOSDAQ,중견기업부,2640,2,-100,-3.65,2655,2760,2615,232966,620705377,25354032000,9603800,KSQ
1626,353190,KR7353190002,휴럼,KOSDAQ,중견기업부,640,0,0,0.0,0,0,0,0,0,25202188800,39378420,KSQ
1627,032680,KR7032680001,소프트센,KOSDAQ,중견기업부,238,2,-2,-0.83,240,242,235,215313,51343782,25130601832,105590764,KSQ
1628,900270,HK0000214814,헝셩그룹,KOSDAQ,외국기업(소속부없음),1027,1,14,1.38,1016,1055,1007,247578,254698269,25063631008,24404704,KSQ
1629,193250,KR7193250008,링크드,KOSDAQ,중견기업부,371,1,6,1.64,365,389,364,143131,53916585,24799371457,66844667,KSQ
1630,197140,KR7197140007,디지캡,KOSDAQ,벤처기업부,1895,3,0,0.0,1905,1925,1881,1908,3627700,24659926830,13013154,KSQ
1631,309930,KR7309930006,조이웍스앤코,KOSDAQ,중견기업부,1004,1,103,11.43,911,1147,911,2010201,2103845972,24584996192,24487048,KSQ
1632,091970,KR7091970004,나노캠텍,KOSDAQ,중견기업부,648,1,1,0.15,647,675,641,54494,35276576,24412689144,37673903,KSQ
1633,418620,KR7418620001,E8,KOSDAQ,기술성장기업부,1226,2,-32,-2.54,1318,1319,1193,246298,302046811,24336684802,19850477,KSQ
1634,373110,KR7373110006,엑셀세라퓨틱스,KOSDAQ,기술성장기업부,1406,2,-3,-0.21,1425,1425,1383,53213,74042517,24315917964,17294394,KSQ
1635,139050,KR7139050009,BF랩스,KOSDAQ,관리종목(소속부없음),2805,0,0,0.0,0,0,0,0,0,24247965555,8644551,KSQ
1636,067010,KR7067010009,이씨에스,KOSDAQ,벤처기업부,2225,2,-5,-0.22,2210,2265,2205,12449,27644152,24226912500,10888500,KSQ
1637,078860,KR7078860004,스테이지원엔터,KOSDAQ,투자주의환기종목(소속부없음),408,1,13,3.29,398,443,398,495169,207802831,24219800856,59362257,KSQ
1638,308100,KR7308100007,형지글로벌,KOSDAQ,중견기업부,1000,2,-9,-0.89,1011,1112,984,2245088,2351858385,24023008000,24023008,KSQ
1639,054940,KR7054940002,엑사이엔씨,KOSDAQ,중견기업부,723,2,-17,-2.3,740,740,714,139940,100865717,23984475204,33173548,KSQ
1640,352940,KR7352940001,인바이오,KOSDAQ,벤처기업부,2205,1,5,0.23,2205,2225,2180,5908,13020040,23963344650,10867730,KSQ
1641,130740,KR7130740004,티피씨글로벌,KOSDAQ,중견기업부,2110,2,-15,-0.71,2195,2195,2060,33435,69474145,23793792690,11276679,KSQ
1642,002680,KR7002680007,한탑,KOSDAQ,중견기업부,735,1,10,1.38,730,754,723,269342,198688390,23752847265,32316799,KSQ
1643,415380,KR7415380005,스튜디오삼익,KOSDAQ,중견기업부,2075,3,0,0.0,2065,2075,2035,9148,18855695,23744173125,11442975,KSQ
1644,322780,KR7322780008,코퍼스코리아,KOSDAQ,중견기업부,531,1,63,13.46,468,585,422,8627096,4591105638,23713390566,44657986,KSQ
1645,275630,KR7275630002,에스에스알,KOSDAQ,벤처기업부,4205,1,115,2.81,4095,4290,4050,50633,212609250,23698951090,5635898,KSQ
1646,154030,KR7154030001,아시아종묘,KOSDAQ,벤처기업부,1951,2,-4,-0.2,1955,1965,1949,25404,49644209,23532702517,12061867,KSQ
1647,225590,KR7225590009,패션플랫폼,KOSDAQ,우량기업부,880,2,-8,-0.9,888,905,878,96356,85151317,23440307440,26636713,KSQ
1648,121890,KR7121890008,에스디시스템,KOSDAQ,중견기업부,1762,2,-23,-1.29,1750,1785,1726,138799,242596539,23419527852,13291446,KSQ
1649,101680,KR7101680007,한국정밀기계,KOSDAQ,중견기업부,2750,2,-70,-2.48,2790,2790,2720,36059,98677770,23111000000,8404000,KSQ
1650,065150,KR7065150005,대산F&B,KOSDAQ,관리종목(소속부없음),145,0,0,0.0,0,0,0,0,0,23110448725,159382405,KSQ
1651,238200,KR7238200000,비피도,KOSDAQ,벤처기업부,2825,3,0,0.0,2820,2835,2790,5491,15476860,23108500000,8180000,KSQ
1652,050110,KR7050110006,캠시스,KOSDAQ,중견기업부,1564,2,-102,-6.12,1666,1687,1541,238704,378942658,23092183172,14764823,KSQ
1653,291810,KR7291810000,핀텔,KOSDAQ,기술성장기업부,2030,2,-15,-0.73,2090,2090,2015,3793,7725300,23078485360,11368712,KSQ
1654,043360,KR7043360007,디지아이,KOSDAQ,벤처기업부,2560,2,-60,-2.29,2620,2645,2560,11436,29732815,23040000000,9000000,KSQ
1655,113810,KR7113810006,디젠스,KOSDAQ,중견기업부,703,2,-9,-1.26,715,715,697,77431,54710719,22937519853,32628051,KSQ
1656,368600,KR7368600003,아이씨에이치,KOSDAQ,기술성장기업부,898,2,-15,-1.64,930,930,890,39393,35484279,22933434708,25538346,KSQ
1657,137940,KR7137940003,넥스트아이,KOSDAQ,중견기업부,267,2,-13,-4.64,283,294,263,1518731,413960565,22793520864,85368992,KSQ
1658,240600,KR7240600007,유진테크놀로지,KOSDAQ,중견기업부,3280,2,-20,-0.61,3175,3305,3120,18881,60347842,22724335280,6928151,KSQ
1659,032280,KR7032280000,삼일,KOSDAQ,중견기업부,1401,2,-3,-0.21,1394,1402,1394,8416,11765047,22715239590,16213590,KSQ
1660,019570,KR7019570001,플루토스,KOSDAQ,중견기업부,334,2,-33,-8.99,349,351,316,3324356,1105288302,22615154028,67710042,KSQ
1661,017250,KR7017250002,인터엠,KOSDAQ,중견기업부,1070,2,-1,-0.09,1071,1110,1061,43014,46926360,22518649690,21045467,KSQ
1662,365900,KR7365900000,브이씨,KOSDAQ,벤처기업부,3080,2,-40,-1.28,3290,3310,3030,5133,16071068,22515724000,7310300,KSQ
1663,192390,KR7192390003,윈하이텍,KOSDAQ,우량기업부,2035,2,-10,-0.49,2095,2095,1986,6810,13783611,22450586015,11032229,KSQ
1664,050760,KR7050760008,에스폴리텍,KOSDAQ,중견기업부,1373,1,54,4.09,1360,1489,1337,323948,447208716,22427512894,16334678,KSQ
1665,247660,KR7247660004,나노씨엠에스,KOSDAQ,기술성장기업부,5150,1,80,1.58,5050,5180,4985,40947,210236805,22371188000,4343920,KSQ
1666,289010,KR7289010001,아이스크림에듀,KOSDAQ,중견기업부,1585,3,0,0.0,1598,1599,1579,23395,37190687,22103230760,13945256,KSQ
1667,312610,KR7312610009,에이에프더블류,KOSDAQ,투자주의환기종목(소속부없음),1091,2,-2,-0.18,1099,1115,1090,11451,12607409,22100264808,20256888,KSQ
1668,121850,KR7121850002,코이즈,KOSDAQ,투자주의환기종목(소속부없음),4305,4,990,29.86,4305,4305,4305,188621,812013405,21770380695,5056999,KSQ
1669,045520,KR7045520004,크린앤사이언스,KOSDAQ,중견기업부,3335,2,-5,-0.15,3410,3410,3300,3665,12223772,21677500000,6500000,KSQ
1670,110020,KR7110020005,전진바이오팜,KOSDAQ,기술성장기업부,2390,1,40,1.7,2355,2450,2230,79842,186046705,21650441180,9058762,KSQ
1671,389680,KR7389680000,유디엠텍,KOSDAQ,기술성장기업부,520,2,-16,-2.99,548,548,517,209948,110320146,21628081800,41592465,KSQ
1672,080720,KR7080720006,한국유니온제약,KOSDAQ,관리종목(소속부없음),2725,0,0,0.0,0,0,0,0,0,21562456300,7912828,KSQ
1673,098660,KR7098660004,에스티오,KOSDAQ,중견기업부,1718,1,42,2.51,1676,1787,1645,45505,76622377,21476676768,12500976,KSQ
1674,230980,KR7230980005,비유테크놀러지,KOSDAQ,관리종목(소속부없음),229,0,0,0.0,0,0,0,0,0,21370407553,93320557,KSQ
1675,053060,KR7053060000,세동,KOSDAQ,중견기업부,1203,2,-13,-1.07,1216,1216,1198,47036,56718707,21241875057,17657419,KSQ
1676,177350,KR7177350006,베셀,KOSDAQ,투자주의환기종목(소속부없음),1064,2,-21,-1.94,1105,1105,1060,139817,150028954,20911608088,19653767,KSQ
1677,018620,KR7018620005,우진비앤지,KOSDAQ,중견기업부,714,2,-11,-1.52,725,730,703,38065,27487112,20626955202,28889293,KSQ
1678,048830,KR7048830004,엔피케이,KOSDAQ,중견기업부,1100,1,51,4.86,1049,1129,1049,370400,404253562,20596315300,18723923,KSQ
1679,054410,KR7054410006,케이피티유,KOSDAQ,중견기업부,3575,2,-20,-0.56,3610,3700,3560,11061,39777665,20472037300,5726444,KSQ
1680,069920,KR7069920007,엑시온그룹,KOSDAQ,투자주의환기종목(소속부없음),436,2,-5,-1.13,443,465,427,106988,46596913,20266417524,46482609,KSQ
1681,065690,KR7065690000,파커스,KOSDAQ,투자주의환기종목(소속부없음),1427,1,56,4.08,1401,1437,1389,34584,49163873,20048395337,14049331,KSQ
1682,134060,KR7134060003,이퓨쳐,KOSDAQ,벤처기업부,4195,1,95,2.32,4120,4195,4100,1511,6222185,20007003750,4769250,KSQ
1683,215480,KR7215480005,토박스코리아,KOSDAQ,중견기업부,2170,1,10,0.46,2170,2205,2140,7031,15227540,19920600000,9180000,KSQ
1684,084440,KR7084440007,유비온,KOSDAQ,기술성장기업부,1008,2,-15,-1.47,1023,1023,1001,35709,36145066,19870502400,19712800,KSQ
1685,154040,KR7154040000,다산솔루에타,KOSDAQ,중견기업부,1099,2,-23,-2.05,1127,1128,1098,32669,36406086,19727153306,17950094,KSQ
1686,084180,KR7084180009,수성웹툰,KOSDAQ,중견기업부,1080,2,-74,-6.41,1154,1174,1061,252265,277805856,19520225640,18074283,KSQ
1687,199730,KR7199730003,바이오인프라,KOSDAQ,벤처기업부,3960,1,20,0.51,3940,4095,3940,1918,7601072,19262893320,4864367,KSQ
1688,214610,KR7214610008,롤링스톤,KOSDAQ,관리종목(소속부없음),2290,0,0,0.0,0,0,0,0,0,19197807380,8383322,KSQ
1689,014100,KR7014100002,메디앙스,KOSDAQ,중견기업부,1624,2,-18,-1.1,1677,1694,1617,9439,15448857,19163200000,11800000,KSQ
1690,096870,KR7096870001,엘디티,KOSDAQ,벤처기업부,2295,2,-15,-0.65,2315,2355,2260,21936,50579275,19158657705,8347999,KSQ
1691,060260,KR7060260007,뉴보텍,KOSDAQ,벤처기업부,1400,2,-40,-2.78,1483,1483,1393,150396,213040685,18916812600,13512009,KSQ
1692,028080,KR7028080000,휴맥스홀딩스,KOSDAQ,중견기업부,1503,0,0,0.0,0,0,0,0,0,18903991518,12577506,KSQ
1693,011080,KR7011080009,형지I&C,KOSDAQ,중견기업부,440,1,4,0.92,436,532,405,12179203,5840151572,18903553680,42962622,KSQ
1694,060480,KR7060480001,국일신동,KOSDAQ,중견기업부,1701,2,-15,-0.87,1731,1731,1680,37727,64248623,18864090000,11090000,KSQ
1695,344860,KR7344860002,이노진,KOSDAQ,기술성장기업부,1563,1,11,0.71,1559,1590,1552,25488,39693025,18802890000,12030000,KSQ
1696,065420,KR7065420002,에스아이리소스,KOSDAQ,중견기업부,262,1,22,9.17,240,288,238,11936890,3204163450,18753252338,71577299,KSQ
1697,088290,KR7088290002,이원컴포텍,KOSDAQ,관리종목(소속부없음),469,1,15,3.3,450,512,442,224354,106113264,18703890716,39880364,KSQ
1698,361670,KR7361670003,삼영에스앤씨,KOSDAQ,기술성장기업부,3275,1,75,2.34,3205,3335,3205,11979,39053621,18561579950,5667658,KSQ
1699,419540,KR7419540000,비스토스,KOSDAQ,벤처기업부,807,2,-9,-1.1,839,839,796,129863,105494171,18554956377,22992511,KSQ
1700,067770,KR7067770008,세진티에스,KOSDAQ,중견기업부,2200,2,-70,-3.08,2270,2330,2175,24404,54285960,18472504600,8396593,KSQ
1701,018700,KR7018700005,바른손,KOSDAQ,투자주의환기종목(소속부없음),525,2,-4,-0.76,530,536,516,44931,23589913,18437872425,35119757,KSQ
1702,032980,KR7032980005,바이온,KOSDAQ,관리종목(소속부없음),604,0,0,0.0,0,0,0,0,0,18354952980,30388995,KSQ
1703,051780,KR7051780005,큐로홀딩스,KOSDAQ,중견기업부,705,2,-20,-2.76,725,732,700,56881,40601734,18196927725,25811245,KSQ
1704,368970,KR7368970000,오에스피,KOSDAQ,벤처기업부,1940,1,73,3.91,1867,1940,1867,31098,58892739,18131550400,9346160,KSQ
1705,035620,KR7035620004,바른손이앤에이,KOSDAQ,중견기업부,242,2,-6,-2.42,248,250,238,230453,55630981,18014401350,74439675,KSQ
1706,025870,KR7025870007,신라에스지,KOSDAQ,중견기업부,4490,2,-100,-2.18,4590,4605,4490,7955,36409765,17960000000,4000000,KSQ
1707,043590,KR7043590009,웰킵스하이텍,KOSDAQ,중견기업부,648,2,-20,-2.99,641,665,641,101340,65475367,17584621776,27136762,KSQ
1708,900100,USU652221081,애머릿지,KOSDAQ,외국기업(소속부없음),325,4,75,30.0,260,325,260,1393487,430465669,17147163150,52760502,KSQ
1709,276730,KR7276730009,한울앤제주,KOSDAQ,투자주의환기종목(소속부없음),774,2,-69,-8.19,846,848,770,170289,136262946,17143981578,22149847,KSQ
1710,225430,KR7225430008,케이엠제약,KOSDAQ,벤처기업부,606,2,-59,-8.87,674,674,591,2411299,1486719547,16899552300,27887050,KSQ
1711,241820,KR7241820000,피씨엘,KOSDAQ,관리종목(소속부없음),6040,0,0,0.0,0,0,0,0,0,16803871920,2782098,KSQ
1712,477380,KR7477380000,미래에셋비전스팩4호,KOSDAQ,SPAC(소속부없음),2070,2,-5,-0.24,2075,2075,2060,952,1962280,16767000000,8100000,KSQ
1713,482680,KR7482680006,미래에셋비전스팩7호,KOSDAQ,SPAC(소속부없음),2030,2,-5,-0.25,2030,2035,2030,347,704420,16676450000,8215000,KSQ
1714,035290,KR7035290006,골드앤에스,KOSDAQ,중견기업부,699,1,55,8.54,644,740,621,551337,376580735,16662929760,23838240,KSQ
1715,069330,KR7069330009,유아이디,KOSDAQ,벤처기업부,1166,1,17,1.48,1182,1182,1152,29928,34749017,16546812106,14191091,KSQ
1716,083660,KR7083660001,CSA 코스믹,KOSDAQ,중견기업부,262,2,-7,-2.6,269,274,258,352088,92862883,16461318258,62829459,KSQ
1717,012340,KR7012340006,뉴인텍,KOSDAQ,투자주의환기종목(소속부없음),287,0,0,0.0,0,0,0,0,0,16215948294,56501562,KSQ
1718,250930,KR7250930005,예선테크,KOSDAQ,벤처기업부,487,1,33,7.27,459,590,455,10371213,5847456654,16071214280,33000440,KSQ
1719,106520,KR7106520000,노블엠앤비,KOSDAQ,투자주의환기종목(소속부없음),411,0,0,0.0,0,0,0,0,0,15904036272,38695952,KSQ
1720,0072Z0,KR70072Z0006,KB제33호스팩,KOSDAQ,SPAC(소속부없음),2000,3,0,0.0,2000,2005,1999,4662,9327169,15770000000,7885000,KSQ
1721,032800,KR7032800005,판타지오,KOSDAQ,중견기업부,342,3,0,0.0,342,352,335,337399,113940364,15717313836,45957058,KSQ
1722,0130H0,KR70130H0008,엔에이치스팩33호,KOSDAQ,SPAC(소속부없음),2015,3,0,0.0,2010,2030,2010,120542,243174229,15515500000,7700000,KSQ
1723,0101C0,KR70101C0008,하나36호스팩,KOSDAQ,SPAC(소속부없음),2000,2,-10,-0.5,2010,2010,2000,231,462370,15480000000,7740000,KSQ
1724,0044K0,KR70044K0008,삼성스팩10호,KOSDAQ,SPAC(소속부없음),2050,2,-5,-0.24,2055,2055,2045,375,770390,15416000000,7520000,KSQ
1725,050090,KR7050090000,비케이홀딩스,KOSDAQ,투자주의환기종목(소속부없음),777,1,7,0.91,776,825,772,130708,104267033,15372739095,19784735,KSQ
1726,457630,KR7457630002,대신밸런스제16호스팩,KOSDAQ,관리종목(소속부없음),2095,3,0,0.0,2095,2095,2095,43310,90734450,15314450000,7310000,KSQ
1727,477340,KR7477340004,에이치엠씨제7호스팩,KOSDAQ,SPAC(소속부없음),2035,1,5,0.25,2030,2035,2030,88,178675,15282850000,7510000,KSQ
1728,030350,KR7030350003,드래곤플라이,KOSDAQ,관리종목(소속부없음),973,0,0,0.0,0,0,0,0,0,15171092867,15592079,KSQ
1729,469880,KR7469880009,하나30호스팩,KOSDAQ,SPAC(소속부없음),2075,3,0,0.0,2075,2080,2075,6554,13599555,15157875000,7305000,KSQ
1730,0115H0,KR70115H0007,삼성스팩13호,KOSDAQ,SPAC(소속부없음),2020,1,5,0.25,2015,2025,2015,48566,98046921,14847000000,7350000,KSQ
1731,073190,KR7073190001,듀오백,KOSDAQ,투자주의환기종목(소속부없음),1236,2,-22,-1.75,1258,1290,1212,7582,9413944,14792497440,11968040,KSQ
1732,008290,KR7008290009,원풍물산,KOSDAQ,투자주의환기종목(소속부없음),363,1,10,2.83,361,365,354,90015,32179411,14771805477,40693679,KSQ
1733,227100,KR7227100005,프로브잇,KOSDAQ,관리종목(소속부없음),612,0,0,0.0,0,0,0,0,0,14770119384,24134182,KSQ
1734,473050,KR7473050003,유안타제15호스팩,KOSDAQ,SPAC(소속부없음),2055,3,0,0.0,2055,2060,2055,25488,52377845,14405550000,7010000,KSQ
1735,478440,KR7478440001,미래에셋비전스팩6호,KOSDAQ,SPAC(소속부없음),2060,3,0,0.0,2050,2060,2050,69,141520,14275800000,6930000,KSQ
1736,479880,KR7479880007,한국제15호스팩,KOSDAQ,SPAC(소속부없음),2045,3,0,0.0,2050,2050,2045,78,159850,14049150000,6870000,KSQ
1737,0099W0,KR70099W0008,미래에셋비전스팩11호,KOSDAQ,SPAC(소속부없음),2000,2,-5,-0.25,2005,2005,2000,15838,31676629,14000000000,7000000,KSQ
1738,079950,KR7079950002,인베니아,KOSDAQ,관리종목(소속부없음),1009,2,-16,-1.56,1025,1034,993,121200,121389072,13923291900,13799100,KSQ
1739,352770,KR7352770002,셀레스트라,KOSDAQ,관리종목(소속부없음),5250,0,0,0.0,0,0,0,0,0,13610136750,2592407,KSQ
1740,065060,KR7065060006,지엔코,KOSDAQ,중견기업부,570,2,-3,-0.52,576,580,559,148360,84382268,13566458280,23800804,KSQ
1741,489480,KR7489480004,키움제11호스팩,KOSDAQ,SPAC(소속부없음),2055,1,5,0.24,2050,2055,2050,1399,2874450,13563000000,6600000,KSQ
1742,244460,KR7244460002,올리패스,KOSDAQ,관리종목(소속부없음),1651,0,0,0.0,0,0,0,0,0,13415218661,8125511,KSQ
1743,481890,KR7481890002,엔에이치스팩31호,KOSDAQ,SPAC(소속부없음),2100,2,-10,-0.47,2100,2100,2095,20,41965,13324500000,6345000,KSQ
1744,0096B0,KR70096B0006,삼성스팩12호,KOSDAQ,SPAC(소속부없음),2010,2,-10,-0.5,2020,2020,2010,8056,16195565,13225800000,6580000,KSQ
1745,0099X0,KR70099X0007,IBKS제25호스팩,KOSDAQ,SPAC(소속부없음),2205,1,5,0.23,2200,2205,2190,2972,6526185,13185900000,5980000,KSQ
1746,489730,KR7489730002,디비금융제13호스팩,KOSDAQ,SPAC(소속부없음),2080,2,-10,-0.48,2090,2090,2080,933,1940880,13170560000,6332000,KSQ
1747,031860,KR7031860000,디에이치엑스컴퍼니,KOSDAQ,관리종목(소속부없음),693,0,0,0.0,0,0,0,0,0,13156898139,18985423,KSQ
1748,477760,KR7477760003,DB금융스팩12호,KOSDAQ,SPAC(소속부없음),2230,0,0,0.0,0,0,0,0,0,13023200000,5840000,KSQ
1749,0097F0,KR70097F0001,미래에셋비전스팩10호,KOSDAQ,SPAC(소속부없음),2000,3,0,0.0,2000,2005,2000,2155,4310095,13000000000,6500000,KSQ
1750,058450,KR7058450008,한주에이알티,KOSDAQ,투자주의환기종목(소속부없음),647,0,0,0.0,0,0,0,0,0,12974606736,20053488,KSQ
1751,009620,KR7009620006,삼보산업,KOSDAQ,투자주의환기종목(소속부없음),785,2,-53,-6.32,838,838,770,504014,398864256,12863081435,16386091,KSQ
1752,478390,KR7478390008,KB제29호스팩,KOSDAQ,SPAC(소속부없음),2065,2,-10,-0.48,2075,2075,2065,4328,8947960,12844300000,6220000,KSQ
1753,0093G0,KR70093G0004,미래에셋비전스팩8호,KOSDAQ,SPAC(소속부없음),2005,1,5,0.25,2000,2005,2000,3570,7143620,12832000000,6400000,KSQ
1754,0037T0,KR70037T0008,KB제32호스팩,KOSDAQ,SPAC(소속부없음),2020,3,0,0.0,2020,2020,2010,1902,3827220,12786600000,6330000,KSQ
1755,482520,KR7482520004,교보16호스팩,KOSDAQ,SPAC(소속부없음),2095,0,0,0.0,0,0,0,0,0,12779500000,6100000,KSQ
1756,0054V0,KR70054V0002,엔에이치스팩32호,KOSDAQ,SPAC(소속부없음),2055,2,-5,-0.24,2060,2060,2050,1043,2142175,12774907500,6216500,KSQ
1757,471050,KR7471050005,대신밸런스제17호스팩,KOSDAQ,SPAC(소속부없음),2105,2,-10,-0.47,2115,2115,2095,227,475792,12756300000,6060000,KSQ
1758,0088D0,KR70088D0004,메리츠제1호스팩,KOSDAQ,SPAC(소속부없음),2200,2,-10,-0.45,2205,2210,2200,9276,20442190,12749000000,5795000,KSQ
1759,054180,KR7054180005,메디콕스,KOSDAQ,관리종목(소속부없음),2295,0,0,0.0,0,0,0,0,0,12686716395,5527981,KSQ
1760,492220,KR7492220009,KB제31호스팩,KOSDAQ,SPAC(소속부없음),2040,2,-20,-0.97,2055,2055,2035,4836,9902805,12668400000,6210000,KSQ
1761,079190,KR7079190005,케스피온,KOSDAQ,벤처기업부,330,0,0,0.0,0,0,0,0,0,12657319620,38355514,KSQ
1762,026910,KR7026910000,광진실업,KOSDAQ,중견기업부,1966,1,92,4.91,2300,2430,1887,1413280,3013553253,12593026230,6405405,KSQ
1763,0091W0,KR70091W0006,신영스팩11호,KOSDAQ,SPAC(소속부없음),2065,3,0,0.0,2065,2065,2060,281,579560,12530420000,6068000,KSQ
1764,188260,KR7188260004,세니젠,KOSDAQ,관리종목(소속부없음),1718,1,72,4.37,1646,1876,1594,111946,196011915,12418511460,7228470,KSQ
1765,065570,KR7065570004,삼영이엔씨,KOSDAQ,관리종목(소속부없음),764,0,0,0.0,0,0,0,0,0,12295692232,16093838,KSQ
1766,0041L0,KR70041L0000,하나35호스팩,KOSDAQ,SPAC(소속부없음),2010,3,0,0.0,2010,2010,2005,7470,14982180,12120300000,6030000,KSQ
1767,482690,KR7482690005,대신밸런스제19호스팩,KOSDAQ,SPAC(소속부없음),2150,2,-10,-0.46,2150,2150,2145,177,379790,12072250000,5615000,KSQ
1768,0132G0,KR70132G0007,교보20호스팩,KOSDAQ,SPAC(소속부없음),2010,3,0,0.0,2010,2020,2010,86867,174966337,11999700000,5970000,KSQ
1769,900120,KYG2114A1094,씨엑스아이,KOSDAQ,외국기업(소속부없음),397,1,5,1.28,394,406,392,164928,65550662,11932940248,30057784,KSQ
1770,0071M0,KR70071M0002,삼성스팩11호,KOSDAQ,SPAC(소속부없음),2025,3,0,0.0,2025,2030,2015,6499,13121998,11664000000,5760000,KSQ
1771,469900,KR7469900005,하나31호스팩,KOSDAQ,SPAC(소속부없음),2065,3,0,0.0,2065,2065,2065,6,12390,11574325000,5605000,KSQ
1772,487360,KR7487360000,신한제14호스팩,KOSDAQ,SPAC(소속부없음),2045,2,-5,-0.24,2045,2050,2040,13322,27237745,11533800000,5640000,KSQ
1773,477470,KR7477470009,미래에셋비전스팩5호,KOSDAQ,SPAC(소속부없음),2100,2,-10,-0.47,2110,2110,2080,986,2053945,11508000000,5480000,KSQ
1774,060240,KR7060240009,스타코링크,KOSDAQ,관리종목(소속부없음),1976,0,0,0.0,0,0,0,0,0,11502414560,5821060,KSQ
1775,496070,KR7496070004,신한제16호스팩,KOSDAQ,SPAC(소속부없음),2030,1,5,0.25,2025,2030,2025,1929,3909755,11408600000,5620000,KSQ
1776,0105P0,KR70105P0009,유진스팩12호,KOSDAQ,SPAC(소속부없음),2010,1,5,0.25,2005,2010,2000,1192,2389140,11376600000,5660000,KSQ
1777,474660,KR7474660008,신한제12호스팩,KOSDAQ,SPAC(소속부없음),2050,2,-5,-0.24,2050,2060,2050,13023,26754050,11316000000,5520000,KSQ
1778,474490,KR7474490000,유안타제16호스팩,KOSDAQ,SPAC(소속부없음),2045,3,0,0.0,2045,2050,2040,15443,31579720,11267950000,5510000,KSQ
1779,486630,KR7486630007,KB제30호스팩,KOSDAQ,SPAC(소속부없음),2075,2,-5,-0.24,2075,2075,2075,1,2075,11018250000,5310000,KSQ
1780,0098T0,KR70098T0004,교보19호스팩,KOSDAQ,SPAC(소속부없음),2040,2,-10,-0.49,2050,2050,2040,1873,3830770,11016000000,5400000,KSQ
1781,0096D0,KR70096D0004,미래에셋비전스팩9호,KOSDAQ,SPAC(소속부없음),2000,3,0,0.0,2000,2005,1999,3764,7529688,11000000000,5500000,KSQ
1782,452670,KR7452670003,상상인제4호스팩,KOSDAQ,관리종목(소속부없음),2095,0,0,0.0,0,0,0,0,0,10935900000,5220000,KSQ
1783,489210,KR7489210005,교보17호스팩,KOSDAQ,SPAC(소속부없음),2110,3,0,0.0,2110,2110,2110,6045,12754950,10929800000,5180000,KSQ
1784,0004Y0,KR70004Y0000,디비금융제14호스팩,KOSDAQ,SPAC(소속부없음),2050,2,-5,-0.24,2055,2060,2045,18551,38024935,10895750000,5315000,KSQ
1785,0130D0,KR70130D0002,신한제17호스팩,KOSDAQ,SPAC(소속부없음),2020,1,5,0.25,2015,2025,2015,71875,145174853,10786800000,5340000,KSQ
1786,493790,KR7493790000,유안타제17호스팩,KOSDAQ,SPAC(소속부없음),2020,1,5,0.25,2015,2020,2010,1648,3320010,10726200000,5310000,KSQ
1787,455310,KR7455310003,한화플러스제4호스팩,KOSDAQ,관리종목(소속부없음),2100,3,0,0.0,2100,2100,2100,10643,22350300,10626000000,5060000,KSQ
1788,0041B0,KR70041B0002,교보18호스팩,KOSDAQ,SPAC(소속부없음),2080,1,10,0.48,2070,2090,2065,23651,49178170,10483200000,5040000,KSQ
1789,043100,KR7043100007,알파AI,KOSDAQ,관리종목(소속부없음),520,0,0,0.0,0,0,0,0,0,10457241600,20110080,KSQ
1790,466690,KR7466690005,키움히어로제1호스팩,KOSDAQ,SPAC(소속부없음),2050,1,10,0.49,2035,2050,2035,5667,11564730,10444750000,5095000,KSQ
1791,478110,KR7478110000,이베스트스팩6호,KOSDAQ,SPAC(소속부없음),2030,1,5,0.25,2025,2030,2025,14221,28867530,10190600000,5020000,KSQ
1792,03481K,KR703481K019,해성산업1우,KOSDAQ,중견기업부,7300,1,100,1.39,7210,7490,7160,2373,17269420,10139130600,1388922,KSQ
1793,472220,KR7472220003,신영스팩10호,KOSDAQ,SPAC(소속부없음),2160,1,5,0.23,2155,2160,2135,35,75090,10130400000,4690000,KSQ
1794,498390,KR7498390004,한화플러스제5호스팩,KOSDAQ,SPAC(소속부없음),2030,3,0,0.0,2030,2030,2025,965,1958475,10068800000,4960000,KSQ
1795,488060,KR7488060005,유진스팩11호,KOSDAQ,SPAC(소속부없음),2045,2,-10,-0.49,2040,2050,2040,5101,10406550,9652400000,4720000,KSQ
1796,467930,KR7467930004,IBKS제23호스팩,KOSDAQ,SPAC(소속부없음),2255,2,-5,-0.22,2260,2260,2250,5214,11757005,9538650000,4230000,KSQ
1797,106080,KR7106080005,케이이엠텍,KOSDAQ,투자주의환기종목(소속부없음),330,0,0,0.0,0,0,0,0,0,9506999040,28809088,KSQ
1798,484130,KR7484130000,하나34호스팩,KOSDAQ,SPAC(소속부없음),2060,2,-15,-0.72,2055,2075,2055,3489,7187315,9311200000,4520000,KSQ
1799,469480,KR7469480008,IBKS제24호스팩,KOSDAQ,SPAC(소속부없음),2160,2,-15,-0.69,2175,2175,2155,1545,3337300,9136800000,4230000,KSQ
1800,462020,KR7462020009,에이치엠씨제6호스팩,KOSDAQ,관리종목(소속부없음),2095,1,5,0.24,2092,2095,2090,80531,168639863,9102775000,4345000,KSQ
1801,464440,KR7464440007,한국제13호스팩,KOSDAQ,SPAC(소속부없음),2085,2,-5,-0.24,2085,2085,2080,410,854545,9007200000,4320000,KSQ
1802,473950,KR7473950004,에스케이증권제13호스팩,KOSDAQ,SPAC(소속부없음),2030,2,-5,-0.25,2035,2035,2030,2042,4145470,8972600000,4420000,KSQ
1803,487830,KR7487830002,신한제15호스팩,KOSDAQ,SPAC(소속부없음),2060,2,-15,-0.72,2070,2070,2060,647,1332830,8961000000,4350000,KSQ
1804,465320,KR7465320000,교보15호스팩,KOSDAQ,SPAC(소속부없음),2335,0,0,0.0,0,0,0,0,0,8896350000,3810000,KSQ
1805,468760,KR7468760004,유진스팩10호,KOSDAQ,SPAC(소속부없음),2087,2,-8,-0.38,2090,2090,2070,620,1285395,8848880000,4240000,KSQ
1806,487720,KR7487720005,키움제10호스팩,KOSDAQ,SPAC(소속부없음),2080,1,5,0.24,2070,2085,2065,30552,63544155,8798400000,4230000,KSQ
1807,0068Y0,KR70068Y0003,비엔케이제3호스팩,KOSDAQ,SPAC(소속부없음),2015,2,-5,-0.25,2015,2020,2015,2234,4501515,8684650000,4310000,KSQ
1808,472230,KR7472230002,에스케이증권제11호스팩,KOSDAQ,SPAC(소속부없음),2065,3,0,0.0,2065,2065,2065,1,2065,8580075000,4155000,KSQ
1809,0041J0,KR70041J0004,엘에스스팩1호,KOSDAQ,SPAC(소속부없음),2015,1,5,0.25,2010,2020,2010,855,1720265,8281650000,4110000,KSQ
1810,475250,KR7475250007,하나33호스팩,KOSDAQ,SPAC(소속부없음),2090,2,-5,-0.24,2095,2095,2070,12,25035,7733000000,3700000,KSQ
1811,474930,KR7474930005,신한제13호스팩,KOSDAQ,SPAC(소속부없음),2120,2,-5,-0.24,2130,2130,2105,4125,8723925,7674400000,3620000,KSQ
1812,079970,KR7079970000,투비소프트,KOSDAQ,관리종목(소속부없음),596,0,0,0.0,0,0,0,0,0,7646223464,12829234,KSQ
1813,276040,KR7276040003,스코넥,KOSDAQ,관리종목(소속부없음),327,0,0,0.0,0,0,0,0,0,7073119545,21630335,KSQ
1814,473000,KR7473000008,에스케이증권제12호스팩,KOSDAQ,SPAC(소속부없음),2065,3,0,0.0,2060,2065,2050,518,1064460,6835150000,3310000,KSQ
1815,475240,KR7475240008,하나32호스팩,KOSDAQ,SPAC(소속부없음),2115,1,10,0.48,2090,2115,2090,384,802635,6768000000,3200000,KSQ
1816,101390,KR7101390003,아이엠,KOSDAQ,관리종목(소속부없음),396,0,0,0.0,0,0,0,0,0,6698084184,16914354,KSQ
1817,044180,KR7044180008,KD,KOSDAQ,관리종목(소속부없음),205,0,0,0.0,0,0,0,0,0,5477148795,26717799,KSQ
1818,313760,KR7313760001,캐리,KOSDAQ,관리종목(소속부없음),468,0,0,0.0,0,0,0,0,0,5244963048,11207186,KSQ
1819,043090,KR7043090000,더테크놀로지,KOSDAQ,투자주의환기종목(소속부없음),380,0,0,0.0,0,0,0,0,0,4718944500,12418275,KSQ
1820,052770,KR7052770005,아이톡시,KOSDAQ,관리종목(소속부없음),312,0,0,0.0,0,0,0,0,0,4545457488,14568774,KSQ
1821,021045,KR7021041009,대호특수강우,KOSDAQ,중견기업부,2595,2,-30,-1.14,2635,2635,2595,366,953700,2201836740,848492,KSQ
1822,032685,KR7032681009,소프트센우,KOSDAQ,중견기업부,5570,1,70,1.27,5360,5770,5360,16,88230,1989280940,357142,KSQ
