,Code,ISU_CD,Name,Market,Dept,Close,ChangeCode,Changes,ChagesRatio,Open,High,Low,Volume,Amount,Marcap,Stocks,MarketId
0,000250,KR7000250001,삼천당제약,KOSDAQ,중견기업부,1113000,2,-45000,-3.89,1161000,1190000,1074000,155527,173485125500,26108166336000,23457472,KSQ
1,196170,KR7196170005,알테오젠,KOSDAQ GLOBAL,우량기업부,378000,2,-3000,-0.79,385000,388000,372000,315234,120079306750,20235792654000,53533843,KSQ
2,086520,KR7086520004,에코프로,KOSDAQ GLOBAL,중견기업부,148400,1,2400,1.64,141100,150900,138500,1198756,174233864250,20149180956800,135776152,KSQ
3,247540,KR7247540008,에코프로비엠,KOSDAQ GLOBAL,우량기업부,201000,1,2100,1.06,193900,206000,188700,402473,79163339700,19663917234000,97830434,KSQ
4,277810,KR7277810008,레인보우로보틱스,KOSDAQ,기술성장기업부,564000,1,6000,1.08,539000,567000,526000,157860,85656769000,10941519912000,19399858,KSQ
5,950160,KR8840120008,코오롱티슈진,KOSDAQ,외국기업(소속부없음),125200,1,5400,4.51,122100,128400,116400,1050388,130138408350,10423693142000,83256335,KSQ
6,298380,KR7298380007,에이비엘바이오,KOSDAQ,기술성장기업부,179200,2,-700,-0.39,180900,181800,174600,296470,52710861850,10032953369600,55987463,KSQ
7,058470,KR7058470006,리노공업,KOSDAQ GLOBAL,우량기업부,104200,1,1000,0.97,100900,104300,100000,358429,36413338350,7941274770000,76211850,KSQ
8,141080,KR7141080002,리가켐바이오,KOSDAQ GLOBAL,기술성장기업부,215000,1,8500,4.12,212500,219000,201500,331361,70201294500,7871222670000,36610338,KSQ
9,087010,KR7087010005,펩트론,KOSDAQ,기술성장기업부,302000,1,12000,4.14,279000,306500,279000,133903,39649508000,7041839700000,23317350,KSQ
10,028300,KR7028300002,HLB,KOSDAQ,중견기업부,52200,1,2250,4.5,49150,53500,49150,761860,39497779925,6948733708800,133117504,KSQ
11,240810,KR7240810002,원익IPS,KOSDAQ GLOBAL,우량기업부,120100,2,-1400,-1.15,119200,120700,115300,304216,35640575600,5894976510100,49083901,KSQ
12,310210,KR7310210000,보로노이,KOSDAQ,기술성장기업부,314500,2,-1500,-0.47,311000,323000,306000,41226,12917029750,5784762354500,18393521,KSQ
13,095340,KR7095340006,ISC,KOSDAQ GLOBAL,우량기업부,252000,1,12000,5.0,227500,252000,225000,128082,30509859000,5341658616000,21197058,KSQ
14,214370,KR7214370009,케어젠,KOSDAQ,벤처기업부,96300,1,2500,2.67,92100,96500,90000,75963,7106221850,5172754500000,53715000,KSQ
15,039030,KR7039030002,이오테크닉스,KOSDAQ GLOBAL,우량기업부,418000,1,10000,2.45,408500,419000,394000,64107,25864262250,5149571900000,12319550,KSQ
16,032820,KR7032820003,우리기술,KOSDAQ,벤처기업부,24350,1,350,1.46,22800,25000,22600,16896056,398700669475,4166194466700,171096282,KSQ
17,226950,KR7226950004,올릭스,KOSDAQ,기술성장기업부,203500,1,3500,1.75,196000,204000,189600,215015,42094572950,4131168640500,20300583,KSQ
18,403870,KR7403870009,HPSP,KOSDAQ GLOBAL,우량기업부,46250,1,600,1.31,43850,46450,43800,1460294,65966900625,3806375000000,82300000,KSQ
19,263750,KR7263750002,펄어비스,KOSDAQ GLOBAL,우량기업부,56300,1,5500,10.83,51600,59900,51600,7030202,399889293850,3617154236500,64247855,KSQ
20,108490,KR7108490004,로보티즈,KOSDAQ,기술성장기업부,245500,3,0,0.0,239000,247000,229500,87528,20710925500,3597244724000,14652728,KSQ
21,214150,KR7214150005,클래시스,KOSDAQ GLOBAL,우량기업부,53400,1,700,1.33,51300,54000,51100,144484,7615793050,3483584190600,65235659,KSQ
22,0009K0,KR70009K0001,에임드바이오,KOSDAQ,기술성장기업부,53500,2,-900,-1.65,53300,54400,52500,136168,7253235150,3459907113500,64671161,KSQ
23,347850,KR7347850000,디앤디파마텍,KOSDAQ,기술성장기업부,78100,2,-400,-0.51,79900,80000,76000,207087,16019296600,3421103880700,43804147,KSQ
24,036930,KR7036930006,주성엔지니어링,KOSDAQ GLOBAL,우량기업부,71500,1,200,0.28,68800,71900,68500,859140,60078244100,3323400151500,46481121,KSQ
25,043260,KR7043260009,성호전자,KOSDAQ,우량기업부,46500,2,-950,-2.0,45500,46500,42450,534523,23833488800,3297911269500,70922823,KSQ
26,237690,KR7237690003,에스티팜,KOSDAQ GLOBAL,우량기업부,157700,1,2900,1.87,152500,157700,150300,76944,11920307050,3281318306500,20807345,KSQ
27,214450,KR7214450009,파마리서치,KOSDAQ GLOBAL,우량기업부,312500,1,3000,0.97,303500,313500,302500,41669,12795179750,3246765000000,10389648,KSQ
28,476830,KR7476830005,알지노믹스,KOSDAQ,기술성장기업부,229500,1,2500,1.1,227000,232500,217000,222383,49967675500,3197816739000,13933842,KSQ
29,145020,KR7145020004,휴젤,KOSDAQ GLOBAL,우량기업부,257000,1,2500,0.98,248500,262000,248000,27647,7100088500,3162136481000,12304033,KSQ
30,357780,KR7357780006,솔브레인,KOSDAQ GLOBAL,우량기업부,391500,2,-3500,-0.89,393500,394000,380500,18763,7254643000,3045308589000,7778566,KSQ
31,083650,KR7083650002,비에이치아이,KOSDAQ,중견기업부,95200,2,-4500,-4.51,95300,96200,91400,263754,24552220850,2945904500000,30944375,KSQ
32,319400,KR7319400008,현대무벡스,KOSDAQ,우량기업부,25800,2,-1200,-4.44,25900,26250,24950,965446,24483617675,2873501806200,111376039,KSQ
33,140410,KR7140410002,메지온,KOSDAQ,투자주의환기종목(소속부없음),94400,1,2100,2.28,91000,94800,87900,211880,19364625250,2867982164800,30381167,KSQ
34,084370,KR7084370006,유진테크,KOSDAQ,우량기업부,117700,2,-6400,-5.16,117700,119700,114500,144134,16788602950,2697218143400,22916042,KSQ
35,064760,KR7064760002,티씨케이,KOSDAQ GLOBAL,우량기업부,236500,2,-8000,-3.27,236000,245500,227000,36792,8588540000,2643931884000,11179416,KSQ
36,440110,KR7440110005,파두,KOSDAQ,기술성장기업부,51500,1,300,0.59,49400,52300,48650,998065,50229241125,2575542655500,50010537,KSQ
37,178320,KR7178320008,서진시스템,KOSDAQ,벤처기업부,43250,2,-3050,-6.59,45000,46300,41600,2178156,93635070175,2541809679500,58770166,KSQ
38,068760,KR7068760008,셀트리온제약,KOSDAQ,우량기업부,58100,1,500,0.87,56400,58200,56100,44450,2534394600,2538028896200,43683802,KSQ
39,058610,KR7058610007,에스피지,KOSDAQ,우량기업부,111000,1,3000,2.78,102900,112200,101500,228879,24495155300,2461686960000,22177360,KSQ
40,347700,KR7347700007,스피어,KOSDAQ,기술성장기업부,48850,2,-1250,-2.5,48700,51400,47900,766165,37493903875,2409315608800,49320688,KSQ
41,319660,KR7319660007,피에스케이,KOSDAQ GLOBAL,우량기업부,82900,2,-600,-0.72,80100,84000,78300,240741,19372885650,2401340590600,28966714,KSQ
42,475830,KR7475830006,오름테라퓨틱,KOSDAQ,기술성장기업부,112800,2,-3400,-2.93,117100,117100,108900,145206,16143970700,2395011110400,21232368,KSQ
43,257720,KR7257720003,실리콘투,KOSDAQ,우량기업부,39150,1,2550,6.97,35850,39350,35400,483418,18461013200,2394880198200,61171908,KSQ
44,005290,KR7005290002,동진쎄미켐,KOSDAQ,우량기업부,46350,2,-600,-1.28,46550,46550,44300,355391,16037702500,2383061796900,51414494,KSQ
45,030530,KR7030530000,원익홀딩스,KOSDAQ,중견기업부,29950,2,-600,-1.96,29400,30000,28550,547657,15953705050,2313277530950,77237981,KSQ
46,035900,KR7035900000,JYP Ent.,KOSDAQ GLOBAL,우량기업부,64700,1,500,0.78,62700,64700,62300,120035,7627974950,2298952232400,35532492,KSQ
47,218410,KR7218410009,RFHIC,KOSDAQ,우량기업부,82900,1,1800,2.22,78600,84100,77500,354714,28774018250,2201280341800,26553442,KSQ
48,222800,KR7222800005,심텍,KOSDAQ GLOBAL,우량기업부,56400,2,-2200,-3.75,56600,58300,54600,461185,25750578700,2106101095200,37342218,KSQ
49,031980,KR7031980006,피에스케이홀딩스,KOSDAQ,우량기업부,97500,2,-3300,-3.27,97000,99900,93900,116158,11170161400,2102333512500,21562395,KSQ
50,041510,KR7041510009,에스엠,KOSDAQ GLOBAL,우량기업부,90800,2,-1000,-1.09,89200,92600,89200,51716,4679216300,2078837852000,22894690,KSQ
51,067310,KR7067310003,하나마이크론,KOSDAQ,중견기업부,31250,2,-1350,-4.14,31600,32200,30000,1479402,45455112050,2076047687500,66433526,KSQ
52,078600,KR7078600004,대주전자재료,KOSDAQ,우량기업부,133500,1,1000,0.75,129500,138500,126600,240532,32049021000,2066659165500,15480593,KSQ
53,039200,KR7039200001,오스코텍,KOSDAQ,벤처기업부,53900,2,-400,-0.74,53300,54900,53000,180119,9719460050,2062115686400,38258176,KSQ
54,131970,KR7131970006,두산테스나,KOSDAQ GLOBAL,우량기업부,106000,1,6000,6.0,96400,106000,96400,364317,36958279350,2048687228000,19327238,KSQ
55,099320,KR7099320004,쎄트렉아이,KOSDAQ,우량기업부,182900,2,-1100,-0.6,179300,186400,174700,51096,9149166750,2002988746200,10951278,KSQ
56,445680,KR7445680002,큐리옥스바이오시스템즈,KOSDAQ,기술성장기업부,114700,2,-2000,-1.71,113600,114700,108700,70127,7804036900,1963644845100,17119833,KSQ
57,089030,KR7089030001,테크윙,KOSDAQ,중견기업부,52200,1,400,0.77,50500,53300,49700,783598,40132723500,1934200269000,37053645,KSQ
58,376900,KR7376900007,로킷헬스케어,KOSDAQ,기술성장기업부,122700,2,-6700,-5.18,127900,129300,120800,244516,30286192250,1931143275300,15738739,KSQ
59,491000,KR7491000006,리브스메드,KOSDAQ,기술성장기업부,77100,2,-1300,-1.66,77000,78300,74300,147853,11222042000,1923906446100,24953391,KSQ
60,098460,KR7098460009,고영,KOSDAQ,우량기업부,27150,1,50,0.18,26450,27300,26000,838828,22314870800,1863976598250,68654755,KSQ
61,082270,KR7082270000,젬백스,KOSDAQ,벤처기업부,41550,2,-100,-0.24,41550,42150,39850,158478,6436323425,1835910973650,44185583,KSQ
62,290650,KR7290650001,엘앤씨바이오,KOSDAQ,우량기업부,73000,1,2100,2.96,69600,74600,69100,139056,10075022800,1813835599000,24847063,KSQ
63,140860,KR7140860008,파크시스템스,KOSDAQ GLOBAL,우량기업부,259000,2,-500,-0.19,254500,259500,248500,16396,4153787250,1812367263000,6997557,KSQ
64,085660,KR7085660009,차바이오텍,KOSDAQ,중견기업부,19410,2,-170,-0.87,19100,19440,18760,367740,7023089080,1793984680950,92425795,KSQ
65,101490,KR7101490001,에스앤에스텍,KOSDAQ,우량기업부,83200,2,-3200,-3.7,83000,84600,80500,173695,14229597500,1775061932800,21334879,KSQ
66,323280,KR7323280008,태성,KOSDAQ,중견기업부,57700,1,1700,3.04,53500,58000,53100,270489,15244242900,1762041446000,30537980,KSQ
67,038500,KR7038500005,삼표시멘트,KOSDAQ,우량기업부,16190,2,-1040,-6.04,16880,18190,15890,3068917,51494929255,1747164994140,107916306,KSQ
68,003380,KR7003380003,하림지주,KOSDAQ GLOBAL,우량기업부,14820,2,-60,-0.4,14500,14950,14300,678578,9883044245,1659923303220,112005621,KSQ
69,100790,KR7100790005,미래에셋벤처투자,KOSDAQ,우량기업부,30600,1,2350,8.32,28000,31950,27600,15414050,464396321950,1625613800400,53124634,KSQ
70,082920,KR7082920000,비츠로셀,KOSDAQ,우량기업부,35250,2,-50,-0.14,33950,36150,33850,573337,20133588975,1598216564250,45339477,KSQ
71,065350,KR7065350001,신성델타테크,KOSDAQ,우량기업부,58000,1,1800,3.2,54600,58800,54300,122974,6970586550,1594068984000,27483948,KSQ
72,437730,KR7437730005,삼현,KOSDAQ,기술성장기업부,50100,1,550,1.11,47850,50400,47000,99583,4826704025,1588549106700,31707567,KSQ
73,090710,KR7090710005,휴림로봇,KOSDAQ,중견기업부,12960,2,-150,-1.14,12640,13070,12400,3229214,40894176100,1548165273120,119457197,KSQ
74,232140,KR7232140004,와이씨,KOSDAQ,우량기업부,18810,2,-590,-3.04,18750,18990,17980,770392,14165283470,1543273033500,82045350,KSQ
75,115180,KR7115180002,큐리언트,KOSDAQ,벤처기업부,40550,2,-450,-1.1,41000,41100,39300,134895,5386800100,1510182847850,37242487,KSQ
76,195940,KR7195940002,HK이노엔,KOSDAQ GLOBAL,우량기업부,53000,1,500,0.95,51300,53000,51200,77926,4054671150,1501484223000,28329891,KSQ
77,397030,KR7397030008,에이프릴바이오,KOSDAQ,기술성장기업부,63900,3,0,0.0,63600,64100,60500,118503,7381768200,1491593801400,23342626,KSQ
78,060370,KR7060370004,LS마린솔루션,KOSDAQ,우량기업부,28400,2,-450,-1.56,28300,28550,27600,91594,2563471300,1483583453600,52238854,KSQ
79,174900,KR7174900001,앱클론,KOSDAQ,중견기업부,73200,2,-2500,-3.3,75600,77200,70400,247103,17989998200,1458547332000,19925510,KSQ
80,010170,KR7010170009,대한광통신,KOSDAQ,중견기업부,9220,2,-80,-0.86,8910,9900,8700,20163974,187209928795,1433577785200,155485660,KSQ
81,080220,KR7080220007,제주반도체,KOSDAQ,우량기업부,40450,2,-450,-1.1,39650,40450,38450,720757,28289239225,1393212594850,34442833,KSQ
82,388210,KR7388210007,씨엠티엑스,KOSDAQ,벤처기업부,143400,1,400,0.28,137100,146200,135900,87751,12373422250,1364442109200,9514938,KSQ
83,189300,KR7189300007,인텔리안테크,KOSDAQ,우량기업부,126000,2,-2000,-1.56,124000,128000,121900,60646,7528528750,1352924622000,10737497,KSQ
84,048410,KR7048410005,현대바이오,KOSDAQ,중견기업부,13980,1,270,1.97,13500,14290,13000,1377923,18904129420,1349147896560,96505572,KSQ
85,127120,KR7127120004,제이에스링크,KOSDAQ,벤처기업부,39150,1,1800,4.82,36000,39650,36000,124175,4667186425,1335763234800,34119112,KSQ
86,281740,KR7281740001,레이크머티리얼즈,KOSDAQ,우량기업부,20300,1,320,1.6,19500,21000,19400,586654,11873434995,1334330124400,65730548,KSQ
87,052020,KR7052020005,에스티큐브,KOSDAQ,투자주의환기종목(소속부없음),19330,1,1310,7.27,18000,20000,17730,812767,15808437920,1314117015030,67983291,KSQ
88,213420,KR7213420003,덕산네오룩스,KOSDAQ GLOBAL,우량기업부,52800,2,-100,-0.19,51000,53100,50100,163392,8453930900,1311086251200,24831179,KSQ
89,456160,KR7456160001,지투지바이오,KOSDAQ,기술성장기업부,79200,1,900,1.15,78400,79700,76200,198089,15502682750,1310392432800,16545359,KSQ
90,035760,KR7035760008,CJ ENM,KOSDAQ GLOBAL,중견기업부,59300,3,0,0.0,58400,59400,58300,24636,1446293500,1300398832200,21929154,KSQ
91,417200,KR7417200003,LS머트리얼즈,KOSDAQ,중견기업부,19210,2,-840,-4.19,19650,19980,18780,1885864,36004800460,1299607579390,67652659,KSQ
92,466100,KR7466100005,클로봇,KOSDAQ,기술성장기업부,50500,2,-200,-0.39,48800,50700,48050,151444,7401598400,1262103019500,24992139,KSQ
93,166090,KR7166090001,하나머티리얼즈,KOSDAQ GLOBAL,우량기업부,63500,2,-200,-0.31,61400,64300,60900,184635,11622871350,1255882299000,19777674,KSQ
94,131290,KR7131290009,티에스이,KOSDAQ,우량기업부,111200,2,-3800,-3.3,110000,112000,105700,81669,8850204300,1230030904800,11061429,KSQ
95,096530,KR7096530001,씨젠,KOSDAQ,우량기업부,23200,1,600,2.65,22400,23450,22300,177785,4090623725,1211643060800,52225994,KSQ
96,032500,KR7032500001,케이엠더블유,KOSDAQ,중견기업부,28850,2,-350,-1.2,27750,29750,27600,520127,14942696625,1191605138350,41303471,KSQ
97,293490,KR7293490009,카카오게임즈,KOSDAQ GLOBAL,중견기업부,13270,2,-150,-1.12,13000,13270,12920,227667,2987213660,1191472308970,89786911,KSQ
98,137400,KR7137400008,피엔티,KOSDAQ GLOBAL,우량기업부,50100,1,1650,3.41,47500,51200,46950,200789,9940554100,1186905472800,23690728,KSQ
99,095610,KR7095610002,테스,KOSDAQ,우량기업부,61000,2,-2400,-3.79,60100,62700,59100,170582,10247433800,1180960000000,19360000,KSQ
100,160190,KR7160190005,하이젠알앤엠,KOSDAQ,투자주의환기종목(소속부없음),37900,1,100,0.26,36100,38150,35400,120391,4400774025,1170655200000,30888000,KSQ
101,007390,KR7007390008,네이처셀,KOSDAQ,중견기업부,18160,1,1060,6.2,16580,18700,16550,687458,12245702005,1170140616960,64435056,KSQ
102,295310,KR7295310007,에이치브이엠,KOSDAQ,기술성장기업부,95300,2,-6700,-6.57,97700,100700,94000,204193,19651716600,1146200832300,12027291,KSQ
103,183300,KR7183300003,코미코,KOSDAQ GLOBAL,우량기업부,108700,2,-1300,-1.18,105000,109200,104200,51891,5493944300,1137076350800,10460684,KSQ
104,253450,KR7253450001,스튜디오드래곤,KOSDAQ GLOBAL,우량기업부,37750,1,50,0.13,36950,37850,36950,24307,909545125,1134708299500,30058498,KSQ
105,493280,KR7493280002,아이엠바이오로직스,KOSDAQ,기술성장기업부,75900,2,-1400,-1.81,77300,77700,73300,141513,10669708200,1121506749000,14776110,KSQ
106,089970,KR7089970008,브이엠,KOSDAQ,우량기업부,45750,1,450,0.99,43150,45900,43050,255701,11297047600,1116835046250,24411695,KSQ
107,388720,KR7388720005,유일로보틱스,KOSDAQ,벤처기업부,93900,2,-500,-0.53,92500,93900,89000,32439,2938890800,1106268295500,11781345,KSQ
108,027360,KR7027360007,아주IB투자,KOSDAQ,벤처기업부,9020,1,100,1.12,8690,9440,8620,17404296,157645567475,1092731562120,121145406,KSQ
109,124500,KR7124500000,아이티센글로벌,KOSDAQ,중견기업부,46700,2,-1300,-2.71,45500,47250,44750,205793,9466228800,1083651410900,23204527,KSQ
110,036540,KR7036540003,SFA반도체,KOSDAQ,우량기업부,6530,2,-160,-2.39,6400,6540,6250,1246538,7940526985,1073925778590,164460303,KSQ
111,122870,KR7122870009,와이지엔터테인먼트,KOSDAQ,우량기업부,56200,3,0,0.0,54600,56500,54400,58068,3232273100,1050436953800,18691049,KSQ
112,476060,KR7476060009,온코닉테라퓨틱스,KOSDAQ,기술성장기업부,23150,1,200,0.87,23700,23700,22450,363212,8374476625,1039153496000,44887840,KSQ
113,389470,KR7389470006,인벤티지랩,KOSDAQ,기술성장기업부,76900,1,2900,3.92,76100,77300,74100,67952,5144928600,1021025523500,13277315,KSQ
114,328130,KR7328130000,루닛,KOSDAQ,기술성장기업부,34300,2,-300,-0.87,33650,34400,33200,57011,1924956800,1004458418600,29284502,KSQ
115,420770,KR7420770000,기가비스,KOSDAQ,벤처기업부,79100,1,2300,2.99,74100,82800,74000,159011,12742363200,1002652457800,12675758,KSQ
116,036830,KR7036830008,솔브레인홀딩스,KOSDAQ GLOBAL,우량기업부,48900,1,350,0.72,46850,49050,46850,29604,1419856325,1002644670900,20503981,KSQ
117,056190,KR7056190002,에스에프에이,KOSDAQ GLOBAL,우량기업부,27700,1,350,1.28,26650,27750,26550,55335,1495123400,994672652000,35908760,KSQ
118,056080,KR7056080005,유진로봇,KOSDAQ,중견기업부,26200,1,150,0.58,25500,26300,24800,228788,5795396200,982818382400,37512152,KSQ
119,086450,KR7086450004,동국제약,KOSDAQ GLOBAL,우량기업부,21700,1,1150,5.6,20100,21900,20050,820812,17388232875,981500114000,45230420,KSQ
120,204270,KR7204270003,제이앤티씨,KOSDAQ,중견기업부,16840,2,-60,-0.36,16360,16840,16170,92735,1521684905,974168167440,57848466,KSQ
121,078160,KR7078160009,메디포스트,KOSDAQ,벤처기업부,24700,1,150,0.61,25200,25250,23800,331233,8152065875,968353694100,39204603,KSQ
122,222080,KR7222080004,씨아이에스,KOSDAQ GLOBAL,우량기업부,12210,1,210,1.75,11650,12590,11540,1239020,14892746115,949695558240,77780144,KSQ
123,044490,KR7044490001,태웅,KOSDAQ,우량기업부,47300,1,2000,4.42,44550,47850,43750,336447,15418167750,946349121300,20007381,KSQ
124,358570,KR7358570000,지아이이노베이션,KOSDAQ,기술성장기업부,14690,1,180,1.24,14110,14710,13900,350099,5026953795,941469114040,64089116,KSQ
125,348370,KR7348370008,엔켐,KOSDAQ,중견기업부,42600,2,-2400,-5.33,42200,43750,40050,564644,23492907750,933408259200,21910992,KSQ
126,171090,KR7171090004,선익시스템,KOSDAQ,중견기업부,92100,1,400,0.44,89400,93500,88600,89846,8118461250,929709068100,10094561,KSQ
127,161580,KR7161580006,필옵틱스,KOSDAQ,중견기업부,39500,1,500,1.28,37600,39500,37400,107530,4127571300,924408506500,23402747,KSQ
128,490470,KR7490470002,세미파이브,KOSDAQ,기술성장기업부,27250,2,-750,-2.68,26950,28000,26500,392020,10616858200,922652300000,33858800,KSQ
129,032190,KR7032190001,다우데이타,KOSDAQ,우량기업부,24050,1,400,1.69,22900,24100,22700,50766,1179211600,921115000000,38300000,KSQ
130,023160,KR7023160005,태광,KOSDAQ,우량기업부,34500,2,-500,-1.43,34150,35350,33500,154053,5337291600,892419849000,25867242,KSQ
131,241710,KR7241710003,코스메카코리아,KOSDAQ,우량기업부,83400,1,5600,7.2,75500,84000,75500,97045,7984333600,890712000000,10680000,KSQ
132,006730,KR7006730006,서부T&D,KOSDAQ,우량기업부,13690,1,170,1.26,13200,13740,13190,291783,3948700345,888849575870,64926923,KSQ
133,014620,KR7014620009,성광벤드,KOSDAQ,우량기업부,33300,2,-950,-2.77,33250,33700,32800,78556,2603070025,884360221200,26557364,KSQ
134,084110,KR7084110006,휴온스글로벌,KOSDAQ,중견기업부,69300,2,-2000,-2.81,70900,70900,68200,12205,844904500,877324971600,12659812,KSQ
135,050890,KR7050890003,쏠리드,KOSDAQ,우량기업부,14120,2,-220,-1.53,13700,14680,13660,7809204,110628243820,857882260080,60756534,KSQ
136,468530,KR7468530001,프로티나,KOSDAQ,기술성장기업부,78200,1,1000,1.3,79700,81700,77000,109938,8676801600,855467336000,10939480,KSQ
137,036810,KR7036810000,에프에스티,KOSDAQ,우량기업부,38550,2,-1000,-2.53,38100,38900,36900,116394,4380689850,846417215400,21956348,KSQ
138,486990,KR7486990005,노타,KOSDAQ,기술성장기업부,39600,2,-4450,-10.1,42050,42200,39350,493247,19843565150,845310708000,21346230,KSQ
139,102940,KR7102940004,코오롱생명과학,KOSDAQ,중견기업부,64500,1,1500,2.38,66500,67200,61000,79548,5099841850,844343893500,13090603,KSQ
140,074600,KR7074600008,원익QnC,KOSDAQ GLOBAL,우량기업부,31900,2,-950,-2.89,31200,32150,31000,167619,5262195550,838587200000,26288000,KSQ
141,126340,KR7126340009,비나텍,KOSDAQ,벤처기업부,119000,2,-2200,-1.82,117300,119000,112700,46200,5359720600,826701211000,6947069,KSQ
142,052400,KR7052400009,코나아이,KOSDAQ,우량기업부,56500,2,-600,-1.05,55700,56500,53800,53295,2927082200,822825941500,14563291,KSQ
143,348340,KR7348340001,뉴로메카,KOSDAQ,기술성장기업부,66200,1,2300,3.6,62000,66400,60700,170046,10712818600,818374396200,12362151,KSQ
144,121600,KR7121600001,나노신소재,KOSDAQ,우량기업부,66300,1,4100,6.59,60500,68800,60400,144993,9538375450,809601963300,12211191,KSQ
145,425420,KR7425420007,티에프이,KOSDAQ,우량기업부,65900,1,600,0.92,61100,66000,60500,186715,11842214850,788210789000,11960710,KSQ
146,475960,KR7475960001,토모큐브,KOSDAQ,기술성장기업부,57700,2,-1700,-2.86,58000,58400,56300,67002,3824157950,772214909800,13383274,KSQ
147,200710,KR7200710002,에이디테크놀로지,KOSDAQ,중견기업부,57200,1,1300,2.33,53800,57500,52300,247735,13712772300,768815018400,13440822,KSQ
148,376300,KR7376300000,디어유,KOSDAQ,우량기업부,32250,2,-50,-0.15,31500,32650,31500,65225,2083314900,765563593500,23738406,KSQ
149,372320,KR7372320002,큐로셀,KOSDAQ,기술성장기업부,50500,2,-1500,-2.88,51400,51900,50200,29322,1490780150,759472833000,15039066,KSQ
150,086900,KR7086900008,메디톡스,KOSDAQ,우량기업부,103800,1,1300,1.27,100800,104000,100800,25193,2583924800,757583988600,7298497,KSQ
151,348210,KR7348210006,넥스틴,KOSDAQ GLOBAL,우량기업부,72200,2,-2600,-3.48,72000,73000,69500,37544,2660150100,756439761000,10477005,KSQ
152,033100,KR7033100009,제룡전기,KOSDAQ,우량기업부,46850,2,-450,-0.95,46000,47100,44250,100258,4564692025,752523861650,16062409,KSQ
153,225570,KR7225570001,넥슨게임즈,KOSDAQ,우량기업부,11290,1,240,2.17,11000,11480,10900,125764,1414051210,743561364460,65860174,KSQ
154,399720,KR7399720002,가온칩스,KOSDAQ,우량기업부,63900,2,-2000,-3.03,63100,64300,61600,110076,6888053500,741266838000,11600420,KSQ
155,253590,KR7253590004,네오셈,KOSDAQ,우량기업부,16790,1,360,2.19,15910,16790,15600,799732,12812495475,736563263560,43869164,KSQ
156,365340,KR7365340009,성일하이텍,KOSDAQ,기술성장기업부,59800,1,2200,3.82,55900,60300,55600,30334,1764147600,733907519800,12272701,KSQ
157,112040,KR7112040001,위메이드,KOSDAQ,중견기업부,21600,1,650,3.1,20500,21700,20400,96308,2041880725,733287232800,33948483,KSQ
158,024850,KR7024850000,HLB이노베이션,KOSDAQ,중견기업부,4945,2,-95,-1.88,4940,5200,4900,2102406,10590209845,732085897490,148045682,KSQ
159,448900,KR7448900001,한국피아이엠,KOSDAQ,기술성장기업부,121700,2,-2800,-2.25,117800,122300,115500,57766,6871797950,730742416900,6004457,KSQ
160,356860,KR7356860007,티엘비,KOSDAQ,우량기업부,74000,2,-400,-0.54,72000,74800,70300,201050,14588822700,727614620000,9832630,KSQ
161,060280,KR7060280005,큐렉소,KOSDAQ,중견기업부,17670,1,410,2.38,17020,18060,16300,2905777,50528689710,726060123300,41089990,KSQ
162,102710,KR7102710001,이엔에프테크놀로지,KOSDAQ,우량기업부,50700,2,-900,-1.74,49300,51200,49300,44175,2227633725,724393285200,14287836,KSQ
163,009520,KR7009520008,포스코엠텍,KOSDAQ GLOBAL,우량기업부,17320,1,90,0.52,16640,17670,16570,118209,2015957035,721251615960,41642703,KSQ
164,015750,KR7015750003,성우하이텍,KOSDAQ,우량기업부,8980,1,150,1.7,8540,9010,8500,499864,4346713575,718400000000,80000000,KSQ
165,424870,KR7424870004,이뮨온시아,KOSDAQ,기술성장기업부,9490,1,1040,12.31,10210,10210,9040,3499258,33507063945,705712737210,74363829,KSQ
166,458870,KR7458870003,씨어스테크놀로지,KOSDAQ,기술성장기업부,55600,2,-2300,-3.97,57000,57300,53500,153671,8398591250,705373848000,12686580,KSQ
167,067160,KR7067160002,SOOP,KOSDAQ GLOBAL,우량기업부,60600,1,400,0.66,59500,60800,59400,26931,1615496550,696582880200,11494767,KSQ
168,368770,KR7368770004,파이버프로,KOSDAQ,벤처기업부,21100,1,50,0.24,20850,21700,19720,1626540,33665224160,693224147500,32854225,KSQ
169,033500,KR7033500000,동성화인텍,KOSDAQ,우량기업부,23100,2,-900,-3.75,23500,23650,22700,230751,5304382050,692757311400,29989494,KSQ
170,060250,KR7060250008,NHN KCP,KOSDAQ,우량기업부,17080,1,470,2.83,16300,17090,16160,365585,6091990430,685943235880,40160611,KSQ
171,053800,KR7053800009,안랩,KOSDAQ,우량기업부,61500,1,200,0.33,60900,61500,60600,11913,727224500,684280119000,11126506,KSQ
172,287840,KR7287840003,인투셀,KOSDAQ,기술성장기업부,45050,1,550,1.24,44000,45050,42500,41905,1824800550,676739298000,15021960,KSQ
173,214430,KR7214430001,아이쓰리시스템,KOSDAQ,우량기업부,92200,2,-6100,-6.21,93500,94800,90300,30537,2798014500,673725223000,7307215,KSQ
174,042000,KR7042000000,카페24,KOSDAQ,기술성장기업부,27650,2,-350,-1.25,27500,27800,27100,38059,1044319050,670596943100,24253054,KSQ
175,025980,KR7025980004,아난티,KOSDAQ,우량기업부,7030,1,40,0.57,6860,7040,6800,482856,3335311340,665737738080,94699536,KSQ
176,460930,KR7460930001,현대힘스,KOSDAQ,중견기업부,18740,2,-680,-3.5,18530,18780,18070,572246,10526132680,665469974540,35510671,KSQ
177,389650,KR7389650003,넥스트바이오메디컬,KOSDAQ,기술성장기업부,80400,3,0,0.0,82500,82900,78200,82607,6650622400,659592434400,8203886,KSQ
178,383310,KR7383310000,에코프로에이치엔,KOSDAQ,우량기업부,30750,1,1450,4.95,28600,32900,28100,427502,13216623175,644979159000,20974932,KSQ
179,272290,KR7272290008,이녹스첨단소재,KOSDAQ GLOBAL,우량기업부,32300,2,-600,-1.82,31900,32300,31100,134162,4250351350,643981540700,19937509,KSQ
180,041960,KR7041960006,코미팜,KOSDAQ,벤처기업부,8700,1,50,0.58,8460,8740,8290,232936,1974726020,642812506500,73886495,KSQ
181,336570,KR7336570007,원텍,KOSDAQ,기술성장기업부,7140,1,110,1.56,6850,7300,6820,304727,2143960750,642377924580,89968897,KSQ
182,187660,KR7187660006,페니트리움바이오,KOSDAQ,중견기업부,11480,2,-780,-6.36,11740,12200,11200,2289107,26443459715,636752584440,55466253,KSQ
183,094170,KR7094170008,동운아나텍,KOSDAQ,우량기업부,30250,1,1150,3.95,29000,30650,28250,120962,3560741850,632525564000,20909936,KSQ
184,278280,KR7278280003,천보,KOSDAQ,중견기업부,51500,1,4000,8.42,48200,54000,47500,147083,7563491625,619297697000,12025198,KSQ
185,327260,KR7327260006,RF머트리얼즈,KOSDAQ,벤처기업부,72300,1,3800,5.55,65000,72900,63600,162291,10848099250,610294060500,8441135,KSQ
186,053610,KR7053610002,프로텍,KOSDAQ,우량기업부,54700,2,-1600,-2.84,53600,55000,52900,38715,2085978700,601700000000,11000000,KSQ
187,211050,KR7211050000,인카금융서비스,KOSDAQ,우량기업부,12200,1,90,0.74,11980,12240,11930,78129,944483500,601016615400,49263657,KSQ
188,251970,KR7251970000,펌텍코리아,KOSDAQ,우량기업부,47950,1,2300,5.04,45600,48150,45150,33826,1596219750,594580000000,12400000,KSQ
189,042520,KR7042520007,한스바이오메드,KOSDAQ,벤처기업부,41550,2,-450,-1.07,41000,42950,39950,125449,5157536025,592559798850,14261367,KSQ
190,045100,KR7045100005,한양이엔지,KOSDAQ,우량기업부,32550,1,100,0.31,30950,32550,30400,127224,3976938650,585900000000,18000000,KSQ
191,0082N0,KR70082N0008,카나프테라퓨틱스,KOSDAQ,기술성장기업부,45200,1,550,1.23,43100,45700,43100,285981,12708427325,585612556000,12956030,KSQ
192,488900,KR7488900002,비츠로넥스텍,KOSDAQ,기술성장기업부,19920,2,-880,-4.23,19730,19920,19200,192764,3757481565,577210744560,28976443,KSQ
193,090360,KR7090360009,로보스타,KOSDAQ,중견기업부,59000,2,-600,-1.01,57500,59200,55700,29604,1689946800,575250000000,9750000,KSQ
194,125490,KR7125490003,한라캐스트,KOSDAQ,벤처기업부,15570,1,30,0.19,15120,15620,14950,311146,4724012540,568341620640,36502352,KSQ
195,376270,KR7376270005,HEM파마,KOSDAQ,기술성장기업부,79000,1,3300,4.36,76600,79300,74700,37828,2913957400,567356433000,7181727,KSQ
196,099190,KR7099190001,아이센스,KOSDAQ,우량기업부,19620,2,-430,-2.14,19700,19750,19210,40624,791048845,562020158160,28645268,KSQ
197,252990,KR7252990007,샘씨엔에스,KOSDAQ,기술성장기업부,9250,2,-140,-1.49,8960,9250,8940,437069,3961523230,557015473250,60217889,KSQ
198,215600,KR7215600008,신라젠,KOSDAQ,중견기업부,3980,2,-20,-0.5,4000,4090,3700,2157970,8420617984,549756747280,138129836,KSQ
199,119850,KR7119850006,지엔씨에너지,KOSDAQ,우량기업부,33300,2,-650,-1.91,33000,33400,32200,50305,1641450175,547748669700,16448909,KSQ
200,095660,KR7095660007,네오위즈,KOSDAQ,우량기업부,25000,1,400,1.63,24000,25150,24000,26784,661381650,546420400000,21856816,KSQ
201,338840,KR7338840002,와이바이오로직스,KOSDAQ,기술성장기업부,35900,1,2050,6.06,33300,36100,32800,266603,9279439325,544893107900,15178081,KSQ
202,025320,KR7025320003,시노펙스,KOSDAQ,우량기업부,5890,2,-60,-1.01,5830,5900,5700,396847,2296284650,542790022670,92154503,KSQ
203,041190,KR7041190000,우리기술투자,KOSDAQ,벤처기업부,6460,1,90,1.41,6290,6460,6190,438064,2765686950,542640000000,84000000,KSQ
204,046890,KR7046890000,서울반도체,KOSDAQ GLOBAL,중견기업부,9290,2,-80,-0.85,9000,9290,8910,300886,2727202070,541657166000,58305400,KSQ
205,018290,KR7018290007,브이티,KOSDAQ,우량기업부,15460,1,800,5.46,14210,15520,14210,218106,3274070585,540200815480,34941838,KSQ
206,047920,KR7047920004,HLB제약,KOSDAQ,기술성장기업부,16190,1,670,4.32,15300,16440,15200,152645,2458581825,531021573640,32799356,KSQ
207,104830,KR7104830005,원익머트리얼즈,KOSDAQ,우량기업부,41950,2,-650,-1.53,41100,42900,41050,30874,1294792450,528905600000,12608000,KSQ
208,036620,KR7036620003,감성코퍼레이션,KOSDAQ,우량기업부,5840,1,10,0.17,5610,5960,5610,320284,1842897725,528542022640,90503771,KSQ
209,199800,KR7199800004,툴젠,KOSDAQ,기술성장기업부,58100,1,11400,24.41,58000,60400,53500,214046,12175470150,522541464900,8993829,KSQ
210,478340,KR7478340003,나라스페이스테크놀로지,KOSDAQ,기술성장기업부,45250,2,-350,-0.77,44700,47050,43050,336398,15037044475,521894992750,11533591,KSQ
211,025900,KR7025900002,동화기업,KOSDAQ GLOBAL,중견기업부,10290,1,50,0.49,9940,10630,9830,118244,1211286455,520234462650,50557285,KSQ
212,206650,KR7206650004,유바이오로직스,KOSDAQ,기술성장기업부,14100,1,270,1.95,13860,14200,13830,156708,2192585290,517798628700,36723307,KSQ
213,098070,KR7098070006,한텍,KOSDAQ,중견기업부,46550,1,650,1.42,44150,46850,43750,162149,7365231525,517689113550,11121141,KSQ
214,318060,KR7318060001,그래피,KOSDAQ,기술성장기업부,46300,2,-2300,-4.73,47950,47950,45000,142185,6606036150,515216075100,11127777,KSQ
215,033790,KR7033790007,피노,KOSDAQ,중견기업부,7540,1,420,5.9,7600,8860,6830,18964774,147002299155,513001400340,68037321,KSQ
216,031330,KR7031330004,에스에이엠티,KOSDAQ,우량기업부,5120,2,-120,-2.29,5050,5125,5000,447267,2257413190,511974743040,99995067,KSQ
217,006910,KR7006910004,보성파워텍,KOSDAQ,벤처기업부,10320,2,-310,-2.92,10220,10500,9890,2309979,23301123380,507019783680,49129824,KSQ
218,077360,KR7077360006,덕산하이메탈,KOSDAQ,우량기업부,11130,2,-150,-1.33,11000,11200,10530,481972,5226972175,505713832260,45437002,KSQ
219,093320,KR7093320000,케이아이엔엑스,KOSDAQ,우량기업부,102800,2,-700,-0.68,101500,103000,100700,4177,424481250,501664000000,4880000,KSQ
220,215200,KR7215200007,메가스터디교육,KOSDAQ GLOBAL,우량기업부,48300,1,2000,4.32,45800,48450,45800,39964,1904479075,500639932800,10365216,KSQ
221,083450,KR7083450007,GST,KOSDAQ,우량기업부,27050,2,-700,-2.52,25800,27050,25800,244024,6452861525,498531500000,18430000,KSQ
222,101160,KR7101160000,월덱스,KOSDAQ,우량기업부,30000,2,-650,-2.12,29500,30100,28850,69745,2050832225,495329790000,16510993,KSQ
223,230360,KR7230360000,에코마케팅,KOSDAQ,우량기업부,15945,1,15,0.09,15950,15950,15940,1099,17520305,494275196310,30998758,KSQ
224,079370,KR7079370003,제우스,KOSDAQ,우량기업부,15880,1,10,0.06,15150,16030,15150,350183,5399147075,492549801200,31016990,KSQ
225,484590,KR7484590005,삼양컴텍,KOSDAQ,중견기업부,11950,1,30,0.25,11680,11970,11500,150801,1754618080,492464877500,41210450,KSQ
226,138080,KR7138080007,오이솔루션,KOSDAQ,벤처기업부,40150,1,200,0.5,38000,42850,37350,845236,33765120350,490893894700,12226498,KSQ
227,030520,KR7030520001,한글과컴퓨터,KOSDAQ GLOBAL,우량기업부,20300,1,530,2.68,19510,20350,19400,120514,2390227940,490848803200,24179744,KSQ
228,494120,KR7494120009,큐리오시스,KOSDAQ,기술성장기업부,64400,2,-3400,-5.01,69900,69900,64200,64915,4306673500,490501440800,7616482,KSQ
229,067630,KR7067630004,HLB생명과학,KOSDAQ,투자주의환기종목(소속부없음),4015,1,55,1.39,3940,4120,3860,382060,1537160135,489496987870,121917058,KSQ
230,078350,KR7078350006,한양디지텍,KOSDAQ,우량기업부,31850,1,3000,10.4,27700,32350,26500,590816,17994120900,485533566700,15244382,KSQ
231,064260,KR7064260003,다날,KOSDAQ,중견기업부,6410,1,30,0.47,6220,6430,6120,958898,6009099485,484887379370,75645457,KSQ
232,065660,KR7065660003,안트로젠,KOSDAQ,기술성장기업부,47550,1,1550,3.37,44800,48650,44650,54718,2576713025,475790055000,10006100,KSQ
233,039440,KR7039440003,에스티아이,KOSDAQ,우량기업부,30400,2,-450,-1.46,29750,30400,29500,65411,1951494425,471414228800,15507047,KSQ
234,180400,KR7180400004,DXVX,KOSDAQ,관리종목(소속부없음),4765,1,300,6.72,4380,4865,4260,252025,1139321549,469016243480,98429432,KSQ
235,019210,KR7019210004,와이지-원,KOSDAQ,우량기업부,12570,2,-330,-2.56,12900,13090,11960,475247,5892578710,467525160960,37193728,KSQ
236,107640,KR7107640005,한중엔시에스,KOSDAQ,기술성장기업부,51500,1,600,1.18,49200,52000,49050,68896,3484640125,466844719000,9064946,KSQ
237,394280,KR7394280002,오픈엣지테크놀로지,KOSDAQ,기술성장기업부,17710,1,410,2.37,16820,18360,16300,425796,7420661075,465359560050,26276655,KSQ
238,089010,KR7089010003,켐트로닉스,KOSDAQ,우량기업부,28350,2,-150,-0.53,27750,28350,27500,53190,1475417750,463219807050,16339323,KSQ
239,228760,KR7228760005,지노믹트리,KOSDAQ,기술성장기업부,18740,1,160,0.86,18370,18890,18130,72629,1346269720,461495700120,24626238,KSQ
240,220100,KR7220100002,퓨쳐켐,KOSDAQ,기술성장기업부,20400,2,-150,-0.73,20250,20500,19820,58106,1169089370,457519368000,22427420,KSQ
241,091700,KR7091700005,파트론,KOSDAQ GLOBAL,우량기업부,8290,2,-160,-1.89,8360,8360,8110,198334,1625325720,455950000000,55000000,KSQ
242,101930,KR7101930006,인화정공,KOSDAQ,우량기업부,49350,2,-1350,-2.66,49850,49900,46300,9359,457577700,455642726700,9232882,KSQ
243,034950,KR7034950006,한국기업평가,KOSDAQ,우량기업부,100100,2,-400,-0.4,100000,100500,99700,1680,167891900,454505451400,4540514,KSQ
244,059090,KR7059090001,미코,KOSDAQ,중견기업부,13500,2,-230,-1.68,13300,13510,13010,167491,2210452860,451126503000,33416778,KSQ
245,393890,KR7393890009,더블유씨피,KOSDAQ GLOBAL,기술성장기업부,13210,2,-790,-5.64,13600,13710,12850,594566,7845379420,447067932240,33843144,KSQ
246,0001A0,KR70001A0001,덕양에너젠,KOSDAQ,중견기업부,18010,2,-1230,-6.39,19320,19330,17610,372999,6785127090,446489421950,24791195,KSQ
247,122640,KR7122640006,예스티,KOSDAQ,벤처기업부,20850,2,-650,-3.02,20500,20900,19880,180353,3654912810,445143767850,21349821,KSQ
248,168360,KR7168360006,펨트론,KOSDAQ,우량기업부,20650,3,0,0.0,19750,20700,19500,77475,1541898630,439603064600,21288284,KSQ
249,013030,KR7013030002,하이록코리아,KOSDAQ,우량기업부,37050,1,50,0.14,36950,37050,36000,37732,1372665500,436009735200,11768144,KSQ
250,900290,HK0000307485,GRT,KOSDAQ,외국기업(소속부없음),5390,2,-380,-6.59,5770,5770,5360,326379,1779768015,435781500000,80850000,KSQ
251,441270,KR7441270006,파인엠텍,KOSDAQ,중견기업부,10400,2,-80,-0.76,10180,10530,10060,200539,2069571220,431699299200,41509548,KSQ
252,069080,KR7069080000,웹젠,KOSDAQ GLOBAL,우량기업부,12450,1,390,3.23,11920,12470,11900,63112,772745690,430781005800,34600884,KSQ
253,394800,KR7394800007,쓰리빌리언,KOSDAQ,기술성장기업부,13560,2,-190,-1.38,13620,13700,12880,133495,1755116615,430685614560,31761476,KSQ
254,080580,KR7080580004,오킨스전자,KOSDAQ,벤처기업부,20850,1,200,0.97,20200,21000,19230,656803,13148231475,429117519600,20581176,KSQ
255,033640,KR7033640004,네패스,KOSDAQ,중견기업부,18550,2,-580,-3.03,18350,18740,17910,133299,2420078360,427748197100,23059202,KSQ
256,101730,KR7101730000,위메이드맥스,KOSDAQ,벤처기업부,5070,1,125,2.53,4845,5080,4840,40411,200038245,424882660020,83803286,KSQ
257,108860,KR7108860008,셀바스AI,KOSDAQ,벤처기업부,15660,2,-1090,-6.51,16000,16940,14920,6777094,107823311465,421485611400,26914790,KSQ
258,450950,KR7450950001,아스테라시스,KOSDAQ,벤처기업부,11150,1,50,0.45,10920,11240,10600,45608,496368970,419547650800,37627592,KSQ
259,037460,KR7037460003,삼지전자,KOSDAQ,벤처기업부,25650,2,-350,-1.35,25100,26300,25000,186906,4782227875,418570089300,16318522,KSQ
260,340570,KR7340570001,티앤엘,KOSDAQ,우량기업부,51200,1,800,1.59,50500,51300,49400,12556,633884100,416153600000,8128000,KSQ
261,089980,KR7089980007,상아프론테크,KOSDAQ,우량기업부,25800,1,1000,4.03,24000,25850,23550,137824,3423631475,412517154600,15989037,KSQ
262,304360,KR7304360001,에스바이오메딕스,KOSDAQ,벤처기업부,33200,2,-350,-1.04,33350,33350,32350,21669,713714450,411186249600,12385128,KSQ
263,036170,KR7036170009,에이치엠넥스,KOSDAQ,중견기업부,6660,1,160,2.46,6370,6740,6100,1440638,9326887075,408695069160,61365626,KSQ
264,455900,KR7455900001,엔젤로보틱스,KOSDAQ,기술성장기업부,26700,3,0,0.0,25900,26700,25100,28392,733091375,407098397700,15247131,KSQ
265,117730,KR7117730002,티로보틱스,KOSDAQ,벤처기업부,18300,2,-330,-1.77,18000,18320,17550,72469,1295031265,405965626200,22183914,KSQ
266,241520,KR7241520006,DSC인베스트먼트,KOSDAQ,중견기업부,14900,1,1390,10.29,13100,15000,13100,876156,12210950365,402300000000,27000000,KSQ
267,144510,KR7144510005,지씨셀,KOSDAQ,중견기업부,25450,1,1050,4.3,24950,25750,24100,56603,1423657975,402118754800,15800344,KSQ
268,114810,KR7114810005,한솔아이원스,KOSDAQ,우량기업부,13990,2,-110,-0.78,13720,14050,13550,156123,2146801220,400018504260,28593174,KSQ
269,200670,KR7200670008,휴메딕스,KOSDAQ,우량기업부,35600,2,-250,-0.7,35000,35650,34550,20448,716102150,399785508000,11229930,KSQ
270,308430,KR7308430008,셀비온,KOSDAQ,기술성장기업부,31125,1,125,0.4,30800,31800,30300,63334,1950392400,399380748750,12831510,KSQ
271,230240,KR7230240004,에치에프알,KOSDAQ,우량기업부,30000,1,550,1.87,29000,30300,28100,177251,5151464975,399270000000,13309000,KSQ
272,194480,KR7194480000,데브시스터즈,KOSDAQ,벤처기업부,32900,2,-2100,-6.0,36000,36300,31950,357421,11998846500,399049035000,12129150,KSQ
273,078340,KR7078340007,컴투스,KOSDAQ GLOBAL,중견기업부,32950,1,650,2.01,31900,33150,31900,34942,1143216400,398408763350,12091313,KSQ
274,078020,KR7078020005,LS증권,KOSDAQ,우량기업부,7060,2,-190,-2.62,7080,7140,6800,198478,1390427350,391697201400,55481190,KSQ
275,041830,KR7041830001,인바디,KOSDAQ,우량기업부,28900,2,-850,-2.86,29250,29250,28450,21085,607323200,389597489800,13480882,KSQ
276,0015G0,KR70015G0009,그린광학,KOSDAQ,기술성장기업부,33100,2,-1650,-4.75,34000,34200,32050,146416,4793146950,387354107100,11702541,KSQ
277,0088M0,KR70088M0003,메쥬,KOSDAQ,기술성장기업부,39850,1,850,2.18,39000,46600,36600,2579313,109714659750,387252337500,9717750,KSQ
278,053030,KR7053030003,바이넥스,KOSDAQ,중견기업부,11760,2,-140,-1.18,11670,11780,11510,95639,1110278070,384366050880,32684188,KSQ
279,046120,KR7046120002,오르비텍,KOSDAQ,중견기업부,11650,2,-150,-1.27,11350,11650,10850,2024561,22522257770,383239832950,32896123,KSQ
280,290550,KR7290550003,디케이티,KOSDAQ,우량기업부,19110,1,270,1.43,18840,19570,18280,472550,8968702900,382223505300,20001230,KSQ
281,298830,KR7298830001,슈어소프트테크,KOSDAQ,벤처기업부,7140,1,240,3.48,6760,7140,6660,433832,2980120245,381693682860,53458499,KSQ
282,084990,KR7084990001,헬릭스미스,KOSDAQ,기술성장기업부,8150,1,1130,16.1,7020,8390,6870,2288539,17608706265,375656295550,46092797,KSQ
283,241770,KR7241770007,메카로,KOSDAQ,우량기업부,36850,2,-650,-1.73,36300,37700,36300,23232,859617750,375598784000,10192640,KSQ
284,003800,KR7003800000,에이스침대,KOSDAQ,우량기업부,33800,1,100,0.3,33700,33800,33100,4327,144536125,374842000000,11090000,KSQ
285,314930,KR7314930009,바이오다인,KOSDAQ,기술성장기업부,12580,2,-30,-0.24,12510,12580,12280,17267,213894490,374432415740,29764103,KSQ
286,035890,KR7035890003,서희건설,KOSDAQ,관리종목(소속부없음),1623,0,0,0.0,0,0,0,0,0,372979125711,229808457,KSQ
287,321550,KR7321550006,티움바이오,KOSDAQ,기술성장기업부,12800,1,980,8.29,11890,13480,11510,920877,11674575550,372202931200,29078354,KSQ
288,352480,KR7352480008,씨앤씨인터내셔널,KOSDAQ,우량기업부,27300,1,1650,6.43,25350,27300,25350,13413,353206750,372096297300,13629901,KSQ
289,234340,KR7234340008,헥토파이낸셜,KOSDAQ,우량기업부,26500,1,750,2.91,24850,26800,24850,775065,20115057825,370222384000,13970656,KSQ
290,309710,KR7309710002,아이티켐,KOSDAQ,기술성장기업부,28900,2,-1200,-3.99,29750,29750,28200,67908,1947581975,369428728900,12783001,KSQ
291,092870,KR7092870005,엑시콘,KOSDAQ,우량기업부,28300,1,100,0.35,27400,28600,26950,220192,6035397825,369337555100,13050797,KSQ
292,475400,KR7475400008,씨메스,KOSDAQ,기술성장기업부,31350,2,-200,-0.63,30950,31900,30000,57913,1771870500,368552543700,11756062,KSQ
293,051500,KR7051500007,CJ프레시웨이,KOSDAQ,우량기업부,31000,1,50,0.16,30200,31250,30100,14230,436315550,368019166000,11871586,KSQ
294,110990,KR7110990009,디아이티,KOSDAQ,우량기업부,19380,2,-320,-1.62,18850,19460,18640,72307,1366345395,366282000000,18900000,KSQ
295,089890,KR7089890008,코세스,KOSDAQ,우량기업부,22000,2,-300,-1.35,21200,22200,21000,103013,2203564350,364869164000,16584962,KSQ
296,474650,KR7474650009,링크솔루션,KOSDAQ,기술성장기업부,63600,1,2700,4.43,59600,64700,58600,52939,3211946500,363429925200,5714307,KSQ
297,041920,KR7041920000,메디아나,KOSDAQ,우량기업부,19520,1,60,0.31,19500,19990,19400,139039,2735003540,363037312960,18598223,KSQ
298,482630,KR7482630001,삼양엔씨켐,KOSDAQ,중견기업부,16580,2,-470,-2.76,16430,16930,16150,144436,2365348775,362907682400,21888280,KSQ
299,035810,KR7035810001,이지홀딩스,KOSDAQ,우량기업부,5610,3,0,0.0,5530,5610,5410,195567,1074315455,361935797850,64516185,KSQ
300,078130,KR7078130002,국일제지,KOSDAQ,중견기업부,321,2,-12,-3.6,335,339,318,1818866,594809465,361897284591,1127405871,KSQ
301,086390,KR7086390002,유니테스트,KOSDAQ,중견기업부,17100,2,-630,-3.55,17030,17700,16640,150054,2532892445,361393554600,21134126,KSQ
302,094360,KR7094360005,칩스앤미디어,KOSDAQ,벤처기업부,16880,2,-20,-0.12,16610,16880,16190,63676,1050953075,360120857120,21334174,KSQ
303,033160,KR7033160003,엠케이전자,KOSDAQ,중견기업부,15750,2,-600,-3.67,15800,16170,15070,438760,6807602055,359902809000,22850972,KSQ
304,170920,KR7170920003,엘티씨,KOSDAQ,벤처기업부,34000,2,-850,-2.44,33500,34850,31350,121734,4011345350,359180284000,10564126,KSQ
305,179900,KR7179900006,유티아이,KOSDAQ,투자주의환기종목(소속부없음),18130,1,1110,6.52,16850,18280,16370,184549,3161772735,358800169560,19790412,KSQ
306,204620,KR7204620009,글로벌텍스프리,KOSDAQ,중견기업부,5090,1,280,5.82,4650,5110,4645,1362952,6769678077,357742149700,70283330,KSQ
307,079940,KR7079940003,가비아,KOSDAQ,우량기업부,26600,2,-250,-0.93,26050,26850,26050,15986,421660375,356990194400,13420684,KSQ
308,389260,KR7389260001,대명에너지,KOSDAQ,우량기업부,19890,1,380,1.95,20700,20950,19600,308346,6214779870,356355704250,17916325,KSQ
309,448280,KR7448280008,에코아이,KOSDAQ,중견기업부,11920,3,0,0.0,11700,12600,11620,17682,209525920,353203057680,29631129,KSQ
310,036890,KR7036890002,진성티이씨,KOSDAQ,우량기업부,15950,1,100,0.63,15440,16090,15240,65780,1031964490,351420336850,22032623,KSQ
311,058970,KR7058970005,엠로,KOSDAQ,기술성장기업부,28425,1,425,1.52,27100,28450,27050,32321,891824500,351358696200,12360904,KSQ
312,018000,KR7018000000,유니슨,KOSDAQ,중견기업부,1423,2,-31,-2.13,1425,1474,1377,3593525,5043981275,348912398197,245194939,KSQ
313,365270,KR7365270008,큐라클,KOSDAQ,기술성장기업부,15880,1,240,1.53,15600,16000,14380,229255,3528448515,348162108080,21924566,KSQ
314,389020,KR7389020009,자람테크놀로지,KOSDAQ,기술성장기업부,54500,2,-1300,-2.33,53100,55700,52000,111519,5995623600,347705967000,6379926,KSQ
315,136480,KR7136480001,하림,KOSDAQ,중견기업부,3225,2,-5,-0.15,3220,3230,3185,334904,1072853776,342526288950,106209702,KSQ
316,236200,KR7236200002,슈프리마,KOSDAQ,우량기업부,48850,2,-1000,-2.01,48850,49700,48200,17060,828764825,340695092350,6974311,KSQ
317,419530,KR7419530001,SAMG엔터,KOSDAQ,기술성장기업부,34050,1,350,1.04,32700,34100,32200,30358,1009888900,340223003250,9991865,KSQ
318,200130,KR7200130003,콜마비앤에이치,KOSDAQ GLOBAL,우량기업부,11530,1,440,3.97,11030,11530,11020,48728,549757645,339161383740,29415558,KSQ
319,314130,KR7314130006,지놈앤컴퍼니,KOSDAQ,기술성장기업부,9710,2,-10,-0.1,9740,9900,8830,366847,3505145780,338810845510,34892981,KSQ
320,046970,KR7046970000,우리로,KOSDAQ,벤처기업부,7720,4,1780,29.97,6420,7720,5790,27819916,188010881725,338328992280,43824999,KSQ
321,217730,KR7217730001,강스템바이오텍,KOSDAQ,기술성장기업부,3585,4,825,29.89,2810,3585,2810,16732754,56710714443,337184124165,94054149,KSQ
322,049630,KR7049630007,재영솔루텍,KOSDAQ,중견기업부,2880,1,10,0.35,2780,2880,2700,1506375,4199008539,336664972800,116897560,KSQ
323,099440,KR7099440000,스맥,KOSDAQ,우량기업부,4920,1,5,0.1,4870,4920,4745,277261,1334188630,335757498480,68243394,KSQ
324,114190,KR7114190002,강원에너지,KOSDAQ,우량기업부,12850,1,210,1.66,12210,13400,12090,74244,926331560,335681038300,26123038,KSQ
325,043150,KR7043150002,바텍,KOSDAQ,우량기업부,22450,1,100,0.45,21750,22450,21650,35421,777760825,333478047200,14854256,KSQ
326,361390,KR7361390008,제노코,KOSDAQ,벤처기업부,35400,3,0,0.0,33500,36050,31850,497660,16644451775,332915653800,9404397,KSQ
327,389500,KR7389500000,에스비비테크,KOSDAQ,기술성장기업부,50000,1,1800,3.73,47000,50800,45500,47739,2290956875,332772350000,6655447,KSQ
328,073490,KR7073490005,이노와이어리스,KOSDAQ,우량기업부,43550,1,2050,4.94,40600,43700,40200,192044,8170227700,331147493300,7603846,KSQ
329,093520,KR7093520005,매커스,KOSDAQ,우량기업부,23350,1,150,0.65,22300,23400,22150,22700,512489800,330708198200,14163092,KSQ
330,094480,KR7094480001,갤럭시아머니트리,KOSDAQ,중견기업부,8410,1,90,1.08,8220,8430,8070,142929,1176980025,329922937580,39229838,KSQ
331,023410,KR7023410004,유진기업,KOSDAQ,우량기업부,4260,2,-35,-0.81,4245,4295,4170,146385,616014935,329344276380,77310863,KSQ
332,138610,KR7138610001,나이벡,KOSDAQ,기술성장기업부,28950,1,400,1.4,27850,29000,27550,28750,809405350,329042920800,11365904,KSQ
333,200470,KR7200470003,에이팩트,KOSDAQ,중견기업부,7720,2,-200,-2.53,7600,7750,7400,591932,4456534285,327035357960,42362093,KSQ
334,060720,KR7060720000,KH바텍,KOSDAQ,벤처기업부,13810,2,-20,-0.14,13560,13810,13320,173839,2342185910,326985474020,23677442,KSQ
335,317330,KR7317330009,덕산테코피아,KOSDAQ,중견기업부,15880,1,270,1.73,15250,16170,15060,57288,886422920,325168153920,20476584,KSQ
336,064820,KR7064820004,케이프,KOSDAQ,우량기업부,10490,2,-120,-1.13,10490,10550,10140,47796,491589215,324159126720,30901728,KSQ
337,099430,KR7099430001,바이오플러스,KOSDAQ,우량기업부,5170,1,130,2.58,5040,5170,4920,143053,721091855,318682532740,61640722,KSQ
338,462350,KR7462350000,이노스페이스,KOSDAQ,기술성장기업부,15430,2,-290,-1.84,15240,15710,14500,415828,6255639840,318629962900,20650030,KSQ
339,274090,KR7274090000,켄코아에어로스페이스,KOSDAQ,기술성장기업부,23100,2,-750,-3.14,23150,23800,22000,483439,10964842975,316688156400,13709444,KSQ
340,086820,KR7086820008,바이오솔루션,KOSDAQ,기술성장기업부,12920,1,260,2.05,12580,12930,12020,226601,2811220580,316445063840,24492652,KSQ
341,243070,KR7243070000,휴온스,KOSDAQ,우량기업부,26150,2,-100,-0.38,25750,26350,25600,10125,262514750,313268239750,11979665,KSQ
342,051370,KR7051370005,인터플렉스,KOSDAQ,우량기업부,13370,2,-270,-1.98,13300,13450,13000,146104,1920630515,311888300640,23327472,KSQ
343,378340,KR7378340004,필에너지,KOSDAQ,벤처기업부,14500,3,0,0.0,14200,14880,13150,62609,897527355,311211789000,21462882,KSQ
344,265520,KR7265520007,AP시스템,KOSDAQ,우량기업부,20500,2,-300,-1.44,20450,20800,20100,74386,1517547225,308541830500,15050821,KSQ
345,330860,KR7330860008,네패스아크,KOSDAQ,중견기업부,25250,2,-1850,-6.83,26100,26550,24550,282014,7139870550,307647136250,12184045,KSQ
346,101360,KR7101360006,에코앤드림,KOSDAQ,벤처기업부,17290,1,190,1.11,16800,17590,16420,54867,925728165,307521911060,17786114,KSQ
347,131030,KR7131030009,옵투스제약,KOSDAQ,우량기업부,17400,2,-970,-5.28,18400,18400,16850,356233,6241058310,307050666000,17646590,KSQ
348,064550,KR7064550007,바이오니아,KOSDAQ,벤처기업부,11860,1,290,2.51,11310,11860,11270,62795,720199640,306110051260,25810291,KSQ
349,451760,KR7451760003,컨텍,KOSDAQ,기술성장기업부,19400,2,-600,-3.0,19510,19700,18650,369615,7048576890,305906009400,15768351,KSQ
350,023760,KR7023760002,한국캐피탈,KOSDAQ,우량기업부,968,2,-13,-1.33,996,996,950,489639,471937698,305510069568,315609576,KSQ
351,085910,KR7085910008,네오티스,KOSDAQ,중견기업부,21900,1,1350,6.57,19910,21900,19430,131103,2643154750,305172514200,13934818,KSQ
352,371950,KR7371950007,풍원정밀,KOSDAQ,기술성장기업부,13460,1,950,7.59,12510,13530,11910,51046,661078560,305037896080,22662548,KSQ
353,215000,KR7215000001,골프존,KOSDAQ GLOBAL,우량기업부,48550,1,500,1.04,47500,48550,47200,14328,684689300,304671398250,6275415,KSQ
354,151860,KR7151860004,KG에코솔루션,KOSDAQ,우량기업부,6400,2,-10,-0.16,6410,6500,6210,105045,664560995,304659212800,47603002,KSQ
355,088800,KR7088800008,에이스테크,KOSDAQ,중견기업부,4015,1,115,2.95,3760,4270,3750,3878091,15761607461,303158332510,75506434,KSQ
356,416180,KR7416180008,신성에스티,KOSDAQ,벤처기업부,33450,1,550,1.67,32000,33850,31400,29236,945083800,302380574100,9039778,KSQ
357,069540,KR7069540003,빛과전자,KOSDAQ,중견기업부,3095,1,50,1.64,2950,3555,2750,36398710,118942104279,302095388915,97607557,KSQ
358,042370,KR7042370007,비츠로테크,KOSDAQ,우량기업부,11520,2,-250,-2.12,11500,11590,11220,299651,3410732400,301824288000,26200025,KSQ
359,322310,KR7322310004,오로스테크놀로지,KOSDAQ,벤처기업부,32200,2,-50,-0.16,30700,32250,30250,127759,3995524800,301602652400,9366542,KSQ
360,216080,KR7216080002,제테마,KOSDAQ,우량기업부,8090,1,290,3.72,7700,8130,7600,170100,1349155075,301021610910,37209099,KSQ
361,472850,KR7472850007,폰드그룹,KOSDAQ,중견기업부,5220,1,40,0.77,5150,5230,5040,16531,84900740,300524023440,57571652,KSQ
362,014940,KR7014940001,오리엔탈정공,KOSDAQ,우량기업부,6590,2,-110,-1.64,6520,6590,6370,87296,564754125,300330425990,45573661,KSQ
363,024060,KR7024060006,흥구석유,KOSDAQ,중견기업부,20000,2,-1000,-4.76,21850,22950,19850,5104896,108480047030,300000000000,15000000,KSQ
364,445090,KR7445090004,에이직랜드,KOSDAQ,벤처기업부,27400,2,-450,-1.62,27200,27500,26350,25555,685350450,299363029200,10925658,KSQ
365,067390,KR7067390005,아스트,KOSDAQ,중견기업부,729,2,-15,-2.02,729,739,716,977560,709005165,298275875091,409157579,KSQ
366,054950,KR7054950001,제이브이엠,KOSDAQ,우량기업부,24650,2,-50,-0.2,24500,24800,24100,10968,267304850,298015837800,12089892,KSQ
367,354320,KR7354320004,알멕,KOSDAQ,기술성장기업부,46550,2,-2350,-4.81,47500,47900,44500,94897,4358644775,297518785550,6391381,KSQ
368,255220,KR7255220006,SG,KOSDAQ,중견기업부,2725,1,15,0.55,2650,2760,2620,1105266,2987749797,296607312000,108846720,KSQ
369,226590,KR7226590008,엠디바이스,KOSDAQ,기술성장기업부,27700,2,-1850,-6.26,28950,29400,26900,391100,10806787350,294472716800,10630784,KSQ
370,294570,KR7294570007,쿠콘,KOSDAQ,우량기업부,29050,2,-500,-1.69,28700,29300,28450,16371,470561750,293164814600,10091732,KSQ
371,049070,KR7049070006,인탑스,KOSDAQ,우량기업부,16920,2,-50,-0.29,16480,17030,16400,40464,673623740,291024000000,17200000,KSQ
372,221800,KR7221800006,유투바이오,KOSDAQ,기술성장기업부,18240,1,130,0.72,17630,18770,17120,152389,2719786045,290608325760,15932474,KSQ
373,045390,KR7045390002,대아티아이,KOSDAQ,우량기업부,4120,2,-15,-0.36,4075,4125,3995,388228,1573934148,290350313240,70473377,KSQ
374,036200,KR7036200004,유니셈,KOSDAQ,우량기업부,9460,2,-240,-2.47,9420,9480,9220,194278,1808469130,290083549580,30664223,KSQ
375,243840,KR7243840006,신흥에스이씨,KOSDAQ,우량기업부,7500,1,240,3.31,7150,7770,6770,1014969,7408185175,289186762500,38558235,KSQ
376,025770,KR7025770009,한국정보통신,KOSDAQ,우량기업부,7700,2,-40,-0.52,7740,7740,7600,6363,48632950,288320886700,37444271,KSQ
377,304100,KR7304100001,솔트룩스,KOSDAQ,기술성장기업부,22850,3,0,0.0,22150,22950,21600,42082,938229350,287769586750,12593855,KSQ
378,078070,KR7078070000,유비쿼스홀딩스,KOSDAQ,중견기업부,16310,1,420,2.64,15980,16890,15710,436601,7151698475,287133831320,17604772,KSQ
379,251370,KR7251370003,와이엠티,KOSDAQ,벤처기업부,16250,1,950,6.21,14830,16440,14600,407964,6458376205,286390162500,17624010,KSQ
380,357550,KR7357550003,석경에이티,KOSDAQ,기술성장기업부,52300,1,300,0.58,51500,53500,50600,3795,195412500,285296500000,5455000,KSQ
381,160980,KR7160980009,싸이맥스,KOSDAQ,우량기업부,25800,1,750,2.99,24600,25800,24150,239234,6022252575,281845469400,10924243,KSQ
382,035600,KR7035600006,KG이니시스,KOSDAQ,우량기업부,10220,1,60,0.59,10010,10240,10010,33913,342691270,281606315480,27554434,KSQ
383,095500,KR7095500005,미래나노텍,KOSDAQ,우량기업부,9020,2,-10,-0.11,8760,9170,8660,74327,659421650,279710190980,31009999,KSQ
384,012210,KR7012210001,삼미금속,KOSDAQ,중견기업부,12570,2,-580,-4.41,12810,13000,12130,160037,1997175865,278953590840,22192012,KSQ
385,272110,KR7272110008,케이엔제이,KOSDAQ,우량기업부,34750,2,-900,-2.52,35200,35400,33650,67113,2297972450,278882476250,8025395,KSQ
386,464080,KR7464080001,에스오에스랩,KOSDAQ,기술성장기업부,15640,2,-130,-0.82,15230,15650,15000,164059,2502690180,278345627400,17797035,KSQ
387,058820,KR7058820002,CMG제약,KOSDAQ,중견기업부,1870,2,-16,-0.85,1879,1879,1826,519746,959263000,276464882210,147842183,KSQ
388,267980,KR7267980001,매일유업,KOSDAQ,우량기업부,36050,2,-450,-1.23,36500,36550,35750,6145,220980600,276274149900,7663638,KSQ
389,092730,KR7092730001,네오팜,KOSDAQ,우량기업부,17220,1,130,0.76,16960,17240,16600,40405,682110895,276001970580,16027989,KSQ
390,474170,KR7474170008,루미르,KOSDAQ,기술성장기업부,15480,2,-520,-3.25,15860,15950,14820,311853,4735432260,275817934080,17817696,KSQ
391,013120,KR7013120001,동원개발,KOSDAQ,우량기업부,3015,1,30,1.01,2960,3045,2935,120196,358374064,273786421500,90808100,KSQ
392,054210,KR7054210000,이랜텍,KOSDAQ,우량기업부,10820,2,-20,-0.18,10690,10910,10290,161007,1703482360,273650892200,25291210,KSQ
393,0007C0,KR70007C0003,아크릴,KOSDAQ,기술성장기업부,34050,2,-500,-1.45,33250,34650,32850,98554,3293484175,273432532200,8030324,KSQ
394,018310,KR7018310003,삼목에스폼,KOSDAQ,우량기업부,18520,2,-250,-1.33,18700,18700,18300,6737,124143350,272244000000,14700000,KSQ
395,211270,KR7211270004,AP위성,KOSDAQ,우량기업부,17930,2,-690,-3.71,18210,18300,17190,348065,6125785235,270425710720,15082304,KSQ
396,0008Z0,KR70008Z0005,에스엔시스,KOSDAQ,벤처기업부,28550,3,0,0.0,28200,28600,27550,13510,378209350,269413902200,9436564,KSQ
397,067080,KR7067080002,대화제약,KOSDAQ,중견기업부,14440,1,140,0.98,14130,14440,13940,27957,395960195,268824426000,18616650,KSQ
398,256840,KR7256840000,한국비엔씨,KOSDAQ,벤처기업부,3910,1,5,0.13,3855,3910,3815,180922,697290130,267424004260,68394886,KSQ
399,065680,KR7065680001,우주일렉트로,KOSDAQ,우량기업부,28750,2,-500,-1.71,29300,29300,27100,19919,553033000,265663541250,9240471,KSQ
400,084850,KR7084850007,아이티엠반도체,KOSDAQ GLOBAL,중견기업부,11710,2,-1540,-11.62,12220,12220,11310,292502,3414306375,265617157140,22682934,KSQ
401,182400,KR7182400002,엔케이젠바이오텍코리아,KOSDAQ,관리종목(소속부없음),3670,0,0,0.0,0,0,0,0,0,265496721770,72342431,KSQ
402,061970,KR7061970000,LB세미콘,KOSDAQ,중견기업부,4555,2,-130,-2.77,4565,4590,4355,226225,1011071804,264568092330,58083006,KSQ
403,452430,KR7452430002,사피엔반도체,KOSDAQ,기술성장기업부,32150,2,-750,-2.28,31900,32200,31250,22351,707696775,264210178900,8218046,KSQ
404,100120,KR7100120005,뷰웍스,KOSDAQ,우량기업부,29400,3,0,0.0,28900,29500,27700,247899,7021364025,263759483400,8971411,KSQ
405,176750,KR7176750008,듀켐바이오,KOSDAQ,기술성장기업부,9250,1,40,0.43,9200,9360,9010,14784,135486960,263210785000,28455220,KSQ
406,950170,KR8392080006,JTC,KOSDAQ,외국기업(소속부없음),5050,1,50,1.0,4980,5080,4920,100937,507231785,261319057400,51746348,KSQ
407,123330,KR7123330003,제닉,KOSDAQ,벤처기업부,32750,1,4000,13.91,28650,34400,28000,849351,27356385525,260974270000,7968680,KSQ
408,043370,KR7043370006,피에이치에이,KOSDAQ,우량기업부,12420,2,-70,-0.56,12210,12460,12100,15897,194867665,260820000000,21000000,KSQ
409,452280,KR7452280001,한선엔지니어링,KOSDAQ,중견기업부,13520,2,-880,-6.11,14390,14390,13170,153136,2067966135,260211598400,19246420,KSQ
410,005710,KR7005710009,대원산업,KOSDAQ,우량기업부,12930,2,-170,-1.3,12860,13000,12590,21464,274410940,259086168000,20037600,KSQ
411,194700,KR7194700001,노바렉스,KOSDAQ,우량기업부,13810,1,460,3.45,13350,13880,13030,41616,558430900,259004450880,18754848,KSQ
412,234690,KR7234690006,녹십자웰빙,KOSDAQ,우량기업부,14550,1,220,1.54,14330,15200,14110,495598,7240713060,258295615800,17752276,KSQ
413,092460,KR7092460005,한라IMS,KOSDAQ,우량기업부,15060,2,-190,-1.25,15110,15170,14680,52463,781355120,257671780800,17109680,KSQ
414,380550,KR7380550004,뉴로핏,KOSDAQ,기술성장기업부,21300,2,-150,-0.7,20850,21400,20500,161497,3379776425,257556085500,12091835,KSQ
415,126700,KR7126700004,하이비젼시스템,KOSDAQ,우량기업부,17220,2,-150,-0.86,17090,17220,16420,133302,2238243045,257303168640,14942112,KSQ
416,115450,KR7115450009,HLB테라퓨틱스,KOSDAQ,중견기업부,3045,1,85,2.87,2960,3075,2885,266682,799713736,256943990835,84382263,KSQ
417,121800,KR7121800007,비덴트,KOSDAQ,관리종목(소속부없음),3320,0,0,0.0,0,0,0,0,0,256309348520,77201611,KSQ
418,950140,KR8840110108,잉글우드랩,KOSDAQ,외국기업(소속부없음),12880,1,70,0.55,12610,13170,12610,118968,1530840760,255898114080,19867866,KSQ
419,950250,KR8826050005,테라뷰,KOSDAQ,기술성장기업부,7200,2,-110,-1.5,7190,7200,6800,742047,5164838215,255727663200,35517731,KSQ
420,206640,KR7206640005,바디텍메드,KOSDAQ,우량기업부,11650,2,-40,-0.34,11690,11690,11440,35628,410554460,255227279650,21907921,KSQ
421,036800,KR7036800001,나이스정보통신,KOSDAQ,우량기업부,25500,2,-250,-0.97,25550,25950,25050,6287,159017650,255000000000,10000000,KSQ
422,459510,KR7459510004,나우로보틱스,KOSDAQ,기술성장기업부,19570,2,-350,-1.76,19160,19580,18650,54810,1043710785,253810805740,12969382,KSQ
423,254490,KR7254490006,미래반도체,KOSDAQ,우량기업부,17570,2,-220,-1.24,17190,17570,16900,67207,1153814460,253675660000,14438000,KSQ
424,418550,KR7418550000,제이오,KOSDAQ,기술성장기업부,7910,1,210,2.73,7600,7940,7330,118715,905988335,253259793430,32017673,KSQ
425,377460,KR7377460001,위니아에이드,KOSDAQ,관리종목(소속부없음),4080,0,0,0.0,0,0,0,0,0,253187202960,62055687,KSQ
426,094820,KR7094820008,일진파워,KOSDAQ,우량기업부,16760,2,-160,-0.95,16500,16900,16140,166131,2717741330,252719162840,15078709,KSQ
427,481070,KR7481070001,에이유브랜즈,KOSDAQ,중견기업부,17840,2,-150,-0.83,17850,17910,17030,8181,142794400,252614400000,14160000,KSQ
428,106190,KR7106190002,하이텍팜,KOSDAQ,우량기업부,23700,1,1400,6.28,22000,24500,21350,157236,3683441750,252006200100,10633173,KSQ
429,108380,KR7108380007,대양전기공업,KOSDAQ,우량기업부,26200,2,-550,-2.06,26100,26200,25400,33610,861594550,250664124600,9567333,KSQ
430,056090,KR7056090004,시지메드텍,KOSDAQ,벤처기업부,2425,2,-5,-0.21,2395,2435,2315,911628,2154522420,250403162300,103259036,KSQ
431,332570,KR7332570001,PS일렉트로닉스,KOSDAQ,벤처기업부,5290,1,130,2.52,5060,5310,5050,384253,1985956355,250031934640,47265016,KSQ
432,053300,KR7053300000,한국정보인증,KOSDAQ,우량기업부,5890,1,80,1.38,5810,5890,5650,115682,665680145,249979616290,42441361,KSQ
433,091580,KR7091580001,상신이디피,KOSDAQ,우량기업부,18690,1,510,2.81,17970,19030,17040,307455,5593187710,249104413110,13328219,KSQ
434,012860,KR7012860003,모베이스전자,KOSDAQ,우량기업부,3400,1,5,0.15,3300,3405,3250,1074844,3556345885,248993753800,73233457,KSQ
435,289930,KR7289930000,웨이비스,KOSDAQ,기술성장기업부,19050,1,500,2.7,17890,19050,17750,113137,2061479325,248012140500,13019010,KSQ
436,264450,KR7264450008,유비쿼스,KOSDAQ,우량기업부,16900,1,80,0.48,16900,17450,16290,822347,13915289415,247846831700,14665493,KSQ
437,402490,KR7402490007,그린리소스,KOSDAQ,기술성장기업부,14940,1,1680,12.67,14460,15870,13990,3790332,57015181555,247488390720,16565488,KSQ
438,382900,KR7382900009,범한퓨얼셀,KOSDAQ,벤처기업부,28200,2,-650,-2.25,28300,28300,27700,22157,620165150,247060200000,8761000,KSQ
439,199430,KR7199430000,케이엔알시스템,KOSDAQ,기술성장기업부,22150,2,-50,-0.23,21200,22150,21000,45879,980712050,246840552450,11144043,KSQ
440,112290,KR7112290002,와이씨켐,KOSDAQ,기술성장기업부,24300,2,-150,-0.61,23750,24300,23250,84955,2016701775,245686243500,10110545,KSQ
441,214180,KR7214180002,헥토이노베이션,KOSDAQ,우량기업부,18880,2,-60,-0.32,18820,18920,18230,45664,850649150,245314768960,12993367,KSQ
442,068930,KR7068930007,디지털대성,KOSDAQ,우량기업부,8860,2,-20,-0.23,8880,8940,8830,25168,223369060,245203530120,27675342,KSQ
443,462860,KR7462860008,더즌,KOSDAQ,중견기업부,3400,1,30,0.89,3405,3470,3295,380238,1281824056,244268617400,71843711,KSQ
444,190510,KR7190510008,나무가,KOSDAQ,우량기업부,17250,2,-100,-0.58,16910,17260,16530,68820,1154698150,242971718250,14085317,KSQ
445,403850,KR7403850001,더핑크퐁컴퍼니,KOSDAQ,중견기업부,16900,1,250,1.5,16480,16900,16100,44191,722178270,242532069000,14351010,KSQ
446,357580,KR7357580000,아모센스,KOSDAQ,기술성장기업부,20700,2,-1050,-4.83,20900,21700,20300,54312,1131098200,241245997200,11654396,KSQ
447,457550,KR7457550002,우진엔텍,KOSDAQ,중견기업부,25850,2,-450,-1.71,25400,25900,24900,91295,2311327500,240895064300,9318958,KSQ
448,289080,KR7289080004,SV인베스트먼트,KOSDAQ,중견기업부,4425,1,925,26.43,3720,4485,3640,11353398,46262405150,240349724850,54316322,KSQ
449,034810,KR7034810002,해성산업,KOSDAQ,중견기업부,7380,2,-20,-0.27,7380,7390,7260,32518,238001310,240269604660,32556857,KSQ
450,126600,KR7126600006,BGF에코머티리얼즈,KOSDAQ,우량기업부,3825,1,245,6.84,3590,4165,3535,845163,3360297553,240083388675,62766899,KSQ
451,039840,KR7039840004,디오,KOSDAQ,중견기업부,16620,1,100,0.61,16170,16700,16090,28448,469372240,238913945940,14375087,KSQ
452,199820,KR7199820002,제일일렉트릭,KOSDAQ,우량기업부,10740,1,110,1.03,10310,10990,10310,302636,3218462750,238642800000,22220000,KSQ
453,017890,KR7017890005,한국알콜,KOSDAQ,우량기업부,11210,2,-300,-2.61,11320,11360,11140,47292,530996130,238476002260,21273506,KSQ
454,064290,KR7064290000,인텍플러스,KOSDAQ,벤처기업부,18520,1,400,2.21,17530,18590,17200,180571,3199363470,238240576240,12863962,KSQ
455,051360,KR7051360006,토비스,KOSDAQ,우량기업부,15960,3,0,0.0,15940,16020,15670,16891,267134440,238088774280,14917843,KSQ
456,092070,KR7092070002,디엔에프,KOSDAQ,우량기업부,20550,1,650,3.27,19510,20750,19340,87481,1750340590,237801681900,11571858,KSQ
457,307750,KR7307750000,국전약품,KOSDAQ,우량기업부,4650,3,0,0.0,4650,4965,4500,1102947,5290800314,236830070700,50931198,KSQ
458,475230,KR7475230009,엔알비,KOSDAQ,벤처기업부,21850,2,-550,-2.46,22400,22400,20950,99138,2123356725,236554545750,10826295,KSQ
459,036030,KR7036030005,케이티알파,KOSDAQ,우량기업부,4805,2,-15,-0.31,4820,4830,4700,26861,128010279,235537654815,49019283,KSQ
460,203400,KR7203400007,에이비온,KOSDAQ,기술성장기업부,2610,2,-150,-5.43,2685,2775,2545,735614,1924604702,235164403440,90101304,KSQ
461,402030,KR7402030001,코난테크놀로지,KOSDAQ,기술성장기업부,18730,2,-340,-1.78,18500,19740,18000,23429,434582490,234452550240,12517488,KSQ
462,353810,KR7353810005,이지바이오,KOSDAQ,우량기업부,7080,1,110,1.58,6950,7080,6780,87111,602722530,234219993600,33081920,KSQ
463,083310,KR7083310003,엘오티베큠,KOSDAQ,우량기업부,13150,2,-250,-1.87,13100,13150,12750,72324,933516450,234201933950,17810033,KSQ
464,064850,KR7064850001,에프앤가이드,KOSDAQ,벤처기업부,20500,2,-50,-0.24,18900,20750,18500,36266,729297900,233911806000,11410332,KSQ
465,144960,KR7144960002,뉴파워프라즈마,KOSDAQ,우량기업부,5350,2,-90,-1.65,5330,5420,5200,108707,570801000,233755538400,43692624,KSQ
466,461300,KR7461300006,아이스크림미디어,KOSDAQ,중견기업부,17540,2,-30,-0.17,17500,17830,17230,17629,307028575,233324674820,13302433,KSQ
467,338220,KR7338220007,뷰노,KOSDAQ,기술성장기업부,16620,2,-260,-1.54,16660,16670,16240,32983,541622270,232710298260,14001823,KSQ
468,484810,KR7484810007,티엑스알로보틱스,KOSDAQ,중견기업부,14980,2,-100,-0.66,14510,14990,14260,27029,392794040,231454706700,15450915,KSQ
469,372170,KR7372170001,윤성에프앤씨,KOSDAQ,기술성장기업부,28825,1,375,1.32,28000,29300,27350,9040,255173925,229996058600,7979048,KSQ
470,036560,KR7036560001,KZ정밀,KOSDAQ,우량기업부,14600,1,1350,10.19,13200,14900,13010,183101,2636002210,229950000000,15750000,KSQ
471,041020,KR7041020009,폴라리스오피스,KOSDAQ,벤처기업부,4620,1,50,1.09,4485,4815,4445,944027,4356563221,229731800760,49725498,KSQ
472,179290,KR7179290002,엠아이텍,KOSDAQ,우량기업부,7050,1,250,3.68,6750,7170,6650,199825,1394393460,228178029900,32365678,KSQ
473,079960,KR7079960001,동양이엔피,KOSDAQ,우량기업부,29000,2,-200,-0.68,29000,29000,28100,17673,502299475,227940000000,7860000,KSQ
474,065710,KR7065710006,서호전기,KOSDAQ,중견기업부,43950,1,50,0.11,43500,44150,42200,11332,486642500,226342500000,5150000,KSQ
475,036190,KR7036190007,금화피에스시,KOSDAQ,우량기업부,37600,1,500,1.35,37050,37800,35950,13304,490435575,225600000000,6000000,KSQ
476,285490,KR7285490009,노바텍,KOSDAQ,벤처기업부,21300,2,-100,-0.47,21400,21400,20550,50747,1057667650,225265200300,10575831,KSQ
477,098120,KR7098120009,마이크로컨텍솔,KOSDAQ,중견기업부,27000,2,-200,-0.74,26150,27050,25800,72706,1911509525,224444682000,8312766,KSQ
478,095700,KR7095700001,제넥신,KOSDAQ,기술성장기업부,4920,2,-100,-1.99,5140,5140,4830,227086,1125439029,224059230480,45540494,KSQ
479,432720,KR7432720001,퀄리타스반도체,KOSDAQ,기술성장기업부,15730,2,-160,-1.01,15300,16220,14820,593239,9197618455,222683506760,14156612,KSQ
480,0011A0,KR70011A0009,액스비스,KOSDAQ,벤처기업부,23850,1,850,3.7,22700,24250,22150,190498,4463362475,222609699000,9333740,KSQ
481,019010,KR7019010008,베뉴지,KOSDAQ,중견기업부,4610,3,0,0.0,4570,4610,4440,35728,160304035,222202000000,48200000,KSQ
482,484120,KR7484120001,도우인시스,KOSDAQ,중견기업부,20200,2,-50,-0.25,20500,20500,19930,5321,106591585,221339924400,10957422,KSQ
483,417010,KR7417010006,나노팀,KOSDAQ,벤처기업부,10970,2,-280,-2.49,10890,11040,10400,216764,2318577640,221294826160,20172728,KSQ
484,119610,KR7119610004,인터로조,KOSDAQ,중견기업부,19380,2,-130,-0.67,19500,19990,19270,47157,924185500,221198416860,11413747,KSQ
485,0004V0,KR70004V0003,엔비알모션,KOSDAQ,기술성장기업부,21200,2,-850,-3.85,21350,21650,19870,2366729,49582990125,220574721600,10404468,KSQ
486,408470,KR7408470003,한패스,KOSDAQ,중견기업부,20800,2,-800,-3.7,20950,22800,20300,1005595,21539448600,219897600000,10572000,KSQ
487,104480,KR7104480009,티케이케미칼,KOSDAQ,우량기업부,2415,2,-25,-1.02,2420,2510,2350,2872531,6955660116,219512473110,90895434,KSQ
488,140670,KR7140670001,알에스오토메이션,KOSDAQ,벤처기업부,17050,1,180,1.07,16250,17080,16120,136204,2237434815,218919272000,12839840,KSQ
489,039860,KR7039860002,나노엔텍,KOSDAQ,중견기업부,5700,2,-100,-1.72,5700,5770,5500,426526,2390404070,217130402100,38093053,KSQ
490,115310,KR7115310005,인포바인,KOSDAQ,벤처기업부,68000,1,600,0.89,66600,68600,66500,3348,225730850,217116044000,3192883,KSQ
491,242040,KR7242040004,나무기술,KOSDAQ,기술성장기업부,6230,2,-280,-4.3,6350,6350,5900,1348921,8185134175,215597024720,34606264,KSQ
492,456010,KR7456010008,아이씨티케이,KOSDAQ,기술성장기업부,15480,1,1380,9.79,13650,16410,13650,1417982,22221388570,215200699920,13901854,KSQ
493,299030,KR7299030007,하나기술,KOSDAQ,벤처기업부,26900,1,350,1.32,25850,27150,25300,17422,457816525,215063079000,7994910,KSQ
494,237880,KR7237880000,클리오,KOSDAQ,우량기업부,11900,1,200,1.71,11690,12400,11510,22527,266329660,215049100700,18071353,KSQ
495,425040,KR7425040003,티이엠씨,KOSDAQ,기술성장기업부,10070,2,-30,-0.3,9910,10330,9640,411443,4075855515,214783855740,21329082,KSQ
496,270660,KR7270660004,에브리봇,KOSDAQ,벤처기업부,16800,1,30,0.18,16370,16800,15970,28648,465414385,213201794400,12690583,KSQ
497,121440,KR7121440002,골프존홀딩스,KOSDAQ,우량기업부,4975,1,15,0.3,4950,5030,4910,17918,88740110,213113169550,42836818,KSQ
498,297090,KR7297090003,씨에스베어링,KOSDAQ,투자주의환기종목(소속부없음),7790,1,20,0.26,7570,7800,7530,191499,1463961515,212433300000,27270000,KSQ
499,032620,KR7032620007,유비케어,KOSDAQ,중견기업부,4050,1,60,1.5,4005,4050,3910,133522,534652524,211398412950,52197139,KSQ
500,388050,KR7388050007,지투파워,KOSDAQ,벤처기업부,11280,1,50,0.45,10880,11360,10670,579189,6347501210,211042449360,18709437,KSQ
501,080160,KR7080160005,모두투어,KOSDAQ,벤처기업부,11160,1,40,0.36,11050,11230,10990,49728,550109440,210924000000,18900000,KSQ
502,293780,KR7293780003,압타바이오,KOSDAQ,기술성장기업부,7490,2,-60,-0.79,7460,7670,7360,98066,736587945,210419603450,28093405,KSQ
503,082800,KR7082800004,비보존 제약,KOSDAQ,중견기업부,3455,1,25,0.73,3385,3485,3360,223140,764286399,209786446030,60719666,KSQ
504,405100,KR7405100009,큐알티,KOSDAQ,우량기업부,16910,2,-570,-3.26,17200,17370,16250,80938,1342636490,207812079910,12289301,KSQ
505,489500,KR7489500009,엘케이켐,KOSDAQ,벤처기업부,33100,2,-500,-1.49,32700,33200,31250,73830,2372454825,207803653600,6278056,KSQ
506,129920,KR7129920005,대성하이텍,KOSDAQ,벤처기업부,15110,1,1790,13.44,13960,15230,12740,433041,6044014000,207234450830,13715053,KSQ
507,235980,KR7235980000,메드팩토,KOSDAQ,기술성장기업부,6040,1,210,3.6,5830,6050,5730,417691,2468385140,207021730840,34275121,KSQ
508,118990,KR7118990001,모트렉스,KOSDAQ,우량기업부,8430,2,-160,-1.86,8220,8530,8200,110271,914675150,206850037530,24537371,KSQ
509,380540,KR7380540005,옵티코어,KOSDAQ,관리종목(소속부없음),4225,0,0,0.0,0,0,0,0,0,206658130575,48913167,KSQ
510,039560,KR7039560008,다산네트웍스,KOSDAQ,중견기업부,5110,2,-40,-0.78,5080,5295,4900,891231,4502921218,206260290390,40364049,KSQ
511,052710,KR7052710001,아모텍,KOSDAQ,중견기업부,13990,2,-390,-2.71,14080,14350,13500,287157,3985605680,204465374910,14615109,KSQ
512,061090,KR7061090007,세나테크놀로지,KOSDAQ,중견기업부,36600,1,350,0.97,36100,36950,35600,4406,158924625,204433838400,5585624,KSQ
513,439090,KR7439090002,마녀공장,KOSDAQ,중견기업부,12460,1,420,3.49,11900,12640,11800,59275,730334140,204260019600,16393260,KSQ
514,356680,KR7356680009,엑스게이트,KOSDAQ,벤처기업부,7150,1,370,5.46,6650,7380,6580,468897,3342723320,204085967800,28543492,KSQ
515,377450,KR7377450002,리파인,KOSDAQ,우량기업부,11730,2,-80,-0.68,11720,11830,11540,24047,280038890,203280900000,17330000,KSQ
516,078150,KR7078150000,HB테크놀러지,KOSDAQ,우량기업부,2190,2,-55,-2.45,2135,2205,2120,1415347,3058139688,203047856040,92715916,KSQ
517,143240,KR7143240000,사람인,KOSDAQ,우량기업부,17230,1,370,2.19,16860,17320,16850,87261,1493773290,201750601490,11709263,KSQ
518,102120,KR7102120003,어보브반도체,KOSDAQ,벤처기업부,11280,2,-180,-1.57,11250,11280,10930,168142,1861421885,200566893840,17780753,KSQ
519,123410,KR7123410003,코리아에프티,KOSDAQ,우량기업부,7160,1,70,0.99,7040,7180,6950,104927,735385030,199342018240,27841064,KSQ
520,114840,KR7114840002,아이패밀리에스씨,KOSDAQ,우량기업부,11480,1,220,1.95,11430,11650,11050,25765,292174100,198832452000,17319900,KSQ
521,048870,KR7048870000,시너지이노베이션,KOSDAQ,벤처기업부,2240,1,20,0.9,2200,2245,2170,117615,260193435,197359597120,88106963,KSQ
522,290740,KR7290740000,액트로,KOSDAQ,벤처기업부,19590,1,710,3.76,18800,19880,18440,118580,2262425870,197173565490,10065011,KSQ
523,086890,KR7086890001,이수앱지스,KOSDAQ,우량기업부,4815,1,40,0.84,4740,4815,4655,61464,290646575,196292464605,40766867,KSQ
524,083930,KR7083930008,아바코,KOSDAQ,우량기업부,13320,2,-270,-1.99,13280,13410,12960,79643,1043848455,195500956680,14677249,KSQ
525,042420,KR7042420000,네오위즈홀딩스,KOSDAQ,중견기업부,24000,2,-50,-0.21,24000,24500,22650,14018,328638175,195414792000,8142283,KSQ
526,290690,KR7290690007,소룩스,KOSDAQ,중견기업부,4005,1,100,2.56,3910,4210,3870,2215361,8920681287,195260394780,48754156,KSQ
527,357880,KR7357880004,SKAI,KOSDAQ,기술성장기업부,3880,2,-260,-6.28,3995,4000,3795,1573583,6113440715,194834494880,50215076,KSQ
528,473980,KR7473980001,노머스,KOSDAQ,기술성장기업부,17600,1,160,0.92,17100,17650,16950,31695,550031390,194608867200,11057322,KSQ
529,122990,KR7122990005,와이솔,KOSDAQ,우량기업부,7300,2,-10,-0.14,7310,7310,7170,45904,331434485,194465291300,26639081,KSQ
530,156100,KR7156100000,엘앤케이바이오,KOSDAQ,벤처기업부,8680,2,-50,-0.57,8650,8750,8360,121408,1035504905,194008008040,22351153,KSQ
531,060150,KR7060150000,인선이엔티,KOSDAQ,중견기업부,4155,2,-15,-0.36,4190,4190,4085,55184,227264095,193471807860,46563612,KSQ
532,123860,KR7123860009,아나패스,KOSDAQ,벤처기업부,15950,1,520,3.37,15300,16020,15230,19314,300885710,193368469250,12123415,KSQ
533,300080,KR7300080009,플리토,KOSDAQ,기술성장기업부,11670,1,620,5.61,10680,11700,10600,101375,1146403265,192618613170,16505451,KSQ
534,217270,KR7217270008,넵튠,KOSDAQ,중견기업부,4115,1,50,1.23,4040,4180,3995,33980,138193035,192317170945,46735643,KSQ
535,340450,KR7340450006,지씨지놈,KOSDAQ,기술성장기업부,8100,1,240,3.05,7700,8290,7700,204328,1645483160,191571423300,23650793,KSQ
536,334970,KR7334970001,프레스티지바이오로직스,KOSDAQ,기술성장기업부,2460,2,-35,-1.4,2470,2490,2405,44325,108193739,191271487020,77752637,KSQ
537,143160,KR7143160000,아이디스,KOSDAQ,우량기업부,17750,1,30,0.17,17690,17880,17160,10043,177089500,190215922500,10716390,KSQ
538,458650,KR7458650009,성우,KOSDAQ,벤처기업부,12640,1,310,2.51,12330,12850,11330,91470,1139654420,190177268800,15045670,KSQ
539,355150,KR7355150004,코스텍시스,KOSDAQ,벤처기업부,24350,1,250,1.04,23000,24500,22700,92103,2156063725,189865472500,7797350,KSQ
540,475580,KR7475580007,에이럭스,KOSDAQ,벤처기업부,13910,1,1600,13.0,12000,14490,11990,3693548,50589580250,189522359000,13624900,KSQ
541,054450,KR7054450002,텔레칩스,KOSDAQ,우량기업부,12480,2,-180,-1.42,12650,12650,12110,58230,715395435,189000027840,15144233,KSQ
542,232680,KR7232680009,라온로보틱스,KOSDAQ,기술성장기업부,14460,2,-370,-2.49,14580,14580,14020,118659,1682299565,188193068100,13014735,KSQ
543,322510,KR7322510009,제이엘케이,KOSDAQ,기술성장기업부,7290,2,-210,-2.8,7480,7480,7120,319323,2310136600,187541752680,25725892,KSQ
544,219130,KR7219130002,타이거일렉,KOSDAQ,중견기업부,29700,2,-950,-3.1,29700,30300,28600,38487,1130348300,187534413000,6314290,KSQ
545,016790,KR7016790008,현대사료,KOSDAQ,관리종목(소속부없음),994,0,0,0.0,0,0,0,0,0,187340898626,188471729,KSQ
546,101970,KR7101970002,우양에이치씨,KOSDAQ,중견기업부,12640,2,-100,-0.78,12800,12800,12300,20794,258832980,186945713760,14790009,KSQ
547,046440,KR7046440004,KG모빌리언스,KOSDAQ,우량기업부,4910,2,-25,-0.51,4860,4910,4760,68847,331791217,186633037820,38010802,KSQ
548,452450,KR7452450000,피아이이,KOSDAQ,벤처기업부,5180,1,60,1.17,5000,5180,4925,91351,458407600,186627630000,36028500,KSQ
549,011560,KR7011560000,세보엠이씨,KOSDAQ,우량기업부,17990,2,-180,-0.99,18100,18100,17540,28523,507838510,186196500000,10350000,KSQ
550,323990,KR7323990002,박셀바이오,KOSDAQ,기술성장기업부,7960,1,40,0.51,7920,7980,7680,70279,547415650,185128466200,23257345,KSQ
551,146320,KR7146320007,비씨엔씨,KOSDAQ,벤처기업부,14250,2,-120,-0.84,14170,14250,13710,23268,324825790,182370402750,12797923,KSQ
552,264850,KR7264850009,이랜시스,KOSDAQ,중견기업부,6010,1,30,0.5,5930,6050,5700,179733,1044711795,182070618120,30294612,KSQ
553,068790,KR7068790005,DMS,KOSDAQ,투자주의환기종목(소속부없음),8050,1,230,2.94,7780,8050,7570,54201,425238370,181690303200,22570224,KSQ
554,101170,KR7101170009,우림피티에스,KOSDAQ,벤처기업부,13390,1,490,3.8,12600,13520,12510,88624,1149704890,180765000000,13500000,KSQ
555,038290,KR7038290003,마크로젠,KOSDAQ,중견기업부,16670,1,550,3.41,16000,16670,15820,20988,339808200,180726138000,10841400,KSQ
556,008830,KR7008830002,대동기어,KOSDAQ,중견기업부,20100,1,290,1.46,19530,20800,19340,315704,6330954295,180649152000,8987520,KSQ
557,307180,KR7307180000,아이엘,KOSDAQ,벤처기업부,5240,2,-30,-0.57,4990,5260,4940,1322924,6676384602,180418109880,34430937,KSQ
558,052330,KR7052330008,코텍,KOSDAQ,우량기업부,10120,2,-260,-2.5,10240,10240,9950,16814,168824990,179747280680,17761589,KSQ
559,002230,KR7002230001,피에스텍,KOSDAQ,중견기업부,9280,2,-150,-1.59,9400,9550,9000,184545,1695727355,178861049600,19273820,KSQ
560,389030,KR7389030008,지니너스,KOSDAQ,기술성장기업부,5350,2,-160,-2.9,5430,5490,5070,284960,1510343505,178783330750,33417445,KSQ
561,032940,KR7032940009,원익,KOSDAQ,우량기업부,9810,2,-40,-0.41,9560,9850,9310,67501,640867370,178475586300,18193230,KSQ
562,267320,KR7267320000,나인테크,KOSDAQ,벤처기업부,3090,1,20,0.65,2965,3125,2955,534915,1617136746,177413261550,57415295,KSQ
563,042600,KR7042600007,새로닉스,KOSDAQ,중견기업부,14250,1,660,4.86,13200,14530,12930,98287,1383024130,177035929500,12423574,KSQ
564,092130,KR7092130004,이크레더블,KOSDAQ,중견기업부,14660,2,-310,-2.07,15050,15050,14610,19684,289584165,176559176000,12043600,KSQ
565,282720,KR7282720002,금양그린파워,KOSDAQ,우량기업부,14460,2,-290,-1.97,14750,14760,13880,170936,2428325810,175247970000,12119500,KSQ
566,038390,KR7038390001,레드캡투어,KOSDAQ,우량기업부,10470,1,70,0.67,10560,10620,10210,14825,153383890,175067006340,16720822,KSQ
567,418420,KR7418420006,라온텍,KOSDAQ,기술성장기업부,5730,2,-130,-2.22,5830,5850,5620,143104,815913760,174646434840,30479308,KSQ
568,365330,KR7365330000,에스와이스틸텍,KOSDAQ,중견기업부,3480,1,50,1.46,3355,3540,3340,347185,1191544605,174595080000,50171000,KSQ
569,005160,KR7005160007,동국산업,KOSDAQ,중견기업부,3215,1,100,3.21,3040,3220,3020,174538,548161598,174396009630,54244482,KSQ
570,023910,KR7023910003,대한약품,KOSDAQ,우량기업부,29050,2,-150,-0.51,29200,29200,28450,16265,467575075,174300000000,6000000,KSQ
571,047310,KR7047310008,파워로직스,KOSDAQ,중견기업부,4760,1,100,2.15,4610,4800,4500,180713,834009656,174267193800,36610755,KSQ
572,456070,KR7456070002,이엔셀,KOSDAQ,기술성장기업부,15830,2,-100,-0.63,15560,16040,15175,81223,1270693715,173752929400,10976180,KSQ
573,051980,KR7051980001,중앙첨단소재,KOSDAQ,중견기업부,1563,2,-67,-4.11,1628,1693,1500,3964445,6296621586,173636341167,111091709,KSQ
574,066620,KR7066620006,국보디자인,KOSDAQ,우량기업부,23100,1,100,0.43,22850,23450,22550,2994,68566950,173250000000,7500000,KSQ
575,382800,KR7382800001,지앤비에스 에코,KOSDAQ,우량기업부,5420,1,390,7.75,4875,5500,4805,1408079,7364840423,172524242220,31831041,KSQ
576,007330,KR7007330004,푸른저축은행,KOSDAQ,우량기업부,11400,0,0,0.0,0,0,0,0,0,171943920000,15082800,KSQ
577,220260,KR7220260004,켐트로스,KOSDAQ,우량기업부,5350,1,30,0.56,5220,5400,5100,131854,688351055,171585494250,32072055,KSQ
578,038110,KR7038110003,에코플라스틱,KOSDAQ,우량기업부,4155,2,-75,-1.77,4540,5180,4140,66464931,315660328105,171058732350,41169370,KSQ
579,321370,KR7321370009,센서뷰,KOSDAQ,기술성장기업부,3310,2,-210,-5.97,3300,3480,3070,3101030,10196075127,170959169760,51649296,KSQ
580,037070,KR7037070000,파세코,KOSDAQ,중견기업부,8540,2,-50,-0.58,8520,8670,8430,60538,515832165,170800000000,20000000,KSQ
581,469610,KR7469610000,이노테크,KOSDAQ,중견기업부,19200,2,-600,-3.03,19010,19200,18730,35519,672695720,170436480000,8876900,KSQ
582,293580,KR7293580007,나우IB,KOSDAQ,벤처기업부,1789,1,49,2.82,1706,1800,1702,294011,511144027,169829680550,94929950,KSQ
583,086980,KR7086980000,쇼박스,KOSDAQ,중견기업부,2705,2,-30,-1.1,2730,2730,2670,192323,517058310,169435790000,62638000,KSQ
584,011040,KR7011040003,경동제약,KOSDAQ,중견기업부,5500,2,-10,-0.18,5510,5510,5440,19577,107143470,169228213000,30768766,KSQ
585,453450,KR7453450009,그리드위즈,KOSDAQ,벤처기업부,21300,1,100,0.47,21200,21500,20350,107705,2245436800,169180575000,7942750,KSQ
586,125020,KR7125020008,티씨머티리얼즈,KOSDAQ,중견기업부,4820,2,-95,-1.93,4805,4830,4565,887175,4163228308,168885811000,35038550,KSQ
587,476040,KR7476040001,오가노이드사이언스,KOSDAQ,기술성장기업부,25600,1,50,0.2,25050,25600,24400,32234,801585675,168595456000,6585760,KSQ
588,067000,KR7067000000,조이시티,KOSDAQ,중견기업부,2410,1,70,2.99,2300,2525,2290,758783,1850629219,168467304860,69903446,KSQ
589,187870,KR7187870001,디바이스,KOSDAQ,우량기업부,23900,1,1000,4.37,22600,24350,21900,81527,1868813625,168174955100,7036609,KSQ
590,054620,KR7054620000,APS,KOSDAQ,중견기업부,9110,1,320,3.64,8580,9130,8390,233287,2048380090,167571353310,18394221,KSQ
591,264660,KR7264660002,씨앤지하이테크,KOSDAQ,우량기업부,17220,2,-430,-2.44,16920,17380,16750,91395,1548926045,167398581840,9721172,KSQ
592,090470,KR7090470006,제이스텍,KOSDAQ,우량기업부,9540,2,-80,-0.83,9620,9690,8950,189054,1748719310,166726706760,17476594,KSQ
593,049430,KR7049430002,코메론,KOSDAQ,우량기업부,18360,1,30,0.16,18020,18380,18000,17113,310540610,166121280000,9048000,KSQ
594,126730,KR7126730001,코칩,KOSDAQ,벤처기업부,18930,2,-670,-3.42,19300,19300,18240,58924,1107522100,166018485180,8770126,KSQ
595,333430,KR7333430007,일승,KOSDAQ,중견기업부,5380,2,-150,-2.71,5500,5500,5210,216119,1148284385,165309898860,30726747,KSQ
596,035080,KR7035080001,그래디언트,KOSDAQ,중견기업부,12060,1,50,0.42,11900,12100,11720,39045,465221235,164939771880,13676598,KSQ
597,067280,KR7067280008,멀티캠퍼스,KOSDAQ,우량기업부,27750,2,-250,-0.89,27900,27950,27500,8642,239078250,164468117250,5926779,KSQ
598,464490,KR7464490002,쿼드메디슨,KOSDAQ,기술성장기업부,14320,2,-20,-0.14,14140,14350,13820,52497,738724080,164423858160,11482113,KSQ
599,054800,KR7054800008,아이디스홀딩스,KOSDAQ,중견기업부,15880,2,-170,-1.06,16050,16110,15600,7451,117270420,164322365280,10347756,KSQ
600,104460,KR7104460001,디와이피엔에프,KOSDAQ,우량기업부,15620,2,-50,-0.32,15640,15660,15230,29209,449225065,164292737620,10518101,KSQ
601,033340,KR7033340001,좋은사람들,KOSDAQ,중견기업부,1688,2,-2,-0.12,1666,1689,1639,620383,1031620034,163652541904,96950558,KSQ
602,256940,KR7256940008,킵스파마,KOSDAQ,벤처기업부,8140,3,0,0.0,8140,8140,7850,31038,248106090,163436116580,20078147,KSQ
603,119830,KR7119830008,아이텍,KOSDAQ,중견기업부,6170,2,-70,-1.12,6130,6200,6050,164542,1007299740,162573471910,26349023,KSQ
604,182360,KR7182360008,큐브엔터,KOSDAQ,우량기업부,10440,2,-50,-0.48,10410,10440,10140,10484,107524295,162340423560,15549849,KSQ
605,282880,KR7282880004,코윈테크,KOSDAQ,우량기업부,14150,1,40,0.28,14000,14360,13570,39394,545616365,162291585500,11469370,KSQ
606,203650,KR7203650007,드림시큐리티,KOSDAQ,중견기업부,1696,1,81,5.02,1580,1708,1570,1117540,1869928030,162193303424,95632844,KSQ
607,138360,KR7138360003,앤로보틱스,KOSDAQ,중견기업부,2105,1,107,5.36,1924,2125,1924,1008817,2063475008,162067574810,76991722,KSQ
608,069510,KR7069510006,에스텍,KOSDAQ,우량기업부,14850,1,20,0.13,14800,14850,14610,5756,85002870,162013500000,10910000,KSQ
609,108230,KR7108230004,톱텍,KOSDAQ,우량기업부,4260,1,40,0.95,4220,4285,4050,78820,324816010,161979023700,38023245,KSQ
610,474610,KR7474610003,RF시스템즈,KOSDAQ,벤처기업부,11310,1,660,6.2,10300,11740,10100,2191414,24245513635,161819498880,14307648,KSQ
611,047770,KR7047770003,코데즈컴바인,KOSDAQ,중견기업부,4275,2,-55,-1.27,4260,4330,4165,414317,1758678240,161777123550,37842602,KSQ
612,080420,KR7080420003,모다이노칩,KOSDAQ,중견기업부,2025,2,-60,-2.88,2090,2180,2000,48705,101615680,161436284550,79721622,KSQ
613,093640,KR7093640001,케이알엠,KOSDAQ,중견기업부,4945,2,-35,-0.7,4980,5150,4900,38461,191875084,161409646100,32640980,KSQ
614,259630,KR7259630002,엠플러스,KOSDAQ,우량기업부,13350,2,-110,-0.82,13330,13580,12740,123741,1620755190,161185016400,12073784,KSQ
615,260970,KR7260970009,에스앤디,KOSDAQ,우량기업부,55500,1,2000,3.74,52500,56200,52500,19714,1085094150,160547847000,2892754,KSQ
616,234030,KR7234030005,싸이닉솔루션,KOSDAQ,중견기업부,6800,2,-100,-1.45,6700,6800,6530,154424,1025811270,160514000000,23605000,KSQ
617,331740,KR7331740001,아우토크립트,KOSDAQ,기술성장기업부,16450,1,830,5.31,15390,16540,15000,69336,1098435330,159869176950,9718491,KSQ
618,047560,KR7047560008,이스트소프트,KOSDAQ,중견기업부,13620,1,210,1.57,13410,13680,13020,21320,283892960,159860418840,11737182,KSQ
619,066410,KR7066410002,버킷스튜디오,KOSDAQ,투자주의환기종목(소속부없음),1153,0,0,0.0,0,0,0,0,0,159637252154,138453818,KSQ
620,046070,KR7046070009,코다코,KOSDAQ,관리종목(소속부없음),10280,0,0,0.0,0,0,0,0,0,159196994920,15486089,KSQ
621,204610,KR7204610000,티쓰리,KOSDAQ,벤처기업부,2875,1,35,1.23,2775,2935,2775,348774,992133740,158129945000,55001720,KSQ
622,013990,KR7013990007,아가방컴퍼니,KOSDAQ,우량기업부,4800,2,-80,-1.64,4865,4865,4750,107271,513349260,157860172800,32887536,KSQ
623,488280,KR7488280009,에스투더블유,KOSDAQ,기술성장기업부,14640,2,-420,-2.79,14980,14980,14340,38065,553750940,157663811040,10769386,KSQ
624,158430,KR7158430009,아톤,KOSDAQ,벤처기업부,6410,1,160,2.56,6240,6410,6110,116487,729760295,156930209720,24482092,KSQ
625,148150,KR7148150006,세경하이테크,KOSDAQ,우량기업부,4400,2,-85,-1.9,4445,4445,4315,40719,177767110,156388399200,35542818,KSQ
626,037350,KR7037350006,성도이엔지,KOSDAQ,우량기업부,10220,2,-180,-1.73,10010,10220,9880,253248,2542848810,155446200000,15210000,KSQ
627,041440,KR7041440009,현대에버다임,KOSDAQ,우량기업부,8640,1,190,2.25,8350,8670,8250,125274,1066522015,154793756160,17915944,KSQ
628,417840,KR7417840006,저스템,KOSDAQ,벤처기업부,6850,1,270,4.1,6400,6990,6170,856184,5618338010,154629029850,22573581,KSQ
629,417500,KR7417500006,제이아이테크,KOSDAQ,우량기업부,4715,1,95,2.06,4505,4790,4455,598927,2778913132,154580067960,32784744,KSQ
630,023600,KR7023600000,삼보판지,KOSDAQ,우량기업부,9640,2,-460,-4.55,10300,10350,9580,61552,610559210,154320012000,16008300,KSQ
631,006620,KR7006620009,동구바이오제약,KOSDAQ,우량기업부,5400,1,70,1.31,5340,5420,5230,89746,477206290,153710956800,28464992,KSQ
632,053700,KR7053700001,삼보모터스,KOSDAQ,우량기업부,6050,1,30,0.5,5950,6050,5790,223237,1319169275,153076803550,25301951,KSQ
633,136150,KR7136150000,원일티엔아이,KOSDAQ,벤처기업부,18240,1,280,1.56,17800,18580,17550,71370,1283947780,152869987200,8381030,KSQ
634,322180,KR7322180001,LS티라유텍,KOSDAQ,벤처기업부,7290,2,-40,-0.55,7210,7500,6990,102312,724522280,152521263360,20921984,KSQ
635,092190,KR7092190008,서울바이오시스,KOSDAQ,투자주의환기종목(소속부없음),3320,1,60,1.84,3225,3325,3150,40064,130677127,152283031560,45868383,KSQ
636,024800,KR7024800005,유성티엔에스,KOSDAQ,우량기업부,4110,1,35,0.86,3925,4145,3925,91751,367870835,152282947320,37051812,KSQ
637,388790,KR7388790008,라이콤,KOSDAQ,벤처기업부,4965,1,225,4.75,4720,5360,4515,1368947,6865181502,151975656105,30609397,KSQ
638,147830,KR7147830004,제룡산업,KOSDAQ,벤처기업부,7590,2,-60,-0.78,7580,7590,7320,170003,1260483860,151800000000,20000000,KSQ
639,0015S0,KR70015S0005,페스카로,KOSDAQ,기술성장기업부,15630,1,130,0.84,15200,15870,14880,49296,748573805,151028469900,9662730,KSQ
640,071200,KR7071200000,인피니트헬스케어,KOSDAQ,중견기업부,6180,1,30,0.49,6140,6230,5995,33115,200510195,150770110440,24396458,KSQ
641,265740,KR7265740001,엔에프씨,KOSDAQ,중견기업부,8420,1,10,0.12,8490,8680,8190,130113,1097040130,150411512000,17863600,KSQ
642,054920,KR7054920004,한컴위드,KOSDAQ,중견기업부,5320,1,595,12.59,4610,5450,4500,3621056,18759304173,150114870920,28217081,KSQ
643,040300,KR7040300006,YTN,KOSDAQ,중견기업부,3145,2,-50,-1.56,3155,3155,3095,77950,242908295,149944102100,47676980,KSQ
644,090850,KR7090850009,현대이지웰,KOSDAQ,우량기업부,6270,1,150,2.45,6080,6290,6070,46388,288573415,148889683470,23746361,KSQ
645,093190,KR7093190007,빅솔론,KOSDAQ,우량기업부,7700,2,-20,-0.26,7560,7830,7550,14553,111394190,148139568500,19238905,KSQ
646,005990,KR7005990007,매일홀딩스,KOSDAQ,우량기업부,11120,2,-60,-0.54,11090,11140,10940,751,8289940,147877140480,13298304,KSQ
647,107600,KR7107600009,새빗켐,KOSDAQ,벤처기업부,26200,1,350,1.35,25000,26950,24750,17471,452387400,147507414800,5630054,KSQ
648,192440,KR7192440006,슈피겐코리아,KOSDAQ,우량기업부,23700,2,-400,-1.66,24150,24150,23450,1354,31970600,147327803100,6216363,KSQ
649,095190,KR7095190005,이엠코리아,KOSDAQ,중견기업부,2255,2,-70,-3.01,2295,2295,2220,97549,219243825,147162341810,65260462,KSQ
650,005860,KR7005860002,한일사료,KOSDAQ,우량기업부,3725,2,-95,-2.49,3885,4070,3650,1757990,6721944620,146778726625,39403685,KSQ
651,049720,KR7049720006,고려신용정보,KOSDAQ,우량기업부,10210,2,-100,-0.97,10310,10310,10160,32966,336366505,146003000000,14300000,KSQ
652,083500,KR7083500009,에프엔에스테크,KOSDAQ,우량기업부,17000,2,-390,-2.24,17300,17320,16420,108195,1814112580,145787274000,8575722,KSQ
653,115440,KR7115440000,우리넷,KOSDAQ,우량기업부,13500,1,640,4.98,12950,16200,11720,14417481,212953362285,145722942000,10794292,KSQ
654,217820,KR7217820000,원익피앤이,KOSDAQ,중견기업부,3070,1,15,0.49,3030,3080,2930,134547,401661800,145685496130,47454559,KSQ
655,027710,KR7027710003,팜스토리,KOSDAQ,중견기업부,1306,1,7,0.54,1297,1307,1282,477547,618279802,145510079600,111416600,KSQ
656,445180,KR7445180003,퓨릿,KOSDAQ,중견기업부,8460,1,50,0.59,8340,8460,7800,72229,586286550,145420530480,17189188,KSQ
657,086670,KR7086670007,비엠티,KOSDAQ,우량기업부,14650,2,-530,-3.49,14910,15100,14330,68098,996324125,145414215250,9925885,KSQ
658,054540,KR7054540000,삼영엠텍,KOSDAQ,중견기업부,11180,2,-30,-0.27,10970,11180,10640,99611,1085356060,145340000000,13000000,KSQ
659,297890,KR7297890006,HB솔루션,KOSDAQ,우량기업부,1987,2,-13,-0.65,1990,1994,1958,378767,744661304,145330996118,73140914,KSQ
660,360070,KR7360070007,탑머티리얼,KOSDAQ,우량기업부,17750,1,250,1.43,17360,17940,16810,24230,420914800,145213513250,8181043,KSQ
661,000440,KR7000440008,중앙에너비스,KOSDAQ,중견기업부,23300,2,-1800,-7.17,25300,25800,22950,209416,5038448350,145092129000,6227130,KSQ
662,310200,KR7310200001,애니플러스,KOSDAQ,중견기업부,2780,1,25,0.91,2740,2790,2700,137098,375377252,145012684080,52162836,KSQ
663,021080,KR7021080007,에이티넘인베스트,KOSDAQ,우량기업부,3020,1,65,2.2,2950,3020,2860,155078,455644340,144960000000,48000000,KSQ
664,131370,KR7131370009,알서포트,KOSDAQ,벤처기업부,2710,2,-10,-0.37,2775,2940,2675,4148211,11641938739,144353794930,53267083,KSQ
665,225530,KR7225530005,HC보광산업,KOSDAQ,우량기업부,3970,1,420,11.83,3530,4075,3485,933677,3621616538,144264746190,36338727,KSQ
666,214680,KR7214680001,디알텍,KOSDAQ,벤처기업부,1728,1,26,1.53,1700,1744,1655,229480,387649310,144248352768,83477056,KSQ
667,250060,KR7250060001,모비스,KOSDAQ,기술성장기업부,4480,2,-120,-2.61,4555,4565,4350,397591,1755327663,144127486720,32171314,KSQ
668,263720,KR7263720005,디앤씨미디어,KOSDAQ,벤처기업부,11590,1,10,0.09,11350,11590,11270,17970,204488330,143861929690,12412591,KSQ
669,255440,KR7255440000,야스,KOSDAQ,벤처기업부,11010,1,180,1.66,10700,11030,10370,25941,276379720,143768580000,13058000,KSQ
670,240550,KR7240550004,동방메디컬,KOSDAQ,벤처기업부,6860,1,10,0.15,6800,6880,6700,44859,304231710,143606828400,20933940,KSQ
671,122450,KR7122450000,KX,KOSDAQ,중견기업부,3200,1,40,1.27,3175,3210,3100,45340,143304165,143423468800,44819834,KSQ
672,063570,KR7063570006,NICE인프라,KOSDAQ,우량기업부,4185,2,-40,-0.95,4195,4250,4125,18938,79117085,142908241680,34147728,KSQ
673,225190,KR7225190008,LK삼양,KOSDAQ,중견기업부,2025,2,-65,-3.11,2020,2065,1967,902773,1809578662,142698591000,70468440,KSQ
674,336680,KR7336680004,탑런토탈솔루션,KOSDAQ,중견기업부,3635,1,45,1.25,3585,3655,3485,22414,79421172,142294103330,39145558,KSQ
675,226400,KR7226400000,오스테오닉,KOSDAQ,기술성장기업부,6880,1,20,0.29,6780,6900,6720,95011,648027800,142151814880,20661601,KSQ
676,017510,KR7017510009,세명전기,KOSDAQ,중견기업부,9320,2,-80,-0.85,9310,9320,8940,166357,1512004095,142092720000,15246000,KSQ
677,073010,KR7073010001,케이에스피,KOSDAQ,우량기업부,3530,2,-35,-0.98,3495,3560,3410,117478,406223420,141875112500,40191250,KSQ
678,072870,KR7072870009,메가스터디,KOSDAQ,우량기업부,11880,1,20,0.17,11890,11970,11630,55613,659639595,141620992920,11920959,KSQ
679,053080,KR7053080008,케이엔솔,KOSDAQ,우량기업부,10870,2,-170,-1.54,10910,10950,10520,77354,830441055,141307902090,12999807,KSQ
680,215100,KR7215100009,로보로보,KOSDAQ,벤처기업부,6920,1,60,0.87,6700,6930,6620,134791,907152445,140811301680,20348454,KSQ
681,021320,KR7021320007,KCC건설,KOSDAQ,우량기업부,6560,2,-20,-0.3,6400,6590,6310,21613,139017155,140384000000,21400000,KSQ
682,003100,KR7003100005,선광,KOSDAQ,우량기업부,21150,2,-250,-1.17,21250,21250,20700,33986,711257450,139590000000,6600000,KSQ
683,036710,KR7036710002,심텍홀딩스,KOSDAQ,중견기업부,2630,2,-45,-1.68,2640,2640,2380,496019,1232543384,138936993020,52827754,KSQ
684,306620,KR7306620006,지아이에스,KOSDAQ,벤처기업부,3030,2,-5,-0.16,3000,3070,2950,395525,1183338868,138667980300,45765010,KSQ
685,014970,KR7014970008,삼륭물산,KOSDAQ,중견기업부,9150,2,-1290,-12.36,10490,10490,9070,404083,3800808100,138393750000,15125000,KSQ
686,408920,KR7408920007,메쎄이상,KOSDAQ,벤처기업부,3200,1,30,0.95,3155,3200,3080,39348,122884495,138343856000,43232455,KSQ
687,136540,KR7136540002,윈스테크넷,KOSDAQ,우량기업부,11240,2,-140,-1.23,11440,11440,11160,16270,182912720,138024345040,12279746,KSQ
688,065450,KR7065450009,빅텍,KOSDAQ,벤처기업부,4790,2,-115,-2.34,4805,4840,4675,456272,2161792268,137797546450,28767755,KSQ
689,049960,KR7049960008,쎌바이오텍,KOSDAQ,벤처기업부,14640,1,260,1.81,14350,14640,14100,11431,164448670,137616000000,9400000,KSQ
690,123040,KR7123040008,엠에스오토텍,KOSDAQ,우량기업부,2195,2,-35,-1.57,2190,2210,2115,177268,382151571,137469116305,62628299,KSQ
691,109740,KR7109740001,디에스케이,KOSDAQ,벤처기업부,5340,2,-130,-2.38,5480,5670,5180,39172,205404650,137293482600,25710390,KSQ
692,388870,KR7388870008,파로스아이바이오,KOSDAQ,기술성장기업부,10600,1,690,6.96,9730,10640,9730,296078,3043914770,137226879200,12945932,KSQ
693,149950,KR7149950008,아바텍,KOSDAQ,우량기업부,10020,1,10,0.1,10010,10180,9690,21769,214011830,136950384060,13667703,KSQ
694,052420,KR7052420007,오성첨단소재,KOSDAQ,우량기업부,1401,2,-19,-1.34,1408,1408,1361,347115,478709509,136485554496,97420096,KSQ
695,382840,KR7382840007,원준,KOSDAQ,우량기업부,8930,1,190,2.17,8690,9120,8460,50621,443618500,136375218330,15271581,KSQ
696,045970,KR7045970001,코아시아,KOSDAQ,중견기업부,5180,2,-220,-4.07,5310,5330,5020,212973,1090525470,136311057680,26314876,KSQ
697,089600,KR7089600001,KT나스미디어,KOSDAQ,우량기업부,11710,2,-150,-1.26,11860,11860,11610,13103,153005945,135463188730,11568163,KSQ
698,085670,KR7085670008,뉴프렉스,KOSDAQ,우량기업부,5520,2,-80,-1.43,5500,5540,5370,234296,1277151315,134968200720,24450761,KSQ
699,059120,KR7059120006,아진엑스텍,KOSDAQ,벤처기업부,7370,2,-180,-2.38,7360,7400,7000,237110,1706867770,134945186420,18310066,KSQ
700,413630,KR7413630005,씨피시스템,KOSDAQ,벤처기업부,3700,1,40,1.09,3585,3700,3500,150618,536002540,134815516200,36436626,KSQ
701,048530,KR7048530000,인트론바이오,KOSDAQ,기술성장기업부,4260,1,20,0.47,4230,4325,4150,192088,808940896,134675563320,31613982,KSQ
702,036220,KR7036220002,오상헬스케어,KOSDAQ,중견기업부,9280,1,60,0.65,9340,9340,8980,6000,54900785,134647380480,14509416,KSQ
703,063170,KR7063170005,서울옥션,KOSDAQ,중견기업부,7570,1,100,1.34,7350,7620,7300,61299,453432120,134551201190,17774267,KSQ
704,024880,KR7024880007,케이피에프,KOSDAQ,우량기업부,6660,1,160,2.46,6420,6700,6360,300180,1957510710,134283941640,20162754,KSQ
705,209640,KR7209640002,와이제이링크,KOSDAQ,중견기업부,4720,1,10,0.21,4540,4870,4500,790212,3650642611,134251649120,28443146,KSQ
706,246710,KR7246710008,티앤알바이오팹,KOSDAQ,기술성장기업부,2820,2,-20,-0.7,2840,2845,2750,268505,751610896,134144715360,47569048,KSQ
707,037030,KR7037030004,파워넷,KOSDAQ,우량기업부,5250,4,1205,29.79,3995,5250,3995,17083820,82439170768,133943208000,25512992,KSQ
708,205100,KR7205100001,엑셈,KOSDAQ,벤처기업부,1852,2,-17,-0.91,1860,1860,1811,216397,395572879,132348194416,71462308,KSQ
709,396270,KR7396270001,넥스트칩,KOSDAQ,벤처기업부,4020,2,-140,-3.37,4000,4220,3960,523371,2107649026,132207472620,32887431,KSQ
710,269620,KR7269620001,시스웍,KOSDAQ,관리종목(소속부없음),889,0,0,0.0,0,0,0,0,0,132090012299,148582691,KSQ
711,096250,KR7096250006,와이즈넛,KOSDAQ,기술성장기업부,10080,2,-120,-1.18,10000,10100,9830,18875,187479480,132013082880,13096536,KSQ
712,109610,KR7109610006,에스와이,KOSDAQ,중견기업부,2695,2,-5,-0.19,2655,2705,2615,89591,237776302,131805443000,48907400,KSQ
713,088130,KR7088130000,동아엘텍,KOSDAQ,중견기업부,7520,1,50,0.67,7330,7530,7210,162608,1193201280,131489561280,17485314,KSQ
714,067990,KR7067990002,도이치모터스,KOSDAQ,우량기업부,4495,2,-105,-2.28,4600,4620,4450,98426,442625855,131171067250,29181550,KSQ
715,166480,KR7166480004,코아스템켐온,KOSDAQ,벤처기업부,2475,1,125,5.32,2410,2490,2235,256322,606618330,130854180600,52870376,KSQ
716,100130,KR7100130004,동국S&C,KOSDAQ,중견기업부,2275,3,0,0.0,2275,2320,2195,267383,601167639,130000325000,57143000,KSQ
717,029480,KR7029480001,광무,KOSDAQ,중견기업부,2170,1,25,1.17,2130,2200,2105,56396,120940081,129590516440,59719132,KSQ
718,309960,KR7309960003,LB인베스트먼트,KOSDAQ,벤처기업부,5560,1,60,1.09,5400,5630,5320,49702,270334480,129087848840,23217239,KSQ
719,348150,KR7348150004,고바이오랩,KOSDAQ,기술성장기업부,6640,1,400,6.41,6250,7400,6220,5245795,36241700330,128941422960,19418889,KSQ
720,489460,KR7489460006,바이오비쥬,KOSDAQ,벤처기업부,8550,1,110,1.3,8260,8570,8200,25856,215894920,128629876500,15044430,KSQ
721,054050,KR7054050000,농우바이오,KOSDAQ,우량기업부,7950,2,-40,-0.5,7900,7990,7840,27465,216871365,127442959950,16030561,KSQ
722,032300,KR7032300006,한국파마,KOSDAQ,중견기업부,11660,1,100,0.87,11550,11940,11250,26479,302012845,127172133660,10906701,KSQ
723,337930,KR7337930002,젝시믹스,KOSDAQ,우량기업부,4270,1,10,0.23,4245,4280,4165,97031,409057810,126718548250,29676475,KSQ
724,099750,KR7099750002,이지케어텍,KOSDAQ,벤처기업부,9230,1,50,0.54,9190,9350,9080,51087,469329960,126074166790,13659173,KSQ
725,040160,KR7040160004,누리플렉스,KOSDAQ,중견기업부,10450,1,300,2.96,10140,10450,9980,84948,868001600,125980340750,12055535,KSQ
726,067900,KR7067900001,와이엔텍,KOSDAQ,우량기업부,6910,2,-10,-0.14,6890,6940,6750,46523,318677520,125759643690,18199659,KSQ
727,036690,KR7036690006,코맥스,KOSDAQ,관리종목(소속부없음),2885,0,0,0.0,0,0,0,0,0,125692107675,43567455,KSQ
728,389140,KR7389140005,포바이포,KOSDAQ,벤처기업부,8770,1,190,2.21,8400,8840,8210,156449,1319100850,125145575950,14269735,KSQ
729,059210,KR7059210005,메타바이오메드,KOSDAQ,우량기업부,4450,1,30,0.68,4410,4480,4360,81877,360645915,125019639450,28094301,KSQ
730,052260,KR7052260007,현대바이오랜드,KOSDAQ,우량기업부,4155,1,65,1.59,4050,4170,4005,39778,162064045,124650000000,30000000,KSQ
731,049950,KR7049950009,미래컴퍼니,KOSDAQ,우량기업부,14090,2,-40,-0.28,13880,14220,13810,45824,635964400,124243985560,8817884,KSQ
732,025950,KR7025950007,동신건설,KOSDAQ,우량기업부,14790,1,160,1.09,14340,15160,14200,19299,279413695,124236000000,8400000,KSQ
733,051160,KR7051160000,지어소프트,KOSDAQ,중견기업부,7970,2,-20,-0.25,7850,8060,7670,74266,584949635,123331207100,15474430,KSQ
734,009780,KR7009780008,엠에스씨,KOSDAQ,우량기업부,7000,2,-20,-0.28,7020,7030,6900,7084,49312010,123200000000,17600000,KSQ
735,038540,KR7038540001,상상인,KOSDAQ,중견기업부,2225,2,-30,-1.33,2285,2290,2155,57596,126747175,123105496425,55328313,KSQ
736,096350,KR7096350004,대창솔루션,KOSDAQ,벤처기업부,3340,2,-50,-1.47,3385,3390,3050,1161756,3792762005,123094905080,36854762,KSQ
737,251120,KR7251120002,바이오에프디엔씨,KOSDAQ,기술성장기업부,14150,2,-40,-0.28,14190,14190,13720,8783,122475530,123044155000,8695700,KSQ
738,092040,KR7092040005,아미코젠,KOSDAQ,기술성장기업부,1736,1,119,7.36,1618,1748,1575,1359290,2216970490,122657751832,70655387,KSQ
739,417970,KR7417970001,모델솔루션,KOSDAQ,중견기업부,19160,2,-530,-2.69,19350,19470,18810,40894,777465435,122560772000,6396700,KSQ
740,263860,KR7263860009,지니언스,KOSDAQ,벤처기업부,13490,1,350,2.66,13190,13490,13040,18923,252387600,122483804000,9079600,KSQ
741,003310,KR7003310000,대주산업,KOSDAQ,우량기업부,3460,2,-45,-1.28,3490,3560,3375,686966,2365511442,122457531000,35392350,KSQ
742,223250,KR7223250002,드림씨아이에스,KOSDAQ,중견기업부,4980,1,85,1.74,4895,4985,4705,58598,283362352,122395900200,24577490,KSQ
743,308080,KR7308080001,바이젠셀,KOSDAQ,기술성장기업부,5970,1,540,9.94,5350,6440,5280,964091,5739382960,122380582200,20499260,KSQ
744,023900,KR7023900004,풍국주정,KOSDAQ,우량기업부,9690,1,30,0.31,9700,9850,9480,61334,591862530,122094000000,12600000,KSQ
745,046210,KR7046210001,HLB파나진,KOSDAQ,벤처기업부,2685,1,365,15.73,2265,2940,2265,2572851,6974321366,122088705990,45470654,KSQ
746,096240,KR7096240007,크레버스,KOSDAQ,우량기업부,11360,1,30,0.26,11330,11460,11210,10048,113339010,121985724800,10738180,KSQ
747,141000,KR7141000000,비아트론,KOSDAQ,벤처기업부,10030,2,-10,-0.1,9830,10030,9690,32010,315707530,121510541300,12114710,KSQ
748,013310,KR7013310008,아진산업,KOSDAQ,우량기업부,3130,1,15,0.48,3105,3140,3015,201762,617692883,121464601660,38806582,KSQ
749,049520,KR7049520000,유아이엘,KOSDAQ,우량기업부,3765,2,-30,-0.79,3765,3780,3700,39615,147583765,121411476060,32247404,KSQ
750,071280,KR7071280002,로체시스템즈,KOSDAQ,우량기업부,7920,2,-60,-0.75,7980,7980,7690,41643,324019605,121149095760,15296603,KSQ
751,086710,KR7086710001,선진뷰티사이언스,KOSDAQ,우량기업부,9880,1,200,2.07,9620,9980,9490,37325,364351840,120568406400,12203280,KSQ
752,208370,KR7208370007,셀바스헬스케어,KOSDAQ,벤처기업부,4660,2,-140,-2.92,4640,4775,4500,945715,4353218339,119951028240,25740564,KSQ
753,439580,KR7439580002,블루엠텍,KOSDAQ,기술성장기업부,3535,1,70,2.02,3460,3535,3370,75633,261308722,119647543645,33846547,KSQ
754,036010,KR7036010007,아비코전자,KOSDAQ,중견기업부,8970,2,-100,-1.1,8650,9130,8610,155549,1379233725,119237617980,13292934,KSQ
755,305090,KR7305090003,마이크로디지탈,KOSDAQ,기술성장기업부,6410,2,-150,-2.29,6480,6570,6270,52259,333119200,119194302550,18595055,KSQ
756,039980,KR7039980008,폴라리스AI,KOSDAQ,중견기업부,1635,2,-41,-2.45,1638,1651,1589,1019936,1643010164,118993298760,72778776,KSQ
757,432470,KR7432470003,케이엔에스,KOSDAQ,벤처기업부,13530,2,-100,-0.73,13270,13630,13070,33816,449054935,118679152680,8771556,KSQ
758,053580,KR7053580007,웹케시,KOSDAQ,우량기업부,8700,1,100,1.16,8700,8730,8100,15588,131856340,118635357600,13636248,KSQ
759,083790,KR7083790006,CG인바이츠,KOSDAQ,벤처기업부,1542,2,-43,-2.71,1582,1582,1495,92497,140512071,118570828644,76894182,KSQ
760,307930,KR7307930008,컴퍼니케이,KOSDAQ,중견기업부,7590,1,240,3.27,7180,7590,7170,77437,572796585,118479900000,15610000,KSQ
761,381620,KR7381620004,제닉스로보틱스,KOSDAQ,중견기업부,9030,1,60,0.67,8900,9030,8500,98233,857008645,118454817600,13117920,KSQ
762,0015N0,KR70015N0000,아로마티카,KOSDAQ,벤처기업부,9300,1,90,0.98,9030,9430,8870,119896,1091312740,118249965000,12715050,KSQ
763,074430,KR7074430000,아미노로직스,KOSDAQ,중견기업부,1346,1,5,0.37,1341,1350,1305,113933,151704281,118214932024,87826844,KSQ
764,105330,KR7105330005,케이엔더블유,KOSDAQ,중견기업부,7360,2,-230,-3.03,7260,7510,6830,90015,644337340,118201806080,16060028,KSQ
765,086960,KR7086960002,MDS테크,KOSDAQ,중견기업부,1149,1,2,0.17,1134,1152,1111,573562,645031003,117993590580,102692420,KSQ
766,063080,KR7063080006,컴투스홀딩스,KOSDAQ,중견기업부,17860,1,80,0.45,17700,17950,17320,10018,176503120,117790129120,6595192,KSQ
767,125210,KR7125210005,아모그린텍,KOSDAQ,우량기업부,7100,1,90,1.28,6910,7100,6800,43995,303999065,117127209000,16496790,KSQ
768,317770,KR7317770006,엑스페릭스,KOSDAQ,벤처기업부,3210,1,75,2.39,3110,3230,3030,169756,527667570,117121809450,36486545,KSQ
769,366030,KR7366030005,공구우먼,KOSDAQ,우량기업부,5160,2,-40,-0.77,5200,5200,5030,48789,248232665,116893866000,22653850,KSQ
770,018120,KR7018120006,진로발효,KOSDAQ,우량기업부,17620,2,-50,-0.28,17660,17670,17610,1582,27875740,116664134400,6621120,KSQ
771,059270,KR7059270009,해성에어로보틱스,KOSDAQ,기술성장기업부,10400,1,200,1.96,10150,10420,9950,139408,1422162020,116119109600,11165299,KSQ
772,041590,KR7041590001,플래스크,KOSDAQ,관리종목(소속부없음),2370,0,0,0.0,0,0,0,0,0,116064014460,48972158,KSQ
773,044990,KR7044990000,에이치엔에스하이텍,KOSDAQ,기술성장기업부,15040,1,40,0.27,14880,15180,14670,12909,191786345,115588792000,7685425,KSQ
774,091120,KR7091120006,이엠텍,KOSDAQ,중견기업부,6710,2,-80,-1.18,6720,6780,6560,30546,202659320,114962000560,17132936,KSQ
775,396470,KR7396470007,워트,KOSDAQ,중견기업부,7120,1,120,1.71,7000,7510,6820,379184,2717126825,114774400000,16120000,KSQ
776,073560,KR7073560005,우리손에프앤지,KOSDAQ,우량기업부,1653,2,-29,-1.72,1655,1669,1624,145457,238882043,114449823879,69237643,KSQ
777,026150,KR7026150003,특수건설,KOSDAQ,중견기업부,6510,1,180,2.84,6150,6510,6150,122363,775049100,114226614810,17546331,KSQ
778,088390,KR7088390000,이녹스,KOSDAQ,중견기업부,12160,2,-60,-0.49,12130,12340,11620,17510,208615015,114131863040,9385844,KSQ
779,033290,KR7033290008,로젠,KOSDAQ,중견기업부,2030,2,-25,-1.22,2055,2055,1967,33682,68085958,113997291030,56156301,KSQ
780,100700,KR7100700004,세운메디칼,KOSDAQ,우량기업부,2590,1,80,3.19,2510,2705,2490,607774,1582973393,113442000000,43800000,KSQ
781,278650,KR7278650007,HLB바이오스텝,KOSDAQ,중견기업부,1296,1,18,1.41,1264,1323,1200,210046,271698051,112961931264,87161984,KSQ
782,418470,KR7418470001,KT밀리의서재,KOSDAQ,중견기업부,13150,1,50,0.38,13100,13440,12900,30609,400092795,112640125350,8565789,KSQ
783,424960,KR7424960003,스마트레이더시스템,KOSDAQ,기술성장기업부,6830,1,20,0.29,6750,6840,6550,47963,319979930,112593301300,16485110,KSQ
784,039340,KR7039340005,한국경제TV,KOSDAQ,우량기업부,4985,2,-15,-0.3,4960,5030,4950,2737,13602985,112162500000,22500000,KSQ
785,078140,KR7078140001,대봉엘에스,KOSDAQ,우량기업부,10100,2,-10,-0.1,10030,10100,9950,24199,242481930,111974447900,11086579,KSQ
786,067290,KR7067290007,JW신약,KOSDAQ,중견기업부,1988,1,13,0.66,1970,1988,1910,99174,193108863,111401760764,56037103,KSQ
787,124560,KR7124560004,태웅로직스,KOSDAQ,우량기업부,2875,1,5,0.17,2855,2875,2805,177416,502938920,111322331625,38720811,KSQ
788,298540,KR7298540006,더네이쳐홀딩스,KOSDAQ,우량기업부,7670,1,220,2.95,7520,7820,7390,29166,222471425,111110580620,14486386,KSQ
789,443670,KR7443670005,에스피소프트,KOSDAQ,중견기업부,4485,2,-5,-0.11,4465,4500,4355,39020,172839828,110965143120,24741392,KSQ
790,330350,KR7330350000,위더스제약,KOSDAQ,우량기업부,8400,1,200,2.44,8120,8400,8010,61123,500831510,110897967600,13202139,KSQ
791,115500,KR7115500001,케이씨에스,KOSDAQ,중견기업부,9240,1,260,2.9,8850,9450,8700,119702,1095756515,110880000000,12000000,KSQ
792,187790,KR7187790001,나노,KOSDAQ,벤처기업부,3585,2,-365,-9.24,3950,3950,3450,593420,2136932320,110564375550,30840830,KSQ
793,038460,KR7038460002,바이오스마트,KOSDAQ,우량기업부,4220,1,40,0.96,4150,4220,4020,162340,668271374,110413928360,26164438,KSQ
794,048550,KR7048550008,SM C&C,KOSDAQ,중견기업부,1140,1,2,0.18,1132,1145,1110,66128,74401866,110254666800,96714620,KSQ
795,463020,KR7463020008,뉴엔AI,KOSDAQ,기술성장기업부,12390,2,-30,-0.24,12150,12390,11660,22217,269002960,110013288000,8879200,KSQ
796,205500,KR7205500002,넥써쓰,KOSDAQ,중견기업부,1713,1,7,0.41,1700,1750,1646,70793,118896573,109824025587,64112099,KSQ
797,101670,KR7101670008,하이드로리튬,KOSDAQ,중견기업부,1928,2,-1,-0.05,1929,1950,1830,390269,733459608,109466416536,56777187,KSQ
798,370090,KR7370090003,퓨런티어,KOSDAQ,기술성장기업부,12790,2,-100,-0.78,12850,12880,12380,19159,240801925,109441855700,8556830,KSQ
799,217330,KR7217330000,싸이토젠,KOSDAQ,기술성장기업부,4730,2,-20,-0.42,4575,4760,4525,99613,461927193,109402757310,23129547,KSQ
800,192410,KR7192410009,오늘이엔엠,KOSDAQ,중견기업부,4680,1,670,16.71,4010,5200,4010,1772400,8367828658,109188078480,23330786,KSQ
801,299170,KR7299170001,더블유에스아이,KOSDAQ,중견기업부,2630,1,135,5.41,2450,2630,2430,518513,1314986743,109174687440,41511288,KSQ
802,041520,KR7041520008,이엘씨,KOSDAQ,투자주의환기종목(소속부없음),8950,1,130,1.47,8820,8950,8460,28225,245439080,109089133500,12188730,KSQ
803,446540,KR7446540007,메가터치,KOSDAQ,중견기업부,4190,1,50,1.21,4080,4245,4065,98328,406463200,108788108310,25963749,KSQ
804,030960,KR7030960009,양지사,KOSDAQ,중견기업부,6800,1,30,0.44,6810,6990,6650,30490,206049630,108664000000,15980000,KSQ
805,348080,KR7348080003,큐라티스,KOSDAQ,투자주의환기종목(소속부없음),1029,1,29,2.9,1030,1030,981,68528,68499693,108619782936,105558584,KSQ
806,377480,KR7377480009,마음AI,KOSDAQ,기술성장기업부,15270,1,130,0.86,15040,15280,14735,42287,631778040,108573899250,7110275,KSQ
807,142210,KR7142210004,유니트론텍,KOSDAQ,우량기업부,5230,2,-80,-1.51,5190,5270,5120,118381,610654240,108529837690,20751403,KSQ
808,290720,KR7290720002,푸드나무,KOSDAQ,중견기업부,3090,2,-110,-3.44,3200,3200,2990,35908,109885940,108527418780,35122142,KSQ
809,066590,KR7066590001,우수AMS,KOSDAQ,중견기업부,2805,3,0,0.0,2785,2810,2710,123743,340564520,108491613285,38677937,KSQ
810,950130,KR8840090003,엑세스바이오,KOSDAQ,외국기업(소속부없음),2875,1,20,0.7,2850,2885,2775,17857,50435762,108467517000,37727832,KSQ
811,303810,KR7303810006,동국생명과학,KOSDAQ,중견기업부,3385,3,0,0.0,3370,3390,3305,58027,193972270,108266313900,31984140,KSQ
812,066310,KR7066310004,큐에스아이,KOSDAQ,벤처기업부,11670,2,-160,-1.35,11820,12500,11140,1017848,12065622830,108199817070,9271621,KSQ
813,039830,KR7039830005,오로라,KOSDAQ,우량기업부,10030,2,-70,-0.69,10080,10080,9790,15582,155042750,107951786700,10762890,KSQ
814,149980,KR7149980005,하이로닉,KOSDAQ,중견기업부,5090,0,0,0.0,0,0,0,0,0,107879307670,21194363,KSQ
815,101330,KR7101330009,모베이스,KOSDAQ,중견기업부,4660,1,150,3.33,4505,4660,4320,122309,544300360,107865155140,23147029,KSQ
816,311690,KR7311690002,CJ 바이오사이언스,KOSDAQ,기술성장기업부,8190,2,-280,-3.31,8470,8480,8130,12980,106963710,107006133780,13065462,KSQ
817,078890,KR7078890001,가온그룹,KOSDAQ,중견기업부,5800,2,-110,-1.86,5850,5850,5500,268079,1526029640,106864669400,18424943,KSQ
818,033130,KR7033130006,디지틀조선,KOSDAQ,중견기업부,2875,2,-60,-2.04,2930,2930,2795,148687,421240250,106706392625,37115267,KSQ
819,261780,KR7261780001,차백신연구소,KOSDAQ,기술성장기업부,3965,2,-565,-12.47,4335,4685,3905,5970858,25336997782,106520700390,26865246,KSQ
820,330730,KR7330730003,스톤브릿지벤처스,KOSDAQ,중견기업부,5840,1,90,1.57,5620,5850,5600,46905,268968010,106392127200,18217830,KSQ
821,460940,KR7460940000,피앤에스로보틱스,KOSDAQ,기술성장기업부,8020,1,90,1.13,7900,8040,7630,46809,364700830,106308949600,13255480,KSQ
822,950190,KR8344390008,고스트스튜디오,KOSDAQ,외국기업(소속부없음),8160,2,-70,-0.85,8230,8230,8000,10262,83400505,106219201440,13017059,KSQ
823,362320,KR7362320004,청담글로벌,KOSDAQ,중견기업부,5020,1,80,1.62,4910,5030,4800,32353,158803605,106179475800,21151290,KSQ
824,443250,KR7443250006,레뷰코퍼레이션,KOSDAQ,벤처기업부,9500,1,40,0.42,9480,9610,9390,8788,83587980,105808720000,11137760,KSQ
825,047820,KR7047820006,초록뱀미디어,KOSDAQ,중견기업부,4315,1,55,1.29,4260,4430,4190,14297,61001565,105518707950,24453930,KSQ
826,317830,KR7317830008,에스피시스템스,KOSDAQ,벤처기업부,9770,1,40,0.41,9430,9850,9200,41248,389398570,105260201860,10773818,KSQ
827,228850,KR7228850004,레이언스,KOSDAQ,우량기업부,6320,2,-10,-0.16,6280,6340,6160,13371,83461720,104855208480,16591014,KSQ
828,172670,KR7172670002,에이엘티,KOSDAQ,벤처기업부,11700,2,-70,-0.59,11700,11760,11070,43552,491257750,104835030300,8960259,KSQ
829,054670,KR7054670005,대한뉴팜,KOSDAQ,우량기업부,7300,1,50,0.69,7250,7340,7050,116955,841873120,104790916000,14354920,KSQ
830,315640,KR7315640003,딥노이드,KOSDAQ,기술성장기업부,3560,1,30,0.85,3435,3590,3405,152677,530980008,104565145920,29372232,KSQ
831,339950,KR7339950008,아이비김영,KOSDAQ,중견기업부,2325,1,10,0.43,2315,2350,2290,58085,134557995,104500972875,44946655,KSQ
832,191420,KR7191420009,테고사이언스,KOSDAQ,벤처기업부,12880,1,170,1.34,12840,12950,12500,1064,13525610,104441781920,8108834,KSQ
833,117670,KR7117670000,알파칩스,KOSDAQ,중견기업부,15660,2,-120,-0.76,16030,16030,14800,21307,323160125,104322879720,6661742,KSQ
834,214270,KR7214270001,FSN,KOSDAQ,중견기업부,2385,1,35,1.49,2315,2390,2240,271639,629850345,104202937215,43690959,KSQ
835,089230,KR7089230007,THE E&M,KOSDAQ,중견기업부,3190,1,130,4.25,3055,3280,2950,351721,1086940364,104092845340,32630986,KSQ
836,001540,KR7001540004,안국약품,KOSDAQ,우량기업부,7980,2,-10,-0.13,7960,7990,7880,10056,79731670,104078511600,13042420,KSQ
837,011370,KR7011370004,서한,KOSDAQ,우량기업부,1031,2,-8,-0.77,1035,1038,1016,178479,182891565,104022605815,100894865,KSQ
838,040910,KR7040910002,아이씨디,KOSDAQ,중견기업부,5600,2,-240,-4.11,5840,5840,5490,80083,448322610,104015940000,18574275,KSQ
839,081180,KR7081180002,쎄크,KOSDAQ,기술성장기업부,11710,2,-290,-2.42,11720,11990,11410,50326,580196100,103347014850,8825535,KSQ
840,066700,KR7066700006,테라젠이텍스,KOSDAQ,벤처기업부,2770,1,40,1.47,2730,2890,2695,179506,503160130,102912081520,37152376,KSQ
841,007820,KR7007820004,에스엠코어,KOSDAQ,벤처기업부,5130,1,160,3.22,4950,5130,4825,108585,538553265,102774142980,20033946,KSQ
842,137950,KR7137950002,제이씨케미칼,KOSDAQ,우량기업부,4615,2,-170,-3.55,4910,5390,4595,6229466,31387266899,102765961610,22267814,KSQ
843,105550,KR7105550008,엣지파운드리,KOSDAQ,중견기업부,1309,2,-59,-4.31,1361,1361,1164,3542100,4362933282,102503929759,78307051,KSQ
844,173130,KR7173130006,오파스넷,KOSDAQ,우량기업부,7830,1,200,2.62,7480,7840,7480,83300,642507910,102153883590,13046473,KSQ
845,493330,KR7493330005,지에프아이,KOSDAQ,벤처기업부,13260,2,-50,-0.38,13310,13310,12810,8130,105508350,101865255960,7682146,KSQ
846,041910,KR7041910001,폴라리스AI파마,KOSDAQ,중견기업부,7510,1,20,0.27,7420,7510,7240,213403,1565276435,101397068570,13501607,KSQ
847,009300,KR7009300005,삼아제약,KOSDAQ,우량기업부,15900,1,20,0.13,15880,15980,15690,1840,29056060,101283000000,6370000,KSQ
848,294630,KR7294630009,서남,KOSDAQ,기술성장기업부,3815,2,-50,-1.29,3820,3835,3625,323185,1205615850,100587506985,26366319,KSQ
849,014950,KR7014950000,삼익제약,KOSDAQ,벤처기업부,10930,2,-30,-0.27,11000,11090,10400,53535,573711715,100516794090,9196413,KSQ
850,019550,KR7019550003,SBI인베스트먼트,KOSDAQ,벤처기업부,617,1,1,0.16,614,619,604,466768,284656424,99995076775,162066575,KSQ
851,120240,KR7120240007,대정화금,KOSDAQ,우량기업부,13880,2,-20,-0.14,13900,13950,13630,12506,172770400,99802627080,7190391,KSQ
852,357230,KR7357230002,에이치피오,KOSDAQ,우량기업부,2415,1,35,1.47,2330,2415,2325,46419,110483505,99723744540,41293476,KSQ
853,246720,KR7246720007,아스타,KOSDAQ,관리종목(소속부없음),6070,0,0,0.0,0,0,0,0,0,99434491000,16381300,KSQ
854,348350,KR7348350000,위드텍,KOSDAQ,우량기업부,9950,1,60,0.61,9700,9950,9600,20543,200556930,99287070000,9978600,KSQ
855,042510,KR7042510008,라온시큐어,KOSDAQ,벤처기업부,8860,1,20,0.23,8740,8900,8600,38242,334000770,99277841640,11205174,KSQ
856,452190,KR7452190002,한빛레이저,KOSDAQ,벤처기업부,4135,1,65,1.6,3950,4160,3920,54092,217084535,98911503195,23920557,KSQ
857,175140,KR7175140003,휴먼테크놀로지,KOSDAQ,투자주의환기종목(소속부없음),3965,1,230,6.16,3660,4050,3600,167176,650395406,98903963145,24944253,KSQ
858,006140,KR7006140008,피제이전자,KOSDAQ,우량기업부,6580,2,-100,-1.5,6680,6680,6370,33922,218800510,98700000000,15000000,KSQ
859,105740,KR7105740005,디케이락,KOSDAQ,우량기업부,9700,2,-70,-0.72,9610,9700,9370,50860,483527220,98634576100,10168513,KSQ
860,084650,KR7084650001,랩지노믹스,KOSDAQ,우량기업부,1328,2,-3,-0.23,1320,1333,1300,156358,205813891,98590706720,74239990,KSQ
861,065530,KR7065530008,와이어블,KOSDAQ,중견기업부,2060,1,145,7.57,1861,2390,1834,16152526,35113393877,98547843540,47838759,KSQ
862,043610,KR7043610005,KT지니뮤직,KOSDAQ,우량기업부,1693,2,-6,-0.35,1698,1698,1685,16417,27725577,98389436534,58115438,KSQ
863,448710,KR7448710004,코츠테크놀로지,KOSDAQ,벤처기업부,18590,2,-420,-2.21,18670,18800,18240,46890,864189000,98253578280,5285292,KSQ
864,277880,KR7277880001,티에스아이,KOSDAQ,우량기업부,4940,1,90,1.86,4840,5000,4700,75879,367745444,98025467280,19843212,KSQ
865,302550,KR7302550009,리메드,KOSDAQ,기술성장기업부,3110,2,-30,-0.96,3130,3130,3030,58909,181105055,97951092080,31495528,KSQ
866,205470,KR7205470008,휴마시스,KOSDAQ,우량기업부,756,1,9,1.2,743,761,733,371192,277460551,97807506804,129375009,KSQ
867,058400,KR7058400003,KNN,KOSDAQ,우량기업부,737,2,-1,-0.14,730,742,722,175275,127681380,97600703640,132429720,KSQ
868,290660,KR7290660000,네오펙트,KOSDAQ,기술성장기업부,1253,2,-85,-6.35,1270,1330,1223,3780306,4747868782,97548355520,77851840,KSQ
869,091440,KR7091440008,한울소재과학,KOSDAQ,투자주의환기종목(소속부없음),3085,1,145,4.93,2915,3175,2885,136411,420689816,97428276565,31581289,KSQ
870,024740,KR7024740003,한일단조,KOSDAQ,우량기업부,2960,2,-55,-1.82,3000,3000,2850,599845,1741529069,97375265040,32897049,KSQ
871,066790,KR7066790007,씨씨에스,KOSDAQ,관리종목(소속부없음),1493,0,0,0.0,0,0,0,0,0,97271994227,65152039,KSQ
872,058630,KR7058630005,엠게임,KOSDAQ,우량기업부,5060,2,-70,-1.36,5130,5130,4990,17886,90041740,97165024440,19202574,KSQ
873,024830,KR7024830002,세원물산,KOSDAQ,우량기업부,11610,2,-360,-3.01,12200,12200,11380,1118,13024810,96943500000,8350000,KSQ
874,041930,KR7041930009,동아화성,KOSDAQ,우량기업부,6130,2,-20,-0.33,6080,6130,5960,16959,102335320,96854000000,15800000,KSQ
875,453860,KR7453860009,에이에스텍,KOSDAQ,벤처기업부,15000,2,-80,-0.53,15080,15080,14680,2593,38534620,96666345000,6444423,KSQ
876,201490,KR7201490000,미투온,KOSDAQ,중견기업부,2965,1,85,2.95,2810,2970,2805,212686,610966132,96640646650,32593810,KSQ
877,068240,KR7068240001,다원시스,KOSDAQ,관리종목(소속부없음),2530,0,0,0.0,0,0,0,0,0,96553495610,38163437,KSQ
878,352090,KR7352090005,스톰테크,KOSDAQ,중견기업부,3590,1,15,0.42,3575,3595,3530,24832,88371615,96474062820,26872998,KSQ
879,060570,KR7060570009,드림어스컴퍼니,KOSDAQ,중견기업부,1295,1,34,2.7,1261,1360,1234,50469,64982131,95961537035,74101573,KSQ
880,060560,KR7060560000,HC홈센타,KOSDAQ,중견기업부,755,1,10,1.34,721,777,718,850038,638104647,95839706040,126940008,KSQ
881,411080,KR7411080005,샌즈랩,KOSDAQ,기술성장기업부,6250,1,180,2.97,6070,6250,5930,17797,108541170,95422737500,15267638,KSQ
882,048910,KR7048910004,대원미디어,KOSDAQ,우량기업부,7580,3,0,0.0,7550,7580,7380,37849,281931030,95348410680,12578946,KSQ
883,035610,KR7035610005,솔본,KOSDAQ,투자주의환기종목(소속부없음),3485,2,-50,-1.41,3515,3530,3450,43260,150005070,95300799545,27345997,KSQ
884,412350,KR7412350001,레이저쎌,KOSDAQ,기술성장기업부,7300,2,-80,-1.08,7110,7360,6950,553031,3968679485,95096895600,13026972,KSQ
885,084730,KR7084730001,팅크웨어,KOSDAQ,우량기업부,8550,3,0,0.0,8400,8590,8310,20664,173353835,94985575200,11109424,KSQ
886,163730,KR7163730005,핑거,KOSDAQ,벤처기업부,10080,1,20,0.2,9930,10100,9680,66706,657559445,94818205440,9406568,KSQ
887,060590,KR7060590007,씨티씨바이오,KOSDAQ,중견기업부,3920,2,-20,-0.51,3945,3945,3840,24033,93120929,94789598400,24181020,KSQ
888,413390,KR7413390006,엠오티,KOSDAQ,중견기업부,8180,1,180,2.25,7990,8350,7800,76113,615149300,94725872400,11580180,KSQ
889,461030,KR7461030009,아이엠비디엑스,KOSDAQ,기술성장기업부,6700,1,90,1.36,6510,6740,6420,14993,98387420,94683562500,14131875,KSQ
890,093920,KR7093920007,서원인텍,KOSDAQ,우량기업부,5070,2,-20,-0.39,5050,5120,5000,12598,63512550,94302000000,18600000,KSQ
891,033320,KR7033320003,제이씨현시스템,KOSDAQ,벤처기업부,4930,1,105,2.18,4755,4965,4700,542594,2628982432,94234149760,19114432,KSQ
892,065170,KR7065170003,비엘팜텍,KOSDAQ,투자주의환기종목(소속부없음),3360,2,-145,-4.14,3360,3575,3260,904248,3029022648,93790344480,27913793,KSQ
893,323350,KR7323350009,다원넥스뷰,KOSDAQ,기술성장기업부,11610,1,60,0.52,11000,11640,10870,160705,1783728900,93005062920,8010772,KSQ
894,396300,KR7396300006,세아메카닉스,KOSDAQ,우량기업부,3510,2,-45,-1.27,3450,3530,3335,190811,651739510,92978145000,26489500,KSQ
895,012700,KR7012700001,리드코프,KOSDAQ,우량기업부,3540,2,-15,-0.42,3525,3555,3500,16821,59175502,92729776080,26194852,KSQ
896,347890,KR7347890006,엠투아이,KOSDAQ,벤처기업부,5460,2,-10,-0.18,5470,5550,5350,11064,59656140,92619093840,16963204,KSQ
897,950220,KR8840140006,네오이뮨텍,KOSDAQ,기술성장기업부,552,1,9,1.66,542,574,536,1263185,701428555,92536399560,167638405,KSQ
898,079810,KR7079810008,디이엔티,KOSDAQ,우량기업부,4295,2,-25,-0.58,4300,4310,4100,97716,410166445,92463163730,21528094,KSQ
899,082850,KR7082850009,우리바이오,KOSDAQ,벤처기업부,1908,2,-1,-0.05,1909,1909,1862,97163,183361221,92455150824,48456578,KSQ
900,110790,KR7110790003,크리스에프앤씨,KOSDAQ,우량기업부,3945,2,-30,-0.75,4045,4045,3900,3609,14139270,92435137200,23430960,KSQ
901,290670,KR7290670009,대보마그네틱,KOSDAQ,중견기업부,11750,1,370,3.25,10800,11960,10800,26303,300235100,92327505000,7857660,KSQ
902,065510,KR7065510000,휴비츠,KOSDAQ,우량기업부,8030,2,-70,-0.86,8050,8070,7900,51698,412515610,92231479890,11485863,KSQ
903,234300,KR7234300002,에스트래픽,KOSDAQ,우량기업부,3380,3,0,0.0,3375,3380,3310,32257,107787920,91962296400,27207780,KSQ
904,067570,KR7067570002,엔브이에이치코리아,KOSDAQ,우량기업부,2180,1,15,0.69,2165,2180,2140,35401,76417340,91930600000,42170000,KSQ
905,053280,KR7053280004,예스24,KOSDAQ,중견기업부,3665,1,5,0.14,3660,3670,3605,51907,189509640,91625000000,25000000,KSQ
906,212560,KR7212560007,네오오토,KOSDAQ,우량기업부,7750,1,140,1.84,7540,7780,7400,60881,459057640,91544867750,11812241,KSQ
907,261520,KR7261520001,이지스,KOSDAQ,기술성장기업부,8900,1,50,0.56,8720,8950,8500,25635,222833755,91472420000,10277800,KSQ
908,458350,KR7458350006,에스팀,KOSDAQ,중견기업부,10520,1,170,1.64,10100,10880,10080,228237,2396203235,91347264000,8683200,KSQ
909,360350,KR7360350003,코셈,KOSDAQ,기술성장기업부,15920,2,-680,-4.1,16150,16600,15480,108046,1707356155,91189282400,5727970,KSQ
910,216050,KR7216050005,인크로스,KOSDAQ,중견기업부,7100,1,100,1.43,7200,7200,6940,49515,349641990,91186876200,12843222,KSQ
911,382480,KR7382480002,지아이텍,KOSDAQ,벤처기업부,2305,1,55,2.44,2245,2315,2185,140750,315355810,90718207700,39357140,KSQ
912,040420,KR7040420002,정상제이엘에스,KOSDAQ,우량기업부,5780,2,-10,-0.17,5790,5790,5750,12659,73050985,90616250560,15677552,KSQ
913,214260,KR7214260002,라파스,KOSDAQ,기술성장기업부,10150,1,120,1.2,10170,10170,9880,13116,131651910,90562999450,8922463,KSQ
914,241690,KR7241690007,유니테크노,KOSDAQ,우량기업부,3700,3,0,0.0,3690,3700,3570,56459,203681975,90541612200,24470706,KSQ
915,102370,KR7102370004,케이옥션,KOSDAQ,기술성장기업부,3315,1,25,0.76,3290,3325,3205,33670,109571801,90264831150,27229210,KSQ
916,260930,KR7260930003,씨티케이,KOSDAQ,중견기업부,4650,1,280,6.41,4520,5410,4420,3789583,18699367453,89938398150,19341591,KSQ
917,419050,KR7419050000,삼기에너지솔루션즈,KOSDAQ,우량기업부,1570,1,14,0.9,1541,1571,1502,122786,187530071,89798096800,57196240,KSQ
918,104040,KR7104040001,대성파인텍,KOSDAQ,벤처기업부,669,1,8,1.21,655,676,655,120931,79975304,89691375594,134067826,KSQ
919,265560,KR7265560003,영화테크,KOSDAQ,우량기업부,8370,1,10,0.12,8350,8390,8240,17609,146435430,89476806600,10690180,KSQ
920,032850,KR7032850000,비트컴퓨터,KOSDAQ,벤처기업부,5380,1,30,0.56,5250,5390,5220,50755,268752585,89433316340,16623293,KSQ
921,203690,KR7203690003,아크솔루션스,KOSDAQ,관리종목(소속부없음),4425,0,0,0.0,0,0,0,0,0,89196141000,20157320,KSQ
922,042500,KR7042500009,링네트,KOSDAQ,우량기업부,3980,1,45,1.14,3910,3990,3865,148177,581870335,88718753120,22291144,KSQ
923,004650,KR7004650008,창해에탄올,KOSDAQ,중견기업부,9650,2,-170,-1.73,9800,9800,9620,14251,137612360,88692040250,9190885,KSQ
924,131400,KR7131400004,이브이첨단소재,KOSDAQ,벤처기업부,1478,1,32,2.21,1420,1497,1401,398386,580751257,88076801596,59591882,KSQ
925,044340,KR7044340008,위닉스,KOSDAQ,중견기업부,4925,2,-30,-0.61,4905,4945,4790,18833,91400110,88026618125,17873425,KSQ
926,451220,KR7451220008,아이엠티,KOSDAQ,기술성장기업부,11150,2,-200,-1.76,10770,11150,10670,45499,494574300,87801912650,7874611,KSQ
927,463480,KR7463480004,모티브링크,KOSDAQ,중견기업부,7060,1,140,2.02,6800,7060,6720,12490,85215785,87475927480,12390358,KSQ
928,340360,KR7340360007,다보링크,KOSDAQ,투자주의환기종목(소속부없음),1712,1,113,7.07,1600,1715,1539,701366,1144323533,87334100208,51012909,KSQ
929,019990,KR7019990001,에너토크,KOSDAQ,중견기업부,8950,1,100,1.13,8700,8950,8500,91944,796812675,87316987600,9756088,KSQ
930,049080,KR7049080005,기가레인,KOSDAQ,벤처기업부,1027,1,197,23.73,806,1079,700,42881537,42930038150,87175197369,84883347,KSQ
931,311320,KR7311320006,지오엘리먼트,KOSDAQ,기술성장기업부,6910,2,-90,-1.29,6890,6920,6730,32281,220244430,87166609600,12614560,KSQ
932,134580,KR7134580000,탑코미디어,KOSDAQ,중견기업부,1764,2,-31,-1.73,1780,1795,1722,10258,17988856,86954878836,49294149,KSQ
933,373200,KR7373200005,엑스플러스,KOSDAQ,벤처기업부,773,1,16,2.11,747,795,725,425781,324710773,86947490659,112480583,KSQ
934,126880,KR7126880004,제이엔케이글로벌,KOSDAQ,우량기업부,3740,2,-25,-0.66,3770,3770,3660,44684,166094080,86786337220,23204903,KSQ
935,130580,KR7130580004,나이스디앤비,KOSDAQ,우량기업부,5620,2,-40,-0.71,5660,5660,5580,2093,11737810,86548000000,15400000,KSQ
936,071670,KR7071670004,에이테크솔루션,KOSDAQ,중견기업부,8650,1,50,0.58,8600,8820,8290,16249,137530560,86500000000,10000000,KSQ
937,076610,KR7076610005,해성옵틱스,KOSDAQ,벤처기업부,1626,2,-39,-2.34,1639,1779,1556,7090761,11832252833,86463265440,53175440,KSQ
938,061250,KR7061250007,화일약품,KOSDAQ,중견기업부,1026,2,-2,-0.19,1028,1032,1002,134273,136891114,86364419022,84175847,KSQ
939,170030,KR7170030001,현대공업,KOSDAQ,우량기업부,5630,1,60,1.08,5570,5630,5460,41827,230491170,86364200000,15340000,KSQ
940,064800,KR7064800006,포니링크,KOSDAQ,중견기업부,675,1,15,2.27,658,704,656,355152,241159953,86269926150,127807298,KSQ
941,072020,KR7072020001,중앙백신,KOSDAQ,벤처기업부,9110,2,-60,-0.65,9170,9170,9030,7535,68429385,86168638570,9458687,KSQ
942,100590,KR7100590009,머큐리,KOSDAQ,중견기업부,5440,1,40,0.74,5200,5630,5100,649256,3475790270,86115325120,15830023,KSQ
943,048430,KR7048430003,유라테크,KOSDAQ,우량기업부,7470,2,-10,-0.13,7500,7500,7300,10658,78730120,86054400000,11520000,KSQ
944,207760,KR7207760000,미스터블루,KOSDAQ,중견기업부,1035,1,3,0.29,1028,1035,1000,101901,103336952,85987575405,83079783,KSQ
945,251630,KR7251630000,브이원텍,KOSDAQ,벤처기업부,5370,1,110,2.09,5270,5370,5060,20088,105003590,85613297820,15942886,KSQ
946,002800,KR7002800001,신신제약,KOSDAQ,중견기업부,5630,1,50,0.9,5550,5630,5450,22381,123648070,85409915000,15170500,KSQ
947,094840,KR7094840006,슈프리마에이치큐,KOSDAQ,벤처기업부,8260,1,110,1.35,8050,8280,8050,77701,638393250,85323322000,10329700,KSQ
948,228670,KR7228670006,레이,KOSDAQ,벤처기업부,5460,1,260,5.0,5240,5460,5090,36094,190534390,85187193000,15602050,KSQ
949,451250,KR7451250005,삐아,KOSDAQ,벤처기업부,8320,3,0,0.0,8260,8490,8040,12984,107782615,85079296640,10225877,KSQ
950,016250,KR7016250003,SGC E&C,KOSDAQ,중견기업부,16860,2,-240,-1.4,17100,17290,16560,4465,74776635,84923583960,5036986,KSQ
951,049470,KR7049470008,비트플래닛,KOSDAQ,중견기업부,716,1,14,1.99,702,721,683,184851,130503537,84290740568,117724498,KSQ
952,183490,KR7183490002,엔지켐생명과학,KOSDAQ,관리종목(소속부없음),990,0,0,0.0,0,0,0,0,0,84214906380,85065562,KSQ
953,019540,KR7019540004,일지테크,KOSDAQ,우량기업부,6230,2,-50,-0.8,6150,6260,6060,97052,595445190,84189105000,13513500,KSQ
954,204840,KR7204840003,지엘팜텍,KOSDAQ,기술성장기업부,1084,1,14,1.31,1061,1090,1047,129635,138310958,84063122504,77549006,KSQ
955,217500,KR7217500008,러셀,KOSDAQ,벤처기업부,2640,1,5,0.19,2605,2640,2530,116563,300150770,83983680000,31812000,KSQ
956,049180,KR7049180003,셀루메드,KOSDAQ,투자주의환기종목(소속부없음),1009,0,0,0.0,0,0,0,0,0,83948814126,83200014,KSQ
957,347000,KR7347000002,센코,KOSDAQ,기술성장기업부,2220,2,-10,-0.45,2240,2240,2170,184873,403687735,83940078120,37810846,KSQ
958,136410,KR7136410008,아셈스,KOSDAQ,벤처기업부,7610,1,110,1.47,7500,7610,7380,7779,58002350,83855396660,11019106,KSQ
959,376930,KR7376930004,노을,KOSDAQ,기술성장기업부,1630,1,30,1.88,1590,1630,1566,215001,343863445,83604856490,51291323,KSQ
960,033230,KR7033230004,인성정보,KOSDAQ,중견기업부,1652,1,31,1.91,1621,1652,1583,193367,313036655,83451407760,50515380,KSQ
961,053050,KR7053050001,지에스이,KOSDAQ,우량기업부,2780,2,-100,-3.47,2940,2990,2720,1755930,4992281640,83365519660,29987597,KSQ
962,263600,KR7263600009,덕우전자,KOSDAQ,중견기업부,5220,2,-10,-0.19,5200,5220,5000,34958,177531405,83156218200,15930310,KSQ
963,226330,KR7226330009,신테카바이오,KOSDAQ,기술성장기업부,3425,1,65,1.93,3300,3445,3210,102897,343347550,83085276875,24258475,KSQ
964,054040,KR7054040001,한국컴퓨터,KOSDAQ,우량기업부,5160,2,-50,-0.96,5170,5170,5040,96986,493520105,82927856400,16071290,KSQ
965,025550,KR7025550005,한국선재,KOSDAQ,우량기업부,3250,3,0,0.0,3245,3310,3195,78380,252477265,82920513000,25514004,KSQ
966,036630,KR7036630002,세종텔레콤,KOSDAQ,중견기업부,8290,2,-20,-0.24,8330,8360,8080,9938,81842120,82900000000,10000000,KSQ
967,036640,KR7036640001,HRS,KOSDAQ,우량기업부,5060,2,-20,-0.39,5050,5070,5010,23676,119120905,82755288000,16354800,KSQ
968,900250,KYG2115T1076,크리스탈신소재,KOSDAQ,외국기업(소속부없음),577,2,-1,-0.17,578,579,559,225675,128266790,82661022308,143260004,KSQ
969,081150,KR7081150005,티플랙스,KOSDAQ,우량기업부,3400,1,10,0.29,3395,3415,3305,169572,567087567,82512566800,24268402,KSQ
970,046940,KR7046940003,우원개발,KOSDAQ,벤처기업부,4560,2,-35,-0.76,4575,4590,4435,76895,345833156,82419036000,18074350,KSQ
971,382150,KR7382150001,온코크로스,KOSDAQ,기술성장기업부,6750,3,0,0.0,6670,6770,6490,29047,192487360,82322709750,12195957,KSQ
972,099220,KR7099220006,SDN,KOSDAQ,중견기업부,1266,1,11,0.88,1221,1290,1221,409180,514713064,82219547100,64944350,KSQ
973,066430,KR7066430000,아이로보틱스,KOSDAQ,중견기업부,2095,2,-35,-1.64,2115,2115,2040,182786,376939096,82026532220,39153476,KSQ
974,053260,KR7053260006,금강철강,KOSDAQ,우량기업부,4380,2,-5,-0.11,4410,4410,4330,30576,133226235,81993600000,18720000,KSQ
975,478560,KR7478560006,블랙야크아이앤씨,KOSDAQ,벤처기업부,3170,1,10,0.32,3150,3225,3080,24659,77322975,81882044660,25830298,KSQ
976,317690,KR7317690006,퀀타매트릭스,KOSDAQ,기술성장기업부,4065,1,115,2.91,3885,4070,3605,108359,426401400,81848892885,20135029,KSQ
977,020710,KR7020710000,시공테크,KOSDAQ,우량기업부,4075,2,-15,-0.37,4050,4110,4020,72854,297330495,81695477750,20047970,KSQ
978,111710,KR7111710000,남화산업,KOSDAQ,중견기업부,3965,2,-25,-0.63,3957,3987,3945,4220,16710304,81631420000,20588000,KSQ
979,289220,KR7289220006,자이언트스텝,KOSDAQ,기술성장기업부,3655,2,-25,-0.68,3680,3680,3455,23834,85354605,81551167755,22312221,KSQ
980,175250,KR7175250000,아이큐어,KOSDAQ,관리종목(소속부없음),2170,0,0,0.0,0,0,0,0,0,81501658560,37558368,KSQ
981,027830,KR7027830009,대성창투,KOSDAQ,벤처기업부,1507,3,0,0.0,1482,1507,1473,62345,92700524,81378000000,54000000,KSQ
982,222040,KR7222040008,코스맥스엔비티,KOSDAQ,중견기업부,3945,1,175,4.64,3700,4030,3700,107629,418331175,81377460000,20628000,KSQ
983,208140,KR7208140004,정다운,KOSDAQ,우량기업부,2485,2,-15,-0.6,2500,2500,2470,26586,65877995,81220351310,32684246,KSQ
984,412540,KR7412540007,제일엠앤에스,KOSDAQ,관리종목(소속부없음),3935,0,0,0.0,0,0,0,0,0,81063616775,20600665,KSQ
985,299900,KR7299900001,위지윅스튜디오,KOSDAQ,중견기업부,473,2,-9,-1.87,478,479,469,236505,111804646,80906122132,171048884,KSQ
986,142280,KR7142280007,녹십자엠에스,KOSDAQ,중견기업부,3705,2,-35,-0.94,3700,3740,3620,47282,173842715,80553835830,21741926,KSQ
987,039610,KR7039610001,화성밸브,KOSDAQ,우량기업부,7725,2,-95,-1.21,7720,7750,7450,32321,244671235,80420340000,10410400,KSQ
988,317870,KR7317870004,엔바이오니아,KOSDAQ,기술성장기업부,9080,2,-290,-3.09,9230,9230,8950,12151,109602320,80284406600,8841895,KSQ
989,378800,KR7378800007,샤페론,KOSDAQ,기술성장기업부,1732,1,22,1.29,1707,1773,1624,460012,779934987,80092929692,46243031,KSQ
990,273640,KR7273640003,와이엠텍,KOSDAQ,벤처기업부,7290,3,0,0.0,7300,7300,7100,6948,49875200,79942140000,10966000,KSQ
991,206560,KR7206560005,덱스터,KOSDAQ,기술성장기업부,3140,1,5,0.16,3110,3140,3050,18496,57165404,79792851040,25411736,KSQ
992,014470,KR7014470009,부방,KOSDAQ,중견기업부,1328,3,0,0.0,1314,1328,1306,40478,53291911,79749401280,60052260,KSQ
993,452400,KR7452400005,이닉스,KOSDAQ,벤처기업부,8790,3,0,0.0,8790,8900,8550,17467,151597860,79737852120,9071428,KSQ
994,037230,KR7037230000,한국팩키지,KOSDAQ,중견기업부,2670,2,-265,-9.03,3130,3560,2650,18146451,58380876232,79566873090,29800327,KSQ
995,052900,KR7052900008,KX하이텍,KOSDAQ,우량기업부,1145,1,13,1.15,1113,1150,1079,346219,381548755,79556010640,69481232,KSQ
996,222160,KR7222160004,NPX,KOSDAQ,관리종목(소속부없음),8040,0,0,0.0,0,0,0,0,0,79551289560,9894439,KSQ
997,391710,KR7391710001,코닉오토메이션,KOSDAQ,벤처기업부,1864,1,23,1.25,1840,1896,1760,89411,161987416,79444556080,42620470,KSQ
998,446840,KR7446840001,지슨,KOSDAQ,기술성장기업부,1440,2,-3,-0.21,1443,1470,1415,103161,149777992,79319639520,55083083,KSQ
999,094940,KR7094940004,푸른기술,KOSDAQ,벤처기업부,9470,2,-90,-0.94,9380,9470,8980,65740,607627570,79182325420,8361386,KSQ
1000,253840,KR7253840003,수젠텍,KOSDAQ,벤처기업부,4725,2,-50,-1.05,4675,4785,4675,54855,258955064,79111620000,16743200,KSQ
1001,215360,KR7215360009,우리산업,KOSDAQ,우량기업부,8650,1,40,0.46,8500,8660,8400,20426,174594130,78993209950,9132163,KSQ
1002,459100,KR7459100004,위츠,KOSDAQ,중견기업부,5870,2,-10,-0.17,5880,5880,5670,23015,132680670,78452550000,13365000,KSQ
1003,127710,KR7127710002,아시아경제,KOSDAQ,중견기업부,1776,1,106,6.35,1679,1789,1679,539495,946649615,78231396960,44049210,KSQ
1004,246690,KR7246690002,TS인베스트먼트,KOSDAQ,중견기업부,1751,1,69,4.1,1679,1791,1648,275888,473634246,78219997865,44671615,KSQ
1005,417790,KR7417790003,트루엔,KOSDAQ,벤처기업부,7460,2,-170,-2.23,7550,7570,7400,32141,239684130,78094196860,10468391,KSQ
1006,089850,KR7089850002,유비벨록스,KOSDAQ,우량기업부,5300,3,0,0.0,5210,5300,5140,19476,101892730,78070054700,14730199,KSQ
1007,045660,KR7045660008,에이텍,KOSDAQ,벤처기업부,9450,1,20,0.21,9370,9480,9200,17902,166521840,78057000000,8260000,KSQ
1008,187420,KR7187420005,HLB제넥스,KOSDAQ,기술성장기업부,2660,1,35,1.33,2675,2690,2515,73079,192406515,77942862480,29301828,KSQ
1009,475430,KR7475430005,키스트론,KOSDAQ,중견기업부,4360,2,-30,-0.68,4375,4375,4250,23580,100958060,77817759600,17848110,KSQ
1010,0013V0,KR70013V0002,삼진식품,KOSDAQ,중견기업부,7840,1,130,1.69,7800,7940,7540,53075,409151415,77762263040,9918656,KSQ
1011,217190,KR7217190008,제너셈,KOSDAQ,벤처기업부,5900,1,20,0.34,5860,5900,5680,67667,389346820,77607189900,13153761,KSQ
1012,460870,KR7460870009,에스엠씨지,KOSDAQ,벤처기업부,3855,2,-210,-5.17,4035,4035,3750,351379,1358723410,77382586920,20073304,KSQ
1013,017650,KR7017650003,대림제지,KOSDAQ,우량기업부,8780,2,-210,-2.34,9000,9070,8620,26038,228593290,77132300000,8785000,KSQ
1014,294140,KR7294140009,레몬,KOSDAQ,관리종목(소속부없음),3440,1,265,8.35,3330,3575,3055,181152,615778859,77106973920,22414818,KSQ
1015,033310,KR7033310004,엠투엔,KOSDAQ,우량기업부,1927,1,19,1.0,1897,1930,1860,69407,130578683,77026922712,39972456,KSQ
1016,299660,KR7299660001,셀리드,KOSDAQ,기술성장기업부,2610,2,-20,-0.76,2610,2650,2520,114130,293883845,77002769970,29502977,KSQ
1017,307870,KR7307870006,비투엔,KOSDAQ,벤처기업부,1290,1,61,4.96,1289,1338,1255,1715602,2231541888,76838219190,59564511,KSQ
1018,435570,KR7435570007,에르코스,KOSDAQ,벤처기업부,10080,1,140,1.41,9910,10150,9740,10964,108648270,76779188640,7616983,KSQ
1019,331380,KR7331380006,포커스에이아이,KOSDAQ,투자주의환기종목(소속부없음),2365,2,-15,-0.63,2580,2580,2270,175305,414221020,76653171485,32411489,KSQ
1020,128660,KR7128660008,피제이메탈,KOSDAQ,중견기업부,3090,2,-30,-0.96,3095,3095,3000,67833,206279382,76642410210,24803369,KSQ
1021,900260,HK0000295359,로스웰,KOSDAQ,외국기업(소속부없음),1663,2,-14,-0.83,1677,1696,1661,13097,21830693,76547401078,46029706,KSQ
1022,053450,KR7053450003,세코닉스,KOSDAQ,우량기업부,5170,1,20,0.39,5080,5200,5020,58850,299570305,76478791510,14792803,KSQ
1023,227950,KR7227950003,엔투텍,KOSDAQ,중견기업부,440,1,5,1.15,430,445,414,833738,353500067,75918060680,172541047,KSQ
1024,052860,KR7052860004,아이앤씨,KOSDAQ,벤처기업부,4230,1,60,1.44,4145,4260,4040,72758,301452393,75559872420,17862854,KSQ
1025,024910,KR7024910002,경창산업,KOSDAQ,우량기업부,2105,2,-10,-0.47,2095,2195,2030,478201,1000535423,75399005525,35819005,KSQ
1026,036120,KR7036120004,서울평가정보,KOSDAQ,중견기업부,2145,2,-20,-0.92,2165,2165,2125,77299,165258263,75386025000,35145000,KSQ
1027,024840,KR7024840001,KBI메탈,KOSDAQ,중견기업부,2150,2,-10,-0.46,2130,2160,2055,309838,650459130,75054777850,34909199,KSQ
1028,041460,KR7041460007,한국전자인증,KOSDAQ,중견기업부,3945,2,-50,-1.25,4045,4045,3790,81286,314286296,74955000000,19000000,KSQ
1029,040350,KR7040350001,크레오에스지,KOSDAQ,중견기업부,766,2,-34,-4.25,799,803,742,192428,150308139,74763638326,97602661,KSQ
1030,104620,KR7104620000,노랑풍선,KOSDAQ,중견기업부,4445,2,-40,-0.89,4485,4485,4360,43894,193395733,74722903640,16810552,KSQ
1031,171120,KR7171120009,라이온켐텍,KOSDAQ,중견기업부,2080,2,-10,-0.48,2095,2095,2055,36140,74982190,74675660800,35901760,KSQ
1032,036000,KR7036000008,예림당,KOSDAQ,중견기업부,3235,1,20,0.62,3170,3240,3135,23564,74559710,74515886095,23034277,KSQ
1033,408900,KR7408900009,스튜디오미르,KOSDAQ,중견기업부,2275,1,10,0.44,2260,2285,2220,26940,60518990,74512913475,32752929,KSQ
1034,246960,KR7246960009,SCL사이언스,KOSDAQ,기술성장기업부,2190,1,10,0.46,2180,2250,2110,214029,461475883,74497332930,34017047,KSQ
1035,234100,KR7234100006,폴라리스세원,KOSDAQ,우량기업부,1048,2,-4,-0.38,1032,1050,1021,174188,180336237,74387599632,70980534,KSQ
1036,241790,KR7241790005,티이엠씨씨엔에스,KOSDAQ,우량기업부,7430,2,-180,-2.37,7600,7600,7300,19109,140987870,74319570620,10002634,KSQ
1037,153710,KR7153710009,옵티팜,KOSDAQ,기술성장기업부,5050,1,10,0.2,5000,5240,4980,8145,40691465,74083287900,14669958,KSQ
1038,088280,KR7088280003,쏘닉스,KOSDAQ,기술성장기업부,4270,1,690,19.27,3470,4650,3380,4380724,18943265111,73898712300,17306490,KSQ
1039,291650,KR7291650000,압타머사이언스,KOSDAQ,기술성장기업부,1835,2,-12,-0.65,1851,1958,1810,271496,500895522,73871763820,40257092,KSQ
1040,043650,KR7043650001,국순당,KOSDAQ,중견기업부,4135,2,-10,-0.24,4145,4160,4050,13592,55550040,73844087040,17858304,KSQ
1041,262260,KR7262260003,에이프로,KOSDAQ,우량기업부,5100,1,70,1.39,5020,5160,4860,34500,171261659,73787575200,14468152,KSQ
1042,027050,KR7027050004,코리아나,KOSDAQ,중견기업부,1844,1,33,1.82,1811,1849,1777,122669,222601623,73760000000,40000000,KSQ
1043,263800,KR7263800005,데이타솔루션,KOSDAQ,중견기업부,4535,1,70,1.57,4465,4540,4320,44653,196946215,73582098300,16225380,KSQ
1044,424980,KR7424980001,마이크로투나노,KOSDAQ,기술성장기업부,12430,2,-420,-3.27,12850,12850,12130,17267,212742170,73571802700,5918890,KSQ
1045,212710,KR7212710008,아이에스티이,KOSDAQ,기술성장기업부,7640,2,-60,-0.78,7590,7660,7290,82731,615605775,73519551920,9622978,KSQ
1046,011320,KR7011320009,유니크,KOSDAQ,우량기업부,3805,3,0,0.0,3805,3815,3715,15276,57448075,73515244475,19320695,KSQ
1047,066980,KR7066980004,한성크린텍,KOSDAQ,중견기업부,1413,2,-20,-1.4,1410,1433,1349,244879,340448388,73384331625,51935125,KSQ
1048,036090,KR7036090009,위지트,KOSDAQ,중견기업부,619,1,31,5.27,580,632,571,2514817,1539967204,73284823796,118392284,KSQ
1049,347860,KR7347860009,알체라,KOSDAQ,벤처기업부,1886,1,34,1.84,1820,1890,1801,179428,331375840,73008872446,38710961,KSQ
1050,104540,KR7104540000,코렌텍,KOSDAQ,기술성장기업부,5710,2,-80,-1.38,5750,5750,5500,31313,177181520,73006575400,12785740,KSQ
1051,222110,KR7222110009,팬젠,KOSDAQ,기술성장기업부,5390,2,-150,-2.71,5620,5760,5330,12718,70236570,72733721830,13494197,KSQ
1052,123420,KR7123420002,위메이드플레이,KOSDAQ,우량기업부,6890,1,140,2.07,6700,6890,6620,9168,62230490,72705581260,10552334,KSQ
1053,004590,KR7004590006,한국가구,KOSDAQ,중견기업부,4840,2,-105,-2.12,4885,4885,4815,32244,156424715,72600000000,15000000,KSQ
1054,062970,KR7062970009,한국첨단소재,KOSDAQ,중견기업부,3145,2,-45,-1.41,2925,3990,2650,16592214,56665069942,72520794020,23059076,KSQ
1055,094850,KR7094850005,참좋은여행,KOSDAQ,벤처기업부,5180,2,-60,-1.15,5200,5200,5100,25982,133250410,72520000000,14000000,KSQ
1056,017480,KR7017480005,삼현철강,KOSDAQ,우량기업부,4615,2,-55,-1.18,4670,4670,4605,9516,44175245,72468837350,15702890,KSQ
1057,012790,KR7012790002,신일제약,KOSDAQ,우량기업부,6040,2,-40,-0.66,6070,6070,5970,17774,106914660,72397946600,11986415,KSQ
1058,078590,KR7078590007,휴림에이텍,KOSDAQ,벤처기업부,850,2,-40,-4.49,878,878,791,3766196,3159559657,72196387100,84936926,KSQ
1059,317850,KR7317850006,대모,KOSDAQ,벤처기업부,8660,1,160,1.88,8380,8730,8330,58811,504513280,72089477200,8324420,KSQ
1060,039020,KR7039020003,이건홀딩스,KOSDAQ,중견기업부,3190,3,0,0.0,3220,3220,3075,86795,270664660,72045221710,22584709,KSQ
1061,064240,KR7064240005,홈캐스트,KOSDAQ,중견기업부,2075,3,0,0.0,2070,2225,1990,105292,219702074,71990570825,34694251,KSQ
1062,063440,KR7063440002,SM Life Design,KOSDAQ,중견기업부,1562,1,5,0.32,1560,1564,1516,139155,214768627,71897538548,46029154,KSQ
1063,234920,KR7234920007,자이글,KOSDAQ,관리종목(소속부없음),5310,0,0,0.0,0,0,0,0,0,71849132100,13530910,KSQ
1064,010470,KR7010470003,오리콤,KOSDAQ,우량기업부,5990,3,0,0.0,5990,6050,5880,15719,93718100,71730549500,11975050,KSQ
1065,459550,KR7459550000,알트,KOSDAQ,중견기업부,2860,1,60,2.14,2740,2870,2705,82230,227429070,71693819340,25067769,KSQ
1066,095270,KR7095270005,웨이브일렉트로,KOSDAQ,벤처기업부,4985,2,-65,-1.29,5050,5060,4760,52867,262731140,71646443910,14372406,KSQ
1067,159580,KR7159580000,제로투세븐,KOSDAQ,중견기업부,3575,1,45,1.27,3530,3575,3455,14216,49533915,71616673700,20032636,KSQ
1068,039010,KR7039010004,현대에이치티,KOSDAQ,우량기업부,8270,2,-130,-1.55,8340,8340,8110,17208,140330020,71328750000,8625000,KSQ
1069,043710,KR7043710003,서울리거,KOSDAQ,중견기업부,820,3,0,0.0,820,838,807,43542,35472946,70981258200,86562510,KSQ
1070,192250,KR7192250009,케이사인,KOSDAQ,벤처기업부,10040,1,40,0.4,9750,10060,9750,9032,89217420,70953935000,7067125,KSQ
1071,038680,KR7038680005,에스넷,KOSDAQ,우량기업부,3560,1,5,0.14,3550,3605,3430,315005,1105194431,70889005520,19912642,KSQ
1072,054930,KR7054930003,유신,KOSDAQ,우량기업부,23600,1,400,1.72,23100,23600,22800,10521,242729175,70800000000,3000000,KSQ
1073,072470,KR7072470008,우리산업홀딩스,KOSDAQ,중견기업부,3745,1,35,0.94,3700,3750,3605,48156,176813726,70733092045,18887341,KSQ
1074,053350,KR7053350005,이니텍,KOSDAQ,중견기업부,3210,2,-55,-1.68,3265,3270,3020,99380,310494305,70687618650,22021065,KSQ
1075,199550,KR7199550005,레이저옵텍,KOSDAQ,벤처기업부,5760,1,90,1.59,5550,5810,5500,66460,375678255,70650956160,12265791,KSQ
1076,040610,KR7040610008,SG&G,KOSDAQ,중견기업부,2070,1,60,2.99,2010,2080,1995,58578,118245973,70560495720,34087196,KSQ
1077,168330,KR7168330009,내츄럴엔도텍,KOSDAQ,투자주의환기종목(소속부없음),2220,2,-15,-0.67,2220,2230,2155,23524,51723060,70495878000,31754900,KSQ
1078,042110,KR7042110007,에스씨디,KOSDAQ,우량기업부,1452,1,9,0.62,1442,1465,1400,246283,355044556,70174526928,48329564,KSQ
1079,140070,KR7140070004,서플러스글로벌,KOSDAQ,우량기업부,1895,2,-23,-1.2,1900,1900,1872,25372,47716490,70092260000,36988000,KSQ
1080,039420,KR7039420005,케이엘넷,KOSDAQ,중견기업부,2900,3,0,0.0,2900,2915,2845,42280,121611015,70048717000,24154730,KSQ
1081,099410,KR7099410003,동방선기,KOSDAQ,벤처기업부,4975,2,-75,-1.49,5000,5000,4800,64383,314125590,69650000000,14000000,KSQ
1082,073640,KR7073640005,테라사이언스,KOSDAQ,관리종목(소속부없음),654,0,0,0.0,0,0,0,0,0,69571715580,106378770,KSQ
1083,052220,KR7052220001,iMBC,KOSDAQ,중견기업부,3020,2,-35,-1.15,3035,3045,2960,127343,381221704,69460000000,23000000,KSQ
1084,065500,KR7065500001,오리엔트정공,KOSDAQ,중견기업부,2185,1,25,1.16,2160,2290,2130,648565,1426375120,69358262720,31742912,KSQ
1085,039240,KR7039240007,경남스틸,KOSDAQ,우량기업부,2540,1,5,0.2,2535,2545,2500,44139,111433535,68528194160,26979604,KSQ
1086,317530,KR7317530004,캐리소프트,KOSDAQ,기술성장기업부,3915,2,-145,-3.57,3960,4000,3790,29900,115594100,68492463030,17494882,KSQ
1087,036670,KR7036670008,삼양케이씨아이,KOSDAQ,우량기업부,6070,2,-60,-0.98,6130,6130,6020,5025,30386890,68408900000,11270000,KSQ
1088,159010,KR7159010008,아스플로,KOSDAQ,벤처기업부,5130,2,-350,-6.39,5250,5380,5010,89680,463156860,68407211070,13334739,KSQ
1089,332370,KR7332370006,아이디피,KOSDAQ,중견기업부,5150,2,-110,-2.09,5260,5260,5150,1666,8633320,68359688900,13273726,KSQ
1090,049480,KR7049480007,오픈베이스,KOSDAQ,우량기업부,2175,1,15,0.69,2150,2180,2100,104387,223792795,68343683025,31422383,KSQ
1091,015710,KR7015710007,코콤,KOSDAQ,중견기업부,3895,1,20,0.52,3890,3900,3780,53504,205159195,68281297500,17530500,KSQ
1092,238090,KR7238090005,앤디포스,KOSDAQ,벤처기업부,2825,3,0,0.0,2825,3000,2760,52312,149667020,68141861725,24121013,KSQ
1093,082210,KR7082210006,옵트론텍,KOSDAQ,중견기업부,2050,2,-20,-0.97,2065,2100,1987,86912,175475754,68044366700,33192374,KSQ
1094,318160,KR7318160009,셀바이오휴먼텍,KOSDAQ,벤처기업부,7260,1,210,2.98,7050,7260,6920,22543,160363830,67817119260,9341201,KSQ
1095,056360,KR7056360001,코위버,KOSDAQ,벤처기업부,6920,1,170,2.52,6720,7450,6480,1027835,7243551230,67793856000,9796800,KSQ
1096,162300,KR7162300008,신스틸,KOSDAQ,우량기업부,1634,2,-24,-1.45,1658,1658,1604,10334,16867291,67764238188,41471382,KSQ
1097,457370,KR7457370005,한켐,KOSDAQ,중견기업부,8390,2,-20,-0.24,8330,8440,8150,31601,260373000,67347654260,8027134,KSQ
1098,155650,KR7155650005,와이엠씨,KOSDAQ,우량기업부,3545,1,35,1.0,3585,3585,3420,14762,51186090,67264099110,18974358,KSQ
1099,196300,KR7196300008,HLB펩,KOSDAQ,관리종목(소속부없음),7230,1,160,2.26,7200,7280,6810,8954,63203030,67191267540,9293398,KSQ
1100,331920,KR7331920009,셀레믹스,KOSDAQ,기술성장기업부,8230,2,-120,-1.44,8200,8690,8110,246980,2054416450,67190938040,8164148,KSQ
1101,393210,KR7393210000,토마토시스템,KOSDAQ,기술성장기업부,4300,1,50,1.18,4305,4320,4115,26181,110593252,67142539200,15614544,KSQ
1102,479960,KR7479960007,위너스,KOSDAQ,중견기업부,9790,1,70,0.72,9860,9900,9470,4995,48117860,67071290000,6851000,KSQ
1103,060310,KR7060310000,3S,KOSDAQ,벤처기업부,1263,2,-13,-1.02,1277,1278,1230,116991,146267503,67013567520,53059040,KSQ
1104,302430,KR7302430004,이노메트리,KOSDAQ,벤처기업부,6780,1,110,1.65,6670,6780,6400,28140,184452930,66669150240,9833208,KSQ
1105,104200,KR7104200001,NHN벅스,KOSDAQ,중견기업부,4495,2,-240,-5.07,4540,4540,3975,498460,2076774086,66649837250,14827550,KSQ
1106,065440,KR7065440000,이루온,KOSDAQ,벤처기업부,2440,1,70,2.95,2300,2530,2290,1588449,3869573754,66551048800,27275020,KSQ
1107,037760,KR7037760006,쎄니트,KOSDAQ,우량기업부,1960,1,3,0.15,1958,1963,1931,14412,28243078,66312525160,33832921,KSQ
1108,950200,KR8840150005,소마젠,KOSDAQ,외국기업(소속부없음),3440,2,-25,-0.72,3465,3465,3380,16194,55075260,66172022320,19236053,KSQ
1109,185490,KR7185490000,아이진,KOSDAQ,벤처기업부,1527,1,44,2.97,1483,1579,1406,174658,260776993,66011880168,43229784,KSQ
1110,087260,KR7087260006,모바일어플라이언스,KOSDAQ,벤처기업부,2025,2,-55,-2.64,2070,2080,1982,210585,427592346,65919543525,32552861,KSQ
1111,010280,KR7010280006,아이티센엔텍,KOSDAQ,중견기업부,1012,2,-1,-0.1,1013,1019,993,158324,158680106,65905271432,65123786,KSQ
1112,189980,KR7189980006,흥국에프엔비,KOSDAQ,우량기업부,1640,2,-17,-1.03,1630,1646,1603,85392,138090764,65826036280,40137827,KSQ
1113,198440,KR7198440000,강동씨앤엘,KOSDAQ,중견기업부,1080,2,-13,-1.19,1093,1100,1050,50507,53978675,65806447680,60931896,KSQ
1114,007370,KR7007370000,진양제약,KOSDAQ,우량기업부,4635,1,20,0.43,4575,4635,4510,43075,196241162,65513810745,14134587,KSQ
1115,033170,KR7033170002,시그네틱스,KOSDAQ,중견기업부,764,1,1,0.13,760,766,728,278635,206143194,65496435716,85728319,KSQ
1116,067370,KR7067370007,선바이오,KOSDAQ,기술성장기업부,5370,2,-20,-0.37,5300,5390,5270,10963,58563890,65479390350,12193555,KSQ
1117,365590,KR7365590009,하이딥,KOSDAQ,기술성장기업부,2115,2,-85,-3.86,2200,2200,2080,43167,91096947,65473255530,30956622,KSQ
1118,109860,KR7109860007,동일금속,KOSDAQ,우량기업부,7180,2,-80,-1.1,7290,7290,7160,678,4873545,65338000000,9100000,KSQ
1119,072990,KR7072990005,에이치시티,KOSDAQ,우량기업부,4525,2,-5,-0.11,4475,4555,4370,59413,266070200,65188082150,14406206,KSQ
1120,067920,KR7067920009,이글루,KOSDAQ,우량기업부,5920,2,-30,-0.5,5950,5970,5860,20036,118366920,65097024480,10996119,KSQ
1121,053950,KR7053950002,경남제약,KOSDAQ,중견기업부,829,2,-3,-0.36,825,855,804,1063041,883992219,64784159782,78147358,KSQ
1122,080010,KR7080010002,이상네트웍스,KOSDAQ,중견기업부,6560,2,-30,-0.46,6540,6570,6480,1755,11469880,64518065760,9835071,KSQ
1123,122310,KR7122310006,제노레이,KOSDAQ,우량기업부,4415,2,-100,-2.21,4470,4470,4315,4211,18419780,64255221260,14553844,KSQ
1124,068330,KR7068330000,일신바이오,KOSDAQ,중견기업부,1451,1,40,2.83,1398,1490,1389,250978,362671794,64157619140,44216140,KSQ
1125,0010V0,KR70010V0005,제이피아이헬스케어,KOSDAQ,벤처기업부,12560,2,-110,-0.87,12620,12620,12100,13718,169762580,64123824000,5105400,KSQ
1126,109080,KR7109080002,옵티시스,KOSDAQ,벤처기업부,11370,2,-100,-0.87,11440,11800,10700,121192,1354845345,64081320000,5636000,KSQ
1127,219550,KR7219550001,디와이디,KOSDAQ,관리종목(소속부없음),1691,2,-112,-6.21,1776,1776,1579,166529,277778907,63785335062,37720482,KSQ
1128,373160,KR7373160001,데이원컴퍼니,KOSDAQ,기술성장기업부,4610,1,20,0.44,4530,4610,4500,10892,49614560,63642059590,13805219,KSQ
1129,261200,KR7261200000,덴티스,KOSDAQ,우량기업부,4015,2,-20,-0.5,4030,4065,3970,25449,101844190,63475945500,15809700,KSQ
1130,369370,KR7369370002,블리츠웨이엔터테인먼트,KOSDAQ,벤처기업부,1272,1,14,1.11,1254,1303,1169,324291,394086997,63437070792,49871911,KSQ
1131,222420,KR7222420002,쎄노텍,KOSDAQ,벤처기업부,1310,1,29,2.26,1279,1318,1230,191841,242926037,63381211240,48382604,KSQ
1132,049550,KR7049550007,잉크테크,KOSDAQ,우량기업부,3230,1,15,0.47,3245,3255,3080,21459,67330465,63328274710,19606277,KSQ
1133,238120,KR7238120000,얼라인드,KOSDAQ,기술성장기업부,4395,1,5,0.11,4300,4395,4245,15969,68819860,63195247920,14378896,KSQ
1134,033540,KR7033540006,파라텍,KOSDAQ,중견기업부,1208,1,50,4.32,1157,1209,1121,243531,284635267,63113567848,52246331,KSQ
1135,145170,KR7145170007,노브랜드,KOSDAQ,중견기업부,3725,2,-30,-0.8,3725,3835,3600,27494,101090745,62983808625,16908405,KSQ
1136,053270,KR7053270005,구영테크,KOSDAQ,우량기업부,2295,1,5,0.22,2270,2300,2245,63142,142939780,62906879475,27410405,KSQ
1137,340440,KR7340440007,세림B&G,KOSDAQ,벤처기업부,2215,1,55,2.55,2500,2805,2175,29831412,76086139266,62858076260,28378364,KSQ
1138,219750,KR7219750007,한국비티비,KOSDAQ,중견기업부,958,2,-10,-1.03,960,970,917,37240,35351083,62678955830,65426885,KSQ
1139,196450,KR7196450001,코아시아씨엠,KOSDAQ,중견기업부,1381,2,-82,-5.6,1446,1446,1328,224716,307788207,62586342742,45319582,KSQ
1140,218150,KR7218150001,미래생명자원,KOSDAQ,벤처기업부,3055,2,-75,-2.4,3130,3160,2985,203641,625342715,62370275110,20415802,KSQ
1141,052790,KR7052790003,액토즈소프트,KOSDAQ,중견기업부,5500,2,-10,-0.18,5460,5530,5400,15553,84931620,62318509000,11330638,KSQ
1142,096630,KR7096630009,에스코넥,KOSDAQ,중견기업부,784,2,-14,-1.75,761,789,732,772987,589018802,62235186944,79381616,KSQ
1143,229000,KR7229000005,젠큐릭스,KOSDAQ,기술성장기업부,2655,2,-50,-1.85,2650,2715,2610,398731,1056791748,62201778075,23428165,KSQ
1144,333620,KR7333620003,엔시스,KOSDAQ,벤처기업부,5890,2,-20,-0.34,5750,5940,5750,10040,58449230,62176866160,10556344,KSQ
1145,088910,KR7088910005,동우팜투테이블,KOSDAQ,우량기업부,2400,2,-5,-0.21,2385,2540,2360,20181,48460235,61996233600,25831764,KSQ
1146,351330,KR7351330006,이삭엔지니어링,KOSDAQ,벤처기업부,7470,1,10,0.13,7350,7500,7270,20568,150982380,61915244400,8288520,KSQ
1147,037950,KR7037950003,엘컴텍,KOSDAQ,중견기업부,733,2,-12,-1.61,745,747,718,100384,72877714,61900031427,84447519,KSQ
1148,072770,KR7072770001,멤레이비티,KOSDAQ,중견기업부,745,2,-37,-4.73,779,779,737,251458,187321039,61853026020,83024196,KSQ
1149,089150,KR7089150007,케이씨티,KOSDAQ,중견기업부,3595,1,135,3.9,3390,3720,3300,746404,2658950647,61654250000,17150000,KSQ
1150,037330,KR7037330008,인지디스플레,KOSDAQ,우량기업부,1404,2,-26,-1.82,1430,1430,1399,18265,25622816,61614854496,43885224,KSQ
1151,054300,KR7054300009,팬스타엔터프라이즈,KOSDAQ,벤처기업부,532,1,5,0.95,525,534,511,262237,136654468,61574685480,115741890,KSQ
1152,321820,KR7321820003,아티스트컴퍼니,KOSDAQ,기술성장기업부,3945,1,75,1.94,3800,3965,3770,25541,99237192,61507978320,15591376,KSQ
1153,010240,KR7010240000,흥국,KOSDAQ,우량기업부,5250,1,10,0.19,5240,5250,5150,7492,38958735,61456500000,11706000,KSQ
1154,170790,KR7170790000,파이오링크,KOSDAQ,우량기업부,9600,1,310,3.34,9150,9700,8950,51435,482511185,61414416000,6397335,KSQ
1155,215090,KR7215090002,솔디펜스,KOSDAQ,중견기업부,2650,2,-80,-2.93,2710,2710,2590,119950,314251524,61362501650,23155661,KSQ
1156,004780,KR7004780003,대륙제관,KOSDAQ,우량기업부,3855,2,-50,-1.28,3905,3955,3795,33461,129448225,61306832145,15903199,KSQ
1157,294090,KR7294090006,이오플로우,KOSDAQ,관리종목(소속부없음),1490,0,0,0.0,0,0,0,0,0,61207866450,41079105,KSQ
1158,014190,KR7014190003,원익큐브,KOSDAQ,우량기업부,1728,2,-23,-1.31,1742,1751,1699,94118,161301218,61171037568,35399906,KSQ
1159,127980,KR7127980001,화인써키트,KOSDAQ,중견기업부,5150,2,-80,-1.53,5190,5240,5080,1165,5955830,60979522600,11840684,KSQ
1160,303360,KR7303360002,프로티아,KOSDAQ,기술성장기업부,4730,1,60,1.28,4670,4820,4600,17145,80173556,60921051950,12879715,KSQ
1161,050960,KR7050960004,수산아이앤티,KOSDAQ,벤처기업부,9020,2,-30,-0.33,9040,9040,8910,3466,31210510,60894020000,6751000,KSQ
1162,053620,KR7053620001,태양,KOSDAQ,우량기업부,7080,2,-20,-0.28,7050,7100,6970,1559,10956500,60888000000,8600000,KSQ
1163,347740,KR7347740003,피엔케이피부임상연구센타,KOSDAQ,벤처기업부,2025,2,-30,-1.46,2045,2045,2005,84297,170157060,60771416400,30010576,KSQ
1164,092300,KR7092300003,현우산업,KOSDAQ,우량기업부,3185,1,10,0.31,3155,3195,3085,69128,216391425,60674046160,19049936,KSQ
1165,237820,KR7237820006,플레이디,KOSDAQ,중견기업부,4720,3,0,0.0,4740,4770,4575,13386,62799412,60544100800,12827140,KSQ
1166,053980,KR7053980009,오상자이엘,KOSDAQ,우량기업부,3185,3,0,0.0,3185,3185,3115,15207,47887873,60460163855,18982783,KSQ
1167,384470,KR7384470001,코어라인소프트,KOSDAQ,기술성장기업부,3365,2,-5,-0.15,3285,3385,3235,72215,239543935,60390618580,17946692,KSQ
1168,340930,KR7340930007,유일에너테크,KOSDAQ,벤처기업부,874,2,-39,-4.27,913,913,840,1404530,1205859717,60197436090,68875785,KSQ
1169,033830,KR7033830001,티비씨,KOSDAQ,중견기업부,601,2,-4,-0.66,604,604,589,197716,117493853,60100000000,100000000,KSQ
1170,288620,KR7288620008,에스퓨얼셀,KOSDAQ,벤처기업부,8610,2,-60,-0.69,8630,8660,8400,15225,129290320,60091910760,6979316,KSQ
1171,008370,KR7008370009,원풍,KOSDAQ,우량기업부,4995,1,15,0.3,4980,5030,4910,5715,28508445,59940000000,12000000,KSQ
1172,407400,KR7407400001,꿈비,KOSDAQ,벤처기업부,4095,1,15,0.37,4025,4125,3955,25636,103157171,59928416730,14634534,KSQ
1173,263690,KR7263690000,디알젬,KOSDAQ,우량기업부,5290,2,-40,-0.75,5290,5330,5240,7767,41023960,59912476900,11325610,KSQ
1174,419120,KR7419120001,산돌,KOSDAQ,중견기업부,4070,1,55,1.37,4015,4095,3925,44274,178431590,59903733340,14718362,KSQ
1175,189860,KR7189860000,서전기전,KOSDAQ,중견기업부,6160,2,-70,-1.12,6060,6250,5990,244479,1491194005,59744484800,9698780,KSQ
1176,072950,KR7072950009,빛샘전자,KOSDAQ,벤처기업부,7410,2,-100,-1.33,7480,7740,7300,181368,1355924360,59669840100,8052610,KSQ
1177,122690,KR7122690001,서진오토모티브,KOSDAQ,우량기업부,2575,1,5,0.19,2565,2595,2510,53081,134999835,59428852450,23079166,KSQ
1178,100030,KR7100030006,인지소프트,KOSDAQ,벤처기업부,18090,1,290,1.63,17630,18100,17470,1056,18642950,59402386260,3283714,KSQ
1179,005670,KR7005670005,푸드웰,KOSDAQ,우량기업부,5930,2,-20,-0.34,5910,5950,5850,9860,58023520,59300000000,10000000,KSQ
1180,306040,KR7306040007,에스제이그룹,KOSDAQ,우량기업부,5990,2,-290,-4.62,6100,6300,5870,194979,1171460990,59096309720,9865828,KSQ
1181,045340,KR7045340007,토탈소프트,KOSDAQ,벤처기업부,6890,2,-10,-0.14,6760,6900,6670,19726,133116385,58964895600,8558040,KSQ
1182,413640,KR7413640004,비아이매트릭스,KOSDAQ,벤처기업부,8170,2,-30,-0.37,8140,8200,7920,11117,89178930,58880699800,7206940,KSQ
1183,403490,KR7403490006,우듬지팜,KOSDAQ,벤처기업부,1280,1,5,0.39,1270,1299,1240,129560,163468488,58793553920,45932464,KSQ
1184,198080,KR7198080004,캐프,KOSDAQ,우량기업부,2720,2,-60,-2.16,2700,2740,2650,364573,979343755,58575703200,21535185,KSQ
1185,177900,KR7177900008,쓰리에이로직스,KOSDAQ,기술성장기업부,6100,1,20,0.33,6000,6150,5900,43633,263177585,58467280000,9584800,KSQ
1186,200230,KR7200230001,텔콘RF제약,KOSDAQ,중견기업부,852,1,25,3.02,840,857,802,252848,209686451,58382050116,68523533,KSQ
1187,352910,KR7352910004,오비고,KOSDAQ,기술성장기업부,4610,1,200,4.54,4350,4775,4275,58922,272475935,58260267220,12637802,KSQ
1188,256630,KR7256630005,포인트엔지니어링,KOSDAQ,벤처기업부,1004,2,-7,-0.69,1011,1011,964,12715,12595708,58229060288,57997072,KSQ
1189,099520,KR7099520009,DGI,KOSDAQ,관리종목(소속부없음),1284,0,0,0.0,0,0,0,0,0,58141862016,45281824,KSQ
1190,037440,KR7037440005,희림,KOSDAQ,우량기업부,4175,1,35,0.85,4140,4195,4075,36809,151437550,58126333125,13922475,KSQ
1191,038070,KR7038070009,서린바이오,KOSDAQ,우량기업부,6370,1,110,1.76,6220,6380,6110,19781,124292910,57971306120,9100676,KSQ
1192,173940,KR7173940008,에프엔씨엔터,KOSDAQ,중견기업부,3760,1,10,0.27,3750,3760,3715,1203,4521760,57876958080,15392808,KSQ
1193,143540,KR7143540003,영우디에스피,KOSDAQ,벤처기업부,1295,2,-10,-0.77,1262,1305,1240,234309,296971333,57756864025,44599895,KSQ
1194,033560,KR7033560004,블루콤,KOSDAQ,중견기업부,3370,1,25,0.75,3345,3370,3295,14731,49153075,57627000000,17100000,KSQ
1195,007680,KR7007680002,대원,KOSDAQ,중견기업부,4280,2,-65,-1.5,4310,4400,4250,2101,9016085,57550908720,13446474,KSQ
1196,245620,KR7245620000,EDGC,KOSDAQ,관리종목(소속부없음),415,0,0,0.0,0,0,0,0,0,57474989665,138493951,KSQ
1197,122350,KR7122350002,삼기,KOSDAQ,중견기업부,1497,2,-13,-0.86,1510,1510,1451,116538,171745694,57394123716,38339428,KSQ
1198,440290,KR7440290005,HB인베스트먼트,KOSDAQ,중견기업부,2075,1,45,2.22,2025,2075,2025,39464,80593845,57075842250,27506430,KSQ
1199,089790,KR7089790000,제이티,KOSDAQ,벤처기업부,5530,2,-40,-0.72,5540,5540,5330,65993,356614560,57044786890,10315513,KSQ
1200,466410,KR7466410008,사이냅소프트,KOSDAQ,벤처기업부,11280,1,160,1.44,11000,11320,10970,15690,174685260,56817619440,5037023,KSQ
1201,032960,KR7032960007,동일기연,KOSDAQ,중견기업부,16110,2,-190,-1.17,16040,16280,15640,15554,246883200,56684565450,3518595,KSQ
1202,105760,KR7105760003,포스뱅크,KOSDAQ,벤처기업부,5540,1,40,0.73,5430,5550,5370,20883,113149640,56382723980,10177387,KSQ
1203,097800,KR7097800007,윈팩,KOSDAQ,중견기업부,413,1,4,0.98,409,413,399,235696,94907695,56353944577,136450229,KSQ
1204,471820,KR7471820001,셀로맥스사이언스,KOSDAQ,벤처기업부,4960,1,35,0.71,4960,4990,4860,4392,21541270,56062279840,11302879,KSQ
1205,006050,KR7006050009,국영지앤엠,KOSDAQ,중견기업부,1606,2,-4,-0.25,1592,1693,1560,1961642,3193242409,56041760258,34895243,KSQ
1206,219420,KR7219420007,링크제니시스,KOSDAQ,기술성장기업부,4870,1,95,1.99,4750,4895,4665,39035,184618475,55856499090,11469507,KSQ
1207,288330,KR7288330004,파라택시스코리아,KOSDAQ,관리종목(소속부없음),526,2,-77,-12.77,610,610,518,1450046,796839528,55797433546,106078771,KSQ
1208,361570,KR7361570005,알비더블유,KOSDAQ,중견기업부,1938,2,-28,-1.42,1996,1996,1919,69250,134102675,55704497958,28743291,KSQ
1209,038010,KR7038010005,제일테크노스,KOSDAQ,우량기업부,6170,2,-60,-0.96,6180,6180,6030,11029,67411990,55530000000,9000000,KSQ
1210,043910,KR7043910009,자연과환경,KOSDAQ,벤처기업부,489,2,-4,-0.81,489,491,484,293329,142477004,55448422473,113391457,KSQ
1211,311390,KR7311390009,네오크레마,KOSDAQ,벤처기업부,4370,2,-55,-1.24,4350,4385,4150,142427,602604422,55297057930,12653789,KSQ
1212,090410,KR7090410002,덕신이피씨,KOSDAQ,우량기업부,1199,1,2,0.17,1191,1200,1170,81538,96117103,55254829905,46084095,KSQ
1213,277070,KR7277070009,린드먼아시아,KOSDAQ,중견기업부,4030,2,-35,-0.86,4065,4065,3990,6320,25369118,55178760000,13692000,KSQ
1214,066130,KR7066130006,하츠,KOSDAQ,우량기업부,4305,1,45,1.06,4185,4315,4185,21779,92764045,55104000000,12800000,KSQ
1215,314140,KR7314140005,알피바이오,KOSDAQ,중견기업부,6350,2,-50,-0.78,6380,6380,6200,2626,16544540,55031392350,8666361,KSQ
1216,452160,KR7452160005,제이엔비,KOSDAQ,중견기업부,5720,1,100,1.78,5530,5780,5380,9361,51632360,55012254440,9617527,KSQ
1217,332290,KR7332290006,누보,KOSDAQ,벤처기업부,1375,1,11,0.81,1372,1420,1330,530029,724184671,54868555500,39904404,KSQ
1218,217480,KR7217480003,에스디생명공학,KOSDAQ,투자주의환기종목(소속부없음),499,0,0,0.0,0,0,0,0,0,54756837359,109733141,KSQ
1219,452200,KR7452200009,민테크,KOSDAQ,기술성장기업부,2300,1,20,0.88,2280,2330,2200,36218,81882550,54748024700,23803489,KSQ
1220,061040,KR7061040002,알에프텍,KOSDAQ,중견기업부,1706,2,-77,-4.32,1828,1828,1670,189068,322681731,54744275854,32089259,KSQ
1221,024950,KR7024950008,삼천리자전거,KOSDAQ,관리종목(소속부없음),4120,0,0,0.0,0,0,0,0,0,54687137240,13273577,KSQ
1222,450330,KR7450330006,하스,KOSDAQ,기술성장기업부,6650,1,210,3.26,6460,6650,6310,7769,50322430,54442505950,8186843,KSQ
1223,032540,KR7032540007,TJ미디어,KOSDAQ,우량기업부,3895,1,15,0.39,3855,3935,3825,1736,6718576,54263617055,13931609,KSQ
1224,320000,KR7320000003,한울반도체,KOSDAQ,중견기업부,1625,2,-44,-2.64,1669,1700,1618,100071,164492767,54184081250,33344050,KSQ
1225,100660,KR7100660000,서암기계공업,KOSDAQ,중견기업부,4300,2,-30,-0.69,4255,4320,4185,40504,171985235,54180000000,12600000,KSQ
1226,137080,KR7137080008,나래나노텍,KOSDAQ,벤처기업부,4890,1,20,0.41,4875,4945,4755,11105,53501575,54080573580,11059422,KSQ
1227,419080,KR7419080007,엔젯,KOSDAQ,기술성장기업부,5060,2,-90,-1.75,5100,5230,4955,32388,162264757,54066793220,10685137,KSQ
1228,258610,KR7258610005,케일럼,KOSDAQ,중견기업부,1479,2,-55,-3.59,1534,1534,1442,53099,78290504,53961408177,36485063,KSQ
1229,042940,KR7042940007,상지건설,KOSDAQ,중견기업부,7900,2,-100,-1.25,7800,7900,7700,41766,325003620,53946824800,6828712,KSQ
1230,179530,KR7179530001,애드바이오텍,KOSDAQ,기술성장기업부,2740,2,-60,-2.14,2800,3010,2605,387507,1070951566,53922186200,19679630,KSQ
1231,114450,KR7114450000,그린생명과학,KOSDAQ,중견기업부,2695,2,-35,-1.28,2725,2725,2615,91025,242264285,53900000000,20000000,KSQ
1232,106240,KR7106240005,파인테크닉스,KOSDAQ,우량기업부,2355,1,120,5.37,2235,2450,2140,425031,978194664,53854910085,22868327,KSQ
1233,388610,KR7388610008,지에프씨생명과학,KOSDAQ,기술성장기업부,10140,1,70,0.7,9960,10440,9800,19937,199007860,53779609260,5303709,KSQ
1234,038880,KR7038880001,아이에이,KOSDAQ,투자주의환기종목(소속부없음),143,2,-1,-0.69,144,144,137,1314310,185189448,53728128025,375721175,KSQ
1235,189690,KR7189690001,포시에스,KOSDAQ,벤처기업부,1965,1,7,0.36,1941,1965,1921,23510,45575615,53687669085,27321969,KSQ
1236,364950,KR7364950006,에이아이코리아,KOSDAQ,벤처기업부,6470,2,-60,-0.92,6350,6520,6310,17141,109913035,53677999150,8296445,KSQ
1237,006920,KR7006920003,모헨즈,KOSDAQ,중견기업부,4915,2,-95,-1.9,4955,5010,4770,234846,1138345775,53671800000,10920000,KSQ
1238,097870,KR7097870000,효성오앤비,KOSDAQ,중견기업부,6320,2,-130,-2.02,6560,6660,6220,176879,1132853430,53656800000,8490000,KSQ
1239,190650,KR7190650002,코리아에셋투자증권,KOSDAQ,우량기업부,8390,1,10,0.12,8210,8400,8140,12034,99533940,53595320000,6388000,KSQ
1240,241840,KR7241840008,에이스토리,KOSDAQ,중견기업부,5610,2,-80,-1.41,5680,5680,5420,10476,57821375,53519366340,9539994,KSQ
1241,432430,KR7432430007,와이랩,KOSDAQ,기술성장기업부,3240,2,-45,-1.37,3285,3285,3175,11430,36719425,53486956800,16508320,KSQ
1242,095910,KR7095910006,에스에너지,KOSDAQ,중견기업부,1449,2,-19,-1.29,1475,1602,1419,2071467,3125748983,53472187629,36902821,KSQ
1243,260660,KR7260660006,알리코제약,KOSDAQ,중견기업부,3485,2,-135,-3.73,3585,3645,3480,60187,214052170,53414668185,15327021,KSQ
1244,013720,KR7013720008,THE CUBE&,KOSDAQ,중견기업부,878,1,15,1.74,863,881,841,145678,125965489,53407109554,60828143,KSQ
1245,016600,KR7016600009,큐캐피탈,KOSDAQ,벤처기업부,299,2,-6,-1.97,305,308,293,456516,135291494,53295886488,178247112,KSQ
1246,250000,KR7250000007,보라티알,KOSDAQ,우량기업부,7850,2,-80,-1.01,7930,7960,7780,2055,16096630,52993254050,6750733,KSQ
1247,056700,KR7056700008,신화인터텍,KOSDAQ,중견기업부,1816,2,-30,-1.63,1831,1833,1801,19395,35111449,52909325256,29135091,KSQ
1248,460470,KR7460470008,아이빔테크놀로지,KOSDAQ,기술성장기업부,3495,1,5,0.14,3520,3525,3300,64871,223575585,52842198150,15119370,KSQ
1249,376180,KR7376180006,피코그램,KOSDAQ,벤처기업부,2845,2,-55,-1.9,2780,2875,2750,185519,520889010,52806153110,18561038,KSQ
1250,054780,KR7054780002,키이스트,KOSDAQ,중견기업부,2675,1,145,5.73,2570,2740,2515,140528,374681800,52584596275,19657793,KSQ
1251,273060,KR7273060004,와이즈버즈,KOSDAQ,중견기업부,1042,2,-15,-1.42,1051,1051,1018,71307,73696107,52578884444,50459582,KSQ
1252,476080,KR7476080007,M83,KOSDAQ,중견기업부,6500,2,-90,-1.37,6400,6540,6210,43963,278592110,52474500000,8073000,KSQ
1253,398120,KR7398120006,에스지헬스케어,KOSDAQ,벤처기업부,4435,2,-25,-0.56,4355,4540,4330,98342,435756910,52415096285,11818511,KSQ
1254,126640,KR7126640002,화신정공,KOSDAQ,우량기업부,1493,2,-13,-0.86,1496,1503,1450,134589,199159030,52338473630,35055910,KSQ
1255,300120,KR7300120003,라온피플,KOSDAQ,벤처기업부,1053,2,-12,-1.13,1004,1059,986,235771,240023507,52127728848,49504016,KSQ
1256,066360,KR7066360009,체리부로,KOSDAQ,우량기업부,1084,1,19,1.78,1063,1095,1054,84386,90365934,51979984260,47952015,KSQ
1257,352700,KR7352700009,씨앤투스,KOSDAQ,우량기업부,1965,3,0,0.0,1965,1966,1940,32173,62746594,51634106535,26276899,KSQ
1258,088340,KR7088340005,유라클,KOSDAQ,벤처기업부,11830,1,170,1.46,11660,11950,11310,11531,133706810,51630473440,4364368,KSQ
1259,096610,KR7096610001,알에프세미,KOSDAQ,투자주의환기종목(소속부없음),2965,0,0,0.0,0,0,0,0,0,51550708615,17386411,KSQ
1260,064480,KR7064480007,브리지텍,KOSDAQ,벤처기업부,4285,1,65,1.54,4160,4290,4090,55688,230288844,51216462500,11952500,KSQ
1261,087600,KR7087600003,픽셀플러스,KOSDAQ,벤처기업부,6260,2,-110,-1.73,6440,6460,6080,4424,27482300,51122653080,8166558,KSQ
1262,079000,KR7079000006,와토스코리아,KOSDAQ,중견기업부,7080,2,-60,-0.84,7160,7190,6960,13427,94507270,50976000000,7200000,KSQ
1263,307280,KR7307280008,원바이오젠,KOSDAQ,벤처기업부,7180,1,50,0.7,7130,7180,6970,12127,85830875,50939421860,7094627,KSQ
1264,444530,KR7444530000,심플랫폼,KOSDAQ,기술성장기업부,7950,2,-60,-0.75,8060,8190,7750,30912,245810070,50857922850,6397223,KSQ
1265,103840,KR7103840005,우양,KOSDAQ,중견기업부,3105,1,115,3.85,2990,3125,2920,193025,587715462,50817758940,16366428,KSQ
1266,007720,KR7007720006,소노스퀘어,KOSDAQ,중견기업부,504,2,-4,-0.79,501,511,500,166981,84067882,50803426800,100800450,KSQ
1267,086040,KR7086040003,바이오톡스텍,KOSDAQ,벤처기업부,3180,1,40,1.27,3195,3205,3085,46517,147608991,50747225460,15958247,KSQ
1268,097780,KR7097780001,에코볼트,KOSDAQ,중견기업부,799,1,16,2.04,790,840,786,166526,135217376,50669307296,63415904,KSQ
1269,033200,KR7033200007,모아텍,KOSDAQ,투자주의환기종목(소속부없음),3535,2,-35,-0.98,3505,3560,3430,5491,19161220,50660738975,14331185,KSQ
1270,160550,KR7160550000,NEW,KOSDAQ,중견기업부,1815,1,10,0.55,1782,1815,1755,23522,41848537,50649582390,27906106,KSQ
1271,007530,KR7007530009,와이엠,KOSDAQ,중견기업부,2270,2,-65,-2.78,2300,2350,2255,8914,20346775,50517104370,22254231,KSQ
1272,393970,KR7393970009,대진첨단소재,KOSDAQ,벤처기업부,2825,0,0,0.0,0,0,0,0,0,50428566500,17850820,KSQ
1273,221840,KR7221840002,하이즈항공,KOSDAQ,중견기업부,2695,2,-45,-1.64,2720,2720,2610,39940,106245290,50398011895,18700561,KSQ
1274,363250,KR7363250002,진시스템,KOSDAQ,기술성장기업부,6490,1,210,3.34,6280,6510,6230,28602,184439160,50349004640,7757936,KSQ
1275,002290,KR7002290005,삼일기업공사,KOSDAQ,벤처기업부,4060,1,10,0.25,4050,4170,4000,149372,610695735,50344000000,12400000,KSQ
1276,043340,KR7043340009,에쎈테크,KOSDAQ,중견기업부,529,1,13,2.52,518,556,505,532145,281474487,50255000000,95000000,KSQ
1277,128540,KR7128540002,에코캡,KOSDAQ,우량기업부,1881,2,-16,-0.84,1895,1895,1836,54562,101134782,50204755260,26690460,KSQ
1278,297570,KR7297570004,알로이스,KOSDAQ,벤처기업부,1445,2,-5,-0.34,1446,1447,1402,45721,65332242,50027660010,34621218,KSQ
1279,465480,KR7465480002,인스피언,KOSDAQ,벤처기업부,4930,1,15,0.31,5020,5020,4845,9435,46035100,49979215960,10137772,KSQ
1280,060850,KR7060850005,영림원소프트랩,KOSDAQ,벤처기업부,6140,2,-10,-0.16,6150,6170,6000,10037,61254850,49924340000,8131000,KSQ
1281,066670,KR7066670001,디티씨,KOSDAQ,중견기업부,2670,2,-5,-0.19,2675,2770,2660,10015,26822880,49907421060,18691918,KSQ
1282,057540,KR7057540007,옴니시스템,KOSDAQ,중견기업부,839,1,12,1.45,808,841,808,85262,70734946,49878008845,59449355,KSQ
1283,046310,KR7046310009,백금T&A,KOSDAQ,우량기업부,3035,2,-65,-2.1,3070,3100,2990,18739,56546600,49830575435,16418641,KSQ
1284,051490,KR7051490001,나라엠앤디,KOSDAQ,우량기업부,3505,2,-15,-0.43,3520,3520,3430,34429,119359370,49771000000,14200000,KSQ
1285,048770,KR7048770002,TPC,KOSDAQ,벤처기업부,3160,1,130,4.29,3030,3180,2955,131736,402796335,49605651560,15697991,KSQ
1286,239890,KR7239890007,피엔에이치테크,KOSDAQ,기술성장기업부,4975,2,-25,-0.5,5070,5070,4885,19347,95462220,49430381125,9935755,KSQ
1287,032860,KR7032860009,더라미,KOSDAQ,중견기업부,1222,3,0,0.0,1234,1234,1192,93203,112748403,49363744586,40395863,KSQ
1288,044960,KR7044960003,이글벳,KOSDAQ,중견기업부,3900,2,-50,-1.27,3940,3940,3865,47643,185418089,49303343700,12641883,KSQ
1289,065130,KR7065130007,탑엔지니어링,KOSDAQ,중견기업부,3075,2,-15,-0.49,3090,3115,2995,39421,119412733,49212300000,16004000,KSQ
1290,069410,KR7069410009,엔텔스,KOSDAQ,벤처기업부,4800,1,60,1.27,4765,4855,4575,46089,218271234,49175155200,10244824,KSQ
1291,186230,KR7186230009,그린플러스,KOSDAQ,벤처기업부,4500,2,-55,-1.21,4550,4550,4400,17122,76322379,49140846000,10920188,KSQ
1292,094970,KR7094970001,제이엠티,KOSDAQ,벤처기업부,2930,3,0,0.0,2855,2935,2830,83724,240895746,49072343200,16748240,KSQ
1293,178780,KR7178780003,일월지엠엘,KOSDAQ,중견기업부,2625,2,-25,-0.94,2640,2660,2585,5994,15588385,48927886875,18639195,KSQ
1294,032790,KR7032790008,엠젠솔루션,KOSDAQ,벤처기업부,951,1,147,18.28,805,977,805,2203768,2009269736,48843561612,51360212,KSQ
1295,464500,KR7464500008,아이언디바이스,KOSDAQ,기술성장기업부,3490,1,25,0.72,3470,3515,3350,86203,295358220,48836487870,13993263,KSQ
1296,464280,KR7464280007,티디에스팜,KOSDAQ,중견기업부,8820,2,-130,-1.45,8950,8950,8670,6417,56030510,48774600000,5530000,KSQ
1297,317240,KR7317240000,TS트릴리온,KOSDAQ,벤처기업부,334,3,0,0.0,337,339,326,741043,245759959,48725108038,145883557,KSQ
1298,354200,KR7354200008,엔젠바이오,KOSDAQ,기술성장기업부,1807,3,0,0.0,1807,1820,1748,91174,162527798,48445218250,26809750,KSQ
1299,083550,KR7083550004,케이엠,KOSDAQ,중견기업부,3740,2,-15,-0.4,3665,3760,3660,4966,18317010,48436317380,12950887,KSQ
1300,025880,KR7025880006,케이씨피드,KOSDAQ,우량기업부,2895,2,-20,-0.69,2915,2950,2860,85579,246510073,48392408910,16715858,KSQ
1301,363260,KR7363260001,모비데이즈,KOSDAQ,벤처기업부,1495,2,-2,-0.13,1488,1513,1460,64424,95010059,48084834655,32163769,KSQ
1302,224110,KR7224110007,에이텍모빌리티,KOSDAQ,벤처기업부,8990,1,90,1.01,8890,9000,8760,9495,84285670,48006600000,5340000,KSQ
1303,335810,KR7335810008,프리시젼바이오,KOSDAQ,기술성장기업부,2185,1,40,1.86,2130,2215,2105,7907,16975185,47959670610,21949506,KSQ
1304,336060,KR7336060009,웨이버스,KOSDAQ,벤처기업부,994,3,0,0.0,986,1006,976,99750,98263529,47866268800,48155200,KSQ
1305,082660,KR7082660002,코스나인,KOSDAQ,관리종목(소속부없음),480,0,0,0.0,0,0,0,0,0,47827617120,99640869,KSQ
1306,001000,KR7001000009,신라섬유,KOSDAQ,중견기업부,1966,2,-39,-1.95,2000,2005,1885,14835,28913318,47729643640,24277540,KSQ
1307,184230,KR7184230001,SGA솔루션즈,KOSDAQ,벤처기업부,537,1,8,1.51,529,551,518,69419,36729735,47673245241,88776993,KSQ
1308,418250,KR7418250007,시큐레터,KOSDAQ,관리종목(소속부없음),6550,0,0,0.0,0,0,0,0,0,47629012750,7271605,KSQ
1309,052460,KR7052460003,아이크래프트,KOSDAQ,중견기업부,3260,2,-40,-1.21,3270,3285,3195,67345,217985925,47621871360,14607936,KSQ
1310,051390,KR7051390003,YW,KOSDAQ,중견기업부,4180,2,-25,-0.59,4205,4250,4105,8293,34713901,47465438240,11355368,KSQ
1311,200350,KR7200350007,아티스트스튜디오,KOSDAQ,기술성장기업부,4745,2,-125,-2.57,4870,4870,4720,14682,69940620,47431138625,9996025,KSQ
1312,039310,KR7039310008,세중,KOSDAQ,중견기업부,2615,1,325,14.19,2240,2900,2150,1680967,4334795844,47388159205,18121667,KSQ
1313,376290,KR7376290003,씨유테크,KOSDAQ,벤처기업부,2680,2,-50,-1.83,2740,2740,2670,4395,11779465,47322100000,17657500,KSQ
1314,199480,KR7199480005,뱅크웨어글로벌,KOSDAQ,기술성장기업부,4635,1,65,1.42,4570,4635,4410,13757,62258440,47261185380,10196588,KSQ
1315,171010,KR7171010002,램테크놀러지,KOSDAQ,벤처기업부,3295,2,-30,-0.9,3320,3320,3165,26344,84849290,47114387840,14298752,KSQ
1316,023440,KR7023440001,제이스코홀딩스,KOSDAQ,관리종목(소속부없음),521,0,0,0.0,0,0,0,0,0,46964378481,90142761,KSQ
1317,200780,KR7200780005,비씨월드제약,KOSDAQ,중견기업부,4785,2,-80,-1.64,4670,4825,4670,11481,54178541,46587908400,9736240,KSQ
1318,271830,KR7271830002,팸텍,KOSDAQ,벤처기업부,1578,2,-32,-1.99,1610,1610,1556,52332,82181031,46535538756,29490202,KSQ
1319,123010,KR7123010001,알엔티엑스,KOSDAQ,기술성장기업부,1418,2,-125,-8.1,1535,1545,1266,1154533,1616751641,46309812556,32658542,KSQ
1320,220180,KR7220180004,핸디소프트,KOSDAQ,벤처기업부,1935,1,35,1.84,1884,1960,1884,13106,25314949,46306179270,23930842,KSQ
1321,073110,KR7073110009,엘엠에스,KOSDAQ,벤처기업부,5200,2,-30,-0.57,5220,5220,5050,3568,18325510,46257926000,8895755,KSQ
1322,065950,KR7065950008,웰크론,KOSDAQ,중견기업부,1638,2,-25,-1.5,1663,1726,1602,153908,255524763,46242872676,28231302,KSQ
1323,263700,KR7263700007,케어랩스,KOSDAQ,중견기업부,2380,2,-20,-0.83,2340,2395,2320,21166,49743275,46205796000,19414200,KSQ
1324,038620,KR7038620001,위즈코프,KOSDAQ,벤처기업부,610,2,-4,-0.65,610,611,599,385086,232796099,46194973650,75729465,KSQ
1325,049830,KR7049830003,승일,KOSDAQ,중견기업부,7510,2,-90,-1.18,7600,7600,7230,3420,25111590,46052161120,6132112,KSQ
1326,263810,KR7263810004,상신전자,KOSDAQ,중견기업부,2885,2,-25,-0.86,2885,2890,2830,13643,38902975,45943120125,15924825,KSQ
1327,119500,KR7119500007,포메탈,KOSDAQ,중견기업부,3875,1,10,0.26,3805,3875,3740,51728,196659599,45908024000,11847232,KSQ
1328,026040,KR7026040006,제이에스티나,KOSDAQ,중견기업부,2780,1,5,0.18,2750,2780,2655,38142,103500475,45880536200,16503790,KSQ
1329,359090,KR7359090008,씨엔알리서치,KOSDAQ,벤처기업부,796,3,0,0.0,797,817,770,61451,48489772,45746690732,57470717,KSQ
1330,450520,KR7450520002,인스웨이브,KOSDAQ,벤처기업부,3110,1,75,2.47,2865,3115,2865,73629,225639300,45731237580,14704578,KSQ
1331,208860,KR7208860007,다산디엠씨,KOSDAQ,중견기업부,1345,2,-11,-0.81,1351,1351,1320,55742,74094772,45662713685,33949973,KSQ
1332,019770,KR7019770007,서연탑메탈,KOSDAQ,우량기업부,3905,2,-35,-0.89,3875,3930,3840,30279,117114639,45493250000,11650000,KSQ
1333,031310,KR7031310006,아이즈비전,KOSDAQ,중견기업부,1717,1,141,8.95,1576,2020,1560,10514070,19437139308,45251608831,26355043,KSQ
1334,263770,KR7263770000,유에스티,KOSDAQ,우량기업부,1908,1,12,0.63,1916,1916,1864,18782,35382709,45219928176,23700172,KSQ
1335,232830,KR7232830000,아이티센피엔에스,KOSDAQ,벤처기업부,2735,3,0,0.0,2735,2825,2615,38556,104648600,45219740610,16533726,KSQ
1336,452300,KR7452300007,캡스톤파트너스,KOSDAQ,중견기업부,3190,1,105,3.4,3140,3190,3000,38606,120640000,45200720950,14169505,KSQ
1337,351870,KR7351870001,차이커뮤니케이션,KOSDAQ,중견기업부,4050,1,25,0.62,4025,4050,3900,5902,23503355,45200600100,11160642,KSQ
1338,091590,KR7091590000,남화토건,KOSDAQ,우량기업부,3845,2,-100,-2.53,3945,3945,3810,6778,26119140,45140300000,11740000,KSQ
1339,321260,KR7321260002,프로이천,KOSDAQ,벤처기업부,1600,2,-34,-2.08,1560,1603,1560,18916,29796655,45107334400,28192084,KSQ
1340,053160,KR7053160008,프리엠스,KOSDAQ,중견기업부,7490,2,-10,-0.13,7480,7870,7320,21002,155648625,44940000000,6000000,KSQ
1341,215380,KR7215380007,우정바이오,KOSDAQ,벤처기업부,2665,2,-50,-1.84,2690,2700,2560,182200,477594391,44850820040,16829576,KSQ
1342,080530,KR7080530009,코디,KOSDAQ,중견기업부,807,3,0,0.0,800,807,783,22041,17537365,44797276125,55510875,KSQ
1343,050860,KR7050860006,아세아텍,KOSDAQ,우량기업부,1989,2,-10,-0.5,1997,1998,1970,7521,14900406,44752500000,22500000,KSQ
1344,420570,KR7420570004,제이투케이바이오,KOSDAQ,벤처기업부,7610,2,-130,-1.68,7740,7740,7490,5003,37840960,44499345630,5847483,KSQ
1345,021880,KR7021880000,메이슨캐피탈,KOSDAQ,중견기업부,209,1,9,4.5,200,210,199,305535,62654458,44346541272,212184408,KSQ
1346,296640,KR7296640006,이노룰스,KOSDAQ,벤처기업부,8540,2,-280,-3.17,8750,9400,8470,38163,338719245,44222272080,5178252,KSQ
1347,203450,KR7203450002,유니온바이오메트릭스,KOSDAQ,벤처기업부,3140,2,-20,-0.63,3080,3150,3030,46231,142361803,44208081980,14079007,KSQ
1348,086060,KR7086060001,진바이오텍,KOSDAQ,중견기업부,5130,2,-40,-0.77,5110,5290,4940,37260,189039440,44172311310,8610587,KSQ
1349,081580,KR7081580003,성우전자,KOSDAQ,중견기업부,2840,2,-45,-1.56,2830,2885,2800,94962,267168255,44043126120,15508143,KSQ
1350,140520,KR7140520008,대창스틸,KOSDAQ,우량기업부,2085,1,15,0.72,2065,2170,2010,58770,121686915,44012771655,21109243,KSQ
1351,206400,KR7206400004,베노티앤알,KOSDAQ,중견기업부,1173,1,13,1.12,1149,1178,1108,49860,57045406,43999415334,37510158,KSQ
1352,263020,KR7263020000,디케이앤디,KOSDAQ,벤처기업부,3170,2,-25,-0.78,3170,3185,3095,38884,122599324,43860582820,13836146,KSQ
1353,014570,KR7014570006,고려제약,KOSDAQ,우량기업부,3985,2,-5,-0.13,3985,4000,3955,13419,53340850,43835000000,11000000,KSQ
1354,133750,KR7133750000,메가엠디,KOSDAQ,중견기업부,1872,1,26,1.41,1846,1881,1836,13569,25168608,43818048144,23407077,KSQ
1355,068050,KR7068050004,팬엔터테인먼트,KOSDAQ,중견기업부,1580,2,-25,-1.56,1605,1605,1551,27791,43549075,43756640080,27694076,KSQ
1356,475460,KR7475460002,미트박스,KOSDAQ,중견기업부,7790,2,-40,-0.51,7600,7980,7600,9729,75179850,43725464750,5613025,KSQ
1357,277410,KR7277410007,인산가,KOSDAQ,벤처기업부,1137,2,-4,-0.35,1141,1141,1120,32428,36526813,43673881185,38411505,KSQ
1358,067170,KR7067170001,오텍,KOSDAQ,중견기업부,1810,1,15,0.84,1781,1810,1771,18864,33727677,43621952060,24100526,KSQ
1359,065650,KR7065650004,하이퍼코퍼레이션,KOSDAQ,중견기업부,1991,1,14,0.71,1980,2105,1950,32091,63504267,43586922225,21891975,KSQ
1360,123570,KR7123570004,이엠넷,KOSDAQ,중견기업부,1956,2,-7,-0.36,1956,1963,1937,5512,10700632,43572008568,22276078,KSQ
1361,037370,KR7037370004,EG,KOSDAQ,벤처기업부,5050,1,50,1.0,5010,5050,4960,14091,70608545,43556108600,8624972,KSQ
1362,070300,KR7070300009,엑스큐어,KOSDAQ,벤처기업부,1866,2,-57,-2.96,1923,1923,1815,79699,148746870,43491007548,23307078,KSQ
1363,129890,KR7129890000,앱코,KOSDAQ,벤처기업부,953,1,3,0.32,950,959,932,106185,99642580,43404958706,45545602,KSQ
1364,318410,KR7318410008,비비씨,KOSDAQ,중견기업부,7810,3,0,0.0,7870,7870,7690,8776,67864015,43386447830,5555243,KSQ
1365,256150,KR7256150004,한독크린텍,KOSDAQ,벤처기업부,5160,2,-10,-0.19,5180,5180,5100,9272,47596980,43318200000,8395000,KSQ
1366,228340,KR7228340006,동양파일,KOSDAQ,중견기업부,2165,1,10,0.46,2150,2580,2100,364214,845404084,43300000000,20000000,KSQ
1367,383930,KR7383930005,디티앤씨알오,KOSDAQ,중견기업부,3385,1,285,9.19,3075,3395,3050,216607,710058470,43274273280,12784128,KSQ
1368,257370,KR7257370007,피엔티엠에스,KOSDAQ,벤처기업부,3450,1,200,6.15,3245,3550,3020,140232,480317747,43141770450,12504861,KSQ
1369,024120,KR7024120008,KB오토시스,KOSDAQ,중견기업부,3745,2,-50,-1.32,3720,3780,3720,24752,92761864,43067500000,11500000,KSQ
1370,189330,KR7189330004,씨이랩,KOSDAQ,기술성장기업부,4590,1,220,5.03,4370,4595,4200,63210,275878000,43064683560,9382284,KSQ
1371,052600,KR7052600004,한네트,KOSDAQ,중견기업부,3720,1,95,2.62,3585,3735,3550,177793,650019007,43016964000,11563700,KSQ
1372,038870,KR7038870002,에코바이오,KOSDAQ,중견기업부,3065,2,-115,-3.62,3180,3705,3030,2128999,7260543758,42955818685,14014949,KSQ
1373,114630,KR7114630007,폴라리스우노,KOSDAQ,우량기업부,487,2,-4,-0.81,491,491,480,228822,110654638,42830455876,87947548,KSQ
1374,462510,KR7462510009,라메디텍,KOSDAQ,기술성장기업부,4845,2,-5,-0.1,4810,4850,4690,15205,72070050,42650365425,8802965,KSQ
1375,290090,KR7290090000,트윔,KOSDAQ,벤처기업부,5730,2,-180,-3.05,5910,5970,5610,11523,66097870,42632735640,7440268,KSQ
1376,057030,KR7057030009,YBM넷,KOSDAQ,중견기업부,2610,2,-5,-0.19,2595,2620,2575,18669,48350755,42576139170,16312697,KSQ
1377,046390,KR7046390001,삼화네트웍스,KOSDAQ,중견기업부,984,1,51,5.47,937,1002,915,447132,436450992,42482166072,43172933,KSQ
1378,455180,KR7455180000,케이지에이,KOSDAQ,벤처기업부,3040,1,190,6.67,2865,3060,2750,92693,266353970,42433280640,13958316,KSQ
1379,195500,KR7195500004,마니커에프앤지,KOSDAQ,중견기업부,2655,2,-5,-0.19,2655,2665,2630,22189,58810545,42421590000,15978000,KSQ
1380,024940,KR7024940009,PN풍년,KOSDAQ,벤처기업부,4230,1,110,2.67,4170,4320,4055,207017,855283270,42300000000,10000000,KSQ
1381,057680,KR7057680001,티사이언티픽,KOSDAQ,벤처기업부,592,2,-3,-0.5,595,595,573,80085,46522115,42179112592,71248501,KSQ
1382,101000,KR7101000008,KS인더스트리,KOSDAQ,중견기업부,1063,2,-32,-2.92,1073,1080,1047,167822,177877064,42139390724,39641948,KSQ
1383,318020,KR7318020005,포인트모바일,KOSDAQ,벤처기업부,3420,1,20,0.59,3400,3425,3200,12076,40387640,42070350240,12301272,KSQ
1384,101240,KR7101240000,씨큐브,KOSDAQ,우량기업부,3850,2,-40,-1.03,3930,3930,3800,6218,23834440,41816351500,10861390,KSQ
1385,020180,KR7020180006,대신정보통신,KOSDAQ,중견기업부,1088,1,14,1.3,1065,1095,1050,336593,361161412,41810659520,38428915,KSQ
1386,434480,KR7434480000,모니터랩,KOSDAQ,기술성장기업부,3395,2,-5,-0.15,3375,3420,3155,38242,126235275,41793468500,12310300,KSQ
1387,475660,KR7475660007,에스켐,KOSDAQ,기술성장기업부,5270,2,-160,-2.95,5350,5430,5210,11179,58905060,41790230450,7929835,KSQ
1388,347770,KR7347770000,핌스,KOSDAQ,중견기업부,1825,2,-80,-4.2,1880,1880,1766,134672,243900493,41714101650,22857042,KSQ
1389,417860,KR7417860004,오브젠,KOSDAQ,벤처기업부,8880,2,-90,-1.0,8970,8970,8620,7198,63057510,41708525280,4696906,KSQ
1390,153460,KR7153460001,네이블,KOSDAQ,중견기업부,6380,2,-60,-0.93,6440,6440,6150,5461,34112795,41661489320,6530014,KSQ
1391,221980,KR7221980006,케이디켐,KOSDAQ,우량기업부,10320,1,60,0.58,10350,10350,10220,5065,52296660,41639136000,4034800,KSQ
1392,080520,KR7080520000,오디텍,KOSDAQ,벤처기업부,3665,2,-190,-4.93,3855,3980,3620,278330,1054530858,41496658305,11322417,KSQ
1393,012620,KR7012620001,원일특강,KOSDAQ,우량기업부,9350,2,-260,-2.71,9390,9530,9270,3788,35456360,41140000000,4400000,KSQ
1394,462980,KR7462980004,아이지넷,KOSDAQ,기술성장기업부,2255,1,50,2.27,2195,2260,2180,42044,93738114,41118655435,18234437,KSQ
1395,163280,KR7163280001,에어레인,KOSDAQ,기술성장기업부,6040,2,-90,-1.47,5930,6060,5840,83103,493209495,41081295560,6801539,KSQ
1396,109820,KR7109820001,진매트릭스,KOSDAQ,기술성장기업부,2005,2,-30,-1.47,2020,2030,1985,63854,127504507,40889248200,20393640,KSQ
1397,038530,KR7038530002,케이바이오,KOSDAQ,중견기업부,353,1,2,0.57,348,385,340,3371874,1224114662,40847164491,115714347,KSQ
1398,223310,KR7223310004,사토시홀딩스,KOSDAQ,중견기업부,1568,1,33,2.15,1500,1569,1478,25412,38873456,40804399552,26023214,KSQ
1399,466910,KR7466910007,엔에이치스팩30호,KOSDAQ,SPAC(소속부없음),4480,1,110,2.52,4330,4550,4235,174367,763601704,40768000000,9100000,KSQ
1400,430690,KR7430690008,한싹,KOSDAQ,벤처기업부,3740,1,105,2.89,3635,3760,3550,26872,98243915,40748522980,10895327,KSQ
1401,373170,KR7373170000,엠아이큐브솔루션,KOSDAQ,벤처기업부,2695,2,-10,-0.37,2680,2705,2595,23880,63174155,40731664050,15113790,KSQ
1402,131100,KR7131100000,티엔엔터테인먼트,KOSDAQ,중견기업부,1260,2,-20,-1.56,1280,1280,1259,15588,19659189,40630872240,32246724,KSQ
1403,147760,KR7147760003,피엠티,KOSDAQ,벤처기업부,3755,2,-125,-3.22,3880,3925,3655,22409,83740525,40628596830,10819866,KSQ
1404,066910,KR7066910001,손오공,KOSDAQ,중견기업부,607,1,6,1.0,606,607,590,113862,67989317,40628430548,66933164,KSQ
1405,150900,KR7150900009,파수,KOSDAQ,벤처기업부,3470,1,85,2.51,3480,3480,3315,15167,51790105,40612609340,11703922,KSQ
1406,035460,KR7035460005,기산텔레콤,KOSDAQ,벤처기업부,2780,1,25,0.91,2695,2795,2650,82149,223034695,40525005200,14577340,KSQ
1407,263920,KR7263920001,휴엠앤씨,KOSDAQ,벤처기업부,4125,2,-25,-0.6,4150,4150,4090,771,3185630,40462232250,9809026,KSQ
1408,355390,KR7355390006,크라우드웍스,KOSDAQ,기술성장기업부,2590,2,-10,-0.38,2600,2600,2460,52249,131665705,40344634610,15577079,KSQ
1409,239610,KR7239610009,에이치엘사이언스,KOSDAQ,벤처기업부,7480,2,-10,-0.13,7490,7500,7360,444,3320400,40333020200,5392115,KSQ
1410,075970,KR7075970004,동국알앤에스,KOSDAQ,중견기업부,2185,1,20,0.92,2160,2185,2130,54226,116298935,40204000000,18400000,KSQ
1411,153490,KR7153490008,우리이앤엘,KOSDAQ,우량기업부,778,1,8,1.04,776,782,759,31901,24673053,40051440000,51480000,KSQ
1412,290120,KR7290120005,DH오토리드,KOSDAQ,우량기업부,2530,2,-20,-0.78,2525,2530,2425,60196,147844923,40035349970,15824249,KSQ
1413,215790,KR7215790007,이노인스트루먼트,KOSDAQ,벤처기업부,987,1,135,15.85,876,1107,711,43178502,42009605871,39759468063,40283149,KSQ
1414,064090,KR7064090004,인크레더블버즈,KOSDAQ,관리종목(소속부없음),798,0,0,0.0,0,0,0,0,0,39694710510,49742745,KSQ
1415,452980,KR7452980006,신한제11호스팩,KOSDAQ,관리종목(소속부없음),2097,1,2,0.1,2095,2100,2095,35179,73831061,39643785000,18905000,KSQ
1416,039290,KR7039290002,인포뱅크,KOSDAQ,중견기업부,4545,2,-125,-2.68,4670,4670,4500,5455,24731780,39514130010,8693978,KSQ
1417,045510,KR7045510005,정원엔시스,KOSDAQ,중견기업부,1224,1,158,14.82,1065,1320,981,7430867,8947851755,39424173408,32209292,KSQ
1418,270870,KR7270870009,뉴트리,KOSDAQ,우량기업부,4280,2,-15,-0.35,4260,4320,4200,6378,26952430,39376958720,9200224,KSQ
1419,013810,KR7013810007,스페코,KOSDAQ,중견기업부,2675,2,-5,-0.19,2635,2680,2600,77336,202790925,39203382250,14655470,KSQ
1420,159910,KR7159910009,에코글로우,KOSDAQ,중견기업부,749,1,11,1.49,743,780,720,83002,62479512,39199278265,52335485,KSQ
1421,210120,KR7210120002,캔버스엔,KOSDAQ,중견기업부,1611,1,20,1.26,1650,1650,1510,317089,508790778,39046577058,24237478,KSQ
1422,195990,KR7195990007,에이비프로바이오,KOSDAQ,관리종목(소속부없음),1371,2,-68,-4.73,1470,1470,1339,397544,546043994,39030960612,28468972,KSQ
1423,290520,KR7290520006,신도기연,KOSDAQ,중견기업부,2445,1,10,0.41,2400,2600,2215,189710,461831135,38947290090,15929362,KSQ
1424,270520,KR7270520000,앱튼,KOSDAQ,투자주의환기종목(소속부없음),198,2,-4,-1.98,202,203,194,905973,178424644,38924651106,196589147,KSQ
1425,204020,KR7204020002,그리티,KOSDAQ,우량기업부,2000,2,-30,-1.48,2055,2055,1986,15634,31191886,38901664000,19450832,KSQ
1426,290560,KR7290560002,파라택시스이더리움,KOSDAQ,벤처기업부,1732,1,18,1.05,1698,1798,1642,56739,97007698,38732248360,22362730,KSQ
1427,469750,KR7469750004,아이비젼웍스,KOSDAQ,벤처기업부,1124,2,-6,-0.53,1120,1124,1076,103823,113972678,38729084644,34456481,KSQ
1428,043200,KR7043200005,파루,KOSDAQ,벤처기업부,926,2,-11,-1.17,937,937,900,197361,179379846,38710795690,41804315,KSQ
1429,025440,KR7025440009,DH오토웨어,KOSDAQ,투자주의환기종목(소속부없음),793,1,3,0.38,785,799,755,84014,64976916,38683510632,48781224,KSQ
1430,286750,KR7286750005,나노실리칸첨단소재,KOSDAQ,투자주의환기종목(소속부없음),1203,2,-21,-1.72,1224,1224,1130,81012,96241069,38530714971,32028857,KSQ
1431,351320,KR7351320007,넥사다이내믹스,KOSDAQ,중견기업부,1297,2,-23,-1.74,1328,1345,1274,57493,74612664,38519138674,29698642,KSQ
1432,064520,KR7064520000,테크엘,KOSDAQ,중견기업부,1722,2,-44,-2.49,1750,1750,1680,20241,34350020,38488528764,22351062,KSQ
1433,464580,KR7464580000,닷밀,KOSDAQ,기술성장기업부,2085,1,50,2.46,2035,2085,1986,28506,57837764,38376695565,18406089,KSQ
1434,045060,KR7045060001,오공,KOSDAQ,우량기업부,2265,1,30,1.34,2230,2295,2225,72243,163682595,38373571110,16941974,KSQ
1435,059100,KR7059100008,아이컴포넌트,KOSDAQ,벤처기업부,5420,2,-10,-0.18,5400,5430,5280,11621,62163375,38324061200,7070860,KSQ
1436,142760,KR7142760008,모아라이프플러스,KOSDAQ,기술성장기업부,936,1,58,6.61,880,937,860,407204,366973714,38196554760,40808285,KSQ
1437,356890,KR7356890004,싸이버원,KOSDAQ,벤처기업부,3185,1,70,2.25,3165,3185,3035,20775,63951135,38072932625,11953825,KSQ
1438,387570,KR7387570005,파인메딕스,KOSDAQ,기술성장기업부,6760,2,-30,-0.44,6730,6820,6600,5301,35808235,38031084000,5625900,KSQ
1439,239340,KR7239340003,이스트에이드,KOSDAQ,중견기업부,1400,2,-8,-0.57,1408,1408,1365,7449,10327505,37771487600,26979634,KSQ
1440,318000,KR7318000007,KBG,KOSDAQ,벤처기업부,4305,2,-95,-2.16,4400,4400,4250,57336,247110340,37626660015,8740223,KSQ
1441,262840,KR7262840002,아이퀘스트,KOSDAQ,벤처기업부,1779,1,34,1.95,1745,1790,1700,75201,131271420,37597216995,21133905,KSQ
1442,071850,KR7071850002,캐스텍코리아,KOSDAQ,투자주의환기종목(소속부없음),1544,3,0,0.0,1531,1544,1507,1060,1629401,37458888272,24260938,KSQ
1443,109960,KR7109960005,앱토크롬,KOSDAQ,투자주의환기종목(소속부없음),169,2,-2,-1.17,171,175,165,490823,82858716,37313386461,220789269,KSQ
1444,021650,KR7021650007,한국큐빅,KOSDAQ,중견기업부,2280,3,0,0.0,2275,2280,2227,6035,13512582,37279283640,16350563,KSQ
1445,065370,KR7065370009,위세아이텍,KOSDAQ,벤처기업부,5000,1,60,1.21,4940,5070,4710,22936,113703022,36919770000,7383954,KSQ
1446,146060,KR7146060009,율촌,KOSDAQ,중견기업부,1537,2,-5,-0.32,1529,1538,1462,56318,84712400,36911969515,24015595,KSQ
1447,032580,KR7032580003,피델릭스,KOSDAQ,중견기업부,1114,2,-12,-1.07,1126,1126,1086,76452,84305912,36909119296,33132064,KSQ
1448,254120,KR7254120009,자비스,KOSDAQ,기술성장기업부,1199,2,-10,-0.83,1209,1209,1166,67455,79893222,36874369730,30754270,KSQ
1449,075130,KR7075130005,플랜티넷,KOSDAQ,벤처기업부,2215,1,10,0.45,2205,2230,2150,10767,23574685,36818438800,16622320,KSQ
1450,177830,KR7177830007,파버나인,KOSDAQ,우량기업부,2710,1,10,0.37,2740,2740,2650,21478,57330995,36568607210,13493951,KSQ
1451,099390,KR7099390007,브레인즈컴퍼니,KOSDAQ,벤처기업부,4440,2,-45,-1.0,4370,4460,4350,2949,12934820,36444776520,8208283,KSQ
1452,285800,KR7285800009,진영,KOSDAQ,벤처기업부,2075,2,-115,-5.25,2265,2845,2005,11283158,28219477688,36265335250,17477270,KSQ
1453,187270,KR7187270004,신화콘텍,KOSDAQ,벤처기업부,3575,2,-45,-1.24,3585,3625,3525,22642,80374658,36264245875,10143845,KSQ
1454,196490,KR7196490007,디에이테크놀로지,KOSDAQ,투자주의환기종목(소속부없음),203,0,0,0.0,0,0,0,0,0,36245520080,178549360,KSQ
1455,039740,KR7039740006,한국정보공학,KOSDAQ,벤처기업부,4520,4,1040,29.89,3500,4520,3400,1179343,5110399719,36243154440,8018397,KSQ
1456,130500,KR7130500002,GH신소재,KOSDAQ,우량기업부,2490,1,20,0.81,2470,2525,2410,26125,64050245,36217179480,14545052,KSQ
1457,353590,KR7353590003,오토앤,KOSDAQ,중견기업부,2800,2,-10,-0.36,2800,2800,2700,10926,29837390,36051596000,12875570,KSQ
1458,001810,KR7001810001,무림SP,KOSDAQ,중견기업부,1628,1,12,0.74,1616,1679,1591,257635,422689445,36039850000,22137500,KSQ
1459,001840,KR7001840008,이화공영,KOSDAQ,중견기업부,2215,0,0,0.0,0,0,0,0,0,36027920805,16265427,KSQ
1460,298060,KR7298060005,에스씨엠생명과학,KOSDAQ,관리종목(소속부없음),815,1,2,0.25,813,846,805,109203,89649078,36025588440,44203176,KSQ
1461,284620,KR7284620002,카이노스메드,KOSDAQ,투자주의환기종목(소속부없음),1087,0,0,0.0,0,0,0,0,0,35965517911,33086953,KSQ
1462,148780,KR7148780000,비큐AI,KOSDAQ,기술성장기업부,1142,2,-6,-0.52,1076,1150,1076,78586,88134027,35911017950,31445725,KSQ
1463,017000,KR7017000001,신원종합개발,KOSDAQ,우량기업부,3075,1,55,1.82,3020,3080,2945,35261,105568505,35879183025,11668027,KSQ
1464,342870,KR7342870003,오아,KOSDAQ,중견기업부,6580,2,-60,-0.9,6640,6680,6440,2891,18906620,35862296260,5450197,KSQ
1465,068940,KR7068940006,셀피글로벌,KOSDAQ,관리종목(소속부없음),778,0,0,0.0,0,0,0,0,0,35720093048,45912716,KSQ
1466,009730,KR7009730003,이렘,KOSDAQ,벤처기업부,559,2,-7,-1.24,564,564,548,104790,58110634,35541638691,63580749,KSQ
1467,377220,KR7377220009,프롬바이오,KOSDAQ,기술성장기업부,1254,2,-13,-1.03,1267,1277,1217,152817,189088566,35500740000,28310000,KSQ
1468,027580,KR7027580000,상보,KOSDAQ,중견기업부,598,2,-2,-0.33,600,607,576,103084,61217379,35390404842,59181279,KSQ
1469,263050,KR7263050007,유틸렉스,KOSDAQ,관리종목(소속부없음),959,0,0,0.0,0,0,0,0,0,35324626904,36834856,KSQ
1470,049120,KR7049120009,파인디앤씨,KOSDAQ,벤처기업부,664,4,153,29.94,511,664,511,861598,545578871,35197523816,53008319,KSQ
1471,169330,KR7169330008,엠브레인,KOSDAQ,중견기업부,1919,2,-30,-1.54,1933,1933,1905,3413,6544552,35150165642,18316918,KSQ
1472,291230,KR7291230001,엔피,KOSDAQ,중견기업부,795,1,14,1.79,755,823,732,559331,432308194,35056141125,44095775,KSQ
1473,131220,KR7131220006,대한과학,KOSDAQ,벤처기업부,4690,1,30,0.64,4630,4690,4500,11654,53263730,34961558100,7454490,KSQ
1474,140430,KR7140430000,카티스,KOSDAQ,벤처기업부,650,1,36,5.86,610,654,599,413443,259931608,34740900350,53447539,KSQ
1475,238490,KR7238490007,힘스,KOSDAQ,벤처기업부,3070,1,65,2.16,3005,3100,2940,13963,41852210,34728564520,11312236,KSQ
1476,035200,KR7035200005,프럼파스트,KOSDAQ,벤처기업부,3565,1,75,2.15,3465,3580,3430,65595,231850317,34689553350,9730590,KSQ
1477,038060,KR7038060000,루멘스,KOSDAQ,우량기업부,721,2,-19,-2.57,737,737,703,150822,107458222,34682312749,48103069,KSQ
1478,054220,KR7054220009,비츠로시스,KOSDAQ,벤처기업부,569,2,-7,-1.22,577,583,530,877972,491993203,34682303089,60953081,KSQ
1479,225220,KR7225220003,제놀루션,KOSDAQ,벤처기업부,1801,2,-6,-0.33,1763,1811,1763,84821,151451165,34561227821,19190021,KSQ
1480,053290,KR7053290003,NE능률,KOSDAQ,중견기업부,2090,2,-5,-0.24,2085,2100,2005,19244,39373900,34539981630,16526307,KSQ
1481,123840,KR7123840001,뉴온,KOSDAQ,투자주의환기종목(소속부없음),538,2,-13,-2.36,575,575,516,226860,122383651,34246017166,63654307,KSQ
1482,060540,KR7060540002,에스에이티,KOSDAQ,중견기업부,1310,1,19,1.47,1290,1314,1271,19272,24769191,34234630860,26133306,KSQ
1483,187220,KR7187220009,디티앤씨,KOSDAQ,중견기업부,2965,1,105,3.67,2840,2985,2795,67516,197412800,34171426345,11524933,KSQ
1484,438700,KR7438700007,버넥트,KOSDAQ,기술성장기업부,3050,2,-20,-0.65,3070,3080,2980,17991,54166600,33991914500,11144890,KSQ
1485,462310,KR7462310004,뉴키즈온,KOSDAQ,중견기업부,4150,1,50,1.22,4130,4150,3990,4717,19356835,33968252150,8185121,KSQ
1486,090150,KR7090150004,아이윈,KOSDAQ,중견기업부,810,1,34,4.38,776,810,769,74638,58892963,33918987330,41875293,KSQ
1487,123750,KR7123750002,알톤,KOSDAQ,중견기업부,2450,1,90,3.81,2420,2600,2345,261914,650953874,33857184550,13819259,KSQ
1488,303030,KR7303030001,지니틱스,KOSDAQ,벤처기업부,908,2,-3,-0.33,911,920,883,180305,163609218,33662909612,37073689,KSQ
1489,056730,KR7056730005,CNT85,KOSDAQ,벤처기업부,454,3,0,0.0,454,460,448,36063,16369709,33646478444,74111186,KSQ
1490,052300,KR7052300001,오션인더블유,KOSDAQ,중견기업부,1995,3,0,0.0,1995,2035,1932,130947,258074962,33645960285,16865143,KSQ
1491,079170,KR7079170007,한창산업,KOSDAQ,중견기업부,6470,2,-80,-1.22,6610,6610,6400,26598,172326545,33644000000,5200000,KSQ
1492,290270,KR7290270008,휴네시온,KOSDAQ,벤처기업부,3500,2,-5,-0.14,3480,3500,3415,20122,69432970,33626852000,9607672,KSQ
1493,340810,KR7340810001,시선AI,KOSDAQ,기술성장기업부,2595,2,-155,-5.64,2650,2705,2550,67335,175503541,33621032790,12956082,KSQ
1494,274400,KR7274400001,이노시뮬레이션,KOSDAQ,기술성장기업부,3700,3,0,0.0,3670,3745,3660,6347,23438315,33620024100,9086493,KSQ
1495,252500,KR7252500004,세화피앤씨,KOSDAQ,중견기업부,807,1,3,0.37,804,820,783,154030,123935684,33479516730,41486390,KSQ
1496,301300,KR7301300000,바이브컴퍼니,KOSDAQ,기술성장기업부,2545,1,5,0.2,2540,2580,2495,26818,68242710,33478742040,13154712,KSQ
1497,258790,KR7258790005,소프트캠프,KOSDAQ,벤처기업부,1332,2,-10,-0.75,1342,1349,1301,63885,84802820,33288390288,24991284,KSQ
1498,051380,KR7051380004,피씨디렉트,KOSDAQ,중견기업부,2170,1,60,2.84,2095,2225,2090,135597,294615230,33287956240,15340072,KSQ
1499,335870,KR7335870002,윙스풋,KOSDAQ,중견기업부,1985,1,25,1.28,1940,1985,1853,3856,7437071,33249688905,16750473,KSQ
1500,089140,KR7089140008,넥스턴앤롤코리아,KOSDAQ,벤처기업부,2170,2,-15,-0.69,2185,2185,2070,88368,187304765,33236227780,15316234,KSQ
1501,019660,KR7019660000,글로본,KOSDAQ,중견기업부,2380,1,70,3.03,2310,2440,2210,9569,22394445,33187512540,13944333,KSQ
1502,376980,KR7376980009,원티드랩,KOSDAQ,기술성장기업부,3395,1,25,0.74,3370,3440,3245,24029,80090584,33156907630,9766394,KSQ
1503,058110,KR7058110008,멕아이씨에스,KOSDAQ,기술성장기업부,2065,2,-40,-1.9,2100,2100,2015,59255,121089520,33144344450,16050530,KSQ
1504,440320,KR7440320000,오픈놀,KOSDAQ,기술성장기업부,3355,2,-30,-0.89,3385,3385,3250,19801,65238880,32979650000,9830000,KSQ
1505,050120,KR7050120005,ES큐브,KOSDAQ,중견기업부,2430,1,15,0.62,2405,2460,2400,2213,5372330,32960728980,13564086,KSQ
1506,036480,KR7036480002,대성미생물,KOSDAQ,중견기업부,8640,1,210,2.49,8530,8950,8170,57308,486571270,32832000000,3800000,KSQ
1507,042040,KR7042040006,케이피엠테크,KOSDAQ,중견기업부,168,2,-2,-1.18,172,172,163,565681,93861182,32784456432,195145574,KSQ
1508,367000,KR7367000007,플래티어,KOSDAQ,벤처기업부,3905,3,0,0.0,3875,3905,3815,2909,11282505,32755948335,8388207,KSQ
1509,094860,KR7094860004,네오리진,KOSDAQ,중견기업부,1304,2,-22,-1.66,1385,1385,1266,45992,59920778,32743458256,25110014,KSQ
1510,038950,KR7038950002,파인디지털,KOSDAQ,중견기업부,3205,1,10,0.31,3195,3220,3130,1898,6081935,32725501825,10210765,KSQ
1511,047080,KR7047080007,한빛소프트,KOSDAQ,중견기업부,1317,1,12,0.92,1296,1325,1270,95335,124706726,32691050754,24822362,KSQ
1512,236810,KR7236810008,엔비티,KOSDAQ,기술성장기업부,1905,1,27,1.44,1875,1912,1845,23580,44174045,32338186530,16975426,KSQ
1513,900310,HK0000341732,컬러레이,KOSDAQ,외국기업(소속부없음),504,1,16,3.28,488,504,473,18353,8839688,32277004200,64041675,KSQ
1514,008470,KR7008470007,부스타,KOSDAQ,벤처기업부,3825,1,15,0.39,3780,3900,3780,4755,18177685,32148360000,8404800,KSQ
1515,451700,KR7451700009,엔에이치스팩29호,KOSDAQ,SPAC(소속부없음),2235,2,-15,-0.67,2250,2250,2205,26225,58134805,32072250000,14350000,KSQ
1516,397810,KR7397810003,애드포러스,KOSDAQ,벤처기업부,6210,1,10,0.16,6200,6270,6000,15873,97982620,32048381700,5160770,KSQ
1517,066900,KR7066900002,디에이피,KOSDAQ,관리종목(소속부없음),1409,2,-7,-0.49,1416,1416,1348,4334,5984601,32047004727,22744503,KSQ
1518,115610,KR7115610008,이미지스,KOSDAQ,벤처기업부,1355,2,-40,-2.87,1380,1380,1300,155843,206964760,32028863990,23637538,KSQ
1519,069140,KR7069140002,누리플랜,KOSDAQ,중견기업부,2120,2,-5,-0.24,2125,2160,2080,45416,95301670,32003104480,15095804,KSQ
1520,073570,KR7073570004,리튬포어스,KOSDAQ,관리종목(소속부없음),529,2,-11,-2.04,530,550,518,141091,74707775,31838733089,60186641,KSQ
1521,022220,KR7022220008,티케이지애강,KOSDAQ,중견기업부,612,1,19,3.2,593,623,581,321472,196999391,31698282348,51794579,KSQ
1522,018680,KR7018680009,서울제약,KOSDAQ,벤처기업부,2715,2,-70,-2.51,2780,2780,2680,2498,6751500,31655051085,11659319,KSQ
1523,148250,KR7148250004,알엔투테크놀로지,KOSDAQ,벤처기업부,3340,1,30,0.91,3200,3400,3130,57351,187210820,31551884480,9446672,KSQ
1524,900340,HK0000449303,윙입푸드,KOSDAQ,외국기업(소속부없음),625,1,7,1.13,624,639,617,87139,54236807,31456830000,50330928,KSQ
1525,115160,KR7115160004,휴맥스,KOSDAQ,중견기업부,714,2,-1,-0.14,700,719,682,102892,72201875,31394668536,43970124,KSQ
1526,333050,KR7333050003,모코엠시스,KOSDAQ,벤처기업부,1273,1,3,0.24,1265,1300,1239,50174,63630000,31332763998,24613326,KSQ
1527,431190,KR7431190008,케이쓰리아이,KOSDAQ,기술성장기업부,4185,2,-20,-0.48,4200,4200,4080,22790,94141750,31330759770,7486442,KSQ
1528,083640,KR7083640003,인콘,KOSDAQ,벤처기업부,403,2,-2,-0.49,405,407,379,432228,172023513,31321301453,77720351,KSQ
1529,258830,KR7258830009,세종메디칼,KOSDAQ,관리종목(소속부없음),412,0,0,0.0,0,0,0,0,0,31223976612,75786351,KSQ
1530,405920,KR7405920000,나라셀라,KOSDAQ,중견기업부,2415,2,-45,-1.83,2460,2460,2390,3281,7900940,31100553540,12878076,KSQ
1531,032080,KR7032080004,아즈텍WB,KOSDAQ,중견기업부,1431,1,9,0.63,1401,1488,1381,98767,141280674,30753662499,21491029,KSQ
1532,237750,KR7237750005,피앤씨테크,KOSDAQ,벤처기업부,4730,1,25,0.53,4700,4745,4505,15774,72539690,30728918000,6496600,KSQ
1533,048470,KR7048470009,대동스틸,KOSDAQ,중견기업부,3180,2,-15,-0.47,3160,3340,3100,62724,200089515,30687000000,9650000,KSQ
1534,310870,KR7310870001,디와이씨,KOSDAQ,벤처기업부,1479,2,-41,-2.7,1520,1548,1463,133562,198765262,30596473809,20687271,KSQ
1535,045300,KR7045300001,성우테크론,KOSDAQ,중견기업부,2950,2,-5,-0.17,2905,2950,2800,14296,41292490,30524726750,10347365,KSQ
1536,429270,KR7429270002,시지트로닉스,KOSDAQ,기술성장기업부,4730,1,30,0.64,4650,4980,4535,194248,909622100,30504862630,6449231,KSQ
1537,457600,KR7457600005,벡트,KOSDAQ,벤처기업부,2225,1,5,0.23,2225,2230,2155,8094,17786825,30499187500,13707500,KSQ
1538,084180,KR7084180009,수성웹툰,KOSDAQ,중견기업부,1685,1,1,0.06,1684,1700,1646,37185,61888011,30455166855,18074283,KSQ
1539,079650,KR7079650008,서산,KOSDAQ,중견기업부,1520,1,18,1.2,1488,1528,1482,5848,8819118,30400000000,20000000,KSQ
1540,317120,KR7317120004,라닉스,KOSDAQ,기술성장기업부,1989,1,63,3.27,1906,2085,1862,53962,105872363,30352140000,15260000,KSQ
1541,032750,KR7032750002,삼진,KOSDAQ,우량기업부,3360,2,-30,-0.88,3365,3380,3340,8889,29816070,30344569920,9031122,KSQ
1542,115480,KR7115480006,씨유메디칼,KOSDAQ,중견기업부,499,2,-5,-0.99,500,507,498,83562,41845679,30251654442,60624558,KSQ
1543,138070,KR7138070008,신진에스엠,KOSDAQ,중견기업부,1728,2,-12,-0.69,1726,1750,1703,11719,20161319,30245536512,17503204,KSQ
1544,016670,KR7016670002,디모아,KOSDAQ,중견기업부,3980,2,-15,-0.38,3995,4020,3930,4560,18103527,30225051320,7594234,KSQ
1545,246250,KR7246250005,에스엘에스바이오,KOSDAQ,관리종목(소속부없음),1969,0,0,0.0,0,0,0,0,0,30220617614,15348206,KSQ
1546,109670,KR7109670000,씨싸이트,KOSDAQ,중견기업부,5160,2,-170,-3.19,5210,5230,5120,10765,55498350,30116866320,5836602,KSQ
1547,085810,KR7085810000,알티캐스트,KOSDAQ,중견기업부,459,2,-8,-1.71,468,474,440,105451,47543357,30085628229,65546031,KSQ
1548,303530,KR7303530000,이노뎁,KOSDAQ,벤처기업부,4095,1,115,2.89,3980,4220,3980,22829,94320390,30054429405,7339299,KSQ
1549,016100,KR7016100000,리더스코스메틱,KOSDAQ,중견기업부,1560,2,-40,-2.5,1600,1600,1546,9432,14824471,29797394640,19100894,KSQ
1550,073540,KR7073540007,에프알텍,KOSDAQ,벤처기업부,2605,1,75,2.96,2515,2895,2405,621522,1671492018,29697000000,11400000,KSQ
1551,279600,KR7279600001,미디어젠,KOSDAQ,중견기업부,6310,1,210,3.44,6040,6600,5710,18154,111684525,29560968110,4684781,KSQ
1552,131090,KR7131090003,시큐브,KOSDAQ,벤처기업부,3860,3,0,0.0,3875,3915,3825,8696,33666345,29560733060,7658221,KSQ
1553,372800,KR7372800003,아이티아이즈,KOSDAQ,벤처기업부,4200,2,-95,-2.21,4260,4260,4005,11111,45806275,29556193800,7037189,KSQ
1554,432980,KR7432980001,엠에프씨,KOSDAQ,기술성장기업부,3435,2,-65,-1.86,3500,3500,3325,23197,77582855,29512633770,8591742,KSQ
1555,031510,KR7031510001,오스템,KOSDAQ,중견기업부,1054,1,2,0.19,1052,1054,1037,44693,46901587,29512000000,28000000,KSQ
1556,405000,KR7405000001,플라즈맵,KOSDAQ,중견기업부,7650,2,-190,-2.42,7840,7850,7150,2954,21937240,29364096600,3838444,KSQ
1557,080470,KR7080470008,성창오토텍,KOSDAQ,중견기업부,4015,2,-40,-0.99,4025,4025,3985,4769,19083805,29309500000,7300000,KSQ
1558,020400,KR7020400008,대동금속,KOSDAQ,중견기업부,9180,1,1960,27.15,7430,9380,7030,2481261,21600651710,29276543880,3189166,KSQ
1559,900110,HK0000057197,이스트아시아홀딩스,KOSDAQ,외국기업(소속부없음),792,1,1,0.13,798,799,785,38704,30565548,29204798040,36874745,KSQ
1560,900070,KYG3931T1076,글로벌에스엠,KOSDAQ,외국기업(소속부없음),543,2,-7,-1.27,544,548,523,138892,74065843,29182974624,53743968,KSQ
1561,101400,KR7101400000,엔시트론,KOSDAQ,중견기업부,414,2,-15,-3.5,428,429,408,300013,124929205,29166602220,70450730,KSQ
1562,224060,KR7224060004,더코디,KOSDAQ,투자주의환기종목(소속부없음),5620,2,-290,-4.91,5930,6000,5170,104785,586125020,29003257640,5160722,KSQ
1563,377030,KR7377030002,비트맥스,KOSDAQ,관리종목(소속부없음),676,2,-27,-3.84,705,705,635,268096,176826716,28917549440,42777440,KSQ
1564,050110,KR7050110006,캠시스,KOSDAQ,중견기업부,1956,2,-36,-1.81,1992,1992,1922,69575,134830277,28879993788,14764823,KSQ
1565,900300,HK0000312568,오가닉티코스메틱,KOSDAQ,외국기업(소속부없음),115,2,-1,-0.86,116,116,112,2079507,237566782,28865560740,251004876,KSQ
1566,131760,KR7131760001,파인텍,KOSDAQ,벤처기업부,660,1,4,0.61,654,660,637,70812,45556126,28664844780,43431583,KSQ
1567,188040,KR7188040000,바이오포트,KOSDAQ,벤처기업부,6120,2,-160,-2.55,6230,6230,6010,5885,35714480,28637364960,4679308,KSQ
1568,148930,KR7148930001,에이치와이티씨,KOSDAQ,중견기업부,2800,2,-20,-0.71,2820,2820,2755,6355,17692805,28490596400,10175213,KSQ
1569,091340,KR7091340000,S&K폴리텍,KOSDAQ,중견기업부,2415,1,25,1.05,2350,2430,2325,85342,203066300,28264486215,11703721,KSQ
1570,196700,KR7196700009,웹스,KOSDAQ,벤처기업부,1961,2,-29,-1.46,1990,2030,1938,96068,189255725,28168086384,14364144,KSQ
1571,222980,KR7222980005,한국맥널티,KOSDAQ,벤처기업부,2550,2,-35,-1.35,2585,2585,2535,7391,18835135,28130281650,11031483,KSQ
1572,096690,KR7096690003,에이루트,KOSDAQ,중견기업부,1164,2,-2,-0.17,1166,1174,1140,20235,23465422,28095529692,24137053,KSQ
1573,076080,KR7076080001,웰크론한텍,KOSDAQ,중견기업부,1243,1,51,4.28,1192,1259,1176,94116,114016998,28084535908,22594156,KSQ
1574,033050,KR7033050006,제이엠아이,KOSDAQ,벤처기업부,861,2,-1,-0.12,854,862,850,10089,8613407,28050813462,32579342,KSQ
1575,034940,KR7034940007,조아제약,KOSDAQ,중견기업부,901,2,-3,-0.33,897,904,885,23875,21350944,27912824127,30979827,KSQ
1576,067010,KR7067010009,이씨에스,KOSDAQ,벤처기업부,2270,2,-25,-1.09,2295,2340,2245,48127,109763380,27907380000,12294000,KSQ
1577,027040,KR7027040005,서울전자통신,KOSDAQ,중견기업부,400,2,-3,-0.74,400,414,397,144823,57996088,27835538800,69588847,KSQ
1578,139670,KR7139670004,키네마스터,KOSDAQ,중견기업부,1969,1,25,1.29,1928,1989,1901,40484,78366095,27799936890,14118810,KSQ
1579,417180,KR7417180007,핑거스토리,KOSDAQ,중견기업부,1573,2,-18,-1.13,1563,1589,1550,41387,64451793,27603983979,17548623,KSQ
1580,318010,KR7318010006,팜스빌,KOSDAQ,중견기업부,3480,1,10,0.29,3450,3485,3410,3476,12040699,27594096240,7929338,KSQ
1581,060380,KR7060380003,동양에스텍,KOSDAQ,우량기업부,1400,1,13,0.94,1387,1400,1362,5688,7825319,27580000000,19700000,KSQ
1582,198940,KR7198940009,한주라이트메탈,KOSDAQ,중견기업부,704,1,11,1.59,691,704,671,84914,58217229,27401776512,38922978,KSQ
1583,900270,HK0000214814,헝셩그룹,KOSDAQ,외국기업(소속부없음),1121,2,-6,-0.53,1127,1147,1050,232183,254765351,27357673184,24404704,KSQ
1584,007770,KR7007770001,한일화학,KOSDAQ,중견기업부,7780,2,-100,-1.27,7990,7990,7730,2521,19562190,27307800000,3510000,KSQ
1585,331520,KR7331520007,밸로프,KOSDAQ,중견기업부,536,2,-9,-1.65,544,544,527,61709,32916915,27263313040,50864390,KSQ
1586,043220,KR7043220003,티에스넥스젠,KOSDAQ,관리종목(소속부없음),1710,0,0,0.0,0,0,0,0,0,27227331360,15922416,KSQ
1587,208640,KR7208640003,썸에이지,KOSDAQ,중견기업부,195,2,-5,-2.5,198,198,190,285261,55307568,27151849530,139240254,KSQ
1588,191410,KR7191410000,육일씨엔에쓰,KOSDAQ,중견기업부,2420,1,10,0.41,2410,2425,2350,47721,113874400,27114297100,11204255,KSQ
1589,068100,KR7068100007,케이웨더,KOSDAQ,기술성장기업부,2725,2,-40,-1.45,2755,2775,2640,12068,32312885,27085448150,9939614,KSQ
1590,070590,KR7070590005,한솔인티큐브,KOSDAQ,중견기업부,1946,1,29,1.51,1917,1973,1905,11686,22537081,27009547866,13879521,KSQ
1591,464680,KR7464680008,KB제27호스팩,KOSDAQ,SPAC(소속부없음),2085,3,0,0.0,2080,2090,2080,8467,17611491,26906925000,12905000,KSQ
1592,227610,KR7227610003,아우딘퓨쳐스,KOSDAQ,중견기업부,707,1,6,0.86,701,710,676,44822,31246678,26899402922,38047246,KSQ
1593,103230,KR7103230009,에스앤더블류,KOSDAQ,중견기업부,3735,2,-5,-0.13,3735,3735,3650,12966,47792035,26892000000,7200000,KSQ
1594,091970,KR7091970004,나노캠텍,KOSDAQ,중견기업부,713,1,37,5.47,676,745,663,329569,234571632,26861492839,37673903,KSQ
1595,267790,KR7267790004,배럴,KOSDAQ,벤처기업부,3490,2,-10,-0.29,3575,3575,3465,4357,15195210,26835688410,7689309,KSQ
1596,032680,KR7032680001,소프트센,KOSDAQ,중견기업부,254,1,24,10.43,229,270,224,2096840,517848552,26820054056,105590764,KSQ
1597,418620,KR7418620001,E8,KOSDAQ,기술성장기업부,1351,1,14,1.05,1334,1415,1290,153447,208947605,26817994427,19850477,KSQ
1598,217620,KR7217620004,선샤인푸드,KOSDAQ,관리종목(소속부없음),3810,0,0,0.0,0,0,0,0,0,26803681470,7035087,KSQ
1599,362990,KR7362990004,드림인사이트,KOSDAQ,벤처기업부,1594,1,19,1.21,1599,1674,1550,123931,200566196,26780114956,16800574,KSQ
1600,023770,KR7023770001,플레이위드,KOSDAQ,중견기업부,2990,2,-10,-0.33,3000,3045,2910,13302,39423105,26750020050,8946495,KSQ
1601,078860,KR7078860004,스테이지원엔터,KOSDAQ,투자주의환기종목(소속부없음),450,1,3,0.67,451,458,428,553762,245425674,26713015650,59362257,KSQ
1602,355690,KR7355690009,에이텀,KOSDAQ,기술성장기업부,4940,2,-160,-3.14,5090,5090,4830,24765,121379225,26700601200,5404980,KSQ
1603,019570,KR7019570001,플루토스,KOSDAQ,중견기업부,392,1,3,0.77,379,397,374,341411,130850131,26542336464,67710042,KSQ
1604,131180,KR7131180002,딜리,KOSDAQ,벤처기업부,902,1,3,0.33,899,910,892,19918,17878964,26473700000,29350000,KSQ
1605,044780,KR7044780005,에이치케이,KOSDAQ,벤처기업부,1429,2,-11,-0.76,1427,1434,1405,16676,23651569,26444769623,18505787,KSQ
1606,406820,KR7406820001,뷰티스킨,KOSDAQ,벤처기업부,1869,2,-9,-0.48,1872,1872,1778,109866,198951323,26420477433,14136157,KSQ
1607,328380,KR7328380001,솔트웨어,KOSDAQ,벤처기업부,771,3,0,0.0,770,775,744,19690,14951133,26416601838,34262778,KSQ
1608,0130H0,KR70130H0008,엔에이치스팩33호,KOSDAQ,SPAC(소속부없음),3425,1,1425,71.25,3460,6870,3130,144851105,727548940074,26372500000,7700000,KSQ
1609,208710,KR7208710004,포톤,KOSDAQ,중견기업부,1990,2,-8,-0.4,2015,2015,1930,14611,28624627,26228462680,13180132,KSQ
1610,044480,KR7044480002,빌리언스,KOSDAQ,중견기업부,322,1,17,5.57,308,329,300,2972164,944434553,25973720416,80663728,KSQ
1611,037400,KR7037400009,우리엔터프라이즈,KOSDAQ,중견기업부,989,2,-4,-0.4,985,989,979,24781,24408753,25934889194,26223346,KSQ
1612,377330,KR7377330006,이지트로닉스,KOSDAQ,기술성장기업부,3185,2,-40,-1.24,3225,3225,3090,2800,8853275,25925753490,8139954,KSQ
1613,353190,KR7353190002,휴럼,KOSDAQ,중견기업부,658,2,-2,-0.3,654,659,639,54030,35155665,25911000360,39378420,KSQ
1614,197140,KR7197140007,디지캡,KOSDAQ,벤처기업부,1990,2,-20,-1.0,2010,2010,1990,1983,3948362,25896176460,13013154,KSQ
1615,067730,KR7067730002,로지시스,KOSDAQ,중견기업부,2675,1,75,2.88,2515,2750,2515,43546,114158732,25877741350,9673922,KSQ
1616,021040,KR7021040001,대호특수강,KOSDAQ,중견기업부,1187,2,-8,-0.67,1203,1203,1111,48902,56262081,25763566738,21704774,KSQ
1617,016920,KR7016920001,카스,KOSDAQ,중견기업부,969,1,8,0.83,953,969,942,34922,33364904,25672238322,26493538,KSQ
1618,208350,KR7208350009,지란지교시큐리티,KOSDAQ,벤처기업부,3005,1,20,0.67,2960,3010,2960,38896,116227470,25547217850,8501570,KSQ
1619,093380,KR7093380004,풍강,KOSDAQ,중견기업부,2570,2,-20,-0.77,2570,2665,2550,567,1455555,25389834410,9879313,KSQ
1620,389680,KR7389680000,유디엠텍,KOSDAQ,기술성장기업부,606,2,-13,-2.1,612,612,591,273485,163659147,25205033790,41592465,KSQ
1621,288980,KR7288980006,모아데이타,KOSDAQ,기술성장기업부,724,1,1,0.14,706,744,700,296467,213216278,25018950888,34556562,KSQ
1622,060230,KR7060230000,제이케이시냅스,KOSDAQ,중견기업부,512,1,22,4.49,491,585,491,1424739,756115128,24983971840,48796820,KSQ
1623,424760,KR7424760007,벨로크,KOSDAQ,벤처기업부,1263,1,13,1.04,1210,1320,1210,722909,921716520,24980014371,19778317,KSQ
1624,373110,KR7373110006,엑셀세라퓨틱스,KOSDAQ,기술성장기업부,1432,2,-8,-0.56,1470,1483,1420,60957,88656537,24765572208,17294394,KSQ
1625,060900,KR7060900008,에이전트AI,KOSDAQ,중견기업부,307,2,-30,-8.9,324,338,303,2635089,826993533,24505190676,79821468,KSQ
1626,050760,KR7050760008,에스폴리텍,KOSDAQ,중견기업부,1500,2,-134,-8.2,1797,2120,1486,11556197,22721400561,24502017000,16334678,KSQ
1627,154030,KR7154030001,아시아종묘,KOSDAQ,벤처기업부,2030,2,-10,-0.49,2035,2035,1987,45331,90949589,24485590010,12061867,KSQ
1628,139050,KR7139050009,BF랩스,KOSDAQ,관리종목(소속부없음),2805,0,0,0.0,0,0,0,0,0,24247965555,8644551,KSQ
1629,130740,KR7130740004,티피씨글로벌,KOSDAQ,중견기업부,2140,2,-5,-0.23,2095,2140,2045,75542,157563080,24132093060,11276679,KSQ
1630,193250,KR7193250008,링크드,KOSDAQ,중견기업부,358,2,-7,-1.92,369,369,352,119024,42510953,23930390786,66844667,KSQ
1631,291810,KR7291810000,핀텔,KOSDAQ,기술성장기업부,2095,1,97,4.85,1998,2110,1930,33287,67196433,23817451640,11368712,KSQ
1632,115570,KR7115570004,스타플렉스,KOSDAQ,중견기업부,2980,2,-30,-1.0,3010,3020,2980,3085,9270480,23793833840,7984508,KSQ
1633,063760,KR7063760003,이엘피,KOSDAQ,벤처기업부,2550,2,-30,-1.16,2580,2615,2530,7780,19858285,23779081500,9325130,KSQ
1634,238200,KR7238200000,비피도,KOSDAQ,벤처기업부,2900,2,-30,-1.02,2930,2930,2800,12726,36601160,23722000000,8180000,KSQ
1635,415380,KR7415380005,스튜디오삼익,KOSDAQ,중견기업부,2065,1,15,0.73,2050,2075,2000,17202,34836175,23629743375,11442975,KSQ
1636,113810,KR7113810006,디젠스,KOSDAQ,중견기업부,722,3,0,0.0,722,727,711,128222,91819953,23557452822,32628051,KSQ
1637,002680,KR7002680007,한탑,KOSDAQ,중견기업부,728,2,-3,-0.41,731,746,722,124011,90189466,23526629672,32316799,KSQ
1638,348030,KR7348030008,모비릭스,KOSDAQ,중견기업부,2420,1,25,1.04,2395,2450,2390,6444,15495680,23241196000,9603800,KSQ
1639,225590,KR7225590009,패션플랫폼,KOSDAQ,우량기업부,871,3,0,0.0,870,871,849,53170,45419934,23200577023,26636713,KSQ
1640,023790,KR7023790009,동일스틸럭스,KOSDAQ,중견기업부,887,2,-3,-0.34,891,906,872,82900,73274807,23185840279,26139617,KSQ
1641,065150,KR7065150005,대산F&B,KOSDAQ,관리종목(소속부없음),145,0,0,0.0,0,0,0,0,0,23110448725,159382405,KSQ
1642,009620,KR7009620006,삼보산업,KOSDAQ,중견기업부,1405,1,5,0.36,1400,1410,1350,51065,70534871,23022457855,16386091,KSQ
1643,101680,KR7101680007,한국정밀기계,KOSDAQ,중견기업부,2730,2,-70,-2.5,2790,2800,2630,80746,217352900,22942920000,8404000,KSQ
1644,054940,KR7054940002,엑사이엔씨,KOSDAQ,중견기업부,687,1,15,2.23,669,703,663,130025,88823826,22790227476,33173548,KSQ
1645,054090,KR7054090006,삼진엘앤디,KOSDAQ,중견기업부,912,1,82,9.88,823,938,809,1507942,1359225826,22762819584,24959232,KSQ
1646,368600,KR7368600003,아이씨에이치,KOSDAQ,기술성장기업부,889,1,41,4.83,848,915,832,118862,104461329,22703589594,25538346,KSQ
1647,032280,KR7032280000,삼일,KOSDAQ,중견기업부,1398,2,-2,-0.14,1400,1408,1383,29926,41672565,22666598820,16213590,KSQ
1648,225430,KR7225430008,케이엠제약,KOSDAQ,벤처기업부,811,4,187,29.97,787,811,773,2455754,1959163972,22616397550,27887050,KSQ
1649,065690,KR7065690000,파커스,KOSDAQ,투자주의환기종목(소속부없음),1604,1,24,1.52,1565,1660,1565,83595,133788475,22535126924,14049331,KSQ
1650,308100,KR7308100007,형지글로벌,KOSDAQ,중견기업부,937,2,-3,-0.32,946,957,908,83723,77729451,22509558496,24023008,KSQ
1651,352940,KR7352940001,인바이오,KOSDAQ,벤처기업부,2070,3,0,0.0,2055,2070,2015,4917,10069845,22496201100,10867730,KSQ
1652,177350,KR7177350006,베셀,KOSDAQ,투자주의환기종목(소속부없음),1138,2,-11,-0.96,1149,1186,1107,551406,627837852,22365986846,19653767,KSQ
1653,043360,KR7043360007,디지아이,KOSDAQ,벤처기업부,2480,1,45,1.85,2415,2650,2415,26345,66090135,22320000000,9000000,KSQ
1654,192390,KR7192390003,윈하이텍,KOSDAQ,우량기업부,2000,2,-10,-0.5,2010,2040,1970,7035,14068945,22064458000,11032229,KSQ
1655,115530,KR7115530008,씨엔플러스,KOSDAQ,중견기업부,304,1,17,5.92,287,340,273,3694459,1162898876,22036317344,72487886,KSQ
1656,017250,KR7017250002,인터엠,KOSDAQ,중견기업부,1044,1,9,0.87,1049,1049,1029,11418,11882312,21971467548,21045467,KSQ
1657,121890,KR7121890008,에스디시스템,KOSDAQ,중견기업부,1638,1,208,14.55,1480,1730,1442,557981,901855849,21771388548,13291446,KSQ
1658,240600,KR7240600007,유진테크놀로지,KOSDAQ,중견기업부,3135,2,-25,-0.79,3160,3190,3065,10066,31277172,21719753385,6928151,KSQ
1659,053060,KR7053060000,세동,KOSDAQ,중견기업부,1223,2,-16,-1.29,1232,1232,1207,27089,32908403,21595023437,17657419,KSQ
1660,080720,KR7080720006,한국유니온제약,KOSDAQ,관리종목(소속부없음),2725,0,0,0.0,0,0,0,0,0,21562456300,7912828,KSQ
1661,289010,KR7289010001,아이스크림에듀,KOSDAQ,중견기업부,1533,2,-20,-1.29,1551,1551,1501,17984,27543614,21378077448,13945256,KSQ
1662,230980,KR7230980005,비유테크놀러지,KOSDAQ,관리종목(소속부없음),229,0,0,0.0,0,0,0,0,0,21370407553,93320557,KSQ
1663,137940,KR7137940003,넥스트아이,KOSDAQ,중견기업부,247,1,7,2.92,247,277,242,4182521,1061890884,21086141024,85368992,KSQ
1664,069920,KR7069920007,엑시온그룹,KOSDAQ,중견기업부,450,1,13,2.97,462,532,420,1504871,706021828,20917174050,46482609,KSQ
1665,312610,KR7312610009,에이에프더블류,KOSDAQ,투자주의환기종목(소속부없음),1026,1,58,5.99,968,1055,968,23489,23398757,20783567088,20256888,KSQ
1666,084440,KR7084440007,유비온,KOSDAQ,기술성장기업부,1054,1,16,1.54,1104,1104,1030,49129,52723439,20777291200,19712800,KSQ
1667,900100,USU652221081,애머릿지,KOSDAQ,외국기업(소속부없음),391,2,-9,-2.25,424,424,390,40554,16051433,20629356282,52760502,KSQ
1668,419540,KR7419540000,비스토스,KOSDAQ,벤처기업부,895,1,30,3.47,865,951,863,216172,195010805,20578297345,22992511,KSQ
1669,226340,KR7226340008,본느,KOSDAQ,벤처기업부,490,2,-64,-11.55,495,515,460,2999501,1459173691,20556685800,41952420,KSQ
1670,110020,KR7110020005,전진바이오팜,KOSDAQ,기술성장기업부,2255,1,50,2.27,2215,2400,2215,53838,121621495,20427508310,9058762,KSQ
1671,083470,KR7083470005,이엠앤아이,KOSDAQ,벤처기업부,955,1,32,3.47,923,1000,919,186761,177975471,20380014195,21340329,KSQ
1672,045520,KR7045520004,크린앤사이언스,KOSDAQ,중견기업부,3135,1,10,0.32,3150,3150,3075,7106,22122015,20377500000,6500000,KSQ
1673,098660,KR7098660004,에스티오,KOSDAQ,중견기업부,1615,1,55,3.53,1560,1622,1504,24325,38549007,20189076240,12500976,KSQ
1674,011080,KR7011080009,형지I&C,KOSDAQ,중견기업부,468,2,-9,-1.89,477,477,442,173540,80557081,20106507096,42962622,KSQ
1675,365900,KR7365900000,브이씨,KOSDAQ,벤처기업부,2745,2,-45,-1.61,2785,2785,2640,4742,12785610,20066773500,7310300,KSQ
1676,275630,KR7275630002,에스에스알,KOSDAQ,벤처기업부,3555,1,180,5.33,3375,3600,3285,92691,324299624,20035617390,5635898,KSQ
1677,018620,KR7018620005,우진비앤지,KOSDAQ,중견기업부,690,1,9,1.32,680,698,680,46195,31737576,19933612170,28889293,KSQ
1678,309930,KR7309930006,조이웍스앤코,KOSDAQ,중견기업부,814,2,-13,-1.57,839,839,805,44354,36291827,19932457072,24487048,KSQ
1679,014100,KR7014100002,메디앙스,KOSDAQ,중견기업부,1678,2,-42,-2.44,1720,1720,1633,16074,26677727,19800400000,11800000,KSQ
1680,247660,KR7247660004,나노씨엠에스,KOSDAQ,기술성장기업부,4545,1,155,3.53,4385,4625,4170,44578,197608709,19743116400,4343920,KSQ
1681,154040,KR7154040000,다산솔루에타,KOSDAQ,중견기업부,1096,1,40,3.79,1046,1100,1040,17494,18739254,19673303024,17950094,KSQ
1682,054410,KR7054410006,케이피티유,KOSDAQ,중견기업부,3415,1,5,0.15,3410,3465,3400,8779,30054360,19555806260,5726444,KSQ
1683,215480,KR7215480005,토박스코리아,KOSDAQ,중견기업부,2130,1,25,1.19,2105,2130,1950,34942,72067880,19553400000,9180000,KSQ
1684,199730,KR7199730003,바이오인프라,KOSDAQ,벤처기업부,3950,2,-10,-0.25,3960,4100,3900,8756,34499355,19214249650,4864367,KSQ
1685,214610,KR7214610008,롤링스톤,KOSDAQ,관리종목(소속부없음),2290,0,0,0.0,0,0,0,0,0,19197807380,8383322,KSQ
1686,092600,KR7092600006,앤씨앤,KOSDAQ,벤처기업부,757,2,-20,-2.57,766,789,689,835050,613207978,18988222369,25083517,KSQ
1687,048830,KR7048830004,엔피케이,KOSDAQ,중견기업부,1010,2,-59,-5.52,1112,1150,984,881946,911263947,18911162230,18723923,KSQ
1688,096870,KR7096870001,엘디티,KOSDAQ,벤처기업부,2265,1,40,1.8,2210,2270,2180,8415,18703585,18908217735,8347999,KSQ
1689,035620,KR7035620004,바른손이앤에이,KOSDAQ,중견기업부,254,1,1,0.4,253,300,245,1652965,440039721,18907677450,74439675,KSQ
1690,028080,KR7028080000,휴맥스홀딩스,KOSDAQ,중견기업부,1499,1,23,1.56,1476,1500,1432,8531,12555879,18853681494,12577506,KSQ
1691,134060,KR7134060003,이퓨쳐,KOSDAQ,벤처기업부,3945,1,25,0.64,3890,4000,3880,4562,17954480,18814691250,4769250,KSQ
1692,018700,KR7018700005,바른손,KOSDAQ,투자주의환기종목(소속부없음),531,1,2,0.38,529,560,528,136667,73005597,18648590967,35119757,KSQ
1693,067770,KR7067770008,세진티에스,KOSDAQ,중견기업부,2200,1,35,1.62,2165,2215,2165,34705,75395290,18472504600,8396593,KSQ
1694,043590,KR7043590009,웰킵스하이텍,KOSDAQ,중견기업부,678,1,38,5.94,646,679,630,73998,48580422,18398724636,27136762,KSQ
1695,032980,KR7032980005,바이온,KOSDAQ,관리종목(소속부없음),604,0,0,0.0,0,0,0,0,0,18354952980,30388995,KSQ
1696,051780,KR7051780005,큐로홀딩스,KOSDAQ,중견기업부,694,2,-44,-5.96,738,739,660,437319,301483013,17913004030,25811245,KSQ
1697,344860,KR7344860002,이노진,KOSDAQ,기술성장기업부,1486,2,-19,-1.26,1505,1505,1450,29223,42828665,17876580000,12030000,KSQ
1698,012340,KR7012340006,뉴인텍,KOSDAQ,투자주의환기종목(소속부없음),313,2,-2,-0.63,315,317,307,659265,205294259,17684988906,56501562,KSQ
1699,065770,KR7065770000,CS,KOSDAQ,벤처기업부,908,1,25,2.83,920,980,840,928736,851059307,17625306040,19411130,KSQ
1700,065420,KR7065420002,에스아이리소스,KOSDAQ,중견기업부,245,1,38,18.36,208,269,206,29399009,7534533082,17536438255,71577299,KSQ
1701,025870,KR7025870007,신라에스지,KOSDAQ,중견기업부,4340,2,-35,-0.8,4520,4525,4285,5123,22229939,17360000000,4000000,KSQ
1702,088290,KR7088290002,이원컴포텍,KOSDAQ,관리종목(소속부없음),429,1,21,5.15,408,429,385,123122,50937358,17108676156,39880364,KSQ
1703,083660,KR7083660001,CSA 코스믹,KOSDAQ,중견기업부,270,2,-9,-3.23,279,289,268,621883,170094578,16963953930,62829459,KSQ
1704,060480,KR7060480001,국일신동,KOSDAQ,중견기업부,1520,2,-5,-0.33,1536,1536,1518,6779,10323101,16856800000,11090000,KSQ
1705,241820,KR7241820000,피씨엘,KOSDAQ,관리종목(소속부없음),6040,0,0,0.0,0,0,0,0,0,16803871920,2782098,KSQ
1706,477380,KR7477380000,미래에셋비전스팩4호,KOSDAQ,SPAC(소속부없음),2070,2,-5,-0.24,2075,2075,2060,1115,2306825,16767000000,8100000,KSQ
1707,482680,KR7482680006,미래에셋비전스팩7호,KOSDAQ,SPAC(소속부없음),2035,3,0,0.0,2035,2040,2035,1145,2335555,16717525000,8215000,KSQ
1708,322780,KR7322780008,코퍼스코리아,KOSDAQ,중견기업부,369,2,-54,-12.77,393,429,363,5987179,2354407072,16478796834,44657986,KSQ
1709,106520,KR7106520000,노블엠앤비,KOSDAQ,투자주의환기종목(소속부없음),411,0,0,0.0,0,0,0,0,0,15904036272,38695952,KSQ
1710,0072Z0,KR70072Z0006,KB제33호스팩,KOSDAQ,SPAC(소속부없음),2015,1,15,0.75,2000,2015,2000,16697,33564085,15888275000,7885000,KSQ
1711,361670,KR7361670003,삼영에스앤씨,KOSDAQ,기술성장기업부,2790,1,5,0.18,2800,2900,2760,16735,46977100,15812765820,5667658,KSQ
1712,276730,KR7276730009,한울앤제주,KOSDAQ,투자주의환기종목(소속부없음),710,1,12,1.72,698,714,693,75666,52887077,15726391370,22149847,KSQ
1713,0101C0,KR70101C0008,하나36호스팩,KOSDAQ,SPAC(소속부없음),2005,1,6,0.3,1999,2010,1999,6049,12118538,15518700000,7740000,KSQ
1714,304840,KR7304840002,피플바이오,KOSDAQ,투자주의환기종목(소속부없음),727,1,12,1.68,715,736,707,170580,122920963,15432982097,21228311,KSQ
1715,060260,KR7060260007,뉴보텍,KOSDAQ,벤처기업부,1141,1,26,2.33,1115,1160,1111,86265,97935816,15417202269,13512009,KSQ
1716,457630,KR7457630002,대신밸런스제16호스팩,KOSDAQ,관리종목(소속부없음),2097,2,-3,-0.14,2095,2097,2095,39909,83609375,15329070000,7310000,KSQ
1717,0044K0,KR70044K0008,삼성스팩10호,KOSDAQ,SPAC(소속부없음),2035,2,-20,-0.97,2055,2055,2030,9111,18521215,15303200000,7520000,KSQ
1718,477340,KR7477340004,에이치엠씨제7호스팩,KOSDAQ,SPAC(소속부없음),2030,1,5,0.25,2025,2030,2025,12469,25254220,15245300000,7510000,KSQ
1719,030350,KR7030350003,드래곤플라이,KOSDAQ,관리종목(소속부없음),973,0,0,0.0,0,0,0,0,0,15171092867,15592079,KSQ
1720,469880,KR7469880009,하나30호스팩,KOSDAQ,SPAC(소속부없음),2075,3,0,0.0,2075,2080,2075,10100,20957590,15157875000,7305000,KSQ
1721,073190,KR7073190001,듀오백,KOSDAQ,투자주의환기종목(소속부없음),1265,1,39,3.18,1226,1289,1226,37697,47392437,15139570600,11968040,KSQ
1722,368970,KR7368970000,오에스피,KOSDAQ,벤처기업부,1618,1,23,1.44,1595,1690,1580,12383,19861112,15122086880,9346160,KSQ
1723,008290,KR7008290009,원풍물산,KOSDAQ,투자주의환기종목(소속부없음),370,1,10,2.78,362,392,362,176899,66153261,15056661230,40693679,KSQ
1724,069330,KR7069330009,유아이디,KOSDAQ,벤처기업부,1058,1,3,0.28,1055,1059,1040,36734,38671557,15014174278,14191091,KSQ
1725,0115H0,KR70115H0007,삼성스팩13호,KOSDAQ,SPAC(소속부없음),2025,2,-15,-0.74,2040,2040,2020,152389,308629767,14883750000,7350000,KSQ
1726,079190,KR7079190005,케스피온,KOSDAQ,벤처기업부,388,1,1,0.26,396,396,379,210925,80939242,14881939432,38355514,KSQ
1727,227100,KR7227100005,프로브잇,KOSDAQ,관리종목(소속부없음),612,0,0,0.0,0,0,0,0,0,14770119384,24134182,KSQ
1728,050090,KR7050090000,비케이홀딩스,KOSDAQ,투자주의환기종목(소속부없음),739,1,1,0.14,738,779,714,273512,204208001,14620919165,19784735,KSQ
1729,079950,KR7079950002,인베니아,KOSDAQ,관리종목(소속부없음),1056,2,-58,-5.21,1100,1100,1023,423556,443493069,14571849600,13799100,KSQ
1730,473050,KR7473050003,유안타제15호스팩,KOSDAQ,SPAC(소속부없음),2055,3,0,0.0,2060,2060,2055,208,428467,14405550000,7010000,KSQ
1731,478440,KR7478440001,미래에셋비전스팩6호,KOSDAQ,SPAC(소속부없음),2070,1,15,0.73,2060,2075,2055,1356,2797620,14345100000,6930000,KSQ
1732,032800,KR7032800005,판타지오,KOSDAQ,중견기업부,312,1,2,0.65,310,315,308,107477,33373707,14338602096,45957058,KSQ
1733,479880,KR7479880007,한국제15호스팩,KOSDAQ,SPAC(소속부없음),2055,2,-5,-0.24,2060,2065,2055,10032,20640925,14117850000,6870000,KSQ
1734,250930,KR7250930005,예선테크,KOSDAQ,벤처기업부,425,2,-22,-4.92,446,446,408,803664,336732344,14025187000,33000440,KSQ
1735,0099W0,KR70099W0008,미래에셋비전스팩11호,KOSDAQ,SPAC(소속부없음),1999,2,-1,-0.05,2000,2005,1999,3811,7624308,13993000000,7000000,KSQ
1736,352770,KR7352770002,셀레스트라,KOSDAQ,관리종목(소속부없음),5250,0,0,0.0,0,0,0,0,0,13610136750,2592407,KSQ
1737,489480,KR7489480004,키움제11호스팩,KOSDAQ,SPAC(소속부없음),2060,2,-5,-0.24,2060,2060,2060,751,1547060,13596000000,6600000,KSQ
1738,244460,KR7244460002,올리패스,KOSDAQ,관리종목(소속부없음),1651,0,0,0.0,0,0,0,0,0,13415218661,8125511,KSQ
1739,481890,KR7481890002,엔에이치스팩31호,KOSDAQ,SPAC(소속부없음),2110,2,-20,-0.94,2100,2125,2095,758,1592015,13387950000,6345000,KSQ
1740,188260,KR7188260004,세니젠,KOSDAQ,관리종목(소속부없음),1842,1,6,0.33,1769,1867,1680,128157,227638141,13314841740,7228470,KSQ
1741,0096B0,KR70096B0006,삼성스팩12호,KOSDAQ,SPAC(소속부없음),2010,3,0,0.0,2010,2020,2005,51547,103616380,13225800000,6580000,KSQ
1742,489730,KR7489730002,디비금융제13호스팩,KOSDAQ,SPAC(소속부없음),2085,3,0,0.0,2085,2090,2085,10537,21969655,13202220000,6332000,KSQ
1743,058450,KR7058450008,한주에이알티,KOSDAQ,투자주의환기종목(소속부없음),653,2,-64,-8.93,717,745,624,207760,138154122,13094927664,20053488,KSQ
1744,0097F0,KR70097F0001,미래에셋비전스팩10호,KOSDAQ,SPAC(소속부없음),2005,1,6,0.3,1999,2005,1999,14005,28010290,13032500000,6500000,KSQ
1745,477760,KR7477760003,DB금융스팩12호,KOSDAQ,SPAC(소속부없음),2230,0,0,0.0,0,0,0,0,0,13023200000,5840000,KSQ
1746,065060,KR7065060006,지엔코,KOSDAQ,중견기업부,544,2,-4,-0.73,549,553,536,42626,23235174,12947637376,23800804,KSQ
1747,0099X0,KR70099X0007,IBKS제25호스팩,KOSDAQ,SPAC(소속부없음),2165,2,-5,-0.23,2165,2170,2155,6877,14839235,12946700000,5980000,KSQ
1748,035290,KR7035290006,골드앤에스,KOSDAQ,중견기업부,543,2,-6,-1.09,547,552,533,63092,34278962,12944164320,23838240,KSQ
1749,478390,KR7478390008,KB제29호스팩,KOSDAQ,SPAC(소속부없음),2080,3,0,0.0,2075,2080,2075,5261,10942830,12937600000,6220000,KSQ
1750,471050,KR7471050005,대신밸런스제17호스팩,KOSDAQ,SPAC(소속부없음),2125,1,5,0.24,2125,2125,2120,246,522645,12877500000,6060000,KSQ
1751,0037T0,KR70037T0008,KB제32호스팩,KOSDAQ,SPAC(소속부없음),2030,3,0,0.0,2025,2030,2025,1530,3103223,12849900000,6330000,KSQ
1752,0093G0,KR70093G0004,미래에셋비전스팩8호,KOSDAQ,SPAC(소속부없음),2005,1,5,0.25,2000,2010,1999,1803,3610875,12832000000,6400000,KSQ
1753,043100,KR7043100007,알파AI,KOSDAQ,벤처기업부,637,1,33,5.46,610,640,602,480227,299194337,12810120960,20110080,KSQ
1754,492220,KR7492220009,KB제31호스팩,KOSDAQ,SPAC(소속부없음),2060,2,-10,-0.48,2065,2065,2045,3038,6212785,12792600000,6210000,KSQ
1755,482520,KR7482520004,교보16호스팩,KOSDAQ,SPAC(소속부없음),2095,0,0,0.0,0,0,0,0,0,12779500000,6100000,KSQ
1756,0054V0,KR70054V0002,엔에이치스팩32호,KOSDAQ,SPAC(소속부없음),2055,3,0,0.0,2050,2075,2045,8700,17862740,12774907500,6216500,KSQ
1757,0088D0,KR70088D0004,메리츠제1호스팩,KOSDAQ,SPAC(소속부없음),2190,2,-20,-0.9,2210,2210,2190,18079,39734295,12691050000,5795000,KSQ
1758,054180,KR7054180005,메디콕스,KOSDAQ,관리종목(소속부없음),2295,0,0,0.0,0,0,0,0,0,12686716395,5527981,KSQ
1759,0091W0,KR70091W0006,신영스팩11호,KOSDAQ,SPAC(소속부없음),2060,2,-5,-0.24,2065,2070,2055,43242,89280690,12500080000,6068000,KSQ
1760,065570,KR7065570004,삼영이엔씨,KOSDAQ,관리종목(소속부없음),764,0,0,0.0,0,0,0,0,0,12295692232,16093838,KSQ
1761,0041L0,KR70041L0000,하나35호스팩,KOSDAQ,SPAC(소속부없음),2010,1,10,0.5,2005,2010,2005,376,753910,12120300000,6030000,KSQ
1762,482690,KR7482690005,대신밸런스제19호스팩,KOSDAQ,SPAC(소속부없음),2125,2,-5,-0.23,2130,2130,2120,155,328960,11931875000,5615000,KSQ
1763,031860,KR7031860000,디에이치엑스컴퍼니,KOSDAQ,관리종목(소속부없음),617,1,18,3.01,661,670,553,2249875,1388757015,11714005991,18985423,KSQ
1764,487360,KR7487360000,신한제14호스팩,KOSDAQ,SPAC(소속부없음),2070,2,-5,-0.24,2075,2075,2070,1236,2558530,11674800000,5640000,KSQ
1765,473370,KR7473370005,비엔케이제2호스팩,KOSDAQ,SPAC(소속부없음),2765,0,0,0.0,0,0,0,0,0,11640650000,4210000,KSQ
1766,0071M0,KR70071M0002,삼성스팩11호,KOSDAQ,SPAC(소속부없음),2020,2,-10,-0.49,2030,2030,2020,2214,4478190,11635200000,5760000,KSQ
1767,469900,KR7469900005,하나31호스팩,KOSDAQ,SPAC(소속부없음),2075,3,0,0.0,2075,2080,2075,20731,43017330,11630375000,5605000,KSQ
1768,121850,KR7121850002,코이즈,KOSDAQ,투자주의환기종목(소속부없음),2275,3,0,0.0,2275,2290,2255,72272,164292205,11504672725,5056999,KSQ
1769,060240,KR7060240009,스타코링크,KOSDAQ,관리종목(소속부없음),1976,0,0,0.0,0,0,0,0,0,11502414560,5821060,KSQ
1770,496070,KR7496070004,신한제16호스팩,KOSDAQ,SPAC(소속부없음),2045,3,0,0.0,2045,2045,2025,187,380355,11492900000,5620000,KSQ
1771,477470,KR7477470009,미래에셋비전스팩5호,KOSDAQ,SPAC(소속부없음),2095,2,-20,-0.95,2115,2115,2085,826,1728505,11480600000,5480000,KSQ
1772,0105P0,KR70105P0009,유진스팩12호,KOSDAQ,SPAC(소속부없음),2005,2,-5,-0.25,2010,2010,2000,7334,14733280,11348300000,5660000,KSQ
1773,474660,KR7474660008,신한제12호스팩,KOSDAQ,SPAC(소속부없음),2055,3,0,0.0,2055,2060,2050,18646,38320040,11343600000,5520000,KSQ
1774,474490,KR7474490000,유안타제16호스팩,KOSDAQ,SPAC(소속부없음),2045,3,0,0.0,2045,2050,2040,1028,2097715,11267950000,5510000,KSQ
1775,486630,KR7486630007,KB제30호스팩,KOSDAQ,SPAC(소속부없음),2090,2,-5,-0.24,2085,2095,2085,50017,104532435,11097900000,5310000,KSQ
1776,0098T0,KR70098T0004,교보19호스팩,KOSDAQ,SPAC(소속부없음),2055,2,-5,-0.24,2060,2060,2050,2325,4770650,11097000000,5400000,KSQ
1777,0004Y0,KR70004Y0000,디비금융제14호스팩,KOSDAQ,SPAC(소속부없음),2085,3,0,0.0,2095,2095,2075,480,999970,11081775000,5315000,KSQ
1778,444920,KR7444920003,유안타제11호스팩,KOSDAQ,관리종목(소속부없음),2100,1,5,0.24,2095,2100,2095,65960,138513045,11004000000,5240000,KSQ
1779,0096D0,KR70096D0004,미래에셋비전스팩9호,KOSDAQ,SPAC(소속부없음),2000,2,-10,-0.5,2010,2010,1998,1475,2949304,11000000000,5500000,KSQ
1780,452670,KR7452670003,상상인제4호스팩,KOSDAQ,관리종목(소속부없음),2100,3,0,0.0,2095,2100,2095,2393,5017340,10962000000,5220000,KSQ
1781,026910,KR7026910000,광진실업,KOSDAQ,중견기업부,1707,1,7,0.41,1711,1720,1706,4564,7806295,10934026335,6405405,KSQ
1782,276040,KR7276040003,스코넥,KOSDAQ,기술성장기업부,505,2,-3,-0.59,503,539,487,416573,211870577,10923319175,21630335,KSQ
1783,489210,KR7489210005,교보17호스팩,KOSDAQ,SPAC(소속부없음),2105,2,-15,-0.71,2120,2120,2105,160,338350,10903900000,5180000,KSQ
1784,900120,KYG2114A1094,씨엑스아이,KOSDAQ,외국기업(소속부없음),358,2,-8,-2.19,366,370,348,118233,41964387,10760686672,30057784,KSQ
1785,493790,KR7493790000,유안타제17호스팩,KOSDAQ,SPAC(소속부없음),2010,3,0,0.0,2010,2010,2010,9213,18518130,10673100000,5310000,KSQ
1786,455310,KR7455310003,한화플러스제4호스팩,KOSDAQ,관리종목(소속부없음),2100,3,0,0.0,2100,2102,2100,5017,10536840,10626000000,5060000,KSQ
1787,0041B0,KR70041B0002,교보18호스팩,KOSDAQ,SPAC(소속부없음),2075,2,-5,-0.24,2075,2080,2075,158,327860,10458000000,5040000,KSQ
1788,466690,KR7466690005,키움히어로제1호스팩,KOSDAQ,SPAC(소속부없음),2030,2,-10,-0.49,2035,2040,2030,3765,7643620,10342850000,5095000,KSQ
1789,478110,KR7478110000,이베스트스팩6호,KOSDAQ,SPAC(소속부없음),2025,2,-5,-0.25,2030,2030,2025,100,202555,10165500000,5020000,KSQ
1790,03481K,KR703481K019,해성산업1우,KOSDAQ,중견기업부,7310,2,-30,-0.41,7290,7340,7130,2352,16973660,10153019820,1388922,KSQ
1791,498390,KR7498390004,한화플러스제5호스팩,KOSDAQ,SPAC(소속부없음),2035,1,10,0.49,2030,2035,2030,164,332975,10093600000,4960000,KSQ
1792,472220,KR7472220003,신영스팩10호,KOSDAQ,SPAC(소속부없음),2150,3,0,0.0,2145,2155,2145,20225,43481790,10083500000,4690000,KSQ
1793,488060,KR7488060005,유진스팩11호,KOSDAQ,SPAC(소속부없음),2055,1,15,0.74,2040,2055,2025,5465,11095785,9699600000,4720000,KSQ
1794,106080,KR7106080005,케이이엠텍,KOSDAQ,중견기업부,330,0,0,0.0,0,0,0,0,0,9506999040,28809088,KSQ
1795,484130,KR7484130000,하나34호스팩,KOSDAQ,SPAC(소속부없음),2090,3,0,0.0,2090,2090,2090,1,2090,9446800000,4520000,KSQ
1796,469480,KR7469480008,IBKS제24호스팩,KOSDAQ,SPAC(소속부없음),2185,1,15,0.69,2170,2185,2170,149,323405,9242550000,4230000,KSQ
1797,467930,KR7467930004,IBKS제23호스팩,KOSDAQ,SPAC(소속부없음),2185,1,10,0.46,2170,2185,2170,20014,43466595,9242550000,4230000,KSQ
1798,462020,KR7462020009,에이치엠씨제6호스팩,KOSDAQ,SPAC(소속부없음),2095,3,0,0.0,2095,2100,2095,7382,15470405,9102775000,4345000,KSQ
1799,473950,KR7473950004,에스케이증권제13호스팩,KOSDAQ,SPAC(소속부없음),2040,1,10,0.49,2030,2040,2030,4050,8226630,9016800000,4420000,KSQ
1800,464440,KR7464440007,한국제13호스팩,KOSDAQ,SPAC(소속부없음),2085,2,-10,-0.48,2095,2095,2080,2548,5304520,9007200000,4320000,KSQ
1801,487830,KR7487830002,신한제15호스팩,KOSDAQ,SPAC(소속부없음),2070,3,0,0.0,2070,2070,2070,1,2070,9004500000,4350000,KSQ
1802,465320,KR7465320000,교보15호스팩,KOSDAQ,SPAC(소속부없음),2335,0,0,0.0,0,0,0,0,0,8896350000,3810000,KSQ
1803,458610,KR7458610003,한국제12호스팩,KOSDAQ,관리종목(소속부없음),2090,3,0,0.0,2095,2095,2090,31921,66780365,8840700000,4230000,KSQ
1804,468760,KR7468760004,유진스팩10호,KOSDAQ,SPAC(소속부없음),2080,2,-10,-0.48,2070,2095,2065,8038,16663050,8819200000,4240000,KSQ
1805,487720,KR7487720005,키움제10호스팩,KOSDAQ,SPAC(소속부없음),2080,1,5,0.24,2075,2080,2055,6963,14317975,8798400000,4230000,KSQ
1806,0068Y0,KR70068Y0003,비엔케이제3호스팩,KOSDAQ,SPAC(소속부없음),2015,3,0,0.0,2005,2015,2005,458,918900,8684650000,4310000,KSQ
1807,472230,KR7472230002,에스케이증권제11호스팩,KOSDAQ,SPAC(소속부없음),2055,2,-5,-0.24,2060,2060,2055,35373,72697560,8538525000,4155000,KSQ
1808,0041J0,KR70041J0004,엘에스스팩1호,KOSDAQ,SPAC(소속부없음),2010,2,-5,-0.25,2015,2020,2010,7565,15237075,8261100000,4110000,KSQ
1809,475250,KR7475250007,하나33호스팩,KOSDAQ,SPAC(소속부없음),2110,3,0,0.0,2105,2110,2105,258,543380,7807000000,3700000,KSQ
1810,079970,KR7079970000,투비소프트,KOSDAQ,관리종목(소속부없음),596,0,0,0.0,0,0,0,0,0,7646223464,12829234,KSQ
1811,474930,KR7474930005,신한제13호스팩,KOSDAQ,SPAC(소속부없음),2110,2,-5,-0.24,2105,2110,2100,2402,5052450,7638200000,3620000,KSQ
1812,473000,KR7473000008,에스케이증권제12호스팩,KOSDAQ,SPAC(소속부없음),2060,1,5,0.24,2050,2060,2050,9328,19129905,6818600000,3310000,KSQ
1813,475240,KR7475240008,하나32호스팩,KOSDAQ,SPAC(소속부없음),2115,3,0,0.0,2115,2115,2115,1,2115,6768000000,3200000,KSQ
1814,313760,KR7313760001,캐리,KOSDAQ,투자주의환기종목(소속부없음),600,1,3,0.5,573,669,558,483153,292229378,6724311600,11207186,KSQ
1815,101390,KR7101390003,아이엠,KOSDAQ,관리종목(소속부없음),396,0,0,0.0,0,0,0,0,0,6698084184,16914354,KSQ
1816,044180,KR7044180008,KD,KOSDAQ,관리종목(소속부없음),205,0,0,0.0,0,0,0,0,0,5477148795,26717799,KSQ
1817,043090,KR7043090000,더테크놀로지,KOSDAQ,투자주의환기종목(소속부없음),380,0,0,0.0,0,0,0,0,0,4718944500,12418275,KSQ
1818,052770,KR7052770005,아이톡시,KOSDAQ,관리종목(소속부없음),312,0,0,0.0,0,0,0,0,0,4545457488,14568774,KSQ
1819,021045,KR7021041009,대호특수강우,KOSDAQ,중견기업부,2610,2,-55,-2.06,2665,2665,2610,457,1193265,2214564120,848492,KSQ
1820,032685,KR7032681009,소프트센우,KOSDAQ,중견기업부,5400,2,-50,-0.92,5450,5450,5230,968,5129010,1928566800,357142,KSQ
