,Code,ISU_CD,Name,Market,Dept,Close,ChangeCode,Changes,ChagesRatio,Open,High,Low,Volume,Amount,Marcap,Stocks,MarketId
0,196170,KR7196170005,알테오젠,KOSDAQ GLOBAL,우량기업부,318000,1,9500,3.08,303000,318500,301500,120425,37087676750,17040457074000,53586343,KSQ
1,086520,KR7086520004,에코프로,KOSDAQ GLOBAL,중견기업부,77300,2,-1800,-2.28,77100,78100,72200,541027,40443290650,10495496549600,135776152,KSQ
2,247540,KR7247540008,에코프로비엠,KOSDAQ GLOBAL,중견기업부,96100,2,-7400,-7.15,98700,100000,90400,351904,32805780400,9401504707400,97830434,KSQ
3,277810,KR7277810008,레인보우로보틱스,KOSDAQ,기술성장기업부,472000,1,39000,9.01,442000,480500,429000,165625,75767654250,9156732976000,19399858,KSQ
4,036930,KR7036930006,주성엔지니어링,KOSDAQ GLOBAL,우량기업부,126800,1,2300,1.85,124600,131800,120100,989642,124864552050,5893806142800,46481121,KSQ
5,058470,KR7058470006,리노공업,KOSDAQ GLOBAL,우량기업부,62400,2,-1700,-2.65,61700,63200,60900,234593,14542624400,4755619440000,76211850,KSQ
6,240810,KR7240810002,원익IPS,KOSDAQ GLOBAL,우량기업부,92500,2,-5100,-5.23,93900,97500,88500,764510,71164924800,4540260842500,49083901,KSQ
7,028300,KR7028300002,HLB,KOSDAQ,중견기업부,31200,1,600,1.96,29700,31300,29500,390252,11819286375,4155784557600,133198223,KSQ
8,298380,KR7298380007,에이비엘바이오,KOSDAQ GLOBAL,기술성장기업부,72400,1,5600,8.38,65400,72400,64600,147065,10030433450,4053492321200,55987463,KSQ
9,214450,KR7214450009,파마리서치,KOSDAQ GLOBAL,우량기업부,375000,1,36500,10.78,345000,375000,335000,99163,35439107500,3896118000000,10389648,KSQ
10,319660,KR7319660007,피에스케이,KOSDAQ,우량기업부,129300,2,-300,-0.23,126400,132700,122900,223255,28623910000,3745396120200,28966714,KSQ
11,000250,KR7000250001,삼천당제약,KOSDAQ,중견기업부,157300,1,7700,5.15,146000,159000,142300,118266,18077001500,3689860345600,23457472,KSQ
12,087010,KR7087010005,펩트론,KOSDAQ,기술성장기업부,158000,1,30200,23.63,131100,158000,129700,168452,23925915550,3684141300000,23317350,KSQ
13,039030,KR7039030002,이오테크닉스,KOSDAQ,우량기업부,299000,1,3000,1.01,283000,302000,280000,48916,14249093500,3683545450000,12319550,KSQ
14,141080,KR7141080002,리가켐바이오,KOSDAQ GLOBAL,기술성장기업부,96700,1,9200,10.51,85500,96800,84900,147324,13431535700,3579777720600,37019418,KSQ
15,222800,KR7222800005,심텍,KOSDAQ GLOBAL,중견기업부,87300,1,4400,5.31,81500,90000,81200,323782,27973546400,3270601176300,37463931,KSQ
16,214370,KR7214370009,케어젠,KOSDAQ,벤처기업부,60100,1,4500,8.09,53800,60200,53300,44178,2477834600,3228271500000,53715000,KSQ
17,440110,KR7440110005,파두,KOSDAQ,기술성장기업부,62900,2,-500,-0.79,63400,65000,59900,251502,15982375400,3151983598300,50111027,KSQ
18,108490,KR7108490004,로보티즈,KOSDAQ,기술성장기업부,214500,1,30700,16.7,187800,221000,180800,257775,51998129600,3144790506000,14661028,KSQ
19,145020,KR7145020004,휴젤,KOSDAQ,우량기업부,243500,1,11000,4.73,230500,244000,228500,18032,4252427000,3047444625500,12515173,KSQ
20,214150,KR7214150005,클래시스,KOSDAQ GLOBAL,우량기업부,43500,1,2350,5.71,39150,43500,39150,86252,3543721900,2837751166500,65235659,KSQ
21,403870,KR7403870009,HPSP,KOSDAQ GLOBAL,우량기업부,34250,2,-350,-1.01,33300,34800,32600,996308,33574268625,2818775000000,82300000,KSQ
22,095340,KR7095340006,ISC,KOSDAQ,우량기업부,126900,2,-2700,-2.08,124900,129300,122200,73349,9235051950,2689906660200,21197058,KSQ
23,084370,KR7084370006,유진테크,KOSDAQ,우량기업부,116800,1,4500,4.01,111300,119600,107900,112542,12773117600,2676593705600,22916042,KSQ
24,347850,KR7347850000,디앤디파마텍,KOSDAQ,기술성장기업부,56800,1,6400,12.7,49550,57400,48950,565172,30103230775,2603576191200,45837609,KSQ
25,319400,KR7319400008,현대무벡스,KOSDAQ,우량기업부,22950,1,1650,7.75,21700,23700,20700,1777469,39480148600,2556080095050,111376039,KSQ
26,095610,KR7095610002,테스,KOSDAQ GLOBAL,우량기업부,130800,1,800,0.62,129900,137400,125700,307211,40553695850,2532288000000,19360000,KSQ
27,058610,KR7058610007,에스피지,KOSDAQ,우량기업부,108700,1,14100,14.9,100600,110600,97900,1476202,154404245350,2410679032000,22177360,KSQ
28,257720,KR7257720003,실리콘투,KOSDAQ,우량기업부,35550,1,1600,4.71,34000,35700,33500,156371,5418128525,2331235758600,65576252,KSQ
29,080220,KR7080220007,제주반도체,KOSDAQ,우량기업부,66400,1,1300,2.0,63500,67700,62300,1134695,73889009900,2287004111200,34442833,KSQ
30,226950,KR7226950004,올릭스,KOSDAQ GLOBAL,기술성장기업부,106400,1,11600,12.24,93900,106900,91300,104386,10344815100,2241087240000,21062850,KSQ
31,178320,KR7178320008,서진시스템,KOSDAQ,중견기업부,34150,1,1150,3.48,32000,35000,31350,306973,10265524100,2173672668550,63650737,KSQ
32,263750,KR7263750002,펄어비스,KOSDAQ,우량기업부,34450,1,1250,3.77,32900,34550,32700,122533,4096092125,2164972699500,62843910,KSQ
33,131290,KR7131290009,티에스이,KOSDAQ,우량기업부,195200,1,8600,4.61,189000,200000,182100,75899,14484093650,2159190940800,11061429,KSQ
34,310210,KR7310210000,보로노이,KOSDAQ,기술성장기업부,116200,1,5300,4.78,106100,118000,105000,51956,5699580800,2143087406600,18443093,KSQ
35,031980,KR7031980006,피에스케이홀딩스,KOSDAQ,우량기업부,98800,1,1000,1.02,95800,103100,93000,69895,6869127100,2130364626000,21562395,KSQ
36,067310,KR7067310003,하나마이크론,KOSDAQ,중견기업부,31000,1,1300,4.38,28600,31450,28200,758860,22799188275,2061216939000,66490869,KSQ
37,005290,KR7005290002,동진쎄미켐,KOSDAQ,우량기업부,39250,1,100,0.26,38150,40400,37300,198723,7714629525,2000577445500,50970126,KSQ
38,140410,KR7140410002,메지온,KOSDAQ,투자주의환기종목(소속부없음),65100,1,6100,10.34,60600,65700,57900,92437,5784149550,1992450209400,30605994,KSQ
39,357780,KR7357780006,솔브레인,KOSDAQ GLOBAL,우량기업부,254500,1,2000,0.79,246500,260500,242500,16749,4215031000,1979645047000,7778566,KSQ
40,237690,KR7237690003,에스티팜,KOSDAQ GLOBAL,우량기업부,94000,1,5500,6.21,86500,94200,85600,53585,4808608400,1962403972000,20876638,KSQ
41,098460,KR7098460009,고영,KOSDAQ,우량기업부,28450,1,1200,4.4,26900,28750,26350,1039250,28952850275,1940409859850,68204213,KSQ
42,064760,KR7064760002,티씨케이,KOSDAQ GLOBAL,우량기업부,169300,1,3800,2.3,158700,176700,158100,34695,5867498350,1892675128800,11179416,KSQ
43,068760,KR7068760008,셀트리온제약,KOSDAQ,우량기업부,41100,1,900,2.24,39200,41150,39000,39547,1579853450,1824935845200,44402332,KSQ
44,089970,KR7089970008,브이엠,KOSDAQ,우량기업부,65400,2,-100,-0.15,64800,68700,62800,356438,23470359550,1721770431000,26326765,KSQ
45,089030,KR7089030001,테크윙,KOSDAQ,중견기업부,45450,1,4000,9.65,41000,46450,40700,1049575,46600301650,1684088165250,37053645,KSQ
46,140860,KR7140860008,파크시스템스,KOSDAQ GLOBAL,우량기업부,236500,2,-18500,-7.25,238500,244000,229000,19377,4565565000,1656083918500,7002469,KSQ
47,041510,KR7041510009,에스엠,KOSDAQ GLOBAL,우량기업부,72100,1,3700,5.41,67200,72200,66500,47469,3261834500,1650707149000,22894690,KSQ
48,032820,KR7032820003,우리기술,KOSDAQ,벤처기업부,9590,1,560,6.2,8900,9730,8620,2111356,19720481070,1645693733740,171605186,KSQ
49,035900,KR7035900000,JYP Ent.,KOSDAQ GLOBAL,우량기업부,45575,1,2375,5.5,43150,45600,42100,110019,4791653550,1619393322900,35532492,KSQ
50,030530,KR7030530000,원익홀딩스,KOSDAQ,중견기업부,19590,1,4310,28.21,15280,19860,14850,2879591,53535156470,1513092047790,77237981,KSQ
51,420770,KR7420770000,기가비스,KOSDAQ,우량기업부,116900,1,13400,12.95,102300,131600,99300,118061,13360344650,1481796110200,12675758,KSQ
52,010170,KR7010170009,대한광통신,KOSDAQ,중견기업부,9420,1,890,10.43,8510,9850,8030,10406597,96195645720,1464674917200,155485660,KSQ
53,007390,KR7007390008,네이처셀,KOSDAQ,중견기업부,22400,1,400,1.82,21450,22550,20550,316972,6788585800,1443345254400,64435056,KSQ
54,060370,KR7060370004,LS마린솔루션,KOSDAQ,우량기업부,27400,1,1050,3.98,25850,27600,25150,57069,1500083900,1431344599600,52238854,KSQ
55,096530,KR7096530001,씨젠,KOSDAQ GLOBAL,우량기업부,27250,1,350,1.3,26200,27300,25850,109932,2905768550,1423158336500,52225994,KSQ
56,0009K0,KR70009K0001,에임드바이오,KOSDAQ,기술성장기업부,21725,1,1425,7.02,19520,21800,19410,68892,1405904985,1404980972725,64671161,KSQ
57,083650,KR7083650002,비에이치아이,KOSDAQ,우량기업부,43050,1,2750,6.82,39950,43350,39400,102778,4246174325,1332155343750,30944375,KSQ
58,950160,KR8840120008,코오롱티슈진,KOSDAQ,외국기업(소속부없음),15565,1,2565,19.73,13360,15800,12730,2653429,38382813850,1322560540400,84970160,KSQ
59,082920,KR7082920000,비츠로셀,KOSDAQ GLOBAL,우량기업부,29050,1,1550,5.64,26800,29400,26400,156051,4388228325,1311301806850,45139477,KSQ
60,437730,KR7437730005,삼현,KOSDAQ,기술성장기업부,41050,1,3400,9.03,39300,42150,38050,361015,14536446075,1301595625350,31707567,KSQ
61,290650,KR7290650001,엘앤씨바이오,KOSDAQ,우량기업부,48250,2,-3650,-7.03,46800,48450,42150,253908,11481791575,1301288218000,26969704,KSQ
62,131970,KR7131970006,두산테스나,KOSDAQ GLOBAL,우량기업부,65900,1,1800,2.81,65500,67800,63400,154552,10150359750,1273664984200,19327238,KSQ
63,039200,KR7039200001,오스코텍,KOSDAQ,벤처기업부,31700,1,1650,5.49,29200,31800,28850,75356,2264483500,1212784179200,38258176,KSQ
64,003380,KR7003380003,하림지주,KOSDAQ GLOBAL,우량기업부,10450,1,850,8.85,9400,10500,9370,432931,4353059355,1170458739450,112005621,KSQ
65,323280,KR7323280008,태성,KOSDAQ,중견기업부,38250,1,7000,22.4,36050,38800,34050,472956,17384481325,1168077735000,30537980,KSQ
66,218410,KR7218410009,RFHIC,KOSDAQ,우량기업부,43950,1,1250,2.93,41300,44700,40400,96037,4117353100,1167990675900,26575442,KSQ
67,078600,KR7078600004,대주전자재료,KOSDAQ,우량기업부,73900,1,3000,4.23,69300,74800,68500,39068,2790537900,1160535798200,15704138,KSQ
68,043260,KR7043260009,성호전자,KOSDAQ,우량기업부,15850,1,910,6.09,14260,16440,14200,598609,9261016675,1137107102050,71741773,KSQ
69,183300,KR7183300003,코미코,KOSDAQ,우량기업부,54400,0,0,0.0,0,0,0,0,0,1117664864000,20545310,KSQ
70,166090,KR7166090001,하나머티리얼즈,KOSDAQ,우량기업부,54600,1,2000,3.8,51400,56400,51000,68683,3686398150,1079861000400,19777674,KSQ
71,195940,KR7195940002,HK이노엔,KOSDAQ GLOBAL,우량기업부,37450,1,1350,3.74,35600,37500,35100,75299,2723117300,1060954417950,28329891,KSQ
72,475830,KR7475830006,오름테라퓨틱,KOSDAQ,기술성장기업부,48700,1,4100,9.19,42650,49000,42400,50436,2295096850,1057744033000,21719590,KSQ
73,491000,KR7491000006,리브스메드,KOSDAQ,기술성장기업부,41250,1,3800,10.15,37450,41900,36750,174455,7011912500,1041779928750,25255271,KSQ
74,127120,KR7127120004,제이에스링크,KOSDAQ,벤처기업부,29400,1,450,1.55,28950,29850,27750,26301,762235950,1021731085200,34752758,KSQ
75,458870,KR7458870003,씨어스,KOSDAQ,기술성장기업부,24650,1,900,3.79,23500,24750,22700,39250,940757900,938172591000,38059740,KSQ
76,031330,KR7031330004,에스에이엠티,KOSDAQ,우량기업부,8980,2,-30,-0.33,8680,9130,8600,301191,2663408990,897955701660,99995067,KSQ
77,101490,KR7101490001,에스앤에스텍,KOSDAQ GLOBAL,우량기업부,40950,1,100,0.24,40100,41350,39150,115904,4660332000,873663295050,21334879,KSQ
78,293490,KR7293490009,카카오게임즈,KOSDAQ GLOBAL,중견기업부,8160,1,190,2.38,7740,8170,7680,168632,1332341395,871041362400,106745265,KSQ
79,241710,KR7241710003,코스메카코리아,KOSDAQ GLOBAL,우량기업부,81000,1,2200,2.79,78300,81400,76500,26900,2121258800,865080000000,10680000,KSQ
80,085660,KR7085660009,차바이오텍,KOSDAQ,중견기업부,9190,1,740,8.76,8370,9280,8300,186338,1617122295,854420454740,92972846,KSQ
81,065350,KR7065350001,신성델타테크,KOSDAQ,우량기업부,30550,1,1550,5.34,30300,30900,29150,128616,3842079875,839634611400,27483948,KSQ
82,204270,KR7204270003,제이앤티씨,KOSDAQ,중견기업부,14430,1,1180,8.91,12610,14550,12610,197163,2728406520,834753364380,57848466,KSQ
83,347700,KR7347700007,스피어,KOSDAQ,기술성장기업부,15850,1,450,2.92,15200,16130,14500,299021,4605380315,817089087700,51551362,KSQ
84,086450,KR7086450004,동국제약,KOSDAQ GLOBAL,우량기업부,18000,1,500,2.86,17550,18030,17120,102525,1799555180,814147560000,45230420,KSQ
85,083450,KR7083450007,GST,KOSDAQ,우량기업부,44150,1,1300,3.03,42300,44900,42250,49311,2149188525,813684500000,18430000,KSQ
86,090710,KR7090710005,휴림로봇,KOSDAQ,중견기업부,6790,1,600,9.69,6270,6920,6070,2187534,14146947725,811805806910,119559029,KSQ
87,388720,KR7388720005,유일로보틱스,KOSDAQ,벤처기업부,68700,1,6400,10.27,62600,70400,61800,34309,2277195450,809378401500,11781345,KSQ
88,036540,KR7036540003,SFA반도체,KOSDAQ,중견기업부,4920,1,50,1.03,4815,4985,4630,727557,3508641226,809144690760,164460303,KSQ
89,038500,KR7038500005,삼표시멘트,KOSDAQ GLOBAL,우량기업부,7160,1,150,2.14,6840,7230,6760,223941,1561755775,772680750960,107916306,KSQ
90,328130,KR7328130000,루닛,KOSDAQ,기술성장기업부,10220,1,970,10.49,8830,10390,8810,224975,2141654495,760962599600,74458180,KSQ
91,476830,KR7476830005,알지노믹스,KOSDAQ,기술성장기업부,26750,1,2600,10.77,23400,26750,23400,129704,3241924500,750482913000,28055436,KSQ
92,213420,KR7213420003,덕산네오룩스,KOSDAQ,우량기업부,29950,2,-50,-0.17,29500,30450,28500,53572,1575466625,743693811050,24831179,KSQ
93,099320,KR7099320004,쎄트렉아이,KOSDAQ,우량기업부,67700,1,3400,5.29,62700,68000,61100,29505,1923412150,741401520600,10951278,KSQ
94,122870,KR7122870009,와이지엔터테인먼트,KOSDAQ GLOBAL,우량기업부,39500,1,1350,3.54,37800,39500,37300,63856,2429290175,738296435500,18691049,KSQ
95,281740,KR7281740001,레이크머티리얼즈,KOSDAQ,우량기업부,11220,1,380,3.51,10510,11320,10340,147458,1582675795,737496748560,65730548,KSQ
96,032190,KR7032190001,다우데이타,KOSDAQ,우량기업부,18970,1,200,1.07,18590,19050,18100,49736,921901390,726551000000,38300000,KSQ
97,056190,KR7056190002,SFA,KOSDAQ GLOBAL,우량기업부,20200,1,200,1.0,19600,20550,19330,52612,1041550175,725356952000,35908760,KSQ
98,417200,KR7417200003,LS머트리얼즈,KOSDAQ,중견기업부,10640,1,290,2.8,10080,10740,9910,215859,2224610695,719824291760,67652659,KSQ
99,252990,KR7252990007,샘씨엔에스,KOSDAQ,우량기업부,11930,1,950,8.65,10980,12530,10600,484874,5736200370,718399415770,60217889,KSQ
100,014620,KR7014620009,성광벤드,KOSDAQ GLOBAL,우량기업부,27000,1,250,0.93,26250,27200,25250,57823,1509889175,717048828000,26557364,KSQ
101,232140,KR7232140004,와이씨,KOSDAQ,우량기업부,8720,1,80,0.93,8550,8820,8070,351320,2976233895,715435452000,82045350,KSQ
102,100790,KR7100790005,미래에셋벤처투자,KOSDAQ,우량기업부,13210,1,710,5.68,12010,13400,11750,190785,2412757800,701722835380,53120578,KSQ
103,035760,KR7035760008,CJ ENM,KOSDAQ GLOBAL,중견기업부,31800,1,450,1.44,30600,31850,30300,30727,951699350,697347097200,21929154,KSQ
104,137400,KR7137400008,피엔티,KOSDAQ GLOBAL,우량기업부,29400,1,1100,3.89,27850,29550,27500,56888,1613572975,696507403200,23690728,KSQ
105,119850,KR7119850006,지엔씨에너지,KOSDAQ,우량기업부,42300,1,5700,15.57,36050,44850,35950,1046581,43496824900,695788850700,16448909,KSQ
106,388210,KR7388210007,씨엠티엑스,KOSDAQ,벤처기업부,71800,2,-400,-0.55,71000,75000,70000,14878,1069320800,693188648400,9654438,KSQ
107,074600,KR7074600008,원익QnC,KOSDAQ,우량기업부,26250,1,1550,6.28,24300,26750,24250,170030,4374786350,690060000000,26288000,KSQ
108,445680,KR7445680002,큐리옥스바이오시스템즈,KOSDAQ,기술성장기업부,40050,1,2500,6.66,36100,40300,36050,35015,1319970750,688990362750,17203255,KSQ
109,189300,KR7189300007,인텔리안테크,KOSDAQ,우량기업부,63700,1,5500,9.45,56600,64000,56400,32956,1992762100,683978558900,10737497,KSQ
110,115180,KR7115180002,큐리언트,KOSDAQ,벤처기업부,18130,1,1470,8.82,16630,18270,16260,60690,1043206080,680099830130,37512401,KSQ
111,466100,KR7466100005,클로봇,KOSDAQ,기술성장기업부,26300,1,3100,13.36,24300,27050,23350,351201,8746929075,669577985700,25459239,KSQ
112,033100,KR7033100009,제룡전기,KOSDAQ GLOBAL,우량기업부,41650,1,350,0.85,40950,42200,39900,61481,2531670850,668999334850,16062409,KSQ
113,253450,KR7253450001,스튜디오드래곤,KOSDAQ GLOBAL,우량기업부,22100,1,500,2.31,21250,22100,20650,30365,646659850,664292805800,30058498,KSQ
114,041830,KR7041830001,인바디,KOSDAQ,우량기업부,48950,1,2750,5.95,46950,49250,46050,28334,1362142025,659889173900,13480882,KSQ
115,093320,KR7093320000,케이아이엔엑스,KOSDAQ,우량기업부,135200,1,5500,4.24,128500,137500,128000,8866,1170149000,659776000000,4880000,KSQ
116,090360,KR7090360009,로보스타,KOSDAQ,중견기업부,67300,1,5900,9.61,62500,69400,60300,175101,11247993950,656175000000,9750000,KSQ
117,032500,KR7032500001,케이엠더블유,KOSDAQ,중견기업부,15540,1,1220,8.52,13540,15610,13540,104321,1539542750,655659033540,42191701,KSQ
118,036830,KR7036830008,솔브레인홀딩스,KOSDAQ GLOBAL,우량기업부,31250,1,250,0.81,30200,31700,29300,51414,1556613550,640749406250,20503981,KSQ
119,079940,KR7079940003,가비아,KOSDAQ,우량기업부,47200,1,200,0.43,46500,47250,46500,7396,347487800,633456284800,13420684,KSQ
120,019210,KR7019210004,와이지-원,KOSDAQ,우량기업부,17030,1,120,0.71,16570,17440,16240,279037,4687078575,633409187840,37193728,KSQ
121,006730,KR7006730006,서부T&D,KOSDAQ GLOBAL,우량기업부,9850,1,130,1.34,9600,9920,9450,127679,1236815210,633127691550,64276923,KSQ
122,048410,KR7048410005,현대바이오,KOSDAQ,중견기업부,6480,1,580,9.83,5760,6520,5760,646477,3926123525,625356106560,96505572,KSQ
123,053800,KR7053800009,안랩,KOSDAQ,우량기업부,55900,1,2900,5.47,52700,56000,52700,20841,1144149200,621971685400,11126506,KSQ
124,225570,KR7225570001,넥슨게임즈,KOSDAQ,중견기업부,9310,1,290,3.22,8750,9330,8740,64928,583178280,613158219940,65860174,KSQ
125,171090,KR7171090004,선익시스템,KOSDAQ,우량기업부,60000,1,700,1.18,57300,60500,57200,18751,1109717600,607657560000,10127626,KSQ
126,102710,KR7102710001,이엔에프테크놀로지,KOSDAQ,우량기업부,41300,2,-200,-0.48,40500,42400,39700,26611,1096298200,590087626800,14287836,KSQ
127,161580,KR7161580006,필옵틱스,KOSDAQ,중견기업부,25000,1,1000,4.17,23800,25350,23300,73570,1791471100,586056175000,23442247,KSQ
128,251970,KR7251970000,펌텍코리아,KOSDAQ GLOBAL,우량기업부,47250,1,1150,2.49,46000,48500,45650,24945,1171363025,585900000000,12400000,KSQ
129,052400,KR7052400009,코나아이,KOSDAQ GLOBAL,우량기업부,40150,1,450,1.13,38600,40500,38600,19409,764572950,584716133650,14563291,KSQ
130,023160,KR7023160005,태광,KOSDAQ GLOBAL,우량기업부,21950,1,150,0.69,21550,21950,21200,24360,525546800,567785961900,25867242,KSQ
131,094170,KR7094170008,동운아나텍,KOSDAQ,우량기업부,27100,1,200,0.74,26300,27250,25750,56973,1514507250,566659265600,20909936,KSQ
132,397030,KR7397030008,에이프릴바이오,KOSDAQ,기술성장기업부,24150,1,2000,9.03,21900,24450,21500,60067,1383369750,565443897900,23413826,KSQ
133,490470,KR7490470002,세미파이브,KOSDAQ,기술성장기업부,16440,2,-50,-0.3,16210,16840,15750,75461,1228990215,559378233600,34025440,KSQ
134,399720,KR7399720002,가온칩스,KOSDAQ,벤처기업부,46850,2,-1600,-3.3,46300,47350,44750,76295,3514225800,555586841400,11858844,KSQ
135,439960,KR7439960006,코스모로보틱스,KOSDAQ,기술성장기업부,17020,1,2280,15.47,15850,17430,15760,7087915,119094435775,552309654520,32450626,KSQ
136,050890,KR7050890003,쏠리드,KOSDAQ,우량기업부,9060,1,590,6.97,8390,9220,8210,509275,4495665605,550454198040,60756534,KSQ
137,041960,KR7041960006,코미팜,KOSDAQ,벤처기업부,7420,1,130,1.78,7290,7490,7120,73080,532309280,548237792900,73886495,KSQ
138,112040,KR7112040001,위메이드,KOSDAQ,중견기업부,16090,1,100,0.63,15510,16150,15250,89186,1395275130,546231091470,33948483,KSQ
139,376900,KR7376900007,로킷헬스케어,KOSDAQ,기술성장기업부,34250,1,2100,6.53,30850,34800,30450,107264,3502815675,543677273250,15873789,KSQ
140,052020,KR7052020005,에스티큐브,KOSDAQ,투자주의환기종목(소속부없음),7990,1,800,11.13,7070,8100,7070,113915,873253870,543186495090,67983291,KSQ
141,037460,KR7037460003,삼지전자,KOSDAQ,우량기업부,33250,1,700,2.15,32000,33500,31450,15546,505643950,542590856500,16318522,KSQ
142,044490,KR7044490001,태웅,KOSDAQ,우량기업부,27050,2,-400,-1.46,26750,27650,26100,70403,1896518975,541199656050,20007381,KSQ
143,086900,KR7086900008,메디톡스,KOSDAQ,우량기업부,73400,1,1400,1.94,70500,73400,70300,11644,835660900,535709679800,7298497,KSQ
144,124500,KR7124500000,아이티센글로벌,KOSDAQ,우량기업부,22900,1,1850,8.79,20550,23150,20550,82476,1794294550,531383668300,23204527,KSQ
145,222080,KR7222080004,SFA넥셀,KOSDAQ GLOBAL,우량기업부,6800,1,160,2.41,6470,6865,6320,247156,1622086335,528904979200,77780144,KSQ
146,053610,KR7053610002,프로텍,KOSDAQ,우량기업부,58300,1,600,1.04,56900,59700,56400,22105,1280150000,524700000000,9000000,KSQ
147,476060,KR7476060009,온코닉테라퓨틱스,KOSDAQ,기술성장기업부,11380,1,560,5.18,10850,11410,10750,83804,928856165,516741219200,45407840,KSQ
148,060250,KR7060250008,NHN KCP,KOSDAQ,우량기업부,12770,1,600,4.93,12050,12810,11820,131432,1619047770,512851002470,40160611,KSQ
149,358570,KR7358570000,지아이이노베이션,KOSDAQ,기술성장기업부,7910,1,500,6.75,7020,7910,7020,153940,1157752335,510321607460,64516006,KSQ
150,045100,KR7045100005,한양이엔지,KOSDAQ,우량기업부,29100,2,-1200,-3.96,30000,30050,28750,49314,1435866300,509250000000,17500000,KSQ
151,121600,KR7121600001,나노신소재,KOSDAQ,우량기업부,41200,1,1250,3.13,39150,41700,38250,24673,979946375,505202269200,12262191,KSQ
152,082270,KR7082270000,젬백스,KOSDAQ,벤처기업부,11340,1,1160,11.39,10010,11370,9930,117916,1254217180,502012762020,44269203,KSQ
153,211050,KR7211050000,인카금융서비스,KOSDAQ,우량기업부,10190,1,200,2.0,9700,10290,9630,51840,514756990,501996664830,49263657,KSQ
154,046890,KR7046890000,서울반도체,KOSDAQ GLOBAL,중견기업부,8600,1,90,1.06,8300,8690,8170,129341,1085400270,501426440000,58305400,KSQ
155,160190,KR7160190005,하이젠알앤엠,KOSDAQ,투자주의환기종목(소속부없음),16210,1,2220,15.87,14500,16600,13700,110106,1682341695,500694480000,30888000,KSQ
156,059090,KR7059090001,미코,KOSDAQ,벤처기업부,14940,1,290,1.98,14370,15140,14230,59218,873068095,499246663320,33416778,KSQ
157,376300,KR7376300000,디어유,KOSDAQ,우량기업부,20950,1,1110,5.59,19650,21000,19400,25180,502921875,497319605700,23738406,KSQ
158,456160,KR7456160001,지투지바이오,KOSDAQ,기술성장기업부,29850,1,2900,10.76,26450,29950,26000,41906,1184697050,496388366100,16629426,KSQ
159,099190,KR7099190001,아이센스,KOSDAQ,중견기업부,17190,1,440,2.63,16690,17210,16580,17641,298974085,494338141710,28757309,KSQ
160,383310,KR7383310000,에코프로에이치엔,KOSDAQ,우량기업부,23350,2,-500,-2.1,23650,23650,22300,58147,1338196200,489764662200,20974932,KSQ
161,067160,KR7067160002,SOOP,KOSDAQ GLOBAL,우량기업부,42500,2,-5500,-11.46,45400,45750,40400,103797,4355676200,488527597500,11494767,KSQ
162,101160,KR7101160000,월덱스,KOSDAQ,우량기업부,29550,1,200,0.68,28350,30300,28350,34464,1021741000,487899843150,16510993,KSQ
163,033500,KR7033500000,동성화인텍,KOSDAQ,우량기업부,16030,1,340,2.17,15540,16170,15150,32818,510953610,480731588820,29989494,KSQ
164,295310,KR7295310007,에이치브이엠,KOSDAQ,기술성장기업부,39600,1,4600,13.14,34700,39900,33450,51614,1943067675,477044607600,12046581,KSQ
165,460930,KR7460930001,현대힘스,KOSDAQ,우량기업부,13370,2,-280,-2.05,13420,13490,12850,387981,5103467420,474777671270,35510671,KSQ
166,340570,KR7340570001,티앤엘,KOSDAQ,우량기업부,58400,1,2800,5.04,58000,58800,57400,13184,763792600,474675200000,8128000,KSQ
167,015750,KR7015750003,성우하이텍,KOSDAQ,우량기업부,5800,1,190,3.39,5560,5820,5410,121611,684446735,464000000000,80000000,KSQ
168,034950,KR7034950006,한국기업평가,KOSDAQ,우량기업부,101800,1,500,0.49,99900,102000,99900,1014,102616100,462224325200,4540514,KSQ
169,122640,KR7122640006,예스티,KOSDAQ,벤처기업부,21200,2,-300,-1.4,21000,21900,20500,117215,2511844975,458016990000,21604575,KSQ
170,056080,KR7056080005,유진로봇,KOSDAQ,중견기업부,11950,1,1050,9.63,10910,12300,10540,297062,3385133265,456914057700,38235486,KSQ
171,035890,KR7035890003,서희건설,KOSDAQ,중견기업부,1954,2,-4,-0.2,1957,2000,1920,77888,151656582,449045724978,229808457,KSQ
172,475960,KR7475960001,토모큐브,KOSDAQ,기술성장기업부,33300,1,800,2.46,31800,33600,31700,8070,265147250,448756594200,13476174,KSQ
173,214430,KR7214430001,아이쓰리시스템,KOSDAQ,우량기업부,61400,1,2700,4.6,56800,61500,56000,9659,564939900,448663001000,7307215,KSQ
174,336570,KR7336570007,원텍,KOSDAQ,우량기업부,4935,1,70,1.44,4865,4965,4720,181087,877868760,440599988010,89280646,KSQ
175,009520,KR7009520008,포스코엠텍,KOSDAQ GLOBAL,중견기업부,10570,1,340,3.32,10060,10640,9920,94471,967599240,440163370710,41642703,KSQ
176,033790,KR7033790007,피노,KOSDAQ,중견기업부,5250,1,40,0.77,5060,5350,5010,114466,591475640,437439906750,83321887,KSQ
177,042000,KR7042000000,카페24,KOSDAQ,우량기업부,18060,1,1210,7.18,16250,18150,16200,42081,722876340,436657732140,24178169,KSQ
178,215200,KR7215200007,메가스터디교육,KOSDAQ,우량기업부,41600,1,650,1.59,40500,41750,39950,14755,601531750,431192985600,10365216,KSQ
179,144960,KR7144960002,뉴파워프라즈마,KOSDAQ,우량기업부,9780,2,-230,-2.3,9910,10180,9640,420405,4159055050,427313862720,43692624,KSQ
180,036810,KR7036810000,에프에스티,KOSDAQ,중견기업부,19650,1,1240,6.74,18000,19900,17820,58112,1096116260,425418353850,21649789,KSQ
181,126340,KR7126340009,비나텍,KOSDAQ,벤처기업부,59000,1,2500,4.42,56900,61300,52800,42155,2453385000,423644426000,7180414,KSQ
182,030520,KR7030520001,한컴,KOSDAQ,우량기업부,17510,1,460,2.7,16610,17580,16610,64737,1107669800,423387317440,24179744,KSQ
183,174900,KR7174900001,앱클론,KOSDAQ,벤처기업부,21100,1,1400,7.11,19650,21300,19220,41341,846922560,420989921900,19952129,KSQ
184,018290,KR7018290007,브이티,KOSDAQ,우량기업부,12040,1,350,2.99,11410,12070,11400,63761,745747530,420699729520,34941838,KSQ
185,077360,KR7077360006,덕산하이메탈,KOSDAQ,벤처기업부,9090,1,330,3.77,8460,9550,8410,408813,3737548810,413022348180,45437002,KSQ
186,078130,KR7078130002,국일제지,KOSDAQ,중견기업부,3650,1,5,0.14,3605,3740,3555,39827,144329800,411503142550,112740587,KSQ
187,095660,KR7095660007,네오위즈,KOSDAQ,우량기업부,19000,1,730,4.0,17900,19080,17900,45703,847613270,411092721000,21636459,KSQ
188,348370,KR7348370008,엔켐,KOSDAQ,중견기업부,18630,1,1200,6.88,17700,18790,17010,84884,1517638380,408201799590,21910993,KSQ
189,104830,KR7104830005,원익머트리얼즈,KOSDAQ,우량기업부,31800,1,450,1.44,30650,32100,30000,24387,761799900,400934400000,12608000,KSQ
190,272290,KR7272290008,이녹스첨단소재,KOSDAQ GLOBAL,우량기업부,20100,1,500,2.55,19210,20150,19010,56504,1103278525,400743930900,19937509,KSQ
191,486990,KR7486990005,노타,KOSDAQ,기술성장기업부,18690,1,130,0.7,18310,18870,18000,92984,1708445395,399824516700,21392430,KSQ
192,278280,KR7278280003,천보,KOSDAQ,중견기업부,32350,1,1200,3.85,30850,32650,29550,15548,478444475,396385358750,12253025,KSQ
193,372320,KR7372320002,큐로셀,KOSDAQ,기술성장기업부,25200,1,2100,9.09,23750,25250,23350,18032,437740725,383724230400,15227152,KSQ
194,368770,KR7368770004,파이버프로,KOSDAQ,벤처기업부,11670,1,550,4.95,11120,11830,10800,42678,488488490,383408805750,32854225,KSQ
195,036620,KR7036620003,감성코퍼레이션,KOSDAQ,우량기업부,4250,1,145,3.53,4000,4255,3945,114318,466746380,381917512000,89862944,KSQ
196,219130,KR7219130002,타이거일렉,KOSDAQ,벤처기업부,60400,2,-200,-0.33,59900,62700,59500,12341,754864350,381383116000,6314290,KSQ
197,170920,KR7170920003,엘티씨,KOSDAQ,벤처기업부,36100,1,1550,4.49,35100,37300,33750,260558,9302484450,381364948600,10564126,KSQ
198,389470,KR7389470006,인벤티지랩,KOSDAQ,기술성장기업부,28600,1,1350,4.95,27250,29100,26450,16763,465882700,380600448800,13307708,KSQ
199,425420,KR7425420007,티에프이,KOSDAQ,우량기업부,30800,1,1550,5.3,28550,32050,28200,32824,993811600,380293174800,12347181,KSQ
200,069080,KR7069080000,웹젠,KOSDAQ GLOBAL,우량기업부,12280,1,510,4.33,11530,12300,11530,72866,877909520,380269541000,30966575,KSQ
201,027360,KR7027360007,아주IB투자,KOSDAQ,중견기업부,3130,1,145,4.86,2850,3160,2775,499439,1492027765,379185120780,121145406,KSQ
202,253590,KR7253590004,네오셈,KOSDAQ,우량기업부,8620,1,370,4.48,8010,8630,7750,110231,910514675,378152193680,43869164,KSQ
203,013030,KR7013030002,하이록코리아,KOSDAQ,우량기업부,31850,1,250,0.79,31500,31900,30750,9999,312172650,374815386400,11768144,KSQ
204,455900,KR7455900001,엔젤로보틱스,KOSDAQ,기술성장기업부,24250,1,4100,20.35,22750,25400,22300,598014,14429467925,373279789250,15392981,KSQ
205,041190,KR7041190000,우리기술투자,KOSDAQ,우량기업부,4435,1,90,2.07,4230,4450,4200,129699,558352221,372540000000,84000000,KSQ
206,365340,KR7365340009,성일하이텍,KOSDAQ,기술성장기업부,28550,1,500,1.78,28400,29100,27500,11473,325903825,368897833250,12921115,KSQ
207,078340,KR7078340007,컴투스,KOSDAQ GLOBAL,중견기업부,30450,1,850,2.87,29450,30850,29450,41262,1245063175,368180480850,12091313,KSQ
208,199800,KR7199800004,툴젠,KOSDAQ,기술성장기업부,40600,1,1300,3.31,39100,40750,38650,8801,348396025,365303737400,8997629,KSQ
209,236200,KR7236200002,슈프리마,KOSDAQ,우량기업부,52300,1,1200,2.35,51500,53800,51300,21274,1124251550,364756465300,6974311,KSQ
210,025980,KR7025980004,아난티,KOSDAQ,우량기업부,3720,1,140,3.91,3520,3730,3480,282431,1015204671,361959682800,97300990,KSQ
211,060280,KR7060280005,큐렉소,KOSDAQ,중견기업부,8770,1,520,6.3,8120,8860,8030,122401,1032738785,361848358300,41259790,KSQ
212,003800,KR7003800000,에이스침대,KOSDAQ,우량기업부,32500,2,-50,-0.15,32200,32850,32150,5112,164697000,360425000000,11090000,KSQ
213,064290,KR7064290000,인텍플러스,KOSDAQ,중견기업부,27800,1,200,0.72,27150,29150,26600,76686,2145482500,360220668400,12957578,KSQ
214,290550,KR7290550003,디케이티,KOSDAQ,우량기업부,17900,1,600,3.47,17100,18540,16520,156148,2766690165,358022017000,20001230,KSQ
215,332570,KR7332570001,PS일렉트로닉스,KOSDAQ,우량기업부,7620,1,350,4.81,7470,7790,7220,2058783,15614027160,355942110060,46711563,KSQ
216,200710,KR7200710002,에이디테크놀로지,KOSDAQ,중견기업부,26400,2,-350,-1.31,25500,27050,25500,52067,1370479050,355396984800,13462007,KSQ
217,033160,KR7033160003,엠케이전자,KOSDAQ,중견기업부,14680,1,190,1.31,14260,15400,14200,414200,6122020730,355174760880,24194466,KSQ
218,477850,KR7477850002,마키나락스,KOSDAQ,기술성장기업부,19970,2,-20,-0.1,20500,20900,19480,488437,9877929895,354562077920,17754736,KSQ
219,204620,KR7204620009,글로벌텍스프리,KOSDAQ,우량기업부,4970,1,230,4.85,4805,5070,4550,632653,3135393499,349308150100,70283330,KSQ
220,078020,KR7078020005,LS증권,KOSDAQ,우량기업부,6290,1,10,0.16,6360,6370,5840,38067,236591200,348976685100,55481190,KSQ
221,033640,KR7033640004,네패스,KOSDAQ,중견기업부,15130,2,-30,-0.2,15160,15600,14500,46477,701393275,348885726260,23059202,KSQ
222,241770,KR7241770007,메카로,KOSDAQ,우량기업부,34200,1,1400,4.27,32600,34550,31900,8526,285173600,348588288000,10192640,KSQ
223,064260,KR7064260003,다날,KOSDAQ,중견기업부,4585,1,65,1.44,4455,4640,4355,1342835,6059953265,346834420345,75645457,KSQ
224,348340,KR7348340001,뉴로메카,KOSDAQ,기술성장기업부,27900,1,1750,6.69,26250,28300,25200,149468,4022989400,346215312900,12409151,KSQ
225,448900,KR7448900001,한국피아이엠,KOSDAQ,기술성장기업부,56400,1,5100,9.94,53300,57300,51200,88311,4848779950,342599374800,6074457,KSQ
226,078160,KR7078160009,메디포스트,KOSDAQ,벤처기업부,8660,1,320,3.84,8280,8700,8110,18511,155343710,339511861980,39204603,KSQ
227,089010,KR7089010003,켐트로닉스,KOSDAQ,우량기업부,20050,1,550,2.82,19150,20350,18960,43258,855247785,336239041350,16770027,KSQ
228,025320,KR7025320003,시노펙스,KOSDAQ,우량기업부,3610,1,145,4.18,3420,3650,3365,275728,960839650,332706455330,92162453,KSQ
229,089890,KR7089890008,코세스,KOSDAQ,우량기업부,20000,1,300,1.52,19300,20600,19040,86267,1709081660,331699240000,16584962,KSQ
230,356860,KR7356860007,티엘비,KOSDAQ,우량기업부,27750,1,1350,5.11,26500,28100,25500,172783,4656394250,330381232500,11905630,KSQ
231,039440,KR7039440003,에스티아이,KOSDAQ,우량기업부,21100,2,-850,-3.87,21400,21900,20600,59699,1263318200,327198691700,15507047,KSQ
232,160980,KR7160980009,싸이맥스,KOSDAQ,우량기업부,29400,2,-850,-2.81,29900,31450,28650,43545,1293736150,321172744200,10924243,KSQ
233,092730,KR7092730001,네오팜,KOSDAQ,우량기업부,19950,1,830,4.34,19320,19960,18920,18961,372768080,319758380550,16027989,KSQ
234,348210,KR7348210006,넥스틴,KOSDAQ,우량기업부,30150,1,1300,4.51,27600,30500,27500,63545,1857015525,315881700750,10477005,KSQ
235,084110,KR7084110006,휴온스글로벌,KOSDAQ,우량기업부,24300,1,1800,8.0,22350,24350,22150,11704,273993550,307633431600,12659812,KSQ
236,389650,KR7389650003,넥스트바이오메디컬,KOSDAQ,기술성장기업부,37150,1,2500,7.22,34050,37400,34000,11337,403718350,307501174900,8277286,KSQ
237,441270,KR7441270006,파인엠텍,KOSDAQ,벤처기업부,7280,1,220,3.12,7280,7370,7050,100128,721938505,306080662160,42044047,KSQ
238,125490,KR7125490003,한라캐스트,KOSDAQ,벤처기업부,8330,1,1040,14.27,7250,8570,7000,648307,5089434700,304064592160,36502352,KSQ
239,243070,KR7243070000,휴온스,KOSDAQ,우량기업부,25300,1,750,3.05,24400,25700,24350,5968,149896050,303085524500,11979665,KSQ
240,215600,KR7215600008,신라젠,KOSDAQ,중견기업부,2170,1,100,4.83,2070,2185,2050,232299,493618983,300661233880,138553564,KSQ
241,092460,KR7092460005,한라IMS,KOSDAQ,우량기업부,17540,1,340,1.98,17300,17540,17060,8729,151356460,300103787200,17109680,KSQ
242,101930,KR7101930006,인화정공,KOSDAQ,우량기업부,6550,1,40,0.61,6710,6840,6260,2508,16173795,299300095050,45694671,KSQ
243,025770,KR7025770009,한국정보통신,KOSDAQ,우량기업부,7960,1,210,2.71,7580,8050,7560,34816,273657490,298056397160,37444271,KSQ
244,036890,KR7036890002,진성티이씨,KOSDAQ,우량기업부,13480,1,180,1.35,13200,13480,13010,21371,283944870,296999758040,22032623,KSQ
245,206650,KR7206650004,유바이오로직스,KOSDAQ,우량기업부,8070,1,140,1.77,7860,8090,7700,42992,339396145,296591117490,36752307,KSQ
246,025900,KR7025900002,동화기업,KOSDAQ,중견기업부,5860,1,270,4.83,5400,5900,5360,38588,218100930,296265690100,50557285,KSQ
247,376270,KR7376270005,HEM파마,KOSDAQ,기술성장기업부,40800,1,2900,7.65,37900,40800,37500,3758,147019150,294541197600,7219147,KSQ
248,117730,KR7117730002,티로보틱스,KOSDAQ,벤처기업부,12910,1,600,4.87,12590,13100,12000,121451,1533192085,291224335130,22558043,KSQ
249,330860,KR7330860008,네패스아크,KOSDAQ,중견기업부,23900,1,300,1.27,23050,24600,21600,67498,1598096725,291198675500,12184045,KSQ
250,006910,KR7006910004,보성파워텍,KOSDAQ,우량기업부,5920,1,170,2.96,5610,5970,5540,337205,1957338850,290848558080,49129824,KSQ
251,228760,KR7228760005,지노믹트리,KOSDAQ,기술성장기업부,11650,1,310,2.73,11180,11660,10950,72622,816595680,289609703300,24859202,KSQ
252,049070,KR7049070006,인탑스,KOSDAQ,우량기업부,17560,1,240,1.39,17300,17650,16830,28455,492497610,289118498920,16464607,KSQ
253,110990,KR7110990009,디아이티,KOSDAQ,우량기업부,15290,1,190,1.26,14850,15600,14690,23249,351455450,288981000000,18900000,KSQ
254,101730,KR7101730000,위메이드맥스,KOSDAQ,중견기업부,3435,1,115,3.46,3190,3435,3190,69049,226232567,287864287410,83803286,KSQ
255,356680,KR7356680009,엑스게이트,KOSDAQ,벤처기업부,10050,1,230,2.34,9730,10270,9470,199144,1964501330,286862094600,28543492,KSQ
256,054950,KR7054950001,제이브이엠,KOSDAQ,우량기업부,23700,2,-50,-0.21,23750,24600,23600,24053,577866175,286530440400,12089892,KSQ
257,121440,KR7121440002,골프존홀딩스,KOSDAQ,우량기업부,6680,1,10,0.15,6670,6690,6670,17128,114375660,286149944240,42836818,KSQ
258,136480,KR7136480001,하림,KOSDAQ,우량기업부,2665,1,10,0.38,2645,2675,2615,109785,290248603,283048855830,106209702,KSQ
259,419530,KR7419530001,SAMG엔터,KOSDAQ,기술성장기업부,27600,1,400,1.47,27200,28100,26350,24395,667832900,281722501200,10207337,KSQ
260,078350,KR7078350006,한양디지텍,KOSDAQ,우량기업부,18400,1,330,1.83,17330,18690,17120,59368,1079036900,280496628800,15244382,KSQ
261,024850,KR7024850000,HLB이노베이션,KOSDAQ,중견기업부,8820,1,520,6.27,8300,8930,8300,98658,857337930,280066258080,31753544,KSQ
262,900290,HK0000307485,GRT,KOSDAQ,외국기업(소속부없음),3415,1,60,1.79,3375,3510,3305,286995,978539634,279347000000,81800000,KSQ
263,265520,KR7265520007,AP시스템,KOSDAQ,우량기업부,18560,1,300,1.64,17920,18720,17910,39544,726200115,279343237760,15050821,KSQ
264,091700,KR7091700005,파트론,KOSDAQ,우량기업부,5540,1,150,2.78,5270,5540,5270,79152,430483255,277000000000,50000000,KSQ
265,017890,KR7017890005,한국알콜,KOSDAQ,우량기업부,13340,2,-140,-1.04,13480,13570,13250,10266,137581880,275784570040,20673506,KSQ
266,051500,KR7051500007,CJ프레시웨이,KOSDAQ,우량기업부,23200,1,650,2.88,22750,23200,22300,2784,63550150,275420795200,11871586,KSQ
267,200670,KR7200670008,휴메딕스,KOSDAQ,우량기업부,24400,1,400,1.67,24000,24500,23500,4756,114354650,274010292000,11229930,KSQ
268,047920,KR7047920004,HLB제약,KOSDAQ,기술성장기업부,8350,1,200,2.45,8040,8450,7990,141983,1172763655,273874622600,32799356,KSQ
269,107640,KR7107640005,한중엔시에스,KOSDAQ,기술성장기업부,30100,1,1700,5.99,27650,30250,27400,23355,677547975,272854874600,9064946,KSQ
270,482630,KR7482630001,삼양엔씨켐,KOSDAQ,중견기업부,12370,1,190,1.56,12300,12800,11880,56163,686521500,270758023600,21888280,KSQ
271,035810,KR7035810001,이지홀딩스,KOSDAQ,우량기업부,4190,1,55,1.33,4165,4190,4060,116238,477999831,270322815150,64516185,KSQ
272,484810,KR7484810007,티엑스알로보틱스,KOSDAQ,벤처기업부,17450,4,4020,29.93,16200,17450,15600,731065,12149542630,269618466750,15450915,KSQ
273,042520,KR7042520007,한스바이오메드,KOSDAQ,벤처기업부,18830,1,230,1.24,18570,18930,18010,66376,1234157180,268541540610,14261367,KSQ
274,309710,KR7309710002,아이티켐,KOSDAQ,관리종목(소속부없음),21000,0,0,0.0,0,0,0,0,0,268443021000,12783001,KSQ
275,079370,KR7079370003,제우스,KOSDAQ,우량기업부,8640,1,190,2.25,8300,8730,8200,73975,628458285,267986793600,31016990,KSQ
276,472850,KR7472850007,폰드그룹,KOSDAQ,중견기업부,4645,1,195,4.38,4480,4925,4380,101914,478529080,267420323540,57571652,KSQ
277,098070,KR7098070006,한텍,KOSDAQ,중견기업부,23950,1,450,1.91,22750,24200,22700,12289,287877300,266351326950,11121141,KSQ
278,182400,KR7182400002,엔케이젠바이오텍코리아,KOSDAQ,관리종목(소속부없음),3670,0,0,0.0,0,0,0,0,0,265496721770,72342431,KSQ
279,035600,KR7035600006,KG이니시스,KOSDAQ,우량기업부,9630,1,10,0.1,9600,9700,9520,25939,249268695,265349199420,27554434,KSQ
280,099440,KR7099440000,스맥,KOSDAQ,중견기업부,3865,2,-20,-0.51,3820,3935,3730,199215,760286836,263760717810,68243394,KSQ
281,267980,KR7267980001,매일유업,KOSDAQ,우량기업부,34150,1,200,0.59,34000,34500,33750,2433,82735800,261713237700,7663638,KSQ
282,151860,KR7151860004,KG에코솔루션,KOSDAQ,우량기업부,5440,1,50,0.93,5260,5480,5260,35184,189155070,258960330880,47603002,KSQ
283,043150,KR7043150002,바텍,KOSDAQ,우량기업부,17430,1,80,0.46,17210,17520,17000,23958,412716370,258909682080,14854256,KSQ
284,439090,KR7439090002,마녀공장,KOSDAQ,우량기업부,15750,1,220,1.42,15760,15900,15260,80090,1250364435,258193845000,16393260,KSQ
285,206640,KR7206640005,바디텍메드,KOSDAQ,우량기업부,11770,1,220,1.9,11630,11820,11520,17999,210511705,257856230170,21907921,KSQ
286,168360,KR7168360006,펨트론,KOSDAQ,벤처기업부,11500,1,40,0.35,11280,11660,10920,29630,336585520,257514405500,22392557,KSQ
287,287840,KR7287840003,인투셀,KOSDAQ,기술성장기업부,17130,1,950,5.87,15570,17440,15570,30669,507780575,257326174800,15021960,KSQ
288,194700,KR7194700001,노바렉스,KOSDAQ,우량기업부,14080,1,80,0.57,14000,14350,13760,32261,454359150,257028259840,18254848,KSQ
289,121800,KR7121800007,비덴트,KOSDAQ,관리종목(소속부없음),3320,0,0,0.0,0,0,0,0,0,256309348520,77201611,KSQ
290,036800,KR7036800001,나이스정보통신,KOSDAQ,우량기업부,28150,0,0,0.0,0,0,0,0,0,256165000000,9100000,KSQ
291,093520,KR7093520005,매커스,KOSDAQ,우량기업부,21450,1,1000,4.89,20300,21700,20300,13381,284408125,255294403650,11901837,KSQ
292,067630,KR7067630004,HLB생명과학,KOSDAQ,투자주의환기종목(소속부없음),2090,1,70,3.47,2020,2090,1990,85879,175792569,254806651220,121917058,KSQ
293,481070,KR7481070001,에이유브랜즈,KOSDAQ,중견기업부,17760,2,-830,-4.46,18310,18600,17200,26511,465358300,254505240000,14330250,KSQ
294,424870,KR7424870004,이뮨온시아,KOSDAQ,기술성장기업부,2785,1,85,3.15,2580,2795,2580,70515,189314505,254193269165,91272269,KSQ
295,352480,KR7352480008,씨앤씨인터내셔널,KOSDAQ,우량기업부,18640,1,740,4.13,17580,18680,17570,8192,147714220,254061354640,13629901,KSQ
296,200130,KR7200130003,콜마비앤에이치,KOSDAQ GLOBAL,우량기업부,8630,1,220,2.62,8410,8730,8260,31056,263761670,253856265540,29415558,KSQ
297,377460,KR7377460001,큐에이드,KOSDAQ,관리종목(소속부없음),4080,0,0,0.0,0,0,0,0,0,253187202960,62055687,KSQ
298,114810,KR7114810005,한솔아이원스,KOSDAQ,우량기업부,8920,1,380,4.45,8500,9130,8370,100731,884793580,251037112080,28143174,KSQ
299,493280,KR7493280002,아이엠바이오로직스,KOSDAQ,기술성장기업부,16820,1,1510,9.86,15300,16820,14850,22070,349410665,249550754180,14836549,KSQ
300,108860,KR7108860008,셀바스AI,KOSDAQ,벤처기업부,9270,1,1190,14.73,9110,9400,8650,1349285,12206868355,249500103300,26914790,KSQ
301,314930,KR7314930009,바이오다인,KOSDAQ,기술성장기업부,8340,1,90,1.09,8250,8630,8040,4669,39137530,248232619020,29764103,KSQ
302,023410,KR7023410004,유진기업,KOSDAQ,중견기업부,3210,1,25,0.78,3195,3240,3140,131837,420812495,248167870230,77310863,KSQ
303,187660,KR7187660006,페니트리움바이오,KOSDAQ,중견기업부,4465,1,205,4.81,4220,4490,3665,647135,2613535429,247656819645,55466253,KSQ
304,394280,KR7394280002,오픈엣지테크놀로지,KOSDAQ,기술성장기업부,9380,1,280,3.08,9100,9500,9020,53690,496781450,247130451400,26346530,KSQ
305,064820,KR7064820004,케이프,KOSDAQ,우량기업부,7970,1,30,0.38,7920,8050,7780,18328,145573530,245955913550,30860215,KSQ
306,194480,KR7194480000,데브시스터즈,KOSDAQ,중견기업부,20100,1,1640,8.88,19760,20200,18900,128276,2498862140,243795915000,12129150,KSQ
307,060720,KR7060720000,KH바텍,KOSDAQ,중견기업부,10290,1,580,5.97,9720,10390,9620,174648,1760223020,243640878180,23677442,KSQ
308,180400,KR7180400004,DXVX,KOSDAQ,관리종목(소속부없음),2440,1,130,5.63,2305,2500,2235,20971,50237869,240167814080,98429432,KSQ
309,475400,KR7475400008,씨메스로보틱스,KOSDAQ,기술성장기업부,20150,1,1460,7.81,19830,20400,18910,165620,3279547600,237908914100,11806894,KSQ
310,234340,KR7234340008,헥토파이낸셜,KOSDAQ,우량기업부,16980,1,560,3.41,16270,17060,15950,56433,931836300,237221738880,13970656,KSQ
311,215000,KR7215000001,골프존,KOSDAQ,우량기업부,37800,2,-1400,-3.57,38500,39050,37250,12144,459959575,237210687000,6275415,KSQ
312,484590,KR7484590005,삼양컴텍,KOSDAQ,벤처기업부,5750,3,0,0.0,5700,5800,5470,46055,261283560,236960087500,41210450,KSQ
313,039830,KR7039830005,오로라,KOSDAQ,우량기업부,21900,2,-50,-0.23,22050,23000,21350,70883,1568604050,235707291000,10762890,KSQ
314,468530,KR7468530001,프로티나,KOSDAQ,기술성장기업부,21150,1,2630,14.2,18360,21500,18360,26351,530835860,233394649200,11035208,KSQ
315,092190,KR7092190008,서울바이오시스,KOSDAQ,투자주의환기종목(소속부없음),5000,1,265,5.6,4685,5150,4585,65072,321585045,229341915000,45868383,KSQ
316,080580,KR7080580004,오킨스전자,KOSDAQ,벤처기업부,10860,1,170,1.59,10500,11100,10150,33852,361313480,229047771300,21090955,KSQ
317,950170,KR8392080006,JTC,KOSDAQ,외국기업(소속부없음),4425,1,45,1.03,4245,4570,4245,9651,43062905,228977589900,51746348,KSQ
318,389500,KR7389500000,에스비비테크,KOSDAQ,기술성장기업부,34250,1,3900,12.85,32000,35200,30550,87868,2869658125,228223916000,6663472,KSQ
319,005710,KR7005710009,대원산업,KOSDAQ,우량기업부,11370,1,100,0.89,11150,11370,11070,3768,42202170,227827512000,20037600,KSQ
320,043370,KR7043370006,피에이치에이,KOSDAQ,우량기업부,10840,1,140,1.31,10690,10890,10560,2195,23650700,227640000000,21000000,KSQ
321,488900,KR7488900002,비츠로넥스텍,KOSDAQ,기술성장기업부,7850,1,500,6.8,7240,7910,7240,55837,424901010,227465077550,28976443,KSQ
322,036200,KR7036200004,유니셈,KOSDAQ,우량기업부,7410,2,-80,-1.07,7450,7560,7170,69303,512515545,227221892430,30664223,KSQ
323,069540,KR7069540003,빛과전자,KOSDAQ,벤처기업부,2015,1,137,7.29,1875,2070,1809,5023894,9908429202,227074172455,112691897,KSQ
324,138080,KR7138080007,오이솔루션,KOSDAQ,벤처기업부,18090,1,2390,15.22,15750,18360,15340,138985,2402054260,223913642220,12377758,KSQ
325,065710,KR7065710006,서호전기,KOSDAQ,우량기업부,43400,3,0,0.0,43400,43900,42800,2796,120953850,223510000000,5150000,KSQ
326,389260,KR7389260001,대명에너지,KOSDAQ,우량기업부,12460,1,250,2.05,12000,12610,11700,80336,981815785,223237409500,17916325,KSQ
327,061090,KR7061090007,세나테크놀로지,KOSDAQ,중견기업부,40700,1,2600,6.82,37550,41100,36500,17054,660469900,222529285000,5467550,KSQ
328,290690,KR7290690007,아리바이오홀딩스,KOSDAQ,중견기업부,4225,1,25,0.6,4200,4305,4085,184091,776240115,222233352250,52599610,KSQ
329,085910,KR7085910008,네오티스,KOSDAQ,중견기업부,16090,1,240,1.51,14980,16550,14980,33254,526065425,221958621620,13794818,KSQ
330,099430,KR7099430001,바이오플러스,KOSDAQ,우량기업부,3600,1,75,2.13,3520,3630,3425,73845,260745695,221906599200,61640722,KSQ
331,073490,KR7073490005,LIG아큐버,KOSDAQ,우량기업부,29150,1,2650,10.0,26900,29450,26400,48620,1367579850,221652110900,7603846,KSQ
332,272110,KR7272110008,케이엔제이,KOSDAQ,우량기업부,27450,1,2650,10.69,24550,27500,24400,94449,2489357300,220297092750,8025395,KSQ
333,393890,KR7393890009,더블유씨피,KOSDAQ,기술성장기업부,6480,1,200,3.18,6280,6500,5920,72560,458973550,219303573120,33843144,KSQ
334,144510,KR7144510005,지씨셀,KOSDAQ,중견기업부,13750,1,390,2.92,13260,13810,13050,46044,617554050,217254730000,15800344,KSQ
335,036030,KR7036030005,케이티알파,KOSDAQ,우량기업부,4430,2,-20,-0.45,4310,4455,4310,20351,89326055,217154794630,49019141,KSQ
336,053030,KR7053030003,바이넥스,KOSDAQ,중견기업부,6640,1,240,3.75,6340,6650,6310,13894,90426650,217023008320,32684188,KSQ
337,304360,KR7304360001,에스바이오메딕스,KOSDAQ,벤처기업부,17520,1,890,5.35,16640,17540,15510,12684,213554770,216987442560,12385128,KSQ
338,377450,KR7377450002,리파인,KOSDAQ,우량기업부,12440,2,-140,-1.11,12450,12740,12280,30876,385347810,215585200000,17330000,KSQ
339,052710,KR7052710001,아모텍,KOSDAQ,중견기업부,14730,1,690,4.91,13890,16000,13510,314625,4755149495,215242802580,14612546,KSQ
340,094360,KR7094360005,칩스앤미디어,KOSDAQ,벤처기업부,10060,1,250,2.55,9770,10180,9650,27638,274770010,214834056440,21355274,KSQ
341,068930,KR7068930007,디지털대성,KOSDAQ,우량기업부,7730,3,0,0.0,7730,7800,7670,8310,64053750,213930393660,27675342,KSQ
342,450950,KR7450950001,아스테라시스,KOSDAQ,벤처기업부,5660,1,30,0.53,5600,5720,5410,4276,23914690,212972170720,37627592,KSQ
343,023760,KR7023760002,한국캐피탈,KOSDAQ,우량기업부,670,0,0,0.0,0,0,0,0,0,211458415920,315609576,KSQ
344,327260,KR7327260006,RF머트리얼즈,KOSDAQ,벤처기업부,23500,1,1150,5.15,22350,24550,21600,109238,2525183000,211385672500,8995135,KSQ
345,052330,KR7052330008,코텍,KOSDAQ,우량기업부,11900,1,120,1.02,11850,11920,11220,3575,41584260,211362909100,17761589,KSQ
346,200470,KR7200470003,에이팩트,KOSDAQ,중견기업부,4980,1,180,3.75,4695,5070,4650,385610,1882230712,210963223140,42362093,KSQ
347,461300,KR7461300006,아이스크림미디어,KOSDAQ,벤처기업부,15750,1,70,0.45,15680,15970,15320,5891,91571880,209851944750,13323933,KSQ
348,452430,KR7452430002,사피엔반도체,KOSDAQ,기술성장기업부,25350,1,150,0.6,24450,25700,24400,12079,303236050,209274922350,8255421,KSQ
349,298830,KR7298830001,슈어소프트테크,KOSDAQ,우량기업부,3910,1,295,8.16,3680,3940,3615,235612,896210085,209022731090,53458499,KSQ
350,217730,KR7217730001,강스템바이오텍,KOSDAQ,기술성장기업부,2220,2,-30,-1.33,2250,2255,2155,247409,545178535,208800210780,94054149,KSQ
351,089980,KR7089980007,상아프론테크,KOSDAQ,우량기업부,13040,1,160,1.24,12760,13140,12430,9410,120869580,208497042480,15989037,KSQ
352,417840,KR7417840006,저스템,KOSDAQ,벤처기업부,9080,1,40,0.44,8810,9240,8570,229442,2055055195,207653979480,22869381,KSQ
353,448280,KR7448280008,에코아이,KOSDAQ,중견기업부,7000,1,230,3.4,6750,7010,6720,3909,27086450,207417903000,29631129,KSQ
354,380540,KR7380540005,옵티코어,KOSDAQ,관리종목(소속부없음),8450,0,0,0.0,0,0,0,0,0,206658126350,24456583,KSQ
355,042370,KR7042370007,비츠로테크,KOSDAQ,우량기업부,7840,1,260,3.43,7560,7900,7430,48833,377988765,205408196000,26200025,KSQ
356,254490,KR7254490006,미래반도체,KOSDAQ,우량기업부,14160,1,450,3.28,13600,14610,13300,78292,1098231190,204442080000,14438000,KSQ
357,065680,KR7065680001,우주일렉트로,KOSDAQ,우량기업부,22050,1,1000,4.75,21250,22300,20700,3268,70142850,203752385550,9240471,KSQ
358,095500,KR7095500005,미래나노텍,KOSDAQ,우량기업부,6570,1,160,2.5,6330,6570,6200,90231,576287590,203735693430,31009999,KSQ
359,100120,KR7100120005,뷰웍스,KOSDAQ,우량기업부,22700,1,750,3.42,22050,22800,21600,9130,203583950,203651029700,8971411,KSQ
360,102940,KR7102940004,코오롱생명과학,KOSDAQ,중견기업부,15530,1,1240,8.68,14490,15800,13910,179663,2656999115,203297064590,13090603,KSQ
361,318060,KR7318060001,그래피,KOSDAQ,기술성장기업부,18165,1,1505,9.03,16140,18190,16140,67785,1172428035,203215070205,11187177,KSQ
362,0008Z0,KR70008Z0005,에스엔시스,KOSDAQ,벤처기업부,21500,1,500,2.38,21000,21750,20100,6132,128212500,202886126000,9436564,KSQ
363,452280,KR7452280001,한선엔지니어링,KOSDAQ,우량기업부,10530,1,130,1.25,10470,10750,10010,39817,417564985,202677965100,19247670,KSQ
364,011560,KR7011560000,세보엠이씨,KOSDAQ,우량기업부,20050,2,-100,-0.5,19670,20400,19670,8247,165186320,202201683600,10084872,KSQ
365,462350,KR7462350000,이노스페이스,KOSDAQ,기술성장기업부,5980,1,260,4.55,5720,6150,5500,149590,871658110,202192638440,33811478,KSQ
366,241520,KR7241520006,DSC인베스트먼트,KOSDAQ,중견기업부,7600,1,130,1.74,7400,7690,7160,91713,681379615,202160000000,26600000,KSQ
367,071200,KR7071200000,인피니트헬스케어,KOSDAQ,중견기업부,8270,1,320,4.03,8330,8330,7810,11124,89869810,201758707660,24396458,KSQ
368,353810,KR7353810005,이지바이오,KOSDAQ,우량기업부,6090,2,-60,-0.98,6030,6100,6010,3713,22468490,201468892800,33081920,KSQ
369,034810,KR7034810002,해성산업,KOSDAQ,중견기업부,6370,1,60,0.95,6310,6565,6240,45090,288829570,201165568240,31580152,KSQ
370,459510,KR7459510004,나우로보틱스,KOSDAQ,기술성장기업부,15490,1,1680,12.17,14670,15830,14200,308682,4675728570,201035137180,12978382,KSQ
371,230240,KR7230240004,에치에프알,KOSDAQ,중견기업부,15100,1,760,5.3,14310,15290,13720,86489,1257111460,200965900000,13309000,KSQ
372,018310,KR7018310003,삼목에스폼,KOSDAQ,우량기업부,13660,2,-90,-0.65,13670,13780,13500,4744,64562500,200802000000,14700000,KSQ
373,014940,KR7014940001,오리엔탈정공,KOSDAQ,우량기업부,4380,1,70,1.62,4265,4410,4200,79295,342775920,199612635180,45573661,KSQ
374,378340,KR7378340004,필에너지,KOSDAQ,중견기업부,9220,1,320,3.6,8840,9300,8690,13529,121095330,199556592040,21643882,KSQ
375,0001A0,KR70001A0001,덕양에너젠,KOSDAQ,중견기업부,7830,1,140,1.82,7690,8000,7310,34830,269088850,199421972460,25468962,KSQ
376,0011T0,KR70011T0008,채비,KOSDAQ,기술성장기업부,4235,1,150,3.67,3950,4290,3915,94202,391327720,198831517885,46949591,KSQ
377,317330,KR7317330009,덕산테코피아,KOSDAQ,중견기업부,9680,1,90,0.94,9350,9750,9120,45376,426541170,198213333120,20476584,KSQ
378,114190,KR7114190002,강원에너지,KOSDAQ,중견기업부,7580,1,270,3.69,7370,7600,7200,30948,231022100,198012628040,26123038,KSQ
379,456010,KR7456010008,아이씨티케이,KOSDAQ,기술성장기업부,13570,1,440,3.35,12840,13660,12610,82905,1092046315,196796889500,14502350,KSQ
380,042420,KR7042420000,네오위즈홀딩스,KOSDAQ,우량기업부,24100,1,600,2.55,23050,24100,23050,4058,96344650,196229020300,8142283,KSQ
381,123330,KR7123330003,제닉,KOSDAQ,우량기업부,24600,1,100,0.41,24300,24750,23250,84118,2024951175,196029528000,7968680,KSQ
382,237880,KR7237880000,클리오,KOSDAQ,우량기업부,10810,2,-10,-0.09,10880,10920,10510,17734,189501250,195351325930,18071353,KSQ
383,064850,KR7064850001,에프앤가이드,KOSDAQ,벤처기업부,16990,1,430,2.6,16550,17200,16040,8639,145472195,193861540680,11410332,KSQ
384,094480,KR7094480001,갤럭시아머니트리,KOSDAQ,우량기업부,4920,1,225,4.79,4600,4940,4580,95719,454261647,193010802960,39229838,KSQ
385,445090,KR7445090004,에이직랜드,KOSDAQ,벤처기업부,17570,1,50,0.29,17440,17900,17080,12174,211960300,191963811060,10925658,KSQ
386,036190,KR7036190007,금화피에스시,KOSDAQ,우량기업부,31950,2,-100,-0.31,32100,32200,31400,1494,47605600,191700000000,6000000,KSQ
387,365270,KR7365270008,큐라클,KOSDAQ,기술성장기업부,8600,1,370,4.5,8230,8790,8020,52192,446051355,190550131200,22156992,KSQ
388,013120,KR7013120001,동원개발,KOSDAQ,우량기업부,2095,1,5,0.24,2085,2115,2045,51290,106412400,190242969500,90808100,KSQ
389,018000,KR7018000000,유니슨,KOSDAQ,중견기업부,732,1,5,0.69,728,734,685,655819,468867426,189952743888,259498284,KSQ
390,019010,KR7019010008,베뉴지,KOSDAQ,중견기업부,3930,2,-70,-1.75,3920,4020,3875,42662,167999290,189426000000,48200000,KSQ
391,067390,KR7067390005,아스트,KOSDAQ,중견기업부,448,1,20,4.67,429,455,429,386568,169943419,188678595392,421157579,KSQ
392,112290,KR7112290002,와이씨켐,KOSDAQ,기술성장기업부,9330,1,230,2.53,9000,9370,8700,28662,260890660,188662769700,20221090,KSQ
393,061970,KR7061970000,LB세미콘,KOSDAQ,중견기업부,3235,1,35,1.09,3200,3350,3110,249061,801061885,187898524410,58083006,KSQ
394,016790,KR7016790008,현대사료,KOSDAQ,관리종목(소속부없음),994,0,0,0.0,0,0,0,0,0,187340898626,188471729,KSQ
395,190510,KR7190510008,나무가,KOSDAQ,우량기업부,13250,1,50,0.38,13030,13320,12880,26256,344221780,186630450250,14085317,KSQ
396,357550,KR7357550003,석경에이티,KOSDAQ,기술성장기업부,34100,2,-350,-1.02,34400,34850,33800,3418,116741400,186015500000,5455000,KSQ
397,036560,KR7036560001,KZ정밀,KOSDAQ,우량기업부,11790,1,150,1.29,11610,11910,11610,6210,73079175,185692500000,15750000,KSQ
398,068790,KR7068790005,DMS,KOSDAQ,우량기업부,8190,1,40,0.49,8150,8410,8040,26813,220089790,184850134560,22570224,KSQ
399,446540,KR7446540007,메가터치,KOSDAQ,중견기업부,6340,2,-270,-4.08,6600,6600,6210,31194,199031700,184361563740,29079111,KSQ
400,058970,KR7058970005,엠로,KOSDAQ,기술성장기업부,14880,1,660,4.64,14240,14890,14030,9130,132750835,183958374720,12362794,KSQ
401,203650,KR7203650007,드림시큐리티,KOSDAQ,중견기업부,1803,1,75,4.34,1710,1819,1690,423565,749825396,183373184652,101704484,KSQ
402,214180,KR7214180002,헥토이노베이션,KOSDAQ,우량기업부,14010,1,270,1.97,13890,14090,13570,23040,316899475,182037071670,12993367,KSQ
403,220100,KR7220100002,퓨쳐켐,KOSDAQ,기술성장기업부,8100,1,480,6.3,7620,8140,7530,17020,134459180,181662102000,22427420,KSQ
404,192440,KR7192440006,슈피겐코리아,KOSDAQ,우량기업부,29150,2,-150,-0.51,29000,29450,28500,2330,67450700,181206981450,6216363,KSQ
405,046970,KR7046970000,우리로,KOSDAQ,벤처기업부,4125,1,245,6.31,3880,4240,3805,628088,2548989252,180778120875,43824999,KSQ
406,159010,KR7159010008,아스플로,KOSDAQ,벤처기업부,13530,2,-350,-2.52,13750,13910,13020,41936,567119670,180419018670,13334739,KSQ
407,176750,KR7176750008,듀켐바이오,KOSDAQ,기술성장기업부,6330,1,650,11.44,6100,6480,6100,120474,756674790,180333597600,28488720,KSQ
408,084850,KR7084850007,아이티엠반도체,KOSDAQ,중견기업부,7950,2,-120,-1.49,7750,8030,7600,26268,205927000,180329325300,22682934,KSQ
409,049430,KR7049430002,코메론,KOSDAQ,우량기업부,19820,1,160,0.81,19660,19860,19310,7832,154352330,179331360000,9048000,KSQ
410,091580,KR7091580001,상신이디피,KOSDAQ,우량기업부,13370,1,620,4.86,12730,13500,12400,41244,537062850,178198288030,13328219,KSQ
411,294570,KR7294570007,쿠콘,KOSDAQ,우량기업부,17620,1,1030,6.21,16630,17650,16630,4993,86074850,177816317840,10091732,KSQ
412,053300,KR7053300000,한국정보인증,KOSDAQ,우량기업부,4370,1,90,2.1,4200,4385,4200,21911,94843835,177383089520,40591096,KSQ
413,425040,KR7425040003,티이엠씨,KOSDAQ,우량기업부,8090,1,90,1.13,8000,8270,7720,101420,813941805,177356244820,21922898,KSQ
414,143240,KR7143240000,사람인,KOSDAQ,우량기업부,16430,1,160,0.98,16230,16500,16230,8085,132522680,176338770330,10732731,KSQ
415,092870,KR7092870005,엑시콘,KOSDAQ,우량기업부,13490,1,400,3.06,12750,13620,12580,73645,968063620,176055251530,13050797,KSQ
416,138360,KR7138360003,앤로보틱스,KOSDAQ,벤처기업부,1940,1,148,8.26,1860,2000,1820,647930,1236358269,175580157840,90505236,KSQ
417,054210,KR7054210000,이랜텍,KOSDAQ,우량기업부,6930,1,200,2.97,6510,6980,6510,43802,297235200,175268085300,25291210,KSQ
418,078150,KR7078150000,HB테크놀러지,KOSDAQ,우량기업부,1885,1,51,2.78,1835,1894,1787,250896,461795957,174769501660,92715916,KSQ
419,098120,KR7098120009,마이크로컨텍솔,KOSDAQ,우량기업부,21000,1,400,1.94,20600,21850,20000,29248,619894200,174568086000,8312766,KSQ
420,126600,KR7126600006,BGF에코머티리얼즈,KOSDAQ,우량기업부,2780,1,45,1.65,2710,2785,2685,8103,22048340,174491979220,62766899,KSQ
421,086390,KR7086390002,유니테스트,KOSDAQ,중견기업부,8240,2,-70,-0.84,8180,8470,8000,48318,398789200,174145198240,21134126,KSQ
422,045390,KR7045390002,대아티아이,KOSDAQ,우량기업부,2465,1,80,3.35,2350,2475,2320,133661,322636143,173716874305,70473377,KSQ
423,066620,KR7066620006,국보디자인,KOSDAQ,우량기업부,23150,1,150,0.65,23400,23400,22300,878,20171250,173625000000,7500000,KSQ
424,064550,KR7064550007,바이오니아,KOSDAQ,중견기업부,6710,1,400,6.34,6760,6760,6430,98564,648108875,173187052610,25810291,KSQ
425,204610,KR7204610000,티쓰리,KOSDAQ,벤처기업부,3090,1,45,1.48,3045,3110,3040,79083,244006335,171684169800,55561220,KSQ
426,092130,KR7092130004,이크레더블,KOSDAQ,중견기업부,14250,1,170,1.21,14340,14490,13980,1155,16398110,171621300000,12043600,KSQ
427,199430,KR7199430000,케이엔알시스템,KOSDAQ,기술성장기업부,15280,1,2180,16.64,13830,16490,13300,576001,8648015290,171090817040,11197043,KSQ
428,143160,KR7143160000,아이디스,KOSDAQ,우량기업부,15930,2,-170,-1.06,16030,16090,15930,550,8788090,170712092700,10716390,KSQ
429,256840,KR7256840000,한국비엔씨,KOSDAQ,우량기업부,2490,1,120,5.06,2375,2495,2330,130650,316970670,170303266140,68394886,KSQ
430,402030,KR7402030001,코난테크놀로지,KOSDAQ,기술성장기업부,13570,2,-40,-0.29,13560,13610,13010,43996,586875310,169862312160,12517488,KSQ
431,065660,KR7065660003,안트로젠,KOSDAQ,기술성장기업부,16950,1,520,3.16,15770,16970,15450,36578,601429090,169603395000,10006100,KSQ
432,012860,KR7012860003,모베이스전자,KOSDAQ,우량기업부,2310,1,70,3.13,2240,2330,2180,222018,501382855,169169285670,73233457,KSQ
433,067080,KR7067080002,대화제약,KOSDAQ,중견기업부,9060,1,180,2.03,8770,9090,8730,15517,139852245,168666849000,18616650,KSQ
434,403850,KR7403850001,더핑크퐁컴퍼니,KOSDAQ,중견기업부,11750,1,650,5.86,11030,11860,11030,32101,368494450,168624367500,14351010,KSQ
435,484120,KR7484120001,도우인시스,KOSDAQ,중견기업부,15340,1,640,4.35,14440,15490,14440,6133,92965680,168086853480,10957422,KSQ
436,394800,KR7394800007,쓰리빌리언,KOSDAQ,기술성장기업부,5270,1,130,2.53,5100,5320,4920,39108,199422555,167704854310,31822553,KSQ
437,950140,KR8840110108,잉글우드랩,KOSDAQ,외국기업(소속부없음),8440,1,300,3.69,8010,8440,8010,4223,34889690,167684789040,19867866,KSQ
438,270660,KR7270660004,에브리봇,KOSDAQ,벤처기업부,13190,1,550,4.35,12960,13350,12390,159685,2059883840,167388789770,12690583,KSQ
439,245620,KR7245620000,EDGC,KOSDAQ,관리종목(소속부없음),741,0,0,0.0,0,0,0,0,0,167118555474,225531114,KSQ
440,308430,KR7308430008,셀비온,KOSDAQ,기술성장기업부,12940,1,340,2.7,12180,13060,12170,4519,56844270,166993947940,12905251,KSQ
441,307180,KR7307180000,아이엘,KOSDAQ,벤처기업부,4485,1,190,4.42,4295,4600,4005,193035,855387395,165566806860,36915676,KSQ
442,093190,KR7093190007,빅솔론,KOSDAQ,우량기업부,8600,2,-90,-1.04,8700,8750,8570,3525,30469890,165454583000,19238905,KSQ
443,038390,KR7038390001,레드캡투어,KOSDAQ,우량기업부,9890,1,120,1.23,9770,9940,9660,10623,104724305,165368929580,16720822,KSQ
444,243840,KR7243840006,신흥에스이씨,KOSDAQ,우량기업부,4275,1,115,2.76,4035,4330,4000,89159,370595307,164836454625,38558235,KSQ
445,416180,KR7416180008,신성에스티,KOSDAQ,벤처기업부,18130,1,360,2.03,17710,18300,17190,7546,133615810,163891175140,9039778,KSQ
446,304100,KR7304100001,솔트룩스,KOSDAQ,기술성장기업부,12960,1,390,3.1,12720,12990,11880,167191,2093253255,163216360800,12593855,KSQ
447,080160,KR7080160005,모두투어,KOSDAQ,우량기업부,8630,1,160,1.89,8480,8640,8410,9959,84797480,163107000000,18900000,KSQ
448,094820,KR7094820008,일진파워,KOSDAQ,우량기업부,10780,1,130,1.22,10650,10850,10300,23277,246904620,162548483020,15078709,KSQ
449,314130,KR7314130006,지놈앤컴퍼니,KOSDAQ,기술성장기업부,3570,1,290,8.84,3115,3620,3115,156675,533077456,162073334010,45398693,KSQ
450,125020,KR7125020008,티씨머티리얼즈,KOSDAQ,중견기업부,4625,1,160,3.58,4370,4680,4285,119933,535838758,162053293750,35038550,KSQ
451,036710,KR7036710002,심텍홀딩스,KOSDAQ,중견기업부,3060,3,0,0.0,3000,3155,2965,62897,194286523,161652927240,52827754,KSQ
452,039840,KR7039840004,디오,KOSDAQ,중견기업부,12030,2,-120,-0.99,11800,12080,11760,6623,79030080,161392410840,13415828,KSQ
453,036170,KR7036170009,에이치엠넥스,KOSDAQ,중견기업부,2620,1,95,3.76,2525,2645,2420,169176,430363402,160777940120,61365626,KSQ
454,108380,KR7108380007,대양전기공업,KOSDAQ,우량기업부,16730,1,300,1.83,16400,16760,16120,24473,401640610,160061481090,9567333,KSQ
455,041920,KR7041920000,메디아나,KOSDAQ,우량기업부,8590,1,380,4.63,8000,8630,8000,28250,234372805,159758735570,18598223,KSQ
456,066410,KR7066410002,버킷스튜디오,KOSDAQ,투자주의환기종목(소속부없음),1153,0,0,0.0,0,0,0,0,0,159637252154,138453818,KSQ
457,216080,KR7216080002,제테마,KOSDAQ,벤처기업부,4280,2,-15,-0.35,4100,4345,4100,55968,239509235,159588783720,37287099,KSQ
458,138610,KR7138610001,나이벡,KOSDAQ,기술성장기업부,14020,1,310,2.26,13610,14180,13250,4597,63163870,159376457860,11367793,KSQ
459,046070,KR7046070009,코다코,KOSDAQ,관리종목(소속부없음),10280,0,0,0.0,0,0,0,0,0,159196994920,15486089,KSQ
460,024840,KR7024840001,KBI메탈,KOSDAQ,중견기업부,3680,2,-40,-1.08,3705,3780,3540,706979,2592939462,158828387840,43159888,KSQ
461,354320,KR7354320004,알멕,KOSDAQ,기술성장기업부,24750,1,1250,5.32,22950,25200,22550,35914,871337975,158186679750,6391381,KSQ
462,0015G0,KR70015G0009,그린광학,KOSDAQ,기술성장기업부,13490,1,370,2.82,12610,13850,12610,11214,150367885,157867278090,11702541,KSQ
463,023910,KR7023910003,대한약품,KOSDAQ,우량기업부,26300,2,-150,-0.57,26450,26500,26000,3026,79313675,157800000000,6000000,KSQ
464,179290,KR7179290002,엠아이텍,KOSDAQ,우량기업부,4850,1,110,2.32,4740,4875,4700,8840,42372033,156973538300,32365678,KSQ
465,0082N0,KR70082N0008,카나프테라퓨틱스,KOSDAQ,기술성장기업부,11830,1,1080,10.05,10520,11830,10330,14870,166314610,156925896400,13265080,KSQ
466,086820,KR7086820008,바이오솔루션,KOSDAQ,기술성장기업부,6040,1,210,3.6,5830,6060,5650,17383,102389760,156581473400,25924085,KSQ
467,051370,KR7051370005,인터플렉스,KOSDAQ,우량기업부,6700,1,100,1.52,6500,6730,6400,37012,242517140,156294062400,23327472,KSQ
468,119610,KR7119610004,인터로조,KOSDAQ,우량기업부,13640,2,-210,-1.52,13780,13800,13310,8855,119796630,155683509080,11413747,KSQ
469,024800,KR7024800005,유성티엔에스,KOSDAQ,우량기업부,4190,2,-55,-1.3,4190,4295,4140,8431,35494125,155247092280,37051812,KSQ
470,489460,KR7489460006,바이오비쥬,KOSDAQ,벤처기업부,10490,2,-10,-0.1,10600,10700,10290,56061,588260655,154761980630,14753287,KSQ
471,086670,KR7086670007,비엠티,KOSDAQ,우량기업부,15540,2,-250,-1.58,15680,15850,15300,5378,83566040,154248252900,9925885,KSQ
472,115450,KR7115450009,HLB테라퓨틱스,KOSDAQ,중견기업부,1739,1,82,4.95,1631,1740,1631,204417,345203329,154040809551,88580109,KSQ
473,072870,KR7072870009,메가스터디,KOSDAQ,우량기업부,12920,2,-30,-0.23,12950,12950,12720,6476,83135950,154018790280,11920959,KSQ
474,032620,KR7032620007,GC메디아이,KOSDAQ,우량기업부,2930,1,45,1.56,2820,2935,2820,34906,100950845,152937617270,52197139,KSQ
475,187870,KR7187870001,디바이스,KOSDAQ,우량기업부,11090,2,-410,-3.57,11440,11500,11030,38315,429004980,152709965400,13770060,KSQ
476,048550,KR7048550008,SM C&C,KOSDAQ,중견기업부,1578,1,28,1.81,1550,1589,1529,130456,202635397,152615670360,96714620,KSQ
477,054800,KR7054800008,아이디스홀딩스,KOSDAQ,중견기업부,14670,2,-80,-0.54,14690,14760,14660,579,8512190,151801580520,10347756,KSQ
478,037070,KR7037070000,파세코,KOSDAQ,중견기업부,7580,1,970,14.67,7140,8310,7110,4678202,36547491705,151600000000,20000000,KSQ
479,083930,KR7083930008,아바코,KOSDAQ,우량기업부,10320,1,20,0.19,10300,10410,10110,7156,73578680,151469209680,14677249,KSQ
480,123410,KR7123410003,코리아에프티,KOSDAQ,우량기업부,5440,2,-10,-0.18,5450,5510,5350,25187,136447975,151455388160,27841064,KSQ
481,007330,KR7007330004,푸른저축은행,KOSDAQ,투자주의환기종목(소속부없음),10010,2,-140,-1.38,9700,10150,9700,17057,168441190,150978828000,15082800,KSQ
482,011040,KR7011040003,경동제약,KOSDAQ,중견기업부,4900,1,55,1.14,4820,4920,4820,12946,63128580,150766953400,30768766,KSQ
483,079960,KR7079960001,동양이엔피,KOSDAQ,우량기업부,19900,1,10,0.05,19850,20150,19710,15487,307668950,150277994200,7551658,KSQ
484,264850,KR7264850009,이랜시스,KOSDAQ,중견기업부,4945,1,305,6.57,4815,5050,4605,703723,3405072762,149806856340,30294612,KSQ
485,046440,KR7046440004,KG파이낸셜,KOSDAQ,우량기업부,3925,1,25,0.64,3850,3945,3850,35027,136654830,149192397850,38010802,KSQ
486,123860,KR7123860009,아나패스,KOSDAQ,우량기업부,12270,2,-130,-1.05,12400,12480,11960,6043,73504440,148754302050,12123415,KSQ
487,122990,KR7122990005,와이솔,KOSDAQ,중견기업부,5580,1,40,0.72,5540,5630,5490,15116,84344060,148646071980,26639081,KSQ
488,475040,KR7475040002,스트라드비젼,KOSDAQ,기술성장기업부,2785,1,235,9.22,2530,2925,2520,1280690,3525982160,148315559330,53255138,KSQ
489,024060,KR7024060006,흥구석유,KOSDAQ,중견기업부,9880,2,-1260,-11.31,10330,10340,9540,1136467,11172093945,148200000000,15000000,KSQ
490,067280,KR7067280008,멀티캠퍼스,KOSDAQ,우량기업부,25000,1,850,3.52,24100,25050,23850,4616,113919550,148169475000,5926779,KSQ
491,013990,KR7013990007,아가방컴퍼니,KOSDAQ,우량기업부,4500,1,40,0.9,4370,4530,4370,25262,113029490,147993912000,32887536,KSQ
492,101970,KR7101970002,우양에이치씨,KOSDAQ,중견기업부,10000,1,230,2.35,9790,10000,9700,232,2291710,147900090000,14790009,KSQ
493,334970,KR7334970001,프레스티지바이오로직스,KOSDAQ,기술성장기업부,1902,2,-27,-1.4,1939,1959,1858,208656,397111067,147885515574,77752637,KSQ
494,464080,KR7464080001,에스오에스랩,KOSDAQ,기술성장기업부,8210,1,520,6.76,7690,8300,7470,57241,452972045,147345239450,17947045,KSQ
495,084990,KR7084990001,헬릭스미스,KOSDAQ,기술성장기업부,3190,1,85,2.74,3105,3200,3040,80784,252493625,147036022430,46092797,KSQ
496,094840,KR7094840006,슈프리마에이치큐,KOSDAQ,벤처기업부,14940,2,-160,-1.06,15100,15170,14430,35957,536471590,146503268460,9806109,KSQ
497,126700,KR7126700004,하이비젼시스템,KOSDAQ,우량기업부,9740,2,-40,-0.41,9600,9850,9500,28306,274357950,145536170880,14942112,KSQ
498,078070,KR7078070000,유비쿼스홀딩스,KOSDAQ,중견기업부,8530,1,180,2.16,8360,8660,8210,11254,94461050,145511930790,17058843,KSQ
499,234690,KR7234690006,녹십자웰빙,KOSDAQ,우량기업부,8100,1,300,3.85,7610,8130,7560,43929,346276590,145502649000,17963290,KSQ
500,413630,KR7413630005,씨피시스템,KOSDAQ,벤처기업부,3990,1,125,3.23,3985,4125,3690,4382327,17369578577,145382053950,36436605,KSQ
501,199820,KR7199820002,제일일렉트릭,KOSDAQ,우량기업부,6540,1,150,2.35,6300,6600,6120,41999,269584180,145318800000,22220000,KSQ
502,082800,KR7082800004,비보존 제약,KOSDAQ,중견기업부,2390,1,45,1.92,2345,2410,2210,37892,88737030,145120001740,60719666,KSQ
503,264450,KR7264450008,유비쿼스,KOSDAQ,우량기업부,9880,1,340,3.56,9400,9930,9400,21813,212956240,144895070840,14665493,KSQ
504,046120,KR7046120002,오르비텍,KOSDAQ,중견기업부,4275,1,160,3.89,4115,4350,3920,100171,417074854,144731976075,33855433,KSQ
505,092070,KR7092070002,디엔에프,KOSDAQ,중견기업부,12500,1,120,0.97,12020,12760,11880,8891,110655980,144648225000,11571858,KSQ
506,293780,KR7293780003,압타바이오,KOSDAQ,기술성장기업부,5110,1,515,11.21,4600,5230,4530,77991,386782295,143557299550,28093405,KSQ
507,049960,KR7049960008,쎌바이오텍,KOSDAQ,벤처기업부,15250,1,10,0.07,15240,15400,15040,567,8582400,143350000000,9400000,KSQ
508,041020,KR7041020009,폴라리스오피스,KOSDAQ,벤처기업부,2870,1,75,2.68,2815,2875,2740,146319,413120695,142592485910,49683793,KSQ
509,222040,KR7222040008,코스맥스엔비티,KOSDAQ,중견기업부,6910,1,10,0.14,6900,7110,6720,31263,216392940,142539480000,20628000,KSQ
510,005990,KR7005990007,매일홀딩스,KOSDAQ,우량기업부,10700,2,-10,-0.09,10710,10790,10640,109,1165170,142291852800,13298304,KSQ
511,126640,KR7126640002,화신정공,KOSDAQ,우량기업부,4055,1,145,3.71,3900,4220,3840,713777,2901461852,142151715050,35055910,KSQ
512,083310,KR7083310003,엘오티베큠,KOSDAQ,우량기업부,7970,1,80,1.01,7580,8070,7530,14178,111129470,141945963010,17810033,KSQ
513,251370,KR7251370003,와이엠티,KOSDAQ,벤처기업부,7870,1,470,6.35,7410,7900,7280,49810,376020320,141763986310,18013213,KSQ
514,104480,KR7104480009,티케이케미칼,KOSDAQ,중견기업부,1548,1,24,1.57,1533,1558,1481,52989,81005264,140706131832,90895434,KSQ
515,119830,KR7119830008,아이텍,KOSDAQ,중견기업부,5260,2,-110,-2.05,5450,5490,5220,45452,243847900,139592699360,26538536,KSQ
516,260970,KR7260970009,에스앤디,KOSDAQ,우량기업부,48000,2,-200,-0.41,48500,49000,46050,5171,244232000,138852192000,2892754,KSQ
517,212560,KR7212560007,네오오토,KOSDAQ,우량기업부,10270,1,660,6.87,9620,10400,9460,47875,482441025,138504793960,13486348,KSQ
518,090850,KR7090850009,현대이지웰,KOSDAQ,우량기업부,6160,1,10,0.16,6140,6170,6010,22409,136702305,138463882480,22477903,KSQ
519,246710,KR7246710008,티앤알바이오팹,KOSDAQ,기술성장기업부,2890,2,-110,-3.67,3095,3265,2880,929932,2876646966,137750416560,47664504,KSQ
520,039860,KR7039860002,나노엔텍,KOSDAQ,중견기업부,3615,1,135,3.88,3480,3665,3420,83561,295357095,137706386595,38093053,KSQ
521,382800,KR7382800001,지앤비에스 에코,KOSDAQ,우량기업부,4320,1,100,2.37,4150,4325,4065,103418,433810920,137510097120,31831041,KSQ
522,462860,KR7462860008,더즌,KOSDAQ,벤처기업부,1913,1,68,3.69,1845,1927,1787,65118,120774662,137270228499,71756523,KSQ
523,048870,KR7048870000,시너지이노베이션,KOSDAQ,중견기업부,1554,1,59,3.95,1490,1560,1483,263495,403091289,136918220502,88106963,KSQ
524,338840,KR7338840002,와이바이오로직스,KOSDAQ,기술성장기업부,8910,1,730,8.92,8000,8930,8000,21388,180709010,136917127710,15366681,KSQ
525,069510,KR7069510006,에스텍,KOSDAQ,우량기업부,12540,1,110,0.88,12430,12560,12150,2804,34769340,136811400000,10910000,KSQ
526,310200,KR7310200001,애니플러스,KOSDAQ,중견기업부,2620,1,70,2.75,2550,2630,2515,53496,137379665,136666630320,52162836,KSQ
527,023600,KR7023600000,삼보판지,KOSDAQ,우량기업부,8500,1,60,0.71,8410,8530,8390,1398,11831560,136070550000,16008300,KSQ
528,001540,KR7001540004,안국약품,KOSDAQ,우량기업부,10420,1,210,2.06,10120,10430,10090,27771,285375775,135902016400,13042420,KSQ
529,012210,KR7012210001,삼미금속,KOSDAQ,중견기업부,5860,1,360,6.55,5440,5900,5290,19068,110142640,135082252940,23051579,KSQ
530,060150,KR7060150000,인선이엔티,KOSDAQ,중견기업부,2960,1,105,3.68,2855,2970,2840,37205,108007010,134868291520,45563612,KSQ
531,255220,KR7255220006,SG,KOSDAQ,중견기업부,1228,1,43,3.63,1185,1243,1132,414466,500997231,134543734856,109563302,KSQ
532,054450,KR7054450002,텔레칩스,KOSDAQ,중견기업부,8810,1,380,4.51,8380,8850,8280,27488,235447370,133420692730,15144233,KSQ
533,086890,KR7086890001,이수앱지스,KOSDAQ,중견기업부,3265,1,145,4.65,3120,3270,3120,28712,92010940,133130185630,40774942,KSQ
534,322510,KR7322510009,제이엘케이,KOSDAQ,기술성장기업부,5140,1,280,5.76,4850,5140,4695,48248,237540755,132231084880,25725892,KSQ
535,269620,KR7269620001,시스웍,KOSDAQ,관리종목(소속부없음),889,0,0,0.0,0,0,0,0,0,132090012299,148582691,KSQ
536,049630,KR7049630007,재영솔루텍,KOSDAQ,우량기업부,5650,1,310,5.81,5250,5710,5200,78965,433375205,132013035350,23365139,KSQ
537,049720,KR7049720006,고려신용정보,KOSDAQ,우량기업부,9210,1,20,0.22,9200,9400,9140,39165,361581665,131703000000,14300000,KSQ
538,005160,KR7005160007,동국산업,KOSDAQ,중견기업부,2425,1,110,4.75,2305,2425,2280,17282,40963560,131542868850,54244482,KSQ
539,389020,KR7389020009,자람테크놀로지,KOSDAQ,기술성장기업부,19000,1,530,2.87,18000,19280,17520,19141,350586140,131196558000,6905082,KSQ
540,293580,KR7293580007,나우IB,KOSDAQ,중견기업부,1382,1,63,4.78,1318,1385,1300,96310,128398786,131193190900,94929950,KSQ
541,408920,KR7408920007,메쎄이상,KOSDAQ,우량기업부,3020,1,80,2.72,2940,3075,2940,5047,15095280,130562014100,43232455,KSQ
542,114840,KR7114840002,아이패밀리에스씨,KOSDAQ,우량기업부,7810,1,260,3.44,7550,7840,7500,8357,64007900,130281616850,16681385,KSQ
543,322310,KR7322310004,오로스테크놀로지,KOSDAQ,벤처기업부,13900,1,280,2.06,13620,14250,13100,81332,1107434170,130194933800,9366542,KSQ
544,205500,KR7205500002,넥써쓰,KOSDAQ,중견기업부,1599,1,33,2.11,1595,1630,1510,35080,55132077,130134686955,81385045,KSQ
545,339950,KR7339950008,아이비김영,KOSDAQ,우량기업부,2890,1,50,1.76,2820,2905,2760,31777,90711675,129895832950,44946655,KSQ
546,003100,KR7003100005,선광,KOSDAQ,우량기업부,19630,1,330,1.71,19340,19870,18940,15948,311401500,129558000000,6600000,KSQ
547,457550,KR7457550002,우진엔텍,KOSDAQ,중견기업부,13880,1,330,2.44,13400,14000,13160,10416,142424460,129347137040,9318958,KSQ
548,950190,KR8344390008,고스트스튜디오,KOSDAQ,외국기업(소속부없음),9900,2,-60,-0.6,9960,9980,9850,27011,267287830,128868884100,13017059,KSQ
549,388050,KR7388050007,지투파워,KOSDAQ,우량기업부,6880,1,280,4.24,6570,6910,6370,80636,536190020,128720926560,18709437,KSQ
550,0039P0,KR70039P0000,매드업,KOSDAQ,기술성장기업부,6840,1,340,5.23,6600,7170,6470,1816518,12461264580,128642616000,18807400,KSQ
551,321550,KR7321550006,티움바이오,KOSDAQ,기술성장기업부,4270,1,325,8.24,3965,4285,3795,79821,320439295,128264288250,30038475,KSQ
552,136540,KR7136540002,윈스테크넷,KOSDAQ,우량기업부,10440,1,170,1.66,10270,10450,10260,11425,118652530,128200548240,12279746,KSQ
553,088800,KR7088800008,에이스테크,KOSDAQ,중견기업부,1697,1,113,7.13,1585,1750,1489,100120,164748758,128134418498,75506434,KSQ
554,035610,KR7035610005,솔본,KOSDAQ,투자주의환기종목(소속부없음),4685,2,-10,-0.21,4695,4700,4615,9952,46476450,128115995945,27345997,KSQ
555,418550,KR7418550000,제이오,KOSDAQ,기술성장기업부,4000,1,200,5.26,3660,4065,3660,77316,299677875,128070692000,32017673,KSQ
556,263860,KR7263860009,지니언스,KOSDAQ,벤처기업부,13910,1,450,3.34,13400,13910,13250,11258,153177100,126297236000,9079600,KSQ
557,036690,KR7036690006,코맥스,KOSDAQ,관리종목(소속부없음),2885,0,0,0.0,0,0,0,0,0,125692107675,43567455,KSQ
558,038290,KR7038290003,마크로젠,KOSDAQ,중견기업부,11590,1,270,2.39,11320,11600,11200,7407,84917050,125651826000,10841400,KSQ
559,382900,KR7382900009,범한퓨얼셀,KOSDAQ,벤처기업부,14290,1,160,1.13,14000,14390,13720,16911,239670265,125194690000,8761000,KSQ
560,086980,KR7086980000,쇼박스,KOSDAQ,중견기업부,1999,1,34,1.73,1965,2010,1945,34381,68058804,124813562000,62438000,KSQ
561,300080,KR7300080009,플리토,KOSDAQ,기술성장기업부,7560,1,210,2.86,7400,7610,7190,20976,156469260,124781209560,16505451,KSQ
562,274090,KR7274090000,켄코아에어로스페이스,KOSDAQ,기술성장기업부,9040,1,470,5.48,8570,9080,8210,59193,511996760,124518831280,13774207,KSQ
563,0007C0,KR70007C0003,아크릴,KOSDAQ,기술성장기업부,15490,1,370,2.45,14750,16130,14750,44538,688680865,124389718760,8030324,KSQ
564,242040,KR7242040004,나무에이엑스,KOSDAQ,기술성장기업부,3560,1,175,5.17,3385,3590,3320,156242,543847707,123198299840,34606264,KSQ
565,0088M0,KR70088M0003,메쥬,KOSDAQ,기술성장기업부,12430,1,630,5.34,11800,12580,11330,19740,240695080,122830152500,9881750,KSQ
566,405100,KR7405100009,큐알티,KOSDAQ,중견기업부,9980,1,250,2.57,9730,10140,9540,12196,120222945,122647223980,12289301,KSQ
567,095190,KR7095190005,신화프리텍,KOSDAQ,중견기업부,1877,1,10,0.54,1866,1905,1842,108405,203433999,122493887174,65260462,KSQ
568,333430,KR7333430007,일승,KOSDAQ,중견기업부,3975,2,-30,-0.75,3975,4075,3815,668816,2652262369,122138819325,30726747,KSQ
569,040350,KR7040350001,크레오에스지,KOSDAQ,벤처기업부,6150,2,-390,-5.96,6550,6760,6130,28588,180545150,122115605400,19856196,KSQ
570,051160,KR7051160000,지어소프트,KOSDAQ,중견기업부,7870,3,0,0.0,7880,7930,7760,20442,160489815,121783764100,15474430,KSQ
571,147830,KR7147830004,제룡산업,KOSDAQ,벤처기업부,6070,1,120,2.02,5870,6090,5790,30000,178135775,121400000000,20000000,KSQ
572,118990,KR7118990001,모트렉스,KOSDAQ,우량기업부,4935,1,135,2.81,4800,4950,4705,9923,48012715,121091925885,24537371,KSQ
573,297890,KR7297890006,HB솔루션,KOSDAQ,우량기업부,1655,1,57,3.57,1594,1675,1575,255890,412433537,121048212670,73140914,KSQ
574,146320,KR7146320007,비씨엔씨,KOSDAQ,벤처기업부,9450,1,890,10.4,8470,11050,8300,211814,2118994155,120940372350,12797923,KSQ
575,093640,KR7093640001,케이알엠,KOSDAQ,벤처기업부,3680,1,340,10.18,3390,3700,3340,46874,168904440,120864874880,32843716,KSQ
576,264660,KR7264660002,씨앤지하이테크,KOSDAQ,우량기업부,12410,1,350,2.9,12060,12540,11800,9873,120784040,120639744520,9721172,KSQ
577,474650,KR7474650009,링크솔루션,KOSDAQ,기술성장기업부,20900,1,1000,5.03,19450,21150,19100,13658,274161280,120217468800,5752032,KSQ
578,355150,KR7355150004,코스텍시스,KOSDAQ,벤처기업부,15400,1,580,3.91,14820,15460,14270,36132,546505800,120079190000,7797350,KSQ
579,372170,KR7372170001,윤성에프앤씨,KOSDAQ,우량기업부,15020,1,370,2.53,14330,15240,13940,40029,590151950,119845300960,7979048,KSQ
580,445180,KR7445180003,퓨릿,KOSDAQ,우량기업부,6940,1,90,1.31,6800,6970,6710,7058,48358490,119292964720,17189188,KSQ
581,140670,KR7140670001,알에스오토메이션,KOSDAQ,중견기업부,9280,1,540,6.18,8740,9340,8660,34026,307597870,119153715200,12839840,KSQ
582,226590,KR7226590008,엠디바이스,KOSDAQ,기술성장기업부,11110,1,470,4.42,10150,11240,10150,19614,211869960,119063470240,10716784,KSQ
583,080420,KR7080420003,모다이노칩,KOSDAQ,중견기업부,1493,1,81,5.74,1390,1525,1390,7356,10804441,119024381646,79721622,KSQ
584,102120,KR7102120003,어보브반도체,KOSDAQ,벤처기업부,6680,1,70,1.06,6490,6750,6360,46752,306579430,118775430040,17780753,KSQ
585,232680,KR7232680009,라온로보틱스,KOSDAQ,기술성장기업부,8880,1,360,4.23,8530,9300,8200,193878,1705671890,117726600000,13257500,KSQ
586,089600,KR7089600001,KT나스미디어,KOSDAQ,우량기업부,10170,2,-30,-0.29,10170,10250,10080,5407,55029620,117648217710,11568163,KSQ
587,361390,KR7361390008,제노코,KOSDAQ,벤처기업부,12070,1,630,5.51,11440,12420,11170,17255,203333590,117518118670,9736381,KSQ
588,473980,KR7473980001,노머스,KOSDAQ,기술성장기업부,10610,1,260,2.51,10350,10630,10120,8998,93234500,117339406420,11059322,KSQ
589,489500,KR7489500009,엘케이켐,KOSDAQ,벤처기업부,18340,1,930,5.34,16710,18390,16710,7549,134101120,117215304920,6391238,KSQ
590,027710,KR7027710003,팜스토리,KOSDAQ,우량기업부,1049,1,25,2.44,1024,1050,1024,206241,214378711,116876013400,111416600,KSQ
591,041520,KR7041520008,이엘씨,KOSDAQ,투자주의환기종목(소속부없음),9570,1,320,3.46,9000,9600,9000,11894,111921940,116646146100,12188730,KSQ
592,285490,KR7285490009,노바텍,KOSDAQ,벤처기업부,11000,1,240,2.23,10470,11180,10470,22706,241786790,116334141000,10575831,KSQ
593,256940,KR7256940008,킵스파마,KOSDAQ,벤처기업부,5790,1,180,3.21,5620,5790,5510,23040,131148170,116252471130,20078147,KSQ
594,106190,KR7106190002,하이텍팜,KOSDAQ,우량기업부,10930,1,250,2.34,10390,10930,10390,6586,69516830,116220580890,10633173,KSQ
595,041590,KR7041590001,플래스크,KOSDAQ,관리종목(소속부없음),2370,0,0,0.0,0,0,0,0,0,116064014460,48972158,KSQ
596,095700,KR7095700001,제넥신,KOSDAQ,기술성장기업부,2545,1,80,3.25,2505,2545,2400,22433,55853815,115900557230,45540494,KSQ
597,451760,KR7451760003,컨텍,KOSDAQ,기술성장기업부,7020,1,320,4.78,6700,7500,6470,33918,236347550,115884573480,16507774,KSQ
598,049520,KR7049520000,유아이엘,KOSDAQ,우량기업부,3750,1,80,2.18,3675,3750,3640,10373,38540525,115659843750,30842625,KSQ
599,340450,KR7340450006,지씨지놈,KOSDAQ,기술성장기업부,4880,1,280,6.09,4690,4895,4520,48004,230196985,115415869840,23650793,KSQ
600,059120,KR7059120006,아진엑스텍,KOSDAQ,벤처기업부,6290,1,440,7.52,6070,6380,5880,520418,3219902260,115170315140,18310066,KSQ
601,149950,KR7149950008,아바텍,KOSDAQ,우량기업부,8400,1,390,4.87,8010,8420,7850,26329,216171140,114808705200,13667703,KSQ
602,240550,KR7240550004,동방메디컬,KOSDAQ,중견기업부,5460,1,140,2.63,5320,5530,5170,10955,58887930,114299312400,20933940,KSQ
603,458650,KR7458650009,성우,KOSDAQ,벤처기업부,7580,2,-70,-0.92,7570,7690,7400,2762,20800260,114046178600,15045670,KSQ
604,108230,KR7108230004,톱텍,KOSDAQ,우량기업부,2985,2,-5,-0.17,2985,3015,2915,18259,54620665,113499386325,38023245,KSQ
605,067990,KR7067990002,도이치모터스,KOSDAQ,우량기업부,3880,1,55,1.44,3955,3955,3805,33961,130911243,113224414000,29181550,KSQ
606,122450,KR7122450000,KX,KOSDAQ,중견기업부,2525,1,10,0.4,2580,2580,2460,10589,26434535,113170080850,44819834,KSQ
607,142210,KR7142210004,유니트론텍,KOSDAQ,우량기업부,5440,1,140,2.64,5300,5480,5180,47855,254977000,112887632320,20751403,KSQ
608,478340,KR7478340003,나라스페이스테크놀로지,KOSDAQ,기술성장기업부,9730,1,870,9.82,8790,9830,8310,41572,389656990,112577394090,11570133,KSQ
609,021320,KR7021320007,KCC건설,KOSDAQ,우량기업부,5260,1,10,0.19,5250,5305,5150,1364,7149770,112564000000,21400000,KSQ
610,362320,KR7362320004,청담글로벌,KOSDAQ,중견기업부,5310,2,-70,-1.3,5200,5340,5130,18486,96920570,112313349900,21151290,KSQ
611,357880,KR7357880004,SKAI,KOSDAQ,기술성장기업부,2120,1,131,6.59,1952,2140,1880,495362,1007705038,112232901760,52940048,KSQ
612,307750,KR7307750000,국전,KOSDAQ,중견기업부,2065,1,76,3.82,1989,2075,1986,41699,84380536,111481684720,53986288,KSQ
613,018120,KR7018120006,진로발효,KOSDAQ,우량기업부,16790,1,320,1.94,16440,16830,16310,174,2903910,111168604800,6621120,KSQ
614,101360,KR7101360006,에코앤드림,KOSDAQ,벤처기업부,6250,2,-80,-1.26,6260,6300,6010,12511,76907080,111163212500,17786114,KSQ
615,006620,KR7006620009,동구바이오제약,KOSDAQ,우량기업부,3895,1,50,1.3,3885,3895,3770,29888,114554372,110871143840,28464992,KSQ
616,289080,KR7289080004,SV인베스트먼트,KOSDAQ,중견기업부,1843,1,86,4.89,1754,1844,1725,116478,208151178,110834763419,60138233,KSQ
617,038540,KR7038540001,상상인,KOSDAQ,중견기업부,2000,1,7,0.35,1973,2010,1973,3292,6584909,110656626000,55328313,KSQ
618,032580,KR7032580003,피델릭스,KOSDAQ,중견기업부,3330,2,-210,-5.93,3475,3475,3220,370946,1240421945,110329773120,33132064,KSQ
619,009780,KR7009780008,엠에스씨,KOSDAQ,우량기업부,6260,1,120,1.95,6070,6260,6070,4039,25041430,110176000000,17600000,KSQ
620,058820,KR7058820002,CMG제약,KOSDAQ,중견기업부,743,1,13,1.78,730,750,725,247642,182813905,110055802108,148123556,KSQ
621,290720,KR7290720002,푸드나무,KOSDAQ,중견기업부,3095,2,-75,-2.37,3175,3270,3030,34699,106515460,109747929345,35459751,KSQ
622,402490,KR7402490007,그린리소스,KOSDAQ,기술성장기업부,6480,1,230,3.68,6070,6620,6060,80267,507191160,109740206160,16935217,KSQ
623,211270,KR7211270004,AP위성,KOSDAQ,우량기업부,7270,1,400,5.82,6710,7350,6710,30244,213736520,109648350080,15082304,KSQ
624,217270,KR7217270008,넵튠,KOSDAQ,중견기업부,2340,1,85,3.77,2180,2340,2180,7374,16889025,109361404620,46735643,KSQ
625,051360,KR7051360006,토비스,KOSDAQ,우량기업부,11340,1,790,7.49,11350,11580,11010,38750,434439945,109336515120,9641668,KSQ
626,396300,KR7396300006,세아메카닉스,KOSDAQ,우량기업부,4120,1,175,4.44,4050,4190,3980,1218179,4975075518,109136740000,26489500,KSQ
627,037350,KR7037350006,성도이엔지,KOSDAQ,우량기업부,7160,2,-60,-0.83,7070,7280,6950,51939,367683480,108903600000,15210000,KSQ
628,265740,KR7265740001,엔에프씨,KOSDAQ,벤처기업부,6090,1,60,1.0,6050,6300,5920,62250,380060640,108789324000,17863600,KSQ
629,041440,KR7041440009,현대에버다임,KOSDAQ,우량기업부,6090,1,150,2.53,5940,6100,5820,41771,249871060,108656026080,17841712,KSQ
630,259630,KR7259630002,엠플러스,KOSDAQ,우량기업부,8870,1,140,1.6,8740,8960,8530,21532,188201260,108412652520,12222396,KSQ
631,148150,KR7148150006,세경하이테크,KOSDAQ,우량기업부,3050,1,105,3.57,2935,3050,2850,53565,159082850,108405594900,35542818,KSQ
632,267320,KR7267320000,나인테크,KOSDAQ,벤처기업부,1886,1,86,4.78,1800,1894,1759,95428,174559068,108285246370,57415295,KSQ
633,032940,KR7032940009,원익,KOSDAQ,우량기업부,5950,1,670,12.69,5280,6450,5110,714113,4345372675,108249718500,18193230,KSQ
634,338220,KR7338220007,뷰노,KOSDAQ,기술성장기업부,7730,1,450,6.18,7280,7730,7120,11186,84076430,108234091790,14001823,KSQ
635,067290,KR7067290007,JW신약,KOSDAQ,중견기업부,1931,1,73,3.93,1865,1996,1858,4360870,8452242508,108207645893,56037103,KSQ
636,432720,KR7432720001,퀄리타스반도체,KOSDAQ,기술성장기업부,7590,1,280,3.83,7100,7760,7080,59244,436952955,107683671480,14187572,KSQ
637,054050,KR7054050000,NH농우바이오,KOSDAQ,우량기업부,6710,1,20,0.3,6680,6720,6650,9970,66611000,107565064310,16030561,KSQ
638,053700,KR7053700001,삼보모터스,KOSDAQ,우량기업부,4010,1,95,2.43,3915,4025,3880,123411,490320035,107130185570,26715757,KSQ
639,226400,KR7226400000,오스테오닉,KOSDAQ,기술성장기업부,5180,1,280,5.71,4900,5200,4850,120027,610471005,107027093180,20661601,KSQ
640,126730,KR7126730001,코칩,KOSDAQ,벤처기업부,12160,1,480,4.11,11380,12560,11150,41370,496132360,106644732160,8770126,KSQ
641,063570,KR7063570006,NICE인프라,KOSDAQ,우량기업부,3120,1,10,0.32,3110,3130,3080,2287,7120585,106540911360,34147728,KSQ
642,044340,KR7044340008,위닉스,KOSDAQ,중견기업부,5960,1,1135,23.52,5300,6270,5270,5596657,33693295080,106525613000,17873425,KSQ
643,053080,KR7053080008,케이엔솔,KOSDAQ,중견기업부,8190,1,240,3.02,7950,8320,7520,29587,237906985,106468419330,12999807,KSQ
644,035080,KR7035080001,그래디언트,KOSDAQ,중견기업부,9310,1,50,0.54,9010,9400,9010,16265,151140230,106425254040,11431284,KSQ
645,220260,KR7220260004,켐트로스,KOSDAQ,벤처기업부,3310,1,60,1.85,3215,3310,3125,47978,154397530,106158502050,32072055,KSQ
646,051980,KR7051980001,중앙첨단소재,KOSDAQ,중견기업부,954,1,48,5.3,900,960,880,418439,382138585,105981490386,111091709,KSQ
647,371950,KR7371950007,풍원정밀,KOSDAQ,기술성장기업부,4675,2,-55,-1.16,4430,4855,4430,5270,24137281,105947411900,22662548,KSQ
648,109740,KR7109740001,디에스케이,KOSDAQ,벤처기업부,4115,1,25,0.61,4090,4230,3970,15402,63559935,105798254850,25710390,KSQ
649,394420,KR7394420004,리센스메디컬,KOSDAQ,기술성장기업부,9600,1,630,7.02,8880,9770,8600,62822,586950400,105597129600,10999701,KSQ
650,388790,KR7388790008,라이콤,KOSDAQ,벤처기업부,3440,1,195,6.01,3240,3460,3155,141095,471682115,105312710400,30614160,KSQ
651,101170,KR7101170009,우림피티에스,KOSDAQ,벤처기업부,7800,1,510,7.0,7300,7890,7020,46865,355037750,105300000000,13500000,KSQ
652,469610,KR7469610000,이노테크,KOSDAQ,중견기업부,11760,1,30,0.26,11370,11910,11330,38319,444682005,105168504000,8942900,KSQ
653,039340,KR7039340005,한국경제TV,KOSDAQ,우량기업부,4780,2,-30,-0.62,4760,4780,4720,7033,33359000,105160000000,22000000,KSQ
654,047310,KR7047310008,파워로직스,KOSDAQ,우량기업부,2870,1,80,2.87,2735,2900,2700,53616,149581352,105072866850,36610755,KSQ
655,282880,KR7282880004,코윈테크,KOSDAQ,우량기업부,8980,1,170,1.93,8650,9070,8580,14276,125802660,105012856360,11694082,KSQ
656,067900,KR7067900001,와이엔텍,KOSDAQ,우량기업부,5770,3,0,0.0,5690,5810,5690,2540,14616180,105012032430,18199659,KSQ
657,115310,KR7115310005,인포바인,KOSDAQ,벤처기업부,7080,1,360,5.36,6670,7080,6670,3268,22625860,105007366920,14831549,KSQ
658,021080,KR7021080007,에이티넘인베스트,KOSDAQ,우량기업부,2180,1,60,2.83,2095,2195,2080,109378,233254840,104640000000,48000000,KSQ
659,452450,KR7452450000,피아이이,KOSDAQ,벤처기업부,2900,1,190,7.01,2710,2970,2680,61033,171827525,104482650000,36028500,KSQ
660,308080,KR7308080001,바이젠셀,KOSDAQ,기술성장기업부,5080,1,310,6.5,4730,5080,4730,43647,214113900,104136240800,20499260,KSQ
661,488280,KR7488280009,에스투더블유,KOSDAQ,기술성장기업부,9610,1,460,5.03,8990,9680,8710,32103,299992620,103821500460,10803486,KSQ
662,331920,KR7331920009,셀레믹스,KOSDAQ,기술성장기업부,9220,1,170,1.88,8550,9390,8550,26314,238882070,103093937100,11181555,KSQ
663,100700,KR7100700004,세운메디칼,KOSDAQ,우량기업부,2335,1,15,0.65,2285,2335,2285,8482,19723600,102273000000,43800000,KSQ
664,120240,KR7120240007,대정화금,KOSDAQ,우량기업부,14220,2,-100,-0.7,14420,14420,14130,4097,58333970,102247360020,7190391,KSQ
665,073560,KR7073560005,우리손에프앤지,KOSDAQ,우량기업부,1472,2,-20,-1.34,1463,1492,1463,9849,14508981,101917810496,69237643,KSQ
666,042600,KR7042600007,새로닉스,KOSDAQ,중견기업부,8200,1,20,0.24,8010,8250,7770,3422,27622660,101873306800,12423574,KSQ
667,309960,KR7309960003,LB인베스트먼트,KOSDAQ,중견기업부,4385,1,105,2.45,4280,4385,4130,21731,93732250,101807593015,23217239,KSQ
668,059210,KR7059210005,메타바이오메드,KOSDAQ,우량기업부,3725,1,40,1.09,3650,3760,3610,24172,89721930,101213632625,27171445,KSQ
669,474170,KR7474170008,루미르,KOSDAQ,기술성장기업부,5670,1,320,5.98,5360,5720,5080,22020,121007450,101026336320,17817696,KSQ
670,054920,KR7054920004,한컴위드,KOSDAQ,중견기업부,3580,2,-40,-1.1,3620,3650,3440,49084,175108265,101017149980,28217081,KSQ
671,166480,KR7166480004,코아스템켐온,KOSDAQ,벤처기업부,1897,1,88,4.86,1809,1918,1775,29546,54852974,100295103272,52870376,KSQ
672,073010,KR7073010001,케이에스피,KOSDAQ,우량기업부,2495,1,20,0.81,2415,2500,2380,46055,112050355,100277168750,40191250,KSQ
673,417500,KR7417500006,제이아이테크,KOSDAQ,우량기업부,3050,1,80,2.69,2970,3100,2925,25826,77980627,99993469200,32784744,KSQ
674,228850,KR7228850004,레이언스,KOSDAQ,우량기업부,6020,1,30,0.5,5880,6020,5880,440,2616590,99877904280,16591014,KSQ
675,013310,KR7013310008,아진산업,KOSDAQ,우량기업부,2570,1,50,1.98,2485,2570,2470,38147,96567625,99732915740,38806582,KSQ
676,317770,KR7317770006,엑스페릭스,KOSDAQ,벤처기업부,2715,1,45,1.69,2690,2840,2570,56818,152145517,99488850960,36644144,KSQ
677,246720,KR7246720007,아스타,KOSDAQ,관리종목(소속부없음),6070,0,0,0.0,0,0,0,0,0,99434491000,16381300,KSQ
678,131030,KR7131030009,옵투스제약,KOSDAQ,우량기업부,5630,1,170,3.11,5400,5630,5340,13745,75644970,99350301700,17646590,KSQ
679,453450,KR7453450009,그리드위즈,KOSDAQ,중견기업부,12480,1,340,2.8,12190,12620,11870,16457,201112305,99125520000,7942750,KSQ
680,158430,KR7158430009,아톤,KOSDAQ,벤처기업부,4040,1,160,4.12,3855,4080,3675,107666,423501945,98907651680,24482092,KSQ
681,083500,KR7083500009,에프엔에스테크,KOSDAQ,우량기업부,11900,1,700,6.25,11200,11950,10910,32626,375819135,98845886300,8306377,KSQ
682,052260,KR7052260007,현대바이오랜드,KOSDAQ,우량기업부,3290,1,60,1.86,3230,3290,3210,15394,50095030,98700000000,30000000,KSQ
683,418420,KR7418420006,라온텍,KOSDAQ,기술성장기업부,3205,1,195,6.48,3015,3280,2970,73169,229831289,98632458390,30774558,KSQ
684,036630,KR7036630002,세종텔레콤,KOSDAQ,우량기업부,7020,1,10,0.14,7010,7180,6800,3701,25815550,98280000000,14000000,KSQ
685,366030,KR7366030005,나인앤컴퍼니,KOSDAQ,중견기업부,4335,2,-10,-0.23,4210,4345,4200,26320,112383855,98204439750,22653850,KSQ
686,056090,KR7056090004,시지메드텍,KOSDAQ,벤처기업부,951,1,38,4.16,905,961,900,146743,136879127,98199343236,103259036,KSQ
687,039560,KR7039560008,다산네트웍스,KOSDAQ,중견기업부,2285,1,80,3.63,2200,2300,2170,38658,86568485,98000149380,42888468,KSQ
688,040300,KR7040300006,YTN,KOSDAQ,중견기업부,2055,1,15,0.74,2060,2075,2015,11499,23644990,97976193900,47676980,KSQ
689,105330,KR7105330005,케이엔더블유,KOSDAQ,중견기업부,6080,1,80,1.33,6070,6140,5900,6347,38188410,97398681600,16019520,KSQ
690,066790,KR7066790007,씨씨에스,KOSDAQ,관리종목(소속부없음),1493,0,0,0.0,0,0,0,0,0,97271994227,65152039,KSQ
691,123040,KR7123040008,엠에스오토텍,KOSDAQ,중견기업부,1553,1,60,4.02,1490,1567,1461,266681,399750463,97261748347,62628299,KSQ
692,297090,KR7297090003,씨에스베어링,KOSDAQ,투자주의환기종목(소속부없음),3565,1,75,2.15,3480,3565,3400,30757,107488445,97217550000,27270000,KSQ
693,068240,KR7068240001,다원시스,KOSDAQ,관리종목(소속부없음),2530,0,0,0.0,0,0,0,0,0,96553495610,38163437,KSQ
694,299030,KR7299030007,하나기술,KOSDAQ,벤처기업부,12060,1,360,3.08,11870,12200,10810,42932,499629420,96418614600,7994910,KSQ
695,205100,KR7205100001,엑셈,KOSDAQ,벤처기업부,1359,1,5,0.37,1342,1360,1330,42011,56576560,96062848857,70686423,KSQ
696,352090,KR7352090005,스톰테크,KOSDAQ,우량기업부,3560,1,5,0.14,3555,3605,3460,26978,96118195,95667872880,26872998,KSQ
697,066590,KR7066590001,스모트로닉,KOSDAQ,중견기업부,2470,1,60,2.49,2410,2500,2360,200078,488596200,95534504390,38677937,KSQ
698,141000,KR7141000000,비아트론,KOSDAQ,벤처기업부,7880,1,130,1.68,7800,8200,7570,9411,73990600,95463914800,12114710,KSQ
699,307930,KR7307930008,컴퍼니케이,KOSDAQ,중견기업부,6110,1,270,4.62,5670,6190,5670,32995,198508160,95377100000,15610000,KSQ
700,071280,KR7071280002,로체시스템즈,KOSDAQ,우량기업부,6220,1,100,1.63,6110,6230,5920,21209,129242400,95144870660,15296603,KSQ
701,047560,KR7047560008,이스트소프트,KOSDAQ,중견기업부,8070,1,400,5.22,7590,8180,7500,14868,118050870,94847371740,11753082,KSQ
702,228670,KR7228670006,레이,KOSDAQ,벤처기업부,6060,1,1050,20.96,5020,6080,5020,193587,1093355550,94778527260,15640021,KSQ
703,042500,KR7042500009,링네트,KOSDAQ,우량기업부,4250,1,70,1.67,4170,4255,4135,56004,235466175,94737362000,22291144,KSQ
704,091440,KR7091440008,한울소재과학,KOSDAQ,투자주의환기종목(소속부없음),2765,2,-25,-0.9,2790,2865,2720,29242,81582510,94582766985,34207149,KSQ
705,323990,KR7323990002,박셀바이오,KOSDAQ,기술성장기업부,4060,1,105,2.65,3955,4070,3900,22304,89398610,94424820700,23257345,KSQ
706,115500,KR7115500001,케이씨에스,KOSDAQ,중견기업부,7860,1,170,2.21,7550,7860,7310,27675,211234310,94320000000,12000000,KSQ
707,017510,KR7017510009,세명전기,KOSDAQ,벤처기업부,6160,1,120,1.99,5950,6260,5820,65190,397847480,93915360000,15246000,KSQ
708,163730,KR7163730005,핑거,KOSDAQ,벤처기업부,7780,1,180,2.37,7600,7910,7380,12613,96459545,93482278260,12015717,KSQ
709,047770,KR7047770003,코데즈컴바인,KOSDAQ,중견기업부,2470,1,155,6.7,2300,2490,2295,211150,504631955,93471226940,37842602,KSQ
710,298540,KR7298540006,더네이쳐홀딩스,KOSDAQ,우량기업부,6390,2,-30,-0.47,6420,6520,6350,1940,12421230,92568006540,14486386,KSQ
711,086710,KR7086710001,선진뷰티사이언스,KOSDAQ,우량기업부,7570,1,10,0.13,7560,7590,7340,7299,54744790,92378829600,12203280,KSQ
712,336680,KR7336680004,탑런토탈솔루션,KOSDAQ,중견기업부,2335,2,-15,-0.64,2275,2335,2275,1895,4362360,91404877930,39145558,KSQ
713,380550,KR7380550004,뉴로핏,KOSDAQ,기술성장기업부,7450,1,370,5.23,7010,7450,6900,26390,191027420,90881551700,12198866,KSQ
714,192410,KR7192410009,오늘이엔엠,KOSDAQ,중견기업부,3605,2,-75,-2.04,3720,3945,3535,34834,128193510,90795201945,25185909,KSQ
715,023900,KR7023900004,풍국주정,KOSDAQ,우량기업부,7200,1,110,1.55,7080,7230,7070,2818,20110670,90720000000,12600000,KSQ
716,093920,KR7093920007,서원인텍,KOSDAQ,우량기업부,4865,1,45,0.93,4830,4885,4755,18261,88245596,90489000000,18600000,KSQ
717,189330,KR7189330004,씨이랩,KOSDAQ,기술성장기업부,9640,1,750,8.44,9090,9880,9010,92764,873765945,90445217760,9382284,KSQ
718,475580,KR7475580007,에이럭스,KOSDAQ,벤처기업부,6600,1,220,3.45,6260,6620,6260,20941,135869510,89924340000,13624900,KSQ
719,040420,KR7040420002,정상제이엘에스,KOSDAQ,우량기업부,5730,2,-20,-0.35,5760,5790,5700,9701,55619760,89832372960,15677552,KSQ
720,036220,KR7036220002,오상헬스케어,KOSDAQ,우량기업부,6260,1,210,3.47,6000,6280,6000,3500,21565970,89576944160,14309416,KSQ
721,002230,KR7002230001,피에스텍,KOSDAQ,우량기업부,4850,1,295,6.48,4555,4880,4420,65703,309186785,89342189500,18421070,KSQ
722,074430,KR7074430000,아미노로직스,KOSDAQ,중견기업부,1012,1,10,1.0,1002,1034,1000,67400,68071218,89198005864,88140322,KSQ
723,209640,KR7209640002,와이제이링크,KOSDAQ,중견기업부,3135,1,130,4.33,2910,3145,2910,67281,204277448,89169262710,28443146,KSQ
724,282720,KR7282720002,금양그린파워,KOSDAQ,중견기업부,7340,1,340,4.86,7000,7350,6910,26240,185400170,88957130000,12119500,KSQ
725,078140,KR7078140001,대봉엘에스,KOSDAQ,우량기업부,8020,1,380,4.97,7650,8180,7650,18977,151545660,88914363580,11086579,KSQ
726,005860,KR7005860002,한일사료,KOSDAQ,우량기업부,2255,1,80,3.68,2145,2275,2145,308320,678649185,88855309675,39403685,KSQ
727,172670,KR7172670002,에이엘티,KOSDAQ,벤처기업부,9910,1,620,6.67,9010,10180,8800,39590,389450435,88796166690,8960259,KSQ
728,125210,KR7125210005,아모그린텍,KOSDAQ,우량기업부,5370,1,220,4.27,5090,5420,4985,35750,186538290,88587762300,16496790,KSQ
729,357230,KR7357230002,에이치피오,KOSDAQ,우량기업부,2145,1,15,0.7,2130,2150,2115,9676,20558595,88574506020,41293476,KSQ
730,088130,KR7088130000,동아엘텍,KOSDAQ,우량기업부,5060,1,130,2.64,4940,5080,4845,39417,194972190,88475688840,17485314,KSQ
731,099750,KR7099750002,이지케어텍,KOSDAQ,벤처기업부,6460,2,-190,-2.86,6650,6660,6290,26611,171462680,88238257580,13659173,KSQ
732,418470,KR7418470001,KT밀리의서재,KOSDAQ,우량기업부,10290,1,10,0.1,10330,10450,10240,2916,30037420,88141968810,8565789,KSQ
733,348350,KR7348350000,위드텍,KOSDAQ,벤처기업부,8790,1,200,2.33,8590,8900,8250,8697,75538610,87711894000,9978600,KSQ
734,053260,KR7053260006,금강철강,KOSDAQ,우량기업부,4680,1,15,0.32,4800,4800,4615,3713,17416560,87609600000,18720000,KSQ
735,063170,KR7063170005,서울옥션,KOSDAQ,중견기업부,4920,1,45,0.92,4875,4945,4770,8342,40612990,87449393640,17774267,KSQ
736,044990,KR7044990000,에이치엔에스하이텍,KOSDAQ,기술성장기업부,11360,1,460,4.22,10710,11370,10590,14271,156813570,87306428000,7685425,KSQ
737,217820,KR7217820000,원익피앤이,KOSDAQ,중견기업부,1839,1,59,3.31,1779,1870,1735,438694,787023164,87268934001,47454559,KSQ
738,330350,KR7330350000,위더스제약,KOSDAQ,우량기업부,6600,1,140,2.17,6470,6650,6410,25574,168044270,87117888000,13199680,KSQ
739,052420,KR7052420007,오성첨단소재,KOSDAQ,우량기업부,8940,1,310,3.59,8630,8960,8620,15818,139674590,87093560460,9742009,KSQ
740,042510,KR7042510008,라온시큐어,KOSDAQ,벤처기업부,7830,1,160,2.09,7670,7850,7470,16848,129691260,86958633240,11105828,KSQ
741,417010,KR7417010006,나노팀,KOSDAQ,벤처기업부,4310,1,325,8.16,4000,4310,3940,77727,318024185,86944457680,20172728,KSQ
742,289930,KR7289930000,웨이비스,KOSDAQ,기술성장기업부,6610,1,60,0.92,6550,6700,6250,25058,163624890,86914956100,13149010,KSQ
743,033560,KR7033560004,블루콤,KOSDAQ,중견기업부,5080,1,435,9.36,4845,5110,4645,75929,377781525,86868000000,17100000,KSQ
744,235980,KR7235980000,메드팩토,KOSDAQ,기술성장기업부,2530,1,180,7.66,2380,2530,2320,155122,372828799,86716056130,34275121,KSQ
745,104460,KR7104460001,디와이피엔에프,KOSDAQ,우량기업부,8240,1,70,0.86,8140,8270,7720,3370,27034510,86669152240,10518101,KSQ
746,322180,KR7322180001,LS티라유텍,KOSDAQ,벤처기업부,4015,1,215,5.66,3880,4040,3800,123575,484983450,86306865590,21496106,KSQ
747,182360,KR7182360008,큐브엔터,KOSDAQ,우량기업부,5540,1,270,5.12,5210,5540,5160,9520,50777660,86146163460,15549849,KSQ
748,474610,KR7474610003,RF시스템즈,KOSDAQ,벤처기업부,5970,1,180,3.11,5840,6050,5600,38998,228293120,86058863400,14415220,KSQ
749,079650,KR7079650008,서산,KOSDAQ,중견기업부,4300,1,50,1.18,4220,4440,4220,1379007,5963196740,86000000000,20000000,KSQ
750,096240,KR7096240007,크레버스,KOSDAQ,우량기업부,8380,1,80,0.96,8270,8460,8270,4149,34797190,85795948400,10238180,KSQ
751,337930,KR7337930002,젝시믹스,KOSDAQ,우량기업부,2880,1,130,4.73,2745,2885,2745,20090,57022260,85468248000,29676475,KSQ
752,396470,KR7396470007,워트,KOSDAQ,중견기업부,5300,1,50,0.95,5250,5450,5010,18727,98004710,85436000000,16120000,KSQ
753,004650,KR7004650008,창해에탄올,KOSDAQ,우량기업부,9280,3,0,0.0,9200,9370,9200,11620,107834850,85291412800,9190885,KSQ
754,0017J0,KR70017J0004,세미티에스,KOSDAQ,벤처기업부,2830,1,135,5.01,2610,2930,2560,382765,1065822693,85286643090,30136623,KSQ
755,072020,KR7072020001,중앙백신,KOSDAQ,벤처기업부,9200,1,100,1.1,9120,9290,9100,3362,30840620,85162385200,9256781,KSQ
756,066430,KR7066430000,아이로보틱스,KOSDAQ,중견기업부,2175,1,170,8.48,2140,2335,2005,2950981,6391999895,85158810300,39153476,KSQ
757,025950,KR7025950007,동신건설,KOSDAQ,우량기업부,10120,1,250,2.53,9660,10500,9520,30335,307723600,85008000000,8400000,KSQ
758,033290,KR7033290008,로젠,KOSDAQ,우량기업부,1512,2,-10,-0.66,1523,1523,1487,5126,7742299,84908327112,56156301,KSQ
759,109610,KR7109610006,에스와이,KOSDAQ,중견기업부,1733,1,25,1.46,1701,1752,1665,83254,143047492,84756524200,48907400,KSQ
760,037030,KR7037030004,파워넷,KOSDAQ,우량기업부,3315,1,100,3.11,3155,3390,3060,228447,740864205,84575568480,25512992,KSQ
761,487580,KR7487580003,폴레드,KOSDAQ,벤처기업부,3355,1,35,1.05,3320,3380,3250,69442,229646680,84488498655,25182861,KSQ
762,065450,KR7065450009,빅텍,KOSDAQ,벤처기업부,2860,1,5,0.18,2820,2890,2770,99132,280007387,84357996580,29495803,KSQ
763,149980,KR7149980005,하이로닉,KOSDAQ,중견기업부,4900,1,125,2.62,4760,4950,4695,5637,27244630,84275325400,17199046,KSQ
764,049950,KR7049950009,미래컴퍼니,KOSDAQ,중견기업부,9550,1,350,3.8,9470,9890,8900,3428,32177190,84210792200,8817884,KSQ
765,049180,KR7049180003,셀루메드,KOSDAQ,투자주의환기종목(소속부없음),1009,0,0,0.0,0,0,0,0,0,83975227728,83226192,KSQ
766,183490,KR7183490002,엔지켐생명과학,KOSDAQ,관리종목(소속부없음),990,0,0,0.0,0,0,0,0,0,83793832650,84640235,KSQ
767,053580,KR7053580007,웹케시,KOSDAQ,우량기업부,6460,1,120,1.89,6290,6480,6290,3366,21544190,83685656560,12954436,KSQ
768,130580,KR7130580004,나이스디앤비,KOSDAQ,우량기업부,5420,2,-10,-0.18,5440,5440,5390,1353,7337530,83468000000,15400000,KSQ
769,053350,KR7053350005,이니텍,KOSDAQ,중견기업부,3790,1,160,4.41,3625,3835,3590,36542,137220665,83459836350,22021065,KSQ
770,019540,KR7019540004,일지테크,KOSDAQ,우량기업부,6170,2,-10,-0.16,6160,6230,6060,9303,57170720,83378295000,13513500,KSQ
771,330730,KR7330730003,스톤브릿지벤처스,KOSDAQ,벤처기업부,4575,1,80,1.78,4540,4620,4435,9576,43252465,83346572250,18217830,KSQ
772,302550,KR7302550009,리메드,KOSDAQ,기술성장기업부,2695,1,90,3.45,2605,2695,2565,28881,75934230,83294769250,30907150,KSQ
773,250060,KR7250060001,모비스,KOSDAQ,기술성장기업부,2585,1,105,4.23,2480,2605,2465,107889,275272049,83162846690,32171314,KSQ
774,100130,KR7100130004,동국S&C,KOSDAQ,중견기업부,1449,1,24,1.68,1411,1470,1411,105881,152641075,82800207000,57143000,KSQ
775,067000,KR7067000000,조이시티,KOSDAQ,중견기업부,1183,1,42,3.68,1141,1187,1110,98488,113495050,82695776618,69903446,KSQ
776,029480,KR7029480001,광무,KOSDAQ,중견기업부,1384,1,35,2.59,1349,1384,1313,20462,27622345,82651278688,59719132,KSQ
777,092040,KR7092040005,아미코젠,KOSDAQ,기술성장기업부,1169,1,44,3.91,1139,1176,1083,270350,300701028,82596147403,70655387,KSQ
778,263720,KR7263720005,디앤씨미디어,KOSDAQ,우량기업부,6650,1,250,3.91,6400,6680,6300,6717,43799400,82543730150,12412591,KSQ
779,058630,KR7058630005,엠게임,KOSDAQ,우량기업부,4380,1,110,2.58,4265,4380,4255,8919,38629980,82223874120,18772574,KSQ
780,017650,KR7017650003,대림제지,KOSDAQ,우량기업부,9340,2,-110,-1.16,9500,9510,9320,3360,31637850,82051900000,8785000,KSQ
781,032300,KR7032300006,한국파마,KOSDAQ,중견기업부,7510,1,400,5.63,7110,7540,7110,5135,38154200,81909324510,10906701,KSQ
782,019550,KR7019550003,SBI인베스트먼트,KOSDAQ,중견기업부,1007,1,46,4.79,960,1008,959,84515,83496756,81600520009,81033287,KSQ
783,129920,KR7129920005,대성하이텍,KOSDAQ,벤처기업부,5020,1,10,0.2,4610,5060,4610,55814,273784200,81568453920,16248696,KSQ
784,175250,KR7175250000,아이큐어,KOSDAQ,관리종목(소속부없음),2170,0,0,0.0,0,0,0,0,0,81501658560,37558368,KSQ
785,389030,KR7389030008,지니너스,KOSDAQ,기술성장기업부,2065,1,50,2.48,2010,2070,1921,36005,72153755,81345039615,39392271,KSQ
786,290740,KR7290740000,액트로,KOSDAQ,벤처기업부,8070,1,1190,17.3,6620,8400,6620,69006,538265480,81224638770,10065011,KSQ
787,412540,KR7412540007,제일엠앤에스,KOSDAQ,관리종목(소속부없음),3935,0,0,0.0,0,0,0,0,0,81063616775,20600665,KSQ
788,054670,KR7054670005,대한뉴팜,KOSDAQ,우량기업부,5640,1,40,0.71,5600,5650,5500,4744,26493850,80961748800,14354920,KSQ
789,048530,KR7048530000,인트론바이오,KOSDAQ,기술성장기업부,2620,1,185,7.6,2520,2630,2460,72047,184011555,80936405960,30891758,KSQ
790,452190,KR7452190002,한빛레이저,KOSDAQ,벤처기업부,3375,1,160,4.98,3195,3405,3160,45977,151774070,80731879875,23920557,KSQ
791,037760,KR7037760006,쎄니트,KOSDAQ,중견기업부,2385,3,0,0.0,2385,2390,2375,2370,5651430,80691516585,33832921,KSQ
792,320000,KR7320000003,한울반도체,KOSDAQ,중견기업부,11980,1,750,6.68,11340,13490,11230,539293,6798242020,80684581200,6734940,KSQ
793,950130,KR8840090003,엑세스바이오,KOSDAQ,외국기업(소속부없음),2290,1,140,6.51,2150,2315,2150,34980,78973272,80548079860,35173834,KSQ
794,063080,KR7063080006,컴투스홀딩스,KOSDAQ,중견기업부,12200,1,370,3.13,11760,12340,11750,4146,50041360,80461342400,6595192,KSQ
795,255440,KR7255440000,야스,KOSDAQ,벤처기업부,6150,1,770,14.31,5550,6700,5450,1264578,7806027260,80306700000,13058000,KSQ
796,0117P0,KR70117P0005,피스피스스튜디오,KOSDAQ,중견기업부,5660,1,250,4.62,5420,5710,5380,63192,350952630,80196036260,14168911,KSQ
797,012700,KR7012700001,리드코프,KOSDAQ,우량기업부,3055,1,30,0.99,3025,3065,2990,6506,19755180,80025272860,26194852,KSQ
798,215100,KR7215100009,로보로보,KOSDAQ,벤처기업부,3930,1,240,6.5,3810,3980,3715,149405,577083402,79969424220,20348454,KSQ
799,054540,KR7054540000,삼영엠텍,KOSDAQ,우량기업부,6140,1,90,1.49,5910,6190,5750,70093,418589740,79820000000,13000000,KSQ
800,311320,KR7311320006,지오엘리먼트,KOSDAQ,기술성장기업부,6310,2,-180,-2.77,6270,6580,6210,27835,178409870,79597873600,12614560,KSQ
801,054040,KR7054040001,한국컴퓨터,KOSDAQ,우량기업부,4945,1,115,2.38,4830,4955,4830,25109,123156555,79472529050,16071290,KSQ
802,187790,KR7187790001,나노,KOSDAQ,벤처기업부,2575,1,160,6.63,2410,2640,2320,87295,219008177,79415137250,30840830,KSQ
803,066700,KR7066700006,테라젠이텍스,KOSDAQ,중견기업부,2135,1,100,4.91,2035,2150,2025,30096,63087005,79320322760,37152376,KSQ
804,102370,KR7102370004,케이옥션,KOSDAQ,기술성장기업부,3055,1,80,2.69,2975,3075,2900,12941,38948690,79088725950,25888290,KSQ
805,036640,KR7036640001,HRS,KOSDAQ,우량기업부,4835,1,55,1.15,4780,4840,4760,13564,65184927,79075458000,16354800,KSQ
806,053280,KR7053280004,예스24,KOSDAQ,중견기업부,3160,1,50,1.61,3110,3260,3000,4516,14084194,79000000000,25000000,KSQ
807,086960,KR7086960002,MDS테크,KOSDAQ,우량기업부,1854,1,39,2.15,1760,1877,1760,102385,187551467,78848154180,42528670,KSQ
808,131370,KR7131370009,알서포트,KOSDAQ,벤처기업부,1480,1,7,0.48,1472,1497,1456,113558,167631093,78835282840,53267083,KSQ
809,263800,KR7263800005,데이타솔루션,KOSDAQ,중견기업부,4855,1,185,3.96,4655,4915,4565,148769,707842030,78774219900,16225380,KSQ
810,0011A0,KR70011A0009,액스비스,KOSDAQ,벤처기업부,8410,1,640,8.24,7690,8450,7650,22597,183763525,78496753400,9333740,KSQ
811,494120,KR7494120009,큐리오시스,KOSDAQ,기술성장기업부,10240,1,880,9.4,9270,10340,9030,41435,404548090,78129991680,7629882,KSQ
812,0218L0,KR70218L0007,네오뷰,KOSDAQ,중견기업부,14780,1,70,0.48,14800,15180,14540,91236,1350649420,77981866500,5276175,KSQ
813,052900,KR7052900008,KX하이텍,KOSDAQ,우량기업부,1017,1,11,1.09,985,1039,971,528927,529383648,77971447530,76668090,KSQ
814,153890,KR7153890009,져스텍,KOSDAQ,기술성장기업부,6470,1,550,9.29,5980,6790,5980,194254,1241264665,77965473350,12050305,KSQ
815,067370,KR7067370007,선바이오,KOSDAQ,기술성장기업부,6380,3,0,0.0,6150,6400,6130,2086,13116100,77924305580,12213841,KSQ
816,009300,KR7009300005,삼아제약,KOSDAQ,우량기업부,12220,1,10,0.08,12230,12270,12220,552,6759680,77841400000,6370000,KSQ
817,381620,KR7381620004,제닉스로보틱스,KOSDAQ,중견기업부,5910,1,410,7.45,5800,6030,5520,101692,589007190,77526907200,13117920,KSQ
818,038110,KR7038110003,에코플라스틱,KOSDAQ,우량기업부,1875,1,26,1.41,1836,1880,1811,95365,175886333,77192568750,41169370,KSQ
819,078890,KR7078890001,가온그룹,KOSDAQ,중견기업부,4185,1,285,7.31,3950,4315,3860,107992,442816118,77108386455,18424943,KSQ
820,303810,KR7303810006,동국생명과학,KOSDAQ,중견기업부,2405,1,5,0.21,2400,2415,2340,16359,39096555,76921856700,31984140,KSQ
821,214260,KR7214260002,라파스,KOSDAQ,기술성장기업부,8620,1,360,4.36,8230,8650,8230,5782,48778690,76911631060,8922463,KSQ
822,900260,HK0000295359,로스웰,KOSDAQ,외국기업(소속부없음),1669,2,-3,-0.18,1639,1704,1639,12988,22022234,76823579314,46029706,KSQ
823,306620,KR7306620006,지아이에스,KOSDAQ,벤처기업부,1602,1,42,2.69,1560,1616,1506,65718,102820819,76803378768,47942184,KSQ
824,173130,KR7173130006,오파스넷,KOSDAQ,중견기업부,5870,1,70,1.21,5760,5870,5730,8051,46550630,76582796510,13046473,KSQ
825,365660,KR7365660000,레몬헬스케어,KOSDAQ,기술성장기업부,5730,1,380,7.1,5700,6220,5580,4428990,26251802440,76504433070,13351559,KSQ
826,101330,KR7101330009,모베이스,KOSDAQ,중견기업부,3300,1,125,3.94,3180,3340,3150,28192,91294495,76385195700,23147029,KSQ
827,054620,KR7054620000,APS,KOSDAQ,중견기업부,4140,1,15,0.36,3950,4230,3950,15485,63437352,76152074940,18394221,KSQ
828,265560,KR7265560003,영화테크,KOSDAQ,우량기업부,7120,1,220,3.19,6910,7170,6840,8973,63285380,76114081600,10690180,KSQ
829,073640,KR7073640005,테라사이언스,KOSDAQ,관리종목(소속부없음),654,0,0,0.0,0,0,0,0,0,76111715580,116378770,KSQ
830,950250,KR8826050005,테라뷰,KOSDAQ,기술성장기업부,2140,1,125,6.2,1982,2170,1950,86146,176302645,76007944340,35517731,KSQ
831,156100,KR7156100000,엘앤케이바이오,KOSDAQ,벤처기업부,3400,1,345,11.29,3130,3490,3070,206414,686431705,75993920200,22351153,KSQ
832,080010,KR7080010002,이상네트웍스,KOSDAQ,중견기업부,7710,1,20,0.26,7700,7930,7660,1760,13602080,75828397410,9835071,KSQ
833,493330,KR7493330005,지에프아이,KOSDAQ,벤처기업부,9670,1,910,10.39,9700,11250,9000,99147,953649200,75808090710,7839513,KSQ
834,377480,KR7377480009,마음AI,KOSDAQ,기술성장기업부,10660,1,640,6.39,10700,11180,10030,253681,2714951215,75795531500,7110275,KSQ
835,040910,KR7040910002,아이씨디,KOSDAQ,중견기업부,4170,1,125,3.09,4045,4190,4000,5931,24227450,75786726750,18174275,KSQ
836,065510,KR7065510000,휴비츠,KOSDAQ,우량기업부,6950,2,-50,-0.71,7000,7040,6780,32602,224536470,75601370250,10877895,KSQ
837,024830,KR7024830002,세원물산,KOSDAQ,중견기업부,9030,1,480,5.61,8550,9150,8500,86,750670,75400500000,8350000,KSQ
838,331380,KR7331380006,포커스에이아이,KOSDAQ,투자주의환기종목(소속부없음),2060,1,55,2.74,1985,2085,1965,17036,34595374,75315383960,36560866,KSQ
839,004590,KR7004590006,한국가구,KOSDAQ,중견기업부,5020,1,20,0.4,5000,5040,4900,5909,29529340,75300000000,15000000,KSQ
840,000440,KR7000440008,중앙에너비스,KOSDAQ,중견기업부,12090,2,-600,-4.73,12260,12260,11790,14291,171146160,75286001700,6227130,KSQ
841,061250,KR7061250007,화일약품,KOSDAQ,우량기업부,8940,1,200,2.29,8740,9000,8740,1367,12126470,75253200960,8417584,KSQ
842,475230,KR7475230009,엔알비,KOSDAQ,벤처기업부,6900,1,360,5.5,6480,6910,6410,14639,99428120,75200912700,10898683,KSQ
843,451250,KR7451250005,삐아,KOSDAQ,벤처기업부,7340,1,240,3.38,6900,7350,6900,12788,91482770,75057937180,10225877,KSQ
844,024880,KR7024880007,케이피에프,KOSDAQ,우량기업부,3760,1,110,3.01,3580,3770,3580,12022,44550550,74980506240,19941624,KSQ
845,043610,KR7043610005,KT지니뮤직,KOSDAQ,중견기업부,1286,1,3,0.23,1285,1300,1262,12724,16268712,74736453268,58115438,KSQ
846,0156T0,KR70156T0003,에이치엘지노믹스,KOSDAQ,중견기업부,9600,1,220,2.35,9410,10010,9310,334865,3244303830,74708745600,7782161,KSQ
847,036010,KR7036010007,아비코전자,KOSDAQ,중견기업부,5600,1,220,4.09,5270,5710,5110,53940,295922980,74440430400,13292934,KSQ
848,047820,KR7047820006,초록뱀미디어,KOSDAQ,중견기업부,3035,1,90,3.06,2880,3065,2880,1729,5190655,74217677550,24453930,KSQ
849,290660,KR7290660000,다이나믹솔루션,KOSDAQ,기술성장기업부,1730,1,21,1.23,1748,1761,1672,357633,612953074,74109546240,42837888,KSQ
850,234300,KR7234300002,에스트래픽,KOSDAQ,우량기업부,2715,3,0,0.0,2715,2730,2665,32399,87133475,73869122700,27207780,KSQ
851,011370,KR7011370004,서한,KOSDAQ,우량기업부,730,1,5,0.69,736,736,716,15312,11112788,73653251450,100894865,KSQ
852,011320,KR7011320009,유니크,KOSDAQ,우량기업부,3765,1,25,0.67,3730,3800,3560,5840,21695220,72742416675,19320695,KSQ
853,347890,KR7347890006,엠엑스온,KOSDAQ,벤처기업부,4275,1,105,2.52,4170,4295,4170,1802,7662625,72731447100,17013204,KSQ
854,217330,KR7217330000,싸이토젠,KOSDAQ,기술성장기업부,3140,1,75,2.45,3150,3155,2940,33140,101673940,72626777580,23129547,KSQ
855,413390,KR7413390006,엠오티,KOSDAQ,중견기업부,6270,1,90,1.46,6110,6330,6100,8138,50966110,72607728600,11580180,KSQ
856,052460,KR7052460003,아이크래프트,KOSDAQ,벤처기업부,4970,1,350,7.58,4925,4995,4435,813464,3897701161,72601441920,14607936,KSQ
857,212710,KR7212710008,아이에스티이,KOSDAQ,기술성장기업부,7460,1,60,0.81,7310,7550,7040,19504,141256480,72473735880,9714978,KSQ
858,067570,KR7067570002,엔브이에이치코리아,KOSDAQ,중견기업부,1718,1,35,2.08,1683,1719,1683,14118,24003966,72448060000,42170000,KSQ
859,017480,KR7017480005,삼현철강,KOSDAQ,우량기업부,4680,3,0,0.0,4655,4710,4650,8066,37729685,72272725200,15442890,KSQ
860,170030,KR7170030001,현대공업,KOSDAQ,우량기업부,4710,1,60,1.29,4635,4710,4570,10439,48511995,72251400000,15340000,KSQ
861,090470,KR7090470006,제이스로보틱스,KOSDAQ,벤처기업부,4125,1,110,2.74,3995,4175,3960,10945,44505300,72090950250,17476594,KSQ
862,223250,KR7223250002,드림씨아이에스,KOSDAQ,벤처기업부,2925,1,95,3.36,2830,2935,2770,18900,53843304,71956298700,24600444,KSQ
863,060590,KR7060590007,씨티씨바이오,KOSDAQ,중견기업부,2975,1,55,1.88,2870,2980,2870,13089,38657414,71938534500,24181020,KSQ
864,234920,KR7234920007,자이글,KOSDAQ,관리종목(소속부없음),5310,0,0,0.0,0,0,0,0,0,71849132100,13530910,KSQ
865,294630,KR7294630009,서남,KOSDAQ,기술성장기업부,2710,1,80,3.04,2630,2740,2590,63340,168951843,71812775090,26499179,KSQ
866,332370,KR7332370006,아이디피,KOSDAQ,벤처기업부,5400,3,0,0.0,5400,5410,5370,436,2349480,71678120400,13273726,KSQ
867,115440,KR7115440000,우리넷,KOSDAQ,우량기업부,6640,1,280,4.4,6090,6700,6090,54503,353581270,71674098880,10794292,KSQ
868,208140,KR7208140004,정다운,KOSDAQ,우량기업부,2182,1,22,1.02,2160,2190,2160,22959,49960545,71317024772,32684246,KSQ
869,052860,KR7052860004,아이앤씨,KOSDAQ,벤처기업부,3990,1,180,4.72,3805,3995,3695,3235,12445985,71288747460,17866854,KSQ
870,171120,KR7171120009,라이온켐텍,KOSDAQ,우량기업부,1985,1,26,1.33,1990,1990,1962,16591,32867340,71264993600,35901760,KSQ
871,066980,KR7066980004,한성크린텍,KOSDAQ,벤처기업부,1327,1,72,5.74,1250,1345,1237,502558,651116678,71114927904,53590752,KSQ
872,020710,KR7020710000,시공테크,KOSDAQ,우량기업부,3545,1,110,3.2,3490,3585,3435,60175,211684159,71070053650,20047970,KSQ
873,443670,KR7443670005,에스피소프트,KOSDAQ,중견기업부,2945,1,45,1.55,2870,2975,2810,19988,57923519,70711110980,24010564,KSQ
874,030960,KR7030960009,양지사,KOSDAQ,중견기업부,4400,2,-15,-0.34,4450,4450,4270,31203,135039295,70312000000,15980000,KSQ
875,082210,KR7082210006,옵트론텍,KOSDAQ,중견기업부,2005,1,7,0.35,2000,2065,1828,21789,42946570,70101476650,34963330,KSQ
876,463020,KR7463020008,뉴엔AI,KOSDAQ,기술성장기업부,7890,1,240,3.14,8120,8340,7320,244345,1924993940,70056888000,8879200,KSQ
877,084730,KR7084730001,팅크웨어,KOSDAQ,중견기업부,6290,1,50,0.8,6240,6300,6130,1847,11470270,69878276960,11109424,KSQ
878,085670,KR7085670008,뉴프렉스,KOSDAQ,우량기업부,2845,1,105,3.83,2715,2875,2715,65323,183803065,69704665045,24500761,KSQ
879,234030,KR7234030005,싸이닉솔루션,KOSDAQ,중견기업부,2950,1,110,3.87,2800,2955,2770,37051,106433136,69634750000,23605000,KSQ
880,033130,KR7033130006,디지틀조선,KOSDAQ,중견기업부,1876,3,0,0.0,1876,1876,1831,21497,40047525,69628240892,37115267,KSQ
881,225530,KR7225530005,HC보광산업,KOSDAQ,우량기업부,1916,1,36,1.91,1900,1935,1831,17961,34280540,69625000932,36338727,KSQ
882,039980,KR7039980008,폴라리스AI,KOSDAQ,중견기업부,4840,1,300,6.61,4900,4950,4535,716499,3402171276,69605075760,14381214,KSQ
883,041910,KR7041910001,폴라리스AI파마,KOSDAQ,우량기업부,5240,1,90,1.75,5100,5260,5000,12426,63640370,69604754000,13283350,KSQ
884,107600,KR7107600009,새빗켐,KOSDAQ,벤처기업부,12250,1,670,5.79,11350,12740,11150,3238,38630725,69213161500,5650054,KSQ
885,196490,KR7196490007,디에이테크놀로지,KOSDAQ,투자주의환기종목(소속부없음),6090,0,0,0.0,0,0,0,0,0,69131518050,11351645,KSQ
886,045660,KR7045660008,에이텍,KOSDAQ,우량기업부,8330,2,-50,-0.6,8380,8390,8210,3870,32029150,68805800000,8260000,KSQ
887,389140,KR7389140005,포바이포,KOSDAQ,벤처기업부,4820,1,120,2.55,4800,4865,4520,29084,137121585,68780122700,14269735,KSQ
888,094860,KR7094860004,네오리진,KOSDAQ,중견기업부,1294,1,72,5.89,1205,1295,1205,42877,53043215,68724358116,53110014,KSQ
889,214680,KR7214680001,디알텍,KOSDAQ,벤처기업부,822,1,59,7.73,782,829,763,65562,52782291,68618140032,83477056,KSQ
890,475430,KR7475430005,키스트론,KOSDAQ,중견기업부,3840,1,35,0.92,3760,3915,3690,94728,360447886,68536742400,17848110,KSQ
891,038680,KR7038680005,에스넷,KOSDAQ,우량기업부,3440,1,90,2.69,3310,3455,3310,36485,124494695,68499488480,19912642,KSQ
892,006140,KR7006140008,피제이전자,KOSDAQ,우량기업부,4600,1,85,1.88,4515,4605,4400,42860,192805170,68379000000,14865000,KSQ
893,105740,KR7105740005,디케이락,KOSDAQ,우량기업부,6710,1,110,1.67,6690,6760,6580,13777,91842060,68230722230,10168513,KSQ
894,201490,KR7201490000,미투온,KOSDAQ,중견기업부,2080,1,50,2.46,2010,2085,2000,40383,82568120,68065350080,32723726,KSQ
895,124560,KR7124560004,태웅로직스,KOSDAQ,우량기업부,1754,1,6,0.34,1696,1757,1696,7499,12940195,67916302494,38720811,KSQ
896,382480,KR7382480002,지아이텍,KOSDAQ,벤처기업부,1725,1,41,2.43,1684,1728,1650,13889,23615684,67891066500,39357140,KSQ
897,153710,KR7153710009,옵티팜,KOSDAQ,기술성장기업부,4625,1,10,0.22,4895,4895,4450,5924,26661295,67848555750,14669958,KSQ
898,096250,KR7096250006,와이즈넛,KOSDAQ,기술성장기업부,5740,1,100,1.77,5490,5800,5490,5927,33618920,67817416940,11814881,KSQ
899,0015N0,KR70015N0000,아로마티카,KOSDAQ,벤처기업부,5390,2,-160,-2.88,5460,5550,5170,54497,290027200,67789609580,12576922,KSQ
900,221800,KR7221800006,지구홀딩스,KOSDAQ,투자주의환기종목(소속부없음),4150,1,275,7.1,3925,4295,3670,31505,126015470,67723231650,16318851,KSQ
901,222110,KR7222110009,팬젠,KOSDAQ,기술성장기업부,5010,1,110,2.24,4855,5050,4815,3045,15014815,67707690090,13514509,KSQ
902,104040,KR7104040001,디에스엠,KOSDAQ,벤처기업부,2525,2,-85,-3.26,2690,2690,2500,5117,12970580,67704251625,26813565,KSQ
903,045970,KR7045970001,코아시아,KOSDAQ,중견기업부,2570,2,-80,-3.02,2565,2745,2480,41333,107069265,67629231320,26314876,KSQ
904,253840,KR7253840003,수젠텍,KOSDAQ,중견기업부,4035,1,235,6.18,3765,4070,3765,79868,315554686,67558812000,16743200,KSQ
905,365330,KR7365330000,에스와이스틸텍,KOSDAQ,우량기업부,1341,1,52,4.03,1289,1347,1271,128657,168905145,67279311000,50171000,KSQ
906,041930,KR7041930009,SY동아,KOSDAQ,우량기업부,4420,1,25,0.57,4380,4440,4305,3974,17453475,67184000000,15200000,KSQ
907,008830,KR7008830002,대동기어,KOSDAQ,중견기업부,7470,1,470,6.71,7000,8330,7000,76073,556679575,67136774400,8987520,KSQ
908,024740,KR7024740003,한일단조,KOSDAQ,우량기업부,2035,1,30,1.5,1998,2040,1976,56831,113766687,66945494715,32897049,KSQ
909,032850,KR7032850000,비트컴퓨터,KOSDAQ,벤처기업부,4020,1,90,2.29,3860,4025,3860,25372,101096445,66825637860,16623293,KSQ
910,185490,KR7185490000,아이진,KOSDAQ,벤처기업부,1545,1,76,5.17,1451,1560,1450,65909,100842812,66790016280,43229784,KSQ
911,251120,KR7251120002,바이오에프디엔씨,KOSDAQ,기술성장기업부,7680,1,240,3.23,7440,7800,7210,6904,52389770,66782976000,8695700,KSQ
912,198440,KR7198440000,강동씨앤엘,KOSDAQ,중견기업부,1095,2,-4,-0.36,1099,1118,1050,191380,205807118,66720426120,60931896,KSQ
913,417970,KR7417970001,모델솔루션,KOSDAQ,우량기업부,10400,1,250,2.46,9960,10450,9540,3715,37736340,66525680000,6396700,KSQ
914,203400,KR7203400007,에이비온,KOSDAQ,기술성장기업부,737,1,74,11.16,679,745,655,359409,252222337,66404661048,90101304,KSQ
915,036000,KR7036000008,예림당,KOSDAQ,중견기업부,2880,1,10,0.35,2840,2905,2810,9495,26991850,66338717760,23034277,KSQ
916,062970,KR7062970009,한국첨단소재,KOSDAQ,중견기업부,1162,0,0,0.0,0,0,0,0,0,66336969468,57088614,KSQ
917,049550,KR7049550007,잉크테크,KOSDAQ,우량기업부,3380,1,170,5.3,3240,3380,3210,10226,33554070,66269216260,19606277,KSQ
918,038460,KR7038460002,바이오스마트,KOSDAQ,우량기업부,2620,1,10,0.38,2585,2655,2520,43200,113097110,66219300040,25274542,KSQ
919,091120,KR7091120006,이엠텍,KOSDAQ,중견기업부,3865,1,180,4.88,3580,3910,3580,12699,48391350,66218797640,17132936,KSQ
920,464490,KR7464490002,쿼드메디슨,KOSDAQ,기술성장기업부,5760,1,250,4.54,5510,5800,5380,4482,25474240,66136970880,11482113,KSQ
921,128660,KR7128660008,피제이메탈,KOSDAQ,우량기업부,2665,2,-15,-0.56,2660,2685,2640,29698,79198505,66100978385,24803369,KSQ
922,048430,KR7048430003,유라테크,KOSDAQ,우량기업부,5700,1,80,1.42,5500,5720,5500,7358,41645015,65664000000,11520000,KSQ
923,032540,KR7032540007,TJ미디어,KOSDAQ,우량기업부,3140,1,20,0.64,3105,3145,3060,900,2782760,65617876820,20897413,KSQ
924,478560,KR7478560006,블랙야크아이앤씨,KOSDAQ,벤처기업부,2540,1,100,4.1,2325,2580,2325,40677,101410230,65608956920,25830298,KSQ
925,451220,KR7451220008,아이엠티,KOSDAQ,기술성장기업부,8330,1,90,1.09,8180,8710,7880,12862,105121715,65595509630,7874611,KSQ
926,357580,KR7357580000,아모센스,KOSDAQ,기술성장기업부,5560,1,210,3.93,5200,5740,5170,29484,162044130,65551076720,11789762,KSQ
927,065170,KR7065170003,비엘팜텍,KOSDAQ,투자주의환기종목(소속부없음),2345,1,135,6.11,2260,2585,2260,690196,1656642388,65457844585,27913793,KSQ
928,208370,KR7208370007,셀바스헬스케어,KOSDAQ,벤처기업부,2530,1,150,6.3,2385,2535,2350,87793,214817503,65123626920,25740564,KSQ
929,109860,KR7109860007,동일금속,KOSDAQ,우량기업부,7150,1,20,0.28,7130,7170,7130,446,3184830,65065000000,9100000,KSQ
930,382840,KR7382840007,원준,KOSDAQ,중견기업부,4260,1,175,4.28,3955,4290,3955,22195,90556870,65056935060,15271581,KSQ
931,110790,KR7110790003,크리스에프앤씨,KOSDAQ,우량기업부,2770,2,-50,-1.77,2705,2815,2705,1011,2791170,64903759200,23430960,KSQ
932,079810,KR7079810008,APS이노베이션,KOSDAQ,우량기업부,3010,1,185,6.55,2780,3015,2770,35643,103523185,64799562940,21528094,KSQ
933,004780,KR7004780003,대륙제관,KOSDAQ,우량기업부,4065,2,-25,-0.61,4170,4170,4025,13497,55007495,64646503935,15903199,KSQ
934,002800,KR7002800001,신신제약,KOSDAQ,우량기업부,4260,1,120,2.9,4140,4265,4120,6464,27222650,64626330000,15170500,KSQ
935,419050,KR7419050000,삼기에너지솔루션즈,KOSDAQ,중견기업부,1129,1,22,1.99,1144,1144,1042,140324,156105860,64574554960,57196240,KSQ
936,388870,KR7388870008,파로스아이바이오,KOSDAQ,기술성장기업부,4980,1,245,5.17,4735,5050,4630,49010,234524590,64470741360,12945932,KSQ
937,088390,KR7088390000,이녹스,KOSDAQ,중견기업부,6860,1,330,5.05,6920,6970,6500,2004,13382600,64386889840,9385844,KSQ
938,460940,KR7460940000,피앤에스로보틱스,KOSDAQ,기술성장기업부,4785,1,415,9.5,4500,4875,4415,79543,373944349,64383514800,13455280,KSQ
939,303360,KR7303360002,프로티아,KOSDAQ,기술성장기업부,4975,1,25,0.51,4915,5090,4915,9775,49095905,64076582125,12879715,KSQ
940,432470,KR7432470003,케이엔에스,KOSDAQ,벤처기업부,7300,1,360,5.19,7050,7360,6810,20401,145304440,64032358800,8771556,KSQ
941,456070,KR7456070002,이엔셀,KOSDAQ,기술성장기업부,5800,1,340,6.23,5460,5840,5320,21619,118936750,63971198600,11029517,KSQ
942,396270,KR7396270001,넥스트칩,KOSDAQ,벤처기업부,1939,1,117,6.42,1876,1939,1790,127109,235393919,63768728709,32887431,KSQ
943,0004V0,KR70004V0003,엔비알모션,KOSDAQ,기술성장기업부,5790,1,430,8.02,5350,5850,5230,134486,745183555,63750123360,11010384,KSQ
944,089850,KR7089850002,유비벨록스,KOSDAQ,우량기업부,4325,1,50,1.17,4105,4350,4105,3998,16697462,63708110675,14730199,KSQ
945,010240,KR7010240000,흥국,KOSDAQ,우량기업부,5430,1,100,1.88,5330,5440,5330,4036,21759080,63563580000,11706000,KSQ
946,387690,KR7387690001,레메디,KOSDAQ,기술성장기업부,8310,1,40,0.48,8310,8700,8070,297114,2493894900,63370323210,7625791,KSQ
947,217190,KR7217190008,제너셈,KOSDAQ,벤처기업부,4805,2,-5,-0.1,4805,4875,4650,12948,61763495,63203821605,13153761,KSQ
948,049080,KR7049080005,기가레인,KOSDAQ,벤처기업부,7440,1,100,1.36,7430,8170,6960,343679,2590451945,63153204960,8488334,KSQ
949,204840,KR7204840003,지엘팜텍,KOSDAQ,기술성장기업부,814,0,0,0.0,0,0,0,0,0,63124890884,77549006,KSQ
950,039420,KR7039420005,케이엘넷,KOSDAQ,중견기업부,2740,1,70,2.62,2670,2740,2670,20896,56519515,62874763560,22946994,KSQ
951,081150,KR7081150005,티플랙스,KOSDAQ,중견기업부,2590,1,45,1.77,2550,2590,2505,12719,32455505,62855161180,24268402,KSQ
952,041460,KR7041460007,한국전자인증,KOSDAQ,중견기업부,3300,1,20,0.61,3280,3320,3205,12678,41274215,62700000000,19000000,KSQ
953,043650,KR7043650001,국순당,KOSDAQ,중견기업부,3505,1,10,0.29,3575,3575,3405,13621,47594570,62593355520,17858304,KSQ
954,001840,KR7001840008,이화공영,KOSDAQ,관리종목(소속부없음),2215,0,0,0.0,0,0,0,0,0,62588831935,28256809,KSQ
955,010280,KR7010280006,아이티센엔텍,KOSDAQ,우량기업부,4800,1,165,3.56,4635,4800,4635,10072,47755990,62518833600,13024757,KSQ
956,026150,KR7026150003,특수건설,KOSDAQ,중견기업부,3560,1,75,2.15,3470,3580,3470,9695,34137160,62464938360,17546331,KSQ
957,321370,KR7321370009,센서뷰,KOSDAQ,기술성장기업부,1207,1,47,4.05,1179,1223,1095,330750,391505847,62359541542,51664906,KSQ
958,294090,KR7294090006,이오플로우,KOSDAQ,관리종목(소속부없음),1490,0,0,0.0,0,0,0,0,0,62295566450,41809105,KSQ
959,066310,KR7066310004,큐에스아이,KOSDAQ,벤처기업부,6710,1,230,3.55,6410,6730,6340,18287,119867420,62212576910,9271621,KSQ
960,083790,KR7083790006,CG인바이츠,KOSDAQ,벤처기업부,808,1,46,6.04,769,820,762,78420,62536281,62130499056,76894182,KSQ
961,238090,KR7238090005,앤디포스,KOSDAQ,벤처기업부,2035,1,30,1.5,2010,2035,1991,1423,2869921,62048045400,30490440,KSQ
962,270520,KR7270520000,앱튼,KOSDAQ,투자주의환기종목(소속부없음),3155,1,5,0.16,3155,3265,3075,65389,205825730,62023873670,19658914,KSQ
963,117670,KR7117670000,알파칩스,KOSDAQ,벤처기업부,9310,2,-30,-0.32,8970,9480,8970,2930,26856540,62020818020,6661742,KSQ
964,096350,KR7096350004,대창솔루션,KOSDAQ,벤처기업부,1682,1,42,2.56,1685,1696,1602,32709,54171910,61989709684,36854762,KSQ
965,012790,KR7012790002,신일제약,KOSDAQ,우량기업부,5165,1,105,2.08,5030,5210,5030,6828,35090735,61909833475,11986415,KSQ
966,142280,KR7142280007,녹십자엠에스,KOSDAQ,중견기업부,2580,1,90,3.61,2455,2580,2455,80804,202049200,61824619980,23963031,KSQ
967,214270,KR7214270001,FSN,KOSDAQ,중견기업부,1366,1,41,3.09,1325,1378,1318,94562,126969205,61817763110,45254585,KSQ
968,360070,KR7360070007,탑머티리얼,KOSDAQ,중견기업부,7540,1,90,1.21,7460,7620,7150,14155,103638430,61768004220,8192043,KSQ
969,059270,KR7059270009,해성에어로보틱스,KOSDAQ,기술성장기업부,5530,1,260,4.93,5310,5600,5110,33580,182855930,61744103470,11165299,KSQ
970,076610,KR7076610005,해성옵틱스,KOSDAQ,벤처기업부,1035,1,37,3.71,1003,1048,977,361380,367057816,61309446300,59236180,KSQ
971,005670,KR7005670005,푸드웰,KOSDAQ,우량기업부,6120,1,120,2.0,6000,6120,5980,4506,27311030,61200000000,10000000,KSQ
972,014970,KR7014970008,삼륭물산,KOSDAQ,중견기업부,4125,1,90,2.23,4400,4400,3955,37166,152487635,61153125000,14825000,KSQ
973,307870,KR7307870006,비투엔,KOSDAQ,벤처기업부,821,2,-38,-4.42,859,859,805,65445,54075229,60999712985,74299285,KSQ
974,007820,KR7007820004,엠엑스로보틱스,KOSDAQ,중견기업부,3035,1,120,4.12,2915,3045,2855,43335,127936018,60803026110,20033946,KSQ
975,065530,KR7065530008,와이어블,KOSDAQ,우량기업부,1270,1,97,8.27,1178,1270,1153,130033,159413258,60755223930,47838759,KSQ
976,347860,KR7347860009,알체라,KOSDAQ,중견기업부,1436,1,52,3.76,1384,1442,1364,76944,108397198,60532637092,42153647,KSQ
977,331740,KR7331740001,아우토크립트,KOSDAQ,기술성장기업부,6200,1,130,2.14,5860,6260,5860,7954,47907250,60456144200,9750991,KSQ
978,058400,KR7058400003,KNN,KOSDAQ,우량기업부,4555,2,-60,-1.3,4615,4630,4455,8989,40621760,60321737460,13242972,KSQ
979,123420,KR7123420002,위메이드플레이,KOSDAQ,우량기업부,5790,1,70,1.22,5710,5800,5630,6684,38406500,60222027390,10401041,KSQ
980,126880,KR7126880004,제이엔케이글로벌,KOSDAQ,우량기업부,2595,1,60,2.37,2500,2595,2495,9428,23813485,60216723285,23204903,KSQ
981,162300,KR7162300008,신스틸,KOSDAQ,우량기업부,1449,1,44,3.13,1406,1450,1370,7472,10521093,60092032518,41471382,KSQ
982,443250,KR7443250006,레뷰코퍼레이션,KOSDAQ,벤처기업부,5540,1,120,2.21,5470,5550,5420,1569,8633280,59886386180,10809817,KSQ
983,347000,KR7347000002,센코,KOSDAQ,기술성장기업부,1562,1,10,0.64,1552,1566,1530,11062,17091752,59060541452,37810846,KSQ
984,137950,KR7137950002,제이씨케미칼,KOSDAQ,우량기업부,2645,2,-50,-1.86,2695,2700,2540,43393,112910570,58898368030,22267814,KSQ
985,072950,KR7072950009,빛샘전자,KOSDAQ,벤처기업부,7290,1,240,3.4,7050,7530,6930,83378,604088065,58703526900,8052610,KSQ
986,333620,KR7333620003,엔시스,KOSDAQ,벤처기업부,5330,1,40,0.76,5250,5370,5140,2286,11920780,58618860300,10997910,KSQ
987,111710,KR7111710000,남화산업,KOSDAQ,중견기업부,2845,2,-5,-0.18,2915,2915,2750,38421,107679035,58572860000,20588000,KSQ
988,261780,KR7261780001,아리바이오랩,KOSDAQ,기술성장기업부,2090,1,5,0.24,2065,2145,2010,159466,331678083,58549078170,28013913,KSQ
989,417790,KR7417790003,트루엔,KOSDAQ,벤처기업부,5590,1,110,2.01,5500,5610,5450,1820,10091070,58518305690,10468391,KSQ
990,0015S0,KR70015S0005,페스카로,KOSDAQ,기술성장기업부,5930,1,60,1.02,5780,6050,5780,11435,67663320,58509708900,9866730,KSQ
991,241690,KR7241690007,유니테크노,KOSDAQ,우량기업부,2390,1,80,3.46,2300,2410,2300,23064,54046230,58484987340,24470706,KSQ
992,453860,KR7453860009,에이에스텍,KOSDAQ,벤처기업부,9070,1,40,0.44,9060,9140,8970,1055,9522700,58450916610,6444423,KSQ
993,094850,KR7094850005,참좋은여행,KOSDAQ,우량기업부,4155,1,55,1.34,4115,4190,4065,1067,4420350,58170000000,14000000,KSQ
994,099520,KR7099520009,DGI,KOSDAQ,관리종목(소속부없음),1284,0,0,0.0,0,0,0,0,0,58141862016,45281824,KSQ
995,277880,KR7277880001,티에스아이,KOSDAQ,우량기업부,2925,1,105,3.72,2735,2950,2735,11672,33365500,58041395100,19843212,KSQ
996,008370,KR7008370009,원풍,KOSDAQ,우량기업부,4835,1,50,1.04,4785,4835,4780,96,459840,58020000000,12000000,KSQ
997,291650,KR7291650000,압타머사이언스,KOSDAQ,기술성장기업부,950,0,0,0.0,0,0,0,0,0,57987279900,61039242,KSQ
998,043710,KR7043710003,코스리거글로벌,KOSDAQ,중견기업부,3345,1,45,1.36,3285,3500,3285,397,1333580,57910319190,17312502,KSQ
999,0007J0,KR70007J0006,인벤테라,KOSDAQ,기술성장기업부,7320,1,440,6.4,6630,7320,6630,8460,60271870,57577026480,7865714,KSQ
1000,424960,KR7424960003,스마트레이더시스템,KOSDAQ,기술성장기업부,3490,1,160,4.8,3345,3495,3275,10657,36327001,57533033900,16485110,KSQ
1001,251630,KR7251630000,브이원텍,KOSDAQ,벤처기업부,3590,1,175,5.12,3395,3625,3375,19849,69867375,57234960740,15942886,KSQ
1002,049480,KR7049480007,오픈베이스,KOSDAQ,우량기업부,1809,1,54,3.08,1755,1814,1754,62740,111853180,56843090847,31422383,KSQ
1003,039010,KR7039010004,현대에이치티,KOSDAQ,우량기업부,6580,1,500,8.22,6080,6590,6080,37773,243966370,56752500000,8625000,KSQ
1004,168330,KR7168330009,내츄럴엔도텍,KOSDAQ,투자주의환기종목(소속부없음),1787,1,37,2.11,1779,1793,1749,4647,8259893,56746006300,31754900,KSQ
1005,263690,KR7263690000,디알젬,KOSDAQ,우량기업부,5010,1,90,1.83,4920,5050,4910,3401,16929710,56741306100,11325610,KSQ
1006,042110,KR7042110007,에스씨디,KOSDAQ,우량기업부,1174,1,65,5.86,1130,1256,1129,1307388,1568118674,56738908136,48329564,KSQ
1007,067920,KR7067920009,이글루,KOSDAQ,우량기업부,5150,2,-20,-0.39,5110,5190,5040,13010,66542630,56630012850,10996119,KSQ
1008,054300,KR7054300009,팬스타엔터프라이즈,KOSDAQ,벤처기업부,975,1,31,3.28,961,990,950,90841,87920693,56424171375,57870945,KSQ
1009,216050,KR7216050005,인크로스,KOSDAQ,중견기업부,4610,2,-75,-1.6,4625,4685,4595,23431,108202515,56235647420,12198622,KSQ
1010,061040,KR7061040002,알에프텍,KOSDAQ,중견기업부,6200,1,200,3.33,6270,6270,6050,1208,7429190,56098982600,9048223,KSQ
1011,136150,KR7136150000,원일티엔아이,KOSDAQ,벤처기업부,6680,1,240,3.73,6440,6740,6350,4114,26970670,55985280400,8381030,KSQ
1012,095270,KR7095270005,웨이브일렉트로,KOSDAQ,벤처기업부,3895,1,85,2.23,3650,3935,3650,49980,191297420,55980521370,14372406,KSQ
1013,411080,KR7411080005,샌즈랩,KOSDAQ,기술성장기업부,3665,1,145,4.12,3405,3700,3325,19854,71290355,55955893270,15267638,KSQ
1014,246960,KR7246960009,SCL사이언스,KOSDAQ,기술성장기업부,1644,1,32,1.99,1630,1692,1592,126083,206229751,55924025268,34017047,KSQ
1015,060310,KR7060310000,3S,KOSDAQ,벤처기업부,1053,1,66,6.69,996,1125,961,309946,327873358,55871169120,53059040,KSQ
1016,348150,KR7348150004,고바이오랩,KOSDAQ,기술성장기업부,2870,1,35,1.23,2850,2885,2780,13198,37508255,55732211430,19418889,KSQ
1017,100030,KR7100030006,인지소프트,KOSDAQ,중견기업부,16970,2,-570,-3.25,17010,17320,16710,832,14058410,55724626580,3283714,KSQ
1018,147760,KR7147760003,피엠티,KOSDAQ,벤처기업부,2785,1,10,0.36,2775,2820,2520,31239,85002913,55700000000,20000000,KSQ
1019,053620,KR7053620001,태양,KOSDAQ,우량기업부,6470,2,-40,-0.61,6510,6510,6410,80,519350,55642000000,8600000,KSQ
1020,420570,KR7420570004,제이투케이바이오,KOSDAQ,벤처기업부,9510,1,60,0.63,9300,9520,9030,5032,47273040,55609563330,5847483,KSQ
1021,448710,KR7448710004,코츠테크놀로지,KOSDAQ,벤처기업부,10510,1,80,0.77,10150,10570,10150,4918,51300130,55548418920,5285292,KSQ
1022,215360,KR7215360009,우리산업,KOSDAQ,우량기업부,6080,1,110,1.84,5970,6150,5930,5252,31895120,55523551040,9132163,KSQ
1023,340930,KR7340930007,성원에너텍,KOSDAQ,관리종목(소속부없음),806,0,0,0.0,0,0,0,0,0,55513882710,68875785,KSQ
1024,045340,KR7045340007,토탈소프트,KOSDAQ,벤처기업부,6485,1,75,1.17,6400,6490,6330,5778,37009415,55498889400,8558040,KSQ
1025,408470,KR7408470003,한패스,KOSDAQ,중견기업부,5240,1,110,2.14,4910,5280,4910,15217,78416110,55397280000,10572000,KSQ
1026,050960,KR7050960004,수산아이앤티,KOSDAQ,벤처기업부,8200,2,-70,-0.85,8270,8300,8170,803,6598790,55358200000,6751000,KSQ
1027,036670,KR7036670008,삼양케이씨아이,KOSDAQ,우량기업부,5140,1,10,0.19,5090,5140,5080,283,1444220,55307428000,10760200,KSQ
1028,048910,KR7048910004,대원미디어,KOSDAQ,우량기업부,4385,1,45,1.04,4340,4390,4295,4517,19656335,55158678210,12578946,KSQ
1029,010470,KR7010470003,오리콤,KOSDAQ,우량기업부,4600,1,30,0.66,4575,4620,4495,1206,5465020,55085230000,11975050,KSQ
1030,140070,KR7140070004,서플러스글로벌,KOSDAQ,벤처기업부,1488,2,-7,-0.47,1494,1580,1451,137846,205133891,55038144000,36988000,KSQ
1031,179530,KR7179530001,애드바이오텍,KOSDAQ,기술성장기업부,2035,1,5,0.25,2030,2140,1990,9997,20215324,54843858465,26950299,KSQ
1032,439580,KR7439580002,블루엠텍,KOSDAQ,기술성장기업부,1620,1,20,1.25,1582,1643,1554,50129,79666724,54831406140,33846547,KSQ
1033,217480,KR7217480003,에스디생명공학,KOSDAQ,투자주의환기종목(소속부없음),499,0,0,0.0,0,0,0,0,0,54756837359,109733141,KSQ
1034,088910,KR7088910005,동우팜투테이블,KOSDAQ,우량기업부,2125,3,0,0.0,2125,2130,2100,11295,23865570,54658748500,25721764,KSQ
1035,003310,KR7003310000,대주산업,KOSDAQ,우량기업부,1542,1,37,2.46,1496,1544,1449,178384,269334032,54575003700,35392350,KSQ
1036,219550,KR7219550001,디와이디,KOSDAQ,관리종목(소속부없음),1411,2,-40,-2.76,1468,1469,1334,27185,38708011,54567964216,38673256,KSQ
1037,053160,KR7053160008,프리엠스,KOSDAQ,중견기업부,9070,1,110,1.23,8530,9160,8530,3609,32413400,54420000000,6000000,KSQ
1038,137080,KR7137080008,나래나노텍,KOSDAQ,중견기업부,5060,2,-20,-0.39,5080,5190,5000,2167,10920320,54192341940,10709949,KSQ
1039,016250,KR7016250003,SGC E&C,KOSDAQ,중견기업부,10740,1,90,0.85,10700,11400,10500,3480,37473765,54097229640,5036986,KSQ
1040,007370,KR7007370000,진양제약,KOSDAQ,우량기업부,3825,1,5,0.13,3890,3890,3745,4599,17431700,54064795275,14134587,KSQ
1041,323350,KR7323350009,다원넥스뷰,KOSDAQ,기술성장기업부,6740,2,-10,-0.15,6540,6900,6200,24894,163277530,53992603280,8010772,KSQ
1042,318160,KR7318160009,셀바이오휴먼텍,KOSDAQ,벤처기업부,5780,2,-70,-1.2,6100,6100,5680,7358,42734100,53970825140,9337513,KSQ
1043,060570,KR7060570009,드림어스컴퍼니,KOSDAQ,중견기업부,728,0,0,0.0,0,0,0,0,0,53945945144,74101573,KSQ
1044,089230,KR7089230007,THE E&M,KOSDAQ,중견기업부,1401,1,103,7.94,1298,1427,1267,81210,109589876,53828316954,38421354,KSQ
1045,025550,KR7025550005,한국선재,KOSDAQ,중견기업부,2105,1,50,2.43,2025,2120,2020,12943,26755037,53706978420,25514004,KSQ
1046,027830,KR7027830009,대성창투,KOSDAQ,중견기업부,993,2,-52,-4.98,1011,1011,982,74922,74532369,53622000000,54000000,KSQ
1047,040160,KR7040160004,누리플렉스,KOSDAQ,중견기업부,4440,1,325,7.9,3985,4480,3985,12262,53345555,53526575400,12055535,KSQ
1048,299660,KR7299660001,셀리드,KOSDAQ,기술성장기업부,1812,1,105,6.15,1724,1895,1686,1104653,1992586323,53459394324,29502977,KSQ
1049,067170,KR7067170001,오텍,KOSDAQ,중견기업부,1936,1,110,6.02,1861,2085,1806,345066,676682875,53162137952,27459782,KSQ
1050,039020,KR7039020003,이건홀딩스,KOSDAQ,중견기업부,2345,2,-10,-0.42,2395,2395,2315,13464,31589700,52961142605,22584709,KSQ
1051,027050,KR7027050004,코리아나,KOSDAQ,중견기업부,1323,1,9,0.68,1314,1324,1296,22562,29651109,52920000000,40000000,KSQ
1052,460870,KR7460870009,에스엠씨지,KOSDAQ,벤처기업부,2630,1,30,1.15,2600,2690,2585,12139,31926800,52792789520,20073304,KSQ
1053,459100,KR7459100004,위츠,KOSDAQ,중견기업부,3915,1,225,6.1,3660,3935,3660,11997,46063066,52719781500,13466100,KSQ
1054,950200,KR8840150005,소마젠,KOSDAQ,외국기업(소속부없음),2740,1,5,0.18,2675,2760,2675,2473,6704885,52706785220,19236053,KSQ
1055,056360,KR7056360001,코위버,KOSDAQ,벤처기업부,5380,1,340,6.75,5010,5400,4900,45346,237428960,52706784000,9796800,KSQ
1056,476040,KR7476040001,오가노이드사이언스,KOSDAQ,기술성장기업부,7990,1,560,7.54,7750,8170,7550,5721,45083890,52620222400,6585760,KSQ
1057,070300,KR7070300009,엑스큐어,KOSDAQ,벤처기업부,1480,3,0,0.0,1494,1555,1479,42051,63286598,52576598920,35524729,KSQ
1058,033320,KR7033320003,제이씨현시스템,KOSDAQ,벤처기업부,2745,1,120,4.57,2600,2760,2600,37796,101569045,52469115840,19114432,KSQ
1059,347740,KR7347740003,피엔케이피부임상연구센타,KOSDAQ,벤처기업부,1746,1,10,0.58,1733,1760,1660,10785,18677311,52398465696,30010576,KSQ
1060,033310,KR7033310004,엠투엔,KOSDAQ,중견기업부,1309,1,22,1.71,1295,1314,1286,15130,19713319,52323944904,39972456,KSQ
1061,286750,KR7286750005,나노실리칸첨단소재,KOSDAQ,투자주의환기종목(소속부없음),1627,1,27,1.69,1600,1693,1570,75042,120362321,52110950339,32028857,KSQ
1062,036120,KR7036120004,서울평가정보,KOSDAQ,중견기업부,1482,1,17,1.16,1487,1487,1467,25452,37650553,52084890000,35145000,KSQ
1063,263600,KR7263600009,덕우전자,KOSDAQ,중견기업부,3260,1,170,5.5,3080,3265,3045,11684,37168685,51932810600,15930310,KSQ
1064,412350,KR7412350001,레이저쎌,KOSDAQ,기술성장기업부,3555,2,-145,-3.92,3700,3780,3335,206842,731084630,51913817865,14603043,KSQ
1065,100590,KR7100590009,머큐리,KOSDAQ,중견기업부,3025,1,160,5.58,2865,3100,2645,94135,283007345,51847123625,17139545,KSQ
1066,155650,KR7155650005,와이엠씨,KOSDAQ,우량기업부,2730,1,10,0.37,2660,2780,2660,1094,2959130,51799997340,18974358,KSQ
1067,205470,KR7205470008,휴마시스,KOSDAQ,중견기업부,2095,1,60,2.95,2040,2115,2020,30885,63606545,51694127095,24675001,KSQ
1068,091590,KR7091590000,남화토건,KOSDAQ,중견기업부,4395,2,-55,-1.24,4485,4540,4265,220970,975686341,51597300000,11740000,KSQ
1069,314140,KR7314140005,알피바이오,KOSDAQ,우량기업부,5950,3,0,0.0,5710,6050,5640,17149,101038950,51564847950,8666361,KSQ
1070,096610,KR7096610001,알에프세미,KOSDAQ,투자주의환기종목(소속부없음),2965,0,0,0.0,0,0,0,0,0,51550708615,17386411,KSQ
1071,435570,KR7435570007,에르코스,KOSDAQ,벤처기업부,6760,1,50,0.75,6570,6780,6470,1063,7065850,51490805080,7616983,KSQ
1072,273640,KR7273640003,와이엠텍,KOSDAQ,벤처기업부,4695,1,175,3.87,4340,4740,4340,4594,21368730,51485370000,10966000,KSQ
1073,175140,KR7175140003,아고스,KOSDAQ,투자주의환기종목(소속부없음),2060,1,85,4.3,1916,2100,1916,18527,37937747,51385161180,24944253,KSQ
1074,104540,KR7104540000,코렌텍,KOSDAQ,기술성장기업부,3830,2,-80,-2.05,3910,3980,3780,50620,193922510,51350380300,13407410,KSQ
1075,014470,KR7014470009,부방,KOSDAQ,벤처기업부,855,2,-6,-0.7,861,865,843,63375,53640857,51344682300,60052260,KSQ
1076,170790,KR7170790000,파이오링크,KOSDAQ,우량기업부,8020,1,20,0.25,7840,8150,7840,6866,55219050,51306626700,6397335,KSQ
1077,039610,KR7039610001,화성밸브,KOSDAQ,우량기업부,4925,1,35,0.72,4750,4950,4705,13298,64319705,51271220000,10410400,KSQ
1078,299170,KR7299170001,더블유에스아이,KOSDAQ,중견기업부,1235,1,50,4.22,1185,1235,1166,203878,244803964,51266440680,41511288,KSQ
1079,046940,KR7046940003,우원개발,KOSDAQ,우량기업부,2830,1,40,1.43,2740,2870,2740,56264,158431906,51150410500,18074350,KSQ
1080,457370,KR7457370005,한켐,KOSDAQ,중견기업부,6330,1,160,2.59,6170,6490,6050,26636,167437745,51064958220,8067134,KSQ
1081,391710,KR7391710001,코닉오토메이션,KOSDAQ,벤처기업부,1197,1,77,6.88,1129,1220,1096,85810,100903096,51016702590,42620470,KSQ
1082,452400,KR7452400005,이닉스,KOSDAQ,우량기업부,5620,1,190,3.5,5400,5630,5310,5779,31641250,50981425360,9071428,KSQ
1083,037440,KR7037440005,희림,KOSDAQ,우량기업부,3655,1,80,2.24,3580,3705,3555,64769,235152365,50886646125,13922475,KSQ
1084,064800,KR7064800006,포니링크,KOSDAQ,중견기업부,1990,2,-15,-0.75,1905,1997,1905,2886,5600769,50867303410,25561459,KSQ
1085,040610,KR7040610008,SG&G,KOSDAQ,중견기업부,2980,1,20,0.68,2950,3015,2910,9131,27104490,50789922040,17043598,KSQ
1086,191420,KR7191420009,테고사이언스,KOSDAQ,벤처기업부,6260,2,-20,-0.32,6280,6400,6090,875,5387800,50761300840,8108834,KSQ
1087,039240,KR7039240007,경남스틸,KOSDAQ,우량기업부,1879,1,40,2.18,1839,1880,1820,3986,7418296,50694675916,26979604,KSQ
1088,288180,KR7288180003,케이피항공산업,KOSDAQ,중견기업부,6850,1,390,6.04,6450,6970,6210,9778,65659990,50643844700,7393262,KSQ
1089,036090,KR7036090009,위지트,KOSDAQ,중견기업부,1189,1,2,0.17,1186,1203,1151,72414,85676478,50592561146,42550514,KSQ
1090,053270,KR7053270005,구영테크,KOSDAQ,우량기업부,1844,1,26,1.43,1818,1850,1808,29131,53361531,50544786820,27410405,KSQ
1091,053050,KR7053050001,지에스이,KOSDAQ,우량기업부,1685,3,0,0.0,1637,1699,1637,27374,45387369,50529100945,29987597,KSQ
1092,192250,KR7192250009,케이사인,KOSDAQ,벤처기업부,7140,1,120,1.71,6880,7200,6810,8334,59110400,50459272500,7067125,KSQ
1093,393970,KR7393970009,대진첨단소재,KOSDAQ,관리종목(소속부없음),2825,0,0,0.0,0,0,0,0,0,50428566500,17850820,KSQ
1094,122310,KR7122310006,제노레이,KOSDAQ,우량기업부,3445,2,-15,-0.43,3460,3505,3420,448,1545950,50137992580,14553844,KSQ
1095,122350,KR7122350002,삼기,KOSDAQ,중견기업부,1305,1,37,2.92,1290,1335,1251,558312,724359354,50032953540,38339428,KSQ
1096,419080,KR7419080007,엔젯,KOSDAQ,기술성장기업부,4590,2,-65,-1.4,4515,4625,4495,15127,69180968,49901640030,10871817,KSQ
1097,370090,KR7370090003,퓨런티어,KOSDAQ,기술성장기업부,5830,1,300,5.42,5530,5860,5530,7435,42377950,49886318900,8556830,KSQ
1098,094970,KR7094970001,제이엠티,KOSDAQ,벤처기업부,2960,1,335,12.76,2670,3070,2625,473671,1391585357,49574790400,16748240,KSQ
1099,024910,KR7024910002,경창산업,KOSDAQ,중견기업부,1381,1,61,4.62,1333,1385,1303,19771,26385793,49466045905,35819005,KSQ
1100,057540,KR7057540007,옴니시스템,KOSDAQ,중견기업부,828,2,-14,-1.66,842,881,811,186049,157136404,49178453904,59394268,KSQ
1101,046210,KR7046210001,HLB파나진,KOSDAQ,벤처기업부,1080,1,48,4.65,1158,1158,1035,68943,73787176,49170196800,45527960,KSQ
1102,104620,KR7104620000,노랑풍선,KOSDAQ,중견기업부,2915,1,60,2.1,2940,2940,2850,13152,38174980,49002759080,16810552,KSQ
1103,134580,KR7134580000,탑코미디어,KOSDAQ,중견기업부,993,1,12,1.22,981,999,951,7252,7113812,48949089957,49294149,KSQ
1104,256630,KR7256630005,포인트엔지니어링,KOSDAQ,벤처기업부,4215,2,-25,-0.59,4240,4240,4215,7,29630,48891530010,11599414,KSQ
1105,053450,KR7053450003,세코닉스,KOSDAQ,우량기업부,3305,1,50,1.54,3185,3350,3175,24449,79963334,48890213915,14792803,KSQ
1106,033230,KR7033230004,인성정보,KOSDAQ,중견기업부,965,1,45,4.89,915,980,908,83065,78699493,48747341700,50515380,KSQ
1107,317830,KR7317830008,에스피시스템스,KOSDAQ,벤처기업부,4515,1,240,5.61,4275,4630,4100,45035,198917745,48643788270,10773818,KSQ
1108,071670,KR7071670004,에이테크솔루션,KOSDAQ,중견기업부,4860,1,195,4.18,4665,4900,4600,9914,47379917,48600000000,10000000,KSQ
1109,260930,KR7260930003,씨티케이,KOSDAQ,중견기업부,2510,1,110,4.58,2460,2520,2375,3233,7962175,48547393410,19341591,KSQ
1110,136410,KR7136410008,아셈스,KOSDAQ,벤처기업부,4400,1,60,1.38,4345,4400,4250,4820,21009120,48484066400,11019106,KSQ
1111,094940,KR7094940004,푸른로보틱스,KOSDAQ,벤처기업부,5790,1,300,5.46,5510,5830,5490,18362,103892085,48412424940,8361386,KSQ
1112,457600,KR7457600005,벡트,KOSDAQ,벤처기업부,3530,1,125,3.67,3530,3800,3510,214434,782873175,48387475000,13707500,KSQ
1113,054930,KR7054930003,유신,KOSDAQ,우량기업부,16090,1,210,1.32,15600,16350,15600,6586,106110710,48270000000,3000000,KSQ
1114,187420,KR7187420005,HLB제넥스,KOSDAQ,기술성장기업부,1471,1,32,2.22,1475,1485,1406,134774,195612957,48020717037,32644947,KSQ
1115,082660,KR7082660002,코스나인,KOSDAQ,관리종목(소속부없음),480,0,0,0.0,0,0,0,0,0,47827617120,99640869,KSQ
1116,066670,KR7066670001,디티씨,KOSDAQ,중견기업부,2550,2,-45,-1.73,2540,2650,2540,815,2080765,47664390900,18691918,KSQ
1117,418250,KR7418250007,시큐레터,KOSDAQ,관리종목(소속부없음),6550,0,0,0.0,0,0,0,0,0,47629012750,7271605,KSQ
1118,317530,KR7317530004,에피소드컴퍼니,KOSDAQ,기술성장기업부,2720,1,110,4.21,2700,2750,2610,6292,16943430,47586079040,17494882,KSQ
1119,063440,KR7063440002,SM Life Design,KOSDAQ,중견기업부,1049,2,-6,-0.57,1059,1059,990,16596,17300832,47540012836,45319364,KSQ
1120,228340,KR7228340006,동양파일,KOSDAQ,중견기업부,2370,2,-80,-3.27,2390,2420,2260,180712,425181001,47400000000,20000000,KSQ
1121,081180,KR7081180002,쎄크,KOSDAQ,기술성장기업부,5370,1,20,0.37,5160,5420,5030,10493,54929170,47393122950,8825535,KSQ
1122,145170,KR7145170007,노브랜드,KOSDAQ,중견기업부,2790,1,25,0.9,2725,2865,2725,5891,16295530,47174449950,16908405,KSQ
1123,302430,KR7302430004,이노메트리,KOSDAQ,벤처기업부,4790,1,145,3.12,4775,4795,4450,7036,32564100,47101066320,9833208,KSQ
1124,072990,KR7072990005,에이치시티,KOSDAQ,우량기업부,3245,3,0,0.0,3260,3260,3085,2114,6751180,47046678470,14498206,KSQ
1125,023440,KR7023440001,제이스코홀딩스,KOSDAQ,관리종목(소속부없음),521,0,0,0.0,0,0,0,0,0,46964378481,90142761,KSQ
1126,092300,KR7092300003,현우산업,KOSDAQ,우량기업부,2330,1,150,6.88,2165,2340,2160,49388,112349595,46949199430,20149871,KSQ
1127,0013V0,KR70013V0002,삼진식품,KOSDAQ,중견기업부,4690,1,115,2.51,4575,4690,4525,3805,17541025,46518496640,9918656,KSQ
1128,053980,KR7053980009,오상자이엘,KOSDAQ,우량기업부,2450,1,10,0.41,2395,2460,2350,15888,38414460,46507818350,18982783,KSQ
1129,109080,KR7109080002,옵티시스,KOSDAQ,벤처기업부,8250,1,270,3.38,7960,8250,7830,3593,28684300,46497000000,5636000,KSQ
1130,241790,KR7241790005,티이엠씨씨엔에스,KOSDAQ,우량기업부,4635,1,25,0.54,4605,4650,4450,21614,99157198,46362208590,10002634,KSQ
1131,198080,KR7198080004,캐프,KOSDAQ,우량기업부,2150,1,65,3.12,2050,2160,2050,58143,123128325,46300647750,21535185,KSQ
1132,064240,KR7064240005,홈캐스트,KOSDAQ,벤처기업부,1332,1,19,1.45,1250,1344,1217,205742,258067416,46212742332,34694251,KSQ
1133,038010,KR7038010005,제일테크노스,KOSDAQ,우량기업부,5110,1,50,0.99,5080,5110,4790,15586,77648095,45990000000,9000000,KSQ
1134,015710,KR7015710007,코콤,KOSDAQ,우량기업부,2620,1,80,3.15,2495,2625,2495,3103,8024775,45929910000,17530500,KSQ
1135,471820,KR7471820001,셀로맥스사이언스,KOSDAQ,벤처기업부,4060,2,-10,-0.25,4075,4130,4055,277,1128190,45889688740,11302879,KSQ
1136,311690,KR7311690002,CJ 바이오사이언스,KOSDAQ,기술성장기업부,3505,1,75,2.19,3430,3515,3430,3484,12107995,45794444310,13065462,KSQ
1137,950220,KR8840140006,네오이뮨텍,KOSDAQ,기술성장기업부,1336,1,31,2.38,1312,1339,1249,26040,34299196,45707018240,34211840,KSQ
1138,014950,KR7014950000,삼익제약,KOSDAQ,벤처기업부,4540,1,80,1.79,4460,4620,4325,79290,356523456,45706849520,10067588,KSQ
1139,317850,KR7317850006,대모,KOSDAQ,벤처기업부,5490,1,290,5.58,5200,5530,5200,18465,99212030,45701065800,8324420,KSQ
1140,217500,KR7217500008,러셀,KOSDAQ,벤처기업부,1429,1,24,1.71,1400,1458,1377,98439,139111477,45459348000,31812000,KSQ
1141,037950,KR7037950003,엘컴텍,KOSDAQ,중견기업부,2690,1,60,2.28,2630,2740,2630,5058,13464455,45432763070,16889503,KSQ
1142,101670,KR7101670008,하이드로리튬,KOSDAQ,중견기업부,799,1,17,2.17,751,814,750,157137,123162702,45364972413,56777187,KSQ
1143,060560,KR7060560000,HC홈센타,KOSDAQ,중견기업부,1784,1,37,2.12,1830,1830,1730,111,196782,45292193784,25388001,KSQ
1144,048770,KR7048770002,TPC로보틱스,KOSDAQ,벤처기업부,2885,1,190,7.05,2720,2920,2675,101179,284641614,45288704035,15697991,KSQ
1145,376290,KR7376290003,씨유테크,KOSDAQ,벤처기업부,2555,1,55,2.2,2435,2655,2400,2456,6167920,45114912500,17657500,KSQ
1146,440290,KR7440290005,HB인베스트먼트,KOSDAQ,중견기업부,1639,1,17,1.05,1606,1646,1606,33127,54022619,45083038770,27506430,KSQ
1147,082850,KR7082850009,우리바이오,KOSDAQ,중견기업부,930,1,16,1.75,883,931,883,12219,11074292,45064617540,48456578,KSQ
1148,007680,KR7007680002,대원,KOSDAQ,중견기업부,3395,1,85,2.57,3315,3410,3315,3568,12047155,44891195510,13222738,KSQ
1149,072470,KR7072470008,우리산업홀딩스,KOSDAQ,중견기업부,2370,1,40,1.72,2255,2375,2255,4899,11425445,44762998170,18887341,KSQ
1150,317690,KR7317690006,퀀타매트릭스,KOSDAQ,기술성장기업부,2220,1,95,4.47,2135,2230,2040,9057,19509315,44699764380,20135029,KSQ
1151,222420,KR7222420002,쎄노텍,KOSDAQ,벤처기업부,923,1,26,2.9,901,975,869,240826,224572101,44690296729,48418523,KSQ
1152,019990,KR7019990001,에너토크,KOSDAQ,중견기업부,4580,1,145,3.27,4405,4600,4335,12165,54972715,44682883040,9756088,KSQ
1153,315640,KR7315640003,딥노이드,KOSDAQ,기술성장기업부,1520,1,290,23.58,1231,1599,1200,2173737,2708211811,44645792640,29372232,KSQ
1154,0010V0,KR70010V0005,제이피아이헬스케어,KOSDAQ,벤처기업부,8740,1,40,0.46,8760,8760,8540,2070,17916880,44621196000,5105400,KSQ
1155,143540,KR7143540003,영우디에스피,KOSDAQ,벤처기업부,1000,2,-33,-3.19,1023,1023,988,39149,39188121,44599895000,44599895,KSQ
1156,384470,KR7384470001,코어라인소프트,KOSDAQ,기술성장기업부,2480,1,80,3.33,2345,2510,2345,17705,43234380,44507796160,17946692,KSQ
1157,294140,KR7294140009,레몬,KOSDAQ,관리종목(소속부없음),1779,2,-5,-0.28,1784,1785,1675,7649,13155516,44323461222,24914818,KSQ
1158,463480,KR7463480004,모티브링크,KOSDAQ,중견기업부,3565,1,75,2.15,3345,3575,3345,2902,10169690,44171626270,12390358,KSQ
1159,288330,KR7288330004,파라택시스코리아,KOSDAQ,관리종목(소속부없음),416,0,0,0.0,0,0,0,0,0,44129674368,106080948,KSQ
1160,024950,KR7024950008,삼천리자전거,KOSDAQ,중견기업부,3555,1,100,2.89,3500,3590,3450,34544,121498380,44082000000,12400000,KSQ
1161,051390,KR7051390003,YW,KOSDAQ,중견기업부,3875,2,-25,-0.64,3905,3950,3850,252,972585,44002051000,11355368,KSQ
1162,114450,KR7114450000,그린생명과학,KOSDAQ,벤처기업부,2200,1,75,3.53,2135,2240,2120,81205,174836265,44000000000,20000000,KSQ
1163,461030,KR7461030009,아이엠비디엑스,KOSDAQ,기술성장기업부,3065,2,-35,-1.13,3030,3245,2955,11754,35525395,43935294605,14334517,KSQ
1164,052790,KR7052790003,액토즈소프트,KOSDAQ,중견기업부,4000,1,55,1.39,3945,4000,3915,2132,8461155,43698188000,10924547,KSQ
1165,224110,KR7224110007,에이텍모빌리티,KOSDAQ,벤처기업부,8600,2,-100,-1.15,8710,8770,8520,3620,31208470,43691319600,5080386,KSQ
1166,084650,KR7084650001,랩지노믹스,KOSDAQ,중견기업부,585,1,38,6.95,550,590,547,151910,86632967,43430394150,74239990,KSQ
1167,321260,KR7321260002,프로이천,KOSDAQ,벤처기업부,1540,1,56,3.77,1484,1563,1468,72161,109955837,43415809360,28192084,KSQ
1168,127710,KR7127710002,아시아경제,KOSDAQ,중견기업부,984,2,-15,-1.5,999,1024,984,4706,4725640,43344422640,44049210,KSQ
1169,179900,KR7179900006,유티아이,KOSDAQ,투자주의환기종목(소속부없음),2190,2,-120,-5.19,2485,2485,2125,213815,478455505,43341002280,19790412,KSQ
1170,066130,KR7066130006,하츠,KOSDAQ,우량기업부,3385,1,110,3.36,3280,3420,3280,10359,34927315,43328000000,12800000,KSQ
1171,340810,KR7340810001,시선AI,KOSDAQ,기술성장기업부,3150,2,-35,-1.1,3290,3295,3100,181777,578745047,42981674400,13644976,KSQ
1172,413640,KR7413640004,비아이매트릭스,KOSDAQ,벤처기업부,5950,1,90,1.54,5820,6040,5700,5989,34978960,42881293000,7206940,KSQ
1173,189980,KR7189980006,흥국에프엔비,KOSDAQ,우량기업부,1066,2,-3,-0.28,1079,1079,1048,18213,19201668,42786923582,40137827,KSQ
1174,073110,KR7073110009,엘엠에스,KOSDAQ,벤처기업부,4800,1,110,2.35,4720,4800,4720,79,378965,42699624000,8895755,KSQ
1175,190650,KR7190650002,코리아에셋투자증권,KOSDAQ,우량기업부,6680,1,40,0.6,6600,6690,6480,1150,7582620,42671840000,6388000,KSQ
1176,086060,KR7086060001,진바이오텍,KOSDAQ,중견기업부,4955,1,5,0.1,5000,5030,4750,9041,44942651,42665458585,8610587,KSQ
1177,123010,KR7123010001,알엔티엑스,KOSDAQ,기술성장기업부,2450,1,140,6.06,2305,2495,2210,52721,122976995,42627224150,17398867,KSQ
1178,025880,KR7025880006,케이씨피드,KOSDAQ,우량기업부,2530,1,40,1.61,2500,2530,2475,9798,24487560,42291120740,16715858,KSQ
1179,065130,KR7065130007,탑엔지니어링,KOSDAQ,중견기업부,2640,1,35,1.34,2550,2700,2550,25762,67961370,42250560000,16004000,KSQ
1180,352910,KR7352910004,오비고,KOSDAQ,기술성장기업부,3340,2,-55,-1.62,3390,3390,3290,2967,9935595,42210258680,12637802,KSQ
1181,088280,KR7088280003,쏘닉스,KOSDAQ,기술성장기업부,2435,1,135,5.87,2275,2500,2255,53688,125979673,42141303150,17306490,KSQ
1182,340360,KR7340360007,다보링크,KOSDAQ,투자주의환기종목(소속부없음),808,1,38,4.94,772,847,770,168111,135645480,42066719776,52062772,KSQ
1183,129890,KR7129890000,앱코,KOSDAQ,벤처기업부,917,2,-6,-0.65,923,931,910,23746,21708485,41765317034,45545602,KSQ
1184,056700,KR7056700008,신화인터텍,KOSDAQ,중견기업부,1431,2,-4,-0.28,1421,1444,1401,5720,8104912,41692315221,29135091,KSQ
1185,263020,KR7263020000,디케이앤디,KOSDAQ,벤처기업부,3010,1,15,0.5,2975,3010,2930,11617,34457230,41646799460,13836146,KSQ
1186,131400,KR7131400004,이브이첨단소재,KOSDAQ,벤처기업부,695,1,79,12.82,617,780,617,1795293,1285766183,41416357990,59591882,KSQ
1187,153460,KR7153460001,네이블,KOSDAQ,중견기업부,6310,1,10,0.16,6300,6450,6240,1465,9241310,41204388340,6530014,KSQ
1188,033540,KR7033540006,파라텍,KOSDAQ,중견기업부,787,0,0,0.0,0,0,0,0,0,41117862497,52246331,KSQ
1189,150900,KR7150900009,파수AI,KOSDAQ,벤처기업부,3510,1,170,5.09,3645,3650,3340,92813,327262148,41080766220,11703922,KSQ
1190,460470,KR7460470008,아이빔테크놀로지,KOSDAQ,기술성장기업부,2710,1,10,0.37,2685,2755,2450,11258,30493185,40973492700,15119370,KSQ
1191,159580,KR7159580000,제로투세븐,KOSDAQ,중견기업부,2045,1,75,3.81,1960,2085,1960,30311,61857767,40966740620,20032636,KSQ
1192,270870,KR7270870009,뉴트리,KOSDAQ,중견기업부,4445,2,-35,-0.78,4440,4460,4400,2643,11699165,40894995680,9200224,KSQ
1193,097800,KR7097800007,윈팩,KOSDAQ,중견기업부,1498,2,-2,-0.13,1500,1520,1455,26959,40203922,40880487410,27290045,KSQ
1194,099410,KR7099410003,동방선기,KOSDAQ,벤처기업부,2920,1,30,1.04,2900,2950,2820,9217,26663660,40880000000,14000000,KSQ
1195,163280,KR7163280001,에어레인,KOSDAQ,기술성장기업부,2995,1,5,0.17,2945,3055,2930,28275,84156745,40741218610,13603078,KSQ
1196,140520,KR7140520008,대창스틸,KOSDAQ,중견기업부,1925,2,-33,-1.69,1938,1938,1905,16767,32059095,40635292775,21109243,KSQ
1197,238120,KR7238120000,얼라인드,KOSDAQ,기술성장기업부,2850,2,-10,-0.35,2830,2960,2765,1278,3596680,40522080900,14218274,KSQ
1198,065500,KR7065500001,오리엔트정공,KOSDAQ,중견기업부,1133,1,58,5.4,1085,1137,1080,50385,56018577,40496719296,35742912,KSQ
1199,178780,KR7178780003,일월지엠엘,KOSDAQ,벤처기업부,2170,2,-30,-1.36,2180,2205,2170,2444,5355930,40447053150,18639195,KSQ
1200,196450,KR7196450001,코아시아씨엠,KOSDAQ,중견기업부,890,1,18,2.06,897,897,855,8119,7089430,40334800000,45320000,KSQ
1201,277070,KR7277070009,린드먼아시아,KOSDAQ,중견기업부,2935,3,0,0.0,2860,2935,2860,724,2121255,40186020000,13692000,KSQ
1202,068330,KR7068330000,일신바이오,KOSDAQ,중견기업부,907,1,9,1.0,878,914,878,24560,22194537,40104038980,44216140,KSQ
1203,014190,KR7014190003,원익큐브,KOSDAQ,우량기업부,1131,1,71,6.7,1060,1165,1031,145655,161458169,40031825301,35395071,KSQ
1204,261200,KR7261200000,덴티스,KOSDAQ,중견기업부,2530,1,50,2.02,2480,2560,2445,7023,17622820,39998541000,15809700,KSQ
1205,299900,KR7299900001,위지윅스튜디오,KOSDAQ,중견기업부,233,0,0,0.0,0,0,0,0,0,39854389972,171048884,KSQ
1206,225190,KR7225190008,LK삼양,KOSDAQ,중견기업부,565,1,19,3.48,546,579,536,101956,56710441,39814668600,70468440,KSQ
1207,002290,KR7002290005,삼일기업공사,KOSDAQ,우량기업부,3210,1,50,1.58,3160,3240,3160,9734,31303600,39804000000,12400000,KSQ
1208,263810,KR7263810004,상신전자,KOSDAQ,중견기업부,2495,2,-25,-0.99,2525,2525,2475,6481,16211825,39732438375,15924825,KSQ
1209,382150,KR7382150001,온코크로스,KOSDAQ,기술성장기업부,3045,1,100,3.4,2960,3090,2895,9369,27810930,39726147930,13046354,KSQ
1210,189690,KR7189690001,포시에스,KOSDAQ,벤처기업부,1454,1,1,0.07,1485,1485,1410,4246,6155863,39726142926,27321969,KSQ
1211,373200,KR7373200005,엑스플러스,KOSDAQ,벤처기업부,1586,2,-67,-4.05,1605,1619,1551,17695,27861151,39718573882,25043237,KSQ
1212,064090,KR7064090004,인크레더블버즈,KOSDAQ,관리종목(소속부없음),798,0,0,0.0,0,0,0,0,0,39694710510,49742745,KSQ
1213,218150,KR7218150001,미래생명자원,KOSDAQ,벤처기업부,1942,1,31,1.62,1891,1950,1816,257712,483451228,39647487484,20415802,KSQ
1214,373160,KR7373160001,데이원컴퍼니,KOSDAQ,기술성장기업부,2870,1,115,4.17,2755,2995,2755,1047,2919120,39627436030,13807469,KSQ
1215,037230,KR7037230000,한국팩키지,KOSDAQ,우량기업부,1329,1,5,0.38,1339,1349,1306,19316,25456962,39604634583,29800327,KSQ
1216,355690,KR7355690009,에이텀,KOSDAQ,기술성장기업부,4135,2,-180,-4.17,4315,4320,4100,17924,75034360,39573558515,9570389,KSQ
1217,050120,KR7050120005,ES큐브,KOSDAQ,중견기업부,2915,1,20,0.69,2900,2960,2900,1320,3838225,39539310690,13564086,KSQ
1218,099220,KR7099220006,SDN,KOSDAQ,중견기업부,628,1,20,3.29,620,655,595,60495,37717640,39529051800,62944350,KSQ
1219,273060,KR7273060004,와이즈버즈,KOSDAQ,중견기업부,803,1,26,3.35,800,808,748,30685,24198838,39462856840,49144280,KSQ
1220,066900,KR7066900002,디에이피,KOSDAQ,관리종목(소속부없음),1735,2,-35,-1.98,1767,1767,1721,236,406486,39461712705,22744503,KSQ
1221,060850,KR7060850005,영림원소프트랩,KOSDAQ,벤처기업부,4840,2,-90,-1.83,4880,4880,4720,7928,38127555,39354040000,8131000,KSQ
1222,065440,KR7065440000,이루온,KOSDAQ,벤처기업부,1440,1,96,7.14,1316,1465,1313,111942,157296668,39276028800,27275020,KSQ
1223,042940,KR7042940007,상지건설,KOSDAQ,중견기업부,5750,1,110,1.95,5890,6100,5570,51687,301576860,39265094000,6828712,KSQ
1224,261520,KR7261520001,이지스,KOSDAQ,기술성장기업부,3815,1,120,3.25,3820,3890,3600,12502,47145800,39209807000,10277800,KSQ
1225,089790,KR7089790000,제이티,KOSDAQ,벤처기업부,3790,1,35,0.93,3720,3980,3610,8579,32172488,39095794270,10315513,KSQ
1226,227950,KR7227950003,엔투텍,KOSDAQ,벤처기업부,1132,1,57,5.3,1075,1139,1069,29252,32541283,39063292588,34508209,KSQ
1227,215380,KR7215380007,콜마바이오텍,KOSDAQ,벤처기업부,2315,1,35,1.54,2280,2350,2250,10647,24342750,38960468440,16829576,KSQ
1228,307280,KR7307280008,원바이오젠,KOSDAQ,벤처기업부,5490,1,150,2.81,5340,5560,5260,5239,28698830,38949502230,7094627,KSQ
1229,466410,KR7466410008,사이냅소프트,KOSDAQ,벤처기업부,7730,1,100,1.31,7620,7740,7500,4704,35914490,38936187790,5037023,KSQ
1230,479960,KR7479960007,위너스일렉,KOSDAQ,중견기업부,5460,1,110,2.06,5360,5460,5270,2071,11134000,38907960000,7126000,KSQ
1231,038070,KR7038070009,서린바이오,KOSDAQ,중견기업부,4180,1,65,1.58,4125,4190,4070,9179,37845490,38876825680,9300676,KSQ
1232,049830,KR7049830003,승일,KOSDAQ,중견기업부,6320,1,120,1.94,6370,6370,6160,1742,10959050,38754947840,6132112,KSQ
1233,900300,HK0000312568,오가닉티코스메틱,KOSDAQ,외국기업(소속부없음),1880,1,110,6.21,1768,2010,1749,123740,233384485,38690582360,20580097,KSQ
1234,262260,KR7262260003,에이프로,KOSDAQ,우량기업부,2565,1,90,3.64,2475,2580,2370,23061,57290020,38674197900,15077660,KSQ
1235,361570,KR7361570005,알비더블유,KOSDAQ,중견기업부,1344,1,15,1.13,1329,1344,1322,11184,14885384,38630983104,28743291,KSQ
1236,363250,KR7363250002,진시스템,KOSDAQ,기술성장기업부,4540,2,-190,-4.02,4500,4730,4500,3567,16255925,38628054280,8508382,KSQ
1237,171010,KR7171010002,램테크놀러지,KOSDAQ,벤처기업부,2695,1,20,0.75,2650,2700,2605,3633,9713275,38535136640,14298752,KSQ
1238,196300,KR7196300008,HLB펩,KOSDAQ,관리종목(소속부없음),4100,1,120,3.02,3915,4150,3915,1519,6159770,38443399900,9376439,KSQ
1239,246690,KR7246690002,TS인베스트먼트,KOSDAQ,중견기업부,1611,1,119,7.98,1518,1619,1421,95042,148864227,38306638314,23778174,KSQ
1240,043340,KR7043340009,에쎈테크,KOSDAQ,중견기업부,806,3,0,0.0,830,849,792,18497,15018612,38285000000,47500000,KSQ
1241,219420,KR7219420007,링크제니시스,KOSDAQ,기술성장기업부,3330,1,55,1.68,3270,3340,3235,18725,61053415,38193458310,11469507,KSQ
1242,221980,KR7221980006,케이디켐,KOSDAQ,우량기업부,9460,1,210,2.27,9460,9460,9220,22,206080,38169208000,4034800,KSQ
1243,019770,KR7019770007,서연탑메탈,KOSDAQ,우량기업부,3275,3,0,0.0,3220,3300,3180,1905,6229085,38153750000,11650000,KSQ
1244,122690,KR7122690001,서진오토모티브,KOSDAQ,중견기업부,1650,1,7,0.43,1643,1663,1615,10416,17075340,38080623900,23079166,KSQ
1245,189860,KR7189860000,서전기전,KOSDAQ,벤처기업부,3925,1,140,3.7,3795,3945,3700,25529,97835660,38067711500,9698780,KSQ
1246,052220,KR7052220001,iMBC,KOSDAQ,중견기업부,1652,1,54,3.38,1590,1742,1590,12952,21387860,37996000000,23000000,KSQ
1247,044960,KR7044960003,이글벳,KOSDAQ,중견기업부,3005,2,-5,-0.17,2995,3045,2980,3864,11595280,37988858415,12641883,KSQ
1248,229000,KR7229000005,젠큐릭스,KOSDAQ,기술성장기업부,1620,1,97,6.37,1500,1621,1500,33393,52520167,37953627300,23428165,KSQ
1249,256150,KR7256150004,한독크린텍,KOSDAQ,벤처기업부,4500,1,35,0.78,4465,4500,4375,327,1457340,37777500000,8395000,KSQ
1250,104200,KR7104200001,NHN벅스,KOSDAQ,중견기업부,2540,1,115,4.74,2440,2605,2435,18786,47411070,37661977000,14827550,KSQ
1251,105760,KR7105760003,포스뱅크,KOSDAQ,우량기업부,3680,1,170,4.84,3560,3725,3500,5793,21183610,37502464160,10190887,KSQ
1252,226330,KR7226330009,신테카바이오,KOSDAQ,기술성장기업부,1543,1,111,7.75,1432,1544,1412,105049,155098549,37430826925,24258475,KSQ
1253,369370,KR7369370002,블리츠웨이엔터테인먼트,KOSDAQ,벤처기업부,750,0,0,0.0,0,0,0,0,0,37403933250,49871911,KSQ
1254,424980,KR7424980001,마이크로투나노,KOSDAQ,기술성장기업부,6310,1,10,0.16,6130,6320,6000,2110,12922490,37348195900,5918890,KSQ
1255,459550,KR7459550000,알트,KOSDAQ,중견기업부,1480,1,332,28.92,1148,1492,1148,4429133,6230825945,37326726280,25220761,KSQ
1256,263770,KR7263770000,유에스티,KOSDAQ,우량기업부,1559,1,68,4.56,1433,1559,1431,2669,3944122,36948568148,23700172,KSQ
1257,050860,KR7050860006,아세아텍,KOSDAQ,우량기업부,1641,2,-5,-0.3,1610,1654,1610,1444,2370208,36922500000,22500000,KSQ
1258,026910,KR7026910000,광진실업,KOSDAQ,중견기업부,4655,1,155,3.44,4360,4700,4360,11520,52198690,36906357530,7928326,KSQ
1259,014570,KR7014570006,고려제약,KOSDAQ,중견기업부,3350,2,-10,-0.3,3320,3360,3320,920,3084570,36850000000,11000000,KSQ
1260,260660,KR7260660006,알리코제약,KOSDAQ,중견기업부,2400,1,35,1.48,2360,2405,2360,8768,20919440,36784850400,15327021,KSQ
1261,290120,KR7290120005,DH오토리드,KOSDAQ,중견기업부,2320,1,35,1.53,2310,2330,2285,864,2005775,36714410640,15825177,KSQ
1262,258610,KR7258610005,케일럼,KOSDAQ,중견기업부,1006,2,-12,-1.18,1025,1025,995,8665,8652039,36703973378,36485063,KSQ
1263,123570,KR7123570004,이엠넷,KOSDAQ,중견기업부,1645,1,28,1.73,1627,1645,1620,1624,2654490,36644148310,22276078,KSQ
1264,046310,KR7046310009,백금T&A,KOSDAQ,우량기업부,2225,1,130,6.21,2080,2225,2070,42310,91455755,36531476225,16418641,KSQ
1265,097870,KR7097870000,효성오앤비,KOSDAQ,중견기업부,4295,2,-35,-0.81,4285,4350,4150,6325,26975085,36464550000,8490000,KSQ
1266,199550,KR7199550005,레이저옵텍,KOSDAQ,벤처기업부,2455,1,85,3.59,2255,2520,2255,22958,55778680,36446416905,14845791,KSQ
1267,290670,KR7290670009,대보마그네틱,KOSDAQ,중견기업부,4630,1,125,2.77,4400,4665,4400,11135,49624110,36380965800,7857660,KSQ
1268,900250,KYG2115T1076,크리스탈신소재,KOSDAQ,외국기업(소속부없음),1015,1,56,5.84,959,1041,948,50113,50350520,36352226015,35815001,KSQ
1269,204020,KR7204020002,그리티,KOSDAQ,우량기업부,1860,1,28,1.53,1858,1860,1810,1961,3624776,36178547520,19450832,KSQ
1270,177900,KR7177900008,쓰리에이로직스,KOSDAQ,기술성장기업부,3755,1,25,0.67,3940,3940,3665,9213,34269965,36151638000,9627600,KSQ
1271,234100,KR7234100006,폴라리스세원,KOSDAQ,우량기업부,2470,1,65,2.7,2330,2480,2330,6611,15933020,36066040920,14601636,KSQ
1272,284620,KR7284620002,카이노스메드,KOSDAQ,투자주의환기종목(소속부없음),1087,0,0,0.0,0,0,0,0,0,35965517911,33086953,KSQ
1273,417860,KR7417860004,오브젠,KOSDAQ,벤처기업부,7600,2,-60,-0.78,7700,7700,7120,69307,513816495,35772485600,4706906,KSQ
1274,068940,KR7068940006,셀피글로벌,KOSDAQ,관리종목(소속부없음),778,0,0,0.0,0,0,0,0,0,35720093048,45912716,KSQ
1275,051490,KR7051490001,나라엠앤디,KOSDAQ,우량기업부,2515,1,35,1.41,2480,2515,2457,4821,12019425,35713000000,14200000,KSQ
1276,081580,KR7081580003,성우전자,KOSDAQ,중견기업부,2300,1,65,2.91,2235,2300,2230,15180,34317285,35668728900,15508143,KSQ
1277,042040,KR7042040006,케이피엠테크,KOSDAQ,중견기업부,4110,1,80,1.99,3865,4245,3865,10070,41408760,35637773010,8670991,KSQ
1278,045060,KR7045060001,오공,KOSDAQ,우량기업부,2100,2,-25,-1.18,2110,2145,2085,1175,2464150,35578145400,16941974,KSQ
1279,263920,KR7263920001,휴엠앤씨,KOSDAQ,중견기업부,3620,1,95,2.7,3990,3990,3350,386,1421020,35508674120,9809026,KSQ
1280,352700,KR7352700009,씨앤투스,KOSDAQ,벤처기업부,1351,1,3,0.22,1352,1375,1336,26694,36136423,35500090549,26276899,KSQ
1281,038060,KR7038060000,루멘스,KOSDAQ,중견기업부,737,2,-30,-3.91,730,753,717,65652,48045061,35451961853,48103069,KSQ
1282,263050,KR7263050007,유틸렉스,KOSDAQ,관리종목(소속부없음),959,0,0,0.0,0,0,0,0,0,35324626904,36834856,KSQ
1283,250000,KR7250000007,보라티알,KOSDAQ,우량기업부,5230,1,90,1.75,5110,5230,5110,1165,6014960,35306333590,6750733,KSQ
1284,100660,KR7100660000,서암기계공업,KOSDAQ,중견기업부,2800,1,110,4.09,2690,2830,2690,13257,36681870,35280000000,12600000,KSQ
1285,052600,KR7052600004,한네트,KOSDAQ,중견기업부,3050,1,60,2.01,3110,3110,2905,5479,16482810,35269285000,11563700,KSQ
1286,057030,KR7057030009,YBM넷,KOSDAQ,중견기업부,2155,1,5,0.23,2170,2175,2035,4051,8498215,35153862035,16312697,KSQ
1287,032960,KR7032960007,동일기연,KOSDAQ,관리종목(소속부없음),1991,1,39,2.0,1972,1991,1972,963,1917314,35027613225,17592975,KSQ
1288,305090,KR7305090003,마이크로디지탈,KOSDAQ,기술성장기업부,1863,1,3,0.16,1752,1877,1750,17139,31432311,34690645413,18620851,KSQ
1289,101240,KR7101240000,씨큐브,KOSDAQ,우량기업부,3050,1,20,0.66,3020,3110,3020,954,2937275,34639008600,11357052,KSQ
1290,037330,KR7037330008,인지디스플레,KOSDAQ,우량기업부,788,2,-11,-1.38,799,799,783,39912,31435477,34581556512,43885224,KSQ
1291,024120,KR7024120008,KB오토시스,KOSDAQ,중견기업부,3000,1,5,0.17,2995,3115,2970,12676,38071714,34500000000,11500000,KSQ
1292,043910,KR7043910009,자연과환경,KOSDAQ,벤처기업부,3035,1,95,3.23,2990,3045,2870,11967,35584735,34414305075,11339145,KSQ
1293,046390,KR7046390001,삼화네트웍스,KOSDAQ,중견기업부,1986,1,18,0.91,1959,2040,1919,10018,19709150,34296577578,17269173,KSQ
1294,317870,KR7317870004,엔바이오니아,KOSDAQ,기술성장기업부,3865,2,-20,-0.51,3770,4115,3735,5093,19301110,34173924175,8841895,KSQ
1295,263700,KR7263700007,케어랩스,KOSDAQ,중견기업부,1758,1,8,0.46,1750,1795,1733,13401,23696643,34130163600,19414200,KSQ
1296,332290,KR7332290006,누보,KOSDAQ,벤처기업부,852,2,-29,-3.29,876,895,835,79712,67910958,33998552208,39904404,KSQ
1297,080520,KR7080520000,오디텍,KOSDAQ,벤처기업부,2990,1,115,4.0,2960,3000,2895,7804,23060224,33854026830,11322417,KSQ
1298,021650,KR7021650007,한국큐빅,KOSDAQ,중견기업부,2070,1,25,1.22,2040,2070,2040,208,425635,33845665410,16350563,KSQ
1299,006920,KR7006920003,모헨즈,KOSDAQ,중견기업부,3090,1,85,2.83,3005,3120,2955,39983,121644605,33742800000,10920000,KSQ
1300,007530,KR7007530009,와이엠,KOSDAQ,중견기업부,1515,1,28,1.88,1487,1545,1487,13308,20150545,33715159965,22254231,KSQ
1301,321820,KR7321820003,아티스트컴퍼니,KOSDAQ,기술성장기업부,2160,1,40,1.89,2120,2195,2100,10739,22969135,33677372160,15591376,KSQ
1302,446840,KR7446840001,지슨,KOSDAQ,기술성장기업부,3050,1,25,0.83,3025,3135,2865,6089,18067474,33600678800,11016616,KSQ
1303,239890,KR7239890007,피엔에이치테크,KOSDAQ,기술성장기업부,3380,1,90,2.74,3200,3385,3195,4524,14780975,33582851900,9935755,KSQ
1304,127980,KR7127980001,화인써키트,KOSDAQ,중견기업부,2835,1,15,0.53,2835,2965,2770,1334,3750785,33568339140,11840684,KSQ
1305,086040,KR7086040003,바이오톡스텍,KOSDAQ,벤처기업부,2100,1,30,1.45,2070,2100,2065,3768,7815635,33512318700,15958247,KSQ
1306,221840,KR7221840002,하이즈항공,KOSDAQ,중견기업부,1790,2,-30,-1.65,1820,1848,1779,9639,17168535,33474004190,18700561,KSQ
1307,220180,KR7220180004,폴라리스AI핸디,KOSDAQ,벤처기업부,1394,1,1,0.07,1405,1418,1388,4443,6221494,33359593748,23930842,KSQ
1308,184230,KR7184230001,SGA솔루션즈,KOSDAQ,벤처기업부,1765,1,46,2.68,1719,1784,1702,20801,36119715,33337282935,18887979,KSQ
1309,393210,KR7393210000,토마토시스템,KOSDAQ,기술성장기업부,2135,1,45,2.15,2155,2155,2015,3661,7710730,33337051440,15614544,KSQ
1310,173940,KR7173940008,에프엔씨엔터,KOSDAQ,중견기업부,2155,2,-120,-5.27,2275,2275,2110,8339,18049190,33171501240,15392808,KSQ
1311,025440,KR7025440009,DH오토웨어,KOSDAQ,투자주의환기종목(소속부없음),3400,1,155,4.78,3230,3405,3125,442,1422710,33171229600,9756244,KSQ
1312,059100,KR7059100008,아이컴포넌트,KOSDAQ,벤처기업부,4690,1,90,1.96,4600,4810,4535,11281,52207950,33162333400,7070860,KSQ
1313,089140,KR7089140008,넥스턴앤롤코리아,KOSDAQ,벤처기업부,2165,1,15,0.7,2135,2200,2045,11048,23654305,33159646610,15316234,KSQ
1314,364950,KR7364950006,에이아이코리아,KOSDAQ,벤처기업부,3995,1,60,1.52,3950,3995,3920,3013,11966100,33144297775,8296445,KSQ
1315,072770,KR7072770001,멤레이비티,KOSDAQ,중견기업부,798,1,16,2.05,751,825,748,85679,67546391,33126654204,41512098,KSQ
1316,365590,KR7365590009,하이딥,KOSDAQ,기술성장기업부,895,1,19,2.17,883,925,880,132505,119232264,32949022250,36814550,KSQ
1317,186230,KR7186230009,그린플러스,KOSDAQ,벤처기업부,3015,2,-55,-1.79,3055,3060,3000,2624,7979740,32924366820,10920188,KSQ
1318,083550,KR7083550004,케이엠,KOSDAQ,중견기업부,2425,3,0,0.0,2425,2455,2420,294,713090,32873700125,13556165,KSQ
1319,091970,KR7091970004,LSK아이로봇,KOSDAQ,중견기업부,4340,1,110,2.6,4250,4440,4135,66355,285248390,32700945200,7534780,KSQ
1320,087600,KR7087600003,픽셀플러스,KOSDAQ,벤처기업부,4000,2,-160,-3.85,3970,4125,3965,4068,16246375,32666232000,8166558,KSQ
1321,159910,KR7159910009,에코글로우,KOSDAQ,중견기업부,3120,2,-80,-2.5,3180,3180,3090,1043,3255638,32657342640,10467097,KSQ
1322,200780,KR7200780005,비씨월드제약,KOSDAQ,중견기업부,3060,2,-30,-0.97,3090,3090,3020,1158,3537820,32636922660,10665661,KSQ
1323,148930,KR7148930001,에이치와이티씨,KOSDAQ,중견기업부,3205,1,30,0.94,3125,3260,3065,5289,16860695,32611557665,10175213,KSQ
1324,360350,KR7360350003,코셈,KOSDAQ,기술성장기업부,5990,1,50,0.84,5700,6130,5700,1801,10761560,32573440300,5437970,KSQ
1325,206400,KR7206400004,베노티앤알,KOSDAQ,중견기업부,862,1,7,0.82,885,885,833,407,350275,32333756196,37510158,KSQ
1326,203450,KR7203450002,유니온바이오메트릭스,KOSDAQ,벤처기업부,2290,2,-60,-2.55,2300,2335,2235,6167,14052275,32240926030,14079007,KSQ
1327,075130,KR7075130005,플랜티넷,KOSDAQ,벤처기업부,1997,3,0,0.0,1997,2005,1980,13011,25952538,32196273040,16122320,KSQ
1328,450330,KR7450330006,하스,KOSDAQ,기술성장기업부,3925,2,-20,-0.51,3870,4060,3770,3536,13610200,32133358775,8186843,KSQ
1329,020180,KR7020180006,대신정보통신,KOSDAQ,중견기업부,836,0,0,0.0,0,0,0,0,0,32126572940,38428915,KSQ
1330,432430,KR7432430007,와이랩,KOSDAQ,기술성장기업부,1943,1,5,0.26,1938,1950,1894,5511,10538495,32075665760,16508320,KSQ
1331,031510,KR7031510001,오스템,KOSDAQ,중견기업부,1145,1,19,1.69,1121,1160,1110,41104,46828685,32060000000,28000000,KSQ
1332,071850,KR7071850002,캐스텍코리아,KOSDAQ,투자주의환기종목(소속부없음),1319,2,-30,-2.22,1340,1340,1301,217,282905,32000177222,24260938,KSQ
1333,207760,KR7207760000,미스터블루,KOSDAQ,중견기업부,384,0,0,0.0,0,0,0,0,0,31902636672,83079783,KSQ
1334,066360,KR7066360009,체리부로,KOSDAQ,우량기업부,660,1,5,0.76,651,673,619,16827,10787530,31648329900,47952015,KSQ
1335,064520,KR7064520000,테크엘,KOSDAQ,중견기업부,1415,2,-8,-0.56,1473,1473,1412,1304,1848270,31626752730,22351062,KSQ
1336,022220,KR7022220008,티케이지애강,KOSDAQ,중견기업부,610,1,17,2.87,551,638,551,3360,2015447,31594693190,51794579,KSQ
1337,016600,KR7016600009,큐캐피탈,KOSDAQ,중견기업부,2260,1,170,8.13,2040,2285,2040,59316,128730145,31553218260,13961601,KSQ
1338,090410,KR7090410002,덕신이피씨,KOSDAQ,우량기업부,684,1,5,0.74,679,699,659,27025,18261075,31521520980,46084095,KSQ
1339,133750,KR7133750000,메가엠디,KOSDAQ,중견기업부,1345,1,19,1.43,1290,1350,1288,3974,5250802,31482518565,23407077,KSQ
1340,408900,KR7408900009,스튜디오미르,KOSDAQ,중견기업부,960,2,-6,-0.62,968,981,930,9808,9331885,31442811840,32752929,KSQ
1341,317240,KR7317240000,TS트릴리온,KOSDAQ,벤처기업부,1077,2,-4,-0.37,1095,1122,1064,180513,197417064,31423317747,29176711,KSQ
1342,106240,KR7106240005,파인테크닉스,KOSDAQ,벤처기업부,1309,1,93,7.65,1220,1369,1220,137634,181423586,31255438060,23877340,KSQ
1343,258830,KR7258830009,세종메디칼,KOSDAQ,관리종목(소속부없음),412,0,0,0.0,0,0,0,0,0,31223976612,75786351,KSQ
1344,064480,KR7064480007,브리지텍,KOSDAQ,벤처기업부,2610,1,100,3.98,2500,2615,2500,5384,13739670,31196025000,11952500,KSQ
1345,475460,KR7475460002,미트박스,KOSDAQ,벤처기업부,5520,1,120,2.22,5230,5570,5230,808,4400070,31168818000,5646525,KSQ
1346,419120,KR7419120001,산돌,KOSDAQ,중견기업부,2190,1,40,1.86,2150,2195,2105,4637,9990780,31148564910,14223089,KSQ
1347,033170,KR7033170002,시그네틱스,KOSDAQ,중견기업부,363,1,9,2.54,354,368,347,87589,31381665,31119379797,85728319,KSQ
1348,105550,KR7105550008,엣지파운드리,KOSDAQ,중견기업부,397,0,0,0.0,0,0,0,0,0,31087899247,78307051,KSQ
1349,033340,KR7033340001,좋은사람들,KOSDAQ,중견기업부,319,1,10,3.24,309,322,301,341552,107079826,30927228002,96950558,KSQ
1350,452200,KR7452200009,민테크,KOSDAQ,기술성장기업부,1271,1,103,8.82,1114,1300,1114,44939,54981521,30926988800,24332800,KSQ
1351,215090,KR7215090002,솔디펜스,KOSDAQ,벤처기업부,1329,1,58,4.56,1230,1345,1230,23004,30003537,30773873469,23155661,KSQ
1352,318410,KR7318410008,비비씨,KOSDAQ,중견기업부,5530,1,70,1.28,5420,5640,5420,2425,13355390,30720493790,5555243,KSQ
1353,053950,KR7053950002,경남제약,KOSDAQ,중견기업부,1560,1,60,4.0,1560,1610,1503,46416,72239844,30606652440,19619649,KSQ
1354,049470,KR7049470008,비트플래닛,KOSDAQ,중견기업부,1297,1,78,6.4,1230,1300,1230,5809,7393541,30537734003,23544899,KSQ
1355,208860,KR7208860007,다산디엠씨,KOSDAQ,벤처기업부,899,1,9,1.01,920,920,860,20700,18390597,30521025727,33949973,KSQ
1356,215790,KR7215790007,이노인스트루먼트,KOSDAQ,중견기업부,756,1,32,4.42,690,786,670,1360230,1018464399,30454060644,40283149,KSQ
1357,035460,KR7035460005,기산텔레콤,KOSDAQ,벤처기업부,2040,1,72,3.66,1967,2045,1950,45545,91094227,30437493600,14920340,KSQ
1358,278650,KR7278650007,HLB바이오스텝,KOSDAQ,중견기업부,1746,1,53,3.13,1693,1769,1662,14652,24991836,30436963416,17432396,KSQ
1359,465480,KR7465480002,인스피언,KOSDAQ,벤처기업부,2990,1,100,3.46,2890,3010,2890,5835,17220910,30311938280,10137772,KSQ
1360,128540,KR7128540002,에코캡,KOSDAQ,우량기업부,1135,2,-19,-1.65,1154,1176,1126,12204,13956450,30293672100,26690460,KSQ
1361,376930,KR7376930004,노을,KOSDAQ,기술성장기업부,590,1,9,1.55,583,598,565,51635,30096581,30261880570,51291323,KSQ
1362,078590,KR7078590007,휴림에이텍,KOSDAQ,중견기업부,3025,4,695,29.83,2375,3025,2370,446807,1224284867,30225252475,9991819,KSQ
1363,246250,KR7246250005,에스엘에스바이오,KOSDAQ,관리종목(소속부없음),1969,0,0,0.0,0,0,0,0,0,30220617614,15348206,KSQ
1364,262840,KR7262840002,아이퀘스트,KOSDAQ,벤처기업부,2845,3,0,0.0,2800,2880,2800,756,2140000,30062978440,10566952,KSQ
1365,348030,KR7348030008,모비릭스,KOSDAQ,중견기업부,3130,1,10,0.32,3130,3155,3095,11705,36727284,30059894000,9603800,KSQ
1366,452160,KR7452160005,제이엔비,KOSDAQ,중견기업부,3110,2,-30,-0.96,3125,3140,3050,3144,9696810,29910508970,9617527,KSQ
1367,033830,KR7033830001,티비씨,KOSDAQ,중견기업부,1575,1,2,0.13,1581,1588,1548,5459,8577375,29778729750,18907130,KSQ
1368,033050,KR7033050006,제이엠아이,KOSDAQ,중견기업부,935,2,-4,-0.43,939,957,918,56298,53185128,29769771680,31839328,KSQ
1369,311390,KR7311390009,네오크레마,KOSDAQ,벤처기업부,2345,1,35,1.52,2260,2350,2260,3213,7384620,29673135205,12653789,KSQ
1370,208710,KR7208710004,포톤,KOSDAQ,중견기업부,2250,1,20,0.9,2120,2330,2100,188207,416831390,29655297000,13180132,KSQ
1371,458350,KR7458350006,에스팀,KOSDAQ,중견기업부,3410,1,40,1.19,3295,3430,3215,9150,30539135,29609712000,8683200,KSQ
1372,012620,KR7012620001,원일특강,KOSDAQ,우량기업부,6720,2,-20,-0.3,6710,6740,6650,1840,12311690,29568000000,4400000,KSQ
1373,079000,KR7079000006,와토스코리아,KOSDAQ,중견기업부,4105,2,-55,-1.32,4145,4195,4105,12896,53449190,29556000000,7200000,KSQ
1374,237820,KR7237820006,플레이디,KOSDAQ,중견기업부,2300,1,10,0.44,2325,2345,2285,22751,52300460,29502422000,12827140,KSQ
1375,160550,KR7160550000,NEW,KOSDAQ,중견기업부,1056,3,0,0.0,1056,1057,1034,4666,4881542,29468847936,27906106,KSQ
1376,039290,KR7039290002,인포뱅크,KOSDAQ,중견기업부,3385,1,115,3.52,3140,3450,3100,797,2611855,29429115530,8693978,KSQ
1377,131090,KR7131090003,시큐브,KOSDAQ,벤처기업부,3835,1,5,0.13,3850,3850,3820,941,3606225,29369277535,7658221,KSQ
1378,452300,KR7452300007,캡스톤파트너스,KOSDAQ,중견기업부,2070,1,55,2.73,2015,2080,1934,25458,51440605,29330875350,14169505,KSQ
1379,348080,KR7348080003,큐라티스,KOSDAQ,중견기업부,2275,1,85,3.88,2190,2390,2190,9305,21422550,29183138075,12827753,KSQ
1380,068050,KR7068050004,팬엔터테인먼트,KOSDAQ,중견기업부,1052,1,13,1.25,1039,1053,1022,7981,8267487,29134167952,27694076,KSQ
1381,045510,KR7045510005,정원엔시스,KOSDAQ,중견기업부,923,2,-21,-2.22,979,979,899,33922,31309621,29056000311,31479957,KSQ
1382,290090,KR7290090000,트윔,KOSDAQ,벤처기업부,3905,1,140,3.72,3985,3985,3765,1003,3820145,29055418040,7440568,KSQ
1383,388610,KR7388610008,지에프씨생명과학,KOSDAQ,기술성장기업부,5450,1,40,0.74,5410,6180,5210,3783,21423490,29023337350,5325383,KSQ
1384,103840,KR7103840005,우양,KOSDAQ,중견기업부,1767,2,-13,-0.73,1682,1796,1682,4257,7376159,28919478276,16366428,KSQ
1385,038950,KR7038950002,파인디지털,KOSDAQ,중견기업부,2830,2,-15,-0.53,2880,2880,2830,97,275095,28896464950,10210765,KSQ
1386,075970,KR7075970004,동국알앤에스,KOSDAQ,중견기업부,1561,1,20,1.3,1541,1590,1504,5173,8056889,28722400000,18400000,KSQ
1387,476080,KR7476080007,M83,KOSDAQ,중견기업부,3555,1,185,5.49,3485,3565,3380,15348,53492300,28713735000,8077000,KSQ
1388,119500,KR7119500007,포메탈,KOSDAQ,중견기업부,2420,1,110,4.76,2310,2440,2285,22127,52084155,28670301440,11847232,KSQ
1389,239610,KR7239610009,에이치엘사이언스,KOSDAQ,벤처기업부,5300,1,20,0.38,5280,5320,5190,122,643060,28578209500,5392115,KSQ
1390,060540,KR7060540002,에스에이티,KOSDAQ,중견기업부,1093,1,18,1.67,1075,1095,1050,8163,8720099,28563296862,26132934,KSQ
1391,351330,KR7351330006,이삭엔지니어링,KOSDAQ,벤처기업부,3445,1,130,3.92,3315,3600,3260,6021,20448940,28553951400,8288520,KSQ
1392,096630,KR7096630009,에스코넥,KOSDAQ,우량기업부,1794,1,56,3.22,1738,1794,1728,11202,19717121,28482123462,15876323,KSQ
1393,336060,KR7336060009,웨이버스,KOSDAQ,벤처기업부,590,0,0,0.0,0,0,0,0,0,28411568000,48155200,KSQ
1394,462310,KR7462310004,뉴키즈온,KOSDAQ,중견기업부,3595,3,0,0.0,3450,3625,3450,1127,4010460,28395484975,7898605,KSQ
1395,297570,KR7297570004,아틀라스링크,KOSDAQ,벤처기업부,820,1,1,0.12,820,834,808,16699,13741559,28389398760,34621218,KSQ
1396,089150,KR7089150007,케이씨티,KOSDAQ,벤처기업부,1652,1,28,1.72,1624,1654,1589,22406,36713446,28331800000,17150000,KSQ
1397,088340,KR7088340005,유라클,KOSDAQ,벤처기업부,6470,1,180,2.86,6490,6490,6250,3944,25077100,28237460960,4364368,KSQ
1398,026040,KR7026040006,제이에스티나,KOSDAQ,중견기업부,1710,1,43,2.58,1589,1758,1589,4115,6798044,28221480900,16503790,KSQ
1399,043220,KR7043220003,티에스넥스젠,KOSDAQ,관리종목(소속부없음),1710,0,0,0.0,0,0,0,0,0,28191099330,16486023,KSQ
1400,177830,KR7177830007,파버나인,KOSDAQ,벤처기업부,2480,1,70,2.9,2410,2480,2410,6445,15730525,28088462640,11325993,KSQ
1401,310870,KR7310870001,디와이씨,KOSDAQ,벤처기업부,1270,2,-9,-0.7,1255,1293,1245,14773,18739082,27841704540,21922602,KSQ
1402,318010,KR7318010006,팜스빌,KOSDAQ,벤처기업부,3510,1,60,1.74,3600,3630,3500,1140,4019875,27831976380,7929338,KSQ
1403,301300,KR7301300000,바이브컴퍼니,KOSDAQ,기술성장기업부,2115,1,294,16.14,1822,2360,1822,410472,886177670,27822215880,13154712,KSQ
1404,053290,KR7053290003,NE능률,KOSDAQ,중견기업부,1680,2,-18,-1.06,1750,1766,1646,8713,14891946,27764195760,16526307,KSQ
1405,444530,KR7444530000,심플랫폼,KOSDAQ,기술성장기업부,4315,1,120,2.86,4195,4380,3900,11858,49456295,27753156590,6431786,KSQ
1406,050110,KR7050110006,캠시스,KOSDAQ,중견기업부,944,1,31,3.4,893,947,893,92894,86198983,27588232912,29224823,KSQ
1407,109820,KR7109820001,진매트릭스,KOSDAQ,기술성장기업부,1352,1,27,2.04,1374,1395,1335,7863,10611588,27572201280,20393640,KSQ
1408,206560,KR7206560005,덱스터,KOSDAQ,기술성장기업부,1085,0,0,0.0,0,0,0,0,0,27571733560,25411736,KSQ
1409,069410,KR7069410009,엔텔스,KOSDAQ,벤처기업부,2690,1,105,4.06,2585,2695,2510,6266,16427185,27558576560,10244824,KSQ
1410,271830,KR7271830002,팸텍,KOSDAQ,벤처기업부,927,1,48,5.46,890,936,870,39381,35330078,27337417254,29490202,KSQ
1411,288620,KR7288620008,에스프리즘,KOSDAQ,벤처기업부,3910,1,60,1.56,3850,4000,3780,3283,12661705,27289125560,6979316,KSQ
1412,031310,KR7031310006,아이즈비전,KOSDAQ,중견기업부,917,1,13,1.44,900,917,884,43226,38820267,27277678967,29746651,KSQ
1413,276730,KR7276730009,한울앤제주,KOSDAQ,투자주의환기종목(소속부없음),11470,0,0,0.0,0,0,0,0,0,27204729520,2371816,KSQ
1414,464280,KR7464280007,티디에스팜,KOSDAQ,중견기업부,4910,1,330,7.21,4590,4965,4590,4823,23260835,27152300000,5530000,KSQ
1415,068100,KR7068100007,케이웨더,KOSDAQ,기술성장기업부,2275,1,35,1.56,2215,2280,2105,5711,12470910,27135144400,11927536,KSQ
1416,335810,KR7335810008,프리시젼바이오,KOSDAQ,기술성장기업부,1233,1,1,0.08,1244,1268,1166,7701,9419548,27063740898,21949506,KSQ
1417,069140,KR7069140002,누리플랜,KOSDAQ,벤처기업부,1792,1,52,2.99,1737,1880,1698,20546,36439503,27051680768,15095804,KSQ
1418,138070,KR7138070008,신진에스엠,KOSDAQ,중견기업부,1542,1,13,0.85,1550,1555,1515,19652,30380199,26989940568,17503204,KSQ
1419,123840,KR7123840001,뉴온,KOSDAQ,투자주의환기종목(소속부없음),1723,1,16,0.94,1848,1848,1639,5768,9897148,26797905150,15553050,KSQ
1420,197140,KR7197140007,디지캡,KOSDAQ,벤처기업부,2050,1,5,0.24,2050,2050,2000,1372,2795305,26676965700,13013154,KSQ
1421,464580,KR7464580000,닷밀,KOSDAQ,기술성장기업부,1449,2,-15,-1.02,1430,1469,1405,6137,8748764,26670422961,18406089,KSQ
1422,001810,KR7001810001,무림SP,KOSDAQ,중견기업부,1200,1,11,0.93,1169,1200,1169,9209,10955474,26565000000,22137500,KSQ
1423,044480,KR7044480002,빌리언스,KOSDAQ,중견기업부,798,1,9,1.14,789,804,776,9723,7702740,26534230968,33250916,KSQ
1424,188260,KR7188260004,세니젠,KOSDAQ,투자주의환기종목(소속부없음),1900,1,61,3.32,2180,2180,1891,1189,2300398,26412504200,13901318,KSQ
1425,065950,KR7065950008,웰크론,KOSDAQ,중견기업부,935,1,1,0.11,901,945,901,15710,14602177,26396267370,28231302,KSQ
1426,434480,KR7434480000,모니터랩,KOSDAQ,기술성장기업부,2140,1,115,5.68,2025,2170,2005,31167,64667065,26344042000,12310300,KSQ
1427,093380,KR7093380004,풍강,KOSDAQ,중견기업부,2665,2,-170,-6.0,2840,2840,2630,19152,51701945,26328369145,9879313,KSQ
1428,407400,KR7407400001,꿈비,KOSDAQ,벤처기업부,1799,1,44,2.51,1755,1809,1695,19137,33610419,26327526666,14634534,KSQ
1429,131220,KR7131220006,대한과학,KOSDAQ,벤처기업부,3520,2,-10,-0.28,3525,3555,3480,470,1650790,26239804800,7454490,KSQ
1430,900070,KYG3931T1076,글로벌에스엠,KOSDAQ,외국기업(소속부없음),974,2,-22,-2.21,1000,1000,961,3894,3781871,26173312416,26871984,KSQ
1431,130500,KR7130500002,GH신소재,KOSDAQ,중견기업부,1797,1,27,1.53,1770,1814,1737,4088,7224611,26137458444,14545052,KSQ
1432,376180,KR7376180006,피코그램,KOSDAQ,벤처기업부,1408,1,123,9.57,1352,1580,1285,180732,261387652,26133941504,18561038,KSQ
1433,038620,KR7038620001,위즈코프,KOSDAQ,벤처기업부,1722,2,-16,-0.92,1738,1739,1698,8680,14788248,26081227746,15145893,KSQ
1434,121890,KR7121890008,에스디시스템,KOSDAQ,중견기업부,1962,1,24,1.24,2295,2295,1936,9661,19156963,26077817052,13291446,KSQ
1435,187270,KR7187270004,신화콘텍,KOSDAQ,벤처기업부,2570,2,-50,-1.91,2620,2620,2500,15836,40284760,26069681650,10143845,KSQ
1436,032750,KR7032750002,삼진,KOSDAQ,우량기업부,2880,3,0,0.0,2865,2880,2835,1776,5063590,26009631360,9031122,KSQ
1437,368600,KR7368600003,아이씨에이치,KOSDAQ,기술성장기업부,1008,2,-58,-5.44,1066,1127,970,1077725,1122011122,26001778320,25795415,KSQ
1438,356890,KR7356890004,싸이버원,KOSDAQ,벤처기업부,2175,1,95,4.57,2110,2180,2080,12669,26896328,25999569375,11953825,KSQ
1439,016920,KR7016920001,카스,KOSDAQ,중견기업부,981,2,-26,-2.58,1007,1008,969,23150,22832681,25990160778,26493538,KSQ
1440,291230,KR7291230001,엔피,KOSDAQ,중견기업부,588,0,0,0.0,0,0,0,0,0,25928315700,44095775,KSQ
1441,099390,KR7099390007,브레인즈컴퍼니,KOSDAQ,벤처기업부,3155,1,10,0.32,3130,3220,3105,3394,10791035,25897132865,8208283,KSQ
1442,355390,KR7355390006,크라우드웍스,KOSDAQ,기술성장기업부,1624,2,-18,-1.1,1642,1692,1579,48890,78513544,25779934656,15874344,KSQ
1443,083640,KR7083640003,인콘,KOSDAQ,벤처기업부,1120,1,60,5.66,1060,1131,1060,53243,58904390,25713344160,22958343,KSQ
1444,288980,KR7288980006,모아데이타,KOSDAQ,기술성장기업부,706,1,35,5.22,671,708,671,114984,79468295,25685253574,36381379,KSQ
1445,290520,KR7290520006,신도기연,KOSDAQ,벤처기업부,1632,1,103,6.74,1529,1632,1476,5883,8981907,25681419648,15736164,KSQ
1446,016670,KR7016670002,디모아,KOSDAQ,중견기업부,2515,1,95,3.93,2360,2560,2360,4016,9915330,25638498510,10194234,KSQ
1447,237750,KR7237750005,피앤씨테크,KOSDAQ,벤처기업부,3945,1,320,8.83,3625,4075,3555,6474,25412945,25629087000,6496600,KSQ
1448,038880,KR7038880001,아이에이,KOSDAQ,투자주의환기종목(소속부없음),3410,1,70,2.1,3340,3515,3260,5273,17559175,25624182430,7514423,KSQ
1449,290270,KR7290270008,휴네시온,KOSDAQ,벤처기업부,2665,1,40,1.52,2625,2665,2590,8638,22851495,25604445880,9607672,KSQ
1450,198940,KR7198940009,한주라이트메탈,KOSDAQ,중견기업부,1284,1,48,3.88,1236,1295,1200,16214,20109242,25564131840,19909760,KSQ
1451,450520,KR7450520002,인스웨이브,KOSDAQ,벤처기업부,1736,1,66,3.95,1651,1750,1651,9794,16457413,25527147408,14704578,KSQ
1452,114630,KR7114630007,폴라리스우노,KOSDAQ,우량기업부,1480,1,23,1.58,1457,1499,1442,70143,102856986,25508167040,17235248,KSQ
1453,058110,KR7058110008,멕아이씨에스,KOSDAQ,기술성장기업부,1583,1,20,1.28,1563,1660,1518,3647,5813154,25407988990,16050530,KSQ
1454,037370,KR7037370004,EG,KOSDAQ,벤처기업부,2945,2,-5,-0.17,2980,2980,2880,529,1549115,25400542540,8624972,KSQ
1455,007720,KR7007720006,소노스퀘어,KOSDAQ,중견기업부,1254,1,74,6.27,1226,1282,1176,38720,47926481,25280752860,20160090,KSQ
1456,148250,KR7148250004,알엔투테크놀로지,KOSDAQ,벤처기업부,1857,1,38,2.09,1819,1883,1795,7487,13736601,25275077328,13610704,KSQ
1457,047080,KR7047080007,한빛소프트,KOSDAQ,중견기업부,1016,1,41,4.21,975,1022,970,44737,44743516,25219519792,24822362,KSQ
1458,054940,KR7054940002,엑사이엔씨,KOSDAQ,중견기업부,760,0,0,0.0,0,0,0,0,0,25211896480,33173548,KSQ
1459,351320,KR7351320007,넥사다이내믹스,KOSDAQ,중견기업부,846,2,-6,-0.7,919,919,799,76917,64828946,25125051132,29698642,KSQ
1460,038530,KR7038530002,케이바이오랩스,KOSDAQ,중견기업부,970,1,75,8.38,898,978,895,50558,48274211,25113418340,25890122,KSQ
1461,238490,KR7238490007,힘스,KOSDAQ,벤처기업부,2220,2,-55,-2.42,2270,2270,2155,33729,74116090,25113163920,11312236,KSQ
1462,057680,KR7057680001,티사이언티픽,KOSDAQ,벤처기업부,1585,1,17,1.08,1568,1590,1560,1359,2132762,25031760765,15792909,KSQ
1463,123750,KR7123750002,알톤,KOSDAQ,중견기업부,1810,1,34,1.91,1776,1825,1750,3175,5626080,25012858790,13819259,KSQ
1464,376980,KR7376980009,원티드랩,KOSDAQ,기술성장기업부,2560,1,35,1.39,2485,2620,2480,4991,12548890,25001968640,9766394,KSQ
1465,054090,KR7054090006,삼진엘앤디,KOSDAQ,중견기업부,1000,2,-30,-2.91,1012,1012,950,13126,12964350,24959232000,24959232,KSQ
1466,044780,KR7044780005,에이치케이,KOSDAQ,벤처기업부,1348,1,57,4.42,1300,1360,1290,26689,35563054,24945800876,18505787,KSQ
1467,254120,KR7254120009,자비스,KOSDAQ,기술성장기업부,811,1,33,4.24,799,1000,790,1045188,937324391,24941712970,30754270,KSQ
1468,021880,KR7021880000,메이슨캐피탈,KOSDAQ,중견기업부,1175,1,17,1.47,1158,1179,1153,7823,9121759,24931667000,21218440,KSQ
1469,065150,KR7065150005,대산F&B,KOSDAQ,중견기업부,1559,1,14,0.91,1515,1588,1515,6657,10233398,24847716160,15938240,KSQ
1470,109960,KR7109960005,앱토크롬,KOSDAQ,투자주의환기종목(소속부없음),1638,2,-28,-1.68,1631,1688,1631,492,805325,24786597654,15132233,KSQ
1471,298060,KR7298060005,풍전약품,KOSDAQ,관리종목(소속부없음),2570,2,-30,-1.15,2575,2595,2450,4239,10794035,24768238790,9637447,KSQ
1472,406820,KR7406820001,뷰티스킨,KOSDAQ,벤처기업부,1752,1,76,4.53,1676,1757,1676,126203,218493811,24766547064,14136157,KSQ
1473,225220,KR7225220003,제놀루션,KOSDAQ,벤처기업부,1290,2,-6,-0.46,1296,1329,1282,8711,11303731,24755127090,19190021,KSQ
1474,054780,KR7054780002,키이스트,KOSDAQ,중견기업부,1259,1,72,6.07,1187,1290,1187,15530,19040901,24749161387,19657793,KSQ
1475,318000,KR7318000007,KBG,KOSDAQ,벤처기업부,2820,1,75,2.73,2780,2840,2745,1613,4507690,24647428860,8740223,KSQ
1476,475660,KR7475660007,에스켐,KOSDAQ,기술성장기업부,3105,2,-145,-4.46,3155,3155,3035,2281,7040735,24622137675,7929835,KSQ
1477,367000,KR7367000007,플래티어,KOSDAQ,벤처기업부,2935,3,0,0.0,2915,3030,2820,946,2774970,24619387545,8388207,KSQ
1478,079170,KR7079170007,한창산업,KOSDAQ,우량기업부,4730,1,160,3.5,4900,4900,4585,4004,19079885,24596000000,5200000,KSQ
1479,053060,KR7053060000,세동,KOSDAQ,중견기업부,1392,2,-8,-0.57,1400,1400,1383,13208,18395324,24579127248,17657419,KSQ
1480,455180,KR7455180000,케이지에이,KOSDAQ,벤처기업부,1760,3,0,0.0,1760,1786,1724,4329,7615408,24566636160,13958316,KSQ
1481,195500,KR7195500004,마니커에프앤지,KOSDAQ,중견기업부,1536,1,13,0.85,1523,1550,1504,18614,28406764,24542208000,15978000,KSQ
1482,083660,KR7083660001,CSA 코스믹,KOSDAQ,중견기업부,230,0,0,0.0,0,0,0,0,0,24526966090,106638983,KSQ
1483,039740,KR7039740006,한국정보공학,KOSDAQ,벤처기업부,3045,1,25,0.83,3020,3045,2970,12565,37765086,24416018865,8018397,KSQ
1484,073540,KR7073540007,에프알텍,KOSDAQ,벤처기업부,2140,1,100,4.9,2040,2140,2020,42823,89779570,24396000000,11400000,KSQ
1485,066910,KR7066910001,손오공,KOSDAQ,중견기업부,1822,1,53,3.0,1769,1833,1750,20135,36261955,24390443504,13386632,KSQ
1486,032860,KR7032860009,더라미,KOSDAQ,중견기업부,603,1,8,1.34,604,608,590,24832,14830862,24358705389,40395863,KSQ
1487,462510,KR7462510009,라메디텍,KOSDAQ,기술성장기업부,2765,1,45,1.65,2720,2780,2665,29893,82650200,24340198225,8802965,KSQ
1488,013720,KR7013720008,청보,KOSDAQ,중견기업부,2000,1,1,0.05,1999,2000,1921,2240,4418518,24331256000,12165628,KSQ
1489,017000,KR7017000001,신원종합개발,KOSDAQ,우량기업부,2085,2,-5,-0.24,2090,2140,2030,28690,59471605,24327836295,11668027,KSQ
1490,333050,KR7333050003,이노테나,KOSDAQ,벤처기업부,4940,2,-120,-2.37,5030,5030,4805,3277,15892310,24326634800,4924420,KSQ
1491,257370,KR7257370007,피엔티엠에스,KOSDAQ,벤처기업부,1945,1,95,5.14,1850,1945,1850,3491,6633730,24321954645,12504861,KSQ
1492,300120,KR7300120003,라온피플,KOSDAQ,벤처기업부,491,0,0,0.0,0,0,0,0,0,24306471856,49504016,KSQ
1493,045300,KR7045300001,성우테크론,KOSDAQ,중견기업부,2300,1,55,2.45,2285,2310,2140,8144,18413305,24258127600,10547012,KSQ
1494,032790,KR7032790008,엠젠솔루션,KOSDAQ,벤처기업부,943,1,16,1.73,970,1000,900,28601,26912662,24216339958,25680106,KSQ
1495,035200,KR7035200005,프럼파스트,KOSDAQ,벤처기업부,2625,1,25,0.96,2600,2635,2550,2056,5319790,24202450125,9219981,KSQ
1496,236810,KR7236810008,엔비티,KOSDAQ,기술성장기업부,1424,1,197,16.06,1227,1445,1227,353983,480713433,24173006624,16975426,KSQ
1497,363260,KR7363260001,모비데이즈,KOSDAQ,벤처기업부,750,1,20,2.74,730,763,714,32276,23553091,24122826750,32163769,KSQ
1498,187220,KR7187220009,디티앤씨,KOSDAQ,중견기업부,2090,1,55,2.7,2035,2105,2000,3158,6551310,24087109970,11524933,KSQ
1499,095910,KR7095910006,에스에너지,KOSDAQ,중견기업부,644,2,-8,-1.23,652,665,614,463026,291525388,24019209396,37296909,KSQ
1500,051380,KR7051380004,피씨디렉트,KOSDAQ,중견기업부,1565,1,50,3.3,1515,1578,1514,10537,16256598,24007212680,15340072,KSQ
1501,097780,KR7097780001,에코볼트,KOSDAQ,중견기업부,1183,2,-23,-1.91,1221,1248,1175,7792,9438063,24006724287,20293089,KSQ
1502,387570,KR7387570005,파인메딕스,KOSDAQ,기술성장기업부,4260,1,30,0.71,4230,4330,4165,4122,17385585,23966334000,5625900,KSQ
1503,464500,KR7464500008,아이언디바이스,KOSDAQ,기술성장기업부,1711,1,122,7.68,1630,1725,1606,44811,75397937,23942472993,13993263,KSQ
1504,373170,KR7373170000,엠아이큐브솔루션,KOSDAQ,벤처기업부,1583,1,65,4.28,1518,1650,1509,17279,26779823,23925129570,15113790,KSQ
1505,199480,KR7199480005,뱅크웨어글로벌,KOSDAQ,기술성장기업부,2345,1,35,1.52,2310,2375,2285,3835,8884745,23910998860,10196588,KSQ
1506,267790,KR7267790004,배럴,KOSDAQ,중견기업부,3100,3,0,0.0,3085,3100,3085,30,92790,23836857900,7689309,KSQ
1507,900310,HK0000341732,컬러레이,KOSDAQ,외국기업(소속부없음),1861,1,17,0.92,1722,1865,1722,1126,1988433,23836311435,12808335,KSQ
1508,036480,KR7036480002,대성미생물,KOSDAQ,중견기업부,6270,1,170,2.79,6050,6280,6050,459,2803080,23826000000,3800000,KSQ
1509,318020,KR7318020005,포인트모바일,KOSDAQ,벤처기업부,1926,1,52,2.77,1874,1945,1874,5788,11161748,23692249872,12301272,KSQ
1510,232830,KR7232830000,아이티센피엔에스,KOSDAQ,벤처기업부,1430,1,18,1.27,1477,1477,1351,15942,22473970,23643228180,16533726,KSQ
1511,080530,KR7080530009,코디,KOSDAQ,중견기업부,2125,2,-45,-2.07,2170,2170,2100,3475,7328360,23527328500,11071684,KSQ
1512,146060,KR7146060009,율촌,KOSDAQ,중견기업부,978,1,20,2.09,958,980,931,41911,39479526,23487251910,24015595,KSQ
1513,134060,KR7134060003,이퓨쳐,KOSDAQ,벤처기업부,4905,1,70,1.45,4835,5000,4835,2681,13128155,23393171250,4769250,KSQ
1514,070590,KR7070590005,인티큐브,KOSDAQ,중견기업부,1685,2,-13,-0.77,1707,1717,1681,1268,2140069,23386992885,13879521,KSQ
1515,018680,KR7018680009,서울제약,KOSDAQ,벤처기업부,1997,1,6,0.3,1998,1999,1951,1123,2224832,23283660043,11659319,KSQ
1516,0010F0,KR70010F0005,보원케미칼,KOSDAQ,벤처기업부,2085,1,40,1.96,2045,2095,1984,14265,29141079,23234408085,11143601,KSQ
1517,169330,KR7169330008,엠브레인,KOSDAQ,중견기업부,1267,2,-7,-0.55,1273,1274,1229,1413,1756194,23207535106,18316918,KSQ
1518,027040,KR7027040005,서울전자통신,KOSDAQ,중견기업부,1667,2,-23,-1.36,1690,1717,1562,57103,93839776,23200920923,13917769,KSQ
1519,063760,KR7063760003,이엘피,KOSDAQ,벤처기업부,2480,2,-15,-0.6,2495,2495,2450,3052,7556320,23126322400,9325130,KSQ
1520,013810,KR7013810007,스페코,KOSDAQ,중견기업부,1573,1,39,2.54,1534,1584,1534,10874,16877050,23053054310,14655470,KSQ
1521,115160,KR7115160004,휴맥스,KOSDAQ,중견기업부,5350,2,-100,-1.83,5450,5450,5280,4677,24916670,23045301550,4307533,KSQ
1522,340440,KR7340440007,세림B&G,KOSDAQ,벤처기업부,812,3,0,0.0,802,819,777,112320,90140518,23043231568,28378364,KSQ
1523,222980,KR7222980005,한국맥널티,KOSDAQ,벤처기업부,2085,2,-50,-2.34,2135,2135,2075,5278,11141530,23000642055,11031483,KSQ
1524,091340,KR7091340000,S&K폴리텍,KOSDAQ,중견기업부,1962,1,36,1.87,1926,1962,1910,6406,12371661,22962700602,11703721,KSQ
1525,019570,KR7019570001,GMI벤처,KOSDAQ,중견기업부,2405,1,95,4.11,2310,2540,2310,17098,41158291,22955734620,9545004,KSQ
1526,208350,KR7208350009,지란지교시큐리티,KOSDAQ,벤처기업부,2830,1,10,0.35,2820,2880,2820,579,1644710,22927443100,8101570,KSQ
1527,048470,KR7048470009,대동스틸,KOSDAQ,중견기업부,2375,1,5,0.21,2345,2425,2345,10568,24992075,22918750000,9650000,KSQ
1528,085810,KR7085810000,알티캐스트,KOSDAQ,중견기업부,1621,1,8,0.5,1620,1660,1579,705,1159241,22916000813,14136953,KSQ
1529,397810,KR7397810003,애드포러스,KOSDAQ,벤처기업부,4430,2,-50,-1.12,4480,4590,4375,2824,12686055,22862211100,5160770,KSQ
1530,289220,KR7289220006,자이언트스텝,KOSDAQ,기술성장기업부,1023,1,3,0.29,1020,1058,999,21690,21921046,22825402083,22312221,KSQ
1531,033200,KR7033200007,모아텍,KOSDAQ,투자주의환기종목(소속부없음),2475,2,-30,-1.2,2480,2480,2435,1007,2470100,22781209275,9204529,KSQ
1532,430690,KR7430690008,한싹,KOSDAQ,벤처기업부,2085,1,120,6.11,1965,2115,1962,21619,44065468,22716708840,10895304,KSQ
1533,060380,KR7060380003,동양에스텍,KOSDAQ,중견기업부,1151,2,-12,-1.03,1163,1163,1134,2293,2636153,22674700000,19700000,KSQ
1534,052300,KR7052300001,오션인더블유,KOSDAQ,중견기업부,1394,2,-10,-0.71,1404,1404,1360,101665,140553342,22644314432,16244128,KSQ
1535,219750,KR7219750007,한국비티비,KOSDAQ,중견기업부,1730,3,0,0.0,1737,1740,1669,5380,9140750,22637702210,13085377,KSQ
1536,368970,KR7368970000,오에스피,KOSDAQ,관리종목(소속부없음),2215,2,-15,-0.67,2105,2235,2105,5915,12970705,22586277475,10196965,KSQ
1537,210120,KR7210120002,캔버스엔,KOSDAQ,중견기업부,930,0,0,0.0,0,0,0,0,0,22540854540,24237478,KSQ
1538,462980,KR7462980004,아이지넷,KOSDAQ,기술성장기업부,1232,2,-23,-1.83,1255,1260,1222,11364,14125910,22464826384,18234437,KSQ
1539,007770,KR7007770001,한일화학,KOSDAQ,중견기업부,6400,1,100,1.59,6420,6420,6400,46,294420,22464000000,3510000,KSQ
1540,139670,KR7139670004,키네마스터,KOSDAQ,중견기업부,1590,2,-60,-3.64,1650,1655,1531,5430,8569873,22448907900,14118810,KSQ
1541,398120,KR7398120006,에스지헬스케어,KOSDAQ,벤처기업부,1893,2,-6,-0.32,2040,2040,1862,6150,11555642,22415980323,11841511,KSQ
1542,403490,KR7403490006,우듬지팜,KOSDAQ,벤처기업부,482,1,12,2.55,473,492,466,27615,13036081,22139447648,45932464,KSQ
1543,023770,KR7023770001,플레이위드,KOSDAQ,중견기업부,2470,2,-30,-1.2,2530,2530,2400,5873,14237530,22097842650,8946495,KSQ
1544,076080,KR7076080001,웰크론한텍,KOSDAQ,중견기업부,976,1,11,1.14,965,981,964,5120,4968991,22051896256,22594156,KSQ
1545,258790,KR7258790005,소프트캠프,KOSDAQ,벤처기업부,4410,1,165,3.89,4245,4600,4120,11838,51277770,22042308960,4998256,KSQ
1546,032280,KR7032280000,삼일,KOSDAQ,중견기업부,1349,1,39,2.98,1310,1390,1303,13941,18680358,21872132910,16213590,KSQ
1547,014100,KR7014100002,메디앙스,KOSDAQ,중견기업부,1853,2,-19,-1.01,1909,1909,1839,4260,7907612,21865400000,11800000,KSQ
1548,328380,KR7328380001,솔트웨어,KOSDAQ,벤처기업부,3175,1,125,4.1,3250,3250,3025,7346,23056797,21756862125,6852555,KSQ
1549,352940,KR7352940001,인바이오,KOSDAQ,벤처기업부,1998,2,-7,-0.35,2000,2000,1978,1044,2081972,21713724540,10867730,KSQ
1550,065370,KR7065370009,위세아이텍,KOSDAQ,벤처기업부,2940,1,105,3.7,2835,2975,2795,4831,13894280,21708824760,7383954,KSQ
1551,038870,KR7038870002,에코심플렉스,KOSDAQ,중견기업부,1548,1,9,0.58,1539,1566,1430,15925,23999240,21695141052,14014949,KSQ
1552,469750,KR7469750004,아이비젼웍스,KOSDAQ,벤처기업부,628,2,-2,-0.32,583,644,583,52836,33284591,21638670068,34456481,KSQ
1553,241840,KR7241840008,에이스토리,KOSDAQ,중견기업부,2265,1,40,1.8,2235,2275,2230,7996,17948742,21608086410,9539994,KSQ
1554,101680,KR7101680007,한국정밀기계,KOSDAQ,중견기업부,2570,1,70,2.8,2485,2605,2480,22349,57329965,21598280000,8404000,KSQ
1555,130740,KR7130740004,티피씨글로벌,KOSDAQ,중견기업부,1914,1,4,0.21,2065,2065,1870,16297,31211717,21583563606,11276679,KSQ
1556,080720,KR7080720006,한국유니온제약,KOSDAQ,관리종목(소속부없음),2725,0,0,0.0,0,0,0,0,0,21562456300,7912828,KSQ
1557,405920,KR7405920000,나라셀라,KOSDAQ,중견기업부,1670,2,-11,-0.65,1681,1681,1637,2531,4220274,21506386920,12878076,KSQ
1558,043200,KR7043200005,파루,KOSDAQ,벤처기업부,514,2,-3,-0.58,517,522,486,212678,107333588,21487417910,41804315,KSQ
1559,432980,KR7432980001,엠에프씨,KOSDAQ,기술성장기업부,2500,2,-40,-1.57,2525,2525,2480,279,698620,21479355000,8591742,KSQ
1560,019660,KR7019660000,글로본,KOSDAQ,중견기업부,1540,2,-119,-7.17,1659,1661,1510,14533,22666202,21474272820,13944333,KSQ
1561,032080,KR7032080004,아즈텍WB,KOSDAQ,중견기업부,998,2,-13,-1.29,1047,1047,981,3920,3943479,21448046942,21491029,KSQ
1562,296640,KR7296640006,이노에이엑스,KOSDAQ,벤처기업부,4135,2,-230,-5.27,4365,4365,3955,4036,16637155,21412072020,5178252,KSQ
1563,096690,KR7096690003,에이루트,KOSDAQ,중견기업부,5300,3,0,0.0,5380,5380,5200,359,1885220,21321062600,4022842,KSQ
1564,353190,KR7353190002,휴럼,KOSDAQ,중견기업부,2705,1,45,1.69,2660,2735,2610,1778,4754330,21303725220,7875684,KSQ
1565,223310,KR7223310004,사토시홀딩스,KOSDAQ,중견기업부,4090,1,25,0.62,3960,4260,3960,2935,11880895,21286985780,5204642,KSQ
1566,383930,KR7383930005,디티앤씨알오,KOSDAQ,중견기업부,1665,1,3,0.18,1662,1688,1602,5386,8928439,21285573120,12784128,KSQ
1567,359090,KR7359090008,씨엔알리서치,KOSDAQ,중견기업부,1847,1,80,4.53,1767,1849,1752,5946,10587170,21229682121,11494143,KSQ
1568,415380,KR7415380005,스튜디오삼익,KOSDAQ,중견기업부,1846,2,-29,-1.55,1875,1883,1803,2021,3734595,21123731850,11442975,KSQ
1569,054410,KR7054410006,케이피티유,KOSDAQ,중견기업부,3680,1,15,0.41,3795,3800,3610,8844,32394670,21073313920,5726444,KSQ
1570,188040,KR7188040000,바이오포트,KOSDAQ,벤처기업부,4500,2,-210,-4.46,4685,4685,4455,1366,6161455,21056886000,4679308,KSQ
1571,115480,KR7115480006,씨유메디칼,KOSDAQ,중견기업부,1736,2,-47,-2.64,1783,1848,1706,9780,17037945,21048845496,12124911,KSQ
1572,056730,KR7056730005,CNT85,KOSDAQ,중견기업부,1418,1,99,7.51,1333,1419,1317,19959,26927700,21017932066,14822237,KSQ
1573,193250,KR7193250008,링크드,KOSDAQ,중견기업부,1568,2,-116,-6.89,1657,1657,1553,4600,7278400,20962486944,13368933,KSQ
1574,090150,KR7090150004,아이윈,KOSDAQ,중견기업부,499,0,0,0.0,0,0,0,0,0,20895771207,41875293,KSQ
1575,238200,KR7238200000,비피도,KOSDAQ,벤처기업부,2550,1,100,4.08,2650,2800,2465,6563,17317535,20859000000,8180000,KSQ
1576,277410,KR7277410007,인산가,KOSDAQ,벤처기업부,5430,1,80,1.5,5350,5440,5350,3151,16975250,20857444500,3841150,KSQ
1577,153490,KR7153490008,우리이앤엘하루틴,KOSDAQ,우량기업부,405,0,0,0.0,0,0,0,0,0,20849400000,51480000,KSQ
1578,131180,KR7131180002,딜리,KOSDAQ,벤처기업부,3540,1,25,0.71,3520,3540,3505,3098,10898110,20779800000,5870000,KSQ
1579,377030,KR7377030002,비트맥스,KOSDAQ,관리종목(소속부없음),1450,2,-36,-2.42,1486,1486,1423,6132,8839372,20722967900,14291702,KSQ
1580,065060,KR7065060006,지엔코,KOSDAQ,중견기업부,3455,2,-135,-3.76,3560,3560,3415,1017,3536620,20696783630,5990386,KSQ
1581,362990,KR7362990004,드림인사이트,KOSDAQ,벤처기업부,1228,3,0,0.0,1232,1232,1228,21029,25826582,20631104872,16800574,KSQ
1582,342870,KR7342870003,오아,KOSDAQ,중견기업부,3785,1,50,1.34,3740,3820,3655,1338,5000255,20628995645,5450197,KSQ
1583,378800,KR7378800007,샤페론,KOSDAQ,기술성장기업부,446,1,27,6.44,420,449,411,254821,110948189,20624391826,46243031,KSQ
1584,347770,KR7347770000,핌스,KOSDAQ,중견기업부,900,1,15,1.69,885,915,867,52184,46161911,20571337800,22857042,KSQ
1585,067010,KR7067010009,이씨에스,KOSDAQ,벤처기업부,1885,2,-34,-1.77,1919,1943,1881,18917,36193608,20524822500,10888500,KSQ
1586,274400,KR7274400001,이노시뮬레이션,KOSDAQ,기술성장기업부,2255,2,-25,-1.1,2280,2380,2225,4426,10045915,20490041715,9086493,KSQ
1587,049120,KR7049120009,파인디앤씨,KOSDAQ,벤처기업부,1929,1,16,0.84,1940,1940,1913,1184,2277301,20450607927,10601663,KSQ
1588,353590,KR7353590003,오토앤,KOSDAQ,중견기업부,1583,2,-33,-2.04,1620,1620,1527,2117,3311331,20382027310,12875570,KSQ
1589,067730,KR7067730002,로지시스,KOSDAQ,중견기업부,2105,1,15,0.72,2120,2130,2070,10935,22888750,20363605810,9673922,KSQ
1590,043360,KR7043360007,디지아이,KOSDAQ,벤처기업부,2260,2,-10,-0.44,2345,2345,2200,12409,28185430,20340000000,9000000,KSQ
1591,372800,KR7372800003,아이티아이즈,KOSDAQ,벤처기업부,2890,1,105,3.77,2880,3080,2730,2282,6473075,20337476210,7037189,KSQ
1592,101400,KR7101400000,엔시트론,KOSDAQ,중견기업부,1732,1,22,1.29,1710,1745,1681,113869,194946950,20336776816,11741788,KSQ
1593,098660,KR7098660004,에스티오,KOSDAQ,중견기업부,1624,1,2,0.12,1643,1646,1622,17945,29123278,20301585024,12500976,KSQ
1594,440320,KR7440320000,오픈놀,KOSDAQ,기술성장기업부,2030,1,44,2.22,1986,2050,1927,4019,7886916,20259400000,9980000,KSQ
1595,200230,KR7200230001,텔콘RF제약,KOSDAQ,중견기업부,2135,2,-35,-1.61,2175,2175,2105,10589,22656010,20244644315,9482269,KSQ
1596,227610,KR7227610003,아우딘퓨쳐스,KOSDAQ,벤처기업부,1044,1,7,0.68,1075,1075,1038,21260,22113256,20227052124,19374571,KSQ
1597,017250,KR7017250002,인터엠,KOSDAQ,중견기업부,958,2,-3,-0.31,961,961,928,1131,1084632,20161557386,21045467,KSQ
1598,424760,KR7424760007,벨로크,KOSDAQ,벤처기업부,2005,1,86,4.48,1919,2075,1905,13468,26907313,20159007840,10054368,KSQ
1599,058450,KR7058450008,한주에이알티,KOSDAQ,투자주의환기종목(소속부없음),4010,1,170,4.43,3840,4190,3840,5550,22061875,20103621720,5013372,KSQ
1600,275630,KR7275630002,에스에스알,KOSDAQ,벤처기업부,3815,1,50,1.33,3760,3815,3620,1049,3858250,20043277520,5253808,KSQ
1601,900110,HK0000057197,딥커머스,KOSDAQ,외국기업(소속부없음),1087,2,-23,-2.07,1090,1160,1078,8085,8880122,20041161397,18437131,KSQ
1602,215480,KR7215480005,토박스코리아,KOSDAQ,중견기업부,1856,2,-3,-0.16,1858,1859,1826,12561,23226624,19933440000,10740000,KSQ
1603,377330,KR7377330006,이지트로닉스,KOSDAQ,기술성장기업부,2440,2,-155,-5.97,2470,2565,2290,19330,47451945,19861487760,8139954,KSQ
1604,080470,KR7080470008,성창오토텍,KOSDAQ,벤처기업부,2720,1,30,1.12,2700,2720,2690,2430,6575985,19856000000,7300000,KSQ
1605,048830,KR7048830004,엔피케이,KOSDAQ,중견기업부,1057,1,4,0.38,1053,1071,1051,9773,10379174,19791186611,18723923,KSQ
1606,032800,KR7032800005,판타지오,KOSDAQ,중견기업부,1580,1,80,5.33,1500,1580,1500,11892,18271615,19689204760,12461522,KSQ
1607,192390,KR7192390003,윈하이텍,KOSDAQ,벤처기업부,1784,2,-9,-0.5,1799,1800,1757,1145,2024710,19681496536,11032229,KSQ
1608,429270,KR7429270002,시지트로닉스,KOSDAQ,기술성장기업부,3050,1,125,4.27,2925,3080,2865,17646,52223915,19670154550,6449231,KSQ
1609,331520,KR7331520007,밸로프,KOSDAQ,중견기업부,1995,2,-10,-0.5,1976,2005,1974,7013,13925774,19553366070,9801186,KSQ
1610,317120,KR7317120004,라닉스,KOSDAQ,기술성장기업부,1278,1,67,5.53,1211,1279,1192,16631,20804336,19502280000,15260000,KSQ
1611,016100,KR7016100000,리더스코스메틱,KOSDAQ,중견기업부,1019,1,6,0.59,1043,1099,961,1605,1634571,19463810986,19100894,KSQ
1612,024940,KR7024940009,PN풍년,KOSDAQ,벤처기업부,1941,1,41,2.16,1906,1952,1895,9131,17606458,19410000000,10000000,KSQ
1613,154030,KR7154030001,아시아종묘,KOSDAQ,벤처기업부,1607,1,7,0.44,1609,1620,1600,3323,5346923,19383420269,12061867,KSQ
1614,137940,KR7137940003,넥스트아이,KOSDAQ,중견기업부,1965,2,-10,-0.51,2180,2180,1893,28177,55588995,19280711655,9812067,KSQ
1615,200350,KR7200350007,아티스트스튜디오,KOSDAQ,기술성장기업부,1921,1,144,8.1,1778,1950,1728,42429,78806851,19202364025,9996025,KSQ
1616,214610,KR7214610008,롤링스톤,KOSDAQ,관리종목(소속부없음),2290,0,0,0.0,0,0,0,0,0,19197807380,8383322,KSQ
1617,290560,KR7290560002,파라택시스이더리움,KOSDAQ,벤처기업부,858,1,10,1.18,848,869,820,30742,26062264,19187222340,22362730,KSQ
1618,039310,KR7039310008,세중,KOSDAQ,중견기업부,1055,2,-41,-3.74,1143,1143,1039,9415,10065362,19118358685,18121667,KSQ
1619,109670,KR7109670000,씨싸이트,KOSDAQ,중견기업부,3275,1,25,0.77,3250,3300,3195,1364,4413945,19114871550,5836602,KSQ
1620,373110,KR7373110006,엑셀세라퓨틱스,KOSDAQ,기술성장기업부,1105,1,16,1.47,1090,1105,1070,11101,12079764,19110305370,17294394,KSQ
1621,195990,KR7195990007,루트K,KOSDAQ,관리종목(소속부없음),1172,1,2,0.17,1170,1198,1124,25772,29848951,19089388328,16287874,KSQ
1622,309930,KR7309930006,조이웍스앤코,KOSDAQ,중견기업부,991,2,-112,-10.15,1081,1180,966,580117,598534633,19082585999,19255889,KSQ
1623,084440,KR7084440007,유비온,KOSDAQ,기술성장기업부,996,2,-42,-4.05,1040,1100,996,22707,23303512,19055891316,19132421,KSQ
1624,065690,KR7065690000,파커스,KOSDAQ,투자주의환기종목(소속부없음),1355,3,0,0.0,1355,1355,1316,15780,21267560,19036843505,14049331,KSQ
1625,037400,KR7037400009,우리엔터프라이즈,KOSDAQ,중견기업부,718,1,26,3.76,694,726,694,39676,28443637,18828362428,26223346,KSQ
1626,096870,KR7096870001,엘디티,KOSDAQ,벤처기업부,2250,2,-25,-1.1,2175,2270,2175,2658,6001830,18782997750,8347999,KSQ
1627,142760,KR7142760008,모아라이프플러스,KOSDAQ,기술성장기업부,445,1,58,14.99,388,475,374,358872,155946907,18764306100,42166980,KSQ
1628,031860,KR7031860000,디에이치엑스컴퍼니,KOSDAQ,관리종목(소속부없음),693,0,0,0.0,0,0,0,0,0,18714758139,27005423,KSQ
1629,361670,KR7361670003,삼영에스앤씨,KOSDAQ,기술성장기업부,3300,2,-100,-2.94,3350,3350,3295,2952,9757175,18703271400,5667658,KSQ
1630,078860,KR7078860004,아이오케이이엔엠,KOSDAQ,투자주의환기종목(소속부없음),3025,1,245,8.81,2820,3025,2760,5281,15294580,18685993700,6177188,KSQ
1631,208640,KR7208640003,썸에이지,KOSDAQ,중견기업부,1341,4,309,29.94,1118,1341,1103,597299,782735194,18672117525,13924025,KSQ
1632,115610,KR7115610008,이미지스,KOSDAQ,벤처기업부,1578,1,102,6.91,1475,1645,1437,90079,140775174,18650017482,11818769,KSQ
1633,252500,KR7252500004,세화피앤씨,KOSDAQ,중견기업부,449,2,-16,-3.44,465,467,440,36442,16315683,18627389110,41486390,KSQ
1634,023790,KR7023790009,동일스틸럭스,KOSDAQ,중견기업부,1424,1,41,2.96,1382,1448,1335,146030,202003563,18611406592,13069808,KSQ
1635,073570,KR7073570004,리튬포어스,KOSDAQ,관리종목(소속부없음),1546,1,26,1.71,1520,1554,1488,9861,15107718,18609709088,12037328,KSQ
1636,065650,KR7065650004,하이퍼코퍼레이션,KOSDAQ,중견기업부,1686,1,81,5.05,1766,1820,1686,2675,4680471,18454934082,10945987,KSQ
1637,351870,KR7351870001,차이커뮤니케이션,KOSDAQ,중견기업부,1651,1,36,2.23,1615,1688,1614,6550,10797038,18426219942,11160642,KSQ
1638,303530,KR7303530000,이노뎁,KOSDAQ,벤처기업부,2510,1,30,1.21,2480,2535,2410,2330,5774460,18421640490,7339299,KSQ
1639,018620,KR7018620005,우진비앤지,KOSDAQ,벤처기업부,2657,1,52,2.0,2605,2675,2575,4781,12627291,18420933174,6932982,KSQ
1640,140430,KR7140430000,카티스,KOSDAQ,중견기업부,1715,1,79,4.83,1673,1719,1611,13510,22541955,18332504505,10689507,KSQ
1641,226340,KR7226340008,본느,KOSDAQ,중견기업부,2180,4,503,29.99,2180,2180,2180,28533,62201940,18291255120,8390484,KSQ
1642,115570,KR7115570004,스타플렉스,KOSDAQ,중견기업부,2290,1,5,0.22,2285,2340,2270,10366,23806700,18284523320,7984508,KSQ
1643,069920,KR7069920007,엑시온그룹,KOSDAQ,관리종목(소속부없음),1278,1,40,3.23,1202,1280,1181,110145,136000371,18276283098,14300691,KSQ
1644,021040,KR7021040001,대호특수강,KOSDAQ,중견기업부,840,1,7,0.84,849,868,820,17766,14815885,18232010160,21704774,KSQ
1645,438700,KR7438700007,버넥트,KOSDAQ,기술성장기업부,1629,1,33,2.07,1596,1690,1591,4395,7075347,18155025810,11144890,KSQ
1646,322780,KR7322780008,코퍼스코리아,KOSDAQ,중견기업부,2010,2,-10,-0.5,1993,2100,1944,21922,43609166,18039408300,8974830,KSQ
1647,034940,KR7034940007,조아제약,KOSDAQ,중견기업부,582,2,-3,-0.51,612,612,570,343131,201309223,18030259314,30979827,KSQ
1648,196700,KR7196700009,웹스,KOSDAQ,벤처기업부,1248,2,-8,-0.64,1256,1256,1223,8967,11098219,17926451712,14364144,KSQ
1649,067770,KR7067770008,세진티에스,KOSDAQ,관리종목(소속부없음),2130,1,419,24.49,2190,2190,1906,262704,548130785,17884743090,8396593,KSQ
1650,069330,KR7069330009,유아이디,KOSDAQ,벤처기업부,1051,2,-18,-1.68,1068,1110,1015,103601,109605609,17817155274,16952574,KSQ
1651,088290,KR7088290002,이원컴포텍,KOSDAQ,관리종목(소속부없음),2230,2,-70,-3.04,2285,2330,2110,9615,20787220,17786640560,7976072,KSQ
1652,224060,KR7224060004,더코디,KOSDAQ,투자주의환기종목(소속부없음),3415,2,-25,-0.73,3440,3675,3415,3842,13289270,17623865630,5160722,KSQ
1653,365900,KR7365900000,브이씨,KOSDAQ,벤처기업부,2405,2,-170,-6.6,2680,2680,2315,21531,50689195,17581271500,7310300,KSQ
1654,020400,KR7020400008,대동금속,KOSDAQ,중견기업부,2750,1,120,4.56,2560,2755,2560,6242,16775650,17540413000,6378332,KSQ
1655,154040,KR7154040000,다산솔루에타,KOSDAQ,중견기업부,810,1,30,3.85,803,810,771,30649,24482497,17508647340,21615614,KSQ
1656,060230,KR7060230000,제이케이시냅스,KOSDAQ,중견기업부,1549,1,210,15.68,1342,1549,1342,101781,149083566,17441891802,11260098,KSQ
1657,083470,KR7083470005,이엠앤아이,KOSDAQ,벤처기업부,811,1,63,8.42,770,840,758,107258,86216374,17307006819,21340329,KSQ
1658,405000,KR7405000001,플라즈맵,KOSDAQ,벤처기업부,4505,1,15,0.33,4735,4735,4315,4969,22000233,17292190220,3838444,KSQ
1659,103230,KR7103230009,에스앤더블류,KOSDAQ,중견기업부,2400,2,-10,-0.41,2430,2430,2370,2359,5687830,17280000000,7200000,KSQ
1660,054220,KR7054220009,비츠로시스,KOSDAQ,벤처기업부,1370,1,58,4.42,1345,1414,1319,25633,35176428,17249143920,12590616,KSQ
1661,060900,KR7060900008,에이전트AI,KOSDAQ,중견기업부,4310,2,-10,-0.23,4470,4470,4280,1103,4800835,17201524630,3991073,KSQ
1662,006050,KR7006050009,국영지앤엠,KOSDAQ,중견기업부,492,1,10,2.07,485,497,476,30098,14641387,17168459556,34895243,KSQ
1663,279600,KR7279600001,미디어젠,KOSDAQ,벤처기업부,3655,1,45,1.25,3790,3795,3420,208,741030,17122874555,4684781,KSQ
1664,027580,KR7027580000,상보,KOSDAQ,중견기업부,1438,1,35,2.49,1464,1464,1403,9582,13544516,17020534690,11836255,KSQ
1665,482680,KR7482680006,미래에셋비전스팩7호,KOSDAQ,SPAC(소속부없음),2055,0,0,0.0,0,0,0,0,0,16881825000,8215000,KSQ
1666,012340,KR7012340006,뉴인텍,KOSDAQ,투자주의환기종목(소속부없음),901,1,61,7.26,840,913,808,239547,213426443,16848981112,18700312,KSQ
1667,241820,KR7241820000,피씨엘,KOSDAQ,관리종목(소속부없음),6040,0,0,0.0,0,0,0,0,0,16803871920,2782098,KSQ
1668,431190,KR7431190008,케이쓰리아이,KOSDAQ,기술성장기업부,2235,1,40,1.82,2195,2270,2145,9571,21201115,16732197870,7486442,KSQ
1669,335870,KR7335870002,윙스풋,KOSDAQ,중견기업부,995,2,-3,-0.3,1000,1080,995,5147,5216743,16666720635,16750473,KSQ
1670,008470,KR7008470007,부스타,KOSDAQ,벤처기업부,1983,1,56,2.91,1910,2015,1910,7474,14659590,16666718400,8404800,KSQ
1671,303030,KR7303030001,지니틱스,KOSDAQ,벤처기업부,1814,1,17,0.95,1841,1886,1800,10125,18538854,16611661464,9157476,KSQ
1672,477380,KR7477380000,미래에셋비전스팩4호,KOSDAQ,SPAC(소속부없음),2045,3,0,0.0,2050,2050,2035,21572,43949910,16564500000,8100000,KSQ
1673,050760,KR7050760008,에스폴리텍,KOSDAQ,중견기업부,1010,3,0,0.0,1012,1069,1000,32274,32574959,16498024780,16334678,KSQ
1674,079950,KR7079950002,인베니아,KOSDAQ,관리종목(소속부없음),1195,2,-95,-7.36,1295,1298,1171,71100,86535198,16489924500,13799100,KSQ
1675,051780,KR7051780005,큐로홀딩스,KOSDAQ,중견기업부,2600,1,165,6.78,2435,2630,2435,5970,15297130,16472599000,6335615,KSQ
1676,115530,KR7115530008,씨엔플러스,KOSDAQ,중견기업부,2085,2,-5,-0.24,2085,2190,1986,5397,11216064,16438934385,7884381,KSQ
1677,045520,KR7045520004,크린앤사이언스,KOSDAQ,중견기업부,2525,1,100,4.12,2425,2590,2400,35491,89346740,16412500000,6500000,KSQ
1678,032680,KR7032680001,소프트센,KOSDAQ,중견기업부,783,2,-47,-5.66,830,867,748,63214,49851641,16330154823,20855881,KSQ
1679,419540,KR7419540000,비스토스,KOSDAQ,벤처기업부,2740,1,45,1.67,2660,2740,2630,2038,5476205,16325613220,5958253,KSQ
1680,035620,KR7035620004,바른손이앤에이,KOSDAQ,중견기업부,864,1,47,5.75,821,885,819,95237,82183771,16078969152,18609918,KSQ
1681,018700,KR7018700005,졸스,KOSDAQ,투자주의환기종목(소속부없음),1370,2,-1,-0.07,1371,1396,1347,6378,8757631,16038022820,11706586,KSQ
1682,239340,KR7239340003,이스트에이드,KOSDAQ,중견기업부,594,1,33,5.88,604,622,564,12753,7572263,16025902596,26979634,KSQ
1683,110020,KR7110020005,전진바이오팜,KOSDAQ,기술성장기업부,1739,1,12,0.69,1736,1749,1675,4798,8303573,15753187118,9058762,KSQ
1684,060260,KR7060260007,뉴보텍,KOSDAQ,벤처기업부,1168,2,-7,-0.6,1170,1189,1140,24499,28737077,15583871808,13342356,KSQ
1685,0072Z0,KR70072Z0006,KB제33호스팩,KOSDAQ,SPAC(소속부없음),1973,2,-2,-0.1,1975,1979,1966,215,424153,15557105000,7885000,KSQ
1686,065770,KR7065770000,CS,KOSDAQ,벤처기업부,1477,1,14,0.96,1463,1526,1400,16006,23287139,15530749528,10515064,KSQ
1687,417180,KR7417180007,핑거스토리,KOSDAQ,중견기업부,4400,1,20,0.46,4445,4460,4295,6720,29594840,15442785600,3509724,KSQ
1688,0101C0,KR70101C0008,하나36호스팩,KOSDAQ,SPAC(소속부없음),1989,1,11,0.56,1972,1997,1972,106,209870,15394860000,7740000,KSQ
1689,477340,KR7477340004,에이치엠씨제7호스팩,KOSDAQ,SPAC(소속부없음),2045,1,10,0.49,2035,2045,2035,51,103795,15357950000,7510000,KSQ
1690,0130H0,KR70130H0008,엔에이치스팩33호,KOSDAQ,SPAC(소속부없음),1992,1,8,0.4,1984,1995,1981,1800,3574169,15338400000,7700000,KSQ
1691,306040,KR7306040007,에스제이그룹,KOSDAQ,중견기업부,1541,1,133,9.45,1423,1585,1407,54337,82074649,15203240948,9865828,KSQ
1692,001000,KR7001000009,신라섬유,KOSDAQ,중견기업부,626,1,24,3.99,624,631,598,63703,38998228,15197740040,24277540,KSQ
1693,030350,KR7030350003,드래곤플라이,KOSDAQ,관리종목(소속부없음),973,0,0,0.0,0,0,0,0,0,15171092867,15592079,KSQ
1694,009620,KR7009620006,삼보산업,KOSDAQ,투자주의환기종목(소속부없음),868,2,-35,-3.88,890,924,859,98251,86643194,15166605664,17473048,KSQ
1695,0044K0,KR70044K0008,삼성스팩10호,KOSDAQ,SPAC(소속부없음),1986,1,7,0.35,1988,1988,1975,173,342470,14934720000,7520000,KSQ
1696,344860,KR7344860002,이노진,KOSDAQ,기술성장기업부,1231,1,1,0.08,1230,1240,1206,28036,34400953,14808930000,12030000,KSQ
1697,354200,KR7354200008,엔젠바이오,KOSDAQ,기술성장기업부,1655,1,34,2.1,1617,1710,1591,26202,42889067,14790044865,8936583,KSQ
1698,225590,KR7225590009,패션플랫폼,KOSDAQ,우량기업부,2870,1,120,4.36,2775,2985,2750,14402,40465440,14698349120,5121376,KSQ
1699,473050,KR7473050003,유안타제15호스팩,KOSDAQ,SPAC(소속부없음),2090,1,5,0.24,2080,2090,2075,32403,67421545,14650900000,7010000,KSQ
1700,0115H0,KR70115H0007,삼성스팩13호,KOSDAQ,SPAC(소속부없음),1980,2,-1,-0.05,1964,1981,1964,1163,2296344,14553000000,7350000,KSQ
1701,377220,KR7377220009,프롬바이오,KOSDAQ,기술성장기업부,513,0,0,0.0,0,0,0,0,0,14523030000,28310000,KSQ
1702,131100,KR7131100000,티엔엔터테인먼트,KOSDAQ,중견기업부,450,0,0,0.0,0,0,0,0,0,14511025800,32246724,KSQ
1703,148780,KR7148780000,비큐AI,KOSDAQ,기술성장기업부,457,0,0,0.0,0,0,0,0,0,14370696325,31445725,KSQ
1704,478440,KR7478440001,미래에셋비전스팩6호,KOSDAQ,SPAC(소속부없음),2045,3,0,0.0,2040,2045,2030,235,477130,14171850000,6930000,KSQ
1705,479880,KR7479880007,한국제15호스팩,KOSDAQ,SPAC(소속부없음),2050,1,5,0.24,2040,2055,2040,114,232605,14083500000,6870000,KSQ
1706,0165X0,KR70165X0006,메리츠제2호스팩,KOSDAQ,SPAC(소속부없음),1943,2,-1,-0.05,1941,1944,1935,10206,19797357,14067320000,7240000,KSQ
1707,0099W0,KR70099W0008,미래에셋비전스팩11호,KOSDAQ,SPAC(소속부없음),1981,2,-2,-0.1,1983,1983,1981,261,517213,13867000000,7000000,KSQ
1708,240600,KR7240600007,유진테크놀로지,KOSDAQ,벤처기업부,1997,1,18,0.91,1950,2055,1928,22747,45102467,13835517547,6928151,KSQ
1709,191410,KR7191410000,육일씨엔에쓰,KOSDAQ,관리종목(소속부없음),1232,2,-26,-2.07,1250,1250,1201,112122,136308076,13803642160,11204255,KSQ
1710,177350,KR7177350006,베셀,KOSDAQ,투자주의환기종목(소속부없음),695,0,0,0.0,0,0,0,0,0,13783032890,19831702,KSQ
1711,304840,KR7304840002,피플바이오,KOSDAQ,벤처기업부,561,0,0,0.0,0,0,0,0,0,13643890260,24320660,KSQ
1712,073190,KR7073190001,듀오백,KOSDAQ,관리종목(소속부없음),1140,1,199,21.15,984,1169,941,77827,84895404,13643565600,11968040,KSQ
1713,352770,KR7352770002,셀레스트라,KOSDAQ,관리종목(소속부없음),5250,0,0,0.0,0,0,0,0,0,13610136750,2592407,KSQ
1714,043590,KR7043590009,웰킵스하이텍,KOSDAQ,중견기업부,995,2,-34,-3.3,1025,1029,990,30627,30814754,13500539095,13568381,KSQ
1715,244460,KR7244460002,올리패스,KOSDAQ,관리종목(소속부없음),1651,0,0,0.0,0,0,0,0,0,13415218661,8125511,KSQ
1716,489480,KR7489480004,키움제11호스팩,KOSDAQ,SPAC(소속부없음),2015,2,-10,-0.49,2025,2025,2015,129,259975,13299000000,6600000,KSQ
1717,0134X0,KR70134X0004,대신밸런스제20호스팩,KOSDAQ,SPAC(소속부없음),1972,2,-3,-0.15,1975,1975,1971,391,771088,13291280000,6740000,KSQ
1718,481890,KR7481890002,엔에이치스팩31호,KOSDAQ,SPAC(소속부없음),2075,3,0,0.0,2085,2085,2075,9,18695,13165875000,6345000,KSQ
1719,0164H0,KR70164H0007,한국제16호스팩,KOSDAQ,SPAC(소속부없음),1946,2,-3,-0.15,1946,1954,1945,2630,5123460,13135500000,6750000,KSQ
1720,418620,KR7418620001,E8,KOSDAQ,기술성장기업부,658,1,2,0.3,690,690,637,63497,41457642,13061613866,19850477,KSQ
1721,0099X0,KR70099X0007,IBKS제25호스팩,KOSDAQ,SPAC(소속부없음),2180,0,0,0.0,0,0,0,0,0,13036400000,5980000,KSQ
1722,131760,KR7131760001,파인텍,KOSDAQ,벤처기업부,1500,1,46,3.16,1454,1527,1448,126821,188709361,13029474000,8686316,KSQ
1723,0096B0,KR70096B0006,삼성스팩12호,KOSDAQ,SPAC(소속부없음),1980,1,2,0.1,1978,1980,1973,252,498232,13028400000,6580000,KSQ
1724,0097F0,KR70097F0001,미래에셋비전스팩10호,KOSDAQ,SPAC(소속부없음),1997,1,10,0.5,1998,1998,1983,116,231648,12980500000,6500000,KSQ
1725,009730,KR7009730003,이렘,KOSDAQ,투자주의환기종목(소속부없음),1610,1,3,0.19,1639,1700,1575,23921,38777019,12840559830,7975503,KSQ
1726,113810,KR7113810006,디젠스,KOSDAQ,중견기업부,1963,2,-27,-1.36,1991,2005,1963,9415,18651894,12809772430,6525610,KSQ
1727,900340,HK0000449303,윙입푸드,KOSDAQ,외국기업(소속부없음),1017,1,14,1.4,1003,1066,1003,22960,23232294,12796638444,12582732,KSQ
1728,0093G0,KR70093G0004,미래에셋비전스팩8호,KOSDAQ,SPAC(소속부없음),1992,1,19,0.96,1975,1994,1973,105,207283,12748800000,6400000,KSQ
1729,489730,KR7489730002,디비금융제13호스팩,KOSDAQ,SPAC(소속부없음),2010,3,0,0.0,2015,2015,1983,1325,2656685,12727320000,6332000,KSQ
1730,471050,KR7471050005,대신밸런스제17호스팩,KOSDAQ,관리종목(소속부없음),2095,3,0,0.0,2100,2100,2095,22482,47100055,12695700000,6060000,KSQ
1731,478390,KR7478390008,KB제29호스팩,KOSDAQ,SPAC(소속부없음),2040,3,0,0.0,2035,2040,2035,513,1043980,12688800000,6220000,KSQ
1732,054180,KR7054180005,메디콕스,KOSDAQ,관리종목(소속부없음),2295,0,0,0.0,0,0,0,0,0,12686716395,5527981,KSQ
1733,0037T0,KR70037T0008,KB제32호스팩,KOSDAQ,SPAC(소속부없음),1977,3,0,0.0,1998,1998,1975,517,1022133,12514410000,6330000,KSQ
1734,492220,KR7492220009,KB제31호스팩,KOSDAQ,SPAC(소속부없음),2010,1,15,0.75,2010,2010,2010,2,4020,12482100000,6210000,KSQ
1735,0054V0,KR70054V0002,엔에이치스팩32호,KOSDAQ,SPAC(소속부없음),2005,2,-5,-0.25,2005,2005,2005,1495,2997475,12464082500,6216500,KSQ
1736,285800,KR7285800009,진영,KOSDAQ,벤처기업부,712,1,3,0.42,709,746,701,147326,104456589,12443816240,17477270,KSQ
1737,482520,KR7482520004,교보16호스팩,KOSDAQ,SPAC(소속부없음),2035,3,0,0.0,2035,2035,2035,3,6105,12413500000,6100000,KSQ
1738,0131D0,KR70131D0001,키움히어로제2호스팩,KOSDAQ,SPAC(소속부없음),1967,1,7,0.36,1958,1970,1958,2730,5365625,12411770000,6310000,KSQ
1739,247660,KR7247660004,나노씨엠에스,KOSDAQ,기술성장기업부,2855,1,210,7.94,2645,3030,2625,58639,167495905,12401891600,4343920,KSQ
1740,101000,KR7101000008,KS인더스트리,KOSDAQ,중견기업부,311,0,0,0.0,0,0,0,0,0,12328645828,39641948,KSQ
1741,065570,KR7065570004,삼영이엔씨,KOSDAQ,관리종목(소속부없음),764,0,0,0.0,0,0,0,0,0,12295692232,16093838,KSQ
1742,291810,KR7291810000,핀텔,KOSDAQ,관리종목(소속부없음),1073,2,-111,-9.38,1141,1141,1042,223465,245448795,12198627976,11368712,KSQ
1743,0091W0,KR70091W0006,신영스팩11호,KOSDAQ,SPAC(소속부없음),2010,2,-5,-0.25,2015,2015,2010,293,588940,12196680000,6068000,KSQ
1744,0088D0,KR70088D0004,메리츠제1호스팩,KOSDAQ,SPAC(소속부없음),2090,1,5,0.24,2080,2100,2080,6021,12562990,12111550000,5795000,KSQ
1745,0041L0,KR70041L0000,하나35호스팩,KOSDAQ,SPAC(소속부없음),1999,1,6,0.3,2000,2000,1984,72,143682,12053970000,6030000,KSQ
1746,477760,KR7477760003,DB금융스팩12호,KOSDAQ,SPAC(소속부없음),2050,1,5,0.24,2045,2050,2040,28,57170,11972000000,5840000,KSQ
1747,0132G0,KR70132G0007,교보20호스팩,KOSDAQ,SPAC(소속부없음),1987,2,-1,-0.05,1988,1988,1985,20,39748,11862390000,5970000,KSQ
1748,028080,KR7028080000,휴맥스홀딩스,KOSDAQ,관리종목(소속부없음),4640,2,-90,-1.9,4495,4725,4440,4062,18704386,11740805440,2530346,KSQ
1749,482690,KR7482690005,대신밸런스제19호스팩,KOSDAQ,SPAC(소속부없음),2085,1,5,0.24,2075,2090,2075,9200,19147185,11707275000,5615000,KSQ
1750,469900,KR7469900005,하나31호스팩,KOSDAQ,SPAC(소속부없음),2060,2,-15,-0.72,2075,2075,2060,1521,3148395,11546300000,5605000,KSQ
1751,289010,KR7289010001,아이스크림에듀,KOSDAQ,중견기업부,825,1,19,2.36,806,837,806,67421,55202809,11504836200,13945256,KSQ
1752,025870,KR7025870007,신라에스지,KOSDAQ,관리종목(소속부없음),2875,1,520,22.08,2260,3050,2260,114992,317035645,11500000000,4000000,KSQ
1753,0071M0,KR70071M0002,삼성스팩11호,KOSDAQ,SPAC(소속부없음),1987,3,0,0.0,1975,1987,1970,2093,4129623,11445120000,5760000,KSQ
1754,487360,KR7487360000,신한제14호스팩,KOSDAQ,SPAC(소속부없음),2015,1,5,0.25,2000,2015,2000,601,1202015,11364600000,5640000,KSQ
1755,474660,KR7474660008,신한제12호스팩,KOSDAQ,SPAC(소속부없음),2055,2,-5,-0.24,2055,2060,2055,17852,36685930,11343600000,5520000,KSQ
1756,0105P0,KR70105P0009,유진스팩12호,KOSDAQ,SPAC(소속부없음),1999,1,14,0.71,2000,2000,1999,103,205995,11314340000,5660000,KSQ
1757,002680,KR7002680007,한탑,KOSDAQ,중견기업부,1750,1,89,5.36,1735,1812,1663,65444,113814542,11310878250,6463359,KSQ
1758,474490,KR7474490000,유안타제16호스팩,KOSDAQ,SPAC(소속부없음),2050,2,-5,-0.24,2050,2055,2050,26015,53330825,11295500000,5510000,KSQ
1759,496070,KR7496070004,신한제16호스팩,KOSDAQ,SPAC(소속부없음),2005,1,21,1.06,1984,2005,1984,10,19882,11268100000,5620000,KSQ
1760,477470,KR7477470009,미래에셋비전스팩5호,KOSDAQ,SPAC(소속부없음),2055,3,0,0.0,2055,2055,2045,3030,6202475,11261400000,5480000,KSQ
1761,079190,KR7079190005,케스피온,KOSDAQ,벤처기업부,1172,4,270,29.93,902,1172,902,400875,452233242,11238165016,9588878,KSQ
1762,0129K0,KR70129K0006,신한제18호스팩,KOSDAQ,SPAC(소속부없음),1969,3,0,0.0,1957,1969,1957,777,1524777,11065780000,5620000,KSQ
1763,0096D0,KR70096D0004,미래에셋비전스팩9호,KOSDAQ,SPAC(소속부없음),1982,1,7,0.35,1975,1999,1975,635,1265695,10901000000,5500000,KSQ
1764,060480,KR7060480001,국일신동,KOSDAQ,중견기업부,980,1,16,1.66,964,1046,930,72090,69727301,10868200000,11090000,KSQ
1765,900100,USU652221081,파이온엑스,KOSDAQ,외국기업(소속부없음),2035,2,-145,-6.65,2180,2260,2030,43340,92242163,10736761750,5276050,KSQ
1766,900270,HK0000214814,헝셩그룹,KOSDAQ,외국기업(소속부없음),420,0,0,0.0,0,0,0,0,0,10735805220,25561441,KSQ
1767,486630,KR7486630007,KB제30호스팩,KOSDAQ,SPAC(소속부없음),2020,3,0,0.0,2025,2025,2020,517,1044415,10726200000,5310000,KSQ
1768,0098T0,KR70098T0004,교보19호스팩,KOSDAQ,SPAC(소속부없음),1983,3,0,0.0,1983,1983,1983,125,247875,10708200000,5400000,KSQ
1769,389680,KR7389680000,유디엠텍,KOSDAQ,기술성장기업부,1283,2,-57,-4.25,1340,1340,1245,93234,119430471,10675449119,8320693,KSQ
1770,493790,KR7493790000,유안타제17호스팩,KOSDAQ,SPAC(소속부없음),2010,3,0,0.0,2010,2010,2000,482,965905,10673100000,5310000,KSQ
1771,0004Y0,KR70004Y0000,디비금융제14호스팩,KOSDAQ,SPAC(소속부없음),1995,3,0,0.0,1995,1995,1995,13,25935,10603425000,5315000,KSQ
1772,0130D0,KR70130D0002,신한제17호스팩,KOSDAQ,SPAC(소속부없음),1984,1,10,0.51,1974,1984,1964,68,134658,10594560000,5340000,KSQ
1773,308100,KR7308100007,형지글로벌,KOSDAQ,중견기업부,407,1,38,10.3,389,412,369,383448,147971814,10508739186,25819998,KSQ
1774,043100,KR7043100007,알파AI,KOSDAQ,관리종목(소속부없음),520,0,0,0.0,0,0,0,0,0,10457241600,20110080,KSQ
1775,489210,KR7489210005,교보17호스팩,KOSDAQ,SPAC(소속부없음),2010,3,0,0.0,1995,2010,1995,156,311985,10411800000,5180000,KSQ
1776,900120,KYG2114A1094,씨엑스아이,KOSDAQ,외국기업(소속부없음),915,1,46,5.29,869,919,869,38052,34128586,10220238900,11169660,KSQ
1777,478110,KR7478110000,이베스트스팩6호,KOSDAQ,SPAC(소속부없음),2030,1,5,0.25,2025,2030,2025,1655,3357800,10190600000,5020000,KSQ
1778,466690,KR7466690005,키움히어로제1호스팩,KOSDAQ,SPAC(소속부없음),1999,1,4,0.2,1984,1999,1984,6,11919,10184905000,5095000,KSQ
1779,050090,KR7050090000,비케이홀딩스,KOSDAQ,투자주의환기종목(소속부없음),430,4,99,29.91,331,430,331,889536,370954236,10119936050,23534735,KSQ
1780,498390,KR7498390004,한화플러스제5호스팩,KOSDAQ,SPAC(소속부없음),2035,0,0,0.0,0,0,0,0,0,10093600000,4960000,KSQ
1781,0041B0,KR70041B0002,교보18호스팩,KOSDAQ,SPAC(소속부없음),2000,3,0,0.0,2000,2000,2000,72,144000,10080000000,5040000,KSQ
1782,250930,KR7250930005,예선테크,KOSDAQ,관리종목(소속부없음),1527,2,-82,-5.1,1510,1599,1491,9101,13973969,10078334376,6600088,KSQ
1783,225430,KR7225430008,케이엠제약,KOSDAQ,관리종목(소속부없음),1794,2,-6,-0.33,1741,1895,1741,56950,101603005,10005873540,5577410,KSQ
1784,472220,KR7472220003,신영스팩10호,KOSDAQ,관리종목(소속부없음),2090,3,0,0.0,2085,2090,2085,18988,39659920,9802100000,4690000,KSQ
1785,084180,KR7084180009,수성웹툰,KOSDAQ,관리종목(소속부없음),539,1,27,5.27,491,574,490,62011,33491024,9742038537,18074283,KSQ
1786,488060,KR7488060005,유진스팩11호,KOSDAQ,SPAC(소속부없음),2030,1,5,0.25,2025,2030,2025,2,4055,9581600000,4720000,KSQ
1787,106080,KR7106080005,케이이엠텍,KOSDAQ,관리종목(소속부없음),1650,0,0,0.0,0,0,0,0,0,9506998050,5761817,KSQ
1788,092600,KR7092600006,앤씨앤,KOSDAQ,관리종목(소속부없음),1834,1,93,5.34,1741,1998,1674,147393,271841501,9200633302,5016703,KSQ
1789,484130,KR7484130000,하나34호스팩,KOSDAQ,SPAC(소속부없음),2025,1,5,0.25,2025,2025,2025,8,16200,9153000000,4520000,KSQ
1790,469480,KR7469480008,IBKS제24호스팩,KOSDAQ,SPAC(소속부없음),2130,0,0,0.0,0,0,0,0,0,9009900000,4230000,KSQ
1791,473950,KR7473950004,에스케이증권제13호스팩,KOSDAQ,SPAC(소속부없음),2030,3,0,0.0,2025,2030,2020,15777,31952410,8972600000,4420000,KSQ
1792,468760,KR7468760004,유진스팩10호,KOSDAQ,SPAC(소속부없음),2080,0,0,0.0,0,0,0,0,0,8819200000,4240000,KSQ
1793,487830,KR7487830002,신한제15호스팩,KOSDAQ,SPAC(소속부없음),2005,2,-5,-0.25,2010,2010,2005,10438,20928350,8721750000,4350000,KSQ
1794,472230,KR7472230002,에스케이증권제11호스팩,KOSDAQ,SPAC(소속부없음),2080,3,0,0.0,2080,2085,2080,12784,26590810,8642400000,4155000,KSQ
1795,008290,KR7008290009,원풍물산,KOSDAQ,관리종목(소속부없음),422,1,52,14.05,359,459,330,1798324,725240025,8586366058,20346839,KSQ
1796,487720,KR7487720005,키움제10호스팩,KOSDAQ,SPAC(소속부없음),2020,1,5,0.25,2015,2020,2015,1489,3000340,8544600000,4230000,KSQ
1797,199730,KR7199730003,바이오인프라,KOSDAQ,관리종목(소속부없음),1751,2,-49,-2.72,1800,1979,1734,93160,170619798,8517506617,4864367,KSQ
1798,0068Y0,KR70068Y0003,비엔케이제3호스팩,KOSDAQ,SPAC(소속부없음),1976,0,0,0.0,0,0,0,0,0,8516560000,4310000,KSQ
1799,03481K,KR703481K019,해성산업1우,KOSDAQ,중견기업부,6050,1,70,1.17,5970,6070,5930,1519,9155760,8333590650,1377453,KSQ
1800,0041J0,KR70041J0004,엘에스스팩1호,KOSDAQ,SPAC(소속부없음),1983,2,-2,-0.1,1983,1992,1983,17,33796,8150130000,4110000,KSQ
1801,087260,KR7087260006,모바일어플라이언스,KOSDAQ,벤처기업부,247,0,0,0.0,0,0,0,0,0,8040556667,32552861,KSQ
1802,465320,KR7465320000,교보15호스팩,KOSDAQ,관리종목(소속부없음),2095,2,-5,-0.24,2100,2105,2095,562648,1181127530,7981950000,3810000,KSQ
1803,079970,KR7079970000,투비소프트,KOSDAQ,관리종목(소속부없음),596,0,0,0.0,0,0,0,0,0,7646223464,12829234,KSQ
1804,312610,KR7312610009,에이에프더블류,KOSDAQ,관리종목(소속부없음),376,1,24,6.82,336,379,336,15576,5724370,7616589888,20256888,KSQ
1805,475250,KR7475250007,하나33호스팩,KOSDAQ,SPAC(소속부없음),2055,0,0,0.0,0,0,0,0,0,7603500000,3700000,KSQ
1806,474930,KR7474930005,신한제13호스팩,KOSDAQ,SPAC(소속부없음),2070,2,-10,-0.48,2110,2110,2070,2010,4160895,7493400000,3620000,KSQ
1807,065420,KR7065420002,에스아이리소스,KOSDAQ,중견기업부,94,0,0,0.0,0,0,0,0,0,7283384140,77482810,KSQ
1808,276040,KR7276040003,스코넥,KOSDAQ,관리종목(소속부없음),327,0,0,0.0,0,0,0,0,0,7073119545,21630335,KSQ
1809,011080,KR7011080009,형지I&C,KOSDAQ,중견기업부,989,1,14,1.44,1000,1018,951,140787,138201022,7018203118,7096262,KSQ
1810,473000,KR7473000008,에스케이증권제12호스팩,KOSDAQ,SPAC(소속부없음),2050,0,0,0.0,0,0,0,0,0,6785500000,3310000,KSQ
1811,121850,KR7121850002,코이즈,KOSDAQ,관리종목(소속부없음),1339,1,59,4.61,1399,1400,1281,17589,23674797,6771321661,5056999,KSQ
1812,475240,KR7475240008,하나32호스팩,KOSDAQ,SPAC(소속부없음),2090,0,0,0.0,0,0,0,0,0,6656000000,3200000,KSQ
1813,035290,KR7035290006,골드앤에스,KOSDAQ,관리종목(소속부없음),1365,3,0,0.0,1354,1365,1308,5453,7398716,6507839520,4767648,KSQ
1814,044180,KR7044180008,KD,KOSDAQ,관리종목(소속부없음),205,0,0,0.0,0,0,0,0,0,5477148795,26717799,KSQ
1815,313760,KR7313760001,캐리,KOSDAQ,관리종목(소속부없음),468,0,0,0.0,0,0,0,0,0,5244963048,11207186,KSQ
1816,052770,KR7052770005,아이톡시,KOSDAQ,관리종목(소속부없음),312,0,0,0.0,0,0,0,0,0,4545457488,14568774,KSQ
1817,021045,KR7021041009,대호특수강우,KOSDAQ,중견기업부,2360,1,20,0.85,2365,2365,2360,175,413165,2002441120,848492,KSQ
1818,043090,KR7043090000,더테크놀로지,KOSDAQ,투자주의환기종목(소속부없음),305,1,30,10.91,317,317,281,336239,100070751,1262524625,4139425,KSQ
1819,032685,KR7032681009,소프트센우,KOSDAQ,중견기업부,10710,1,110,1.04,11550,11550,10260,7564,82266250,764287020,71362,KSQ
