,Code,ISU_CD,Name,Market,Dept,Close,ChangeCode,Changes,ChagesRatio,Open,High,Low,Volume,Amount,Marcap,Stocks,MarketId
0,196170,KR7196170005,알테오젠,KOSDAQ GLOBAL,우량기업부,311000,2,-500,-0.16,306000,317500,303500,323514,100546862000,21662746363000,69655133,KSQ
1,086520,KR7086520004,에코프로,KOSDAQ GLOBAL,중견기업부,91900,1,4900,5.63,86600,92200,85900,1035992,93244771650,12477828368800,135776152,KSQ
2,247540,KR7247540008,에코프로비엠,KOSDAQ GLOBAL,중견기업부,117800,1,6300,5.65,111000,118300,110900,461438,53241467600,11524425125200,97830434,KSQ
3,277810,KR7277810008,레인보우로보틱스,KOSDAQ,기술성장기업부,466000,1,15500,3.44,452500,468500,448500,82738,38060513000,9040333828000,19399858,KSQ
4,036930,KR7036930006,주성엔지니어링,KOSDAQ GLOBAL,우량기업부,177200,1,3800,2.19,176500,180000,171500,720767,127208166500,8236454641200,46481121,KSQ
5,240810,KR7240810002,원익IPS,KOSDAQ GLOBAL,우량기업부,111300,1,2000,1.83,111700,113500,108400,464038,51446023250,5463038181300,49083901,KSQ
6,058470,KR7058470006,리노공업,KOSDAQ GLOBAL,우량기업부,66300,2,-100,-0.15,67700,68400,65650,290034,19290517300,5052845655000,76211850,KSQ
7,039030,KR7039030002,이오테크닉스,KOSDAQ,우량기업부,403500,1,3000,0.75,407500,418500,399000,56125,22693011000,4970938425000,12319550,KSQ
8,222800,KR7222800005,심텍,KOSDAQ GLOBAL,중견기업부,126400,1,13700,12.16,121800,128950,116800,1582894,196788379300,4799942419200,37974228,KSQ
9,028300,KR7028300002,HLB,KOSDAQ,중견기업부,35550,2,-950,-2.6,36250,37150,35250,540012,19373049175,4735196827650,133198223,KSQ
10,214450,KR7214450009,파마리서치,KOSDAQ GLOBAL,우량기업부,434000,2,-8000,-1.81,440500,447000,431500,72489,31728604750,4509107232000,10389648,KSQ
11,087010,KR7087010005,펩트론,KOSDAQ,기술성장기업부,187100,1,2100,1.14,180200,189800,180200,68113,12615743000,4362676185000,23317350,KSQ
12,298380,KR7298380007,에이비엘바이오,KOSDAQ GLOBAL,기술성장기업부,75400,1,800,1.07,73500,77200,73500,199714,15080251600,4221454710200,55987463,KSQ
13,403870,KR7403870009,HPSP,KOSDAQ GLOBAL,우량기업부,50400,1,1900,3.92,49800,51000,48050,2641654,131290062550,4147920000000,82300000,KSQ
14,000250,KR7000250001,삼천당제약,KOSDAQ,중견기업부,172000,1,900,0.53,170100,173200,168800,61648,10569478800,4034685184000,23457472,KSQ
15,319660,KR7319660007,피에스케이,KOSDAQ,우량기업부,132100,1,2600,2.01,133600,135300,128900,122924,16160248250,3826502919400,28966714,KSQ
16,108490,KR7108490004,로보티즈,KOSDAQ,기술성장기업부,251500,1,1000,0.4,250500,256000,246500,104192,26170288000,3687248542000,14661028,KSQ
17,141080,KR7141080002,리가켐바이오,KOSDAQ GLOBAL,기술성장기업부,99400,1,1100,1.12,97400,100900,96900,167233,16591173650,3679730149200,37019418,KSQ
18,095340,KR7095340006,ISC,KOSDAQ,우량기업부,170700,1,5900,3.58,168400,172600,162700,77310,13127878250,3618337800600,21197058,KSQ
19,440110,KR7440110005,파두,KOSDAQ,기술성장기업부,63700,1,1100,1.76,64400,64800,62600,225773,14371170850,3192072419900,50111027,KSQ
20,257720,KR7257720003,실리콘투,KOSDAQ,우량기업부,48500,2,-3300,-6.37,48250,49600,46700,7687809,369936567750,3180448222000,65576252,KSQ
21,084370,KR7084370006,유진테크,KOSDAQ,우량기업부,137200,1,3100,2.31,136300,139100,133100,49937,6791500650,3144080962400,22916042,KSQ
22,310210,KR7310210000,보로노이,KOSDAQ,기술성장기업부,167800,1,2000,1.21,164000,172000,163500,32617,5490742300,3094751005400,18443093,KSQ
23,145020,KR7145020004,휴젤,KOSDAQ,우량기업부,246000,2,-4500,-1.8,247500,252000,245500,16340,4057373250,3078732558000,12515173,KSQ
24,214370,KR7214370009,케어젠,KOSDAQ,벤처기업부,53100,1,100,0.19,52400,53800,51500,45291,2374826850,2852266500000,53715000,KSQ
25,095610,KR7095610002,테스,KOSDAQ GLOBAL,우량기업부,144500,1,6400,4.63,142600,145300,138400,230700,32930953900,2797520000000,19360000,KSQ
26,131290,KR7131290009,티에스이,KOSDAQ,우량기업부,251500,3,0,0.0,255500,259500,238500,74325,18311637750,2781949393500,11061429,KSQ
27,031980,KR7031980006,피에스케이홀딩스,KOSDAQ,우량기업부,125950,1,6750,5.66,121300,126800,118500,116469,14354175300,2715783650250,21562395,KSQ
28,064760,KR7064760002,티씨케이,KOSDAQ GLOBAL,우량기업부,240000,1,1500,0.63,241500,248000,235500,34360,8290354250,2683059840000,11179416,KSQ
29,319400,KR7319400008,현대무벡스,KOSDAQ,우량기업부,24050,1,650,2.78,23250,24250,22950,654682,15453974925,2678593737950,111376039,KSQ
30,080220,KR7080220007,제주반도체,KOSDAQ,우량기업부,76900,1,800,1.05,78800,78800,75100,814311,62719441000,2648653857700,34442833,KSQ
31,357780,KR7357780006,솔브레인,KOSDAQ GLOBAL,우량기업부,340000,1,10000,3.03,333500,342500,332000,19536,6605254500,2644712440000,7778566,KSQ
32,178320,KR7178320008,서진시스템,KOSDAQ,중견기업부,40650,1,3450,9.27,37750,41450,37600,2488843,100939451325,2587402459050,63650737,KSQ
33,347850,KR7347850000,디앤디파마텍,KOSDAQ,기술성장기업부,55900,2,-400,-0.71,55500,57900,55400,565844,31981039300,2562322343100,45837609,KSQ
34,067310,KR7067310003,하나마이크론,KOSDAQ,중견기업부,37700,1,850,2.31,37450,37950,36500,968595,36185417300,2506705761300,66490869,KSQ
35,237690,KR7237690003,에스티팜,KOSDAQ GLOBAL,우량기업부,110500,1,500,0.45,108600,112200,108200,127857,14151857200,2306868499000,20876638,KSQ
36,010170,KR7010170009,대한광통신,KOSDAQ,중견기업부,14830,1,1330,9.85,14090,15110,14000,25657524,376752206170,2305852337800,155485660,KSQ
37,226950,KR7226950004,올릭스,KOSDAQ GLOBAL,기술성장기업부,105000,1,5700,5.74,99100,107000,98000,203637,21187764700,2211599250000,21062850,KSQ
38,005290,KR7005290002,동진쎄미켐,KOSDAQ,우량기업부,42750,1,400,0.94,43350,43650,41900,201702,8604977325,2178972886500,50970126,KSQ
39,032820,KR7032820003,우리기술,KOSDAQ,벤처기업부,12210,2,-130,-1.05,12120,12330,11900,2198242,26629285190,2109700112520,172784612,KSQ
40,214150,KR7214150005,클래시스,KOSDAQ GLOBAL,우량기업부,32200,1,350,1.1,31700,32650,31550,556041,17865272650,2100588219800,65235659,KSQ
41,058610,KR7058610007,에스피지,KOSDAQ,우량기업부,93300,2,-800,-0.85,94100,94800,91400,293256,27386680300,2069147688000,22177360,KSQ
42,140410,KR7140410002,메지온,KOSDAQ,투자주의환기종목(소속부없음),65600,2,-700,-1.06,66300,67100,65000,45399,2985883250,2008781814400,30621674,KSQ
43,263750,KR7263750002,펄어비스,KOSDAQ,우량기업부,31500,2,-950,-2.93,32550,32800,31450,282119,9034284375,1979583165000,62843910,KSQ
44,098460,KR7098460009,고영,KOSDAQ,우량기업부,28950,1,300,1.05,28850,29400,28300,422832,12203518175,1974511966350,68204213,KSQ
45,083650,KR7083650002,비에이치아이,KOSDAQ,우량기업부,63100,2,-1700,-2.62,63200,64800,62400,248309,15791277050,1952590062500,30944375,KSQ
46,140860,KR7140860008,파크시스템스,KOSDAQ GLOBAL,우량기업부,270000,1,500,0.19,270000,273000,267500,8495,2297377500,1890666630000,7002469,KSQ
47,068760,KR7068760008,셀트리온제약,KOSDAQ,우량기업부,42050,2,-500,-1.18,42200,42950,42000,66699,2819577025,1867118060600,44402332,KSQ
48,089030,KR7089030001,테크윙,KOSDAQ,중견기업부,49450,1,250,0.51,50400,50800,48450,303838,14998476750,1832302745250,37053645,KSQ
49,060370,KR7060370004,LS마린솔루션,KOSDAQ,우량기업부,34100,1,950,2.87,33450,34150,33250,88526,2991912425,1781344921400,52238854,KSQ
50,041510,KR7041510009,에스엠,KOSDAQ GLOBAL,우량기업부,74300,2,-2700,-3.51,76700,79300,74300,119438,9162115850,1701075467000,22894690,KSQ
51,007390,KR7007390008,네이처셀,KOSDAQ,중견기업부,26000,1,1550,6.34,23950,28000,23650,555664,14416763750,1675311456000,64435056,KSQ
52,096530,KR7096530001,씨젠,KOSDAQ GLOBAL,우량기업부,31850,2,-350,-1.09,31850,32350,31550,163923,5242518300,1663397908900,52225994,KSQ
53,0009K0,KR70009K0001,에임드바이오,KOSDAQ,기술성장기업부,25500,1,100,0.39,25250,25750,25100,53877,1369851200,1649114605500,64671161,KSQ
54,950160,KR8840120008,코오롱티슈진,KOSDAQ,외국기업(소속부없음),18780,2,-70,-0.37,18550,19500,18550,1373338,26080191925,1595739604800,84970160,KSQ
55,131970,KR7131970006,두산테스나,KOSDAQ GLOBAL,우량기업부,82000,1,2200,2.76,82700,83600,79400,142006,11608904900,1584833516000,19327238,KSQ
56,089970,KR7089970008,브이엠,KOSDAQ,우량기업부,59800,1,900,1.53,60400,61700,58600,247776,14797779450,1574340547000,26326765,KSQ
57,323280,KR7323280008,태성,KOSDAQ,중견기업부,50300,1,400,0.8,50400,51300,49150,117733,5902059600,1536060394000,30537980,KSQ
58,030530,KR7030530000,원익홀딩스,KOSDAQ,중견기업부,19780,1,540,2.81,19200,19900,18870,434950,8457613640,1527767264180,77237981,KSQ
59,241710,KR7241710003,코스메카코리아,KOSDAQ GLOBAL,우량기업부,138900,1,200,0.14,137200,142000,135500,76600,10620823500,1483452000000,10680000,KSQ
60,078600,KR7078600004,대주전자재료,KOSDAQ,우량기업부,92200,1,6100,7.08,86500,93300,85800,193593,17574040050,1447921523600,15704138,KSQ
61,475830,KR7475830006,오름테라퓨틱,KOSDAQ,기술성장기업부,66200,2,-2000,-2.93,67100,68900,65500,64503,4318682150,1437836858000,21719590,KSQ
62,035900,KR7035900000,JYP Ent.,KOSDAQ GLOBAL,우량기업부,39550,2,-500,-1.25,40100,40800,39550,245429,9828107525,1405310058600,35532492,KSQ
63,420770,KR7420770000,기가비스,KOSDAQ,우량기업부,108300,1,3800,3.64,105600,109200,103500,51123,5461468850,1372784591400,12675758,KSQ
64,290650,KR7290650001,엘앤씨바이오,KOSDAQ,우량기업부,50300,2,-400,-0.79,50300,51300,49850,116438,5847953775,1356576111200,26969704,KSQ
65,039200,KR7039200001,오스코텍,KOSDAQ,벤처기업부,34900,2,-1000,-2.79,35500,35650,33900,246941,8560773275,1335210342400,38258176,KSQ
66,082920,KR7082920000,비츠로셀,KOSDAQ GLOBAL,우량기업부,29300,2,-2850,-8.86,31400,31500,29250,607482,18279931300,1322586676100,45139477,KSQ
67,183300,KR7183300003,코미코,KOSDAQ,우량기업부,25450,3,0,0.0,26200,26450,24900,244625,6243750650,1307195348750,51363275,KSQ
68,218410,KR7218410009,RFHIC,KOSDAQ,우량기업부,48750,1,1250,2.63,48300,49550,47000,175640,8449246650,1295552797500,26575442,KSQ
69,127120,KR7127120004,제이에스링크,KOSDAQ,벤처기업부,34050,1,550,1.64,33850,34900,33100,124512,4215602975,1247441056350,36635567,KSQ
70,195940,KR7195940002,HK이노엔,KOSDAQ GLOBAL,우량기업부,42900,2,-750,-1.72,43350,43950,42750,92703,4008165750,1215352323900,28329891,KSQ
71,043260,KR7043260009,성호전자,KOSDAQ,우량기업부,16520,2,-430,-2.54,17180,17350,16320,976748,16400533630,1213122279040,73433552,KSQ
72,204270,KR7204270003,제이앤티씨,KOSDAQ,중견기업부,20850,1,300,1.46,20950,21350,20100,495401,10253027800,1206140516100,57848466,KSQ
73,003380,KR7003380003,하림지주,KOSDAQ GLOBAL,우량기업부,10650,2,-300,-2.74,10880,10950,10550,515250,5508954315,1192859863650,112005621,KSQ
74,347700,KR7347700007,스피어,KOSDAQ,기술성장기업부,23100,1,100,0.43,23800,23900,22750,355753,8281101075,1190836462200,51551362,KSQ
75,232140,KR7232140004,와이씨,KOSDAQ,우량기업부,13240,1,1020,8.35,12410,14760,11870,7334196,99733314940,1086280434000,82045350,KSQ
76,166090,KR7166090001,하나머티리얼즈,KOSDAQ,우량기업부,53400,1,500,0.95,53700,54800,52400,61831,3307961450,1056127791600,19777674,KSQ
77,437730,KR7437730005,삼현,KOSDAQ,기술성장기업부,32800,2,-50,-0.15,32850,33300,32100,82522,2706610800,1040008197600,31707567,KSQ
78,356860,KR7356860007,티엘비,KOSDAQ,우량기업부,41400,1,2250,5.75,42000,42400,39900,838513,34430517550,981232164000,23701260,KSQ
79,445680,KR7445680002,큐리옥스바이오시스템즈,KOSDAQ,기술성장기업부,55000,1,300,0.55,54200,56900,53100,78688,4300920150,946631785000,17211487,KSQ
80,036540,KR7036540003,SFA반도체,KOSDAQ,중견기업부,5750,1,70,1.23,5750,5910,5640,793738,4538610760,945646742250,164460303,KSQ
81,036830,KR7036830008,솔브레인홀딩스,KOSDAQ GLOBAL,우량기업부,44200,1,1850,4.37,43000,44850,41700,58528,2546320775,906275960200,20503981,KSQ
82,101490,KR7101490001,에스앤에스텍,KOSDAQ GLOBAL,우량기업부,42100,1,50,0.12,42900,43450,41800,108203,4574113300,898198405900,21334879,KSQ
83,476830,KR7476830005,알지노믹스,KOSDAQ,기술성장기업부,31475,2,-25,-0.08,30850,32750,30550,269321,8535007725,883044848100,28055436,KSQ
84,124500,KR7124500000,아이티센글로벌,KOSDAQ,우량기업부,37850,2,-1900,-4.78,38300,39150,37550,347550,13313840375,878291346950,23204527,KSQ
85,293490,KR7293490009,카카오게임즈,KOSDAQ GLOBAL,중견기업부,8210,2,-190,-2.26,8410,8530,8140,326610,2708244595,876378625650,106745265,KSQ
86,056190,KR7056190002,SFA,KOSDAQ GLOBAL,우량기업부,24150,1,100,0.42,24200,24450,23800,73181,1767963500,867196554000,35908760,KSQ
87,950260,KR8840280000,인제니아테라퓨틱스(Reg.S),KOSDAQ,기술성장기업부,17390,1,50,0.29,16840,18390,16570,6574376,115250814875,859841715730,49444607,KSQ
88,100790,KR7100790005,미래에셋벤처투자,KOSDAQ,우량기업부,16130,1,690,4.47,15450,16570,15360,756459,12185882920,856834923140,53120578,KSQ
89,065350,KR7065350001,신성델타테크,KOSDAQ,우량기업부,30800,1,50,0.16,30500,31400,30250,116342,3591169875,846505598400,27483948,KSQ
90,458870,KR7458870003,씨어스,KOSDAQ,기술성장기업부,22050,1,1000,4.75,21500,22300,21050,158755,3468285325,845515232100,38345362,KSQ
91,491000,KR7491000006,리브스메드,KOSDAQ,기술성장기업부,33450,2,-1300,-3.74,34750,35100,33300,115187,3911633700,844788814950,25255271,KSQ
92,038500,KR7038500005,삼표시멘트,KOSDAQ GLOBAL,우량기업부,7820,1,90,1.16,7720,7900,7670,195861,1530305465,843905512920,107916306,KSQ
93,086450,KR7086450004,동국제약,KOSDAQ GLOBAL,우량기업부,18630,2,-570,-2.97,19110,19300,18570,300165,5637150385,842642724600,45230420,KSQ
94,119850,KR7119850006,지엔씨에너지,KOSDAQ,우량기업부,50100,2,-1500,-2.91,52000,52400,49200,333713,16930369400,824090340900,16448909,KSQ
95,083450,KR7083450007,GST,KOSDAQ,우량기업부,44700,2,-100,-0.22,46100,46100,44000,81345,3644933100,823821000000,18430000,KSQ
96,252990,KR7252990007,샘씨엔에스,KOSDAQ,우량기업부,13520,1,670,5.21,13150,13710,12840,160467,2144707990,814145859280,60217889,KSQ
97,099320,KR7099320004,쎄트렉아이,KOSDAQ,우량기업부,73900,1,2000,2.78,71600,74300,71600,31166,2285998050,809299444200,10951278,KSQ
98,041830,KR7041830001,인바디,KOSDAQ,우량기업부,60000,2,-300,-0.5,63000,63400,59600,53195,3244832450,808852920000,13480882,KSQ
99,388720,KR7388720005,유일로보틱스,KOSDAQ,벤처기업부,68500,1,1500,2.24,66600,69000,66600,13316,904467850,807022132500,11781345,KSQ
100,031330,KR7031330004,에스에이엠티,KOSDAQ,우량기업부,8030,2,-110,-1.35,8270,8380,8010,312496,2552183525,802960388010,99995067,KSQ
101,014620,KR7014620009,성광벤드,KOSDAQ GLOBAL,우량기업부,30200,1,450,1.51,29050,30350,28500,218065,6493367800,802032392800,26557364,KSQ
102,213420,KR7213420003,덕산네오룩스,KOSDAQ,우량기업부,32200,1,250,0.78,32150,32600,31400,89696,2862501375,799563963800,24831179,KSQ
103,033100,KR7033100009,제룡전기,KOSDAQ GLOBAL,우량기업부,49600,1,1750,3.66,49550,50300,48100,238301,11751445650,796695486400,16062409,KSQ
104,281740,KR7281740001,레이크머티리얼즈,KOSDAQ,우량기업부,12120,1,390,3.32,11700,12300,11640,360578,4349212080,796654241760,65730548,KSQ
105,115180,KR7115180002,큐리언트,KOSDAQ,벤처기업부,21150,2,-4500,-17.54,25350,25450,20450,370836,8493213750,793847293650,37534151,KSQ
106,417200,KR7417200003,LS머트리얼즈,KOSDAQ,중견기업부,11690,1,480,4.28,11250,11820,11250,383387,4441249410,790859583710,67652659,KSQ
107,090710,KR7090710005,휴림로봇,KOSDAQ,중견기업부,6570,1,70,1.08,6500,6640,6380,546949,3568770655,785502820530,119559029,KSQ
108,090360,KR7090360009,로보스타,KOSDAQ,중견기업부,80000,1,1400,1.78,78800,80400,77700,59458,4703314300,780000000000,9750000,KSQ
109,032190,KR7032190001,다우데이타,KOSDAQ,우량기업부,19980,2,-20,-0.1,20000,20300,19920,31014,622088955,765234000000,38300000,KSQ
110,085660,KR7085660009,차바이오텍,KOSDAQ,중견기업부,8120,2,-140,-1.69,8190,8320,8070,192713,1575412500,754939509520,92972846,KSQ
111,122870,KR7122870009,와이지엔터테인먼트,KOSDAQ GLOBAL,우량기업부,39550,2,-1050,-2.59,40400,41450,39550,82974,3356542850,739230987950,18691049,KSQ
112,225570,KR7225570001,넥슨게임즈,KOSDAQ,중견기업부,10990,1,100,0.92,10890,11470,10850,310728,3483077540,723803312260,65860174,KSQ
113,388210,KR7388210007,씨엠티엑스,KOSDAQ,벤처기업부,74800,1,1600,2.19,74900,75500,72900,21588,1597702950,722151962400,9654438,KSQ
114,137400,KR7137400008,피엔티,KOSDAQ GLOBAL,우량기업부,30200,1,700,2.37,29550,30600,29350,148237,4460847000,715459985600,23690728,KSQ
115,035760,KR7035760008,CJ ENM,KOSDAQ GLOBAL,중견기업부,32550,2,-900,-2.69,33350,33800,32450,44334,1464085025,713793962700,21929154,KSQ
116,006730,KR7006730006,서부T&D,KOSDAQ GLOBAL,우량기업부,10960,2,-170,-1.53,11010,11300,10800,190069,2081500715,704475076080,64276923,KSQ
117,189300,KR7189300007,인텔리안테크,KOSDAQ,우량기업부,65200,1,900,1.4,64300,66300,63700,43967,2876143400,700084804400,10737497,KSQ
118,074600,KR7074600008,원익QnC,KOSDAQ,우량기업부,26550,2,-150,-0.56,27150,27550,26400,156299,4171072550,697946400000,26288000,KSQ
119,251970,KR7251970000,펌텍코리아,KOSDAQ GLOBAL,우량기업부,56100,2,-3000,-5.08,57700,58400,55600,111144,6283764150,695640000000,12400000,KSQ
120,093320,KR7093320000,케이아이엔엑스,KOSDAQ,우량기업부,141900,2,-1600,-1.11,143600,144400,138800,5602,791674500,692472000000,4880000,KSQ
121,456160,KR7456160001,지투지바이오,KOSDAQ,기술성장기업부,41350,2,-400,-0.96,40600,42000,40000,100745,4141062750,687626765100,16629426,KSQ
122,094170,KR7094170008,동운아나텍,KOSDAQ,우량기업부,32800,1,50,0.15,32900,33550,32550,46601,1536874550,685845900800,20909936,KSQ
123,041960,KR7041960006,코미팜,KOSDAQ,벤처기업부,9200,2,-100,-1.08,9350,9650,9190,125051,1179722070,679755754000,73886495,KSQ
124,466100,KR7466100005,클로봇,KOSDAQ,기술성장기업부,26650,2,-450,-1.66,27050,27350,26400,192065,5145020750,678488719350,25459239,KSQ
125,171090,KR7171090004,선익시스템,KOSDAQ,우량기업부,66900,1,900,1.36,67000,67300,65100,21284,1411124100,677538179400,10127626,KSQ
126,328130,KR7328130000,루닛,KOSDAQ,기술성장기업부,9040,2,-130,-1.42,9180,9340,8990,279866,2540846365,673101947200,74458180,KSQ
127,327260,KR7327260006,RF머트리얼즈,KOSDAQ,벤처기업부,37300,1,600,1.63,37550,40350,35350,829835,30796180775,670983694700,17988839,KSQ
128,023160,KR7023160005,태광,KOSDAQ GLOBAL,우량기업부,25350,1,950,3.89,23750,25750,23300,290359,7280185050,655734584700,25867242,KSQ
129,059090,KR7059090001,미코,KOSDAQ,벤처기업부,19620,1,140,0.72,19570,19800,18910,175948,3426524550,655637184360,33416778,KSQ
130,161580,KR7161580006,필옵틱스,KOSDAQ,중견기업부,27900,1,400,1.45,27700,28300,27250,56139,1558019475,654038691300,23442247,KSQ
131,044490,KR7044490001,태웅,KOSDAQ,우량기업부,32600,2,-250,-0.76,32000,33350,31600,111869,3658496400,652240620600,20007381,KSQ
132,476060,KR7476060009,온코닉테라퓨틱스,KOSDAQ,기술성장기업부,14290,2,-170,-1.18,14380,14600,14190,107018,1535467155,648878033600,45407840,KSQ
133,253450,KR7253450001,스튜디오드래곤,KOSDAQ GLOBAL,우량기업부,21550,2,-350,-1.6,21750,22400,21450,40303,879179100,647760631900,30058498,KSQ
134,032500,KR7032500001,케이엠더블유,KOSDAQ,중견기업부,15280,1,840,5.82,14700,15290,14620,185084,2762584320,644689191280,42191701,KSQ
135,102710,KR7102710001,이엔에프테크놀로지,KOSDAQ,우량기업부,45100,2,-100,-0.22,45950,45950,45000,33587,1522485975,644381403600,14287836,KSQ
136,053800,KR7053800009,안랩,KOSDAQ,우량기업부,56800,2,-200,-0.35,57300,58400,56700,12361,708917600,631985540800,11126506,KSQ
137,222080,KR7222080004,SFA넥셀,KOSDAQ GLOBAL,우량기업부,8100,1,280,3.58,7820,8190,7810,551904,4438401365,630019166400,77780144,KSQ
138,048410,KR7048410005,현대바이오,KOSDAQ,중견기업부,6500,2,-80,-1.22,6500,6980,6330,1074667,7217271390,627286218000,96505572,KSQ
139,121600,KR7121600001,나노신소재,KOSDAQ,우량기업부,50800,1,2600,5.39,48450,50800,48350,44648,2221721000,622919302800,12262191,KSQ
140,079940,KR7079940003,가비아,KOSDAQ,우량기업부,45800,2,-250,-0.54,46050,46200,45450,11334,517428450,614667327200,13420684,KSQ
141,060250,KR7060250008,NHN KCP,KOSDAQ,우량기업부,15120,2,-180,-1.18,15180,15620,15000,309837,4738799985,607228438320,40160611,KSQ
142,122640,KR7122640006,예스티,KOSDAQ,벤처기업부,27850,1,50,0.18,28300,28300,27200,268298,7452751700,602989401250,21651325,KSQ
143,295310,KR7295310007,에이치브이엠,KOSDAQ,기술성장기업부,48850,1,1700,3.61,46700,49000,46600,51827,2479764400,599606394000,12274440,KSQ
144,425420,KR7425420007,티에프이,KOSDAQ,우량기업부,47400,1,650,1.39,46900,47950,45150,144092,6742110800,585256379400,12347181,KSQ
145,160190,KR7160190005,하이젠알앤엠,KOSDAQ,중견기업부,18670,1,60,0.32,18560,18950,18300,68603,1278502635,576678960000,30888000,KSQ
146,046890,KR7046890000,서울반도체,KOSDAQ GLOBAL,중견기업부,9890,1,140,1.44,9960,10070,9780,143223,1416535275,576640406000,58305400,KSQ
147,052400,KR7052400009,코나아이,KOSDAQ GLOBAL,우량기업부,39300,2,-50,-0.13,39150,39800,38850,23497,924730100,572337336300,14563291,KSQ
148,050890,KR7050890003,쏠리드,KOSDAQ,우량기업부,9290,1,220,2.43,9170,9380,9080,568599,5248284585,564428200860,60756534,KSQ
149,053610,KR7053610002,프로텍,KOSDAQ,우량기업부,62700,1,1200,1.95,63100,63700,61500,9642,602462000,564300000000,9000000,KSQ
150,033640,KR7033640004,네패스,KOSDAQ,중견기업부,23850,1,1400,6.24,22800,24000,22050,227638,5272134025,549961967700,23059202,KSQ
151,036810,KR7036810000,에프에스티,KOSDAQ,중견기업부,25300,2,-350,-1.36,25800,25800,24600,120080,3018191900,547739661700,21649789,KSQ
152,174900,KR7174900001,앱클론,KOSDAQ,벤처기업부,27450,2,-1000,-3.51,28500,28600,27000,202878,5646456150,547685941050,19952129,KSQ
153,009520,KR7009520008,포스코엠텍,KOSDAQ GLOBAL,중견기업부,13120,1,400,3.14,12750,13270,12700,356845,4665856180,546352263360,41642703,KSQ
154,399720,KR7399720002,가온칩스,KOSDAQ,벤처기업부,45900,1,1500,3.38,45800,46650,44600,97094,4435473600,544320939600,11858844,KSQ
155,052020,KR7052020005,에스티큐브,KOSDAQ,투자주의환기종목(소속부없음),7960,2,-320,-3.86,8420,8420,7950,81818,660653370,541146996360,67983291,KSQ
156,019210,KR7019210004,와이지-원,KOSDAQ,우량기업부,14540,2,-260,-1.76,14870,14890,14440,251767,3698392075,540796805120,37193728,KSQ
157,033790,KR7033790007,피노,KOSDAQ,중견기업부,6460,1,410,6.78,6100,6570,6020,1741224,11073206515,538259390020,83321887,KSQ
158,490470,KR7490470002,세미파이브,KOSDAQ,기술성장기업부,15620,1,220,1.43,15960,16030,15090,178388,2767914150,531477372800,34025440,KSQ
159,033500,KR7033500000,동성화인텍,KOSDAQ,우량기업부,17690,2,-100,-0.56,17850,18010,17630,56127,997466320,530514148860,29989494,KSQ
160,045100,KR7045100005,한양이엔지,KOSDAQ,우량기업부,30000,2,-250,-0.83,30600,30800,29850,38187,1155313450,525000000000,17500000,KSQ
161,397030,KR7397030008,에이프릴바이오,KOSDAQ,기술성장기업부,19020,2,-170,-0.89,19000,19660,18930,220319,4247466480,523226543640,27509282,KSQ
162,211050,KR7211050000,인카금융서비스,KOSDAQ,우량기업부,10570,2,-70,-0.66,10550,10870,10420,53684,569531140,520716854490,49263657,KSQ
163,037460,KR7037460003,삼지전자,KOSDAQ,우량기업부,31900,2,-450,-1.39,32650,32800,31550,31085,1001967225,520560851800,16318522,KSQ
164,041190,KR7041190000,우리기술투자,KOSDAQ,우량기업부,6150,2,-350,-5.38,6330,6570,6090,3816557,24052775580,516600000000,84000000,KSQ
165,358570,KR7358570000,지아이이노베이션,KOSDAQ,기술성장기업부,7980,2,-360,-4.32,8110,8380,7950,256131,2077742840,514837727880,64516006,KSQ
166,112040,KR7112040001,위메이드,KOSDAQ,중견기업부,15060,2,-90,-0.59,15370,15530,15020,130382,1979561135,511264153980,33948483,KSQ
167,025980,KR7025980004,아난티,KOSDAQ,우량기업부,5250,1,10,0.19,5120,5380,5100,1618534,8511757455,510830197500,97300990,KSQ
168,383310,KR7383310000,에코프로에이치엔,KOSDAQ,우량기업부,24300,1,650,2.75,23650,24450,23600,83864,2022222975,509690847600,20974932,KSQ
169,278280,KR7278280003,천보,KOSDAQ,중견기업부,41550,1,5250,14.46,36600,41800,36400,84303,3305100425,509113188750,12253025,KSQ
170,099190,KR7099190001,아이센스,KOSDAQ,중견기업부,17650,2,-100,-0.56,17750,18290,17640,55931,1000104445,507566503850,28757309,KSQ
171,086900,KR7086900008,메디톡스,KOSDAQ,우량기업부,67400,2,-1200,-1.75,68500,68900,67300,18520,1252837350,491918697800,7298497,KSQ
172,460930,KR7460930001,현대힘스,KOSDAQ,우량기업부,13800,2,-70,-0.5,13830,14000,13650,75548,1044471030,490047259800,35510671,KSQ
173,348370,KR7348370008,엔켐,KOSDAQ,중견기업부,22350,1,3280,17.2,19200,24000,18970,738563,16057769965,489710715900,21910994,KSQ
174,126340,KR7126340009,비나텍,KOSDAQ,벤처기업부,67900,1,1200,1.8,68000,70500,65500,73785,5041148250,487550110600,7180414,KSQ
175,253590,KR7253590004,네오셈,KOSDAQ,우량기업부,11050,1,40,0.36,11360,11390,10830,294215,3248289150,484754262200,43869164,KSQ
176,101160,KR7101160000,월덱스,KOSDAQ,우량기업부,29250,1,300,1.04,29200,29650,28800,67193,1967587375,482946545250,16510993,KSQ
177,376900,KR7376900007,로킷헬스케어,KOSDAQ,기술성장기업부,27650,1,300,1.1,27200,28300,27150,69747,1930421700,481366868500,17409290,KSQ
178,035890,KR7035890003,서희건설,KOSDAQ,중견기업부,2310,1,70,3.13,2255,2340,2240,310651,711368785,479529518160,207588536,KSQ
179,015750,KR7015750003,성우하이텍,KOSDAQ,우량기업부,5970,2,-100,-1.65,6090,6130,5940,147588,889320270,477600000000,80000000,KSQ
180,365340,KR7365340009,성일하이텍,KOSDAQ,기술성장기업부,36650,1,1150,3.24,35800,37800,35450,43864,1612288975,473558864750,12921115,KSQ
181,034950,KR7034950006,한국기업평가,KOSDAQ,우량기업부,103900,1,800,0.78,103600,104300,103000,780,80919600,471759404600,4540514,KSQ
182,082270,KR7082270000,젬백스,KOSDAQ,벤처기업부,10630,2,-290,-2.66,10780,11180,10610,126850,1363239850,470581627890,44269203,KSQ
183,024850,KR7024850000,HLB이노베이션,KOSDAQ,중견기업부,14610,1,810,5.87,13770,14620,12800,132900,1796479430,463919277840,31753544,KSQ
184,056080,KR7056080005,유진로봇,KOSDAQ,중견기업부,12020,1,80,0.67,11940,12190,11780,154717,1858474915,459590541720,38235486,KSQ
185,214430,KR7214430001,아이쓰리시스템,KOSDAQ,우량기업부,62100,1,700,1.14,61000,62800,60200,13074,806982300,453778051500,7307215,KSQ
186,376300,KR7376300000,디어유,KOSDAQ,우량기업부,18710,1,80,0.43,18620,19080,18620,30639,576951910,444145576260,23738406,KSQ
187,144960,KR7144960002,뉴파워프라즈마,KOSDAQ,우량기업부,10100,1,220,2.23,10100,10310,9700,920785,9271698155,441295502400,43692624,KSQ
188,477850,KR7477850002,마키나락스,KOSDAQ,기술성장기업부,24800,2,-400,-1.59,25600,26450,24350,470780,11773890150,440317452800,17754736,KSQ
189,077360,KR7077360006,덕산하이메탈,KOSDAQ,벤처기업부,9690,2,-140,-1.42,9990,10090,9590,715814,6988879695,440284549380,45437002,KSQ
190,067160,KR7067160002,SOOP,KOSDAQ GLOBAL,우량기업부,38300,2,-350,-0.91,38650,39600,38200,22063,852449675,440249576100,11494767,KSQ
191,336570,KR7336570007,원텍,KOSDAQ,우량기업부,4930,2,-10,-0.2,4945,5000,4885,328094,1619465913,440153584780,89280646,KSQ
192,030520,KR7030520001,한컴,KOSDAQ,우량기업부,17660,2,-20,-0.11,17720,18100,17590,103215,1835412160,427014279040,24179744,KSQ
193,018290,KR7018290007,브이티,KOSDAQ,우량기업부,12180,2,-300,-2.4,12500,12550,12160,123952,1519016680,425591586840,34941838,KSQ
194,089890,KR7089890008,코세스,KOSDAQ,우량기업부,25550,2,-700,-2.67,26400,26700,25350,71199,1845067350,423745779100,16584962,KSQ
195,027360,KR7027360007,아주IB투자,KOSDAQ,중견기업부,3495,1,135,4.02,3375,3530,3370,1781800,6162953207,423403193970,121145406,KSQ
196,078340,KR7078340007,컴투스,KOSDAQ GLOBAL,중견기업부,35000,1,1000,2.94,39250,41000,34200,1121978,43267458775,423195955000,12091313,KSQ
197,064290,KR7064290000,인텍플러스,KOSDAQ,중견기업부,32650,2,-1000,-2.97,34950,34950,32400,133293,4408126575,423064921700,12957578,KSQ
198,104830,KR7104830005,원익머트리얼즈,KOSDAQ,우량기업부,33400,1,100,0.3,33550,34150,33050,11667,390188400,421107200000,12608000,KSQ
199,368770,KR7368770004,파이버프로,KOSDAQ,벤처기업부,12790,2,-380,-2.89,13190,13390,12760,144421,1871651610,420205537750,32854225,KSQ
200,272290,KR7272290008,이녹스첨단소재,KOSDAQ GLOBAL,우량기업부,21000,1,150,0.72,21050,21400,20800,45738,962877600,418687689000,19937509,KSQ
201,439960,KR7439960006,코스모로보틱스,KOSDAQ,기술성장기업부,12870,2,-50,-0.39,12950,13180,12690,496324,6430864690,417639556620,32450626,KSQ
202,468530,KR7468530001,프로티나,KOSDAQ,기술성장기업부,37550,3,0,0.0,37750,39600,36600,140988,5325409100,414372060400,11035208,KSQ
203,475960,KR7475960001,토모큐브,KOSDAQ,기술성장기업부,30700,2,-1200,-3.76,31900,31900,30650,19266,597257975,413718541800,13476174,KSQ
204,042000,KR7042000000,카페24,KOSDAQ,우량기업부,16990,1,100,0.59,17060,17270,16690,21003,355737590,410787091310,24178169,KSQ
205,080580,KR7080580004,오킨스전자,KOSDAQ,벤처기업부,19410,1,710,3.8,18920,19680,18360,365148,6957470000,409375436550,21090955,KSQ
206,092190,KR7092190008,서울바이오시스,KOSDAQ,투자주의환기종목(소속부없음),8850,2,-60,-0.67,9010,9320,8760,130320,1172371550,405935189550,45868383,KSQ
207,064260,KR7064260003,다날,KOSDAQ,중견기업부,5360,1,10,0.19,5360,5660,5210,2427507,13242684340,405459649520,75645457,KSQ
208,486990,KR7486990005,노타,KOSDAQ,기술성장기업부,18670,1,100,0.54,18950,19000,18520,81660,1526582425,399396668100,21392430,KSQ
209,013030,KR7013030002,하이록코리아,KOSDAQ,우량기업부,33850,1,650,1.96,33200,34250,33050,29771,1011061600,398351674400,11768144,KSQ
210,078130,KR7078130002,국일제지,KOSDAQ,중견기업부,3520,1,5,0.14,3490,3620,3465,48953,173555310,396846866240,112740587,KSQ
211,219130,KR7219130002,타이거일렉,KOSDAQ,벤처기업부,62400,2,-1000,-1.58,64300,66400,62200,16410,1031743850,394011696000,6314290,KSQ
212,084110,KR7084110006,휴온스글로벌,KOSDAQ,우량기업부,30900,4,7100,29.83,30850,30900,30800,52111,1609140800,391188190800,12659812,KSQ
213,095660,KR7095660007,네오위즈,KOSDAQ,우량기업부,18050,2,-30,-0.17,18100,18360,18020,28709,521389235,390538084950,21636459,KSQ
214,125490,KR7125490003,한라캐스트,KOSDAQ,벤처기업부,10610,2,-10,-0.09,10590,10740,10400,553697,5850211260,387289954720,36502352,KSQ
215,025900,KR7025900002,동화기업,KOSDAQ,중견기업부,7660,1,260,3.51,7300,7850,7245,217268,1651238265,387268803100,50557285,KSQ
216,389470,KR7389470006,인벤티지랩,KOSDAQ,기술성장기업부,29100,2,-850,-2.84,29850,30350,29050,39912,1178036075,387254302800,13307708,KSQ
217,241770,KR7241770007,메카로,KOSDAQ,우량기업부,37850,2,-100,-0.26,38200,39150,37450,2647,100759175,385791424000,10192640,KSQ
218,236200,KR7236200002,슈프리마,KOSDAQ,우량기업부,55200,1,200,0.36,54900,55500,54500,7641,419893300,384981967200,6974311,KSQ
219,372320,KR7372320002,큐로셀,KOSDAQ,기술성장기업부,25150,3,0,0.0,25250,25550,24900,15965,401877100,382962872800,15227152,KSQ
220,089010,KR7089010003,켐트로닉스,KOSDAQ,우량기업부,22650,1,150,0.67,22900,23050,22500,27107,617478650,379841111550,16770027,KSQ
221,170920,KR7170920003,엘티씨,KOSDAQ,벤처기업부,35750,1,1200,3.47,36050,37000,35300,236101,8487019725,377667504500,10564126,KSQ
222,092730,KR7092730001,네오팜,KOSDAQ,우량기업부,23500,1,100,0.43,23300,23900,23050,47100,1107653700,376657741500,16027989,KSQ
223,078020,KR7078020005,LS증권,KOSDAQ,우량기업부,6720,2,-140,-2.04,6900,6940,6680,37351,253237540,372833596800,55481190,KSQ
224,107640,KR7107640005,한중엔시에스,KOSDAQ,기술성장기업부,41050,1,5900,16.79,35850,41400,35400,395378,15673917125,372116033300,9064946,KSQ
225,215200,KR7215200007,메가스터디교육,KOSDAQ,우량기업부,35750,2,-450,-1.24,36200,36750,35600,25908,932264625,370556472000,10365216,KSQ
226,114810,KR7114810005,한솔아이원스,KOSDAQ,우량기업부,13150,2,-440,-3.24,13880,13980,13000,135605,1808457980,370082738100,28143174,KSQ
227,025320,KR7025320003,시노펙스,KOSDAQ,우량기업부,3990,1,20,0.5,3975,4045,3920,300073,1193947522,367886789970,92202203,KSQ
228,006910,KR7006910004,보성파워텍,KOSDAQ,우량기업부,7450,1,180,2.48,7210,7560,7070,1324488,9753194530,366017188800,49129824,KSQ
229,215600,KR7215600008,신라젠,KOSDAQ,중견기업부,2635,2,-225,-7.87,2855,2900,2615,3729605,10214613864,365088641140,138553564,KSQ
230,060280,KR7060280005,큐렉소,KOSDAQ,중견기업부,8830,2,-20,-0.23,8790,8970,8720,84801,748537360,364323945700,41259790,KSQ
231,204620,KR7204620009,글로벌텍스프리,KOSDAQ,우량기업부,5160,2,-60,-1.15,5220,5300,5100,312400,1627841720,362661982800,70283330,KSQ
232,003800,KR7003800000,에이스침대,KOSDAQ,우량기업부,32650,2,-600,-1.8,33250,33250,32550,2952,96803750,362088500000,11090000,KSQ
233,332570,KR7332570001,PS일렉트로닉스,KOSDAQ,우량기업부,7740,1,100,1.31,7690,7880,7410,2421515,18672327680,361547497620,46711563,KSQ
234,101730,KR7101730000,위메이드맥스,KOSDAQ,중견기업부,4230,1,105,2.55,4280,4340,4165,248667,1050604977,354487899780,83803286,KSQ
235,200710,KR7200710002,에이디테크놀로지,KOSDAQ,중견기업부,26200,1,300,1.16,27100,27100,25900,46015,1212917900,352704583400,13462007,KSQ
236,033160,KR7033160003,엠케이전자,KOSDAQ,중견기업부,14520,1,220,1.54,14690,14820,14200,503334,7331894925,351303646320,24194466,KSQ
237,069540,KR7069540003,빛과전자,KOSDAQ,벤처기업부,3105,1,260,9.14,2975,3350,2960,29308717,93225596795,349908340185,112691897,KSQ
238,092870,KR7092870005,엑시콘,KOSDAQ,우량기업부,26500,2,-50,-0.19,26750,27100,25600,207929,5479358950,345846120500,13050797,KSQ
239,348210,KR7348210006,넥스틴,KOSDAQ,우량기업부,32800,2,-200,-0.61,33200,34000,32400,34515,1138091675,343645764000,10477005,KSQ
240,098120,KR7098120009,마이크로컨텍솔,KOSDAQ,우량기업부,41250,2,-650,-1.55,42750,43600,40000,81221,3346799975,342901597500,8312766,KSQ
241,441270,KR7441270006,파인엠텍,KOSDAQ,벤처기업부,8120,1,1240,18.02,7010,8250,6900,904342,6924641495,342704047840,42204932,KSQ
242,036620,KR7036620003,감성코퍼레이션,KOSDAQ,우량기업부,3785,2,-110,-2.82,3885,3915,3735,239789,910762150,340131243040,89862944,KSQ
243,078160,KR7078160009,메디포스트,KOSDAQ,벤처기업부,8620,2,-240,-2.71,8850,8980,8610,40779,356727590,337943677860,39204603,KSQ
244,069080,KR7069080000,웹젠,KOSDAQ GLOBAL,우량기업부,10870,2,-60,-0.55,11000,11300,10810,55054,602260310,336606670250,30966575,KSQ
245,356680,KR7356680009,엑스게이트,KOSDAQ,벤처기업부,11770,1,240,2.08,11500,12060,11460,390722,4605071820,335956900840,28543492,KSQ
246,330860,KR7330860008,네패스아크,KOSDAQ,중견기업부,27150,1,50,0.18,27450,27750,25950,162610,4329861625,330796821750,12184045,KSQ
247,036800,KR7036800001,나이스정보통신,KOSDAQ,우량기업부,7230,2,-220,-2.95,7420,7480,7230,177755,1302442120,328965000000,45500000,KSQ
248,393890,KR7393890009,더블유씨피,KOSDAQ,기술성장기업부,9710,1,840,9.47,8870,10160,8660,473600,4541045460,328616928240,33843144,KSQ
249,079370,KR7079370003,제우스,KOSDAQ,우량기업부,10570,1,150,1.44,10500,10960,10380,228126,2437239400,327849584300,31016990,KSQ
250,206650,KR7206650004,유바이오로직스,KOSDAQ,우량기업부,8860,2,-140,-1.56,9000,9050,8850,80036,714174290,325625440020,36752307,KSQ
251,900290,HK0000307485,GRT,KOSDAQ,외국기업(소속부없음),3895,2,-150,-3.71,4090,4090,3865,178984,708681212,325273568880,83510544,KSQ
252,121440,KR7121440002,골프존홀딩스,KOSDAQ,우량기업부,7580,2,-20,-0.26,7600,7630,7390,56093,419220870,324703080440,42836818,KSQ
253,199800,KR7199800004,툴젠,KOSDAQ,기술성장기업부,35950,2,-50,-0.14,36850,36900,35700,5215,187790275,323464762550,8997629,KSQ
254,078350,KR7078350006,한양디지텍,KOSDAQ,우량기업부,21150,2,-1400,-6.21,22850,22900,21000,125076,2681444775,322418679300,15244382,KSQ
255,067630,KR7067630004,HLB생명과학,KOSDAQ,투자주의환기종목(소속부없음),2625,2,-120,-4.37,2700,2740,2615,179255,476460671,320032277250,121917058,KSQ
256,455900,KR7455900001,엔젤로보틱스,KOSDAQ,기술성장기업부,20650,1,50,0.24,20650,20850,20300,26202,540959950,317865057650,15392981,KSQ
257,039440,KR7039440003,에스티아이,KOSDAQ,우량기업부,20350,2,-50,-0.25,20900,20900,20100,36949,754120450,315568406450,15507047,KSQ
258,101930,KR7101930006,인화정공,KOSDAQ,우량기업부,6860,2,-90,-1.29,6950,7030,6800,5528,38090565,313465443060,45694671,KSQ
259,093520,KR7093520005,매커스,KOSDAQ,우량기업부,26250,1,250,0.96,26100,26500,25750,11321,296287650,312423221250,11901837,KSQ
260,061970,KR7061970000,LB세미콘,KOSDAQ,중견기업부,4420,1,20,0.45,4400,4580,4245,476305,2115934354,309766886520,70083006,KSQ
261,352480,KR7352480008,씨앤씨인터내셔널,KOSDAQ,우량기업부,22600,2,-850,-3.62,23100,23500,22350,22197,502970150,308035762600,13629901,KSQ
262,138080,KR7138080007,오이솔루션,KOSDAQ,벤처기업부,24800,1,1200,5.08,24100,25000,23000,453070,10921316200,306968398400,12377758,KSQ
263,110990,KR7110990009,디아이티,KOSDAQ,우량기업부,16170,2,-150,-0.92,16550,16720,15920,63712,1029773470,305613000000,18900000,KSQ
264,290550,KR7290550003,디케이티,KOSDAQ,우량기업부,15230,2,-470,-2.99,15650,15740,15090,216628,3324922195,304618732900,20001230,KSQ
265,092460,KR7092460005,한라IMS,KOSDAQ,우량기업부,17740,2,-310,-1.72,17910,17960,17700,11028,196506525,303525723200,17109680,KSQ
266,168360,KR7168360006,펨트론,KOSDAQ,벤처기업부,13550,2,-820,-5.71,14350,14440,13410,66352,909758585,303419147350,22392557,KSQ
267,091580,KR7091580001,상신이디피,KOSDAQ,우량기업부,22600,1,2250,11.06,20400,22700,20000,791110,17350100350,301217749400,13328219,KSQ
268,348340,KR7348340001,뉴로메카,KOSDAQ,기술성장기업부,19250,1,200,1.05,18930,19500,18630,256238,4893352410,300408108000,15605616,KSQ
269,025770,KR7025770009,한국정보통신,KOSDAQ,우량기업부,8000,2,-90,-1.11,8120,8120,7980,17275,138755640,299554168000,37444271,KSQ
270,117730,KR7117730002,티로보틱스,KOSDAQ,벤처기업부,13250,1,120,0.91,13200,13370,13050,35756,472795160,298894069750,22558043,KSQ
271,036890,KR7036890002,진성티이씨,KOSDAQ,우량기업부,13520,1,470,3.6,12910,13550,12880,78021,1036808780,297881062960,22032623,KSQ
272,200670,KR7200670008,휴메딕스,KOSDAQ,우량기업부,26350,1,600,2.33,27900,27900,26200,56864,1515942850,295908655500,11229930,KSQ
273,482630,KR7482630001,삼양엔씨켐,KOSDAQ,중견기업부,13510,2,-30,-0.22,13700,13840,13400,54049,736473665,295710662800,21888280,KSQ
274,234340,KR7234340008,헥토파이낸셜,KOSDAQ,우량기업부,21150,2,-950,-4.3,21700,23000,20950,546610,11938094350,295479374400,13970656,KSQ
275,017890,KR7017890005,한국알콜,KOSDAQ,우량기업부,14230,1,80,0.57,14150,14350,13900,44217,627912535,294183990380,20673506,KSQ
276,228760,KR7228760005,지노믹트리,KOSDAQ,기술성장기업부,11790,2,-210,-1.75,12000,12130,11760,27306,324653470,293089991580,24859202,KSQ
277,265520,KR7265520007,AP시스템,KOSDAQ,우량기업부,19450,1,160,0.83,19570,19930,19240,27298,532226660,292738468450,15050821,KSQ
278,448900,KR7448900001,한국피아이엠,KOSDAQ,기술성장기업부,48050,2,-2550,-5.04,51000,51500,48000,120120,5859401775,291877658850,6074457,KSQ
279,472850,KR7472850007,폰드그룹,KOSDAQ,중견기업부,5050,2,-50,-0.98,5050,5180,5020,31816,161470345,290736842600,57571652,KSQ
280,035810,KR7035810001,이지홀딩스,KOSDAQ,우량기업부,4495,2,-40,-0.88,4580,4640,4475,116825,528211130,290000251575,64516185,KSQ
281,417840,KR7417840006,저스템,KOSDAQ,벤처기업부,12640,1,450,3.69,12460,12770,12030,314308,3905000110,289068975840,22869381,KSQ
282,054950,KR7054950001,제이브이엠,KOSDAQ,우량기업부,23900,2,-300,-1.24,24400,24650,23900,7111,171444075,288948418800,12089892,KSQ
283,287840,KR7287840003,인투셀,KOSDAQ,기술성장기업부,19080,2,-260,-1.34,19600,19680,18930,25893,496406210,286618996800,15021960,KSQ
284,376270,KR7376270005,HEM파마,KOSDAQ,기술성장기업부,39300,2,-750,-1.87,40050,40400,38750,11170,436488650,283712477100,7219147,KSQ
285,377450,KR7377450002,리파인,KOSDAQ,우량기업부,16350,2,-160,-0.97,16530,16610,16120,240189,3914660155,283345500000,17330000,KSQ
286,043150,KR7043150002,바텍,KOSDAQ,우량기업부,19000,2,-140,-0.73,19350,19420,18980,32622,625105295,282230864000,14854256,KSQ
287,051500,KR7051500007,CJ프레시웨이,KOSDAQ,우량기업부,23750,2,-1000,-4.04,24750,24750,23750,9465,227423400,281950167500,11871586,KSQ
288,049070,KR7049070006,인탑스,KOSDAQ,우량기업부,17910,2,-250,-1.38,18160,18170,17820,26879,482323460,281944593000,15742300,KSQ
289,136480,KR7136480001,하림,KOSDAQ,우량기업부,2645,2,-35,-1.31,2680,2680,2640,162986,433182254,280924661790,106209702,KSQ
290,098070,KR7098070006,한텍,KOSDAQ,중견기업부,25100,1,150,0.6,25300,25450,24750,46601,1166687825,279140639100,11121141,KSQ
291,036200,KR7036200004,유니셈,KOSDAQ,우량기업부,9090,2,-140,-1.52,9390,9460,9040,139539,1277713400,278737787070,30664223,KSQ
292,018000,KR7018000000,유니슨,KOSDAQ,중견기업부,1074,1,36,3.47,1040,1074,1012,2381840,2488062347,278701157016,259498284,KSQ
293,389650,KR7389650003,넥스트바이오메디컬,KOSDAQ,기술성장기업부,33600,1,50,0.15,33100,33800,32650,15471,512218850,278116809600,8277286,KSQ
294,488900,KR7488900002,비츠로넥스텍,KOSDAQ,기술성장기업부,9580,2,-20,-0.21,9640,9800,9510,39248,377812960,277594323940,28976443,KSQ
295,099440,KR7099440000,스맥,KOSDAQ,중견기업부,4065,2,-85,-2.05,4120,4215,4045,336281,1387697210,277409396610,68243394,KSQ
296,439090,KR7439090002,마녀공장,KOSDAQ,우량기업부,16880,2,-450,-2.6,17280,17290,16880,99048,1687882330,276718228800,16393260,KSQ
297,035600,KR7035600006,KG이니시스,KOSDAQ,우량기업부,10040,2,-120,-1.18,10180,10260,10020,29756,300433605,276646517360,27554434,KSQ
298,160980,KR7160980009,싸이맥스,KOSDAQ,우량기업부,25300,1,350,1.4,25600,25950,24000,93870,2333125950,276383347900,10924243,KSQ
299,448280,KR7448280008,에코아이,KOSDAQ,중견기업부,9270,2,-230,-2.42,9310,9720,9160,27016,253736560,274680565830,29631129,KSQ
300,424870,KR7424870004,이뮨온시아,KOSDAQ,기술성장기업부,3000,2,-45,-1.48,2990,3055,2965,81108,243778899,274012527000,91337509,KSQ
301,091700,KR7091700005,파트론,KOSDAQ,우량기업부,5440,2,-90,-1.63,5550,5600,5430,72272,395693135,272000000000,50000000,KSQ
302,042520,KR7042520007,한스바이오메드,KOSDAQ,벤처기업부,19070,2,-230,-1.19,19410,20150,19050,96814,1888519800,271964268690,14261367,KSQ
303,243070,KR7243070000,휴온스,KOSDAQ,우량기업부,22650,2,-2150,-8.67,23100,23400,22300,255563,5810337300,271339412250,11979665,KSQ
304,484590,KR7484590005,삼양컴텍,KOSDAQ,벤처기업부,6580,1,220,3.46,6420,6710,6340,189760,1243896235,271164761000,41210450,KSQ
305,309710,KR7309710002,아이티켐,KOSDAQ,관리종목(소속부없음),21000,0,0,0.0,0,0,0,0,0,268443021000,12783001,KSQ
306,123330,KR7123330003,제닉,KOSDAQ,우량기업부,33500,2,-1100,-3.18,34750,35000,32750,205149,6911678550,266950780000,7968680,KSQ
307,151860,KR7151860004,KG에코솔루션,KOSDAQ,우량기업부,5590,3,0,0.0,5590,5650,5540,39769,222024290,266100781180,47603002,KSQ
308,182400,KR7182400002,엔케이젠바이오텍코리아,KOSDAQ,관리종목(소속부없음),3670,0,0,0.0,0,0,0,0,0,265496721770,72342431,KSQ
309,159010,KR7159010008,아스플로,KOSDAQ,벤처기업부,19890,2,-810,-3.91,21500,21500,19700,101706,2057864685,265227958710,13334739,KSQ
310,200130,KR7200130003,콜마비앤에이치,KOSDAQ GLOBAL,우량기업부,9010,2,-300,-3.22,9340,9400,9010,99800,912840385,265034177580,29415558,KSQ
311,481070,KR7481070001,에이유브랜즈,KOSDAQ,중견기업부,18210,1,330,1.85,17880,18860,17530,10624,194682520,260953852500,14330250,KSQ
312,200470,KR7200470003,에이팩트,KOSDAQ,중견기업부,6140,2,-560,-8.36,6850,6850,5960,2461920,15246095340,260103251020,42362093,KSQ
313,267980,KR7267980001,매일유업,KOSDAQ,우량기업부,33850,2,-600,-1.74,34500,34600,33850,3968,135308900,259414146300,7663638,KSQ
314,389500,KR7389500000,에스비비테크,KOSDAQ,기술성장기업부,38850,1,1700,4.58,37150,39250,36500,74647,2832480950,258875887200,6663472,KSQ
315,340570,KR7340570001,티앤엘,KOSDAQ,우량기업부,31600,2,-1250,-3.81,32700,33050,31500,39877,1279730375,256844800000,8128000,KSQ
316,121800,KR7121800007,비덴트,KOSDAQ,관리종목(소속부없음),3320,0,0,0.0,0,0,0,0,0,256309348520,77201611,KSQ
317,461300,KR7461300006,아이스크림미디어,KOSDAQ,벤처기업부,19210,2,-290,-1.49,19560,19730,19000,35116,677212055,256144852930,13333933,KSQ
318,180400,KR7180400004,DXVX,KOSDAQ,관리종목(소속부없음),2590,2,-45,-1.71,2625,2690,2525,57032,150102013,254932228880,98429432,KSQ
319,108860,KR7108860008,셀바스AI,KOSDAQ,벤처기업부,9450,1,500,5.59,9470,9520,9310,349026,3285078935,254344765500,26914790,KSQ
320,377460,KR7377460001,큐에이드,KOSDAQ,관리종목(소속부없음),4080,0,0,0.0,0,0,0,0,0,253187202960,62055687,KSQ
321,023410,KR7023410004,유진기업,KOSDAQ,중견기업부,3255,2,-55,-1.66,3310,3310,3250,154340,504571085,251646859065,77310863,KSQ
322,294570,KR7294570007,쿠콘,KOSDAQ,우량기업부,24900,2,-900,-3.49,25050,25550,24700,53947,1357539875,251284126800,10091732,KSQ
323,060720,KR7060720000,KH바텍,KOSDAQ,중견기업부,10600,1,180,1.73,10420,10670,10260,91655,960704640,250980885200,23677442,KSQ
324,065680,KR7065680001,우주일렉트로,KOSDAQ,우량기업부,27050,1,3200,13.42,23850,28100,23650,41878,1107670250,249954740550,9240471,KSQ
325,389260,KR7389260001,대명에너지,KOSDAQ,우량기업부,13740,1,10,0.07,13620,13800,13500,63991,872634060,246170305500,17916325,KSQ
326,024840,KR7024840001,KBI메탈,KOSDAQ,중견기업부,5700,1,470,8.99,5440,5790,5320,6779795,38025289865,246011361600,43159888,KSQ
327,394280,KR7394280002,오픈엣지테크놀로지,KOSDAQ,기술성장기업부,9330,1,80,0.86,9390,9400,9180,64305,597844590,245813124900,26346530,KSQ
328,089980,KR7089980007,상아프론테크,KOSDAQ,우량기업부,15200,1,190,1.27,15090,15370,14970,24081,366801230,243033362400,15989037,KSQ
329,064820,KR7064820004,케이프,KOSDAQ,우량기업부,7860,2,-30,-0.38,7880,7970,7810,23455,184972245,242561289900,30860215,KSQ
330,114190,KR7114190002,강원에너지,KOSDAQ,중견기업부,9280,1,50,0.54,9000,9440,9000,149648,1388724490,242421792640,26123038,KSQ
331,456010,KR7456010008,아이씨티케이,KOSDAQ,기술성장기업부,16600,1,300,1.84,16600,16710,16210,74148,1222319505,240739010000,14502350,KSQ
332,085910,KR7085910008,네오티스,KOSDAQ,중견기업부,17360,1,660,3.95,17990,18000,16910,211557,3676534195,239478040480,13794818,KSQ
333,378340,KR7378340004,필에너지,KOSDAQ,중견기업부,10980,1,560,5.37,10490,11150,10400,61903,675994460,237649824360,21643882,KSQ
334,365270,KR7365270008,큐라클,KOSDAQ,기술성장기업부,10690,2,-340,-3.08,11030,11100,10680,34632,375389640,236858244480,22156992,KSQ
335,011560,KR7011560000,세보엠이씨,KOSDAQ,우량기업부,23450,2,-300,-1.26,23400,24250,23250,21358,504963900,236490248400,10084872,KSQ
336,100120,KR7100120005,뷰웍스,KOSDAQ,우량기업부,26350,2,-850,-3.13,26900,27300,26350,13028,347643800,236396679850,8971411,KSQ
337,304360,KR7304360001,에스바이오메딕스,KOSDAQ,벤처기업부,19000,2,-320,-1.66,19140,19310,18800,8414,160015540,235317432000,12385128,KSQ
338,068930,KR7068930007,디지털대성,KOSDAQ,우량기업부,8450,1,120,1.44,8260,8540,8260,36734,311015205,233856639900,27675342,KSQ
339,445090,KR7445090004,에이직랜드,KOSDAQ,벤처기업부,21350,1,50,0.23,21800,21800,20950,20263,430230350,233262798300,10925658,KSQ
340,452430,KR7452430002,사피엔반도체,KOSDAQ,기술성장기업부,28250,1,450,1.62,28300,28850,27700,13868,390897150,233215643250,8255421,KSQ
341,043370,KR7043370006,피에이치에이,KOSDAQ,우량기업부,11100,2,-10,-0.09,11120,11230,10980,15437,170480600,233100000000,21000000,KSQ
342,071200,KR7071200000,인피니트헬스케어,KOSDAQ,중견기업부,9520,2,-30,-0.31,9580,9640,9440,16459,156960740,232254280160,24396458,KSQ
343,047920,KR7047920004,HLB제약,KOSDAQ,기술성장기업부,7080,2,-170,-2.34,7200,7260,7030,78599,560016440,232219440480,32799356,KSQ
344,0011T0,KR70011T0008,채비,KOSDAQ,기술성장기업부,4945,1,160,3.34,4750,4985,4715,115972,568187348,232165727495,46949591,KSQ
345,243840,KR7243840006,신흥에스이씨,KOSDAQ,우량기업부,6000,1,820,15.83,5210,6170,5170,1115994,6462706650,231349410000,38558235,KSQ
346,073490,KR7073490005,LIG아큐버,KOSDAQ,우량기업부,30350,1,200,0.66,30200,31000,29750,22584,683672625,230776726100,7603846,KSQ
347,094480,KR7094480001,갤럭시아머니트리,KOSDAQ,우량기업부,5880,2,-230,-3.76,6090,6200,5880,564945,3398646460,230671447440,39229838,KSQ
348,036030,KR7036030005,케이티알파,KOSDAQ,우량기업부,4700,2,-30,-0.63,4735,4750,4655,14565,68298729,230389962700,49019141,KSQ
349,416180,KR7416180008,신성에스티,KOSDAQ,벤처기업부,25450,1,2500,10.89,23000,25800,23000,66238,1663836825,230062350100,9039778,KSQ
350,061090,KR7061090007,세나테크놀로지,KOSDAQ,벤처기업부,42050,2,-1450,-3.33,43050,43400,40000,11198,470622025,229910477500,5467550,KSQ
351,053030,KR7053030003,바이넥스,KOSDAQ,중견기업부,7030,2,-250,-3.43,7210,7240,7020,46746,332066525,229769841640,32684188,KSQ
352,254490,KR7254490006,미래반도체,KOSDAQ,우량기업부,15900,1,160,1.02,16010,16190,15640,44708,710358425,229564200000,14438000,KSQ
353,237880,KR7237880000,클리오,KOSDAQ,우량기업부,12700,2,-150,-1.17,12670,12800,12540,71987,912221865,229506183100,18071353,KSQ
354,065710,KR7065710006,서호전기,KOSDAQ,우량기업부,44250,2,-200,-0.45,44450,44450,44200,3156,139918475,227887500000,5150000,KSQ
355,094360,KR7094360005,칩스앤미디어,KOSDAQ,벤처기업부,10670,1,280,2.69,10610,10910,10510,35192,375145510,227860773580,21355274,KSQ
356,493280,KR7493280002,아이엠바이오로직스,KOSDAQ,기술성장기업부,15330,2,-430,-2.73,15760,15890,15250,70515,1097361320,227444296170,14836549,KSQ
357,298830,KR7298830001,슈어소프트테크,KOSDAQ,우량기업부,4250,1,60,1.43,4245,4310,4215,125538,535324561,227198620750,53458499,KSQ
358,086390,KR7086390002,유니테스트,KOSDAQ,중견기업부,10740,1,340,3.27,10600,10810,10420,101432,1070464120,226980513240,21134126,KSQ
359,042370,KR7042370007,비츠로테크,KOSDAQ,우량기업부,8610,1,110,1.29,8520,8700,8500,71807,618871660,225582215250,26200025,KSQ
360,0001A0,KR70001A0001,덕양에너젠,KOSDAQ,중견기업부,8850,1,150,1.72,8800,8890,8670,23567,207334365,225400313700,25468962,KSQ
361,217730,KR7217730001,강스템바이오텍,KOSDAQ,기술성장기업부,2390,1,45,1.92,2345,2445,2330,158346,374758205,224789416110,94054149,KSQ
362,950170,KR8392080006,JTC,KOSDAQ,외국기업(소속부없음),4335,2,-35,-0.8,4415,4420,4290,3746,16254320,224320418580,51746348,KSQ
363,0008Z0,KR70008Z0005,에스엔시스,KOSDAQ,벤처기업부,23700,1,750,3.27,24100,24100,23550,14053,334979850,223646566800,9436564,KSQ
364,014940,KR7014940001,오리엔탈정공,KOSDAQ,우량기업부,4890,1,35,0.72,4820,5020,4820,162198,797896230,222855202290,45573661,KSQ
365,317330,KR7317330009,덕산테코피아,KOSDAQ,중견기업부,10870,1,440,4.22,10360,11000,10360,56404,606963420,222580468080,20476584,KSQ
366,215000,KR7215000001,골프존,KOSDAQ,우량기업부,35450,2,-400,-1.12,35800,36200,35350,17957,637853225,222463461750,6275415,KSQ
367,036710,KR7036710002,심텍홀딩스,KOSDAQ,중견기업부,4210,1,105,2.56,4290,4290,4130,229200,965362650,222404844340,52827754,KSQ
368,206640,KR7206640005,바디텍메드,KOSDAQ,우량기업부,10130,2,-210,-2.03,10400,10400,10120,18972,193593615,221927239730,21907921,KSQ
369,095500,KR7095500005,미래나노텍,KOSDAQ,우량기업부,7150,1,140,2.0,7030,7210,7020,105549,752045080,221721492850,31009999,KSQ
370,187660,KR7187660006,페니트리움바이오,KOSDAQ,중견기업부,3975,1,125,3.25,3840,4600,3705,2844838,12208760517,220478355675,55466253,KSQ
371,241520,KR7241520006,DSC인베스트먼트,KOSDAQ,중견기업부,8260,1,10,0.12,8270,8540,8160,145143,1214536195,219716000000,26600000,KSQ
372,023760,KR7023760002,한국캐피탈,KOSDAQ,우량기업부,1388,1,48,3.58,1400,1404,1356,315487,438188333,219033045744,157804788,KSQ
373,290690,KR7290690007,아리바이오홀딩스,KOSDAQ,중견기업부,4135,2,-85,-2.01,4200,4200,4120,161247,668580460,218987230645,52959427,KSQ
374,045390,KR7045390002,대아티아이,KOSDAQ,우량기업부,3100,1,10,0.32,3080,3165,3025,583179,1815286208,218467468700,70473377,KSQ
375,475400,KR7475400008,씨메스로보틱스,KOSDAQ,기술성장기업부,18440,2,-50,-0.27,18800,18800,18280,12995,240147370,217719125360,11806894,KSQ
376,314930,KR7314930009,바이오다인,KOSDAQ,기술성장기업부,7260,2,-170,-2.29,7450,7660,7130,19457,144512100,216087387780,29764103,KSQ
377,005710,KR7005710009,대원산업,KOSDAQ,우량기업부,10770,2,-230,-2.09,11050,11050,10700,5008,53993750,215804952000,20037600,KSQ
378,019010,KR7019010008,베뉴지,KOSDAQ,중견기업부,4465,2,-5,-0.11,4525,4580,4430,153243,686850614,215213000000,48200000,KSQ
379,203650,KR7203650007,드림시큐리티,KOSDAQ,중견기업부,2115,1,15,0.71,2100,2130,2080,311362,656225721,215104983660,101704484,KSQ
380,484810,KR7484810007,티엑스알로보틱스,KOSDAQ,벤처기업부,13840,2,-250,-1.77,14110,14390,13700,315476,4400048550,213840663600,15450915,KSQ
381,067390,KR7067390005,아스트,KOSDAQ,중견기업부,506,0,0,0.0,0,0,0,0,0,213105734974,421157579,KSQ
382,0082N0,KR70082N0008,카나프테라퓨틱스,KOSDAQ,기술성장기업부,16020,1,350,2.23,15670,16640,15210,70338,1136644335,213075291600,13300580,KSQ
383,307180,KR7307180000,아이엘,KOSDAQ,벤처기업부,5770,2,-310,-5.1,6000,6100,5750,293706,1727769310,213003450520,36915676,KSQ
384,144510,KR7144510005,지씨셀,KOSDAQ,중견기업부,13420,2,-280,-2.04,13570,13900,13390,28464,387252040,212040616480,15800344,KSQ
385,353810,KR7353810005,이지바이오,KOSDAQ,우량기업부,6380,2,-110,-1.69,6490,6500,6330,41214,262487300,211062649600,33081920,KSQ
386,099430,KR7099430001,바이오플러스,KOSDAQ,우량기업부,3420,2,-30,-0.87,3480,3480,3405,124433,426935595,210811269240,61640722,KSQ
387,036190,KR7036190007,금화피에스시,KOSDAQ,우량기업부,35050,1,100,0.29,35050,35250,34150,9304,323872025,210300000000,6000000,KSQ
388,112290,KR7112290002,와이씨켐,KOSDAQ,기술성장기업부,10350,1,150,1.47,10300,10500,10120,49890,513985190,209288281500,20221090,KSQ
389,194700,KR7194700001,노바렉스,KOSDAQ,우량기업부,11460,2,-190,-1.63,11730,11780,11370,51156,589463170,209200558080,18254848,KSQ
390,052330,KR7052330008,코텍,KOSDAQ,우량기업부,11760,2,-80,-0.68,11840,11850,11690,18348,215743715,208876286640,17761589,KSQ
391,314130,KR7314130006,지놈앤컴퍼니,KOSDAQ,기술성장기업부,3990,2,-55,-1.36,4045,4100,3975,142294,571223019,208674705750,52299425,KSQ
392,064550,KR7064550007,바이오니아,KOSDAQ,중견기업부,8080,2,-360,-4.27,8320,8350,8040,163624,1333029795,208547151280,25810291,KSQ
393,380540,KR7380540005,옵티코어,KOSDAQ,관리종목(소속부없음),8450,0,0,0.0,0,0,0,0,0,206658126350,24456583,KSQ
394,446540,KR7446540007,메가터치,KOSDAQ,중견기업부,7090,2,-180,-2.48,7430,7460,6910,158744,1126153500,206170896990,29079111,KSQ
395,462350,KR7462350000,이노스페이스,KOSDAQ,기술성장기업부,6040,1,10,0.17,6050,6180,5950,127127,770895195,204644694880,33881572,KSQ
396,125020,KR7125020008,티씨머티리얼즈,KOSDAQ,중견기업부,5840,1,260,4.66,5780,5990,5660,769164,4494908185,204625132000,35038550,KSQ
397,304100,KR7304100001,솔트룩스,KOSDAQ,기술성장기업부,16240,1,470,2.98,16660,16660,16200,157816,2582466115,204524205200,12593855,KSQ
398,484120,KR7484120001,도우인시스,KOSDAQ,중견기업부,18610,1,790,4.43,18440,18830,17980,12154,225511860,203917623420,10957422,KSQ
399,318060,KR7318060001,그래피,KOSDAQ,기술성장기업부,18130,2,-140,-0.77,18270,18640,17970,35328,642518705,202823519010,11187177,KSQ
400,018310,KR7018310003,삼목에스폼,KOSDAQ,우량기업부,13770,2,-230,-1.64,14000,14000,13720,6562,90563550,202419000000,14700000,KSQ
401,272110,KR7272110008,케이엔제이,KOSDAQ,우량기업부,25200,2,-50,-0.2,25800,25950,25100,42356,1076898950,202239954000,8025395,KSQ
402,419530,KR7419530001,SAMG엔터,KOSDAQ,기술성장기업부,19780,2,-370,-1.84,20100,20200,19600,83555,1658271200,201901125860,10207337,KSQ
403,046970,KR7046970000,우리로,KOSDAQ,벤처기업부,4585,1,100,2.23,4500,4755,4500,306132,1416506353,200937620415,43824999,KSQ
404,053300,KR7053300000,한국정보인증,KOSDAQ,우량기업부,4945,2,-25,-0.5,4985,5040,4930,54460,271628202,200722969720,40591096,KSQ
405,102940,KR7102940004,코오롱생명과학,KOSDAQ,중견기업부,15330,2,-160,-1.03,15790,16480,15000,135677,2104460065,200678943990,13090603,KSQ
406,462860,KR7462860008,더즌,KOSDAQ,벤처기업부,2795,1,20,0.72,2725,2905,2665,1536502,4306190992,200559481785,71756523,KSQ
407,012210,KR7012210001,삼미금속,KOSDAQ,중견기업부,8680,1,10,0.12,8560,9350,8280,645966,5776362945,200087705720,23051579,KSQ
408,354320,KR7354320004,알멕,KOSDAQ,기술성장기업부,31250,1,200,0.64,31050,31650,30700,21278,662828650,199730656250,6391381,KSQ
409,058970,KR7058970005,엠로,KOSDAQ,기술성장기업부,16080,1,250,1.58,16260,16260,15720,16413,262456895,198793727520,12362794,KSQ
410,119830,KR7119830008,아이텍,KOSDAQ,중견기업부,7490,1,340,4.76,7170,7630,7030,193766,1433298825,198773634640,26538536,KSQ
411,450950,KR7450950001,아스테라시스,KOSDAQ,벤처기업부,5280,2,-140,-2.58,5310,5460,5260,26776,142389180,198673685760,37627592,KSQ
412,084850,KR7084850007,아이티엠반도체,KOSDAQ,중견기업부,8740,2,-160,-1.8,8770,8870,8690,9298,81418650,198248843160,22682934,KSQ
413,013120,KR7013120001,동원개발,KOSDAQ,우량기업부,2180,2,-20,-0.91,2255,2255,2180,27309,60057653,197961658000,90808100,KSQ
414,452280,KR7452280001,한선엔지니어링,KOSDAQ,우량기업부,10280,2,-170,-1.63,10560,10770,10190,179088,1858158975,197866047600,19247670,KSQ
415,425040,KR7425040003,티이엠씨,KOSDAQ,우량기업부,9000,1,20,0.22,9060,9210,8770,68008,613132940,197306082000,21922898,KSQ
416,067080,KR7067080002,대화제약,KOSDAQ,중견기업부,10590,2,-60,-0.56,10590,10660,10520,30759,324974140,197150323500,18616650,KSQ
417,459510,KR7459510004,나우로보틱스,KOSDAQ,기술성장기업부,15150,1,30,0.2,15160,15240,14960,27286,412552355,196622487300,12978382,KSQ
418,194480,KR7194480000,데브시스터즈,KOSDAQ,중견기업부,16130,1,710,4.6,15450,16630,15450,102442,1656799295,195643189500,12129150,KSQ
419,190510,KR7190510008,나무가,KOSDAQ,우량기업부,13870,1,50,0.36,13870,13970,13760,18311,253831660,195363346790,14085317,KSQ
420,039830,KR7039830005,오로라,KOSDAQ,우량기업부,18010,2,-80,-0.44,18080,18150,17820,25813,463687915,193839648900,10762890,KSQ
421,036560,KR7036560001,KZ정밀,KOSDAQ,우량기업부,12280,2,-130,-1.05,12530,12530,12230,26042,320866650,193410000000,15750000,KSQ
422,034810,KR7034810002,해성산업,KOSDAQ,중견기업부,6100,1,70,1.16,6030,6160,6000,23690,144207360,192638927200,31580152,KSQ
423,064850,KR7064850001,에프앤가이드,KOSDAQ,벤처기업부,16630,2,-80,-0.48,16880,17340,16510,24475,411112155,189753821160,11410332,KSQ
424,388050,KR7388050007,지투파워,KOSDAQ,우량기업부,10140,1,20,0.2,9970,10360,9720,927372,9408528340,189713691180,18709437,KSQ
425,066620,KR7066620006,국보디자인,KOSDAQ,우량기업부,25200,2,-300,-1.18,25550,25600,24950,5884,148636400,189000000000,7500000,KSQ
426,052710,KR7052710001,아모텍,KOSDAQ,중견기업부,11080,2,-400,-3.48,11650,11780,10930,282315,3157354685,188166609680,16982546,KSQ
427,082800,KR7082800004,비보존 제약,KOSDAQ,중견기업부,3095,1,225,7.84,3005,3540,2985,1244103,3959762245,187927366270,60719666,KSQ
428,115450,KR7115450009,HLB테라퓨틱스,KOSDAQ,중견기업부,2115,1,25,1.2,2105,2130,2050,106206,221750190,187346930535,88580109,KSQ
429,016790,KR7016790008,현대사료,KOSDAQ,관리종목(소속부없음),994,0,0,0.0,0,0,0,0,0,187340898626,188471729,KSQ
430,042420,KR7042420000,네오위즈홀딩스,KOSDAQ,우량기업부,23000,2,-500,-2.13,23750,23750,23000,8345,195930650,187272509000,8142283,KSQ
431,357550,KR7357550003,석경에이티,KOSDAQ,기술성장기업부,34300,1,600,1.78,33700,34900,33400,4590,157294250,187106500000,5455000,KSQ
432,143240,KR7143240000,사람인,KOSDAQ,우량기업부,17410,1,20,0.12,17180,17600,17160,3827,66387195,186856846710,10732731,KSQ
433,049430,KR7049430002,코메론,KOSDAQ,우량기업부,20550,2,-250,-1.2,20700,20800,20400,9319,191015850,185936400000,9048000,KSQ
434,214180,KR7214180002,헥토이노베이션,KOSDAQ,우량기업부,14310,2,-280,-1.92,14610,14730,14280,48257,699580970,185935081770,12993367,KSQ
435,192440,KR7192440006,슈피겐코리아,KOSDAQ,우량기업부,29850,2,-300,-1.0,30500,31200,29750,4774,143711550,185558435550,6216363,KSQ
436,220100,KR7220100002,퓨쳐켐,KOSDAQ,기술성장기업부,8270,2,-280,-3.27,8530,8630,8270,38267,322851550,185474763400,22427420,KSQ
437,270660,KR7270660004,에브리봇,KOSDAQ,벤처기업부,14615,2,-525,-3.47,14690,14720,14440,66877,974433730,185472870545,12690583,KSQ
438,204610,KR7204610000,티쓰리,KOSDAQ,벤처기업부,3300,2,-80,-2.37,3380,3395,3285,129349,432700071,183352026000,55561220,KSQ
439,094820,KR7094820008,일진파워,KOSDAQ,우량기업부,12080,2,-40,-0.33,12050,12250,11880,78796,952100710,182150804720,15078709,KSQ
440,078150,KR7078150000,HB테크놀러지,KOSDAQ,우량기업부,1912,2,-9,-0.47,1929,1970,1903,436215,842167804,181490477776,94921798,KSQ
441,138610,KR7138610001,나이벡,KOSDAQ,기술성장기업부,15960,2,-420,-2.56,16040,16280,15930,41554,668287060,181429976280,11367793,KSQ
442,230240,KR7230240004,에치에프알,KOSDAQ,중견기업부,13610,1,290,2.18,13330,13750,13210,158021,2129390950,181135490000,13309000,KSQ
443,126600,KR7126600006,BGF에코머티리얼즈,KOSDAQ,우량기업부,2880,1,10,0.35,2870,2880,2830,22079,63148248,180768669120,62766899,KSQ
444,402030,KR7402030001,코난테크놀로지,KOSDAQ,기술성장기업부,14430,1,150,1.05,14540,14560,14310,28760,414436300,180627351840,12517488,KSQ
445,126700,KR7126700004,하이비젼시스템,KOSDAQ,우량기업부,11970,1,170,1.44,11850,12080,11650,48797,580495020,178857080640,14942112,KSQ
446,464080,KR7464080001,에스오에스랩,KOSDAQ,기술성장기업부,9880,1,10,0.1,9870,10020,9750,51165,504259070,177974061720,18013569,KSQ
447,264850,KR7264850009,이랜시스,KOSDAQ,중견기업부,5860,1,50,0.86,5810,5950,5760,248614,1454621430,177526426320,30294612,KSQ
448,108380,KR7108380007,대양전기공업,KOSDAQ,우량기업부,18510,2,-150,-0.8,18470,18680,18440,12755,236991610,177091333830,9567333,KSQ
449,086820,KR7086820008,바이오솔루션,KOSDAQ,기술성장기업부,6800,2,-210,-3.0,7110,7180,6730,53977,369740195,176283778000,25924085,KSQ
450,176750,KR7176750008,듀켐바이오,KOSDAQ,기술성장기업부,6140,2,-10,-0.16,6090,6140,5880,24641,147672730,174920740800,28488720,KSQ
451,355150,KR7355150004,코스텍시스,KOSDAQ,벤처기업부,22350,3,0,0.0,22350,23300,22000,78558,1772317875,174270772500,7797350,KSQ
452,0015G0,KR70015G0009,그린광학,KOSDAQ,기술성장기업부,14860,1,520,3.63,14550,14950,14460,34741,511687080,173899759260,11702541,KSQ
453,222040,KR7222040008,코스맥스엔비티,KOSDAQ,중견기업부,8430,1,10,0.12,8400,8490,8210,135942,1139906465,173894040000,20628000,KSQ
454,260970,KR7260970009,에스앤디,KOSDAQ,우량기업부,59900,2,-700,-1.16,60600,60600,58300,17054,1015977100,173275964600,2892754,KSQ
455,083310,KR7083310003,엘오티베큠,KOSDAQ,우량기업부,9660,2,-20,-0.21,9940,9940,9550,43252,419419350,172044918780,17810033,KSQ
456,080160,KR7080160005,모두투어,KOSDAQ,우량기업부,9100,2,-140,-1.52,9240,9280,9090,24564,225346360,171990000000,18900000,KSQ
457,417030,KR7417030004,니어스랩,KOSDAQ,기술성장기업부,29700,2,-2600,-8.05,32350,34850,29600,1097122,34705623650,171593413200,5777556,KSQ
458,216080,KR7216080002,제테마,KOSDAQ,벤처기업부,4600,2,-290,-5.93,4945,4950,4585,169628,792765535,171520655400,37287099,KSQ
459,054210,KR7054210000,이랜텍,KOSDAQ,우량기업부,6780,2,-60,-0.88,6900,6950,6770,55348,379923610,171474403800,25291210,KSQ
460,143160,KR7143160000,아이디스,KOSDAQ,우량기업부,16000,2,-130,-0.81,15990,16320,15820,4051,65039170,171462240000,10716390,KSQ
461,092130,KR7092130004,이크레더블,KOSDAQ,중견기업부,14230,2,-20,-0.14,14210,14290,14190,1762,25088560,171380428000,12043600,KSQ
462,293780,KR7293780003,압타바이오,KOSDAQ,기술성장기업부,6100,1,50,0.83,6050,6280,5890,25716,156304130,171369770500,28093405,KSQ
463,199820,KR7199820002,제일일렉트릭,KOSDAQ,우량기업부,7690,1,250,3.36,7700,8170,7570,339869,2646676780,170871800000,22220000,KSQ
464,372170,KR7372170001,윤성에프앤씨,KOSDAQ,우량기업부,21350,1,250,1.18,21050,21800,20650,13226,281930300,170352674800,7979048,KSQ
465,086670,KR7086670007,비엠티,KOSDAQ,우량기업부,17150,1,280,1.66,16870,17390,16710,47570,811456300,170228927750,9925885,KSQ
466,308430,KR7308430008,셀비온,KOSDAQ,기술성장기업부,13090,2,-170,-1.28,13280,13370,13010,6435,84689190,168929735590,12905251,KSQ
467,041920,KR7041920000,메디아나,KOSDAQ,우량기업부,9080,1,70,0.78,9010,9460,8900,82003,750408080,168871864840,18598223,KSQ
468,038390,KR7038390001,레드캡투어,KOSDAQ,우량기업부,10040,2,-30,-0.3,10090,10090,9970,14467,144939780,167877052880,16720822,KSQ
469,245620,KR7245620000,EDGC,KOSDAQ,관리종목(소속부없음),741,0,0,0.0,0,0,0,0,0,167118555474,225531114,KSQ
470,134580,KR7134580000,탑코미디어,KOSDAQ,중견기업부,3390,2,-50,-1.45,3575,3695,3140,1778122,6061782560,167107165110,49294149,KSQ
471,083930,KR7083930008,아바코,KOSDAQ,우량기업부,11380,2,-30,-0.26,11490,11490,11310,24122,274214015,167027093620,14677249,KSQ
472,012860,KR7012860003,모베이스전자,KOSDAQ,우량기업부,2270,2,-25,-1.09,2295,2300,2255,125707,286145954,166239947390,73233457,KSQ
473,068790,KR7068790005,DMS,KOSDAQ,우량기업부,7360,2,-50,-0.67,7410,7550,7350,14836,110437875,166116848640,22570224,KSQ
474,489460,KR7489460006,바이오비쥬,KOSDAQ,벤처기업부,11200,1,370,3.42,10830,11250,10780,58655,644457740,165236814400,14753287,KSQ
475,382800,KR7382800001,지앤비에스 에코,KOSDAQ,우량기업부,5180,1,40,0.78,5240,5380,5100,462595,2414826425,164884792380,31831041,KSQ
476,394800,KR7394800007,쓰리빌리언,KOSDAQ,기술성장기업부,5180,2,-230,-4.25,5360,5400,5100,173424,900414975,164840824540,31822553,KSQ
477,049630,KR7049630007,재영솔루텍,KOSDAQ,우량기업부,7050,2,-190,-2.62,7370,7370,7000,252841,1795584105,164724229950,23365139,KSQ
478,179290,KR7179290002,엠아이텍,KOSDAQ,우량기업부,5080,2,-80,-1.55,5120,5150,4995,37678,189542770,164417644240,32365678,KSQ
479,199430,KR7199430000,케이엔알시스템,KOSDAQ,기술성장기업부,14670,2,-520,-3.42,14850,14870,14370,108372,1582911670,164260620810,11197043,KSQ
480,403850,KR7403850001,더핑크퐁컴퍼니,KOSDAQ,중견기업부,11440,2,-230,-1.97,11620,11700,11430,32885,379975680,164175554400,14351010,KSQ
481,126730,KR7126730001,코칩,KOSDAQ,벤처기업부,18700,1,590,3.26,18640,19100,18240,199518,3738502250,164001356200,8770126,KSQ
482,475040,KR7475040002,스트라드비젼,KOSDAQ,기술성장기업부,3045,2,-5,-0.16,3070,3125,3005,321358,985273419,163730983710,53770438,KSQ
483,950140,KR8840110108,잉글우드랩,KOSDAQ,외국기업(소속부없음),8240,2,-150,-1.79,8390,8440,8170,12784,105135560,163711215840,19867866,KSQ
484,389020,KR7389020009,자람테크놀로지,KOSDAQ,기술성장기업부,23700,1,2250,10.49,21800,25800,21250,76435,1807811075,163650443400,6905082,KSQ
485,256840,KR7256840000,한국비엔씨,KOSDAQ,우량기업부,2385,2,-50,-2.05,2435,2465,2380,173500,419890745,163121803110,68394886,KSQ
486,123860,KR7123860009,아나패스,KOSDAQ,우량기업부,13420,2,-130,-0.96,13500,13900,13360,12836,173970220,162696229300,12123415,KSQ
487,093190,KR7093190007,빅솔론,KOSDAQ,우량기업부,8390,2,-150,-1.76,8520,8520,8370,10785,90824820,161414412950,19238905,KSQ
488,101970,KR7101970002,우양에이치씨,KOSDAQ,중견기업부,10910,2,-20,-0.18,10950,11030,10300,22288,238512075,161358998190,14790009,KSQ
489,405100,KR7405100009,큐알티,KOSDAQ,중견기업부,13130,1,200,1.55,13190,13300,12470,92201,1194896295,161358522130,12289301,KSQ
490,046120,KR7046120002,오르비텍,KOSDAQ,중견기업부,4730,1,20,0.42,4700,4925,4525,289488,1383771748,160136198090,33855433,KSQ
491,066410,KR7066410002,버킷스튜디오,KOSDAQ,투자주의환기종목(소속부없음),1153,0,0,0.0,0,0,0,0,0,159637252154,138453818,KSQ
492,072870,KR7072870009,메가스터디,KOSDAQ,우량기업부,13360,2,-150,-1.11,13510,13580,13330,20859,279942250,159264012240,11920959,KSQ
493,046070,KR7046070009,코다코,KOSDAQ,관리종목(소속부없음),10280,0,0,0.0,0,0,0,0,0,159196994920,15486089,KSQ
494,023910,KR7023910003,대한약품,KOSDAQ,우량기업부,26450,2,-100,-0.38,26550,26700,26275,6439,170393325,158700000000,6000000,KSQ
495,032620,KR7032620007,GC메디아이,KOSDAQ,우량기업부,3040,2,-30,-0.98,3050,3075,3035,48141,146868365,158679302560,52197139,KSQ
496,119610,KR7119610004,인터로조,KOSDAQ,우량기업부,13890,1,160,1.17,13700,14100,13660,33301,464276780,158536945830,11413747,KSQ
497,122990,KR7122990005,와이솔,KOSDAQ,중견기업부,5940,2,-30,-0.5,5940,6010,5900,29246,173866440,158236141140,26639081,KSQ
498,234690,KR7234690006,녹십자웰빙,KOSDAQ,우량기업부,8780,2,-70,-0.79,8970,8970,8710,17919,157161880,157717686200,17963290,KSQ
499,054800,KR7054800008,아이디스홀딩스,KOSDAQ,중견기업부,15180,3,0,0.0,15250,15250,15060,573,8661590,157078936080,10347756,KSQ
500,104480,KR7104480009,티케이케미칼,KOSDAQ,중견기업부,1726,2,-38,-2.15,1749,1776,1723,122477,214908686,156885519084,90895434,KSQ
501,123410,KR7123410003,코리아에프티,KOSDAQ,우량기업부,5620,2,-60,-1.06,5640,5680,5560,62230,350412960,156466779680,27841064,KSQ
502,011040,KR7011040003,경동제약,KOSDAQ,중견기업부,5060,2,-40,-0.78,5040,5100,5040,7447,37672565,155689955960,30768766,KSQ
503,093640,KR7093640001,케이알엠,KOSDAQ,벤처기업부,4705,1,85,1.84,4710,4740,4550,37148,173320530,154529683780,32843716,KSQ
504,042600,KR7042600007,새로닉스,KOSDAQ,중견기업부,12430,1,130,1.06,12300,12790,12050,24169,302927775,154425024820,12423574,KSQ
505,024800,KR7024800005,유성티엔에스,KOSDAQ,우량기업부,4375,2,-50,-1.13,4500,4500,4355,16067,70621995,154110993750,35225370,KSQ
506,264450,KR7264450008,유비쿼스,KOSDAQ,우량기업부,10490,2,-60,-0.57,10560,10590,10430,20594,216257945,153841021570,14665493,KSQ
507,118990,KR7118990001,모트렉스,KOSDAQ,우량기업부,6260,2,-50,-0.79,6320,6430,6220,110938,702844870,153603942460,24537371,KSQ
508,089600,KR7089600001,KT나스미디어,KOSDAQ,우량기업부,13270,2,-40,-0.3,13320,13400,13010,38942,518473580,153509523010,11568163,KSQ
509,187870,KR7187870001,디바이스,KOSDAQ,우량기업부,11040,2,-190,-1.69,11230,11450,10970,32617,363177420,153045002880,13862772,KSQ
510,138360,KR7138360003,앤로보틱스,KOSDAQ,벤처기업부,1736,2,-10,-0.57,1751,1790,1728,205058,358609952,152722749424,87973934,KSQ
511,078070,KR7078070000,유비쿼스홀딩스,KOSDAQ,중견기업부,8940,2,-150,-1.65,9090,9110,8940,16731,150580590,152506056420,17058843,KSQ
512,289080,KR7289080004,SV인베스트먼트,KOSDAQ,중견기업부,2530,1,100,4.12,2450,2840,2410,12970997,34429175830,152149729490,60138233,KSQ
513,007330,KR7007330004,푸른저축은행,KOSDAQ,투자주의환기종목(소속부없음),10070,1,10,0.1,10060,10300,10000,30506,308053620,151883796000,15082800,KSQ
514,251370,KR7251370003,와이엠티,KOSDAQ,벤처기업부,8390,1,410,5.14,8150,8490,7790,43903,364854250,151130857070,18013213,KSQ
515,023600,KR7023600000,삼보판지,KOSDAQ,우량기업부,9410,2,-10,-0.11,9430,9540,9360,26087,245678975,150638103000,16008300,KSQ
516,114840,KR7114840002,아이패밀리에스씨,KOSDAQ,우량기업부,9010,2,-280,-3.01,9180,9190,8990,19734,179303095,150299278850,16681385,KSQ
517,126640,KR7126640002,화신정공,KOSDAQ,우량기업부,4285,1,35,0.82,4230,4405,4120,905367,3827890268,150214574350,35055910,KSQ
518,092070,KR7092070002,디엔에프,KOSDAQ,중견기업부,12980,2,-180,-1.37,12960,13360,12950,8642,112850970,150202716840,11571858,KSQ
519,046440,KR7046440004,KG파이낸셜,KOSDAQ,우량기업부,4140,2,-40,-0.96,4175,4190,4125,36784,152798455,150076598040,36250386,KSQ
520,065660,KR7065660003,안트로젠,KOSDAQ,기술성장기업부,14940,2,-10,-0.07,15100,15130,14860,9193,137693170,149491134000,10006100,KSQ
521,382900,KR7382900009,범한퓨얼셀,KOSDAQ,벤처기업부,16930,2,-400,-2.31,17130,17290,16900,13673,233352050,148323730000,8761000,KSQ
522,445180,KR7445180003,퓨릿,KOSDAQ,우량기업부,8610,2,-60,-0.69,8760,8760,8490,15804,136453765,147998908680,17189188,KSQ
523,153890,KR7153890009,져스텍,KOSDAQ,기술성장기업부,12250,2,-660,-5.11,13000,13020,12210,284590,3531956910,147616236250,12050305,KSQ
524,088800,KR7088800008,에이스테크,KOSDAQ,중견기업부,1946,1,103,5.59,1843,2015,1839,125061,241189907,146935520564,75506434,KSQ
525,300080,KR7300080009,플리토,KOSDAQ,기술성장기업부,8890,2,-20,-0.22,8980,9200,8880,34291,310304740,146733459390,16505451,KSQ
526,049960,KR7049960008,쎌바이오텍,KOSDAQ,벤처기업부,15600,2,-80,-0.51,15410,15730,15410,2950,45919310,146640000000,9400000,KSQ
527,041020,KR7041020009,폴라리스오피스,KOSDAQ,벤처기업부,2950,3,0,0.0,2955,3020,2945,99173,294611085,146567189350,49683793,KSQ
528,418550,KR7418550000,제이오,KOSDAQ,기술성장기업부,4570,1,90,2.01,4480,4645,4455,61625,282551996,146320765610,32017673,KSQ
529,024060,KR7024060006,흥구석유,KOSDAQ,중견기업부,9750,2,-10,-0.1,9800,9920,9700,185271,1812000260,146250000000,15000000,KSQ
530,205500,KR7205500002,넥써쓰,KOSDAQ,중견기업부,1789,1,41,2.35,1734,1818,1734,113904,204104458,145597845505,81385045,KSQ
531,054450,KR7054450002,텔레칩스,KOSDAQ,중견기업부,9600,2,-20,-0.21,9620,9790,9590,22812,221020790,145384636800,15144233,KSQ
532,039860,KR7039860002,나노엔텍,KOSDAQ,중견기업부,3810,2,-10,-0.26,3820,3850,3770,88425,337262544,145134531930,38093053,KSQ
533,039840,KR7039840004,디오,KOSDAQ,중견기업부,10800,2,-360,-3.23,11260,11270,10500,28736,311925450,144890942400,13415828,KSQ
534,048870,KR7048870000,시너지이노베이션,KOSDAQ,중견기업부,1641,2,-42,-2.5,1677,1679,1638,230661,381600778,144583526283,88106963,KSQ
535,036170,KR7036170009,에이치엠넥스,KOSDAQ,중견기업부,2345,2,-40,-1.68,2385,2400,2330,122122,287722430,143902392970,61365626,KSQ
536,101360,KR7101360006,에코앤드림,KOSDAQ,벤처기업부,8090,1,170,2.15,7860,8220,7850,23606,191401735,143889662260,17786114,KSQ
537,051160,KR7051160000,지어소프트,KOSDAQ,중견기업부,9270,1,30,0.32,9320,9640,9210,67182,636178140,143447966100,15474430,KSQ
538,255220,KR7255220006,SG,KOSDAQ,중견기업부,1308,2,-2,-0.15,1300,1324,1255,1566534,2024159420,143308799016,109563302,KSQ
539,051370,KR7051370005,인터플렉스,KOSDAQ,우량기업부,6120,2,-30,-0.49,6210,6220,6100,30103,185268460,142764128640,23327472,KSQ
540,005990,KR7005990007,매일홀딩스,KOSDAQ,우량기업부,10690,2,-30,-0.28,10720,10800,10510,1262,13500650,142158869760,13298304,KSQ
541,274090,KR7274090000,켄코아에어로스페이스,KOSDAQ,기술성장기업부,10300,1,280,2.79,10110,10420,9990,58596,600583770,141874332100,13774207,KSQ
542,001540,KR7001540004,안국약품,KOSDAQ,우량기업부,10860,2,-230,-2.07,11170,11190,10820,34055,371551865,141640681200,13042420,KSQ
543,293580,KR7293580007,나우IB,KOSDAQ,중견기업부,1492,1,2,0.13,1489,1521,1488,119070,179142747,141635485400,94929950,KSQ
544,494120,KR7494120009,큐리오시스,KOSDAQ,기술성장기업부,9270,2,-310,-3.24,9280,9520,9250,93210,868888490,141458012280,15259764,KSQ
545,147830,KR7147830004,제룡산업,KOSDAQ,벤처기업부,7070,1,80,1.14,7140,7280,7060,131183,935651220,141400000000,20000000,KSQ
546,413630,KR7413630005,씨피시스템,KOSDAQ,벤처기업부,3865,2,-115,-2.89,3930,4300,3810,6541507,26927783024,140827478325,36436605,KSQ
547,474650,KR7474650009,링크솔루션,KOSDAQ,기술성장기업부,24450,1,150,0.62,24800,25750,24350,24189,601514375,140637182400,5752032,KSQ
548,469610,KR7469610000,이노테크,KOSDAQ,중견기업부,15690,2,-280,-1.75,16060,16110,15670,50102,794481940,140314101000,8942900,KSQ
549,060150,KR7060150000,인선이엔티,KOSDAQ,중견기업부,3075,3,0,0.0,3075,3115,3060,19605,60482770,140108106900,45563612,KSQ
550,079960,KR7079960001,동양이엔피,KOSDAQ,우량기업부,18540,2,-120,-0.64,18700,18840,18490,33150,615131745,140007739320,7551658,KSQ
551,032580,KR7032580003,피델릭스,KOSDAQ,중견기업부,4225,1,125,3.05,4145,4700,3985,3499289,15478285211,139982970400,33132064,KSQ
552,067280,KR7067280008,멀티캠퍼스,KOSDAQ,우량기업부,23600,2,-250,-1.05,24000,24000,23550,1523,36076900,139871984400,5926779,KSQ
553,013990,KR7013990007,아가방컴퍼니,KOSDAQ,우량기업부,4240,2,-85,-1.97,4260,4295,4215,18724,79483395,139443152640,32887536,KSQ
554,005160,KR7005160007,동국산업,KOSDAQ,중견기업부,2565,1,35,1.38,2530,2585,2530,8889,22805217,139137096330,54244482,KSQ
555,086890,KR7086890001,이수앱지스,KOSDAQ,중견기업부,3405,2,-25,-0.73,3400,3650,3370,23161,78997855,138838677510,40774942,KSQ
556,069510,KR7069510006,에스텍,KOSDAQ,우량기업부,12720,2,-110,-0.86,12830,12840,12620,2839,36310540,138775200000,10910000,KSQ
557,003100,KR7003100005,선광,KOSDAQ,우량기업부,20800,2,-350,-1.65,21300,21300,20750,2383,49903300,137280000000,6600000,KSQ
558,338840,KR7338840002,와이바이오로직스,KOSDAQ,기술성장기업부,8920,2,-160,-1.76,9060,9150,8840,16890,151790890,137070794520,15366681,KSQ
559,489500,KR7489500009,엘케이켐,KOSDAQ,벤처기업부,21400,1,900,4.39,20500,21450,20400,15671,330263725,136772493200,6391238,KSQ
560,035080,KR7035080001,그래디언트,KOSDAQ,중견기업부,11950,2,-110,-0.91,11980,12230,11740,30837,368811375,136603843800,11431284,KSQ
561,038290,KR7038290003,마크로젠,KOSDAQ,중견기업부,12600,2,-190,-1.49,12680,12880,12570,10737,136023200,136601640000,10841400,KSQ
562,035610,KR7035610005,솔본,KOSDAQ,투자주의환기종목(소속부없음),4995,2,-55,-1.09,5020,5070,4955,6296,31609375,136593255015,27345997,KSQ
563,148150,KR7148150006,세경하이테크,KOSDAQ,우량기업부,3840,3,0,0.0,3840,3865,3720,96112,365857076,136484421120,35542818,KSQ
564,226590,KR7226590008,엠디바이스,KOSDAQ,기술성장기업부,12690,1,320,2.59,12320,12710,12150,19872,247822340,135995988960,10716784,KSQ
565,408920,KR7408920007,메쎄이상,KOSDAQ,우량기업부,3145,1,5,0.16,3150,3150,3100,4123,12935540,135966070975,43232455,KSQ
566,334970,KR7334970001,프레스티지바이오로직스,KOSDAQ,기술성장기업부,1734,2,-28,-1.59,1775,1800,1733,90408,158144062,134823072558,77752637,KSQ
567,264660,KR7264660002,씨앤지하이테크,KOSDAQ,우량기업부,13860,2,-20,-0.14,13910,14000,13600,26509,365261145,134735443920,9721172,KSQ
568,189330,KR7189330004,씨이랩,KOSDAQ,기술성장기업부,14350,2,-740,-4.9,15600,15700,14290,240303,3519536150,134635775400,9382284,KSQ
569,084990,KR7084990001,헬릭스미스,KOSDAQ,기술성장기업부,2910,2,-85,-2.84,2985,3040,2910,86338,253989461,134130039270,46092797,KSQ
570,115310,KR7115310005,인포바인,KOSDAQ,벤처기업부,9000,1,120,1.35,8860,9100,8530,5516,49204880,133483941000,14831549,KSQ
571,041520,KR7041520008,이엘씨,KOSDAQ,투자주의환기종목(소속부없음),10920,2,-60,-0.55,10910,11150,10760,6682,72580110,133100931600,12188730,KSQ
572,0088M0,KR70088M0003,메쥬,KOSDAQ,기술성장기업부,13460,1,250,1.89,13350,13650,12970,41199,548279860,133008355000,9881750,KSQ
573,140670,KR7140670001,알에스오토메이션,KOSDAQ,중견기업부,10310,1,190,1.88,10230,10540,10170,54985,570089930,132378750400,12839840,KSQ
574,265740,KR7265740001,엔에프씨,KOSDAQ,벤처기업부,7400,2,-290,-3.77,7550,7750,7310,270288,2024857300,132190640000,17863600,KSQ
575,047770,KR7047770003,코데즈컴바인,KOSDAQ,중견기업부,3490,1,15,0.43,3390,3680,3345,1892730,6716940500,132070680980,37842602,KSQ
576,340450,KR7340450006,지씨지놈,KOSDAQ,기술성장기업부,5580,1,30,0.54,5510,6000,5510,127078,716685220,131971424940,23650793,KSQ
577,080420,KR7080420003,모다이노칩,KOSDAQ,중견기업부,1649,1,20,1.23,1628,1650,1589,178,290171,131460954678,79721622,KSQ
578,263860,KR7263860009,지니언스,KOSDAQ,벤처기업부,14400,1,150,1.05,14700,14820,14320,18868,275628950,130746240000,9079600,KSQ
579,049720,KR7049720006,고려신용정보,KOSDAQ,우량기업부,9140,2,-60,-0.65,9200,9240,9110,26660,244688655,130702000000,14300000,KSQ
580,457550,KR7457550002,우진엔텍,KOSDAQ,중견기업부,13950,2,-60,-0.43,14010,14460,13670,83550,1173867770,129999464100,9318958,KSQ
581,432720,KR7432720001,퀄리타스반도체,KOSDAQ,기술성장기업부,9160,1,250,2.81,9190,9270,8950,58545,534557225,129958159520,14187572,KSQ
582,388790,KR7388790008,라이콤,KOSDAQ,벤처기업부,4230,1,85,2.05,4195,4300,4060,301639,1264318887,129497896800,30614160,KSQ
583,102120,KR7102120003,어보브반도체,KOSDAQ,벤처기업부,7280,1,20,0.28,7360,7420,7210,42514,310945790,129443881840,17780753,KSQ
584,108230,KR7108230004,톱텍,KOSDAQ,우량기업부,3395,1,155,4.78,3305,3775,3280,5268135,18679443131,129088916775,38023245,KSQ
585,0039P0,KR70039P0000,매드업,KOSDAQ,기술성장기업부,6840,2,-110,-1.58,7030,7190,6770,281428,1960369605,128642616000,18807400,KSQ
586,322510,KR7322510009,제이엘케이,KOSDAQ,기술성장기업부,4995,2,-25,-0.5,5020,5090,4990,50137,251715990,128500830540,25725892,KSQ
587,146320,KR7146320007,비씨엔씨,KOSDAQ,벤처기업부,10040,2,-40,-0.4,10030,10150,9720,7043,70542320,128491146920,12797923,KSQ
588,136540,KR7136540002,윈스테크넷,KOSDAQ,우량기업부,10440,2,-60,-0.57,10510,10540,10420,5667,59436760,128200548240,12279746,KSQ
589,473980,KR7473980001,노머스,KOSDAQ,기술성장기업부,11740,2,-50,-0.42,11650,11950,11530,13803,162032890,127763508480,10882752,KSQ
590,009780,KR7009780008,엠에스씨,KOSDAQ,우량기업부,7230,2,-60,-0.82,7300,7320,7100,18695,134970590,127248000000,17600000,KSQ
591,394420,KR7394420004,리센스메디컬,KOSDAQ,기술성장기업부,11560,1,160,1.4,11530,11880,11350,100348,1156076890,127156543560,10999701,KSQ
592,086980,KR7086980000,쇼박스,KOSDAQ,중견기업부,2035,1,5,0.25,2070,2070,2000,65334,132928660,127061330000,62438000,KSQ
593,321550,KR7321550006,티움바이오,KOSDAQ,기술성장기업부,4220,1,100,2.43,4040,4270,4040,85021,356649899,126762364500,30038475,KSQ
594,228850,KR7228850004,레이언스,KOSDAQ,우량기업부,7640,1,130,1.73,7420,7890,7420,119245,916332875,126755346960,16591014,KSQ
595,095700,KR7095700001,제넥신,KOSDAQ,기술성장기업부,2780,2,-170,-5.76,2910,2920,2770,301228,850483914,126602573320,45540494,KSQ
596,094840,KR7094840006,슈프리마에이치큐,KOSDAQ,벤처기업부,12870,2,-250,-1.91,13070,13350,12860,5546,71901460,126204622830,9806109,KSQ
597,285490,KR7285490009,노바텍,KOSDAQ,벤처기업부,11900,2,-40,-0.34,11950,12060,11900,8191,98104850,125852388900,10575831,KSQ
598,036690,KR7036690006,코맥스,KOSDAQ,관리종목(소속부없음),2885,0,0,0.0,0,0,0,0,0,125692107675,43567455,KSQ
599,417010,KR7417010006,나노팀,KOSDAQ,벤처기업부,6220,1,190,3.15,6010,6890,5870,1724168,11130553775,125474368160,20172728,KSQ
600,322310,KR7322310004,오로스테크놀로지,KOSDAQ,벤처기업부,13390,2,-150,-1.11,13790,13960,13300,119217,1606689540,125417997380,9366542,KSQ
601,040350,KR7040350001,크레오에스지,KOSDAQ,벤처기업부,6300,1,140,2.27,6070,6650,6000,31591,197943980,125094034800,19856196,KSQ
602,220260,KR7220260004,켐트로스,KOSDAQ,벤처기업부,3890,1,65,1.7,3825,3985,3820,94003,364966110,124760293950,32072055,KSQ
603,048550,KR7048550008,SM C&C,KOSDAQ,중견기업부,1287,2,-6,-0.46,1298,1321,1217,981479,1234123456,124471715940,96714620,KSQ
604,232680,KR7232680009,라온로보틱스,KOSDAQ,기술성장기업부,9380,3,0,0.0,9380,9500,9250,58314,548289005,124355350000,13257500,KSQ
605,0007C0,KR70007C0003,아크릴,KOSDAQ,기술성장기업부,15440,3,0,0.0,15510,15870,15050,28373,437256425,123988202560,8030324,KSQ
606,297890,KR7297890006,HB솔루션,KOSDAQ,우량기업부,1692,2,-17,-0.99,1705,1729,1686,155148,263633553,123754426488,73140914,KSQ
607,142210,KR7142210004,유니트론텍,KOSDAQ,우량기업부,5960,2,-120,-1.97,6120,6160,5950,115672,697701160,123678361880,20751403,KSQ
608,212560,KR7212560007,네오오토,KOSDAQ,우량기업부,9160,1,80,0.88,9140,9230,9010,51759,472438940,123534947680,13486348,KSQ
609,211270,KR7211270004,AP위성,KOSDAQ,우량기업부,8190,1,190,2.38,8000,8280,8000,37950,311093360,123524069760,15082304,KSQ
610,122450,KR7122450000,KX,KOSDAQ,중견기업부,2755,3,0,0.0,2755,2765,2745,2749,7572772,123478642670,44819834,KSQ
611,267320,KR7267320000,나인테크,KOSDAQ,벤처기업부,2140,2,-10,-0.47,2145,2185,2120,174795,376623983,122868731300,57415295,KSQ
612,052260,KR7052260007,현대바이오랜드,KOSDAQ,우량기업부,4085,2,-105,-2.51,4190,4205,4080,39084,161344360,122550000000,30000000,KSQ
613,361390,KR7361390008,제노코,KOSDAQ,벤처기업부,12560,1,400,3.29,12160,12720,12100,13848,173495480,122288945360,9736381,KSQ
614,396300,KR7396300006,세아메카닉스,KOSDAQ,우량기업부,4615,1,260,5.97,4400,4725,4335,859772,3934750785,122249042500,26489500,KSQ
615,149950,KR7149950008,아바텍,KOSDAQ,우량기업부,8910,1,70,0.79,8980,9140,8790,35771,319281780,121779233730,13667703,KSQ
616,331920,KR7331920009,셀레믹스,KOSDAQ,기술성장기업부,10890,4,2510,29.95,8590,10890,8420,570663,5904516970,121767133950,11181555,KSQ
617,095190,KR7095190005,신화프리텍,KOSDAQ,중견기업부,1865,2,-15,-0.8,1880,1899,1861,27443,51439902,121710761630,65260462,KSQ
618,073010,KR7073010001,케이에스피,KOSDAQ,우량기업부,3025,1,25,0.83,3005,3045,2965,55159,166014402,121578531250,40191250,KSQ
619,008830,KR7008830002,대동기어,KOSDAQ,중견기업부,6330,1,210,3.43,6070,6430,5960,342191,2140021555,121421528280,19181916,KSQ
620,240550,KR7240550004,동방메디컬,KOSDAQ,중견기업부,5800,2,-50,-0.85,5820,5870,5770,22209,129423475,121416852000,20933940,KSQ
621,366030,KR7366030005,나인앤컴퍼니,KOSDAQ,중견기업부,5350,1,10,0.19,5380,5430,5100,48800,256677785,121198097500,22653850,KSQ
622,021320,KR7021320007,KCC건설,KOSDAQ,우량기업부,5660,2,-40,-0.7,5660,5780,5510,9532,54150635,121124000000,21400000,KSQ
623,452450,KR7452450000,피아이이,KOSDAQ,벤처기업부,3355,1,130,4.03,3150,3520,3105,124864,420432726,120875617500,36028500,KSQ
624,163730,KR7163730005,핑거,KOSDAQ,벤처기업부,10030,1,500,5.25,9610,10110,9510,96241,946529310,120517641510,12015717,KSQ
625,307750,KR7307750000,국전,KOSDAQ,중견기업부,2230,2,-95,-4.09,2305,2310,2220,272862,616674885,120389422240,53986288,KSQ
626,192410,KR7192410009,오늘이엔엠,KOSDAQ,중견기업부,4770,1,90,1.92,4680,4835,4500,126924,590849960,120136785930,25185909,KSQ
627,027710,KR7027710003,팜스토리,KOSDAQ,우량기업부,1078,2,-1,-0.09,1140,1198,1077,1427803,1590254075,120107094800,111416600,KSQ
628,282880,KR7282880004,코윈테크,KOSDAQ,우량기업부,10270,1,200,1.99,10070,11360,10000,311352,3333133675,120098222140,11694082,KSQ
629,458650,KR7458650009,성우,KOSDAQ,벤처기업부,7960,1,140,1.79,7790,8360,7790,41828,339274560,119763533200,15045670,KSQ
630,056090,KR7056090004,시지메드텍,KOSDAQ,벤처기업부,1157,2,-2,-0.17,1163,1202,1140,430757,505603051,119470704652,103259036,KSQ
631,488280,KR7488280009,에스투더블유,KOSDAQ,기술성장기업부,11030,1,1280,13.13,10700,11110,10560,278707,3016234510,119405110580,10825486,KSQ
632,053080,KR7053080008,케이엔솔,KOSDAQ,중견기업부,9180,1,40,0.44,9140,9440,9140,29304,270734780,119338228260,12999807,KSQ
633,417500,KR7417500006,제이아이테크,KOSDAQ,우량기업부,3640,2,-35,-0.95,3725,3760,3625,48537,177506686,119336468160,32784744,KSQ
634,333430,KR7333430007,일승,KOSDAQ,중견기업부,3875,1,10,0.26,3855,3960,3825,118607,461174456,119066144625,30726747,KSQ
635,059120,KR7059120006,아진엑스텍,KOSDAQ,벤처기업부,6480,1,20,0.31,6490,6600,6350,132015,856685005,118649227680,18310066,KSQ
636,418420,KR7418420006,라온텍,KOSDAQ,기술성장기업부,3850,1,90,2.39,3760,3980,3740,113530,438447236,118482048300,30774558,KSQ
637,308080,KR7308080001,바이젠셀,KOSDAQ,기술성장기업부,5760,1,20,0.35,5740,5950,5570,48152,275987410,118075737600,20499260,KSQ
638,106190,KR7106190002,하이텍팜,KOSDAQ,우량기업부,11090,2,-300,-2.63,11390,11500,10910,54279,600900065,117921888570,10633173,KSQ
639,451760,KR7451760003,컨텍,KOSDAQ,기술성장기업부,7140,1,70,0.99,7070,7260,7070,33983,243627090,117865506360,16507774,KSQ
640,041440,KR7041440009,현대에버다임,KOSDAQ,우량기업부,6600,3,0,0.0,6600,6690,6470,72862,480115635,117755299200,17841712,KSQ
641,036630,KR7036630002,세종텔레콤,KOSDAQ,우량기업부,8400,1,50,0.6,8290,8550,8190,7634,63764040,117600000000,14000000,KSQ
642,475230,KR7475230009,엔알비,KOSDAQ,벤처기업부,10790,1,870,8.77,9920,11350,9700,229652,2459154910,117596789570,10898683,KSQ
643,299030,KR7299030007,하나기술,KOSDAQ,벤처기업부,14680,1,480,3.38,14060,14840,13990,29873,428059595,117365278800,7994910,KSQ
644,474170,KR7474170008,루미르,KOSDAQ,기술성장기업부,6580,1,200,3.13,6380,6690,6350,42105,276191090,117240439680,17817696,KSQ
645,478340,KR7478340003,나라스페이스테크놀로지,KOSDAQ,기술성장기업부,10120,2,-10,-0.1,10110,10290,10010,34271,348805140,117089745960,11570133,KSQ
646,041590,KR7041590001,플래스크,KOSDAQ,관리종목(소속부없음),2370,0,0,0.0,0,0,0,0,0,116064014460,48972158,KSQ
647,259630,KR7259630002,엠플러스,KOSDAQ,우량기업부,9490,1,360,3.94,9240,9780,9240,105394,1009624765,115990538040,12222396,KSQ
648,246710,KR7246710008,티앤알바이오팹,KOSDAQ,기술성장기업부,2415,2,-65,-2.62,2500,2510,2400,118044,291197405,115109777160,47664504,KSQ
649,402490,KR7402490007,그린리소스,KOSDAQ,기술성장기업부,6790,1,100,1.49,6800,6880,6590,49761,336246450,114990123430,16935217,KSQ
650,049520,KR7049520000,유아이엘,KOSDAQ,우량기업부,3725,2,-15,-0.4,3740,3775,3720,61733,231849070,114888778125,30842625,KSQ
651,063570,KR7063570006,NICE인프라,KOSDAQ,우량기업부,3360,3,0,0.0,3305,3370,3305,7099,23808140,114736366080,34147728,KSQ
652,453450,KR7453450009,그리드위즈,KOSDAQ,중견기업부,14330,1,130,0.92,14220,14600,14090,19653,282397070,113819607500,7942750,KSQ
653,217270,KR7217270008,넵튠,KOSDAQ,중견기업부,2425,2,-20,-0.82,2520,2520,2425,7052,17358255,113333934275,46735643,KSQ
654,017510,KR7017510009,세명전기,KOSDAQ,벤처기업부,7430,1,240,3.34,7420,7570,7340,115272,857589330,113277780000,15246000,KSQ
655,256940,KR7256940008,킵스파마,KOSDAQ,벤처기업부,5640,2,-130,-2.25,5880,5880,5600,11832,66948900,113240749080,20078147,KSQ
656,158430,KR7158430009,아톤,KOSDAQ,벤처기업부,4625,1,15,0.33,4610,4720,4570,107472,499830285,113229675500,24482092,KSQ
657,339950,KR7339950008,아이비김영,KOSDAQ,우량기업부,2515,2,-25,-0.98,2540,2555,2495,34040,85853087,113040837325,44946655,KSQ
658,037070,KR7037070000,파세코,KOSDAQ,중견기업부,5650,2,-40,-0.7,5690,5780,5580,108288,616490915,113000000000,20000000,KSQ
659,101170,KR7101170009,우림피티에스,KOSDAQ,벤처기업부,8360,2,-230,-2.68,8500,8580,8230,81263,681413780,112860000000,13500000,KSQ
660,090850,KR7090850009,현대이지웰,KOSDAQ,우량기업부,5020,2,-130,-2.52,5150,5160,5010,62331,314421625,112839073060,22477903,KSQ
661,0015N0,KR70015N0000,아로마티카,KOSDAQ,벤처기업부,8900,2,-830,-8.53,9700,9700,8700,295404,2666105620,111934605800,12576922,KSQ
662,037350,KR7037350006,성도이엔지,KOSDAQ,우량기업부,7350,2,-150,-2.0,7520,7560,7300,108802,803511670,111793500000,15210000,KSQ
663,067290,KR7067290007,JW신약,KOSDAQ,중견기업부,1992,2,-1,-0.05,1974,2030,1960,1074001,2133948370,111625909176,56037103,KSQ
664,047310,KR7047310008,파워로직스,KOSDAQ,우량기업부,3045,1,55,1.84,2995,3085,2995,48134,147130495,111479748975,36610755,KSQ
665,311320,KR7311320006,지오엘리먼트,KOSDAQ,기술성장기업부,8820,2,-470,-5.06,9410,9410,8680,67562,599115670,111260419200,12614560,KSQ
666,054920,KR7054920004,한컴위드,KOSDAQ,중견기업부,3915,2,-30,-0.76,3945,4080,3875,114242,450732370,110469872115,28217081,KSQ
667,242040,KR7242040004,나무에이엑스,KOSDAQ,기술성장기업부,3185,2,-5,-0.16,3210,3250,3170,182551,584530819,110220950840,34606264,KSQ
668,105330,KR7105330005,케이엔더블유,KOSDAQ,중견기업부,6880,2,-70,-1.01,6950,7130,6830,29024,200028455,110214297600,16019520,KSQ
669,038540,KR7038540001,상상인,KOSDAQ,중견기업부,1992,2,-43,-2.11,2050,2050,1992,14443,29088986,110213999496,55328313,KSQ
670,052860,KR7052860004,아이앤씨,KOSDAQ,벤처기업부,6160,1,110,1.82,6110,6190,5760,69271,419526710,110059820640,17866854,KSQ
671,297090,KR7297090003,씨에스베어링,KOSDAQ,투자주의환기종목(소속부없음),4035,2,-15,-0.37,4050,4070,4005,65549,264168002,110034450000,27270000,KSQ
672,487400,KR7487400004,케이앤에스아이앤씨,KOSDAQ,기술성장기업부,10720,1,930,9.5,9720,11430,9670,2027898,21707762450,109996655040,10260882,KSQ
673,067900,KR7067900001,와이엔텍,KOSDAQ,우량기업부,6030,2,-50,-0.82,6120,6140,6030,12243,74224025,109743943770,18199659,KSQ
674,166480,KR7166480004,코아스템켐온,KOSDAQ,벤처기업부,2075,1,35,1.72,2040,2110,1950,37596,77641866,109706030200,52870376,KSQ
675,032940,KR7032940009,원익,KOSDAQ,우량기업부,6030,3,0,0.0,6000,6110,5920,57658,346993760,109704881430,18193181,KSQ
676,109740,KR7109740001,디에스케이,KOSDAQ,벤처기업부,4265,1,15,0.35,4260,4425,4145,14882,64323260,109654813350,25710390,KSQ
677,018120,KR7018120006,진로발효,KOSDAQ,우량기업부,16520,1,10,0.06,16680,16680,16400,1170,19281720,109380902400,6621120,KSQ
678,115500,KR7115500001,케이씨에스,KOSDAQ,중견기업부,9100,1,300,3.41,8800,9280,8800,56415,514509650,109200000000,12000000,KSQ
679,051360,KR7051360006,토비스,KOSDAQ,우량기업부,11310,2,-20,-0.18,11260,11470,11060,24790,278872200,109047265080,9641668,KSQ
680,950190,KR8344390008,고스트스튜디오,KOSDAQ,외국기업(소속부없음),8350,2,-40,-0.48,8460,8510,8340,3309,27717030,108692442650,13017059,KSQ
681,054050,KR7054050000,NH농우바이오,KOSDAQ,우량기업부,6760,2,-70,-1.02,6840,6850,6750,12262,83596480,108366592360,16030561,KSQ
682,051980,KR7051980001,중앙첨단소재,KOSDAQ,중견기업부,972,1,53,5.77,930,1010,927,815213,792376396,107981141148,111091709,KSQ
683,141000,KR7141000000,비아트론,KOSDAQ,벤처기업부,8910,2,-80,-0.89,8960,9170,8730,52734,469665490,107942066100,12114710,KSQ
684,039340,KR7039340005,한국경제TV,KOSDAQ,우량기업부,4905,2,-5,-0.1,4860,4950,4850,2951,14359295,107910000000,22000000,KSQ
685,021080,KR7021080007,에이티넘인베스트,KOSDAQ,우량기업부,2245,2,-15,-0.66,2275,2285,2235,106069,239561935,107760000000,48000000,KSQ
686,120240,KR7120240007,대정화금,KOSDAQ,우량기업부,14940,2,-110,-0.73,15010,15120,14810,10671,159834340,107424441540,7190391,KSQ
687,067990,KR7067990002,도이치모터스,KOSDAQ,우량기업부,3680,2,-30,-0.81,3725,3725,3680,22577,83639344,107388104000,29181550,KSQ
688,290720,KR7290720002,푸드나무,KOSDAQ,중견기업부,2810,2,-40,-1.4,2850,2895,2725,32381,90829566,107199457130,38149273,KSQ
689,310200,KR7310200001,애니플러스,KOSDAQ,중견기업부,2055,2,-60,-2.84,2125,2135,2000,1033968,2123248985,107194627980,52162836,KSQ
690,053700,KR7053700001,삼보모터스,KOSDAQ,우량기업부,3990,2,-60,-1.48,4060,4125,3980,216262,872925339,106595870430,26715757,KSQ
691,123040,KR7123040008,엠에스오토텍,KOSDAQ,중견기업부,1702,2,-13,-0.76,1745,1745,1687,51161,87014342,106593364898,62628299,KSQ
692,059210,KR7059210005,메타바이오메드,KOSDAQ,우량기업부,3900,2,-35,-0.89,3935,3960,3870,31935,125063025,105968635500,27171445,KSQ
693,336680,KR7336680004,탑런토탈솔루션,KOSDAQ,중견기업부,2705,2,-45,-1.64,2725,2790,2670,15501,41933110,105888734390,39145558,KSQ
694,073560,KR7073560005,우리손에프앤지,KOSDAQ,우량기업부,1515,2,-25,-1.62,1541,1547,1514,108167,164660834,104895029145,69237643,KSQ
695,039560,KR7039560008,다산네트웍스,KOSDAQ,중견기업부,2445,2,-55,-2.2,2525,2530,2430,76755,189356195,104862304260,42888468,KSQ
696,290740,KR7290740000,액트로,KOSDAQ,벤처기업부,10400,1,1400,15.56,9160,10430,9030,183569,1826650990,104676114400,10065011,KSQ
697,066590,KR7066590001,스모트로닉,KOSDAQ,중견기업부,2700,2,-50,-1.82,2750,2830,2700,101923,282460894,104430429900,38677937,KSQ
698,100700,KR7100700004,세운메디칼,KOSDAQ,우량기업부,2380,2,-25,-1.04,2395,2425,2370,101230,242360975,104244000000,43800000,KSQ
699,474610,KR7474610003,RF시스템즈,KOSDAQ,벤처기업부,7200,1,10,0.14,7190,7280,7070,31246,223914205,103789584000,14415220,KSQ
700,475580,KR7475580007,에이럭스,KOSDAQ,벤처기업부,7610,1,40,0.53,7550,7720,7530,37779,287098710,103685489000,13624900,KSQ
701,338220,KR7338220007,뷰노,KOSDAQ,기술성장기업부,7360,1,10,0.14,7400,7620,7000,12897,94441850,103053417280,14001823,KSQ
702,074430,KR7074430000,아미노로직스,KOSDAQ,중견기업부,1162,2,-17,-1.44,1169,1195,1150,83742,97303918,102419054164,88140322,KSQ
703,063170,KR7063170005,서울옥션,KOSDAQ,중견기업부,5750,2,-10,-0.17,5800,5900,5570,35418,202366990,102202035250,17774267,KSQ
704,071280,KR7071280002,로체시스템즈,KOSDAQ,우량기업부,6640,2,-180,-2.64,6890,6920,6610,83750,559274290,101569443920,15296603,KSQ
705,330350,KR7330350000,위더스제약,KOSDAQ,우량기업부,7690,2,-1310,-14.56,8890,8960,7670,336199,2801274230,101505539200,13199680,KSQ
706,053260,KR7053260006,금강철강,KOSDAQ,우량기업부,5410,2,-10,-0.18,5420,5900,5360,185257,1036695790,101275200000,18720000,KSQ
707,396470,KR7396470007,워트,KOSDAQ,중견기업부,6280,1,10,0.16,6270,6360,6220,56844,356576720,101233600000,16120000,KSQ
708,357880,KR7357880004,SKAI,KOSDAQ,기술성장기업부,1865,2,-30,-1.58,1895,1956,1820,315255,592787070,101049653800,54182120,KSQ
709,131030,KR7131030009,옵투스제약,KOSDAQ,우량기업부,5720,2,-80,-1.38,5760,5840,5700,14234,82013260,100938494800,17646590,KSQ
710,309960,KR7309960003,LB인베스트먼트,KOSDAQ,중견기업부,4335,2,-85,-1.92,4425,4425,4305,71004,307804149,100646731065,23217239,KSQ
711,006620,KR7006620009,동구바이오제약,KOSDAQ,우량기업부,3500,2,-75,-2.1,3555,3625,3480,123055,434068295,99627472000,28464992,KSQ
712,246720,KR7246720007,아스타,KOSDAQ,관리종목(소속부없음),6070,0,0,0.0,0,0,0,0,0,99434491000,16381300,KSQ
713,083500,KR7083500009,에프엔에스테크,KOSDAQ,우량기업부,11950,1,130,1.1,11830,12130,11700,31924,381203820,99261205150,8306377,KSQ
714,362320,KR7362320004,청담글로벌,KOSDAQ,중견기업부,4770,3,0,0.0,4765,4840,4690,23108,109751093,98705214090,20692917,KSQ
715,352090,KR7352090005,스톰테크,KOSDAQ,우량기업부,3660,1,5,0.14,3680,3685,3635,12671,46390914,98355172680,26872998,KSQ
716,0155E0,KR70155E0001,해치텍,KOSDAQ,기술성장기업부,17850,1,3830,27.32,14200,18220,14130,10143676,169738516225,97945627500,5487150,KSQ
717,205100,KR7205100001,엑셈,KOSDAQ,벤처기업부,1450,1,43,3.06,1417,1461,1405,392500,566051644,97932092300,67539374,KSQ
718,042500,KR7042500009,링네트,KOSDAQ,우량기업부,4390,2,-10,-0.23,4440,4495,4370,82364,365754112,97858122160,22291144,KSQ
719,255440,KR7255440000,야스,KOSDAQ,벤처기업부,7490,2,-210,-2.73,7720,7870,7360,90395,685474220,97804420000,13058000,KSQ
720,066790,KR7066790007,씨씨에스,KOSDAQ,관리종목(소속부없음),2205,0,0,0.0,0,0,0,0,0,97355245995,44152039,KSQ
721,002230,KR7002230001,피에스텍,KOSDAQ,우량기업부,5280,1,50,0.96,5230,5300,5200,22069,115828840,97263249600,18421070,KSQ
722,307930,KR7307930008,컴퍼니케이,KOSDAQ,중견기업부,6220,1,30,0.48,6140,6300,6090,11732,72710770,97094200000,15610000,KSQ
723,298540,KR7298540006,더네이쳐홀딩스,KOSDAQ,우량기업부,6700,3,0,0.0,6650,6730,6640,2712,18085490,97058786200,14486386,KSQ
724,250060,KR7250060001,모비스,KOSDAQ,기술성장기업부,3010,1,95,3.26,2920,3030,2905,131471,390898834,96835655140,32171314,KSQ
725,091440,KR7091440008,한울소재과학,KOSDAQ,투자주의환기종목(소속부없음),2800,2,-20,-0.71,2790,2820,2695,190243,523950150,96630707600,34510967,KSQ
726,068240,KR7068240001,다원시스,KOSDAQ,관리종목(소속부없음),2530,0,0,0.0,0,0,0,0,0,96553495610,38163437,KSQ
727,086710,KR7086710001,선진뷰티사이언스,KOSDAQ,우량기업부,7900,2,-230,-2.83,8070,8130,7800,12121,96507455,96405912000,12203280,KSQ
728,380550,KR7380550004,뉴로핏,KOSDAQ,기술성장기업부,7880,2,-80,-1.01,7990,8490,7850,44472,358192785,96127064080,12198866,KSQ
729,088130,KR7088130000,동아엘텍,KOSDAQ,우량기업부,5480,1,30,0.55,5470,5530,5380,24908,136126610,95819520720,17485314,KSQ
730,049950,KR7049950009,미래컴퍼니,KOSDAQ,중견기업부,10840,1,10,0.09,11180,11180,10800,8122,88484510,95585862560,8817884,KSQ
731,217820,KR7217820000,원익피앤이,KOSDAQ,중견기업부,2010,1,24,1.21,2010,2020,1989,23189,46528865,95383663590,47454559,KSQ
732,040300,KR7040300006,YTN,KOSDAQ,중견기업부,1999,3,0,0.0,1999,2010,1995,6054,12107485,95306283020,47676980,KSQ
733,348350,KR7348350000,위드텍,KOSDAQ,벤처기업부,9700,2,-110,-1.12,10140,10210,9620,15078,146425540,94803920000,9773600,KSQ
734,005860,KR7005860002,한일사료,KOSDAQ,우량기업부,2405,3,0,0.0,2435,2455,2395,223714,542771245,94765862425,39403685,KSQ
735,125210,KR7125210005,아모그린텍,KOSDAQ,우량기업부,5740,1,100,1.77,5800,5820,5580,79302,452911305,94691574600,16496790,KSQ
736,172670,KR7172670002,에이엘티,KOSDAQ,벤처기업부,10560,1,60,0.57,10980,11110,10290,23884,253269400,94620335040,8960259,KSQ
737,036220,KR7036220002,오상헬스케어,KOSDAQ,우량기업부,6610,2,-30,-0.45,6450,6770,6450,5611,36783205,94585239760,14309416,KSQ
738,052420,KR7052420007,오성첨단소재,KOSDAQ,우량기업부,9700,1,230,2.43,9500,9700,9350,31145,295582465,94497487300,9742009,KSQ
739,235980,KR7235980000,메드팩토,KOSDAQ,기술성장기업부,2755,2,-10,-0.36,2710,2800,2700,47972,131895595,94427958355,34275121,KSQ
740,282720,KR7282720002,금양그린파워,KOSDAQ,중견기업부,7790,1,250,3.32,7550,7800,7550,16122,124543810,94410905000,12119500,KSQ
741,452190,KR7452190002,한빛레이저,KOSDAQ,벤처기업부,3935,1,370,10.38,3610,4430,3565,2702905,11070267031,94127391795,23920557,KSQ
742,013310,KR7013310008,아진산업,KOSDAQ,우량기업부,2425,2,-20,-0.82,2450,2470,2415,63440,154135705,94105961350,38806582,KSQ
743,109610,KR7109610006,에스와이,KOSDAQ,중견기업부,1921,2,-11,-0.57,1917,1969,1914,83422,161265123,93951115400,48907400,KSQ
744,017650,KR7017650003,대림제지,KOSDAQ,우량기업부,10680,2,-90,-0.84,10850,10850,10640,3918,41995450,93823800000,8785000,KSQ
745,079650,KR7079650008,서산,KOSDAQ,중견기업부,4690,1,20,0.43,4800,4955,4615,817095,3879543931,93800000000,20000000,KSQ
746,063080,KR7063080006,컴투스홀딩스,KOSDAQ,중견기업부,14180,1,440,3.2,15070,16130,14080,313499,4699452720,93519822560,6595192,KSQ
747,036010,KR7036010007,아비코전자,KOSDAQ,중견기업부,7000,1,190,2.79,6850,7090,6820,69536,484730110,93050538000,13292934,KSQ
748,432470,KR7432470003,케이엔에스,KOSDAQ,벤처기업부,10590,1,1800,20.48,9020,11420,8730,2596787,27696615920,92890778040,8771556,KSQ
749,129920,KR7129920005,대성하이텍,KOSDAQ,벤처기업부,5710,3,0,0.0,5660,5860,5530,45145,255229270,92780054160,16248696,KSQ
750,493330,KR7493330005,지에프아이,KOSDAQ,벤처기업부,11520,1,640,5.88,10840,11720,10710,77684,884307940,92615189760,8039513,KSQ
751,107600,KR7107600009,새빗켐,KOSDAQ,벤처기업부,16370,1,190,1.17,16960,16960,15950,13579,222263520,92491383980,5650054,KSQ
752,156100,KR7156100000,엘앤케이바이오,KOSDAQ,벤처기업부,4125,2,-120,-2.83,4225,4300,4125,46297,192340597,92198506125,22351153,KSQ
753,306620,KR7306620006,지아이에스,KOSDAQ,벤처기업부,1919,1,146,8.23,1822,2040,1805,1803169,3475878747,92001051096,47942184,KSQ
754,317770,KR7317770006,엑스페릭스,KOSDAQ,벤처기업부,2510,2,-30,-1.18,2595,2595,2495,68491,172757671,91976801440,36644144,KSQ
755,053580,KR7053580007,웹케시,KOSDAQ,우량기업부,7080,2,-50,-0.7,7130,7140,6970,6896,48561060,91717406880,12954436,KSQ
756,209640,KR7209640002,와이제이링크,KOSDAQ,중견기업부,3215,1,25,0.78,3185,3245,3050,65555,208764599,91444714390,28443146,KSQ
757,089230,KR7089230007,THE E&M,KOSDAQ,중견기업부,2315,2,-120,-4.93,2435,2435,2255,174452,406872444,91260434510,39421354,KSQ
758,040420,KR7040420002,정상제이엘에스,KOSDAQ,우량기업부,5820,2,-20,-0.34,5830,5850,5810,11014,64204670,91243352640,15677552,KSQ
759,042510,KR7042510008,라온시큐어,KOSDAQ,벤처기업부,8180,1,210,2.63,8150,8450,8080,103174,848122925,90845673040,11105828,KSQ
760,323990,KR7323990002,박셀바이오,KOSDAQ,기술성장기업부,3905,2,-80,-2.01,3900,4000,3900,52164,204094987,90819932225,23257345,KSQ
761,413390,KR7413390006,엠오티,KOSDAQ,중견기업부,7840,1,160,2.08,7700,7900,7690,42086,329287080,90788611200,11580180,KSQ
762,282620,KR7282620004,기도산업,KOSDAQ,중견기업부,15400,1,380,2.53,14910,17140,14870,1525400,24515869325,90254887800,5860707,KSQ
763,093920,KR7093920007,서원인텍,KOSDAQ,우량기업부,4850,2,-55,-1.12,4905,4910,4850,2446,11930455,90210000000,18600000,KSQ
764,187790,KR7187790001,나노,KOSDAQ,벤처기업부,2920,2,-75,-2.5,3000,3115,2910,155997,466244028,90055223600,30840830,KSQ
765,419050,KR7419050000,삼기에너지솔루션즈,KOSDAQ,중견기업부,1569,1,11,0.71,1559,1612,1548,379249,596773911,89740900560,57196240,KSQ
766,023900,KR7023900004,풍국주정,KOSDAQ,우량기업부,7110,2,-30,-0.42,7230,7230,7100,2855,20470060,89586000000,12600000,KSQ
767,047560,KR7047560008,이스트소프트,KOSDAQ,중견기업부,7620,3,0,0.0,7750,7900,7600,25325,196269035,89558484840,11753082,KSQ
768,290660,KR7290660000,다이나믹솔루션,KOSDAQ,기술성장기업부,2090,2,-95,-4.35,2200,2320,2075,1089985,2377169883,89531185920,42837888,KSQ
769,289930,KR7289930000,웨이비스,KOSDAQ,기술성장기업부,6790,2,-60,-0.88,6850,6970,6760,25632,175404410,89281777900,13149010,KSQ
770,052460,KR7052460003,아이크래프트,KOSDAQ,벤처기업부,6100,3,0,0.0,6180,6500,5650,185899,1134927680,89108409600,14607936,KSQ
771,099750,KR7099750002,이지케어텍,KOSDAQ,벤처기업부,6520,2,-180,-2.69,6950,6950,6470,6299,41138710,89057807960,13659173,KSQ
772,029480,KR7029480001,광무,KOSDAQ,중견기업부,1491,2,-52,-3.37,1543,1572,1475,100269,151154343,89041225812,59719132,KSQ
773,078140,KR7078140001,대봉엘에스,KOSDAQ,우량기업부,8020,1,10,0.12,8060,8090,7990,8286,66548670,88914363580,11086579,KSQ
774,357230,KR7357230002,에이치피오,KOSDAQ,우량기업부,2140,2,-45,-2.06,2175,2175,2030,37409,79609060,88368038640,41293476,KSQ
775,025950,KR7025950007,동신건설,KOSDAQ,우량기업부,10520,2,-60,-0.57,10500,10860,10400,24301,258248520,88368000000,8400000,KSQ
776,263720,KR7263720005,디앤씨미디어,KOSDAQ,우량기업부,7110,2,-270,-3.66,7330,7390,7050,11274,80607390,88253522010,12412591,KSQ
777,330730,KR7330730003,스톤브릿지벤처스,KOSDAQ,벤처기업부,4840,2,-95,-1.93,4920,4975,4755,13933,67462090,88174297200,18217830,KSQ
778,322180,KR7322180001,LS티라유텍,KOSDAQ,벤처기업부,4100,2,-5,-0.12,4105,4165,4070,29435,121154680,88134034600,21496106,KSQ
779,226400,KR7226400000,오스테오닉,KOSDAQ,기술성장기업부,4260,2,-210,-4.7,4470,4500,4260,69321,301042225,88018420260,20661601,KSQ
780,040160,KR7040160004,누리플렉스,KOSDAQ,중견기업부,7290,1,580,8.64,6700,7420,6620,35921,256306490,87884850150,12055535,KSQ
781,149980,KR7149980005,하이로닉,KOSDAQ,중견기업부,5100,1,10,0.2,5050,5130,4910,8527,43112665,87715134600,17199046,KSQ
782,182360,KR7182360008,큐브엔터,KOSDAQ,우량기업부,5630,1,60,1.08,5570,5790,5510,8002,44963385,87516019180,15544586,KSQ
783,009300,KR7009300005,삼아제약,KOSDAQ,우량기업부,13700,2,-280,-2.0,14250,14250,13600,981,13615910,87269000000,6370000,KSQ
784,086960,KR7086960002,MDS테크,KOSDAQ,우량기업부,2050,1,30,1.49,2075,2140,2035,217848,451898818,87183773500,42528670,KSQ
785,064800,KR7064800006,포니링크,KOSDAQ,중견기업부,3400,1,155,4.78,3300,3440,3130,139029,457584428,86908960600,25561459,KSQ
786,044990,KR7044990000,에이치엔에스하이텍,KOSDAQ,기술성장기업부,11270,2,-10,-0.09,11600,11600,11210,6630,75097270,86614739750,7685425,KSQ
787,048530,KR7048530000,인트론바이오,KOSDAQ,기술성장기업부,2795,2,-20,-0.71,2810,2820,2770,23225,64986158,86342463610,30891758,KSQ
788,004650,KR7004650008,창해에탄올,KOSDAQ,우량기업부,9390,2,-70,-0.74,9490,9490,9340,11448,107437410,86302410150,9190885,KSQ
789,950220,KR8840140006,네오이뮨텍,KOSDAQ,기술성장기업부,2520,2,-280,-10.0,2800,2830,2510,1537036,4043772341,86213836800,34211840,KSQ
790,032300,KR7032300006,한국파마,KOSDAQ,중견기업부,7880,2,-30,-0.38,7950,8010,7870,4374,34588540,85944803880,10906701,KSQ
791,096240,KR7096240007,크레버스,KOSDAQ,우량기업부,8380,2,-140,-1.64,8630,8630,8350,8186,68956165,85795948400,10238180,KSQ
792,072020,KR7072020001,중앙백신,KOSDAQ,벤처기업부,9230,2,-70,-0.75,9300,9310,9220,4402,40788740,85440088630,9256781,KSQ
793,054540,KR7054540000,삼영엠텍,KOSDAQ,우량기업부,6570,1,80,1.23,6550,6660,6500,40314,265498925,85410000000,13000000,KSQ
794,387690,KR7387690001,레메디,KOSDAQ,기술성장기업부,11180,2,-420,-3.62,11590,11800,11100,374472,4273759175,85256343380,7625791,KSQ
795,337930,KR7337930002,젝시믹스,KOSDAQ,우량기업부,2870,3,0,0.0,2855,3000,2780,112529,322674391,85171483250,29676475,KSQ
796,033290,KR7033290008,로젠,KOSDAQ,우량기업부,1516,2,-4,-0.26,1524,1527,1513,11248,17098089,85132952316,56156301,KSQ
797,130580,KR7130580004,나이스디앤비,KOSDAQ,우량기업부,5520,2,-30,-0.54,5610,5610,5480,2298,12626770,85008000000,15400000,KSQ
798,215100,KR7215100009,로보로보,KOSDAQ,벤처기업부,4160,1,10,0.24,4150,4275,4140,72719,303900275,84649568640,20348454,KSQ
799,019550,KR7019550003,SBI인베스트먼트,KOSDAQ,중견기업부,1044,2,-13,-1.23,1065,1065,1039,88345,92730345,84598751628,81033287,KSQ
800,066980,KR7066980004,한성크린텍,KOSDAQ,벤처기업부,1567,1,17,1.1,1551,1595,1550,194860,306062831,84259475101,53771203,KSQ
801,037030,KR7037030004,파워넷,KOSDAQ,우량기업부,3300,2,-30,-0.9,3355,3420,3290,118788,395817060,84192873600,25512992,KSQ
802,950250,KR8826050005,테라뷰,KOSDAQ,기술성장기업부,2370,1,60,2.6,2355,2370,2200,57615,133632457,84177022470,35517731,KSQ
803,007820,KR7007820004,엠엑스로보틱스,KOSDAQ,중견기업부,4200,1,40,0.96,4120,4390,4050,276429,1152471232,84142573200,20033946,KSQ
804,049180,KR7049180003,셀루메드,KOSDAQ,투자주의환기종목(소속부없음),1009,0,0,0.0,0,0,0,0,0,83975227728,83226192,KSQ
805,223250,KR7223250002,드림씨아이에스,KOSDAQ,벤처기업부,3410,2,-70,-2.01,3410,3450,3365,70636,239976919,83887514040,24600444,KSQ
806,183490,KR7183490002,엔지켐생명과학,KOSDAQ,관리종목(소속부없음),990,0,0,0.0,0,0,0,0,0,83793832650,84640235,KSQ
807,302550,KR7302550009,리메드,KOSDAQ,기술성장기업부,2700,2,-15,-0.55,2710,2760,2660,16457,44577615,83449305000,30907150,KSQ
808,066430,KR7066430000,아이로보틱스,KOSDAQ,중견기업부,2115,2,-35,-1.63,2150,2170,2100,426564,905724807,82809601740,39153476,KSQ
809,053350,KR7053350005,이니텍,KOSDAQ,중견기업부,3755,2,-105,-2.72,3905,3905,3615,102648,381206535,82689099075,22021065,KSQ
810,104460,KR7104460001,디와이피엔에프,KOSDAQ,우량기업부,7850,2,-10,-0.13,7860,7920,7830,3570,28108490,82567092850,10518101,KSQ
811,270520,KR7270520000,앱튼,KOSDAQ,투자주의환기종목(소속부없음),3565,1,20,0.56,3545,3830,3400,272353,975636753,82561528410,23158914,KSQ
812,039980,KR7039980008,폴라리스AI,KOSDAQ,중견기업부,5740,1,10,0.17,5880,6000,5690,168661,978137725,82548168360,14381214,KSQ
813,102370,KR7102370004,케이옥션,KOSDAQ,기술성장기업부,3185,2,-25,-0.78,3210,3210,3120,26912,84965165,82454203650,25888290,KSQ
814,065450,KR7065450009,빅텍,KOSDAQ,벤처기업부,2795,2,-45,-1.58,2855,2890,2790,249781,702867995,82440769385,29495803,KSQ
815,950130,KR8840090003,엑세스바이오,KOSDAQ,외국기업(소속부없음),2340,2,-25,-1.06,2365,2375,2315,48232,113011495,82306771560,35173834,KSQ
816,137950,KR7137950002,제이씨케미칼,KOSDAQ,우량기업부,3695,2,-55,-1.47,3715,3835,3645,82996,312029912,82279572730,22267814,KSQ
817,091120,KR7091120006,이엠텍,KOSDAQ,중견기업부,4800,2,-50,-1.03,4805,4880,4720,18188,87174690,82238092800,17132936,KSQ
818,217190,KR7217190008,제너셈,KOSDAQ,벤처기업부,6250,2,-60,-0.95,6310,6440,6100,57308,358032815,82211006250,13153761,KSQ
819,054670,KR7054670005,대한뉴팜,KOSDAQ,우량기업부,5720,2,-40,-0.69,5820,5820,5710,4805,27540480,82110142400,14354920,KSQ
820,418470,KR7418470001,KT밀리의서재,KOSDAQ,우량기업부,9570,2,-130,-1.34,9700,9710,9560,12476,120061010,81974600730,8565789,KSQ
821,058820,KR7058820002,CMG제약,KOSDAQ,관리종목(소속부없음),553,1,2,0.36,550,604,549,992546,564673940,81912326468,148123556,KSQ
822,201490,KR7201490000,미투온,KOSDAQ,중견기업부,2500,2,-20,-0.79,2500,2605,2420,607768,1536406075,81809315000,32723726,KSQ
823,487580,KR7487580003,폴레드,KOSDAQ,벤처기업부,3240,2,-75,-2.26,3285,3320,3225,97180,317213012,81592469640,25182861,KSQ
824,175250,KR7175250000,아이큐어,KOSDAQ,관리종목(소속부없음),2170,0,0,0.0,0,0,0,0,0,81501658560,37558368,KSQ
825,365330,KR7365330000,에스와이스틸텍,KOSDAQ,우량기업부,1623,1,3,0.19,1577,1665,1562,599522,970170440,81427533000,50171000,KSQ
826,478560,KR7478560006,블랙야크아이앤씨,KOSDAQ,벤처기업부,3140,1,450,16.73,2980,3495,2915,3490511,11585767777,81107135720,25830298,KSQ
827,412540,KR7412540007,제일엠앤에스,KOSDAQ,관리종목(소속부없음),3935,0,0,0.0,0,0,0,0,0,81063616775,20600665,KSQ
828,038680,KR7038680005,에스넷,KOSDAQ,우량기업부,4070,3,0,0.0,4120,4170,4050,132677,544820000,81044452940,19912642,KSQ
829,185490,KR7185490000,아이진,KOSDAQ,벤처기업부,1872,1,4,0.21,1853,1893,1842,37311,69511075,80926155648,43229784,KSQ
830,045970,KR7045970001,코아시아,KOSDAQ,중견기업부,3075,1,15,0.49,3105,3175,3065,38422,119519460,80918243700,26314876,KSQ
831,115440,KR7115440000,우리넷,KOSDAQ,우량기업부,7470,1,180,2.47,7300,7650,7300,68569,512361240,80633361240,10794292,KSQ
832,078890,KR7078890001,가온그룹,KOSDAQ,중견기업부,4375,1,15,0.34,4360,4440,4305,22808,99209909,80609125625,18424943,KSQ
833,036640,KR7036640001,HRS,KOSDAQ,우량기업부,4920,2,-40,-0.81,4975,4975,4920,10079,49812020,80465616000,16354800,KSQ
834,463020,KR7463020008,뉴엔AI,KOSDAQ,기술성장기업부,8950,1,250,2.87,8780,9110,8640,68263,606972860,80435440000,8987200,KSQ
835,198440,KR7198440000,강동씨앤엘,KOSDAQ,중견기업부,1319,1,25,1.93,1306,1340,1290,312455,411674648,80369170824,60931896,KSQ
836,214680,KR7214680001,디알텍,KOSDAQ,벤처기업부,960,0,0,0.0,0,0,0,0,0,80137973760,83477056,KSQ
837,040910,KR7040910002,아이씨디,KOSDAQ,중견기업부,4400,2,-100,-2.22,4510,4510,4200,13944,61569201,79966810000,18174275,KSQ
838,038110,KR7038110003,에코플라스틱,KOSDAQ,우량기업부,1940,2,-11,-0.56,1967,1968,1940,75641,147387762,79868577800,41169370,KSQ
839,100130,KR7100130004,동국S&C,KOSDAQ,중견기업부,1394,1,10,0.72,1397,1424,1369,129593,180146697,79657342000,57143000,KSQ
840,381620,KR7381620004,제닉스로보틱스,KOSDAQ,중견기업부,6070,2,-40,-0.65,5990,6200,5990,28495,173501820,79625774400,13117920,KSQ
841,105740,KR7105740005,디케이락,KOSDAQ,우량기업부,7830,1,370,4.96,7470,7850,7350,83002,639473975,79619456790,10168513,KSQ
842,076610,KR7076610005,해성옵틱스,KOSDAQ,벤처기업부,1342,1,3,0.22,1330,1420,1287,1010744,1339780598,79494953560,59236180,KSQ
843,067000,KR7067000000,조이시티,KOSDAQ,중견기업부,1135,2,-13,-1.13,1139,1185,1131,41001,46932392,79340411210,69903446,KSQ
844,0017J0,KR70017J0004,세미티에스,KOSDAQ,벤처기업부,2630,1,5,0.19,2650,2740,2615,137196,364351581,79259318490,30136623,KSQ
845,045660,KR7045660008,에이텍,KOSDAQ,우량기업부,9590,2,-150,-1.54,9740,9950,9500,23499,229969440,79213400000,8260000,KSQ
846,131370,KR7131370009,알서포트,KOSDAQ,벤처기업부,1487,2,-33,-2.17,1506,1520,1480,42180,63132033,79208152421,53267083,KSQ
847,011370,KR7011370004,서한,KOSDAQ,우량기업부,783,0,0,0.0,0,0,0,0,0,79000679295,100894865,KSQ
848,0011A0,KR70011A0009,액스비스,KOSDAQ,벤처기업부,8460,2,-100,-1.17,8620,8660,8440,15756,134197140,78963440400,9333740,KSQ
849,101330,KR7101330009,모베이스,KOSDAQ,중견기업부,3405,2,-40,-1.16,3465,3480,3370,32156,109658745,78815633745,23147029,KSQ
850,263800,KR7263800005,데이타솔루션,KOSDAQ,중견기업부,4855,2,-55,-1.12,4915,4975,4840,99013,484932815,78774219900,16225380,KSQ
851,389030,KR7389030008,지니너스,KOSDAQ,기술성장기업부,1995,2,-35,-1.72,2030,2050,1993,129537,260095785,78587580645,39392271,KSQ
852,012700,KR7012700001,리드코프,KOSDAQ,우량기업부,3000,2,-20,-0.66,3020,3030,2985,15270,45864695,78584556000,26194852,KSQ
853,251120,KR7251120002,바이오에프디엔씨,KOSDAQ,기술성장기업부,9000,2,-120,-1.32,9200,9290,8920,3608,32714900,78261300000,8695700,KSQ
854,371950,KR7371950007,풍원정밀,KOSDAQ,기술성장기업부,3430,2,-100,-2.83,3600,3645,3330,21911,75328390,78134268100,22779670,KSQ
855,124560,KR7124560004,태웅로직스,KOSDAQ,우량기업부,2010,2,-15,-0.74,2025,2030,1999,27310,54920285,77828830110,38720811,KSQ
856,475430,KR7475430005,키스트론,KOSDAQ,중견기업부,4360,2,-45,-1.02,4410,4490,4350,78240,343332164,77817759600,17848110,KSQ
857,066700,KR7066700006,테라젠이텍스,KOSDAQ,중견기업부,2090,2,-10,-0.48,2105,2155,2070,86070,180795810,77648465840,37152376,KSQ
858,047820,KR7047820006,초록뱀미디어,KOSDAQ,중견기업부,3175,2,-50,-1.55,3120,3230,3120,7722,24467885,77641227750,24453930,KSQ
859,053280,KR7053280004,예스24,KOSDAQ,중견기업부,3105,2,-35,-1.11,3150,3155,3100,16659,51901785,77625000000,25000000,KSQ
860,024880,KR7024880007,케이피에프,KOSDAQ,우량기업부,3890,2,-40,-1.02,3930,3975,3860,16410,63863120,77572917360,19941624,KSQ
861,037760,KR7037760006,쎄니트,KOSDAQ,중견기업부,2290,2,-5,-0.22,2295,2315,2280,5874,13497530,77477389090,33832921,KSQ
862,347890,KR7347890006,엠엑스온,KOSDAQ,벤처기업부,4550,2,-30,-0.66,4630,4655,4520,6527,29706540,77410078200,17013204,KSQ
863,451250,KR7451250005,삐아,KOSDAQ,벤처기업부,7550,2,-110,-1.44,7600,7720,7510,15653,119359915,77205371350,10225877,KSQ
864,246960,KR7246960009,SCL사이언스,KOSDAQ,기술성장기업부,2260,2,-40,-1.74,2250,2360,2170,137555,312555066,76878526220,34017047,KSQ
865,033560,KR7033560004,블루콤,KOSDAQ,중견기업부,4485,1,35,0.79,4445,4490,4320,9411,41533465,76693500000,17100000,KSQ
866,265560,KR7265560003,영화테크,KOSDAQ,우량기업부,7160,1,30,0.42,7140,7160,7070,5784,41259590,76541688800,10690180,KSQ
867,212710,KR7212710008,아이에스티이,KOSDAQ,기술성장기업부,7870,2,-350,-4.26,8380,8450,7830,70393,566680360,76456876860,9714978,KSQ
868,382840,KR7382840007,원준,KOSDAQ,중견기업부,5000,1,90,1.83,4865,5070,4865,22420,111690785,76357905000,15271581,KSQ
869,058630,KR7058630005,엠게임,KOSDAQ,우량기업부,4065,1,10,0.25,4025,4125,4025,15947,65069062,76310513310,18772574,KSQ
870,073640,KR7073640005,테라사이언스,KOSDAQ,관리종목(소속부없음),654,0,0,0.0,0,0,0,0,0,76111715580,116378770,KSQ
871,067370,KR7067370007,선바이오,KOSDAQ,기술성장기업부,6230,2,-30,-0.48,6260,6300,6120,2752,17119990,76092229430,12213841,KSQ
872,900260,HK0000295359,로스웰,KOSDAQ,외국기업(소속부없음),1653,1,13,0.79,1640,1668,1631,1511,2475077,76087104018,46029706,KSQ
873,065510,KR7065510000,휴비츠,KOSDAQ,우량기업부,6990,2,-20,-0.29,6930,7100,6930,21539,151168090,76036486050,10877895,KSQ
874,052900,KR7052900008,KX하이텍,KOSDAQ,우량기업부,990,2,-16,-1.59,1006,1015,989,418244,417352673,75901409100,76668090,KSQ
875,083790,KR7083790006,CG인바이츠,KOSDAQ,벤처기업부,987,1,49,5.22,938,990,920,190676,184338591,75894557634,76894182,KSQ
876,079810,KR7079810008,APS이노베이션,KOSDAQ,우량기업부,3525,1,165,4.91,3345,3525,3335,76028,262269053,75886531350,21528094,KSQ
877,214260,KR7214260002,라파스,KOSDAQ,기술성장기업부,8480,2,-50,-0.59,8530,8620,8410,2926,24923920,75662486240,8922463,KSQ
878,351320,KR7351320007,넥사다이내믹스,KOSDAQ,중견기업부,2540,1,577,29.39,2050,2550,1986,3269713,7690209639,75434550680,29698642,KSQ
879,067170,KR7067170001,오텍,KOSDAQ,중견기업부,2740,2,-35,-1.26,2765,2900,2635,412715,1122832361,75242715300,27460845,KSQ
880,0218L0,KR70218L0007,네오뷰,KOSDAQ,중견기업부,14220,2,-280,-1.93,14500,14630,14180,22993,332254630,75027208500,5276175,KSQ
881,170030,KR7170030001,현대공업,KOSDAQ,우량기업부,4885,2,-105,-2.1,4990,5020,4880,17240,84856001,74935900000,15340000,KSQ
882,302430,KR7302430004,이노메트리,KOSDAQ,벤처기업부,7620,1,400,5.54,7310,8710,7100,2286024,18648885890,74929044960,9833208,KSQ
883,173130,KR7173130006,오파스넷,KOSDAQ,중견기업부,5740,3,0,0.0,5740,5790,5650,19668,112782970,74886755020,13046473,KSQ
884,080010,KR7080010002,이상네트웍스,KOSDAQ,중견기업부,7610,2,-70,-0.91,7560,7680,7560,1723,13150320,74844890310,9835071,KSQ
885,090470,KR7090470006,제이스로보틱스,KOSDAQ,벤처기업부,4280,2,-60,-1.38,4340,4340,4030,16496,70104825,74799822320,17476594,KSQ
886,234300,KR7234300002,에스트래픽,KOSDAQ,우량기업부,2740,3,0,0.0,2760,2785,2705,25176,68757120,74549317200,27207780,KSQ
887,128660,KR7128660008,피제이메탈,KOSDAQ,우량기업부,3000,3,0,0.0,3000,3005,2965,21227,63354526,74410107000,24803369,KSQ
888,049080,KR7049080005,기가레인,KOSDAQ,벤처기업부,8750,1,1350,18.24,7500,9620,7430,2865385,25952054175,74272922500,8488334,KSQ
889,017480,KR7017480005,삼현철강,KOSDAQ,우량기업부,4800,2,-40,-0.83,4810,4850,4800,6024,29003310,74125872000,15442890,KSQ
890,058400,KR7058400003,KNN,KOSDAQ,우량기업부,5590,1,170,3.14,5490,5600,5430,12291,67952280,74028213480,13242972,KSQ
891,389140,KR7389140005,포바이포,KOSDAQ,벤처기업부,5180,2,-10,-0.19,5190,5200,5010,31624,162132430,73917227300,14269735,KSQ
892,208140,KR7208140004,정다운,KOSDAQ,우량기업부,2260,2,-20,-0.88,2265,2280,2250,8162,18485060,73866395960,32684246,KSQ
893,205470,KR7205470008,휴마시스,KOSDAQ,중견기업부,2985,1,10,0.34,2910,3120,2910,97120,294528170,73654877985,24675001,KSQ
894,004590,KR7004590006,한국가구,KOSDAQ,중견기업부,4910,3,0,0.0,4985,4985,4880,17675,86748885,73650000000,15000000,KSQ
895,041930,KR7041930009,SY동아,KOSDAQ,우량기업부,4845,1,5,0.1,4845,4910,4790,13073,63478211,73644000000,15200000,KSQ
896,331380,KR7331380006,포커스에이아이,KOSDAQ,투자주의환기종목(소속부없음),2010,2,-5,-0.25,1956,2060,1934,22079,44207066,73487340660,36560866,KSQ
897,360070,KR7360070007,탑머티리얼,KOSDAQ,중견기업부,8970,1,810,9.93,8470,9090,8470,40412,357611235,73482625710,8192043,KSQ
898,217330,KR7217330000,싸이토젠,KOSDAQ,기술성장기업부,3175,2,-125,-3.79,3300,3370,3175,65298,210879057,73436311725,23129547,KSQ
899,096350,KR7096350004,대창솔루션,KOSDAQ,벤처기업부,1985,2,-30,-1.49,2020,2035,1960,157597,315691485,73156702570,36854762,KSQ
900,294630,KR7294630009,서남,KOSDAQ,기술성장기업부,2760,1,60,2.22,2705,2830,2700,76955,211863168,73137734040,26499179,KSQ
901,019540,KR7019540004,일지테크,KOSDAQ,우량기업부,5410,2,-160,-2.87,5660,5660,5410,32830,179677020,73108035000,13513500,KSQ
902,084730,KR7084730001,팅크웨어,KOSDAQ,중견기업부,6580,2,-70,-1.05,6700,6700,6560,1876,12438710,73100009920,11109424,KSQ
903,225530,KR7225530005,HC보광산업,KOSDAQ,우량기업부,2010,1,10,0.5,2000,2035,1986,12183,24520199,73040841270,36338727,KSQ
904,054040,KR7054040001,한국컴퓨터,KOSDAQ,우량기업부,4540,2,-45,-0.98,4585,4590,4535,16393,74899485,72963656600,16071290,KSQ
905,234030,KR7234030005,싸이닉솔루션,KOSDAQ,중견기업부,3090,1,15,0.49,3120,3145,3015,16648,51499975,72939450000,23605000,KSQ
906,010280,KR7010280006,아이티센엔텍,KOSDAQ,우량기업부,5600,2,-30,-0.53,5630,5670,5500,21115,117279410,72938639200,13024757,KSQ
907,060590,KR7060590007,씨티씨바이오,KOSDAQ,중견기업부,3015,2,-5,-0.17,3040,3040,2985,10805,32424138,72905775300,24181020,KSQ
908,091590,KR7091590000,남화토건,KOSDAQ,중견기업부,6210,2,-190,-2.97,6470,6530,6120,219440,1370362205,72905400000,11740000,KSQ
909,011320,KR7011320009,유니크,KOSDAQ,우량기업부,3770,2,-90,-2.33,3885,3885,3755,10295,38952045,72839020150,19320695,KSQ
910,020710,KR7020710000,시공테크,KOSDAQ,우량기업부,3625,2,-40,-1.09,3665,3665,3590,43288,156925903,72673891250,20047970,KSQ
911,088390,KR7088390000,이녹스,KOSDAQ,중견기업부,7710,1,160,2.12,7540,7770,7460,8262,62718360,72364857240,9385844,KSQ
912,171120,KR7171120009,라이온켐텍,KOSDAQ,우량기업부,2015,2,-5,-0.25,2020,2020,2000,15927,32020275,72342046400,35901760,KSQ
913,900300,HK0000312568,오가닉티코스메틱,KOSDAQ,외국기업(소속부없음),3515,1,50,1.44,3445,3845,3255,989896,3580399880,72339040955,20580097,KSQ
914,048910,KR7048910004,대원미디어,KOSDAQ,우량기업부,5750,1,80,1.41,5670,5760,5620,26695,152793915,72328939500,12578946,KSQ
915,253840,KR7253840003,수젠텍,KOSDAQ,중견기업부,4310,2,-20,-0.46,4280,4340,4225,255779,1095793593,72163192000,16743200,KSQ
916,303810,KR7303810006,동국생명과학,KOSDAQ,중견기업부,2255,2,-40,-1.74,2295,2300,2255,38487,87371300,72124235700,31984140,KSQ
917,377480,KR7377480009,마음AI,KOSDAQ,기술성장기업부,10140,1,40,0.4,10380,10400,10060,18686,190363645,72098188500,7110275,KSQ
918,085670,KR7085670008,뉴프렉스,KOSDAQ,우량기업부,2940,1,5,0.17,2990,2995,2890,41450,121993992,72032237340,24500761,KSQ
919,0015S0,KR70015S0005,페스카로,KOSDAQ,기술성장기업부,7300,3,0,0.0,7240,7350,7160,4911,35682170,72027129000,9866730,KSQ
920,483350,KR7483350005,딜리셔스,KOSDAQ,기술성장기업부,3290,2,-5,-0.15,3295,3475,3270,760997,2550461012,71981778400,21878960,KSQ
921,072950,KR7072950009,빛샘전자,KOSDAQ,벤처기업부,8930,1,250,2.88,8890,9550,8750,388769,3539008520,71909807300,8052610,KSQ
922,234920,KR7234920007,자이글,KOSDAQ,관리종목(소속부없음),5310,0,0,0.0,0,0,0,0,0,71849132100,13530910,KSQ
923,000440,KR7000440008,중앙에너비스,KOSDAQ,중견기업부,11530,3,0,0.0,11540,11600,11310,13237,151976545,71798808900,6227130,KSQ
924,307870,KR7307870006,비투엔,KOSDAQ,벤처기업부,965,2,-40,-3.98,1004,1010,960,362159,354531374,71698810025,74299285,KSQ
925,041910,KR7041910001,폴라리스AI파마,KOSDAQ,우량기업부,5390,2,-70,-1.28,5440,5480,5380,17822,96743570,71597256500,13283350,KSQ
926,030960,KR7030960009,양지사,KOSDAQ,중견기업부,4480,2,-65,-1.43,4510,4600,4300,31955,142778734,71590400000,15980000,KSQ
927,067570,KR7067570002,엔브이에이치코리아,KOSDAQ,중견기업부,1696,2,-39,-2.25,1733,1741,1694,65552,112105555,71520320000,42170000,KSQ
928,179530,KR7179530001,애드바이오텍,KOSDAQ,기술성장기업부,2650,1,225,9.28,2465,2750,2465,544137,1425077094,71418292350,26950299,KSQ
929,332370,KR7332370006,아이디피,KOSDAQ,벤처기업부,5360,1,60,1.13,5290,5360,5270,295,1572870,71147171360,13273726,KSQ
930,024830,KR7024830002,세원물산,KOSDAQ,중견기업부,8520,2,-460,-5.12,9060,9060,8320,14599,123501890,71142000000,8350000,KSQ
931,228670,KR7228670006,레이,KOSDAQ,벤처기업부,4540,2,-110,-2.37,4770,4890,4535,46845,215021530,71005695340,15640021,KSQ
932,012790,KR7012790002,신일제약,KOSDAQ,우량기업부,5920,2,-80,-1.33,5980,6000,5900,7898,46934750,70959576800,11986415,KSQ
933,204840,KR7204840003,지엘팜텍,KOSDAQ,기술성장기업부,4575,1,5,0.11,4600,4655,4445,23770,108466727,70957339575,15509801,KSQ
934,054620,KR7054620000,APS,KOSDAQ,중견기업부,3855,1,45,1.18,3810,3870,3795,13275,50839620,70909721955,18394221,KSQ
935,950200,KR8840150005,소마젠,KOSDAQ,외국기업(소속부없음),3680,2,-90,-2.39,3690,4135,3465,1502975,5780322308,70788675040,19236053,KSQ
936,104040,KR7104040001,디에스엠,KOSDAQ,벤처기업부,2635,2,-85,-3.13,2715,2715,2610,38389,101757010,70653743775,26813565,KSQ
937,0117P0,KR70117P0005,피스피스스튜디오,KOSDAQ,중견기업부,4980,2,-30,-0.6,4990,5090,4940,83455,416159682,70561176780,14168911,KSQ
938,417790,KR7417790003,트루엔,KOSDAQ,벤처기업부,6740,3,0,0.0,6750,6770,6690,5451,36737850,70556955340,10468391,KSQ
939,451220,KR7451220008,아이엠티,KOSDAQ,기술성장기업부,8960,1,30,0.34,8990,9190,8760,11327,100691140,70556514560,7874611,KSQ
940,277880,KR7277880001,티에스아이,KOSDAQ,우량기업부,3555,1,70,2.01,3460,3595,3460,36886,130225400,70542618660,19843212,KSQ
941,261780,KR7261780001,아리바이오랩,KOSDAQ,기술성장기업부,2435,2,-20,-0.81,2410,2480,2405,78547,192162730,70507801560,28955976,KSQ
942,153710,KR7153710009,옵티팜,KOSDAQ,기술성장기업부,4805,1,60,1.26,4750,4840,4695,995,4735390,70489148190,14669958,KSQ
943,142280,KR7142280007,녹십자엠에스,KOSDAQ,중견기업부,2940,2,-25,-0.84,2965,3005,2915,344272,1020744642,70451311140,23963031,KSQ
944,033130,KR7033130006,디지틀조선,KOSDAQ,중견기업부,1897,2,-45,-2.32,1987,1987,1883,26547,50777048,70407661499,37115267,KSQ
945,094860,KR7094860004,네오리진,KOSDAQ,중견기업부,1325,2,-30,-2.21,1351,1380,1320,246294,333549732,70370768550,53110014,KSQ
946,0156T0,KR70156T0003,에이치엘지노믹스,KOSDAQ,중견기업부,9030,1,160,1.8,8870,9250,8780,113929,1024739465,70272913830,7782161,KSQ
947,006140,KR7006140008,피제이전자,KOSDAQ,우량기업부,4720,2,-80,-1.67,4780,4860,4695,18620,88546900,70162800000,14865000,KSQ
948,147760,KR7147760003,피엠티,KOSDAQ,벤처기업부,3500,2,-5,-0.14,3500,3595,3450,20694,72615975,70000000000,20000000,KSQ
949,066310,KR7066310004,큐에스아이,KOSDAQ,벤처기업부,7540,1,20,0.27,7480,7630,7400,19865,149806010,69908022340,9271621,KSQ
950,137080,KR7137080008,나래나노텍,KOSDAQ,중견기업부,6500,1,70,1.09,6430,6630,6420,12783,83528750,69614668500,10709949,KSQ
951,443670,KR7443670005,에스피소프트,KOSDAQ,중견기업부,2895,2,-5,-0.17,2945,2990,2895,28788,84688848,69510582780,24010564,KSQ
952,347000,KR7347000002,센코,KOSDAQ,기술성장기업부,1835,2,-41,-2.19,1877,1881,1835,30251,55914943,69382902410,37810846,KSQ
953,388870,KR7388870008,파로스아이바이오,KOSDAQ,기술성장기업부,5350,2,-70,-1.29,5410,5580,5320,34688,186389820,69260736200,12945932,KSQ
954,460940,KR7460940000,피앤에스로보틱스,KOSDAQ,기술성장기업부,5140,1,30,0.59,5110,5250,5040,38830,199014095,69160139200,13455280,KSQ
955,196490,KR7196490007,디에이테크놀로지,KOSDAQ,투자주의환기종목(소속부없음),6090,0,0,0.0,0,0,0,0,0,69131518050,11351645,KSQ
956,038460,KR7038460002,바이오스마트,KOSDAQ,우량기업부,2735,2,-50,-1.8,2760,2805,2720,43809,120277175,69125872370,25274542,KSQ
957,457370,KR7457370005,한켐,KOSDAQ,중견기업부,8530,1,100,1.19,8680,8900,8380,361646,3132066540,68812653020,8067134,KSQ
958,043610,KR7043610005,KT지니뮤직,KOSDAQ,중견기업부,1183,1,6,0.51,1180,1203,1179,70418,83828340,68750563154,58115438,KSQ
959,096250,KR7096250006,와이즈넛,KOSDAQ,기술성장기업부,5810,2,-60,-1.02,5900,5990,5810,20986,123097480,68644458610,11814881,KSQ
960,026150,KR7026150003,특수건설,KOSDAQ,중견기업부,3910,2,-65,-1.64,4035,4035,3900,7400,29069775,68606154210,17546331,KSQ
961,048430,KR7048430003,유라테크,KOSDAQ,우량기업부,5940,2,-20,-0.34,5990,5990,5860,4919,29024570,68428800000,11520000,KSQ
962,396270,KR7396270001,넥스트칩,KOSDAQ,벤처기업부,2075,1,50,2.47,2030,2085,2030,44618,92148065,68241419325,32887431,KSQ
963,457600,KR7457600005,벡트,KOSDAQ,벤처기업부,4970,1,1045,26.62,4195,5010,4015,277634,1263965642,68126275000,13707500,KSQ
964,049550,KR7049550007,잉크테크,KOSDAQ,우량기업부,3470,2,-30,-0.86,3495,3495,3450,2245,7788345,68033781190,19606277,KSQ
965,222110,KR7222110009,팬젠,KOSDAQ,기술성장기업부,5030,1,215,4.47,4870,5150,4870,12714,63805795,67977980270,13514509,KSQ
966,002800,KR7002800001,신신제약,KOSDAQ,우량기업부,4480,2,-30,-0.67,4525,4530,4450,36521,163887595,67963840000,15170500,KSQ
967,110790,KR7110790003,크리스에프앤씨,KOSDAQ,우량기업부,2900,2,-90,-3.01,2990,2990,2890,1995,5809372,67949784000,23430960,KSQ
968,024740,KR7024740003,한일단조,KOSDAQ,우량기업부,2065,2,-10,-0.48,2075,2110,2035,79332,163744682,67932406185,32897049,KSQ
969,061250,KR7061250007,화일약품,KOSDAQ,우량기업부,8070,1,260,3.33,7740,8190,7650,16798,133386950,67929902880,8417584,KSQ
970,140070,KR7140070004,서플러스글로벌,KOSDAQ,벤처기업부,1836,2,-12,-0.65,1850,1873,1826,53217,98235174,67909968000,36988000,KSQ
971,100030,KR7100030006,인지소프트,KOSDAQ,중견기업부,20600,1,200,0.98,20400,20600,20300,6001,122635800,67644508400,3283714,KSQ
972,092040,KR7092040005,아미코젠,KOSDAQ,기술성장기업부,955,2,-9,-0.93,965,997,951,345827,334378851,67475894585,70655387,KSQ
973,041460,KR7041460007,한국전자인증,KOSDAQ,중견기업부,3545,2,-30,-0.84,3575,3580,3465,34142,120466730,67355000000,19000000,KSQ
974,081150,KR7081150005,티플랙스,KOSDAQ,중견기업부,2775,2,-20,-0.72,2775,2810,2745,53309,147836090,67344815550,24268402,KSQ
975,221800,KR7221800006,지구홀딩스,KOSDAQ,투자주의환기종목(소속부없음),4120,2,-205,-4.74,4370,4515,4070,37324,157773045,67233666120,16318851,KSQ
976,417970,KR7417970001,모델솔루션,KOSDAQ,우량기업부,10500,3,0,0.0,10660,10740,10440,5639,59686130,67165350000,6396700,KSQ
977,162300,KR7162300008,신스틸,KOSDAQ,우량기업부,1618,1,15,0.94,1603,1675,1573,69171,112287926,67100696076,41471382,KSQ
978,0007J0,KR70007J0006,인벤테라,KOSDAQ,기술성장기업부,8510,2,-120,-1.39,8500,8640,8490,14714,125746140,66937226140,7865714,KSQ
979,321370,KR7321370009,센서뷰,KOSDAQ,기술성장기업부,1291,1,27,2.14,1271,1360,1270,1360736,1768190009,66699393646,51664906,KSQ
980,036000,KR7036000008,예림당,KOSDAQ,중견기업부,2890,2,-20,-0.69,2915,2920,2845,28921,83282755,66569060530,23034277,KSQ
981,109860,KR7109860007,동일금속,KOSDAQ,우량기업부,7310,2,-40,-0.54,7350,7380,7290,2185,16040790,66521000000,9100000,KSQ
982,061040,KR7061040002,알에프텍,KOSDAQ,중견기업부,7350,2,-30,-0.41,7090,7440,7090,8891,64776140,66504439050,9048223,KSQ
983,032850,KR7032850000,비트컴퓨터,KOSDAQ,벤처기업부,3950,2,-70,-1.74,4010,4025,3950,23143,92164795,65662007350,16623293,KSQ
984,456070,KR7456070002,이엔셀,KOSDAQ,기술성장기업부,5950,2,-340,-5.41,6290,6300,5880,69454,415141500,65625626150,11029517,KSQ
985,382480,KR7382480002,지아이텍,KOSDAQ,벤처기업부,1667,2,-6,-0.36,1660,1682,1647,97023,160996935,65608352380,39357140,KSQ
986,331740,KR7331740001,아우토크립트,KOSDAQ,기술성장기업부,6710,2,-20,-0.3,6870,6980,6620,9549,64743070,65429149610,9750991,KSQ
987,168330,KR7168330009,내츄럴엔도텍,KOSDAQ,투자주의환기종목(소속부없음),2060,2,-50,-2.37,2110,2110,2050,12429,25681785,65415094000,31754900,KSQ
988,070300,KR7070300009,퀀텀레일,KOSDAQ,벤처기업부,1838,1,93,5.33,1778,1894,1681,411562,732474010,65294451902,35524729,KSQ
989,004780,KR7004780003,대륙제관,KOSDAQ,우량기업부,4100,2,-35,-0.85,4145,4145,4090,9826,40311690,65203115900,15903199,KSQ
990,136150,KR7136150000,원일티엔아이,KOSDAQ,벤처기업부,7770,1,90,1.17,7670,8140,7670,8591,68223790,65120603100,8381030,KSQ
991,123420,KR7123420002,위메이드플레이,KOSDAQ,우량기업부,6250,2,-80,-1.26,6340,6390,6240,8043,50763990,65006506250,10401041,KSQ
992,111710,KR7111710000,남화산업,KOSDAQ,중견기업부,3155,2,-25,-0.79,3180,3260,3150,75500,240763290,64955140000,20588000,KSQ
993,424960,KR7424960003,스마트레이더시스템,KOSDAQ,기술성장기업부,3940,1,30,0.77,3910,3980,3900,6204,24397565,64951333400,16485110,KSQ
994,412350,KR7412350001,레이저쎌,KOSDAQ,기술성장기업부,4430,1,190,4.48,4320,4680,4260,134724,597044522,64691480490,14603043,KSQ
995,014970,KR7014970008,삼륭물산,KOSDAQ,중견기업부,4360,2,-40,-0.91,4385,4400,4325,7721,33750275,64637000000,14825000,KSQ
996,241690,KR7241690007,유니테크노,KOSDAQ,우량기업부,2640,2,-5,-0.19,2640,2725,2635,17835,47420250,64602663840,24470706,KSQ
997,039010,KR7039010004,현대에이치티,KOSDAQ,우량기업부,7490,2,-120,-1.58,7680,7680,7440,10045,75319300,64601250000,8625000,KSQ
998,032540,KR7032540007,TJ미디어,KOSDAQ,우량기업부,3090,3,0,0.0,3080,3100,3065,1591,4909930,64573006170,20897413,KSQ
999,443250,KR7443250006,레뷰코퍼레이션,KOSDAQ,벤처기업부,5950,2,-30,-0.5,5900,5970,5870,812,4832590,64318411150,10809817,KSQ
1000,323350,KR7323350009,다원넥스뷰,KOSDAQ,기술성장기업부,8020,2,-20,-0.25,8190,8200,7980,8002,64687750,64246391440,8010772,KSQ
1001,365660,KR7365660000,레몬헬스케어,KOSDAQ,기술성장기업부,4765,2,-15,-0.31,4800,4940,4700,387342,1865772440,64115738635,13455559,KSQ
1002,303360,KR7303360002,프로티아,KOSDAQ,기술성장기업부,4955,1,70,1.43,4890,4995,4770,14581,71660120,63818987825,12879715,KSQ
1003,062970,KR7062970009,한국첨단소재,KOSDAQ,중견기업부,2235,0,0,0.0,0,0,0,0,0,63796526145,28544307,KSQ
1004,043650,KR7043650001,국순당,KOSDAQ,중견기업부,3560,2,-60,-1.66,3640,3640,3530,13762,48998400,63575562240,17858304,KSQ
1005,005670,KR7005670005,푸드웰,KOSDAQ,우량기업부,6340,2,-60,-0.94,6400,6420,6330,6963,44486600,63400000000,10000000,KSQ
1006,439580,KR7439580002,블루엠텍,KOSDAQ,기술성장기업부,1865,1,26,1.41,1789,1880,1789,69429,128411635,63123810155,33846547,KSQ
1007,010240,KR7010240000,흥국,KOSDAQ,우량기업부,5380,2,-20,-0.37,5420,5420,5320,3611,19353940,62978280000,11706000,KSQ
1008,059270,KR7059270009,해성에어로보틱스,KOSDAQ,기술성장기업부,5640,2,-40,-0.7,5690,5790,5600,17782,100293230,62972286360,11165299,KSQ
1009,216050,KR7216050005,인크로스,KOSDAQ,중견기업부,5160,2,-90,-1.71,5250,5270,5150,5292,27531780,62944889520,12198622,KSQ
1010,054300,KR7054300009,팬스타엔터프라이즈,KOSDAQ,벤처기업부,1087,2,-13,-1.18,1100,1117,1072,85576,94106926,62905717215,57870945,KSQ
1011,208370,KR7208370007,셀바스헬스케어,KOSDAQ,벤처기업부,2440,2,-15,-0.61,2460,2490,2435,34369,84263562,62806976160,25740564,KSQ
1012,039420,KR7039420005,케이엘넷,KOSDAQ,중견기업부,2735,1,40,1.48,2690,2760,2660,34177,92450810,62760028590,22946994,KSQ
1013,357580,KR7357580000,아모센스,KOSDAQ,기술성장기업부,5320,1,20,0.38,5260,5440,5260,16332,87497190,62721533840,11789762,KSQ
1014,044340,KR7044340008,위닉스,KOSDAQ,중견기업부,3505,2,-20,-0.57,3590,3590,3465,62384,219165865,62646354625,17873425,KSQ
1015,001840,KR7001840008,이화공영,KOSDAQ,관리종목(소속부없음),2215,0,0,0.0,0,0,0,0,0,62588831935,28256809,KSQ
1016,100590,KR7100590009,머큐리,KOSDAQ,중견기업부,3645,1,85,2.39,3580,3885,3560,140422,515173814,62473641525,17139545,KSQ
1017,411080,KR7411080005,샌즈랩,KOSDAQ,기술성장기업부,4090,1,20,0.49,4195,4220,4050,20065,82456215,62444639420,15267638,KSQ
1018,0004V0,KR70004V0003,엔비알모션,KOSDAQ,기술성장기업부,5660,2,-40,-0.7,5700,5800,5570,78881,447203570,62318773440,11010384,KSQ
1019,294090,KR7294090006,이오플로우,KOSDAQ,관리종목(소속부없음),1490,0,0,0.0,0,0,0,0,0,62295566450,41809105,KSQ
1020,320000,KR7320000003,한울반도체,KOSDAQ,중견기업부,9000,2,-120,-1.32,9150,9300,8910,66562,603212285,62223030000,6913670,KSQ
1021,039020,KR7039020003,이건홀딩스,KOSDAQ,중견기업부,2755,2,-65,-2.3,2780,2880,2720,117853,329075577,62220873295,22584709,KSQ
1022,448710,KR7448710004,코츠테크놀로지,KOSDAQ,벤처기업부,11760,1,210,1.82,11600,11800,11540,10542,123001660,62155033920,5285292,KSQ
1023,464490,KR7464490002,쿼드메디슨,KOSDAQ,기술성장기업부,5400,1,80,1.5,5450,5500,5240,8697,46974530,62003410200,11482113,KSQ
1024,155650,KR7155650005,와이엠씨,KOSDAQ,우량기업부,3265,1,245,8.11,2970,3540,2970,503123,1637732353,61951278870,18974358,KSQ
1025,420570,KR7420570004,제이투케이바이오,KOSDAQ,벤처기업부,10530,1,120,1.15,10400,10620,10160,45450,470789485,61573995990,5847483,KSQ
1026,094850,KR7094850005,참좋은여행,KOSDAQ,우량기업부,4395,2,-40,-0.9,4430,4455,4395,12972,57221470,61530000000,14000000,KSQ
1027,318160,KR7318160009,셀바이오휴먼텍,KOSDAQ,벤처기업부,6570,2,-230,-3.38,6790,6900,6440,34679,227868080,61347460410,9337513,KSQ
1028,226340,KR7226340008,본느,KOSDAQ,관리종목(소속부없음),7310,1,710,10.76,7230,7940,6530,3661275,26515460080,61334438040,8390484,KSQ
1029,419080,KR7419080007,엔젯,KOSDAQ,기술성장기업부,5640,2,-90,-1.57,5700,5890,5460,37540,210902090,61317047880,10871817,KSQ
1030,175140,KR7175140003,아고스,KOSDAQ,투자주의환기종목(소속부없음),2455,1,85,3.59,2395,2525,2375,58524,144330875,61238141115,24944253,KSQ
1031,459550,KR7459550000,알트,KOSDAQ,중견기업부,2425,1,35,1.46,2390,2590,2380,4237611,10550316528,61160345425,25220761,KSQ
1032,064240,KR7064240005,홈캐스트,KOSDAQ,벤처기업부,1760,2,-5,-0.28,1751,1798,1708,41239,72142234,61061881760,34694251,KSQ
1033,037440,KR7037440005,희림,KOSDAQ,우량기업부,4385,1,15,0.34,4280,4590,4200,1328378,5900910397,61050052875,13922475,KSQ
1034,203400,KR7203400007,에이비온,KOSDAQ,관리종목(소속부없음),676,0,0,0.0,0,0,0,0,0,60908481504,90101304,KSQ
1035,049470,KR7049470008,비트플래닛,KOSDAQ,중견기업부,2585,2,-10,-0.39,2535,2690,2405,225547,563777527,60863563915,23544899,KSQ
1036,299660,KR7299660001,셀리드,KOSDAQ,기술성장기업부,2060,2,-100,-4.63,2100,2205,2010,1763538,3691409964,60776132620,29502977,KSQ
1037,333620,KR7333620003,엔시스,KOSDAQ,벤처기업부,5520,1,150,2.79,5370,5530,5370,3341,18286720,60708463200,10997910,KSQ
1038,191420,KR7191420009,테고사이언스,KOSDAQ,벤처기업부,7480,2,-100,-1.32,7570,7700,7410,1360,10233650,60654078320,8108834,KSQ
1039,066670,KR7066670001,디티씨,KOSDAQ,중견기업부,3240,2,-35,-1.07,3275,3335,3210,22698,74512820,60561814320,18691918,KSQ
1040,008370,KR7008370009,원풍,KOSDAQ,우량기업부,5040,3,0,0.0,5040,5090,4955,1818,9152645,60480000000,12000000,KSQ
1041,033320,KR7033320003,제이씨현시스템,KOSDAQ,벤처기업부,3150,1,5,0.16,3165,3185,3125,44586,140551325,60210460800,19114432,KSQ
1042,294140,KR7294140009,레몬,KOSDAQ,관리종목(소속부없음),2415,2,-5,-0.21,2425,2620,2270,32933,80356820,60169285470,24914818,KSQ
1043,187420,KR7187420005,HLB제넥스,KOSDAQ,기술성장기업부,1841,2,-20,-1.07,1861,1889,1836,79883,147825043,60099347427,32644947,KSQ
1044,095270,KR7095270005,웨이브일렉트로,KOSDAQ,벤처기업부,4175,1,15,0.36,4160,4255,4110,4776,19824460,60004795050,14372406,KSQ
1045,050960,KR7050960004,수산아이앤티,KOSDAQ,벤처기업부,8860,2,-130,-1.45,8920,9040,8800,570,5055120,59813860000,6751000,KSQ
1046,082210,KR7082210006,옵트론텍,KOSDAQ,중견기업부,1710,1,2,0.12,1708,1723,1658,21803,37110873,59787294300,34963330,KSQ
1047,016250,KR7016250003,SGC E&C,KOSDAQ,중견기업부,11810,2,-110,-0.92,11920,11920,11680,1086,12816280,59486804660,5036986,KSQ
1048,039610,KR7039610001,화성밸브,KOSDAQ,우량기업부,5710,2,-200,-3.38,5820,5950,5660,130341,752603955,59443384000,10410400,KSQ
1049,291230,KR7291230001,컴투스엔,KOSDAQ,중견기업부,2475,2,-15,-0.6,2565,2620,2380,58077,143095100,59427796725,24011231,KSQ
1050,033230,KR7033230004,인성정보,KOSDAQ,중견기업부,1175,2,-31,-2.57,1206,1213,1171,183837,218801794,59355571500,50515380,KSQ
1051,053620,KR7053620001,태양,KOSDAQ,우량기업부,6900,2,-80,-1.15,6980,7040,6880,12777,88537970,59340000000,8600000,KSQ
1052,089850,KR7089850002,유비벨록스,KOSDAQ,우량기업부,4025,2,-15,-0.37,4035,4110,3970,4975,20130137,59289050975,14730199,KSQ
1053,049480,KR7049480007,오픈베이스,KOSDAQ,우량기업부,1879,2,-27,-1.42,1958,1958,1878,72427,137754912,59042657657,31422383,KSQ
1054,060310,KR7060310000,3S,KOSDAQ,벤처기업부,1110,1,2,0.18,1088,1205,1085,181819,206936003,58895534400,53059040,KSQ
1055,003310,KR7003310000,대주산업,KOSDAQ,우량기업부,1662,2,-18,-1.07,1680,1700,1660,176248,296535678,58822085700,35392350,KSQ
1056,215360,KR7215360009,우리산업,KOSDAQ,우량기업부,6430,2,-100,-1.53,6630,6680,6380,20252,130627355,58719808090,9132163,KSQ
1057,036090,KR7036090009,위지트,KOSDAQ,중견기업부,1378,2,-41,-2.89,1426,1426,1377,154147,214696626,58634608292,42550514,KSQ
1058,263600,KR7263600009,덕우전자,KOSDAQ,중견기업부,3675,2,-60,-1.61,3735,3780,3650,24126,89331385,58543889250,15930310,KSQ
1059,126880,KR7126880004,제이엔케이글로벌,KOSDAQ,우량기업부,2525,2,-35,-1.37,2560,2565,2520,30837,78252875,58499510575,23168123,KSQ
1060,045340,KR7045340007,토탈소프트,KOSDAQ,벤처기업부,6830,2,-40,-0.58,6870,6910,6820,24066,165552640,58451413200,8558040,KSQ
1061,122350,KR7122350002,삼기,KOSDAQ,중견기업부,1519,2,-8,-0.52,1527,1537,1504,362885,551323076,58237591132,38339428,KSQ
1062,014470,KR7014470009,부방,KOSDAQ,벤처기업부,969,1,3,0.31,957,971,942,19169,18328546,58190639940,60052260,KSQ
1063,065530,KR7065530008,와이어블,KOSDAQ,우량기업부,1216,1,20,1.67,1190,1219,1187,112817,135246782,58171930944,47838759,KSQ
1064,099520,KR7099520009,DGI,KOSDAQ,관리종목(소속부없음),1284,0,0,0.0,0,0,0,0,0,58141862016,45281824,KSQ
1065,067920,KR7067920009,이글루,KOSDAQ,우량기업부,5280,3,0,0.0,5450,5450,5250,16559,87580920,58059508320,10996119,KSQ
1066,214270,KR7214270001,FSN,KOSDAQ,중견기업부,1281,2,-23,-1.76,1316,1328,1280,83028,107681895,57967345716,45251636,KSQ
1067,024910,KR7024910002,경창산업,KOSDAQ,중견기업부,1600,2,-42,-2.56,1635,1663,1599,134461,219332255,57310408000,35819005,KSQ
1068,348150,KR7348150004,고바이오랩,KOSDAQ,기술성장기업부,2945,2,-115,-3.76,3060,3060,2940,29934,89083604,57188628105,19418889,KSQ
1069,007370,KR7007370000,진양제약,KOSDAQ,우량기업부,4025,2,-5,-0.12,4030,4060,3975,11554,46389370,56891712675,14134587,KSQ
1070,251630,KR7251630000,브이원텍,KOSDAQ,벤처기업부,3565,3,0,0.0,3630,3630,3500,11044,39242050,56836388590,15942886,KSQ
1071,024950,KR7024950008,삼천리자전거,KOSDAQ,중견기업부,4580,2,-20,-0.43,4605,4645,4570,42613,196158662,56792000000,12400000,KSQ
1072,033310,KR7033310004,엠투엔,KOSDAQ,중견기업부,1419,2,-19,-1.32,1438,1453,1406,88719,126117386,56720915064,39972456,KSQ
1073,053160,KR7053160008,프리엠스,KOSDAQ,중견기업부,9440,1,40,0.43,9500,9500,9180,6682,62767360,56640000000,6000000,KSQ
1074,010470,KR7010470003,오리콤,KOSDAQ,우량기업부,4725,2,-20,-0.42,4745,4760,4725,1991,9447725,56582111250,11975050,KSQ
1075,347860,KR7347860009,알체라,KOSDAQ,중견기업부,1342,2,-2,-0.15,1398,1398,1340,46561,62976669,56570194274,42153647,KSQ
1076,027050,KR7027050004,코리아나,KOSDAQ,중견기업부,1414,2,-7,-0.49,1409,1427,1392,84217,119062728,56560000000,40000000,KSQ
1077,459100,KR7459100004,위츠,KOSDAQ,중견기업부,4200,2,-70,-1.64,4270,4270,4190,16167,68188080,56557620000,13466100,KSQ
1078,263690,KR7263690000,디알젬,KOSDAQ,우량기업부,4990,2,-130,-2.54,5120,5120,4990,4802,24198655,56514793900,11325610,KSQ
1079,053270,KR7053270005,구영테크,KOSDAQ,우량기업부,2060,2,-30,-1.44,2070,2095,2000,34792,71289625,56465434300,27410405,KSQ
1080,291650,KR7291650000,츌립앤사이언스,KOSDAQ,기술성장기업부,1850,2,-31,-1.65,1865,1976,1850,11800,22373607,56461298850,30519621,KSQ
1081,241790,KR7241790005,티이엠씨씨엔에스,KOSDAQ,우량기업부,5640,2,-20,-0.35,5710,5730,5530,13187,74473720,56414855760,10002634,KSQ
1082,225190,KR7225190008,LK삼양,KOSDAQ,중견기업부,800,2,-10,-1.23,820,844,790,433680,352905828,56374752000,70468440,KSQ
1083,273640,KR7273640003,와이엠텍,KOSDAQ,벤처기업부,5120,1,50,0.99,5380,5380,5010,7145,36437935,56145920000,10966000,KSQ
1084,025550,KR7025550005,한국선재,KOSDAQ,중견기업부,2200,2,-40,-1.79,2240,2240,2195,42630,94312730,56130808800,25514004,KSQ
1085,460870,KR7460870009,에스엠씨지,KOSDAQ,벤처기업부,2795,2,-40,-1.41,2880,2880,2725,15439,43210530,56104884680,20073304,KSQ
1086,053050,KR7053050001,지에스이,KOSDAQ,우량기업부,1870,1,40,2.19,1805,1886,1805,104970,195957894,56076806390,29987597,KSQ
1087,054930,KR7054930003,유신,KOSDAQ,우량기업부,18690,1,160,0.86,18520,19100,18520,15798,297662340,56070000000,3000000,KSQ
1088,097800,KR7097800007,윈팩,KOSDAQ,중견기업부,2050,1,5,0.24,2055,2080,2005,28418,58419550,55944592250,27290045,KSQ
1089,228340,KR7228340006,동양파일,KOSDAQ,중견기업부,2790,2,-30,-1.06,2850,2855,2740,120151,336282529,55800000000,20000000,KSQ
1090,288180,KR7288180003,케이피항공산업,KOSDAQ,중견기업부,7520,2,-50,-0.66,7410,7720,7380,10741,81082710,55597330240,7393262,KSQ
1091,340930,KR7340930007,성원에너텍,KOSDAQ,관리종목(소속부없음),806,0,0,0.0,0,0,0,0,0,55513882710,68875785,KSQ
1092,036120,KR7036120004,서울평가정보,KOSDAQ,중견기업부,1577,2,-3,-0.19,1580,1589,1562,37683,59326489,55423665000,35145000,KSQ
1093,036670,KR7036670008,삼양케이씨아이,KOSDAQ,우량기업부,5150,2,-10,-0.19,5160,5190,5130,6442,33248460,55415030000,10760200,KSQ
1094,370090,KR7370090003,퓨런티어,KOSDAQ,기술성장기업부,6470,1,200,3.19,6220,6500,6210,16894,107968210,55362690100,8556830,KSQ
1095,040610,KR7040610008,SG&G,KOSDAQ,중견기업부,3240,2,-10,-0.31,3220,3295,3210,19408,63099220,55221257520,17043598,KSQ
1096,347740,KR7347740003,피엔케이피부임상연구센타,KOSDAQ,벤처기업부,1840,2,-42,-2.23,1882,1945,1816,88199,162668005,55219459840,30010576,KSQ
1097,046940,KR7046940003,우원개발,KOSDAQ,우량기업부,3055,3,0,0.0,3090,3125,3015,68750,211202830,55217139250,18074350,KSQ
1098,408470,KR7408470003,한패스,KOSDAQ,중견기업부,5210,1,30,0.58,5120,5220,5120,18524,95996610,55080120000,10572000,KSQ
1099,217480,KR7217480003,에스디생명공학,KOSDAQ,투자주의환기종목(소속부없음),499,0,0,0.0,0,0,0,0,0,54756837359,109733141,KSQ
1100,352910,KR7352910004,오비고,KOSDAQ,기술성장기업부,4320,2,-25,-0.58,4330,4515,4000,22244,96368437,54595304640,12637802,KSQ
1101,117670,KR7117670000,알파칩스,KOSDAQ,벤처기업부,8150,1,80,0.99,8200,8200,8020,4384,35608300,54293197300,6661742,KSQ
1102,453860,KR7453860009,에이에스텍,KOSDAQ,벤처기업부,8410,2,-110,-1.29,8520,8520,8360,2102,17674750,54197597430,6444423,KSQ
1103,104620,KR7104620000,노랑풍선,KOSDAQ,중견기업부,3220,2,-50,-1.53,3245,3260,3150,16198,51879408,54129977440,16810552,KSQ
1104,238090,KR7238090005,앤디포스,KOSDAQ,벤처기업부,1775,2,-55,-3.01,1751,1790,1751,20785,36719892,54120531000,30490440,KSQ
1105,042110,KR7042110007,에스씨디,KOSDAQ,우량기업부,1111,1,44,4.12,1062,1120,1061,285656,312019539,53694145604,48329564,KSQ
1106,452400,KR7452400005,이닉스,KOSDAQ,우량기업부,5900,1,20,0.34,5830,5940,5790,9798,57239405,53521425200,9071428,KSQ
1107,094940,KR7094940004,푸른로보틱스,KOSDAQ,벤처기업부,6400,2,-190,-2.88,6660,6660,6380,61443,399708075,53512870400,8361386,KSQ
1108,088910,KR7088910005,동우팜투테이블,KOSDAQ,우량기업부,2075,2,-5,-0.24,2080,2090,2055,43544,90047295,53372660300,25721764,KSQ
1109,104540,KR7104540000,코렌텍,KOSDAQ,기술성장기업부,3975,1,10,0.25,3975,4025,3930,9785,39012170,53294454750,13407410,KSQ
1110,065170,KR7065170003,비엘팜텍,KOSDAQ,투자주의환기종목(소속부없음),1908,1,45,2.42,1863,1964,1845,359578,678727760,53259517044,27913793,KSQ
1111,435570,KR7435570007,에르코스,KOSDAQ,벤처기업부,6990,2,-90,-1.27,6900,6990,6900,753,5236680,53242711170,7616983,KSQ
1112,192250,KR7192250009,케이사인,KOSDAQ,벤처기업부,7530,2,-20,-0.26,7700,7700,7460,4531,34197015,53215451250,7067125,KSQ
1113,060570,KR7060570009,드림어스컴퍼니,KOSDAQ,중견기업부,3565,1,190,5.63,3390,3600,3390,10272,36142240,52834419410,14820314,KSQ
1114,376290,KR7376290003,씨유테크,KOSDAQ,벤처기업부,2990,1,25,0.84,2970,3010,2955,23581,70430200,52795925000,17657500,KSQ
1115,092300,KR7092300003,현우산업,KOSDAQ,우량기업부,2605,2,-5,-0.19,2615,2655,2580,66858,174970311,52490413955,20149871,KSQ
1116,170790,KR7170790000,파이오링크,KOSDAQ,우량기업부,8200,2,-30,-0.36,8250,8300,8130,3715,30478680,52458147000,6397335,KSQ
1117,056360,KR7056360001,코위버,KOSDAQ,벤처기업부,5330,2,-50,-0.93,5390,5640,5110,53939,291342710,52216944000,9796800,KSQ
1118,262260,KR7262260003,에이프로,KOSDAQ,우량기업부,3460,1,50,1.47,3420,3590,3330,41889,142900081,52168703600,15077660,KSQ
1119,043710,KR7043710003,코스리거글로벌,KOSDAQ,중견기업부,3010,1,45,1.52,2965,3140,2935,2572,7646400,52110631020,17312502,KSQ
1120,317530,KR7317530004,에피소드컴퍼니,KOSDAQ,기술성장기업부,2970,1,50,1.71,2865,2995,2865,897,2656432,51959799540,17494882,KSQ
1121,039240,KR7039240007,경남스틸,KOSDAQ,우량기업부,1922,2,-11,-0.57,1935,1937,1915,13576,26156066,51854798888,26979604,KSQ
1122,314140,KR7314140005,알피바이오,KOSDAQ,우량기업부,5970,2,-70,-1.16,6040,6040,5850,10225,60735530,51738175170,8666361,KSQ
1123,299170,KR7299170001,더블유에스아이,KOSDAQ,중견기업부,1244,2,-3,-0.24,1247,1287,1242,88656,111146573,51640042272,41511288,KSQ
1124,311690,KR7311690002,CJ 바이오사이언스,KOSDAQ,기술성장기업부,3950,1,100,2.6,4000,4030,3900,8003,31856090,51608574900,13065462,KSQ
1125,027830,KR7027830009,대성창투,KOSDAQ,중견기업부,955,2,-1,-0.1,957,964,947,20429,19466567,51570000000,54000000,KSQ
1126,317830,KR7317830008,에스피시스템스,KOSDAQ,벤처기업부,4775,1,5,0.1,4775,4850,4705,14295,68447745,51444980950,10773818,KSQ
1127,105760,KR7105760003,포스뱅크,KOSDAQ,우량기업부,5040,1,20,0.4,5040,5080,4970,42379,213400475,51362070480,10190887,KSQ
1128,217500,KR7217500008,러셀,KOSDAQ,벤처기업부,1612,1,19,1.19,1593,1625,1593,15282,24648610,51280944000,31812000,KSQ
1129,015710,KR7015710007,코콤,KOSDAQ,우량기업부,2915,1,40,1.39,2875,2975,2840,22352,64933751,51101407500,17530500,KSQ
1130,0013V0,KR70013V0002,삼진식품,KOSDAQ,중견기업부,5150,2,-130,-2.46,5200,5200,5060,22731,116693430,51081078400,9918656,KSQ
1131,260930,KR7260930003,씨티케이,KOSDAQ,중견기업부,2635,1,5,0.19,2630,2660,2580,7999,20878353,50965092285,19341591,KSQ
1132,019990,KR7019990001,에너토크,KOSDAQ,중견기업부,5190,3,0,0.0,5100,5260,5070,38340,198952405,50634096720,9756088,KSQ
1133,391710,KR7391710001,코닉오토메이션,KOSDAQ,벤처기업부,1187,2,-2,-0.17,1220,1220,1170,13708,16294185,50590497890,42620470,KSQ
1134,393970,KR7393970009,대진첨단소재,KOSDAQ,관리종목(소속부없음),2825,0,0,0.0,0,0,0,0,0,50428566500,17850820,KSQ
1135,060560,KR7060560000,HC홈센타,KOSDAQ,중견기업부,1974,1,3,0.15,1971,1990,1966,2789,5526153,50115913974,25388001,KSQ
1136,256630,KR7256630005,포인트엔지니어링,KOSDAQ,벤처기업부,4320,1,30,0.7,4290,4335,4200,3165,13365055,50109468480,11599414,KSQ
1137,463480,KR7463480004,모티브링크,KOSDAQ,중견기업부,4030,2,-30,-0.74,3965,4100,3965,13281,53320950,49933142740,12390358,KSQ
1138,246690,KR7246690002,TS인베스트먼트,KOSDAQ,중견기업부,2090,1,132,6.74,1953,2140,1953,281039,580396798,49696383660,23778174,KSQ
1139,014950,KR7014950000,삼익제약,KOSDAQ,벤처기업부,4935,2,-65,-1.3,5130,5130,4930,35927,178562865,49683546780,10067588,KSQ
1140,315640,KR7315640003,딥노이드,KOSDAQ,기술성장기업부,1687,2,-23,-1.35,1740,1740,1650,51444,86807879,49550955384,29372232,KSQ
1141,071670,KR7071670004,에이테크솔루션,KOSDAQ,중견기업부,4945,2,-5,-0.1,5020,5020,4900,6383,31567993,49450000000,10000000,KSQ
1142,037950,KR7037950003,엘컴텍,KOSDAQ,중견기업부,2910,2,-25,-0.85,2935,2935,2865,14718,42494675,49148453730,16889503,KSQ
1143,038010,KR7038010005,제일테크노스,KOSDAQ,우량기업부,5460,2,-90,-1.62,5550,5550,5450,13057,71597980,49140000000,9000000,KSQ
1144,340810,KR7340810001,시선AI,KOSDAQ,기술성장기업부,3590,1,95,2.72,3615,3635,3455,193442,686852370,48985463840,13644976,KSQ
1145,179900,KR7179900006,유티아이,KOSDAQ,투자주의환기종목(소속부없음),2475,2,-90,-3.51,2565,2765,2460,177769,462713965,48981269700,19790412,KSQ
1146,122310,KR7122310006,제노레이,KOSDAQ,우량기업부,3360,2,-20,-0.59,3380,3390,3300,3402,11361710,48900915840,14553844,KSQ
1147,317690,KR7317690006,퀀타매트릭스,KOSDAQ,기술성장기업부,2425,2,-15,-0.61,2450,2485,2385,45943,110940405,48827445325,20135029,KSQ
1148,046210,KR7046210001,HLB파나진,KOSDAQ,벤처기업부,1071,2,-30,-2.72,1100,1100,1068,73179,78549821,48760445160,45527960,KSQ
1149,317870,KR7317870004,엔바이오니아,KOSDAQ,기술성장기업부,5490,2,-40,-0.72,5380,5530,5310,4211,22808130,48542003550,8841895,KSQ
1150,317850,KR7317850006,대모,KOSDAQ,벤처기업부,5810,2,-10,-0.17,5720,5900,5660,19872,114695370,48364880200,8324420,KSQ
1151,109080,KR7109080002,옵티시스,KOSDAQ,벤처기업부,8550,2,-20,-0.23,8570,8610,8300,12284,103772090,48187800000,5636000,KSQ
1152,053980,KR7053980009,오상자이엘,KOSDAQ,우량기업부,2525,1,20,0.8,2495,2540,2490,66746,167848259,47931527075,18982783,KSQ
1153,082660,KR7082660002,코스나인,KOSDAQ,관리종목(소속부없음),480,0,0,0.0,0,0,0,0,0,47827617120,99640869,KSQ
1154,418250,KR7418250007,시큐레터,KOSDAQ,관리종목(소속부없음),6550,0,0,0.0,0,0,0,0,0,47629012750,7271605,KSQ
1155,227950,KR7227950003,엔투텍,KOSDAQ,벤처기업부,1375,1,17,1.25,1359,1400,1311,130902,178417930,47448787375,34508209,KSQ
1156,145170,KR7145170007,노브랜드,KOSDAQ,중견기업부,2800,2,-60,-2.1,2900,2900,2800,22183,62696725,47343534000,16908405,KSQ
1157,063440,KR7063440002,SM Life Design,KOSDAQ,중견기업부,1044,2,-19,-1.79,1063,1067,1036,37037,38845032,47313416016,45319364,KSQ
1158,440290,KR7440290005,HB인베스트먼트,KOSDAQ,중견기업부,1709,2,-11,-0.64,1720,1724,1709,11555,19830003,47008488870,27506430,KSQ
1159,229000,KR7229000005,젠큐릭스,KOSDAQ,기술성장기업부,2005,1,195,10.77,1855,2175,1799,632612,1275788089,46973470825,23428165,KSQ
1160,023440,KR7023440001,제이스코홀딩스,KOSDAQ,관리종목(소속부없음),521,0,0,0.0,0,0,0,0,0,46964378481,90142761,KSQ
1161,099410,KR7099410003,동방선기,KOSDAQ,벤처기업부,3347,1,2,0.06,3305,3375,3275,85785,284620106,46858000000,14000000,KSQ
1162,053450,KR7053450003,세코닉스,KOSDAQ,우량기업부,3160,2,-30,-0.94,3160,3245,3145,49222,156543120,46745257480,14792803,KSQ
1163,277070,KR7277070009,린드먼아시아,KOSDAQ,중견기업부,3410,1,5,0.15,3405,3455,3360,6855,23183151,46689720000,13692000,KSQ
1164,129890,KR7129890000,앱코,KOSDAQ,벤처기업부,1025,2,-5,-0.49,1030,1037,1014,68438,69811251,46684242050,45545602,KSQ
1165,384470,KR7384470001,코어라인소프트,KOSDAQ,기술성장기업부,2600,1,30,1.17,2570,2620,2555,13832,35603672,46661399200,17946692,KSQ
1166,065130,KR7065130007,탑엔지니어링,KOSDAQ,중견기업부,2915,2,-5,-0.17,2925,2940,2865,21674,62987194,46651660000,16004000,KSQ
1167,361570,KR7361570005,알비더블유,KOSDAQ,중견기업부,1619,2,-2,-0.12,1611,1630,1559,130158,209679439,46535388129,28743291,KSQ
1168,143540,KR7143540003,영우디에스피,KOSDAQ,벤처기업부,1042,2,-43,-3.96,1076,1090,1042,92610,98848804,46473090590,44599895,KSQ
1169,068330,KR7068330000,일신바이오,KOSDAQ,중견기업부,1050,1,17,1.65,1033,1070,1024,59621,62684272,46426947000,44216140,KSQ
1170,072470,KR7072470008,우리산업홀딩스,KOSDAQ,중견기업부,2455,1,10,0.41,2445,2510,2435,6808,16668085,46368422155,18887341,KSQ
1171,476040,KR7476040001,오가노이드사이언스,KOSDAQ,기술성장기업부,7040,2,-60,-0.85,7170,7270,7000,12030,86186260,46363750400,6585760,KSQ
1172,081180,KR7081180002,쎄크,KOSDAQ,기술성장기업부,5240,1,90,1.75,5180,5360,5180,13515,71379550,46245803400,8825535,KSQ
1173,321260,KR7321260002,프로이천,KOSDAQ,벤처기업부,1639,3,0,0.0,1640,1677,1631,72890,120315403,46206825676,28192084,KSQ
1174,340360,KR7340360007,다보링크,KOSDAQ,투자주의환기종목(소속부없음),887,2,-3,-0.34,890,890,845,90505,78596183,46179678764,52062772,KSQ
1175,163280,KR7163280001,에어레인,KOSDAQ,기술성장기업부,3390,2,-15,-0.44,3405,3525,3345,32957,113329380,46114434420,13603078,KSQ
1176,471820,KR7471820001,셀로맥스사이언스,KOSDAQ,벤처기업부,4075,2,-10,-0.24,4075,4100,4015,222,906345,46059231925,11302879,KSQ
1177,094970,KR7094970001,제이엠티,KOSDAQ,벤처기업부,2745,2,-40,-1.44,2785,2795,2745,38552,106493115,45973918800,16748240,KSQ
1178,189980,KR7189980006,흥국에프엔비,KOSDAQ,우량기업부,1144,2,-4,-0.35,1141,1169,1138,7474,8548742,45917674088,40137827,KSQ
1179,136410,KR7136410008,아셈스,KOSDAQ,벤처기업부,4165,2,-45,-1.07,4220,4260,4165,4524,18971940,45894576490,11019106,KSQ
1180,048770,KR7048770002,TPC로보틱스,KOSDAQ,벤처기업부,2922,1,22,0.76,2870,2960,2870,48069,139800628,45869529702,15697991,KSQ
1181,051390,KR7051390003,YW,KOSDAQ,중견기업부,4020,1,30,0.75,3900,4120,3900,966,3833465,45648579360,11355368,KSQ
1182,286750,KR7286750005,나노실리칸첨단소재,KOSDAQ,투자주의환기종목(소속부없음),1425,0,0,0.0,0,0,0,0,0,45641121225,32028857,KSQ
1183,224110,KR7224110007,에이텍모빌리티,KOSDAQ,벤처기업부,8980,3,0,0.0,8880,9000,8840,1243,11049430,45621866280,5080386,KSQ
1184,198080,KR7198080004,캐프,KOSDAQ,우량기업부,2100,2,-55,-2.55,2145,2175,2095,114558,243122107,45223888500,21535185,KSQ
1185,084650,KR7084650001,랩지노믹스,KOSDAQ,관리종목(소속부없음),602,2,-5,-0.82,601,614,598,365805,220517385,44692473980,74239990,KSQ
1186,199550,KR7199550005,레이저옵텍,KOSDAQ,벤처기업부,3000,1,220,7.91,2785,3025,2720,68809,198090125,44537373000,14845791,KSQ
1187,127710,KR7127710002,아시아경제,KOSDAQ,중견기업부,1008,1,9,0.9,999,1008,995,6534,6547170,44401603680,44049210,KSQ
1188,159580,KR7159580000,제로투세븐,KOSDAQ,중견기업부,2215,1,35,1.61,2230,2235,2160,144687,318081556,44372288740,20032636,KSQ
1189,382150,KR7382150001,온코크로스,KOSDAQ,기술성장기업부,3400,2,-50,-1.45,3540,3540,3380,14571,50123940,44357603600,13046354,KSQ
1190,0010V0,KR70010V0005,제이피아이헬스케어,KOSDAQ,벤처기업부,8680,2,-50,-0.57,8700,9150,8530,2446,21233145,44314872000,5105400,KSQ
1191,373200,KR7373200005,엑스플러스,KOSDAQ,벤처기업부,1766,2,-53,-2.91,1798,1798,1725,3832,6796881,44226356542,25043237,KSQ
1192,460470,KR7460470008,아이빔테크놀로지,KOSDAQ,기술성장기업부,2920,2,-45,-1.52,2965,2990,2850,12492,36676105,44148560400,15119370,KSQ
1193,288330,KR7288330004,파라택시스코리아,KOSDAQ,관리종목(소속부없음),416,0,0,0.0,0,0,0,0,0,44129674368,106080948,KSQ
1194,052790,KR7052790003,액토즈소프트,KOSDAQ,중견기업부,4035,1,20,0.5,4100,4100,3980,11153,44813715,44080547145,10924547,KSQ
1195,050120,KR7050120005,ES큐브,KOSDAQ,중견기업부,3240,2,-55,-1.67,3295,3295,3215,1643,5358920,43947638640,13564086,KSQ
1196,072990,KR7072990005,에이치시티,KOSDAQ,우량기업부,3030,2,-65,-2.1,3115,3115,3025,20963,64346717,43929564180,14498206,KSQ
1197,007680,KR7007680002,대원,KOSDAQ,중견기업부,3320,1,20,0.61,3290,3345,3290,3460,11471960,43899490160,13222738,KSQ
1198,189860,KR7189860000,서전기전,KOSDAQ,벤처기업부,4525,2,-120,-2.58,4500,4740,4405,200091,911430006,43886979500,9698780,KSQ
1199,258610,KR7258610005,케일럼,KOSDAQ,중견기업부,1200,1,9,0.76,1191,1200,1167,14915,17816660,43782075600,36485063,KSQ
1200,263020,KR7263020000,디케이앤디,KOSDAQ,벤처기업부,3160,1,20,0.64,3160,3170,3130,29767,93833415,43722221360,13836146,KSQ
1201,066130,KR7066130006,하츠,KOSDAQ,우량기업부,3415,2,-5,-0.15,3395,3445,3395,12768,43666196,43712000000,12800000,KSQ
1202,082850,KR7082850009,우리바이오,KOSDAQ,중견기업부,897,0,0,0.0,0,0,0,0,0,43465550466,48456578,KSQ
1203,114450,KR7114450000,그린생명과학,KOSDAQ,벤처기업부,2170,2,-50,-2.25,2215,2240,2160,85654,187162170,43400000000,20000000,KSQ
1204,307280,KR7307280008,원바이오젠,KOSDAQ,벤처기업부,6110,2,-80,-1.29,6190,6350,6040,12426,76694245,43348170970,7094627,KSQ
1205,208860,KR7208860007,다산디엠씨,KOSDAQ,벤처기업부,1276,2,-5,-0.39,1270,1324,1200,97852,123247213,43320165548,33949973,KSQ
1206,190650,KR7190650002,코리아에셋투자증권,KOSDAQ,우량기업부,6780,3,0,0.0,6780,6880,6750,1600,10868330,43310640000,6388000,KSQ
1207,461030,KR7461030009,아이엠비디엑스,KOSDAQ,기술성장기업부,3020,1,15,0.5,3035,3055,2980,3856,11644170,43290241340,14334517,KSQ
1208,073110,KR7073110009,엘엠에스,KOSDAQ,벤처기업부,4865,1,80,1.67,4810,4895,4795,518,2501725,43277848075,8895755,KSQ
1209,065500,KR7065500001,오리엔트정공,KOSDAQ,중견기업부,1210,2,-2,-0.17,1205,1216,1191,51492,62079195,43248923520,35742912,KSQ
1210,355690,KR7355690009,에이텀,KOSDAQ,기술성장기업부,4510,1,110,2.5,4645,4645,4440,22564,101637758,43162454390,9570389,KSQ
1211,059100,KR7059100008,아이컴포넌트,KOSDAQ,벤처기업부,6080,2,-100,-1.62,6130,6180,6080,5241,32043310,42990828800,7070860,KSQ
1212,196300,KR7196300008,HLB펩,KOSDAQ,관리종목(소속부없음),4520,2,-160,-3.42,4680,4690,4470,7995,36364435,42912640440,9493947,KSQ
1213,261520,KR7261520001,이지스,KOSDAQ,기술성장기업부,4165,3,0,0.0,4165,4195,4055,5704,23596360,42807037000,10277800,KSQ
1214,131400,KR7131400004,이브이첨단소재,KOSDAQ,관리종목(소속부없음),717,2,-11,-1.51,715,750,710,905101,656254470,42727379394,59591882,KSQ
1215,424980,KR7424980001,마이크로투나노,KOSDAQ,기술성장기업부,7200,2,-50,-0.69,7040,7390,7040,4067,29549290,42616008000,5918890,KSQ
1216,273060,KR7273060004,와이즈버즈,KOSDAQ,중견기업부,864,0,0,0.0,0,0,0,0,0,42460657920,49144280,KSQ
1217,089790,KR7089790000,제이티,KOSDAQ,벤처기업부,4100,2,-5,-0.12,4120,4165,4075,23939,98434225,42293603300,10315513,KSQ
1218,466410,KR7466410008,사이냅소프트,KOSDAQ,벤처기업부,8390,2,-110,-1.29,8500,8540,8390,2845,23952455,42260622970,5037023,KSQ
1219,140520,KR7140520008,대창스틸,KOSDAQ,중견기업부,1999,2,-1,-0.05,2000,2015,1996,4157,8313049,42197376757,21109243,KSQ
1220,219550,KR7219550001,디와이디,KOSDAQ,관리종목(소속부없음),1091,1,8,0.74,1100,1145,1070,31573,34630293,42192522296,38673256,KSQ
1221,479960,KR7479960007,위너스일렉,KOSDAQ,중견기업부,5920,2,-100,-1.66,5910,6050,5910,3278,19617730,42185920000,7126000,KSQ
1222,037230,KR7037230000,한국팩키지,KOSDAQ,우량기업부,1415,2,-2,-0.14,1405,1420,1383,20365,28585944,42167462705,29800327,KSQ
1223,083550,KR7083550004,케이엠,KOSDAQ,중견기업부,3110,2,-55,-1.74,3210,3240,3105,12859,41162615,42159673150,13556165,KSQ
1224,450330,KR7450330006,하스,KOSDAQ,기술성장기업부,5140,1,40,0.78,5000,5160,4975,12403,62980400,42080373020,8186843,KSQ
1225,218150,KR7218150001,미래생명자원,KOSDAQ,벤처기업부,2060,1,50,2.49,2035,2095,2020,228715,470546124,42056552120,20415802,KSQ
1226,178780,KR7178780003,일월지엠엘,KOSDAQ,벤처기업부,2255,1,5,0.22,2255,2345,2185,26939,60819235,42031384725,18639195,KSQ
1227,014190,KR7014190003,원익큐브,KOSDAQ,우량기업부,1184,2,-6,-0.5,1172,1217,1172,15840,18793417,41907764064,35395071,KSQ
1228,033340,KR7033340001,좋은사람들,KOSDAQ,관리종목(소속부없음),430,2,-31,-6.72,459,470,428,2023982,899970279,41688739940,96950558,KSQ
1229,189690,KR7189690001,포시에스,KOSDAQ,벤처기업부,1523,1,2,0.13,1520,1540,1471,21943,32985032,41611358787,27321969,KSQ
1230,002290,KR7002290005,삼일기업공사,KOSDAQ,우량기업부,3355,1,15,0.45,3365,3365,3340,2329,7808230,41602000000,12400000,KSQ
1231,222420,KR7222420002,쎄노텍,KOSDAQ,벤처기업부,858,2,-8,-0.92,899,899,852,85808,74084623,41543092734,48418523,KSQ
1232,900250,KYG2115T1076,크리스탈신소재,KOSDAQ,외국기업(소속부없음),1159,2,-15,-1.28,1154,1183,1154,66618,77947554,41509586159,35815001,KSQ
1233,373160,KR7373160001,데이원컴퍼니,KOSDAQ,기술성장기업부,3005,1,15,0.5,2990,3065,2940,4210,12604750,41491444345,13807469,KSQ
1234,238120,KR7238120000,얼라인드,KOSDAQ,기술성장기업부,2910,2,-65,-2.18,2920,2945,2855,45694,131793565,41375177340,14218274,KSQ
1235,052220,KR7052220001,iMBC,KOSDAQ,중견기업부,1798,2,-19,-1.05,1817,1836,1794,15161,27502809,41354000000,23000000,KSQ
1236,123010,KR7123010001,MSDI,KOSDAQ,기술성장기업부,2040,1,10,0.49,2020,2065,2010,34491,69983435,41240164680,20215767,KSQ
1237,150900,KR7150900009,파수AI,KOSDAQ,벤처기업부,3520,1,5,0.14,3515,3610,3445,26783,93511705,41197805440,11703922,KSQ
1238,056700,KR7056700008,신화인터텍,KOSDAQ,중견기업부,1409,1,3,0.21,1406,1419,1404,5088,7176615,41051343219,29135091,KSQ
1239,038060,KR7038060000,루멘스,KOSDAQ,중견기업부,851,1,21,2.53,831,889,831,162947,140401074,40935711719,48103069,KSQ
1240,042940,KR7042940007,상지건설,KOSDAQ,중견기업부,5970,2,-40,-0.67,5960,6200,5930,43001,259535390,40767410640,6828712,KSQ
1241,088280,KR7088280003,쏘닉스,KOSDAQ,기술성장기업부,2350,1,110,4.91,2240,2365,2240,27845,64623898,40670251500,17306490,KSQ
1242,234100,KR7234100006,폴라리스세원,KOSDAQ,우량기업부,2785,2,-15,-0.54,2780,2795,2755,4014,11126865,40665556260,14601636,KSQ
1243,038070,KR7038070009,서린바이오,KOSDAQ,중견기업부,4365,2,-80,-1.8,4395,4440,4360,13001,57192534,40597450740,9300676,KSQ
1244,263810,KR7263810004,상신전자,KOSDAQ,중견기업부,2540,2,-30,-1.17,2540,2565,2530,9927,25292109,40449055500,15924825,KSQ
1245,256150,KR7256150004,한독크린텍,KOSDAQ,벤처기업부,4795,3,0,0.0,4790,4795,4720,2772,13254951,40254025000,8395000,KSQ
1246,261200,KR7261200000,덴티스,KOSDAQ,중견기업부,2545,2,-25,-0.97,2570,2640,2530,9397,24084295,40235686500,15809700,KSQ
1247,086040,KR7086040003,바이오톡스텍,KOSDAQ,벤처기업부,2520,1,35,1.41,2485,2530,2470,8267,20779595,40214782440,15958247,KSQ
1248,413640,KR7413640004,비아이매트릭스,KOSDAQ,벤처기업부,5580,2,-160,-2.79,5570,5720,5560,15379,85953690,40214725200,7206940,KSQ
1249,086060,KR7086060001,진바이오텍,KOSDAQ,중견기업부,4670,2,-10,-0.21,4625,4725,4625,11846,55328903,40211441290,8610587,KSQ
1250,043910,KR7043910009,자연과환경,KOSDAQ,벤처기업부,3525,2,-175,-4.73,3715,3775,3435,198331,707955652,39970486125,11339145,KSQ
1251,290670,KR7290670009,대보마그네틱,KOSDAQ,중견기업부,5070,1,120,2.42,4950,5150,4950,4243,21533330,39838336200,7857660,KSQ
1252,046310,KR7046310009,백금T&A,KOSDAQ,우량기업부,2425,1,40,1.68,2395,2430,2365,24111,58054435,39815204425,16418641,KSQ
1253,072770,KR7072770001,멤레이비티,KOSDAQ,중견기업부,959,1,50,5.5,909,969,900,574270,538392289,39810101982,41512098,KSQ
1254,064090,KR7064090004,인크레더블버즈,KOSDAQ,관리종목(소속부없음),798,0,0,0.0,0,0,0,0,0,39694710510,49742745,KSQ
1255,122690,KR7122690001,서진오토모티브,KOSDAQ,중견기업부,1718,2,-27,-1.55,1700,1749,1700,3795,6542586,39650007188,23079166,KSQ
1256,066900,KR7066900002,디에이피,KOSDAQ,관리종목(소속부없음),1742,2,-23,-1.3,1750,1750,1725,4483,7800369,39620924226,22744503,KSQ
1257,043340,KR7043340009,에쎈테크,KOSDAQ,중견기업부,833,2,-15,-1.77,850,850,831,31011,25996770,39567500000,47500000,KSQ
1258,199480,KR7199480005,뱅크웨어글로벌,KOSDAQ,기술성장기업부,3870,2,-80,-2.03,3950,3985,3715,21384,82262240,39460795560,10196588,KSQ
1259,025880,KR7025880006,케이씨피드,KOSDAQ,우량기업부,2355,2,-10,-0.42,2365,2380,2350,39328,92931424,39365845590,16715858,KSQ
1260,101240,KR7101240000,씨큐브,KOSDAQ,우량기업부,3465,2,-35,-1.0,3475,3505,3450,9011,31301965,39352185180,11357052,KSQ
1261,033170,KR7033170002,시그네틱스,KOSDAQ,중견기업부,2290,1,80,3.62,2295,2630,2210,2365499,5647417155,39263568270,17145663,KSQ
1262,171010,KR7171010002,램테크놀러지,KOSDAQ,벤처기업부,2735,1,5,0.18,2730,2830,2700,49716,137693997,39107086720,14298752,KSQ
1263,049830,KR7049830003,승일,KOSDAQ,중견기업부,6370,3,0,0.0,6360,6370,6260,2655,16754400,39061553440,6132112,KSQ
1264,250000,KR7250000007,보라티알,KOSDAQ,우량기업부,5780,1,90,1.58,5740,5780,5600,1334,7566240,39019236740,6750733,KSQ
1265,321820,KR7321820003,아티스트컴퍼니,KOSDAQ,기술성장기업부,2490,1,90,3.75,2400,2490,2375,9160,22271465,38822526240,15591376,KSQ
1266,060850,KR7060850005,영림원소프트랩,KOSDAQ,벤처기업부,4770,2,-95,-1.95,4830,4840,4745,4760,22779015,38784870000,8131000,KSQ
1267,278650,KR7278650007,HLB바이오스텝,KOSDAQ,중견기업부,2220,2,-95,-4.1,2315,2320,2215,25501,57411541,38699919120,17432396,KSQ
1268,263770,KR7263770000,유에스티,KOSDAQ,우량기업부,1632,2,-8,-0.49,1640,1640,1623,355,578536,38678680704,23700172,KSQ
1269,452200,KR7452200009,민테크,KOSDAQ,기술성장기업부,1589,1,53,3.45,1538,1650,1536,83060,130748624,38664819200,24332800,KSQ
1270,153460,KR7153460001,네이블,KOSDAQ,중견기업부,5920,2,-330,-5.28,6200,6200,5870,6908,41115775,38657682880,6530014,KSQ
1271,097870,KR7097870000,효성오앤비,KOSDAQ,중견기업부,4545,2,-40,-0.87,4525,4610,4525,4751,21580295,38587050000,8490000,KSQ
1272,014570,KR7014570006,고려제약,KOSDAQ,중견기업부,3500,1,40,1.16,3460,3550,3445,5348,18746300,38500000000,11000000,KSQ
1273,044960,KR7044960003,이글벳,KOSDAQ,중견기업부,3045,2,-45,-1.46,3095,3095,3045,17812,54584755,38494533735,12641883,KSQ
1274,100660,KR7100660000,서암기계공업,KOSDAQ,중견기업부,3045,2,-40,-1.3,3045,3090,3020,12770,38848585,38367000000,12600000,KSQ
1275,219420,KR7219420007,링크제니시스,KOSDAQ,기술성장기업부,3345,1,45,1.36,3300,3350,3230,20465,67411596,38365500915,11469507,KSQ
1276,177900,KR7177900008,쓰리에이로직스,KOSDAQ,기술성장기업부,3975,1,45,1.15,4000,4000,3910,5186,20418520,38269710000,9627600,KSQ
1277,051490,KR7051490001,나라엠앤디,KOSDAQ,우량기업부,2680,1,35,1.32,2630,2715,2630,12253,32822190,38056000000,14200000,KSQ
1278,221840,KR7221840002,하이즈항공,KOSDAQ,중견기업부,2035,1,42,2.11,1993,2075,1993,1514,3049955,38055641635,18700561,KSQ
1279,065440,KR7065440000,이루온,KOSDAQ,벤처기업부,1393,1,8,0.58,1385,1415,1370,72515,101200885,37994102860,27275020,KSQ
1280,042040,KR7042040006,케이피엠테크,KOSDAQ,중견기업부,4370,2,-35,-0.79,4375,4420,4310,5183,22607015,37892230670,8670991,KSQ
1281,019770,KR7019770007,서연탑메탈,KOSDAQ,우량기업부,3245,2,-15,-0.46,3280,3280,3205,6713,21654646,37804250000,11650000,KSQ
1282,090410,KR7090410002,덕신이피씨,KOSDAQ,우량기업부,819,0,0,0.0,0,0,0,0,0,37742873805,46084095,KSQ
1283,104200,KR7104200001,NHN벅스,KOSDAQ,중견기업부,2545,1,55,2.21,2490,2575,2470,30043,76099474,37736114750,14827550,KSQ
1284,221980,KR7221980006,케이디켐,KOSDAQ,우량기업부,9340,2,-20,-0.21,9290,9360,9170,1492,13733810,37685032000,4034800,KSQ
1285,186230,KR7186230009,그린플러스,KOSDAQ,벤처기업부,3450,2,-25,-0.72,3515,3520,3350,5508,18977074,37674648600,10920188,KSQ
1286,057540,KR7057540007,옴니시스템,KOSDAQ,관리종목(소속부없음),631,2,-4,-0.63,635,656,626,50471,32032860,37477783108,59394268,KSQ
1287,369370,KR7369370002,블리츠웨이엔터테인먼트,KOSDAQ,벤처기업부,3750,1,45,1.21,3700,3900,3635,10428,38811260,37403932500,9974382,KSQ
1288,046390,KR7046390001,삼화네트웍스,KOSDAQ,중견기업부,2165,1,45,2.12,2050,2200,2050,7701,16383650,37387759545,17269173,KSQ
1289,050860,KR7050860006,아세아텍,KOSDAQ,우량기업부,1657,2,-5,-0.3,1662,1662,1642,1624,2682152,37282500000,22500000,KSQ
1290,263700,KR7263700007,케어랩스,KOSDAQ,중견기업부,1906,2,-24,-1.24,1930,1930,1896,11998,22848007,37003465200,19414200,KSQ
1291,016600,KR7016600009,큐캐피탈,KOSDAQ,중견기업부,2640,1,20,0.76,2670,2730,2580,9296,24358745,36858626640,13961601,KSQ
1292,397810,KR7397810003,애드포러스,KOSDAQ,벤처기업부,7140,2,-10,-0.14,6780,7160,6780,8279,57640085,36847897800,5160770,KSQ
1293,123570,KR7123570004,이엠넷,KOSDAQ,중견기업부,1650,3,0,0.0,1660,1660,1638,840,1381991,36755528700,22276078,KSQ
1294,208710,KR7208710004,포톤,KOSDAQ,중견기업부,2770,2,-35,-1.25,2870,2870,2700,48573,134456157,36508965640,13180132,KSQ
1295,215380,KR7215380007,콜마바이오텍,KOSDAQ,중견기업부,2165,2,-50,-2.26,2175,2215,2160,11274,24579150,36436032040,16829576,KSQ
1296,352700,KR7352700009,씨앤투스,KOSDAQ,벤처기업부,1386,1,2,0.14,1377,1389,1377,9180,12691990,36419782014,26276899,KSQ
1297,318410,KR7318410008,비비씨,KOSDAQ,중견기업부,6550,2,-50,-0.76,6600,6700,6430,11634,76309010,36386841650,5555243,KSQ
1298,045060,KR7045060001,오공,KOSDAQ,우량기업부,2145,2,-10,-0.46,2150,2160,2120,11191,23925060,36340534230,16941974,KSQ
1299,393210,KR7393210000,토마토시스템,KOSDAQ,기술성장기업부,2325,2,-15,-0.64,2310,2440,2310,11889,27842296,36303814800,15614544,KSQ
1300,260660,KR7260660006,알리코제약,KOSDAQ,중견기업부,2360,2,-70,-2.88,2430,2430,2315,37888,89049987,36171769560,15327021,KSQ
1301,475460,KR7475460002,미트박스,KOSDAQ,벤처기업부,6400,1,100,1.59,6300,6410,6250,4740,30229585,36137760000,5646525,KSQ
1302,006920,KR7006920003,모헨즈,KOSDAQ,중견기업부,3300,2,-10,-0.3,3280,3360,3270,31671,104812830,36036000000,10920000,KSQ
1303,446840,KR7446840001,지슨,KOSDAQ,기술성장기업부,3270,2,-185,-5.35,3365,3365,3190,24488,79681770,36024334320,11016616,KSQ
1304,032960,KR7032960007,동일기연,KOSDAQ,중견기업부,2045,2,-25,-1.21,2075,2075,2020,426,869565,35977633875,17592975,KSQ
1305,284620,KR7284620002,카이노스메드,KOSDAQ,투자주의환기종목(소속부없음),1087,0,0,0.0,0,0,0,0,0,35965517911,33086953,KSQ
1306,206400,KR7206400004,베노티앤알,KOSDAQ,중견기업부,956,1,18,1.92,965,965,923,10184,9598757,35859711048,37510158,KSQ
1307,290120,KR7290120005,DH오토리드,KOSDAQ,중견기업부,2265,2,-25,-1.09,2290,2305,2260,2527,5749155,35844025905,15825177,KSQ
1308,196450,KR7196450001,코아시아씨엠,KOSDAQ,중견기업부,790,0,0,0.0,0,0,0,0,0,35802800000,45320000,KSQ
1309,035460,KR7035460005,기산텔레콤,KOSDAQ,벤처기업부,2395,1,50,2.13,2350,2430,2350,61446,147295845,35734214300,14920340,KSQ
1310,068940,KR7068940006,셀피글로벌,KOSDAQ,관리종목(소속부없음),778,0,0,0.0,0,0,0,0,0,35720093048,45912716,KSQ
1311,121890,KR7121890008,에스디시스템,KOSDAQ,중견기업부,2685,2,-60,-2.19,2690,2770,2515,293255,772889010,35687532510,13291446,KSQ
1312,408900,KR7408900009,스튜디오미르,KOSDAQ,중견기업부,1089,2,-12,-1.09,1110,1125,1081,31551,34663042,35667939681,32752929,KSQ
1313,270870,KR7270870009,뉴트리,KOSDAQ,중견기업부,3965,2,-55,-1.37,3990,4025,3925,4048,16002285,35664564390,8994846,KSQ
1314,204020,KR7204020002,그리티,KOSDAQ,우량기업부,1831,3,0,0.0,1831,1832,1799,31849,57886817,35614473392,19450832,KSQ
1315,332290,KR7332290006,누보,KOSDAQ,벤처기업부,897,0,0,0.0,0,0,0,0,0,35607533559,39696247,KSQ
1316,081580,KR7081580003,성우전자,KOSDAQ,중견기업부,2295,2,-25,-1.08,2385,2385,2220,14900,34187800,35591188185,15508143,KSQ
1317,024120,KR7024120008,KB오토시스,KOSDAQ,중견기업부,3090,2,-40,-1.28,3125,3145,3075,8421,26084030,35535000000,11500000,KSQ
1318,432430,KR7432430007,와이랩,KOSDAQ,기술성장기업부,2145,1,10,0.47,2135,2195,2125,1733,3712830,35410346400,16508320,KSQ
1319,133750,KR7133750000,메가엠디,KOSDAQ,중견기업부,1511,2,-3,-0.2,1501,1525,1449,2916,4312247,35368093347,23407077,KSQ
1320,203450,KR7203450002,유니온바이오메트릭스,KOSDAQ,벤처기업부,2510,2,-10,-0.4,2620,2620,2480,7035,17653015,35338307570,14079007,KSQ
1321,263050,KR7263050007,유틸렉스,KOSDAQ,관리종목(소속부없음),959,0,0,0.0,0,0,0,0,0,35324626904,36834856,KSQ
1322,184230,KR7184230001,SGA솔루션즈,KOSDAQ,벤처기업부,1865,2,-13,-0.69,1878,1906,1850,10908,20490247,35226080835,18887979,KSQ
1323,045510,KR7045510005,정원엔시스,KOSDAQ,중견기업부,1115,2,-6,-0.54,1124,1160,1100,66158,74906553,35100152055,31479957,KSQ
1324,052600,KR7052600004,한네트,KOSDAQ,중견기업부,3020,2,-10,-0.33,3090,3090,2965,9664,29038512,34922374000,11563700,KSQ
1325,226330,KR7226330009,신테카바이오,KOSDAQ,투자주의환기종목(소속부없음),1434,1,207,16.87,1229,1550,1229,1178309,1700645743,34786653150,24258475,KSQ
1326,387570,KR7387570005,파인메딕스,KOSDAQ,기술성장기업부,6180,1,40,0.65,6120,6240,6020,7601,46803730,34768062000,5625900,KSQ
1327,348080,KR7348080003,큐라티스,KOSDAQ,중견기업부,2710,2,-50,-1.81,2760,2820,2640,26268,71885960,34763210630,12827753,KSQ
1328,465480,KR7465480002,인스피언,KOSDAQ,벤처기업부,3415,1,155,4.75,3300,3425,3260,7452,24994260,34620491380,10137772,KSQ
1329,057030,KR7057030009,YBM넷,KOSDAQ,중견기업부,2120,2,-35,-1.62,2105,2160,2105,15353,32796838,34582917640,16312697,KSQ
1330,049120,KR7049120009,파인디앤씨,KOSDAQ,벤처기업부,3260,1,390,13.59,3720,3720,3085,239066,809711172,34561421380,10601663,KSQ
1331,363250,KR7363250002,진시스템,KOSDAQ,기술성장기업부,4055,1,10,0.25,4175,4280,3960,1279,5205945,34501489010,8508382,KSQ
1332,159910,KR7159910009,에코글로우,KOSDAQ,중견기업부,3295,1,25,0.76,3265,3300,3140,15261,49594220,34489084615,10467097,KSQ
1333,026040,KR7026040006,제이에스티나,KOSDAQ,중견기업부,2085,2,-60,-2.8,2170,2170,2065,107729,225075443,34410402150,16503790,KSQ
1334,335810,KR7335810008,프리시젼바이오,KOSDAQ,기술성장기업부,1566,1,101,6.89,1465,1567,1452,11836,18042413,34372926396,21949506,KSQ
1335,173940,KR7173940008,에프엔씨엔터,KOSDAQ,중견기업부,2225,2,-40,-1.77,2190,2290,2190,12739,28570975,34248997800,15392808,KSQ
1336,064480,KR7064480007,브리지텍,KOSDAQ,벤처기업부,2865,1,10,0.35,2855,2895,2835,21650,61890812,34243912500,11952500,KSQ
1337,419120,KR7419120001,산돌,KOSDAQ,중견기업부,2385,1,5,0.21,2380,2440,2335,5243,12439760,33922067265,14223089,KSQ
1338,039290,KR7039290002,인포뱅크,KOSDAQ,중견기업부,3895,1,95,2.5,3940,3940,3805,1215,4688010,33863044310,8693978,KSQ
1339,033540,KR7033540006,파라텍,KOSDAQ,중견기업부,3235,3,0,0.0,3200,3265,3200,3925,12707510,33803375510,10449266,KSQ
1340,317240,KR7317240000,TS트릴리온,KOSDAQ,벤처기업부,1149,1,28,2.5,1142,1171,1107,83063,94102152,33524040939,29176711,KSQ
1341,464280,KR7464280007,티디에스팜,KOSDAQ,중견기업부,6050,2,-120,-1.94,6170,6340,6040,29060,181037070,33456500000,5530000,KSQ
1342,348030,KR7348030008,모비릭스,KOSDAQ,중견기업부,3480,1,20,0.58,3460,3495,3360,46514,159811858,33421224000,9603800,KSQ
1343,064520,KR7064520000,테크엘,KOSDAQ,중견기업부,1495,2,-6,-0.4,1488,1500,1475,2796,4146168,33414837690,22351062,KSQ
1344,376980,KR7376980009,원티드랩,KOSDAQ,기술성장기업부,3420,2,-10,-0.29,3470,3470,3305,26167,88328850,33401067480,9766394,KSQ
1345,007530,KR7007530009,와이엠,KOSDAQ,중견기업부,1500,1,6,0.4,1494,1504,1493,5459,8172961,33381346500,22254231,KSQ
1346,148930,KR7148930001,에이치와이티씨,KOSDAQ,중견기업부,3275,2,-65,-1.95,3340,3375,3275,6220,20458250,33323822575,10175213,KSQ
1347,075130,KR7075130005,플랜티넷,KOSDAQ,벤처기업부,2055,1,10,0.49,2045,2075,2025,21546,43996108,33131367600,16122320,KSQ
1348,128540,KR7128540002,에코캡,KOSDAQ,우량기업부,1241,2,-26,-2.05,1364,1364,1241,10143,12791646,33122860860,26690460,KSQ
1349,220180,KR7220180004,폴라리스AI핸디,KOSDAQ,벤처기업부,1378,2,-20,-1.43,1387,1388,1323,4134,5601265,32976700276,23930842,KSQ
1350,452300,KR7452300007,캡스톤파트너스,KOSDAQ,중견기업부,2320,1,55,2.43,2300,2405,2210,162201,378336648,32873251600,14169505,KSQ
1351,037330,KR7037330008,인지디스플레,KOSDAQ,관리종목(소속부없음),747,2,-4,-0.53,755,780,743,13380,10055390,32782262328,43885224,KSQ
1352,239890,KR7239890007,피엔에이치테크,KOSDAQ,기술성장기업부,3295,2,-45,-1.35,3305,3350,3260,3971,13112792,32738312725,9935755,KSQ
1353,263920,KR7263920001,휴엠앤씨,KOSDAQ,중견기업부,3335,2,-10,-0.3,3365,3380,3335,669,2234925,32713101710,9809026,KSQ
1354,021650,KR7021650007,한국큐빅,KOSDAQ,중견기업부,1999,2,-46,-2.25,2040,2040,1997,13130,26266823,32684775437,16350563,KSQ
1355,025440,KR7025440009,DH오토웨어,KOSDAQ,투자주의환기종목(소속부없음),3350,2,-25,-0.74,3310,3375,3290,1660,5514825,32683417400,9756244,KSQ
1356,060540,KR7060540002,에스에이티,KOSDAQ,중견기업부,1250,1,22,1.79,1228,1255,1225,49648,61639557,32666167500,26132934,KSQ
1357,318020,KR7318020005,포인트모바일,KOSDAQ,벤처기업부,2645,2,-160,-5.7,2805,2805,2615,14584,38646704,32536864440,12301272,KSQ
1358,131090,KR7131090003,시큐브,KOSDAQ,벤처기업부,4245,1,155,3.79,4130,4275,4050,46223,194687535,32509148145,7658221,KSQ
1359,434480,KR7434480000,모니터랩,KOSDAQ,기술성장기업부,2640,2,-30,-1.12,2645,2720,2590,10379,27308100,32499192000,12310300,KSQ
1360,089140,KR7089140008,넥스턴앤롤코리아,KOSDAQ,벤처기업부,2120,1,40,1.92,2095,2190,2080,72128,152635576,32470416080,15316234,KSQ
1361,127980,KR7127980001,화인써키트,KOSDAQ,중견기업부,2735,1,5,0.18,2700,2865,2700,4451,12216640,32384270740,11840684,KSQ
1362,469750,KR7469750004,아이비젼웍스,KOSDAQ,벤처기업부,934,2,-18,-1.89,952,963,925,39823,37531638,32182353254,34456481,KSQ
1363,099220,KR7099220006,SDN,KOSDAQ,관리종목(소속부없음),511,0,0,0.0,0,0,0,0,0,32164562850,62944350,KSQ
1364,038950,KR7038950002,파인디지털,KOSDAQ,중견기업부,3150,3,0,0.0,3150,3210,3115,1332,4221520,32163909750,10210765,KSQ
1365,066360,KR7066360009,체리부로,KOSDAQ,우량기업부,670,0,0,0.0,0,0,0,0,0,32127850050,47952015,KSQ
1366,232830,KR7232830000,아이티센피엔에스,KOSDAQ,벤처기업부,1942,1,33,1.73,1912,1986,1901,10039,19530792,32108495892,16533726,KSQ
1367,271830,KR7271830002,팸텍,KOSDAQ,벤처기업부,1087,2,-7,-0.64,1094,1110,1081,62798,68586593,32055849574,29490202,KSQ
1368,105550,KR7105550008,엣지파운드리,KOSDAQ,중견기업부,2045,2,-55,-2.62,2110,2110,2000,104455,210908445,32027583450,15661410,KSQ
1369,065950,KR7065950008,웰크론,KOSDAQ,중견기업부,1133,1,25,2.26,1150,1150,1097,30206,33902981,31986065166,28231302,KSQ
1370,417860,KR7417860004,오브젠,KOSDAQ,벤처기업부,6790,2,-10,-0.15,6830,6990,6620,5302,35948950,31959891740,4706906,KSQ
1371,068050,KR7068050004,팬엔터테인먼트,KOSDAQ,중견기업부,1154,2,-14,-1.2,1140,1175,1140,16945,19520540,31958963704,27694076,KSQ
1372,476080,KR7476080007,M83,KOSDAQ,중견기업부,3955,2,-5,-0.13,3915,4030,3915,13801,54410100,31944535000,8077000,KSQ
1373,200780,KR7200780005,비씨월드제약,KOSDAQ,중견기업부,2995,2,-50,-1.64,3045,3045,2980,4697,14078475,31943654695,10665661,KSQ
1374,071850,KR7071850002,캐스텍코리아,KOSDAQ,투자주의환기종목(소속부없음),1315,2,-5,-0.38,1320,1320,1280,1872,2445344,31903133470,24260938,KSQ
1375,207760,KR7207760000,미스터블루,KOSDAQ,중견기업부,384,0,0,0.0,0,0,0,0,0,31902636672,83079783,KSQ
1376,311390,KR7311390009,네오크레마,KOSDAQ,벤처기업부,2520,1,35,1.41,2455,2545,2415,8814,21896730,31887548280,12653789,KSQ
1377,305090,KR7305090003,마이크로디지탈,KOSDAQ,기술성장기업부,1697,1,13,0.77,1685,1736,1671,106778,180870757,31818468298,18749834,KSQ
1378,087600,KR7087600003,픽셀플러스,KOSDAQ,벤처기업부,3890,1,115,3.05,3775,3890,3775,378,1447725,31767910620,8166558,KSQ
1379,290560,KR7290560002,파라택시스이더리움,KOSDAQ,벤처기업부,1411,2,-28,-1.95,1431,1492,1370,407201,578562236,31553812030,22362730,KSQ
1380,089150,KR7089150007,케이씨티,KOSDAQ,벤처기업부,1839,2,-22,-1.18,1853,1859,1838,16912,31265728,31538850000,17150000,KSQ
1381,296640,KR7296640006,이노에이엑스,KOSDAQ,벤처기업부,6070,2,-210,-3.34,6280,6400,6020,8662,52991725,31431989640,5178252,KSQ
1382,080520,KR7080520000,오디텍,KOSDAQ,벤처기업부,2775,1,10,0.36,2860,2980,2700,25924,72067015,31419707175,11322417,KSQ
1383,053950,KR7053950002,경남제약,KOSDAQ,중견기업부,1601,1,20,1.27,1581,1629,1581,21284,34085412,31411058049,19619649,KSQ
1384,037370,KR7037370004,EG,KOSDAQ,벤처기업부,3640,1,70,1.96,3570,3680,3540,3613,13131540,31394898080,8624972,KSQ
1385,031510,KR7031510001,오스템,KOSDAQ,중견기업부,1120,2,-17,-1.5,1122,1143,1095,131996,147296767,31360000000,28000000,KSQ
1386,258830,KR7258830009,세종메디칼,KOSDAQ,관리종목(소속부없음),412,0,0,0.0,0,0,0,0,0,31223976612,75786351,KSQ
1387,187270,KR7187270004,신화콘텍,KOSDAQ,벤처기업부,3070,2,-25,-0.81,3070,3190,3000,3076,9458385,31141604150,10143845,KSQ
1388,462310,KR7462310004,뉴키즈온,KOSDAQ,중견기업부,3940,1,60,1.55,3760,3950,3760,7211,27895360,31120503700,7898605,KSQ
1389,093380,KR7093380004,풍강,KOSDAQ,중견기업부,3150,1,40,1.29,3110,3200,3095,23325,73098581,31119835950,9879313,KSQ
1390,099390,KR7099390007,브레인즈컴퍼니,KOSDAQ,벤처기업부,3770,1,15,0.4,3755,3910,3700,11951,45555060,30945226910,8208283,KSQ
1391,012620,KR7012620001,원일특강,KOSDAQ,우량기업부,7030,2,-20,-0.28,7080,7080,7010,519,3658080,30932000000,4400000,KSQ
1392,078590,KR7078590007,휴림에이텍,KOSDAQ,중견기업부,3095,1,60,1.98,3025,3285,2965,224289,700965839,30924679805,9991819,KSQ
1393,197140,KR7197140007,디지캡,KOSDAQ,벤처기업부,2375,1,30,1.28,2350,2395,2300,12652,29946815,30906240750,13013154,KSQ
1394,368600,KR7368600003,아이씨에이치,KOSDAQ,기술성장기업부,1198,1,238,24.79,1248,1248,950,15782540,17460973460,30902907170,25795415,KSQ
1395,020180,KR7020180006,대신정보통신,KOSDAQ,중견기업부,4015,1,55,1.39,3965,4050,3965,9176,36659330,30858418745,7685783,KSQ
1396,109820,KR7109820001,진매트릭스,KOSDAQ,기술성장기업부,1512,2,-17,-1.11,1529,1579,1490,74150,112175869,30835183680,20393640,KSQ
1397,106240,KR7106240005,파인테크닉스,KOSDAQ,벤처기업부,1160,2,-23,-1.94,1192,1218,1149,15341,17978475,30835020240,26581914,KSQ
1398,088340,KR7088340005,유라클,KOSDAQ,벤처기업부,7060,1,60,0.86,6910,7140,6910,6183,43501805,30812438080,4364368,KSQ
1399,290090,KR7290090000,트윔,KOSDAQ,벤처기업부,4140,1,15,0.36,4445,4445,4005,1065,4376280,30803951520,7440568,KSQ
1400,452160,KR7452160005,제이엔비,KOSDAQ,중견기업부,3180,1,5,0.16,3140,3220,3125,2257,7104300,30583735860,9617527,KSQ
1401,033830,KR7033830001,티비씨,KOSDAQ,중견기업부,1617,2,-4,-0.25,1622,1632,1605,5428,8796088,30572829210,18907130,KSQ
1402,079170,KR7079170007,한창산업,KOSDAQ,우량기업부,5850,2,-10,-0.17,5840,5960,5740,6269,36483370,30420000000,5200000,KSQ
1403,097780,KR7097780001,에코볼트,KOSDAQ,중견기업부,1495,1,2,0.13,1500,1560,1481,17739,26805932,30338168055,20293089,KSQ
1404,246250,KR7246250005,에스엘에스바이오,KOSDAQ,관리종목(소속부없음),1969,0,0,0.0,0,0,0,0,0,30220617614,15348206,KSQ
1405,215090,KR7215090002,솔디펜스,KOSDAQ,벤처기업부,1303,1,18,1.4,1275,1332,1243,49197,63708687,30171826283,23155661,KSQ
1406,022220,KR7022220008,티케이지애강,KOSDAQ,관리종목(소속부없음),582,2,-7,-1.19,601,604,570,36309,21547307,30144444978,51794579,KSQ
1407,297570,KR7297570004,아틀라스링크,KOSDAQ,벤처기업부,869,0,0,0.0,0,0,0,0,0,30085838442,34621218,KSQ
1408,091970,KR7091970004,LSK아이로봇,KOSDAQ,중견기업부,3990,1,40,1.01,3950,4090,3670,35560,138199750,30063772200,7534780,KSQ
1409,050110,KR7050110006,캠시스,KOSDAQ,중견기업부,1028,3,0,0.0,1045,1066,1028,76453,80311146,30043118044,29224823,KSQ
1410,360350,KR7360350003,코셈,KOSDAQ,기술성장기업부,5520,1,20,0.36,5500,5750,5500,6047,33801360,30017594400,5437970,KSQ
1411,193250,KR7193250008,링크드,KOSDAQ,중견기업부,2245,2,-55,-2.39,2220,2365,2205,43581,99339417,30013254585,13368933,KSQ
1412,444530,KR7444530000,심플랫폼,KOSDAQ,기술성장기업부,4655,1,5,0.11,4650,4865,4580,1898,8932025,29939963830,6431786,KSQ
1413,407400,KR7407400001,꿈비,KOSDAQ,벤처기업부,2040,2,-15,-0.73,2035,2090,2020,26324,53825665,29854449360,14634534,KSQ
1414,351330,KR7351330006,이삭엔지니어링,KOSDAQ,벤처기업부,3590,1,80,2.28,3455,3650,3455,5590,19960940,29755786800,8288520,KSQ
1415,364950,KR7364950006,에이아이코리아,KOSDAQ,벤처기업부,3580,1,135,3.92,3390,3600,3390,23991,84325625,29701273100,8296445,KSQ
1416,318010,KR7318010006,팜스빌,KOSDAQ,벤처기업부,3730,1,10,0.27,3720,3735,3720,2344,8729430,29576430740,7929338,KSQ
1417,083660,KR7083660001,CSA 코스믹,KOSDAQ,중견기업부,2080,1,221,11.89,2045,2400,2035,2085032,4621523035,29574542400,14218530,KSQ
1418,458350,KR7458350006,에스팀,KOSDAQ,중견기업부,3405,2,-10,-0.29,3415,3455,3375,6124,20884670,29566296000,8683200,KSQ
1419,096630,KR7096630009,에스코넥,KOSDAQ,우량기업부,1862,2,-17,-0.9,1879,1909,1846,13526,25264908,29561713426,15876323,KSQ
1420,195500,KR7195500004,마니커에프앤지,KOSDAQ,중견기업부,1845,1,36,1.99,2350,2350,1820,3765921,7930948911,29479410000,15978000,KSQ
1421,363260,KR7363260001,모비데이즈,KOSDAQ,벤처기업부,916,0,0,0.0,0,0,0,0,0,29462012404,32163769,KSQ
1422,101670,KR7101670008,하이드로리튬,KOSDAQ,중견기업부,517,2,-4,-0.77,521,540,515,677626,356516509,29353805679,56777187,KSQ
1423,237820,KR7237820006,플레이디,KOSDAQ,중견기업부,2285,3,0,0.0,2285,2315,2235,19703,45037325,29310014900,12827140,KSQ
1424,075970,KR7075970004,동국알앤에스,KOSDAQ,중견기업부,1589,2,-11,-0.69,1595,1600,1577,11732,18615178,29237600000,18400000,KSQ
1425,464580,KR7464580000,닷밀,KOSDAQ,기술성장기업부,1586,2,-14,-0.88,1511,1599,1511,9147,14235986,29192057154,18406089,KSQ
1426,069140,KR7069140002,누리플랜,KOSDAQ,벤처기업부,1933,2,-20,-1.02,1970,1970,1906,12195,23469161,29180189132,15095804,KSQ
1427,066910,KR7066910001,손오공,KOSDAQ,중견기업부,1893,1,21,1.12,1872,1900,1849,8340,15675811,29126894376,15386632,KSQ
1428,254120,KR7254120009,자비스,KOSDAQ,기술성장기업부,947,1,12,1.28,945,958,924,58761,55291421,29124293690,30754270,KSQ
1429,239610,KR7239610009,에이치엘사이언스,KOSDAQ,벤처기업부,5400,3,0,0.0,5440,5440,5200,529,2823980,29117421000,5392115,KSQ
1430,038620,KR7038620001,위즈코프,KOSDAQ,벤처기업부,1912,1,7,0.37,1906,1942,1900,5226,10018808,28958947416,15145893,KSQ
1431,119500,KR7119500007,포메탈,KOSDAQ,중견기업부,2440,1,5,0.21,2440,2480,2425,24419,59808890,28907246080,11847232,KSQ
1432,262840,KR7262840002,아이퀘스트,KOSDAQ,벤처기업부,2735,2,-5,-0.18,2695,2735,2695,12754,34596905,28900613720,10566952,KSQ
1433,376180,KR7376180006,피코그램,KOSDAQ,벤처기업부,1557,2,-58,-3.59,1620,1630,1556,21567,34303595,28899536166,18561038,KSQ
1434,365590,KR7365590009,하이딥,KOSDAQ,기술성장기업부,783,0,0,0.0,0,0,0,0,0,28825792650,36814550,KSQ
1435,139670,KR7139670004,키네마스터,KOSDAQ,중견기업부,2030,1,63,3.2,1967,2030,1918,24721,48824004,28661184300,14118810,KSQ
1436,336060,KR7336060009,웨이버스,KOSDAQ,벤처기업부,2975,1,10,0.34,2965,3015,2885,10409,30902600,28652344000,9631040,KSQ
1437,053290,KR7053290003,NE능률,KOSDAQ,중견기업부,1733,2,-47,-2.64,1732,1881,1732,16709,29558039,28640090031,16526307,KSQ
1438,008470,KR7008470007,부스타,KOSDAQ,벤처기업부,1701,2,-3,-0.18,1704,1736,1687,42476,72261119,28593129600,16809600,KSQ
1439,021880,KR7021880000,메이슨캐피탈,KOSDAQ,중견기업부,1344,1,77,6.08,1271,1344,1271,35470,46282154,28517583360,21218440,KSQ
1440,103840,KR7103840005,우양,KOSDAQ,중견기업부,1740,2,-8,-0.46,1745,1778,1731,15689,27324864,28477584720,16366428,KSQ
1441,079000,KR7079000006,와토스코리아,KOSDAQ,중견기업부,3950,1,50,1.28,3920,4050,3885,9778,38188425,28440000000,7200000,KSQ
1442,109960,KR7109960005,앱토크롬,KOSDAQ,투자주의환기종목(소속부없음),1879,2,-40,-2.08,1903,1907,1820,3637,6743724,28433465807,15132233,KSQ
1443,069410,KR7069410009,엔텔스,KOSDAQ,벤처기업부,2770,2,-45,-1.6,2795,2840,2760,5856,16323561,28378162480,10244824,KSQ
1444,310870,KR7310870001,디와이씨,KOSDAQ,벤처기업부,1294,2,-16,-1.22,1310,1340,1276,130987,168704051,28367846988,21922602,KSQ
1445,013720,KR7013720008,청보,KOSDAQ,중견기업부,2320,2,-70,-2.93,2370,2370,2250,12308,28061905,28224256960,12165628,KSQ
1446,043220,KR7043220003,티에스넥스젠,KOSDAQ,관리종목(소속부없음),1710,0,0,0.0,0,0,0,0,0,28191099330,16486023,KSQ
1447,026910,KR7026910000,광진실업,KOSDAQ,중견기업부,3555,2,-45,-1.25,3610,3610,3395,43528,152151855,28185198930,7928326,KSQ
1448,031310,KR7031310006,아이즈비전,KOSDAQ,중견기업부,947,1,7,0.74,942,955,941,22395,21227894,28170078497,29746651,KSQ
1449,160550,KR7160550000,NEW,KOSDAQ,중견기업부,1008,2,-13,-1.27,1021,1029,969,26581,26751068,28129354848,27906106,KSQ
1450,388610,KR7388610008,지에프씨생명과학,KOSDAQ,기술성장기업부,5280,2,-180,-3.3,5400,5510,5190,35440,184885205,28118022240,5325383,KSQ
1451,462980,KR7462980004,아이지넷,KOSDAQ,기술성장기업부,1538,1,1,0.07,1527,1549,1506,21171,32438565,28044564106,18234437,KSQ
1452,450520,KR7450520002,인스웨이브,KOSDAQ,벤처기업부,1906,1,16,0.85,1906,2080,1781,18328,34307488,28026925668,14704578,KSQ
1453,017000,KR7017000001,신원종합개발,KOSDAQ,우량기업부,2400,2,-50,-2.04,2455,2485,2365,23719,57132145,28003264800,11668027,KSQ
1454,367000,KR7367000007,플래티어,KOSDAQ,벤처기업부,3335,2,-70,-2.06,3405,3405,3260,2725,9100445,27974670345,8388207,KSQ
1455,188260,KR7188260004,세니젠,KOSDAQ,투자주의환기종목(소속부없음),2010,1,20,1.01,2110,2110,1970,829,1681180,27941649180,13901318,KSQ
1456,007720,KR7007720006,소노스퀘어,KOSDAQ,중견기업부,1385,2,-32,-2.26,1415,1421,1381,13844,19343581,27921724650,20160090,KSQ
1457,027040,KR7027040005,서울전자통신,KOSDAQ,중견기업부,2005,1,77,3.99,1985,2085,1908,72424,143467368,27905126845,13917769,KSQ
1458,032860,KR7032860009,더라미,KOSDAQ,중견기업부,690,0,0,0.0,0,0,0,0,0,27873145470,40395863,KSQ
1459,290270,KR7290270008,휴네시온,KOSDAQ,벤처기업부,2890,1,35,1.23,2880,3050,2830,20503,59205735,27766172080,9607672,KSQ
1460,045300,KR7045300001,성우테크론,KOSDAQ,중견기업부,2625,1,25,0.96,2600,2675,2575,19159,49794392,27685906500,10547012,KSQ
1461,054780,KR7054780002,키이스트,KOSDAQ,중견기업부,1406,1,126,9.84,1470,1664,1380,864011,1313569558,27638856958,19657793,KSQ
1462,032750,KR7032750002,삼진,KOSDAQ,우량기업부,3060,1,80,2.68,2980,3100,2980,15920,48414805,27635233320,9031122,KSQ
1463,356890,KR7356890004,싸이버원,KOSDAQ,벤처기업부,2310,1,10,0.43,2340,2340,2285,4725,10893495,27613335750,11953825,KSQ
1464,068100,KR7068100007,케이웨더,KOSDAQ,기술성장기업부,2305,2,-30,-1.28,2305,2330,2300,803,1860475,27492970480,11927536,KSQ
1465,043200,KR7043200005,파루,KOSDAQ,벤처기업부,1314,1,290,28.32,1331,1331,1100,4015288,5169805238,27465434298,20902157,KSQ
1466,007770,KR7007770001,한일화학,KOSDAQ,중견기업부,7790,1,90,1.17,7700,7890,7400,9297,71934150,27342900000,3510000,KSQ
1467,080530,KR7080530009,코디,KOSDAQ,중견기업부,2465,2,-60,-2.38,2495,2495,2395,7926,19248455,27291701060,11071684,KSQ
1468,900070,KYG3931T1076,글로벌에스엠,KOSDAQ,외국기업(소속부없음),1015,2,-3,-0.29,1035,1035,1000,10608,10750728,27275063760,26871984,KSQ
1469,044480,KR7044480002,빌리언스,KOSDAQ,중견기업부,820,0,0,0.0,0,0,0,0,0,27265751120,33250916,KSQ
1470,058110,KR7058110008,멕아이씨에스,KOSDAQ,기술성장기업부,1696,1,11,0.65,1691,1702,1667,16360,27496251,27221698880,16050530,KSQ
1471,115480,KR7115480006,씨유메디칼,KOSDAQ,중견기업부,2245,2,-75,-3.23,2320,2320,2220,25001,56364190,27220425195,12124911,KSQ
1472,016920,KR7016920001,카스,KOSDAQ,중견기업부,1059,2,-11,-1.03,1070,1070,1048,16947,17827511,27214957188,25698732,KSQ
1473,430690,KR7430690008,한싹,KOSDAQ,벤처기업부,2490,1,40,1.63,2590,2590,2445,26116,64732259,27129306960,10895304,KSQ
1474,236810,KR7236810008,엔비티,KOSDAQ,기술성장기업부,1596,1,1,0.06,1595,1689,1571,35927,58615017,27092779896,16975426,KSQ
1475,130500,KR7130500002,GH신소재,KOSDAQ,중견기업부,1861,2,-3,-0.16,1864,1895,1857,3005,5600572,27068341772,14545052,KSQ
1476,131220,KR7131220006,대한과학,KOSDAQ,벤처기업부,3630,3,0,0.0,3575,3640,3575,4606,16596591,27059798700,7454490,KSQ
1477,070590,KR7070590005,인티큐브,KOSDAQ,중견기업부,1945,2,-10,-0.51,1979,1979,1924,1974,3862852,26995668345,13879521,KSQ
1478,096690,KR7096690003,에이루트,KOSDAQ,중견기업부,6690,2,-160,-2.34,6850,7120,6590,2484,16647330,26912812980,4022842,KSQ
1479,900310,HK0000341732,컬러레이,KOSDAQ,외국기업(소속부없음),2100,2,-80,-3.67,2145,2185,2030,2840,5994020,26897503500,12808335,KSQ
1480,067010,KR7067010009,이씨에스,KOSDAQ,벤처기업부,2470,1,15,0.61,2465,2470,2440,40823,100536180,26894595000,10888500,KSQ
1481,406820,KR7406820001,뷰티스킨,KOSDAQ,벤처기업부,1900,2,-30,-1.55,1911,1970,1896,117053,223802753,26858698300,14136157,KSQ
1482,368970,KR7368970000,오에스피,KOSDAQ,관리종목(소속부없음),2380,2,-5,-0.21,2430,2435,2310,38362,90448773,26750528840,11239718,KSQ
1483,138070,KR7138070008,신진에스엠,KOSDAQ,중견기업부,1525,1,14,0.93,1511,1528,1499,3899,5928429,26692386100,17503204,KSQ
1484,267790,KR7267790004,배럴,KOSDAQ,중견기업부,3460,1,5,0.14,3455,3490,3400,4285,14828540,26605009140,7689309,KSQ
1485,177830,KR7177830007,파버나인,KOSDAQ,벤처기업부,2345,1,55,2.4,2300,2370,2295,9079,21183505,26559453585,11325993,KSQ
1486,033050,KR7033050006,제이엠아이,KOSDAQ,관리종목(소속부없음),834,2,-21,-2.46,851,870,820,32193,27021984,26553999552,31839328,KSQ
1487,328380,KR7328380001,솔트웨어,KOSDAQ,벤처기업부,3875,2,-40,-1.02,3900,3910,3795,12257,47096040,26553650625,6852555,KSQ
1488,032790,KR7032790008,엠젠솔루션,KOSDAQ,벤처기업부,1033,1,113,12.28,918,1065,915,284675,289631734,26527549498,25680106,KSQ
1489,464500,KR7464500008,아이언디바이스,KOSDAQ,기술성장기업부,1893,1,92,5.11,1801,2100,1801,352738,688289743,26489246859,13993263,KSQ
1490,001810,KR7001810001,무림SP,KOSDAQ,중견기업부,1196,1,8,0.67,1188,1279,1174,26504,32007751,26476450000,22137500,KSQ
1491,048470,KR7048470009,대동스틸,KOSDAQ,중견기업부,2730,2,-45,-1.62,2770,2790,2730,10891,30027100,26344500000,9650000,KSQ
1492,057680,KR7057680001,티사이언티픽,KOSDAQ,벤처기업부,1660,2,-22,-1.31,1699,1700,1615,76898,126904399,26216228940,15792909,KSQ
1493,123840,KR7123840001,뉴온,KOSDAQ,투자주의환기종목(소속부없음),1683,2,-17,-1.0,1700,1770,1683,6364,10905646,26175783150,15553050,KSQ
1494,215790,KR7215790007,이노인스트루먼트,KOSDAQ,관리종목(소속부없음),649,1,32,5.19,677,750,646,6396396,4433141814,26143763701,40283149,KSQ
1495,288620,KR7288620008,에스프리즘,KOSDAQ,벤처기업부,3745,2,-100,-2.6,3845,3900,3715,13843,52178569,26137538420,6979316,KSQ
1496,134060,KR7134060003,이퓨쳐,KOSDAQ,벤처기업부,5460,2,-80,-1.44,5500,5500,5440,2140,11709330,26040105000,4769250,KSQ
1497,039310,KR7039310008,세중,KOSDAQ,중견기업부,1434,2,-13,-0.9,1447,1477,1411,29789,43053621,25986470478,18121667,KSQ
1498,373170,KR7373170000,엠아이큐브솔루션,KOSDAQ,벤처기업부,1717,1,1,0.06,1724,1724,1680,7450,12648844,25950377430,15113790,KSQ
1499,225220,KR7225220003,제놀루션,KOSDAQ,벤처기업부,1352,2,-29,-2.1,1381,1381,1350,9523,12955387,25944908392,19190021,KSQ
1500,091340,KR7091340000,S&K폴리텍,KOSDAQ,중견기업부,2215,2,-15,-0.67,2230,2235,2200,23650,52441025,25923742015,11703721,KSQ
1501,351870,KR7351870001,차이커뮤니케이션,KOSDAQ,중견기업부,2320,2,-140,-5.69,2460,2460,2255,85632,199006532,25892689440,11160642,KSQ
1502,060380,KR7060380003,동양에스텍,KOSDAQ,중견기업부,1313,1,13,1.0,1305,1320,1300,13598,17870171,25866100000,19700000,KSQ
1503,038530,KR7038530002,케이바이오랩스,KOSDAQ,중견기업부,999,0,0,0.0,0,0,0,0,0,25864231878,25890122,KSQ
1504,019570,KR7019570001,GMI벤처,KOSDAQ,중견기업부,2707,1,22,0.82,2695,2800,2655,4630,12633101,25838325828,9545004,KSQ
1505,198940,KR7198940009,한주라이트메탈,KOSDAQ,중견기업부,1296,2,-6,-0.46,1360,1360,1290,12414,16120515,25803048960,19909760,KSQ
1506,114630,KR7114630007,폴라리스우노,KOSDAQ,우량기업부,1484,2,-17,-1.13,1501,1539,1460,49864,74284636,25577108032,17235248,KSQ
1507,038870,KR7038870002,에코심플렉스,KOSDAQ,중견기업부,1823,1,29,1.62,1829,1829,1800,2066,3747016,25549252027,14014949,KSQ
1508,073540,KR7073540007,에프알텍,KOSDAQ,벤처기업부,2235,1,25,1.13,2215,2255,2210,12698,28368792,25479000000,11400000,KSQ
1509,115530,KR7115530008,씨엔플러스,KOSDAQ,중견기업부,2955,1,10,0.34,2920,3185,2890,4362,12943760,25359972525,8582055,KSQ
1510,300120,KR7300120003,라온피플,KOSDAQ,벤처기업부,2560,1,420,19.63,2155,2780,2150,364039,939279925,25346055680,9900803,KSQ
1511,475660,KR7475660007,에스켐,KOSDAQ,기술성장기업부,3190,2,-65,-2.0,3275,3280,3190,1750,5659965,25296173650,7929835,KSQ
1512,227610,KR7227610003,아우딘퓨쳐스,KOSDAQ,벤처기업부,1304,1,21,1.64,1308,1349,1267,14449,18864203,25264440584,19374571,KSQ
1513,035200,KR7035200005,프럼파스트,KOSDAQ,벤처기업부,2730,2,-20,-0.73,2750,2790,2700,15440,42416565,25170548130,9219981,KSQ
1514,238490,KR7238490007,힘스,KOSDAQ,벤처기업부,2215,1,50,2.31,2180,2240,2180,3656,8069595,25056602740,11312236,KSQ
1515,331520,KR7331520007,밸로프,KOSDAQ,중견기업부,2555,1,50,2.0,2455,2635,2435,19631,49013485,25042030230,9801186,KSQ
1516,276730,KR7276730009,한울앤제주,KOSDAQ,투자주의환기종목(소속부없음),1109,2,-80,-6.73,1169,1169,1097,189915,212887832,25038336600,22577400,KSQ
1517,060230,KR7060230000,제이케이시냅스,KOSDAQ,중견기업부,1280,1,88,7.38,1210,1330,1190,227654,286997946,25017879040,19545218,KSQ
1518,257370,KR7257370007,피엔티엠에스,KOSDAQ,벤처기업부,2000,1,12,0.6,1988,2085,1982,1789,3564532,25009722000,12504861,KSQ
1519,462510,KR7462510009,라메디텍,KOSDAQ,기술성장기업부,2835,2,-35,-1.22,2880,2900,2810,4624,13104580,24956405775,8802965,KSQ
1520,083640,KR7083640003,인콘,KOSDAQ,벤처기업부,1087,0,0,0.0,0,0,0,0,0,24955718841,22958343,KSQ
1521,076080,KR7076080001,웰크론한텍,KOSDAQ,중견기업부,1100,3,0,0.0,1150,1150,1072,26533,29577281,24853571600,22594156,KSQ
1522,146060,KR7146060009,율촌,KOSDAQ,중견기업부,1034,2,-11,-1.05,1045,1049,1024,21773,22487144,24832125230,24015595,KSQ
1523,101680,KR7101680007,한국정밀기계,KOSDAQ,중견기업부,2950,1,20,0.68,2930,2955,2825,13721,39890100,24791800000,8404000,KSQ
1524,318000,KR7318000007,KBG,KOSDAQ,벤처기업부,2835,1,10,0.35,2860,2860,2805,6892,19535760,24778532205,8740223,KSQ
1525,090150,KR7090150004,아이윈,KOSDAQ,중견기업부,5910,2,-30,-0.51,5950,5950,5700,8610,50572145,24748296390,4187529,KSQ
1526,290520,KR7290520006,신도기연,KOSDAQ,벤처기업부,1569,2,-15,-0.95,1571,1597,1551,8235,12855291,24690041316,15736164,KSQ
1527,333050,KR7333050003,이노테나,KOSDAQ,벤처기업부,5010,2,-80,-1.57,5190,5190,4920,9157,45375670,24671344200,4924420,KSQ
1528,188040,KR7188040000,바이오포트,KOSDAQ,벤처기업부,5230,3,0,0.0,5220,5290,5120,3620,18843340,24472780840,4679308,KSQ
1529,039740,KR7039740006,한국정보공학,KOSDAQ,벤처기업부,3050,2,-40,-1.29,3190,3190,3025,11442,34884445,24456110850,8018397,KSQ
1530,051380,KR7051380004,피씨디렉트,KOSDAQ,중견기업부,1592,2,-27,-1.67,1606,1619,1581,10911,17447859,24421394624,15340072,KSQ
1531,200350,KR7200350007,아티스트스튜디오,KOSDAQ,기술성장기업부,2430,1,10,0.41,2325,2745,2325,23074,58007192,24290340750,9996025,KSQ
1532,054090,KR7054090006,삼진엘앤디,KOSDAQ,중견기업부,970,1,22,2.32,957,984,955,21519,20866582,24210455040,24959232,KSQ
1533,044780,KR7044780005,에이치케이,KOSDAQ,벤처기업부,1307,2,-3,-0.23,1309,1329,1295,69929,91441838,24187063609,18505787,KSQ
1534,355390,KR7355390006,크라우드웍스,KOSDAQ,기술성장기업부,1521,1,38,2.56,1486,1537,1483,43198,65418643,24144877224,15874344,KSQ
1535,208350,KR7208350009,지란지교시큐리티,KOSDAQ,벤처기업부,2980,1,75,2.58,3000,3150,2880,9338,28133820,24142678600,8101570,KSQ
1536,115160,KR7115160004,휴맥스,KOSDAQ,중견기업부,5600,1,520,10.24,5080,5850,5020,41919,229441980,24122184800,4307533,KSQ
1537,298060,KR7298060005,풍전약품,KOSDAQ,관리종목(소속부없음),2495,1,45,1.84,2430,2570,2430,3285,8218435,24045430265,9637447,KSQ
1538,063760,KR7063760003,이엘피,KOSDAQ,벤처기업부,2570,2,-20,-0.77,2600,2600,2550,12454,32033100,23965584100,9325130,KSQ
1539,0010F0,KR70010F0005,보원케미칼,KOSDAQ,벤처기업부,2150,2,-35,-1.6,2170,2185,2130,13169,28346865,23958742150,11143601,KSQ
1540,222980,KR7222980005,한국맥널티,KOSDAQ,벤처기업부,2170,2,-25,-1.14,2195,2200,2170,6684,14547115,23938318110,11031483,KSQ
1541,301300,KR7301300000,바이브컴퍼니,KOSDAQ,기술성장기업부,1818,2,-35,-1.89,1853,1898,1804,17628,32398378,23915266416,13154712,KSQ
1542,130740,KR7130740004,티피씨글로벌,KOSDAQ,중견기업부,2120,2,-10,-0.47,2130,2150,2100,20772,44165450,23906559480,11276679,KSQ
1543,440320,KR7440320000,오픈놀,KOSDAQ,기술성장기업부,2395,2,-30,-1.24,2360,2435,2360,3940,9396790,23902100000,9980000,KSQ
1544,018700,KR7018700005,졸스,KOSDAQ,투자주의환기종목(소속부없음),1424,2,-9,-0.63,1435,1500,1403,10314,14727983,23812498240,16722260,KSQ
1545,032800,KR7032800005,판타지오,KOSDAQ,중견기업부,1575,1,5,0.32,1570,1593,1566,6456,10129065,23793562800,15107024,KSQ
1546,085810,KR7085810000,알티캐스트,KOSDAQ,중견기업부,1683,1,8,0.48,1675,1720,1636,1499,2499636,23792491899,14136953,KSQ
1547,123750,KR7123750002,알톤,KOSDAQ,중견기업부,1718,1,21,1.24,1698,1738,1686,8969,15378472,23741486962,13819259,KSQ
1548,237750,KR7237750005,피앤씨테크,KOSDAQ,벤처기업부,3650,2,-80,-2.14,3750,3750,3450,7450,26619282,23712590000,6496600,KSQ
1549,169330,KR7169330008,엠브레인,KOSDAQ,중견기업부,1292,2,-19,-1.45,1274,1305,1268,3747,4787097,23665458056,18316918,KSQ
1550,405920,KR7405920000,나라셀라,KOSDAQ,중견기업부,1837,1,50,2.8,1787,1868,1755,1672,2997149,23657025612,12878076,KSQ
1551,065150,KR7065150005,대산F&B,KOSDAQ,중견기업부,1484,1,2,0.13,1483,1501,1431,14548,21321959,23652348160,15938240,KSQ
1552,095910,KR7095910006,에스에너지,KOSDAQ,관리종목(소속부없음),634,3,0,0.0,641,644,629,235070,149348009,23646240306,37296909,KSQ
1553,289220,KR7289220006,자이언트스텝,KOSDAQ,기술성장기업부,1058,1,18,1.73,1060,1110,1054,22959,24733983,23606329818,22312221,KSQ
1554,053060,KR7053060000,세동,KOSDAQ,중견기업부,1332,2,-1,-0.08,1347,1347,1323,12832,17064706,23519682108,17657419,KSQ
1555,187220,KR7187220009,디티앤씨,KOSDAQ,중견기업부,2040,1,20,0.99,2020,2110,2015,4367,8898265,23510863320,11524933,KSQ
1556,016670,KR7016670002,디모아,KOSDAQ,중견기업부,2305,2,-55,-2.33,2355,2360,2265,5583,12863117,23497709370,10194234,KSQ
1557,424760,KR7424760007,벨로크,KOSDAQ,벤처기업부,2325,1,150,6.9,2155,2370,2155,51428,117057140,23376405600,10054368,KSQ
1558,377030,KR7377030002,비트맥스,KOSDAQ,관리종목(소속부없음),1630,2,-9,-0.55,1639,1667,1606,22308,36377699,23295474260,14291702,KSQ
1559,047080,KR7047080007,한빛소프트,KOSDAQ,중견기업부,934,2,-8,-0.85,933,944,915,105754,97691623,23184086108,24822362,KSQ
1560,148250,KR7148250004,알엔투테크놀로지,KOSDAQ,벤처기업부,1702,1,136,8.68,1566,1719,1518,110144,182342194,23165418208,13610704,KSQ
1561,154040,KR7154040000,다산솔루에타,KOSDAQ,중견기업부,1071,2,-2,-0.19,1073,1089,1069,72905,78106850,23150322594,21615614,KSQ
1562,036480,KR7036480002,대성미생물,KOSDAQ,중견기업부,6090,2,-60,-0.98,6220,6220,6090,1933,11840650,23142000000,3800000,KSQ
1563,415380,KR7415380005,스튜디오삼익,KOSDAQ,중견기업부,2020,1,46,2.33,1974,2040,1974,42623,84839535,23114809500,11442975,KSQ
1564,153490,KR7153490008,우리이앤엘하루틴,KOSDAQ,우량기업부,2245,1,100,4.66,2145,2600,2125,399634,912379358,23114520000,10296000,KSQ
1565,033200,KR7033200007,모아텍,KOSDAQ,투자주의환기종목(소속부없음),2510,2,-25,-0.99,2445,2520,2445,4072,10082310,23103367790,9204529,KSQ
1566,018680,KR7018680009,서울제약,KOSDAQ,벤처기업부,1970,2,-2,-0.1,1972,1972,1950,2176,4275425,22968858430,11659319,KSQ
1567,206560,KR7206560005,덱스터,KOSDAQ,기술성장기업부,898,3,0,0.0,898,920,875,85053,76371613,22819738928,25411736,KSQ
1568,013810,KR7013810007,스페코,KOSDAQ,중견기업부,1555,1,4,0.26,1580,1604,1523,19752,30923478,22789255850,14655470,KSQ
1569,032080,KR7032080004,아즈텍WB,KOSDAQ,중견기업부,1060,2,-11,-1.03,1071,1071,1040,487,509549,22780490740,21491029,KSQ
1570,238200,KR7238200000,비피도,KOSDAQ,벤처기업부,2780,1,10,0.36,2940,2940,2700,8847,24459075,22740400000,8180000,KSQ
1571,241840,KR7241840008,에이스토리,KOSDAQ,중견기업부,2375,2,-5,-0.21,2365,2380,2325,6822,16077290,22657485750,9539994,KSQ
1572,038880,KR7038880001,아이에이,KOSDAQ,중견기업부,3010,2,-15,-0.5,3025,3170,3000,14494,44063724,22618413230,7514423,KSQ
1573,131180,KR7131180002,딜리,KOSDAQ,벤처기업부,3850,1,80,2.12,3765,3855,3655,10335,39039895,22599500000,5870000,KSQ
1574,359090,KR7359090008,씨엔알리서치,KOSDAQ,중견기업부,1964,2,-6,-0.3,1970,1999,1931,3572,6980445,22574496852,11494143,KSQ
1575,429270,KR7429270002,시지트로닉스,KOSDAQ,기술성장기업부,3485,1,135,4.03,3355,3650,3355,22480,77608125,22475570035,6449231,KSQ
1576,195990,KR7195990007,루트K,KOSDAQ,관리종목(소속부없음),1377,1,21,1.55,1390,1390,1341,18477,25278128,22428402498,16287874,KSQ
1577,378800,KR7378800007,샤페론,KOSDAQ,관리종목(소속부없음),484,1,4,0.83,480,491,473,308192,148627363,22381627004,46243031,KSQ
1578,109670,KR7109670000,씨싸이트,KOSDAQ,중견기업부,3820,1,65,1.73,3705,4140,3610,8816,34539880,22295819640,5836602,KSQ
1579,067770,KR7067770008,세진티에스,KOSDAQ,관리종목(소속부없음),2655,1,45,1.72,2615,2680,2550,29909,79036060,22292954415,8396593,KSQ
1580,258790,KR7258790005,소프트캠프,KOSDAQ,벤처기업부,4460,1,135,3.12,4480,4530,4260,9688,42632420,22292221760,4998256,KSQ
1581,052300,KR7052300001,오션인더블유,KOSDAQ,중견기업부,1366,1,22,1.64,1394,1429,1318,120831,163856626,22189478848,16244128,KSQ
1582,900110,HK0000057197,딥커머스,KOSDAQ,외국기업(소속부없음),1201,0,0,0.0,0,0,0,0,0,22142994331,18437131,KSQ
1583,373110,KR7373110006,엑셀세라퓨틱스,KOSDAQ,기술성장기업부,1280,2,-36,-2.74,1305,1397,1250,710384,915114414,22136824320,17294394,KSQ
1584,065690,KR7065690000,파커스,KOSDAQ,투자주의환기종목(소속부없음),1840,2,-10,-0.54,1850,1864,1804,73662,134750172,22106692880,12014507,KSQ
1585,353190,KR7353190002,휴럼,KOSDAQ,중견기업부,2805,2,-15,-0.53,2825,2900,2800,19235,54415430,22091293620,7875684,KSQ
1586,101400,KR7101400000,엔시트론,KOSDAQ,중견기업부,1874,2,-35,-1.83,1909,1917,1874,63045,119147540,22004110712,11741788,KSQ
1587,403490,KR7403490006,우듬지팜,KOSDAQ,벤처기업부,2395,2,-130,-5.15,2700,2700,2315,44306,109020065,22001648340,9186492,KSQ
1588,054940,KR7054940002,엑사이엔씨,KOSDAQ,중견기업부,3315,1,85,2.63,3230,3445,3230,60620,202555870,21994060335,6634709,KSQ
1589,084440,KR7084440007,유비온,KOSDAQ,기술성장기업부,1142,2,-12,-1.04,1131,1150,1093,81821,92104012,21849224782,19132421,KSQ
1590,353590,KR7353590003,오토앤,KOSDAQ,중견기업부,1690,1,36,2.18,1699,1699,1555,16235,25958389,21759713300,12875570,KSQ
1591,192390,KR7192390003,윈하이텍,KOSDAQ,벤처기업부,1817,2,-10,-0.55,1930,1930,1790,13276,23949838,21744485982,11967246,KSQ
1592,032280,KR7032280000,삼일,KOSDAQ,중견기업부,1340,2,-6,-0.45,1362,1363,1333,5151,6943485,21726210600,16213590,KSQ
1593,067730,KR7067730002,로지시스,KOSDAQ,중견기업부,2245,1,25,1.13,2250,2250,2205,39559,88499979,21717954890,9673922,KSQ
1594,347770,KR7347770000,핌스,KOSDAQ,중견기업부,958,1,48,5.27,929,959,887,78579,73756811,21707994516,22659702,KSQ
1595,372800,KR7372800003,아이티아이즈,KOSDAQ,벤처기업부,3075,2,-35,-1.13,3050,3165,2945,10190,31209760,21639356175,7037189,KSQ
1596,317120,KR7317120004,라닉스,KOSDAQ,기술성장기업부,1418,2,-36,-2.48,1455,1487,1357,38209,54274503,21638680000,15260000,KSQ
1597,377330,KR7377330006,이지트로닉스,KOSDAQ,기술성장기업부,2655,1,45,1.72,2520,2690,2520,802,2091890,21611577870,8139954,KSQ
1598,352940,KR7352940001,인바이오,KOSDAQ,벤처기업부,1985,2,-5,-0.25,1990,2035,1961,7022,13964407,21572444050,10867730,KSQ
1599,080720,KR7080720006,한국유니온제약,KOSDAQ,관리종목(소속부없음),2725,0,0,0.0,0,0,0,0,0,21562456300,7912828,KSQ
1600,017250,KR7017250002,인터엠,KOSDAQ,중견기업부,1023,1,3,0.29,1004,1025,983,34101,34287315,21529512741,21045467,KSQ
1601,438700,KR7438700007,버넥트,KOSDAQ,기술성장기업부,1926,1,189,10.88,1737,2170,1720,210475,413817607,21465058140,11144890,KSQ
1602,215480,KR7215480005,토박스코리아,KOSDAQ,중견기업부,1994,1,4,0.2,1994,2050,1967,7500,14970847,21415560000,10740000,KSQ
1603,432980,KR7432980001,엠에프씨,KOSDAQ,기술성장기업부,2490,2,-40,-1.58,2460,2595,2440,11327,27925485,21393437580,8591742,KSQ
1604,148780,KR7148780000,비큐AI,KOSDAQ,기술성장기업부,3400,2,-35,-1.02,3455,3600,3370,146079,503941131,21383093000,6289145,KSQ
1605,277410,KR7277410007,인산가,KOSDAQ,벤처기업부,5560,2,-20,-0.36,5600,5900,5530,1676,9371050,21356794000,3841150,KSQ
1606,016100,KR7016100000,리더스코스메틱,KOSDAQ,중견기업부,1117,2,-9,-0.8,1126,1172,1080,13836,15590958,21335698598,19100894,KSQ
1607,200230,KR7200230001,텔콘RF제약,KOSDAQ,중견기업부,2250,1,35,1.58,2200,2270,2195,19216,43175880,21335105250,9482269,KSQ
1608,098660,KR7098660004,에스티오,KOSDAQ,중견기업부,1699,1,76,4.68,1640,1699,1624,6787,11411634,21239158224,12500976,KSQ
1609,219750,KR7219750007,한국비티비,KOSDAQ,중견기업부,1617,1,7,0.43,1610,1645,1600,793,1279833,21159054609,13085377,KSQ
1610,115570,KR7115570004,스타플렉스,KOSDAQ,중견기업부,2630,1,50,1.94,2580,2700,2500,15854,41705000,20999256040,7984508,KSQ
1611,080470,KR7080470008,성창오토텍,KOSDAQ,벤처기업부,2860,1,80,2.88,2840,2870,2780,3458,9696465,20878000000,7300000,KSQ
1612,065370,KR7065370009,위세아이텍,KOSDAQ,벤처기업부,2820,1,120,4.44,2700,2830,2700,15179,42036039,20822750280,7383954,KSQ
1613,900270,HK0000214814,헝셩그룹,KOSDAQ,외국기업(소속부없음),4060,1,515,14.53,4290,4605,3875,2226060,9590458400,20755889280,5112288,KSQ
1614,362990,KR7362990004,드림인사이트,KOSDAQ,벤처기업부,1234,1,5,0.41,1241,1241,1215,10268,12672327,20731908316,16800574,KSQ
1615,252500,KR7252500004,세화피앤씨,KOSDAQ,중견기업부,499,0,0,0.0,0,0,0,0,0,20701708610,41486390,KSQ
1616,303530,KR7303530000,이노뎁,KOSDAQ,벤처기업부,2815,2,-5,-0.18,2895,2895,2765,4445,12511950,20660126685,7339299,KSQ
1617,023770,KR7023770001,플레이위드,KOSDAQ,중견기업부,2300,2,-25,-1.08,2320,2320,2265,9502,21739835,20576938500,8946495,KSQ
1618,069330,KR7069330009,유아이디,KOSDAQ,벤처기업부,1213,2,-22,-1.78,1244,1245,1191,153922,187067125,20563472262,16952574,KSQ
1619,274400,KR7274400001,이노시뮬레이션,KOSDAQ,기술성장기업부,2260,2,-65,-2.8,2335,2335,2210,3435,7805875,20535474180,9086493,KSQ
1620,021040,KR7021040001,대호특수강,KOSDAQ,중견기업부,946,2,-12,-1.25,958,958,945,3063,2911626,20532716204,21704774,KSQ
1621,361670,KR7361670003,삼영에스앤씨,KOSDAQ,기술성장기업부,3615,2,-15,-0.41,3630,3655,3600,2890,10462090,20488583670,5667658,KSQ
1622,340440,KR7340440007,세림B&G,KOSDAQ,벤처기업부,720,2,-8,-1.1,728,750,720,97853,71848292,20432422080,28378364,KSQ
1623,398120,KR7398120006,에스지헬스케어,KOSDAQ,벤처기업부,1719,1,45,2.69,1680,1745,1620,102241,170594755,20355557409,11841511,KSQ
1624,431190,KR7431190008,케이쓰리아이,KOSDAQ,기술성장기업부,2695,1,45,1.7,2655,2790,2625,13936,37825628,20175961190,7486442,KSQ
1625,342870,KR7342870003,오아,KOSDAQ,중견기업부,3700,1,105,2.92,3595,3745,3570,7650,27656200,20165728900,5450197,KSQ
1626,019660,KR7019660000,글로본,KOSDAQ,중견기업부,1443,2,-27,-1.84,1520,1520,1405,38876,55652594,20121672519,13944333,KSQ
1627,014100,KR7014100002,메디앙스,KOSDAQ,중견기업부,1700,2,-22,-1.28,1722,1722,1674,5999,10163139,20060000000,11800000,KSQ
1628,054220,KR7054220009,비츠로시스,KOSDAQ,벤처기업부,1587,1,22,1.41,1600,1610,1550,12118,19144462,19981307592,12590616,KSQ
1629,275630,KR7275630002,에스에스알,KOSDAQ,벤처기업부,3780,1,45,1.2,3780,3780,3735,738,2772038,19859394240,5253808,KSQ
1630,455180,KR7455180000,케이지에이,KOSDAQ,벤처기업부,1351,1,10,0.75,1330,1380,1211,59555,75647758,19858424656,14699056,KSQ
1631,405000,KR7405000001,플라즈맵,KOSDAQ,벤처기업부,3695,1,180,5.12,3530,3757,3525,24072,88148057,19855200740,5373532,KSQ
1632,056730,KR7056730005,CNT85,KOSDAQ,중견기업부,1332,1,25,1.91,1295,1338,1295,8189,10837533,19743219684,14822237,KSQ
1633,043590,KR7043590009,웰킵스하이텍,KOSDAQ,중견기업부,1452,2,-23,-1.56,1432,1462,1412,10137,14609555,19701289212,13568381,KSQ
1634,383930,KR7383930005,디티앤씨알오,KOSDAQ,중견기업부,1540,2,-28,-1.79,1580,1650,1500,53826,83098342,19687557120,12784128,KSQ
1635,419540,KR7419540000,비스토스,KOSDAQ,벤처기업부,3295,1,70,2.17,3205,3320,3135,16718,53977925,19632443635,5958253,KSQ
1636,043360,KR7043360007,디지아이,KOSDAQ,벤처기업부,2180,1,5,0.23,2245,2245,2180,2003,4394131,19620000000,9000000,KSQ
1637,032680,KR7032680001,소프트센,KOSDAQ,중견기업부,940,2,-19,-1.98,959,959,919,68436,63910453,19604528140,20855881,KSQ
1638,154030,KR7154030001,아시아종묘,KOSDAQ,벤처기업부,1623,2,-1,-0.06,1651,1651,1608,17644,28661337,19576410141,12061867,KSQ
1639,048830,KR7048830004,엔피케이,KOSDAQ,중견기업부,1044,1,7,0.68,1060,1060,1019,9607,10092887,19547775612,18723923,KSQ
1640,096870,KR7096870001,엘디티,KOSDAQ,벤처기업부,2335,2,-15,-0.64,2350,2380,2300,5691,13302625,19492577665,8347999,KSQ
1641,137940,KR7137940003,넥스트아이,KOSDAQ,중견기업부,1985,1,26,1.33,1940,1994,1920,7807,15250598,19476952995,9812067,KSQ
1642,065060,KR7065060006,지엔코,KOSDAQ,중견기업부,3250,1,20,0.62,3270,3390,3235,12343,40204645,19468754500,5990386,KSQ
1643,083470,KR7083470005,이엠앤아이,KOSDAQ,벤처기업부,910,2,-23,-2.47,952,952,895,36575,33260752,19419699390,21340329,KSQ
1644,073190,KR7073190001,듀오백,KOSDAQ,관리종목(소속부없음),1622,0,0,0.0,0,0,0,0,0,19412160880,11968040,KSQ
1645,050760,KR7050760008,에스폴리텍,KOSDAQ,중견기업부,1185,2,-3,-0.25,1193,1200,1152,121510,142211660,19356593430,16334678,KSQ
1646,900340,HK0000449303,윙입푸드,KOSDAQ,외국기업(소속부없음),1534,2,-1,-0.07,1555,1555,1500,71903,109453650,19301910888,12582732,KSQ
1647,196700,KR7196700009,웹스,KOSDAQ,벤처기업부,1339,1,26,1.98,1295,1349,1295,42185,55741252,19233588816,14364144,KSQ
1648,024940,KR7024940009,PN풍년,KOSDAQ,벤처기업부,1921,2,-13,-0.67,1926,1938,1910,11387,21922337,19210000000,10000000,KSQ
1649,018620,KR7018620005,우진비앤지,KOSDAQ,벤처기업부,2770,1,15,0.54,2800,2800,2670,16968,46774920,19204360140,6932982,KSQ
1650,214610,KR7214610008,롤링스톤,KOSDAQ,관리종목(소속부없음),2290,0,0,0.0,0,0,0,0,0,19197807380,8383322,KSQ
1651,027580,KR7027580000,상보,KOSDAQ,중견기업부,1610,1,35,2.22,1575,1645,1575,20841,33843956,19056370550,11836255,KSQ
1652,113810,KR7113810006,디젠스,KOSDAQ,중견기업부,2905,1,35,1.22,2920,3010,2630,30156,85315198,18956897050,6525610,KSQ
1653,054410,KR7054410006,케이피티유,KOSDAQ,중견기업부,3305,2,-165,-4.76,3640,3640,3185,12559,41671755,18925897420,5726444,KSQ
1654,073570,KR7073570004,리튬포어스,KOSDAQ,관리종목(소속부없음),1572,1,25,1.62,1534,1606,1520,31243,48659742,18922679616,12037328,KSQ
1655,344860,KR7344860002,이노진,KOSDAQ,기술성장기업부,1300,2,-34,-2.55,1315,1331,1287,40962,53420847,18759000000,14430000,KSQ
1656,050090,KR7050090000,비케이홀딩스,KOSDAQ,관리종목(소속부없음),797,1,40,5.28,757,822,757,161420,128404142,18757183795,23534735,KSQ
1657,031860,KR7031860000,디에이치엑스컴퍼니,KOSDAQ,관리종목(소속부없음),6930,0,0,0.0,0,0,0,0,0,18714756060,2700542,KSQ
1658,365900,KR7365900000,브이씨,KOSDAQ,벤처기업부,2540,1,15,0.59,2525,2590,2475,3609,9142896,18568162000,7310300,KSQ
1659,417180,KR7417180007,핑거스토리,KOSDAQ,중견기업부,4300,1,125,2.99,4000,4300,4000,6207,25965350,18529624500,4309215,KSQ
1660,140430,KR7140430000,카티스,KOSDAQ,중견기업부,1722,2,-4,-0.23,1726,1752,1640,15194,25954146,18407331054,10689507,KSQ
1661,335870,KR7335870002,윙스풋,KOSDAQ,중견기업부,1090,0,0,0.0,0,0,0,0,0,18258015570,16750473,KSQ
1662,060900,KR7060900008,에이전트AI,KOSDAQ,중견기업부,3725,2,-5,-0.13,3655,3800,3615,34227,125286365,18192639250,4883930,KSQ
1663,088290,KR7088290002,이원컴포텍,KOSDAQ,관리종목(소속부없음),2265,2,-75,-3.21,2425,2425,2205,859,1976285,18065803080,7976072,KSQ
1664,191410,KR7191410000,육일씨엔에쓰,KOSDAQ,관리종목(소속부없음),1610,1,233,16.92,1378,1623,1378,626161,963550390,18038850550,11204255,KSQ
1665,279600,KR7279600001,미디어젠,KOSDAQ,벤처기업부,3805,2,-35,-0.91,3845,3860,3740,266,1000810,17825591705,4684781,KSQ
1666,110020,KR7110020005,전진바이오팜,KOSDAQ,기술성장기업부,1960,1,6,0.31,1964,2040,1900,6285,12278243,17755173520,9058762,KSQ
1667,065650,KR7065650004,하이퍼코퍼레이션,KOSDAQ,중견기업부,1616,2,-35,-2.12,1651,1652,1550,18252,29375057,17688714992,10945987,KSQ
1668,020400,KR7020400008,대동금속,KOSDAQ,중견기업부,2910,3,0,0.0,2995,2995,2865,12587,36451861,17673978120,6073532,KSQ
1669,224060,KR7224060004,더코디,KOSDAQ,투자주의환기종목(소속부없음),3410,1,95,2.87,3600,3600,3190,49525,165093973,17598062020,5160722,KSQ
1670,306040,KR7306040007,에스제이그룹,KOSDAQ,중견기업부,1885,2,-101,-5.09,1967,1981,1867,46105,87391749,17506077940,9287044,KSQ
1671,322780,KR7322780008,코퍼스코리아,KOSDAQ,중견기업부,1938,2,-47,-2.37,1906,1961,1864,49124,92996317,17393220540,8974830,KSQ
1672,303030,KR7303030001,지니틱스,KOSDAQ,벤처기업부,1898,1,49,2.65,1859,1913,1859,44411,84057297,17380889448,9157476,KSQ
1673,900120,KYG2114A1094,씨엑스아이,KOSDAQ,관리종목(소속부없음),1040,0,0,0.0,0,0,0,0,0,17336446400,16669660,KSQ
1674,309930,KR7309930006,조이웍스앤코,KOSDAQ,중견기업부,894,1,34,3.95,855,900,834,64551,55861192,17214764766,19255889,KSQ
1675,103230,KR7103230009,에스앤더블류,KOSDAQ,관리종목(소속부없음),2385,2,-75,-3.05,2500,2500,2375,18699,45365865,17172000000,7200000,KSQ
1676,376930,KR7376930004,노을,KOSDAQ,관리종목(소속부없음),334,0,0,0.0,0,0,0,0,0,17131301882,51291323,KSQ
1677,225590,KR7225590009,패션플랫폼,KOSDAQ,관리종목(소속부없음),3320,2,-10,-0.3,3335,3460,3200,55659,186803980,17002968320,5121376,KSQ
1678,006050,KR7006050009,국영지앤엠,KOSDAQ,중견기업부,4870,2,-30,-0.61,5170,5790,4800,75063,385863656,16993981880,3489524,KSQ
1679,023790,KR7023790009,동일스틸럭스,KOSDAQ,중견기업부,1300,2,-14,-1.07,1314,1333,1298,51821,68089767,16990750400,13069808,KSQ
1680,477380,KR7477380000,미래에셋비전스팩4호,KOSDAQ,SPAC(소속부없음),2085,3,0,0.0,2085,2085,2075,29056,60570130,16888500000,8100000,KSQ
1681,482680,KR7482680006,미래에셋비전스팩7호,KOSDAQ,SPAC(소속부없음),2055,0,0,0.0,0,0,0,0,0,16881825000,8215000,KSQ
1682,115610,KR7115610008,이미지스,KOSDAQ,벤처기업부,1428,2,-2,-0.14,1428,1473,1387,23146,33394087,16877202132,11818769,KSQ
1683,051780,KR7051780005,큐로홀딩스,KOSDAQ,중견기업부,2660,2,-90,-3.27,2715,2715,2630,15729,41593215,16852735900,6335615,KSQ
1684,241820,KR7241820000,피씨엘,KOSDAQ,관리종목(소속부없음),6040,0,0,0.0,0,0,0,0,0,16803871920,2782098,KSQ
1685,034940,KR7034940007,조아제약,KOSDAQ,중견기업부,2705,2,-45,-1.64,3190,3500,2600,487611,1472571010,16760085325,6195965,KSQ
1686,377220,KR7377220009,프롬바이오,KOSDAQ,기술성장기업부,2940,1,20,0.68,2800,3075,2800,23063,67229191,16646280000,5662000,KSQ
1687,037400,KR7037400009,우리엔터프라이즈,KOSDAQ,관리종목(소속부없음),632,0,0,0.0,0,0,0,0,0,16573154672,26223346,KSQ
1688,078860,KR7078860004,아이오케이이엔엠,KOSDAQ,투자주의환기종목(소속부없음),2655,1,105,4.12,2625,2875,2600,12102,31967260,16400434140,6177188,KSQ
1689,354200,KR7354200008,엔젠바이오,KOSDAQ,기술성장기업부,1801,2,-14,-0.77,1815,1892,1776,25222,45519499,16094785983,8936583,KSQ
1690,045520,KR7045520004,크린앤사이언스,KOSDAQ,관리종목(소속부없음),2415,1,45,1.9,2370,2450,2300,15400,36366175,15697500000,6500000,KSQ
1691,0130H0,KR70130H0008,엔에이치스팩33호,KOSDAQ,SPAC(소속부없음),2035,1,43,2.16,1992,2035,1988,32430,65258340,15669500000,7700000,KSQ
1692,131760,KR7131760001,파인텍,KOSDAQ,벤처기업부,1803,1,13,0.73,1800,1829,1789,43169,78070553,15661427748,8686316,KSQ
1693,0072Z0,KR70072Z0006,KB제33호스팩,KOSDAQ,SPAC(소속부없음),1981,2,-4,-0.2,1980,1985,1980,3472,6877795,15620185000,7885000,KSQ
1694,002680,KR7002680007,한탑,KOSDAQ,관리종목(소속부없음),2410,1,10,0.42,2400,2510,2300,74467,180066210,15576695190,6463359,KSQ
1695,0101C0,KR70101C0008,하나36호스팩,KOSDAQ,SPAC(소속부없음),2005,1,13,0.65,1993,2005,1978,26608,53103181,15518700000,7740000,KSQ
1696,477340,KR7477340004,에이치엠씨제7호스팩,KOSDAQ,SPAC(소속부없음),2060,3,0,0.0,2060,2060,2057,10377,21376320,15470600000,7510000,KSQ
1697,009730,KR7009730003,이렘,KOSDAQ,투자주의환기종목(소속부없음),1939,2,-46,-2.32,2090,2095,1911,21647,42414907,15464500317,7975503,KSQ
1698,065770,KR7065770000,CS,KOSDAQ,벤처기업부,1468,2,-32,-2.13,1501,1800,1441,312545,495848668,15436113952,10515064,KSQ
1699,060480,KR7060480001,국일신동,KOSDAQ,관리종목(소속부없음),1383,1,5,0.36,1378,1415,1335,74323,103217728,15337470000,11090000,KSQ
1700,009620,KR7009620006,삼보산업,KOSDAQ,투자주의환기종목(소속부없음),871,1,5,0.58,890,895,833,88211,76833788,15219024808,17473048,KSQ
1701,030350,KR7030350003,드래곤플라이,KOSDAQ,관리종목(소속부없음),973,0,0,0.0,0,0,0,0,0,15171092867,15592079,KSQ
1702,008290,KR7008290009,원풍물산,KOSDAQ,관리종목(소속부없음),742,1,81,12.25,685,859,679,7879821,6445230785,15097354538,20346839,KSQ
1703,0115H0,KR70115H0007,삼성스팩13호,KOSDAQ,SPAC(소속부없음),2045,1,55,2.76,1990,2065,1986,29010,58410698,15030750000,7350000,KSQ
1704,069920,KR7069920007,엑시온그룹,KOSDAQ,관리종목(소속부없음),1040,1,108,11.59,950,1211,945,2387907,2657629274,14986873200,14410455,KSQ
1705,177350,KR7177350006,베셀,KOSDAQ,투자주의환기종목(소속부없음),1509,2,-1,-0.07,1654,1654,1485,24248,36814328,14963019159,9915851,KSQ
1706,0044K0,KR70044K0008,삼성스팩10호,KOSDAQ,SPAC(소속부없음),1987,2,-10,-0.5,1996,1996,1985,4775,9493126,14942240000,7520000,KSQ
1707,473050,KR7473050003,유안타제15호스팩,KOSDAQ,관리종목(소속부없음),2100,2,-5,-0.24,2100,2105,2100,54854,115406207,14721000000,7010000,KSQ
1708,142760,KR7142760008,모아라이프플러스,KOSDAQ,기술성장기업부,349,0,0,0.0,0,0,0,0,0,14716276020,42166980,KSQ
1709,240600,KR7240600007,유진테크놀로지,KOSDAQ,관리종목(소속부없음),1765,2,-37,-2.05,1802,1820,1711,23356,41355060,14648458650,8299410,KSQ
1710,389680,KR7389680000,유디엠텍,KOSDAQ,관리종목(소속부없음),1757,4,405,29.96,1362,1757,1362,1421337,2251192458,14619457601,8320693,KSQ
1711,131100,KR7131100000,티엔엔터테인먼트,KOSDAQ,중견기업부,2265,2,-35,-1.52,2300,2345,2245,8489,19448350,14607764160,6449344,KSQ
1712,247660,KR7247660004,나노씨엠에스,KOSDAQ,관리종목(소속부없음),3320,2,-165,-4.73,3450,3640,3240,98222,337975055,14421814400,4343920,KSQ
1713,060260,KR7060260007,뉴보텍,KOSDAQ,관리종목(소속부없음),1075,1,16,1.51,1059,1111,1000,85114,89146132,14343032700,13342356,KSQ
1714,478440,KR7478440001,미래에셋비전스팩6호,KOSDAQ,SPAC(소속부없음),2065,2,-5,-0.24,2065,2075,2065,2857,5909140,14310450000,6930000,KSQ
1715,479880,KR7479880007,한국제15호스팩,KOSDAQ,SPAC(소속부없음),2065,3,0,0.0,2065,2075,2055,40452,83534757,14186550000,6870000,KSQ
1716,0165X0,KR70165X0006,메리츠제2호스팩,KOSDAQ,SPAC(소속부없음),1951,3,0,0.0,1950,1951,1948,8086,15756605,14125240000,7240000,KSQ
1717,0099W0,KR70099W0008,미래에셋비전스팩11호,KOSDAQ,SPAC(소속부없음),2005,1,12,0.6,1996,2005,1984,27492,54903469,14035000000,7000000,KSQ
1718,489480,KR7489480004,키움제11호스팩,KOSDAQ,SPAC(소속부없음),2110,1,50,2.43,2055,2130,2055,32130,67106575,13926000000,6600000,KSQ
1719,291810,KR7291810000,핀텔,KOSDAQ,관리종목(소속부없음),1221,2,-36,-2.86,1283,1283,1183,218089,263124038,13881197352,11368712,KSQ
1720,304840,KR7304840002,피플바이오,KOSDAQ,벤처기업부,561,0,0,0.0,0,0,0,0,0,13643890260,24320660,KSQ
1721,352770,KR7352770002,셀레스트라,KOSDAQ,관리종목(소속부없음),5250,0,0,0.0,0,0,0,0,0,13610136750,2592407,KSQ
1722,239340,KR7239340003,이스트에이드,KOSDAQ,관리종목(소속부없음),504,2,-3,-0.59,510,524,490,155720,78993280,13597735536,26979634,KSQ
1723,223310,KR7223310004,사토시홀딩스,KOSDAQ,투자주의환기종목(소속부없음),2610,2,-450,-14.71,3100,3100,2520,131764,350829177,13584115620,5204642,KSQ
1724,244460,KR7244460002,올리패스,KOSDAQ,관리종목(소속부없음),1651,0,0,0.0,0,0,0,0,0,13415218661,8125511,KSQ
1725,289010,KR7289010001,아이스크림에듀,KOSDAQ,관리종목(소속부없음),958,2,-51,-5.05,1007,1007,950,79541,77462926,13359555248,13945256,KSQ
1726,0134X0,KR70134X0004,대신밸런스제20호스팩,KOSDAQ,SPAC(소속부없음),1976,2,-4,-0.2,1980,1981,1976,3789,7488898,13318240000,6740000,KSQ
1727,035620,KR7035620004,바른손이앤에이,KOSDAQ,관리종목(소속부없음),713,2,-2,-0.28,714,721,696,74110,52349819,13268871534,18609918,KSQ
1728,481890,KR7481890002,엔에이치스팩31호,KOSDAQ,SPAC(소속부없음),2080,1,10,0.48,2080,2080,2070,348,722000,13197600000,6345000,KSQ
1729,0164H0,KR70164H0007,한국제16호스팩,KOSDAQ,SPAC(소속부없음),1954,2,-4,-0.2,1952,1962,1952,7930,15499143,13189500000,6750000,KSQ
1730,285800,KR7285800009,진영,KOSDAQ,벤처기업부,733,0,0,0.0,0,0,0,0,0,13171211763,17968911,KSQ
1731,0099X0,KR70099X0007,IBKS제25호스팩,KOSDAQ,SPAC(소속부없음),2180,0,0,0.0,0,0,0,0,0,13036400000,5980000,KSQ
1732,0096B0,KR70096B0006,삼성스팩12호,KOSDAQ,SPAC(소속부없음),1978,3,0,0.0,1978,1982,1977,7630,15090813,13015240000,6580000,KSQ
1733,079950,KR7079950002,인베니아,KOSDAQ,관리종목(소속부없음),937,2,-9,-0.95,996,996,925,21526,20231077,12929756700,13799100,KSQ
1734,478390,KR7478390008,KB제29호스팩,KOSDAQ,SPAC(소속부없음),2075,1,5,0.24,2075,2080,2065,4312,8935135,12906500000,6220000,KSQ
1735,489730,KR7489730002,디비금융제13호스팩,KOSDAQ,SPAC(소속부없음),2035,1,5,0.25,2040,2040,2035,2703,5501550,12885620000,6332000,KSQ
1736,0097F0,KR70097F0001,미래에셋비전스팩10호,KOSDAQ,SPAC(소속부없음),1980,2,-7,-0.35,1987,1995,1979,6224,12320885,12870000000,6500000,KSQ
1737,471050,KR7471050005,대신밸런스제17호스팩,KOSDAQ,관리종목(소속부없음),2115,1,5,0.24,2110,2115,2110,234036,494986040,12816900000,6060000,KSQ
1738,035290,KR7035290006,골드앤에스,KOSDAQ,관리종목(소속부없음),2685,1,335,14.26,2320,2860,2265,216415,545136538,12801134880,4767648,KSQ
1739,012340,KR7012340006,뉴인텍,KOSDAQ,관리종목(소속부없음),576,2,-3,-0.52,579,582,574,74765,43187284,12697800768,22044793,KSQ
1740,054180,KR7054180005,메디콕스,KOSDAQ,관리종목(소속부없음),2295,0,0,0.0,0,0,0,0,0,12686716395,5527981,KSQ
1741,0054V0,KR70054V0002,엔에이치스팩32호,KOSDAQ,SPAC(소속부없음),2035,1,25,1.24,2015,2080,1995,30125,61142340,12650577500,6216500,KSQ
1742,0093G0,KR70093G0004,미래에셋비전스팩8호,KOSDAQ,SPAC(소속부없음),1976,2,-9,-0.45,1987,1987,1975,6439,12720775,12646400000,6400000,KSQ
1743,0037T0,KR70037T0008,KB제32호스팩,KOSDAQ,SPAC(소속부없음),1990,2,-7,-0.35,1997,1997,1987,5607,11149695,12596700000,6330000,KSQ
1744,492220,KR7492220009,KB제31호스팩,KOSDAQ,SPAC(소속부없음),2020,2,-5,-0.25,2030,2030,2015,4070,8223770,12544200000,6210000,KSQ
1745,482520,KR7482520004,교보16호스팩,KOSDAQ,SPAC(소속부없음),2055,3,0,0.0,2055,2055,2050,2446,5023572,12535500000,6100000,KSQ
1746,0131D0,KR70131D0001,키움히어로제2호스팩,KOSDAQ,SPAC(소속부없음),1977,1,4,0.2,1963,1977,1962,29252,57680291,12474870000,6310000,KSQ
1747,028080,KR7028080000,휴맥스홀딩스,KOSDAQ,관리종목(소속부없음),4895,1,320,6.99,4860,4920,4405,6382,30492008,12386043670,2530346,KSQ
1748,065570,KR7065570004,삼영이엔씨,KOSDAQ,관리종목(소속부없음),764,0,0,0.0,0,0,0,0,0,12295692232,16093838,KSQ
1749,0091W0,KR70091W0006,신영스팩11호,KOSDAQ,SPAC(소속부없음),2015,3,0,0.0,2015,2015,2007,11073,22256165,12227020000,6068000,KSQ
1750,477760,KR7477760003,DB금융스팩12호,KOSDAQ,SPAC(소속부없음),2075,2,-5,-0.24,2080,2080,2065,5924,12290295,12118000000,5840000,KSQ
1751,0088D0,KR70088D0004,메리츠제1호스팩,KOSDAQ,SPAC(소속부없음),2080,1,10,0.48,2075,2080,2065,4147,8597805,12053600000,5795000,KSQ
1752,0041L0,KR70041L0000,하나35호스팩,KOSDAQ,SPAC(소속부없음),1990,2,-10,-0.5,1999,1999,1990,7123,14187767,11999700000,6030000,KSQ
1753,0132G0,KR70132G0007,교보20호스팩,KOSDAQ,SPAC(소속부없음),1995,2,-1,-0.05,1995,1997,1995,2080,4153639,11910150000,5970000,KSQ
1754,079190,KR7079190005,케스피온,KOSDAQ,관리종목(소속부없음),1232,2,-11,-0.88,1231,1260,1207,64119,78452968,11813497696,9588878,KSQ
1755,469900,KR7469900005,하나31호스팩,KOSDAQ,관리종목(소속부없음),2095,2,-5,-0.24,2100,2100,2095,20864,43768201,11742475000,5605000,KSQ
1756,482690,KR7482690005,대신밸런스제19호스팩,KOSDAQ,SPAC(소속부없음),2070,3,0,0.0,2075,2075,2065,422,872965,11623050000,5615000,KSQ
1757,474660,KR7474660008,신한제12호스팩,KOSDAQ,SPAC(소속부없음),2095,1,5,0.24,2080,2100,2080,60963,127290305,11564400000,5520000,KSQ
1758,496070,KR7496070004,신한제16호스팩,KOSDAQ,SPAC(소속부없음),2040,1,30,1.49,2010,2040,2000,27609,55720570,11464800000,5620000,KSQ
1759,474490,KR7474490000,유안타제16호스팩,KOSDAQ,SPAC(소속부없음),2080,1,10,0.48,2070,2080,2070,182,378380,11460800000,5510000,KSQ
1760,0071M0,KR70071M0002,삼성스팩11호,KOSDAQ,SPAC(소속부없음),1989,2,-5,-0.25,1985,1996,1985,3767,7489102,11456640000,5760000,KSQ
1761,487360,KR7487360000,신한제14호스팩,KOSDAQ,SPAC(소속부없음),2025,2,-5,-0.25,2035,2035,2020,9835,19953450,11421000000,5640000,KSQ
1762,0105P0,KR70105P0009,유진스팩12호,KOSDAQ,SPAC(소속부없음),2010,1,10,0.5,1996,2010,1996,25250,50668174,11376600000,5660000,KSQ
1763,477470,KR7477470009,미래에셋비전스팩5호,KOSDAQ,SPAC(소속부없음),2070,2,-5,-0.24,2085,2085,2065,5364,11117610,11343600000,5480000,KSQ
1764,0129K0,KR70129K0006,신한제18호스팩,KOSDAQ,SPAC(소속부없음),1996,1,18,0.91,1970,1996,1969,26169,51928865,11217520000,5620000,KSQ
1765,001000,KR7001000009,신라섬유,KOSDAQ,관리종목(소속부없음),462,0,0,0.0,0,0,0,0,0,11216223480,24277540,KSQ
1766,250930,KR7250930005,예선테크,KOSDAQ,관리종목(소속부없음),1658,1,6,0.36,1619,1825,1540,21883,37341873,10942945904,6600088,KSQ
1767,210120,KR7210120002,캔버스엔,KOSDAQ,중견기업부,1123,1,30,2.74,1102,1176,1064,152758,170527420,10887474893,9694991,KSQ
1768,486630,KR7486630007,KB제30호스팩,KOSDAQ,SPAC(소속부없음),2050,1,5,0.24,2040,2050,2035,3580,7298875,10885500000,5310000,KSQ
1769,0096D0,KR70096D0004,미래에셋비전스팩9호,KOSDAQ,SPAC(소속부없음),1974,2,-7,-0.35,1981,1981,1973,8258,16307208,10857000000,5500000,KSQ
1770,0098T0,KR70098T0004,교보19호스팩,KOSDAQ,SPAC(소속부없음),2005,2,-5,-0.25,2005,2030,2000,4962,9977840,10827000000,5400000,KSQ
1771,493790,KR7493790000,유안타제17호스팩,KOSDAQ,SPAC(소속부없음),2015,2,-5,-0.25,2020,2025,2015,1303,2631565,10699650000,5310000,KSQ
1772,489210,KR7489210005,교보17호스팩,KOSDAQ,SPAC(소속부없음),2055,1,10,0.49,2040,2055,2040,3058,6253580,10644900000,5180000,KSQ
1773,0004Y0,KR70004Y0000,디비금융제14호스팩,KOSDAQ,SPAC(소속부없음),2000,1,3,0.15,1998,2000,1998,1812,3622758,10630000000,5315000,KSQ
1774,058450,KR7058450008,한주에이알티,KOSDAQ,투자주의환기종목(소속부없음),1960,2,-13,-0.66,1973,2005,1921,15898,31386490,10580025120,5397972,KSQ
1775,084180,KR7084180009,수성웹툰,KOSDAQ,관리종목(소속부없음),585,2,-15,-2.5,601,601,578,45195,26599593,10573455555,18074283,KSQ
1776,0130D0,KR70130D0002,신한제17호스팩,KOSDAQ,SPAC(소속부없음),1974,2,-5,-0.25,1971,1975,1970,6339,12510238,10541160000,5340000,KSQ
1777,466690,KR7466690005,키움히어로제1호스팩,KOSDAQ,SPAC(소속부없음),2055,1,40,1.99,2000,2055,2000,27130,55067890,10470225000,5095000,KSQ
1778,043100,KR7043100007,알파AI,KOSDAQ,관리종목(소속부없음),520,0,0,0.0,0,0,0,0,0,10457241600,20110080,KSQ
1779,478110,KR7478110000,이베스트스팩6호,KOSDAQ,SPAC(소속부없음),2065,1,5,0.24,2055,2065,2055,1628,3361810,10366300000,5020000,KSQ
1780,0041B0,KR70041B0002,교보18호스팩,KOSDAQ,SPAC(소속부없음),2015,3,0,0.0,2025,2025,2015,3546,7152660,10155600000,5040000,KSQ
1781,498390,KR7498390004,한화플러스제5호스팩,KOSDAQ,SPAC(소속부없음),2035,0,0,0.0,0,0,0,0,0,10093600000,4960000,KSQ
1782,472220,KR7472220003,신영스팩10호,KOSDAQ,관리종목(소속부없음),2110,2,-5,-0.24,2110,2110,2110,35594,75103340,9895900000,4690000,KSQ
1783,208640,KR7208640003,썸에이지,KOSDAQ,관리종목(소속부없음),689,1,11,1.62,675,730,675,157828,110084461,9593653225,13924025,KSQ
1784,488060,KR7488060005,유진스팩11호,KOSDAQ,SPAC(소속부없음),2030,3,0,0.0,2035,2035,2030,9452,19200635,9581600000,4720000,KSQ
1785,106080,KR7106080005,케이이엠텍,KOSDAQ,관리종목(소속부없음),1650,0,0,0.0,0,0,0,0,0,9506998050,5761817,KSQ
1786,900100,USU652221081,파이온엑스,KOSDAQ,관리종목(소속부없음),1800,2,-58,-3.12,1839,1839,1780,10733,19395894,9496890000,5276050,KSQ
1787,225430,KR7225430008,케이엠제약,KOSDAQ,관리종목(소속부없음),1430,1,55,4.0,1380,1520,1315,73201,102993089,9274515250,6485675,KSQ
1788,092600,KR7092600006,앤씨앤,KOSDAQ,관리종목(소속부없음),1846,1,12,0.65,1834,1861,1741,16812,30534534,9260833738,5016703,KSQ
1789,288980,KR7288980006,모아데이타,KOSDAQ,관리종목(소속부없음),253,2,-18,-6.64,298,319,244,22038426,6124367674,9204488887,36381379,KSQ
1790,484130,KR7484130000,하나34호스팩,KOSDAQ,SPAC(소속부없음),2030,2,-10,-0.49,2040,2040,2020,4481,9085740,9175600000,4520000,KSQ
1791,473950,KR7473950004,에스케이증권제13호스팩,KOSDAQ,SPAC(소속부없음),2055,3,0,0.0,2055,2060,2055,1166,2396920,9083100000,4420000,KSQ
1792,308100,KR7308100007,형지글로벌,KOSDAQ,관리종목(소속부없음),349,2,-17,-4.64,366,383,347,217878,77376576,9011179302,25819998,KSQ
1793,469480,KR7469480008,IBKS제24호스팩,KOSDAQ,SPAC(소속부없음),2130,0,0,0.0,0,0,0,0,0,9009900000,4230000,KSQ
1794,487830,KR7487830002,신한제15호스팩,KOSDAQ,SPAC(소속부없음),2035,3,0,0.0,2030,2040,2020,42195,85598640,8852250000,4350000,KSQ
1795,468760,KR7468760004,유진스팩10호,KOSDAQ,SPAC(소속부없음),2080,0,0,0.0,0,0,0,0,0,8819200000,4240000,KSQ
1796,418620,KR7418620001,E8,KOSDAQ,관리종목(소속부없음),443,2,-13,-2.85,456,456,437,100408,44317212,8793761311,19850477,KSQ
1797,472230,KR7472230002,에스케이증권제11호스팩,KOSDAQ,관리종목(소속부없음),2105,1,5,0.24,2100,2105,2100,74488,156789990,8746275000,4155000,KSQ
1798,487720,KR7487720005,키움제10호스팩,KOSDAQ,SPAC(소속부없음),2035,1,5,0.25,2030,2040,2030,259,527025,8608050000,4230000,KSQ
1799,0068Y0,KR70068Y0003,비엔케이제3호스팩,KOSDAQ,SPAC(소속부없음),1985,2,-3,-0.15,1990,1992,1984,6646,13213512,8555350000,4310000,KSQ
1800,03481K,KR703481K019,해성산업1우,KOSDAQ,중견기업부,6140,2,-10,-0.16,6140,6170,6090,72,441610,8457561420,1377453,KSQ
1801,025870,KR7025870007,신라에스지,KOSDAQ,관리종목(소속부없음),2110,2,-450,-17.58,2510,2510,2040,144679,318106125,8440000000,4000000,KSQ
1802,0041J0,KR70041J0004,엘에스스팩1호,KOSDAQ,SPAC(소속부없음),1992,2,-4,-0.2,1990,1997,1990,2379,4735582,8187120000,4110000,KSQ
1803,465320,KR7465320000,교보15호스팩,KOSDAQ,관리종목(소속부없음),2132,1,2,0.09,2135,2135,2130,115075,245384492,8122920000,3810000,KSQ
1804,087260,KR7087260006,모바일어플라이언스,KOSDAQ,투자주의환기종목(소속부없음),247,0,0,0.0,0,0,0,0,0,8040556667,32552861,KSQ
1805,475250,KR7475250007,하나33호스팩,KOSDAQ,SPAC(소속부없음),2085,1,5,0.24,2085,2085,2080,9569,19908535,7714500000,3700000,KSQ
1806,079970,KR7079970000,투비소프트,KOSDAQ,관리종목(소속부없음),596,0,0,0.0,0,0,0,0,0,7646223464,12829234,KSQ
1807,474930,KR7474930005,신한제13호스팩,KOSDAQ,SPAC(소속부없음),2085,2,-5,-0.24,2100,2100,2085,6942,14489305,7547700000,3620000,KSQ
1808,199730,KR7199730003,바이오인프라,KOSDAQ,관리종목(소속부없음),1516,2,-54,-3.44,1546,1570,1509,15131,22978172,7374380372,4864367,KSQ
1809,065420,KR7065420002,에스아이리소스,KOSDAQ,중견기업부,94,0,0,0.0,0,0,0,0,0,7283384140,77482810,KSQ
1810,276040,KR7276040003,스코넥,KOSDAQ,관리종목(소속부없음),327,0,0,0.0,0,0,0,0,0,7073119545,21630335,KSQ
1811,101000,KR7101000008,KS인더스트리,KOSDAQ,투자주의환기종목(소속부없음),702,2,-22,-3.04,724,739,700,74095,52761385,6957161874,9910487,KSQ
1812,473000,KR7473000008,에스케이증권제12호스팩,KOSDAQ,SPAC(소속부없음),2080,3,0,0.0,2075,2080,2075,229,475995,6884800000,3310000,KSQ
1813,475240,KR7475240008,하나32호스팩,KOSDAQ,SPAC(소속부없음),2090,3,0,0.0,2090,2095,2085,4550,9489835,6688000000,3200000,KSQ
1814,312610,KR7312610009,에이에프더블류,KOSDAQ,관리종목(소속부없음),292,1,4,1.39,296,313,277,176272,51910725,5915011296,20256888,KSQ
1815,011080,KR7011080009,형지I&C,KOSDAQ,관리종목(소속부없음),779,3,0,0.0,780,799,776,59955,46902825,5527988098,7096262,KSQ
1816,044180,KR7044180008,KD,KOSDAQ,관리종목(소속부없음),205,0,0,0.0,0,0,0,0,0,5477148795,26717799,KSQ
1817,313760,KR7313760001,캐리,KOSDAQ,관리종목(소속부없음),468,0,0,0.0,0,0,0,0,0,5244963048,11207186,KSQ
1818,052770,KR7052770005,아이톡시,KOSDAQ,관리종목(소속부없음),312,0,0,0.0,0,0,0,0,0,4545457488,14568774,KSQ
1819,121850,KR7121850002,코이즈,KOSDAQ,관리종목(소속부없음),557,4,128,29.84,441,557,441,755071,403178371,2816748443,5056999,KSQ
1820,021045,KR7021041009,대호특수강우,KOSDAQ,중견기업부,2480,2,-175,-6.59,2505,2505,2470,3180,7943855,2104260160,848492,KSQ
1821,096610,KR7096610001,알에프세미,KOSDAQ,투자주의환기종목(소속부없음),116,2,-23,-16.55,139,140,116,3542003,452184287,2016823676,17386411,KSQ
1822,032685,KR7032681009,소프트센우,KOSDAQ,중견기업부,9000,1,390,4.53,8450,9550,8450,6178,57011420,642258000,71362,KSQ
