,Code,ISU_CD,Name,Market,Dept,Close,ChangeCode,Changes,ChagesRatio,Open,High,Low,Volume,Amount,Marcap,Stocks,MarketId
0,196170,KR7196170005,알테오젠,KOSDAQ GLOBAL,우량기업부,352500,2,-5500,-1.54,361000,368500,349500,284129,102047762250,18889185907500,53586343,KSQ
1,247540,KR7247540008,에코프로비엠,KOSDAQ GLOBAL,중견기업부,124800,2,-7900,-5.95,129800,130800,122600,435880,54546513050,12209238163200,97830434,KSQ
2,086520,KR7086520004,에코프로,KOSDAQ GLOBAL,중견기업부,87700,2,-5300,-5.7,92800,92800,87500,985235,88017488150,11907568530400,135776152,KSQ
3,036930,KR7036930006,주성엔지니어링,KOSDAQ GLOBAL,우량기업부,238000,2,-4000,-1.65,226000,252000,210500,2829026,659526830250,11062506798000,46481121,KSQ
4,277810,KR7277810008,레인보우로보틱스,KOSDAQ,기술성장기업부,491500,2,-27500,-5.3,503000,503000,477000,67484,33010891000,9535030207000,19399858,KSQ
5,950160,KR8840120008,코오롱티슈진,KOSDAQ,외국기업(소속부없음),87800,2,-5200,-5.59,92000,93000,87700,242496,21862043200,7453528575000,84892125,KSQ
6,240810,KR7240810002,원익IPS,KOSDAQ GLOBAL,우량기업부,135500,2,-30100,-18.18,154400,155300,135000,2056196,292557477400,6650868585500,49083901,KSQ
7,028300,KR7028300002,HLB,KOSDAQ,중견기업부,47875,2,-2325,-4.63,49000,49200,47850,351530,16995006250,6376864926125,133198223,KSQ
8,058470,KR7058470006,리노공업,KOSDAQ GLOBAL,우량기업부,75200,2,-6500,-7.96,81800,81800,74700,1661369,127021554900,5731131120000,76211850,KSQ
9,319660,KR7319660007,피에스케이,KOSDAQ,우량기업부,190300,2,-21200,-10.02,201500,209000,188700,359212,70557793550,5512365674200,28966714,KSQ
10,298380,KR7298380007,에이비엘바이오,KOSDAQ GLOBAL,기술성장기업부,96900,2,-4600,-4.53,101700,102900,96700,264823,26448206600,5425185164700,55987463,KSQ
11,141080,KR7141080002,리가켐바이오,KOSDAQ GLOBAL,기술성장기업부,141700,2,-8300,-5.53,148500,150800,141100,228591,33381162950,5245651530600,37019418,KSQ
12,222800,KR7222800005,심텍,KOSDAQ GLOBAL,중견기업부,129200,2,-28100,-17.86,144000,144500,128200,682362,91188586100,4840339885200,37463931,KSQ
13,039030,KR7039030002,이오테크닉스,KOSDAQ,우량기업부,387500,2,-47500,-10.92,425500,425500,383500,215466,86244945000,4773825625000,12319550,KSQ
14,000250,KR7000250001,삼천당제약,KOSDAQ,중견기업부,202500,2,-21000,-9.4,202500,214500,201000,107016,22193414250,4750138080000,23457472,KSQ
15,087010,KR7087010005,펩트론,KOSDAQ,기술성장기업부,178600,2,-3100,-1.71,180200,188700,177600,69271,12638898050,4164478710000,23317350,KSQ
16,084370,KR7084370006,유진테크,KOSDAQ,우량기업부,177000,2,-29500,-14.29,189300,194000,174700,264893,47809999950,4056139434000,22916042,KSQ
17,214370,KR7214370009,케어젠,KOSDAQ,벤처기업부,74000,2,-2200,-2.89,74200,76800,71800,36877,2747359900,3974910000000,53715000,KSQ
18,347850,KR7347850000,디앤디파마텍,KOSDAQ,기술성장기업부,87800,2,-4600,-4.98,92400,93900,87500,831879,75622606450,3899535766600,44413847,KSQ
19,440110,KR7440110005,파두,KOSDAQ,기술성장기업부,76900,2,-5700,-6.9,80000,81000,75500,383312,29874183400,3852799736300,50101427,KSQ
20,214450,KR7214450009,파마리서치,KOSDAQ GLOBAL,우량기업부,368000,1,1500,0.41,360500,378500,357000,170850,63466565000,3823390464000,10389648,KSQ
21,403870,KR7403870009,HPSP,KOSDAQ GLOBAL,우량기업부,44700,2,-5500,-10.96,48350,50800,44500,4562637,213245111500,3678810000000,82300000,KSQ
22,095610,KR7095610002,테스,KOSDAQ GLOBAL,우량기업부,179900,2,-33100,-15.54,197700,199200,179600,392649,73616057050,3482864000000,19360000,KSQ
23,108490,KR7108490004,로보티즈,KOSDAQ,기술성장기업부,233500,2,-18000,-7.16,243500,244000,230500,80456,18963084500,3423350038000,14661028,KSQ
24,145020,KR7145020004,휴젤,KOSDAQ,우량기업부,276000,1,1500,0.55,274000,286000,268500,42926,12006336750,3395913108000,12304033,KSQ
25,310210,KR7310210000,보로노이,KOSDAQ,기술성장기업부,182100,2,-7500,-3.96,189500,204000,181300,48895,9385758750,3354454812900,18420949,KSQ
26,178320,KR7178320008,서진시스템,KOSDAQ,중견기업부,52500,2,-3900,-6.91,55200,57200,52000,1483474,83978878750,3341663692500,63650737,KSQ
27,095340,KR7095340006,ISC,KOSDAQ,우량기업부,151000,2,-19700,-11.54,165600,165600,147800,378230,57730056800,3200755758000,21197058,KSQ
28,226950,KR7226950004,올릭스,KOSDAQ GLOBAL,기술성장기업부,157200,2,-9800,-5.87,166900,171600,156500,277413,45574894400,3194694327600,20322483,KSQ
29,214150,KR7214150005,클래시스,KOSDAQ GLOBAL,우량기업부,48850,1,850,1.77,47750,51000,47000,196235,9761636550,3186761942150,65235659,KSQ
30,080220,KR7080220007,제주반도체,KOSDAQ,우량기업부,91500,2,-11800,-11.42,96300,96700,88500,1579545,144549022450,3151519219500,34442833,KSQ
31,031980,KR7031980006,피에스케이홀딩스,KOSDAQ,우량기업부,143000,2,-23500,-14.11,152000,155400,136900,190665,28267522600,3083422485000,21562395,KSQ
32,064760,KR7064760002,티씨케이,KOSDAQ GLOBAL,우량기업부,262500,2,-25000,-8.7,268500,281000,261000,29990,8042466500,2934596700000,11179416,KSQ
33,067310,KR7067310003,하나마이크론,KOSDAQ,중견기업부,43650,2,-7650,-14.91,48350,48550,43550,1727336,77666662750,2901870594900,66480426,KSQ
34,131290,KR7131290009,티에스이,KOSDAQ,우량기업부,256000,2,-20000,-7.25,263000,269000,251000,102469,26753726250,2831725824000,11061429,KSQ
35,237690,KR7237690003,에스티팜,KOSDAQ GLOBAL,우량기업부,130200,2,-1400,-1.06,130400,135900,128400,69314,9184196600,2716914387600,20867238,KSQ
36,319400,KR7319400008,현대무벡스,KOSDAQ,우량기업부,23400,2,-2050,-8.06,24550,24600,23300,667561,15865612400,2606199312600,111376039,KSQ
37,005290,KR7005290002,동진쎄미켐,KOSDAQ,우량기업부,50800,2,-5700,-10.09,54000,54100,50300,417540,21621089100,2589282400800,50970126,KSQ
38,290650,KR7290650001,엘앤씨바이오,KOSDAQ,우량기업부,92200,1,1500,1.65,88800,95900,88100,272459,25514516650,2486606708800,26969704,KSQ
39,089970,KR7089970008,브이엠,KOSDAQ,우량기업부,98500,2,-21200,-17.71,109400,109400,96700,778127,78936933750,2440041507500,24771995,KSQ
40,263750,KR7263750002,펄어비스,KOSDAQ,우량기업부,37850,1,100,0.26,36950,38800,36900,225280,8583172850,2378641993500,62843910,KSQ
41,357780,KR7357780006,솔브레인,KOSDAQ GLOBAL,우량기업부,298000,2,-40500,-11.96,328500,329000,295000,102008,30813060750,2318012668000,7778566,KSQ
42,257720,KR7257720003,실리콘투,KOSDAQ,우량기업부,35300,2,-250,-0.7,35200,36300,34650,498367,17834342400,2314841695600,65576252,KSQ
43,420770,KR7420770000,기가비스,KOSDAQ,우량기업부,169300,2,-19900,-10.52,184000,190500,166800,81552,14507841700,2146005829400,12675758,KSQ
44,098460,KR7098460009,고영,KOSDAQ,우량기업부,30000,2,-3650,-10.85,32450,32700,29750,995191,30431706025,2046126390000,68204213,KSQ
45,035900,KR7035900000,JYP Ent.,KOSDAQ GLOBAL,우량기업부,55800,1,2600,4.89,52300,57600,52300,268438,15121625550,1982713053600,35532492,KSQ
46,032820,KR7032820003,우리기술,KOSDAQ,벤처기업부,11460,2,-1090,-8.69,12100,12100,11420,1665672,19611123545,1966595431560,171605186,KSQ
47,131970,KR7131970006,두산테스나,KOSDAQ GLOBAL,우량기업부,101500,2,-11100,-9.86,108000,108000,101300,186795,19232934750,1961714657000,19327238,KSQ
48,140410,KR7140410002,메지온,KOSDAQ,투자주의환기종목(소속부없음),62000,1,400,0.65,61100,65200,59000,96900,6067058450,1884314354000,30392167,KSQ
49,010170,KR7010170009,대한광통신,KOSDAQ,중견기업부,12010,2,-1840,-13.29,13300,13320,11960,5736407,70525719195,1867382776600,155485660,KSQ
50,140860,KR7140860008,파크시스템스,KOSDAQ GLOBAL,우량기업부,266500,2,-1000,-0.37,253000,274500,252500,26001,6947686000,1866157988500,7002469,KSQ
51,089030,KR7089030001,테크윙,KOSDAQ,중견기업부,49450,2,-8950,-15.33,55000,55400,49200,1561619,79996939550,1832302745250,37053645,KSQ
52,068760,KR7068760008,셀트리온제약,KOSDAQ,우량기업부,41150,2,-150,-0.36,40350,42800,40050,58588,2436835900,1827155961800,44402332,KSQ
53,041510,KR7041510009,에스엠,KOSDAQ GLOBAL,우량기업부,78400,1,5000,6.81,73100,81600,72800,150693,11851661650,1794943696000,22894690,KSQ
54,083650,KR7083650002,비에이치아이,KOSDAQ,우량기업부,56500,2,-3900,-6.46,59100,60500,56400,174598,10163032650,1748357187500,30944375,KSQ
55,082920,KR7082920000,비츠로셀,KOSDAQ GLOBAL,우량기업부,37550,2,-4150,-9.95,40300,41100,37300,175781,6714867750,1702497361350,45339477,KSQ
56,0009K0,KR70009K0001,에임드바이오,KOSDAQ,기술성장기업부,25850,2,-1050,-3.9,26800,27350,25700,157623,4164610950,1671749511850,64671161,KSQ
57,058610,KR7058610007,에스피지,KOSDAQ,우량기업부,74500,2,-6900,-8.48,79000,79000,73200,104478,7871156450,1652213320000,22177360,KSQ
58,183300,KR7183300003,코미코,KOSDAQ,우량기업부,80400,2,-11100,-12.13,87400,87400,79000,151160,12267434900,1651842924000,20545310,KSQ
59,043260,KR7043260009,성호전자,KOSDAQ,우량기업부,22700,2,-7900,-25.82,29250,29450,21450,6966965,163694427000,1624326784200,71556246,KSQ
60,218410,KR7218410009,RFHIC,KOSDAQ,우량기업부,58000,2,-6500,-10.08,62600,62600,57200,148011,8811202200,1540099636000,26553442,KSQ
61,096530,KR7096530001,씨젠,KOSDAQ GLOBAL,우량기업부,29050,1,350,1.22,28200,29500,27850,114541,3302006500,1517165125700,52225994,KSQ
62,060370,KR7060370004,LS마린솔루션,KOSDAQ,우량기업부,28550,2,-900,-3.06,28450,29850,27500,153400,4433482525,1491419281700,52238854,KSQ
63,458870,KR7458870003,씨어스,KOSDAQ,기술성장기업부,39000,2,-850,-2.13,39700,39700,37600,208651,8025650850,1484329860000,38059740,KSQ
64,030530,KR7030530000,원익홀딩스,KOSDAQ,중견기업부,18450,2,-2150,-10.44,19780,19900,18430,620049,11727945450,1425040749450,77237981,KSQ
65,007390,KR7007390008,네이처셀,KOSDAQ,중견기업부,21650,2,-1500,-6.48,22650,22700,21400,275044,6019954875,1395018962400,64435056,KSQ
66,078600,KR7078600004,대주전자재료,KOSDAQ,우량기업부,88300,2,-7400,-7.73,94600,95400,88100,77313,6958984850,1385599538200,15691954,KSQ
67,039200,KR7039200001,오스코텍,KOSDAQ,벤처기업부,34700,2,-2050,-5.58,36100,36700,34700,98192,3513716525,1327558707200,38258176,KSQ
68,347700,KR7347700007,스피어,KOSDAQ,기술성장기업부,24650,2,-3400,-12.12,27000,28750,24500,2415713,64996187575,1270445273300,51539362,KSQ
69,127120,KR7127120004,제이에스링크,KOSDAQ,벤처기업부,36100,2,-250,-0.69,37300,37600,34000,88571,3207067675,1254163890200,34741382,KSQ
70,323280,KR7323280008,태성,KOSDAQ,중견기업부,38800,2,-3750,-8.81,41300,41300,38650,145555,5780012250,1184873624000,30537980,KSQ
71,195940,KR7195940002,HK이노엔,KOSDAQ GLOBAL,우량기업부,41650,1,100,0.24,41000,42450,40300,98453,4106499825,1179939960150,28329891,KSQ
72,475830,KR7475830006,오름테라퓨틱,KOSDAQ,기술성장기업부,53100,2,-4700,-8.13,57200,57500,53000,100144,5438060200,1153310229000,21719590,KSQ
73,166090,KR7166090001,하나머티리얼즈,KOSDAQ,우량기업부,56600,2,-10400,-15.52,62500,63100,56500,237186,13825243350,1119416348400,19777674,KSQ
74,003380,KR7003380003,하림지주,KOSDAQ GLOBAL,우량기업부,9940,2,-40,-0.4,9860,10160,9670,338416,3385823310,1113335872740,112005621,KSQ
75,437730,KR7437730005,삼현,KOSDAQ,기술성장기업부,34750,2,-1600,-4.4,35450,36050,32800,73456,2523795175,1101837953250,31707567,KSQ
76,031330,KR7031330004,에스에이엠티,KOSDAQ,우량기업부,10750,2,-1190,-9.97,11410,11450,10390,1389541,15018742655,1074946970250,99995067,KSQ
77,101490,KR7101490001,에스앤에스텍,KOSDAQ GLOBAL,우량기업부,49900,2,-5100,-9.27,53200,53200,49700,97324,4934512750,1064610462100,21334879,KSQ
78,417200,KR7417200003,LS머트리얼즈,KOSDAQ,중견기업부,14640,2,-1110,-7.05,15600,15610,14570,407981,6065637030,990434927760,67652659,KSQ
79,085660,KR7085660009,차바이오텍,KOSDAQ,중견기업부,10580,2,-230,-2.13,10760,10870,10380,161068,1713595650,983652710680,92972846,KSQ
80,232140,KR7232140004,와이씨,KOSDAQ,우량기업부,11870,2,-1560,-11.62,13010,13020,11820,512197,6225288310,973878304500,82045350,KSQ
81,100790,KR7100790005,미래에셋벤처투자,KOSDAQ,우량기업부,17730,2,-1950,-9.91,19170,19170,17530,384897,6924600545,941827847940,53120578,KSQ
82,204270,KR7204270003,제이앤티씨,KOSDAQ,중견기업부,16200,2,-1550,-8.73,17120,17670,16170,431608,7197272560,937145149200,57848466,KSQ
83,038500,KR7038500005,삼표시멘트,KOSDAQ GLOBAL,우량기업부,8550,2,-590,-6.46,9070,9070,8510,793999,6896256780,922684416300,107916306,KSQ
84,099320,KR7099320004,쎄트렉아이,KOSDAQ,우량기업부,84200,2,-8800,-9.46,91000,91000,84100,28385,2446272900,922097607600,10951278,KSQ
85,241710,KR7241710003,코스메카코리아,KOSDAQ GLOBAL,우량기업부,85100,1,4500,5.58,79500,88000,79100,160705,13717228900,908868000000,10680000,KSQ
86,086450,KR7086450004,동국제약,KOSDAQ GLOBAL,우량기업부,20050,2,-100,-0.5,19990,20750,19850,264455,5352905415,906869921000,45230420,KSQ
87,083450,KR7083450007,GST,KOSDAQ,우량기업부,48950,2,-5350,-9.85,51000,51300,48450,140196,6938847450,902148500000,18430000,KSQ
88,090710,KR7090710005,휴림로봇,KOSDAQ,중견기업부,7460,2,-620,-7.67,7800,7800,7400,1157929,8712261730,891910356340,119559029,KSQ
89,281740,KR7281740001,레이크머티리얼즈,KOSDAQ,우량기업부,13560,2,-740,-5.17,14070,14070,13470,204236,2799136810,891306230880,65730548,KSQ
90,033100,KR7033100009,제룡전기,KOSDAQ GLOBAL,우량기업부,54800,1,100,0.18,55000,57000,52000,396982,21658430250,880220013200,16062409,KSQ
91,036540,KR7036540003,SFA반도체,KOSDAQ,중견기업부,5310,2,-580,-9.85,5680,5680,5250,1296663,6966590820,873284208930,164460303,KSQ
92,491000,KR7491000006,리브스메드,KOSDAQ,기술성장기업부,34350,2,-2500,-6.78,36800,36800,34300,85659,3024103375,858900830850,25004391,KSQ
93,293490,KR7293490009,카카오게임즈,KOSDAQ GLOBAL,중견기업부,7970,2,-20,-0.25,7900,8150,7770,262423,2088593525,854744762050,107245265,KSQ
94,074600,KR7074600008,원익QnC,KOSDAQ,우량기업부,32400,2,-4450,-12.08,35400,35400,32350,200210,6704097850,851731200000,26288000,KSQ
95,065350,KR7065350001,신성델타테크,KOSDAQ,우량기업부,30600,2,-200,-0.65,29700,31400,29150,105229,3196242550,841008808800,27483948,KSQ
96,397030,KR7397030008,에이프릴바이오,KOSDAQ,기술성장기업부,35900,2,-2750,-7.12,38100,38100,35850,292505,10673217725,840556353400,23413826,KSQ
97,122870,KR7122870009,와이지엔터테인먼트,KOSDAQ GLOBAL,우량기업부,44500,1,500,1.14,43400,46600,43300,112421,5135548650,831751680500,18691049,KSQ
98,388210,KR7388210007,씨엠티엑스,KOSDAQ,벤처기업부,86000,2,-10300,-10.7,92100,92100,85800,47166,4137123150,830281668000,9654438,KSQ
99,137400,KR7137400008,피엔티,KOSDAQ GLOBAL,우량기업부,34900,2,-1350,-3.72,35750,36000,34450,48591,1707444575,826806407200,23690728,KSQ
100,328130,KR7328130000,루닛,KOSDAQ,기술성장기업부,10970,2,-200,-1.79,11630,11630,10860,344288,3853328950,816806234600,74458180,KSQ
101,019210,KR7019210004,와이지-원,KOSDAQ,우량기업부,21950,1,800,3.78,20800,22850,20600,898248,19752514725,816402329600,37193728,KSQ
102,115180,KR7115180002,큐리언트,KOSDAQ,벤처기업부,21750,2,-1500,-6.45,22500,23500,21650,75888,1713525550,815864271750,37511001,KSQ
103,112040,KR7112040001,위메이드,KOSDAQ,중견기업부,23950,2,-1150,-4.58,28150,28600,23300,1702927,44715789200,813066167850,33948483,KSQ
104,388720,KR7388720005,유일로보틱스,KOSDAQ,벤처기업부,69000,2,-3600,-4.96,70500,71400,67600,20754,1442852000,812912805000,11781345,KSQ
105,041830,KR7041830001,인바디,KOSDAQ,우량기업부,59900,2,-2100,-3.39,59500,63200,57200,121742,7267154250,807504831800,13480882,KSQ
106,056190,KR7056190002,SFA,KOSDAQ GLOBAL,우량기업부,22450,2,-1050,-4.47,22800,23000,22050,53697,1207086150,806151662000,35908760,KSQ
107,161580,KR7161580006,필옵틱스,KOSDAQ,중견기업부,33750,2,-2800,-7.66,35500,35550,33650,105741,3615066275,791175836250,23442247,KSQ
108,090360,KR7090360009,로보스타,KOSDAQ,중견기업부,81000,2,-5900,-6.79,83400,84500,80000,95044,7782069900,789750000000,9750000,KSQ
109,189300,KR7189300007,인텔리안테크,KOSDAQ,우량기업부,73000,2,-5400,-6.89,75900,76300,72600,48368,3601055500,783837281000,10737497,KSQ
110,014620,KR7014620009,성광벤드,KOSDAQ GLOBAL,우량기업부,29150,2,-1250,-4.11,29550,30950,29050,52053,1546062325,774147160600,26557364,KSQ
111,213420,KR7213420003,덕산네오룩스,KOSDAQ,우량기업부,31100,2,-1450,-4.45,32250,32250,30500,68583,2149939400,772249666900,24831179,KSQ
112,048410,KR7048410005,현대바이오,KOSDAQ,중견기업부,7980,2,-350,-4.2,8100,8240,7970,422728,3409383455,770114464560,96505572,KSQ
113,252990,KR7252990007,샘씨엔에스,KOSDAQ,우량기업부,12780,2,-1220,-8.71,12870,13300,12500,424872,5482137050,769584621420,60217889,KSQ
114,122640,KR7122640006,예스티,KOSDAQ,벤처기업부,34500,2,-4750,-12.1,37250,37700,34250,668755,23663981075,744712446000,21585868,KSQ
115,466100,KR7466100005,클로봇,KOSDAQ,기술성장기업부,29150,2,-1850,-5.97,30150,30200,28950,86646,2549021800,742136816850,25459239,KSQ
116,036830,KR7036830008,솔브레인홀딩스,KOSDAQ GLOBAL,우량기업부,36050,2,-2850,-7.33,38000,38600,36000,35310,1290342925,739168515050,20503981,KSQ
117,445680,KR7445680002,큐리옥스바이오시스템즈,KOSDAQ,기술성장기업부,42350,2,-4150,-8.92,45500,45750,42300,48398,2132778825,728557849250,17203255,KSQ
118,032500,KR7032500001,케이엠더블유,KOSDAQ,중견기업부,17250,2,-1580,-8.39,18540,18550,16700,173221,3024682110,727806842250,42191701,KSQ
119,035760,KR7035760008,CJ ENM,KOSDAQ GLOBAL,중견기업부,31800,1,250,0.79,31100,32650,30950,32467,1037512425,697347097200,21929154,KSQ
120,356860,KR7356860007,티엘비,KOSDAQ,우량기업부,70400,2,-10900,-13.41,77400,77400,70200,174463,12761040200,692217152000,9832630,KSQ
121,456160,KR7456160001,지투지바이오,KOSDAQ,기술성장기업부,41450,2,-900,-2.13,44650,45000,41000,214031,9166795025,689289707700,16629426,KSQ
122,032190,KR7032190001,다우데이타,KOSDAQ,우량기업부,17850,2,-470,-2.57,18320,18400,17770,30841,557262155,683655000000,38300000,KSQ
123,295310,KR7295310007,에이치브이엠,KOSDAQ,기술성장기업부,56500,2,-6400,-10.17,60300,62500,56200,152925,9053973250,680631826500,12046581,KSQ
124,006730,KR7006730006,서부T&D,KOSDAQ GLOBAL,우량기업부,10450,1,160,1.55,10250,11060,10080,591383,6291797625,678486345350,64926923,KSQ
125,052400,KR7052400009,코나아이,KOSDAQ GLOBAL,우량기업부,46150,1,650,1.43,45600,48800,44750,74190,3483323250,672095879650,14563291,KSQ
126,490470,KR7490470002,세미파이브,KOSDAQ,기술성장기업부,19730,2,-1420,-6.71,20500,20550,19200,266374,5278222695,671321931200,34025440,KSQ
127,253450,KR7253450001,스튜디오드래곤,KOSDAQ GLOBAL,우량기업부,21900,1,550,2.58,21450,22450,21300,32618,715571575,658281106200,30058498,KSQ
128,023160,KR7023160005,태광,KOSDAQ GLOBAL,우량기업부,25200,2,-1600,-5.97,26800,26900,25050,86802,2213311275,651854498400,25867242,KSQ
129,222080,KR7222080004,SFA넥셀,KOSDAQ GLOBAL,우량기업부,8380,2,-410,-4.66,8520,8610,8290,399381,3371946335,651797606720,77780144,KSQ
130,094170,KR7094170008,동운아나텍,KOSDAQ,우량기업부,30850,2,-2700,-8.05,32100,32400,30750,63375,1983406700,645071525600,20909936,KSQ
131,053610,KR7053610002,프로텍,KOSDAQ,우량기업부,71200,2,-11500,-13.91,77100,78000,71000,36728,2686570150,640800000000,9000000,KSQ
132,050890,KR7050890003,쏠리드,KOSDAQ,우량기업부,10540,2,-740,-6.56,10990,11250,10410,674897,7165670130,640373868360,60756534,KSQ
133,376900,KR7376900007,로킷헬스케어,KOSDAQ,기술성장기업부,39750,2,-3300,-7.67,41700,42100,38700,94375,3820112425,630983112750,15873789,KSQ
134,383310,KR7383310000,에코프로에이치엔,KOSDAQ,우량기업부,29700,2,-650,-2.14,29600,30450,28350,119850,3531109800,622955480400,20974932,KSQ
135,476830,KR7476830005,알지노믹스,KOSDAQ,기술성장기업부,44450,1,450,1.02,45050,48350,43550,295865,13570140300,619359276900,13933842,KSQ
136,053800,KR7053800009,안랩,KOSDAQ,우량기업부,55000,1,1100,2.04,53000,55200,52800,24126,1316180700,611957830000,11126506,KSQ
137,126340,KR7126340009,비나텍,KOSDAQ,벤처기업부,84700,2,-23000,-21.36,100800,102000,84500,233994,21169714850,608181065800,7180414,KSQ
138,358570,KR7358570000,지아이이노베이션,KOSDAQ,기술성장기업부,9320,2,-660,-6.61,9760,9980,9310,362423,3481425080,601289175920,64516006,KSQ
139,160190,KR7160190005,하이젠알앤엠,KOSDAQ,투자주의환기종목(소속부없음),19430,2,-1070,-5.22,20500,20500,19310,39834,781631545,600153840000,30888000,KSQ
140,102710,KR7102710001,이엔에프테크놀로지,KOSDAQ,우량기업부,41800,2,-4100,-8.93,44400,44400,41700,52202,2227639600,597231544800,14287836,KSQ
141,044490,KR7044490001,태웅,KOSDAQ,우량기업부,29750,2,-2800,-8.6,31400,32450,29700,75580,2297229450,595219584750,20007381,KSQ
142,046890,KR7046890000,서울반도체,KOSDAQ GLOBAL,중견기업부,10110,2,-1230,-10.85,10980,11040,10040,351169,3641916325,589467594000,58305400,KSQ
143,041960,KR7041960006,코미팜,KOSDAQ,벤처기업부,7970,1,10,0.13,7980,8240,7850,185977,1490682365,588875365150,73886495,KSQ
144,045100,KR7045100005,한양이엔지,KOSDAQ,우량기업부,33650,2,-4750,-12.37,36000,36400,33050,212294,7308551675,588875000000,17500000,KSQ
145,033790,KR7033790007,피노,KOSDAQ,중견기업부,7040,2,-270,-3.69,7250,7340,6950,488664,3464878760,586586084480,83321887,KSQ
146,225570,KR7225570001,넥슨게임즈,KOSDAQ,중견기업부,8900,1,110,1.25,8690,9040,8510,63925,564947560,586155548600,65860174,KSQ
147,476060,KR7476060009,온코닉테라퓨틱스,KOSDAQ,기술성장기업부,12800,2,-890,-6.5,13850,13870,12710,197868,2617365990,581220352000,45407840,KSQ
148,086900,KR7086900008,메디톡스,KOSDAQ,우량기업부,79600,2,-1900,-2.33,81500,82000,78900,13057,1053455700,580960361200,7298497,KSQ
149,064290,KR7064290000,인텍플러스,KOSDAQ,중견기업부,45050,2,-3450,-7.11,45750,47800,43550,277951,12757425125,580134888900,12877578,KSQ
150,059090,KR7059090001,미코,KOSDAQ,벤처기업부,17350,2,-2140,-10.98,18700,18750,17270,237821,4246478140,579781098300,33416778,KSQ
151,121600,KR7121600001,나노신소재,KOSDAQ,우량기업부,46600,2,-2700,-5.48,47550,48600,46550,38082,1809187100,571418100600,12262191,KSQ
152,171090,KR7171090004,선익시스템,KOSDAQ,우량기업부,56200,2,-4100,-6.8,58000,58700,56000,29063,1652222400,567767581200,10102626,KSQ
153,102940,KR7102940004,코오롱생명과학,KOSDAQ,중견기업부,42850,2,-2000,-4.46,44800,45000,42600,22286,975250900,560932338550,13090603,KSQ
154,089890,KR7089890008,코세스,KOSDAQ,우량기업부,33650,2,-3350,-9.05,35250,35400,32000,97598,3345272325,558083971300,16584962,KSQ
155,067160,KR7067160002,SOOP,KOSDAQ GLOBAL,우량기업부,48500,2,-950,-1.92,48750,49800,48300,19917,976944300,557496199500,11494767,KSQ
156,052020,KR7052020005,에스티큐브,KOSDAQ,투자주의환기종목(소속부없음),8120,2,-630,-7.2,8720,8720,8050,244301,2021894790,552024322920,67983291,KSQ
157,027360,KR7027360007,아주IB투자,KOSDAQ,중견기업부,4545,2,-575,-11.23,4970,4970,4545,1090093,5119197493,550605870270,121145406,KSQ
158,376300,KR7376300000,디어유,KOSDAQ,우량기업부,22950,1,1150,5.28,21200,23850,21200,68515,1576968800,544796417700,23738406,KSQ
159,037460,KR7037460003,삼지전자,KOSDAQ,우량기업부,33300,2,-950,-2.77,33450,34100,31250,93490,3094816775,543406782600,16318522,KSQ
160,093320,KR7093320000,케이아이엔엑스,KOSDAQ,우량기업부,109900,1,2900,2.71,106000,111500,104100,8029,863436100,536312000000,4880000,KSQ
161,174900,KR7174900001,앱클론,KOSDAQ,벤처기업부,26850,2,-1400,-4.96,28000,28350,26350,75185,2051659025,535714663650,19952129,KSQ
162,389470,KR7389470006,인벤티지랩,KOSDAQ,기술성장기업부,40200,2,-2850,-6.62,42550,44300,40200,76781,3289520525,534969861600,13307708,KSQ
163,348370,KR7348370008,엔켐,KOSDAQ,중견기업부,24250,2,-1250,-4.9,26200,26250,24250,103785,2588630100,531341580250,21910993,KSQ
164,336570,KR7336570007,원텍,KOSDAQ,우량기업부,5930,1,70,1.19,5800,6150,5610,1403935,8326759795,531213230780,89580646,KSQ
165,033500,KR7033500000,동성화인텍,KOSDAQ,우량기업부,17660,2,-590,-3.23,17950,18040,17470,54618,970580660,529614464040,29989494,KSQ
166,170920,KR7170920003,엘티씨,KOSDAQ,벤처기업부,49800,2,-5500,-9.95,50900,52000,49150,202488,10206922700,526093474800,10564126,KSQ
167,033640,KR7033640004,네패스,KOSDAQ,중견기업부,22750,2,-2800,-10.96,24100,24250,22300,136868,3145651425,524596845500,23059202,KSQ
168,056080,KR7056080005,유진로봇,KOSDAQ,중견기업부,13670,2,-1170,-7.88,14110,14360,13500,146583,2037720845,522679093620,38235486,KSQ
169,082270,KR7082270000,젬백스,KOSDAQ,벤처기업부,11720,2,-590,-4.79,11980,12170,11500,123684,1461310680,518835059160,44269203,KSQ
170,365340,KR7365340009,성일하이텍,KOSDAQ,기술성장기업부,39800,2,-1750,-4.21,40850,41150,39050,13224,529843325,514260377000,12921115,KSQ
171,035890,KR7035890003,서희건설,KOSDAQ,중견기업부,2235,1,35,1.59,2200,2270,2130,662352,1468143132,513621901395,229808457,KSQ
172,036810,KR7036810000,에프에스티,KOSDAQ,중견기업부,23550,2,-2950,-11.13,25300,25300,23500,93583,2246642575,509852530950,21649789,KSQ
173,060250,KR7060250008,NHN KCP,KOSDAQ,우량기업부,12690,2,-540,-4.08,13180,13180,12670,141917,1827885930,509638153590,40160611,KSQ
174,009520,KR7009520008,포스코엠텍,KOSDAQ GLOBAL,중견기업부,12170,2,-600,-4.7,12600,12670,12120,49556,611547645,506791695510,41642703,KSQ
175,124500,KR7124500000,아이티센글로벌,KOSDAQ,우량기업부,21750,2,-1650,-7.05,23600,24000,21700,211448,4743264625,504698462250,23204527,KSQ
176,211050,KR7211050000,인카금융서비스,KOSDAQ,우량기업부,10060,1,20,0.2,10000,10220,9900,30938,312879400,495592389420,49263657,KSQ
177,251970,KR7251970000,펌텍코리아,KOSDAQ GLOBAL,우량기업부,39650,1,1250,3.26,38050,40550,37800,68566,2734705725,491660000000,12400000,KSQ
178,077360,KR7077360006,덕산하이메탈,KOSDAQ,벤처기업부,10770,2,-1760,-14.05,12000,12010,10680,413132,4581192725,489356511540,45437002,KSQ
179,015750,KR7015750003,성우하이텍,KOSDAQ,우량기업부,6100,2,-140,-2.24,6210,6290,5960,215957,1325618910,488000000000,80000000,KSQ
180,425420,KR7425420007,티에프이,KOSDAQ,우량기업부,39300,2,-4750,-10.78,41800,41950,38400,59359,2341955075,485244213300,12347181,KSQ
181,104830,KR7104830005,원익머트리얼즈,KOSDAQ,우량기업부,37550,2,-3950,-9.52,39250,40000,37050,40138,1530030825,473430400000,12608000,KSQ
182,486990,KR7486990005,노타,KOSDAQ,기술성장기업부,22000,1,750,3.53,24800,25200,21825,427024,10027916900,469617060000,21346230,KSQ
183,030520,KR7030520001,한글과컴퓨터,KOSDAQ,우량기업부,19420,1,60,0.31,18940,19850,18410,92539,1796544935,469570628480,24179744,KSQ
184,272290,KR7272290008,이녹스첨단소재,KOSDAQ GLOBAL,우량기업부,23550,2,-1850,-7.28,24550,24800,23400,85789,2063756025,469528336950,19937509,KSQ
185,101160,KR7101160000,월덱스,KOSDAQ,우량기업부,28400,2,-1650,-5.49,29200,29600,28300,82128,2370698350,468912201200,16510993,KSQ
186,278280,KR7278280003,천보,KOSDAQ,중견기업부,37850,2,-1150,-2.95,38100,39550,36900,19292,738514900,463776996250,12253025,KSQ
187,372320,KR7372320002,큐로셀,KOSDAQ,기술성장기업부,30450,2,-700,-2.25,30300,31200,30100,26358,809495275,463629203100,15225918,KSQ
188,119850,KR7119850006,지엔씨에너지,KOSDAQ,우량기업부,28150,1,300,1.08,27050,29600,26300,519301,14695177950,463036788350,16448909,KSQ
189,025320,KR7025320003,시노펙스,KOSDAQ,우량기업부,5000,2,-530,-9.58,5190,5210,4955,841879,4249983300,460812265000,92162453,KSQ
190,034950,KR7034950006,한국기업평가,KOSDAQ,우량기업부,101300,1,900,0.9,100300,102000,99700,2430,245201500,459954068200,4540514,KSQ
191,253590,KR7253590004,네오셈,KOSDAQ,우량기업부,10470,2,-1280,-10.89,11400,11400,10440,264954,2828643160,459310147080,43869164,KSQ
192,348210,KR7348210006,넥스틴,KOSDAQ,우량기업부,43500,2,-5300,-10.86,48100,48200,43400,51349,2294471725,455749717500,10477005,KSQ
193,099190,KR7099190001,아이센스,KOSDAQ,중견기업부,15740,2,-230,-1.44,15960,16210,15410,22182,351039980,452640043660,28757309,KSQ
194,439960,KR7439960006,코스모로보틱스,KOSDAQ,기술성장기업부,13940,2,-1420,-9.24,15160,15160,13650,377543,5300066530,452361726440,32450626,KSQ
195,475960,KR7475960001,토모큐브,KOSDAQ,기술성장기업부,33800,2,-1550,-4.38,35450,35950,33500,39308,1357481800,452354661200,13383274,KSQ
196,039440,KR7039440003,에스티아이,KOSDAQ,우량기업부,29150,2,-2450,-7.75,29800,30300,28250,177510,5231434225,452030420050,15507047,KSQ
197,214430,KR7214430001,아이쓰리시스템,KOSDAQ,우량기업부,61000,2,-2600,-4.09,61300,62700,59200,20791,1267860800,445740115000,7307215,KSQ
198,399720,KR7399720002,가온칩스,KOSDAQ,벤처기업부,37500,2,-3550,-8.65,39550,39550,37050,42669,1611598575,443956650000,11838844,KSQ
199,340570,KR7340570001,티앤엘,KOSDAQ,우량기업부,54400,2,-700,-1.27,53800,55200,53300,32152,1752738050,442163200000,8128000,KSQ
200,368770,KR7368770004,파이버프로,KOSDAQ,벤처기업부,13360,2,-1240,-8.49,14140,14190,13360,95712,1306845335,438932446000,32854225,KSQ
201,042000,KR7042000000,카페24,KOSDAQ,우량기업부,18130,1,260,1.45,17850,18770,17380,43579,791652930,438350203970,24178169,KSQ
202,348340,KR7348340001,뉴로메카,KOSDAQ,기술성장기업부,35150,2,-3350,-8.7,37550,37550,35150,75899,2725427325,436181657650,12409151,KSQ
203,460930,KR7460930001,현대힘스,KOSDAQ,우량기업부,12130,2,-510,-4.03,12580,12590,11960,78701,965667400,430744439230,35510671,KSQ
204,101730,KR7101730000,위메이드맥스,KOSDAQ,중견기업부,5100,1,825,19.3,5110,5550,4485,2792567,14557743146,427396758600,83803286,KSQ
205,327260,KR7327260006,RF머트리얼즈,KOSDAQ,벤처기업부,50300,2,-7300,-12.67,56500,56500,48350,115074,5862201900,427305290500,8495135,KSQ
206,018290,KR7018290007,브이티,KOSDAQ,우량기업부,12210,2,-70,-0.57,12190,12840,11970,158439,1992186245,426639841980,34941838,KSQ
207,241770,KR7241770007,메카로,KOSDAQ,우량기업부,41750,2,-3300,-7.33,45050,45050,41650,13340,571994050,425542720000,10192640,KSQ
208,215200,KR7215200007,메가스터디교육,KOSDAQ,우량기업부,41050,2,-750,-1.79,41500,41550,40300,13657,560484700,425492116800,10365216,KSQ
209,290550,KR7290550003,디케이티,KOSDAQ,우량기업부,21200,2,-750,-3.42,21900,22250,21000,121433,2612258650,424026076000,20001230,KSQ
210,160980,KR7160980009,싸이맥스,KOSDAQ,우량기업부,38300,2,-4750,-11.03,42150,42500,37550,114548,4483169750,418398506900,10924243,KSQ
211,219130,KR7219130002,타이거일렉,KOSDAQ,벤처기업부,66200,2,-6800,-9.32,72300,72300,65400,65755,4506939850,418005998000,6314290,KSQ
212,330860,KR7330860008,네패스아크,KOSDAQ,중견기업부,34200,2,-4600,-11.86,37550,37550,32400,275145,9272182700,416694339000,12184045,KSQ
213,168360,KR7168360006,펨트론,KOSDAQ,벤처기업부,18960,2,-2240,-10.57,19750,19960,18840,74452,1432509670,415344851040,21906374,KSQ
214,078130,KR7078130002,국일제지,KOSDAQ,중견기업부,3640,2,-160,-4.21,3750,3750,3575,73644,268118977,410375736680,112740587,KSQ
215,356680,KR7356680009,엑스게이트,KOSDAQ,벤처기업부,14290,2,-1210,-7.81,15360,15360,14240,785311,11537901280,407886500680,28543492,KSQ
216,079940,KR7079940003,가비아,KOSDAQ,우량기업부,30250,1,50,0.17,30900,31050,29700,5910,177933650,405975691000,13420684,KSQ
217,089010,KR7089010003,켐트로닉스,KOSDAQ,우량기업부,24100,2,-2050,-7.84,25000,25000,23850,77464,1885095750,404157650700,16770027,KSQ
218,033160,KR7033160003,엠케이전자,KOSDAQ,중견기업부,16560,2,-1820,-9.9,17800,17800,15990,757482,12671701760,400660356960,24194466,KSQ
219,095660,KR7095660007,네오위즈,KOSDAQ,우량기업부,18130,2,-150,-0.82,18260,18700,17860,35901,660533690,392269001670,21636459,KSQ
220,025980,KR7025980004,아난티,KOSDAQ,우량기업부,4030,2,-15,-0.37,3980,4170,3900,594123,2409569014,392122989700,97300990,KSQ
221,041190,KR7041190000,우리기술투자,KOSDAQ,우량기업부,4645,2,-45,-0.96,4715,4770,4535,351488,1636156683,390180000000,84000000,KSQ
222,047920,KR7047920004,HLB제약,KOSDAQ,기술성장기업부,11800,2,-610,-4.92,12050,12520,11730,36898,440738490,387032400800,32799356,KSQ
223,036620,KR7036620003,감성코퍼레이션,KOSDAQ,우량기업부,4245,1,95,2.29,4060,4360,4030,320648,1358963339,384188507895,90503771,KSQ
224,013030,KR7013030002,하이록코리아,KOSDAQ,우량기업부,32150,2,-750,-2.28,32600,33000,30100,24240,777193975,378345829600,11768144,KSQ
225,024850,KR7024850000,HLB이노베이션,KOSDAQ,중견기업부,11850,2,-510,-4.13,11810,12650,11680,66498,808753670,376279496400,31753544,KSQ
226,067630,KR7067630004,HLB생명과학,KOSDAQ,투자주의환기종목(소속부없음),3070,2,-155,-4.81,3150,3185,3070,113910,354838530,374285368060,121917058,KSQ
227,078020,KR7078020005,LS증권,KOSDAQ,우량기업부,6670,2,-30,-0.45,6680,6720,6430,52019,342099075,370059537300,55481190,KSQ
228,006910,KR7006910004,보성파워텍,KOSDAQ,우량기업부,7530,2,-440,-5.52,7760,7790,7420,946776,7207713105,369947574720,49129824,KSQ
229,114810,KR7114810005,한솔아이원스,KOSDAQ,우량기업부,13050,2,-1750,-11.82,14040,14040,13000,179065,2410961630,367268420700,28143174,KSQ
230,477850,KR7477850002,마키나락스,KOSDAQ,기술성장기업부,20450,1,4040,24.62,17000,20800,16930,2816376,53827388725,363084351200,17754736,KSQ
231,060280,KR7060280005,큐렉소,KOSDAQ,중견기업부,8720,2,-420,-4.6,8890,9080,8640,122345,1077284390,359785368800,41259790,KSQ
232,069080,KR7069080000,웹젠,KOSDAQ GLOBAL,우량기업부,11570,2,-270,-2.28,11820,12120,11530,46930,558385080,358283272750,30966575,KSQ
233,204620,KR7204620009,글로벌텍스프리,KOSDAQ,우량기업부,5060,2,-30,-0.59,5060,5310,4880,1282449,6584687815,355633649800,70283330,KSQ
234,003800,KR7003800000,에이스침대,KOSDAQ,우량기업부,32000,2,-150,-0.47,32000,32150,31450,2361,75095800,354880000000,11090000,KSQ
235,101930,KR7101930006,인화정공,KOSDAQ,우량기업부,7760,2,-360,-4.43,8130,8130,7550,18835,146535280,354590646960,45694671,KSQ
236,287840,KR7287840003,인투셀,KOSDAQ,기술성장기업부,23350,2,-500,-2.1,23200,24900,22850,24245,580669050,350762766000,15021960,KSQ
237,052710,KR7052710001,아모텍,KOSDAQ,중견기업부,23900,2,-900,-3.63,23600,25200,21850,389302,9287226875,349239849400,14612546,KSQ
238,078160,KR7078160009,메디포스트,KOSDAQ,벤처기업부,8900,2,-430,-4.61,9200,9270,8800,32384,290100000,348920966700,39204603,KSQ
239,110990,KR7110990009,디아이티,KOSDAQ,우량기업부,18420,2,-2280,-11.01,19630,19880,18370,103655,1949562790,348138000000,18900000,KSQ
240,482630,KR7482630001,삼양엔씨켐,KOSDAQ,중견기업부,15630,2,-2200,-12.34,17020,17060,15400,247057,3948755005,342113816400,21888280,KSQ
241,200710,KR7200710002,에이디테크놀로지,KOSDAQ,중견기업부,25400,2,-2900,-10.25,27200,27250,24500,203800,5178928925,341934977800,13462007,KSQ
242,393890,KR7393890009,더블유씨피,KOSDAQ,기술성장기업부,10060,2,-790,-7.28,10310,10620,10050,78115,799959100,340462028640,33843144,KSQ
243,199800,KR7199800004,툴젠,KOSDAQ,기술성장기업부,37800,2,-1500,-3.82,39350,39350,37400,11508,437552300,340110376200,8997629,KSQ
244,389650,KR7389650003,넥스트바이오메디컬,KOSDAQ,기술성장기업부,40500,2,-1350,-3.23,41500,42350,40450,21992,906004850,335230083000,8277286,KSQ
245,042520,KR7042520007,한스바이오메드,KOSDAQ,벤처기업부,23400,2,-1600,-6.4,24750,27400,23250,308270,7801129475,333715987800,14261367,KSQ
246,078350,KR7078350006,한양디지텍,KOSDAQ,우량기업부,21500,2,-2850,-11.7,22900,22900,21300,102834,2248867150,327754213000,15244382,KSQ
247,078340,KR7078340007,컴투스,KOSDAQ GLOBAL,중견기업부,27000,1,350,1.31,26300,28100,26100,29534,806537650,326465451000,12091313,KSQ
248,064260,KR7064260003,다날,KOSDAQ,중견기업부,4285,2,-145,-3.27,4355,4420,4205,391866,1686531752,324140783245,75645457,KSQ
249,107640,KR7107640005,한중엔시에스,KOSDAQ,기술성장기업부,35700,2,-1900,-5.05,36500,36750,35000,29278,1052336400,323618572200,9064946,KSQ
250,215600,KR7215600008,신라젠,KOSDAQ,중견기업부,2325,1,5,0.22,2400,2470,2255,518770,1219124448,322137036300,138553564,KSQ
251,448900,KR7448900001,한국피아이엠,KOSDAQ,기술성장기업부,53000,2,-4000,-7.02,55000,55400,51700,36952,1970555250,321946221000,6074457,KSQ
252,493280,KR7493280002,아이엠바이오로직스,KOSDAQ,기술성장기업부,21650,2,-1300,-5.66,22500,23650,21550,64505,1448049650,321211285850,14836549,KSQ
253,144960,KR7144960002,뉴파워프라즈마,KOSDAQ,우량기업부,7280,2,-840,-10.34,7800,7810,7280,366822,2784365655,318082302720,43692624,KSQ
254,243070,KR7243070000,휴온스,KOSDAQ,우량기업부,26550,1,300,1.14,26700,26800,25600,4958,130306250,318060105750,11979665,KSQ
255,125490,KR7125490003,한라캐스트,KOSDAQ,벤처기업부,8710,2,-580,-6.24,8970,9030,8690,229794,2023105605,317935485920,36502352,KSQ
256,376270,KR7376270005,HEM파마,KOSDAQ,기술성장기업부,44050,2,-1250,-2.76,44700,46400,43050,7217,323963500,317300387350,7203187,KSQ
257,206650,KR7206650004,유바이오로직스,KOSDAQ,우량기업부,8630,2,-190,-2.15,8820,8860,8500,67244,585545070,317172409410,36752307,KSQ
258,424870,KR7424870004,이뮨온시아,KOSDAQ,기술성장기업부,3440,2,-70,-1.99,3410,3555,3380,236701,817236372,313976605360,91272269,KSQ
259,265520,KR7265520007,AP시스템,KOSDAQ,우량기업부,20850,2,-1600,-7.13,21900,21900,20750,46522,986237375,313809617850,15050821,KSQ
260,049070,KR7049070006,인탑스,KOSDAQ,우량기업부,18140,2,-700,-3.72,18420,18840,17870,70448,1290291390,312008000000,17200000,KSQ
261,025900,KR7025900002,동화기업,KOSDAQ,중견기업부,6160,2,-290,-4.5,6390,6450,6120,52881,330246970,311432875600,50557285,KSQ
262,0011T0,KR70011T0008,채비,KOSDAQ,기술성장기업부,6610,2,-290,-4.2,7000,7000,6460,144271,955506490,310336796510,46949591,KSQ
263,036890,KR7036890002,진성티이씨,KOSDAQ,우량기업부,14060,2,-690,-4.68,14550,14570,14020,23192,332882210,309778679380,22032623,KSQ
264,484590,KR7484590005,삼양컴텍,KOSDAQ,벤처기업부,7510,2,-190,-2.47,7600,7750,7260,165950,1249093805,309490479500,41210450,KSQ
265,200670,KR7200670008,휴메딕스,KOSDAQ,우량기업부,27500,2,-50,-0.18,27000,28150,26650,22354,616052250,308823075000,11229930,KSQ
266,236200,KR7236200002,슈프리마,KOSDAQ,우량기업부,44150,3,0,0.0,43700,45100,42300,18244,805442100,307915830650,6974311,KSQ
267,091700,KR7091700005,파트론,KOSDAQ,우량기업부,6140,1,150,2.5,5990,6190,5830,130736,799128840,307000000000,50000000,KSQ
268,468530,KR7468530001,프로티나,KOSDAQ,기술성장기업부,27800,2,-1450,-4.96,28500,29700,27600,25645,734398400,306778782400,11035208,KSQ
269,079370,KR7079370003,제우스,KOSDAQ,우량기업부,9870,2,-690,-6.53,10200,10210,9790,181347,1807344185,306137691300,31016990,KSQ
270,084110,KR7084110006,휴온스글로벌,KOSDAQ,우량기업부,24150,3,0,0.0,24000,24650,23050,12251,294461450,305734459800,12659812,KSQ
271,117730,KR7117730002,티로보틱스,KOSDAQ,벤처기업부,13430,2,-1170,-8.01,14100,14100,13400,70669,963188745,302954517490,22558043,KSQ
272,064850,KR7064850001,에프앤가이드,KOSDAQ,벤처기업부,26550,2,-1250,-4.5,25300,26750,24800,42728,1095700650,302944314600,11410332,KSQ
273,417840,KR7417840006,저스템,KOSDAQ,벤처기업부,13170,2,-2130,-13.92,14500,14500,12900,874536,11917127000,301189747770,22869381,KSQ
274,098070,KR7098070006,한텍,KOSDAQ,중견기업부,26950,2,-1400,-4.94,27050,28050,26900,20165,549870575,299714749950,11121141,KSQ
275,036200,KR7036200004,유니셈,KOSDAQ,우량기업부,9760,2,-960,-8.96,10300,10300,9720,184642,1830022600,299282816480,30664223,KSQ
276,023410,KR7023410004,유진기업,KOSDAQ,중견기업부,3850,2,-665,-14.73,4515,4630,3750,10938567,45473395094,297646822550,77310863,KSQ
277,094360,KR7094360005,칩스앤미디어,KOSDAQ,벤처기업부,13870,1,1710,14.06,15000,15000,12710,721221,9720697620,296197650380,21355274,KSQ
278,455900,KR7455900001,엔젤로보틱스,KOSDAQ,기술성장기업부,19200,2,-1500,-7.25,20700,20700,19050,26551,516911605,295172755200,15373581,KSQ
279,092190,KR7092190008,서울바이오시스,KOSDAQ,투자주의환기종목(소속부없음),6430,2,-710,-9.94,7050,7050,6370,145649,947829505,294933702690,45868383,KSQ
280,080580,KR7080580004,오킨스전자,KOSDAQ,벤처기업부,13970,2,-2220,-13.71,15620,15620,13970,190039,2743432020,294640641350,21090955,KSQ
281,092730,KR7092730001,네오팜,KOSDAQ,우량기업부,18330,2,-170,-0.92,18270,18790,18120,23647,438187335,293793038370,16027989,KSQ
282,378340,KR7378340004,필에너지,KOSDAQ,중견기업부,13500,1,520,4.01,14670,14720,13210,211476,2899306125,292192407000,21643882,KSQ
283,138080,KR7138080007,오이솔루션,KOSDAQ,벤처기업부,23450,2,-2500,-9.63,24550,25300,23400,92812,2215687975,290258425100,12377758,KSQ
284,136480,KR7136480001,하림,KOSDAQ,우량기업부,2725,3,0,0.0,2715,2760,2670,228491,623294715,289421437950,106209702,KSQ
285,314930,KR7314930009,바이오다인,KOSDAQ,기술성장기업부,9710,2,-120,-1.22,9800,10430,9590,30182,295215890,289009440130,29764103,KSQ
286,394280,KR7394280002,오픈엣지테크놀로지,KOSDAQ,기술성장기업부,10940,2,-1250,-10.25,11880,12110,10800,92965,1030508155,288231038200,26346530,KSQ
287,121440,KR7121440002,골프존홀딩스,KOSDAQ,우량기업부,6650,1,10,0.15,6640,6670,6640,529517,3520520910,284864839700,42836818,KSQ
288,228760,KR7228760005,지노믹트리,KOSDAQ,기술성장기업부,11330,2,-310,-2.66,11890,11890,11200,39698,456197000,281654758660,24859202,KSQ
289,043150,KR7043150002,바텍,KOSDAQ,우량기업부,18920,1,160,0.85,18540,19040,18200,7037,131715810,281042523520,14854256,KSQ
290,352480,KR7352480008,씨앤씨인터내셔널,KOSDAQ,우량기업부,20550,2,-650,-3.07,21100,21750,20000,16515,349675250,280094465550,13629901,KSQ
291,475040,KR7475040002,스트라드비젼,KOSDAQ,기술성장기업부,5240,2,-600,-10.27,5820,6030,5090,7172854,39900230380,279056923120,53255138,KSQ
292,450950,KR7450950001,아스테라시스,KOSDAQ,벤처기업부,7410,1,10,0.14,7300,7540,7070,24453,179597590,278820456720,37627592,KSQ
293,200470,KR7200470003,에이팩트,KOSDAQ,중견기업부,6560,2,-1140,-14.81,7550,7550,6430,736904,5007273700,277895330080,42362093,KSQ
294,025770,KR7025770009,한국정보통신,KOSDAQ,우량기업부,7420,2,-100,-1.33,7450,7600,7280,47968,357338510,277836490820,37444271,KSQ
295,035810,KR7035810001,이지홀딩스,KOSDAQ,우량기업부,4285,1,35,0.82,4205,4360,4200,124913,538370769,276451852725,64516185,KSQ
296,017890,KR7017890005,한국알콜,KOSDAQ,우량기업부,12970,1,990,8.26,11900,13130,11860,146548,1850552105,275917372820,21273506,KSQ
297,065680,KR7065680001,우주일렉트로,KOSDAQ,우량기업부,29500,2,-3600,-10.88,32050,32300,29500,14112,428739700,272593894500,9240471,KSQ
298,064820,KR7064820004,케이프,KOSDAQ,우량기업부,8810,2,-370,-4.03,9210,9210,8600,51618,457787365,271878494150,30860215,KSQ
299,389260,KR7389260001,대명에너지,KOSDAQ,우량기업부,15170,2,-1030,-6.36,15890,16480,15100,234916,3676885820,271790650250,17916325,KSQ
300,036800,KR7036800001,나이스정보통신,KOSDAQ,우량기업부,29850,1,300,1.02,29650,30300,28550,21326,634104800,271635000000,9100000,KSQ
301,051500,KR7051500007,CJ프레시웨이,KOSDAQ,우량기업부,22850,1,250,1.11,22800,24150,22100,12644,296581325,271265740100,11871586,KSQ
302,452280,KR7452280001,한선엔지니어링,KOSDAQ,우량기업부,14060,2,-1080,-7.13,14550,14890,13620,123312,1733954520,270622240200,19247670,KSQ
303,441270,KR7441270006,파인엠텍,KOSDAQ,벤처기업부,6430,2,-430,-6.27,6610,6860,6420,143082,946158655,270343222210,42044047,KSQ
304,309710,KR7309710002,아이티켐,KOSDAQ,관리종목(소속부없음),21000,0,0,0.0,0,0,0,0,0,268443021000,12783001,KSQ
305,182400,KR7182400002,엔케이젠바이오텍코리아,KOSDAQ,관리종목(소속부없음),3670,0,0,0.0,0,0,0,0,0,265496721770,72342431,KSQ
306,011560,KR7011560000,세보엠이씨,KOSDAQ,우량기업부,26300,2,-1650,-5.9,27550,27850,26250,46622,1254280375,265232133600,10084872,KSQ
307,187660,KR7187660006,페니트리움바이오,KOSDAQ,중견기업부,4765,2,-285,-5.64,4950,4955,4500,275981,1311910738,264296695545,55466253,KSQ
308,159010,KR7159010008,아스플로,KOSDAQ,벤처기업부,19780,2,-2220,-10.09,21000,21000,19650,86927,1745266750,263761137420,13334739,KSQ
309,290690,KR7290690007,소룩스,KOSDAQ,중견기업부,5010,2,-140,-2.72,5100,5240,4890,940537,4792350190,263524046100,52599610,KSQ
310,389500,KR7389500000,에스비비테크,KOSDAQ,기술성장기업부,39450,2,-3900,-9.0,43000,43250,39400,81321,3272193625,262873970400,6663472,KSQ
311,018000,KR7018000000,유니슨,KOSDAQ,중견기업부,1013,2,-49,-4.61,1062,1085,980,2930696,3019823204,262871761692,259498284,KSQ
312,419530,KR7419530001,SAMG엔터,KOSDAQ,기술성장기업부,25750,1,100,0.39,25500,26700,25200,43023,1124559850,262838927750,10207337,KSQ
313,365270,KR7365270008,큐라클,KOSDAQ,기술성장기업부,11860,2,-410,-3.34,11900,12230,11720,63753,764528880,262781925120,22156992,KSQ
314,304360,KR7304360001,에스바이오메딕스,KOSDAQ,벤처기업부,21200,2,-1650,-7.22,22600,22600,21000,23147,504499700,262564713600,12385128,KSQ
315,054950,KR7054950001,제이브이엠,KOSDAQ,우량기업부,21600,2,-100,-0.46,21650,22000,21050,13004,281676875,261141667200,12089892,KSQ
316,035600,KR7035600006,KG이니시스,KOSDAQ,우량기업부,9470,2,-50,-0.53,9540,9690,9410,72596,694185105,260940489980,27554434,KSQ
317,061970,KR7061970000,LB세미콘,KOSDAQ,중견기업부,4470,2,-215,-4.59,4550,4645,4435,138142,624367155,259631036820,58083006,KSQ
318,151860,KR7151860004,KG에코솔루션,KOSDAQ,우량기업부,5420,1,40,0.74,5360,5740,5190,135428,738894750,258008270840,47603002,KSQ
319,234340,KR7234340008,헥토파이낸셜,KOSDAQ,우량기업부,18410,2,-750,-3.91,19160,19290,18370,96487,1809608095,257199776960,13970656,KSQ
320,439090,KR7439090002,마녀공장,KOSDAQ,우량기업부,15670,2,-360,-2.25,15850,16400,15550,210273,3379525280,256882384200,16393260,KSQ
321,121800,KR7121800007,비덴트,KOSDAQ,관리종목(소속부없음),3320,0,0,0.0,0,0,0,0,0,256309348520,77201611,KSQ
322,267980,KR7267980001,매일유업,KOSDAQ,우량기업부,33350,1,350,1.06,32950,33950,32550,2840,94903050,255582327300,7663638,KSQ
323,254490,KR7254490006,미래반도체,KOSDAQ,우량기업부,17680,2,-2120,-10.71,18950,18950,17600,101788,1829086795,255263840000,14438000,KSQ
324,950170,KR8392080006,JTC,KOSDAQ,외국기업(소속부없음),4915,1,10,0.2,4905,4935,4850,65453,321618565,254333300420,51746348,KSQ
325,019010,KR7019010008,베뉴지,KOSDAQ,중견기업부,5270,2,-200,-3.66,5300,5420,5070,127870,670729560,254014000000,48200000,KSQ
326,092460,KR7092460005,한라IMS,KOSDAQ,우량기업부,14830,2,-680,-4.38,15400,15490,14580,28399,424351450,253736554400,17109680,KSQ
327,377460,KR7377460001,큐에이드,KOSDAQ,관리종목(소속부없음),4080,0,0,0.0,0,0,0,0,0,253187202960,62055687,KSQ
328,085910,KR7085910008,네오티스,KOSDAQ,중견기업부,18250,2,-1750,-8.75,19000,19380,18240,170238,3156809785,251755428500,13794818,KSQ
329,215000,KR7215000001,골프존,KOSDAQ,우량기업부,40000,2,-300,-0.74,40300,40750,38900,9659,387522475,251016600000,6275415,KSQ
330,099430,KR7099430001,바이오플러스,KOSDAQ,우량기업부,4050,2,-205,-4.82,4160,4240,4030,377904,1558327289,249644924100,61640722,KSQ
331,086390,KR7086390002,유니테스트,KOSDAQ,중견기업부,11810,2,-830,-6.57,12200,13880,11700,107838,1304128830,249594028060,21134126,KSQ
332,194700,KR7194700001,노바렉스,KOSDAQ,우량기업부,13640,1,450,3.41,13300,14170,13060,135890,1875670440,248996126720,18254848,KSQ
333,089980,KR7089980007,상아프론테크,KOSDAQ,우량기업부,15430,2,-790,-4.87,16220,16230,15250,23138,361343350,246710840910,15989037,KSQ
334,092870,KR7092870005,엑시콘,KOSDAQ,우량기업부,18840,2,-2760,-12.78,20400,20800,18610,150649,2902960010,245877015480,13050797,KSQ
335,060720,KR7060720000,KH바텍,KOSDAQ,중견기업부,10360,2,-640,-5.82,10700,10970,10360,83661,879871305,245298299120,23677442,KSQ
336,472850,KR7472850007,폰드그룹,KOSDAQ,중견기업부,4260,2,-35,-0.81,4080,4385,4080,41272,174934817,245255237520,57571652,KSQ
337,200130,KR7200130003,콜마비앤에이치,KOSDAQ GLOBAL,우량기업부,8280,2,-70,-0.84,8400,8500,8200,22676,189731660,243560820240,29415558,KSQ
338,013120,KR7013120001,동원개발,KOSDAQ,우량기업부,2670,1,390,17.11,2290,2795,2255,5465133,14555076142,242457627000,90808100,KSQ
339,456010,KR7456010008,아이씨티케이,KOSDAQ,기술성장기업부,16630,2,-1320,-7.35,17900,17910,16460,172939,2905523485,241174080500,14502350,KSQ
340,042370,KR7042370007,비츠로테크,KOSDAQ,우량기업부,9200,2,-540,-5.54,9500,9700,9100,96018,892339750,241040230000,26200025,KSQ
341,900290,HK0000307485,GRT,KOSDAQ,외국기업(소속부없음),2935,2,-125,-4.08,3005,3190,2905,382533,1136924176,240083000000,81800000,KSQ
342,051360,KR7051360006,토비스,KOSDAQ,우량기업부,16090,0,0,0.0,0,0,0,0,0,240028093870,14917843,KSQ
343,488900,KR7488900002,비츠로넥스텍,KOSDAQ,기술성장기업부,8270,2,-720,-8.01,9000,9000,8110,38560,323721190,239635183610,28976443,KSQ
344,332570,KR7332570001,PS일렉트로닉스,KOSDAQ,우량기업부,5130,2,-600,-10.47,5580,5580,5110,732332,3848693155,239630318190,46711563,KSQ
345,043370,KR7043370006,피에이치에이,KOSDAQ,우량기업부,11310,2,-490,-4.15,11790,11790,11230,4435,50512490,237510000000,21000000,KSQ
346,452430,KR7452430002,사피엔반도체,KOSDAQ,기술성장기업부,28750,2,-1950,-6.35,30950,30950,28750,26430,779692000,237343353750,8255421,KSQ
347,317330,KR7317330009,덕산테코피아,KOSDAQ,중견기업부,11560,2,-750,-6.09,12080,12310,11560,46925,553413140,236709311040,20476584,KSQ
348,053030,KR7053030003,바이넥스,KOSDAQ,중견기업부,7240,2,-260,-3.47,7410,7470,7180,45302,331374130,236633521120,32684188,KSQ
349,445090,KR7445090004,에이직랜드,KOSDAQ,벤처기업부,21600,2,-2250,-9.43,23000,23300,21500,60420,1339209800,235994212800,10925658,KSQ
350,241520,KR7241520006,DSC인베스트먼트,KOSDAQ,중견기업부,8870,2,-590,-6.24,9460,9480,8810,200418,1802987315,235942000000,26600000,KSQ
351,114190,KR7114190002,강원에너지,KOSDAQ,중견기업부,9010,1,450,5.26,9760,9800,8800,326378,2960220320,235368572380,26123038,KSQ
352,230240,KR7230240004,에치에프알,KOSDAQ,중견기업부,17580,2,-1580,-8.25,18900,19100,17550,90433,1623608130,233972220000,13309000,KSQ
353,206640,KR7206640005,바디텍메드,KOSDAQ,우량기업부,10580,3,0,0.0,10420,10690,10260,16479,173099650,231785804180,21907921,KSQ
354,095500,KR7095500005,미래나노텍,KOSDAQ,우량기업부,7460,1,410,5.82,7720,7960,7270,444108,3340850500,231334592540,31009999,KSQ
355,272110,KR7272110008,케이엔제이,KOSDAQ,우량기업부,28600,2,-2700,-8.63,30100,31200,28200,74254,2164067825,229526297000,8025395,KSQ
356,069540,KR7069540003,빛과전자,KOSDAQ,벤처기업부,2020,2,-275,-11.98,2260,2260,2010,2561669,5278550810,227637631940,112691897,KSQ
357,065710,KR7065710006,서호전기,KOSDAQ,우량기업부,44200,2,-800,-1.78,45050,45050,43500,7568,336046475,227630000000,5150000,KSQ
358,144510,KR7144510005,지씨셀,KOSDAQ,중견기업부,14380,2,-530,-3.55,14220,14880,14220,11479,166340515,227208946720,15800344,KSQ
359,046970,KR7046970000,우리로,KOSDAQ,벤처기업부,5180,2,-600,-10.38,5560,5620,5120,740313,3899873760,227013494820,43824999,KSQ
360,425040,KR7425040003,티이엠씨,KOSDAQ,우량기업부,10340,2,-1430,-12.15,11110,11300,10300,499735,5303789255,226682765320,21922898,KSQ
361,023760,KR7023760002,한국캐피탈,KOSDAQ,우량기업부,714,1,3,0.42,711,727,694,120401,85590731,225345237264,315609576,KSQ
362,298830,KR7298830001,슈어소프트테크,KOSDAQ,우량기업부,4165,2,-275,-6.19,4315,4350,4130,146394,615699016,222654648335,53458499,KSQ
363,462350,KR7462350000,이노스페이스,KOSDAQ,기술성장기업부,7900,2,-530,-6.29,8300,8300,7810,171852,1371675480,221564039900,28046081,KSQ
364,203650,KR7203650007,드림시큐리티,KOSDAQ,중견기업부,2165,2,-110,-4.84,2250,2270,2130,782597,1713019827,220190207860,101704484,KSQ
365,308430,KR7308430008,셀비온,KOSDAQ,기술성장기업부,17030,2,-550,-3.13,18130,18130,16700,31779,551890140,219776424530,12905251,KSQ
366,036030,KR7036030005,케이티알파,KOSDAQ,우량기업부,4475,2,-25,-0.56,4495,4580,4430,59298,267358819,219360655975,49019141,KSQ
367,018310,KR7018310003,삼목에스폼,KOSDAQ,우량기업부,14920,1,290,1.98,14490,15490,13900,12460,185380455,219324000000,14700000,KSQ
368,014940,KR7014940001,오리엔탈정공,KOSDAQ,우량기업부,4805,2,-185,-3.71,5010,5020,4765,128654,624801762,218981441105,45573661,KSQ
369,216080,KR7216080002,제테마,KOSDAQ,벤처기업부,5850,1,360,6.56,5440,6140,5200,234483,1369587520,218129529150,37287099,KSQ
370,091580,KR7091580001,상신이디피,KOSDAQ,우량기업부,16360,2,-1140,-6.51,17330,17330,16200,87393,1444157975,218049662840,13328219,KSQ
371,461300,KR7461300006,아이스크림미디어,KOSDAQ,벤처기업부,16350,2,-170,-1.03,16550,16720,16110,15267,250829630,217846304550,13323933,KSQ
372,0001A0,KR70001A0001,덕양에너젠,KOSDAQ,중견기업부,8530,2,-480,-5.33,8710,9010,8420,54963,475381480,217250245860,25468962,KSQ
373,0008Z0,KR70008Z0005,에스엔시스,KOSDAQ,벤처기업부,22950,2,-1050,-4.38,23800,23800,22900,18943,441079675,216569143800,9436564,KSQ
374,180400,KR7180400004,DXVX,KOSDAQ,관리종목(소속부없음),2200,1,5,0.23,2180,2210,2095,49903,106907795,216544750400,98429432,KSQ
375,481070,KR7481070001,에이유브랜즈,KOSDAQ,중견기업부,15110,1,1250,9.02,13860,15400,13610,18445,276232080,216530077500,14330250,KSQ
376,067390,KR7067390005,아스트,KOSDAQ,중견기업부,512,2,-14,-2.66,526,526,501,541975,276009179,215632680448,421157579,KSQ
377,123330,KR7123330003,제닉,KOSDAQ,우량기업부,27050,1,1600,6.29,26350,29550,25500,620876,17184472525,215552794000,7968680,KSQ
378,475400,KR7475400008,씨메스로보틱스,KOSDAQ,기술성장기업부,18090,2,-1740,-8.77,19490,19490,17600,26654,488153970,213586712460,11806894,KSQ
379,353810,KR7353810005,이지바이오,KOSDAQ,우량기업부,6450,1,200,3.2,6240,6500,6060,85346,544010210,213378384000,33081920,KSQ
380,220100,KR7220100002,퓨쳐켐,KOSDAQ,기술성장기업부,9500,2,-340,-3.46,9770,9850,9460,33457,322296280,213060490000,22427420,KSQ
381,382900,KR7382900009,범한퓨얼셀,KOSDAQ,벤처기업부,24250,2,-1450,-5.64,26450,26450,24000,41428,1030301700,212454250000,8761000,KSQ
382,005710,KR7005710009,대원산업,KOSDAQ,우량기업부,10580,2,-120,-1.12,10700,10710,10390,2587,27390110,211997808000,20037600,KSQ
383,112290,KR7112290002,와이씨켐,KOSDAQ,기술성장기업부,10380,2,-1020,-8.95,11000,11100,10380,123292,1307877275,209894914200,20221090,KSQ
384,058970,KR7058970005,엠로,KOSDAQ,기술성장기업부,16960,2,-640,-3.64,17840,18200,16890,51017,891525435,209672986240,12362794,KSQ
385,100120,KR7100120005,뷰웍스,KOSDAQ,우량기업부,23300,2,-650,-2.71,23750,23950,22900,9465,222168450,209033876300,8971411,KSQ
386,217730,KR7217730001,강스템바이오텍,KOSDAQ,기술성장기업부,2215,2,-165,-6.93,2380,2380,2200,236377,539088242,208329940035,94054149,KSQ
387,065660,KR7065660003,안트로젠,KOSDAQ,기술성장기업부,20800,1,650,3.23,20450,21350,19870,7153,148214950,208126880000,10006100,KSQ
388,380540,KR7380540005,옵티코어,KOSDAQ,관리종목(소속부없음),8450,0,0,0.0,0,0,0,0,0,206658126350,24456583,KSQ
389,036710,KR7036710002,심텍홀딩스,KOSDAQ,중견기업부,3900,2,-595,-13.24,4300,4300,3780,305291,1211667435,206028240600,52827754,KSQ
390,194480,KR7194480000,데브시스터즈,KOSDAQ,중견기업부,16980,1,670,4.11,15810,17590,15800,65599,1115386555,205952967000,12129150,KSQ
391,394420,KR7394420004,리센스메디컬,KOSDAQ,기술성장기업부,18760,1,860,4.8,18300,19850,17330,344686,6455710880,205139436880,10934938,KSQ
392,084850,KR7084850007,아이티엠반도체,KOSDAQ,중견기업부,9040,2,-940,-9.42,9800,9810,8830,23133,212110130,205053723360,22682934,KSQ
393,024840,KR7024840001,KBI메탈,KOSDAQ,중견기업부,4920,1,95,1.97,4715,5790,4645,19952417,102216481014,204300141480,41524419,KSQ
394,093520,KR7093520005,매커스,KOSDAQ,우량기업부,17040,2,-1040,-5.75,17650,17970,17000,15097,261202060,202807302480,11901837,KSQ
395,052330,KR7052330008,코텍,KOSDAQ,우량기업부,11320,1,10,0.09,11330,11370,11060,11824,132942230,201061187480,17761589,KSQ
396,068930,KR7068930007,디지털대성,KOSDAQ,우량기업부,7250,2,-30,-0.41,7260,7400,7140,9553,69593070,200646229500,27675342,KSQ
397,448280,KR7448280008,에코아이,KOSDAQ,중견기업부,6770,2,-140,-2.03,6960,7100,6560,19248,130497900,200602743330,29631129,KSQ
398,094480,KR7094480001,갤럭시아머니트리,KOSDAQ,우량기업부,5100,2,-110,-2.11,5110,5240,4990,71321,363901100,200072173800,39229838,KSQ
399,078150,KR7078150000,HB테크놀러지,KOSDAQ,우량기업부,2155,2,-205,-8.69,2290,2320,2145,1122872,2470709067,199802798980,92715916,KSQ
400,108860,KR7108860008,셀바스AI,KOSDAQ,벤처기업부,7410,2,-370,-4.76,7760,7760,7380,71195,534174240,199438593900,26914790,KSQ
401,041920,KR7041920000,메디아나,KOSDAQ,우량기업부,10680,2,-310,-2.82,10890,11210,10250,71385,779476830,198629021640,18598223,KSQ
402,0082N0,KR70082N0008,카나프테라퓨틱스,KOSDAQ,기술성장기업부,14910,2,-190,-1.26,15110,16060,14730,57139,878203955,197782342800,13265080,KSQ
403,034810,KR7034810002,해성산업,KOSDAQ,중견기업부,6250,2,-130,-2.04,6330,6470,6200,34837,220026310,197375950000,31580152,KSQ
404,416180,KR7416180008,신성에스티,KOSDAQ,벤처기업부,21750,2,-1600,-6.85,22750,22950,21600,19753,437690000,196615171500,9039778,KSQ
405,125020,KR7125020008,티씨머티리얼즈,KOSDAQ,중견기업부,5610,2,-400,-6.66,5770,5910,5520,660242,3761130805,196566265500,35038550,KSQ
406,494120,KR7494120009,큐리오시스,KOSDAQ,기술성장기업부,25750,1,1450,5.97,24350,26550,22350,110888,2732821550,196469461500,7629882,KSQ
407,039830,KR7039830005,오로라,KOSDAQ,우량기업부,18250,1,940,5.43,17310,18300,16700,41735,734085425,196422742500,10762890,KSQ
408,036190,KR7036190007,금화피에스시,KOSDAQ,우량기업부,32500,2,-500,-1.52,33000,33100,32150,2548,83062600,195000000000,6000000,KSQ
409,115450,KR7115450009,HLB테라퓨틱스,KOSDAQ,중견기업부,2195,2,-80,-3.52,2275,2285,2190,152777,338695265,194433339255,88580109,KSQ
410,394800,KR7394800007,쓰리빌리언,KOSDAQ,기술성장기업부,6100,2,-220,-3.48,6100,6500,6030,72776,451512610,194117573300,31822553,KSQ
411,0015G0,KR70015G0009,그린광학,KOSDAQ,기술성장기업부,16560,2,-1810,-9.85,17900,17900,16510,73287,1237126905,193794078960,11702541,KSQ
412,243840,KR7243840006,신흥에스이씨,KOSDAQ,우량기업부,5020,2,-270,-5.1,5200,5200,4970,67776,343889895,193562339700,38558235,KSQ
413,098120,KR7098120009,마이크로컨텍솔,KOSDAQ,우량기업부,23200,2,-2600,-10.08,25000,25000,23150,54704,1296838275,192856171200,8312766,KSQ
414,119610,KR7119610004,인터로조,KOSDAQ,우량기업부,16890,2,-610,-3.49,17000,17500,16620,26034,442173070,192778186830,11413747,KSQ
415,073490,KR7073490005,LIG아큐버,KOSDAQ,우량기업부,25300,2,-2550,-9.16,27750,27750,25100,57621,1480195200,192377303800,7603846,KSQ
416,187870,KR7187870001,디바이스,KOSDAQ,우량기업부,13950,2,-1240,-8.16,15030,15170,13750,92772,1305897020,192092337000,13770060,KSQ
417,045390,KR7045390002,대아티아이,KOSDAQ,우량기업부,2720,2,-55,-1.98,2750,2830,2670,432221,1185022590,191687585440,70473377,KSQ
418,354320,KR7354320004,알멕,KOSDAQ,기술성장기업부,29850,2,-2600,-8.01,32200,32200,29150,26901,806206300,190782722850,6391381,KSQ
419,126600,KR7126600006,BGF에코머티리얼즈,KOSDAQ,우량기업부,3035,2,-25,-0.82,2990,3155,2925,87547,268733665,190497538465,62766899,KSQ
420,338840,KR7338840002,와이바이오로직스,KOSDAQ,기술성장기업부,12390,2,-160,-1.27,12200,13080,11920,55504,690651765,190393177590,15366681,KSQ
421,357550,KR7357550003,석경에이티,KOSDAQ,기술성장기업부,34900,2,-5100,-12.75,38500,38800,34900,4699,176060150,190379500000,5455000,KSQ
422,138610,KR7138610001,나이벡,KOSDAQ,기술성장기업부,16690,2,-410,-2.4,16780,17270,16120,13709,231500135,189728465170,11367793,KSQ
423,294570,KR7294570007,쿠콘,KOSDAQ,우량기업부,18720,2,-890,-4.54,19330,19690,18650,12467,237381570,188917223040,10091732,KSQ
424,054210,KR7054210000,이랜텍,KOSDAQ,우량기업부,7450,2,-450,-5.7,7740,7780,7430,99134,751042445,188419514500,25291210,KSQ
425,322310,KR7322310004,오로스테크놀로지,KOSDAQ,벤처기업부,20050,2,-2900,-12.64,21950,22300,20000,77009,1593751550,187799167100,9366542,KSQ
426,016790,KR7016790008,현대사료,KOSDAQ,관리종목(소속부없음),994,0,0,0.0,0,0,0,0,0,187340898626,188471729,KSQ
427,459510,KR7459510004,나우로보틱스,KOSDAQ,기술성장기업부,14230,2,-1000,-6.57,14720,15200,14100,22491,323521800,184682375860,12978382,KSQ
428,046120,KR7046120002,오르비텍,KOSDAQ,중견기업부,5450,2,-390,-6.68,5800,5830,5300,177915,971726935,184512109850,33855433,KSQ
429,042420,KR7042420000,네오위즈홀딩스,KOSDAQ,우량기업부,22550,1,100,0.45,22850,22900,22050,8494,191517550,183608481650,8142283,KSQ
430,199820,KR7199820002,제일일렉트릭,KOSDAQ,우량기업부,8260,2,-480,-5.49,8660,8670,8140,175489,1465967200,183537200000,22220000,KSQ
431,123860,KR7123860009,아나패스,KOSDAQ,우량기업부,15070,2,-100,-0.66,15170,15500,14825,68315,1029489390,182699864050,12123415,KSQ
432,061090,KR7061090007,세나테크놀로지,KOSDAQ,중견기업부,33400,2,-500,-1.47,33750,34600,32700,6133,205421625,182616170000,5467550,KSQ
433,094820,KR7094820008,일진파워,KOSDAQ,우량기업부,12110,2,-660,-5.17,12610,12700,11930,79000,965793735,182603165990,15078709,KSQ
434,251370,KR7251370003,와이엠티,KOSDAQ,벤처기업부,10130,2,-1140,-10.12,11220,11220,10130,62700,656744485,182473847690,18013213,KSQ
435,012860,KR7012860003,모베이스전자,KOSDAQ,우량기업부,2490,2,-110,-4.23,2580,2590,2435,355561,889235470,182351307930,73233457,KSQ
436,036560,KR7036560001,KZ정밀,KOSDAQ,우량기업부,11520,2,-200,-1.71,11730,11790,11420,5630,64673490,181440000000,15750000,KSQ
437,237880,KR7237880000,클리오,KOSDAQ,우량기업부,10010,2,-50,-0.5,10150,10390,9930,30762,313758645,180894243530,18071353,KSQ
438,318060,KR7318060001,그래피,KOSDAQ,기술성장기업부,16160,2,-490,-2.94,16650,17440,16150,68990,1146483875,180558540320,11173177,KSQ
439,049430,KR7049430002,코메론,KOSDAQ,우량기업부,19950,1,40,0.2,19910,20050,19660,23408,466781220,180507600000,9048000,KSQ
440,099440,KR7099440000,스맥,KOSDAQ,중견기업부,2640,2,-120,-4.35,2710,2750,2620,198945,532128260,180162560160,68243394,KSQ
441,190510,KR7190510008,나무가,KOSDAQ,우량기업부,12680,2,-470,-3.57,12870,13020,12450,22364,284157070,178601819560,14085317,KSQ
442,084990,KR7084990001,헬릭스미스,KOSDAQ,기술성장기업부,3870,2,-125,-3.13,3980,4110,3800,100664,392205980,178379124390,46092797,KSQ
443,192440,KR7192440006,슈피겐코리아,KOSDAQ,우량기업부,28600,2,-1100,-3.7,29800,29950,28300,5734,168149875,177787981800,6216363,KSQ
444,464080,KR7464080001,에스오에스랩,KOSDAQ,기술성장기업부,9890,2,-600,-5.72,10250,10430,9860,108581,1085425415,177496275050,17947045,KSQ
445,950140,KR8840110108,잉글우드랩,KOSDAQ,외국기업(소속부없음),8930,3,0,0.0,8930,9420,8870,62881,581747825,177420043380,19867866,KSQ
446,066620,KR7066620006,국보디자인,KOSDAQ,우량기업부,23600,2,-900,-3.67,24450,24450,22600,3718,89085150,177000000000,7500000,KSQ
447,256840,KR7256840000,한국비엔씨,KOSDAQ,우량기업부,2585,2,-95,-3.54,2680,2680,2565,228123,596871968,176800780310,68394886,KSQ
448,053300,KR7053300000,한국정보인증,KOSDAQ,우량기업부,4345,2,-140,-3.12,4460,4500,4255,54681,238477568,176368312120,40591096,KSQ
449,067080,KR7067080002,대화제약,KOSDAQ,중견기업부,9460,2,-810,-7.89,9780,9780,9210,63798,604354925,176113509000,18616650,KSQ
450,176750,KR7176750008,듀켐바이오,KOSDAQ,기술성장기업부,6180,2,-210,-3.29,6330,6330,6170,2853,17731290,176060289600,28488720,KSQ
451,138360,KR7138360003,앤로보틱스,KOSDAQ,벤처기업부,2280,2,-165,-6.75,2650,2650,2270,451678,1093125661,175541126160,76991722,KSQ
452,083310,KR7083310003,엘오티베큠,KOSDAQ,우량기업부,9830,2,-990,-9.15,10720,10750,9830,85374,853925385,175072624390,17810033,KSQ
453,214180,KR7214180002,헥토이노베이션,KOSDAQ,우량기업부,13430,2,-480,-3.45,13910,13910,13350,34929,472221180,174500918810,12993367,KSQ
454,0039P0,KR70039P0000,매드업,KOSDAQ,기술성장기업부,9300,2,-780,-7.74,10830,12000,9160,14835462,164768046265,174345240000,18746800,KSQ
455,143240,KR7143240000,사람인,KOSDAQ,우량기업부,16070,1,30,0.19,16250,16250,15810,6592,105313420,172474987170,10732731,KSQ
456,355150,KR7355150004,코스텍시스,KOSDAQ,벤처기업부,22000,2,-5800,-20.86,28000,28100,21850,120337,2832815375,171541700000,7797350,KSQ
457,314130,KR7314130006,지놈앤컴퍼니,KOSDAQ,기술성장기업부,3790,2,-320,-7.79,4095,4100,3780,179883,707749513,171225199870,45178153,KSQ
458,122990,KR7122990005,와이솔,KOSDAQ,중견기업부,6420,2,-130,-1.98,6420,6600,6290,53848,347711805,171022900020,26639081,KSQ
459,064550,KR7064550007,바이오니아,KOSDAQ,중견기업부,6620,2,-190,-2.79,6600,7100,6480,83695,555947920,170864126420,25810291,KSQ
460,307180,KR7307180000,아이엘,KOSDAQ,벤처기업부,4625,2,-415,-8.23,4950,4950,4600,291181,1374395485,170596251500,36885676,KSQ
461,101970,KR7101970002,우양에이치씨,KOSDAQ,중견기업부,11520,2,-290,-2.46,11800,11800,10980,10169,115780070,170380903680,14790009,KSQ
462,108380,KR7108380007,대양전기공업,KOSDAQ,우량기업부,17700,2,-830,-4.48,18100,18230,17600,24863,447478370,169341794100,9567333,KSQ
463,012210,KR7012210001,삼미금속,KOSDAQ,중견기업부,7310,2,-430,-5.56,7730,7730,7300,49992,370651840,168507042490,23051579,KSQ
464,036170,KR7036170009,에이치엠넥스,KOSDAQ,중견기업부,2745,2,-335,-10.88,3000,3000,2710,521304,1463568283,168448643370,61365626,KSQ
465,092130,KR7092130004,이크레더블,KOSDAQ,중견기업부,13970,2,-30,-0.21,14140,14280,13800,6139,86503570,168249092000,12043600,KSQ
466,245620,KR7245620000,EDGC,KOSDAQ,관리종목(소속부없음),741,0,0,0.0,0,0,0,0,0,167118555474,225531114,KSQ
467,039840,KR7039840004,디오,KOSDAQ,중견기업부,12330,2,-220,-1.75,12480,12600,12190,8122,100975190,165417159240,13415828,KSQ
468,204610,KR7204610000,티쓰리,KOSDAQ,벤처기업부,2975,1,70,2.41,2950,3050,2870,362956,1080296664,165175629500,55521220,KSQ
469,051370,KR7051370005,인터플렉스,KOSDAQ,우량기업부,7080,2,-210,-2.88,7200,7290,6820,50011,351584745,165158501760,23327472,KSQ
470,086670,KR7086670007,비엠티,KOSDAQ,우량기업부,16560,2,-60,-0.36,16540,17090,16020,106291,1750959895,164372655600,9925885,KSQ
471,334970,KR7334970001,프레스티지바이오로직스,KOSDAQ,기술성장기업부,2110,2,-150,-6.64,2275,2355,2090,90436,200492855,164058064070,77752637,KSQ
472,038390,KR7038390001,레드캡투어,KOSDAQ,우량기업부,9810,1,20,0.2,9790,9830,9510,10242,99831935,164031263820,16720822,KSQ
473,446540,KR7446540007,메가터치,KOSDAQ,중견기업부,5620,2,-670,-10.65,6080,6200,5590,131349,759505650,163424603820,29079111,KSQ
474,274090,KR7274090000,켄코아에어로스페이스,KOSDAQ,기술성장기업부,11810,2,-930,-7.3,12590,12590,11500,149518,1785019995,162673384670,13774207,KSQ
475,143160,KR7143160000,아이디스,KOSDAQ,우량기업부,15160,2,-70,-0.46,14880,15210,14730,2481,36992640,162460472400,10716390,KSQ
476,086820,KR7086820008,바이오솔루션,KOSDAQ,기술성장기업부,6250,1,150,2.46,6100,6370,6000,38726,238876760,162025531250,25924085,KSQ
477,071200,KR7071200000,인피니트헬스케어,KOSDAQ,중견기업부,6635,2,-65,-0.97,6650,6860,6600,41750,283112245,161870498830,24396458,KSQ
478,484120,KR7484120001,도우인시스,KOSDAQ,중견기업부,14760,2,-810,-5.2,15430,15430,14030,4388,64784630,161731548720,10957422,KSQ
479,048550,KR7048550008,SM C&C,KOSDAQ,중견기업부,1667,2,-13,-0.77,1680,1736,1663,586070,992360872,161223271540,96714620,KSQ
480,079960,KR7079960001,동양이엔피,KOSDAQ,우량기업부,20500,2,-250,-1.2,20650,20850,19850,25688,523899760,161130000000,7860000,KSQ
481,474650,KR7474650009,링크솔루션,KOSDAQ,기술성장기업부,27950,2,-2150,-7.14,28500,28900,27250,21567,606366200,160769294400,5752032,KSQ
482,032580,KR7032580003,피델릭스,KOSDAQ,중견기업부,4850,2,-850,-14.91,5210,5390,4850,851349,4307029329,160690510400,33132064,KSQ
483,083930,KR7083930008,아바코,KOSDAQ,우량기업부,10920,2,-380,-3.36,11300,11390,10810,63165,694746770,160275559080,14677249,KSQ
484,066410,KR7066410002,버킷스튜디오,KOSDAQ,투자주의환기종목(소속부없음),1153,0,0,0.0,0,0,0,0,0,159637252154,138453818,KSQ
485,046070,KR7046070009,코다코,KOSDAQ,관리종목(소속부없음),10280,0,0,0.0,0,0,0,0,0,159196994920,15486089,KSQ
486,049630,KR7049630007,재영솔루텍,KOSDAQ,우량기업부,6800,2,-380,-5.29,7000,7130,6700,122925,843133890,158980681600,23379512,KSQ
487,072870,KR7072870009,메가스터디,KOSDAQ,우량기업부,13330,1,70,0.53,13260,13450,13160,16817,223936535,158906383470,11920959,KSQ
488,092070,KR7092070002,디엔에프,KOSDAQ,중견기업부,13710,2,-1350,-8.96,14920,15050,13620,38497,536439135,158650173180,11571858,KSQ
489,371950,KR7371950007,풍원정밀,KOSDAQ,기술성장기업부,7000,2,-190,-2.64,7190,7250,6800,18494,129605560,158637836000,22662548,KSQ
490,080160,KR7080160005,모두투어,KOSDAQ,우량기업부,8360,2,-110,-1.3,8510,8620,8230,53926,455101385,158004000000,18900000,KSQ
491,242040,KR7242040004,나무기술,KOSDAQ,기술성장기업부,4555,2,-415,-8.35,4975,4975,4530,594615,2766380820,157631532520,34606264,KSQ
492,382800,KR7382800001,지앤비에스 에코,KOSDAQ,우량기업부,4950,2,-130,-2.56,5030,5070,4705,319292,1557859176,157563652950,31831041,KSQ
493,024800,KR7024800005,유성티엔에스,KOSDAQ,우량기업부,4245,2,-10,-0.24,4255,4340,4085,15533,65932355,157284941940,37051812,KSQ
494,403850,KR7403850001,더핑크퐁컴퍼니,KOSDAQ,중견기업부,10920,1,40,0.37,10780,11240,10490,32680,357134920,156713029200,14351010,KSQ
495,377450,KR7377450002,리파인,KOSDAQ,우량기업부,9030,1,10,0.11,8960,9070,8780,11739,105096200,156489900000,17330000,KSQ
496,457550,KR7457550002,우진엔텍,KOSDAQ,중견기업부,16700,2,-750,-4.3,17000,17440,16410,19638,329586970,155626598600,9318958,KSQ
497,451760,KR7451760003,컨텍,KOSDAQ,기술성장기업부,9420,2,-880,-8.54,10000,10000,9370,49337,473371120,155503231080,16507774,KSQ
498,389020,KR7389020009,자람테크놀로지,KOSDAQ,기술성장기업부,22450,2,-2300,-9.29,23750,24000,22100,26193,594841200,155019090900,6905082,KSQ
499,255220,KR7255220006,SG,KOSDAQ,중견기업부,1412,2,-64,-4.34,1470,1476,1412,661947,944058570,154703382424,109563302,KSQ
500,007330,KR7007330004,푸른저축은행,KOSDAQ,투자주의환기종목(소속부없음),10250,1,60,0.59,10030,10380,10020,897,9080380,154598700000,15082800,KSQ
501,093190,KR7093190007,빅솔론,KOSDAQ,우량기업부,8030,2,-110,-1.35,8140,8260,7920,15570,124756210,154488407150,19238905,KSQ
502,304100,KR7304100001,솔트룩스,KOSDAQ,기술성장기업부,12200,2,-820,-6.3,13010,13080,12010,34797,431980740,153645031000,12593855,KSQ
503,270660,KR7270660004,에브리봇,KOSDAQ,벤처기업부,12060,2,-1340,-10.0,12780,12820,11940,62687,764844000,153048430980,12690583,KSQ
504,011040,KR7011040003,경동제약,KOSDAQ,중견기업부,4955,2,-30,-0.6,4985,5000,4910,6703,33192527,152459235530,30768766,KSQ
505,023910,KR7023910003,대한약품,KOSDAQ,우량기업부,25400,2,-350,-1.36,25350,25900,25100,6295,160136475,152400000000,6000000,KSQ
506,119830,KR7119830008,아이텍,KOSDAQ,중견기업부,5740,2,-410,-6.67,6010,6150,5680,178994,1043743775,152331196640,26538536,KSQ
507,041020,KR7041020009,폴라리스오피스,KOSDAQ,벤처기업부,3065,1,20,0.66,3010,3150,2915,271532,831303210,152280825545,49683793,KSQ
508,484810,KR7484810007,티엑스알로보틱스,KOSDAQ,벤처기업부,9840,2,-680,-6.46,10170,10250,9810,16150,160649770,152037003600,15450915,KSQ
509,054450,KR7054450002,텔레칩스,KOSDAQ,중견기업부,10030,2,-260,-2.53,10770,10770,9820,155233,1578542705,151896656990,15144233,KSQ
510,048870,KR7048870000,시너지이노베이션,KOSDAQ,중견기업부,1723,1,5,0.29,1717,1740,1673,206279,353763968,151808297249,88106963,KSQ
511,046440,KR7046440004,KG파이낸셜,KOSDAQ,우량기업부,3985,2,-45,-1.12,4000,4055,3920,31371,125352196,151473045970,38010802,KSQ
512,153890,KR7153890009,져스텍,KOSDAQ,기술성장기업부,12570,2,-2290,-15.41,14420,14560,12350,793211,10480789070,151472333850,12050305,KSQ
513,082800,KR7082800004,비보존 제약,KOSDAQ,중견기업부,2490,2,-60,-2.35,2550,2620,2460,214319,539966988,151191968340,60719666,KSQ
514,149950,KR7149950008,아바텍,KOSDAQ,우량기업부,11060,2,-1040,-8.6,11880,11880,10580,96764,1060865570,151164795180,13667703,KSQ
515,025950,KR7025950007,동신건설,KOSDAQ,우량기업부,17910,4,4130,29.97,14800,17910,14750,2453497,42898338225,150444000000,8400000,KSQ
516,478340,KR7478340003,나라스페이스테크놀로지,KOSDAQ,기술성장기업부,13000,2,-1140,-8.06,13600,14070,12820,48200,638011140,150411729000,11570133,KSQ
517,234690,KR7234690006,녹십자웰빙,KOSDAQ,우량기업부,8370,2,-40,-0.48,8310,8970,8100,99011,845751020,150352737300,17963290,KSQ
518,032620,KR7032620007,GC메디아이,KOSDAQ,우량기업부,2875,2,-25,-0.86,2900,2945,2815,53994,155733370,150066774625,52197139,KSQ
519,123410,KR7123410003,코리아에프티,KOSDAQ,우량기업부,5370,2,-50,-0.92,5310,5530,5170,77531,414717250,149506513680,27841064,KSQ
520,146320,KR7146320007,비씨엔씨,KOSDAQ,벤처기업부,11630,2,-1330,-10.26,12840,12950,11460,33523,401751880,148839844490,12797923,KSQ
521,388050,KR7388050007,지투파워,KOSDAQ,우량기업부,7950,2,-420,-5.02,8320,8350,7900,165654,1337851690,148740024150,18709437,KSQ
522,264450,KR7264450008,유비쿼스,KOSDAQ,우량기업부,10140,1,160,1.6,9910,10150,9440,44683,439143640,148708099020,14665493,KSQ
523,040350,KR7040350001,크레오에스지,KOSDAQ,벤처기업부,7610,2,-180,-2.31,7770,7790,7000,44750,336865930,148551248520,19520532,KSQ
524,126700,KR7126700004,하이비젼시스템,KOSDAQ,우량기업부,9930,3,0,0.0,9840,10150,9390,107551,1062726545,148375172160,14942112,KSQ
525,418550,KR7418550000,제이오,KOSDAQ,기술성장기업부,4630,2,-245,-5.03,4810,4870,4620,58235,274206100,148241825990,32017673,KSQ
526,126640,KR7126640002,화신정공,KOSDAQ,우량기업부,4220,1,150,3.69,3940,4690,3760,8792548,38481306258,147935940200,35055910,KSQ
527,054800,KR7054800008,아이디스홀딩스,KOSDAQ,중견기업부,14250,2,-110,-0.77,14650,14650,14070,2217,31431420,147455523000,10347756,KSQ
528,462860,KR7462860008,더즌,KOSDAQ,벤처기업부,2050,2,-130,-5.96,2180,2195,2025,145161,301658670,147100872150,71756523,KSQ
529,402030,KR7402030001,코난테크놀로지,KOSDAQ,기술성장기업부,11710,2,-920,-7.28,12520,12520,11360,9154,109011800,146579784480,12517488,KSQ
530,060150,KR7060150000,인선이엔티,KOSDAQ,중견기업부,3205,1,10,0.31,3235,3260,3120,50728,162253105,146031376460,45563612,KSQ
531,049960,KR7049960008,쎌바이오텍,KOSDAQ,벤처기업부,15520,2,-190,-1.21,15430,15780,15340,4240,66028885,145888000000,9400000,KSQ
532,260970,KR7260970009,에스앤디,KOSDAQ,우량기업부,50100,1,900,1.83,49200,53800,48950,26526,1367072400,144926975400,2892754,KSQ
533,037350,KR7037350006,성도이엔지,KOSDAQ,우량기업부,9520,2,-1680,-15.0,10550,10640,9300,631996,6203275500,144799200000,15210000,KSQ
534,109740,KR7109740001,디에스케이,KOSDAQ,벤처기업부,5610,2,-200,-3.44,5810,5930,5380,64829,363125560,144235287900,25710390,KSQ
535,104480,KR7104480009,티케이케미칼,KOSDAQ,중견기업부,1583,2,-19,-1.19,1586,1607,1543,151414,239094277,143887472022,90895434,KSQ
536,101360,KR7101360006,에코앤드림,KOSDAQ,벤처기업부,8060,2,-600,-6.93,8600,8600,8050,41597,341624940,143356078840,17786114,KSQ
537,179290,KR7179290002,엠아이텍,KOSDAQ,우량기업부,4425,2,-15,-0.34,4405,4535,4285,29624,131698432,143218125150,32365678,KSQ
538,088800,KR7088800008,에이스테크,KOSDAQ,중견기업부,1891,2,-154,-7.53,2045,2045,1884,90360,173770283,142782666694,75506434,KSQ
539,039860,KR7039860002,나노엔텍,KOSDAQ,중견기업부,3735,2,-190,-4.84,3925,3925,3650,127282,480415129,142277552955,38093053,KSQ
540,405100,KR7405100009,큐알티,KOSDAQ,중견기업부,11570,2,-1090,-8.61,12510,12520,11510,62475,734081900,142187212570,12289301,KSQ
541,402490,KR7402490007,그린리소스,KOSDAQ,기술성장기업부,8380,2,-850,-9.21,9050,9100,8270,167087,1420814395,141917118460,16935217,KSQ
542,357880,KR7357880004,SKAI,KOSDAQ,기술성장기업부,2665,2,-145,-5.16,2810,2840,2550,812055,2183620748,141085227920,52940048,KSQ
543,372170,KR7372170001,윤성에프앤씨,KOSDAQ,우량기업부,17610,2,-380,-2.11,17660,18020,16960,4226,73770500,140511035280,7979048,KSQ
544,102120,KR7102120003,어보브반도체,KOSDAQ,벤처기업부,7900,2,-620,-7.28,8310,8450,7830,164315,1304210080,140467948700,17780753,KSQ
545,086890,KR7086890001,이수앱지스,KOSDAQ,중견기업부,3440,2,-140,-3.91,3570,3615,3410,287333,1006719575,140265800480,40774942,KSQ
546,147830,KR7147830004,제룡산업,KOSDAQ,벤처기업부,7000,2,-360,-4.89,7360,7370,6900,246942,1760115005,140000000000,20000000,KSQ
547,058820,KR7058820002,CMG제약,KOSDAQ,중견기업부,941,2,-45,-4.56,977,977,915,368824,349569344,139384266196,148123556,KSQ
548,222040,KR7222040008,코스맥스엔비티,KOSDAQ,중견기업부,6750,1,330,5.14,6370,7000,6200,164358,1117067275,139239000000,20628000,KSQ
549,067280,KR7067280008,멀티캠퍼스,KOSDAQ,우량기업부,23400,2,-400,-1.68,23650,23800,23200,1653,38855450,138686628600,5926779,KSQ
550,024060,KR7024060006,흥구석유,KOSDAQ,중견기업부,9240,2,-260,-2.74,9270,9430,9160,132811,1233179990,138600000000,15000000,KSQ
551,114840,KR7114840002,아이패밀리에스씨,KOSDAQ,우량기업부,8290,1,280,3.5,7930,8720,7930,34697,288414125,138288681650,16681385,KSQ
552,0088M0,KR70088M0003,메쥬,KOSDAQ,기술성장기업부,13890,2,-910,-6.15,14680,14800,13870,27233,388541100,137257507500,9881750,KSQ
553,489500,KR7489500009,엘케이켐,KOSDAQ,벤처기업부,21450,2,-1550,-6.74,22300,22500,21300,19847,429273900,137092055100,6391238,KSQ
554,078070,KR7078070000,유비쿼스홀딩스,KOSDAQ,중견기업부,8010,2,-190,-2.32,8300,8300,7850,18582,148362115,136641332430,17058843,KSQ
555,005990,KR7005990007,매일홀딩스,KOSDAQ,우량기업부,10270,2,-40,-0.39,10310,10310,10250,720,7396630,136573582080,13298304,KSQ
556,388790,KR7388790008,라이콤,KOSDAQ,벤처기업부,4460,2,-325,-6.79,4750,4750,4225,605020,2662235384,136539153600,30614160,KSQ
557,445180,KR7445180003,퓨릿,KOSDAQ,우량기업부,7920,2,-580,-6.82,8490,8490,7910,43562,350300320,136138368960,17189188,KSQ
558,126730,KR7126730001,코칩,KOSDAQ,벤처기업부,15500,2,-1960,-11.23,16970,16970,15360,123249,1955988590,135936953000,8770126,KSQ
559,293580,KR7293580007,나우IB,KOSDAQ,중견기업부,1422,2,-92,-6.08,1490,1490,1421,211292,305094127,134990388900,94929950,KSQ
560,023600,KR7023600000,삼보판지,KOSDAQ,우량기업부,8410,2,-160,-1.87,8400,8590,8340,3611,30683190,134629803000,16008300,KSQ
561,0007C0,KR70007C0003,아크릴,KOSDAQ,기술성장기업부,16710,2,-1490,-8.19,18210,18310,16710,58210,1001540170,134186714040,8030324,KSQ
562,049720,KR7049720006,고려신용정보,KOSDAQ,우량기업부,9360,2,-20,-0.21,9380,9560,9310,11652,109499630,133848000000,14300000,KSQ
563,297890,KR7297890006,HB솔루션,KOSDAQ,우량기업부,1829,2,-93,-4.84,1920,1935,1810,189720,355796950,133774731706,73140914,KSQ
564,432720,KR7432720001,퀄리타스반도체,KOSDAQ,기술성장기업부,9360,2,-720,-7.14,9950,9960,9150,153751,1448495950,132795673920,14187572,KSQ
565,118990,KR7118990001,모트렉스,KOSDAQ,우량기업부,5400,2,-170,-3.05,5570,5580,5220,47893,259972400,132501803400,24537371,KSQ
566,269620,KR7269620001,시스웍,KOSDAQ,관리종목(소속부없음),889,0,0,0.0,0,0,0,0,0,132090012299,148582691,KSQ
567,458650,KR7458650009,성우,KOSDAQ,벤처기업부,8750,2,-500,-5.41,9180,9180,8710,14611,129922600,131649612500,15045670,KSQ
568,069510,KR7069510006,에스텍,KOSDAQ,우량기업부,12020,2,-40,-0.33,12060,12200,11970,3383,40833320,131138200000,10910000,KSQ
569,106190,KR7106190002,하이텍팜,KOSDAQ,우량기업부,12310,2,-110,-0.89,12420,12600,12200,13312,164672520,130894359630,10633173,KSQ
570,095190,KR7095190005,신화프리텍,KOSDAQ,중견기업부,2000,1,100,5.26,1900,2035,1810,233682,464399512,130520924000,65260462,KSQ
571,199430,KR7199430000,케이엔알시스템,KOSDAQ,기술성장기업부,11710,2,-760,-6.09,12020,12400,11500,15055,176509550,130496743530,11144043,KSQ
572,361390,KR7361390008,제노코,KOSDAQ,벤처기업부,13390,2,-640,-4.56,13900,14000,13110,26667,356733775,130370141590,9736381,KSQ
573,211270,KR7211270004,AP위성,KOSDAQ,우량기업부,8640,2,-520,-5.68,9140,9140,8520,48435,423121395,130311106560,15082304,KSQ
574,038290,KR7038290003,마크로젠,KOSDAQ,중견기업부,11990,2,-310,-2.52,12250,12310,11800,19642,236553490,129988386000,10841400,KSQ
575,021320,KR7021320007,KCC건설,KOSDAQ,우량기업부,6070,1,220,3.76,5850,6250,5440,94939,565784335,129898000000,21400000,KSQ
576,042600,KR7042600007,새로닉스,KOSDAQ,중견기업부,10440,2,-610,-5.52,11500,11500,10240,8462,89207290,129702112560,12423574,KSQ
577,001540,KR7001540004,안국약품,KOSDAQ,우량기업부,9920,2,-160,-1.59,9980,10130,9770,21990,218734075,129380806400,13042420,KSQ
578,473980,KR7473980001,노머스,KOSDAQ,기술성장기업부,11620,1,260,2.29,11050,12080,11050,49252,576831665,128509321640,11059322,KSQ
579,293780,KR7293780003,압타바이오,KOSDAQ,기술성장기업부,4570,2,-80,-1.72,4960,4960,4505,37715,174830464,128386860850,28093405,KSQ
580,264850,KR7264850009,이랜시스,KOSDAQ,중견기업부,4210,2,-275,-6.13,4410,4435,4155,111310,472570180,127540316520,30294612,KSQ
581,053080,KR7053080008,케이엔솔,KOSDAQ,중견기업부,9800,2,-920,-8.58,10710,10710,9560,83086,825460435,127398108600,12999807,KSQ
582,136540,KR7136540002,윈스테크넷,KOSDAQ,우량기업부,10370,2,-220,-2.08,10420,10640,10320,10069,104803680,127340966020,12279746,KSQ
583,232680,KR7232680009,라온로보틱스,KOSDAQ,기술성장기업부,9600,2,-980,-9.26,10030,10240,9460,101201,976737975,127272000000,13257500,KSQ
584,086980,KR7086980000,쇼박스,KOSDAQ,중견기업부,2030,2,-10,-0.49,2030,2075,1984,94844,192583734,127155140000,62638000,KSQ
585,005160,KR7005160007,동국산업,KOSDAQ,중견기업부,2340,2,-35,-1.47,2350,2460,2315,43524,102775575,126932087880,54244482,KSQ
586,140670,KR7140670001,알에스오토메이션,KOSDAQ,중견기업부,9880,2,-660,-6.26,10370,10370,9800,43147,430357360,126857619200,12839840,KSQ
587,474170,KR7474170008,루미르,KOSDAQ,기술성장기업부,7110,2,-650,-8.38,7760,7760,7090,52489,379034230,126683818560,17817696,KSQ
588,090850,KR7090850009,현대이지웰,KOSDAQ,우량기업부,5610,1,160,2.94,5450,5650,5360,48749,268811945,126101035830,22477903,KSQ
589,036690,KR7036690006,코맥스,KOSDAQ,관리종목(소속부없음),2885,0,0,0.0,0,0,0,0,0,125692107675,43567455,KSQ
590,264660,KR7264660002,씨앤지하이테크,KOSDAQ,우량기업부,12920,2,-900,-6.51,13500,13510,12920,42138,550318780,125597542240,9721172,KSQ
591,259630,KR7259630002,엠플러스,KOSDAQ,우량기업부,10260,2,-220,-2.1,10110,10470,10020,38079,388224205,125401782960,12222396,KSQ
592,285490,KR7285490009,노바텍,KOSDAQ,벤처기업부,11840,2,-350,-2.87,12180,12310,11710,27230,325047980,125217839040,10575831,KSQ
593,311320,KR7311320006,지오엘리먼트,KOSDAQ,기술성장기업부,9920,2,-1330,-11.82,10880,10880,9910,97230,991031020,125136435200,12614560,KSQ
594,366030,KR7366030005,나인앤컴퍼니,KOSDAQ,중견기업부,5520,1,250,4.74,5230,6000,5230,221587,1265258930,125049252000,22653850,KSQ
595,256940,KR7256940008,킵스파마,KOSDAQ,벤처기업부,6210,2,-60,-0.96,6270,6450,6210,29894,190042010,124685292870,20078147,KSQ
596,163730,KR7163730005,핑거,KOSDAQ,벤처기업부,10370,2,-980,-8.63,11340,11340,10210,66740,705865860,124602985290,12015717,KSQ
597,321550,KR7321550006,티움바이오,KOSDAQ,기술성장기업부,4145,2,-40,-0.96,4050,4340,4035,87192,365723879,124509478875,30038475,KSQ
598,408920,KR7408920007,메쎄이상,KOSDAQ,우량기업부,2880,2,-10,-0.35,2810,2950,2805,16808,48337270,124509470400,43232455,KSQ
599,003100,KR7003100005,선광,KOSDAQ,우량기업부,18760,2,-40,-0.21,18800,18990,18110,15163,282161840,123816000000,6600000,KSQ
600,017510,KR7017510009,세명전기,KOSDAQ,벤처기업부,8090,2,-560,-6.47,8600,8810,8020,522911,4366710390,123340140000,15246000,KSQ
601,469610,KR7469610000,이노테크,KOSDAQ,중견기업부,13790,2,-890,-6.06,14170,14190,13600,44206,612672125,123322591000,8942900,KSQ
602,452450,KR7452450000,피아이이,KOSDAQ,벤처기업부,3420,2,-375,-9.88,3780,3780,3415,93666,328253182,123217470000,36028500,KSQ
603,122450,KR7122450000,KX,KOSDAQ,중견기업부,2735,2,-25,-0.91,2705,2770,2705,9609,26249895,122582245990,44819834,KSQ
604,094840,KR7094840006,슈프리마에이치큐,KOSDAQ,벤처기업부,12480,1,270,2.21,12210,12760,11900,41269,514556270,122380240320,9806109,KSQ
605,453450,KR7453450009,그리드위즈,KOSDAQ,중견기업부,15380,2,-850,-5.24,15660,16220,15230,34663,536091965,122159495000,7942750,KSQ
606,083500,KR7083500009,에프엔에스테크,KOSDAQ,우량기업부,14660,2,-1790,-10.88,16000,16000,14650,70090,1053228235,121771486820,8306377,KSQ
607,226590,KR7226590008,엠디바이스,KOSDAQ,기술성장기업부,11360,2,-1360,-10.69,12300,12300,11280,47972,554463860,121742666240,10716784,KSQ
608,267320,KR7267320000,나인테크,KOSDAQ,벤처기업부,2120,2,-145,-6.4,2260,2260,2120,362310,782790868,121720425400,57415295,KSQ
609,073010,KR7073010001,케이에스피,KOSDAQ,우량기업부,3025,2,-135,-4.27,3135,3160,2975,150139,457917776,121578531250,40191250,KSQ
610,037070,KR7037070000,파세코,KOSDAQ,중견기업부,6070,1,310,5.38,5810,6390,5630,215369,1279010345,121400000000,20000000,KSQ
611,380550,KR7380550004,뉴로핏,KOSDAQ,기술성장기업부,9940,2,-550,-5.24,10220,10470,9930,45796,464185305,121256728040,12198866,KSQ
612,220260,KR7220260004,켐트로스,KOSDAQ,벤처기업부,3775,2,-195,-4.91,3970,4000,3710,56403,214660920,121072007625,32072055,KSQ
613,282880,KR7282880004,코윈테크,KOSDAQ,우량기업부,10340,2,-460,-4.26,10800,10800,10270,20231,211690190,120916807880,11694082,KSQ
614,950190,KR8344390008,고스트스튜디오,KOSDAQ,외국기업(소속부없음),9280,2,-120,-1.28,9400,9460,9220,54188,506594130,120798307520,13017059,KSQ
615,300080,KR7300080009,플리토,KOSDAQ,기술성장기업부,7310,2,-70,-0.95,7340,7380,6860,50208,358035440,120654846810,16505451,KSQ
616,418420,KR7418420006,라온텍,KOSDAQ,기술성장기업부,3920,2,-375,-8.73,4295,4295,3900,167898,668185870,120636267360,30774558,KSQ
617,067990,KR7067990002,도이치모터스,KOSDAQ,우량기업부,4125,2,-25,-0.6,4155,4305,4085,116657,489378375,120373893750,29181550,KSQ
618,488280,KR7488280009,에스투더블유,KOSDAQ,기술성장기업부,11130,2,-720,-6.08,12540,12550,11130,96218,1131884880,120242799180,10803486,KSQ
619,0017J0,KR70017J0004,세미티에스,KOSDAQ,벤처기업부,3985,2,-360,-8.29,4070,4190,3905,726955,2932244325,120094442655,30136623,KSQ
620,339950,KR7339950008,아이비김영,KOSDAQ,우량기업부,2670,2,-25,-0.93,2695,2750,2630,59541,160214172,120007568850,44946655,KSQ
621,240550,KR7240550004,동방메디컬,KOSDAQ,중견기업부,5730,1,20,0.35,5500,5840,5500,56524,324094640,119951476200,20933940,KSQ
622,068790,KR7068790005,DMS,KOSDAQ,우량기업부,5310,1,130,2.51,5140,5390,4910,39360,203042885,119847889440,22570224,KSQ
623,041440,KR7041440009,현대에버다임,KOSDAQ,우량기업부,6680,2,-50,-0.74,6670,6730,6410,38890,255623310,119182636160,17841712,KSQ
624,308080,KR7308080001,바이젠셀,KOSDAQ,기술성장기업부,5800,2,-340,-5.54,6140,6150,5730,186414,1102907250,118895708000,20499260,KSQ
625,331920,KR7331920009,셀레믹스,KOSDAQ,기술성장기업부,12050,2,-260,-2.11,12720,12720,11710,26076,321607405,118053572850,9796977,KSQ
626,307750,KR7307750000,국전,KOSDAQ,중견기업부,2185,2,-65,-2.89,2230,2250,2160,68441,150662320,117960039280,53986288,KSQ
627,067900,KR7067900001,와이엔텍,KOSDAQ,우량기업부,6480,2,-140,-2.11,6560,6580,6370,82696,534873145,117933790320,18199659,KSQ
628,066980,KR7066980004,한성크린텍,KOSDAQ,벤처기업부,2265,2,-310,-12.04,2495,2745,2210,7233553,18321377879,117633058125,51935125,KSQ
629,297090,KR7297090003,씨에스베어링,KOSDAQ,투자주의환기종목(소속부없음),4295,2,-145,-3.27,4455,4630,4100,290460,1273966606,117124650000,27270000,KSQ
630,027710,KR7027710003,팜스토리,KOSDAQ,우량기업부,1048,1,56,5.65,993,1059,974,526617,545048199,116764596800,111416600,KSQ
631,322510,KR7322510009,제이엘케이,KOSDAQ,기술성장기업부,4520,2,-305,-6.32,4830,4885,4505,143629,670642710,116281031840,25725892,KSQ
632,142210,KR7142210004,유니트론텍,KOSDAQ,우량기업부,5600,2,-350,-5.88,5760,5870,5520,180974,1020459440,116207856800,20751403,KSQ
633,041590,KR7041590001,플래스크,KOSDAQ,관리종목(소속부없음),2370,0,0,0.0,0,0,0,0,0,116064014460,48972158,KSQ
634,038540,KR7038540001,상상인,KOSDAQ,중견기업부,2095,1,20,0.96,2075,2145,2010,80127,168473510,115912815735,55328313,KSQ
635,089600,KR7089600001,KT나스미디어,KOSDAQ,우량기업부,10000,1,20,0.2,9980,10050,9780,4274,42639160,115681630000,11568163,KSQ
636,209640,KR7209640002,와이제이링크,KOSDAQ,중견기업부,4055,2,-410,-9.18,4375,4375,3955,424281,1729075325,115336957030,28443146,KSQ
637,289080,KR7289080004,SV인베스트먼트,KOSDAQ,중견기업부,1915,2,-150,-7.26,2005,2010,1909,299585,582700021,115164716195,60138233,KSQ
638,047310,KR7047310008,파워로직스,KOSDAQ,우량기업부,3140,2,-165,-4.99,3250,3250,3095,122484,386791516,114957770700,36610755,KSQ
639,096250,KR7096250006,와이즈넛,KOSDAQ,기술성장기업부,8770,2,-160,-1.79,8870,8870,8440,50355,436293615,114944960930,13106609,KSQ
640,306620,KR7306620006,지아이에스,KOSDAQ,벤처기업부,2395,2,-215,-8.24,2565,2565,2365,591891,1443371952,114821530680,47942184,KSQ
641,013990,KR7013990007,아가방컴퍼니,KOSDAQ,우량기업부,3460,2,-15,-0.43,3475,3490,3360,25724,88642375,113790874560,32887536,KSQ
642,263860,KR7263860009,지니언스,KOSDAQ,벤처기업부,12500,2,-210,-1.65,12710,12910,12140,11833,148923790,113495000000,9079600,KSQ
643,212560,KR7212560007,네오오토,KOSDAQ,우량기업부,8390,2,-380,-4.33,8780,8820,8010,90589,747283800,113150459720,13486348,KSQ
644,093640,KR7093640001,케이알엠,KOSDAQ,벤처기업부,3445,2,-205,-5.62,3650,3650,3435,25654,89160494,113146601620,32843716,KSQ
645,340450,KR7340450006,지씨지놈,KOSDAQ,기술성장기업부,4760,2,-100,-2.06,4830,4860,4650,35837,170431610,112577774680,23650793,KSQ
646,105330,KR7105330005,케이엔더블유,KOSDAQ,중견기업부,7000,2,-310,-4.24,7020,7300,6730,46919,326898810,112136640000,16019520,KSQ
647,095700,KR7095700001,제넥신,KOSDAQ,기술성장기업부,2460,2,-80,-3.15,2520,2550,2450,81624,203362025,112029615240,45540494,KSQ
648,217270,KR7217270008,넵튠,KOSDAQ,중견기업부,2395,2,-30,-1.24,2320,2445,2320,24455,58260235,111931864985,46735643,KSQ
649,419050,KR7419050000,삼기에너지솔루션즈,KOSDAQ,중견기업부,1944,4,448,29.95,1496,1944,1406,23705567,41966083124,111189490560,57196240,KSQ
650,310200,KR7310200001,애니플러스,KOSDAQ,중견기업부,2130,1,20,0.95,2095,2145,2060,48441,102147305,111106840680,52162836,KSQ
651,246710,KR7246710008,티앤알바이오팹,KOSDAQ,기술성장기업부,2330,1,150,6.88,2170,2380,2115,265520,604903328,111058294320,47664504,KSQ
652,080420,KR7080420003,모다이노칩,KOSDAQ,중견기업부,1390,1,9,0.65,1393,1393,1301,20475,27512166,110813054580,79721622,KSQ
653,009780,KR7009780008,엠에스씨,KOSDAQ,우량기업부,6290,2,-100,-1.56,6390,6390,6210,6987,43789420,110704000000,17600000,KSQ
654,115310,KR7115310005,인포바인,KOSDAQ,벤처기업부,6930,2,-110,-1.56,7190,7190,6590,9403,64397110,110633395950,15964415,KSQ
655,108230,KR7108230004,톱텍,KOSDAQ,우량기업부,2900,2,-85,-2.85,3065,3065,2855,82349,240454264,110267410500,38023245,KSQ
656,047770,KR7047770003,코데즈컴바인,KOSDAQ,중견기업부,2905,1,90,3.2,2770,2980,2730,354878,1021788394,109932758810,37842602,KSQ
657,299030,KR7299030007,하나기술,KOSDAQ,벤처기업부,13740,2,-660,-4.58,14400,14770,13200,15405,212792850,109850063400,7994910,KSQ
658,166480,KR7166480004,코아스템켐온,KOSDAQ,벤처기업부,2075,2,-125,-5.68,2205,2260,2050,98082,206714842,109706030200,52870376,KSQ
659,148150,KR7148150006,세경하이테크,KOSDAQ,우량기업부,3080,2,-70,-2.22,3185,3185,3040,28335,87454885,109471879440,35542818,KSQ
660,187790,KR7187790001,나노,KOSDAQ,벤처기업부,3545,2,-350,-8.99,3895,3900,3525,118750,427578130,109330742350,30840830,KSQ
661,051160,KR7051160000,지어소프트,KOSDAQ,중견기업부,7060,2,-50,-0.7,7070,7150,6990,13334,93993090,109249475800,15474430,KSQ
662,054050,KR7054050000,NH농우바이오,KOSDAQ,우량기업부,6810,1,10,0.15,6800,6920,6700,26535,180826340,109168120410,16030561,KSQ
663,018120,KR7018120006,진로발효,KOSDAQ,우량기업부,16460,3,0,0.0,16460,16490,16440,1101,18115070,108983635200,6621120,KSQ
664,039560,KR7039560008,다산네트웍스,KOSDAQ,중견기업부,2530,2,-70,-2.69,2600,2615,2480,158554,400566491,108507824040,42888468,KSQ
665,323990,KR7323990002,박셀바이오,KOSDAQ,기술성장기업부,4655,2,-225,-4.61,4770,4995,4545,235080,1101262223,108262940975,23257345,KSQ
666,417500,KR7417500006,제이아이테크,KOSDAQ,우량기업부,3300,2,-250,-7.04,3435,3535,3280,134206,446424373,108189655200,32784744,KSQ
667,289930,KR7289930000,웨이비스,KOSDAQ,기술성장기업부,8220,2,-530,-6.06,9000,9000,8110,50142,416182150,108084862200,13149010,KSQ
668,338220,KR7338220007,뷰노,KOSDAQ,기술성장기업부,7700,2,-200,-2.53,7970,7990,7220,18486,141765940,107814037100,14001823,KSQ
669,073560,KR7073560005,우리손에프앤지,KOSDAQ,우량기업부,1540,1,12,0.79,1524,1546,1515,52007,79638340,106625970220,69237643,KSQ
670,475580,KR7475580007,에이럭스,KOSDAQ,벤처기업부,7800,2,-230,-2.86,8030,8340,7780,97575,785199795,106274220000,13624900,KSQ
671,235980,KR7235980000,메드팩토,KOSDAQ,기술성장기업부,3100,2,-105,-3.28,3200,3300,2900,63497,197897385,106252875100,34275121,KSQ
672,049520,KR7049520000,유아이엘,KOSDAQ,우량기업부,3445,2,-30,-0.86,3475,3515,3375,40198,138282642,106252843125,30842625,KSQ
673,006620,KR7006620009,동구바이오제약,KOSDAQ,우량기업부,3730,2,-55,-1.45,3785,3810,3675,59031,221281722,106174420160,28464992,KSQ
674,141000,KR7141000000,비아트론,KOSDAQ,벤처기업부,8760,2,-810,-8.46,9560,9560,8710,26231,235423720,106124859600,12114710,KSQ
675,056090,KR7056090004,시지메드텍,KOSDAQ,벤처기업부,1026,2,-40,-3.75,1080,1080,1018,894130,931743411,105943770936,103259036,KSQ
676,115500,KR7115500001,케이씨에스,KOSDAQ,중견기업부,8820,2,-330,-3.61,9150,9150,8700,94972,847229500,105840000000,12000000,KSQ
677,032940,KR7032940009,원익,KOSDAQ,우량기업부,5810,2,-410,-6.59,6220,6220,5780,103238,606753980,105702666300,18193230,KSQ
678,475430,KR7475430005,키스트론,KOSDAQ,중견기업부,5920,2,-880,-12.94,6500,6510,5920,1325416,8213611400,105660811200,17848110,KSQ
679,063570,KR7063570006,NICE인프라,KOSDAQ,우량기업부,3085,2,-30,-0.96,3115,3170,3055,42901,134051285,105345740880,34147728,KSQ
680,417010,KR7417010006,나노팀,KOSDAQ,벤처기업부,5190,2,-390,-6.99,5500,5580,5180,77893,413047900,104696458320,20172728,KSQ
681,071280,KR7071280002,로체시스템즈,KOSDAQ,우량기업부,6840,2,-640,-8.56,7400,7400,6830,64656,450989260,104628764520,15296603,KSQ
682,125210,KR7125210005,아모그린텍,KOSDAQ,우량기업부,6330,2,-310,-4.67,6640,6640,6130,99931,631825340,104424680700,16496790,KSQ
683,336680,KR7336680004,탑런토탈솔루션,KOSDAQ,중견기업부,2665,2,-100,-3.62,2740,2750,2645,6262,16834415,104322912070,39145558,KSQ
684,333430,KR7333430007,일승,KOSDAQ,중견기업부,3395,2,-150,-4.23,3435,3550,3365,46529,159025709,104317306065,30726747,KSQ
685,051980,KR7051980001,중앙첨단소재,KOSDAQ,중견기업부,939,2,-61,-6.1,999,999,930,419170,398607579,104315114751,111091709,KSQ
686,052260,KR7052260007,현대바이오랜드,KOSDAQ,우량기업부,3470,1,5,0.14,3410,3515,3400,46623,161373250,104100000000,30000000,KSQ
687,039340,KR7039340005,한국경제TV,KOSDAQ,우량기업부,4730,2,-30,-0.63,4725,4745,4625,3758,17745405,104060000000,22000000,KSQ
688,111710,KR7111710000,남화산업,KOSDAQ,중견기업부,5050,2,-2030,-28.67,6310,6310,5050,622914,3404888730,103969400000,20588000,KSQ
689,035080,KR7035080001,그래디언트,KOSDAQ,중견기업부,9000,2,-70,-0.77,9000,9080,8680,7280,65061770,102881556000,11431284,KSQ
690,205500,KR7205500002,넥써쓰,KOSDAQ,중견기업부,1602,2,-94,-5.54,1660,1710,1589,177125,288177396,102707582598,64112099,KSQ
691,013310,KR7013310008,아진산업,KOSDAQ,우량기업부,2640,2,-55,-2.04,2695,2705,2565,228351,603517069,102449376480,38806582,KSQ
692,131030,KR7131030009,옵투스제약,KOSDAQ,우량기업부,5790,2,-50,-0.86,5760,5970,5690,44449,259159200,102173756100,17646590,KSQ
693,091590,KR7091590000,남화토건,KOSDAQ,중견기업부,8690,2,-940,-9.76,10000,12190,8180,4381380,43933497215,102020600000,11740000,KSQ
694,474610,KR7474610003,RF시스템즈,KOSDAQ,벤처기업부,7030,2,-600,-7.86,7560,7690,7000,63487,459245570,101995795440,14508648,KSQ
695,053700,KR7053700001,삼보모터스,KOSDAQ,우량기업부,3815,2,-100,-2.55,3905,3905,3730,143959,548003774,101920612955,26715757,KSQ
696,228850,KR7228850004,레이언스,KOSDAQ,우량기업부,6140,2,-130,-2.07,6240,6270,6040,6967,42599930,101868825960,16591014,KSQ
697,021080,KR7021080007,에이티넘인베스트,KOSDAQ,우량기업부,2120,2,-45,-2.08,2145,2190,2090,194301,415267760,101760000000,48000000,KSQ
698,037030,KR7037030004,파워넷,KOSDAQ,우량기업부,3985,2,-405,-9.23,4260,4280,3985,263922,1085958662,101669273120,25512992,KSQ
699,101170,KR7101170009,우림피티에스,KOSDAQ,벤처기업부,7510,2,-510,-6.36,8020,8020,7390,37981,286649450,101385000000,13500000,KSQ
700,035610,KR7035610005,솔본,KOSDAQ,투자주의환기종목(소속부없음),3675,1,40,1.1,3635,3725,3615,43478,159909405,100496538975,27345997,KSQ
701,149980,KR7149980005,하이로닉,KOSDAQ,중견기업부,4740,2,-85,-1.76,4825,4850,4635,26195,124687315,100461280620,21194363,KSQ
702,158430,KR7158430009,아톤,KOSDAQ,벤처기업부,4090,2,-190,-4.44,4265,4290,3850,153955,639376179,100131756280,24482092,KSQ
703,120240,KR7120240007,대정화금,KOSDAQ,우량기업부,13910,1,180,1.31,13900,13990,13500,27506,379323030,100018338810,7190391,KSQ
704,059210,KR7059210005,메타바이오메드,KOSDAQ,우량기업부,3680,2,-10,-0.27,3655,3765,3565,64812,238918520,99990917600,27171445,KSQ
705,205100,KR7205100001,엑셈,KOSDAQ,벤처기업부,1410,2,-38,-2.62,1428,1448,1394,134712,190058406,99667856430,70686423,KSQ
706,225530,KR7225530005,HC보광산업,KOSDAQ,우량기업부,2740,1,75,2.81,2550,3290,2450,2310500,6605086939,99568111980,36338727,KSQ
707,156100,KR7156100000,엘앤케이바이오,KOSDAQ,벤처기업부,4450,2,-155,-3.37,4635,4635,4355,44146,198105345,99462630850,22351153,KSQ
708,246720,KR7246720007,아스타,KOSDAQ,관리종목(소속부없음),6070,0,0,0.0,0,0,0,0,0,99434491000,16381300,KSQ
709,041520,KR7041520008,이엘씨,KOSDAQ,투자주의환기종목(소속부없음),8150,2,-480,-5.56,8630,8630,8150,16089,132236150,99338149500,12188730,KSQ
710,123040,KR7123040008,엠에스오토텍,KOSDAQ,중견기업부,1567,2,-55,-3.39,1622,1636,1542,44900,70759749,98138544533,62628299,KSQ
711,092040,KR7092040005,아미코젠,KOSDAQ,기술성장기업부,1381,2,-36,-2.54,1405,1435,1370,403623,564013724,97575089447,70655387,KSQ
712,309960,KR7309960003,LB인베스트먼트,KOSDAQ,중견기업부,4200,2,-110,-2.55,4305,4305,4110,11913,49986475,97512403800,23217239,KSQ
713,104460,KR7104460001,디와이피엔에프,KOSDAQ,우량기업부,9270,1,290,3.23,8990,9340,8690,8318,75474510,97502796270,10518101,KSQ
714,066790,KR7066790007,씨씨에스,KOSDAQ,관리종목(소속부없음),1493,0,0,0.0,0,0,0,0,0,97271994227,65152039,KSQ
715,040300,KR7040300006,YTN,KOSDAQ,중견기업부,2035,2,-65,-3.1,2100,2100,2030,15055,30927450,97022654300,47676980,KSQ
716,100700,KR7100700004,세운메디칼,KOSDAQ,우량기업부,2215,2,-35,-1.56,2250,2265,2180,51948,115317095,97017000000,43800000,KSQ
717,074430,KR7074430000,아미노로직스,KOSDAQ,중견기업부,1104,1,14,1.28,1090,1106,1042,79055,85089234,96960835776,87826844,KSQ
718,059120,KR7059120006,아진엑스텍,KOSDAQ,벤처기업부,5290,2,-540,-9.26,5710,5790,5290,124680,675299975,96860249140,18310066,KSQ
719,109610,KR7109610006,에스와이,KOSDAQ,중견기업부,1979,2,-26,-1.3,1988,2025,1902,152102,298656604,96787744600,48907400,KSQ
720,068240,KR7068240001,다원시스,KOSDAQ,관리종목(소속부없음),2530,0,0,0.0,0,0,0,0,0,96553495610,38163437,KSQ
721,054540,KR7054540000,삼영엠텍,KOSDAQ,우량기업부,7420,2,-300,-3.89,7530,7680,7050,57576,425182195,96460000000,13000000,KSQ
722,265740,KR7265740001,엔에프씨,KOSDAQ,벤처기업부,5390,2,-30,-0.55,5460,5650,5220,151897,833029860,96284804000,17863600,KSQ
723,413630,KR7413630005,씨피시스템,KOSDAQ,벤처기업부,2635,2,-340,-11.43,2890,2890,2550,734867,1968376670,96010454175,36436605,KSQ
724,066430,KR7066430000,아이로보틱스,KOSDAQ,중견기업부,2450,2,-135,-5.22,2585,2585,2445,385376,956757283,95926016200,39153476,KSQ
725,321370,KR7321370009,센서뷰,KOSDAQ,기술성장기업부,1849,2,-112,-5.71,1888,1903,1785,405708,743107709,95528411194,51664906,KSQ
726,198440,KR7198440000,강동씨앤엘,KOSDAQ,중견기업부,1566,2,-416,-20.99,1849,1900,1553,3146252,5371735061,95419349136,60931896,KSQ
727,352090,KR7352090005,스톰테크,KOSDAQ,우량기업부,3545,2,-20,-0.56,3580,3580,3500,4517,16002090,95264777910,26872998,KSQ
728,337930,KR7337930002,젝시믹스,KOSDAQ,우량기업부,3205,2,-30,-0.93,3235,3300,3150,47344,153463815,95113102375,29676475,KSQ
729,282720,KR7282720002,금양그린파워,KOSDAQ,중견기업부,7820,2,-480,-5.78,8050,8300,7730,39169,313902895,94774490000,12119500,KSQ
730,487580,KR7487580003,폴레드,KOSDAQ,벤처기업부,3760,2,-25,-0.66,3800,4155,3695,571161,2248676968,94687557360,25182861,KSQ
731,307930,KR7307930008,컴퍼니케이,KOSDAQ,중견기업부,6050,2,-320,-5.02,6370,6370,6040,23621,144949200,94440500000,15610000,KSQ
732,255440,KR7255440000,야스,KOSDAQ,벤처기업부,7220,2,-410,-5.37,7630,7630,7210,18636,136601220,94278760000,13058000,KSQ
733,067290,KR7067290007,JW신약,KOSDAQ,중견기업부,1681,2,-166,-8.99,1848,1919,1665,2209501,3861597156,94198370143,56037103,KSQ
734,0011A0,KR70011A0009,액스비스,KOSDAQ,벤처기업부,10080,2,-650,-6.06,10660,10660,9980,49829,505252755,94084099200,9333740,KSQ
735,182360,KR7182360008,큐브엔터,KOSDAQ,우량기업부,6050,1,240,4.13,5580,6300,5580,40553,244821540,94076586450,15549849,KSQ
736,322180,KR7322180001,LS티라유텍,KOSDAQ,벤처기업부,4375,2,-215,-4.68,4555,4585,4350,72361,320066907,94045463750,21496106,KSQ
737,317770,KR7317770006,엑스페릭스,KOSDAQ,벤처기업부,2555,2,-115,-4.31,2700,2700,2500,96537,251341297,93625787920,36644144,KSQ
738,026150,KR7026150003,특수건설,KOSDAQ,중견기업부,5320,1,870,19.55,4405,5590,4235,2084320,10497883452,93346480920,17546331,KSQ
739,290720,KR7290720002,푸드나무,KOSDAQ,중견기업부,2630,1,170,6.91,2460,2680,2360,54403,136395576,93259145130,35459751,KSQ
740,100130,KR7100130004,동국S&C,KOSDAQ,중견기업부,1629,2,-32,-1.93,1621,1664,1590,60242,97653230,93085947000,57143000,KSQ
741,053260,KR7053260006,금강철강,KOSDAQ,우량기업부,4965,2,-115,-2.26,5080,5100,4900,47032,234391215,92944800000,18720000,KSQ
742,212710,KR7212710008,아이에스티이,KOSDAQ,기술성장기업부,9550,2,-250,-2.55,9600,9850,9000,119203,1133004160,92778039900,9714978,KSQ
743,221800,KR7221800006,지구홀딩스,KOSDAQ,투자주의환기종목(소속부없음),5660,2,-380,-6.29,5950,6040,5610,40337,233719975,92364696660,16318851,KSQ
744,263720,KR7263720005,디앤씨미디어,KOSDAQ,우량기업부,7440,1,100,1.36,7340,7860,7210,12830,96495310,92349677040,12412591,KSQ
745,452190,KR7452190002,한빛레이저,KOSDAQ,벤처기업부,3855,2,-260,-6.32,4000,4110,3810,172817,670275109,92213747235,23920557,KSQ
746,044990,KR7044990000,에이치엔에스하이텍,KOSDAQ,기술성장기업부,11980,2,-340,-2.76,12700,12700,11710,8544,102561365,92071391500,7685425,KSQ
747,362320,KR7362320004,청담글로벌,KOSDAQ,중견기업부,4340,2,-85,-1.92,4180,4505,4180,43084,189923890,91796598600,21151290,KSQ
748,489460,KR7489460006,바이오비쥬,KOSDAQ,벤처기업부,6090,2,-10,-0.16,6160,6470,5870,56946,355891045,91620578700,15044430,KSQ
749,096240,KR7096240007,크레버스,KOSDAQ,우량기업부,8520,2,-300,-3.4,8820,8820,8460,27378,234238685,91489293600,10738180,KSQ
750,396470,KR7396470007,워트,KOSDAQ,중견기업부,5670,2,-520,-8.4,6050,6180,5660,63849,369122140,91400400000,16120000,KSQ
751,036010,KR7036010007,아비코전자,KOSDAQ,중견기업부,6860,2,-1220,-15.1,7910,7950,6860,394976,2818454480,91189527240,13292934,KSQ
752,063170,KR7063170005,서울옥션,KOSDAQ,중견기업부,5110,2,-100,-1.92,5210,5220,4980,34976,178703637,90826504370,17774267,KSQ
753,950250,KR8826050005,테라뷰,KOSDAQ,기술성장기업부,2555,2,-175,-6.41,2630,2680,2500,200378,516818410,90747802705,35517731,KSQ
754,047560,KR7047560008,이스트소프트,KOSDAQ,중견기업부,7700,2,-500,-6.1,8200,8200,7690,46828,368923150,90498731400,11753082,KSQ
755,086710,KR7086710001,선진뷰티사이언스,KOSDAQ,우량기업부,7390,1,120,1.65,7300,7700,7010,44486,331977000,90182239200,12203280,KSQ
756,030960,KR7030960009,양지사,KOSDAQ,중견기업부,5640,1,290,5.42,5650,6070,5460,969352,5565823100,90127200000,15980000,KSQ
757,093920,KR7093920007,서원인텍,KOSDAQ,우량기업부,4845,2,-15,-0.31,4845,4885,4730,29664,142260165,90117000000,18600000,KSQ
758,065170,KR7065170003,비엘팜텍,KOSDAQ,투자주의환기종목(소속부없음),3225,1,505,18.57,2795,3535,2750,5752407,18975345315,90021982425,27913793,KSQ
759,049950,KR7049950009,미래컴퍼니,KOSDAQ,중견기업부,10200,2,-630,-5.82,10690,10970,10110,23398,242487305,89942416800,8817884,KSQ
760,365330,KR7365330000,에스와이스틸텍,KOSDAQ,우량기업부,1792,2,-48,-2.61,1815,1829,1743,508079,901757835,89906432000,50171000,KSQ
761,040420,KR7040420002,정상제이엘에스,KOSDAQ,우량기업부,5720,1,20,0.35,5700,5800,5640,22819,130416070,89675597440,15677552,KSQ
762,298540,KR7298540006,더네이쳐홀딩스,KOSDAQ,우량기업부,6190,1,190,3.17,5960,6320,5920,17127,105150700,89670729340,14486386,KSQ
763,008830,KR7008830002,대동기어,KOSDAQ,중견기업부,9970,2,-450,-4.32,10120,10260,9810,33370,335530040,89605574400,8987520,KSQ
764,088130,KR7088130000,동아엘텍,KOSDAQ,우량기업부,5120,2,-410,-7.41,5530,5530,5090,79181,412041450,89524807680,17485314,KSQ
765,065450,KR7065450009,빅텍,KOSDAQ,벤처기업부,3035,2,-95,-3.04,3125,3125,3015,158539,485064754,89519762105,29495803,KSQ
766,052900,KR7052900008,KX하이텍,KOSDAQ,우량기업부,1224,2,-101,-7.62,1300,1308,1214,900206,1115555823,89443385064,73074661,KSQ
767,058630,KR7058630005,엠게임,KOSDAQ,우량기업부,4655,1,35,0.76,4620,4670,4490,39274,180613665,89387981970,19202574,KSQ
768,023900,KR7023900004,풍국주정,KOSDAQ,우량기업부,7090,1,140,2.01,6940,7090,6730,9779,67992740,89334000000,12600000,KSQ
769,042500,KR7042500009,링네트,KOSDAQ,우량기업부,4005,2,-85,-2.08,4010,4090,3975,97324,390773985,89276031720,22291144,KSQ
770,226400,KR7226400000,오스테오닉,KOSDAQ,기술성장기업부,4310,1,145,3.48,4060,4555,4060,157586,690559435,89051500310,20661601,KSQ
771,217820,KR7217820000,원익피앤이,KOSDAQ,중견기업부,1876,2,-45,-2.34,1921,1949,1770,120038,225801872,89024752684,47454559,KSQ
772,078890,KR7078890001,가온그룹,KOSDAQ,중견기업부,4825,2,-170,-3.4,4990,4990,4670,87147,416509397,88900349975,18424943,KSQ
773,005860,KR7005860002,한일사료,KOSDAQ,우량기업부,2255,2,-5,-0.22,2240,2285,2190,218775,491886940,88855309675,39403685,KSQ
774,389030,KR7389030008,지니너스,KOSDAQ,기술성장기업부,2250,2,-95,-4.05,2345,2345,2180,170629,383228809,88632609750,39392271,KSQ
775,072020,KR7072020001,중앙백신,KOSDAQ,벤처기업부,9360,2,-70,-0.74,9430,9460,9280,3600,33618625,88533310320,9458687,KSQ
776,002230,KR7002230001,피에스텍,KOSDAQ,우량기업부,4725,2,-210,-4.26,4935,4950,4725,51139,245321493,88382637000,18705320,KSQ
777,290740,KR7290740000,액트로,KOSDAQ,벤처기업부,8780,2,-720,-7.58,9430,9430,8740,23220,207680380,88370796580,10065011,KSQ
778,040160,KR7040160004,누리플렉스,KOSDAQ,중견기업부,7330,2,-660,-8.26,8000,8090,7300,52193,387086210,88367071550,12055535,KSQ
779,032300,KR7032300006,한국파마,KOSDAQ,중견기업부,8090,2,-250,-3.0,8280,8350,8070,9455,77678890,88235211090,10906701,KSQ
780,099750,KR7099750002,이지케어텍,KOSDAQ,벤처기업부,6450,1,60,0.94,6650,6660,6250,3794,24288130,88101665850,13659173,KSQ
781,047820,KR7047820006,초록뱀미디어,KOSDAQ,중견기업부,3595,1,35,0.98,3535,3800,3420,18701,67498217,87911878350,24453930,KSQ
782,330730,KR7330730003,스톤브릿지벤처스,KOSDAQ,벤처기업부,4825,2,-90,-1.83,4875,4980,4750,37275,180447570,87901029750,18217830,KSQ
783,475230,KR7475230009,엔알비,KOSDAQ,벤처기업부,8030,2,-360,-4.29,8100,8640,8030,194656,1595017820,87516424490,10898683,KSQ
784,136150,KR7136150000,원일티엔아이,KOSDAQ,벤처기업부,10440,2,-650,-5.86,11090,11090,10350,6441,67897445,87497953200,8381030,KSQ
785,054920,KR7054920004,한컴위드,KOSDAQ,중견기업부,3100,2,-180,-5.49,3275,3275,3050,283251,879686700,87472951100,28217081,KSQ
786,396300,KR7396300006,세아메카닉스,KOSDAQ,우량기업부,3300,2,-250,-7.04,3480,3480,3280,178607,597993770,87415350000,26489500,KSQ
787,228340,KR7228340006,동양파일,KOSDAQ,중견기업부,4370,5,-1870,-29.97,6190,7300,4370,9505113,52974114991,87400000000,20000000,KSQ
788,192410,KR7192410009,오늘이엔엠,KOSDAQ,중견기업부,3460,2,-5,-0.14,3465,3495,3290,15395,52282377,87143245140,25185909,KSQ
789,302550,KR7302550009,리메드,KOSDAQ,기술성장기업부,2810,1,55,2.0,2740,2860,2670,36985,103438330,86849091500,30907150,KSQ
790,102370,KR7102370004,케이옥션,KOSDAQ,기술성장기업부,3180,2,-145,-4.36,3300,3360,3155,72685,239836636,86588887800,27229210,KSQ
791,011370,KR7011370004,서한,KOSDAQ,우량기업부,856,1,49,6.07,772,873,772,417773,350216279,86366004440,100894865,KSQ
792,029480,KR7029480001,광무,KOSDAQ,중견기업부,1446,2,-69,-4.55,1505,1505,1445,56800,82772717,86353864872,59719132,KSQ
793,086960,KR7086960002,MDS테크,KOSDAQ,우량기업부,2050,2,-115,-5.31,2165,2165,2000,209519,430787110,86335991900,42115118,KSQ
794,357230,KR7357230002,에이치피오,KOSDAQ,우량기업부,2090,2,-45,-2.11,2135,2145,2025,31351,66204040,86303364840,41293476,KSQ
795,172670,KR7172670002,에이엘티,KOSDAQ,벤처기업부,9620,2,-730,-7.05,10160,10600,9530,58397,575847675,86197691580,8960259,KSQ
796,214680,KR7214680001,디알텍,KOSDAQ,벤처기업부,1030,2,-32,-3.01,1061,1088,1000,200497,207681883,85981367680,83477056,KSQ
797,418470,KR7418470001,KT밀리의서재,KOSDAQ,우량기업부,10020,1,40,0.4,9980,10190,9940,10349,104073680,85829205780,8565789,KSQ
798,004650,KR7004650008,창해에탄올,KOSDAQ,우량기업부,9330,1,120,1.3,9210,9360,9110,19244,178179520,85750957050,9190885,KSQ
799,033290,KR7033290008,로젠,KOSDAQ,우량기업부,1527,2,-56,-3.54,1584,1584,1489,21574,33030438,85750671627,56156301,KSQ
800,063080,KR7063080006,컴투스홀딩스,KOSDAQ,중견기업부,12920,2,-50,-0.39,12630,13280,12360,9041,117122910,85209880640,6595192,KSQ
801,250060,KR7250060001,모비스,KOSDAQ,기술성장기업부,2640,2,-165,-5.88,2805,2850,2635,179982,481756065,84932268960,32171314,KSQ
802,091440,KR7091440008,한울소재과학,KOSDAQ,투자주의환기종목(소속부없음),2540,2,-115,-4.33,2655,2655,2480,87532,221495620,84791544920,33382498,KSQ
803,189330,KR7189330004,씨이랩,KOSDAQ,기술성장기업부,9020,2,-910,-9.16,9930,10060,8800,173934,1639334100,84628201680,9382284,KSQ
804,049180,KR7049180003,셀루메드,KOSDAQ,투자주의환기종목(소속부없음),1009,0,0,0.0,0,0,0,0,0,83975227728,83226192,KSQ
805,078140,KR7078140001,대봉엘에스,KOSDAQ,우량기업부,7560,1,350,4.85,7100,7710,7100,23113,169559485,83814537240,11086579,KSQ
806,183490,KR7183490002,엔지켐생명과학,KOSDAQ,관리종목(소속부없음),990,0,0,0.0,0,0,0,0,0,83793832650,84640235,KSQ
807,130580,KR7130580004,나이스디앤비,KOSDAQ,우량기업부,5410,1,10,0.19,5400,5500,5400,2755,15008140,83314000000,15400000,KSQ
808,085670,KR7085670008,뉴프렉스,KOSDAQ,우량기업부,3400,2,-95,-2.72,3435,3435,3300,72367,243677685,83302587400,24500761,KSQ
809,238090,KR7238090005,앤디포스,KOSDAQ,벤처기업부,2730,1,90,3.41,2590,2780,2520,27032,70436660,83238901200,30490440,KSQ
810,173130,KR7173130006,오파스넷,KOSDAQ,중견기업부,6380,2,-120,-1.85,6500,6500,6230,64770,408874400,83236497740,13046473,KSQ
811,451220,KR7451220008,아이엠티,KOSDAQ,기술성장기업부,10570,2,-1420,-11.84,11890,11940,10410,87455,957301225,83234638270,7874611,KSQ
812,357580,KR7357580000,아모센스,KOSDAQ,기술성장기업부,7030,2,-1010,-12.56,6860,7630,6800,116342,829964820,82882026860,11789762,KSQ
813,066590,KR7066590001,스모트로닉,KOSDAQ,중견기업부,2140,1,40,1.9,2065,2160,1992,124487,261804984,82770785180,38677937,KSQ
814,052860,KR7052860004,아이앤씨,KOSDAQ,벤처기업부,4630,2,-170,-3.54,4800,4805,4620,29238,136408100,82705014020,17862854,KSQ
815,000440,KR7000440008,중앙에너비스,KOSDAQ,중견기업부,13250,2,-120,-0.9,12950,13610,12850,7536,99984850,82509472500,6227130,KSQ
816,053580,KR7053580007,웹케시,KOSDAQ,우량기업부,6360,2,-80,-1.24,6520,6520,6330,22754,145858570,82390212960,12954436,KSQ
817,052420,KR7052420007,오성첨단소재,KOSDAQ,우량기업부,8430,1,730,9.48,7700,8440,7370,64247,515023615,82125135870,9742009,KSQ
818,330350,KR7330350000,위더스제약,KOSDAQ,우량기업부,6220,2,-190,-2.96,6490,6490,6200,78530,491912030,82102009600,13199680,KSQ
819,223250,KR7223250002,드림씨아이에스,KOSDAQ,벤처기업부,3335,2,-80,-2.34,3385,3430,3235,33047,110173515,82042480740,24600444,KSQ
820,038110,KR7038110003,에코플라스틱,KOSDAQ,우량기업부,1991,2,-39,-1.92,1997,2030,1956,122028,242929796,81968215670,41169370,KSQ
821,456070,KR7456070002,이엔셀,KOSDAQ,기술성장기업부,7430,2,-340,-4.38,7780,7780,7430,17545,132669820,81949311310,11029517,KSQ
822,043610,KR7043610005,KT지니뮤직,KOSDAQ,중견기업부,1408,1,23,1.66,1352,1447,1352,32326,45283923,81826536704,58115438,KSQ
823,0004V0,KR70004V0003,엔비알모션,KOSDAQ,기술성장기업부,7430,2,-370,-4.74,7530,7770,7270,79157,592338670,81807153120,11010384,KSQ
824,037760,KR7037760006,쎄니트,KOSDAQ,중견기업부,2415,2,-5,-0.21,2420,2480,2340,21846,53270410,81706504215,33832921,KSQ
825,382840,KR7382840007,원준,KOSDAQ,중견기업부,5350,2,-310,-5.48,5650,5650,5220,42256,227665560,81702958350,15271581,KSQ
826,175250,KR7175250000,아이큐어,KOSDAQ,관리종목(소속부없음),2170,0,0,0.0,0,0,0,0,0,81501658560,37558368,KSQ
827,234030,KR7234030005,싸이닉솔루션,KOSDAQ,중견기업부,3445,2,-205,-5.62,3615,3615,3395,50677,175555116,81319225000,23605000,KSQ
828,493330,KR7493330005,지에프아이,KOSDAQ,벤처기업부,10370,2,-550,-5.04,10920,10930,10250,7688,80318800,81295749810,7839513,KSQ
829,215100,KR7215100009,로보로보,KOSDAQ,벤처기업부,3990,2,-260,-6.12,4175,4250,3950,51965,209689487,81190331460,20348454,KSQ
830,307870,KR7307870006,비투엔,KOSDAQ,벤처기업부,1092,2,-2,-0.18,1090,1120,1061,146324,159873023,81134819220,74299285,KSQ
831,036220,KR7036220002,오상헬스케어,KOSDAQ,우량기업부,5670,2,-110,-1.9,5790,6060,5500,3643,20691835,81134388720,14309416,KSQ
832,412540,KR7412540007,제일엠앤에스,KOSDAQ,관리종목(소속부없음),3935,0,0,0.0,0,0,0,0,0,81063616775,20600665,KSQ
833,179900,KR7179900006,유티아이,KOSDAQ,투자주의환기종목(소속부없음),4090,2,-165,-3.88,4200,4205,3855,160926,644747102,80942785080,19790412,KSQ
834,107600,KR7107600009,새빗켐,KOSDAQ,벤처기업부,14250,2,-1040,-6.8,15580,15580,14160,5857,84412850,80383594500,5640954,KSQ
835,004590,KR7004590006,한국가구,KOSDAQ,중견기업부,5350,2,-50,-0.93,5360,5440,5230,14436,77048410,80250000000,15000000,KSQ
836,009300,KR7009300005,삼아제약,KOSDAQ,우량기업부,12530,2,-160,-1.26,12690,12690,12260,4484,55906455,79816100000,6370000,KSQ
837,303810,KR7303810006,동국생명과학,KOSDAQ,중견기업부,2495,2,-50,-1.96,2490,2530,2450,13595,33884596,79800429300,31984140,KSQ
838,396270,KR7396270001,넥스트칩,KOSDAQ,벤처기업부,2415,2,-210,-8.0,2600,2625,2400,200152,491012115,79423145865,32887431,KSQ
839,381620,KR7381620004,제닉스로보틱스,KOSDAQ,중견기업부,6050,2,-390,-6.06,6380,6380,5940,62071,376714775,79363416000,13117920,KSQ
840,042510,KR7042510008,라온시큐어,KOSDAQ,벤처기업부,7130,2,-280,-3.78,7220,7440,7080,52607,378442290,79184553640,11105828,KSQ
841,360070,KR7360070007,탑머티리얼,KOSDAQ,중견기업부,9640,2,-360,-3.6,9560,10020,9360,20877,202333300,78971294520,8192043,KSQ
842,234300,KR7234300002,에스트래픽,KOSDAQ,우량기업부,2895,2,-20,-0.69,2880,2915,2850,28230,81030040,78766523100,27207780,KSQ
843,451250,KR7451250005,삐아,KOSDAQ,벤처기업부,7700,2,-140,-1.79,7830,7960,7630,23651,184843560,78739252900,10225877,KSQ
844,117670,KR7117670000,알파칩스,KOSDAQ,벤처기업부,11800,1,1990,20.29,9810,12500,9810,150315,1652137865,78608555600,6661742,KSQ
845,320000,KR7320000003,한울반도체,KOSDAQ,중견기업부,11780,2,-1810,-13.32,12680,12850,11630,312235,3834061405,78558581800,6668810,KSQ
846,067370,KR7067370007,선바이오,KOSDAQ,기술성장기업부,6430,2,-180,-2.72,6600,6600,6270,11460,72988600,78534997630,12213841,KSQ
847,950130,KR8840090003,엑세스바이오,KOSDAQ,외국기업(소속부없음),2230,3,0,0.0,2220,2350,2135,38753,86169995,78437649820,35173834,KSQ
848,323350,KR7323350009,다원넥스뷰,KOSDAQ,기술성장기업부,9780,2,-520,-5.05,10100,10280,9400,35257,339614430,78345350160,8010772,KSQ
849,129920,KR7129920005,대성하이텍,KOSDAQ,벤처기업부,4815,2,-185,-3.7,4990,5180,4725,51258,248699450,78237471240,16248696,KSQ
850,115440,KR7115440000,우리넷,KOSDAQ,우량기업부,7240,2,-650,-8.24,7880,7880,7220,95758,704792470,78150674080,10794292,KSQ
851,024880,KR7024880007,케이피에프,KOSDAQ,우량기업부,3845,2,-35,-0.9,3940,3940,3770,54412,209595200,77525789130,20162754,KSQ
852,024830,KR7024830002,세원물산,KOSDAQ,관리종목(소속부없음),9280,3,0,0.0,9280,9330,9070,181,1677790,77488000000,8350000,KSQ
853,019540,KR7019540004,일지테크,KOSDAQ,우량기업부,5730,2,-180,-3.05,5910,5980,5640,30152,175231010,77432355000,13513500,KSQ
854,054670,KR7054670005,대한뉴팜,KOSDAQ,우량기업부,5380,2,-80,-1.47,5460,5550,5330,17407,94216020,77229469600,14354920,KSQ
855,048530,KR7048530000,인트론바이오,KOSDAQ,기술성장기업부,2500,2,-70,-2.72,2570,2595,2405,27860,70383655,77229395000,30891758,KSQ
856,162300,KR7162300008,신스틸,KOSDAQ,우량기업부,1859,2,-1,-0.05,1860,1884,1820,42826,78790027,77095299138,41471382,KSQ
857,331740,KR7331740001,아우토크립트,KOSDAQ,기술성장기업부,7890,2,-480,-5.73,8580,8580,7880,17449,140913535,76935318990,9750991,KSQ
858,348350,KR7348350000,위드텍,KOSDAQ,벤처기업부,7710,2,-360,-4.46,7950,7950,7400,31000,237252810,76935006000,9978600,KSQ
859,017650,KR7017650003,대림제지,KOSDAQ,우량기업부,8740,1,50,0.58,8740,8740,8430,1709,14736820,76780900000,8785000,KSQ
860,214260,KR7214260002,라파스,KOSDAQ,기술성장기업부,8600,1,290,3.49,8310,8720,8270,37619,319266685,76733181800,8922463,KSQ
861,083790,KR7083790006,CG인바이츠,KOSDAQ,벤처기업부,997,2,-11,-1.09,1006,1023,990,77965,78472663,76663499454,76894182,KSQ
862,900260,HK0000295359,로스웰,KOSDAQ,외국기업(소속부없음),1662,2,-4,-0.24,1664,1724,1650,13098,21873124,76501371372,46029706,KSQ
863,101330,KR7101330009,모베이스,KOSDAQ,중견기업부,3295,2,-130,-3.8,3395,3415,3270,59231,197146045,76269460555,23147029,KSQ
864,053280,KR7053280004,예스24,KOSDAQ,중견기업부,3050,1,10,0.33,3040,3095,2995,14302,43725082,76250000000,25000000,KSQ
865,123420,KR7123420002,위메이드플레이,KOSDAQ,우량기업부,7330,2,-520,-6.62,8400,9410,6850,3557344,29602874680,76239630530,10401041,KSQ
866,065510,KR7065510000,휴비츠,KOSDAQ,우량기업부,7000,2,-100,-1.41,7100,7100,6940,17014,119509540,76145265000,10877895,KSQ
867,054040,KR7054040001,한국컴퓨터,KOSDAQ,우량기업부,4730,2,-115,-2.37,4845,4850,4710,14727,70426008,76017201700,16071290,KSQ
868,046940,KR7046940003,우원개발,KOSDAQ,우량기업부,4205,1,920,28.01,3245,4270,3190,5675969,21993387022,76002641750,18074350,KSQ
869,012700,KR7012700001,리드코프,KOSDAQ,우량기업부,2895,2,-25,-0.86,2945,2955,2860,30227,88175065,75834096540,26194852,KSQ
870,263800,KR7263800005,데이타솔루션,KOSDAQ,중견기업부,4660,2,-170,-3.52,4825,4835,4650,34158,161832545,75610270800,16225380,KSQ
871,019550,KR7019550003,SBI인베스트먼트,KOSDAQ,중견기업부,929,2,-5,-0.54,926,938,899,120711,111151710,75279923623,81033287,KSQ
872,090470,KR7090470006,제이스로보틱스,KOSDAQ,벤처기업부,4300,2,-365,-7.82,4665,4665,4300,34619,151377275,75149354200,17476594,KSQ
873,066700,KR7066700006,테라젠이텍스,KOSDAQ,중견기업부,2015,2,-30,-1.47,2000,2085,1980,70463,142939181,74862037640,37152376,KSQ
874,0015S0,KR70015S0005,페스카로,KOSDAQ,기술성장기업부,7580,2,-440,-5.49,7900,7960,7500,20115,154741320,74789813400,9866730,KSQ
875,054620,KR7054620000,APS,KOSDAQ,중견기업부,4060,2,-165,-3.91,4310,4310,4050,44012,180621105,74680537260,18394221,KSQ
876,170030,KR7170030001,현대공업,KOSDAQ,우량기업부,4860,2,-25,-0.51,4885,4895,4680,19915,95712710,74552400000,15340000,KSQ
877,040910,KR7040910002,아이씨디,KOSDAQ,중견기업부,4100,2,-235,-5.42,4340,4340,4065,34360,142293552,74514527500,18174275,KSQ
878,265560,KR7265560003,영화테크,KOSDAQ,우량기업부,6970,1,70,1.01,6900,7070,6700,17415,120670550,74510554600,10690180,KSQ
879,0117P0,KR70117P0005,피스피스스튜디오,KOSDAQ,중견기업부,5250,2,-80,-1.5,5280,5440,5120,213020,1122661590,74386782750,14168911,KSQ
880,061040,KR7061040002,알에프텍,KOSDAQ,중견기업부,8220,1,90,1.11,8070,8360,7860,20391,166648260,74376393060,9048223,KSQ
881,067570,KR7067570002,엔브이에이치코리아,KOSDAQ,중견기업부,1761,1,54,3.16,1780,1785,1677,41158,71897069,74261370000,42170000,KSQ
882,036640,KR7036640001,HRS,KOSDAQ,우량기업부,4540,2,-10,-0.22,4550,4585,4470,29697,134356973,74250792000,16354800,KSQ
883,094860,KR7094860004,네오리진,KOSDAQ,중견기업부,1388,1,83,6.36,1335,1409,1300,214534,293721939,73716699432,53110014,KSQ
884,217190,KR7217190008,제너셈,KOSDAQ,벤처기업부,5600,2,-500,-8.2,5980,5980,5590,65453,375668645,73661061600,13153761,KSQ
885,017480,KR7017480005,삼현철강,KOSDAQ,우량기업부,4760,2,-105,-2.16,4860,4935,4675,52277,252894165,73508156400,15442890,KSQ
886,261780,KR7261780001,아리바이오랩,KOSDAQ,기술성장기업부,2730,2,-110,-3.87,2780,2910,2700,400635,1124546619,73472479080,26912996,KSQ
887,251120,KR7251120002,바이오에프디엔씨,KOSDAQ,기술성장기업부,8440,2,-120,-1.4,8560,8790,8190,13169,112501890,73391708000,8695700,KSQ
888,203400,KR7203400007,에이비온,KOSDAQ,기술성장기업부,814,2,-34,-4.01,839,840,799,509255,414215831,73342461456,90101304,KSQ
889,131370,KR7131370009,알서포트,KOSDAQ,벤처기업부,1375,2,-56,-3.91,1388,1427,1373,89560,124491527,73242239125,53267083,KSQ
890,208140,KR7208140004,정다운,KOSDAQ,우량기업부,2235,1,20,0.9,2215,2245,2185,25321,56003542,73049289810,32684246,KSQ
891,171120,KR7171120009,라이온켐텍,KOSDAQ,우량기업부,2030,2,-10,-0.49,2065,2065,1970,59498,119938054,72880572800,35901760,KSQ
892,347890,KR7347890006,엠엑스온,KOSDAQ,벤처기업부,4290,2,-75,-1.72,4350,4350,4190,21095,90197220,72772145160,16963204,KSQ
893,478560,KR7478560006,블랙야크아이앤씨,KOSDAQ,벤처기업부,2815,2,-75,-2.6,2870,2895,2715,11458,31958470,72712288870,25830298,KSQ
894,124560,KR7124560004,태웅로직스,KOSDAQ,우량기업부,1872,2,-28,-1.47,1851,1906,1795,33196,61764859,72485358192,38720811,KSQ
895,067000,KR7067000000,조이시티,KOSDAQ,중견기업부,1033,2,-106,-9.31,1133,1133,1021,334615,351158667,72210259718,69903446,KSQ
896,389140,KR7389140005,포바이포,KOSDAQ,벤처기업부,5060,2,-290,-5.42,5110,5330,5000,40015,205489975,72204859100,14269735,KSQ
897,131400,KR7131400004,이브이첨단소재,KOSDAQ,벤처기업부,1211,2,-103,-7.84,1260,1275,1200,476376,585238701,72165769102,59591882,KSQ
898,234920,KR7234920007,자이글,KOSDAQ,관리종목(소속부없음),5310,0,0,0.0,0,0,0,0,0,71849132100,13530910,KSQ
899,043650,KR7043650001,국순당,KOSDAQ,중견기업부,4005,2,-145,-3.49,4120,4255,3865,111745,447735266,71522507520,17858304,KSQ
900,061250,KR7061250007,화일약품,KOSDAQ,우량기업부,8480,1,90,1.07,8330,8700,8330,2296,19405130,71381112320,8417584,KSQ
901,058400,KR7058400003,KNN,KOSDAQ,우량기업부,539,2,-5,-0.92,549,550,532,148466,80784086,71379619080,132429720,KSQ
902,060590,KR7060590007,씨티씨바이오,KOSDAQ,중견기업부,2950,2,-95,-3.12,3045,3045,2940,32378,96499400,71334009000,24181020,KSQ
903,011320,KR7011320009,유니크,KOSDAQ,우량기업부,3690,2,-115,-3.02,3805,3805,3650,20434,75545350,71293364550,19320695,KSQ
904,457370,KR7457370005,한켐,KOSDAQ,중견기업부,8770,2,-1130,-11.41,9480,9600,8650,180073,1606331935,70704915180,8062134,KSQ
905,062970,KR7062970009,한국첨단소재,KOSDAQ,중견기업부,1235,2,-124,-9.12,1305,1318,1230,740977,927782828,70504438290,57088614,KSQ
906,079650,KR7079650008,서산,KOSDAQ,중견기업부,3525,2,-1240,-26.02,4715,4715,3510,4428848,17843339716,70500000000,20000000,KSQ
907,020710,KR7020710000,시공테크,KOSDAQ,우량기업부,3515,2,-85,-2.36,3565,3645,3475,65121,232816383,70468614550,20047970,KSQ
908,208370,KR7208370007,셀바스헬스케어,KOSDAQ,벤처기업부,2735,2,-90,-3.19,2825,2830,2700,52078,143271952,70400442540,25740564,KSQ
909,066310,KR7066310004,큐에스아이,KOSDAQ,벤처기업부,7580,2,-490,-6.07,8010,8140,7560,57578,440780915,70278887180,9271621,KSQ
910,105740,KR7105740005,디케이락,KOSDAQ,우량기업부,6900,2,-150,-2.13,7050,7050,6810,30531,210138365,70162739700,10168513,KSQ
911,142280,KR7142280007,녹십자엠에스,KOSDAQ,중견기업부,2925,2,-75,-2.5,2955,3000,2880,126863,370983755,70091865675,23963031,KSQ
912,382480,KR7382480002,지아이텍,KOSDAQ,벤처기업부,1779,2,-32,-1.77,1796,1839,1741,155827,278061201,70016352060,39357140,KSQ
913,045970,KR7045970001,코아시아,KOSDAQ,중견기업부,2660,2,-170,-6.01,2775,2865,2615,147082,397558250,69997570160,26314876,KSQ
914,110790,KR7110790003,크리스에프앤씨,KOSDAQ,우량기업부,2985,2,-15,-0.5,3000,3000,2975,1815,5434115,69941415600,23430960,KSQ
915,088390,KR7088390000,이녹스,KOSDAQ,중견기업부,7440,2,-360,-4.62,7730,7770,7420,6899,51818910,69830679360,9385844,KSQ
916,290660,KR7290660000,다이나믹솔루션,KOSDAQ,기술성장기업부,1628,2,-178,-9.86,1799,1799,1616,289768,480534352,69740081664,42837888,KSQ
917,294630,KR7294630009,서남,KOSDAQ,기술성장기업부,2645,2,-100,-3.64,2650,2730,2525,71087,187303644,69738913755,26366319,KSQ
918,126880,KR7126880004,제이엔케이글로벌,KOSDAQ,우량기업부,3005,2,-55,-1.8,3065,3095,2960,33379,100769440,69730733515,23204903,KSQ
919,073640,KR7073640005,테라사이언스,KOSDAQ,관리종목(소속부없음),654,0,0,0.0,0,0,0,0,0,69571715580,106378770,KSQ
920,0015N0,KR70015N0000,아로마티카,KOSDAQ,벤처기업부,5520,1,200,3.76,5320,5920,5100,240884,1353850925,69424609440,12576922,KSQ
921,041930,KR7041930009,SY동아,KOSDAQ,우량기업부,4565,2,-205,-4.3,4725,4775,4470,39834,181904407,69388000000,15200000,KSQ
922,373200,KR7373200005,엑스플러스,KOSDAQ,벤처기업부,2770,2,-20,-0.72,2655,2810,2610,91539,246005682,69369766490,25043237,KSQ
923,443250,KR7443250006,레뷰코퍼레이션,KOSDAQ,벤처기업부,6220,2,-10,-0.16,6180,6400,6150,3915,24514200,69276867200,11137760,KSQ
924,041460,KR7041460007,한국전자인증,KOSDAQ,중견기업부,3645,1,45,1.25,3600,3690,3535,59343,216591520,69255000000,19000000,KSQ
925,417970,KR7417970001,모델솔루션,KOSDAQ,우량기업부,10820,2,-650,-5.67,11600,11600,10700,9094,99352040,69212294000,6396700,KSQ
926,122350,KR7122350002,삼기,KOSDAQ,중견기업부,1804,4,416,29.97,1375,1804,1288,4137278,6469045097,69164328112,38339428,KSQ
927,196490,KR7196490007,디에이테크놀로지,KOSDAQ,투자주의환기종목(소속부없음),6090,0,0,0.0,0,0,0,0,0,69131518050,11351645,KSQ
928,217330,KR7217330000,싸이토젠,KOSDAQ,기술성장기업부,2985,2,-165,-5.24,3150,3240,2985,69663,212031798,69041697795,23129547,KSQ
929,332370,KR7332370006,아이디피,KOSDAQ,벤처기업부,5200,2,-100,-1.89,5300,5300,5190,658,3424940,69023375200,13273726,KSQ
930,042940,KR7042940007,상지건설,KOSDAQ,중견기업부,10100,1,1850,22.42,8000,10590,7980,3307066,32504829960,68969991200,6828712,KSQ
931,032540,KR7032540007,TJ미디어,KOSDAQ,우량기업부,3290,2,-5,-0.15,3295,3355,3200,3001,9800960,68752488770,20897413,KSQ
932,080010,KR7080010002,이상네트웍스,KOSDAQ,중견기업부,6960,2,-150,-2.11,7110,7110,6830,830,5769670,68452094160,9835071,KSQ
933,417790,KR7417790003,트루엔,KOSDAQ,벤처기업부,6520,1,70,1.09,6440,6550,6340,17693,114025880,68253909320,10468391,KSQ
934,032850,KR7032850000,비트컴퓨터,KOSDAQ,벤처기업부,4105,2,-10,-0.24,4100,4150,4050,38003,155810577,68238617765,16623293,KSQ
935,388870,KR7388870008,파로스아이바이오,KOSDAQ,기술성장기업부,5260,2,-160,-2.95,5380,5540,5190,30223,160806420,68095602320,12945932,KSQ
936,432470,KR7432470003,케이엔에스,KOSDAQ,벤처기업부,7760,2,-290,-3.6,7990,8220,7560,13987,108569970,68067274560,8771556,KSQ
937,067170,KR7067170001,오텍,KOSDAQ,중견기업부,2515,2,-380,-13.13,2770,2840,2500,643015,1680308704,68061860550,27062370,KSQ
938,089230,KR7089230007,THE E&M,KOSDAQ,중견기업부,1771,2,-89,-4.78,1859,1859,1730,271239,478531967,68044217934,38421354,KSQ
939,413390,KR7413390006,엠오티,KOSDAQ,중견기업부,5870,2,-270,-4.4,6140,6250,5830,22492,135855145,67975656600,11580180,KSQ
940,048430,KR7048430003,유라테크,KOSDAQ,우량기업부,5900,1,120,2.08,5740,6180,5580,26670,158329070,67968000000,11520000,KSQ
941,109860,KR7109860007,동일금속,KOSDAQ,우량기업부,7460,2,-10,-0.13,7480,7480,7100,1356,9997880,67886000000,9100000,KSQ
942,228670,KR7228670006,레이,KOSDAQ,벤처기업부,4330,2,-100,-2.26,4430,4500,4260,30331,131778445,67721290930,15640021,KSQ
943,443670,KR7443670005,에스피소프트,KOSDAQ,중견기업부,2820,2,-145,-4.89,2910,2930,2815,59551,170597380,67709790480,24010564,KSQ
944,033130,KR7033130006,디지틀조선,KOSDAQ,중견기업부,1822,1,37,2.07,1783,1848,1750,113649,202483048,67624016474,37115267,KSQ
945,014970,KR7014970008,삼륭물산,KOSDAQ,중견기업부,4560,2,-125,-2.67,4685,4685,4550,5312,24467229,67602000000,14825000,KSQ
946,128660,KR7128660008,피제이메탈,KOSDAQ,우량기업부,2725,2,-85,-3.02,2805,2810,2690,23392,63938376,67589180525,24803369,KSQ
947,024740,KR7024740003,한일단조,KOSDAQ,우량기업부,2050,2,-35,-1.68,2090,2095,2010,60332,123629213,67438950450,32897049,KSQ
948,084730,KR7084730001,팅크웨어,KOSDAQ,중견기업부,6060,2,-150,-2.42,6130,6160,5960,6735,40713815,67323109440,11109424,KSQ
949,038460,KR7038460002,바이오스마트,KOSDAQ,우량기업부,2640,2,-60,-2.22,2675,2715,2565,94725,249787625,66724790880,25274542,KSQ
950,377480,KR7377480009,마음AI,KOSDAQ,기술성장기업부,9340,2,-680,-6.79,10000,10000,9010,43876,418246305,66409968500,7110275,KSQ
951,060570,KR7060570009,드림어스컴퍼니,KOSDAQ,중견기업부,895,2,-3,-0.33,898,945,881,20521,18424186,66320907835,74101573,KSQ
952,006140,KR7006140008,피제이전자,KOSDAQ,우량기업부,4445,2,-50,-1.11,4495,4590,4315,34636,153630140,66074925000,14865000,KSQ
953,222110,KR7222110009,팬젠,KOSDAQ,기술성장기업부,4880,2,-10,-0.2,4900,4900,4725,1153,5600855,65950803920,13514509,KSQ
954,059270,KR7059270009,해성에어로보틱스,KOSDAQ,기술성장기업부,5890,2,-430,-6.8,6120,6320,5800,83527,497343760,65763611110,11165299,KSQ
955,043710,KR7043710003,코스리거글로벌,KOSDAQ,중견기업부,3790,1,110,2.99,3580,3800,3350,7749,26959521,65614382580,17312502,KSQ
956,091120,KR7091120006,이엠텍,KOSDAQ,중견기업부,3825,2,-90,-2.3,3945,3970,3750,21317,81804955,65533480200,17132936,KSQ
957,045660,KR7045660008,에이텍,KOSDAQ,우량기업부,7910,2,-120,-1.49,7820,8230,7730,18995,149803420,65336600000,8260000,KSQ
958,464490,KR7464490002,쿼드메디슨,KOSDAQ,기술성장기업부,5690,2,-600,-9.54,6490,6490,5690,39431,231748360,65333222970,11482113,KSQ
959,046210,KR7046210001,HLB파나진,KOSDAQ,벤처기업부,1435,2,-89,-5.84,1539,1539,1432,72612,105518499,65332622600,45527960,KSQ
960,347860,KR7347860009,알체라,KOSDAQ,중견기업부,1548,2,-6,-0.39,1554,1679,1530,212462,343927351,65253845556,42153647,KSQ
961,201490,KR7201490000,미투온,KOSDAQ,중견기업부,1994,2,-16,-0.8,2020,2045,1939,109137,218412038,65251109644,32723726,KSQ
962,241690,KR7241690007,유니테크노,KOSDAQ,우량기업부,2665,2,-90,-3.27,2755,2785,2630,47321,127308785,65214431490,24470706,KSQ
963,002800,KR7002800001,신신제약,KOSDAQ,우량기업부,4295,2,-50,-1.15,4310,4380,4225,16210,69794505,65157297500,15170500,KSQ
964,424960,KR7424960003,스마트레이더시스템,KOSDAQ,기술성장기업부,3940,2,-235,-5.63,4145,4175,3910,39594,157253190,64951333400,16485110,KSQ
965,277880,KR7277880001,티에스아이,KOSDAQ,우량기업부,3270,2,-110,-3.25,3340,3375,3210,72925,239602085,64887303240,19843212,KSQ
966,347000,KR7347000002,센코,KOSDAQ,기술성장기업부,1708,1,52,3.14,1656,1717,1591,67803,112070064,64580924968,37810846,KSQ
967,039980,KR7039980008,폴라리스AI,KOSDAQ,중견기업부,4490,2,-235,-4.97,4700,4700,4370,58794,264271025,64571650860,14381214,KSQ
968,204840,KR7204840003,지엘팜텍,KOSDAQ,기술성장기업부,832,1,2,0.24,830,898,819,45976,38124572,64520772992,77549006,KSQ
969,137080,KR7137080008,나래나노텍,KOSDAQ,중견기업부,5830,2,-20,-0.34,5800,5890,5520,18588,106987560,64476430260,11059422,KSQ
970,094850,KR7094850005,참좋은여행,KOSDAQ,우량기업부,4605,1,135,3.02,4355,4670,4310,55022,248627230,64470000000,14000000,KSQ
971,187420,KR7187420005,HLB제넥스,KOSDAQ,기술성장기업부,1976,2,-49,-2.42,2000,2000,1950,16415,32359178,64444110016,32613416,KSQ
972,175140,KR7175140003,휴먼테크놀로지,KOSDAQ,투자주의환기종목(소속부없음),2580,1,35,1.38,2550,2700,2525,96575,251325725,64356172740,24944253,KSQ
973,036000,KR7036000008,예림당,KOSDAQ,중견기업부,2785,2,-15,-0.54,2795,2830,2715,44995,123688608,64150461445,23034277,KSQ
974,010240,KR7010240000,흥국,KOSDAQ,우량기업부,5480,1,110,2.05,5390,5600,5280,12838,70186340,64148880000,11706000,KSQ
975,033560,KR7033560004,블루콤,KOSDAQ,중견기업부,3750,2,-75,-1.96,3795,3935,3665,34702,130002804,64125000000,17100000,KSQ
976,411080,KR7411080005,샌즈랩,KOSDAQ,기술성장기업부,4190,2,-245,-5.52,4435,4435,4120,21337,90171570,63971403220,15267638,KSQ
977,288180,KR7288180003,케이피항공산업,KOSDAQ,중견기업부,8640,2,-60,-0.69,8630,9580,8210,44063,387931730,63877783680,7393262,KSQ
978,0007J0,KR70007J0006,인벤테라,KOSDAQ,기술성장기업부,8100,2,-1350,-14.29,8760,8780,7930,115509,952098960,63712283400,7865714,KSQ
979,439580,KR7439580002,블루엠텍,KOSDAQ,기술성장기업부,1878,2,-29,-1.52,1879,1919,1829,76121,142268679,63563815266,33846547,KSQ
980,036630,KR7036630002,세종텔레콤,KOSDAQ,우량기업부,6350,2,-20,-0.31,6900,6900,6310,10196,65242680,63500000000,10000000,KSQ
981,348150,KR7348150004,고바이오랩,KOSDAQ,기술성장기업부,3270,2,-75,-2.24,3320,3375,3200,43807,144247775,63499767030,19418889,KSQ
982,016250,KR7016250003,SGC E&C,KOSDAQ,중견기업부,12600,1,450,3.7,12150,12900,11900,13317,165059825,63466023600,5036986,KSQ
983,096350,KR7096350004,대창솔루션,KOSDAQ,벤처기업부,1721,1,17,1.0,1704,1768,1616,253150,419188773,63427045402,36854762,KSQ
984,081150,KR7081150005,티플랙스,KOSDAQ,중견기업부,2610,1,25,0.97,2590,2700,2550,162419,423275054,63340529220,24268402,KSQ
985,007680,KR7007680002,대원,KOSDAQ,중견기업부,4710,4,1085,29.93,3655,4710,3530,274188,1214199536,63332892540,13446474,KSQ
986,041910,KR7041910001,폴라리스AI파마,KOSDAQ,우량기업부,4765,2,-20,-0.42,4625,5000,4500,53836,255084845,63295162750,13283350,KSQ
987,079810,KR7079810008,APS이노베이션,KOSDAQ,우량기업부,2940,2,-180,-5.77,3060,3120,2925,96730,288600200,63292596360,21528094,KSQ
988,060310,KR7060310000,3S,KOSDAQ,벤처기업부,1189,2,-61,-4.88,1249,1249,1187,118291,142282484,63087198560,53059040,KSQ
989,037440,KR7037440005,희림,KOSDAQ,우량기업부,4530,1,620,15.86,3930,4670,3850,4518447,19737065541,63068811750,13922475,KSQ
990,453860,KR7453860009,에이에스텍,KOSDAQ,벤처기업부,9780,2,-340,-3.36,10170,10170,9750,6688,65761410,63026456940,6444423,KSQ
991,053350,KR7053350005,이니텍,KOSDAQ,중견기업부,2860,1,10,0.35,2725,2900,2725,37489,106473575,62980245900,22021065,KSQ
992,460940,KR7460940000,피앤에스로보틱스,KOSDAQ,기술성장기업부,4680,2,-225,-4.59,4900,4900,4620,45454,214481654,62970710400,13455280,KSQ
993,039010,KR7039010004,현대에이치티,KOSDAQ,우량기업부,7290,2,-200,-2.67,7320,7480,7100,27528,200315590,62876250000,8625000,KSQ
994,001840,KR7001840008,이화공영,KOSDAQ,관리종목(소속부없음),2215,0,0,0.0,0,0,0,0,0,62588831935,28256809,KSQ
995,012790,KR7012790002,신일제약,KOSDAQ,우량기업부,5220,1,10,0.19,5210,5320,5160,3720,19471590,62569086300,11986415,KSQ
996,044340,KR7044340008,위닉스,KOSDAQ,중견기업부,3490,1,55,1.6,3400,3570,3365,16532,57572580,62378253250,17873425,KSQ
997,214270,KR7214270001,FSN,KOSDAQ,중견기업부,1378,1,8,0.58,1370,1407,1341,48708,67238272,62360818130,45254585,KSQ
998,294090,KR7294090006,이오플로우,KOSDAQ,관리종목(소속부없음),1490,0,0,0.0,0,0,0,0,0,62295566450,41809105,KSQ
999,153710,KR7153710009,옵티팜,KOSDAQ,기술성장기업부,4235,2,-65,-1.51,4395,4395,4100,6370,26731515,62127272130,14669958,KSQ
1000,253840,KR7253840003,수젠텍,KOSDAQ,중견기업부,3710,2,-80,-2.11,3680,3795,3600,70144,260090805,62117272000,16743200,KSQ
1001,302430,KR7302430004,이노메트리,KOSDAQ,벤처기업부,6310,2,-380,-5.68,6590,6660,6210,23450,149622320,62047542480,9833208,KSQ
1002,100590,KR7100590009,머큐리,KOSDAQ,중견기업부,3620,2,-465,-11.38,4085,4085,3600,138180,509997979,62045152900,17139545,KSQ
1003,168330,KR7168330009,내츄럴엔도텍,KOSDAQ,투자주의환기종목(소속부없음),1950,2,-20,-1.02,1974,1975,1800,40331,74426894,61922055000,31754900,KSQ
1004,463020,KR7463020008,뉴엔AI,KOSDAQ,기술성장기업부,6970,2,-630,-8.29,7900,7900,6890,19836,141291140,61888024000,8879200,KSQ
1005,014470,KR7014470009,부방,KOSDAQ,벤처기업부,1030,2,-2,-0.19,1011,1068,1011,124315,128608268,61853827800,60052260,KSQ
1006,216050,KR7216050005,인크로스,KOSDAQ,중견기업부,5070,2,-40,-0.78,5090,5180,4995,12075,61549035,61847013540,12198622,KSQ
1007,072950,KR7072950009,빛샘전자,KOSDAQ,벤처기업부,7650,2,-580,-7.05,8230,8230,7520,114988,887404540,61602466500,8052610,KSQ
1008,076610,KR7076610005,해성옵틱스,KOSDAQ,벤처기업부,1038,2,-107,-9.34,1139,1139,1027,438207,461499897,61487154840,59236180,KSQ
1009,004780,KR7004780003,대륙제관,KOSDAQ,우량기업부,3840,2,-55,-1.41,3845,3860,3810,10472,40073275,61068284160,15903199,KSQ
1010,140070,KR7140070004,서플러스글로벌,KOSDAQ,벤처기업부,1648,2,-78,-4.52,1712,1712,1550,33404,54542632,60956224000,36988000,KSQ
1011,476040,KR7476040001,오가노이드사이언스,KOSDAQ,기술성장기업부,9250,2,-510,-5.23,9760,9800,9250,10708,102097745,60918280000,6585760,KSQ
1012,038680,KR7038680005,에스넷,KOSDAQ,우량기업부,3055,2,-95,-3.02,3150,3215,2900,29154,89666760,60833121310,19912642,KSQ
1013,036090,KR7036090009,위지트,KOSDAQ,중견기업부,1429,2,-91,-5.99,1520,1520,1413,332704,481899777,60804684506,42550514,KSQ
1014,005670,KR7005670005,푸드웰,KOSDAQ,우량기업부,6070,1,70,1.17,6030,6090,5910,13306,79554730,60700000000,10000000,KSQ
1015,412350,KR7412350001,레이저쎌,KOSDAQ,기술성장기업부,4145,2,-435,-9.5,4800,4810,4050,220123,946935190,60529613235,14603043,KSQ
1016,070300,KR7070300009,엑스큐어,KOSDAQ,벤처기업부,1700,2,-30,-1.73,1661,1730,1561,298451,493122737,60392039300,35524729,KSQ
1017,010280,KR7010280006,아이티센엔텍,KOSDAQ,우량기업부,4635,2,-225,-4.63,4850,4850,4620,23787,112087607,60369748695,13024757,KSQ
1018,286750,KR7286750005,나노실리칸첨단소재,KOSDAQ,투자주의환기종목(소속부없음),1882,2,-52,-2.69,1934,1979,1870,106715,201842595,60278308874,32028857,KSQ
1019,370090,KR7370090003,퓨런티어,KOSDAQ,기술성장기업부,7040,2,-160,-2.22,6960,7420,6860,12358,86940800,60240083200,8556830,KSQ
1020,039420,KR7039420005,케이엘넷,KOSDAQ,중견기업부,2625,1,45,1.74,2615,2650,2575,23078,60188355,60235859250,22946994,KSQ
1021,333620,KR7333620003,엔시스,KOSDAQ,벤처기업부,5470,1,50,0.92,5410,5480,5100,7850,41884460,60158567700,10997910,KSQ
1022,039020,KR7039020003,이건홀딩스,KOSDAQ,중견기업부,2660,2,-20,-0.75,2670,2710,2600,15533,41066950,60075325940,22584709,KSQ
1023,448710,KR7448710004,코츠테크놀로지,KOSDAQ,벤처기업부,11330,2,-160,-1.39,11790,11790,11050,15773,178771315,59882358360,5285292,KSQ
1024,089850,KR7089850002,유비벨록스,KOSDAQ,우량기업부,4060,2,-135,-3.22,4165,4210,4015,7453,30487280,59804607940,14730199,KSQ
1025,408470,KR7408470003,한패스,KOSDAQ,중견기업부,5650,2,-460,-7.53,5760,6000,5650,52048,302653605,59731800000,10572000,KSQ
1026,036670,KR7036670008,삼양케이씨아이,KOSDAQ,우량기업부,5300,1,190,3.72,5110,5360,5030,9920,51784150,59731000000,11270000,KSQ
1027,273640,KR7273640003,와이엠텍,KOSDAQ,벤처기업부,5440,2,-210,-3.72,5620,5750,5330,16424,90217850,59655040000,10966000,KSQ
1028,039610,KR7039610001,화성밸브,KOSDAQ,우량기업부,5670,2,-200,-3.41,5870,5880,5580,22910,130576640,59026968000,10410400,KSQ
1029,049550,KR7049550007,잉크테크,KOSDAQ,우량기업부,3010,2,-30,-0.99,3015,3145,2990,940,2860990,59014893770,19606277,KSQ
1030,137950,KR7137950002,제이씨케미칼,KOSDAQ,우량기업부,2640,2,-15,-0.56,2700,2700,2570,27732,72390845,58787028960,22267814,KSQ
1031,225190,KR7225190008,LK삼양,KOSDAQ,중견기업부,833,2,-61,-6.82,892,894,830,207352,174365982,58700210520,70468440,KSQ
1032,088910,KR7088910005,동우팜투테이블,KOSDAQ,우량기업부,2265,2,-60,-2.58,2315,2315,2240,80887,183858080,58508945460,25831764,KSQ
1033,014950,KR7014950000,삼익제약,KOSDAQ,벤처기업부,5840,2,-710,-10.84,6500,6500,5750,300772,1805755390,58444313920,10007588,KSQ
1034,101670,KR7101670008,하이드로리튬,KOSDAQ,중견기업부,1029,2,-76,-6.88,1105,1105,998,260063,268955046,58423725423,56777187,KSQ
1035,459100,KR7459100004,위츠,KOSDAQ,중견기업부,4335,2,-190,-4.2,4500,4575,4215,19339,84458305,58375543500,13466100,KSQ
1036,446840,KR7446840001,지슨,KOSDAQ,기술성장기업부,1059,0,0,0.0,0,0,0,0,0,58332984897,55083083,KSQ
1037,104620,KR7104620000,노랑풍선,KOSDAQ,중견기업부,3470,1,35,1.02,3495,3560,3350,45469,157485773,58332615440,16810552,KSQ
1038,311690,KR7311690002,CJ 바이오사이언스,KOSDAQ,기술성장기업부,4455,1,85,1.95,4580,4590,4150,14223,63785290,58206633210,13065462,KSQ
1039,049480,KR7049480007,오픈베이스,KOSDAQ,우량기업부,1852,2,-55,-2.88,1892,1900,1800,101803,189011008,58194253316,31422383,KSQ
1040,099520,KR7099520009,DGI,KOSDAQ,관리종목(소속부없음),1284,0,0,0.0,0,0,0,0,0,58141862016,45281824,KSQ
1041,048910,KR7048910004,대원미디어,KOSDAQ,우량기업부,4620,2,-30,-0.65,4585,4745,4510,18152,84390550,58114730520,12578946,KSQ
1042,025550,KR7025550005,한국선재,KOSDAQ,중견기업부,2275,1,20,0.89,2255,2325,2145,116556,259524752,58044359100,25514004,KSQ
1043,246960,KR7246960009,SCL사이언스,KOSDAQ,기술성장기업부,1705,2,-12,-0.7,1719,1719,1631,6480,10968217,57999065135,34017047,KSQ
1044,251630,KR7251630000,브이원텍,KOSDAQ,벤처기업부,3635,2,-220,-5.71,3895,3895,3615,27368,100548237,57952390610,15942886,KSQ
1045,003310,KR7003310000,대주산업,KOSDAQ,우량기업부,1630,2,-73,-4.29,1678,1685,1628,163145,269668926,57689530500,35392350,KSQ
1046,136410,KR7136410008,아셈스,KOSDAQ,벤처기업부,5220,2,-130,-2.43,5350,5400,5180,4652,24449720,57519733320,11019106,KSQ
1047,191420,KR7191420009,테고사이언스,KOSDAQ,벤처기업부,7090,2,-450,-5.97,7590,7590,7040,4804,34709950,57491633060,8108834,KSQ
1048,090410,KR7090410002,덕신이피씨,KOSDAQ,우량기업부,1245,1,179,16.79,1066,1349,925,12547414,15032272004,57374698275,46084095,KSQ
1049,205470,KR7205470008,휴마시스,KOSDAQ,중견기업부,2325,2,-45,-1.9,2355,2370,2260,11758,27270856,57369377325,24675001,KSQ
1050,008370,KR7008370009,원풍,KOSDAQ,우량기업부,4780,1,40,0.84,4740,4800,4735,5113,24275072,57360000000,12000000,KSQ
1051,097800,KR7097800007,윈팩,KOSDAQ,중견기업부,2100,2,-110,-4.98,2195,2200,2020,79230,165344525,57309094500,27290045,KSQ
1052,053620,KR7053620001,태양,KOSDAQ,우량기업부,6660,1,100,1.52,6560,6730,6530,1651,10891480,57276000000,8600000,KSQ
1053,185490,KR7185490000,아이진,KOSDAQ,벤처기업부,1320,2,-26,-1.93,1346,1374,1299,94602,125579534,57063314880,43229784,KSQ
1054,071670,KR7071670004,에이테크솔루션,KOSDAQ,중견기업부,5690,2,-490,-7.93,5940,5970,5660,101279,583130630,56900000000,10000000,KSQ
1055,100030,KR7100030006,인지소프트,KOSDAQ,중견기업부,17310,2,-650,-3.62,17510,17630,17010,1721,29743150,56841089340,3283714,KSQ
1056,215360,KR7215360009,우리산업,KOSDAQ,우량기업부,6200,2,-90,-1.43,6290,6310,5960,12168,74709530,56619410600,9132163,KSQ
1057,263690,KR7263690000,디알젬,KOSDAQ,우량기업부,4985,2,-55,-1.09,5000,5050,4880,11221,55812215,56458165850,11325610,KSQ
1058,950200,KR8840150005,소마젠,KOSDAQ,외국기업(소속부없음),2925,2,-385,-11.63,3310,3490,2830,140195,429577125,56265455025,19236053,KSQ
1059,155650,KR7155650005,와이엠씨,KOSDAQ,우량기업부,2965,2,-100,-3.26,3100,3165,2900,107251,318985222,56258971470,18974358,KSQ
1060,010470,KR7010470003,오리콤,KOSDAQ,우량기업부,4695,1,25,0.54,4675,4745,4560,15561,72954820,56222859750,11975050,KSQ
1061,007820,KR7007820004,엠엑스로보틱스,KOSDAQ,중견기업부,2800,2,-135,-4.6,2900,2950,2740,31203,88553720,56095048800,20033946,KSQ
1062,318160,KR7318160009,셀바이오휴먼텍,KOSDAQ,벤처기업부,6000,2,-10,-0.17,5970,6500,5880,52008,320672955,56025078000,9337513,KSQ
1063,039240,KR7039240007,경남스틸,KOSDAQ,우량기업부,2075,2,-15,-0.72,2090,2095,2010,72005,147735105,55982678300,26979604,KSQ
1064,033340,KR7033340001,좋은사람들,KOSDAQ,중견기업부,576,2,-10,-1.71,576,600,549,741761,423849272,55843521408,96950558,KSQ
1065,099220,KR7099220006,SDN,KOSDAQ,중견기업부,859,2,-58,-6.32,914,917,859,685890,602156322,55787196650,64944350,KSQ
1066,179530,KR7179530001,애드바이오텍,KOSDAQ,기술성장기업부,2070,2,-30,-1.43,2085,2095,2000,42475,86638490,55787118930,26950299,KSQ
1067,027050,KR7027050004,코리아나,KOSDAQ,중견기업부,1391,1,2,0.14,1377,1425,1343,69977,97663635,55640000000,40000000,KSQ
1068,463480,KR7463480004,모티브링크,KOSDAQ,중견기업부,4490,2,-155,-3.34,4610,4645,4460,11324,51186170,55632707420,12390358,KSQ
1069,054300,KR7054300009,팬스타엔터프라이즈,KOSDAQ,벤처기업부,961,1,57,6.31,873,998,861,283763,269980200,55613978145,57870945,KSQ
1070,299170,KR7299170001,더블유에스아이,KOSDAQ,중견기업부,1339,2,-45,-3.25,1396,1407,1264,205719,276772369,55583614632,41511288,KSQ
1071,040610,KR7040610008,SG&G,KOSDAQ,중견기업부,3260,2,-55,-1.66,3260,3375,3170,18556,61139281,55562129480,17043598,KSQ
1072,340930,KR7340930007,유일에너테크,KOSDAQ,관리종목(소속부없음),806,0,0,0.0,0,0,0,0,0,55513882710,68875785,KSQ
1073,104540,KR7104540000,코렌텍,KOSDAQ,기술성장기업부,4115,1,20,0.49,4095,4180,4000,16861,68820105,55171492150,13407410,KSQ
1074,042110,KR7042110007,에스씨디,KOSDAQ,우량기업부,1141,1,45,4.11,1097,1147,1085,237336,268237511,55144032524,48329564,KSQ
1075,053160,KR7053160008,프리엠스,KOSDAQ,중견기업부,9130,2,-60,-0.65,9140,9150,8840,15817,142687000,54780000000,6000000,KSQ
1076,217480,KR7217480003,에스디생명공학,KOSDAQ,투자주의환기종목(소속부없음),499,0,0,0.0,0,0,0,0,0,54756837359,109733141,KSQ
1077,082850,KR7082850009,우리바이오,KOSDAQ,중견기업부,1126,2,-24,-2.09,1140,1159,1112,56739,64161296,54562106828,48456578,KSQ
1078,060560,KR7060560000,HC홈센타,KOSDAQ,중견기업부,2145,2,-95,-4.24,2445,2445,2055,127875,283612258,54457262145,25388001,KSQ
1079,317830,KR7317830008,에스피시스템스,KOSDAQ,벤처기업부,5050,2,-270,-5.08,5240,5320,4955,76023,383897700,54407780900,10773818,KSQ
1080,033320,KR7033320003,제이씨현시스템,KOSDAQ,벤처기업부,2840,2,-90,-3.07,2905,2930,2785,29860,84764510,54284986880,19114432,KSQ
1081,067920,KR7067920009,이글루,KOSDAQ,우량기업부,4930,2,-100,-1.99,4985,5020,4845,33861,166736101,54210866670,10996119,KSQ
1082,092300,KR7092300003,현우산업,KOSDAQ,우량기업부,2690,2,-60,-2.18,2750,2770,2605,71367,191199544,54203152990,20149871,KSQ
1083,082210,KR7082210006,옵트론텍,KOSDAQ,중견기업부,1546,1,11,0.72,1670,1670,1450,120491,188392743,54053308180,34963330,KSQ
1084,263600,KR7263600009,덕우전자,KOSDAQ,중견기업부,3390,2,-140,-3.97,3480,3580,3250,33352,112688959,54003750900,15930310,KSQ
1085,038010,KR7038010005,제일테크노스,KOSDAQ,우량기업부,5990,2,-250,-4.01,6200,6200,5970,32168,193718040,53910000000,9000000,KSQ
1086,033310,KR7033310004,엠투엔,KOSDAQ,중견기업부,1347,2,-23,-1.68,1343,1380,1310,41722,55922373,53842898232,39972456,KSQ
1087,241790,KR7241790005,티이엠씨씨엔에스,KOSDAQ,우량기업부,5360,2,-550,-9.31,5810,5810,5280,320368,1737724625,53614118240,10002634,KSQ
1088,036120,KR7036120004,서울평가정보,KOSDAQ,중견기업부,1525,2,-8,-0.52,1511,1544,1511,37679,57551796,53596125000,35145000,KSQ
1089,050960,KR7050960004,수산아이앤티,KOSDAQ,벤처기업부,7930,3,0,0.0,7940,8150,7850,5032,40370450,53535430000,6751000,KSQ
1090,007370,KR7007370000,진양제약,KOSDAQ,우량기업부,3780,1,20,0.53,3730,3795,3675,13829,51517590,53428738860,14134587,KSQ
1091,054930,KR7054930003,유신,KOSDAQ,우량기업부,17730,1,130,0.74,17310,18600,17200,19929,355207030,53190000000,3000000,KSQ
1092,064240,KR7064240005,홈캐스트,KOSDAQ,벤처기업부,1533,2,-32,-2.04,1511,1579,1493,28566,43470721,53186286783,34694251,KSQ
1093,095270,KR7095270005,웨이브일렉트로,KOSDAQ,벤처기업부,3700,2,-100,-2.63,3800,3820,3610,27269,100918380,53177902200,14372406,KSQ
1094,065530,KR7065530008,와이어블,KOSDAQ,우량기업부,1111,2,-33,-2.88,1144,1147,1075,103214,113986910,53148861249,47838759,KSQ
1095,053050,KR7053050001,지에스이,KOSDAQ,우량기업부,1772,2,-10,-0.56,1782,1801,1722,37280,66132088,53138021884,29987597,KSQ
1096,384470,KR7384470001,코어라인소프트,KOSDAQ,기술성장기업부,2955,2,-55,-1.83,3095,3120,2910,38380,114956906,53032474860,17946692,KSQ
1097,064800,KR7064800006,포니링크,KOSDAQ,중견기업부,2070,2,-80,-3.72,2330,2330,2055,26186,54495555,52912220130,25561459,KSQ
1098,317850,KR7317850006,대모,KOSDAQ,벤처기업부,6350,1,70,1.11,6240,6440,6060,41999,263266080,52860067000,8324420,KSQ
1099,084650,KR7084650001,랩지노믹스,KOSDAQ,중견기업부,711,1,36,5.33,645,734,645,707182,491165523,52784632890,74239990,KSQ
1100,331380,KR7331380006,포커스에이아이,KOSDAQ,투자주의환기종목(소속부없음),1443,2,-32,-2.17,1575,1584,1440,8625,12685503,52757329638,36560866,KSQ
1101,024910,KR7024910002,경창산업,KOSDAQ,중견기업부,1464,2,-28,-1.88,1473,1500,1433,30952,45260473,52439023320,35819005,KSQ
1102,452400,KR7452400005,이닉스,KOSDAQ,우량기업부,5760,2,-40,-0.69,5800,5920,5570,4802,27402230,52251425280,9071428,KSQ
1103,045340,KR7045340007,토탈소프트,KOSDAQ,벤처기업부,6100,2,-110,-1.77,6210,6300,5960,18849,115681320,52204044000,8558040,KSQ
1104,027830,KR7027830009,대성창투,KOSDAQ,중견기업부,966,2,-21,-2.13,959,1000,940,227946,218343370,52164000000,54000000,KSQ
1105,347740,KR7347740003,피엔케이피부임상연구센타,KOSDAQ,벤처기업부,1737,1,4,0.23,1719,1742,1699,5711,9773641,52128370512,30010576,KSQ
1106,033230,KR7033230004,인성정보,KOSDAQ,중견기업부,1028,2,-40,-3.75,1068,1068,1016,137439,142247000,51929810640,50515380,KSQ
1107,163280,KR7163280001,에어레인,KOSDAQ,기술성장기업부,3805,2,-180,-4.52,3855,3945,3800,35095,135665019,51759711790,13603078,KSQ
1108,019990,KR7019990001,에너토크,KOSDAQ,중견기업부,5290,2,-160,-2.94,5380,5410,5090,33125,173248950,51609705520,9756088,KSQ
1109,321260,KR7321260002,프로이천,KOSDAQ,벤처기업부,1829,2,-160,-8.04,1969,1969,1818,219886,408121930,51563321636,28192084,KSQ
1110,096610,KR7096610001,알에프세미,KOSDAQ,투자주의환기종목(소속부없음),2965,0,0,0.0,0,0,0,0,0,51550708615,17386411,KSQ
1111,303360,KR7303360002,프로티아,KOSDAQ,기술성장기업부,4000,2,-30,-0.74,3965,4030,3880,4497,17805745,51518860000,12879715,KSQ
1112,056360,KR7056360001,코위버,KOSDAQ,벤처기업부,5240,2,-530,-9.19,5750,5750,5220,65018,346133890,51335232000,9796800,KSQ
1113,053270,KR7053270005,구영테크,KOSDAQ,우량기업부,1869,1,9,0.48,1821,1879,1795,53586,97589993,51230046945,27410405,KSQ
1114,145170,KR7145170007,노브랜드,KOSDAQ,중견기업부,3025,2,-60,-1.94,3090,3120,2950,17714,53451465,51147925125,16908405,KSQ
1115,063440,KR7063440002,SM Life Design,KOSDAQ,중견기업부,1128,2,-4,-0.35,1131,1138,1106,98282,110686009,51120242592,45319364,KSQ
1116,033540,KR7033540006,파라텍,KOSDAQ,중견기업부,977,1,18,1.88,964,990,950,386760,378000579,51044665387,52246331,KSQ
1117,260930,KR7260930003,씨티케이,KOSDAQ,중견기업부,2630,1,30,1.15,2580,2675,2500,12323,32071897,50868384330,19341591,KSQ
1118,391710,KR7391710001,코닉오토메이션,KOSDAQ,벤처기업부,1192,2,-72,-5.7,1292,1292,1192,69737,85048353,50803600240,42620470,KSQ
1119,081180,KR7081180002,쎄크,KOSDAQ,기술성장기업부,5750,2,-330,-5.43,5870,5990,5700,28945,168364450,50746826250,8825535,KSQ
1120,192250,KR7192250009,케이사인,KOSDAQ,벤처기업부,7180,2,-240,-3.23,7360,7410,6940,20568,149104150,50741957500,7067125,KSQ
1121,262260,KR7262260003,에이프로,KOSDAQ,우량기업부,3365,2,-220,-6.14,3630,3645,3335,68656,235645150,50736325900,15077660,KSQ
1122,278650,KR7278650007,HLB바이오스텝,KOSDAQ,중견기업부,2900,2,-5,-0.17,2820,2965,2820,17681,51180211,50553948400,17432396,KSQ
1123,037950,KR7037950003,엘컴텍,KOSDAQ,중견기업부,2990,2,-45,-1.48,3010,3150,2780,22149,67143790,50499613970,16889503,KSQ
1124,229000,KR7229000005,젠큐릭스,KOSDAQ,기술성장기업부,2155,2,-20,-0.92,2160,2200,2055,118032,249239605,50487695575,23428165,KSQ
1125,393970,KR7393970009,대진첨단소재,KOSDAQ,관리종목(소속부없음),2825,0,0,0.0,0,0,0,0,0,50428566500,17850820,KSQ
1126,0013V0,KR70013V0002,삼진식품,KOSDAQ,중견기업부,5070,1,30,0.6,4960,5280,4905,17750,90199619,50287585920,9918656,KSQ
1127,134580,KR7134580000,탑코미디어,KOSDAQ,중견기업부,1019,2,-23,-2.21,1042,1100,999,27856,28759324,50230737831,49294149,KSQ
1128,147760,KR7147760003,피엠티,KOSDAQ,벤처기업부,4620,2,-380,-7.6,5000,5000,4445,143421,672803417,49987780920,10819866,KSQ
1129,053450,KR7053450003,세코닉스,KOSDAQ,우량기업부,3370,2,-125,-3.58,3470,3500,3300,35693,119803640,49851746110,14792803,KSQ
1130,057540,KR7057540007,옴니시스템,KOSDAQ,중견기업부,839,2,-9,-1.06,850,881,829,348471,296941258,49831790852,59394268,KSQ
1131,291650,KR7291650000,압타머사이언스,KOSDAQ,기술성장기업부,816,2,-34,-4.0,827,899,805,41461,35544939,49808021472,61039242,KSQ
1132,170790,KR7170790000,파이오링크,KOSDAQ,우량기업부,7780,2,-120,-1.52,7880,7880,7570,7468,57197630,49771266300,6397335,KSQ
1133,256630,KR7256630005,포인트엔지니어링,KOSDAQ,벤처기업부,4290,2,-170,-3.81,4395,4460,4270,1314,5707225,49761486060,11599414,KSQ
1134,294140,KR7294140009,레몬,KOSDAQ,관리종목(소속부없음),2220,2,-80,-3.48,2080,2355,2080,24084,52331336,49760895960,22414818,KSQ
1135,088280,KR7088280003,쏘닉스,KOSDAQ,기술성장기업부,2865,2,-325,-10.19,3015,3165,2855,82495,244433067,49583093850,17306490,KSQ
1136,317690,KR7317690006,퀀타매트릭스,KOSDAQ,기술성장기업부,2460,2,-120,-4.65,2580,2670,2410,26477,66320715,49532171340,20135029,KSQ
1137,461030,KR7461030009,아이엠비디엑스,KOSDAQ,기술성장기업부,3455,2,-140,-3.89,3425,3600,3395,13993,48617814,49525756235,14334517,KSQ
1138,471820,KR7471820001,셀로맥스사이언스,KOSDAQ,벤처기업부,4380,2,-70,-1.57,4435,4535,4270,3121,13671290,49506610020,11302879,KSQ
1139,122310,KR7122310006,제노레이,KOSDAQ,우량기업부,3395,2,-25,-0.73,3395,3440,3355,3347,11326610,49410300380,14553844,KSQ
1140,199550,KR7199550005,레이저옵텍,KOSDAQ,벤처기업부,3315,2,-150,-4.33,3535,3535,3310,11061,37418080,49213797165,14845791,KSQ
1141,052790,KR7052790003,액토즈소프트,KOSDAQ,중견기업부,4500,2,-350,-7.22,4835,4930,4355,74976,345015655,49160461500,10924547,KSQ
1142,420570,KR7420570004,제이투케이바이오,KOSDAQ,벤처기업부,8310,1,260,3.23,7450,8780,7450,46277,390410645,48592583730,5847483,KSQ
1143,123010,KR7123010001,알엔티엑스,KOSDAQ,기술성장기업부,1396,2,-244,-14.88,1591,1608,1345,777337,1126795492,48577638060,34797735,KSQ
1144,015710,KR7015710007,코콤,KOSDAQ,우량기업부,2770,2,-65,-2.29,2795,2875,2720,4681,13154000,48559485000,17530500,KSQ
1145,048770,KR7048770002,TPC로보틱스,KOSDAQ,벤처기업부,3090,2,-135,-4.19,3215,3215,2995,89048,274221889,48506792190,15697991,KSQ
1146,026910,KR7026910000,광진실업,KOSDAQ,중견기업부,6490,1,1490,29.8,5200,6500,5030,1050843,6513567100,48193532860,7425814,KSQ
1147,440290,KR7440290005,HB인베스트먼트,KOSDAQ,중견기업부,1747,2,-1,-0.06,1748,1775,1733,24162,42276925,48053733210,27506430,KSQ
1148,109080,KR7109080002,옵티시스,KOSDAQ,벤처기업부,8520,2,-520,-5.75,9000,9000,8320,25439,217229510,48018720000,5636000,KSQ
1149,270520,KR7270520000,앱튼,KOSDAQ,투자주의환기종목(소속부없음),2440,2,-70,-2.79,2700,2790,2150,968619,2463660032,47967750160,19658914,KSQ
1150,053980,KR7053980009,오상자이엘,KOSDAQ,우량기업부,2525,2,-5,-0.2,2525,2545,2505,12891,32561727,47931527075,18982783,KSQ
1151,082660,KR7082660002,코스나인,KOSDAQ,관리종목(소속부없음),480,0,0,0.0,0,0,0,0,0,47827617120,99640869,KSQ
1152,238120,KR7238120000,얼라인드,KOSDAQ,기술성장기업부,3325,2,-240,-6.73,3540,3540,3305,4627,15784735,47809829200,14378896,KSQ
1153,352910,KR7352910004,오비고,KOSDAQ,기술성장기업부,3775,1,40,1.07,3750,4000,3690,7097,26722105,47707702550,12637802,KSQ
1154,314140,KR7314140005,알피바이오,KOSDAQ,우량기업부,5500,1,100,1.85,5460,5550,5140,7714,41290310,47664985500,8666361,KSQ
1155,418250,KR7418250007,시큐레터,KOSDAQ,관리종목(소속부없음),6550,0,0,0.0,0,0,0,0,0,47629012750,7271605,KSQ
1156,178780,KR7178780003,일월지엠엘,KOSDAQ,벤처기업부,2550,1,10,0.39,2500,2585,2365,6708,16763605,47529947250,18639195,KSQ
1157,435570,KR7435570007,에르코스,KOSDAQ,벤처기업부,6230,2,-370,-5.61,6600,6600,6110,11143,69571480,47453804090,7616983,KSQ
1158,276730,KR7276730009,한울앤제주,KOSDAQ,투자주의환기종목(소속부없음),20600,2,-1600,-7.21,23500,23700,20000,44250,985703450,47065005400,2284709,KSQ
1159,065130,KR7065130007,탑엔지니어링,KOSDAQ,중견기업부,2940,2,-145,-4.7,3080,3080,2905,28031,83158659,47051760000,16004000,KSQ
1160,023440,KR7023440001,제이스코홀딩스,KOSDAQ,관리종목(소속부없음),521,0,0,0.0,0,0,0,0,0,46964378481,90142761,KSQ
1161,479960,KR7479960007,위너스일렉,KOSDAQ,중견기업부,6560,2,-110,-1.65,6670,6690,6360,3741,24462470,46746560000,7126000,KSQ
1162,066670,KR7066670001,디티씨,KOSDAQ,중견기업부,2500,2,-80,-3.1,2580,2685,2500,4911,12375830,46729795000,18691918,KSQ
1163,051390,KR7051390003,YW,KOSDAQ,중견기업부,4100,3,0,0.0,4015,4100,4010,353,1431230,46557008800,11355368,KSQ
1164,222420,KR7222420002,쎄노텍,KOSDAQ,벤처기업부,959,2,-46,-4.58,1038,1038,943,175267,167613605,46433363557,48418523,KSQ
1165,089790,KR7089790000,제이티,KOSDAQ,벤처기업부,4500,2,-265,-5.56,4720,4850,4330,306169,1410759452,46419808500,10315513,KSQ
1166,094940,KR7094940004,푸른로보틱스,KOSDAQ,벤처기업부,5550,2,-330,-5.61,5820,5880,5510,44817,252435530,46405692300,8361386,KSQ
1167,072990,KR7072990005,에이치시티,KOSDAQ,우량기업부,3200,2,-180,-5.33,3440,3440,3165,37647,120719255,46394259200,14498206,KSQ
1168,104200,KR7104200001,NHN벅스,KOSDAQ,중견기업부,3120,1,5,0.16,3170,3170,3020,25540,78687190,46261956000,14827550,KSQ
1169,382150,KR7382150001,온코크로스,KOSDAQ,기술성장기업부,3775,1,5,0.13,3540,3875,3540,19844,73162515,46039737675,12195957,KSQ
1170,460470,KR7460470008,아이빔테크놀로지,KOSDAQ,기술성장기업부,3045,2,-65,-2.09,3110,3220,3040,14290,44369845,46038481650,15119370,KSQ
1171,189690,KR7189690001,포시에스,KOSDAQ,벤처기업부,1677,2,-58,-3.34,1720,1735,1646,38342,63908175,45818942013,27321969,KSQ
1172,217500,KR7217500008,러셀,KOSDAQ,벤처기업부,1440,2,-94,-6.13,1534,1535,1437,121518,178004464,45809280000,31812000,KSQ
1173,198080,KR7198080004,캐프,KOSDAQ,우량기업부,2125,2,-125,-5.56,2240,2240,2125,94716,205143490,45762268125,21535185,KSQ
1174,049080,KR7049080005,기가레인,KOSDAQ,벤처기업부,5390,2,-860,-13.76,6110,6190,5370,238924,1335944780,45752120260,8488334,KSQ
1175,900250,KYG2115T1076,크리스탈신소재,KOSDAQ,외국기업(소속부없음),1277,2,-46,-3.48,1369,1369,1264,82807,107477689,45735756277,35815001,KSQ
1176,072470,KR7072470008,우리산업홀딩스,KOSDAQ,중견기업부,2420,2,-5,-0.21,2425,2485,2320,19060,45596229,45707365220,18887341,KSQ
1177,376290,KR7376290003,씨유테크,KOSDAQ,벤처기업부,2585,1,40,1.57,2610,2630,2495,17893,46512210,45644637500,17657500,KSQ
1178,099410,KR7099410003,동방선기,KOSDAQ,벤처기업부,3255,2,-70,-2.11,3325,3340,3185,79225,259080900,45570000000,14000000,KSQ
1179,052220,KR7052220001,iMBC,KOSDAQ,중견기업부,1973,2,-32,-1.6,2005,2045,1955,13789,27244528,45379000000,23000000,KSQ
1180,373160,KR7373160001,데이원컴퍼니,KOSDAQ,기술성장기업부,3270,2,-10,-0.3,3550,3550,3100,4511,14855895,45150423630,13807469,KSQ
1181,189980,KR7189980006,흥국에프엔비,KOSDAQ,우량기업부,1123,2,-21,-1.84,1144,1146,1095,24094,27255887,45074779721,40137827,KSQ
1182,315640,KR7315640003,딥노이드,KOSDAQ,기술성장기업부,1533,2,-83,-5.14,1523,1613,1523,125442,194430926,45027631656,29372232,KSQ
1183,143540,KR7143540003,영우디에스피,KOSDAQ,벤처기업부,1007,2,-61,-5.71,1068,1068,1003,77909,79276951,44912094265,44599895,KSQ
1184,068330,KR7068330000,일신바이오,KOSDAQ,중견기업부,1008,1,2,0.2,1050,1050,977,40177,40430187,44569869120,44216140,KSQ
1185,094970,KR7094970001,제이엠티,KOSDAQ,벤처기업부,2660,2,-70,-2.56,2695,2725,2630,92481,246190836,44550318400,16748240,KSQ
1186,317530,KR7317530004,에피소드컴퍼니,KOSDAQ,기술성장기업부,2545,1,195,8.3,2175,2655,2175,12628,29924880,44524474690,17494882,KSQ
1187,002290,KR7002290005,삼일기업공사,KOSDAQ,우량기업부,3570,1,85,2.44,3485,3650,3405,57101,201299865,44268000000,12400000,KSQ
1188,007530,KR7007530009,와이엠,KOSDAQ,중견기업부,1989,2,-11,-0.55,1985,2045,1985,10704,21403823,44263665459,22254231,KSQ
1189,288330,KR7288330004,파라택시스코리아,KOSDAQ,관리종목(소속부없음),416,0,0,0.0,0,0,0,0,0,44129674368,106080948,KSQ
1190,073110,KR7073110009,엘엠에스,KOSDAQ,벤처기업부,4925,2,-485,-8.96,5300,5310,4915,29187,148516675,43811593375,8895755,KSQ
1191,014190,KR7014190003,원익큐브,KOSDAQ,우량기업부,1237,2,-1,-0.08,1238,1304,1195,57307,70580313,43783702827,35395071,KSQ
1192,277070,KR7277070009,린드먼아시아,KOSDAQ,중견기업부,3195,2,-20,-0.62,3170,3245,3100,1422,4562695,43745940000,13692000,KSQ
1193,340360,KR7340360007,다보링크,KOSDAQ,투자주의환기종목(소속부없음),837,5,-358,-29.96,1195,1210,837,5208900,4476004142,43576540164,52062772,KSQ
1194,190650,KR7190650002,코리아에셋투자증권,KOSDAQ,우량기업부,6810,2,-960,-12.36,7100,7140,6770,48217,333331175,43502280000,6388000,KSQ
1195,056700,KR7056700008,신화인터텍,KOSDAQ,중견기업부,1491,2,-34,-2.23,1525,1525,1490,12252,18364663,43440420681,29135091,KSQ
1196,273060,KR7273060004,와이즈버즈,KOSDAQ,중견기업부,860,2,-12,-1.38,865,870,815,79211,67447107,43395240520,50459582,KSQ
1197,450330,KR7450330006,하스,KOSDAQ,기술성장기업부,5300,1,40,0.76,5280,5340,5130,9107,47710210,43390267900,8186843,KSQ
1198,159580,KR7159580000,제로투세븐,KOSDAQ,중견기업부,2165,2,-5,-0.23,2170,2200,2100,21568,46535200,43370656940,20032636,KSQ
1199,460870,KR7460870009,에스엠씨지,KOSDAQ,벤처기업부,2155,2,-135,-5.9,2275,2275,2150,19383,42266760,43257970120,20073304,KSQ
1200,290670,KR7290670009,대보마그네틱,KOSDAQ,중견기업부,5500,2,-200,-3.51,5700,5700,5200,35695,193291740,43217130000,7857660,KSQ
1201,950220,KR8840140006,네오이뮨텍,KOSDAQ,기술성장기업부,1285,2,-76,-5.58,1361,1366,1260,148911,192778086,43083325800,33527880,KSQ
1202,037330,KR7037330008,인지디스플레,KOSDAQ,우량기업부,980,2,-45,-4.39,1025,1050,980,31639,31638283,43007519520,43885224,KSQ
1203,104040,KR7104040001,디에스엠,KOSDAQ,벤처기업부,1590,2,-35,-2.15,1620,1670,1545,16243,25778580,42633568350,26813565,KSQ
1204,299900,KR7299900001,위지윅스튜디오,KOSDAQ,중견기업부,249,1,3,1.22,226,261,226,115931,28376707,42591172116,171048884,KSQ
1205,413640,KR7413640004,비아이매트릭스,KOSDAQ,벤처기업부,5890,2,-220,-3.6,6110,6110,5750,9944,58603610,42448876600,7206940,KSQ
1206,066130,KR7066130006,하츠,KOSDAQ,우량기업부,3315,1,40,1.22,3305,3335,3170,11811,38595105,42432000000,12800000,KSQ
1207,006920,KR7006920003,모헨즈,KOSDAQ,중견기업부,3880,2,-280,-6.73,3950,4355,3855,680709,2776693478,42369600000,10920000,KSQ
1208,299660,KR7299660001,셀리드,KOSDAQ,기술성장기업부,1435,2,-99,-6.45,1501,1570,1422,349861,507752850,42336771995,29502977,KSQ
1209,263700,KR7263700007,케어랩스,KOSDAQ,중견기업부,2175,1,115,5.58,2060,2215,2035,35235,75618850,42225885000,19414200,KSQ
1210,052460,KR7052460003,아이크래프트,KOSDAQ,벤처기업부,2890,1,20,0.7,2920,3000,2870,76927,224581913,42216935040,14607936,KSQ
1211,261520,KR7261520001,이지스,KOSDAQ,기술성장기업부,4090,2,-115,-2.73,4115,4365,4010,16612,69284425,42036202000,10277800,KSQ
1212,177900,KR7177900008,쓰리에이로직스,KOSDAQ,기술성장기업부,4355,2,-260,-5.63,4610,4670,4310,53179,234604305,41928198000,9627600,KSQ
1213,024950,KR7024950008,삼천리자전거,KOSDAQ,중견기업부,3360,1,65,1.97,3295,3400,3195,25890,85301725,41664000000,12400000,KSQ
1214,189860,KR7189860000,서전기전,KOSDAQ,벤처기업부,4295,2,-415,-8.81,4690,4690,4280,148475,652457414,41656260100,9698780,KSQ
1215,100660,KR7100660000,서암기계공업,KOSDAQ,중견기업부,3305,2,-155,-4.48,3430,3500,3290,199492,663778125,41643000000,12600000,KSQ
1216,224110,KR7224110007,에이텍모빌리티,KOSDAQ,벤처기업부,8180,1,80,0.99,8080,8270,7920,7484,60169900,41557557480,5080386,KSQ
1217,466410,KR7466410008,사이냅소프트,KOSDAQ,벤처기업부,8240,2,-180,-2.14,8480,8480,8110,5006,41392075,41505069520,5037023,KSQ
1218,258610,KR7258610005,케일럼,KOSDAQ,중견기업부,1137,2,-1,-0.09,1150,1150,1080,29605,33053901,41483516631,36485063,KSQ
1219,237820,KR7237820006,플레이디,KOSDAQ,중견기업부,3225,1,10,0.31,3140,3230,3115,7570,24124170,41367526500,12827140,KSQ
1220,219420,KR7219420007,링크제니시스,KOSDAQ,기술성장기업부,3605,2,-180,-4.76,3755,3760,3470,34363,125054740,41347572735,11469507,KSQ
1221,060850,KR7060850005,영림원소프트랩,KOSDAQ,벤처기업부,5080,2,-110,-2.12,5200,5200,5080,2078,10641420,41305480000,8131000,KSQ
1222,355690,KR7355690009,에이텀,KOSDAQ,기술성장기업부,4390,2,-370,-7.77,4720,4720,4370,79461,356860242,41287862200,9404980,KSQ
1223,037230,KR7037230000,한국팩키지,KOSDAQ,우량기업부,1385,2,-32,-2.26,1372,1417,1353,22669,31393814,41273452895,29800327,KSQ
1224,065440,KR7065440000,이루온,KOSDAQ,벤처기업부,1513,2,-128,-7.8,1627,1629,1502,214957,327777415,41267105260,27275020,KSQ
1225,129890,KR7129890000,앱코,KOSDAQ,벤처기업부,905,1,5,0.56,890,929,883,234261,211523304,41218769810,45545602,KSQ
1226,196300,KR7196300008,HLB펩,KOSDAQ,관리종목(소속부없음),4390,2,-170,-3.73,4555,4555,4300,13327,58528635,41162567210,9376439,KSQ
1227,196450,KR7196450001,코아시아씨엠,KOSDAQ,중견기업부,907,1,47,5.47,860,958,813,282161,252584014,41104860874,45319582,KSQ
1228,227950,KR7227950003,엔투텍,KOSDAQ,벤처기업부,1191,1,16,1.36,1150,1224,1111,66525,78081896,41099276919,34508209,KSQ
1229,219550,KR7219550001,디와이디,KOSDAQ,관리종목(소속부없음),1058,1,2,0.19,1060,1069,1001,20003,20699535,40916304848,38673256,KSQ
1230,424980,KR7424980001,마이크로투나노,KOSDAQ,기술성장기업부,6880,2,-1120,-14.0,7800,7810,6830,48338,340598920,40721963200,5918890,KSQ
1231,025880,KR7025880006,케이씨피드,KOSDAQ,우량기업부,2435,1,15,0.62,2420,2450,2395,23481,56832336,40703114230,16715858,KSQ
1232,038070,KR7038070009,서린바이오,KOSDAQ,중견기업부,4370,2,-10,-0.23,4235,4510,4235,12048,52136700,40643954120,9300676,KSQ
1233,369370,KR7369370002,블리츠웨이엔터테인먼트,KOSDAQ,벤처기업부,814,1,3,0.37,860,860,802,18176,15045835,40595735554,49871911,KSQ
1234,140520,KR7140520008,대창스틸,KOSDAQ,중견기업부,1917,2,-21,-1.08,1906,1937,1906,2441,4702211,40466418831,21109243,KSQ
1235,261200,KR7261200000,덴티스,KOSDAQ,중견기업부,2555,2,-50,-1.92,2510,2630,2480,6101,15570830,40393783500,15809700,KSQ
1236,270870,KR7270870009,뉴트리,KOSDAQ,중견기업부,4390,1,10,0.23,4325,4400,4080,5630,24246625,40388983360,9200224,KSQ
1237,153460,KR7153460001,네이블,KOSDAQ,중견기업부,6170,1,70,1.15,6090,6490,6060,7907,48659370,40290186380,6530014,KSQ
1238,263020,KR7263020000,디케이앤디,KOSDAQ,벤처기업부,2910,2,-15,-0.51,2930,3015,2880,48519,143513395,40263184860,13836146,KSQ
1239,122690,KR7122690001,서진오토모티브,KOSDAQ,중견기업부,1735,1,7,0.41,1728,1766,1650,41537,70911017,40042353010,23079166,KSQ
1240,033830,KR7033830001,티비씨,KOSDAQ,중견기업부,400,0,0,0.0,0,0,0,0,0,40000000000,100000000,KSQ
1241,123570,KR7123570004,이엠넷,KOSDAQ,중견기업부,1792,1,2,0.11,1793,1793,1790,10413,18660316,39918731776,22276078,KSQ
1242,360350,KR7360350003,코셈,KOSDAQ,기술성장기업부,6940,2,-60,-0.86,6950,7040,6640,4114,28052875,39821511800,5737970,KSQ
1243,066900,KR7066900002,디에이피,KOSDAQ,관리종목(소속부없음),1750,2,-58,-3.21,1808,1808,1724,8101,14487834,39802880250,22744503,KSQ
1244,065500,KR7065500001,오리엔트정공,KOSDAQ,중견기업부,1197,2,-3,-0.25,1190,1219,1161,85339,102260688,39791765664,33242912,KSQ
1245,064090,KR7064090004,인크레더블버즈,KOSDAQ,관리종목(소속부없음),798,0,0,0.0,0,0,0,0,0,39694710510,49742745,KSQ
1246,049830,KR7049830003,승일,KOSDAQ,중견기업부,6470,3,0,0.0,6470,6650,6420,351,2267600,39674764640,6132112,KSQ
1247,215380,KR7215380007,우정바이오,KOSDAQ,벤처기업부,2355,2,-65,-2.69,2350,2520,2320,25173,59784848,39633651480,16829576,KSQ
1248,050860,KR7050860006,아세아텍,KOSDAQ,우량기업부,1758,2,-54,-2.98,1794,1835,1748,42811,75676973,39555000000,22500000,KSQ
1249,246690,KR7246690002,TS인베스트먼트,KOSDAQ,중견기업부,1660,2,-8,-0.48,1590,1699,1550,308735,500374413,39471768840,23778174,KSQ
1250,221980,KR7221980006,케이디켐,KOSDAQ,우량기업부,9780,2,-20,-0.2,9770,9800,9770,85,831410,39460344000,4034800,KSQ
1251,452200,KR7452200009,민테크,KOSDAQ,기술성장기업부,1625,2,-85,-4.97,1710,1790,1599,121479,201184591,39378300000,24232800,KSQ
1252,033170,KR7033170002,시그네틱스,KOSDAQ,중견기업부,458,2,-74,-13.91,532,532,458,423339,204455345,39263570102,85728319,KSQ
1253,297570,KR7297570004,알로이스,KOSDAQ,벤처기업부,1132,2,-97,-7.89,1181,1181,1131,103409,119114520,39191218776,34621218,KSQ
1254,305090,KR7305090003,마이크로디지탈,KOSDAQ,기술성장기업부,2100,2,-160,-7.08,2260,2260,2095,42390,90927860,39103787100,18620851,KSQ
1255,419080,KR7419080007,엔젯,KOSDAQ,기술성장기업부,3605,2,-125,-3.35,3720,3980,3500,17626,64221765,39024618885,10825137,KSQ
1256,171010,KR7171010002,램테크놀러지,KOSDAQ,벤처기업부,2710,2,-150,-5.24,2870,2870,2680,26460,72132320,38749617920,14298752,KSQ
1257,307280,KR7307280008,원바이오젠,KOSDAQ,벤처기업부,5460,2,-70,-1.27,5310,5550,5250,9294,50403040,38736663420,7094627,KSQ
1258,051490,KR7051490001,나라엠앤디,KOSDAQ,우량기업부,2725,1,10,0.37,2680,2765,2655,10197,27682590,38695000000,14200000,KSQ
1259,097870,KR7097870000,효성오앤비,KOSDAQ,중견기업부,4555,2,-115,-2.46,4670,4670,4510,11911,54262160,38671950000,8490000,KSQ
1260,050120,KR7050120005,ES큐브,KOSDAQ,중견기업부,2845,1,50,1.79,2795,2845,2770,5228,14666295,38589824670,13564086,KSQ
1261,127980,KR7127980001,화인써키트,KOSDAQ,중견기업부,3250,2,-110,-3.27,3305,3390,3230,8625,28251745,38482223000,11840684,KSQ
1262,032960,KR7032960007,동일기연,KOSDAQ,관리종목(소속부없음),10900,0,0,0.0,0,0,0,0,0,38352685500,3518595,KSQ
1263,419120,KR7419120001,산돌,KOSDAQ,중견기업부,2680,1,10,0.37,2645,2760,2590,8522,22632945,38117878520,14223089,KSQ
1264,263810,KR7263810004,상신전자,KOSDAQ,중견기업부,2390,2,-90,-3.63,2475,2475,2375,49765,119628500,38060331750,15924825,KSQ
1265,044480,KR7044480002,빌리언스,KOSDAQ,중견기업부,1142,1,52,4.77,1095,1188,1040,390870,436503418,37972546072,33250916,KSQ
1266,256150,KR7256150004,한독크린텍,KOSDAQ,벤처기업부,4520,1,95,2.15,4440,4545,4360,11686,51822545,37945400000,8395000,KSQ
1267,250000,KR7250000007,보라티알,KOSDAQ,우량기업부,5620,1,70,1.26,5550,5650,5410,5219,29182420,37939119460,6750733,KSQ
1268,321820,KR7321820003,아티스트컴퍼니,KOSDAQ,기술성장기업부,2430,2,-85,-3.38,2495,2560,2395,73753,180509827,37887043680,15591376,KSQ
1269,207760,KR7207760000,미스터블루,KOSDAQ,중견기업부,456,1,1,0.22,455,466,432,71902,32565912,37884381048,83079783,KSQ
1270,127710,KR7127710002,아시아경제,KOSDAQ,중견기업부,859,2,-24,-2.72,866,928,838,14003,12080082,37838271390,44049210,KSQ
1271,393210,KR7393210000,토마토시스템,KOSDAQ,기술성장기업부,2420,2,-100,-3.97,2520,2600,2370,53836,132999975,37787196480,15614544,KSQ
1272,043340,KR7043340009,에쎈테크,KOSDAQ,중견기업부,793,1,9,1.15,784,804,761,30616,24160156,37667500000,47500000,KSQ
1273,408900,KR7408900009,스튜디오미르,KOSDAQ,중견기업부,1148,2,-20,-1.71,1158,1185,1100,55216,63706793,37600362492,32752929,KSQ
1274,290120,KR7290120005,DH오토리드,KOSDAQ,중견기업부,2375,2,-80,-3.26,2335,2425,2335,13327,31681795,37584795375,15825177,KSQ
1275,038060,KR7038060000,루멘스,KOSDAQ,중견기업부,780,2,-29,-3.58,848,848,777,104395,81992161,37520393820,48103069,KSQ
1276,317870,KR7317870004,엔바이오니아,KOSDAQ,기술성장기업부,4235,2,-285,-6.31,4520,4840,4235,7399,32783155,37445425325,8841895,KSQ
1277,263920,KR7263920001,휴엠앤씨,KOSDAQ,중견기업부,3815,1,90,2.42,3705,3815,3500,15521,58160615,37421434190,9809026,KSQ
1278,226330,KR7226330009,신테카바이오,KOSDAQ,기술성장기업부,1542,2,-31,-1.97,1510,1588,1502,36986,57109814,37406568450,24258475,KSQ
1279,044960,KR7044960003,이글벳,KOSDAQ,중견기업부,2950,2,-10,-0.34,2930,2965,2905,10774,31511800,37293554850,12641883,KSQ
1280,014570,KR7014570006,고려제약,KOSDAQ,중견기업부,3390,1,20,0.59,3345,3390,3325,5028,16951560,37290000000,11000000,KSQ
1281,0010V0,KR70010V0005,제이피아이헬스케어,KOSDAQ,벤처기업부,7300,2,-60,-0.82,7330,7400,6990,4236,30584570,37269420000,5105400,KSQ
1282,260660,KR7260660006,알리코제약,KOSDAQ,중견기업부,2430,2,-90,-3.57,2410,2510,2410,9920,24262070,37244661030,15327021,KSQ
1283,017000,KR7017000001,신원종합개발,KOSDAQ,우량기업부,3190,4,735,29.94,2390,3190,2390,4792621,14423421712,37221006130,11668027,KSQ
1284,221840,KR7221840002,하이즈항공,KOSDAQ,중견기업부,1985,1,46,2.37,1941,2030,1903,8126,15943071,37120613585,18700561,KSQ
1285,086060,KR7086060001,진바이오텍,KOSDAQ,중견기업부,4305,2,-75,-1.71,4370,4370,4210,8089,34574850,37068577035,8610587,KSQ
1286,361570,KR7361570005,알비더블유,KOSDAQ,중견기업부,1284,2,-78,-5.73,1286,1308,1271,76318,97805817,36906385644,28743291,KSQ
1287,204020,KR7204020002,그리티,KOSDAQ,우량기업부,1897,1,6,0.32,1840,1911,1834,10343,19199330,36898228304,19450832,KSQ
1288,263770,KR7263770000,유에스티,KOSDAQ,우량기업부,1553,2,-47,-2.94,1650,1650,1543,2072,3253233,36806367116,23700172,KSQ
1289,089140,KR7089140008,넥스턴앤롤코리아,KOSDAQ,벤처기업부,2390,2,-250,-9.47,2615,2630,2390,136338,337903595,36605799260,15316234,KSQ
1290,114450,KR7114450000,그린생명과학,KOSDAQ,벤처기업부,1829,2,-23,-1.24,1848,1888,1813,93023,171488061,36580000000,20000000,KSQ
1291,465480,KR7465480002,인스피언,KOSDAQ,벤처기업부,3605,2,-145,-3.87,3750,3825,3565,9898,35816765,36546668060,10137772,KSQ
1292,045060,KR7045060001,오공,KOSDAQ,우량기업부,2155,2,-45,-2.05,2180,2185,2140,17100,36932495,36509953970,16941974,KSQ
1293,128540,KR7128540002,에코캡,KOSDAQ,우량기업부,1366,2,-30,-2.15,1403,1403,1300,121909,160732523,36459168360,26690460,KSQ
1294,105760,KR7105760003,포스뱅크,KOSDAQ,우량기업부,3575,2,-80,-2.19,3625,3655,3520,10294,36857020,36432421025,10190887,KSQ
1295,288980,KR7288980006,모아데이타,KOSDAQ,기술성장기업부,999,1,115,13.01,950,1050,900,1004982,991592288,36344997621,36381379,KSQ
1296,203450,KR7203450002,유니온바이오메트릭스,KOSDAQ,벤처기업부,2580,2,-80,-3.01,2665,2755,2535,8493,21903690,36323838060,14079007,KSQ
1297,020180,KR7020180006,대신정보통신,KOSDAQ,중견기업부,939,2,-34,-3.49,970,970,911,230652,214400597,36084751185,38428915,KSQ
1298,284620,KR7284620002,카이노스메드,KOSDAQ,투자주의환기종목(소속부없음),1087,0,0,0.0,0,0,0,0,0,35965517911,33086953,KSQ
1299,043910,KR7043910009,자연과환경,KOSDAQ,벤처기업부,3170,2,-140,-4.23,3285,3360,3150,33366,108875955,35945089650,11339145,KSQ
1300,081580,KR7081580003,성우전자,KOSDAQ,중견기업부,2315,2,-40,-1.7,2315,2335,2270,48627,112147230,35901351045,15508143,KSQ
1301,239890,KR7239890007,피엔에이치테크,KOSDAQ,기술성장기업부,3605,2,-145,-3.87,3625,3755,3545,22082,79934863,35818396775,9935755,KSQ
1302,288620,KR7288620008,에스프리즘,KOSDAQ,벤처기업부,5130,2,-300,-5.52,5430,5430,5000,8681,44285330,35803891080,6979316,KSQ
1303,376930,KR7376930004,노을,KOSDAQ,기술성장기업부,697,2,-46,-6.19,741,741,695,194376,136984320,35750052131,51291323,KSQ
1304,068940,KR7068940006,셀피글로벌,KOSDAQ,관리종목(소속부없음),778,0,0,0.0,0,0,0,0,0,35720093048,45912716,KSQ
1305,348080,KR7348080003,큐라티스,KOSDAQ,중견기업부,309,0,0,0.0,0,0,0,0,0,35673982329,115449781,KSQ
1306,218150,KR7218150001,미래생명자원,KOSDAQ,벤처기업부,1747,2,-33,-1.85,1760,1782,1702,45341,78620169,35666406094,20415802,KSQ
1307,025440,KR7025440009,DH오토웨어,KOSDAQ,투자주의환기종목(소속부없음),730,0,0,0.0,0,0,0,0,0,35610293520,48781224,KSQ
1308,150900,KR7150900009,파수AI,KOSDAQ,벤처기업부,3040,2,-65,-2.09,3105,3105,2960,63536,192748585,35579922880,11703922,KSQ
1309,024120,KR7024120008,KB오토시스,KOSDAQ,중견기업부,3090,1,30,0.98,2995,3165,2995,14471,44633830,35535000000,11500000,KSQ
1310,019770,KR7019770007,서연탑메탈,KOSDAQ,우량기업부,3050,1,40,1.33,3015,3050,2960,9765,29375875,35532500000,11650000,KSQ
1311,220180,KR7220180004,핸디소프트,KOSDAQ,벤처기업부,1484,2,-35,-2.3,1508,1526,1439,1467,2166267,35513369528,23930842,KSQ
1312,064520,KR7064520000,테크엘,KOSDAQ,중견기업부,1586,2,-9,-0.56,1605,1605,1548,398,624651,35448784332,22351062,KSQ
1313,263050,KR7263050007,유틸렉스,KOSDAQ,관리종목(소속부없음),959,0,0,0.0,0,0,0,0,0,35324626904,36834856,KSQ
1314,083550,KR7083550004,케이엠,KOSDAQ,중견기업부,2605,2,-5,-0.19,2590,2810,2550,19064,50708840,35313809825,13556165,KSQ
1315,458350,KR7458350006,에스팀,KOSDAQ,중견기업부,4050,2,-100,-2.41,4150,4205,3960,27359,111756725,35166960000,8683200,KSQ
1316,206400,KR7206400004,베노티앤알,KOSDAQ,중견기업부,937,2,-33,-3.4,970,998,933,26879,25732426,35147018046,37510158,KSQ
1317,234100,KR7234100006,폴라리스세원,KOSDAQ,우량기업부,2385,2,-60,-2.45,2425,2465,2355,9158,22009690,34824901860,14601636,KSQ
1318,432430,KR7432430007,와이랩,KOSDAQ,기술성장기업부,2105,2,-70,-3.22,2160,2160,2050,27307,57125095,34750013600,16508320,KSQ
1319,464280,KR7464280007,티디에스팜,KOSDAQ,중견기업부,6270,2,-20,-0.32,6230,6330,6050,4748,29392370,34673100000,5530000,KSQ
1320,071850,KR7071850002,캐스텍코리아,KOSDAQ,투자주의환기종목(소속부없음),1429,2,-20,-1.38,1449,1449,1410,10899,15451407,34668880402,24260938,KSQ
1321,039290,KR7039290002,인포뱅크,KOSDAQ,중견기업부,3975,1,115,2.98,3830,4060,3597,19696,75339744,34558562550,8693978,KSQ
1322,352700,KR7352700009,씨앤투스,KOSDAQ,벤처기업부,1312,3,0,0.0,1300,1325,1268,12413,16235728,34475291488,26276899,KSQ
1323,057030,KR7057030009,YBM넷,KOSDAQ,중견기업부,2110,2,-30,-1.4,2130,2160,2070,4894,10387130,34419790670,16312697,KSQ
1324,087600,KR7087600003,픽셀플러스,KOSDAQ,벤처기업부,4210,2,-50,-1.17,4150,4270,4130,665,2785625,34381209180,8166558,KSQ
1325,101240,KR7101240000,씨큐브,KOSDAQ,우량기업부,3020,2,-40,-1.31,3075,3080,2970,13961,42195885,34298297040,11357052,KSQ
1326,069410,KR7069410009,엔텔스,KOSDAQ,벤처기업부,3345,1,25,0.75,3320,3400,3265,6188,20492940,34268936280,10244824,KSQ
1327,186230,KR7186230009,그린플러스,KOSDAQ,벤처기업부,3130,2,-55,-1.73,3080,3185,3080,33247,103839625,34180188440,10920188,KSQ
1328,052600,KR7052600004,한네트,KOSDAQ,중견기업부,2955,2,-55,-1.83,3010,3020,2930,6569,19421792,34170733500,11563700,KSQ
1329,215790,KR7215790007,이노인스트루먼트,KOSDAQ,중견기업부,846,2,-110,-11.51,898,930,844,1151277,1000313159,34079544054,40283149,KSQ
1330,049470,KR7049470008,비트플래닛,KOSDAQ,중견기업부,1435,2,-21,-1.44,1456,1480,1405,15847,22890385,33786930065,23544899,KSQ
1331,046390,KR7046390001,삼화네트웍스,KOSDAQ,중견기업부,1955,1,16,0.83,1908,1961,1853,83911,160624239,33761233215,17269173,KSQ
1332,290090,KR7290090000,트윔,KOSDAQ,벤처기업부,4535,1,150,3.42,4385,4640,4385,1833,8210520,33742975880,7440568,KSQ
1333,064480,KR7064480007,브리지텍,KOSDAQ,벤처기업부,2815,2,-40,-1.4,2850,2940,2765,21230,60501925,33646287500,11952500,KSQ
1334,340810,KR7340810001,시선AI,KOSDAQ,기술성장기업부,2465,2,-10,-0.4,2475,2570,2290,49575,119935575,33634865840,13644976,KSQ
1335,066360,KR7066360009,체리부로,KOSDAQ,우량기업부,698,1,5,0.72,700,716,685,35629,24710140,33470506470,47952015,KSQ
1336,079000,KR7079000006,와토스코리아,KOSDAQ,중견기업부,4615,1,5,0.11,4620,4800,4610,98893,457852960,33228000000,7200000,KSQ
1337,148930,KR7148930001,에이치와이티씨,KOSDAQ,중견기업부,3265,1,35,1.08,3235,3275,3140,27417,88958382,33222070445,10175213,KSQ
1338,335810,KR7335810008,프리시젼바이오,KOSDAQ,기술성장기업부,1508,1,15,1.0,1493,1539,1485,2483,3730445,33099855048,21949506,KSQ
1339,046310,KR7046310009,백금T&A,KOSDAQ,우량기업부,2015,2,-15,-0.74,2000,2025,1979,22526,44960127,33083561615,16418641,KSQ
1340,105550,KR7105550008,엣지파운드리,KOSDAQ,중견기업부,421,2,-15,-3.44,437,440,417,74034,31284161,32967268471,78307051,KSQ
1341,184230,KR7184230001,SGA솔루션즈,KOSDAQ,벤처기업부,1742,2,-84,-4.6,1826,1848,1735,71978,127975475,32902859418,18887979,KSQ
1342,133750,KR7133750000,메가엠디,KOSDAQ,중견기업부,1405,1,2,0.14,1391,1412,1374,12850,17959493,32886943185,23407077,KSQ
1343,452300,KR7452300007,캡스톤파트너스,KOSDAQ,중견기업부,2320,2,-110,-4.53,2415,2415,2260,38386,89693980,32873251600,14169505,KSQ
1344,021650,KR7021650007,한국큐빅,KOSDAQ,중견기업부,2006,2,-24,-1.18,2005,2020,1990,117,236161,32799229378,16350563,KSQ
1345,351330,KR7351330006,이삭엔지니어링,KOSDAQ,벤처기업부,3955,2,-220,-5.27,4340,4340,3920,10666,42753300,32781096600,8288520,KSQ
1346,200780,KR7200780005,비씨월드제약,KOSDAQ,중견기업부,3070,2,-145,-4.51,3065,3185,3025,8244,25514731,32743579270,10665661,KSQ
1347,475460,KR7475460002,미트박스,KOSDAQ,벤처기업부,5790,2,-80,-1.36,5830,5890,5640,7161,41399400,32693379750,5646525,KSQ
1348,016600,KR7016600009,큐캐피탈,KOSDAQ,중견기업부,2340,2,-120,-4.88,2435,2440,2335,42528,101256662,32670146340,13961601,KSQ
1349,080520,KR7080520000,오디텍,KOSDAQ,벤처기업부,2885,2,-75,-2.53,2960,2960,2815,7521,21622475,32665173045,11322417,KSQ
1350,059100,KR7059100008,아이컴포넌트,KOSDAQ,벤처기업부,4605,2,-30,-0.65,4635,4725,4585,8435,39299795,32561310300,7070860,KSQ
1351,035460,KR7035460005,기산텔레콤,KOSDAQ,벤처기업부,2180,2,-100,-4.39,2245,2245,2085,63712,138335376,32526341200,14920340,KSQ
1352,417860,KR7417860004,오브젠,KOSDAQ,벤처기업부,6890,2,-60,-0.86,7170,7170,6720,44212,306579790,32430582340,4706906,KSQ
1353,332290,KR7332290006,누보,KOSDAQ,벤처기업부,812,2,-25,-2.99,797,850,796,111718,90384662,32402376048,39904404,KSQ
1354,089150,KR7089150007,케이씨티,KOSDAQ,벤처기업부,1886,2,-70,-3.58,1956,1956,1858,21472,40769539,32344900000,17150000,KSQ
1355,318410,KR7318410008,비비씨,KOSDAQ,중견기업부,5820,2,-50,-0.85,5870,5880,5800,4834,28267230,32331514260,5555243,KSQ
1356,086040,KR7086040003,바이오톡스텍,KOSDAQ,벤처기업부,2025,2,-145,-6.68,2170,2170,2020,6026,12714385,32315450175,15958247,KSQ
1357,148250,KR7148250004,알엔투테크놀로지,KOSDAQ,벤처기업부,2370,2,-70,-2.87,2350,2550,2350,19163,45987255,32257368480,13610704,KSQ
1358,173940,KR7173940008,에프엔씨엔터,KOSDAQ,중견기업부,2095,2,-55,-2.56,2145,2145,2075,13998,29548350,32247932760,15392808,KSQ
1359,075130,KR7075130005,플랜티넷,KOSDAQ,벤처기업부,1934,1,3,0.16,1920,1946,1875,8048,15351287,32147566880,16622320,KSQ
1360,444530,KR7444530000,심플랫폼,KOSDAQ,기술성장기업부,5000,2,-170,-3.29,5240,5240,4970,10264,51856005,32093220000,6418644,KSQ
1361,075970,KR7075970004,동국알앤에스,KOSDAQ,중견기업부,1741,2,-9,-0.51,1736,1742,1718,5649,9781182,32034400000,18400000,KSQ
1362,068050,KR7068050004,팬엔터테인먼트,KOSDAQ,중견기업부,1155,2,-12,-1.03,1165,1169,1135,9790,11371225,31986657780,27694076,KSQ
1363,311390,KR7311390009,네오크레마,KOSDAQ,벤처기업부,2520,2,-15,-0.59,2360,2595,2360,11339,28107905,31887548280,12653789,KSQ
1364,160550,KR7160550000,NEW,KOSDAQ,중견기업부,1141,1,61,5.65,1070,1190,1070,148289,168858852,31840866946,27906106,KSQ
1365,452160,KR7452160005,제이엔비,KOSDAQ,중견기업부,3270,2,-260,-7.37,3505,3505,3265,15530,51792189,31449313290,9617527,KSQ
1366,057680,KR7057680001,티사이언티픽,KOSDAQ,벤처기업부,1990,1,60,3.11,1912,2095,1871,23899,46804159,31427888910,15792909,KSQ
1367,072770,KR7072770001,멤레이비티,KOSDAQ,중견기업부,757,1,12,1.61,746,765,702,64252,47359303,31424658186,41512098,KSQ
1368,476080,KR7476080007,M83,KOSDAQ,중견기업부,3890,2,-100,-2.51,3910,4010,3700,24937,95864840,31419530000,8077000,KSQ
1369,258830,KR7258830009,세종메디칼,KOSDAQ,관리종목(소속부없음),412,0,0,0.0,0,0,0,0,0,31223976612,75786351,KSQ
1370,208860,KR7208860007,다산디엠씨,KOSDAQ,벤처기업부,919,1,19,2.11,900,948,900,7120,6548520,31200025187,33949973,KSQ
1371,058110,KR7058110008,멕아이씨에스,KOSDAQ,기술성장기업부,1931,2,-30,-1.53,2020,2020,1848,22758,44140207,30993573430,16050530,KSQ
1372,022220,KR7022220008,티케이지애강,KOSDAQ,중견기업부,596,1,37,6.62,557,697,557,114967,69251121,30869569084,51794579,KSQ
1373,271830,KR7271830002,팸텍,KOSDAQ,벤처기업부,1045,2,-72,-6.45,1117,1119,1027,194899,204445070,30817261090,29490202,KSQ
1374,407400,KR7407400001,꿈비,KOSDAQ,벤처기업부,2105,2,-45,-2.09,2135,2200,2070,28003,59581320,30805694070,14634534,KSQ
1375,103840,KR7103840005,우양,KOSDAQ,중견기업부,1881,2,-18,-0.95,1883,1935,1847,17341,32785656,30785251068,16366428,KSQ
1376,364950,KR7364950006,에이아이코리아,KOSDAQ,벤처기업부,3710,1,100,2.77,3615,3715,3435,21472,77116530,30779810950,8296445,KSQ
1377,277410,KR7277410007,인산가,KOSDAQ,벤처기업부,800,0,0,0.0,0,0,0,0,0,30729204000,38411505,KSQ
1378,114630,KR7114630007,폴라리스우노,KOSDAQ,우량기업부,1780,1,3,0.17,1762,1791,1730,5460,9603972,30678741440,17235248,KSQ
1379,365590,KR7365590009,하이딥,KOSDAQ,기술성장기업부,989,2,-36,-3.51,1025,1097,945,45992,46310176,30664720376,31005784,KSQ
1380,215090,KR7215090002,솔디펜스,KOSDAQ,벤처기업부,1319,2,-18,-1.35,1326,1366,1267,88147,116739221,30542316859,23155661,KSQ
1381,199480,KR7199480005,뱅크웨어글로벌,KOSDAQ,기술성장기업부,2995,2,-25,-0.83,3020,3100,2965,26985,81283845,30538781060,10196588,KSQ
1382,206560,KR7206560005,덱스터,KOSDAQ,기술성장기업부,1193,2,-38,-3.09,1230,1230,1175,25895,30959510,30316201048,25411736,KSQ
1383,187270,KR7187270004,신화콘텍,KOSDAQ,벤처기업부,2985,2,-15,-0.5,2965,3035,2900,18608,55347595,30279377325,10143845,KSQ
1384,262840,KR7262840002,아이퀘스트,KOSDAQ,벤처기업부,2865,2,-35,-1.21,2950,2950,2775,7675,21734730,30274317480,10566952,KSQ
1385,198940,KR7198940009,한주라이트메탈,KOSDAQ,중견기업부,1554,2,-105,-6.33,1636,1653,1522,139798,218147658,30243153906,19461489,KSQ
1386,012620,KR7012620001,원일특강,KOSDAQ,우량기업부,6870,1,80,1.18,6790,6990,6510,2761,18985750,30228000000,4400000,KSQ
1387,246250,KR7246250005,에스엘에스바이오,KOSDAQ,관리종목(소속부없음),1969,0,0,0.0,0,0,0,0,0,30220617614,15348206,KSQ
1388,007720,KR7007720006,소노스퀘어,KOSDAQ,중견기업부,299,0,0,0.0,0,0,0,0,0,30139334550,100800450,KSQ
1389,026040,KR7026040006,제이에스티나,KOSDAQ,중견기업부,1818,2,-32,-1.73,1850,1859,1750,19261,34786610,30003890220,16503790,KSQ
1390,096630,KR7096630009,에스코넥,KOSDAQ,우량기업부,1881,2,-99,-5.0,2010,2010,1865,53916,102502016,29863363563,15876323,KSQ
1391,159910,KR7159910009,에코글로우,KOSDAQ,중견기업부,2850,2,-85,-2.9,2925,2925,2805,7410,21050930,29831226450,10467097,KSQ
1392,035200,KR7035200005,프럼파스트,KOSDAQ,벤처기업부,3065,2,-70,-2.23,3135,3150,3040,21757,67328285,29824258350,9730590,KSQ
1393,038950,KR7038950002,파인디지털,KOSDAQ,중견기업부,2920,2,-15,-0.51,2990,3125,2810,7894,22945627,29815433800,10210765,KSQ
1394,031510,KR7031510001,오스템,KOSDAQ,중견기업부,1062,1,5,0.47,1057,1075,981,102635,107075663,29736000000,28000000,KSQ
1395,095910,KR7095910006,에스에너지,KOSDAQ,중견기업부,797,2,-81,-9.23,879,895,795,846431,692945200,29725636473,37296909,KSQ
1396,106240,KR7106240005,파인테크닉스,KOSDAQ,벤처기업부,1244,1,146,13.3,1098,1390,1050,227890,285063103,29703410960,23877340,KSQ
1397,119500,KR7119500007,포메탈,KOSDAQ,중견기업부,2500,2,-90,-3.47,2590,2660,2450,35771,89608755,29618080000,11847232,KSQ
1398,475660,KR7475660007,에스켐,KOSDAQ,기술성장기업부,3735,2,-235,-5.92,4090,4120,3600,12725,48479315,29617933725,7929835,KSQ
1399,097780,KR7097780001,에코볼트,KOSDAQ,중견기업부,1457,2,-91,-5.88,1548,1563,1450,15857,23785366,29567030673,20293089,KSQ
1400,459550,KR7459550000,알트,KOSDAQ,중견기업부,1172,2,-59,-4.79,1211,1230,1158,64895,76823512,29558731892,25220761,KSQ
1401,351320,KR7351320007,넥사다이내믹스,KOSDAQ,중견기업부,988,2,-55,-5.27,1041,1041,949,44171,43539794,29342258296,29698642,KSQ
1402,088340,KR7088340005,유라클,KOSDAQ,벤처기업부,6700,2,-570,-7.84,7200,7200,6680,25737,174850380,29241265600,4364368,KSQ
1403,289220,KR7289220006,자이언트스텝,KOSDAQ,기술성장기업부,1310,2,-57,-4.17,1390,1390,1293,24781,33441777,29229009510,22312221,KSQ
1404,434480,KR7434480000,모니터랩,KOSDAQ,기술성장기업부,2370,2,-115,-4.63,2485,2505,2360,17963,43404730,29175411000,12310300,KSQ
1405,123750,KR7123750002,알톤,KOSDAQ,중견기업부,2100,2,-40,-1.87,2140,2200,2020,27378,56887967,29020443900,13819259,KSQ
1406,001000,KR7001000009,신라섬유,KOSDAQ,중견기업부,1191,1,67,5.96,1185,1357,1146,1510665,1892632665,28914550140,24277540,KSQ
1407,021880,KR7021880000,메이슨캐피탈,KOSDAQ,중견기업부,136,0,0,0.0,0,0,0,0,0,28857079488,212184408,KSQ
1408,462980,KR7462980004,아이지넷,KOSDAQ,기술성장기업부,1580,1,44,2.86,1536,1583,1470,79381,121644755,28810410460,18234437,KSQ
1409,065950,KR7065950008,웰크론,KOSDAQ,중견기업부,1010,2,-49,-4.63,1050,1059,1004,21401,21820684,28513615020,28231302,KSQ
1410,388610,KR7388610008,지에프씨생명과학,KOSDAQ,기술성장기업부,5330,2,-140,-2.56,5210,5580,5120,11281,58751870,28384291390,5325383,KSQ
1411,056730,KR7056730005,CNT85,KOSDAQ,중견기업부,1914,2,-36,-1.85,1930,1931,1822,3128,5978799,28369761618,14822237,KSQ
1412,109820,KR7109820001,진매트릭스,KOSDAQ,기술성장기업부,1391,2,-53,-3.67,1445,1450,1360,35211,48667485,28367553240,20393640,KSQ
1413,257370,KR7257370007,피엔티엠에스,KOSDAQ,벤처기업부,2265,2,-140,-5.82,2410,2440,2250,9972,23236737,28323510165,12504861,KSQ
1414,066910,KR7066910001,손오공,KOSDAQ,중견기업부,2115,1,50,2.42,2065,2585,2065,83946,189512930,28312726680,13386632,KSQ
1415,239610,KR7239610009,에이치엘사이언스,KOSDAQ,벤처기업부,5240,2,-90,-1.69,5400,5400,5210,191,1003020,28254682600,5392115,KSQ
1416,019570,KR7019570001,플루토스,KOSDAQ,중견기업부,296,0,0,0.0,0,0,0,0,0,28253212432,95450042,KSQ
1417,099390,KR7099390007,브레인즈컴퍼니,KOSDAQ,벤처기업부,3435,2,-25,-0.72,3460,3475,3310,8454,28897615,28195452105,8208283,KSQ
1418,043220,KR7043220003,티에스넥스젠,KOSDAQ,관리종목(소속부없음),1710,0,0,0.0,0,0,0,0,0,28191099330,16486023,KSQ
1419,169330,KR7169330008,엠브레인,KOSDAQ,중견기업부,1538,2,-52,-3.27,1590,1600,1518,10535,16714921,28171419884,18316918,KSQ
1420,031310,KR7031310006,아이즈비전,KOSDAQ,중견기업부,946,2,-50,-5.02,973,977,924,96923,92329566,28140331846,29746651,KSQ
1421,054780,KR7054780002,키이스트,KOSDAQ,중견기업부,1431,1,1,0.07,1440,1457,1390,30113,42611167,28130301783,19657793,KSQ
1422,373170,KR7373170000,엠아이큐브솔루션,KOSDAQ,벤처기업부,1854,1,16,0.87,1838,1900,1740,9313,17240613,28020966660,15113790,KSQ
1423,060540,KR7060540002,에스에이티,KOSDAQ,중견기업부,1069,2,-47,-4.21,1100,1100,1059,68637,73271641,27936504114,26133306,KSQ
1424,462310,KR7462310004,뉴키즈온,KOSDAQ,중견기업부,3410,1,205,6.4,3200,3480,3155,16972,56350615,27911262610,8185121,KSQ
1425,013720,KR7013720008,청보,KOSDAQ,중견기업부,457,2,-19,-3.99,472,498,440,85753,39129139,27798461351,60828143,KSQ
1426,197140,KR7197140007,디지캡,KOSDAQ,벤처기업부,2135,2,-25,-1.16,2160,2165,2110,36971,79186085,27783083790,13013154,KSQ
1427,177830,KR7177830007,파버나인,KOSDAQ,벤처기업부,2450,1,5,0.2,2425,2470,2375,4775,11670195,27748682850,11325993,KSQ
1428,900070,KYG3931T1076,글로벌에스엠,KOSDAQ,외국기업(소속부없음),1031,2,-16,-1.53,1020,1056,1000,13040,13302131,27705015504,26871984,KSQ
1429,232830,KR7232830000,아이티센피엔에스,KOSDAQ,벤처기업부,1675,2,-102,-5.74,1875,1875,1650,38641,65491064,27693991050,16533726,KSQ
1430,363250,KR7363250002,진시스템,KOSDAQ,기술성장기업부,3250,2,-115,-3.42,3365,3550,3200,3422,11427660,27652241500,8508382,KSQ
1431,376180,KR7376180006,피코그램,KOSDAQ,벤처기업부,1486,2,-20,-1.33,1495,1495,1446,12421,18193174,27581702468,18561038,KSQ
1432,363260,KR7363260001,모비데이즈,KOSDAQ,벤처기업부,852,2,-5,-0.58,857,900,815,30231,25538434,27403531188,32163769,KSQ
1433,188260,KR7188260004,세니젠,KOSDAQ,투자주의환기종목(소속부없음),2065,1,75,3.77,2005,2087,1985,24185,49007135,27389071745,13263473,KSQ
1434,038620,KR7038620001,위즈코프,KOSDAQ,벤처기업부,1803,2,-10,-0.55,1798,1831,1795,21175,38235072,27308045079,15145893,KSQ
1435,130500,KR7130500002,GH신소재,KOSDAQ,중견기업부,1874,1,25,1.35,1806,1910,1782,15480,28814423,27257427448,14545052,KSQ
1436,045300,KR7045300001,성우테크론,KOSDAQ,중견기업부,2580,2,-30,-1.15,2605,2625,2500,38443,98158985,27211290960,10547012,KSQ
1437,336060,KR7336060009,웨이버스,KOSDAQ,벤처기업부,565,1,12,2.17,553,569,550,84822,47394335,27207688000,48155200,KSQ
1438,464500,KR7464500008,아이언디바이스,KOSDAQ,기술성장기업부,1943,2,-77,-3.81,1930,1997,1870,83821,160379655,27188910009,13993263,KSQ
1439,131090,KR7131090003,시큐브,KOSDAQ,벤처기업부,3550,2,-50,-1.39,3600,3600,3530,10974,38961265,27186684550,7658221,KSQ
1440,355390,KR7355390006,크라우드웍스,KOSDAQ,기술성장기업부,1707,2,-102,-5.64,1850,1850,1680,53198,91253229,27097505208,15874344,KSQ
1441,219750,KR7219750007,한국비티비,KOSDAQ,중견기업부,2070,2,-60,-2.82,2130,2170,2025,2918,6052700,27086730390,13085377,KSQ
1442,027040,KR7027040005,서울전자통신,KOSDAQ,중견기업부,1940,2,-55,-2.76,1995,2025,1940,95184,189042116,27000471860,13917769,KSQ
1443,318010,KR7318010006,팜스빌,KOSDAQ,벤처기업부,3405,1,5,0.15,3490,3490,3385,3187,10825410,26999395890,7929338,KSQ
1444,450520,KR7450520002,인스웨이브,KOSDAQ,벤처기업부,1830,2,-33,-1.77,1870,1903,1800,6021,11096745,26909377740,14704578,KSQ
1445,457600,KR7457600005,벡트,KOSDAQ,벤처기업부,1963,1,111,5.99,1852,2040,1780,70203,134068824,26907822500,13707500,KSQ
1446,356890,KR7356890004,싸이버원,KOSDAQ,벤처기업부,2250,1,5,0.22,2230,2255,2150,15355,33776155,26896106250,11953825,KSQ
1447,068100,KR7068100007,케이웨더,KOSDAQ,기술성장기업부,2250,3,0,0.0,2250,2260,2160,1842,4100645,26836956000,11927536,KSQ
1448,032790,KR7032790008,엠젠솔루션,KOSDAQ,벤처기업부,1045,1,2,0.19,1034,1050,1023,32177,33324208,26835710770,25680106,KSQ
1449,187220,KR7187220009,디티앤씨,KOSDAQ,중견기업부,2315,2,-70,-2.94,2385,2405,2280,6807,15783230,26680219895,11524933,KSQ
1450,0010F0,KR70010F0005,보원케미칼,KOSDAQ,벤처기업부,2390,2,-145,-5.72,2470,2535,2385,30963,75644830,26633206390,11143601,KSQ
1451,131220,KR7131220006,대한과학,KOSDAQ,벤처기업부,3570,2,-5,-0.14,3550,3690,3500,4322,15459695,26612529300,7454490,KSQ
1452,019660,KR7019660000,글로본,KOSDAQ,중견기업부,1905,2,-5,-0.26,1910,2000,1807,2113,3994407,26563954365,13944333,KSQ
1453,290560,KR7290560002,파라택시스이더리움,KOSDAQ,벤처기업부,1183,2,-37,-3.03,1223,1247,1141,73866,86770005,26455109590,22362730,KSQ
1454,043200,KR7043200005,파루,KOSDAQ,벤처기업부,632,2,-35,-5.25,651,699,624,774960,494250371,26420327080,41804315,KSQ
1455,115160,KR7115160004,휴맥스,KOSDAQ,중견기업부,6110,2,-720,-10.54,6560,6610,5950,44155,272314365,26347187620,4312142,KSQ
1456,267790,KR7267790004,배럴,KOSDAQ,중견기업부,3425,2,-10,-0.29,3295,3445,3295,12610,42755520,26335883325,7689309,KSQ
1457,073540,KR7073540007,에프알텍,KOSDAQ,벤처기업부,2310,2,-75,-3.14,2365,2365,2270,21934,51050510,26334000000,11400000,KSQ
1458,047080,KR7047080007,한빛소프트,KOSDAQ,중견기업부,1060,2,-13,-1.21,1063,1094,1015,97022,102211718,26311703720,24822362,KSQ
1459,032860,KR7032860009,더라미,KOSDAQ,중견기업부,650,1,26,4.17,624,650,594,39091,23963923,26257310950,40395863,KSQ
1460,296640,KR7296640006,이노에이엑스,KOSDAQ,벤처기업부,5060,2,-200,-3.8,5220,5270,5000,5473,27769930,26201955120,5178252,KSQ
1461,318000,KR7318000007,KBG,KOSDAQ,벤처기업부,2995,2,-25,-0.83,2995,3035,2955,4993,14956120,26176967885,8740223,KSQ
1462,208710,KR7208710004,포톤,KOSDAQ,중견기업부,1983,2,-62,-3.03,2030,2180,1899,90172,178542956,26136201756,13180132,KSQ
1463,053950,KR7053950002,경남제약,KOSDAQ,중견기업부,1672,2,-81,-4.62,1749,1749,1645,46188,77904629,26132475512,15629471,KSQ
1464,093380,KR7093380004,풍강,KOSDAQ,중견기업부,2645,1,515,24.18,2520,2765,2360,1670863,4382556249,26130782885,9879313,KSQ
1465,037370,KR7037370004,EG,KOSDAQ,벤처기업부,3020,2,-30,-0.98,3045,3085,2910,8511,25373005,26047415440,8624972,KSQ
1466,109960,KR7109960005,앱토크롬,KOSDAQ,투자주의환기종목(소속부없음),1721,2,-10,-0.58,1711,1784,1711,7335,12640806,26042572993,15132233,KSQ
1467,464580,KR7464580000,닷밀,KOSDAQ,기술성장기업부,1412,2,-57,-3.88,1469,1469,1380,7149,10074420,25989397668,18406089,KSQ
1468,237750,KR7237750005,피앤씨테크,KOSDAQ,벤처기업부,4000,2,-170,-4.08,4170,4250,3950,8254,33155260,25986400000,6496600,KSQ
1469,310870,KR7310870001,디와이씨,KOSDAQ,벤처기업부,1185,2,-33,-2.71,1208,1220,1173,65815,78023430,25978283370,21922602,KSQ
1470,340440,KR7340440007,세림B&G,KOSDAQ,벤처기업부,913,2,-72,-7.31,985,1006,910,65606,61754593,25909446332,28378364,KSQ
1471,013810,KR7013810007,스페코,KOSDAQ,중견기업부,1766,1,80,4.74,1686,1871,1651,41993,73126507,25881560020,14655470,KSQ
1472,403490,KR7403490006,우듬지팜,KOSDAQ,벤처기업부,561,2,-31,-5.24,587,600,557,149028,84604028,25768112304,45932464,KSQ
1473,430690,KR7430690008,한싹,KOSDAQ,벤처기업부,2365,2,-130,-5.21,2495,2495,2340,18859,45220185,25767393960,10895304,KSQ
1474,018680,KR7018680009,서울제약,KOSDAQ,벤처기업부,2210,1,35,1.61,2175,2245,2070,2611,5656470,25767094990,11659319,KSQ
1475,195500,KR7195500004,마니커에프앤지,KOSDAQ,중견기업부,1609,2,-7,-0.43,1583,1623,1570,31540,50315348,25708602000,15978000,KSQ
1476,348030,KR7348030008,모비릭스,KOSDAQ,중견기업부,2675,1,30,1.13,2625,2740,2565,44620,118047940,25690165000,9603800,KSQ
1477,091340,KR7091340000,S&K폴리텍,KOSDAQ,중견기업부,2190,2,-35,-1.57,2225,2225,2185,11434,25164270,25631148990,11703721,KSQ
1478,238490,KR7238490007,힘스,KOSDAQ,벤처기업부,2260,2,-25,-1.09,2300,2310,2240,4275,9754105,25565653360,11312236,KSQ
1479,397810,KR7397810003,애드포러스,KOSDAQ,벤처기업부,4950,2,-100,-1.98,5000,5000,4810,1622,7946930,25545811500,5160770,KSQ
1480,069140,KR7069140002,누리플랜,KOSDAQ,벤처기업부,1689,2,-10,-0.59,1694,1694,1606,11474,19171821,25496812956,15095804,KSQ
1481,051380,KR7051380004,피씨디렉트,KOSDAQ,중견기업부,1660,2,-25,-1.48,1669,1687,1623,45032,75094355,25464519520,15340072,KSQ
1482,033200,KR7033200007,모아텍,KOSDAQ,투자주의환기종목(소속부없음),2765,1,40,1.47,2725,2820,2660,24457,67333203,25450522685,9204529,KSQ
1483,032750,KR7032750002,삼진,KOSDAQ,우량기업부,2805,1,50,1.81,2745,2845,2700,13552,37738230,25332297210,9031122,KSQ
1484,008470,KR7008470007,부스타,KOSDAQ,벤처기업부,3010,1,5,0.17,2980,3020,2980,6228,18688740,25298448000,8404800,KSQ
1485,290270,KR7290270008,휴네시온,KOSDAQ,벤처기업부,2620,2,-5,-0.19,2625,2685,2515,28496,74464891,25172100640,9607672,KSQ
1486,001810,KR7001810001,무림SP,KOSDAQ,중견기업부,1137,1,52,4.79,1085,1139,1066,34866,38786200,25170337500,22137500,KSQ
1487,016670,KR7016670002,디모아,KOSDAQ,중견기업부,2465,2,-115,-4.46,2560,2560,2400,4712,11652660,25128786810,10194234,KSQ
1488,121890,KR7121890008,에스디시스템,KOSDAQ,중견기업부,1890,2,-77,-3.91,1951,2090,1871,26217,49980599,25120832940,13291446,KSQ
1489,318020,KR7318020005,포인트모바일,KOSDAQ,벤처기업부,2035,2,-65,-3.1,2085,2085,1995,11664,23581968,25033088520,12301272,KSQ
1490,016920,KR7016920001,카스,KOSDAQ,중견기업부,944,1,37,4.08,945,980,927,191218,180690043,25009899872,26493538,KSQ
1491,080530,KR7080530009,코디,KOSDAQ,중견기업부,2250,2,-30,-1.32,2280,2335,2150,7961,17764420,24979893750,11102175,KSQ
1492,224060,KR7224060004,더코디,KOSDAQ,투자주의환기종목(소속부없음),4840,2,-20,-0.41,4800,4910,4450,33874,157670455,24977894480,5160722,KSQ
1493,900310,HK0000341732,컬러레이,KOSDAQ,외국기업(소속부없음),1950,1,30,1.56,1908,1961,1832,11594,21677588,24976253250,12808335,KSQ
1494,054090,KR7054090006,삼진엘앤디,KOSDAQ,중견기업부,990,2,-23,-2.27,1004,1012,931,137149,134269485,24709639680,24959232,KSQ
1495,387570,KR7387570005,파인메딕스,KOSDAQ,기술성장기업부,4380,2,-480,-9.88,4860,4860,4375,53628,240049255,24641442000,5625900,KSQ
1496,429270,KR7429270002,시지트로닉스,KOSDAQ,기술성장기업부,3820,2,-285,-6.94,4075,4100,3715,83121,319053207,24636062420,6449231,KSQ
1497,153490,KR7153490008,우리이앤엘하루틴,KOSDAQ,우량기업부,478,2,-3,-0.62,481,507,454,43911,20719457,24607440000,51480000,KSQ
1498,254120,KR7254120009,자비스,KOSDAQ,기술성장기업부,800,2,-14,-1.72,814,840,760,91748,71817575,24603416000,30754270,KSQ
1499,053060,KR7053060000,세동,KOSDAQ,중견기업부,1390,1,29,2.13,1360,1394,1347,124577,171623691,24543812410,17657419,KSQ
1500,398120,KR7398120006,에스지헬스케어,KOSDAQ,벤처기업부,2075,2,-50,-2.35,2175,2230,2065,30044,63356865,24523410325,11818511,KSQ
1501,048470,KR7048470009,대동스틸,KOSDAQ,중견기업부,2530,3,0,0.0,2530,2625,2445,20592,51878530,24414500000,9650000,KSQ
1502,032800,KR7032800005,판타지오,KOSDAQ,중견기업부,1959,1,59,3.11,1884,2025,1883,79114,156760727,24412121598,12461522,KSQ
1503,300120,KR7300120003,라온피플,KOSDAQ,벤처기업부,493,2,-4,-0.8,497,518,479,62557,30696498,24405479888,49504016,KSQ
1504,432980,KR7432980001,엠에프씨,KOSDAQ,기술성장기업부,2840,2,-40,-1.39,2850,3075,2820,20799,60952935,24400547280,8591742,KSQ
1505,225220,KR7225220003,제놀루션,KOSDAQ,벤처기업부,1271,1,36,2.91,1236,1298,1195,40665,50613823,24390516691,19190021,KSQ
1506,378800,KR7378800007,샤페론,KOSDAQ,기술성장기업부,527,2,-16,-2.95,525,577,516,1612227,870266273,24370077337,46243031,KSQ
1507,333050,KR7333050003,이노테나,KOSDAQ,벤처기업부,4945,2,-245,-4.72,5150,5160,4890,3812,18917185,24342578425,4922665,KSQ
1508,290520,KR7290520006,신도기연,KOSDAQ,벤처기업부,1528,1,35,2.34,1582,1639,1480,39230,60500596,24340065136,15929362,KSQ
1509,208350,KR7208350009,지란지교시큐리티,KOSDAQ,벤처기업부,2995,2,-20,-0.66,3015,3060,2950,5001,14974340,24264202150,8101570,KSQ
1510,405920,KR7405920000,나라셀라,KOSDAQ,중견기업부,1875,1,143,8.26,1795,1941,1730,24951,45508062,24146392500,12878076,KSQ
1511,462510,KR7462510009,라메디텍,KOSDAQ,기술성장기업부,2740,2,-130,-4.53,2850,2970,2675,9185,25530800,24120124100,8802965,KSQ
1512,060380,KR7060380003,동양에스텍,KOSDAQ,중견기업부,1223,2,-12,-0.97,1235,1244,1213,2761,3379921,24093100000,19700000,KSQ
1513,367000,KR7367000007,플래티어,KOSDAQ,벤처기업부,2860,2,-55,-1.89,2915,2915,2780,2488,7076975,23990272020,8388207,KSQ
1514,469750,KR7469750004,아이비젼웍스,KOSDAQ,벤처기업부,694,2,-116,-14.32,810,811,689,419276,299632625,23912797814,34456481,KSQ
1515,131100,KR7131100000,티엔엔터테인먼트,KOSDAQ,중견기업부,741,2,-33,-4.26,785,785,735,17780,13299287,23894822484,32246724,KSQ
1516,070590,KR7070590005,인티큐브,KOSDAQ,중견기업부,1720,1,16,0.94,1715,1720,1687,1554,2643567,23872776120,13879521,KSQ
1517,298060,KR7298060005,풍전약품,KOSDAQ,관리종목(소속부없음),2700,2,-130,-4.59,2810,2855,2645,10804,29182330,23869714500,8840635,KSQ
1518,109670,KR7109670000,씨싸이트,KOSDAQ,중견기업부,4085,1,460,12.69,3605,4275,3605,30337,123423783,23842519170,5836602,KSQ
1519,079170,KR7079170007,한창산업,KOSDAQ,우량기업부,4585,1,5,0.11,4545,4645,4410,3373,15348872,23842000000,5200000,KSQ
1520,222980,KR7222980005,한국맥널티,KOSDAQ,벤처기업부,2160,1,135,6.67,2015,2200,2000,24699,52861940,23828003280,11031483,KSQ
1521,347770,KR7347770000,핌스,KOSDAQ,중견기업부,1039,1,12,1.17,1033,1086,990,64852,67989812,23748466638,22857042,KSQ
1522,045510,KR7045510005,정원엔시스,KOSDAQ,중견기업부,737,1,20,2.79,717,751,710,19483,14261066,23738248204,32209292,KSQ
1523,039740,KR7039740006,한국정보공학,KOSDAQ,벤처기업부,2950,2,-110,-3.59,3035,3035,2920,25510,75695250,23654271150,8018397,KSQ
1524,406820,KR7406820001,뷰티스킨,KOSDAQ,벤처기업부,1666,2,-26,-1.54,1644,1809,1625,160567,274502921,23550837562,14136157,KSQ
1525,033050,KR7033050006,제이엠아이,KOSDAQ,중견기업부,738,2,-22,-2.89,753,753,737,6682,4960093,23497424064,31839328,KSQ
1526,044780,KR7044780005,에이치케이,KOSDAQ,벤처기업부,1269,2,-15,-1.17,1271,1276,1259,9702,12266014,23483843703,18505787,KSQ
1527,038870,KR7038870002,에코심플렉스,KOSDAQ,중견기업부,1673,2,-81,-4.62,1820,1820,1655,21789,36657968,23447009677,14014949,KSQ
1528,058450,KR7058450008,한주에이알티,KOSDAQ,투자주의환기종목(소속부없음),4675,1,75,1.63,4560,4755,4280,15689,72607795,23437514100,5013372,KSQ
1529,065150,KR7065150005,대산F&B,KOSDAQ,관리종목(소속부없음),1450,0,0,0.0,0,0,0,0,0,23110448000,15938240,KSQ
1530,195990,KR7195990007,루트K,KOSDAQ,관리종목(소속부없음),707,2,-39,-5.23,835,835,699,64644,46661112,23031053836,32575748,KSQ
1531,440320,KR7440320000,오픈놀,KOSDAQ,기술성장기업부,2305,2,-125,-5.14,2430,2485,2280,16027,37393580,23003900000,9980000,KSQ
1532,050760,KR7050760008,에스폴리텍,KOSDAQ,중견기업부,1407,1,27,1.96,1337,1467,1250,913151,1228755520,22982891946,16334678,KSQ
1533,130740,KR7130740004,티피씨글로벌,KOSDAQ,중견기업부,2035,1,15,0.74,2000,2065,1933,35206,71205166,22948041765,11276679,KSQ
1534,115480,KR7115480006,씨유메디칼,KOSDAQ,중견기업부,1891,2,-42,-2.17,1933,1996,1874,10512,20031274,22928206701,12124911,KSQ
1535,241840,KR7241840008,에이스토리,KOSDAQ,중견기업부,2400,2,-15,-0.62,2415,2450,2295,11662,27914955,22895985600,9539994,KSQ
1536,007770,KR7007770001,한일화학,KOSDAQ,중견기업부,6510,2,-10,-0.15,6700,6700,6400,266,1720980,22850100000,3510000,KSQ
1537,052300,KR7052300001,오션인더블유,KOSDAQ,중견기업부,1406,2,-52,-3.57,1458,1477,1350,34184,48773314,22839243968,16244128,KSQ
1538,359090,KR7359090008,씨엔알리서치,KOSDAQ,중견기업부,1983,1,16,0.81,1967,1988,1773,46791,90187225,22792885569,11494143,KSQ
1539,078590,KR7078590007,휴림에이텍,KOSDAQ,중견기업부,2280,2,-70,-2.98,2350,2405,2230,18135,41683346,22781347320,9991819,KSQ
1540,131180,KR7131180002,딜리,KOSDAQ,벤처기업부,3880,2,-30,-0.77,3910,3935,3875,2124,8260615,22775600000,5870000,KSQ
1541,353190,KR7353190002,휴럼,KOSDAQ,중견기업부,2890,1,45,1.58,2895,2895,2820,15916,45725720,22760726760,7875684,KSQ
1542,188040,KR7188040000,바이오포트,KOSDAQ,벤처기업부,4860,1,5,0.1,4815,4960,4715,12170,58892708,22741436880,4679308,KSQ
1543,067010,KR7067010009,이씨에스,KOSDAQ,벤처기업부,2085,2,-25,-1.18,2095,2130,1998,10922,23003487,22702522500,10888500,KSQ
1544,063760,KR7063760003,이엘피,KOSDAQ,벤처기업부,2430,1,10,0.41,2445,2565,2355,51459,126448209,22660065900,9325130,KSQ
1545,210120,KR7210120002,캔버스엔,KOSDAQ,중견기업부,930,0,0,0.0,0,0,0,0,0,22540854540,24237478,KSQ
1546,438700,KR7438700007,버넥트,KOSDAQ,기술성장기업부,1998,2,-32,-1.58,2030,2085,1969,31015,62707487,22267490220,11144890,KSQ
1547,376980,KR7376980009,원티드랩,KOSDAQ,기술성장기업부,2280,2,-70,-2.98,2440,2440,2245,11318,26198875,22267378320,9766394,KSQ
1548,317240,KR7317240000,TS트릴리온,KOSDAQ,벤처기업부,758,2,-6,-0.79,745,764,727,102710,76798903,22115946938,29176711,KSQ
1549,134060,KR7134060003,이퓨쳐,KOSDAQ,벤처기업부,4635,2,-125,-2.63,4685,4735,4560,7910,37214125,22105473750,4769250,KSQ
1550,060260,KR7060260007,뉴보텍,KOSDAQ,벤처기업부,1655,2,-148,-8.21,1772,1772,1624,466855,783708422,22081599180,13342356,KSQ
1551,383930,KR7383930005,디티앤씨알오,KOSDAQ,중견기업부,1723,1,5,0.29,1684,1749,1650,29044,49500242,22027052544,12784128,KSQ
1552,146060,KR7146060009,율촌,KOSDAQ,중견기업부,915,2,-25,-2.66,943,957,900,116688,107183874,21974269425,24015595,KSQ
1553,020400,KR7020400008,대동금속,KOSDAQ,중견기업부,3445,2,-65,-1.85,3510,3625,3365,44184,152896340,21973353740,6378332,KSQ
1554,054940,KR7054940002,엑사이엔씨,KOSDAQ,중견기업부,658,2,-41,-5.87,699,700,631,542387,358801809,21828194584,33173548,KSQ
1555,036480,KR7036480002,대성미생물,KOSDAQ,중견기업부,5720,2,-220,-3.7,5900,5900,5700,7370,42591530,21736000000,3800000,KSQ
1556,317120,KR7317120004,라닉스,KOSDAQ,기술성장기업부,1419,2,-18,-1.25,1437,1466,1393,53999,76130811,21653940000,15260000,KSQ
1557,138070,KR7138070008,신진에스엠,KOSDAQ,중견기업부,1236,1,16,1.31,1220,1270,1190,16281,20125655,21633960144,17503204,KSQ
1558,050110,KR7050110006,캠시스,KOSDAQ,중견기업부,740,2,-122,-14.15,845,852,730,460690,351813311,21626369020,29224823,KSQ
1559,053290,KR7053290003,NE능률,KOSDAQ,중견기업부,1307,1,6,0.46,1301,1378,1252,9232,12097324,21599883249,16526307,KSQ
1560,352940,KR7352940001,인바이오,KOSDAQ,벤처기업부,1986,2,-24,-1.19,2010,2010,1956,5747,11478094,21583311780,10867730,KSQ
1561,080720,KR7080720006,한국유니온제약,KOSDAQ,관리종목(소속부없음),2725,0,0,0.0,0,0,0,0,0,21562456300,7912828,KSQ
1562,065370,KR7065370009,위세아이텍,KOSDAQ,벤처기업부,2920,2,-75,-2.5,2995,3000,2710,7503,21750100,21561145680,7383954,KSQ
1563,351870,KR7351870001,차이커뮤니케이션,KOSDAQ,중견기업부,1929,1,5,0.26,1924,1958,1909,3365,6456834,21528878418,11160642,KSQ
1564,032080,KR7032080004,아즈텍WB,KOSDAQ,중견기업부,998,1,7,0.71,991,1040,953,57744,56623024,21448046942,21491029,KSQ
1565,274400,KR7274400001,이노시뮬레이션,KOSDAQ,기술성장기업부,2350,2,-10,-0.42,2360,2375,2175,6589,15255280,21353258550,9086493,KSQ
1566,024940,KR7024940009,PN풍년,KOSDAQ,벤처기업부,2135,2,-5,-0.23,2160,2170,2095,25002,53317220,21350000000,10000000,KSQ
1567,353590,KR7353590003,오토앤,KOSDAQ,중견기업부,1654,2,-46,-2.71,1700,1700,1600,4157,6817673,21296192780,12875570,KSQ
1568,090150,KR7090150004,아이윈,KOSDAQ,중견기업부,506,1,1,0.2,499,509,494,40090,20036767,21188898258,41875293,KSQ
1569,101400,KR7101400000,엔시트론,KOSDAQ,중견기업부,1800,1,43,2.45,1667,1813,1667,47808,84344958,21135218400,11741788,KSQ
1570,139670,KR7139670004,키네마스터,KOSDAQ,중견기업부,1495,2,-21,-1.39,1516,1541,1440,11332,17080027,21107620950,14118810,KSQ
1571,342870,KR7342870003,오아,KOSDAQ,중견기업부,3870,2,-240,-5.84,4110,4110,3850,1118,4418575,21092262390,5450197,KSQ
1572,080470,KR7080470008,성창오토텍,KOSDAQ,벤처기업부,2870,1,90,3.24,2780,2930,2665,21614,61120705,20951000000,7300000,KSQ
1573,049120,KR7049120009,파인디앤씨,KOSDAQ,벤처기업부,1970,2,-110,-5.29,2065,2125,1970,11640,23687291,20885276110,10601663,KSQ
1574,017250,KR7017250002,인터엠,KOSDAQ,중견기업부,992,1,14,1.43,978,994,960,25487,24911119,20877103264,21045467,KSQ
1575,252500,KR7252500004,세화피앤씨,KOSDAQ,중견기업부,503,1,1,0.2,513,515,499,130057,65476834,20867654170,41486390,KSQ
1576,373110,KR7373110006,엑셀세라퓨틱스,KOSDAQ,기술성장기업부,1201,2,-2,-0.17,1193,1225,1179,32551,39088297,20770567194,17294394,KSQ
1577,065650,KR7065650004,하이퍼코퍼레이션,KOSDAQ,중견기업부,1894,2,-12,-0.63,1935,1935,1873,6927,13152450,20731699378,10945987,KSQ
1578,096690,KR7096690003,에이루트,KOSDAQ,중견기업부,5140,2,-150,-2.84,5290,5390,5040,2321,12118570,20677407880,4022842,KSQ
1579,023770,KR7023770001,플레이위드,KOSDAQ,중견기업부,2290,2,-20,-0.87,2310,2360,2265,16549,38459800,20487473550,8946495,KSQ
1580,377220,KR7377220009,프롬바이오,KOSDAQ,기술성장기업부,715,4,165,30.0,548,715,548,1034181,707982344,20241650000,28310000,KSQ
1581,223310,KR7223310004,사토시홀딩스,KOSDAQ,중견기업부,3885,2,-40,-1.02,3995,3995,3730,11148,42708610,20220034170,5204642,KSQ
1582,014100,KR7014100002,메디앙스,KOSDAQ,중견기업부,1707,1,14,0.83,1693,1709,1651,42426,72023362,20142600000,11800000,KSQ
1583,200350,KR7200350007,아티스트스튜디오,KOSDAQ,기술성장기업부,2010,2,-35,-1.71,2045,2100,1976,8138,16526282,20092010250,9996025,KSQ
1584,032680,KR7032680001,소프트센,KOSDAQ,중견기업부,962,2,-81,-7.77,1038,1038,935,107554,103882543,20063357522,20855881,KSQ
1585,362990,KR7362990004,드림인사이트,KOSDAQ,벤처기업부,1192,2,-27,-2.21,1219,1219,1165,21430,25480562,20026284208,16800574,KSQ
1586,067730,KR7067730002,로지시스,KOSDAQ,중견기업부,2065,2,-10,-0.48,2085,2090,2025,8748,18026820,19976648930,9673922,KSQ
1587,303530,KR7303530000,이노뎁,KOSDAQ,벤처기업부,2715,2,-180,-6.22,2875,2895,2715,4544,12556725,19926196785,7339299,KSQ
1588,054220,KR7054220009,비츠로시스,KOSDAQ,벤처기업부,1573,2,-34,-2.12,1594,1624,1533,90023,143974880,19805038968,12590616,KSQ
1589,238200,KR7238200000,비피도,KOSDAQ,벤처기업부,2420,2,-10,-0.41,2430,2470,2325,3616,8703881,19795600000,8180000,KSQ
1590,354200,KR7354200008,엔젠바이오,KOSDAQ,기술성장기업부,737,0,0,0.0,0,0,0,0,0,19758785750,26809750,KSQ
1591,096870,KR7096870001,엘디티,KOSDAQ,벤처기업부,2360,1,5,0.21,2335,2395,2290,41496,97014520,19701277640,8347999,KSQ
1592,021040,KR7021040001,대호특수강,KOSDAQ,중견기업부,907,2,-29,-3.1,936,968,891,28762,26160396,19686230018,21704774,KSQ
1593,088290,KR7088290002,이원컴포텍,KOSDAQ,관리종목(소속부없음),2455,2,-80,-3.16,2535,2535,2405,1598,3921725,19581256760,7976072,KSQ
1594,154030,KR7154030001,아시아종묘,KOSDAQ,벤처기업부,1620,2,-9,-0.55,1629,1646,1599,11963,19321174,19540224540,12061867,KSQ
1595,424760,KR7424760007,벨로크,KOSDAQ,벤처기업부,1943,2,-177,-8.35,2120,2120,1912,85935,169645265,19535637024,10054368,KSQ
1596,073570,KR7073570004,리튬포어스,KOSDAQ,관리종목(소속부없음),1621,2,-19,-1.16,1700,1700,1560,15988,25785661,19512508688,12037328,KSQ
1597,043360,KR7043360007,디지아이,KOSDAQ,벤처기업부,2165,1,25,1.17,2160,2165,2095,5678,12099190,19485000000,9000000,KSQ
1598,045520,KR7045520004,크린앤사이언스,KOSDAQ,중견기업부,2995,2,-115,-3.7,3100,3230,2900,30319,90549352,19467500000,6500000,KSQ
1599,304840,KR7304840002,피플바이오,KOSDAQ,벤처기업부,795,2,-18,-2.21,813,814,774,44861,35275509,19334924700,24320660,KSQ
1600,098660,KR7098660004,에스티오,KOSDAQ,중견기업부,1546,2,-24,-1.53,1570,1570,1500,7594,11640334,19326508896,12500976,KSQ
1601,415380,KR7415380005,스튜디오삼익,KOSDAQ,중견기업부,1686,1,12,0.72,1674,1694,1656,22931,38419592,19292855850,11442975,KSQ
1602,016100,KR7016100000,리더스코스메틱,KOSDAQ,중견기업부,1008,1,131,14.94,877,1111,869,583452,596185168,19253701152,19100894,KSQ
1603,115570,KR7115570004,스타플렉스,KOSDAQ,중견기업부,2410,2,-65,-2.63,2455,2455,2400,3605,8701625,19242664280,7984508,KSQ
1604,140430,KR7140430000,카티스,KOSDAQ,중견기업부,1799,2,-48,-2.6,1802,1802,1702,16441,28721404,19230423093,10689507,KSQ
1605,214610,KR7214610008,롤링스톤,KOSDAQ,관리종목(소속부없음),2290,0,0,0.0,0,0,0,0,0,19197807380,8383322,KSQ
1606,078860,KR7078860004,아이오케이이엔엠,KOSDAQ,투자주의환기종목(소속부없음),3100,1,110,3.68,2985,3235,2930,25279,77881815,19149282800,6177188,KSQ
1607,455180,KR7455180000,케이지에이,KOSDAQ,벤처기업부,1366,1,92,7.22,1269,1440,1269,69858,96351666,19067059656,13958316,KSQ
1608,419540,KR7419540000,비스토스,KOSDAQ,벤처기업부,3185,2,-75,-2.3,3235,3255,3095,44230,139554925,18977035805,5958253,KSQ
1609,335870,KR7335870002,윙스풋,KOSDAQ,중견기업부,1132,1,21,1.89,1178,1178,1102,4630,5190520,18961535436,16750473,KSQ
1610,038530,KR7038530002,케이바이오랩스,KOSDAQ,중견기업부,819,2,-18,-2.15,813,834,806,38606,31439231,18954009711,23142869,KSQ
1611,291230,KR7291230001,엔피,KOSDAQ,중견기업부,428,1,24,5.94,400,450,389,162589,68805176,18872991700,44095775,KSQ
1612,377330,KR7377330006,이지트로닉스,KOSDAQ,기술성장기업부,2310,2,-60,-2.53,2415,2415,2305,4417,10257830,18803293740,8139954,KSQ
1613,322780,KR7322780008,코퍼스코리아,KOSDAQ,중견기업부,2095,2,-625,-22.98,2400,2665,2020,777303,1847221784,18802268850,8974830,KSQ
1614,039310,KR7039310008,세중,KOSDAQ,중견기업부,1033,1,1,0.1,1032,1057,1011,19751,20500561,18719682011,18121667,KSQ
1615,031860,KR7031860000,디에이치엑스컴퍼니,KOSDAQ,관리종목(소속부없음),693,0,0,0.0,0,0,0,0,0,18714758139,27005423,KSQ
1616,431190,KR7431190008,케이쓰리아이,KOSDAQ,기술성장기업부,2495,1,165,7.08,2320,2620,2255,113957,284582076,18678672790,7486442,KSQ
1617,032280,KR7032280000,삼일,KOSDAQ,중견기업부,1151,2,-30,-2.54,1133,1180,1113,10119,11475602,18661842090,16213590,KSQ
1618,301300,KR7301300000,바이브컴퍼니,KOSDAQ,기술성장기업부,1416,2,-274,-16.21,1974,1979,1411,649097,1126971787,18627072192,13154712,KSQ
1619,137940,KR7137940003,넥스트아이,KOSDAQ,중견기업부,2180,1,20,0.93,2175,2190,1982,45613,96396255,18610439820,8536899,KSQ
1620,054410,KR7054410006,케이피티유,KOSDAQ,중견기업부,3240,2,-40,-1.22,3250,3290,3225,3022,9862465,18553678560,5726444,KSQ
1621,103230,KR7103230009,에스앤더블류,KOSDAQ,중견기업부,2570,1,75,3.01,2565,2570,2430,10986,27622002,18504000000,7200000,KSQ
1622,192390,KR7192390003,윈하이텍,KOSDAQ,벤처기업부,1676,1,8,0.48,1665,1719,1631,49549,83071566,18490015804,11032229,KSQ
1623,076080,KR7076080001,웰크론한텍,KOSDAQ,중견기업부,818,2,-81,-9.01,898,898,812,53560,44757336,18482019608,22594156,KSQ
1624,091970,KR7091970004,LSK아이로봇,KOSDAQ,중견기업부,2445,2,-175,-6.68,2685,2795,2420,25630,63468565,18422537100,7534780,KSQ
1625,069330,KR7069330009,유아이디,KOSDAQ,벤처기업부,1069,2,-1,-0.09,1047,1083,962,36514,37394184,18122301606,16952574,KSQ
1626,038880,KR7038880001,아이에이,KOSDAQ,투자주의환기종목(소속부없음),2410,3,0,0.0,2370,2520,2150,44036,105071727,18109759430,7514423,KSQ
1627,037400,KR7037400009,우리엔터프라이즈,KOSDAQ,중견기업부,680,1,2,0.29,645,698,644,28067,18855532,17831875280,26223346,KSQ
1628,258790,KR7258790005,소프트캠프,KOSDAQ,벤처기업부,3550,2,-140,-3.79,3660,3700,3435,12187,43243636,17743808800,4998256,KSQ
1629,142760,KR7142760008,모아라이프플러스,KOSDAQ,기술성장기업부,419,2,-15,-3.46,455,455,405,146470,61000586,17667964620,42166980,KSQ
1630,365900,KR7365900000,브이씨,KOSDAQ,벤처기업부,2415,1,35,1.47,2295,2500,2275,10558,24747440,17654374500,7310300,KSQ
1631,331520,KR7331520007,밸로프,KOSDAQ,중견기업부,1734,2,-4,-0.23,1675,1742,1675,13925,23882916,17639770452,10172878,KSQ
1632,006050,KR7006050009,국영지앤엠,KOSDAQ,중견기업부,504,2,-24,-4.55,528,531,504,90049,46285351,17587202472,34895243,KSQ
1633,051780,KR7051780005,큐로홀딩스,KOSDAQ,중견기업부,2730,2,-165,-5.7,2895,3050,2700,18235,50029980,17296228950,6335615,KSQ
1634,083470,KR7083470005,이엠앤아이,KOSDAQ,벤처기업부,810,2,-45,-5.26,899,899,760,53220,43140111,17285666490,21340329,KSQ
1635,101680,KR7101680007,한국정밀기계,KOSDAQ,중견기업부,2055,2,-45,-2.14,2180,2180,2025,8689,17907682,17270220000,8404000,KSQ
1636,306040,KR7306040007,에스제이그룹,KOSDAQ,중견기업부,1741,2,-15,-0.85,1800,1800,1730,29625,51991093,17176406548,9865828,KSQ
1637,048830,KR7048830004,엔피케이,KOSDAQ,중견기업부,916,1,79,9.44,837,965,837,102397,93137866,17151113468,18723923,KSQ
1638,236810,KR7236810008,엔비티,KOSDAQ,기술성장기업부,1010,2,-88,-8.01,1098,1098,1000,18718,19322580,17145180260,16975426,KSQ
1639,083640,KR7083640003,인콘,KOSDAQ,벤처기업부,1102,2,-17,-1.52,1119,1149,1075,42225,46713918,17129565140,15544070,KSQ
1640,084440,KR7084440007,유비온,KOSDAQ,기술성장기업부,893,2,-25,-2.72,918,918,863,5149,4603868,17085251953,19132421,KSQ
1641,275630,KR7275630002,에스에스알,KOSDAQ,벤처기업부,3250,1,215,7.08,3035,3320,3035,9116,29020885,17074876000,5253808,KSQ
1642,028080,KR7028080000,휴맥스홀딩스,KOSDAQ,중견기업부,6690,2,-290,-4.15,7330,7510,6000,87634,588684005,16942592250,2532525,KSQ
1643,225590,KR7225590009,패션플랫폼,KOSDAQ,우량기업부,3305,2,-95,-2.79,3400,3410,3280,5638,18626193,16926147680,5121376,KSQ
1644,482680,KR7482680006,미래에셋비전스팩7호,KOSDAQ,SPAC(소속부없음),2055,0,0,0.0,0,0,0,0,0,16881825000,8215000,KSQ
1645,060230,KR7060230000,제이케이시냅스,KOSDAQ,중견기업부,299,0,0,0.0,0,0,0,0,0,16833846809,56300491,KSQ
1646,900340,HK0000449303,윙입푸드,KOSDAQ,외국기업(소속부없음),1336,2,-17,-1.26,1364,1384,1325,14383,19424452,16810529952,12582732,KSQ
1647,241820,KR7241820000,피씨엘,KOSDAQ,관리종목(소속부없음),6040,0,0,0.0,0,0,0,0,0,16803871920,2782098,KSQ
1648,328380,KR7328380001,솔트웨어,KOSDAQ,벤처기업부,2450,2,-75,-2.97,2535,2535,2405,16736,41081930,16788759750,6852555,KSQ
1649,226340,KR7226340008,본느,KOSDAQ,중견기업부,1999,2,-81,-3.89,2080,2085,1980,13621,27394874,16772577516,8390484,KSQ
1650,477380,KR7477380000,미래에셋비전스팩4호,KOSDAQ,SPAC(소속부없음),2065,2,-10,-0.48,2080,2080,2065,1665,3439900,16726500000,8100000,KSQ
1651,060900,KR7060900008,에이전트AI,KOSDAQ,중견기업부,4180,2,-240,-5.43,4420,4420,4010,3720,15422680,16682685140,3991073,KSQ
1652,900300,HK0000312568,오가닉티코스메틱,KOSDAQ,외국기업(소속부없음),2140,2,-130,-5.73,2480,2480,2070,201007,444976803,16649407580,7780097,KSQ
1653,193250,KR7193250008,링크드,KOSDAQ,중견기업부,1244,1,82,7.06,1157,1347,1150,164840,201635499,16630952652,13368933,KSQ
1654,067770,KR7067770008,세진티에스,KOSDAQ,중견기업부,1963,1,236,13.67,1761,2090,1727,47606,90091846,16482512059,8396593,KSQ
1655,239340,KR7239340003,이스트에이드,KOSDAQ,중견기업부,605,1,14,2.37,591,641,561,73071,43794141,16322678570,26979634,KSQ
1656,344860,KR7344860002,이노진,KOSDAQ,기술성장기업부,1351,2,-46,-3.29,1372,1381,1315,11907,15958910,16252530000,12030000,KSQ
1657,101000,KR7101000008,KS인더스트리,KOSDAQ,중견기업부,408,1,6,1.49,391,420,382,100224,40467831,16173914784,39641948,KSQ
1658,418620,KR7418620001,E8,KOSDAQ,기술성장기업부,813,1,13,1.63,800,840,777,229478,184265714,16138437801,19850477,KSQ
1659,279600,KR7279600001,미디어젠,KOSDAQ,벤처기업부,3430,3,0,0.0,3425,3440,3325,490,1675390,16068798830,4684781,KSQ
1660,060480,KR7060480001,국일신동,KOSDAQ,중견기업부,1448,2,-42,-2.82,1477,1477,1412,6731,9712189,16058320000,11090000,KSQ
1661,027580,KR7027580000,상보,KOSDAQ,중견기업부,1356,2,-16,-1.17,1398,1400,1307,28332,38717830,16049961780,11836255,KSQ
1662,023790,KR7023790009,동일스틸럭스,KOSDAQ,중견기업부,1225,2,-92,-6.99,1344,1344,1225,113669,143218570,16010514800,13069808,KSQ
1663,227610,KR7227610003,아우딘퓨쳐스,KOSDAQ,벤처기업부,824,1,12,1.48,814,850,814,42746,35235627,15964646504,19374571,KSQ
1664,083660,KR7083660001,CSA 코스믹,KOSDAQ,중견기업부,253,1,1,0.4,253,264,231,456439,114566843,15895853127,62829459,KSQ
1665,110020,KR7110020005,전진바이오팜,KOSDAQ,기술성장기업부,1751,2,-21,-1.19,1721,1855,1703,6816,11999706,15861892262,9058762,KSQ
1666,200230,KR7200230001,텔콘RF제약,KOSDAQ,중견기업부,2205,2,-70,-3.08,2275,2350,2150,46317,102488762,15770938365,7152353,KSQ
1667,034940,KR7034940007,조아제약,KOSDAQ,중견기업부,508,2,-32,-5.93,540,573,505,741266,395596682,15737752116,30979827,KSQ
1668,0072Z0,KR70072Z0006,KB제33호스팩,KOSDAQ,SPAC(소속부없음),1988,2,-8,-0.4,1986,1993,1986,12764,25402368,15675380000,7885000,KSQ
1669,115610,KR7115610008,이미지스,KOSDAQ,벤처기업부,1319,2,-57,-4.14,1435,1435,1272,91249,118243269,15588956311,11818769,KSQ
1670,372800,KR7372800003,아이티아이즈,KOSDAQ,벤처기업부,2210,1,70,3.27,2340,2780,2145,1190781,3053288729,15552187690,7037189,KSQ
1671,291810,KR7291810000,핀텔,KOSDAQ,기술성장기업부,1366,1,47,3.56,1300,1615,1290,627869,923026754,15529660592,11368712,KSQ
1672,065690,KR7065690000,파커스,KOSDAQ,투자주의환기종목(소속부없음),1105,1,52,4.94,1115,1115,1060,11560,12491289,15524510755,14049331,KSQ
1673,0101C0,KR70101C0008,하나36호스팩,KOSDAQ,SPAC(소속부없음),2005,2,-5,-0.25,2010,2010,2000,17649,35298630,15518700000,7740000,KSQ
1674,065060,KR7065060006,지엔코,KOSDAQ,중견기업부,2590,2,-85,-3.18,2675,2725,2555,7527,19632550,15515099740,5990386,KSQ
1675,113810,KR7113810006,디젠스,KOSDAQ,중견기업부,475,2,-20,-4.04,495,495,471,113604,54429191,15498324225,32628051,KSQ
1676,417180,KR7417180007,핑거스토리,KOSDAQ,중견기업부,4380,1,55,1.27,4325,4490,4260,10151,43939235,15372591120,3509724,KSQ
1677,0130H0,KR70130H0008,엔에이치스팩33호,KOSDAQ,SPAC(소속부없음),1996,2,-9,-0.45,1993,2005,1993,12338,24621430,15369200000,7700000,KSQ
1678,469880,KR7469880009,하나30호스팩,KOSDAQ,관리종목(소속부없음),2100,2,-5,-0.24,2105,2105,2095,317339,667083510,15340500000,7305000,KSQ
1679,085810,KR7085810000,알티캐스트,KOSDAQ,중견기업부,1168,2,-49,-4.03,1217,1223,1146,39172,45520733,15311552608,13109206,KSQ
1680,477340,KR7477340004,에이치엠씨제7호스팩,KOSDAQ,SPAC(소속부없음),2030,3,0,0.0,2030,2035,2030,26923,54655703,15245300000,7510000,KSQ
1681,361670,KR7361670003,삼영에스앤씨,KOSDAQ,기술성장기업부,2680,3,0,0.0,2660,2690,2590,11022,29367210,15189323440,5667658,KSQ
1682,030350,KR7030350003,드래곤플라이,KOSDAQ,관리종목(소속부없음),973,0,0,0.0,0,0,0,0,0,15171092867,15592079,KSQ
1683,148780,KR7148780000,비큐AI,KOSDAQ,기술성장기업부,477,2,-6,-1.24,483,505,446,105926,50414446,14999610825,31445725,KSQ
1684,0044K0,KR70044K0008,삼성스팩10호,KOSDAQ,SPAC(소속부없음),1994,2,-1,-0.05,1994,2000,1990,3201,6382359,14994880000,7520000,KSQ
1685,131760,KR7131760001,파인텍,KOSDAQ,벤처기업부,1724,2,-145,-7.76,1849,1849,1696,121357,213110972,14975208784,8686316,KSQ
1686,191410,KR7191410000,육일씨엔에쓰,KOSDAQ,중견기업부,1336,2,-38,-2.77,1375,1400,1323,107640,145421837,14968884680,11204255,KSQ
1687,154040,KR7154040000,다산솔루에타,KOSDAQ,중견기업부,689,2,-26,-3.64,714,714,681,33751,23581097,14893158046,21615614,KSQ
1688,900110,HK0000057197,딥커머스,KOSDAQ,외국기업(소속부없음),1210,1,15,1.26,1255,1256,1195,21198,26268789,14872813010,12291581,KSQ
1689,0115H0,KR70115H0007,삼성스팩13호,KOSDAQ,SPAC(소속부없음),2000,3,0,0.0,2000,2005,2000,22648,45321793,14700000000,7350000,KSQ
1690,405000,KR7405000001,플라즈맵,KOSDAQ,벤처기업부,3825,2,-95,-2.42,3920,3920,3700,2562,9719645,14682048300,3838444,KSQ
1691,900270,HK0000214814,헝셩그룹,KOSDAQ,외국기업(소속부없음),597,2,-12,-1.97,609,624,592,166518,100407690,14569608288,24404704,KSQ
1692,473050,KR7473050003,유안타제15호스팩,KOSDAQ,SPAC(소속부없음),2075,2,-5,-0.24,2080,2080,2070,2720,5635450,14545750000,7010000,KSQ
1693,368600,KR7368600003,아이씨에이치,KOSDAQ,기술성장기업부,563,2,-37,-6.17,600,617,560,54041,31106685,14522818645,25795415,KSQ
1694,196700,KR7196700009,웹스,KOSDAQ,벤처기업부,999,2,-27,-2.63,1026,1031,996,37396,38086818,14349779856,14364144,KSQ
1695,303030,KR7303030001,지니틱스,KOSDAQ,벤처기업부,1562,1,24,1.56,1540,1945,1500,331280,566280926,14303977512,9157476,KSQ
1696,018620,KR7018620005,우진비앤지,KOSDAQ,벤처기업부,2460,1,5,0.2,2535,2535,2390,8735,21364965,14213530680,5777858,KSQ
1697,377030,KR7377030002,비트맥스,KOSDAQ,관리종목(소속부없음),1327,2,-122,-8.42,1469,1469,1302,17517,23570132,14191415720,10694360,KSQ
1698,285800,KR7285800009,진영,KOSDAQ,벤처기업부,809,2,-32,-3.8,864,864,721,119483,93585766,14139111430,17477270,KSQ
1699,0165X0,KR70165X0006,메리츠제2호스팩,KOSDAQ,SPAC(소속부없음),1947,2,-2,-0.1,1945,1954,1943,80873,157469414,14096280000,7240000,KSQ
1700,478440,KR7478440001,미래에셋비전스팩6호,KOSDAQ,SPAC(소속부없음),2032,1,2,0.1,2035,2035,2025,19673,39923135,14081760000,6930000,KSQ
1701,479880,KR7479880007,한국제15호스팩,KOSDAQ,SPAC(소속부없음),2045,3,0,0.0,2040,2045,2030,16946,34485170,14049150000,6870000,KSQ
1702,0099W0,KR70099W0008,미래에셋비전스팩11호,KOSDAQ,SPAC(소속부없음),2000,3,0,0.0,2005,2005,2000,13597,27196395,14000000000,7000000,KSQ
1703,215480,KR7215480005,토박스코리아,KOSDAQ,중견기업부,1561,2,-122,-7.25,1664,1664,1500,19629,30846369,13970950000,8950000,KSQ
1704,115530,KR7115530008,씨엔플러스,KOSDAQ,중견기업부,1765,2,-111,-5.92,1876,1915,1747,13867,25085594,13915932465,7884381,KSQ
1705,177350,KR7177350006,베셀,KOSDAQ,투자주의환기종목(소속부없음),707,2,-29,-3.94,740,778,697,120077,85800574,13895213269,19653767,KSQ
1706,065770,KR7065770000,CS,KOSDAQ,벤처기업부,1421,2,-77,-5.14,1537,1537,1420,66384,97807742,13791607865,9705565,KSQ
1707,352770,KR7352770002,셀레스트라,KOSDAQ,관리종목(소속부없음),5250,0,0,0.0,0,0,0,0,0,13610136750,2592407,KSQ
1708,309930,KR7309930006,조이웍스앤코,KOSDAQ,중견기업부,703,1,91,14.87,635,791,615,1168235,853589279,13536889967,19255889,KSQ
1709,240600,KR7240600007,유진테크놀로지,KOSDAQ,벤처기업부,1950,2,-115,-5.57,1936,2045,1860,34429,67232488,13509894450,6928151,KSQ
1710,035620,KR7035620004,바른손이앤에이,KOSDAQ,중견기업부,721,1,5,0.7,730,766,708,133138,96744650,13417750878,18609918,KSQ
1711,244460,KR7244460002,올리패스,KOSDAQ,관리종목(소속부없음),1651,0,0,0.0,0,0,0,0,0,13415218661,8125511,KSQ
1712,489480,KR7489480004,키움제11호스팩,KOSDAQ,SPAC(소속부없음),2030,1,5,0.25,2030,2040,2020,31618,64183190,13398000000,6600000,KSQ
1713,247660,KR7247660004,나노씨엠에스,KOSDAQ,기술성장기업부,3080,1,10,0.33,3070,3235,2905,21078,62759030,13379273600,4343920,KSQ
1714,0134X0,KR70134X0004,대신밸런스제20호스팩,KOSDAQ,SPAC(소속부없음),1975,3,0,0.0,1973,1978,1973,20924,41326414,13311500000,6740000,KSQ
1715,308100,KR7308100007,형지글로벌,KOSDAQ,중견기업부,554,1,1,0.18,561,569,530,276420,151253237,13308746432,24023008,KSQ
1716,389680,KR7389680000,유디엠텍,KOSDAQ,기술성장기업부,1594,2,-78,-4.67,1776,1776,1591,41483,67346157,13263184642,8320693,KSQ
1717,123840,KR7123840001,뉴온,KOSDAQ,투자주의환기종목(소속부없음),2070,3,0,0.0,2080,2235,2050,7040,14712580,13176440100,6365430,KSQ
1718,0164H0,KR70164H0007,한국제16호스팩,KOSDAQ,SPAC(소속부없음),1950,2,-1,-0.05,1948,1954,1944,546655,1064419668,13162500000,6750000,KSQ
1719,0096B0,KR70096B0006,삼성스팩12호,KOSDAQ,SPAC(소속부없음),1998,1,1,0.05,1987,1999,1986,9656,19205256,13146840000,6580000,KSQ
1720,481890,KR7481890002,엔에이치스팩31호,KOSDAQ,SPAC(소속부없음),2070,2,-15,-0.72,2085,2085,2065,2975,6155935,13134150000,6345000,KSQ
1721,0099X0,KR70099X0007,IBKS제25호스팩,KOSDAQ,SPAC(소속부없음),2180,0,0,0.0,0,0,0,0,0,13036400000,5980000,KSQ
1722,0097F0,KR70097F0001,미래에셋비전스팩10호,KOSDAQ,SPAC(소속부없음),2000,2,-5,-0.25,1989,2000,1989,5615,11188754,13000000000,6500000,KSQ
1723,009730,KR7009730003,이렘,KOSDAQ,투자주의환기종목(소속부없음),181,0,0,0.0,0,0,0,0,0,12992094206,71779526,KSQ
1724,289010,KR7289010001,아이스크림에듀,KOSDAQ,중견기업부,914,2,-4,-0.44,944,944,897,24157,22106402,12745963984,13945256,KSQ
1725,065420,KR7065420002,에스아이리소스,KOSDAQ,중견기업부,178,0,0,0.0,0,0,0,0,0,12740759222,71577299,KSQ
1726,0093G0,KR70093G0004,미래에셋비전스팩8호,KOSDAQ,SPAC(소속부없음),1990,2,-3,-0.15,1984,1998,1984,9753,19424916,12736000000,6400000,KSQ
1727,489730,KR7489730002,디비금융제13호스팩,KOSDAQ,SPAC(소속부없음),2010,2,-10,-0.5,2010,2025,2010,19158,38644615,12727320000,6332000,KSQ
1728,079950,KR7079950002,인베니아,KOSDAQ,관리종목(소속부없음),920,2,-54,-5.54,972,1030,920,44206,42505252,12695172000,13799100,KSQ
1729,054180,KR7054180005,메디콕스,KOSDAQ,관리종목(소속부없음),2295,0,0,0.0,0,0,0,0,0,12686716395,5527981,KSQ
1730,208640,KR7208640003,썸에이지,KOSDAQ,중견기업부,911,4,210,29.96,701,911,701,229041,199374055,12684786775,13924025,KSQ
1731,471050,KR7471050005,대신밸런스제17호스팩,KOSDAQ,SPAC(소속부없음),2090,3,0,0.0,2090,2100,2085,8738,18262781,12665400000,6060000,KSQ
1732,478390,KR7478390008,KB제29호스팩,KOSDAQ,SPAC(소속부없음),2030,2,-15,-0.73,2040,2045,2030,8785,17870795,12626600000,6220000,KSQ
1733,0037T0,KR70037T0008,KB제32호스팩,KOSDAQ,SPAC(소속부없음),1993,2,-7,-0.35,2000,2000,1993,4525,9020550,12615690000,6330000,KSQ
1734,900100,USU652221081,파이온엑스,KOSDAQ,외국기업(소속부없음),2390,2,-270,-10.15,2660,2665,2285,12160,29030625,12609759500,5276050,KSQ
1735,0054V0,KR70054V0002,엔에이치스팩32호,KOSDAQ,SPAC(소속부없음),2027,2,-3,-0.15,2020,2032,2020,4367,8840613,12600845500,6216500,KSQ
1736,492220,KR7492220009,KB제31호스팩,KOSDAQ,SPAC(소속부없음),2010,3,0,0.0,2010,2010,2005,5229,10484316,12482100000,6210000,KSQ
1737,0131D0,KR70131D0001,키움히어로제2호스팩,KOSDAQ,SPAC(소속부없음),1973,2,-6,-0.3,1973,1979,1963,22295,43901373,12449630000,6310000,KSQ
1738,0088D0,KR70088D0004,메리츠제1호스팩,KOSDAQ,SPAC(소속부없음),2135,2,-5,-0.23,2130,2165,2125,23253,49961965,12372325000,5795000,KSQ
1739,482520,KR7482520004,교보16호스팩,KOSDAQ,SPAC(소속부없음),2022,1,2,0.1,2025,2025,2020,22611,45711022,12334200000,6100000,KSQ
1740,065570,KR7065570004,삼영이엔씨,KOSDAQ,관리종목(소속부없음),764,0,0,0.0,0,0,0,0,0,12295692232,16093838,KSQ
1741,0091W0,KR70091W0006,신영스팩11호,KOSDAQ,SPAC(소속부없음),2020,2,-5,-0.25,2015,2020,2010,10218,20603000,12257360000,6068000,KSQ
1742,250930,KR7250930005,예선테크,KOSDAQ,벤처기업부,370,0,0,0.0,0,0,0,0,0,12210162800,33000440,KSQ
1743,312610,KR7312610009,에이에프더블류,KOSDAQ,투자주의환기종목(소속부없음),599,2,-235,-28.18,880,900,588,833551,612261712,12133875912,20256888,KSQ
1744,002680,KR7002680007,한탑,KOSDAQ,중견기업부,374,0,0,0.0,0,0,0,0,0,12086482826,32316799,KSQ
1745,0041L0,KR70041L0000,하나35호스팩,KOSDAQ,SPAC(소속부없음),2000,2,-15,-0.74,2010,2015,2000,9492,19000174,12060000000,6030000,KSQ
1746,477760,KR7477760003,DB금융스팩12호,KOSDAQ,SPAC(소속부없음),2055,2,-5,-0.24,2055,2065,2050,3238,6647551,12001200000,5840000,KSQ
1747,0132G0,KR70132G0007,교보20호스팩,KOSDAQ,SPAC(소속부없음),1993,1,2,0.1,1991,2000,1991,1970,3926355,11898210000,5970000,KSQ
1748,092600,KR7092600006,앤씨앤,KOSDAQ,벤처기업부,2330,2,-140,-5.67,2495,2495,2295,10388,24437680,11688917990,5016703,KSQ
1749,482690,KR7482690005,대신밸런스제19호스팩,KOSDAQ,SPAC(소속부없음),2070,1,10,0.49,2065,2080,2055,4280,8815050,11623050000,5615000,KSQ
1750,199730,KR7199730003,바이오인프라,KOSDAQ,벤처기업부,2385,1,95,4.15,2300,2490,2300,13818,32921506,11601515295,4864367,KSQ
1751,469900,KR7469900005,하나31호스팩,KOSDAQ,SPAC(소속부없음),2065,3,0,0.0,2065,2080,2065,2397,4949830,11574325000,5605000,KSQ
1752,0071M0,KR70071M0002,삼성스팩11호,KOSDAQ,SPAC(소속부없음),2000,2,-5,-0.25,2000,2005,2000,5607,11214040,11520000000,5760000,KSQ
1753,060240,KR7060240009,스타코링크,KOSDAQ,관리종목(소속부없음),1976,0,0,0.0,0,0,0,0,0,11502414560,5821060,KSQ
1754,477470,KR7477470009,미래에셋비전스팩5호,KOSDAQ,SPAC(소속부없음),2085,2,-20,-0.95,2105,2105,2070,1309,2729300,11425800000,5480000,KSQ
1755,018700,KR7018700005,졸스,KOSDAQ,투자주의환기종목(소속부없음),969,2,-27,-2.71,994,995,946,15715,15277811,11343681834,11706586,KSQ
1756,487360,KR7487360000,신한제14호스팩,KOSDAQ,SPAC(소속부없음),2010,2,-10,-0.5,2010,2020,2010,4536,9117370,11336400000,5640000,KSQ
1757,0105P0,KR70105P0009,유진스팩12호,KOSDAQ,SPAC(소속부없음),2002,1,2,0.1,2000,2005,2000,5458,10921606,11331320000,5660000,KSQ
1758,043590,KR7043590009,웰킵스하이텍,KOSDAQ,중견기업부,834,2,-38,-4.36,872,882,800,12954,11081271,11316029754,13568381,KSQ
1759,474660,KR7474660008,신한제12호스팩,KOSDAQ,SPAC(소속부없음),2050,2,-5,-0.24,2050,2055,2050,3119,6394400,11316000000,5520000,KSQ
1760,474490,KR7474490000,유안타제16호스팩,KOSDAQ,SPAC(소속부없음),2045,2,-5,-0.24,2050,2050,2045,9437,19298820,11267950000,5510000,KSQ
1761,496070,KR7496070004,신한제16호스팩,KOSDAQ,SPAC(소속부없음),2000,2,-15,-0.74,2005,2015,2000,3469,6941585,11240000000,5620000,KSQ
1762,0129K0,KR70129K0006,신한제18호스팩,KOSDAQ,SPAC(소속부없음),1988,1,1,0.05,1987,1990,1983,8884,17655611,11172560000,5620000,KSQ
1763,0096D0,KR70096D0004,미래에셋비전스팩9호,KOSDAQ,SPAC(소속부없음),1999,3,0,0.0,1996,1999,1996,449,896755,10994500000,5500000,KSQ
1764,0098T0,KR70098T0004,교보19호스팩,KOSDAQ,SPAC(소속부없음),2030,3,0,0.0,2020,2030,2020,6,12150,10962000000,5400000,KSQ
1765,079190,KR7079190005,케스피온,KOSDAQ,벤처기업부,571,0,0,0.0,0,0,0,0,0,10950499247,19177757,KSQ
1766,486630,KR7486630007,KB제30호스팩,KOSDAQ,SPAC(소속부없음),2025,3,0,0.0,2030,2035,2025,5412,10959345,10752750000,5310000,KSQ
1767,493790,KR7493790000,유안타제17호스팩,KOSDAQ,SPAC(소속부없음),2010,2,-5,-0.25,2020,2020,2010,2532,5089355,10673100000,5310000,KSQ
1768,0004Y0,KR70004Y0000,디비금융제14호스팩,KOSDAQ,SPAC(소속부없음),2005,3,0,0.0,2005,2010,2000,16569,33220995,10656575000,5315000,KSQ
1769,0130D0,KR70130D0002,신한제17호스팩,KOSDAQ,SPAC(소속부없음),1989,3,0,0.0,1990,1992,1989,8004,15920499,10621260000,5340000,KSQ
1770,489210,KR7489210005,교보17호스팩,KOSDAQ,SPAC(소속부없음),2020,2,-5,-0.25,2020,2025,2010,22338,45108495,10463600000,5180000,KSQ
1771,043100,KR7043100007,알파AI,KOSDAQ,관리종목(소속부없음),520,0,0,0.0,0,0,0,0,0,10457241600,20110080,KSQ
1772,011080,KR7011080009,형지I&C,KOSDAQ,중견기업부,2405,2,-35,-1.43,2570,2570,2315,60327,143973485,10332510110,4296262,KSQ
1773,012340,KR7012340006,뉴인텍,KOSDAQ,투자주의환기종목(소속부없음),914,2,-66,-6.73,979,979,882,229710,215756561,10328485168,11300312,KSQ
1774,466690,KR7466690005,키움히어로제1호스팩,KOSDAQ,SPAC(소속부없음),2015,3,0,0.0,2010,2015,2010,24,48310,10266425000,5095000,KSQ
1775,0041B0,KR70041B0002,교보18호스팩,KOSDAQ,SPAC(소속부없음),2035,2,-10,-0.49,2040,2040,2035,874,1780640,10256400000,5040000,KSQ
1776,478110,KR7478110000,이베스트스팩6호,KOSDAQ,SPAC(소속부없음),2035,3,0,0.0,2035,2040,2030,12890,26179680,10215700000,5020000,KSQ
1777,498390,KR7498390004,한화플러스제5호스팩,KOSDAQ,SPAC(소속부없음),2030,2,-5,-0.25,2035,2045,2030,7349,14956450,10068800000,4960000,KSQ
1778,009620,KR7009620006,삼보산업,KOSDAQ,투자주의환기종목(소속부없음),567,2,-28,-4.71,610,620,565,44536,25769171,9907218216,17473048,KSQ
1779,035290,KR7035290006,골드앤에스,KOSDAQ,중견기업부,2060,2,-110,-5.07,2170,2190,2060,12825,27178770,9821354880,4767648,KSQ
1780,472220,KR7472220003,신영스팩10호,KOSDAQ,SPAC(소속부없음),2085,2,-20,-0.95,2105,2105,2085,1327,2766875,9778650000,4690000,KSQ
1781,488060,KR7488060005,유진스팩11호,KOSDAQ,SPAC(소속부없음),2025,2,-10,-0.49,2035,2040,2015,18204,36920350,9558000000,4720000,KSQ
1782,106080,KR7106080005,케이이엠텍,KOSDAQ,관리종목(소속부없음),1650,0,0,0.0,0,0,0,0,0,9506998050,5761817,KSQ
1783,073190,KR7073190001,듀오백,KOSDAQ,관리종목(소속부없음),784,2,-15,-1.88,786,799,750,13608,10458492,9382943360,11968040,KSQ
1784,050090,KR7050090000,비케이홀딩스,KOSDAQ,투자주의환기종목(소속부없음),398,2,-20,-4.78,418,439,396,115638,48672547,9366824530,23534735,KSQ
1785,225430,KR7225430008,케이엠제약,KOSDAQ,벤처기업부,1675,2,-125,-6.94,1799,1843,1648,140243,238306269,9342161750,5577410,KSQ
1786,368970,KR7368970000,오에스피,KOSDAQ,벤처기업부,1904,1,1,0.05,1903,1985,1902,20681,39600124,9246648432,4856433,KSQ
1787,484130,KR7484130000,하나34호스팩,KOSDAQ,SPAC(소속부없음),2030,2,-10,-0.49,2030,2040,2025,30818,62557490,9175600000,4520000,KSQ
1788,900120,KYG2114A1094,씨엑스아이,KOSDAQ,외국기업(소속부없음),1210,1,1,0.08,1216,1306,1209,61681,76030578,9038288600,7469660,KSQ
1789,469480,KR7469480008,IBKS제24호스팩,KOSDAQ,SPAC(소속부없음),2130,0,0,0.0,0,0,0,0,0,9009900000,4230000,KSQ
1790,473950,KR7473950004,에스케이증권제13호스팩,KOSDAQ,SPAC(소속부없음),2035,2,-10,-0.49,2045,2045,2035,2154,4392040,8994700000,4420000,KSQ
1791,084180,KR7084180009,수성웹툰,KOSDAQ,중견기업부,495,2,-63,-11.29,562,593,480,178431,92841746,8946770085,18074283,KSQ
1792,467930,KR7467930004,IBKS제23호스팩,KOSDAQ,관리종목(소속부없음),2105,2,-10,-0.47,2110,2110,2105,26398,55568284,8904150000,4230000,KSQ
1793,465320,KR7465320000,교보15호스팩,KOSDAQ,SPAC(소속부없음),2335,0,0,0.0,0,0,0,0,0,8896350000,3810000,KSQ
1794,487830,KR7487830002,신한제15호스팩,KOSDAQ,SPAC(소속부없음),2030,2,-15,-0.73,2040,2045,2030,6610,13498110,8830500000,4350000,KSQ
1795,468760,KR7468760004,유진스팩10호,KOSDAQ,SPAC(소속부없음),2080,0,0,0.0,0,0,0,0,0,8819200000,4240000,KSQ
1796,042040,KR7042040006,케이피엠테크,KOSDAQ,중견기업부,3550,2,-160,-4.31,3710,3845,3550,15504,56431985,8771822800,2470936,KSQ
1797,472230,KR7472230002,에스케이증권제11호스팩,KOSDAQ,SPAC(소속부없음),2070,3,0,0.0,2070,2075,2070,2610,5402705,8600850000,4155000,KSQ
1798,0068Y0,KR70068Y0003,비엔케이제3호스팩,KOSDAQ,SPAC(소속부없음),1989,2,-11,-0.55,1990,1999,1989,8249,16412923,8572590000,4310000,KSQ
1799,487720,KR7487720005,키움제10호스팩,KOSDAQ,SPAC(소속부없음),2015,2,-20,-0.98,2020,2025,2015,3957,7976080,8523450000,4230000,KSQ
1800,03481K,KR703481K019,해성산업1우,KOSDAQ,중견기업부,6090,1,10,0.16,6070,6090,6030,25,151270,8388688770,1377453,KSQ
1801,0041J0,KR70041J0004,엘에스스팩1호,KOSDAQ,SPAC(소속부없음),1996,1,1,0.05,1994,1998,1994,6398,12769741,8203560000,4110000,KSQ
1802,025870,KR7025870007,신라에스지,KOSDAQ,중견기업부,2000,2,-235,-10.51,2235,2235,1956,26887,56048619,8000000000,4000000,KSQ
1803,087260,KR7087260006,모바일어플라이언스,KOSDAQ,벤처기업부,242,2,-23,-8.68,266,285,234,1627245,419822686,7877792362,32552861,KSQ
1804,079970,KR7079970000,투비소프트,KOSDAQ,관리종목(소속부없음),596,0,0,0.0,0,0,0,0,0,7646223464,12829234,KSQ
1805,475250,KR7475250007,하나33호스팩,KOSDAQ,SPAC(소속부없음),2055,2,-10,-0.48,2065,2065,2055,2567,5278660,7603500000,3700000,KSQ
1806,474930,KR7474930005,신한제13호스팩,KOSDAQ,SPAC(소속부없음),2085,2,-10,-0.48,2095,2095,2085,616,1286450,7547700000,3620000,KSQ
1807,069920,KR7069920007,엑시온그룹,KOSDAQ,관리종목(소속부없음),805,1,93,13.06,700,915,700,347710,284404537,7483699405,9296521,KSQ
1808,121850,KR7121850002,코이즈,KOSDAQ,관리종목(소속부없음),1411,2,-36,-2.49,1449,1662,1371,24944,36763228,7135425589,5056999,KSQ
1809,276040,KR7276040003,스코넥,KOSDAQ,관리종목(소속부없음),327,0,0,0.0,0,0,0,0,0,7073119545,21630335,KSQ
1810,473000,KR7473000008,에스케이증권제12호스팩,KOSDAQ,SPAC(소속부없음),2055,2,-5,-0.24,2060,2060,2050,1777,3644635,6802050000,3310000,KSQ
1811,475240,KR7475240008,하나32호스팩,KOSDAQ,SPAC(소속부없음),2090,1,5,0.24,2080,2095,2070,1410,2919740,6688000000,3200000,KSQ
1812,008290,KR7008290009,원풍물산,KOSDAQ,투자주의환기종목(소속부없음),303,1,7,2.36,290,320,252,403126,114895846,6165092217,20346839,KSQ
1813,044180,KR7044180008,KD,KOSDAQ,관리종목(소속부없음),205,0,0,0.0,0,0,0,0,0,5477148795,26717799,KSQ
1814,313760,KR7313760001,캐리,KOSDAQ,관리종목(소속부없음),468,0,0,0.0,0,0,0,0,0,5244963048,11207186,KSQ
1815,043090,KR7043090000,더테크놀로지,KOSDAQ,투자주의환기종목(소속부없음),1140,0,0,0.0,0,0,0,0,0,4718944500,4139425,KSQ
1816,052770,KR7052770005,아이톡시,KOSDAQ,관리종목(소속부없음),312,0,0,0.0,0,0,0,0,0,4545457488,14568774,KSQ
1817,203690,KR7203690003,아크솔루션스,KOSDAQ,관리종목(소속부없음),95,1,5,5.56,86,95,81,1357724,117600749,1914945400,20157320,KSQ
1818,021045,KR7021041009,대호특수강우,KOSDAQ,중견기업부,2160,2,-15,-0.69,2175,2175,2000,1297,2631965,1832742720,848492,KSQ
1819,222160,KR7222160004,NPX,KOSDAQ,관리종목(소속부없음),110,1,22,25.0,88,110,85,1289650,118809151,1088388290,9894439,KSQ
1820,032685,KR7032681009,소프트센우,KOSDAQ,중견기업부,13100,2,-510,-3.75,12500,13200,12500,307,3867800,934842200,71362,KSQ
