,Code,ISU_CD,Name,Market,Dept,Close,ChangeCode,Changes,ChagesRatio,Open,High,Low,Volume,Amount,Marcap,Stocks,MarketId
0,005930,KR7005930003,삼성전자,KOSPI,,255500,1,5500,2.2,254000,259000,252500,14031862,3586126499750,1493724184344000,5846278608,STK
1,000660,KR7000660001,SK하이닉스,KOSPI,,1647000,1,51000,3.2,1620000,1683000,1620000,2827810,4660777767500,1203120925155000,730492365,STK
2,005935,KR7005931001,삼성전자우,KOSPI,,191600,1,7500,4.07,185500,192000,185400,2500079,473728452200,153734322494800,802371203,STK
3,402340,KR7402340004,SK스퀘어,KOSPI,,1041000,1,60000,6.12,990000,1049000,983000,455382,464723335600,137332881918000,131923998,STK
4,009150,KR7009150004,삼성전기,KOSPI,,1401000,1,53000,3.93,1367000,1418000,1351000,622762,867415258500,104645868096000,74693696,STK
5,373220,KR7373220003,LG에너지솔루션,KOSPI,,358500,2,-7000,-1.92,366000,373500,357500,288467,104653592250,83889000000000,234000000,STK
6,005380,KR7005380001,현대차,KOSPI,,383500,3,0,0.0,389000,393500,381000,358567,137972816750,78524603261000,204757766,STK
7,207940,KR7207940008,삼성바이오로직스,KOSPI,,1447000,2,-30000,-2.03,1484000,1487000,1433000,45399,65855449500,66983006097000,46290951,STK
8,105560,KR7105560007,KB금융,KOSPI,,172000,2,-5900,-3.32,178000,178300,170800,1344239,232543894644,61006290248000,354687734,STK
9,028260,KR7028260008,삼성물산,KOSPI,,367000,2,-5000,-1.34,371500,372000,352500,395781,143670487250,59515502227000,162167581,STK
10,032830,KR7032830002,삼성생명,KOSPI,,297500,2,-5500,-1.82,305000,305000,294500,292663,87219853000,59500000000000,200000000,STK
11,012450,KR7012450003,한화에어로스페이스,KOSPI,,1055000,1,8000,0.76,1057000,1067000,1036000,62321,65429784500,54399388055000,51563401,STK
12,055550,KR7055550008,신한지주,KOSPI,,110300,2,-4200,-3.67,113600,114600,109800,1115969,124404868750,51780361361700,469450239,STK
13,034020,KR7034020008,두산에너빌리티,KOSPI,,79200,3,0,0.0,80500,80800,78600,1477682,117317996250,50732442763200,640561146,STK
14,000270,KR7000270009,기아,KOSPI,,126500,2,-900,-0.71,132700,132700,125700,977137,124480272525,49387244247000,390412998,STK
15,329180,KR7329180004,HD현대중공업,KOSPI,,436500,1,1500,0.34,435000,443500,431000,185290,80757764000,45815574712500,104961225,STK
16,006400,KR7006400006,삼성SDI,KOSPI,,548000,1,9000,1.67,549000,557000,539000,259044,142089869000,44160870440000,80585530,STK
17,068270,KR7068270008,셀트리온,KOSPI,,188100,1,1000,0.53,189000,189100,186600,270580,50813720450,43755290805600,232617176,STK
18,034730,KR7034730002,SK,KOSPI,,573000,1,28000,5.14,547000,574000,545000,88794,49914992000,41544048819000,72502703,STK
19,012330,KR7012330007,현대모비스,KOSPI,,422000,2,-1500,-0.35,426000,431500,419500,228188,96590757500,37904286870000,89820585,STK
20,086790,KR7086790003,하나금융지주,KOSPI,,134300,2,-5200,-3.73,139500,141000,133700,881360,119964694600,36847588556400,274367748,STK
21,066570,KR7066570003,LG전자,KOSPI,,201500,1,1800,0.9,204000,206500,200500,416253,84206416000,32821254557000,162884638,STK
22,035420,KR7035420009,NAVER,KOSPI,,213500,1,6000,2.89,210500,215000,210000,648091,138236649250,32468330828500,152076491,STK
23,000810,KR7000810002,삼성화재,KOSPI,,663000,2,-39000,-5.56,686000,692000,630000,139506,92461667000,29601274599000,44647473,STK
24,010120,KR7010120004,LS ELECTRIC,KOSPI,,195300,1,3200,1.67,194500,197100,191700,425547,82565048300,29295000000000,150000000,STK
25,005490,KR7005490008,POSCO홀딩스,KOSPI,,337000,2,-5000,-1.46,342000,345000,334500,222733,75266532250,26704394599000,79241527,STK
26,042660,KR7042660001,한화오션,KOSPI,,86800,1,300,0.35,86800,87000,85300,386896,33435862350,26596682599200,306413394,STK
27,267260,KR7267260008,HD현대일렉트릭,KOSPI,,714000,1,8000,1.13,715000,731000,707000,77266,55236654000,25737654390000,36047135,STK
28,010130,KR7010130003,고려아연,KOSPI,,1222000,2,-2000,-0.16,1251000,1254000,1206000,13834,16852873500,25506768118000,20872969,STK
29,298040,KR7298040007,효성중공업,KOSPI,,2732000,1,7000,0.26,2780000,2788000,2687000,37493,102124227000,25474665136000,9324548,STK
30,009540,KR7009540006,HD한국조선해양,KOSPI,,348500,1,4500,1.31,343500,349000,340000,106579,36899184750,24664430926000,70773116,STK
31,316140,KR7316140003,우리금융지주,KOSPI,,33200,2,-1450,-4.18,34550,35300,32950,3083152,103792593875,24461313692400,736786557,STK
32,096770,KR7096770003,SK이노베이션,KOSPI,,138300,1,7500,5.73,130700,139600,130700,1280862,176360451550,23380000580400,169052788,STK
33,138040,KR7138040001,메리츠금융지주,KOSPI,,135500,2,-1400,-1.02,137000,138800,133000,213109,28892006650,22675555491500,167347273,STK
34,042700,KR7042700005,한미반도체,KOSPI,,230000,1,19500,9.26,213500,230000,212500,963556,217909372500,21921806000000,95312200,STK
35,015760,KR7015760002,한국전력,KOSPI,,32150,2,-300,-0.92,32650,32700,31950,860534,27758353750,20639145075550,641964077,STK
36,196170,KR7196170005,알테오젠,KOSDAQ GLOBAL,우량기업부,288500,1,5500,1.94,290500,294000,284250,613855,177550119000,20095505870500,69655133,KSQ
37,051910,KR7051910008,LG화학,KOSPI,,282000,2,-5000,-1.74,284500,288500,277000,181645,51093224250,19907040726000,70592343,STK
38,017670,KR7017670001,SK텔레콤,KOSPI,,92500,1,3500,3.93,90700,93500,90500,911127,83894875450,19868079902500,214790053,STK
39,011200,KR7011200003,HMM,KOSPI,,21050,2,-300,-1.41,21300,21550,20850,876481,18511901550,19855159268500,943237970,STK
40,267250,KR7267250009,HD현대,KOSPI,,240500,1,27000,12.65,214000,242000,213000,272287,64246430250,18997836942500,78993085,STK
41,010140,KR7010140002,삼성중공업,KOSPI,,21400,2,-250,-1.15,21500,21500,20700,3410970,71941017800,18832000000000,880000000,STK
42,006800,KR7006800007,미래에셋증권,KOSPI,,34450,1,1250,3.77,33350,34800,33350,1066118,36546092175,18707075206950,543021051,STK
43,000150,KR7000150003,두산,KOSPI,,1142000,1,17000,1.51,1139000,1155000,1117000,30158,34251980500,18493359570000,16193835,STK
44,018260,KR7018260000,삼성에스디에스,KOSPI,,238000,1,12000,5.31,229500,239500,228500,214444,50517313250,18415916400000,77377800,STK
45,003550,KR7003550001,LG,KOSPI,,121100,1,2800,2.37,119900,121700,118100,355436,42875212550,18309351684400,151192004,STK
46,033780,KR7033780008,KT&G,KOSPI,,172500,2,-2200,-1.26,174700,174800,171700,161014,27834948650,17907303660000,103810456,STK
47,010950,KR7010950004,S-Oil,KOSPI,,157300,1,9400,6.36,153000,164700,152500,918696,147265732700,17709273181600,112582792,STK
48,024110,KR7024110009,기업은행,KOSPI,,20700,2,-450,-2.13,21150,21200,20600,1110330,23078676575,16506715488300,797425869,STK
49,003670,KR7003670007,포스코퓨처엠,KOSPI,,183600,2,-200,-0.11,186000,190100,182200,248865,46132015550,16330525992000,88946220,STK
50,035720,KR7035720002,카카오,KOSPI,,36200,1,850,2.4,35700,36300,35600,1532396,54900035425,16036596488600,442999903,STK
51,086280,KR7086280005,현대글로비스,KOSPI,,206000,1,4000,1.98,202500,209500,202000,127523,26215930500,15450000000000,75000000,STK
52,278470,KR7278470000,에이피알,KOSPI,,394000,2,-12000,-2.96,407500,412000,392500,223630,88944499000,14750633070000,37438155,STK
53,079550,KR7079550000,LIG디펜스앤에어로스페이스,KOSPI,,652000,2,-13000,-1.95,670000,673000,650000,59051,38688275744,14344000000000,22000000,STK
54,064350,KR7064350002,현대로템,KOSPI,,126800,1,400,0.32,127000,128800,125400,162383,20564869200,13839242752400,109142293,STK
55,030200,KR7030200000,KT,KOSPI,,54300,1,500,0.93,54100,54300,53400,163951,8837618800,13684777495500,252021685,STK
56,000720,KR7000720003,현대건설,KOSPI,,119700,1,200,0.17,119300,120200,116800,433776,51580561200,13329285070500,111355765,STK
57,011070,KR7011070000,LG이노텍,KOSPI,,562000,1,6000,1.08,554000,566000,551000,179412,100176904500,13300914134000,23667107,STK
58,272210,KR7272210006,한화시스템,KOSPI,,68800,1,800,1.18,68600,69600,68000,153912,10569898050,12997653963200,188919389,STK
59,005830,KR7005830005,DB손해보험,KOSPI,,195700,2,-7300,-3.6,201500,202500,193800,219058,43093960200,12818418299300,65500349,STK
60,047810,KR7047810007,한국항공우주,KOSPI,,126500,1,1500,1.2,125900,128300,125100,140114,17688513100,12330601035500,97475107,STK
61,078930,KR7078930005,GS,KOSPI,,123900,1,5000,4.21,121600,128700,121600,506916,63479541000,11509751830500,92895495,STK
62,086520,KR7086520004,에코프로,KOSDAQ GLOBAL,중견기업부,82400,1,700,0.86,82600,83700,81400,370938,30519464300,11187954924800,135776152,KSQ
63,003490,KR7003490000,대한항공,KOSPI,,30200,1,1050,3.6,29500,30500,29300,4802580,144654782500,11120263962200,368220661,STK
64,307950,KR7307950006,현대오토에버,KOSPI,,395000,1,10500,2.73,391000,406000,391000,56867,22599463250,10832472890000,27423982,STK
65,003230,KR7003230000,삼양식품,KOSPI,,1417000,2,-7000,-0.49,1420000,1423000,1384000,39339,55273754000,10674282255000,7533015,STK
66,071050,KR7071050009,한국금융지주,KOSPI,,188800,1,2200,1.18,188500,192800,187000,189638,35908676650,10521067289600,55725992,STK
67,323410,KR7323410001,카카오뱅크,KOSPI,,21950,1,150,0.69,21850,22150,21650,552348,12117442900,10472793592150,477120437,STK
68,247540,KR7247540008,에코프로비엠,KOSDAQ GLOBAL,중견기업부,106000,2,-500,-0.47,107500,109300,105100,268846,28684669400,10370026004000,97830434,KSQ
69,259960,KR7259960003,크래프톤,KOSPI,,216500,2,-1500,-0.69,218000,220500,214000,73187,15831226750,9904429659500,45747943,STK
70,005940,KR7005940002,NH투자증권,KOSPI,,26650,1,350,1.33,26600,26800,26300,278290,7391758125,9839342698250,369206105,STK
71,180640,KR7180640005,한진칼,KOSPI,,146000,1,12200,9.12,138100,146900,137100,122595,17700604400,9747292734000,66762279,STK
72,047050,KR7047050000,포스코인터내셔널,KOSPI,,54700,2,-800,-1.44,55200,56100,54100,535419,29538347350,9622976503600,175922788,STK
73,443060,KR7443060009,HD현대마린솔루션,KOSPI,,210500,1,5000,2.43,208000,211500,205500,41674,8731158000,9437443330000,44833460,STK
74,006260,KR7006260004,LS,KOSPI,,299500,1,7500,2.57,300000,309500,296000,110255,33093670750,9344400000000,31200000,STK
75,028050,KR7028050003,삼성E&A,KOSPI,,45850,2,-250,-0.54,46050,46050,44950,912476,41505611200,8986600000000,196000000,STK
76,277810,KR7277810008,레인보우로보틱스,KOSDAQ,기술성장기업부,459000,1,22500,5.15,453000,474000,451000,125719,58184778750,8904534822000,19399858,KSQ
77,0126Z0,KR70126Z0002,삼성에피스홀딩스,KOSPI,,356000,1,500,0.14,358500,362500,356000,28424,10185312750,8858365444000,24883049,STK
78,090430,KR7090430000,아모레퍼시픽,KOSPI,,143300,1,800,0.56,143000,144500,140900,127426,18227450850,8382012364700,58492759,STK
79,036930,KR7036930006,주성엔지니어링,KOSDAQ GLOBAL,우량기업부,178300,1,10300,6.13,170100,179900,169700,866837,152710999750,8287583874300,46481121,KSQ
80,007660,KR7007660004,이수페타시스,KOSPI,,111100,1,5100,4.81,107300,111700,107300,374790,41212630450,8155764230900,73409219,STK
81,161390,KR7161390000,한국타이어앤테크놀로지,KOSPI,,65400,2,-1100,-1.65,67000,67000,64800,126910,8297965950,8101429512600,123875069,STK
82,016360,KR7016360000,삼성증권,KOSPI,,86800,1,200,0.23,87500,87900,86300,156593,13611450400,7751240000000,89300000,STK
83,352820,KR7352820005,하이브,KOSPI,,178500,1,2500,1.42,177500,179400,174600,144345,25623589600,7694570226000,43106836,STK
84,000880,KR7000880005,한화,KOSPI,,137400,1,3700,2.77,135100,138900,133600,161182,21976105750,7327390447800,53328897,STK
85,064400,KR7064400005,LG씨엔에스,KOSPI,,74100,1,1600,2.21,73800,75000,73500,479050,35578139900,7179248746800,96885948,STK
86,039490,KR7039490008,키움증권,KOSPI,,270500,1,2000,0.74,269500,276000,268000,44891,12173793000,7094759478000,26228316,STK
87,021240,KR7021240007,코웨이,KOSPI,,99400,1,1200,1.22,98900,100600,98700,110383,11000482000,7034282144400,70767426,STK
88,047040,KR7047040001,대우건설,KOSPI,,16850,1,100,0.6,16840,17260,16450,3967902,66774967845,6923793700300,410907638,STK
89,326030,KR7326030004,SK바이오팜,KOSPI,,86600,1,200,0.23,87000,87300,85700,66264,5727426600,6781927450000,78313250,STK
90,009830,KR7009830001,한화솔루션,KOSPI,,30050,1,150,0.5,30150,30950,29950,1170102,35444991525,6758020706800,224892536,STK
91,267270,KR7267270007,HD건설기계,KOSPI,,140000,1,4700,3.47,136200,142400,134900,285024,39896189600,6709065580000,47921897,STK
92,005387,KR7005382007,현대차2우B,KOSPI,,184800,1,200,0.11,185800,186900,182700,71721,13223908400,6461334264000,34963930,STK
93,377300,KR7377300009,카카오페이,KOSPI,,47300,1,2500,5.58,46550,48200,46150,492081,23385999025,6398398000500,135272685,STK
94,000500,KR7000500009,가온전선,KOSPI,,212000,1,3500,1.68,218500,228000,208500,308808,66758903250,6312852684000,29777607,STK
95,032640,KR7032640005,LG유플러스,KOSPI,,14760,2,-50,-0.34,14870,14940,14700,749008,11063572555,6264553324320,424427732,STK
96,128940,KR7128940004,한미약품,KOSPI,,473500,1,13000,2.82,463500,486500,455500,151326,71182039250,6066004238500,12810991,STK
97,241560,KR7241560002,두산밥캣,KOSPI,,62800,3,0,0.0,63300,63700,62100,69483,4353740300,6019760882000,95856065,STK
98,000100,KR7000100008,유한양행,KOSPI,,81400,3,0,0.0,82300,82500,80900,108985,8873175350,5992324573400,73615781,STK
99,062040,KR7062040001,산일전기,KOSPI,,191700,1,5200,2.79,193700,197600,189500,270997,52223812000,5874234345000,30642850,STK
100,175330,KR7175330000,JB금융지주,KOSPI,,31000,2,-600,-1.9,31600,31700,30200,842330,26164156925,5782176544000,186521824,STK
101,240810,KR7240810002,원익IPS,KOSDAQ GLOBAL,우량기업부,114800,1,9800,9.33,106000,117000,105700,902304,101769174450,5634831834800,49083901,KSQ
102,039030,KR7039030002,이오테크닉스,KOSDAQ,우량기업부,443000,1,25000,5.98,430500,453000,428000,172408,76365600250,5457560650000,12319550,KSQ
103,001440,KR7001440007,대한전선,KOSPI,,27400,1,450,1.67,27400,27800,27050,694192,18999699750,5370197130400,195992596,STK
104,029780,KR7029780004,삼성카드,KOSPI,,46150,2,-450,-0.97,46500,46650,45900,81970,3785419300,5346887819650,115858891,STK
105,058470,KR7058470006,리노공업,KOSDAQ GLOBAL,우량기업부,66600,1,2300,3.58,64900,66900,64400,403403,26715391500,5075709210000,76211850,KSQ
106,271560,KR7271560005,오리온,KOSPI,,126300,2,-3000,-2.32,129600,129600,124800,84688,10686151900,4992485924400,39528788,STK
107,088350,KR7088350004,한화생명,KOSPI,,5740,2,-370,-6.06,6060,6080,5700,7986264,46643395595,4985362200000,868530000,STK
108,066970,KR7066970005,엘앤에프,KOSPI,,121300,1,400,0.33,123000,123800,118300,642999,77659692750,4935049500600,40684662,STK
109,353200,KR7353200009,대덕전자,KOSPI,,99500,2,-2100,-2.07,102200,104000,97550,1110120,110465798800,4916984037500,49416925,STK
110,036570,KR7036570000,NC,KOSPI,,222000,1,5000,2.3,218500,222500,217000,51793,11384812000,4782772884000,21544022,STK
111,088980,KR7088980008,맥쿼리인프라,KOSPI,,9920,1,10,0.1,9920,9960,9890,568897,5644599020,4750906170560,478921993,STK
112,138930,KR7138930003,BNK금융지주,KOSPI,,15390,2,-430,-2.72,15830,15860,15300,966052,14988396665,4722263767890,306839751,STK
113,034220,KR7034220004,LG디스플레이,KOSPI,,9130,1,90,1.0,9130,9250,9080,2307621,21130667315,4565000000000,500000000,STK
114,028300,KR7028300002,HLB,KOSDAQ,중견기업부,33750,1,950,2.9,33150,34550,33100,466294,15859549925,4495440026250,133198223,KSQ
115,222800,KR7222800005,심텍,KOSDAQ GLOBAL,중견기업부,117900,1,400,0.34,118400,119500,111300,752610,87225634500,4477161481200,37974228,KSQ
116,108490,KR7108490004,로보티즈,KOSDAQ,기술성장기업부,304500,1,56000,22.54,267000,315000,265000,1433047,428180410000,4466110026000,14667028,KSQ
117,454910,KR7454910001,두산로보틱스,KOSPI,,68400,1,2200,3.32,67800,70200,67400,365486,25137366400,4433686632000,64819980,STK
118,051900,KR7051900009,LG생활건강,KOSPI,,294000,1,2500,0.86,291000,294500,286500,37719,11005131750,4402803762000,14975523,STK
119,001450,KR7001450006,현대해상,KOSPI,,51100,2,-2400,-4.49,53100,53100,50400,474757,24314103600,4356185575000,85248250,STK
120,005385,KR7005381009,현대차우,KOSPI,,185600,1,800,0.43,186000,187800,183900,38856,7203255050,4332082176000,23340960,STK
121,010060,KR7010060002,OCI홀딩스,KOSPI,,227500,3,0,0.0,228500,234500,225500,234036,53777433750,4247477780000,18670232,STK
122,004020,KR7004020004,현대제철,KOSPI,,31500,2,-150,-0.47,31550,32250,31100,502816,15872649425,4203542227500,133445785,STK
123,011790,KR7011790003,SKC,KOSPI,,84300,1,400,0.48,84900,85600,83600,59474,5018928450,4181136521400,49598298,STK
124,403870,KR7403870009,HPSP,KOSDAQ GLOBAL,우량기업부,50800,1,600,1.2,50500,51300,48950,1510899,75742271975,4180840000000,82300000,KSQ
125,002380,KR7002380004,KCC,KOSPI,,482000,2,-3000,-0.62,489000,489000,476000,30228,14501352750,4141775872000,8592896,STK
126,052690,KR7052690005,한전기술,KOSPI,,107600,1,200,0.19,107500,108600,105800,163182,17479977300,4112472000000,38220000,STK
127,214450,KR7214450009,파마리서치,KOSDAQ GLOBAL,우량기업부,386500,1,5500,1.44,386000,394500,375000,55756,21636137000,4015598952000,10389648,KSQ
128,298380,KR7298380007,에이비엘바이오,KOSDAQ GLOBAL,기술성장기업부,71400,1,3800,5.62,68500,71900,68400,169255,11915864150,3997504858200,55987463,KSQ
129,000990,KR7000990002,DB하이텍,KOSPI,,89900,1,1800,2.04,88600,90000,87800,271916,24215698350,3911062461200,43504588,STK
130,095340,KR7095340006,ISC,KOSDAQ,우량기업부,182000,1,10300,6.0,173500,184000,173400,171634,30856453500,3857864556000,21197058,KSQ
131,001040,KR7001040005,CJ,KOSPI,,131400,1,2900,2.26,129600,131600,125600,94879,12291940700,3833857537200,29176998,STK
132,082740,KR7082740002,한화엔진,KOSPI,,45600,3,0,0.0,46050,46250,45000,307923,13994001100,3805189675200,83447142,STK
133,000250,KR7000250001,삼천당제약,KOSDAQ,중견기업부,157000,1,1600,1.03,156800,158700,155300,66500,10445159600,3682823104000,23457472,KSQ
134,087010,KR7087010005,펩트론,KOSDAQ,기술성장기업부,157300,1,10700,7.3,148000,162400,147400,129115,20056089100,3667819155000,23317350,KSQ
135,319660,KR7319660007,피에스케이,KOSDAQ,우량기업부,126500,1,4100,3.35,123600,128600,123500,241697,30428749000,3664289321000,28966714,KSQ
136,018880,KR7018880005,한온시스템,KOSPI,,3525,1,30,0.86,3525,3585,3495,2117529,7462514659,3617575495800,1026262552,STK
137,004170,KR7004170007,신세계,KOSPI,,382500,1,3000,0.79,380500,383000,374000,75900,28815392750,3612781732500,9445181,STK
138,008930,KR7008930000,한미사이언스,KOSPI,,52800,1,1300,2.52,51900,54400,51450,320035,16918373000,3611073840000,68391550,STK
139,161890,KR7161890009,한국콜마,KOSPI,,145800,2,-4800,-3.19,150500,152500,143200,345513,50512730800,3441620226600,23605077,STK
140,141080,KR7141080002,리가켐바이오,KOSDAQ GLOBAL,기술성장기업부,92000,1,3700,4.19,89600,93900,89400,161673,14872998900,3405786456000,37019418,KSQ
141,440110,KR7440110005,파두,KOSDAQ,기술성장기업부,67300,1,5800,9.43,61600,68500,61600,467741,30734516700,3372472117100,50111027,KSQ
142,111770,KR7111770004,영원무역,KOSPI,,75000,2,-600,-0.79,75700,76200,74000,57624,4309938900,3323360100000,44311468,STK
143,022100,KR7022100002,포스코DX,KOSPI,,21650,1,250,1.17,21900,21900,20950,507788,10850940975,3291551882850,152034729,STK
144,103590,KR7103590006,일진전기,KOSPI,,68300,1,700,1.04,69000,70100,67600,195528,13398486300,3256912137000,47685390,STK
145,036460,KR7036460004,한국가스공사,KOSPI,,35100,2,-2600,-6.9,37400,37550,34400,528643,18622869800,3240186300000,92313000,STK
146,028670,KR7028670008,팬오션,KOSPI,,5960,1,20,0.34,5920,6160,5860,3012441,18137256465,3186034291520,534569512,STK
147,011780,KR7011780004,금호석유화학,KOSPI,,125900,2,-7200,-5.41,132500,134200,124200,115629,14663911300,3167307217500,25157325,STK
148,035250,KR7035250000,강원랜드,KOSPI,,14750,1,30,0.2,14820,14820,14660,205546,3028533955,3155622375000,213940500,STK
149,257720,KR7257720003,실리콘투,KOSDAQ,우량기업부,48000,2,-500,-1.03,48800,49800,47500,747717,36152013100,3147660096000,65576252,KSQ
150,084370,KR7084370006,유진테크,KOSDAQ,우량기업부,136500,1,5700,4.36,132400,136800,128100,85552,11435680500,3128039733000,22916042,KSQ
151,192820,KR7192820009,코스맥스,KOSPI,,275500,2,-6500,-2.3,281500,283000,266000,126187,34612819250,3126789729500,11349509,STK
152,031980,KR7031980006,피에스케이홀딩스,KOSDAQ,우량기업부,144000,1,14500,11.2,130700,145000,130700,265319,37493067100,3104984880000,21562395,KSQ
153,145020,KR7145020004,휴젤,KOSDAQ,우량기업부,244000,1,3500,1.46,243000,245000,240500,27884,6755066500,3053702212000,12515173,KSQ
154,031210,KR7031210008,서울보증보험,KOSPI,,43650,2,-1200,-2.68,44850,44850,43100,77054,3373188825,3047712752700,69821598,STK
155,023530,KR7023530009,롯데쇼핑,KOSPI,,107500,1,2200,2.09,104700,109000,103400,129111,13826576750,3041041162500,28288755,STK
156,251270,KR7251270005,넷마블,KOSPI,,36300,2,-400,-1.09,36850,37100,35800,131279,4765584000,3018650827500,83158425,STK
157,012750,KR7012750006,에스원,KOSPI,,79200,2,-1100,-1.37,81100,81200,78700,37256,2960193100,3009534897600,37999178,STK
158,302440,KR7302440003,SK바이오사이언스,KOSPI,,37900,1,150,0.4,38050,38150,37650,46060,1744973300,2973503358700,78456553,STK
159,006360,KR7006360002,GS건설,KOSPI,,34250,1,650,1.93,33850,34750,33400,843969,28898042050,2931166032500,85581490,STK
160,017800,KR7017800004,현대엘리베이터,KOSPI,,74900,1,200,0.27,75600,75600,74500,54080,4054258450,2928019636500,39092385,STK
161,336260,KR7336260005,두산퓨얼셀,KOSPI,,43850,1,4850,12.44,40450,44900,39250,1429271,60534800425,2871899885100,65493726,STK
162,139130,KR7139130009,iM금융지주,KOSPI,,18120,2,-930,-4.88,19060,19130,17980,589573,10791033640,2869544952960,158363408,STK
163,009420,KR7009420001,한올바이오파마,KOSPI,,54700,1,800,1.48,54700,55200,53000,180083,9794164250,2857562898600,52240638,STK
164,095610,KR7095610002,테스,KOSDAQ GLOBAL,우량기업부,146800,1,12900,9.63,135000,148800,135000,483943,69298153700,2842048000000,19360000,KSQ
165,375500,KR7375500006,DL이앤씨,KOSPI,,73400,1,900,1.24,72600,74500,71600,324157,23883907750,2840111928200,38693623,STK
166,310210,KR7310210000,보로노이,KOSDAQ,기술성장기업부,153000,1,5800,3.94,148600,154700,145100,51018,7672303200,2834102844000,18523548,KSQ
167,064760,KR7064760002,티씨케이,KOSDAQ GLOBAL,우량기업부,252000,1,11500,4.78,244000,257000,243000,63876,16080283500,2817212832000,11179416,KSQ
168,097950,KR7097950000,CJ제일제당,KOSPI,,183400,2,-2500,-1.34,187000,187000,182800,46433,8530231650,2760937712400,15054186,STK
169,085620,KR7085620003,미래에셋생명,KOSPI,,19920,2,-1080,-5.14,21350,21350,19770,369214,7433031170,2692785600000,135180000,STK
170,004800,KR7004800009,효성,KOSPI,,159000,3,0,0.0,158300,163900,157300,31328,4988488900,2661724713000,16740407,STK
171,007340,KR7007340003,DN오토모티브,KOSPI,,45100,2,-900,-1.96,46650,46950,44850,83013,3768806025,2638840011500,58510865,STK
172,131290,KR7131290009,티에스이,KOSDAQ,우량기업부,236500,1,12500,5.58,231500,240000,227000,80439,18821580500,2616027958500,11061429,KSQ
173,004370,KR7004370003,농심,KOSPI,,430000,2,-500,-0.12,432000,432000,421500,23388,9959000000,2615536060000,6082642,STK
174,011170,KR7011170008,롯데케미칼,KOSPI,,60000,2,-1000,-1.64,61100,63000,58900,212068,12808427450,2566525140000,42775419,STK
175,383220,KR7383220001,F&F,KOSPI,,66900,1,600,0.9,66400,67300,65300,73056,4849074900,2562743317500,38307075,STK
176,003690,KR7003690005,코리안리,KOSPI,,14500,2,-970,-6.27,15320,15350,14380,588471,8627945195,2562454949500,176721031,STK
177,282330,KR7282330000,BGF리테일,KOSPI,,147600,2,-3000,-1.99,152000,152000,143100,49243,7185471500,2551104525600,17283906,STK
178,450080,KR7450080007,에코프로머티,KOSPI,,35850,1,650,1.85,35600,36350,35300,145607,5219459675,2538677239500,70813870,STK
179,026960,KR7026960005,동서,KOSPI,,25450,2,-250,-0.97,25750,25750,25250,48308,1228516725,2537365000000,99700000,STK
180,357780,KR7357780006,솔브레인,KOSDAQ GLOBAL,우량기업부,325000,1,5500,1.72,322500,327500,318500,24244,7831461000,2528033950000,7778566,KSQ
181,489790,KR7489790006,한화비전,KOSPI,,49400,1,700,1.44,49050,49800,48550,80096,3945214250,2494126466000,50488390,STK
182,080220,KR7080220007,제주반도체,KOSDAQ,우량기업부,71800,1,3000,4.36,69500,71800,69500,739648,52398523150,2472995409400,34442833,KSQ
183,004990,KR7004990008,롯데지주,KOSPI,,24750,2,-100,-0.4,24900,25050,24500,96135,2376129775,2466678456000,99663776,STK
184,319400,KR7319400008,현대무벡스,KOSDAQ,우량기업부,22050,1,850,4.01,21700,22450,21650,812946,17884447050,2455841659950,111376039,KSQ
185,001720,KR7001720002,신영증권,KOSPI,,148000,2,-1500,-1.0,150400,154800,146700,6462,962640400,2433120000000,16440000,STK
186,214370,KR7214370009,케어젠,KOSDAQ,벤처기업부,44500,1,650,1.48,44250,45250,43250,72245,3191834350,2390317500000,53715000,KSQ
187,005850,KR7005850003,에스엘,KOSPI,,51400,1,600,1.18,51200,51800,50700,40016,2047249450,2387453928000,46448520,STK
188,483650,KR7483650008,달바글로벌,KOSPI,,190600,1,100,0.05,192000,194800,185000,153715,29055040750,2387439399000,12525915,STK
189,181710,KR7181710005,NHN,KOSPI,,71500,1,5600,8.5,66900,71500,66100,175632,12061870550,2341849438500,32753139,STK
190,000240,KR7000240002,한국앤컴퍼니,KOSPI,,24550,1,150,0.61,24650,24750,24300,43665,1069329525,2330660142000,94935240,STK
191,067310,KR7067310003,하나마이크론,KOSDAQ,중견기업부,34850,1,150,0.43,35000,35650,34600,637598,22331230925,2317206784650,66490869,KSQ
192,204320,KR7204320006,HL만도,KOSPI,,48500,1,850,1.78,48700,49300,47600,334311,16153084225,2277420320000,46957120,STK
193,279570,KR7279570006,케이뱅크,KOSPI,,5600,1,30,0.54,5570,5640,5550,327671,1835930845,2271892845600,405695151,STK
194,347850,KR7347850000,디앤디파마텍,KOSDAQ,기술성장기업부,49200,1,700,1.44,49250,49800,48100,424940,20832329650,2255210362800,45837609,KSQ
195,009970,KR7009970005,영원무역홀딩스,KOSPI,,170900,2,-500,-0.29,173600,173700,167800,6888,1173161100,2213807325300,12953817,STK
196,018670,KR7018670000,SK가스,KOSPI,,238500,1,4500,1.92,235000,243000,233500,16024,3852758250,2210714694000,9269244,STK
197,081660,KR7081660003,미스토홀딩스,KOSPI,,41400,1,500,1.22,41350,41550,40250,80834,3316911950,2198002176000,53091840,STK
198,103140,KR7103140000,풍산,KOSPI,,78400,2,-200,-0.25,78700,81300,78300,95308,7571877700,2197103395200,28024278,STK
199,005440,KR7005440003,현대지에프홀딩스,KOSPI,,11910,2,-90,-0.75,11990,12070,11850,142615,1701244340,2184260640090,183397199,STK
200,030000,KR7030000004,제일기획,KOSPI,,18930,2,-10,-0.05,19030,19040,18850,194114,3669094900,2177730389250,115041225,STK
201,263750,KR7263750002,펄어비스,KOSDAQ,우량기업부,34500,1,3550,11.47,32950,35250,32500,1059533,36198582900,2168114895000,62843910,KSQ
202,178320,KR7178320008,서진시스템,KOSDAQ,중견기업부,33650,1,450,1.36,33700,34300,33150,518409,17464278700,2141847300050,63650737,KSQ
203,007070,KR7007070006,GS리테일,KOSPI,,25400,2,-250,-0.97,25700,25700,24350,246492,6148245600,2123628341000,83607415,STK
204,237690,KR7237690003,에스티팜,KOSDAQ GLOBAL,우량기업부,101200,1,2200,2.22,99600,101700,98800,45260,4541884400,2112715765600,20876638,KSQ
205,058610,KR7058610007,에스피지,KOSDAQ,우량기업부,94200,1,10400,12.41,86500,97200,86500,1109499,103978911850,2089107312000,22177360,KSQ
206,014680,KR7014680003,한솔케미칼,KOSPI,,193100,1,600,0.31,194600,194900,190200,39509,7622087350,2084328351600,10794036,STK
207,069960,KR7069960003,현대백화점,KOSPI,,96200,1,1600,1.69,95000,97200,94800,126294,12095633900,2074544534400,21564912,STK
208,214150,KR7214150005,클래시스,KOSDAQ GLOBAL,우량기업부,31800,1,100,0.32,31750,32100,31000,148648,4699719375,2074493956200,65235659,KSQ
209,073240,KR7073240004,금호타이어,KOSPI,,7180,1,60,0.84,7120,7200,7010,1133406,8069371775,2062528860660,287260287,STK
210,051600,KR7051600005,한전KPS,KOSPI,,45800,1,500,1.1,45700,45900,45000,60054,2735357725,2061000000000,45000000,STK
211,005290,KR7005290002,동진쎄미켐,KOSDAQ,우량기업부,40250,1,500,1.26,40100,40500,39550,190544,7632410850,2051547571500,50970126,KSQ
212,139480,KR7139480008,이마트,KOSPI,,73500,2,-300,-0.41,74000,74500,73200,88259,6502206800,2028292696500,27595819,STK
213,010170,KR7010170009,대한광통신,KOSDAQ,중견기업부,13010,1,160,1.25,13100,13400,12630,3744834,48295854185,2022868436600,155485660,KSQ
214,226950,KR7226950004,올릭스,KOSDAQ GLOBAL,기술성장기업부,95900,1,4100,4.47,93200,97900,91800,122256,11643776950,2019927315000,21062850,KSQ
215,002790,KR7002790004,아모레퍼시픽홀딩스,KOSPI,,26400,1,50,0.19,26400,26500,25850,80605,2114171675,2018495952000,76458180,STK
216,140410,KR7140410002,메지온,KOSDAQ,투자주의환기종목(소속부없음),65000,3,0,0.0,66300,66400,62900,63378,4063037600,1990408810000,30621674,KSQ
217,112610,KR7112610001,씨에스윈드,KOSPI,,46950,1,1050,2.29,46300,48250,46000,184440,8728008875,1979947370850,42171403,STK
218,020150,KR7020150009,롯데에너지머티리얼즈,KOSPI,,36850,1,1200,3.37,36000,37500,35900,163309,6005651450,1929667311550,52365463,STK
219,457190,KR7457190007,이수스페셜티케미컬,KOSPI,,63300,1,500,0.8,63500,64500,62600,102014,6482645600,1912854597600,30218872,STK
220,098460,KR7098460009,고영,KOSDAQ,우량기업부,27900,1,350,1.27,27950,28900,27400,679784,19056680900,1902897542700,68204213,KSQ
221,462870,KR7462870007,시프트업,KOSPI,,31850,2,-150,-0.47,32000,32200,31500,20591,656981300,1870929196500,58741890,STK
222,083650,KR7083650002,비에이치아이,KOSDAQ,우량기업부,60000,1,700,1.18,60100,60200,58800,199320,11863717950,1856662500000,30944375,KSQ
223,089860,KR7089860001,롯데렌탈,KOSPI,,50900,1,500,0.99,50300,51000,49600,89491,4475034650,1848147849200,36309388,STK
224,140860,KR7140860008,파크시스템스,KOSDAQ GLOBAL,우량기업부,262500,1,8500,3.35,256500,267000,253000,17199,4479137000,1838148112500,7002469,KSQ
225,032820,KR7032820003,우리기술,KOSDAQ,벤처기업부,10630,1,130,1.24,10600,10670,10350,1594418,16730780975,1836700425560,172784612,KSQ
226,068760,KR7068760008,셀트리온제약,KOSDAQ,우량기업부,40850,3,0,0.0,41050,41900,40750,47726,1957583625,1813835262200,44402332,KSQ
227,041510,KR7041510009,에스엠,KOSDAQ GLOBAL,우량기업부,79000,1,3700,4.91,76200,79200,74800,109767,8569614000,1808680510000,22894690,KSQ
228,439260,KR7439260001,대한조선,KOSPI,,46950,1,350,0.75,46750,47100,46100,32233,1498652925,1788265873500,38088730,STK
229,475150,KR7475150009,SK이터닉스,KOSPI,,52000,1,2300,4.63,50500,53200,50400,1026770,53585877450,1771484208000,34067004,STK
230,089030,KR7089030001,테크윙,KOSDAQ,중견기업부,47100,1,950,2.06,46250,48075,46050,356144,16729624475,1745226679500,37053645,KSQ
231,030530,KR7030530000,원익홀딩스,KOSDAQ,중견기업부,22500,4,5180,29.91,17500,22500,17500,7137619,144973413300,1737854572500,77237981,KSQ
232,071970,KR7071970008,HD현대마린엔진,KOSPI,,50200,1,700,1.41,49950,50500,49550,65818,3290295200,1702859049000,33921495,STK
233,006040,KR7006040000,동원산업,KOSPI,,38100,1,250,0.66,38050,38350,37700,29379,1116299600,1681765203900,44140819,STK
234,000120,KR7000120006,CJ대한통운,KOSPI,,73400,2,-100,-0.14,74100,74200,73100,26371,1939904350,1674426049600,22812344,STK
235,120110,KR7120110002,코오롱인더,KOSPI,,55800,2,-2400,-4.12,58200,58900,55600,179954,10224587200,1670988585600,29946032,STK
236,096530,KR7096530001,씨젠,KOSDAQ GLOBAL,우량기업부,31900,1,350,1.11,31900,32300,31350,131985,4198222375,1666009208600,52225994,KSQ
237,020560,KR7020560009,아시아나항공,KOSPI,,8080,1,300,3.86,7880,8170,7800,372552,2998372955,1664404944880,205990711,STK
238,023590,KR7023590003,다우기술,KOSPI,,38300,2,-50,-0.13,38950,39250,38100,17588,676803250,1657904049600,43287312,STK
239,008770,KR7008770000,호텔신라,KOSPI,,42200,1,400,0.96,42100,43050,41950,125868,5338517400,1656270706200,39248121,STK
240,395400,KR7395400005,SK리츠,KOSPI,,5380,1,30,0.56,5350,5400,5350,119255,641017485,1619474795600,301017620,STK
241,060370,KR7060370004,LS마린솔루션,KOSDAQ,우량기업부,30900,1,1200,4.04,30100,30900,29950,46627,1421714525,1614180588600,52238854,KSQ
242,000155,KR7000151001,두산우,KOSPI,,401500,1,2000,0.5,399500,404500,396000,3401,1360756000,1604579493000,3996462,STK
243,011210,KR7011210002,현대위아,KOSPI,,57600,1,400,0.7,57900,58500,57000,46391,2667430000,1566436780800,27195083,STK
244,001120,KR7001120005,LX인터내셔널,KOSPI,,40300,2,-150,-0.37,40450,40700,39650,70842,2855029775,1562028000000,38760000,STK
245,322000,KR7322000001,HD현대에너지솔루션,KOSPI,,138900,1,9400,7.26,130100,141000,129800,232625,31985213600,1555680000000,11200000,STK
246,007390,KR7007390008,네이처셀,KOSDAQ,중견기업부,23950,1,50,0.21,24550,24800,23950,165655,4030684475,1543219591200,64435056,KSQ
247,001800,KR7001800002,오리온홀딩스,KOSPI,,25550,1,250,0.99,25600,25750,25300,36990,944515200,1537002458600,60156652,STK
248,294870,KR7294870001,IPARK현대산업개발,KOSPI,,23300,1,100,0.43,23150,23450,23050,109364,2546710825,1535640789000,65907330,STK
249,001430,KR7001430008,세아베스틸지주,KOSPI,,42350,1,1950,4.83,40850,43500,40700,131453,5612061025,1518760739650,35862119,STK
250,0009K0,KR70009K0001,에임드바이오,KOSDAQ,기술성장기업부,23450,1,1050,4.69,22600,23850,22550,74543,1731296575,1516538725450,64671161,KSQ
251,298020,KR7298020009,효성티앤씨,KOSPI,,347000,2,-7500,-2.12,355000,358500,342500,10159,3528273500,1501705654000,4327682,STK
252,006280,KR7006280002,녹십자,KOSPI,,127600,1,600,0.47,128200,128800,125500,9199,1175031850,1491202248800,11686538,STK
253,009155,KR7009151002,삼성전기우,KOSPI,,501000,1,7000,1.42,495500,517000,495500,18269,9225925750,1456398984000,2906984,STK
254,097230,KR7097230007,HJ중공업,KOSPI,,16110,1,40,0.25,16080,16240,15890,119936,1926807975,1454657991840,90295344,STK
255,950160,KR8840120008,코오롱티슈진,KOSDAQ,외국기업(소속부없음),17100,1,190,1.12,16910,17250,16610,701874,11889934565,1452989736000,84970160,KSQ
256,241710,KR7241710003,코스메카코리아,KOSDAQ GLOBAL,우량기업부,134500,1,300,0.22,135100,136100,130600,87987,11791225700,1436460000000,10680000,KSQ
257,131970,KR7131970006,두산테스나,KOSDAQ GLOBAL,우량기업부,74300,2,-600,-0.8,75900,77700,73600,175351,13139190000,1436013783400,19327238,KSQ
258,039200,KR7039200001,오스코텍,KOSDAQ,벤처기업부,36600,1,700,1.95,36100,37000,35400,152390,5545006525,1400249241600,38258176,KSQ
259,229640,KR7229640008,LS에코에너지,KOSPI,,45600,1,1950,4.47,44350,45800,44350,44494,2014069725,1396494482400,30624879,STK
260,035900,KR7035900000,JYP Ent.,KOSDAQ GLOBAL,우량기업부,39300,1,800,2.08,38850,39450,38600,166859,6531825325,1396426935600,35532492,KSQ
261,089970,KR7089970008,브이엠,KOSDAQ,우량기업부,52800,1,900,1.73,52900,54200,51300,586790,30948631150,1390053192000,26326765,KSQ
262,00680K,KR700680K019,미래에셋증권2우B,KOSPI,,10900,1,250,2.35,10800,10990,10720,176194,1917509110,1387255535000,127271150,STK
263,323280,KR7323280008,태성,KOSDAQ,중견기업부,44850,1,1400,3.22,44500,45500,43150,220104,9771093900,1369628403000,30537980,KSQ
264,012630,KR7012630000,HDC,KOSPI,,22650,1,50,0.22,22650,22800,22400,45149,1019309100,1353149980650,59741721,STK
265,281820,KR7281820001,케이씨텍,KOSPI,,68100,1,5700,9.13,63400,68500,63400,220443,14628522950,1348288814100,19798661,STK
266,069620,KR7069620003,대웅제약,KOSPI,,116100,1,1300,1.13,116000,118200,114600,25059,2927628550,1345201357500,11586575,STK
267,082920,KR7082920000,비츠로셀,KOSDAQ GLOBAL,우량기업부,29800,1,1550,5.49,28200,30300,26900,760097,22152848375,1345156414600,45139477,KSQ
268,093370,KR7093370005,후성,KOSPI,,12500,1,250,2.04,12430,12640,12350,1074288,13452773680,1340691625000,107255330,STK
269,280360,KR7280360009,롯데웰푸드,KOSPI,,145500,2,-1100,-0.75,144700,148300,142400,19450,2825575650,1339265517000,9204574,STK
270,007310,KR7007310006,오뚜기,KOSPI,,334000,2,-2000,-0.6,336500,337000,331000,2885,961761000,1338615220000,4007830,STK
271,361610,KR7361610009,SK아이이테크놀로지,KOSPI,,16280,1,490,3.1,15710,16430,15670,612818,9951116800,1331493988000,81787100,STK
272,078600,KR7078600004,대주전자재료,KOSDAQ,우량기업부,84600,1,2000,2.42,83600,85900,83300,73515,6222772000,1328570074800,15704138,KSQ
273,415640,KR7415640002,KB발해인프라,KOSPI,,10600,2,-20,-0.19,10530,10740,10450,134106,1412326075,1298982808800,122545548,STK
274,005070,KR7005070008,코스모신소재,KOSPI,,39000,1,450,1.17,38550,39400,38400,45849,1780581575,1295368269000,33214571,STK
275,000815,KR7000811000,삼성화재우,KOSPI,,430500,2,-11000,-2.49,442500,442500,427000,17318,7516966000,1294522110000,3007020,STK
276,290650,KR7290650001,엘앤씨바이오,KOSDAQ,우량기업부,47900,2,-700,-1.44,48900,49250,46850,125833,6025911175,1291848821600,26969704,KSQ
277,183300,KR7183300003,코미코,KOSDAQ,우량기업부,25100,1,800,3.29,24300,25550,24100,334999,8362646300,1289218202500,51363275,KSQ
278,066575,KR7066571001,LG전자우,KOSPI,,74800,1,900,1.22,75000,75500,74100,49423,3699730700,1285161165200,17181299,STK
279,001740,KR7001740000,SK네트웍스,KOSPI,,6400,1,10,0.16,6380,6450,6270,584089,3710318525,1283800889600,200593889,STK
280,218410,KR7218410009,RFHIC,KOSDAQ,우량기업부,48300,1,1900,4.09,47150,48500,46450,270170,12868671675,1283593848600,26575442,KSQ
281,420770,KR7420770000,기가비스,KOSDAQ,우량기업부,101200,1,1300,1.3,100100,102500,99400,62256,6310722600,1282786709600,12675758,KSQ
282,003540,KR7003540002,대신증권,KOSPI,,26500,1,150,0.57,26450,26900,26300,37778,1002958700,1263152339000,47666126,STK
283,003380,KR7003380003,하림지주,KOSDAQ GLOBAL,우량기업부,11020,1,130,1.19,10890,11200,10810,371509,4111505885,1234301943420,112005621,KSQ
284,127120,KR7127120004,제이에스링크,KOSDAQ,벤처기업부,33600,1,3700,12.37,30100,35150,29800,468934,15529981575,1230955051200,36635567,KSQ
285,300720,KR7300720000,한일시멘트,KOSPI,,16670,2,-110,-0.66,16900,16910,16410,62465,1037498960,1225998634030,73545209,STK
286,007810,KR7007810005,코리아써키트,KOSPI,,51000,2,-400,-0.78,52100,52400,49700,305348,15552463750,1223113620000,23982620,STK
287,475830,KR7475830006,오름테라퓨틱,KOSDAQ,기술성장기업부,55900,1,1400,2.57,55900,57000,53200,83639,4619714250,1214125081000,21719590,KSQ
288,192080,KR7192080000,더블유게임즈,KOSPI,,57200,2,-800,-1.38,58100,58500,57000,34605,1985365950,1211122369600,21173468,STK
289,195940,KR7195940002,HK이노엔,KOSDAQ GLOBAL,우량기업부,42050,1,300,0.72,42150,42900,41400,78457,3308147650,1191271916550,28329891,KSQ
290,004000,KR7004000006,롯데정밀화학,KOSPI,,45700,2,-400,-0.87,46250,46700,45300,61652,2818961200,1179060000000,25800000,STK
291,017960,KR7017960006,한국카본,KOSPI,,22550,1,200,0.89,22500,22750,22350,134978,3046182375,1165304759300,51676486,STK
292,046070,KR7046070009,코다코,KOSDAQ,관리종목(소속부없음),82300,0,0,0.0,0,0,0,0,0,1160395104800,14099576,KSQ
293,030610,KR7030610000,교보증권,KOSPI,,10100,1,50,0.5,10030,10210,9990,54289,544995255,1151025906100,113962961,STK
294,043260,KR7043260009,성호전자,KOSDAQ,우량기업부,15670,1,70,0.45,15750,16170,15490,893203,14070777385,1150703759840,73433552,KSQ
295,001820,KR7001820000,삼화콘덴서,KOSPI,,109800,1,4800,4.57,107000,113200,105400,515545,56793320450,1141371000000,10395000,STK
296,330590,KR7330590001,롯데리츠,KOSPI,,3925,1,65,1.68,3810,3925,3750,109406,425498645,1134202869700,288968884,STK
297,000210,KR7000210005,DL,KOSPI,,53600,2,-1400,-2.55,54400,55400,53300,57884,3128266800,1123235382400,20955884,STK
298,204270,KR7204270003,제이앤티씨,KOSDAQ,중견기업부,19130,1,730,3.97,18570,19340,18190,562705,10569515150,1106641154580,57848466,KSQ
299,003530,KR7003530003,한화투자증권,KOSPI,,5100,1,420,8.97,4850,5330,4850,7287579,37637231861,1094193652500,214547775,STK
300,000080,KR7000080002,하이트진로,KOSPI,,15540,2,-50,-0.32,15700,15730,15420,63410,984573730,1089876314940,70133611,STK
301,496320,KR7496320003,본시스템즈,KONEX,일반기업부,1023000,0,0,0.0,0,0,0,0,0,1039340379000,1015973,KNX
302,006110,KR7006110001,삼아알미늄,KOSPI,,68700,2,-500,-0.72,69400,71500,67400,116878,8192335950,1038981358500,15123455,STK
303,437730,KR7437730005,삼현,KOSDAQ,기술성장기업부,32550,1,3050,10.34,30950,33450,30850,289982,9305200950,1032081305850,31707567,KSQ
304,006340,KR7006340004,대원전선,KOSPI,,12930,1,490,3.94,12580,13000,12580,1358081,17416396765,1013898398880,78414416,STK
305,347700,KR7347700007,스피어,KOSDAQ,기술성장기업부,19520,1,940,5.06,19200,20550,19120,850233,16850865050,1006282586240,51551362,KSQ
306,003240,KR7003240009,태광산업,KOSPI,,901000,2,-38000,-4.05,950000,951000,891000,2029,1845143500,1003173400000,1113400,STK
307,032350,KR7032350001,롯데관광개발,KOSPI,,12530,2,-30,-0.24,12700,12810,12530,118947,1504903430,998959988740,79725458,STK
308,192400,KR7192400000,쿠쿠홀딩스,KOSPI,,27850,1,200,0.72,27950,27950,27600,4243,117665225,990406852250,35562185,STK
309,051915,KR7051911006,LG화학우,KOSPI,,128800,2,-1200,-0.92,128300,131500,126500,10456,1338148400,990317440000,7688800,STK
310,166090,KR7166090001,하나머티리얼즈,KOSDAQ,우량기업부,49900,1,350,0.71,50200,51000,48050,173022,8540746125,986905932600,19777674,KSQ
311,000370,KR7000370007,한화손해보험,KOSPI,,8420,2,-530,-5.92,8930,8950,8320,1307967,11143704025,982941664300,116738915,STK
312,003090,KR7003090008,대웅,KOSPI,,16860,2,-340,-1.98,17190,17240,16780,52719,893235655,980273782800,58141980,STK
313,086450,KR7086450004,동국제약,KOSDAQ GLOBAL,우량기업부,21600,2,-200,-0.92,22500,23250,20850,747610,16371932000,976977072000,45230420,KSQ
314,293490,KR7293490009,카카오게임즈,KOSDAQ GLOBAL,중견기업부,9030,1,200,2.27,8870,9290,8860,241522,2192656215,963909742950,106745265,KSQ
315,232140,KR7232140004,와이씨,KOSDAQ,우량기업부,11730,2,-20,-0.17,11910,11930,11420,1569759,18374405415,962391955500,82045350,KSQ
316,285130,KR7285130001,SK케미칼,KOSPI,,55200,1,300,0.55,54700,56200,54600,110283,6134602900,954891883200,17298766,STK
317,451800,KR7451800007,한화리츠,KOSPI,,5310,1,180,3.51,5130,5310,5130,53966,283126450,953676000000,179600000,STK
318,030190,KR7030190003,NICE평가정보,KOSPI,,16250,1,130,0.81,16180,16450,16150,148268,2414062190,946867041250,58268741,STK
319,077970,KR7077970002,STX엔진,KOSPI,,23550,1,100,0.43,23600,24000,23250,73803,1737249650,945486883650,40148063,STK
320,185750,KR7185750007,종근당,KOSPI,,68000,2,-200,-0.29,68500,68500,67500,16783,1140096950,938589040000,13802780,STK
321,003570,KR7003570009,SNT다이내믹스,KOSPI,,28200,2,-250,-0.88,29100,29100,28200,15415,438625100,937726055400,33252697,STK
322,034230,KR7034230003,파라다이스,KOSPI,,10090,1,270,2.75,9910,10160,9890,378011,3807387285,934630464380,92629382,STK
323,036540,KR7036540003,SFA반도체,KOSDAQ,중견기업부,5610,2,-10,-0.18,5640,5720,5500,1189923,6664729445,922622299830,164460303,KSQ
324,006120,KR7006120000,SK디스커버리,KOSPI,,52900,2,-1000,-1.86,53900,54100,52600,16710,890020950,921187427900,17413751,STK
325,003470,KR7003470002,유안타증권,KOSPI,,4745,1,45,0.96,4750,4825,4690,286569,1362016775,914267083990,192680102,STK
326,005300,KR7005300009,롯데칠성,KOSPI,,98300,3,0,0.0,99100,99100,97500,8938,876909050,912114297200,9278884,STK
327,079160,KR7079160008,CJ CGV,KOSPI,,5400,1,190,3.65,5260,5410,5220,332429,1779635180,894147103800,165582797,STK
328,004490,KR7004490009,세방전지,KOSPI,,64400,2,-2100,-3.16,68800,69400,63900,106947,7046202050,892584000000,13860000,STK
329,009450,KR7009450008,경동나비엔,KOSPI,,61000,1,700,1.16,60400,61600,60400,43634,2662827200,888684112000,14568592,STK
330,003160,KR7003160009,디아이,KOSPI,,31250,1,800,2.63,30500,32150,29700,756546,23634145250,884375000000,28300000,STK
331,036830,KR7036830008,솔브레인홀딩스,KOSDAQ GLOBAL,우량기업부,43100,1,1600,3.86,42350,44650,42150,47776,2085659150,883721581100,20503981,KSQ
332,356860,KR7356860007,티엘비,KOSDAQ,우량기업부,37150,2,-500,-1.33,37800,38350,35200,835980,30735231150,880501809000,23701260,KSQ
333,009240,KR7009240003,한샘,KOSPI,,37400,1,400,1.08,37450,37900,37200,24270,909598450,880168907200,23533928,STK
334,071320,KR7071320006,지역난방공사,KOSPI,,75600,2,-900,-1.18,76500,77000,74900,11947,904887100,875353046400,11578744,STK
335,491000,KR7491000006,리브스메드,KOSDAQ,기술성장기업부,34500,1,1200,3.6,33200,35750,33000,190982,6640045525,871306849500,25255271,KSQ
336,100090,KR7100090000,SK오션플랜트,KOSPI,,13860,1,960,7.44,12900,14100,12660,2469181,33705404150,865946867940,62478129,STK
337,115180,KR7115180002,큐리언트,KOSDAQ,벤처기업부,23050,1,3400,17.3,19960,23300,18830,658970,14055225720,865162180550,37534151,KSQ
338,071055,KR7071051007,한국금융지주우,KOSPI,,146400,2,-1400,-0.95,148800,150050,146400,8588,1274632050,857647946400,5858251,STK
339,101490,KR7101490001,에스앤에스텍,KOSDAQ GLOBAL,우량기업부,40050,1,750,1.91,39650,40550,39550,143540,5747479250,854461903950,21334879,KSQ
340,056190,KR7056190002,SFA,KOSDAQ GLOBAL,우량기업부,23700,2,-200,-0.84,24100,24600,23600,61333,1466849300,851037612000,35908760,KSQ
341,033790,KR7033790007,피노,KOSDAQ,중견기업부,10200,1,1370,15.52,8940,10470,8740,5902675,58513548475,849883247400,83321887,KSQ
342,065350,KR7065350001,신성델타테크,KOSDAQ,우량기업부,30900,1,1650,5.64,29550,31150,29550,116625,3578341975,849253993200,27483948,KSQ
343,499790,KR7499790004,GS피앤엘,KOSPI,,42800,1,1400,3.38,41600,43600,41100,46330,1989206750,848759994800,19830841,STK
344,195870,KR7195870001,해성디에스,KOSPI,,49900,1,300,0.6,49900,50400,48700,79711,3956450700,848300000000,17000000,STK
345,005180,KR7005180005,빙그레,KOSPI,,90300,2,-1700,-1.85,92000,94300,89600,58732,5365471800,836993499300,9269031,STK
346,124500,KR7124500000,아이티센글로벌,KOSDAQ,우량기업부,35650,1,2950,9.02,35800,36500,34250,716786,25440886875,827241387550,23204527,KSQ
347,041830,KR7041830001,인바디,KOSDAQ,우량기업부,61100,1,1500,2.52,59800,63000,59200,48139,2938140500,823681890200,13480882,KSQ
348,252990,KR7252990007,샘씨엔에스,KOSDAQ,우량기업부,13660,1,620,4.75,13150,13920,12890,509662,6903980910,822576363740,60217889,KSQ
349,445680,KR7445680002,큐리옥스바이오시스템즈,KOSDAQ,기술성장기업부,47650,2,-750,-1.55,49100,49100,46000,78077,3720587700,820127355550,17211487,KSQ
350,014620,KR7014620009,성광벤드,KOSDAQ GLOBAL,우량기업부,30850,1,450,1.48,30200,30900,29550,103199,3141524900,819294679400,26557364,KSQ
351,458870,KR7458870003,씨어스,KOSDAQ,기술성장기업부,21350,1,650,3.14,21000,22600,20450,210526,4524769425,818673478700,38345362,KSQ
352,005090,KR7005090006,SGC에너지,KOSPI,,56100,1,2700,5.06,54400,58900,53000,193622,10910160250,808363581300,14409333,STK
353,213420,KR7213420003,덕산네오룩스,KOSDAQ,우량기업부,32250,1,1200,3.86,31150,32600,30800,149818,4791744825,800805522750,24831179,KSQ
354,031330,KR7031330004,에스에이엠티,KOSDAQ,우량기업부,7970,1,250,3.24,7740,8010,7730,273974,2168022005,796960683990,99995067,KSQ
355,100790,KR7100790005,미래에셋벤처투자,KOSDAQ,우량기업부,14980,1,1110,8.0,14240,15180,14150,541878,7924996370,795746258440,53120578,KSQ
356,083450,KR7083450007,GST,KOSDAQ,우량기업부,43000,1,1850,4.5,41750,43000,41750,111774,4758025750,792490000000,18430000,KSQ
357,476830,KR7476830005,알지노믹스,KOSDAQ,기술성장기업부,28200,1,1800,6.82,26850,28850,26450,228914,6372116750,791163295200,28055436,KSQ
358,122870,KR7122870009,와이지엔터테인먼트,KOSDAQ GLOBAL,우량기업부,41950,1,1300,3.2,41100,42150,40700,90470,3781065425,784089505550,18691049,KSQ
359,038500,KR7038500005,삼표시멘트,KOSDAQ GLOBAL,우량기업부,7210,1,30,0.42,7220,7310,7100,245619,1763154275,778076566260,107916306,KSQ
360,003850,KR7003850005,보령,KOSPI,,9040,1,140,1.57,8970,9080,8970,78942,713778285,775516351280,85787207,STK
361,099320,KR7099320004,쎄트렉아이,KOSDAQ,우량기업부,70700,1,3300,4.9,68000,71800,68000,42762,3029446800,774255354600,10951278,KSQ
362,298050,KR7298050006,HS효성첨단소재,KOSPI,,172800,2,-2500,-1.43,179000,179000,172200,7867,1367478500,774135014400,4479948,STK
363,950260,KR8840280000,인제니아테라퓨틱스(Reg.S),KOSDAQ,기술성장기업부,15580,2,-240,-1.52,16120,16290,15060,2805231,43576193710,770346977060,49444607,KSQ
364,032190,KR7032190001,다우데이타,KOSDAQ,우량기업부,20000,2,-350,-1.72,20350,20800,19950,65156,1315402995,766000000000,38300000,KSQ
365,388720,KR7388720005,유일로보틱스,KOSDAQ,벤처기업부,65000,1,2500,4.0,63700,67200,63700,29943,1972341050,765787425000,11781345,KSQ
366,225570,KR7225570001,넥슨게임즈,KOSDAQ,중견기업부,11600,1,420,3.76,11270,11660,11070,106248,1213783210,763978018400,65860174,KSQ
367,365550,KR7365550003,ESR켄달스퀘어리츠,KOSPI,,3085,2,-35,-1.12,3180,3180,3050,210043,647065694,759184565000,246089000,STK
368,085660,KR7085660009,차바이오텍,KOSDAQ,중견기업부,8090,1,170,2.15,8040,8150,7960,148352,1198343950,752150324140,92972846,KSQ
369,214320,KR7214320004,이노션,KOSPI,,18770,2,-10,-0.05,18880,18930,18670,42078,789917985,750800000000,40000000,STK
370,090710,KR7090710005,휴림로봇,KOSDAQ,중견기업부,6270,1,210,3.47,6160,6410,6160,1500292,9450393005,749635111830,119559029,KSQ
371,476060,KR7476060009,온코닉테라퓨틱스,KOSDAQ,기술성장기업부,16440,2,-670,-3.92,16800,16960,16140,475310,7841803440,746504889600,45407840,KSQ
372,090360,KR7090360009,로보스타,KOSDAQ,중견기업부,76400,1,6300,8.99,72900,80150,72900,393971,30599032500,744900000000,9750000,KSQ
373,137310,KR7137310009,에스디바이오센서,KOSPI,,6160,2,-20,-0.32,6200,6280,6030,90435,560658920,743814468320,120749102,STK
374,417200,KR7417200003,LS머트리얼즈,KOSDAQ,중견기업부,10960,1,410,3.89,10740,10980,10640,250087,2718446785,741473142640,67652659,KSQ
375,119850,KR7119850006,지엔씨에너지,KOSDAQ,우량기업부,44900,1,3050,7.29,41950,45000,41950,415177,18179724950,738556014100,16448909,KSQ
376,090460,KR7090460007,비에이치,KOSPI,,21850,1,2120,10.75,19980,22200,19920,2926725,62601895115,736597105300,33711538,STK
377,036530,KR7036530004,SNT홀딩스,KOSPI,,45150,2,-550,-1.2,45150,45500,45000,8521,385206900,736120452900,16303886,STK
378,281740,KR7281740001,레이크머티리얼즈,KOSDAQ,우량기업부,11060,1,60,0.55,11100,11290,10960,275499,3051209190,726979860880,65730548,KSQ
379,035760,KR7035760008,CJ ENM,KOSDAQ GLOBAL,중견기업부,33050,1,850,2.64,32200,33750,32150,72353,2398008650,724758539700,21929154,KSQ
380,000670,KR7000670000,영풍,KOSPI,,39300,2,-700,-1.75,40550,40550,39300,20521,813999950,723539841900,18410683,STK
381,388210,KR7388210007,씨엠티엑스,KOSDAQ,벤처기업부,74800,1,6200,9.04,68800,76200,68800,72325,5388054950,722151962400,9654438,KSQ
382,006730,KR7006730006,서부T&D,KOSDAQ GLOBAL,우량기업부,11210,1,100,0.9,11210,11550,11000,267576,3036543750,720544306830,64276923,KSQ
383,041960,KR7041960006,코미팜,KOSDAQ,벤처기업부,9710,1,330,3.52,9300,9920,9300,416802,4058269390,717437866450,73886495,KSQ
384,033100,KR7033100009,제룡전기,KOSDAQ GLOBAL,우량기업부,44350,1,450,1.03,44500,45100,44050,53756,2391655175,712367839150,16062409,KSQ
385,456040,KR7456040005,OCI,KOSPI,,79300,2,-500,-0.63,80000,80600,78600,25058,1991498950,709932853500,8952495,STK
386,137400,KR7137400008,피엔티,KOSDAQ GLOBAL,우량기업부,29450,1,250,0.86,29500,30150,29300,62147,1840388700,697691939600,23690728,KSQ
387,064960,KR7064960008,SNT모티브,KOSPI,,26250,2,-550,-2.05,27100,27100,26250,41973,1114046625,696682140000,26540272,STK
388,251970,KR7251970000,펌텍코리아,KOSDAQ GLOBAL,우량기업부,55300,2,-2200,-3.83,57500,57500,53500,159181,8744596950,685720000000,12400000,KSQ
389,171090,KR7171090004,선익시스템,KOSDAQ,우량기업부,67200,1,2500,3.86,65300,67900,63700,57747,3803184000,680576467200,10127626,KSQ
390,005880,KR7005880000,대한해운,KOSPI,,2105,1,30,1.45,2070,2145,2065,1806034,3802978008,679383150700,322747340,STK
391,189300,KR7189300007,인텔리안테크,KOSDAQ,우량기업부,63100,1,2400,3.95,61400,64000,61400,48569,3068775100,677536060700,10737497,KSQ
392,074600,KR7074600008,원익QnC,KOSDAQ,우량기업부,25750,1,500,1.98,25300,26150,25150,115420,2959132425,676916000000,26288000,KSQ
393,023160,KR7023160005,태광,KOSDAQ GLOBAL,우량기업부,26150,1,350,1.36,25900,26350,25200,127360,3302323025,676428378300,25867242,KSQ
394,100840,KR7100840008,SNT에너지,KOSPI,,32700,2,-800,-2.39,32500,32750,31800,212998,6883190625,676261604100,20680783,STK
395,017940,KR7017940008,E1,KOSPI,,97700,2,-700,-0.71,97800,98700,96900,7823,763464500,670222000000,6860000,STK
396,328130,KR7328130000,루닛,KOSDAQ,기술성장기업부,9000,1,440,5.14,8650,9210,8590,246940,2198554955,670123620000,74458180,KSQ
397,094800,KR7094800000,맵스리얼티,KOSPI,,7190,1,70,0.98,7190,7190,7120,52673,376884010,667478839890,92834331,STK
398,069260,KR7069260008,TKG휴켐스,KOSPI,,16320,2,-10,-0.06,16480,16480,16180,51221,834772700,667138556160,40878588,STK
399,093320,KR7093320000,케이아이엔엑스,KOSDAQ,우량기업부,136600,1,800,0.59,137600,137700,132600,9696,1313205900,666608000000,4880000,KSQ
400,001680,KR7001680008,대상,KOSPI,,19210,1,160,0.84,19210,19590,18980,176340,3402093510,665588560250,34648025,STK
401,033240,KR7033240003,자화전자,KOSPI,,30600,1,2650,9.48,28400,31800,28400,210325,6417741700,661128361200,21605502,STK
402,093050,KR7093050003,LF,KOSPI,,22500,1,450,2.04,22050,22500,21900,12158,270949300,657900000000,29240000,STK
403,268280,KR7268280005,미원에스씨,KOSPI,,130700,2,-1700,-1.28,133000,133000,130200,1465,192697800,653500000000,5000000,STK
404,317450,KR7317450005,명인제약,KOSPI,,44650,3,0,0.0,44700,45150,44600,6967,312400125,651890000000,14600000,STK
405,253450,KR7253450001,스튜디오드래곤,KOSDAQ GLOBAL,우량기업부,21650,1,450,2.12,21400,21850,21050,45835,990125800,650766481700,30058498,KSQ
406,425420,KR7425420007,티에프이,KOSDAQ,우량기업부,52700,1,2000,3.94,50700,53700,50700,156934,8270305300,650696438700,12347181,KSQ
407,002960,KR7002960003,한국쉘석유,KOSPI,,499500,1,2500,0.5,500000,502000,497000,597,298502000,649350000000,1300000,STK
408,044490,KR7044490001,태웅,KOSDAQ,우량기업부,32400,2,-2100,-6.09,34250,34250,31700,406964,13208924550,648239144400,20007381,KSQ
409,293940,KR7293940003,신한알파리츠,KOSPI,,5350,2,-40,-0.74,5350,5390,5330,66128,353863340,647029658050,120940123,STK
410,053800,KR7053800009,안랩,KOSDAQ,우량기업부,57700,1,800,1.41,57500,58200,57100,9653,557513400,641999396200,11126506,KSQ
411,001060,KR7001060003,JW중외제약,KOSPI,,27500,1,350,1.29,27150,27800,26900,37639,1030712925,640363075000,23285930,STK
412,000400,KR7000400002,롯데손해보험,KOSPI,,2050,2,-95,-4.43,2145,2145,2035,739529,1525307314,636189456000,310336320,STK
413,060250,KR7060250008,NHN KCP,KOSDAQ,우량기업부,15770,1,1220,8.38,15300,16260,15200,1155824,18321034495,633332835470,40160611,KSQ
414,001570,KR7001570001,금양,KOSPI,,9900,0,0,0.0,0,0,0,0,0,633275240400,63967196,STK
415,456160,KR7456160001,지투지바이오,KOSDAQ,기술성장기업부,37950,1,2050,5.71,36050,38350,35750,74023,2756984050,631086716700,16629426,KSQ
416,005690,KR7005690003,파미셀,KOSPI,,10500,1,120,1.16,10450,10640,10400,363219,3819737955,630042147000,60004014,STK
417,014820,KR7014820005,동원시스템즈,KOSPI,,21700,2,-500,-2.25,22300,22350,21600,30852,673830200,629110819400,28991282,STK
418,006650,KR7006650006,대한유화,KOSPI,,96700,1,300,0.31,96000,99500,93800,32437,3124944550,628550000000,6500000,STK
419,466100,KR7466100005,클로봇,KOSDAQ,기술성장기업부,24650,1,2000,8.83,23350,25300,23350,506243,12352852050,627570241350,25459239,KSQ
420,383800,KR7383800000,LX홀딩스,KOSPI,,8190,1,70,0.86,8230,8230,8090,53264,434595620,624738851100,76280690,STK
421,000640,KR7000640003,동아쏘시오홀딩스,KOSPI,,92600,2,-1400,-1.49,95000,95000,92000,12692,1181055650,623432000200,6732527,STK
422,006380,KR7006380000,카프로,KOSPI,,3660,0,0,0.0,0,0,0,0,0,618539985360,168999996,STK
423,032500,KR7032500001,케이엠더블유,KOSDAQ,중견기업부,14650,1,480,3.39,14440,15090,14300,106603,1563920490,618108419650,42191701,KSQ
424,248070,KR7248070005,솔루엠,KOSPI,,12910,1,130,1.02,12810,12910,12620,50983,650204910,617307606760,47816236,STK
425,094170,KR7094170008,동운아나텍,KOSDAQ,우량기업부,29350,1,750,2.62,28950,29750,28250,74978,2182448825,613706621600,20909936,KSQ
426,327260,KR7327260006,RF머트리얼즈,KOSDAQ,벤처기업부,34050,1,250,0.74,34050,34900,33500,286153,9735460650,612519967950,17988839,KSQ
427,453340,KR7453340002,현대그린푸드,KOSPI,,18790,1,320,1.73,18670,18920,18270,29887,557335720,610141119730,32471587,STK
428,079900,KR7079900007,전진건설로봇,KOSPI,,41500,2,-250,-0.6,41550,41650,40500,149826,6169994025,605590617500,14592545,STK
429,161580,KR7161580006,필옵틱스,KOSDAQ,중견기업부,25800,1,700,2.79,25500,25900,25050,69718,1778396000,604809972600,23442247,KSQ
430,00088K,KR700088K015,한화3우B,KOSPI,,41200,1,850,2.11,39850,41600,39100,38599,1586336225,604676455600,14676613,STK
431,059090,KR7059090001,미코,KOSDAQ,벤처기업부,18060,1,560,3.2,17890,18080,17550,89074,1593082190,603507010680,33416778,KSQ
432,002990,KR7002990000,금호건설,KOSPI,,16090,2,-420,-2.54,16510,17060,15800,3199272,52081294900,599512981660,37259974,STK
433,102710,KR7102710001,이엔에프테크놀로지,KOSDAQ,우량기업부,41950,1,900,2.19,41450,42350,41300,41513,1737703700,599374720200,14287836,KSQ
434,048410,KR7048410005,현대바이오,KOSDAQ,중견기업부,6210,1,160,2.64,6110,6220,5780,843973,5044340530,599299602120,96505572,KSQ
435,295310,KR7295310007,에이치브이엠,KOSDAQ,기술성장기업부,48450,1,6400,15.22,43200,48450,43100,197199,9349943875,595897402800,12299224,KSQ
436,002350,KR7002350007,넥센타이어,KOSPI,,6080,3,0,0.0,6090,6110,6030,74093,449252375,593820692160,97667877,STK
437,114090,KR7114090004,GKL,KOSPI,,9580,1,190,2.02,9490,9590,9400,70715,672439000,592577318600,61855670,STK
438,160190,KR7160190005,하이젠알앤엠,KOSDAQ,중견기업부,19180,1,2410,14.37,17270,20700,17210,640128,12338351765,592431840000,30888000,KSQ
439,108320,KR7108320003,LX세미콘,KOSPI,,36200,1,600,1.69,36100,36550,35700,75006,2701792275,588767660000,16264300,STK
440,122640,KR7122640006,예스티,KOSDAQ,벤처기업부,27150,1,300,1.12,27050,28450,26900,370664,10218159150,587833473750,21651325,KSQ
441,222080,KR7222080004,SFA넥셀,KOSDAQ GLOBAL,우량기업부,7550,1,10,0.13,7610,7740,7510,265991,2023672260,587240087200,77780144,KSQ
442,002840,KR7002840007,미원상사,KOSPI,,130000,2,-1400,-1.07,137500,137500,128300,2744,355425100,585000000000,4500000,STK
443,075580,KR7075580001,세진중공업,KOSPI,,10280,1,90,0.88,10170,10400,10140,46514,476092265,584412407680,56849456,STK
444,003300,KR7003300001,한일홀딩스,KOSPI,,18700,2,-290,-1.53,18990,18990,18600,4646,86849000,576548002800,30831444,STK
445,121600,KR7121600001,나노신소재,KOSDAQ,우량기업부,47000,1,50,0.11,47600,48000,46700,23853,1126440300,576322977000,12262191,KSQ
446,001530,KR7001530005,DI동일,KOSPI,,27600,1,750,2.79,26900,27650,25750,26565,722431500,571751139600,20715621,STK
447,079940,KR7079940003,가비아,KOSDAQ,우량기업부,42400,2,-1000,-2.3,43600,43600,41450,40583,1720755700,569037001600,13420684,KSQ
448,0220W0,KR70220W0000,한화머시너리앤서비스홀딩스,KOSPI,,6710,1,520,8.4,6180,6790,6030,5143487,33704547535,567099239850,84515535,STK
449,058650,KR7058650003,세아홀딩스,KOSPI,,133600,2,-600,-0.45,135300,136000,133500,364,48852400,566762729600,4242236,STK
450,025540,KR7025540006,한국단자,KOSPI,,55800,1,1100,2.01,54900,56000,54500,21907,1214902200,564417000000,10115000,STK
451,001510,KR7001510007,SK증권,KOSPI,,2430,1,30,1.25,2435,2480,2405,2000035,4872780887,562047056550,231295085,STK
452,016380,KR7016380008,KG스틸,KOSPI,,5590,3,0,0.0,5650,5720,5550,145392,815247845,559049734230,100008897,STK
453,178920,KR7178920005,PI첨단소재,KOSPI,,19030,1,160,0.85,18900,19160,18810,19903,377379330,558841107660,29366322,STK
454,046890,KR7046890000,서울반도체,KOSDAQ GLOBAL,중견기업부,9580,1,10,0.1,9730,9830,9580,105657,1021629150,558565732000,58305400,KSQ
455,025980,KR7025980004,아난티,KOSDAQ,우량기업부,5710,1,310,5.74,5420,5790,5370,6771886,38409511910,555588652900,97300990,KSQ
456,007700,KR7007700008,F&F홀딩스,KOSPI,,14190,2,-10,-0.07,14150,14430,14070,10199,144568040,555032867730,39114367,STK
457,036810,KR7036810000,에프에스티,KOSDAQ,중견기업부,25550,3,0,0.0,25600,26550,25400,81922,2114071125,553152108950,21649789,KSQ
458,052400,KR7052400009,코나아이,KOSDAQ GLOBAL,우량기업부,37800,1,1400,3.85,37200,38350,37100,31417,1189282400,550492399800,14563291,KSQ
459,052020,KR7052020005,에스티큐브,KOSDAQ,투자주의환기종목(소속부없음),8050,2,-20,-0.25,8070,8170,7930,92097,738134945,547265492550,67983291,KSQ
460,00104K,KR700104K010,CJ4우(전환),KOSPI,,128800,1,1900,1.5,126900,128800,122300,4053,512059700,544374745600,4226512,STK
461,001270,KR7001270008,부국증권,KOSPI,,52100,2,-200,-0.38,52100,53300,51700,3896,202661900,540271060600,10369886,STK
462,053610,KR7053610002,프로텍,KOSDAQ,우량기업부,60000,1,1900,3.27,58900,61500,58900,19679,1187243050,540000000000,9000000,KSQ
463,005810,KR7005810007,풍산홀딩스,KOSPI,,37100,2,-200,-0.54,37500,37900,37100,8424,315559175,534881533200,14417292,STK
464,003620,KR7003620002,KG모빌리티,KOSPI,,2635,2,-20,-0.75,2660,2690,2630,425768,1128667516,533257893120,202374912,STK
465,019210,KR7019210004,와이지-원,KOSDAQ,우량기업부,14260,1,770,5.71,13610,14440,13500,577058,8107772270,530382561280,37193728,KSQ
466,024850,KR7024850000,HLB이노베이션,KOSDAQ,중견기업부,16660,1,780,4.91,15900,17100,15900,313669,5224959805,529014043040,31753544,KSQ
467,284740,KR7284740008,쿠쿠홈시스,KOSPI,,23500,1,300,1.29,23150,23800,23150,15057,354702500,527277255000,22437330,STK
468,009520,KR7009520008,포스코엠텍,KOSDAQ GLOBAL,중견기업부,12650,1,150,1.2,12560,12770,12390,168658,2120468665,526780192950,41642703,KSQ
469,019170,KR7019170000,신풍제약,KOSPI,,10010,2,-90,-0.89,10140,10140,9800,326018,3259728640,524709405220,52418522,STK
470,211050,KR7211050000,인카금융서비스,KOSDAQ,우량기업부,10650,2,-460,-4.14,11130,11190,10580,104703,1132053945,524657947050,49263657,KSQ
471,336370,KR7336370002,솔루스첨단소재,KOSPI,,7450,1,70,0.95,7550,7670,7430,39990,300597085,523081620100,70212298,STK
472,041190,KR7041190000,우리기술투자,KOSDAQ,우량기업부,6220,1,510,8.93,6400,6740,6170,14718304,94965300045,522480000000,84000000,KSQ
473,045100,KR7045100005,한양이엔지,KOSDAQ,우량기업부,29850,1,650,2.23,29250,30050,28900,51097,1509556950,522375000000,17500000,KSQ
474,358570,KR7358570000,지아이이노베이션,KOSDAQ,기술성장기업부,8090,1,470,6.17,7740,8130,7510,335925,2630807440,521934488540,64516006,KSQ
475,460860,KR7460860000,동국제강,KOSPI,,10510,2,-160,-1.5,10510,10790,10490,192835,2047001215,521380258670,49608017,STK
476,064290,KR7064290000,인텍플러스,KOSDAQ,중견기업부,40150,1,5750,16.72,34450,40750,34000,685942,26946958750,520246756700,12957578,KSQ
477,050890,KR7050890003,쏠리드,KOSDAQ,우량기업부,8520,1,160,1.91,8480,8560,8310,280556,2378252005,517645669680,60756534,KSQ
478,033500,KR7033500000,동성화인텍,KOSDAQ,우량기업부,17160,1,130,0.76,17200,17350,16880,78067,1336976670,514619717040,29989494,KSQ
479,112040,KR7112040001,위메이드,KOSDAQ,중견기업부,15120,1,610,4.2,14740,15220,14730,126410,1904090795,513301062960,33948483,KSQ
480,161000,KR7161000005,애경케미칼,KOSPI,,10540,1,120,1.15,10600,10720,10420,154401,1627382170,512757392860,48648709,STK
481,086900,KR7086900008,메디톡스,KOSDAQ,우량기업부,69600,1,300,0.43,69700,71200,68900,27716,1934388700,507975391200,7298497,KSQ
482,039130,KR7039130000,하나투어,KOSPI,,32500,1,50,0.15,32750,32900,32400,21443,699819100,503422790000,15489932,STK
483,009410,KR7009410002,태영건설,KOSPI,,1687,1,12,0.72,1675,1724,1668,270862,458802659,502034461586,297590078,STK
484,399720,KR7399720002,가온칩스,KOSDAQ,벤처기업부,42100,1,1800,4.47,41150,42100,40700,36638,1524154775,499257332400,11858844,KSQ
485,033640,KR7033640004,네패스,KOSDAQ,중견기업부,21550,3,0,0.0,21650,22350,21200,187610,4045037625,496925803100,23059202,KSQ
486,003545,KR7003541000,대신증권우,KOSPI,,20350,2,-50,-0.25,20450,20500,20250,32533,661337875,496200846900,24383334,STK
487,004690,KR7004690004,삼천리,KOSPI,,136700,1,200,0.15,136500,136700,134100,9261,1261101600,495780415900,3626777,STK
488,253590,KR7253590004,네오셈,KOSDAQ,우량기업부,11290,1,150,1.35,11200,11470,11110,350707,3966507010,495282861560,43869164,KSQ
489,490470,KR7490470002,세미파이브,KOSDAQ,기술성장기업부,14490,1,340,2.4,14200,14490,13930,176175,2511052105,493028625600,34025440,KSQ
490,397030,KR7397030008,에이프릴바이오,KOSDAQ,기술성장기업부,17800,1,1030,6.14,17270,17970,17150,208197,3659272770,490546319600,27558782,KSQ
491,001500,KR7001500008,현대차증권,KOSPI,,7920,1,100,1.28,7860,8030,7840,76843,608666900,489717708480,61833044,STK
492,037460,KR7037460003,삼지전자,KOSDAQ,우량기업부,30000,3,0,0.0,30100,30400,29750,72724,2186445500,489555660000,16318522,KSQ
493,377740,KR7377740006,바이오노트,KOSPI,,4790,2,-10,-0.21,4835,4850,4735,41639,198596630,488034169920,101886048,STK
494,101160,KR7101160000,월덱스,KOSDAQ,우량기업부,29500,1,550,1.9,29250,29750,28900,31016,915915525,487074293500,16510993,KSQ
495,278280,KR7278280003,천보,KOSDAQ,중견기업부,39700,2,-150,-0.38,40100,40250,39200,31712,1256400875,486445092500,12253025,KSQ
496,035890,KR7035890003,서희건설,KOSDAQ,중견기업부,2325,1,60,2.65,2280,2335,2250,187920,430377285,482643346200,207588536,KSQ
497,383310,KR7383310000,에코프로에이치엔,KOSDAQ,우량기업부,22950,1,650,2.91,22650,23000,22350,107896,2456545925,481374689400,20974932,KSQ
498,365340,KR7365340009,성일하이텍,KOSDAQ,기술성장기업부,37200,1,300,0.81,37150,37550,36600,22527,834625850,480665478000,12921115,KSQ
499,145990,KR7145990008,삼양사,KOSPI,,46600,2,-800,-1.69,47400,47500,46600,3710,173812950,480606723400,10313449,STK
500,090435,KR7090431008,아모레퍼시픽우,KOSPI,,45500,1,200,0.44,45400,45850,44500,16472,743798100,480381265000,10557830,STK
501,015750,KR7015750003,성우하이텍,KOSDAQ,우량기업부,5970,1,150,2.58,5900,5980,5860,172640,1025284280,477600000000,80000000,KSQ
502,448730,KR7448730002,삼성FN리츠,KOSPI,,5240,1,80,1.55,5250,5270,5160,27952,145519595,477102000000,91050000,STK
503,340570,KR7340570001,티앤엘,KOSDAQ,우량기업부,29650,1,350,1.19,29450,30050,29050,44525,1320502350,476479058000,16070120,KSQ
504,249420,KR7249420001,일동제약,KOSPI,,15030,2,-70,-0.46,15010,15280,14700,512606,7666084225,475522927560,31638252,STK
505,010780,KR7010780005,아이에스동서,KOSPI,,15740,1,70,0.45,15670,15810,15510,64448,1012972570,475143002240,30186976,STK
506,099190,KR7099190001,아이센스,KOSDAQ,중견기업부,16470,3,0,0.0,16440,16690,16160,39697,651256560,473632879230,28757309,KSQ
507,034950,KR7034950006,한국기업평가,KOSDAQ,우량기업부,103900,2,-900,-0.86,104700,104700,103400,961,99908300,471759404600,4540514,KSQ
508,460930,KR7460930001,현대힘스,KOSDAQ,우량기업부,13260,1,110,0.84,13130,13320,13100,101841,1344690380,470871497460,35510671,KSQ
509,000070,KR7000070003,삼양홀딩스,KOSPI,,60500,2,-500,-0.82,61800,61800,60400,3264,198062550,469673055500,7763191,STK
510,082270,KR7082270000,젬백스,KOSDAQ,벤처기업부,10560,1,190,1.83,10470,10700,10340,76974,810393405,467482783680,44269203,KSQ
511,005250,KR7005250006,녹십자홀딩스,KOSPI,,9900,1,50,0.51,9800,9920,9760,114675,1129209480,465579279000,47028210,STK
512,002240,KR7002240000,고려제강,KOSPI,,17220,1,20,0.12,17290,17470,17170,10366,178898905,464940000000,27000000,STK
513,034310,KR7034310003,NICE,KOSPI,,12620,1,200,1.61,12620,12840,12540,20445,259001940,463875321340,36757157,STK
514,077360,KR7077360006,덕산하이메탈,KOSDAQ,벤처기업부,10060,1,360,3.71,9900,10350,9860,787064,7970266715,457096240120,45437002,KSQ
515,484870,KR7484870001,엠앤씨솔루션,KOSPI,,16560,2,-720,-4.17,17260,17460,16460,133086,2223245370,454765752000,27461700,STK
516,056080,KR7056080005,유진로봇,KOSDAQ,중견기업부,11890,1,850,7.7,11280,12750,11250,646876,7759312065,454619928540,38235486,KSQ
517,008060,KR7008060006,대덕,KOSPI,,14520,2,-250,-1.69,14800,14930,14220,112715,1628745080,454288662960,31287098,STK
518,348370,KR7348370008,엔켐,KOSDAQ,중견기업부,20700,1,550,2.73,20550,21700,20400,146702,3070215625,453557575800,21910994,KSQ
519,009900,KR7009900002,명신산업,KOSPI,,8630,1,860,11.07,8990,9260,8560,1467289,12974115215,452817247790,52470133,STK
520,004710,KR7004710000,한솔테크닉스,KOSPI,,8460,2,-30,-0.35,8570,9020,8230,1432779,12352059825,449393651820,53119817,STK
521,452260,KR7452260003,한화갤러리아,KOSPI,,2300,1,145,6.73,2165,2345,2115,1958941,4450274489,445877103000,193859610,STK
522,376900,KR7376900007,로킷헬스케어,KOSDAQ,기술성장기업부,25400,1,100,0.4,25500,25850,24300,107182,2663858900,442195966000,17409290,KSQ
523,386380,KR7386380000,스카이랩스,KOSDAQ,기술성장기업부,23500,1,13500,135.0,8500,28750,8200,86339194,1677614499435,440906459500,18761977,KSQ
524,014830,KR7014830004,유니드,KOSPI,,64800,1,100,0.15,65000,66000,63800,13648,886828700,438540480000,6767600,STK
525,336570,KR7336570007,원텍,KOSDAQ,우량기업부,4905,1,45,0.93,4950,4975,4835,205271,1007284805,437921568630,89280646,KSQ
526,005945,KR7005941000,NH투자증권우,KOSPI,,23200,3,0,0.0,23350,23350,23000,32100,744811350,437806457600,18870968,STK
527,067160,KR7067160002,SOOP,KOSDAQ GLOBAL,우량기업부,38050,1,350,0.93,38500,38800,37800,21242,812461250,437375884350,11494767,KSQ
528,214430,KR7214430001,아이쓰리시스템,KOSDAQ,우량기업부,59800,1,3100,5.47,57300,60400,57100,17673,1050877250,436971457000,7307215,KSQ
529,072710,KR7072710007,농심홀딩스,KOSPI,,94200,2,-300,-0.32,94500,94500,93400,1781,166978700,436879818000,4637790,STK
530,317400,KR7317400000,자이에스앤디,KOSPI,,11230,2,-10,-0.09,11300,11860,11000,797599,9024262355,435527699600,38782520,STK
531,018290,KR7018290007,브이티,KOSDAQ,우량기업부,12410,1,110,0.89,12350,12650,12280,161099,2009933100,433628209580,34941838,KSQ
532,174900,KR7174900001,앱클론,KOSDAQ,벤처기업부,21600,1,1200,5.88,20750,21900,20000,162689,3447379025,430965986400,19952129,KSQ
533,403550,KR7403550007,쏘카,KOSPI,,11330,1,220,1.98,11130,11380,11130,7811,87954900,429859542860,37939942,STK
534,376300,KR7376300000,디어유,KOSDAQ,우량기업부,18060,1,250,1.4,17970,18340,17820,44919,812077335,428715612360,23738406,KSQ
535,003030,KR7003030004,세아제강지주,KOSPI,,103000,2,-1300,-1.25,103700,104900,101700,14739,1513831000,426590671000,4141657,STK
536,126340,KR7126340009,비나텍,KOSDAQ,벤처기업부,59400,1,2700,4.76,59800,60000,58100,40140,2366688800,426516591600,7180414,KSQ
537,004700,KR7004700001,조광피혁,KOSPI,,64100,2,-900,-1.38,64600,65300,64100,118,7626500,426209745800,6649138,STK
538,092870,KR7092870005,엑시콘,KOSDAQ,우량기업부,32650,1,2350,7.76,30300,32800,30100,467589,14974430325,426108522050,13050797,KSQ
539,002030,KR7002030005,아세아,KOSPI,,206500,3,0,0.0,211000,213000,203000,1063,219602500,425152938000,2058852,STK
540,016590,KR7016590002,신대양제지,KOSPI,,10500,1,50,0.48,10490,10630,10400,4262,44924010,423127110000,40297820,STK
541,016610,KR7016610008,DB증권,KOSPI,,9950,1,50,0.51,10040,10120,9870,49830,497748025,422341570550,42446389,STK
542,005389,KR7005383005,현대차3우B,KOSPI,,181400,2,-100,-0.06,181600,182800,180300,4298,778564150,422199792800,2327452,STK
543,001200,KR7001200005,유진투자증권,KOSPI,,4355,1,35,0.81,4350,4460,4320,377190,1652740459,421853250390,96866418,STK
544,030520,KR7030520001,한컴,KOSDAQ,우량기업부,17410,1,170,0.99,17480,17660,17320,68225,1195700770,420969343040,24179744,KSQ
545,029460,KR7029460003,케이씨,KOSPI,,38000,1,1200,3.26,36550,38200,36550,23546,887500300,418780330000,11020535,STK
546,092230,KR7092230002,KPX홀딩스,KOSPI,,98600,2,-300,-0.3,99800,101600,97700,2927,289014450,416550095600,4224646,STK
547,192650,KR7192650000,드림텍,KOSPI,,6300,1,180,2.94,6130,6400,6130,411997,2581139270,415087022700,65886829,STK
548,003280,KR7003280005,흥아해운,KOSPI,,1724,1,25,1.47,1702,1745,1699,2988150,5147993216,414492525876,240424899,STK
549,477850,KR7477850002,마키나락스,KOSDAQ,기술성장기업부,23300,1,350,1.53,23450,23950,22900,397108,9253107000,413685348800,17754736,KSQ
550,439960,KR7439960006,코스모로보틱스,KOSDAQ,기술성장기업부,12650,1,400,3.27,12680,13290,12550,1444019,18617233890,410500418900,32450626,KSQ
551,306200,KR7306200007,세아제강,KOSPI,,144700,2,-2800,-1.9,145700,146600,143100,8573,1244391050,410412610000,2836300,STK
552,017900,KR7017900002,광전자,KOSPI,,7070,1,190,2.76,6950,7220,6890,456526,3203774830,409662404410,57943763,STK
553,080580,KR7080580004,오킨스전자,KOSDAQ,벤처기업부,19340,1,70,0.36,18970,19700,18930,86528,1671347850,407899069700,21090955,KSQ
554,272290,KR7272290008,이녹스첨단소재,KOSDAQ GLOBAL,우량기업부,20450,1,150,0.74,20450,20850,20150,69659,1423135850,407722059050,19937509,KSQ
555,002810,KR7002810000,삼영무역,KOSPI,,22050,2,-250,-1.12,22100,22150,21825,17726,389756225,407196203400,18466948,STK
556,348340,KR7348340001,뉴로메카,KOSDAQ,기술성장기업부,17240,1,1240,7.75,16250,17670,16250,532451,9052675995,403561229760,23408424,KSQ
557,104830,KR7104830005,원익머트리얼즈,KOSDAQ,우량기업부,32000,1,950,3.06,31300,32250,30850,40426,1278311075,403456000000,12608000,KSQ
558,008730,KR7008730004,율촌화학,KOSPI,,16260,2,-230,-1.39,16560,16660,16040,43280,702668545,403248000000,24800000,STK
559,003000,KR7003000007,부광약품,KOSPI,,4080,1,40,0.99,4050,4155,4020,347761,1417969241,402551857680,98664671,STK
560,013030,KR7013030002,하이록코리아,KOSDAQ,우량기업부,34200,1,300,0.88,34500,34500,33900,22874,781376850,402470524800,11768144,KSQ
561,344820,KR7344820006,KCC글라스,KOSPI,,25050,2,-100,-0.4,24950,25200,24800,6147,154015875,400061325600,15970512,STK
562,078130,KR7078130002,국일제지,KOSDAQ,중견기업부,3530,2,-10,-0.28,3460,3540,3445,51802,180620405,397974272110,112740587,KSQ
563,357120,KR7357120005,코람코라이프인프라리츠,KOSPI,,4075,2,-65,-1.57,4150,4150,4040,166912,677546604,396641567550,97335354,STK
564,125490,KR7125490003,한라캐스트,KOSDAQ,벤처기업부,10860,1,830,8.28,10420,11440,10420,2928045,32356081000,396415542720,36502352,KSQ
565,005420,KR7005420005,코스모화학,KOSPI,,10310,2,-130,-1.25,10510,10660,10280,75746,786159345,395988830680,38408228,STK
566,441270,KR7441270006,파인엠텍,KOSDAQ,벤처기업부,9350,1,130,1.41,9600,9630,9100,1978122,18465211220,394616114200,42204932,KSQ
567,064260,KR7064260003,다날,KOSDAQ,중견기업부,5200,1,295,6.01,5200,5450,5150,3683990,19502526540,393356376400,75645457,KSQ
568,078340,KR7078340007,컴투스,KOSDAQ GLOBAL,중견기업부,32400,2,-250,-0.77,32150,33500,32000,148025,4849316900,391758541200,12091313,KSQ
569,130660,KR7130660004,한전산업,KOSPI,,12000,2,-50,-0.41,12100,12160,11760,287903,3436661640,391200000000,32600000,STK
570,950210,KR8702070002,프레스티지바이오파마,KOSPI,,6500,1,30,0.46,6470,6500,6230,39255,248274390,390625007500,60096155,STK
571,042000,KR7042000000,카페24,KOSDAQ,우량기업부,16120,1,310,1.96,15970,16290,15880,29105,468525810,389752084280,24178169,KSQ
572,271940,KR7271940009,일진하이솔루스,KOSPI,,10720,1,150,1.42,10650,10780,10450,23964,256206600,389277396800,36313190,STK
573,029530,KR7029530003,신도리코,KOSPI,,40000,2,-100,-0.25,40150,40500,40000,1813,72860850,388629160000,9715729,STK
574,183190,KR7183190008,아세아시멘트,KOSPI,,10790,1,10,0.09,10730,10860,10470,47160,503455210,388205554880,35978272,STK
575,095660,KR7095660007,네오위즈,KOSDAQ,우량기업부,17910,1,360,2.05,17720,18020,17620,37217,664217520,387508980690,21636459,KSQ
576,368770,KR7368770004,파이버프로,KOSDAQ,벤처기업부,11750,1,170,1.47,11600,11880,11600,57591,677367370,386037143750,32854225,KSQ
577,486990,KR7486990005,노타,KOSDAQ,기술성장기업부,18040,1,830,4.82,17250,18460,17250,155293,2794640365,385919437200,21392430,KSQ
578,027360,KR7027360007,아주IB투자,KOSDAQ,중견기업부,3185,1,160,5.29,3095,3235,3080,1495069,4727785665,385848118110,121145406,KSQ
579,001940,KR7001940006,KISCO홀딩스,KOSPI,,27200,2,-250,-0.91,27600,27600,26300,4233,112457350,385597536000,14176380,STK
580,015360,KR7015360001,INVENI,KOSPI,,14080,1,20,0.14,14110,14270,14060,7440,104995930,383680000000,27250000,STK
581,144960,KR7144960002,뉴파워프라즈마,KOSDAQ,우량기업부,8760,1,210,2.46,8690,8920,8540,533598,4668725695,382747386240,43692624,KSQ
582,241770,KR7241770007,메카로,KOSDAQ,우량기업부,37450,2,-400,-1.06,38800,38800,36900,5854,218502425,381714368000,10192640,KSQ
583,219130,KR7219130002,타이거일렉,KOSDAQ,벤처기업부,60400,1,200,0.33,60800,62200,59900,34320,2078865900,381383116000,6314290,KSQ
584,006220,KR7006220008,제주은행,KOSPI,,10070,3,0,0.0,10130,10310,9990,293926,2971705875,380631468990,37798557,STK
585,089590,KR7089590004,제주항공,KOSPI,,4715,1,255,5.72,4460,4795,4405,370994,1744892439,380222244275,80640985,STK
586,194370,KR7194370003,제이에스코퍼레이션,KOSPI,,13100,1,10,0.08,13240,13260,12890,46428,604651810,380119529800,29016758,STK
587,170920,KR7170920003,엘티씨,KOSDAQ,벤처기업부,35950,1,3200,9.77,32800,36450,32800,216145,7547316250,379780329700,10564126,KSQ
588,204620,KR7204620009,글로벌텍스프리,KOSDAQ,우량기업부,5390,1,20,0.37,5500,5500,5290,472709,2542287055,378827148700,70283330,KSQ
589,475960,KR7475960001,토모큐브,KOSDAQ,기술성장기업부,28100,1,850,3.12,27250,28600,26300,33765,937294850,378680489400,13476174,KSQ
590,114810,KR7114810005,한솔아이원스,KOSDAQ,우량기업부,13350,1,280,2.14,13280,13630,12700,218892,2886820530,375711372900,28143174,KSQ
591,187660,KR7187660006,페니트리움바이오,KOSDAQ,중견기업부,5850,1,750,14.71,5120,5850,4290,3960326,19373932726,374202580050,63966253,KSQ
592,078020,KR7078020005,LS증권,KOSDAQ,우량기업부,6740,1,180,2.74,6580,6810,6460,129725,867673355,373943220600,55481190,KSQ
593,027410,KR7027410000,BGF,KOSPI,,3885,1,25,0.65,3865,3920,3845,37448,145151378,371859733035,95716791,STK
594,0120G0,KR70120G0001,삼양바이오팜,KOSPI,,49850,1,1700,3.53,47850,49950,47850,52179,2562860275,370678119500,7435870,STK
595,126560,KR7126560002,현대퓨처넷,KOSPI,,3380,3,0,0.0,3380,3425,3350,108588,366708126,369099515200,109201040,STK
596,089890,KR7089890008,코세스,KOSDAQ,우량기업부,22200,1,1000,4.72,21500,22200,21300,55268,1205473025,368186156400,16584962,KSQ
597,092730,KR7092730001,네오팜,KOSDAQ,우량기업부,22950,2,-200,-0.86,23100,23300,22300,81543,1862458525,367842347550,16027989,KSQ
598,372320,KR7372320002,큐로셀,KOSDAQ,기술성장기업부,24050,3,0,0.0,26100,26100,23750,49132,1197664100,366213005600,15227152,KSQ
599,215200,KR7215200007,메가스터디교육,KOSDAQ,우량기업부,35300,1,450,1.29,35000,35700,34700,29276,1034749175,365892124800,10365216,KSQ
600,060980,KR7060980000,HL홀딩스,KOSPI,,40150,1,400,1.01,39750,40200,39300,6437,255716225,364515707050,9078847,STK
601,105630,KR7105630008,한세실업,KOSPI,,9110,1,100,1.11,9080,9220,9060,55834,511571210,364400000000,40000000,STK
602,031430,KR7031430002,신세계인터내셔날,KOSPI,,10410,1,50,0.48,10360,10420,10300,26766,277511130,364204260000,34986000,STK
603,003800,KR7003800000,에이스침대,KOSDAQ,우량기업부,32800,2,-50,-0.15,32700,33050,32700,676,22167025,363752000000,11090000,KSQ
604,025900,KR7025900002,동화기업,KOSDAQ,중견기업부,7190,1,50,0.7,7270,7390,7080,42556,306167130,363506879150,50557285,KSQ
605,017810,KR7017810003,풀무원,KOSPI,,9530,2,-70,-0.73,9660,9660,9500,14419,137673450,363288765260,38120542,STK
606,007690,KR7007690001,국도화학,KOSPI,,39200,2,-1550,-3.8,40900,40900,39200,23773,940866475,363024614400,9260832,STK
607,236200,KR7236200002,슈프리마,KOSDAQ,우량기업부,52000,2,-1000,-1.89,53100,53100,51300,22895,1186813250,362664172000,6974311,KSQ
608,089010,KR7089010003,켐트로닉스,KOSDAQ,우량기업부,21550,1,450,2.13,21300,21750,21100,27104,581115625,361394081850,16770027,KSQ
609,107640,KR7107640005,한중엔시에스,KOSDAQ,기술성장기업부,39800,1,100,0.25,40800,40800,39050,118905,4736449300,360784850800,9064946,KSQ
610,170900,KR7170900005,동아에스티,KOSPI,,36950,1,50,0.14,36900,37100,36500,3506,129081200,359445202950,9727881,STK
611,092190,KR7092190008,서울바이오시스,KOSDAQ,투자주의환기종목(소속부없음),7780,1,180,2.37,7750,7950,7460,136642,1059712150,356856019740,45868383,KSQ
612,389470,KR7389470006,인벤티지랩,KOSDAQ,기술성장기업부,26800,1,850,3.28,26700,27150,25500,45404,1192724525,356646574400,13307708,KSQ
613,332570,KR7332570001,PS일렉트로닉스,KOSDAQ,우량기업부,7620,1,270,3.67,7630,7790,7530,1499325,11467990135,355942110060,46711563,KSQ
614,025320,KR7025320003,시노펙스,KOSDAQ,우량기업부,3855,1,75,1.98,3815,3880,3785,284286,1091351786,355439492565,92202203,KSQ
615,006405,KR7006401004,삼성SDI우,KOSPI,,219500,1,5500,2.57,214500,221000,214000,3884,847283750,355128172000,1617896,STK
616,104700,KR7104700000,한국철강,KOSPI,,9700,2,-240,-2.41,10000,10000,9640,35826,354107370,353565000000,36450000,STK
617,098120,KR7098120009,마이크로컨텍솔,KOSDAQ,우량기업부,42500,1,1650,4.04,40850,42900,40650,55797,2362646425,353292555000,8312766,KSQ
618,234340,KR7234340008,헥토파이낸셜,KOSDAQ,우량기업부,25250,1,3000,13.48,24250,26800,24250,2833692,72399774925,352759064000,13970656,KSQ
619,005610,KR7005610001,삼립,KOSPI,,40650,2,-250,-0.61,40900,41100,40600,1602,65226700,350769215850,8629009,STK
620,078160,KR7078160009,메디포스트,KOSDAQ,벤처기업부,8920,1,230,2.65,8720,8950,8700,39195,345845040,349705058760,39204603,KSQ
621,002310,KR7002310001,아세아제지,KOSPI,,8840,1,230,2.67,8610,8910,8540,112379,983230585,348733668400,39449510,STK
622,069080,KR7069080000,웹젠,KOSDAQ GLOBAL,우량기업부,11200,2,-170,-1.5,11370,11470,11060,58580,657648140,346825640000,30966575,KSQ
623,417840,KR7417840006,저스템,KOSDAQ,벤처기업부,15110,1,140,0.94,15070,15240,14560,626631,9345175690,345556346910,22869381,KSQ
624,011760,KR7011760006,현대코퍼레이션,KOSPI,,26100,1,250,0.97,25850,26350,25700,11536,301644250,345276012600,13228966,STK
625,101730,KR7101730000,위메이드맥스,KOSDAQ,중견기업부,4095,1,90,2.25,4045,4145,4020,103849,424975835,343174456170,83803286,KSQ
626,033160,KR7033160003,엠케이전자,KOSDAQ,중견기업부,13910,1,490,3.65,13500,13930,13350,682675,9331384100,341686046780,24564058,KSQ
627,024720,KR7024720005,콜마홀딩스,KOSPI,,9960,2,-30,-0.3,9920,10100,9820,33737,336872545,341590739640,34296259,STK
628,468530,KR7468530001,프로티나,KOSDAQ,기술성장기업부,30750,3,0,0.0,30500,31900,29900,55912,1717073750,341483301000,11105148,KSQ
629,393890,KR7393890009,더블유씨피,KOSDAQ,기술성장기업부,10070,2,-30,-0.3,10150,10680,9920,299021,3089388035,340800460080,33843144,KSQ
630,159010,KR7159010008,아스플로,KOSDAQ,벤처기업부,25400,1,450,1.8,25150,25800,24400,151494,3843224450,338702370600,13334739,KSQ
631,092790,KR7092790005,넥스틸,KOSPI,,12990,3,0,0.0,12850,13170,12710,306385,3976271815,337765980000,26002000,STK
632,036620,KR7036620003,감성코퍼레이션,KOSDAQ,우량기업부,3740,2,-25,-0.66,3780,3805,3675,422647,1586423844,336087410560,89862944,KSQ
633,02826K,KR702826K016,삼성물산우B,KOSPI,,229000,2,-7000,-2.97,236000,236000,226000,6408,1471086250,336078110000,1467590,STK
634,290550,KR7290550003,디케이티,KOSDAQ,우량기업부,16800,1,2400,16.67,14460,17080,14460,659178,10765659860,336020664000,20001230,KSQ
635,060280,KR7060280005,큐렉소,KOSDAQ,중견기업부,8130,2,-20,-0.25,8210,8380,7990,224937,1833359165,335442092700,41259790,KSQ
636,006910,KR7006910004,보성파워텍,KOSDAQ,우량기업부,6780,1,60,0.89,6800,6870,6650,404154,2734289345,333100206720,49129824,KSQ
637,020000,KR7020000006,한섬,KOSPI,,15500,1,70,0.45,15410,15630,15300,45794,709175805,332893407000,21476994,STK
638,097520,KR7097520001,엠씨넥스,KOSPI,,19040,1,80,0.42,19300,19380,18870,23190,441999090,331324560000,17401500,STK
639,036800,KR7036800001,나이스정보통신,KOSDAQ,우량기업부,7270,1,70,0.97,7200,7410,7030,138008,1001904330,330785000000,45500000,KSQ
640,900290,HK0000307485,GRT,KOSDAQ,외국기업(소속부없음),3955,1,30,0.76,3925,4015,3860,148463,583803610,330284201520,83510544,KSQ
641,002020,KR7002020006,코오롱,KOSPI,,25400,1,150,0.59,25300,25550,24950,19371,489737075,327855072000,12907680,STK
642,215600,KR7215600008,신라젠,KOSDAQ,중견기업부,2365,2,-45,-1.87,2430,2450,2355,769522,1832178348,327679178860,138553564,KSQ
643,348210,KR7348210006,넥스틴,KOSDAQ,우량기업부,31250,1,1400,4.69,30100,31650,29600,90371,2782393625,327406406250,10477005,KSQ
644,067630,KR7067630004,HLB생명과학,KOSDAQ,투자주의환기종목(소속부없음),2685,1,55,2.09,2630,2740,2630,124772,337455062,327347300730,121917058,KSQ
645,011930,KR7011930005,신성이엔지,KOSPI,,16110,1,230,1.45,15910,16370,15910,82128,1330829830,327132592020,20306182,STK
646,356680,KR7356680009,엑스게이트,KOSDAQ,벤처기업부,11430,1,670,6.23,10900,11430,10900,274938,3079515125,326252113560,28543492,KSQ
647,009160,KR7009160003,SIMPAC,KOSPI,,4960,2,-150,-2.94,5090,5120,4950,58316,292212325,324240001280,65370968,STK
648,145720,KR7145720009,덴티움,KOSPI,,37550,1,300,0.81,37900,38000,37300,8942,336615750,323827107050,8623891,STK
649,206650,KR7206650004,유바이오로직스,KOSDAQ,우량기업부,8790,1,100,1.15,8690,8830,8650,63725,557370395,323052778530,36752307,KSQ
650,026890,KR7026890004,스틱인베스트먼트,KOSPI,,8330,3,0,0.0,8570,8580,8310,16751,140335660,322961072210,38770837,STK
651,018000,KR7018000000,유니슨,KOSDAQ,중견기업부,1240,1,5,0.4,1235,1254,1225,1022937,1264902849,321777872160,259498284,KSQ
652,015860,KR7015860000,일진홀딩스,KOSPI,,6510,1,140,2.2,6370,6540,6370,46386,299504430,321252114330,49347483,STK
653,108670,KR7108670001,LX하우시스,KOSPI,,35800,1,800,2.29,35000,36000,34600,45309,1616527500,321042586000,8967670,STK
654,272450,KR7272450008,진에어,KOSPI,,6140,1,320,5.5,5830,6190,5830,188570,1143145650,320508000000,52200000,STK
655,199800,KR7199800004,툴젠,KOSDAQ,기술성장기업부,35600,1,2200,6.59,33750,35800,33750,14836,514704050,320315592400,8997629,KSQ
656,123890,KR7123890006,한국자산신탁,KOSPI,,2600,2,-40,-1.52,2640,2665,2590,172358,451642157,318172207600,122373926,STK
657,005720,KR7005720008,넥센,KOSPI,,6020,2,-30,-0.5,6050,6050,5930,10610,63475885,316314741540,52543977,STK
658,025860,KR7025860008,남해화학,KOSPI,,6360,2,-60,-0.93,6420,6530,6350,271414,1746819890,315957441480,49678843,STK
659,009290,KR7009290008,광동제약,KOSPI,,6340,3,0,0.0,6340,6350,6200,85525,537544355,315730782720,49799808,STK
660,001230,KR7001230002,동국홀딩스,KOSPI,,2030,1,5,0.25,2030,2050,1999,122187,247025811,315680661450,155507715,STK
661,244920,KR7244920005,에이플러스에셋,KOSPI,,13960,1,760,5.76,13580,14490,13450,121039,1686981425,315603394280,22607693,STK
662,455900,KR7455900001,엔젤로보틱스,KOSDAQ,기술성장기업부,20500,1,970,4.97,19860,21400,19860,86489,1795037260,315556110500,15392981,KSQ
663,200880,KR7200880003,서연이화,KOSPI,,11630,1,140,1.22,11610,11740,11470,14764,171252570,314340722310,27028437,STK
664,200710,KR7200710002,에이디테크놀로지,KOSDAQ,중견기업부,23300,1,800,3.56,22800,23500,22800,55414,1283819325,313664763100,13462007,KSQ
665,079370,KR7079370003,제우스,KOSDAQ,우량기업부,10100,1,450,4.66,9700,10200,9700,130003,1308407430,313271599000,31016990,KSQ
666,093520,KR7093520005,매커스,KOSDAQ,우량기업부,26200,1,300,1.16,26000,26500,26000,8149,213946975,311828129400,11901837,KSQ
667,002900,KR7002900009,TYM,KOSPI,,7520,1,340,4.74,7190,7550,7090,385887,2846579535,311328000000,41400000,STK
668,381970,KR7381970003,케이카,KOSPI,,6370,1,90,1.43,6310,6400,6250,116170,733705235,310988801760,48820848,STK
669,005950,KR7005950001,이수화학,KOSPI,,11780,1,620,5.56,11210,11820,11160,422737,4883817510,309745310820,26294169,STK
670,016800,KR7016800005,퍼시스,KOSPI,,26900,1,50,0.19,27000,27350,26850,493,13324350,309350000000,11500000,STK
671,096760,KR7096760004,JW홀딩스,KOSPI,,4180,3,0,0.0,4200,4200,4125,37954,158320439,309006257560,73924942,STK
672,018250,KR7018250001,애경산업,KOSPI,,11690,1,80,0.69,11550,11760,11520,28420,331051680,308732140150,26409935,STK
673,294570,KR7294570007,쿠콘,KOSDAQ,우량기업부,30550,1,3800,14.21,31100,32300,29950,644484,20104462500,308302412600,10091732,KSQ
674,069540,KR7069540003,빛과전자,KOSDAQ,벤처기업부,2715,1,55,2.07,2695,2735,2645,1999977,5368992763,305958500355,112691897,KSQ
675,448900,KR7448900001,한국피아이엠,KOSDAQ,기술성장기업부,50200,1,4650,10.21,46900,51200,46600,114473,5674707250,304937741400,6074457,KSQ
676,012030,KR7012030003,DB,KOSPI,,1507,1,55,3.79,1480,1514,1469,535937,797473888,303169117031,201173933,STK
677,035810,KR7035810001,이지홀딩스,KOSDAQ,우량기업부,4695,1,35,0.75,4660,4700,4635,98362,459437945,302903488575,64516185,KSQ
678,126720,KR7126720002,수산인더스트리,KOSPI,,21200,1,50,0.24,21200,21350,21000,10432,220455650,302863200000,14286000,STK
679,121440,KR7121440002,골프존홀딩스,KOSDAQ,우량기업부,7050,2,-810,-10.31,8000,8000,6850,190273,1409907150,301999566900,42836818,KSQ
680,084110,KR7084110006,휴온스글로벌,KOSDAQ,우량기업부,23800,1,150,0.63,24150,24200,23500,36503,868496950,301303525600,12659812,KSQ
681,039440,KR7039440003,에스티아이,KOSDAQ,우량기업부,19430,1,330,1.73,19250,19650,19050,65293,1263254870,301301923210,15507047,KSQ
682,001390,KR7001390004,KG케미칼,KOSPI,,4520,1,65,1.46,4455,4555,4455,115360,520865774,300144434720,66403636,STK
683,034830,KR7034830000,한국토지신탁,KOSPI,,1184,1,29,2.51,1156,1185,1156,229693,269420889,298947248320,252489230,STK
684,110990,KR7110990009,디아이티,KOSDAQ,우량기업부,15780,1,200,1.28,15720,16000,15550,40915,645416385,298242000000,18900000,KSQ
685,084010,KR7084010008,대한제강,KOSPI,,8670,1,20,0.23,8590,8670,8460,19892,169969440,298001737320,34371596,STK
686,017890,KR7017890005,한국알콜,KOSDAQ,우량기업부,14410,1,330,2.34,14080,14580,14080,31349,450828235,297905221460,20673506,KSQ
687,352480,KR7352480008,씨앤씨인터내셔널,KOSDAQ,우량기업부,21800,1,250,1.16,21450,22000,21300,12350,268240350,297131841800,13629901,KSQ
688,117730,KR7117730002,티로보틱스,KOSDAQ,벤처기업부,13150,1,520,4.12,12900,13380,12880,104966,1381437880,296638265450,22558043,KSQ
689,025770,KR7025770009,한국정보통신,KOSDAQ,우량기업부,7910,1,10,0.13,7890,8000,7850,20262,160583950,296184183610,37444271,KSQ
690,000157,KR7000152009,두산2우B,KOSPI,,331500,1,5000,1.53,328000,333000,325500,93,30507000,296042097000,893038,STK
691,033270,KR7033270000,유나이티드제약,KOSPI,,18500,1,30,0.16,18510,18650,18320,10060,185450830,294349337500,15910775,STK
692,101930,KR7101930006,인화정공,KOSDAQ,우량기업부,6440,1,40,0.63,6330,6510,6330,6136,39462390,294273681240,45694671,KSQ
693,377450,KR7377450002,리파인,KOSDAQ,우량기업부,16960,1,200,1.19,16810,17080,16710,311798,5276955555,293916800000,17330000,KSQ
694,001750,KR7001750009,한양증권,KOSPI,,19430,2,-60,-0.31,19490,19780,19340,11832,230201080,293577312980,15109486,STK
695,092460,KR7092460005,한라IMS,KOSDAQ,우량기업부,17150,2,-10,-0.06,17120,17390,16990,6841,117263230,293431012000,17109680,KSQ
696,002710,KR7002710002,TCC스틸,KOSPI,,11180,2,-520,-4.44,11200,11350,10900,245078,2731459455,293069132460,26213697,STK
697,078520,KR7078520004,에이블씨엔씨,KOSPI,,11260,3,0,0.0,11250,11450,11060,44885,505194835,292919452860,26014161,STK
698,036890,KR7036890002,진성티이씨,KOSDAQ,우량기업부,13180,1,120,0.92,13070,13230,13040,18315,240851460,290389971140,22032623,KSQ
699,200670,KR7200670008,휴메딕스,KOSDAQ,우량기업부,25850,1,650,2.58,25300,25950,25100,20460,524199900,290293690500,11229930,KSQ
700,010955,KR7010951002,S-Oil우,KOSPI,,71900,1,3100,4.51,69100,72900,67900,65847,4736109450,289176551300,4021927,STK
701,452430,KR7452430002,사피엔반도체,KOSDAQ,기술성장기업부,35000,1,4150,13.45,31650,35250,30900,113891,3840496800,288939735000,8255421,KSQ
702,003350,KR7003350006,한국화장품제조,KOSPI,,12750,2,-10,-0.08,12850,12920,12260,583358,7346539915,288915000000,22660000,STK
703,330860,KR7330860008,네패스아크,KOSDAQ,중견기업부,23650,3,0,0.0,23900,24500,23400,76216,1816012125,288152664250,12184045,KSQ
704,035600,KR7035600006,KG이니시스,KOSDAQ,우량기업부,10390,1,20,0.19,10450,10590,10360,35371,370085250,286290569260,27554434,KSQ
705,078350,KR7078350006,한양디지텍,KOSDAQ,우량기업부,18760,1,380,2.07,18600,19010,18490,72793,1366474105,285984606320,15244382,KSQ
706,091810,KR7091810002,트리니티항공,KOSPI,,2800,1,25,0.9,2820,2840,2775,56265,157244389,285897054800,102106091,STK
707,004430,KR7004430005,송원산업,KOSPI,,11910,2,-30,-0.25,11960,12490,11790,319192,3855358630,285840000000,24000000,STK
708,168360,KR7168360006,펨트론,KOSDAQ,벤처기업부,12740,1,370,2.99,12400,13100,12400,35588,453781950,285281176180,22392557,KSQ
709,265520,KR7265520007,AP시스템,KOSDAQ,우량기업부,18830,1,370,2.0,18530,18870,18530,27207,508211860,283406959430,15050821,KSQ
710,448280,KR7448280008,에코아이,KOSDAQ,중견기업부,9560,1,120,1.27,9530,9590,9250,9917,93739320,283273593240,29631129,KSQ
711,286940,KR7286940002,롯데이노베이트,KOSPI,,18710,1,700,3.89,18720,18850,18280,20948,389037790,283070456570,15129367,STK
712,472850,KR7472850007,폰드그룹,KOSDAQ,중견기업부,4915,2,-35,-0.71,4970,5040,4890,24948,123425905,282964669580,57571652,KSQ
713,084690,KR7084690007,대상홀딩스,KOSPI,,7800,2,-10,-0.13,7810,7860,7770,16510,129058230,282457796400,36212538,STK
714,003960,KR7003960002,사조대림,KOSPI,,30800,1,500,1.65,30600,30800,30300,996,30330700,282265583600,9164467,STK
715,232530,KR7232530006,이엠티,KONEX,일반기업부,10990,1,1090,11.01,10000,11000,9990,902,9131260,281501200960,25614304,KNX
716,136480,KR7136480001,하림,KOSDAQ,우량기업부,2650,1,10,0.38,2640,2665,2635,118714,314728843,281455710300,106209702,KSQ
717,051500,KR7051500007,CJ프레시웨이,KOSDAQ,우량기업부,23700,1,100,0.42,23750,23750,23400,3476,82075775,281356588200,11871586,KSQ
718,054950,KR7054950001,제이브이엠,KOSDAQ,우량기업부,23250,2,-300,-1.27,23450,23800,23150,12484,291740200,281089989000,12089892,KSQ
719,484590,KR7484590005,삼양컴텍,KOSDAQ,벤처기업부,6810,1,290,4.45,6580,7190,6530,331567,2274104375,280643164500,41210450,KSQ
720,376270,KR7376270005,HEM파마,KOSDAQ,기술성장기업부,38800,1,650,1.7,39250,39900,38150,4458,171629150,280102903600,7219147,KSQ
721,042520,KR7042520007,한스바이오메드,KOSDAQ,벤처기업부,19630,1,300,1.55,19350,19970,18710,107785,2097431400,279950634210,14261367,KSQ
722,058430,KR7058430000,포스코스틸리온,KOSPI,,4660,1,25,0.54,4650,4700,4615,170963,796560506,279600000000,60000000,STK
723,049070,KR7049070006,인탑스,KOSDAQ,우량기업부,17730,1,430,2.49,17530,17980,17310,34802,617633110,279110979000,15742300,KSQ
724,482630,KR7482630001,삼양엔씨켐,KOSDAQ,중견기업부,12660,1,460,3.77,12340,12870,12100,117973,1484104970,277105624800,21888280,KSQ
725,010820,KR7010820009,퍼스텍,KOSPI,,5670,1,150,2.72,5530,5720,5530,195290,1101058810,276536888460,48771938,STK
726,091580,KR7091580001,상신이디피,KOSDAQ,우량기업부,20650,1,150,0.73,20750,21250,20550,117320,2441980725,275227722350,13328219,KSQ
727,017390,KR7017390006,서울가스,KOSPI,,55500,2,-300,-0.54,55900,56000,55000,5947,329198250,274725000000,4950000,STK
728,287840,KR7287840003,인투셀,KOSDAQ,기술성장기업부,18260,1,660,3.75,18380,18380,17420,21580,386026435,274300989600,15021960,KSQ
729,043150,KR7043150002,바텍,KOSDAQ,우량기업부,18450,2,-400,-2.12,18880,18880,18360,48363,895889100,274061023200,14854256,KSQ
730,200470,KR7200470003,에이팩트,KOSDAQ,중견기업부,6240,2,-140,-2.19,6370,6520,6190,613661,3881397815,273458989440,43823556,KSQ
731,003120,KR7003120003,일성아이에스,KOSPI,,20550,2,-100,-0.48,20850,20850,20550,576,11867850,273315000000,13300000,STK
732,036200,KR7036200004,유니셈,KOSDAQ,우량기업부,8910,1,120,1.37,8860,8990,8750,84837,753584795,273218226930,30664223,KSQ
733,000430,KR7000430009,대원강업,KOSPI,,4390,1,55,1.27,4375,4430,4320,58467,256099525,272180000000,62000000,STK
734,122900,KR7122900004,아이마켓코리아,KOSPI,,8110,2,-60,-0.73,8170,8200,8090,33417,271445065,271107892400,33428840,STK
735,488900,KR7488900002,비츠로넥스텍,KOSDAQ,기술성장기업부,9350,1,350,3.89,9010,9350,9010,36197,333729415,270929742050,28976443,KSQ
736,061970,KR7061970000,LB세미콘,KOSDAQ,중견기업부,3865,1,35,0.91,3855,3960,3820,307273,1192031563,270870818190,70083006,KSQ
737,010690,KR7010690006,화신,KOSPI,,7750,1,160,2.11,7650,7900,7600,237311,1845398025,270633177500,34920410,STK
738,037710,KR7037710001,광주신세계,KOSPI,,35450,1,550,1.58,35200,35700,35050,26567,941303350,270383247400,7627172,STK
739,091700,KR7091700005,파트론,KOSDAQ,우량기업부,5390,1,50,0.94,5350,5420,5350,43091,232013975,269500000000,50000000,KSQ
740,334890,KR7334890001,이지스밸류플러스리츠,KOSPI,,3875,2,-110,-2.76,3985,3985,3750,286009,1100195260,269113646625,69448683,STK
741,309710,KR7309710002,아이티켐,KOSDAQ,관리종목(소속부없음),21000,0,0,0.0,0,0,0,0,0,268443021000,12783001,KSQ
742,064550,KR7064550007,바이오니아,KOSDAQ,중견기업부,10390,1,150,1.46,10410,10920,10130,851902,8909937710,268168923490,25810291,KSQ
743,045390,KR7045390002,대아티아이,KOSDAQ,우량기업부,3795,1,105,2.85,3750,3860,3690,1450739,5475712740,267446465715,70473377,KSQ
744,098070,KR7098070006,한텍,KOSDAQ,중견기업부,24000,1,350,1.48,23500,24000,23350,37628,892126100,266907384000,11121141,KSQ
745,020120,KR7020120002,키다리스튜디오,KOSPI,,7200,1,1020,16.5,6150,7200,6150,468422,3202957240,266859115200,37063766,STK
746,151860,KR7151860004,KG에코솔루션,KOSDAQ,우량기업부,5590,2,-60,-1.06,5660,5700,5570,25368,142595135,266100781180,47603002,KSQ
747,182400,KR7182400002,엔케이젠바이오텍코리아,KOSDAQ,관리종목(소속부없음),3670,0,0,0.0,0,0,0,0,0,265496721770,72342431,KSQ
748,228760,KR7228760005,지노믹트리,KOSDAQ,기술성장기업부,10660,1,150,1.43,10480,10710,10400,64146,676211510,264999093320,24859202,KSQ
749,424870,KR7424870004,이뮨온시아,KOSDAQ,기술성장기업부,2890,1,85,3.03,2835,2985,2800,104974,302227108,263965401010,91337509,KSQ
750,138080,KR7138080007,오이솔루션,KOSDAQ,벤처기업부,21300,1,900,4.41,20500,21500,20300,108686,2273286950,263646245400,12377758,KSQ
751,267980,KR7267980001,매일유업,KOSDAQ,우량기업부,34350,1,100,0.29,34250,34400,34150,1164,39912700,263245965300,7663638,KSQ
752,439090,KR7439090002,마녀공장,KOSDAQ,우량기업부,16010,1,220,1.39,15920,16140,15800,59400,948434700,262456092600,16393260,KSQ
753,136490,KR7136490000,선진,KOSPI,,10990,1,40,0.37,10940,11200,10750,104637,1146914695,261337847960,23779604,STK
754,105840,KR7105840003,우진,KOSPI,,12900,1,190,1.49,12650,13000,12540,93910,1200329140,260549943000,20197670,STK
755,461300,KR7461300006,아이스크림미디어,KOSDAQ,벤처기업부,19540,1,190,0.98,19350,19640,19300,22613,441175450,260545050820,13333933,KSQ
756,099440,KR7099440000,스맥,KOSDAQ,중견기업부,3800,2,-5,-0.13,3785,3910,3770,257030,988366859,259324897200,68243394,KSQ
757,047920,KR7047920004,HLB제약,KOSDAQ,기술성장기업부,7870,1,230,3.01,7700,8010,7650,216559,1698937690,258130931720,32799356,KSQ
758,060720,KR7060720000,KH바텍,KOSDAQ,중견기업부,10890,1,480,4.61,10650,10990,10450,164558,1778132300,257847343380,23677442,KSQ
759,389650,KR7389650003,넥스트바이오메디컬,KOSDAQ,기술성장기업부,31050,2,-50,-0.16,31100,31800,30600,29493,913555500,257009730300,8277286,KSQ
760,004360,KR7004360004,세방,KOSPI,,13410,1,10,0.07,13460,13550,13310,32753,439783410,256340236230,19115603,STK
761,121800,KR7121800007,비덴트,KOSDAQ,관리종목(소속부없음),3320,0,0,0.0,0,0,0,0,0,256309348520,77201611,KSQ
762,004310,KR7004310009,현대약품,KOSPI,,7950,1,270,3.52,7780,8530,7300,11120866,88979181235,254400000000,32000000,STK
763,123330,KR7123330003,제닉,KOSDAQ,우량기업부,31900,2,-1500,-4.49,33600,34950,31100,501927,16445741475,254200892000,7968680,KSQ
764,160980,KR7160980009,싸이맥스,KOSDAQ,우량기업부,23250,1,500,2.2,23000,24000,22750,135052,3144185375,253988649750,10924243,KSQ
765,243070,KR7243070000,휴온스,KOSDAQ,우량기업부,21150,1,200,0.95,21150,21350,20950,29658,627797675,253369914750,11979665,KSQ
766,377460,KR7377460001,큐에이드,KOSDAQ,관리종목(소속부없음),4080,0,0,0.0,0,0,0,0,0,253187202960,62055687,KSQ
767,200130,KR7200130003,콜마비앤에이치,KOSDAQ GLOBAL,우량기업부,8750,2,-50,-0.57,8810,9120,8740,108518,957493790,251786132500,28775558,KSQ
768,378340,KR7378340004,필에너지,KOSDAQ,중견기업부,11630,1,460,4.12,11220,11780,11220,43870,508107860,251718347660,21643882,KSQ
769,389500,KR7389500000,에스비비테크,KOSDAQ,기술성장기업부,37750,1,3150,9.1,35500,39100,35450,125453,4711647350,251546068000,6663472,KSQ
770,007160,KR7007160005,사조산업,KOSPI,,50300,1,400,0.8,49450,50500,49100,872,43482500,251500000000,5000000,STK
771,001790,KR7001790005,대한제당,KOSPI,,2910,1,30,1.04,2880,2920,2880,255361,742506512,250963972650,86241915,STK
772,005430,KR7005430004,한국공항,KOSPI,,79000,1,1600,2.07,78700,82800,78200,6035,482728400,250142045000,3166355,STK
773,298690,KR7298690009,에어부산,KOSPI,,1535,1,30,1.99,1505,1545,1505,39740,61052166,250074328520,162914872,STK
774,053690,KR7053690004,한미글로벌,KOSPI,,22800,1,1100,5.07,21750,23400,21300,393895,8909567050,249832140000,10957550,STK
775,005500,KR7005500004,삼진제약,KOSPI,,18750,2,-70,-0.37,18700,18890,18690,14843,278547860,249750000000,13320000,STK
776,217590,KR7217590009,티엠씨,KOSPI,,10360,1,290,2.88,10160,10380,10160,132375,1360344505,249616171000,24094225,STK
777,481070,KR7481070001,에이유브랜즈,KOSDAQ,중견기업부,17360,2,-390,-2.2,17750,18320,16600,24912,427073900,248773140000,14330250,KSQ
778,108860,KR7108860008,셀바스AI,KOSDAQ,벤처기업부,9190,1,300,3.37,8970,9240,8970,195748,1791601865,247346920100,26914790,KSQ
779,023410,KR7023410004,유진기업,KOSDAQ,중견기업부,3190,1,15,0.47,3185,3220,3140,174879,556746045,246621652970,77310863,KSQ
780,003920,KR7003920006,남양유업,KOSPI,,43400,3,0,0.0,43250,44150,43150,1727,75167100,246227599800,5673447,STK
781,008490,KR7008490005,서흥,KOSPI,,21250,2,-100,-0.47,21150,21550,21100,12795,272031650,245843651250,11569113,STK
782,317330,KR7317330009,덕산테코피아,KOSDAQ,중견기업부,11910,2,-310,-2.54,12110,12260,11410,113441,1354415920,243876115440,20476584,KSQ
783,011560,KR7011560000,세보엠이씨,KOSDAQ,우량기업부,24150,1,300,1.26,24000,24800,23500,23343,562437575,243549658800,10084872,KSQ
784,005680,KR7005680004,삼영전자,KOSPI,,12130,1,90,0.75,12050,12160,12000,8878,107154775,242600000000,20000000,STK
785,404990,KR7404990004,신한서부티엔디리츠,KOSPI,,3930,1,80,2.08,3850,3935,3840,29718,115672215,242197489800,61627860,STK
786,462860,KR7462860008,더즌,KOSDAQ,벤처기업부,3375,1,10,0.3,3700,3745,3275,4382110,15437614884,242178265125,71756523,KSQ
787,000490,KR7000490003,대동,KOSPI,,8400,1,150,1.82,8270,8445,8200,304931,2544278370,242145666000,28826865,STK
788,003200,KR7003200003,일신방직,KOSPI,,10480,1,60,0.58,10790,10790,10310,38631,402953670,240620800000,22960000,STK
789,089980,KR7089980007,상아프론테크,KOSDAQ,우량기업부,15020,1,450,3.09,15030,15100,14360,11411,170303930,240155335740,15989037,KSQ
790,094480,KR7094480001,갤럭시아머니트리,KOSDAQ,우량기업부,6120,1,600,10.87,5900,6480,5890,3282594,20388297235,240086608560,39229838,KSQ
791,086390,KR7086390002,유니테스트,KOSDAQ,중견기업부,11330,2,-220,-1.9,11580,11720,11150,201073,2294906800,239449647580,21134126,KSQ
792,030210,KR7030210009,다올투자증권,KOSPI,,3930,1,40,1.03,3870,3980,3870,35002,138128045,239380646580,60911106,STK
793,068930,KR7068930007,디지털대성,KOSDAQ,우량기업부,8630,2,-40,-0.46,8650,8700,8500,15532,134030880,238838201460,27675342,KSQ
794,000680,KR7000680009,LS네트웍스,KOSPI,,3030,2,-10,-0.33,3010,3095,2985,74803,227422467,238773138480,78803016,STK
795,025000,KR7025000001,KPX케미칼,KOSPI,,54400,3,0,0.0,54400,55200,54200,2567,139936500,238201769600,4378709,STK
796,003070,KR7003070000,코오롱글로벌,KOSPI,,9350,2,-90,-0.95,9690,9690,9330,14227,133462435,237714016650,25423959,STK
797,000540,KR7000540005,흥국화재,KOSPI,,3695,2,-265,-6.69,3960,3965,3665,292984,1102472290,237376573275,64242645,STK
798,100120,KR7100120005,뷰웍스,KOSDAQ,우량기업부,26350,1,150,0.57,26300,26950,26150,8365,221436300,236396679850,8971411,KSQ
799,044820,KR7044820009,코스맥스비티아이,KOSPI,,24600,2,-350,-1.4,24950,24950,23950,14606,355746075,236256456600,9603921,STK
800,071200,KR7071200000,인피니트헬스케어,KOSDAQ,중견기업부,9680,1,270,2.87,9500,9940,9500,47402,464027960,236157713440,24396458,KSQ
801,304360,KR7304360001,에스바이오메딕스,KOSDAQ,벤처기업부,19040,1,360,1.93,19170,19280,18770,13068,247454210,235812837120,12385128,KSQ
802,389260,KR7389260001,대명에너지,KOSDAQ,우량기업부,13150,1,480,3.79,12750,13150,12750,54075,703379840,235599673750,17916325,KSQ
803,484120,KR7484120001,도우인시스,KOSDAQ,중견기업부,21500,1,550,2.63,20400,21650,19900,122694,2569413630,235584573000,10957422,KSQ
804,001460,KR7001460005,BYC,KOSPI,,37700,1,150,0.4,37550,37900,37150,2056,77092400,235479855000,6246150,STK
805,043370,KR7043370006,피에이치에이,KOSDAQ,우량기업부,11180,1,50,0.45,11200,11250,10920,18345,202963050,234780000000,21000000,KSQ
806,0030R0,KR70030R0007,대신밸류리츠,KOSPI,,3920,1,80,2.08,3840,3920,3840,1209,4704720,234337600000,59780000,STK
807,298830,KR7298830001,슈어소프트테크,KOSDAQ,우량기업부,4380,1,210,5.04,4260,4400,4240,180664,782929313,234148225620,53458499,KSQ
808,094360,KR7094360005,칩스앤미디어,KOSDAQ,벤처기업부,10950,1,700,6.83,10400,11140,10280,101036,1085606750,233840250300,21355274,KSQ
809,036030,KR7036030005,케이티알파,KOSDAQ,우량기업부,4760,1,60,1.28,4705,4760,4655,29539,139202120,233331111160,49019141,KSQ
810,348950,KR7348950007,제이알글로벌리츠,KOSPI,,1182,0,0,0.0,0,0,0,0,0,233298432000,197376000,STK
811,900140,KYG5307W1015,엘브이엠씨홀딩스,KOSPI,,1207,1,10,0.84,1197,1211,1192,140037,168429943,233241201424,193240432,STK
812,144510,KR7144510005,지씨셀,KOSDAQ,중견기업부,14760,3,0,0.0,14690,15000,14140,43194,622445690,233213077440,15800344,KSQ
813,065710,KR7065710006,서호전기,KOSDAQ,우량기업부,45250,1,850,1.91,44400,45250,44400,3741,168671825,233037500000,5150000,KSQ
814,226320,KR7226320000,잇츠한불,KOSPI,,10610,1,80,0.76,10590,10650,10480,15431,162711740,232670032150,21929315,STK
815,003650,KR7003650009,미창석유,KOSPI,,133500,1,1500,1.14,132000,134700,131500,1434,190007200,232246212000,1739672,STK
816,0008Z0,KR70008Z0005,에스엔시스,KOSDAQ,벤처기업부,24600,2,-450,-1.8,25050,25050,24400,15222,374101225,232139474400,9436564,KSQ
817,064820,KR7064820004,케이프,KOSDAQ,우량기업부,7520,1,110,1.48,7460,7630,7460,40320,304747910,232068816800,30860215,KSQ
818,03473K,KR703473K016,SK우,KOSPI,,409500,1,14500,3.67,395000,412500,391000,1273,515413250,231832282500,566135,STK
819,216080,KR7216080002,제테마,KOSDAQ,벤처기업부,6200,2,-220,-3.43,6420,6590,6090,153855,969324295,231180013800,37287099,KSQ
820,044450,KR7044450005,KSS해운,KOSPI,,10230,1,110,1.09,10120,10440,10120,56476,581249900,230968080750,22577525,STK
821,215000,KR7215000001,골프존,KOSDAQ,우량기업부,36800,1,100,0.27,37300,37300,36350,11055,405315600,230935272000,6275415,KSQ
822,002320,KR7002320000,한진,KOSPI,,14870,3,0,0.0,14810,15190,14770,15666,233232660,230761819920,15518616,STK
823,114190,KR7114190002,강원에너지,KOSDAQ,중견기업부,8810,1,240,2.8,8610,8830,8480,91026,787631795,230143964780,26123038,KSQ
824,001340,KR7001340009,PKC,KOSPI,,5100,1,100,2.0,5000,5110,5000,70758,358258190,229643253900,45028089,STK
825,416180,KR7416180008,신성에스티,KOSDAQ,벤처기업부,25400,1,1150,4.74,24800,25500,24250,12678,319804625,229610361200,9039778,KSQ
826,180400,KR7180400004,DXVX,KOSDAQ,관리종목(소속부없음),2325,1,40,1.75,2330,2390,2255,21916,50655885,228848429400,98429432,KSQ
827,475560,KR7475560009,더본코리아,KOSPI,,15430,1,340,2.25,15090,15660,15090,31376,484139085,228795577100,14827970,STK
828,001470,KR7001470004,삼부토건,KOSPI,,5820,0,0,0.0,0,0,0,0,0,227794235460,39139903,STK
829,000320,KR7000320002,노루홀딩스,KOSPI,,17090,1,140,0.83,17220,17340,16750,4830,82269315,227145770590,13291151,STK
830,0001A0,KR70001A0001,덕양에너젠,KOSDAQ,중견기업부,8910,1,120,1.37,8810,9130,8790,25911,230562615,226928451420,25468962,KSQ
831,024840,KR7024840001,KBI메탈,KOSDAQ,중견기업부,5230,1,140,2.75,5160,5280,5080,920031,4770740160,226413164280,43291236,KSQ
832,134380,KR7134380005,미원화학,KOSPI,,10290,2,-60,-0.58,10350,10500,10290,6162,63504430,226304677200,21992680,STK
833,092200,KR7092200005,디아이씨,KOSPI,,5810,1,190,3.38,5700,6010,5700,264525,1542904955,225942585890,38888569,STK
834,034120,KR7034120006,SBS,KOSPI,,12150,1,40,0.33,12260,12260,12100,2422,29483310,225397541700,18551238,STK
835,009680,KR7009680000,모토닉,KOSPI,,10370,2,-30,-0.29,10350,10370,10290,7810,80776730,225372184780,21733094,STK
836,073490,KR7073490005,LIG아큐버,KOSDAQ,우량기업부,29600,1,1050,3.68,29050,29700,28650,24128,705769400,225073841600,7603846,KSQ
837,023760,KR7023760002,한국캐피탈,KOSDAQ,우량기업부,1421,1,13,0.92,1408,1426,1407,58791,83437910,224240603748,157804788,KSQ
838,000050,KR7000050005,경방,KOSPI,,8160,2,-10,-0.12,8170,8240,8110,12259,100173310,223708603200,27415270,STK
839,432320,KR7432320000,KB스타리츠,KOSPI,,1483,1,14,0.95,1465,1497,1465,203477,301544274,223583434655,150764285,STK
840,237880,KR7237880000,클리오,KOSDAQ,우량기업부,12370,2,-140,-1.12,12560,12650,12280,78881,978518305,223542636610,18071353,KSQ
841,365270,KR7365270008,큐라클,KOSDAQ,기술성장기업부,10050,1,400,4.15,9700,10350,9700,76488,773770080,222677769600,22156992,KSQ
842,199430,KR7199430000,케이엔알시스템,KOSDAQ,기술성장기업부,19850,1,2750,16.08,18100,20100,17860,660414,12575501715,222261303550,11197043,KSQ
843,019010,KR7019010008,베뉴지,KOSDAQ,중견기업부,4600,1,25,0.55,4545,4605,4445,118868,541118572,221720000000,48200000,KSQ
844,053030,KR7053030003,바이넥스,KOSDAQ,중견기업부,6780,1,80,1.19,6730,6920,6590,64374,435587820,221598794640,32684188,KSQ
845,394280,KR7394280002,오픈엣지테크놀로지,KOSDAQ,기술성장기업부,8410,1,130,1.57,8430,8520,8280,67773,569674195,221574317300,26346530,KSQ
846,051905,KR7051901007,LG생활건강우,KOSPI,,105500,1,300,0.29,105200,106000,103100,6513,678485550,221155324500,2096259,STK
847,061090,KR7061090007,세나테크놀로지,KOSDAQ,벤처기업부,40400,1,2150,5.62,38750,41050,38350,25090,999076350,220889020000,5467550,KSQ
848,254490,KR7254490006,미래반도체,KOSDAQ,우량기업부,15280,1,480,3.24,14910,15410,14910,31162,473783495,220612640000,14438000,KSQ
849,033920,KR7033920000,무학,KOSPI,,7730,2,-10,-0.13,7770,7860,7680,16946,131376290,220305000000,28500000,STK
850,445090,KR7445090004,에이직랜드,KOSDAQ,벤처기업부,20150,1,420,2.13,19960,20300,19840,10051,202262860,220152008700,10925658,KSQ
851,001250,KR7001250000,GS글로벌,KOSPI,,2660,1,25,0.95,2640,2715,2630,337638,897230160,219539812240,82533764,STK
852,493280,KR7493280002,아이엠바이오로직스,KOSDAQ,기술성장기업부,14720,1,400,2.79,14380,14780,14300,39654,577690115,218394001280,14836549,KSQ
853,290690,KR7290690007,아리바이오홀딩스,KOSDAQ,중견기업부,4120,1,50,1.23,4070,4145,4030,176993,721818910,218192839240,52959427,KSQ
854,065680,KR7065680001,우주일렉트로,KOSDAQ,우량기업부,23600,1,50,0.21,24000,24000,23200,15299,360217050,218075115600,9240471,KSQ
855,243840,KR7243840006,신흥에스이씨,KOSDAQ,우량기업부,5640,3,0,0.0,5690,5820,5590,169387,959318550,217468445400,38558235,KSQ
856,950170,KR8392080006,JTC,KOSDAQ,외국기업(소속부없음),4450,1,50,1.14,4400,4455,4400,3024,13398260,217040361750,48773115,KSQ
857,456010,KR7456010008,아이씨티케이,KOSDAQ,기술성장기업부,14870,1,220,1.5,14780,15170,14640,112112,1671222085,215649944500,14502350,KSQ
858,035150,KR7035150002,백산,KOSPI,,10900,1,150,1.4,10890,10910,10620,8321,90179710,215504761100,19771079,STK
859,005010,KR7005010004,휴스틸,KOSPI,,3830,1,40,1.06,3780,3865,3760,204442,778742106,215200327250,56188075,STK
860,067390,KR7067390005,아스트,KOSDAQ,중견기업부,5090,2,-170,-3.23,5240,5270,5050,64654,331058470,214369203130,42115757,KSQ
861,0011T0,KR70011T0008,채비,KOSDAQ,기술성장기업부,4555,1,160,3.64,4425,4750,4425,139448,645125566,213855387005,46949591,KSQ
862,206640,KR7206640005,바디텍메드,KOSDAQ,우량기업부,9760,2,-50,-0.51,9890,9890,9630,36317,353431755,213821308960,21907921,KSQ
863,003555,KR7003551009,LG우,KOSPI,,71000,1,500,0.71,71000,71100,70300,2774,196488350,213795129000,3011199,STK
864,005710,KR7005710009,대원산업,KOSDAQ,우량기업부,10650,1,230,2.21,10710,10710,10410,3682,38889320,213400440000,20037600,KSQ
865,217730,KR7217730001,강스템바이오텍,KOSDAQ,기술성장기업부,2265,1,85,3.9,2195,2295,2180,226227,507959905,213032647485,94054149,KSQ
866,484810,KR7484810007,티엑스알로보틱스,KOSDAQ,벤처기업부,13760,1,880,6.83,13580,15070,13410,1305479,18734450145,212604590400,15450915,KSQ
867,241520,KR7241520006,DSC인베스트먼트,KOSDAQ,중견기업부,7990,1,240,3.1,7850,8070,7850,83509,664601055,212534000000,26600000,KSQ
868,042370,KR7042370007,비츠로테크,KOSDAQ,우량기업부,8110,1,240,3.05,7920,8150,7920,82125,661389770,212482202750,26200025,KSQ
869,095500,KR7095500005,미래나노텍,KOSDAQ,우량기업부,6850,1,50,0.74,6840,6930,6775,52657,360108805,212418493150,31009999,KSQ
870,298000,KR7298000001,효성화학,KOSPI,,56000,1,600,1.08,55400,56900,54500,25544,1420338850,212341416000,3791811,STK
871,000480,KR7000480004,CR홀딩스,KOSPI,,4525,2,-5,-0.11,4540,4540,4480,9003,40662170,212179467250,46890490,STK
872,046970,KR7046970000,우리로,KOSDAQ,벤처기업부,4840,1,120,2.54,4720,4845,4600,521597,2482549656,212112995160,43824999,KSQ
873,125020,KR7125020008,티씨머티리얼즈,KOSDAQ,중견기업부,6040,1,240,4.14,5910,6100,5790,422607,2521286440,211632842000,35038550,KSQ
874,475400,KR7475400008,씨메스로보틱스,KOSDAQ,기술성장기업부,17920,1,980,5.79,17110,18100,17110,38758,687742750,211579540480,11806894,KSQ
875,052710,KR7052710001,아모텍,KOSDAQ,중견기업부,11290,1,860,8.25,10540,11810,10400,514650,5808492805,210906232000,18680800,KSQ
876,307180,KR7307180000,아이엘,KOSDAQ,벤처기업부,5700,1,200,3.64,5600,5800,5560,231047,1312863650,210419353200,36915676,KSQ
877,014940,KR7014940001,오리엔탈정공,KOSDAQ,우량기업부,4610,2,-10,-0.22,4630,4660,4575,51072,236274286,210094577210,45573661,KSQ
878,052330,KR7052330008,코텍,KOSDAQ,우량기업부,11800,2,-60,-0.51,11880,11880,11770,7310,86563530,209586750200,17761589,KSQ
879,353810,KR7353810005,이지바이오,KOSDAQ,우량기업부,6320,1,30,0.48,6330,6340,6230,48182,302618070,209077734400,33081920,KSQ
880,017860,KR7017860008,DS단석,KOSPI,,11780,1,260,2.26,11520,11800,11500,29530,346106820,207959808520,17653634,STK
881,011500,KR7011500006,한농화성,KOSPI,,13290,1,310,2.39,13050,13470,13050,30290,402354025,207816288180,15637042,STK
882,099430,KR7099430001,바이오플러스,KOSDAQ,우량기업부,3370,1,70,2.12,3350,3405,3310,108843,365620580,207729233140,61640722,KSQ
883,0082N0,KR70082N0008,카나프테라퓨틱스,KOSDAQ,기술성장기업부,15600,2,-560,-3.47,16980,16980,15400,25004,394325975,207489048000,13300580,KSQ
884,446540,KR7446540007,메가터치,KOSDAQ,중견기업부,7110,1,340,5.02,6880,7240,6840,126672,894594375,206752479210,29079111,KSQ
885,380540,KR7380540005,옵티코어,KOSDAQ,관리종목(소속부없음),8450,0,0,0.0,0,0,0,0,0,206658126350,24456583,KSQ
886,314930,KR7314930009,바이오다인,KOSDAQ,기술성장기업부,6940,2,-100,-1.42,6920,7030,6670,42834,291531430,206562874820,29764103,KSQ
887,354320,KR7354320004,알멕,KOSDAQ,기술성장기업부,32300,1,5400,20.07,26950,33600,26950,293806,9414108300,206441606300,6391381,KSQ
888,003720,KR7003720000,삼영,KOSPI,,6060,1,110,1.85,5980,6110,5960,106977,644062470,206040000000,34000000,STK
889,036710,KR7036710002,심텍홀딩스,KOSDAQ,중견기업부,3900,1,60,1.56,3840,4000,3660,269793,1021752801,206028240600,52827754,KSQ
890,203650,KR7203650007,드림시큐리티,KOSDAQ,중견기업부,2025,1,53,2.69,1981,2065,1981,603306,1223614659,205951580100,101704484,KSQ
891,004980,KR7004980009,성신양회,KOSPI,,8400,2,-30,-0.36,8400,8580,8260,94150,787481760,205935013200,24516073,STK
892,000650,KR7000650002,천일고속,KOSPI,,143700,1,600,0.42,143100,146300,142000,1171,168683450,205378914000,1429220,STK
893,053300,KR7053300000,한국정보인증,KOSDAQ,우량기업부,5030,1,70,1.41,4990,5160,4990,116203,590207660,204173212880,40591096,KSQ
894,003520,KR7003520004,영진약품,KOSPI,,1116,1,4,0.36,1110,1125,1104,271050,302209012,204108287796,182892731,STK
895,067080,KR7067080002,대화제약,KOSDAQ,중견기업부,10960,1,360,3.4,10580,11460,10500,151157,1656618090,204038484000,18616650,KSQ
896,049430,KR7049430002,코메론,KOSDAQ,우량기업부,22450,1,1350,6.4,20950,22800,20650,107690,2378676925,203127600000,9048000,KSQ
897,318060,KR7318060001,그래피,KOSDAQ,기술성장기업부,18150,1,1080,6.33,17000,18220,16980,41439,734458780,203047262550,11187177,KSQ
898,088260,KR7088260005,이리츠코크렙,KOSPI,,3205,1,5,0.16,3205,3230,3180,53324,171089715,203009795950,63341590,STK
899,100250,KR7100250000,진양홀딩스,KOSPI,,3175,1,20,0.63,3160,3180,3155,40629,128640735,202882500000,63900000,STK
900,018310,KR7018310003,삼목에스폼,KOSDAQ,우량기업부,13790,1,50,0.36,13730,13790,13630,2337,32012140,202713000000,14700000,KSQ
901,037270,KR7037270006,YG PLUS,KOSPI,,3170,1,95,3.09,3080,3170,3080,118945,373460803,201812058700,63663110,STK
902,058970,KR7058970005,엠로,KOSDAQ,기술성장기업부,16130,1,830,5.42,15510,16130,15330,31548,500315680,199411867220,12362794,KSQ
903,085910,KR7085910008,네오티스,KOSDAQ,중견기업부,14430,2,-370,-2.5,14800,15110,14000,190912,2722605855,199059223740,13794818,KSQ
904,028100,KR7028100006,동아지질,KOSPI,,17720,1,350,2.01,17370,17750,17340,22958,405081190,198855913240,11222117,STK
905,066620,KR7066620006,국보디자인,KOSDAQ,우량기업부,26500,1,650,2.51,26250,27000,26000,2524,66439800,198750000000,7500000,KSQ
906,036190,KR7036190007,금화피에스시,KOSDAQ,우량기업부,33100,2,-700,-2.07,33800,33800,33050,6566,218175025,198600000000,6000000,KSQ
907,001130,KR7001130004,대한제분,KOSPI,,11700,2,-80,-0.68,11770,11790,11640,7879,92385145,197730000000,16900000,STK
908,084850,KR7084850007,아이티엠반도체,KOSDAQ,중견기업부,8690,1,50,0.58,8710,8780,8520,16302,141177550,197114696460,22682934,KSQ
909,064850,KR7064850001,에프앤가이드,KOSDAQ,벤처기업부,17230,1,1690,10.88,15840,17390,15810,43181,723187800,196600020360,11410332,KSQ
910,013120,KR7013120001,동원개발,KOSDAQ,우량기업부,2165,2,-35,-1.59,2215,2220,2165,43453,94777295,196599536500,90808100,KSQ
911,013580,KR7013580006,계룡건설,KOSPI,,22000,1,300,1.38,21950,22450,21700,77935,1720645150,196479954000,8930907,STK
912,039570,KR7039570007,HDC랩스,KOSPI,,7560,3,0,0.0,7560,7620,7540,1682,12728890,196239463560,25957601,STK
913,452280,KR7452280001,한선엔지니어링,KOSDAQ,우량기업부,10180,1,490,5.06,9810,10280,9760,251892,2540434825,195941280600,19247670,KSQ
914,272110,KR7272110008,케이엔제이,KOSDAQ,우량기업부,24400,1,550,2.31,24000,25000,23850,56265,1379662100,195819638000,8025395,KSQ
915,190510,KR7190510008,나무가,KOSDAQ,우량기업부,13880,1,680,5.15,13240,13900,13200,43466,593801135,195504199960,14085317,KSQ
916,462350,KR7462350000,이노스페이스,KOSDAQ,기술성장기업부,5770,1,190,3.41,5530,5840,5530,114901,660406070,195496670440,33881572,KSQ
917,214180,KR7214180002,헥토이노베이션,KOSDAQ,우량기업부,15030,1,790,5.55,14540,15180,14530,130821,1955628030,195290306010,12993367,KSQ
918,001630,KR7001630003,종근당홀딩스,KOSPI,,38900,3,0,0.0,39300,39500,38900,1024,39891075,194883592900,5009861,STK
919,053210,KR7053210001,스카이라이프,KOSPI,,4100,2,-10,-0.24,4150,4150,4055,13504,55156295,194844115500,47522955,STK
920,102940,KR7102940004,코오롱생명과학,KOSDAQ,중견기업부,14850,1,290,1.99,14700,15050,14600,64725,960879190,194395454550,13090603,KSQ
921,042420,KR7042420000,네오위즈홀딩스,KOSDAQ,우량기업부,23850,2,-50,-0.21,23800,24000,23600,5912,140634050,194193449550,8142283,KSQ
922,377190,KR7377190004,디앤디플랫폼리츠,KOSPI,,2195,3,0,0.0,2195,2210,2185,102378,224729212,194038000000,88400000,STK
923,304100,KR7304100001,솔트룩스,KOSDAQ,기술성장기업부,15390,1,310,2.06,15140,15460,14830,83679,1278848960,193819428450,12593855,KSQ
924,035510,KR7035510007,신세계 I&C,KOSPI,,13860,1,870,6.7,13020,14700,13020,300766,4217829800,193775274000,13980900,STK
925,034810,KR7034810002,해성산업,KOSDAQ,중견기업부,6130,1,80,1.32,6020,6130,6020,8463,51519905,193586331760,31580152,KSQ
926,450950,KR7450950001,아스테라시스,KOSDAQ,벤처기업부,5130,1,30,0.59,5010,5190,5010,9196,46946810,193029546960,37627592,KSQ
927,194480,KR7194480000,데브시스터즈,KOSDAQ,중견기업부,15860,1,460,2.99,15420,16030,15250,98003,1542399080,193002719000,12169150,KSQ
928,419530,KR7419530001,SAMG엔터,KOSDAQ,기술성장기업부,18900,1,180,0.96,18790,19230,18770,22064,419468455,192918669300,10207337,KSQ
929,016580,KR7016580003,환인제약,KOSPI,,10360,2,-30,-0.29,10400,10450,10180,74597,763580815,192696725200,18600070,STK
930,012210,KR7012210001,삼미금속,KOSDAQ,중견기업부,8350,1,10,0.12,8670,8670,8260,107092,898902910,192480684650,23051579,KSQ
931,080720,KR7080720006,한국유니온제약,KOSDAQ,관리종목(소속부없음),2410,0,0,0.0,0,0,0,0,0,192441519730,79851253,KSQ
932,095570,KR7095570008,AJ네트웍스,KOSPI,,4250,3,0,0.0,4305,4305,4220,57114,242473127,192324225750,45252759,STK
933,459510,KR7459510004,나우로보틱스,KOSDAQ,기술성장기업부,14760,1,1130,8.29,14960,15110,14450,149187,2202146935,191560918320,12978382,KSQ
934,117580,KR7117580001,대성에너지,KOSPI,,6960,3,0,0.0,6960,6970,6850,50704,350811900,191400000000,27500000,STK
935,036560,KR7036560001,KZ정밀,KOSDAQ,우량기업부,12150,3,0,0.0,12150,12280,12140,1679,20438380,191362500000,15750000,KSQ
936,194700,KR7194700001,노바렉스,KOSDAQ,우량기업부,10470,2,-180,-1.69,10650,10730,10410,113125,1191290830,191128258560,18254848,KSQ
937,102260,KR7102260007,동성케미컬,KOSPI,,3760,1,10,0.27,3760,3805,3745,89479,337670361,190517662160,50669591,STK
938,115450,KR7115450009,HLB테라퓨틱스,KOSDAQ,중견기업부,2150,1,55,2.63,2095,2170,2095,102006,218253075,190447234350,88580109,KSQ
939,339770,KR7339770000,교촌에프앤비,KOSPI,,3800,3,0,0.0,3840,3850,3795,16712,63694187,189867304000,49965080,STK
940,033530,KR7033530007,SJG세종,KOSPI,,7000,1,110,1.6,6890,7090,6890,30096,209723640,189366093000,27052299,STK
941,010580,KR7010580009,에스엠벡셀,KOSPI,,1699,2,-38,-2.19,1723,1745,1680,239194,407652207,189016740240,111251760,STK
942,192440,KR7192440006,슈피겐코리아,KOSDAQ,우량기업부,30400,1,700,2.36,29700,30450,29700,3675,110356750,188977435200,6216363,KSQ
943,082800,KR7082800004,비보존 제약,KOSDAQ,중견기업부,3100,1,150,5.08,2955,3100,2915,269499,804094046,188230964600,60719666,KSQ
944,128820,KR7128820008,대성산업,KOSPI,,4150,1,75,1.84,4145,4180,4075,46670,193078375,187727233700,45235478,STK
945,112290,KR7112290002,와이씨켐,KOSDAQ,기술성장기업부,9280,1,80,0.87,9250,9420,9180,71037,658879610,187651715200,20221090,KSQ
946,003547,KR7003542008,대신증권2우B,KOSPI,,19520,1,20,0.1,19500,19660,19410,10686,208022790,187522120320,9606666,STK
947,016790,KR7016790008,현대사료,KOSDAQ,관리종목(소속부없음),994,0,0,0.0,0,0,0,0,0,187340898626,188471729,KSQ
948,000140,KR7000140004,하이트진로홀딩스,KOSPI,,8030,1,10,0.12,8140,8140,8000,2652,21286310,186350322950,23206765,STK
949,126600,KR7126600006,BGF에코머티리얼즈,KOSDAQ,우량기업부,2960,2,-5,-0.17,2970,2985,2930,11259,33213260,185790021040,62766899,KSQ
950,234690,KR7234690006,녹십자웰빙,KOSDAQ,우량기업부,10340,2,-410,-3.81,11000,11070,10220,1748802,18630270085,185740418600,17963290,KSQ
951,403850,KR7403850001,더핑크퐁컴퍼니,KOSDAQ,중견기업부,12920,2,-160,-1.22,12970,13400,12710,137263,1784901860,185415049200,14351010,KSQ
952,102460,KR7102460003,이연제약,KOSPI,,9970,1,60,0.61,9910,10010,9730,38862,382815580,185310505670,18586811,STK
953,260870,KR7260870001,SK시그넷,KONEX,일반기업부,8120,3,0,0.0,8120,8140,8120,3283,26658160,184976726200,22780385,KNX
954,204610,KR7204610000,티쓰리,KOSDAQ,벤처기업부,3300,1,65,2.01,3255,3330,3220,119272,393356493,183896526000,55726220,KSQ
955,425040,KR7425040003,티이엠씨,KOSDAQ,우량기업부,8380,1,180,2.2,8210,8470,8130,117386,977239205,183713885240,21922898,KSQ
956,388050,KR7388050007,지투파워,KOSDAQ,우량기업부,9800,1,160,1.66,9780,9920,9470,485314,4700931380,183352482600,18709437,KSQ
957,464080,KR7464080001,에스오에스랩,KOSDAQ,기술성장기업부,10160,1,790,8.43,9790,10210,9650,123306,1225158030,183017861040,18013569,KSQ
958,067290,KR7067290007,JW신약,KOSDAQ,중견기업부,3265,2,-165,-4.81,3440,3445,3095,23530709,76006180798,182961141295,56037103,KSQ
959,032940,KR7032940009,원익,KOSDAQ,우량기업부,10050,1,1470,17.13,8760,11060,8590,14615793,145085201900,182841469050,18193181,KSQ
960,220100,KR7220100002,퓨쳐켐,KOSDAQ,기술성장기업부,8130,1,270,3.44,7770,8270,7770,56496,454366620,182334924600,22427420,KSQ
961,007860,KR7007860000,서연,KOSPI,,7760,2,-10,-0.13,7750,7860,7750,16202,126090400,182203589440,23479844,STK
962,002100,KR7002100006,경농,KOSPI,,9330,1,20,0.21,9310,9370,9270,29045,270813465,182145624750,19522575,STK
963,256840,KR7256840000,한국비엔씨,KOSDAQ,우량기업부,2660,1,40,1.53,2625,2715,2580,504920,1335481442,181930396760,68394886,KSQ
964,143240,KR7143240000,사람인,KOSDAQ,우량기업부,16940,2,-60,-0.35,17000,17090,16750,10702,181212385,181812463140,10732731,KSQ
965,417030,KR7417030004,니어스랩,KOSDAQ,기술성장기업부,31450,1,4350,16.05,27150,32450,26800,740832,22387562600,181704136200,5777556,KSQ
966,293780,KR7293780003,압타바이오,KOSDAQ,기술성장기업부,6460,2,-160,-2.42,6620,6750,6450,15917,104422205,181483396300,28093405,KSQ
967,003220,KR7003220001,대원제약,KOSPI,,8070,1,80,1.0,8040,8100,7920,38806,310814070,180990594810,22427583,STK
968,176750,KR7176750008,듀켐바이오,KOSDAQ,기술성장기업부,6350,1,160,2.58,6210,6660,6120,54909,349744875,180903372000,28488720,KSQ
969,270660,KR7270660004,에브리봇,KOSDAQ,벤처기업부,14210,1,760,5.65,13770,14390,13770,66651,940230450,180333184430,12690583,KSQ
970,014710,KR7014710008,사조씨푸드,KOSPI,,10470,2,-30,-0.29,10970,10970,10240,5726,60037940,180278145210,17218543,STK
971,213500,KR7213500002,한솔제지,KOSPI,,7570,1,100,1.34,7500,7590,7500,20655,156017075,180170360320,23800576,STK
972,002420,KR7002420008,우양피앤엘,KOSPI,,5780,2,-90,-1.53,5870,5870,5720,10769,62048220,180150369520,31167884,STK
973,314130,KR7314130006,지놈앤컴퍼니,KOSDAQ,기술성장기업부,3435,1,85,2.54,3400,3500,3350,117771,403395300,179648524875,52299425,KSQ
974,357550,KR7357550003,석경에이티,KOSDAQ,기술성장기업부,32900,3,0,0.0,32900,33050,32250,2002,65346450,179469500000,5455000,KSQ
975,002150,KR7002150001,도화엔지니어링,KOSPI,,5320,2,-30,-0.56,5350,5420,5300,24856,133240630,179390400000,33720000,STK
976,487570,KR7487570004,HS효성,KOSPI,,48100,2,-150,-0.31,48350,48600,47600,1611,77808325,179217088700,3725927,STK
977,016450,KR7016450009,한세예스24홀딩스,KOSPI,,4465,2,-25,-0.56,4490,4530,4430,26443,117826262,178600000000,40000000,STK
978,234080,KR7234080000,JW생명과학,KOSPI,,11260,1,60,0.54,11280,11280,11170,9473,106436190,178297078040,15834554,STK
979,078150,KR7078150000,HB테크놀러지,KOSDAQ,우량기업부,1876,1,56,3.08,1840,1925,1817,650481,1213892430,178073293048,94921798,KSQ
980,222040,KR7222040008,코스맥스엔비티,KOSDAQ,중견기업부,8580,1,330,4.0,8200,8640,7990,227544,1894208025,176988240000,20628000,KSQ
981,015230,KR7015230006,대창단조,KOSPI,,6520,1,20,0.31,6500,6670,6450,93771,613822955,176976402400,27143620,STK
982,372170,KR7372170001,윤성에프앤씨,KOSDAQ,우량기업부,22150,1,1450,7.0,22200,22600,21750,39124,867392775,176735913200,7979048,KSQ
983,003610,KR7003610003,방림,KOSPI,,5500,2,-80,-1.43,5640,5640,5460,36062,198267360,176609279000,32110778,STK
984,054210,KR7054210000,이랜텍,KOSDAQ,우량기업부,6970,1,260,3.87,6750,6980,6750,65801,451237950,176279733700,25291210,KSQ
985,004560,KR7004560009,현대비앤지스틸,KOSPI,,11650,1,60,0.52,11700,11850,11530,16898,197266440,175668148150,15078811,STK
986,134580,KR7134580000,탑코미디어,KOSDAQ,중견기업부,3560,1,220,6.59,3280,3665,3200,679223,2360031491,175487170440,49294149,KSQ
987,126730,KR7126730001,코칩,KOSDAQ,벤처기업부,20000,1,240,1.21,19980,21150,19850,238779,4876693420,175402520000,8770126,KSQ
988,108380,KR7108380007,대양전기공업,KOSDAQ,우량기업부,18290,1,840,4.81,17510,18400,17430,90799,1629824190,174986520570,9567333,KSQ
989,092130,KR7092130004,이크레더블,KOSDAQ,중견기업부,14490,1,50,0.35,14500,14510,14360,3942,57040875,174511764000,12043600,KSQ
990,241590,KR7241590009,화승엔터프라이즈,KOSPI,,2880,1,5,0.17,2835,2940,2835,14869,42984472,174497114880,60589276,STK
991,000390,KR7000390005,SP삼화,KOSPI,,6410,2,-70,-1.08,6480,6630,6410,70310,458778930,174374236290,27203469,STK
992,025560,KR7025560004,미래산업,KOSPI,,6270,1,100,1.62,6250,6280,6100,255855,1585347485,174172311060,27778678,STK
993,000300,KR7000300004,DH오토넥스,KOSPI,,4200,0,0,0.0,0,0,0,0,0,174035631000,41437055,STK
994,003460,KR7003460003,유화증권,KOSPI,,3065,1,20,0.66,3045,3075,3045,6565,20127820,173792901975,56702415,STK
995,000700,KR7000700005,유수홀딩스,KOSPI,,6640,1,50,0.76,6520,6720,6520,20322,135249630,172917631680,26041812,STK
996,005960,KR7005960000,동부건설,KOSPI,,7520,1,20,0.27,7500,7570,7420,20967,156934845,172558905760,22946663,STK
997,143160,KR7143160000,아이디스,KOSDAQ,우량기업부,16100,2,-20,-0.12,16130,16250,15800,2821,45357270,172533879000,10716390,KSQ
998,138610,KR7138610001,나이벡,KOSDAQ,기술성장기업부,15160,1,60,0.4,15090,15240,14850,57342,861661180,172335741880,11367793,KSQ
999,402030,KR7402030001,코난테크놀로지,KOSDAQ,기술성장기업부,13760,1,450,3.38,13550,13770,13350,11218,152284850,172240634880,12517488,KSQ
1000,126700,KR7126700004,하이비젼시스템,KOSDAQ,우량기업부,11500,2,-20,-0.17,11540,11800,11460,34043,396188680,171834288000,14942112,KSQ
1001,405100,KR7405100009,큐알티,KOSDAQ,중견기업부,13960,1,1230,9.66,12730,14380,12730,168075,2337673130,171558641960,12289301,KSQ
1002,950140,KR8840110108,잉글우드랩,KOSDAQ,외국기업(소속부없음),8620,1,140,1.65,8480,8620,8450,6714,57300230,171261004920,19867866,KSQ
1003,094820,KR7094820008,일진파워,KOSDAQ,우량기업부,11330,1,150,1.34,11210,11380,11050,37849,424538805,170841772970,15078709,KSQ
1004,126640,KR7126640002,화신정공,KOSDAQ,우량기업부,4870,1,300,6.56,4700,5100,4650,3365725,16487234655,170722281700,35055910,KSQ
1005,264850,KR7264850009,이랜시스,KOSDAQ,중견기업부,5630,1,320,6.03,5430,5740,5420,491149,2764361465,170558665560,30294612,KSQ
1006,013890,KR7013890009,지누스,KOSPI,,7740,1,120,1.57,7630,7780,7580,4671,35925740,169705792620,21925813,STK
1007,080160,KR7080160005,모두투어,KOSDAQ,우량기업부,8970,1,110,1.24,8870,9150,8860,25137,226114515,169533000000,18900000,KSQ
1008,083310,KR7083310003,엘오티베큠,KOSDAQ,우량기업부,9480,1,310,3.38,9240,9550,9240,38273,360732250,168839112840,17810033,KSQ
1009,051160,KR7051160000,지어소프트,KOSDAQ,중견기업부,10860,1,1000,10.14,9950,10930,9800,284728,3026905855,168052309800,15474430,KSQ
1010,024800,KR7024800005,유성티엔에스,KOSDAQ,우량기업부,4760,1,85,1.82,4675,4800,4610,38616,180399226,167672761200,35225370,KSQ
1011,004380,KR7004380002,삼익THK,KOSPI,,8100,1,190,2.4,8180,8230,8010,11885,96578840,167670000000,20700000,STK
1012,245620,KR7245620000,EDGC,KOSDAQ,관리종목(소속부없음),741,0,0,0.0,0,0,0,0,0,167118555474,225531114,KSQ
1013,049630,KR7049630007,재영솔루텍,KOSDAQ,우량기업부,7140,1,370,5.47,6870,7180,6800,219540,1542148700,166827092460,23365139,KSQ
1014,038390,KR7038390001,레드캡투어,KOSDAQ,우량기업부,9970,1,10,0.1,10060,10060,9920,7495,74797660,166706595340,16720822,KSQ
1015,086670,KR7086670007,비엠티,KOSDAQ,우량기업부,16780,2,-190,-1.12,17110,17110,16660,23316,391230490,166556350300,9925885,KSQ
1016,083930,KR7083930008,아바코,KOSDAQ,우량기업부,11330,3,0,0.0,11410,11550,11290,32595,370296260,166293231170,14677249,KSQ
1017,122990,KR7122990005,와이솔,KOSDAQ,중견기업부,6240,1,100,1.63,6140,6250,6140,33726,209277715,166227865440,26639081,KSQ
1018,123860,KR7123860009,아나패스,KOSDAQ,우량기업부,13650,1,350,2.63,13310,13650,13250,5795,77526290,165484614750,12123415,KSQ
1019,179290,KR7179290002,엠아이텍,KOSDAQ,우량기업부,5100,2,-40,-0.78,5150,5160,5080,24113,123215165,165064957800,32365678,KSQ
1020,489460,KR7489460006,바이오비쥬,KOSDAQ,벤처기업부,11180,1,230,2.1,11000,11230,10850,38565,425238085,164941748660,14753287,KSQ
1021,0015G0,KR70015G0009,그린광학,KOSDAQ,기술성장기업부,14080,1,620,4.61,13500,14260,13500,29953,420915535,164771777280,11702541,KSQ
1022,308430,KR7308430008,셀비온,KOSDAQ,기술성장기업부,12750,1,740,6.16,12290,12900,12140,12099,152172450,164541950250,12905251,KSQ
1023,000860,KR7000860007,강남제비스코,KOSPI,,12650,1,60,0.48,12410,12720,12410,12772,160215470,164450000000,13000000,STK
1024,039830,KR7039830005,오로라,KOSDAQ,우량기업부,15270,2,-240,-1.55,15680,16060,15230,72572,1128209990,164349330300,10762890,KSQ
1025,093190,KR7093190007,빅솔론,KOSDAQ,우량기업부,8500,1,70,0.83,8420,8640,8350,12561,106049390,163530692500,19238905,KSQ
1026,101530,KR7101530004,해태제과식품,KOSPI,,5600,1,30,0.54,5570,5650,5570,6231,34856780,163054203200,29116822,STK
1027,023910,KR7023910003,대한약품,KOSDAQ,우량기업부,27150,2,-100,-0.37,27250,27350,26950,1971,53322900,162900000000,6000000,KSQ
1028,002170,KR7002170009,SYTS,KOSPI,,54300,2,-700,-1.27,55000,55100,54100,943,51393200,162900000000,3000000,STK
1029,123410,KR7123410003,코리아에프티,KOSDAQ,우량기업부,5850,1,10,0.17,5900,5950,5830,57820,339990520,162870224400,27841064,KSQ
1030,024060,KR7024060006,흥구석유,KOSDAQ,중견기업부,10820,1,200,1.88,10600,11000,10600,1178981,12782970570,162300000000,15000000,KSQ
1031,012860,KR7012860003,모베이스전자,KOSDAQ,우량기업부,2215,1,130,6.24,2100,2215,2100,418444,905205009,162212107255,73233457,KSQ
1032,032620,KR7032620007,GC메디아이,KOSDAQ,우량기업부,3100,2,-5,-0.16,3075,3185,3045,62416,193053145,161811130900,52197139,KSQ
1033,331920,KR7331920009,셀레믹스,KOSDAQ,기술성장기업부,14470,1,170,1.19,14290,14890,14000,35773,514085600,161797100850,11181555,KSQ
1034,104480,KR7104480009,티케이케미칼,KOSDAQ,중견기업부,1779,1,22,1.25,1757,1825,1757,282511,504774773,161702977086,90895434,KSQ
1035,119830,KR7119830008,아이텍,KOSDAQ,중견기업부,6080,1,80,1.33,6000,6110,5800,209485,1253191050,161354298880,26538536,KSQ
1036,199820,KR7199820002,제일일렉트릭,KOSDAQ,우량기업부,7260,1,200,2.83,7120,7300,7080,101672,731069925,161317200000,22220000,KSQ
1037,097955,KR7097951008,CJ제일제당 우,KOSPI,,121200,2,-1300,-1.06,122000,122200,120700,3100,375856150,160884879600,1327433,STK
1038,090350,KR7090350000,노루페인트,KOSPI,,8040,1,30,0.37,8010,8060,7950,17012,136023620,160800000000,20000000,STK
1039,077500,KR7077500007,유니퀘스트,KOSPI,,7440,1,160,2.2,7320,7590,7250,65967,489527170,160704758880,21600102,STK
1040,006805,KR7006801005,미래에셋증권우,KOSPI,,11930,1,120,1.02,11870,12080,11870,46587,557981470,160507806690,13454133,STK
1041,118990,KR7118990001,모트렉스,KOSDAQ,우량기업부,6540,2,-20,-0.3,6610,6630,6450,107602,702205740,160474406340,24537371,KSQ
1042,072870,KR7072870009,메가스터디,KOSDAQ,우량기업부,13420,1,20,0.15,13440,13440,13290,8792,117377210,159979269780,11920959,KSQ
1043,007570,KR7007570005,일양약품,KOSPI,,8370,1,10,0.12,8500,8500,8180,5695,47525820,159747007680,19085664,STK
1044,066410,KR7066410002,버킷스튜디오,KOSDAQ,투자주의환기종목(소속부없음),1153,0,0,0.0,0,0,0,0,0,159637252154,138453818,KSQ
1045,086820,KR7086820008,바이오솔루션,KOSDAQ,기술성장기업부,6130,1,50,0.82,6460,6460,5950,38798,235739845,158914641050,25924085,KSQ
1046,230240,KR7230240004,에치에프알,KOSDAQ,중견기업부,11940,1,290,2.49,11800,12050,11690,88623,1055547155,158909460000,13309000,KSQ
1047,382800,KR7382800001,지앤비에스 에코,KOSDAQ,우량기업부,4990,1,250,5.27,4800,5050,4775,408729,2004220799,158836894590,31831041,KSQ
1048,039860,KR7039860002,나노엔텍,KOSDAQ,중견기업부,4165,2,-70,-1.65,4240,4350,4135,208852,877638880,158657565745,38093053,KSQ
1049,119610,KR7119610004,인터로조,KOSDAQ,우량기업부,13900,1,370,2.73,13570,13900,13390,23304,318799120,158651083300,11413747,KSQ
1050,054800,KR7054800008,아이디스홀딩스,KOSDAQ,중견기업부,15290,1,20,0.13,15360,15450,15270,3320,50774500,158217189240,10347756,KSQ
1051,041920,KR7041920000,메디아나,KOSDAQ,우량기업부,8480,1,290,3.54,8160,8490,8160,49051,410564370,157712931040,18598223,KSQ
1052,011040,KR7011040003,경동제약,KOSDAQ,중견기업부,5110,1,10,0.2,5100,5140,5070,65805,334925055,157228394260,30768766,KSQ
1053,016880,KR7016880007,웅진,KOSPI,,1960,1,14,0.72,1947,2040,1936,82312,161059300,156657076800,79927080,STK
1054,011785,KR7011781002,금호석유화학우,KOSPI,,51800,2,-700,-1.33,52500,52800,51700,1514,78845550,156616574800,3023486,STK
1055,047770,KR7047770003,코데즈컴바인,KOSDAQ,중견기업부,4135,1,105,2.61,4020,4175,3985,2181931,8902280216,156479159270,37842602,KSQ
1056,260970,KR7260970009,에스앤디,KOSDAQ,우량기업부,54000,1,100,0.19,54400,54500,52200,9842,528694000,156208716000,2892754,KSQ
1057,460850,KR7460850001,동국씨엠,KOSPI,,5220,2,-20,-0.38,5290,5290,5180,22738,118504900,156070984320,29898656,STK
1058,001045,KR7001041003,CJ우,KOSPI,,68900,1,800,1.17,68100,68900,67500,2651,180299600,155729364700,2260223,STK
1059,114840,KR7114840002,아이패밀리에스씨,KOSDAQ,우량기업부,9280,2,-320,-3.33,9560,9690,9200,67796,633453910,154803252800,16681385,KSQ
1060,271980,KR7271980005,제일약품,KOSPI,,10520,2,-260,-2.41,10700,10710,10330,56059,587364205,154695253440,14704872,STK
1061,001780,KR7001780006,알루코,KOSPI,,1595,2,-16,-0.99,1614,1629,1588,168604,270621145,154444060540,96830132,STK
1062,032580,KR7032580003,피델릭스,KOSDAQ,중견기업부,4655,1,155,3.44,4590,4845,4500,418162,1962418723,154229757920,33132064,KSQ
1063,394800,KR7394800007,쓰리빌리언,KOSDAQ,기술성장기업부,4835,1,140,2.98,4775,4905,4610,133884,638216411,153862043755,31822553,KSQ
1064,0039P0,KR70039P0000,매드업,KOSDAQ,기술성장기업부,8180,1,350,4.47,7830,8500,7620,1749473,14247278665,153844532000,18807400,KSQ
1065,046440,KR7046440004,KG파이낸셜,KOSDAQ,우량기업부,4240,1,60,1.44,4195,4265,4195,48743,206448870,153701636640,36250386,KSQ
1066,400760,KR7400760005,NH올원리츠,KOSPI,,2795,1,20,0.72,2775,2795,2765,66247,183935114,153527323625,54929275,STK
1067,00279K,KR700279K010,아모레퍼시픽홀딩스3우C,KOSPI,,21500,1,50,0.23,21800,21800,21200,1090,23373275,152482300000,7092200,STK
1068,003830,KR7003830007,대한화섬,KOSPI,,114800,1,1400,1.23,110200,115400,110200,96,10905600,152454400000,1328000,STK
1069,462520,KR7462520008,조선내화,KOSPI,,12850,2,-120,-0.93,13000,13000,12820,12952,166555040,152338908800,11855168,STK
1070,138360,KR7138360003,앤로보틱스,KOSDAQ,벤처기업부,1730,1,39,2.31,1730,1831,1715,1178046,2092582294,152194905820,87973934,KSQ
1071,013990,KR7013990007,아가방컴퍼니,KOSDAQ,우량기업부,4625,2,-55,-1.18,4680,4730,4580,34685,160843922,152104854000,32887536,KSQ
1072,023600,KR7023600000,삼보판지,KOSDAQ,우량기업부,9500,1,170,1.82,9410,9500,9320,3262,30645320,152078850000,16008300,KSQ
1073,007330,KR7007330004,푸른저축은행,KOSDAQ,투자주의환기종목(소속부없음),10070,2,-30,-0.3,10200,10200,10060,853,8604200,151883796000,15082800,KSQ
1074,000970,KR7000970004,한국주철관,KOSPI,,6660,1,10,0.15,6690,6690,6640,5902,39295945,151851330000,22800500,STK
1075,293480,KR7293480000,하나제약,KOSPI,,8520,1,100,1.19,8460,8520,8410,16310,137835420,151425499920,17772946,STK
1076,065660,KR7065660003,안트로젠,KOSDAQ,기술성장기업부,15120,1,280,1.89,15000,15160,14810,12151,182076240,151292232000,10006100,KSQ
1077,475040,KR7475040002,스트라드비젼,KOSDAQ,기술성장기업부,2810,1,20,0.72,2835,2880,2735,423262,1192728849,151249154820,53825322,KSQ
1078,089600,KR7089600001,KT나스미디어,KOSDAQ,우량기업부,13060,2,-50,-0.38,13170,13280,13000,15377,201592145,151080208780,11568163,KSQ
1079,009470,KR7009470006,삼화전기,KOSPI,,22800,1,850,3.87,22200,22850,22150,15493,349653000,150795096000,6613820,STK
1080,001210,KR7001210004,금호전기,KOSPI,,12170,2,-700,-5.44,12100,12970,11550,3496432,42463671120,150616114720,12376016,STK
1081,068790,KR7068790005,DMS,KOSDAQ,우량기업부,6670,1,10,0.15,6790,6790,6570,18457,122295510,150543394080,22570224,KSQ
1082,042600,KR7042600007,새로닉스,KOSDAQ,중견기업부,12100,2,-160,-1.31,12310,12330,11810,8125,97913100,150325245400,12423574,KSQ
1083,396300,KR7396300006,HT로보틱스,KOSDAQ,우량기업부,5670,1,20,0.35,5700,6040,5580,1677992,9704565270,150195465000,26489500,KSQ
1084,264450,KR7264450008,유비쿼스,KOSDAQ,우량기업부,10230,2,-50,-0.49,10280,10280,10050,21192,215005320,150027993390,14665493,KSQ
1085,418550,KR7418550000,제이오,KOSDAQ,기술성장기업부,4685,1,180,4.0,4505,4740,4505,50482,233524378,150002798005,32017673,KSQ
1086,041020,KR7041020009,폴라리스오피스,KOSDAQ,벤처기업부,3015,1,145,5.05,2950,3040,2910,194157,580616467,149796635895,49683793,KSQ
1087,071840,KR7071840003,롯데하이마트,KOSPI,,6320,1,10,0.16,6330,6370,6310,2736,17324710,149200739840,23607712,STK
1088,272550,KR7272550005,삼양패키징,KOSPI,,9880,1,40,0.41,9850,9890,9730,11840,115840010,148875851280,15068406,STK
1089,382900,KR7382900009,범한퓨얼셀,KOSDAQ,벤처기업부,16990,1,550,3.35,16470,17180,16470,40530,681197765,148849390000,8761000,KSQ
1090,049960,KR7049960008,쎌바이오텍,KOSDAQ,벤처기업부,15800,2,-40,-0.25,15900,15900,15610,6691,105384130,148520000000,9400000,KSQ
1091,413630,KR7413630005,씨피시스템,KOSDAQ,벤처기업부,4075,1,50,1.24,4150,4245,4070,1273077,5277241313,148479165375,36436605,KSQ
1092,051370,KR7051370005,인터플렉스,KOSDAQ,우량기업부,6350,1,100,1.6,6280,6480,6250,59902,381507350,148129447200,23327472,KSQ
1093,148150,KR7148150006,세경하이테크,KOSDAQ,우량기업부,4165,1,95,2.33,4100,4270,4100,164496,690268831,148035836970,35542818,KSQ
1094,101970,KR7101970002,우양에이치씨,KOSDAQ,중견기업부,9980,1,100,1.01,9880,10040,9790,6787,67116620,147604289820,14790009,KSQ
1095,300080,KR7300080009,플리토,KOSDAQ,기술성장기업부,8940,1,240,2.76,8660,8980,8660,30585,271029600,147558731940,16505451,KSQ
1096,389020,KR7389020009,자람테크놀로지,KOSDAQ,기술성장기업부,21300,1,500,2.4,21300,21600,20925,15801,336196250,147078246600,6905082,KSQ
1097,205500,KR7205500002,넥써쓰,KOSDAQ,중견기업부,1803,1,9,0.5,1790,1818,1747,64834,115414285,146737236135,81385045,KSQ
1098,140610,KR7140610007,엔솔바이오사이언스,KONEX,일반기업부,10200,1,30,0.29,10490,10490,9810,1940,19649860,146639300400,14376402,KNX
1099,004970,KR7004970000,신라교역,KOSPI,,9160,2,-30,-0.33,9200,9400,9160,38919,359299170,146560000000,16000000,STK
1100,046120,KR7046120002,오르비텍,KOSDAQ,중견기업부,4325,1,65,1.53,4295,4345,4200,106143,454842501,146424747725,33855433,KSQ
1101,039840,KR7039840004,디오,KOSDAQ,중견기업부,10910,2,-100,-0.91,11020,11030,10670,32629,354951240,146366683480,13415828,KSQ
1102,474650,KR7474650009,링크솔루션,KOSDAQ,기술성장기업부,25400,1,3200,14.41,22550,25700,22500,59706,1467871850,146101612800,5752032,KSQ
1103,005990,KR7005990007,매일홀딩스,KOSDAQ,우량기업부,10960,2,-20,-0.18,10980,10990,10920,1683,18462720,145749411840,13298304,KSQ
1104,107590,KR7107590002,미원홀딩스,KOSPI,,62800,2,-1200,-1.88,63900,64100,62800,104,6595700,145696000000,2320000,STK
1105,101360,KR7101360006,에코앤드림,KOSDAQ,벤처기업부,8190,2,-100,-1.21,8250,8390,8170,72432,596730100,145668273660,17786114,KSQ
1106,093640,KR7093640001,케이알엠,KOSDAQ,벤처기업부,4435,1,170,3.99,4230,4485,4230,17027,74899432,145661880460,32843716,KSQ
1107,000020,KR7000020008,동화약품,KOSPI,,5210,1,10,0.19,5210,5250,5150,55487,288564350,145522958700,27931470,STK
1108,004960,KR7004960001,한신공영,KOSPI,,12550,1,570,4.76,11980,12610,11830,57127,708130025,145212310100,11570702,STK
1109,078070,KR7078070000,유비쿼스홀딩스,KOSDAQ,중견기업부,8500,1,100,1.19,8550,8640,8380,11759,99190310,145000165500,17058843,KSQ
1110,004090,KR7004090007,한국석유,KOSPI,,11330,1,160,1.43,11170,11420,11070,120385,1360723410,143824379600,12694120,STK
1111,187870,KR7187870001,디바이스,KOSDAQ,우량기업부,10370,1,70,0.68,10300,10500,10040,63348,651265805,143756945640,13862772,KSQ
1112,025820,KR7025820002,이구산업,KOSPI,,4280,1,5,0.12,4315,4335,4250,128774,551776665,143131760000,33442000,STK
1113,355150,KR7355150004,코스텍시스,KOSDAQ,벤처기업부,18350,1,380,2.11,18070,18780,17970,37542,690756775,143081372500,7797350,KSQ
1114,004150,KR7004150009,한솔홀딩스,KOSPI,,3485,3,0,0.0,3540,3540,3440,77635,269436965,142977770700,41026620,STK
1115,054450,KR7054450002,텔레칩스,KOSDAQ,중견기업부,9390,1,130,1.4,9300,9540,9280,21757,204884490,142204347870,15144233,KSQ
1116,067280,KR7067280008,멀티캠퍼스,KOSDAQ,우량기업부,23950,1,400,1.7,23500,23950,23500,1245,29605200,141946357050,5926779,KSQ
1117,069510,KR7069510006,에스텍,KOSDAQ,우량기업부,12950,1,450,3.6,12590,13230,12590,13453,174550710,141284500000,10910000,KSQ
1118,001080,KR7001080001,만호제강,KOSPI,,4010,1,20,0.5,3985,4100,3915,86029,344460620,140810989600,35114960,STK
1119,048870,KR7048870000,시너지이노베이션,KOSDAQ,중견기업부,1595,1,10,0.63,1576,1600,1568,126355,200176379,140530605985,88106963,KSQ
1120,036170,KR7036170009,에이치엠넥스,KOSDAQ,중견기업부,2290,2,-35,-1.51,2335,2395,2260,162831,375759186,140527283540,61365626,KSQ
1121,015890,KR7015890007,태경산업,KOSPI,,4800,1,20,0.42,4775,4815,4775,4993,23941455,140298000000,29228750,STK
1122,003480,KR7003480001,한진중공업홀딩스,KOSPI,,4740,1,40,0.85,4740,4760,4695,29584,139856475,139971308880,29529812,STK
1123,115310,KR7115310005,인포바인,KOSDAQ,벤처기업부,9400,1,40,0.43,9350,9400,9210,1680,15741895,139416560600,14831549,KSQ
1124,084990,KR7084990001,헬릭스미스,KOSDAQ,기술성장기업부,3020,1,65,2.2,2955,3030,2920,64324,191756050,139200246940,46092797,KSQ
1125,263860,KR7263860009,지니언스,KOSDAQ,벤처기업부,15320,2,-580,-3.65,15950,16490,15050,177915,2743163915,139099472000,9079600,KSQ
1126,003100,KR7003100005,선광,KOSDAQ,우량기업부,21050,1,150,0.72,20900,21100,20600,12835,268696450,138930000000,6600000,KSQ
1127,094280,KR7094280005,효성ITX,KOSPI,,12020,1,20,0.17,12000,12100,11990,1996,23998400,138929564000,11558200,STK
1128,005160,KR7005160007,동국산업,KOSDAQ,중견기업부,2560,1,40,1.59,2525,2560,2500,18736,47385695,138865873920,54244482,KSQ
1129,092070,KR7092070002,디엔에프,KOSDAQ,중견기업부,11980,1,340,2.92,11650,11990,11610,10856,127415400,138630858840,11571858,KSQ
1130,452450,KR7452450000,피아이이,KOSDAQ,벤처기업부,3845,1,345,9.86,3520,3970,3520,285987,1083720183,138529582500,36028500,KSQ
1131,060150,KR7060150000,인선이엔티,KOSDAQ,중견기업부,3040,1,20,0.66,3045,3065,3005,23463,71208915,138513380480,45563612,KSQ
1132,086890,KR7086890001,이수앱지스,KOSDAQ,중견기업부,3395,1,5,0.15,3390,3410,3340,55927,188828831,138430928090,40774942,KSQ
1133,035610,KR7035610005,솔본,KOSDAQ,투자주의환기종목(소속부없음),5060,1,105,2.12,5080,5080,4975,10686,53754570,138370744820,27345997,KSQ
1134,289080,KR7289080004,SV인베스트먼트,KOSDAQ,중견기업부,2295,1,35,1.55,2305,2325,2260,474606,1088508650,138017244735,60138233,KSQ
1135,469610,KR7469610000,이노테크,KOSDAQ,중견기업부,15430,1,970,6.71,14520,15500,14520,79779,1210589300,137988947000,8942900,KSQ
1136,445180,KR7445180003,퓨릿,KOSDAQ,우량기업부,8020,1,20,0.25,8100,8160,7950,13671,110186280,137857287760,17189188,KSQ
1137,002210,KR7002210003,동성제약,KOSPI,,1425,1,7,0.49,1418,1492,1414,44161,63066982,137682797475,96619507,STK
1138,095700,KR7095700001,제넥신,KOSDAQ,기술성장기업부,3020,2,-240,-7.36,3290,3320,3005,621288,1927648983,137532291880,45540494,KSQ
1139,147830,KR7147830004,제룡산업,KOSDAQ,벤처기업부,6870,1,100,1.48,6810,6890,6770,46290,316821350,137400000000,20000000,KSQ
1140,293580,KR7293580007,나우IB,KOSDAQ,중견기업부,1446,1,18,1.26,1428,1448,1382,133202,187740770,137268707700,94929950,KSQ
1141,079960,KR7079960001,동양이엔피,KOSDAQ,우량기업부,18150,1,50,0.28,18300,18300,17820,25404,457212635,137062592700,7551658,KSQ
1142,001540,KR7001540004,안국약품,KOSDAQ,우량기업부,10490,2,-250,-2.33,10890,10890,10490,55928,593196185,136814985800,13042420,KSQ
1143,041520,KR7041520008,이엘씨,KOSDAQ,투자주의환기종목(소속부없음),11180,1,150,1.36,11330,11330,10880,4016,44144200,136270001400,12188730,KSQ
1144,408920,KR7408920007,메쎄이상,KOSDAQ,우량기업부,3150,2,-50,-1.56,3195,3195,3060,12722,39820630,136182233250,43232455,KSQ
1145,081000,KR7081000002,일진다이아,KOSPI,,9570,1,50,0.53,9520,9610,9510,5998,57261440,135922470750,14202975,STK
1146,006060,KR7006060008,화승인더,KOSPI,,2455,2,-20,-0.81,2480,2495,2455,43639,107633160,135810600000,55320000,STK
1147,008350,KR7008350001,남선알미늄,KOSPI,,1052,2,-20,-1.87,1064,1073,1049,495994,527093417,135791202680,129079090,STK
1148,003010,KR7003010006,혜인,KOSPI,,10650,1,880,9.01,9800,11200,9690,812535,8570002915,135390755550,12712747,STK
1149,000520,KR7000520007,삼일제약,KOSPI,,6230,1,150,2.47,6150,6260,6110,35340,218875670,135139982530,21691811,STK
1150,308080,KR7308080001,바이젠셀,KOSDAQ,기술성장기업부,6580,1,320,5.11,6260,6690,6220,165618,1071153535,134885130800,20499260,KSQ
1151,079650,KR7079650008,서산,KOSDAQ,중견기업부,6730,2,-840,-11.1,7400,7750,6550,6773071,47011239735,134600000000,20000000,KSQ
1152,080420,KR7080420003,모다이노칩,KOSDAQ,중견기업부,1681,3,0,0.0,1680,1681,1610,1643,2709606,134012046582,79721622,KSQ
1153,088800,KR7088800008,에이스테크,KOSDAQ,중견기업부,1774,1,47,2.72,1727,1785,1723,67144,117714312,133948413916,75506434,KSQ
1154,035080,KR7035080001,그래디언트,KOSDAQ,중견기업부,11980,2,-10,-0.08,11950,12100,11900,16020,192161175,133866065420,11174129,KSQ
1155,334970,KR7334970001,프레스티지바이오로직스,KOSDAQ,기술성장기업부,1721,2,-32,-1.83,1753,1753,1679,293524,500091303,133812288277,77752637,KSQ
1156,024090,KR7024090003,디씨엠,KOSPI,,11730,2,-30,-0.26,11760,11920,11500,47505,547013660,133722000000,11400000,STK
1157,338840,KR7338840002,와이바이오로직스,KOSDAQ,기술성장기업부,8680,1,220,2.6,8280,8700,8280,21512,183494440,133705530840,15403863,KSQ
1158,009270,KR7009270000,신원,KOSPI,,1163,1,1,0.09,1170,1196,1161,495897,580507676,133477967059,114770393,STK
1159,038290,KR7038290003,마크로젠,KOSDAQ,중견기업부,12300,1,150,1.23,12150,12400,12150,4631,56945480,133349220000,10841400,KSQ
1160,136540,KR7136540002,윈스테크넷,KOSDAQ,우량기업부,10850,1,50,0.46,10730,10850,10720,5774,62337745,133235244100,12279746,KSQ
1161,274090,KR7274090000,켄코아에어로스페이스,KOSDAQ,기술성장기업부,9600,1,310,3.34,9430,9840,9430,72312,698889370,132232387200,13774207,KSQ
1162,140670,KR7140670001,알에스오토메이션,KOSDAQ,중견기업부,10290,1,300,3.0,10000,10400,10000,66679,684313700,132121953600,12839840,KSQ
1163,0007C0,KR70007C0003,아크릴,KOSDAQ,기술성장기업부,16400,1,1820,12.48,14880,16500,14760,192764,3065963970,131697313600,8030324,KSQ
1164,012610,KR7012610002,경인양행,KOSPI,,3160,3,0,0.0,3160,3205,3110,99414,313724187,131507713400,41616365,STK
1165,153890,KR7153890009,져스텍,KOSDAQ,기술성장기업부,10910,1,110,1.02,11100,11500,10780,144455,1593340035,131468827550,12050305,KSQ
1166,321550,KR7321550006,티움바이오,KOSDAQ,기술성장기업부,4370,1,15,0.34,4380,4415,4275,51656,224221752,131268135750,30038475,KSQ
1167,002390,KR7002390003,한독,KOSPI,,9530,1,10,0.11,9520,9620,9320,3972,37711250,131166469490,13763533,STK
1168,494120,KR7494120009,큐리오시스,KOSDAQ,기술성장기업부,8570,1,330,4.0,8320,8620,8240,85454,719126280,130776177480,15259764,KSQ
1169,059120,KR7059120006,아진엑스텍,KOSDAQ,벤처기업부,7140,1,230,3.33,7080,7650,6920,2101012,15238658240,130733871240,18310066,KSQ
1170,267290,KR7267290005,경동도시가스,KOSPI,,22150,1,100,0.45,21850,22200,21850,7031,155173250,130583242900,5895406,STK
1171,004080,KR7004080008,신흥,KOSPI,,14020,2,-40,-0.28,14110,14110,14020,263,3694210,130386000000,9300000,STK
1172,340450,KR7340450006,지씨지놈,KOSDAQ,기술성장기업부,5510,1,90,1.66,5420,5540,5420,25763,141215690,130315869430,23650793,KSQ
1173,417010,KR7417010006,나노팀,KOSDAQ,벤처기업부,6460,1,110,1.73,6350,6740,6160,210578,1370158915,130315822880,20172728,KSQ
1174,049720,KR7049720006,고려신용정보,KOSDAQ,우량기업부,9090,1,10,0.11,9080,9150,9070,14531,132344275,129987000000,14300000,KSQ
1175,214390,KR7214390007,경보제약,KOSPI,,5420,3,0,0.0,5380,5530,5320,12930,69618035,129575181200,23906860,STK
1176,473980,KR7473980001,노머스,KOSDAQ,기술성장기업부,11880,1,740,6.64,11050,12070,11050,50400,591941500,129287093760,10882752,KSQ
1177,192410,KR7192410009,오늘이엔엠,KOSDAQ,중견기업부,5120,2,-50,-0.97,5150,5230,4960,96863,489709785,128951854080,25185909,KSQ
1178,489500,KR7489500009,엘케이켐,KOSDAQ,벤처기업부,20150,1,440,2.23,19720,20600,19720,12012,244086180,128783445700,6391238,KSQ
1179,013520,KR7013520002,화승코퍼레이션,KOSPI,,2570,2,-20,-0.77,2585,2595,2530,44576,114002125,128631717640,50051252,STK
1180,0088M0,KR70088M0003,메쥬,KOSDAQ,기술성장기업부,12970,1,520,4.18,12450,13500,12400,76171,989465860,128166297500,9881750,KSQ
1181,217950,KR7217950005,파마리서치바이오,KONEX,일반기업부,30550,3,0,0.0,30900,30950,30450,491,15135750,127797982000,4183240,KNX
1182,210540,KR7210540001,디와이파워,KOSPI,,11540,2,-20,-0.17,11590,11660,11470,37565,433396805,127421310320,11041708,STK
1183,0015N0,KR70015N0000,아로마티카,KOSDAQ,벤처기업부,10120,1,740,7.89,9470,10610,9430,411266,4193977655,127278450640,12576922,KSQ
1184,214420,KR7214420002,토니모리,KOSPI,,5290,2,-10,-0.19,5250,5380,5230,48985,258993125,127249886710,24054799,STK
1185,027710,KR7027710003,팜스토리,KOSDAQ,우량기업부,1142,1,16,1.42,1127,1144,1120,476200,539975652,127237757200,111416600,KSQ
1186,037560,KR7037560000,LG헬로비전,KOSPI,,1640,1,10,0.61,1630,1649,1620,33950,55423398,127012858600,77446865,STK
1187,264660,KR7264660002,씨앤지하이테크,KOSDAQ,우량기업부,13050,1,250,1.95,12820,13180,12800,13988,181125130,126861294600,9721172,KSQ
1188,267320,KR7267320000,나인테크,KOSDAQ,벤처기업부,2205,1,15,0.68,2190,2240,2160,122371,269793085,126600725475,57415295,KSQ
1189,307750,KR7307750000,국전,KOSDAQ,중견기업부,2340,1,60,2.63,2290,2345,2280,184067,426000299,126327913920,53986288,KSQ
1190,226590,KR7226590008,엠디바이스,KOSDAQ,기술성장기업부,11780,1,330,2.88,11520,11870,11500,17763,208520610,126243715520,10716784,KSQ
1191,089470,KR7089470009,HDC현대EP,KOSPI,,3955,2,-5,-0.13,3955,3970,3890,23662,92825885,126164500000,31900000,STK
1192,251370,KR7251370003,와이엠티,KOSDAQ,벤처기업부,6980,1,250,3.71,6730,7110,6730,178370,1232115650,125732226740,18013213,KSQ
1193,036690,KR7036690006,코맥스,KOSDAQ,관리종목(소속부없음),2885,0,0,0.0,0,0,0,0,0,125692107675,43567455,KSQ
1194,108230,KR7108230004,톱텍,KOSDAQ,우량기업부,3305,1,175,5.59,3155,3520,3155,2103578,7073465372,125666824725,38023245,KSQ
1195,009780,KR7009780008,엠에스씨,KOSDAQ,우량기업부,7140,1,50,0.71,7050,7140,7050,2808,19929355,125664000000,17600000,KSQ
1196,350520,KR7350520003,이지스레지던스리츠,KOSPI,,3405,2,-10,-0.29,3415,3415,3380,11324,38423220,125529417810,36866202,STK
1197,142210,KR7142210004,유니트론텍,KOSDAQ,우량기업부,6040,1,170,2.9,5920,6280,5880,242929,1485567995,125338474120,20751403,KSQ
1198,418420,KR7418420006,라온텍,KOSDAQ,기술성장기업부,4070,1,50,1.24,4090,4180,3990,121407,495253944,125252451060,30774558,KSQ
1199,240550,KR7240550004,동방메디컬,KOSDAQ,중견기업부,5980,1,130,2.22,5820,6010,5820,53549,317479480,125184961200,20933940,KSQ
1200,232680,KR7232680009,라온로보틱스,KOSDAQ,기술성장기업부,9400,1,240,2.62,9220,9760,9220,105444,1003637140,124620500000,13257500,KSQ
1201,014280,KR7014280002,금강공업,KOSPI,,4240,2,-45,-1.05,4295,4350,4225,16409,69966718,124356473680,29329357,STK
1202,149950,KR7149950008,아바텍,KOSDAQ,우량기업부,9090,2,-260,-2.78,9350,9520,9050,71092,654988070,124239420270,13667703,KSQ
1203,009070,KR7009070004,KCTC,KOSPI,,4140,1,125,3.11,4040,4140,4040,110164,451446954,124200000000,30000000,STK
1204,001360,KR7001360007,삼성제약,KOSPI,,1319,2,-11,-0.83,1330,1342,1309,221019,291034506,124199782201,94162079,STK
1205,388790,KR7388790008,라이콤,KOSDAQ,벤처기업부,4055,1,115,2.92,3960,4085,3955,92992,373572820,124140418800,30614160,KSQ
1206,255220,KR7255220006,SG,KOSDAQ,중견기업부,1132,2,-8,-0.7,1141,1180,1111,1629740,1860186706,124025657864,109563302,KSQ
1207,007540,KR7007540008,샘표,KOSPI,,43000,1,100,0.23,42900,43250,42500,2062,88277200,123659400000,2875800,STK
1208,285490,KR7285490009,노바텍,KOSDAQ,벤처기업부,11690,1,120,1.04,11570,11770,11570,11154,130246445,123631464390,10575831,KSQ
1209,078000,KR7078000007,텔코웨어,KOSPI,,13360,2,-30,-0.22,13400,13430,13320,1569,20966680,123447428720,9240077,STK
1210,212560,KR7212560007,네오오토,KOSDAQ,우량기업부,9140,1,20,0.22,9120,9480,8760,148440,1349764480,123265220720,13486348,KSQ
1211,018470,KR7018470005,조일알미늄,KOSPI,,973,0,0,0.0,0,0,0,0,0,123212664533,126631721,STK
1212,037070,KR7037070000,파세코,KOSDAQ,중견기업부,6150,2,-100,-1.6,6250,6320,5860,122587,750764575,123000000000,20000000,KSQ
1213,220260,KR7220260004,켐트로스,KOSDAQ,벤처기업부,3835,1,45,1.19,3795,3870,3735,46581,177292685,122996330925,32072055,KSQ
1214,036630,KR7036630002,세종텔레콤,KOSDAQ,우량기업부,8780,2,-20,-0.23,8800,9090,8650,8203,73429490,122920000000,14000000,KSQ
1215,102120,KR7102120003,어보브반도체,KOSDAQ,벤처기업부,6910,1,100,1.47,6840,7030,6830,40557,281286610,122865003230,17780753,KSQ
1216,002620,KR7002620003,제일파마홀딩스,KOSPI,,7690,1,40,0.52,7650,7730,7450,3896,29307190,122835099950,15973355,STK
1217,211270,KR7211270004,AP위성,KOSDAQ,우량기업부,8130,1,380,4.9,7960,8170,7900,33413,270195170,122619131520,15082304,KSQ
1218,950190,KR8344390008,고스트스튜디오,KOSDAQ,외국기업(소속부없음),9400,2,-140,-1.47,9670,9750,9390,19101,182670360,122360354600,13017059,KSQ
1219,297890,KR7297890006,HB솔루션,KOSDAQ,우량기업부,1669,1,18,1.09,1651,1692,1651,128554,214998469,122072185466,73140914,KSQ
1220,005800,KR7005800008,신영와코루,KOSPI,,13550,1,220,1.65,13510,13710,13330,11124,151049850,121950000000,9000000,STK
1221,086980,KR7086980000,쇼박스,KOSDAQ,중견기업부,1950,1,53,2.79,1939,1977,1896,84975,162899191,121754100000,62438000,KSQ
1222,095190,KR7095190005,신화프리텍,KOSDAQ,중견기업부,1863,1,43,2.36,1820,1863,1812,45137,82580173,121580240706,65260462,KSQ
1223,008830,KR7008830002,대동기어,KOSDAQ,중견기업부,6320,1,90,1.44,6270,6370,6220,200799,1265249410,121229709120,19181916,KSQ
1224,457550,KR7457550002,우진엔텍,KOSDAQ,중견기업부,12990,1,270,2.12,12740,13090,12630,42794,549418975,121053264420,9318958,KSQ
1225,432720,KR7432720001,퀄리타스반도체,KOSDAQ,기술성장기업부,8530,1,190,2.28,8350,8570,8280,44415,375719755,121019989160,14187572,KSQ
1226,122450,KR7122450000,KX,KOSDAQ,중견기업부,2700,2,-65,-2.35,2760,2790,2685,35992,98062695,121013551800,44819834,KSQ
1227,322510,KR7322510009,제이엘케이,KOSDAQ,기술성장기업부,4700,1,20,0.43,4680,4780,4647,27633,129628098,120911692400,25725892,KSQ
1228,227840,KR7227840006,현대코퍼레이션홀딩스,KOSPI,,13280,1,10,0.08,13340,13390,13220,9335,124376905,120859102080,9100836,STK
1229,146320,KR7146320007,비씨엔씨,KOSDAQ,벤처기업부,9440,1,80,0.85,9370,9540,9260,8745,82459950,120812393120,12797923,KSQ
1230,166480,KR7166480004,코아스템켐온,KOSDAQ,벤처기업부,2285,1,100,4.58,2185,2305,2175,104308,234694868,120808809160,52870376,KSQ
1231,008040,KR7008040008,사조동아원,KOSPI,,8550,1,770,9.9,7830,8800,7500,150193,1282750570,120678633000,14114460,STK
1232,021320,KR7021320007,KCC건설,KOSDAQ,우량기업부,5630,3,0,0.0,5600,5630,5470,9955,55498485,120482000000,21400000,KSQ
1233,282880,KR7282880004,코윈테크,KOSDAQ,우량기업부,10300,1,350,3.52,10180,10300,9990,22249,226456555,120449044600,11694082,KSQ
1234,056090,KR7056090004,시지메드텍,KOSDAQ,벤처기업부,1165,1,26,2.28,1173,1173,1093,867980,982180540,120296776940,103259036,KSQ
1235,079430,KR7079430005,현대리바트,KOSPI,,5980,1,10,0.17,5940,6060,5940,9052,54309360,120282927960,20114202,STK
1236,387690,KR7387690001,레메디,KOSDAQ,기술성장기업부,15750,1,460,3.01,15150,17900,14740,4099818,68161806030,120106208250,7625791,KSQ
1237,290740,KR7290740000,액트로,KOSDAQ,벤처기업부,11900,3,0,0.0,11900,12680,11860,51741,633087650,119773630900,10065011,KSQ
1238,198440,KR7198440000,강동씨앤엘,KOSDAQ,중견기업부,1963,2,-132,-6.3,2095,2140,1895,3144541,6226287142,119609311848,60931896,KSQ
1239,052260,KR7052260007,현대바이오랜드,KOSDAQ,우량기업부,3985,1,30,0.76,3945,4060,3910,17988,71797400,119550000000,30000000,KSQ
1240,265740,KR7265740001,엔에프씨,KOSDAQ,벤처기업부,6680,2,-180,-2.62,7000,7140,6560,390590,2643156950,119328848000,17863600,KSQ
1241,011690,KR7011690005,와이투솔루션,KOSPI,,3250,1,100,3.17,3160,3300,3160,94339,304594485,119289280500,36704394,STK
1242,049520,KR7049520000,유아이엘,KOSDAQ,우량기업부,3860,1,30,0.78,3875,3875,3820,41521,159408571,119052532500,30842625,KSQ
1243,041440,KR7041440009,현대에버다임,KOSDAQ,우량기업부,6670,1,100,1.52,6550,6710,6430,91032,602374670,119004219040,17841712,KSQ
1244,094840,KR7094840006,슈프리마에이치큐,KOSDAQ,벤처기업부,12120,2,-380,-3.04,12500,13060,11400,85659,1021929020,118850041080,9806109,KSQ
1245,158430,KR7158430009,아톤,KOSDAQ,벤처기업부,4850,1,370,8.26,4590,4980,4590,794113,3848253697,118738146200,24482092,KSQ
1246,361390,KR7361390008,제노코,KOSDAQ,벤처기업부,12150,1,480,4.11,11670,12260,11670,19991,241840640,118297029150,9736381,KSQ
1247,017550,KR7017550005,수산세보틱스,KOSPI,,1893,1,26,1.39,1868,1896,1832,206640,387361001,118121553090,62399130,STK
1248,458650,KR7458650009,성우,KOSDAQ,벤처기업부,7850,1,90,1.16,7800,7960,7770,2669,21026360,118108509500,15045670,KSQ
1249,008970,KR7008970006,KBI동양철관,KOSPI,,1138,2,-2,-0.18,1117,1149,1112,1025910,1156015200,118086740166,103766907,STK
1250,333430,KR7333430007,일승,KOSDAQ,중견기업부,3840,1,80,2.13,3745,3885,3620,263914,1002926637,117990708480,30726747,KSQ
1251,063570,KR7063570006,NICE인프라,KOSDAQ,우량기업부,3450,2,-15,-0.43,3465,3475,3420,6213,21371229,117809661600,34147728,KSQ
1252,339950,KR7339950008,아이비김영,KOSDAQ,우량기업부,2620,1,25,0.96,2565,2625,2565,24404,63344201,117760236100,44946655,KSQ
1253,228850,KR7228850004,레이언스,KOSDAQ,우량기업부,7080,3,0,0.0,7080,7140,7000,15882,111776880,117464379120,16591014,KSQ
1254,478340,KR7478340003,나라스페이스테크놀로지,KOSDAQ,기술성장기업부,10050,1,390,4.04,9580,10070,9580,36540,362909730,116279836650,11570133,KSQ
1255,417500,KR7417500006,제이아이테크,KOSDAQ,우량기업부,3545,1,85,2.46,3465,3580,3450,105412,369610050,116221917480,32784744,KSQ
1256,034590,KR7034590000,인천도시가스,KOSPI,,26550,2,-150,-0.56,26750,26750,26550,378,10056900,116149718700,4374754,STK
1257,041590,KR7041590001,플래스크,KOSDAQ,관리종목(소속부없음),2370,0,0,0.0,0,0,0,0,0,116064014460,48972158,KSQ
1258,238540,KR7238540009,나노솔루션,KONEX,일반기업부,103800,0,0,0.0,0,0,0,0,0,116011032000,1117640,KNX
1259,038540,KR7038540001,상상인,KOSDAQ,중견기업부,2095,1,80,3.97,2040,2095,2035,11905,24517337,115912815735,55328313,KSQ
1260,322310,KR7322310004,오로스테크놀로지,KOSDAQ,벤처기업부,12330,1,210,1.73,12200,13320,12080,91782,1143123860,115489462860,9366542,KSQ
1261,083420,KR7083420000,그린케미칼,KOSPI,,4810,1,25,0.52,4830,4835,4770,13475,64537550,115440000000,24000000,STK
1262,013570,KR7013570007,디와이,KOSPI,,4380,1,30,0.69,4315,4415,4315,35700,156056287,115279992540,26319633,STK
1263,259630,KR7259630002,엠플러스,KOSDAQ,우량기업부,9430,1,170,1.84,9470,9530,9270,38760,364682200,115257194280,12222396,KSQ
1264,051360,KR7051360006,토비스,KOSDAQ,우량기업부,11940,1,460,4.01,11640,11940,11470,20487,240636455,115121515920,9641668,KSQ
1265,451760,KR7451760003,컨텍,KOSDAQ,기술성장기업부,6970,1,210,3.11,6810,7140,6780,49284,346066010,115059184780,16507774,KSQ
1266,163730,KR7163730005,핑거,KOSDAQ,벤처기업부,9570,1,450,4.93,9580,10500,9340,305897,3058462880,114990411690,12015717,KSQ
1267,001520,KR7001520006,동양,KOSPI,,1072,1,6,0.56,1063,1093,1044,166041,176636070,114834818304,107122032,STK
1268,011280,KR7011280005,태림포장,KOSPI,,1620,3,0,0.0,1641,1641,1609,2826,4586723,114705622800,70805940,STK
1269,071280,KR7071280002,로체시스템즈,KOSDAQ,우량기업부,7480,1,910,13.85,6700,7650,6610,461651,3359041515,114418590440,15296603,KSQ
1270,311320,KR7311320006,지오엘리먼트,KOSDAQ,기술성장기업부,9060,1,630,7.47,8430,9070,8420,73404,648109855,114287913600,12614560,KSQ
1271,002780,KR7002780005,진흥기업,KOSPI,,782,0,0,0.0,0,0,0,0,0,113758904590,145471745,STK
1272,014530,KR7014530000,극동유화,KOSPI,,3245,1,15,0.46,3230,3285,3230,68497,223083675,113151267900,34869420,STK
1273,090850,KR7090850009,현대이지웰,KOSDAQ,우량기업부,5030,1,185,3.82,4850,5050,4850,121894,607164667,113063852090,22477903,KSQ
1274,299030,KR7299030007,하나기술,KOSDAQ,벤처기업부,14120,1,70,0.5,14230,14380,13730,27057,379683710,112888129200,7994910,KSQ
1275,053260,KR7053260006,금강철강,KOSDAQ,우량기업부,6030,2,-360,-5.63,6250,6360,5890,922915,5619797460,112881600000,18720000,KSQ
1276,256940,KR7256940008,킵스파마,KOSDAQ,벤처기업부,5620,1,160,2.93,5490,5620,5440,22023,122229190,112839186140,20078147,KSQ
1277,394420,KR7394420004,리센스메디컬,KOSDAQ,기술성장기업부,10250,1,490,5.02,9760,10380,9700,106155,1053535075,112746935250,10999701,KSQ
1278,054050,KR7054050000,NH농우바이오,KOSDAQ,우량기업부,7020,1,50,0.72,6970,7050,6970,16954,118906820,112534538220,16030561,KSQ
1279,052860,KR7052860004,아이앤씨,KOSDAQ,벤처기업부,6290,1,120,1.94,6180,6540,6180,120801,767662095,112382511660,17866854,KSQ
1280,217270,KR7217270008,넵튠,KOSDAQ,중견기업부,2400,2,-10,-0.41,2425,2460,2400,46057,111321445,112165543200,46735643,KSQ
1281,493330,KR7493330005,지에프아이,KOSDAQ,벤처기업부,13950,1,610,4.57,13810,13950,13370,40319,554491215,112151206350,8039513,KSQ
1282,012320,KR7012320008,경동인베스트,KOSPI,,47400,1,550,1.17,46900,47650,45900,1549,73127850,112102090200,2365023,STK
1283,078935,KR7078931003,GS우,KOSPI,,62800,1,900,1.45,62000,64000,61900,9007,571894100,111763652800,1779676,STK
1284,474170,KR7474170008,루미르,KOSDAQ,기술성장기업부,6270,1,60,0.97,6250,6780,6200,47279,299164490,111716953920,17817696,KSQ
1285,053080,KR7053080008,케이엔솔,KOSDAQ,중견기업부,8580,1,50,0.59,8530,8830,8440,34339,294290830,111538344060,12999807,KSQ
1286,004250,KR7004250007,NPC,KOSPI,,3030,1,30,1.0,3005,3040,2980,5218,15694425,111261600000,36720000,STK
1287,106190,KR7106190002,하이텍팜,KOSDAQ,우량기업부,10450,1,70,0.67,10390,10570,10230,10013,104507950,111116657850,10633173,KSQ
1288,047310,KR7047310008,파워로직스,KOSDAQ,우량기업부,3035,1,80,2.71,2970,3050,2970,56208,169556920,111113641425,36610755,KSQ
1289,051980,KR7051980001,중앙첨단소재,KOSDAQ,중견기업부,1000,2,-20,-1.96,1035,1051,994,485913,489671305,111091709000,111091709,KSQ
1290,073010,KR7073010001,케이에스피,KOSDAQ,우량기업부,2760,1,15,0.55,2745,2800,2725,38449,106298534,110927850000,40191250,KSQ
1291,336680,KR7336680004,탑런토탈솔루션,KOSDAQ,중견기업부,2830,1,95,3.47,2745,2855,2720,20570,57529046,110781929140,39145558,KSQ
1292,366030,KR7366030005,나인앤컴퍼니,KOSDAQ,중견기업부,4890,2,-5,-0.1,4925,4925,4675,45507,215804505,110777326500,22653850,KSQ
1293,351320,KR7351320007,넥사다이내믹스,KOSDAQ,중견기업부,3725,1,525,16.41,3200,3890,3140,2245435,8224898592,110627441450,29698642,KSQ
1294,023450,KR7023450000,동남합성,KOSPI,,31600,1,50,0.16,31550,31750,30600,1761,55049300,110600000000,3500000,STK
1295,016710,KR7016710006,대성홀딩스,KOSPI,,6870,2,-120,-1.72,7020,7020,6730,21945,150414340,110534583330,16089459,STK
1296,297090,KR7297090003,씨에스베어링,KOSDAQ,투자주의환기종목(소속부없음),4040,1,115,2.93,3930,4040,3930,69688,278771256,110170800000,27270000,KSQ
1297,067990,KR7067990002,도이치모터스,KOSDAQ,우량기업부,3770,1,40,1.07,3735,3785,3705,89070,333608649,110014443500,29181550,KSQ
1298,018120,KR7018120006,진로발효,KOSDAQ,우량기업부,16560,3,0,0.0,16540,16610,16530,1414,23418430,109645747200,6621120,KSQ
1299,067900,KR7067900001,와이엔텍,KOSDAQ,우량기업부,6020,2,-50,-0.82,6100,6120,6020,13584,82177575,109561947180,18199659,KSQ
1300,011810,KR7011810009,STX,KOSPI,,3530,0,0,0.0,0,0,0,0,0,109493282310,31017927,STK
1301,001290,KR7001290006,상상인증권,KOSPI,,1010,0,0,0.0,0,0,0,0,0,109420491200,108337120,STK
1302,010100,KR7010100006,한국무브넥스,KOSPI,,3580,2,-20,-0.56,3610,3615,3545,45675,163255440,109012503600,30450420,STK
1303,002460,KR7002460004,HS화성,KOSPI,,10740,2,-150,-1.38,11110,11110,10640,12606,135251835,109011000000,10150000,STK
1304,017510,KR7017510009,세명전기,KOSDAQ,벤처기업부,7150,1,150,2.14,7060,7220,7050,66551,475609155,109008900000,15246000,KSQ
1305,037350,KR7037350006,성도이엔지,KOSDAQ,우량기업부,7130,1,140,2.0,7000,7240,7000,74258,527532010,108447300000,15210000,KSQ
1306,475230,KR7475230009,엔알비,KOSDAQ,벤처기업부,9950,1,160,1.63,9840,10130,9640,61624,609515130,108441895850,10898683,KSQ
1307,063170,KR7063170005,서울옥션,KOSDAQ,중견기업부,6100,1,20,0.33,6100,6390,6080,45225,281588755,108423028700,17774267,KSQ
1308,016740,KR7016740003,두올,KOSPI,,3775,2,-5,-0.13,3750,3780,3655,19569,72691205,108244440600,28674024,STK
1309,100700,KR7100700004,세운메디칼,KOSDAQ,우량기업부,2470,1,40,1.65,2455,2480,2435,66407,163420500,108186000000,43800000,KSQ
1310,189330,KR7189330004,씨이랩,KOSDAQ,기술성장기업부,11530,1,1130,10.87,10420,11950,10420,333414,3797182250,108177734520,9382284,KSQ
1311,053700,KR7053700001,삼보모터스,KOSDAQ,우량기업부,4040,1,80,2.02,3965,4055,3965,113835,457982158,107931658280,26715757,KSQ
1312,039340,KR7039340005,한국경제TV,KOSDAQ,우량기업부,4905,2,-5,-0.1,4910,4910,4880,8297,40587295,107910000000,22000000,KSQ
1313,109740,KR7109740001,디에스케이,KOSDAQ,벤처기업부,4180,1,30,0.72,4150,4200,4030,8776,35968425,107469430200,25710390,KSQ
1314,123040,KR7123040008,엠에스오토텍,KOSDAQ,중견기업부,1714,1,21,1.24,1782,1800,1713,230403,404276983,107344904486,62628299,KSQ
1315,105330,KR7105330005,케이엔더블유,KOSDAQ,중견기업부,6700,1,60,0.9,6730,7060,6450,22508,147493310,107330784000,16019520,KSQ
1316,101170,KR7101170009,우림피티에스,KOSDAQ,벤처기업부,7950,1,500,6.71,7600,8040,7500,64444,507581480,107325000000,13500000,KSQ
1317,141000,KR7141000000,비아트론,KOSDAQ,벤처기업부,8840,1,110,1.26,8730,8970,8520,50825,436954580,107094036400,12114710,KSQ
1318,012800,KR7012800009,대창,KOSPI,,1174,2,-5,-0.42,1180,1192,1165,154163,181098529,106998945826,91140499,STK
1319,402490,KR7402490007,그린리소스,KOSDAQ,기술성장기업부,6310,1,150,2.44,6120,6380,6120,49341,309223320,106861219270,16935217,KSQ
1320,021820,KR7021820006,세원정공,KOSPI,,10670,1,20,0.19,10790,10790,10490,12324,130530750,106700000000,10000000,STK
1321,310200,KR7310200001,애니플러스,KOSDAQ,중견기업부,2045,1,35,1.74,2010,2055,2010,72136,146758142,106672999620,52162836,KSQ
1322,035000,KR7035000009,HS애드,KOSPI,,6580,1,90,1.39,6540,6580,6520,35885,235277110,106646297520,16207644,STK
1323,323990,KR7323990002,박셀바이오,KOSDAQ,기술성장기업부,4580,1,90,2.0,4490,4710,4400,129768,589712187,106518640100,23257345,KSQ
1324,073560,KR7073560005,우리손에프앤지,KOSDAQ,우량기업부,1536,1,6,0.39,1518,1539,1518,40899,62476760,106349019648,69237643,KSQ
1325,248170,KR7248170003,샘표식품,KOSPI,,23200,1,200,0.87,23300,23400,23000,1026,23787150,105984235200,4568286,STK
1326,120240,KR7120240007,대정화금,KOSDAQ,우량기업부,14700,2,-90,-0.61,14750,14820,14670,2966,43735080,105698747700,7190391,KSQ
1327,054920,KR7054920004,한컴위드,KOSDAQ,중견기업부,3745,1,90,2.46,3695,3835,3695,196222,739534804,105672968345,28217081,KSQ
1328,048550,KR7048550008,SM C&C,KOSDAQ,중견기업부,1091,2,-34,-3.02,1137,1137,1010,1013953,1066011573,105515650420,96714620,KSQ
1329,014580,KR7014580005,태경비케이,KOSPI,,3825,3,0,0.0,3820,3840,3795,42886,163275628,105505357500,27583100,STK
1330,120030,KR7120030002,조선선재,KOSPI,,83800,1,300,0.36,83500,84200,83500,182,15229300,105391153800,1257651,STK
1331,246710,KR7246710008,티앤알바이오팹,KOSDAQ,기술성장기업부,2210,1,10,0.45,2220,2255,2165,126569,279596955,105338553840,47664504,KSQ
1332,488280,KR7488280009,에스투더블유,KOSDAQ,기술성장기업부,9720,1,460,4.97,9410,9780,9410,49494,475842810,105223723920,10825486,KSQ
1333,115500,KR7115500001,케이씨에스,KOSDAQ,중견기업부,8760,1,340,4.04,8490,8850,8490,30543,267140905,105120000000,12000000,KSQ
1334,059210,KR7059210005,메타바이오메드,KOSDAQ,우량기업부,3865,2,-10,-0.26,3885,3915,3800,36684,142512775,105017634925,27171445,KSQ
1335,002450,KR7002450005,삼익악기,KOSPI,,1159,1,7,0.61,1156,1160,1152,123170,142385446,104925330485,90530915,STK
1336,021080,KR7021080007,에이티넘인베스트,KOSDAQ,우량기업부,2185,1,45,2.1,2160,2255,2155,149283,328239080,104880000000,48000000,KSQ
1337,242040,KR7242040004,나무에이엑스,KOSDAQ,기술성장기업부,3030,1,55,1.85,2990,3070,2990,204336,619609332,104856979920,34606264,KSQ
1338,092220,KR7092220003,KEC,KOSPI,,2600,1,60,2.36,2540,2620,2525,152903,393695667,104396832800,40152628,STK
1339,027970,KR7027970003,한국제지,KOSPI,,2740,1,15,0.55,2725,2755,2695,3075,8376596,104202594560,38030144,STK
1340,290720,KR7290720002,푸드나무,KOSDAQ,중견기업부,2725,2,-55,-1.98,2895,2895,2715,7069,19606980,103956768925,38149273,KSQ
1341,039560,KR7039560008,다산네트웍스,KOSDAQ,중견기업부,2395,1,35,1.48,2365,2420,2360,75085,179062321,102717880860,42888468,KSQ
1342,267850,KR7267850006,아시아나IDT,KOSPI,,9250,1,30,0.33,9230,9460,9230,3610,33626200,102675000000,11100000,STK
1343,006620,KR7006620009,동구바이오제약,KOSDAQ,우량기업부,3605,1,95,2.71,3515,3630,3480,64452,230531459,102616296160,28464992,KSQ
1344,453450,KR7453450009,그리드위즈,KOSDAQ,중견기업부,12880,1,130,1.02,12930,13100,12600,17351,222001325,102302620000,7942750,KSQ
1345,006840,KR7006840003,AK홀딩스,KOSPI,,7710,2,-290,-3.63,8000,8010,7710,7975,62205180,102138695310,13247561,STK
1346,123690,KR7123690000,한국화장품,KOSPI,,6340,1,20,0.32,6320,6450,6290,50277,319919505,101871120000,16068000,STK
1347,396470,KR7396470007,워트,KOSDAQ,중견기업부,6310,1,30,0.48,6330,6440,6250,69798,441010830,101717200000,16120000,KSQ
1348,37550L,KR737550K029,DL이앤씨2우(전환),KOSPI,,48150,1,600,1.26,47750,48500,47300,4058,194140000,101690440650,2111951,STK
1349,264900,KR7264900002,크라운제과,KOSPI,,8110,1,20,0.25,8090,8150,8080,4109,33335395,101568423500,12523850,STK
1350,009580,KR7009580002,무림P&P,KOSPI,,1623,1,2,0.12,1646,1646,1610,38349,62017137,101223789852,62368324,STK
1351,131030,KR7131030009,옵투스제약,KOSDAQ,우량기업부,5720,2,-70,-1.21,5790,5790,5630,22908,130086115,100938494800,17646590,KSQ
1352,119650,KR7119650000,KC코트렐,KOSPI,,918,0,0,0.0,0,0,0,0,0,100782913662,109785309,STK
1353,013700,KR7013700000,까뮤이앤씨,KOSPI,,1680,1,22,1.33,1658,1680,1611,269917,443431101,100381394400,59750830,STK
1354,042510,KR7042510008,라온시큐어,KOSDAQ,벤처기업부,9030,1,510,5.99,8630,9130,8580,301782,2687407880,100285626840,11105828,KSQ
1355,006660,KR7006660005,삼성공조,KOSPI,,12310,1,170,1.4,12160,12480,12130,119689,1471281765,100034925340,8126314,STK
1356,307870,KR7307870006,비투엔,KOSDAQ,벤처기업부,1342,1,25,1.9,1320,1349,1281,1153290,1523650997,99709640470,74299285,KSQ
1357,246720,KR7246720007,아스타,KOSDAQ,관리종목(소속부없음),6070,0,0,0.0,0,0,0,0,0,99434491000,16381300,KSQ
1358,042500,KR7042500009,링네트,KOSDAQ,우량기업부,4460,1,60,1.36,4400,4500,4390,498669,2207549736,99418502240,22291144,KSQ
1359,074430,KR7074430000,아미노로직스,KOSDAQ,중견기업부,1125,2,-54,-4.58,1189,1189,1096,149522,169664419,99157862250,88140322,KSQ
1360,235980,KR7235980000,메드팩토,KOSDAQ,기술성장기업부,2890,1,95,3.4,2795,2890,2745,85879,242334112,99055099690,34275121,KSQ
1361,352090,KR7352090005,스톰테크,KOSDAQ,우량기업부,3685,2,-15,-0.41,3650,3690,3630,23645,86445415,99026997630,26872998,KSQ
1362,004100,KR7004100004,태양금속,KOSPI,,2690,1,165,6.53,2560,2720,2545,504588,1332166187,98723000000,36700000,STK
1363,067830,KR7067830000,세이브존I&C,KOSPI,,2400,1,15,0.63,2365,2425,2355,77097,183274109,98498148000,41040895,STK
1364,309960,KR7309960003,LB인베스트먼트,KOSDAQ,중견기업부,4235,2,-45,-1.05,4280,4280,4155,27635,115900652,98325007165,23217239,KSQ
1365,298540,KR7298540006,더네이쳐홀딩스,KOSDAQ,우량기업부,6780,1,30,0.44,6690,6800,6670,5052,33946370,98217697080,14486386,KSQ
1366,008700,KR7008700007,아남전자,KOSPI,,1273,1,23,1.84,1235,1279,1235,301868,383120878,98179895860,77124820,STK
1367,012200,KR7012200002,계양전기,KOSPI,,3600,1,110,3.15,3505,3625,3480,150910,540000531,98002184400,27222829,STK
1368,008260,KR7008260002,NI스틸,KOSPI,,3420,2,-95,-2.7,3520,3520,3405,68606,236597070,97812400140,28600117,STK
1369,443670,KR7443670005,에스피소프트,KOSDAQ,중견기업부,4070,2,-50,-1.21,4165,4370,4030,1968120,8268260802,97722995480,24010564,KSQ
1370,070960,KR7070960000,모나용평,KOSPI,,2030,1,36,1.81,2100,2100,2000,25221,51223030,97710665990,48133333,STK
1371,475580,KR7475580007,에이럭스,KOSDAQ,벤처기업부,7150,1,140,2.0,7010,7180,7010,32916,234387860,97418035000,13624900,KSQ
1372,066790,KR7066790007,씨씨에스,KOSDAQ,관리종목(소속부없음),2205,0,0,0.0,0,0,0,0,0,97355245995,44152039,KSQ
1373,330350,KR7330350000,위더스제약,KOSDAQ,우량기업부,7350,1,320,4.55,7030,7940,6820,1349439,10086905275,97017648000,13199680,KSQ
1374,032560,KR7032560005,황금에스티,KOSPI,,5700,3,0,0.0,5700,5730,5660,18902,107767260,96900000000,17000000,STK
1375,014790,KR7014790000,HL D&I,KOSPI,,2555,3,0,0.0,2560,2605,2550,11758,30296005,96728725555,37858601,STK
1376,419050,KR7419050000,삼기에너지솔루션즈,KOSDAQ,중견기업부,1689,1,88,5.5,1634,1714,1615,1862625,3119670533,96604449360,57196240,KSQ
1377,068240,KR7068240001,다원시스,KOSDAQ,관리종목(소속부없음),2530,0,0,0.0,0,0,0,0,0,96553495610,38163437,KSQ
1378,250060,KR7250060001,모비스,KOSDAQ,기술성장기업부,3000,1,185,6.57,2850,3085,2820,186311,552959435,96513942000,32171314,KSQ
1379,036580,KR7036580009,팜스코,KOSPI,,2620,2,-5,-0.19,2605,2635,2570,33884,88093800,96227210660,36727943,STK
1380,474610,KR7474610003,RF시스템즈,KOSDAQ,벤처기업부,6670,2,-260,-3.75,7030,7120,6610,115075,779374855,96149517400,14415220,KSQ
1381,091440,KR7091440008,한울소재과학,KOSDAQ,투자주의환기종목(소속부없음),2775,1,35,1.28,2770,2795,2710,70134,192743627,96129260625,34641175,KSQ
1382,014440,KR7014440002,영보화학,KOSPI,,4795,3,0,0.0,4795,4800,4750,16847,80443735,95900000000,20000000,STK
1383,417310,KR7417310000,코람코더원리츠,KOSPI,,2370,1,5,0.21,2370,2370,2360,122862,290215565,95748000000,40400000,STK
1384,040300,KR7040300006,YTN,KOSDAQ,중견기업부,2000,1,5,0.25,1996,2010,1977,11722,23367990,95353960000,47676980,KSQ
1385,357880,KR7357880004,SKAI,KOSDAQ,기술성장기업부,1758,1,28,1.62,1740,1790,1740,209629,370149641,95252166960,54182120,KSQ
1386,036220,KR7036220002,오상헬스케어,KOSDAQ,우량기업부,6640,1,210,3.27,6270,6720,6270,8242,54074240,95014522240,14309416,KSQ
1387,088130,KR7088130000,동아엘텍,KOSDAQ,우량기업부,5430,1,190,3.63,5290,5470,5270,39934,215896320,94945255020,17485314,KSQ
1388,217820,KR7217820000,원익피앤이,KOSDAQ,중견기업부,2000,1,90,4.71,1994,2055,1911,256730,509547722,94909118000,47454559,KSQ
1389,156100,KR7156100000,엘앤케이바이오,KOSDAQ,벤처기업부,4240,1,380,9.84,3860,4320,3860,126640,516520198,94768888720,22351153,KSQ
1390,066590,KR7066590001,스모트로닉,KOSDAQ,중견기업부,2450,3,0,0.0,2510,2510,2415,62569,152798935,94760945650,38677937,KSQ
1391,005860,KR7005860002,한일사료,KOSDAQ,우량기업부,2400,1,15,0.63,2390,2420,2370,206627,494743694,94568844000,39403685,KSQ
1392,052420,KR7052420007,오성첨단소재,KOSDAQ,우량기업부,9700,1,20,0.21,9680,9790,9570,30422,293368480,94497487300,9742009,KSQ
1393,187790,KR7187790001,나노,KOSDAQ,벤처기업부,3060,1,200,6.99,2825,3080,2825,120286,359378016,94372939800,30840830,KSQ
1394,019180,KR7019180009,티에이치엔,KOSPI,,5230,1,40,0.77,5270,5300,5140,56021,292723800,94140000000,18000000,STK
1395,017650,KR7017650003,대림제지,KOSDAQ,우량기업부,10700,2,-150,-1.38,10850,10860,10550,11234,120333180,93999500000,8785000,KSQ
1396,053350,KR7053350005,이니텍,KOSDAQ,중견기업부,4260,2,-240,-5.33,4605,4630,4115,197162,860840806,93809736900,22021065,KSQ
1397,053580,KR7053580007,웹케시,KOSDAQ,우량기업부,7230,1,220,3.14,7000,7340,7000,36330,263734470,93660572280,12954436,KSQ
1398,255440,KR7255440000,야스,KOSDAQ,벤처기업부,7170,1,230,3.31,7070,7220,6980,54289,387772830,93625860000,13058000,KSQ
1399,307930,KR7307930008,컴퍼니케이,KOSDAQ,중견기업부,5990,1,30,0.5,6000,6090,5900,32972,197082660,93503900000,15610000,KSQ
1400,007210,KR7007210008,벽산,KOSPI,,1430,1,6,0.42,1420,1432,1413,64833,92194028,93464800000,65360000,STK
1401,058820,KR7058820002,CMG제약,KOSDAQ,관리종목(소속부없음),630,1,7,1.12,619,635,607,1054619,654921992,93317840280,148123556,KSQ
1402,036010,KR7036010007,아비코전자,KOSDAQ,중견기업부,7000,1,140,2.04,6820,7050,6820,68054,473788875,93050538000,13292934,KSQ
1403,002230,KR7002230001,피에스텍,KOSDAQ,우량기업부,5050,3,0,0.0,5050,5160,5000,32688,165013210,93026403500,18421070,KSQ
1404,348350,KR7348350000,위드텍,KOSDAQ,벤처기업부,9490,1,70,0.74,9620,9620,9350,4269,40509140,92751464000,9773600,KSQ
1405,109610,KR7109610006,에스와이,KOSDAQ,중견기업부,1894,1,13,0.69,1944,1944,1882,42900,81537139,92630615600,48907400,KSQ
1406,083500,KR7083500009,에프엔에스테크,KOSDAQ,우량기업부,11100,2,-30,-0.27,11300,11470,10830,91373,1005467860,92200784700,8306377,KSQ
1407,013310,KR7013310008,아진산업,KOSDAQ,우량기업부,2375,1,30,1.28,2345,2390,2345,40623,96178695,92165632250,38806582,KSQ
1408,362320,KR7362320004,청담글로벌,KOSDAQ,중견기업부,4440,2,-10,-0.22,4465,4575,4405,30253,135583800,91876551480,20692917,KSQ
1409,023900,KR7023900004,풍국주정,KOSDAQ,우량기업부,7260,1,90,1.26,7240,7260,7110,2925,21065750,91476000000,12600000,KSQ
1410,002200,KR7002200004,한국수출포장,KOSPI,,2725,1,25,0.93,2740,2740,2690,3294,8888645,91287339225,33499941,STK
1411,058850,KR7058850009,KTcs,KOSPI,,2200,1,30,1.38,2180,2205,2180,57710,126459969,91089790000,41404450,STK
1412,040350,KR7040350001,크레오에스지,KOSDAQ,벤처기업부,4585,1,150,3.38,4595,4685,4280,125773,558498776,91040658660,19856196,KSQ
1413,363280,KR7363280009,티와이홀딩스,KOSPI,,2000,1,24,1.21,1982,2030,1965,8550,17040184,90994666000,45497333,STK
1414,099750,KR7099750002,이지케어텍,KOSDAQ,벤처기업부,6660,1,300,4.72,6420,6800,6360,24921,164580035,90970092180,13659173,KSQ
1415,093920,KR7093920007,서원인텍,KOSDAQ,우량기업부,4890,1,40,0.82,4880,4890,4840,2480,12055685,90954000000,18600000,KSQ
1416,040420,KR7040420002,정상제이엘에스,KOSDAQ,우량기업부,5800,2,-20,-0.34,5810,5830,5790,7819,45434560,90929801600,15677552,KSQ
1417,001275,KR7001271006,부국증권우,KOSPI,,30300,1,100,0.33,30200,30300,30100,1386,41841050,90900000000,3000000,STK
1418,205100,KR7205100001,엑셈,KOSDAQ,벤처기업부,1343,1,31,2.36,1319,1352,1319,82999,111040065,90705379282,67539374,KSQ
1419,049950,KR7049950009,미래컴퍼니,KOSDAQ,중견기업부,10280,1,250,2.49,10050,10430,10050,16279,167000075,90647847520,8817884,KSQ
1420,289930,KR7289930000,웨이비스,KOSDAQ,기술성장기업부,6860,1,480,7.52,6490,6860,6380,51375,340548940,90202208600,13149010,KSQ
1421,091590,KR7091590000,남화토건,KOSDAQ,중견기업부,7680,1,230,3.09,7400,7690,6930,815327,5991765400,90163200000,11740000,KSQ
1422,125210,KR7125210005,아모그린텍,KOSDAQ,우량기업부,5460,1,40,0.74,5490,5730,5340,58557,318396400,90072473400,16496790,KSQ
1423,058860,KR7058860008,KTis,KOSPI,,2585,3,0,0.0,2585,2595,2570,47261,121744320,89963170000,34802000,STK
1424,380550,KR7380550004,뉴로핏,KOSDAQ,기술성장기업부,7340,1,160,2.23,7400,7400,7110,26354,190896180,89539676440,12198866,KSQ
1425,182360,KR7182360008,큐브엔터,KOSDAQ,우량기업부,5760,1,90,1.59,5550,5830,5550,16091,92467400,89536815360,15544586,KSQ
1426,452190,KR7452190002,한빛레이저,KOSDAQ,벤처기업부,3735,2,-30,-0.8,3765,3840,3690,118555,444845253,89343280395,23920557,KSQ
1427,282720,KR7282720002,금양그린파워,KOSDAQ,중견기업부,7360,1,100,1.38,7300,7480,7300,3694,27214960,89199520000,12119500,KSQ
1428,009300,KR7009300005,삼아제약,KOSDAQ,우량기업부,14000,1,50,0.36,13950,14000,13860,1738,24269030,89180000000,6370000,KSQ
1429,137950,KR7137950002,제이씨케미칼,KOSDAQ,우량기업부,4000,1,180,4.71,3810,4100,3780,162487,642515014,89071256000,22267814,KSQ
1430,950130,KR8840090003,엑세스바이오,KOSDAQ,외국기업(소속부없음),2530,1,5,0.2,2525,2570,2460,50053,125829670,88989800020,35173834,KSQ
1431,048530,KR7048530000,인트론바이오,KOSDAQ,기술성장기업부,2875,1,65,2.31,2810,2890,2740,78457,219892635,88813804250,30891758,KSQ
1432,004890,KR7004890000,동일산업,KOSPI,,36600,1,200,0.55,36700,36800,35950,96,3504450,88762869000,2425215,STK
1433,263720,KR7263720005,디앤씨미디어,KOSDAQ,우량기업부,7150,1,40,0.56,7030,7300,6920,5339,37856530,88750025650,12412591,KSQ
1434,330730,KR7330730003,스톤브릿지벤처스,KOSDAQ,벤처기업부,4870,1,150,3.18,4660,4900,4660,34222,165761675,88720832100,18217830,KSQ
1435,096240,KR7096240007,크레버스,KOSDAQ,우량기업부,8650,2,-170,-1.93,8820,8820,8630,9339,81259730,88560257000,10238180,KSQ
1436,357230,KR7357230002,에이치피오,KOSDAQ,우량기업부,2140,3,0,0.0,2155,2165,2135,9513,20454835,88368038640,41293476,KSQ
1437,950220,KR8840140006,네오이뮨텍,KOSDAQ,기술성장기업부,2575,1,185,7.74,2405,2575,2310,439925,1078394843,88095488000,34211840,KSQ
1438,023000,KR7023000003,삼원강재,KOSPI,,2215,2,-10,-0.45,2225,2245,2205,14964,33145474,88024002540,39739956,STK
1439,003580,KR7003580008,HLB글로벌,KOSPI,,1737,1,46,2.72,1710,1740,1651,93025,158469246,88002508185,50663505,STK
1440,172670,KR7172670002,에이엘티,KOSDAQ,벤처기업부,9800,1,230,2.4,9510,9980,9510,9959,97195060,87810538200,8960259,KSQ
1441,129920,KR7129920005,대성하이텍,KOSDAQ,벤처기업부,5400,1,310,6.09,5230,5420,4850,68483,360464120,87742958400,16248696,KSQ
1442,001020,KR7001020007,페이퍼코리아,KOSPI,,2460,2,-20,-0.81,2570,2570,2450,4613,11437605,87567788520,35596662,STK
1443,086710,KR7086710001,선진뷰티사이언스,KOSDAQ,우량기업부,7170,2,-40,-0.55,7160,7400,7090,9350,67411190,87497517600,12203280,KSQ
1444,025620,KR7025620006,차AI헬스케어,KOSPI,,4800,1,95,2.02,4745,4835,4730,2772,13270020,87379070400,18203973,STK
1445,078140,KR7078140001,대봉엘에스,KOSDAQ,우량기업부,7880,2,-100,-1.25,7920,7990,7800,9976,78328430,87362242520,11086579,KSQ
1446,306620,KR7306620006,지아이에스,KOSDAQ,벤처기업부,1822,1,22,1.22,1810,1865,1810,176856,324109015,87350659248,47942184,KSQ
1447,209640,KR7209640002,와이제이링크,KOSDAQ,중견기업부,3070,1,150,5.14,2950,3100,2950,77337,234911875,87320458220,28443146,KSQ
1448,162300,KR7162300008,신스틸,KOSDAQ,우량기업부,2105,3,0,0.0,2215,2240,1980,8222656,17380670946,87297259110,41471382,KSQ
1449,032300,KR7032300006,한국파마,KOSDAQ,중견기업부,8000,1,300,3.9,7700,8050,7700,15268,120796980,87253608000,10906701,KSQ
1450,004140,KR7004140000,동방,KOSPI,,1811,1,6,0.33,1794,1823,1791,67302,121629151,86876868226,47971766,STK
1451,234300,KR7234300002,에스트래픽,KOSDAQ,우량기업부,3190,1,20,0.63,3205,3205,3125,52382,165663660,86792818200,27207780,KSQ
1452,432470,KR7432470003,케이엔에스,KOSDAQ,벤처기업부,9860,2,-120,-1.2,10060,10290,9810,73176,727306215,86487542160,8771556,KSQ
1453,317770,KR7317770006,엑스페릭스,KOSDAQ,벤처기업부,2360,3,0,0.0,2460,2460,2300,43139,101095309,86480179840,36644144,KSQ
1454,079810,KR7079810008,APS이노베이션,KOSDAQ,우량기업부,4015,1,155,4.02,3860,4040,3850,234577,931023127,86435297410,21528094,KSQ
1455,004650,KR7004650008,창해에탄올,KOSDAQ,우량기업부,9400,3,0,0.0,9340,9420,9340,7307,68456005,86394319000,9190885,KSQ
1456,226400,KR7226400000,오스테오닉,KOSDAQ,기술성장기업부,4180,2,-65,-1.53,4285,4285,4180,32435,136798275,86365492180,20661601,KSQ
1457,107600,KR7107600009,새빗켐,KOSDAQ,벤처기업부,15270,2,-150,-0.97,15420,15810,15190,8455,129283885,86276324580,5650054,KSQ
1458,139990,KR7139990006,아주스틸,KOSPI,,2225,2,-45,-1.98,2270,2270,2210,17494,39007534,86230796150,38755414,STK
1459,096775,KR7096771001,SK이노베이션우,KOSPI,,69000,1,700,1.02,68400,69600,68000,5645,389533050,86141394000,1248426,STK
1460,025950,KR7025950007,동신건설,KOSDAQ,우량기업부,10250,1,250,2.5,10000,10430,9950,15584,156976675,86100000000,8400000,KSQ
1461,322180,KR7322180001,LS티라유텍,KOSDAQ,벤처기업부,4005,1,125,3.22,3880,4110,3880,103158,417220990,86091904530,21496106,KSQ
1462,130580,KR7130580004,나이스디앤비,KOSDAQ,우량기업부,5590,2,-30,-0.53,5640,5640,5520,2549,14173550,86086000000,15400000,KSQ
1463,185490,KR7185490000,아이진,KOSDAQ,벤처기업부,1990,1,50,2.58,1936,2005,1935,105383,208010019,86027270160,43229784,KSQ
1464,072020,KR7072020001,중앙백신,KOSDAQ,벤처기업부,9290,3,0,0.0,9290,9330,9260,3456,32143100,85995495490,9256781,KSQ
1465,063080,KR7063080006,컴투스홀딩스,KOSDAQ,중견기업부,13020,1,170,1.32,13270,13550,12750,18957,251206780,85869399840,6595192,KSQ
1466,033290,KR7033290008,로젠,KOSDAQ,우량기업부,1524,1,4,0.26,1520,1544,1517,7038,10743583,85582202724,56156301,KSQ
1467,201490,KR7201490000,미투온,KOSDAQ,중견기업부,2615,3,0,0.0,2780,2800,2585,1378574,3697866747,85572543490,32723726,KSQ
1468,047560,KR7047560008,이스트소프트,KOSDAQ,중견기업부,7270,1,120,1.68,7360,7440,7190,36463,266699590,85444906140,11753082,KSQ
1469,038110,KR7038110003,에코플라스틱,KOSDAQ,우량기업부,2070,1,45,2.22,2045,2075,2020,129926,266452010,85220595900,41169370,KSQ
1470,029480,KR7029480001,광무,KOSDAQ,중견기업부,1427,1,28,2.0,1405,1437,1400,36960,52376284,85219201364,59719132,KSQ
1471,054540,KR7054540000,삼영엠텍,KOSDAQ,우량기업부,6550,1,150,2.34,6460,6560,6410,34829,226453940,85150000000,13000000,KSQ
1472,023800,KR7023800006,인지컨트롤스,KOSPI,,5370,1,70,1.32,5350,5410,5330,8975,48200130,84895387890,15809197,STK
1473,044990,KR7044990000,에이치엔에스하이텍,KOSDAQ,기술성장기업부,11040,1,40,0.36,11000,11500,10830,6184,67805130,84847092000,7685425,KSQ
1474,149980,KR7149980005,하이로닉,KOSDAQ,중견기업부,4930,1,90,1.86,4855,4935,4810,7994,39042297,84791296780,17199046,KSQ
1475,086960,KR7086960002,MDS테크,KOSDAQ,우량기업부,1990,1,79,4.13,1968,1999,1920,148558,292873195,84632053300,42528670,KSQ
1476,215100,KR7215100009,로보로보,KOSDAQ,벤처기업부,4155,1,215,5.46,3995,4245,3995,209532,872229522,84547826370,20348454,KSQ
1477,006090,KR7006090005,사조오양,KOSPI,,8970,2,-80,-0.88,8900,9030,8900,1016,9107170,84521968830,9422739,STK
1478,005740,KR7005740006,크라운해태홀딩스,KOSPI,,5660,1,20,0.35,5640,5710,5620,3077,17376860,84035984020,14847347,STK
1479,066980,KR7066980004,한성크린텍,KOSDAQ,벤처기업부,1562,1,24,1.56,1531,1609,1531,262198,411782732,83990619086,53771203,KSQ
1480,049180,KR7049180003,셀루메드,KOSDAQ,투자주의환기종목(소속부없음),1009,0,0,0.0,0,0,0,0,0,83975227728,83226192,KSQ
1481,102370,KR7102370004,케이옥션,KOSDAQ,기술성장기업부,3240,1,40,1.25,3270,3395,3200,49630,162801855,83878059600,25888290,KSQ
1482,183490,KR7183490002,엔지켐생명과학,KOSDAQ,관리종목(소속부없음),990,0,0,0.0,0,0,0,0,0,83793832650,84640235,KSQ
1483,223250,KR7223250002,드림씨아이에스,KOSDAQ,벤처기업부,3395,1,95,2.88,3300,3400,3235,25249,84359040,83518507380,24600444,KSQ
1484,019550,KR7019550003,SBI인베스트먼트,KOSDAQ,중견기업부,1030,1,24,2.39,1014,1030,1009,144129,147217261,83464285610,81033287,KSQ
1485,302550,KR7302550009,리메드,KOSDAQ,기술성장기업부,2755,1,105,3.96,2670,2780,2670,23904,65011765,83407660815,30275013,KSQ
1486,002600,KR7002600005,조흥,KOSPI,,137900,1,800,0.58,138000,138000,135100,19,2618900,82740000000,600000,STK
1487,33626K,KR733626K013,두산퓨얼셀1우,KOSPI,,6190,1,410,7.09,5780,6190,5730,35171,209935330,82724398000,13364200,STK
1488,418470,KR7418470001,KT밀리의서재,KOSDAQ,우량기업부,9650,2,-40,-0.41,9690,9820,9650,14070,137208485,82659863850,8565789,KSQ
1489,013360,KR7013360003,일성건설,KOSPI,,1530,1,35,2.34,1500,1532,1477,248279,374501916,82658066400,54024880,STK
1490,055490,KR7055490007,테이팩스,KOSPI,,17260,1,120,0.7,17360,17700,17080,19508,339067875,82617579000,4786650,STK
1491,067000,KR7067000000,조이시티,KOSDAQ,중견기업부,1179,1,13,1.11,1179,1190,1134,230566,270751107,82416162834,69903446,KSQ
1492,111380,KR7111380002,동인기연,KOSPI,,13440,2,-80,-0.59,13380,13520,13260,2541,33927680,82360320000,6128000,STK
1493,091120,KR7091120006,이엠텍,KOSDAQ,중견기업부,4805,2,-5,-0.1,4810,4870,4730,20087,95818025,82323757480,17132936,KSQ
1494,204840,KR7204840003,지엘팜텍,KOSDAQ,기술성장기업부,5300,1,20,0.38,5300,5380,5060,52856,275312510,82201945300,15509801,KSQ
1495,228340,KR7228340006,동양파일,KOSDAQ,중견기업부,4110,1,160,4.05,4145,4555,3795,6242526,25943452503,82200000000,20000000,KSQ
1496,040160,KR7040160004,누리플렉스,KOSDAQ,중견기업부,6810,1,200,3.03,6770,6930,6450,24212,161307220,82098193350,12055535,KSQ
1497,101330,KR7101330009,모베이스,KOSDAQ,중견기업부,3540,1,110,3.21,3450,3540,3440,43762,152957022,81940482660,23147029,KSQ
1498,109070,KR7109070003,주성코퍼레이션,KOSPI,,1550,0,0,0.0,0,0,0,0,0,81855856500,52810230,STK
1499,205470,KR7205470008,휴마시스,KOSDAQ,중견기업부,3310,1,95,2.95,3300,3345,3160,68223,223294705,81674253310,24675001,KSQ
1500,037760,KR7037760006,쎄니트,KOSDAQ,중견기업부,2400,1,25,1.05,2375,2400,2340,10515,24952355,81199010400,33832921,KSQ
1501,413390,KR7413390006,엠오티,KOSDAQ,중견기업부,7010,1,210,3.09,6940,7350,6580,66529,461158085,81177061800,11580180,KSQ
1502,007980,KR7007980006,TP,KOSPI,,1730,2,-2,-0.12,1716,1739,1716,66462,114844507,81132415500,46897350,STK
1503,054670,KR7054670005,대한뉴팜,KOSDAQ,우량기업부,5650,1,10,0.18,5710,5710,5620,9874,55694800,81105298000,14354920,KSQ
1504,412540,KR7412540007,제일엠앤에스,KOSDAQ,관리종목(소속부없음),3935,0,0,0.0,0,0,0,0,0,81063616775,20600665,KSQ
1505,037030,KR7037030004,파워넷,KOSDAQ,우량기업부,3175,1,120,3.93,3060,3205,3060,175574,551869372,81003749600,25512992,KSQ
1506,066430,KR7066430000,아이로보틱스,KOSDAQ,중견기업부,2065,1,45,2.23,2080,2170,2055,742440,1565238733,80851927940,39153476,KSQ
1507,478560,KR7478560006,블랙야크아이앤씨,KOSDAQ,벤처기업부,3130,2,-10,-0.32,3140,3200,3100,36173,113470725,80848832740,25830298,KSQ
1508,131370,KR7131370009,알서포트,KOSDAQ,벤처기업부,1517,1,1,0.07,1515,1534,1507,43381,66031099,80806164911,53267083,KSQ
1509,900260,HK0000295359,로스웰,KOSDAQ,외국기업(소속부없음),1755,1,22,1.27,1774,1774,1702,3789,6580607,80782134030,46029706,KSQ
1510,002220,KR7002220002,한일철강,KOSPI,,3015,1,110,3.79,2940,3045,2910,149880,447575276,80492841900,26697460,STK
1511,019680,KR7019680008,대교,KOSPI,,1000,0,0,0.0,0,0,0,0,0,80467700000,80467700,STK
1512,090470,KR7090470006,제이스로보틱스,KOSDAQ,벤처기업부,4600,1,150,3.37,4450,4775,4320,97001,447276403,80392332400,17476594,KSQ
1513,000105,KR7000101006,유한양행우,KOSPI,,69900,1,100,0.14,71400,71400,69400,285,19856800,80268966000,1148340,STK
1514,065450,KR7065450009,빅텍,KOSDAQ,벤처기업부,2720,1,40,1.49,2695,2735,2665,276131,747133656,80228584160,29495803,KSQ
1515,061250,KR7061250007,화일약품,KOSDAQ,우량기업부,9530,1,340,3.7,9200,9530,8950,30383,284697980,80219575520,8417584,KSQ
1516,040910,KR7040910002,아이씨디,KOSDAQ,중견기업부,4410,2,-50,-1.12,4575,4575,4325,4365,19392738,80148552750,18174275,KSQ
1517,214680,KR7214680001,디알텍,KOSDAQ,벤처기업부,960,0,0,0.0,0,0,0,0,0,80137973760,83477056,KSQ
1518,033560,KR7033560004,블루콤,KOSDAQ,중견기업부,4685,2,-5,-0.11,4690,4725,4605,5176,24032922,80113500000,17100000,KSQ
1519,036640,KR7036640001,HRS,KOSDAQ,우량기업부,4895,2,-5,-0.1,4910,4920,4850,12890,62848444,80056746000,16354800,KSQ
1520,105740,KR7105740005,디케이락,KOSDAQ,우량기업부,7860,2,-110,-1.38,7850,7990,7770,52080,407998850,79924512180,10168513,KSQ
1521,069730,KR7069730000,DSR제강,KOSPI,,5550,2,-80,-1.42,5540,5590,5460,24907,137399740,79920000000,14400000,STK
1522,0117P0,KR70117P0005,피스피스스튜디오,KOSDAQ,중견기업부,5640,1,70,1.26,5540,5690,5470,125243,698531445,79912658040,14168911,KSQ
1523,045970,KR7045970001,코아시아,KOSDAQ,중견기업부,3035,2,-125,-3.96,3160,3160,2970,67616,205843063,79865648660,26314876,KSQ
1524,058400,KR7058400003,KNN,KOSDAQ,우량기업부,6030,1,40,0.67,5990,6040,5960,7711,46294110,79855121160,13242972,KSQ
1525,104460,KR7104460001,디와이피엔에프,KOSDAQ,우량기업부,7580,1,40,0.53,7560,7640,7490,4013,30330750,79727205580,10518101,KSQ
1526,015590,KR7015590003,DKME,KOSPI,,1492,1,151,11.26,1350,1630,1350,720971,1072110164,79667291536,53396308,STK
1527,048910,KR7048910004,대원미디어,KOSDAQ,우량기업부,6320,1,150,2.43,6130,6340,6130,30519,189905025,79498938720,12578946,KSQ
1528,217190,KR7217190008,제너셈,KOSDAQ,벤처기업부,6040,1,100,1.68,5940,6200,5830,60242,361343260,79448716440,13153761,KSQ
1529,089230,KR7089230007,THE E&M,KOSDAQ,중견기업부,2010,1,11,0.55,2010,2105,2000,173499,353547500,79236921540,39421354,KSQ
1530,950250,KR8826050005,테라뷰,KOSDAQ,기술성장기업부,2230,2,-10,-0.45,2295,2295,2200,91051,203028344,79204540130,35517731,KSQ
1531,163560,KR7163560006,동일고무벨트,KOSPI,,5690,1,30,0.53,5700,5710,5620,22943,129957790,79091000000,13900000,STK
1532,053280,KR7053280004,예스24,KOSDAQ,중견기업부,3155,2,-5,-0.16,3130,3165,3130,6866,21550680,78875000000,25000000,KSQ
1533,175250,KR7175250000,아이큐어,KOSDAQ,관리종목(소속부없음),2100,2,-10,-0.47,2080,2240,1778,1824278,3527685395,78872572800,37558368,KSQ
1534,009180,KR7009180001,한솔로지스틱스,KOSPI,,2800,1,15,0.54,2805,2805,2760,25828,71847075,78836310000,28155825,STK
1535,321370,KR7321370009,센서뷰,KOSDAQ,기술성장기업부,1116,1,48,4.49,1080,1119,1059,1109082,1209579450,78814432116,70622251,KSQ
1536,066700,KR7066700006,테라젠이텍스,KOSDAQ,중견기업부,2120,3,0,0.0,2115,2130,2085,47072,99169755,78763037120,37152376,KSQ
1537,001260,KR7001260009,남광토건,KOSPI,,8000,1,50,0.63,7890,8120,7770,25128,199221465,78660576000,9832572,STK
1538,004840,KR7004840005,DRB동일,KOSPI,,4080,1,10,0.25,4070,4085,4025,18035,73203620,78631245120,19272364,STK
1539,005750,KR7005750005,대림바스,KOSPI,,4735,1,15,0.32,4720,4745,4675,25099,118205440,78564256400,16592240,STK
1540,011370,KR7011370004,서한,KOSDAQ,우량기업부,3890,1,55,1.43,3845,3900,3805,12676,48775731,78496204970,20178973,KSQ
1541,337930,KR7337930002,젝시믹스,KOSDAQ,우량기업부,2645,1,40,1.54,2605,2665,2600,61717,161684322,78494276375,29676475,KSQ
1542,381620,KR7381620004,제닉스로보틱스,KOSDAQ,중견기업부,5980,1,300,5.28,5700,6080,5700,52962,315437640,78445161600,13117920,KSQ
1543,000850,KR7000850008,화천기공,KOSPI,,35650,1,250,0.71,35850,36050,35100,8803,312423225,78430000000,2200000,STK
1544,251120,KR7251120002,바이오에프디엔씨,KOSDAQ,기술성장기업부,9000,1,130,1.47,9070,9070,8710,5071,44802770,78261300000,8695700,KSQ
1545,038680,KR7038680005,에스넷,KOSDAQ,우량기업부,3930,2,-10,-0.25,3935,3960,3830,93183,363170390,78256683060,19912642,KSQ
1546,012700,KR7012700001,리드코프,KOSDAQ,우량기업부,2985,1,15,0.51,3015,3015,2975,5133,15340850,78191633220,26194852,KSQ
1547,282620,KR7282620004,기도산업,KOSDAQ,중견기업부,13300,1,430,3.34,12870,13400,12850,153550,2023135715,77947403100,5860707,KSQ
1548,045660,KR7045660008,에이텍,KOSDAQ,우량기업부,9420,1,180,1.95,9160,9450,9160,7111,66457720,77809200000,8260000,KSQ
1549,487580,KR7487580003,폴레드,KOSDAQ,벤처기업부,3085,1,20,0.65,3095,3125,3040,117230,361480340,77689126185,25182861,KSQ
1550,039980,KR7039980008,폴라리스AI,KOSDAQ,중견기업부,5400,1,80,1.5,5440,5530,5340,285992,1551074925,77658555600,14381214,KSQ
1551,0011A0,KR70011A0009,액스비스,KOSDAQ,벤처기업부,8320,1,380,4.79,7940,8340,7940,24669,202171135,77656716800,9333740,KSQ
1552,004770,KR7004770004,써니전자,KOSPI,,2185,1,100,4.8,2055,2280,2025,4094945,8980268490,77583752030,35507438,STK
1553,094860,KR7094860004,네오리진,KOSDAQ,중견기업부,1460,1,19,1.32,1442,1463,1432,115915,168259532,77540620440,53110014,KSQ
1554,007820,KR7007820004,엠엑스로보틱스,KOSDAQ,중견기업부,3870,1,170,4.59,3770,3920,3755,208182,800319712,77531371020,20033946,KSQ
1555,115440,KR7115440000,우리넷,KOSDAQ,우량기업부,7180,1,270,3.91,7000,7190,6980,36932,262088410,77503016560,10794292,KSQ
1556,124560,KR7124560004,태웅로직스,KOSDAQ,우량기업부,2000,2,-5,-0.25,2000,2010,1982,14400,28640463,77441622000,38720811,KSQ
1557,000590,KR7000590000,CS홀딩스,KOSPI,,66900,1,200,0.3,66700,66900,66300,39,2606300,77234845800,1154482,STK
1558,024880,KR7024880007,케이피에프,KOSDAQ,우량기업부,3870,1,60,1.57,3840,3870,3800,13829,53019520,77174084880,19941624,KSQ
1559,347890,KR7347890006,엠엑스온,KOSDAQ,벤처기업부,4535,1,40,0.89,4490,4560,4475,7489,33932325,77154880140,17013204,KSQ
1560,142280,KR7142280007,녹십자엠에스,KOSDAQ,중견기업부,3215,1,80,2.55,3150,3275,3110,594071,1906326568,77041144665,23963031,KSQ
1561,100130,KR7100130004,동국S&C,KOSDAQ,중견기업부,1348,1,8,0.6,1340,1378,1332,102036,136976662,77028764000,57143000,KSQ
1562,065510,KR7065510000,휴비츠,KOSDAQ,우량기업부,7080,1,30,0.43,7070,7080,6970,7877,55536770,77015496600,10877895,KSQ
1563,263800,KR7263800005,데이타솔루션,KOSDAQ,중견기업부,4745,1,135,2.93,4620,4805,4610,174462,824004155,76989428100,16225380,KSQ
1564,0017J0,KR70017J0004,세미티에스,KOSDAQ,벤처기업부,2545,1,5,0.2,2550,2610,2515,159543,408021020,76734399345,30151041,KSQ
1565,451250,KR7451250005,삐아,KOSDAQ,벤처기업부,7500,1,20,0.27,7300,7850,7300,9358,70573540,76694077500,10225877,KSQ
1566,225530,KR7225530005,HC보광산업,KOSDAQ,우량기업부,2110,2,-5,-0.24,2115,2130,2090,5054,10673360,76674713970,36338727,KSQ
1567,487400,KR7487400004,케이앤에스아이앤씨,KOSDAQ,기술성장기업부,7470,1,330,4.62,7180,7760,7170,293839,2191638025,76648788540,10260882,KSQ
1568,030960,KR7030960009,양지사,KOSDAQ,중견기업부,4790,1,240,5.27,4580,4915,4520,156287,743207190,76544200000,15980000,KSQ
1569,058630,KR7058630005,엠게임,KOSDAQ,우량기업부,4075,1,65,1.62,4015,4075,4005,47101,190745878,76498239050,18772574,KSQ
1570,261780,KR7261780001,아리바이오랩,KOSDAQ,기술성장기업부,2635,1,40,1.54,2595,2655,2520,257575,670537069,76298996760,28955976,KSQ
1571,010960,KR7010960003,삼호개발,KOSPI,,3160,1,5,0.16,3170,3205,3110,89015,279911300,76219200000,24120000,STK
1572,382840,KR7382840007,원준,KOSDAQ,중견기업부,4990,1,60,1.22,4895,5180,4895,19683,99408825,76205189190,15271581,KSQ
1573,004590,KR7004590006,한국가구,KOSDAQ,중견기업부,5080,1,80,1.6,4995,5090,4995,29199,147505925,76200000000,15000000,KSQ
1574,290660,KR7290660000,다이나믹솔루션,KOSDAQ,기술성장기업부,1777,1,84,4.96,1715,1840,1695,840983,1490280903,76122926976,42837888,KSQ
1575,007590,KR7007590003,동방아그로,KOSPI,,5590,3,0,0.0,5600,5650,5570,1280,7150390,76122255430,13617577,STK
1576,073640,KR7073640005,테라사이언스,KOSDAQ,관리종목(소속부없음),654,0,0,0.0,0,0,0,0,0,76111715580,116378770,KSQ
1577,246960,KR7246960009,SCL사이언스,KOSDAQ,기술성장기업부,2235,2,-20,-0.89,2255,2380,2205,41833,93989717,76028100045,34017047,KSQ
1578,456570,KR7456570001,아이엠지티,KONEX,일반기업부,14440,3,0,0.0,13500,14500,13500,201,2904420,76023769760,5264804,KNX
1579,294630,KR7294630009,서남,KOSDAQ,기술성장기업부,2865,1,135,4.95,2800,2870,2740,129421,366159374,75920147835,26499179,KSQ
1580,365330,KR7365330000,에스와이스틸텍,KOSDAQ,우량기업부,1509,1,14,0.94,1509,1526,1477,273381,409593776,75708039000,50171000,KSQ
1581,463020,KR7463020008,뉴엔AI,KOSDAQ,기술성장기업부,8420,1,220,2.68,8270,8600,8230,44948,379789730,75672224000,8987200,KSQ
1582,078890,KR7078890001,가온그룹,KOSDAQ,중견기업부,4105,1,75,1.86,4050,4135,4000,37046,150550365,75634391015,18424943,KSQ
1583,041930,KR7041930009,SY동아,KOSDAQ,우량기업부,4975,2,-25,-0.5,5000,5060,4880,108451,536077448,75620000000,15200000,KSQ
1584,047820,KR7047820006,초록뱀미디어,KOSDAQ,중견기업부,3085,2,-5,-0.16,3090,3135,3065,6072,18775517,75440374050,24453930,KSQ
1585,084680,KR7084680008,이월드,KOSPI,,531,2,-17,-3.1,550,563,527,225116,121735916,75299088483,141806193,STK
1586,011700,KR7011700002,한신기계,KOSPI,,2320,1,30,1.31,2305,2340,2280,92240,213920135,75275070320,32446151,STK
1587,412350,KR7412350001,레이저쎌,KOSDAQ,기술성장기업부,5150,2,-150,-2.83,5330,5390,5100,294680,1537529250,75205671450,14603043,KSQ
1588,060590,KR7060590007,씨티씨바이오,KOSDAQ,중견기업부,3110,1,50,1.63,3060,3165,3045,48055,148706097,75202972200,24181020,KSQ
1589,417790,KR7417790003,트루엔,KOSDAQ,벤처기업부,7180,1,50,0.7,7140,7210,7070,21811,155832600,75163047380,10468391,KSQ
1590,032540,KR7032540007,TJ미디어,KOSDAQ,우량기업부,3595,1,105,3.01,3485,3620,3410,10887,39023055,75126199735,20897413,KSQ
1591,210980,KR7210980009,SK디앤디,KOSPI,,4035,2,-85,-2.06,4125,4350,4035,602338,2507043821,75121136370,18617382,STK
1592,208140,KR7208140004,정다운,KOSDAQ,우량기업부,2290,2,-10,-0.43,2280,2305,2280,12445,28509145,74846923340,32684246,KSQ
1593,063160,KR7063160006,종근당바이오,KOSPI,,13640,1,40,0.29,13850,13850,13590,1394,19002240,74828521680,5485962,STK
1594,014160,KR7014160006,대영포장,KOSPI,,690,1,5,0.73,685,690,667,135900,92592979,74792238810,108394549,STK
1595,140070,KR7140070004,서플러스글로벌,KOSDAQ,벤처기업부,2020,1,22,1.1,2010,2040,1957,52321,104151716,74715760000,36988000,KSQ
1596,900300,HK0000312568,오가닉티코스메틱,KOSDAQ,외국기업(소속부없음),3630,2,-215,-5.59,3850,3890,3480,178180,643595565,74705752110,20580097,KSQ
1597,173130,KR7173130006,오파스넷,KOSDAQ,중견기업부,5720,1,120,2.14,5560,5730,5560,27233,154317610,74625825560,13046473,KSQ
1598,088390,KR7088390000,이녹스,KOSDAQ,중견기업부,7950,2,-100,-1.24,8030,8060,7850,2930,23288210,74617459800,9385844,KSQ
1599,253840,KR7253840003,수젠텍,KOSDAQ,중견기업부,4450,1,135,3.13,4265,4450,4255,208043,909893122,74507240000,16743200,KSQ
1600,475430,KR7475430005,키스트론,KOSDAQ,중견기업부,4170,1,125,3.09,4100,4205,4080,53286,221611689,74426618700,17848110,KSQ
1601,052900,KR7052900008,KX하이텍,KOSDAQ,우량기업부,968,1,18,1.89,967,969,950,423129,405954280,74214711120,76668090,KSQ
1602,000440,KR7000440008,중앙에너비스,KOSDAQ,중견기업부,11900,1,290,2.5,11620,11970,11620,23257,275184685,74102847000,6227130,KSQ
1603,128660,KR7128660008,피제이메탈,KOSDAQ,우량기업부,2985,2,-5,-0.17,3020,3020,2975,52934,158078948,74038056465,24803369,KSQ
1604,371950,KR7371950007,풍원정밀,KOSDAQ,기술성장기업부,3250,3,0,0.0,3380,3380,3200,22323,72524410,74033927500,22779670,KSQ
1605,017480,KR7017480005,삼현철강,KOSDAQ,우량기업부,4780,2,-65,-1.34,4800,4810,4730,16561,78841280,73817014200,15442890,KSQ
1606,085670,KR7085670008,뉴프렉스,KOSDAQ,우량기업부,3010,1,70,2.38,2940,3030,2920,32605,97078840,73747290610,24500761,KSQ
1607,265560,KR7265560003,영화테크,KOSDAQ,우량기업부,6890,1,50,0.73,6840,6900,6840,5484,37615090,73655340200,10690180,KSQ
1608,170030,KR7170030001,현대공업,KOSDAQ,우량기업부,4795,1,60,1.27,4760,4810,4720,13319,63396790,73555300000,15340000,KSQ
1609,067370,KR7067370007,선바이오,KOSDAQ,기술성장기업부,6020,2,-70,-1.15,6050,6150,5930,13300,80342570,73527322820,12213841,KSQ
1610,338220,KR7338220007,뷰노,KOSDAQ,기술성장기업부,5250,1,30,0.57,5270,5460,5000,57124,299331270,73509570750,14001823,KSQ
1611,020710,KR7020710000,시공테크,KOSDAQ,우량기업부,3665,1,30,0.83,3640,3690,3605,50305,183680870,73475810050,20047970,KSQ
1612,058730,KR7058730003,다스코,KOSPI,,3625,2,-80,-2.16,3740,3830,3550,1301394,4781993474,73410784875,20251251,STK
1613,013870,KR7013870001,지엠비코리아,KOSPI,,3845,1,5,0.13,3840,3930,3840,3822,14728665,73332916600,19072280,STK
1614,303810,KR7303810006,동국생명과학,KOSDAQ,중견기업부,2280,2,-5,-0.22,2300,2300,2260,33810,76967256,72923839200,31984140,KSQ
1615,389140,KR7389140005,포바이포,KOSDAQ,벤처기업부,5100,1,200,4.08,5000,5140,4905,25079,125831682,72775648500,14269735,KSQ
1616,000230,KR7000230003,일동홀딩스,KOSPI,,6300,3,0,0.0,6300,6300,6100,50985,314964175,72704520000,11540400,STK
1617,000180,KR7000180000,성창기업지주,KOSPI,,5210,1,20,0.39,5260,5270,5140,5198,26977085,72681167200,13950320,STK
1618,011320,KR7011320009,유니크,KOSDAQ,우량기업부,3760,1,25,0.67,3800,3800,3695,1189,4440655,72645813200,19320695,KSQ
1619,228670,KR7228670006,레이,KOSDAQ,벤처기업부,4640,2,-155,-3.23,4795,4815,4600,38997,182030604,72569697440,15640021,KSQ
1620,012790,KR7012790002,신일제약,KOSDAQ,우량기업부,6050,1,30,0.5,6020,6110,5960,13745,83037570,72517810750,11986415,KSQ
1621,054040,KR7054040001,한국컴퓨터,KOSDAQ,우량기업부,4505,1,30,0.67,4495,4535,4475,9594,43046436,72401161450,16071290,KSQ
1622,002720,KR7002720001,국제약품,KOSPI,,3415,1,30,0.89,3415,3430,3355,25127,85469980,72260826280,21159832,STK
1623,171120,KR7171120009,라이온켐텍,KOSDAQ,우량기업부,2010,1,10,0.5,2015,2015,1998,27997,56049789,72162537600,35901760,KSQ
1624,010280,KR7010280006,아이티센엔텍,KOSDAQ,우량기업부,5540,1,180,3.36,5400,5580,5360,24020,132245930,72157153780,13024757,KSQ
1625,080010,KR7080010002,이상네트웍스,KOSDAQ,중견기업부,7320,2,-80,-1.08,7370,7400,7150,4277,30973555,71992719720,9835071,KSQ
1626,019540,KR7019540004,일지테크,KOSDAQ,우량기업부,5320,1,40,0.76,5330,5370,5250,45598,241873730,71891820000,13513500,KSQ
1627,234920,KR7234920007,자이글,KOSDAQ,관리종목(소속부없음),5310,0,0,0.0,0,0,0,0,0,71849132100,13530910,KSQ
1628,338100,KR7338100001,NH프라임리츠,KOSPI,,3850,3,0,0.0,3835,3855,3815,21093,80827242,71841000000,18660000,STK
1629,347000,KR7347000002,센코,KOSDAQ,기술성장기업부,1900,1,17,0.9,1886,1920,1871,82778,157279271,71840607400,37810846,KSQ
1630,095720,KR7095720009,웅진씽크빅,KOSPI,,1261,2,-9,-0.71,1270,1280,1260,15603,19774279,71658954185,56827085,STK
1631,011150,KR7011150000,CJ씨푸드,KOSPI,,1994,2,-11,-0.55,1991,2010,1991,31198,62363835,71645961362,35930773,STK
1632,109860,KR7109860007,동일금속,KOSDAQ,우량기업부,7870,1,570,7.81,7300,7870,7270,1318,10170870,71617000000,9100000,KSQ
1633,076610,KR7076610005,해성옵틱스,KOSDAQ,벤처기업부,1209,1,18,1.51,1191,1217,1174,485762,582330836,71616541620,59236180,KSQ
1634,092040,KR7092040005,아미코젠,KOSDAQ,기술성장기업부,1013,1,27,2.74,981,1024,981,401260,403815566,71573907031,70655387,KSQ
1635,155660,KR7155660004,DSR,KOSPI,,4470,2,-25,-0.56,4495,4510,4425,25104,111939889,71520000000,16000000,STK
1636,052460,KR7052460003,아이크래프트,KOSDAQ,벤처기업부,4890,1,340,7.47,4550,4975,4550,341769,1641415849,71432807040,14607936,KSQ
1637,439580,KR7439580002,블루엠텍,KOSDAQ,기술성장기업부,2110,1,114,5.71,1996,2190,1971,211472,442633208,71416214170,33846547,KSQ
1638,299660,KR7299660001,셀리드,KOSDAQ,기술성장기업부,2415,1,10,0.42,2430,2475,2320,787841,1893353392,71249689455,29502977,KSQ
1639,002795,KR7002791002,아모레퍼시픽홀딩스우,KOSPI,,11160,2,-10,-0.09,11140,11160,11060,3100,34458755,71213879520,6381172,STK
1640,214260,KR7214260002,라파스,KOSDAQ,기술성장기업부,7980,1,10,0.13,8060,8060,7700,10428,81579585,71201254740,8922463,KSQ
1641,332370,KR7332370006,아이디피,KOSDAQ,벤처기업부,5360,2,-140,-2.55,5500,5510,5360,1478,8123095,71147171360,13273726,KSQ
1642,302430,KR7302430004,이노메트리,KOSDAQ,벤처기업부,7230,1,20,0.28,7270,7800,7200,211135,1572777985,71094093840,9833208,KSQ
1643,041910,KR7041910001,폴라리스AI파마,KOSDAQ,우량기업부,5350,1,20,0.38,5300,5380,5270,18687,99544565,71065922500,13283350,KSQ
1644,067570,KR7067570002,엔브이에이치코리아,KOSDAQ,중견기업부,1683,2,-2,-0.12,1685,1701,1675,115339,194545648,70972110000,42170000,KSQ
1645,277880,KR7277880001,티에스아이,KOSDAQ,우량기업부,3575,3,0,0.0,3680,3750,3575,47513,171953997,70939482900,19843212,KSQ
1646,007610,KR7007610009,선도전기,KOSPI,,3940,1,70,1.81,3930,3985,3755,70235,276251517,70920000000,18000000,STK
1647,067170,KR7067170001,오텍,KOSDAQ,중견기업부,2580,2,-75,-2.82,2680,2745,2580,211341,560655952,70848980100,27460845,KSQ
1648,054620,KR7054620000,APS,KOSDAQ,중견기업부,3850,1,145,3.91,3800,3900,3675,31111,118588490,70817750850,18394221,KSQ
1649,024830,KR7024830002,세원물산,KOSDAQ,중견기업부,8480,2,-190,-2.19,8600,8620,8410,441,3752610,70808000000,8350000,KSQ
1650,009770,KR7009770009,삼정펄프,KOSPI,,28300,1,350,1.25,27950,28350,27750,1124,31448900,70749179300,2499971,STK
1651,084730,KR7084730001,팅크웨어,KOSDAQ,중견기업부,6360,1,70,1.11,6260,6360,6160,85459,534440330,70655936640,11109424,KSQ
1652,048430,KR7048430003,유라테크,KOSDAQ,우량기업부,6130,2,-200,-3.16,6470,6470,6080,81255,508715400,70617600000,11520000,KSQ
1653,006140,KR7006140008,피제이전자,KOSDAQ,우량기업부,4750,1,100,2.15,4650,4755,4600,35308,165789944,70608750000,14865000,KSQ
1654,001560,KR7001560002,제일연마,KOSPI,,9280,1,110,1.2,9180,9290,9150,2266,21006040,70528000000,7600000,STK
1655,0218L0,KR70218L0007,네오뷰,KOSDAQ,중견기업부,13350,1,350,2.69,12910,13450,12830,13903,183186210,70436936250,5276175,KSQ
1656,153710,KR7153710009,옵티팜,KOSDAQ,기술성장기업부,4795,2,-20,-0.42,4830,4830,4770,3001,14419940,70342448610,14669958,KSQ
1657,031820,KR7031820004,아이티센씨티에스,KOSPI,,5800,1,80,1.4,5750,5920,5750,9284,54127115,70209846800,12105146,STK
1658,234030,KR7234030005,싸이닉솔루션,KOSDAQ,중견기업부,2970,1,20,0.68,2905,3025,2905,34799,102759285,70106850000,23605000,KSQ
1659,377480,KR7377480009,마음AI,KOSDAQ,기술성장기업부,9850,1,290,3.03,9560,9890,9560,23465,229569660,70036208750,7110275,KSQ
1660,002800,KR7002800001,신신제약,KOSDAQ,우량기업부,4610,1,50,1.1,4605,4700,4515,47886,220459625,69936005000,15170500,KSQ
1661,217330,KR7217330000,싸이토젠,KOSDAQ,기술성장기업부,3015,3,0,0.0,3005,3045,2965,55162,165729269,69735584205,23129547,KSQ
1662,137080,KR7137080008,나래나노텍,KOSDAQ,중견기업부,6500,1,200,3.17,6300,6590,6300,9005,58228100,69614668500,10709949,KSQ
1663,270520,KR7270520000,앱튼,KOSDAQ,투자주의환기종목(소속부없음),3005,1,235,8.48,2750,3090,2540,265741,719764069,69592536570,23158914,KSQ
1664,043610,KR7043610005,KT지니뮤직,KOSDAQ,중견기업부,1197,1,17,1.44,1164,1200,1163,33787,39585179,69564179286,58115438,KSQ
1665,004720,KR7004720009,팜젠사이언스,KOSPI,,3070,2,-70,-2.23,3130,3145,3050,23614,72626115,69548900550,22654365,STK
1666,168330,KR7168330009,내츄럴엔도텍,KOSDAQ,투자주의환기종목(소속부없음),2190,1,110,5.29,2080,2190,2055,12704,27207365,69543231000,31754900,KSQ
1667,120115,KR7120111000,코오롱인더우,KOSPI,,25050,2,-300,-1.18,25200,25350,24900,5560,138991325,69334893000,2767860,STK
1668,212710,KR7212710008,아이에스티이,KOSDAQ,기술성장기업부,7130,1,130,1.86,7250,7250,6850,43032,303015330,69267793140,9714978,KSQ
1669,0156T0,KR70156T0003,에이치엘지노믹스,KOSDAQ,중견기업부,8900,1,100,1.14,8810,9180,8720,89794,802890005,69261232900,7782161,KSQ
1670,331380,KR7331380006,포커스에이아이,KOSDAQ,투자주의환기종목(소속부없음),1892,1,9,0.48,1900,1949,1881,13309,25368802,69173158472,36560866,KSQ
1671,320000,KR7320000003,한울반도체,KOSDAQ,중견기업부,10000,2,-80,-0.79,10330,10890,9900,226510,2305924050,69136700000,6913670,KSQ
1672,196490,KR7196490007,디에이테크놀로지,KOSDAQ,투자주의환기종목(소속부없음),6090,0,0,0.0,0,0,0,0,0,69131518050,11351645,KSQ
1673,096350,KR7096350004,대창솔루션,KOSDAQ,벤처기업부,1875,2,-4,-0.21,1875,1884,1831,161226,300296795,69102678750,36854762,KSQ
1674,457600,KR7457600005,벡트,KOSDAQ,벤처기업부,5040,2,-230,-4.36,5250,5370,4365,393609,1888902400,69085800000,13707500,KSQ
1675,111710,KR7111710000,남화산업,KOSDAQ,중견기업부,3355,1,45,1.36,3380,3465,3220,135615,454491162,69072740000,20588000,KSQ
1676,110790,KR7110790003,크리스에프앤씨,KOSDAQ,우량기업부,2945,2,-20,-0.67,2965,2965,2885,3517,10242630,69004177200,23430960,KSQ
1677,0155E0,KR70155E0001,해치텍,KOSDAQ,기술성장기업부,12560,1,220,1.78,12430,13580,12100,1491641,19127163150,68918604000,5487150,KSQ
1678,084670,KR7084670009,동양고속,KOSPI,,23800,1,500,2.15,24000,24000,23150,5079,119730650,68914542200,2895569,STK
1679,004440,KR7004440004,삼일씨엔에스,KOSPI,,5390,1,70,1.32,5270,5400,5250,14284,75929820,68625194330,12731947,STK
1680,417970,KR7417970001,모델솔루션,KOSDAQ,우량기업부,10700,1,420,4.09,10380,10840,10330,8415,89396925,68444690000,6396700,KSQ
1681,039010,KR7039010004,현대에이치티,KOSDAQ,우량기업부,7930,1,390,5.17,7510,8060,7510,86753,685415290,68396250000,8625000,KSQ
1682,002700,KR7002700003,신일전자,KOSPI,,997,1,5,0.5,992,999,986,380602,377996255,68341878437,68547521,STK
1683,079980,KR7079980009,휴비스,KOSPI,,1980,2,-20,-1.0,2010,2020,1971,34927,69200984,68310000000,34500000,STK
1684,033130,KR7033130006,디지틀조선,KOSDAQ,중견기업부,1840,1,2,0.11,1838,1881,1817,23023,42409320,68292091280,37115267,KSQ
1685,083790,KR7083790006,CG인바이츠,KOSDAQ,벤처기업부,888,1,45,5.34,855,900,826,135742,116713144,68282033616,76894182,KSQ
1686,179530,KR7179530001,애드바이오텍,KOSDAQ,기술성장기업부,2515,3,0,0.0,2500,2605,2400,119446,297260216,68199866145,27117243,KSQ
1687,014950,KR7014950000,삼익제약,KOSDAQ,벤처기업부,6760,1,1090,19.22,5700,7370,5550,8794893,60048296980,68056894880,10067588,KSQ
1688,049550,KR7049550007,잉크테크,KOSDAQ,우량기업부,3470,2,-5,-0.14,3475,3530,3305,8214,28248155,68033781190,19606277,KSQ
1689,360070,KR7360070007,탑머티리얼,KOSDAQ,중견기업부,8290,1,10,0.12,8240,8530,8240,6310,52940080,67912036470,8192043,KSQ
1690,038460,KR7038460002,바이오스마트,KOSDAQ,우량기업부,2685,1,40,1.51,2645,2690,2635,60580,161171731,67862145270,25274542,KSQ
1691,061040,KR7061040002,알에프텍,KOSDAQ,중견기업부,7500,1,120,1.63,7390,7500,7240,6650,49107300,67861672500,9048223,KSQ
1692,024740,KR7024740003,한일단조,KOSDAQ,우량기업부,2060,1,5,0.24,2035,2080,2005,76073,155983913,67767920940,32897049,KSQ
1693,041460,KR7041460007,한국전자인증,KOSDAQ,중견기업부,3560,1,80,2.3,3500,3575,3500,25365,90057820,67640000000,19000000,KSQ
1694,222110,KR7222110009,팬젠,KOSDAQ,기술성장기업부,4995,1,25,0.5,4980,5000,4950,738,3678645,67504972455,13514509,KSQ
1695,072950,KR7072950009,빛샘전자,KOSDAQ,벤처기업부,8380,1,200,2.44,8260,8480,8200,111160,928974295,67480871800,8052610,KSQ
1696,010040,KR7010040004,한국내화,KOSPI,,1643,1,3,0.18,1640,1699,1577,42631,70186077,67473182866,41067062,STK
1697,460940,KR7460940000,피앤에스로보틱스,KOSDAQ,기술성장기업부,5010,1,150,3.09,4895,5160,4895,53834,274282465,67410952800,13455280,KSQ
1698,0015S0,KR70015S0005,페스카로,KOSDAQ,기술성장기업부,6830,1,160,2.4,6670,6970,6670,6703,46147310,67389765900,9866730,KSQ
1699,085310,KR7085310001,엔케이,KOSPI,,9080,3,0,0.0,9400,9400,8990,2228,20203095,67356111920,7418074,STK
1700,026150,KR7026150003,특수건설,KOSDAQ,중견기업부,3835,1,25,0.66,3795,3905,3790,14982,57571686,67290179385,17546331,KSQ
1701,396270,KR7396270001,넥스트칩,KOSDAQ,벤처기업부,2045,1,145,7.63,1905,2065,1892,169351,342055633,67254796395,32887431,KSQ
1702,018500,KR7018500009,동원모빌리티,KOSPI,,1438,1,8,0.56,1460,1460,1420,24987,35707694,67233593654,46754933,STK
1703,0220WL,KR70220WK021,한화머시너리앤서비스홀딩스3우B,KOSPI,,2835,1,145,5.39,2690,2885,2630,990080,2749009078,67016961900,23639140,STK
1704,010660,KR7010660009,화천기계,KOSPI,,3040,1,150,5.19,2895,3095,2895,205035,617781223,66880000000,22000000,STK
1705,017370,KR7017370008,우신시스템,KOSPI,,3650,2,-20,-0.54,3670,3685,3475,45818,161506382,66846297100,18314054,STK
1706,388870,KR7388870008,파로스아이바이오,KOSDAQ,기술성장기업부,5160,1,80,1.57,5190,5230,5050,30811,158095010,66801009120,12945932,KSQ
1707,004780,KR7004780003,대륙제관,KOSDAQ,우량기업부,4200,1,35,0.84,4190,4210,4150,26826,112543470,66793435800,15903199,KSQ
1708,036000,KR7036000008,예림당,KOSDAQ,중견기업부,2895,2,-20,-0.69,2915,2940,2880,12236,35501427,66684231915,23034277,KSQ
1709,104040,KR7104040001,디에스엠,KOSDAQ,벤처기업부,2485,2,-15,-0.6,2475,2595,2400,22682,55957450,66631709025,26813565,KSQ
1710,096250,KR7096250006,와이즈넛,KOSDAQ,기술성장기업부,5630,1,160,2.93,5470,5670,5470,14246,79466195,66517780030,11814881,KSQ
1711,389030,KR7389030008,지니너스,KOSDAQ,기술성장기업부,1688,2,-22,-1.29,1710,1762,1661,556349,943281285,66494153448,39392271,KSQ
1712,007280,KR7007280001,한국특강,KOSPI,,2320,2,-45,-1.9,2380,2390,2310,14959,34983515,66459972800,28646540,STK
1713,100030,KR7100030006,인지소프트,KOSDAQ,중견기업부,20200,1,100,0.5,20200,20400,20000,11489,231542850,66331022800,3283714,KSQ
1714,122350,KR7122350002,삼기,KOSDAQ,중견기업부,1730,1,81,4.91,1660,1785,1660,2011705,3469955051,66327210440,38339428,KSQ
1715,054300,KR7054300009,팬스타엔터프라이즈,KOSDAQ,벤처기업부,1145,1,3,0.26,1137,1148,1100,263343,294926581,66262232025,57870945,KSQ
1716,950200,KR8840150005,소마젠,KOSDAQ,외국기업(소속부없음),3440,3,0,0.0,3465,3665,3370,228202,786239772,66172022320,19236053,KSQ
1717,221800,KR7221800006,지구홀딩스,KOSDAQ,투자주의환기종목(소속부없음),4050,1,50,1.25,4095,4130,3980,45185,183126180,66091346550,16318851,KSQ
1718,049080,KR7049080005,기가레인,KOSDAQ,벤처기업부,7740,1,70,0.91,7660,7940,7630,141263,1096180005,65699705160,8488334,KSQ
1719,014990,KR7014990006,인디에프,KOSPI,,4360,1,5,0.11,4250,4570,4150,736898,3203756349,65498531640,15022599,STK
1720,451220,KR7451220008,아이엠티,KOSDAQ,기술성장기업부,8310,1,250,3.1,8240,8410,8070,9326,76793015,65438017410,7874611,KSQ
1721,064800,KR7064800006,포니링크,KOSDAQ,중견기업부,2555,2,-45,-1.73,2580,2615,2415,142410,359327771,65309527745,25561459,KSQ
1722,014970,KR7014970008,삼륭물산,KOSDAQ,중견기업부,4400,2,-15,-0.34,4450,4485,4330,6890,30372945,65230000000,14825000,KSQ
1723,123420,KR7123420002,위메이드플레이,KOSDAQ,우량기업부,6270,1,60,0.97,6170,6310,6170,5830,36540780,65214527070,10401041,KSQ
1724,066310,KR7066310004,큐에스아이,KOSDAQ,벤처기업부,7030,1,130,1.88,6930,7200,6930,16729,117095400,65179495630,9271621,KSQ
1725,241690,KR7241690007,유니테크노,KOSDAQ,우량기업부,2660,2,-25,-0.93,2715,2715,2615,24400,64397775,65092077960,24470706,KSQ
1726,005670,KR7005670005,푸드웰,KOSDAQ,우량기업부,6490,1,130,2.04,6310,6490,6310,16698,107451595,64900000000,10000000,KSQ
1727,081150,KR7081150005,티플랙스,KOSDAQ,중견기업부,2670,1,10,0.38,2650,2710,2645,50332,134811315,64796633340,24268402,KSQ
1728,424960,KR7424960003,스마트레이더시스템,KOSDAQ,기술성장기업부,3930,2,-10,-0.25,3945,3945,3835,11193,43310702,64786482300,16485110,KSQ
1729,229500,KR7229500004,노브메타파마,KONEX,일반기업부,4985,1,95,1.94,5000,5000,4800,1704,8492755,64757577695,12990487,KNX
1730,100220,KR7100220003,비상교육,KOSPI,,4960,1,15,0.3,4945,4960,4910,6082,30101940,64463835360,12996741,STK
1731,0007J0,KR70007J0006,인벤테라,KOSDAQ,기술성장기업부,8190,1,300,3.8,7900,8190,7790,6791,54034945,64420197660,7865714,KSQ
1732,303360,KR7303360002,프로티아,KOSDAQ,기술성장기업부,5000,2,-240,-4.58,5200,5200,4970,43894,220492520,64398575000,12879715,KSQ
1733,187420,KR7187420005,HLB제넥스,KOSDAQ,기술성장기업부,1969,1,35,1.81,1934,1978,1906,101114,195847221,64277900643,32644947,KSQ
1734,483350,KR7483350005,딜리셔스,KOSDAQ,기술성장기업부,2900,1,120,4.32,2805,2940,2800,491811,1412437774,64245034000,22153460,KSQ
1735,411080,KR7411080005,샌즈랩,KOSDAQ,기술성장기업부,4205,1,100,2.44,4200,4460,4105,116775,495323589,64200417790,15267638,KSQ
1736,382480,KR7382480002,지아이텍,KOSDAQ,벤처기업부,1627,2,-1,-0.06,1628,1637,1611,43384,70201701,64034066780,39357140,KSQ
1737,016090,KR7016090003,대현,KOSPI,,1444,1,2,0.14,1442,1449,1442,12976,18758236,63943655640,44282310,STK
1738,459550,KR7459550000,알트,KOSDAQ,중견기업부,2535,2,-35,-1.36,2775,2795,2470,16918173,44603223979,63934629135,25220761,KSQ
1739,443250,KR7443250006,레뷰코퍼레이션,KOSDAQ,벤처기업부,5900,2,-90,-1.5,5900,6000,5820,6924,41013850,63777920300,10809817,KSQ
1740,457370,KR7457370005,한켐,KOSDAQ,중견기업부,7900,1,390,5.19,7610,8300,7520,509123,4054773345,63730358600,8067134,KSQ
1741,216050,KR7216050005,인크로스,KOSDAQ,중견기업부,5220,1,150,2.96,5070,5410,5040,41628,215298420,63676806840,12198622,KSQ
1742,043650,KR7043650001,국순당,KOSDAQ,중견기업부,3555,1,55,1.57,3520,3780,3460,97236,339170000,63486270720,17858304,KSQ
1743,331740,KR7331740001,아우토크립트,KOSDAQ,기술성장기업부,6510,1,140,2.2,6500,6600,6320,9005,57774340,63478951410,9750991,KSQ
1744,010240,KR7010240000,흥국,KOSDAQ,우량기업부,5400,1,10,0.19,5390,5410,5330,19677,105795280,63212400000,11706000,KSQ
1745,208370,KR7208370007,셀바스헬스케어,KOSDAQ,벤처기업부,2455,1,20,0.82,2420,2485,2400,27794,68059410,63193084620,25740564,KSQ
1746,147760,KR7147760003,피엠티,KOSDAQ,벤처기업부,3155,1,75,2.44,3245,3245,3105,38406,121068390,63100000000,20000000,KSQ
1747,071090,KR7071090005,하이스틸,KOSPI,,3125,1,35,1.13,3090,3275,3070,1052397,3335131588,63098346875,20191471,STK
1748,009200,KR7009200007,무림페이퍼,KOSPI,,1515,2,-4,-0.26,1542,1542,1513,9764,14845274,63038104650,41609310,STK
1749,068290,KR7068290006,삼성출판사,KOSPI,,6300,2,-30,-0.47,6360,6360,6230,6270,39278510,63000000000,10000000,STK
1750,032850,KR7032850000,비트컴퓨터,KOSDAQ,벤처기업부,3775,2,-15,-0.4,3790,3845,3750,17455,66256965,62752931075,16623293,KSQ
1751,136150,KR7136150000,원일티엔아이,KOSDAQ,벤처기업부,7480,1,140,1.91,7500,7500,7310,1953,14458920,62690104400,8381030,KSQ
1752,001840,KR7001840008,이화공영,KOSDAQ,관리종목(소속부없음),2215,0,0,0.0,0,0,0,0,0,62588831935,28256809,KSQ
1753,352910,KR7352910004,오비고,KOSDAQ,기술성장기업부,4950,1,180,3.77,4770,5000,4770,14341,70132057,62557119900,12637802,KSQ
1754,064240,KR7064240005,홈캐스트,KOSDAQ,벤처기업부,1800,1,48,2.74,1730,1840,1729,41501,73597770,62449651800,34694251,KSQ
1755,294090,KR7294090006,이오플로우,KOSDAQ,관리종목(소속부없음),1490,0,0,0.0,0,0,0,0,0,62295566450,41809105,KSQ
1756,048770,KR7048770002,TPC로보틱스,KOSDAQ,벤처기업부,3965,4,915,30.0,3120,3965,3120,1859689,7013697849,62242534315,15697991,KSQ
1757,039420,KR7039420005,케이엘넷,KOSDAQ,중견기업부,2710,2,-35,-1.28,2710,2770,2685,27103,73764735,62186353740,22946994,KSQ
1758,214330,KR7214330003,금호에이치티,KOSPI,,5910,1,60,1.03,5900,6100,5900,68039,407807760,61800450390,10456929,STK
1759,241790,KR7241790005,티이엠씨씨엔에스,KOSDAQ,우량기업부,6160,3,0,0.0,6200,6200,6080,18914,116015990,61616225440,10002634,KSQ
1760,089850,KR7089850002,유비벨록스,KOSDAQ,우량기업부,4175,1,40,0.97,4135,4180,4055,4199,17345290,61498580825,14730199,KSQ
1761,175140,KR7175140003,아고스,KOSDAQ,투자주의환기종목(소속부없음),2465,2,-15,-0.6,2485,2620,2410,12487,30779245,61487583645,24944253,KSQ
1762,191420,KR7191420009,테고사이언스,KOSDAQ,벤처기업부,7580,1,30,0.4,7550,7800,7330,1074,8101100,61464961720,8108834,KSQ
1763,396690,KR7396690000,미래에셋글로벌리츠,KOSPI,,1550,2,-10,-0.64,1565,1577,1500,254016,385746088,61389207000,39605940,STK
1764,456070,KR7456070002,이엔셀,KOSDAQ,기술성장기업부,5550,1,150,2.78,5420,5680,5390,10815,59053010,61213819350,11029517,KSQ
1765,037440,KR7037440005,희림,KOSDAQ,우량기업부,4385,1,100,2.33,4265,4385,4205,387263,1669731647,61050052875,13922475,KSQ
1766,002760,KR7002760007,보락,KOSPI,,1017,1,3,0.3,1013,1017,998,66244,66658478,60918300000,59900000,STK
1767,203400,KR7203400007,에이비온,KOSDAQ,관리종목(소속부없음),676,0,0,0.0,0,0,0,0,0,60908481504,90101304,KSQ
1768,291230,KR7291230001,컴투스엔,KOSDAQ,중견기업부,2535,3,0,0.0,2530,2535,2450,84571,211750221,60868470585,24011231,KSQ
1769,005870,KR7005870001,휴니드,KOSPI,,4300,2,-50,-1.15,4385,4410,4280,53963,233298599,60698864500,14116015,STK
1770,0004V0,KR70004V0003,엔비알모션,KOSDAQ,기술성장기업부,5510,1,510,10.2,5010,5860,5010,282843,1545776695,60667215840,11010384,KSQ
1771,053160,KR7053160008,프리엠스,KOSDAQ,중견기업부,10090,1,300,3.06,9790,10150,9710,13343,132596620,60540000000,6000000,KSQ
1772,000220,KR7000220004,유유제약,KOSPI,,3840,1,35,0.92,3805,4530,3775,2783025,11465026444,60470254080,15747462,STK
1773,050960,KR7050960004,수산아이앤티,KOSDAQ,벤처기업부,8950,1,50,0.56,8900,9000,8790,4019,35718150,60421450000,6751000,KSQ
1774,014470,KR7014470009,부방,KOSDAQ,벤처기업부,1006,2,-3,-0.3,1008,1010,979,58402,58510609,60412573560,60052260,KSQ
1775,060310,KR7060310000,3S,KOSDAQ,벤처기업부,1137,1,17,1.52,1135,1138,1100,45907,51206013,60328128480,53059040,KSQ
1776,053620,KR7053620001,태양,KOSDAQ,우량기업부,7000,2,-50,-0.71,7100,7100,6980,4155,29214930,60200000000,8600000,KSQ
1777,072130,KR7072130008,유엔젤,KOSPI,,4735,2,-60,-1.25,4835,4835,4725,15295,72616100,60112974690,12695454,STK
1778,365660,KR7365660000,레몬헬스케어,KOSDAQ,기술성장기업부,4465,2,-35,-0.78,4510,4725,4450,719457,3286378017,60079070935,13455559,KSQ
1779,039020,KR7039020003,이건홀딩스,KOSDAQ,중견기업부,2660,1,15,0.57,2640,2675,2640,8704,23109486,60075325940,22584709,KSQ
1780,059270,KR7059270009,해성에어로보틱스,KOSDAQ,기술성장기업부,5380,1,170,3.26,5210,5470,5210,38366,206851910,60069308620,11165299,KSQ
1781,094850,KR7094850005,참좋은여행,KOSDAQ,우량기업부,4285,1,75,1.78,4275,4285,4200,9502,40418710,59990000000,14000000,KSQ
1782,318160,KR7318160009,셀바이오휴먼텍,KOSDAQ,벤처기업부,6420,2,-30,-0.47,6590,6590,6420,14737,95354800,59946833460,9337513,KSQ
1783,016250,KR7016250003,SGC E&C,KOSDAQ,중견기업부,11900,1,360,3.12,11540,11900,11540,2271,26605840,59940133400,5036986,KSQ
1784,008370,KR7008370009,원풍,KOSDAQ,우량기업부,4990,2,-20,-0.4,5010,5090,4985,1322,6641085,59880000000,12000000,KSQ
1785,214270,KR7214270001,FSN,KOSDAQ,중견기업부,1320,1,25,1.93,1260,1342,1260,41589,54160717,59732159520,45251636,KSQ
1786,044340,KR7044340008,위닉스,KOSDAQ,중견기업부,3335,1,35,1.06,3400,3430,3315,77751,261723115,59607872375,17873425,KSQ
1787,155650,KR7155650005,와이엠씨,KOSDAQ,우량기업부,3140,1,40,1.29,3135,3140,3065,5511,17129095,59579484120,18974358,KSQ
1788,004450,KR7004450003,삼화왕관,KOSPI,,27650,1,650,2.41,27500,27800,27000,1986,54504775,59568579350,2154379,STK
1789,003310,KR7003310000,대주산업,KOSDAQ,우량기업부,1682,1,22,1.33,1660,1686,1644,165984,276438188,59529932700,35392350,KSQ
1790,448710,KR7448710004,코츠테크놀로지,KOSDAQ,벤처기업부,11260,1,130,1.17,11140,11330,11000,13826,154475700,59512387920,5285292,KSQ
1791,039610,KR7039610001,화성밸브,KOSDAQ,우량기업부,5710,1,60,1.06,5600,5780,5530,68228,387860160,59443384000,10410400,KSQ
1792,036120,KR7036120004,서울평가정보,KOSDAQ,중견기업부,1690,1,5,0.3,1684,1690,1661,44753,75190038,59395050000,35145000,KSQ
1793,323350,KR7323350009,다원넥스뷰,KOSDAQ,기술성장기업부,7410,1,680,10.1,7000,7870,6940,70859,520379630,59359820520,8010772,KSQ
1794,033320,KR7033320003,제이씨현시스템,KOSDAQ,벤처기업부,3105,2,-15,-0.48,3120,3180,3075,40366,124951250,59350311360,19114432,KSQ
1795,065170,KR7065170003,비엘팜텍,KOSDAQ,투자주의환기종목(소속부없음),2125,1,65,3.16,2070,2190,2015,539094,1141626562,59316810125,27913793,KSQ
1796,095270,KR7095270005,웨이브일렉트로,KOSDAQ,벤처기업부,4120,1,170,4.3,4000,4150,3915,22697,91999360,59214312720,14372406,KSQ
1797,001550,KR7001550003,조비,KOSPI,,11400,1,110,0.97,11460,11560,11290,62629,716897875,59191524600,5192239,STK
1798,006890,KR7006890008,태경케미컬,KOSPI,,5100,1,10,0.2,5070,5160,5070,10928,55833530,59160000000,11600000,STK
1799,066670,KR7066670001,디티씨,KOSDAQ,중견기업부,3165,2,-25,-0.78,3190,3345,3075,12896,40420169,59159920470,18691918,KSQ
1800,215360,KR7215360009,우리산업,KOSDAQ,우량기업부,6470,1,40,0.62,6650,6650,6410,7453,48529900,59085094610,9132163,KSQ
1801,045340,KR7045340007,토탈소프트,KOSDAQ,벤처기업부,6900,1,20,0.29,6900,6920,6830,20834,143133810,59050476000,8558040,KSQ
1802,092440,KR7092440007,기신정기,KOSPI,,2020,1,10,0.5,2010,2025,1993,11140,22240351,58984000000,29200000,STK
1803,049470,KR7049470008,비트플래닛,KOSDAQ,중견기업부,2505,1,110,4.59,2900,2900,2505,221996,588838789,58979971995,23544899,KSQ
1804,082210,KR7082210006,옵트론텍,KOSDAQ,중견기업부,1682,1,22,1.33,1660,1704,1660,12095,20262400,58808321060,34963330,KSQ
1805,033310,KR7033310004,엠투엔,KOSDAQ,중견기업부,1469,2,-8,-0.54,1490,1538,1462,265494,397002916,58719537864,39972456,KSQ
1806,067920,KR7067920009,이글루,KOSDAQ,우량기업부,5330,1,100,1.91,5230,5330,5220,19426,102493450,58609314270,10996119,KSQ
1807,060570,KR7060570009,드림어스컴퍼니,KOSDAQ,중견기업부,3950,1,105,2.73,3960,3995,3900,4265,16829255,58540240300,14820314,KSQ
1808,460870,KR7460870009,에스엠씨지,KOSDAQ,벤처기업부,2915,2,-5,-0.17,2940,2940,2835,24881,71864700,58513681160,20073304,KSQ
1809,357580,KR7357580000,아모센스,KOSDAQ,기술성장기업부,4955,1,255,5.43,4745,4955,4640,88497,418954580,58418270710,11789762,KSQ
1810,001465,KR7001461003,BYC우,KOSPI,,27100,1,100,0.37,27000,27250,26900,1305,35285650,58369335000,2153850,STK
1811,333620,KR7333620003,엔시스,KOSDAQ,벤처기업부,5300,1,100,1.92,5230,5360,5200,4530,23914640,58288923000,10997910,KSQ
1812,100590,KR7100590009,머큐리,KOSDAQ,중견기업부,3400,1,45,1.34,3325,3450,3320,35425,119805433,58274453000,17139545,KSQ
1813,111110,KR7111110003,호전실업,KOSPI,,6420,1,20,0.31,6410,6430,6370,5172,33093230,58203720000,9066000,STK
1814,099520,KR7099520009,DGI,KOSDAQ,관리종목(소속부없음),1284,0,0,0.0,0,0,0,0,0,58141862016,45281824,KSQ
1815,010470,KR7010470003,오리콤,KOSDAQ,우량기업부,4850,1,15,0.31,4835,4875,4835,1244,6047145,58078992500,11975050,KSQ
1816,036090,KR7036090009,위지트,KOSDAQ,중견기업부,1361,1,107,8.53,1300,1630,1300,6481980,9620697495,57911249554,42550514,KSQ
1817,225190,KR7225190008,LK삼양,KOSDAQ,중견기업부,821,0,0,0.0,0,0,0,0,0,57854589240,70468440,KSQ
1818,049480,KR7049480007,오픈베이스,KOSDAQ,우량기업부,1840,3,0,0.0,1840,1875,1825,131316,242000929,57817184720,31422383,KSQ
1819,126880,KR7126880004,제이엔케이글로벌,KOSDAQ,우량기업부,2495,1,25,1.01,2490,2505,2430,22850,56414894,57804466885,23168123,KSQ
1820,024950,KR7024950008,삼천리자전거,KOSDAQ,중견기업부,4640,1,40,0.87,4670,4675,4570,40036,186237935,57536000000,12400000,KSQ
1821,263690,KR7263690000,디알젬,KOSDAQ,우량기업부,5080,2,-20,-0.39,5100,5100,5030,6356,32240430,57534098800,11325610,KSQ
1822,009190,KR7009190000,대양금속,KOSPI,,1307,1,6,0.46,1301,1335,1281,174446,227722839,57490061425,43986275,STK
1823,263600,KR7263600009,덕우전자,KOSDAQ,중견기업부,3605,1,120,3.44,3560,3615,3485,10019,35753540,57428767550,15930310,KSQ
1824,250030,KR7250030004,진코스텍,KONEX,일반기업부,19690,2,-510,-2.52,20000,20650,19090,74888,1461357370,56942160770,2891933,KNX
1825,129260,KR7129260006,인터지스,KOSPI,,1914,2,-6,-0.31,1906,1948,1906,22054,42459437,56937430836,29747874,STK
1826,065530,KR7065530008,와이어블,KOSDAQ,우량기업부,1190,1,5,0.42,1176,1195,1173,43691,51636053,56928123210,47838759,KSQ
1827,024910,KR7024910002,경창산업,KOSDAQ,중견기업부,1589,1,19,1.21,1600,1600,1558,21747,34078507,56916398945,35819005,KSQ
1828,007370,KR7007370000,진양제약,KOSDAQ,우량기업부,4020,1,5,0.12,4015,4030,3970,11032,44189585,56821039740,14134587,KSQ
1829,294140,KR7294140009,레몬,KOSDAQ,관리종목(소속부없음),2280,1,70,3.17,2100,2390,2080,11193,25277785,56805785040,24914818,KSQ
1830,378850,KR7378850002,화승알앤에이,KOSPI,,2990,1,45,1.53,2950,2995,2925,11352,33471050,56790932770,18993623,STK
1831,094940,KR7094940004,푸른로보틱스,KOSDAQ,벤처기업부,6770,1,310,4.8,6530,7020,6500,197347,1342952555,56606583220,8361386,KSQ
1832,003925,KR7003921004,남양유업우,KOSPI,,29900,1,400,1.36,29650,30200,29100,2733,81123900,56545355100,1891149,STK
1833,348150,KR7348150004,고바이오랩,KOSDAQ,기술성장기업부,2910,1,75,2.65,2855,2925,2850,10672,30802310,56508966990,19418889,KSQ
1834,053050,KR7053050001,지에스이,KOSDAQ,우량기업부,1881,1,16,0.86,1865,1902,1837,108214,203594302,56406669957,29987597,KSQ
1835,011390,KR7011390002,부산산업,KOSPI,,53400,1,1900,3.69,51500,53700,51000,8083,424007200,56390400000,1056000,STK
1836,273640,KR7273640003,와이엠텍,KOSDAQ,벤처기업부,5140,1,80,1.58,5120,5190,5060,5061,25905160,56365240000,10966000,KSQ
1837,452400,KR7452400005,이닉스,KOSDAQ,우량기업부,6210,1,110,1.8,6120,6210,6000,15844,97194760,56333567880,9071428,KSQ
1838,003465,KR7003461001,유화증권우,KOSPI,,3220,2,-5,-0.16,3225,3225,3220,11,35455,56274088500,17476425,STK
1839,464490,KR7464490002,쿼드메디슨,KOSDAQ,기술성장기업부,4895,2,-5,-0.1,4770,4935,4745,22432,108167620,56204943135,11482113,KSQ
1840,043710,KR7043710003,코스리거글로벌,KOSDAQ,중견기업부,3245,1,175,5.7,3020,3310,3020,4911,15399470,56179068990,17312502,KSQ
1841,075180,KR7075180000,새론오토모티브,KOSPI,,2920,2,-25,-0.85,2945,2990,2910,12973,38173430,56064000000,19200000,STK
1842,370090,KR7370090003,퓨런티어,KOSDAQ,기술성장기업부,6550,1,80,1.24,6780,7300,6500,77113,525357420,56047236500,8556830,KSQ
1843,101140,KR7101140002,인바이오젠,KOSPI,,5570,1,60,1.09,5510,5670,5320,1420,7797530,55946283120,10044216,STK
1844,053270,KR7053270005,구영테크,KOSDAQ,우량기업부,2040,1,15,0.74,2055,2055,2015,16486,33534970,55917226200,27410405,KSQ
1845,000725,KR7000721001,현대건설우,KOSPI,,53000,1,200,0.38,53000,53600,52600,1411,74838750,55898729000,1054693,STK
1846,070300,KR7070300009,퀀텀레일,KOSDAQ,벤처기업부,1568,1,73,4.88,1500,1613,1430,193078,296415313,55702775072,35524729,KSQ
1847,054930,KR7054930003,유신,KOSDAQ,우량기업부,18550,2,-150,-0.8,18750,18750,18390,8444,156287290,55650000000,3000000,KSQ
1848,251630,KR7251630000,브이원텍,KOSDAQ,벤처기업부,3490,1,80,2.35,3455,3600,3405,8078,27918878,55640672140,15942886,KSQ
1849,340930,KR7340930007,성원에너텍,KOSDAQ,관리종목(소속부없음),806,0,0,0.0,0,0,0,0,0,55513882710,68875785,KSQ
1850,020760,KR7020760005,일진디스플,KOSPI,,902,0,0,0.0,0,0,0,0,0,55503470462,61533781,STK
1851,003475,KR7003471000,유안타증권우,KOSPI,,4325,1,10,0.23,4320,4380,4300,24434,105894855,55409175250,12811370,STK
1852,024900,KR7024900003,디와이덕양,KOSPI,,1697,1,11,0.65,1686,1705,1679,17301,29273161,55262771060,32564980,STK
1853,420570,KR7420570004,제이투케이바이오,KOSDAQ,벤처기업부,9440,1,10,0.11,9440,9870,9280,27782,263132210,55200239520,5847483,KSQ
1854,408470,KR7408470003,한패스,KOSDAQ,중견기업부,5220,1,190,3.78,5070,5430,5070,69592,367702910,55185840000,10572000,KSQ
1855,012690,KR7012690004,모나리자,KOSPI,,1504,1,4,0.27,1504,1532,1486,167163,252358199,55003167520,36571255,STK
1856,036670,KR7036670008,삼양케이씨아이,KOSDAQ,우량기업부,5110,2,-10,-0.2,5140,5140,5070,5556,28313445,54984622000,10760200,KSQ
1857,000950,KR7000950006,전방,KOSPI,,32700,2,-1100,-3.25,33100,33300,32650,473,15601650,54936000000,1680000,STK
1858,419080,KR7419080007,엔젯,KOSDAQ,기술성장기업부,5050,1,150,3.06,5030,5150,4660,107662,527879850,54902675850,10871817,KSQ
1859,217480,KR7217480003,에스디생명공학,KOSDAQ,투자주의환기종목(소속부없음),499,0,0,0.0,0,0,0,0,0,54756837359,109733141,KSQ
1860,025530,KR7025530007,SJM홀딩스,KOSPI,,3655,1,35,0.97,3650,3660,3580,8728,31712285,54583799240,14934008,STK
1861,062970,KR7062970009,한국첨단소재,KOSDAQ,중견기업부,1911,1,61,3.3,1852,1926,1852,440455,835436555,54548170677,28544307,KSQ
1862,459100,KR7459100004,위츠,KOSDAQ,중견기업부,4050,2,-95,-2.29,4140,4140,3980,16019,64921310,54537705000,13466100,KSQ
1863,347740,KR7347740003,피엔케이피부임상연구센타,KOSDAQ,벤처기업부,1813,2,-19,-1.04,1831,1831,1780,12210,21914913,54409174288,30010576,KSQ
1864,340810,KR7340810001,시선AI,KOSDAQ,기술성장기업부,3900,1,75,1.96,3815,3990,3745,201239,782327699,54402979800,13949482,KSQ
1865,435570,KR7435570007,에르코스,KOSDAQ,벤처기업부,7140,3,0,0.0,7140,7210,6940,2662,18763770,54385258620,7616983,KSQ
1866,117670,KR7117670000,알파칩스,KOSDAQ,벤처기업부,8160,1,60,0.74,8120,8230,8010,4069,32999580,54359814720,6661742,KSQ
1867,314140,KR7314140005,알피바이오,KOSDAQ,우량기업부,6260,1,130,2.12,6010,6330,6010,17094,105231320,54251419860,8666361,KSQ
1868,025550,KR7025550005,한국선재,KOSDAQ,중견기업부,2125,2,-10,-0.47,2135,2160,2120,22709,48337730,54217258500,25514004,KSQ
1869,002630,KR7002630002,오리엔트바이오,KOSPI,,913,0,0,0.0,0,0,0,0,0,54133141326,59291502,STK
1870,007815,KR7007811003,코리아써우,KOSPI,,18200,2,-370,-1.99,18560,18560,17810,751,13585350,53957358000,2964690,STK
1871,033230,KR7033230004,인성정보,KOSDAQ,중견기업부,1068,2,-3,-0.28,1078,1090,1066,53170,57001468,53950425840,50515380,KSQ
1872,088910,KR7088910005,동우팜투테이블,KOSDAQ,우량기업부,2095,1,20,0.96,2050,2105,2050,60004,124378085,53887095580,25721764,KSQ
1873,040610,KR7040610008,SG&G,KOSDAQ,중견기업부,3160,1,30,0.96,3180,3180,3120,17268,54444860,53857769680,17043598,KSQ
1874,238090,KR7238090005,앤디포스,KOSDAQ,벤처기업부,1764,1,58,3.4,1775,1775,1710,1097,1930535,53785136160,30490440,KSQ
1875,090080,KR7090080003,평화산업,KOSPI,,979,1,11,1.14,979,994,968,63818,62835131,53749311561,54902259,STK
1876,007460,KR7007460009,에이프로젠,KOSPI,,2160,1,80,3.85,2470,2630,2155,2885194,6925700148,53624058480,24825953,STK
1877,123700,KR7123700007,SJM,KOSPI,,3435,1,60,1.78,3380,3455,3380,3055,10411315,53602824630,15604898,STK
1878,347860,KR7347860009,알체라,KOSDAQ,중견기업부,1270,1,35,2.83,1235,1288,1234,44256,55622094,53535131690,42153647,KSQ
1879,453860,KR7453860009,에이에스텍,KOSDAQ,벤처기업부,8300,1,20,0.24,8270,8390,7970,12675,102778460,53488710900,6444423,KSQ
1880,033340,KR7033340001,좋은사람들,KOSDAQ,관리종목(소속부없음),551,2,-74,-11.84,687,687,533,25896491,15446147997,53419757458,96950558,KSQ
1881,170790,KR7170790000,파이오링크,KOSDAQ,우량기업부,8340,3,0,0.0,8340,8340,8170,6984,57665780,53353773900,6397335,KSQ
1882,021050,KR7021050000,서원,KOSPI,,1122,1,15,1.36,1122,1129,1114,52282,58563191,53266489980,47474590,STK
1883,002410,KR7002410009,범양건영,KOSPI,,1935,0,0,0.0,0,0,0,0,0,53173451700,27479820,STK
1884,104540,KR7104540000,코렌텍,KOSDAQ,기술성장기업부,3965,2,-30,-0.75,3970,4005,3960,4437,17655280,53160380650,13407410,KSQ
1885,104620,KR7104620000,노랑풍선,KOSDAQ,중견기업부,3150,1,45,1.45,3075,3200,3075,19010,59581225,52953238800,16810552,KSQ
1886,340360,KR7340360007,다보링크,KOSDAQ,투자주의환기종목(소속부없음),1015,1,9,0.89,975,1019,973,234589,234286606,52843713580,52062772,KSQ
1887,105760,KR7105760003,포스뱅크,KOSDAQ,우량기업부,5180,1,40,0.78,5050,5200,5050,18746,96291315,52788794660,10190887,KSQ
1888,199550,KR7199550005,레이저옵텍,KOSDAQ,벤처기업부,3555,1,310,9.55,3245,3725,3235,149726,527945618,52776787005,14845791,KSQ
1889,288180,KR7288180003,케이피항공산업,KOSDAQ,중견기업부,7100,1,130,1.87,7000,7190,6880,14890,104624100,52492160200,7393262,KSQ
1890,37550K,KR737550K011,DL이앤씨우,KOSPI,,24800,1,100,0.4,25000,25000,24700,1295,32335125,52424348000,2113885,STK
1891,046940,KR7046940003,우원개발,KOSDAQ,우량기업부,2900,2,-20,-0.68,2975,2975,2900,55092,160768362,52415615000,18074350,KSQ
1892,027050,KR7027050004,코리아나,KOSDAQ,중견기업부,1310,1,9,0.69,1303,1325,1303,30771,40337777,52400000000,40000000,KSQ
1893,097800,KR7097800007,윈팩,KOSDAQ,중견기업부,1920,2,-8,-0.41,1927,1947,1905,28973,55832543,52396886400,27290045,KSQ
1894,317530,KR7317530004,에피소드컴퍼니,KOSDAQ,기술성장기업부,2980,1,145,5.11,2835,2990,2835,5720,16721255,52134748360,17494882,KSQ
1895,311690,KR7311690002,CJ 바이오사이언스,KOSDAQ,기술성장기업부,3985,2,-5,-0.13,3990,4000,3935,2694,10730495,52065866070,13065462,KSQ
1896,004830,KR7004830006,덕성,KOSPI,,3320,1,55,1.68,3275,3335,3250,20466,67618310,52057600000,15680000,STK
1897,28513K,KR728513K010,SK케미칼우,KOSPI,,24500,1,200,0.82,24650,24650,23500,2240,54614250,51828010500,2115429,STK
1898,315640,KR7315640003,딥노이드,KOSDAQ,기술성장기업부,1764,1,29,1.67,1721,1775,1721,50630,89033779,51812617248,29372232,KSQ
1899,023810,KR7023810005,인팩,KOSPI,,5180,2,-40,-0.77,5230,5300,5130,9674,50084590,51800000000,10000000,STK
1900,042110,KR7042110007,에스씨디,KOSDAQ,우량기업부,1071,1,2,0.19,1064,1086,1064,70548,75946934,51760963044,48329564,KSQ
1901,372910,KR7372910000,한컴라이프케어,KOSPI,,1869,1,24,1.3,1845,1870,1831,70116,130008444,51723464814,27674406,STK
1902,010770,KR7010770006,평화홀딩스,KOSPI,,3530,1,15,0.43,3515,3560,3510,14539,51320445,51627894980,14625466,STK
1903,005305,KR7005301007,롯데칠성우,KOSPI,,66500,2,-400,-0.6,67000,67000,66400,489,32573400,51558115000,775310,STK
1904,376290,KR7376290003,씨유테크,KOSDAQ,벤처기업부,2915,2,-5,-0.17,2920,2920,2830,1118,3257080,51471612500,17657500,KSQ
1905,006880,KR7006880009,신송홀딩스,KOSPI,,4350,2,-35,-0.8,4385,4430,4330,12462,54270455,51455532300,11828858,STK
1906,039240,KR7039240007,경남스틸,KOSDAQ,우량기업부,1907,1,4,0.21,1939,1939,1885,51857,98685605,51450104828,26979604,KSQ
1907,002140,KR7002140002,고려산업,KOSPI,,2060,3,0,0.0,2065,2090,2050,146841,303432862,51375215500,24939425,STK
1908,192250,KR7192250009,케이사인,KOSDAQ,벤처기업부,7240,1,40,0.56,7280,7330,7210,6356,46059055,51165985000,7067125,KSQ
1909,219550,KR7219550001,디와이디,KOSDAQ,관리종목(소속부없음),1235,1,34,2.83,1245,1245,1177,9774,11905338,51103324350,41379210,KSQ
1910,015710,KR7015710007,코콤,KOSDAQ,우량기업부,2915,2,-20,-0.68,2930,2965,2900,4326,12638208,51101407500,17530500,KSQ
1911,046210,KR7046210001,HLB파나진,KOSDAQ,벤처기업부,1122,1,2,0.18,1120,1145,1118,40791,46193245,51082371120,45527960,KSQ
1912,179900,KR7179900006,유티아이,KOSDAQ,투자주의환기종목(소속부없음),2365,1,265,12.62,2150,2395,2100,603640,1368963974,51011439435,21569319,KSQ
1913,006125,KR7006121008,SK디스커버리우,KOSPI,,41400,2,-100,-0.24,41775,41900,41000,2685,111008825,50992587000,1231705,STK
1914,262260,KR7262260003,에이프로,KOSDAQ,우량기업부,3380,2,-20,-0.59,3400,3475,3320,54111,183171800,50962490800,15077660,KSQ
1915,131400,KR7131400004,이브이첨단소재,KOSDAQ,관리종목(소속부없음),855,1,32,3.89,814,880,793,1481857,1224576922,50951059110,59591882,KSQ
1916,299170,KR7299170001,더블유에스아이,KOSDAQ,중견기업부,1227,1,7,0.57,1220,1244,1214,59494,72860762,50934350376,41511288,KSQ
1917,092300,KR7092300003,현우산업,KOSDAQ,우량기업부,2520,2,-25,-0.98,2560,2575,2500,188480,474194473,50777674920,20149871,KSQ
1918,071670,KR7071670004,에이테크솔루션,KOSDAQ,중견기업부,5070,1,70,1.4,5050,5140,4900,13744,69168732,50700000000,10000000,KSQ
1919,003780,KR7003780004,진양산업,KOSPI,,3900,1,65,1.69,3850,3900,3850,20724,80195935,50700000000,13000000,STK
1920,060560,KR7060560000,HC홈센타,KOSDAQ,중견기업부,1996,2,-4,-0.2,1984,2100,1965,11891,23562899,50674449996,25388001,KSQ
1921,056360,KR7056360001,코위버,KOSDAQ,벤처기업부,5170,1,30,0.58,5150,5190,5070,26343,134936270,50649456000,9796800,KSQ
1922,261520,KR7261520001,이지스,KOSDAQ,기술성장기업부,4925,1,95,1.97,4830,5150,4770,133827,659170078,50618165000,10277800,KSQ
1923,246690,KR7246690002,TS인베스트먼트,KOSDAQ,중견기업부,2125,1,75,3.66,2120,2170,2060,84467,179063895,50528619750,23778174,KSQ
1924,291650,KR7291650000,츌립앤사이언스,KOSDAQ,기술성장기업부,1655,2,-28,-1.66,1683,1799,1631,12076,20164225,50509972755,30519621,KSQ
1925,393970,KR7393970009,대진첨단소재,KOSDAQ,관리종목(소속부없음),2825,0,0,0.0,0,0,0,0,0,50428566500,17850820,KSQ
1926,217500,KR7217500008,러셀,KOSDAQ,벤처기업부,1584,1,40,2.59,1592,1607,1525,41477,65965104,50390208000,31812000,KSQ
1927,256630,KR7256630005,포인트엔지니어링,KOSDAQ,벤처기업부,4340,1,5,0.12,4335,4340,4320,765,3317790,50341456760,11599414,KSQ
1928,001620,KR7001620004,케이비아이동국실업,KOSPI,,2260,1,45,2.03,2215,2280,2215,8342,18781510,50304449560,22258606,STK
1929,463480,KR7463480004,모티브링크,KOSDAQ,중견기업부,4000,1,90,2.3,4000,4015,3890,19577,76830190,49561432000,12390358,KSQ
1930,317690,KR7317690006,퀀타매트릭스,KOSDAQ,기술성장기업부,2460,1,85,3.58,2375,2485,2350,24763,60364795,49532171340,20135029,KSQ
1931,068330,KR7068330000,일신바이오,KOSDAQ,중견기업부,1120,3,0,0.0,1108,1126,1108,50043,55897809,49522076800,44216140,KSQ
1932,0013V0,KR70013V0002,삼진식품,KOSDAQ,중견기업부,4990,2,-20,-0.4,5010,5060,4805,29654,146874805,49494093440,9918656,KSQ
1933,089790,KR7089790000,제이티,KOSDAQ,벤처기업부,4785,2,-315,-6.18,5200,5240,4665,396664,1917294300,49359729705,10315513,KSQ
1934,011230,KR7011230000,삼화전자,KOSPI,,2575,1,5,0.19,2560,2625,2560,91405,235824439,49351896375,19165785,STK
1935,006980,KR7006980007,우성,KOSPI,,15950,1,120,0.76,15700,15950,15700,5253,83687145,49285500000,3090000,STK
1936,027740,KR7027740000,마니커,KOSPI,,1550,1,43,2.85,1506,1550,1494,135166,206964631,49221201700,31755614,STK
1937,424980,KR7424980001,마이크로투나노,KOSDAQ,기술성장기업부,8290,1,320,4.02,7970,8790,7970,47440,403039075,49067598100,5918890,KSQ
1938,317830,KR7317830008,에스피시스템스,KOSDAQ,벤처기업부,4550,1,75,1.68,4415,4640,4415,54433,247760700,49020871900,10773818,KSQ
1939,037950,KR7037950003,엘컴텍,KOSDAQ,중견기업부,2900,1,15,0.52,2885,2945,2850,18480,53510415,48979558700,16889503,KSQ
1940,004410,KR7004410007,서울식품,KOSPI,,1241,1,7,0.57,1244,1290,1204,303957,378005794,48963671133,39455013,STK
1941,122310,KR7122310006,제노레이,KOSDAQ,우량기업부,3360,2,-25,-0.74,3385,3465,3360,2207,7471860,48900915840,14553844,KSQ
1942,027830,KR7027830009,대성창투,KOSDAQ,중견기업부,904,2,-10,-1.09,915,920,904,72667,66092917,48816000000,54000000,KSQ
1943,059100,KR7059100008,아이컴포넌트,KOSDAQ,벤처기업부,6900,2,-70,-1.0,6970,6970,6830,10866,74906220,48788934000,7070860,KSQ
1944,011000,KR7011000007,진원생명과학,KOSPI,,2670,0,0,0.0,0,0,0,0,0,48531471270,18176581,STK
1945,317850,KR7317850006,대모,KOSDAQ,벤처기업부,5810,1,40,0.69,5700,5920,5700,17127,99416080,48364880200,8324420,KSQ
1946,038010,KR7038010005,제일테크노스,KOSDAQ,우량기업부,5370,3,0,0.0,5330,5420,5280,7633,40791595,48330000000,9000000,KSQ
1947,163280,KR7163280001,에어레인,KOSDAQ,기술성장기업부,3550,3,0,0.0,3515,3580,3480,23241,81825855,48290926900,13603078,KSQ
1948,391710,KR7391710001,코닉오토메이션,KOSDAQ,벤처기업부,1132,1,1,0.09,1180,1180,1084,28019,31843798,48246372040,42620470,KSQ
1949,226340,KR7226340008,본느,KOSDAQ,관리종목(소속부없음),5740,1,40,0.7,5440,6000,5390,945955,5444473655,48161378160,8390484,KSQ
1950,440290,KR7440290005,HB인베스트먼트,KOSDAQ,중견기업부,1748,2,-1,-0.06,1749,1755,1740,18513,32371086,48081239640,27506430,KSQ
1951,082660,KR7082660002,코스나인,KOSDAQ,관리종목(소속부없음),480,0,0,0.0,0,0,0,0,0,47827617120,99640869,KSQ
1952,357250,KR7357250000,미래에셋맵스리츠,KOSPI,,1910,1,21,1.11,1896,1915,1890,40060,76373007,47740650550,24995105,STK
1953,004920,KR7004920005,씨아이테크,KOSPI,,913,1,7,0.77,903,920,880,195782,176444906,47640223136,52179872,STK
1954,418250,KR7418250007,시큐레터,KOSDAQ,관리종목(소속부없음),6550,0,0,0.0,0,0,0,0,0,47629012750,7271605,KSQ
1955,123010,KR7123010001,MSDI,KOSDAQ,기술성장기업부,2355,1,5,0.21,2350,2490,2265,139627,328059280,47608131285,20215767,KSQ
1956,260930,KR7260930003,씨티케이,KOSDAQ,중견기업부,2460,2,-60,-2.38,2520,2560,2430,66060,162999550,47580313860,19341591,KSQ
1957,053980,KR7053980009,오상자이엘,KOSDAQ,우량기업부,2500,2,-10,-0.4,2510,2520,2470,47469,118339325,47456957500,18982783,KSQ
1958,480370,KR7480370006,씨케이솔루션,KOSPI,,1460,1,40,2.82,1425,1466,1423,47032,67875332,47422855680,32481408,STK
1959,041650,KR7041650003,상신브레이크,KOSPI,,2205,1,5,0.23,2200,2230,2190,7661,16952380,47344547250,21471450,STK
1960,019990,KR7019990001,에너토크,KOSDAQ,중견기업부,4850,1,10,0.21,4850,4915,4805,12147,59018835,47317026800,9756088,KSQ
1961,099410,KR7099410003,동방선기,KOSDAQ,벤처기업부,3375,1,65,1.96,3250,3375,3240,31420,104410159,47250000000,14000000,KSQ
1962,189980,KR7189980006,흥국에프엔비,KOSDAQ,우량기업부,1174,2,-5,-0.42,1181,1181,1160,30975,36145158,47121808898,40137827,KSQ
1963,023440,KR7023440001,제이스코홀딩스,KOSDAQ,관리종목(소속부없음),521,0,0,0.0,0,0,0,0,0,46964378481,90142761,KSQ
1964,009320,KR7009320003,아진전자부품,KOSPI,,949,1,2,0.21,950,958,945,11126,10564782,46785481730,49299770,STK
1965,007110,KR7007110000,일신석재,KOSPI,,603,0,0,0.0,0,0,0,0,0,46706335830,77456610,STK
1966,002920,KR7002920007,유성기업,KOSPI,,1800,1,14,0.78,1787,1823,1776,57122,102848568,46705500000,25947500,STK
1967,014910,KR7014910004,성문전자,KOSPI,,2135,2,-125,-5.53,2330,2370,2100,652606,1415881600,46665243695,21857257,STK
1968,143540,KR7143540003,영우디에스피,KOSDAQ,벤처기업부,1046,1,46,4.6,1009,1047,981,68465,69333722,46651490170,44599895,KSQ
1969,063440,KR7063440002,SM Life Design,KOSDAQ,중견기업부,1029,3,0,0.0,1029,1037,1021,34094,35052666,46633625556,45319364,KSQ
1970,114450,KR7114450000,그린생명과학,KOSDAQ,벤처기업부,2330,2,-5,-0.21,2350,2350,2280,53956,124775005,46600000000,20000000,KSQ
1971,145170,KR7145170007,노브랜드,KOSDAQ,중견기업부,2750,1,10,0.36,2790,2820,2720,10991,30237591,46498113750,16908405,KSQ
1972,321260,KR7321260002,프로이천,KOSDAQ,벤처기업부,1649,1,30,1.85,1630,1738,1602,61755,103051070,46488746516,28192084,KSQ
1973,004060,KR7004060000,SG세계물산,KOSPI,,2295,1,15,0.66,2280,2300,2255,25988,59068512,46456528320,20242496,STK
1974,109080,KR7109080002,옵티시스,KOSDAQ,벤처기업부,8220,1,110,1.36,8270,8280,8100,3511,28782560,46327920000,5636000,KSQ
1975,069460,KR7069460004,대호에이엘,KOSPI,,2660,0,0,0.0,0,0,0,0,0,46322277400,17414390,STK
1976,022220,KR7022220008,티케이지애강,KOSDAQ,관리종목(소속부없음),894,3,0,0.0,894,895,894,242745,217014355,46304353626,51794579,KSQ
1977,198080,KR7198080004,캐프,KOSDAQ,우량기업부,2150,1,10,0.47,2140,2150,2120,25553,54673295,46300647750,21535185,KSQ
1978,129890,KR7129890000,앱코,KOSDAQ,벤처기업부,1014,1,10,1.0,1019,1020,995,70076,70446345,46183240428,45545602,KSQ
1979,475460,KR7475460002,미트박스,KOSDAQ,벤처기업부,8170,1,230,2.9,8050,8300,7720,100512,805634080,46132109250,5646525,KSQ
1980,355690,KR7355690009,에이텀,KOSDAQ,기술성장기업부,4820,1,150,3.21,4805,5050,4460,189843,922663710,46129274980,9570389,KSQ
1981,000910,KR7000910000,유니온,KOSPI,,2945,1,10,0.34,2950,3000,2940,9793,28965530,45976217955,15611619,STK
1982,065130,KR7065130007,탑엔지니어링,KOSDAQ,중견기업부,2865,1,30,1.06,2835,2865,2810,23750,67300997,45851460000,16004000,KSQ
1983,471820,KR7471820001,셀로맥스사이언스,KOSDAQ,벤처기업부,4055,2,-40,-0.98,4095,4095,4000,946,3850035,45833174345,11302879,KSQ
1984,023350,KR7023350002,한국종합기술,KOSPI,,4185,3,0,0.0,4150,4245,4090,43084,180216861,45825750000,10950000,STK
1985,008420,KR7008420002,문배철강,KOSPI,,2235,1,5,0.22,2240,2260,2210,151217,337623910,45825333675,20503505,STK
1986,014190,KR7014190003,원익큐브,KOSDAQ,우량기업부,1293,1,53,4.27,1240,1363,1230,406250,528117625,45765826803,35395071,KSQ
1987,290670,KR7290670009,대보마그네틱,KOSDAQ,중견기업부,5820,2,-20,-0.34,5900,5920,5720,14277,82578880,45731581200,7857660,KSQ
1988,317870,KR7317870004,엔바이오니아,KOSDAQ,기술성장기업부,5170,1,60,1.17,5110,5390,5010,14884,76367030,45712597150,8841895,KSQ
1989,094970,KR7094970001,제이엠티,KOSDAQ,벤처기업부,2725,3,0,0.0,2740,2750,2680,34741,94078050,45638954000,16748240,KSQ
1990,004540,KR7004540001,깨끗한나라,KOSPI,,1225,1,29,2.42,1214,1248,1203,45980,56386705,45619848925,37240693,STK
1991,180060,KR7180060006,탑선,KONEX,일반기업부,4875,1,75,1.56,4875,4875,4875,1,4875,45569871750,9347666,KNX
1992,053450,KR7053450003,세코닉스,KOSDAQ,우량기업부,3080,2,-25,-0.81,3105,3155,3060,36214,112080797,45561833240,14792803,KSQ
1993,227950,KR7227950003,엔투텍,KOSDAQ,벤처기업부,1319,1,1,0.08,1318,1320,1291,85340,111933017,45516327671,34508209,KSQ
1994,361570,KR7361570005,알비더블유,KOSDAQ,중견기업부,1580,1,21,1.35,1558,1581,1529,20833,32313920,45414399780,28743291,KSQ
1995,072470,KR7072470008,우리산업홀딩스,KOSDAQ,중견기업부,2400,1,40,1.69,2360,2580,2355,10250,24519405,45329618400,18887341,KSQ
1996,004910,KR7004910006,조광페인트,KOSPI,,3540,3,0,0.0,3540,3690,3540,2123,7590005,45312000000,12800000,STK
1997,127710,KR7127710002,아시아경제,KOSDAQ,중견기업부,1025,1,21,2.09,1004,1025,995,11458,11570442,45150440250,44049210,KSQ
1998,224110,KR7224110007,에이텍모빌리티,KOSDAQ,벤처기업부,8880,1,320,3.74,8540,8880,8510,7426,64195350,45113827680,5080386,KSQ
1999,005030,KR7005030002,부산주공,KOSPI,,486,0,0,0.0,0,0,0,0,0,45092532168,92782988,STK
2000,382150,KR7382150001,온코크로스,KOSDAQ,기술성장기업부,3455,1,5,0.14,3630,3630,3375,45938,157557735,45075153070,13046354,KSQ
2001,178780,KR7178780003,일월지엠엘,KOSDAQ,벤처기업부,2415,1,60,2.55,2355,2435,2325,14214,34191390,45013655925,18639195,KSQ
2002,084870,KR7084870005,TBH글로벌,KOSPI,,2200,2,-30,-1.35,2250,2250,2115,11775,25338080,45008163200,20458256,STK
2003,072990,KR7072990005,에이치시티,KOSDAQ,우량기업부,3100,1,85,2.82,3015,3100,2995,13461,40531790,44944438600,14498206,KSQ
2004,073110,KR7073110009,엘엠에스,KOSDAQ,벤처기업부,5050,1,75,1.51,4970,5060,4970,3027,15148405,44923562750,8895755,KSQ
2005,011330,KR7011330008,유니켐,KOSPI,,4480,2,-30,-0.67,4510,4580,4430,53564,239322645,44884147840,10018783,STK
2006,136410,KR7136410008,아셈스,KOSDAQ,벤처기업부,4070,2,-10,-0.25,4080,4085,4020,15386,62323940,44847761420,11019106,KSQ
2007,003080,KR7003080009,SB성보,KOSPI,,2240,1,15,0.67,2215,2240,2215,8400,18673845,44844800000,20020000,STK
2008,074610,KR7074610007,이엔플러스,KOSPI,,5110,0,0,0.0,0,0,0,0,0,44815400070,8770137,STK
2009,083550,KR7083550004,케이엠,KOSDAQ,중견기업부,3305,1,25,0.76,3220,3325,3220,10602,34840750,44803125325,13556165,KSQ
2010,162120,KR7162120000,루켄테크놀러지스,KONEX,일반기업부,4015,2,-25,-0.62,4030,4030,4000,3564,14273130,44793757030,11156602,KNX
2011,384470,KR7384470001,코어라인소프트,KOSDAQ,기술성장기업부,2490,2,-5,-0.2,2500,2525,2430,32666,80994894,44687263080,17946692,KSQ
2012,0010V0,KR70010V0005,제이피아이헬스케어,KOSDAQ,벤처기업부,8750,1,20,0.23,8450,8900,8450,3504,30262710,44672250000,5105400,KSQ
2013,052790,KR7052790003,액토즈소프트,KOSDAQ,중견기업부,4085,1,80,2.0,3980,4095,3980,9054,36740165,44626774495,10924547,KSQ
2014,007680,KR7007680002,대원,KOSDAQ,중견기업부,3365,1,5,0.15,3360,3400,3345,5705,19221910,44494513370,13222738,KSQ
2015,081180,KR7081180002,쎄크,KOSDAQ,기술성장기업부,5040,1,260,5.44,4860,5040,4780,28429,140748565,44480696400,8825535,KSQ
2016,466410,KR7466410008,사이냅소프트,KOSDAQ,벤처기업부,8810,2,-50,-0.56,8860,8950,8750,2968,26166000,44376172630,5037023,KSQ
2017,112190,KR7112190004,KC산업,KONEX,일반기업부,1243,1,14,1.14,1243,1243,1243,1,1243,44349577481,35679467,KNX
2018,026940,KR7026940007,부국철강,KOSPI,,2215,2,-75,-3.28,2280,2300,2205,652654,1459435500,44300000000,20000000,STK
2019,208860,KR7208860007,다산디엠씨,KOSDAQ,벤처기업부,1303,0,0,0.0,0,0,0,0,0,44236814819,33949973,KSQ
2020,051390,KR7051390003,YW,KOSDAQ,중견기업부,3890,3,0,0.0,3890,3890,3850,920,3569619,44172381520,11355368,KSQ
2021,066130,KR7066130006,하츠,KOSDAQ,우량기업부,3450,1,20,0.58,3410,3450,3410,9362,32116055,44160000000,12800000,KSQ
2022,288330,KR7288330004,파라택시스코리아,KOSDAQ,관리종목(소속부없음),416,0,0,0.0,0,0,0,0,0,44129674368,106080948,KSQ
2023,159580,KR7159580000,제로투세븐,KOSDAQ,중견기업부,2195,1,20,0.92,2190,2210,2155,11306,24567035,43971636020,20032636,KSQ
2024,35320K,KR735320K011,대덕전자1우,KOSPI,,20950,2,-500,-2.33,21800,21800,20700,4239,88762050,43901123050,2095519,STK
2025,050120,KR7050120005,ES큐브,KOSDAQ,중견기업부,3225,2,-100,-3.01,3325,3330,3150,5417,17453630,43744177350,13564086,KSQ
2026,229000,KR7229000005,젠큐릭스,KOSDAQ,기술성장기업부,1866,1,14,0.76,1845,1911,1813,49400,91381592,43716955890,23428165,KSQ
2027,278650,KR7278650007,HLB바이오스텝,KOSDAQ,중견기업부,2505,1,85,3.51,2420,2530,2400,20112,49653082,43668151980,17432396,KSQ
2028,476040,KR7476040001,오가노이드사이언스,KOSDAQ,기술성장기업부,6630,1,80,1.22,6550,6740,6330,31831,206856360,43663588800,6585760,KSQ
2029,258610,KR7258610005,케일럼,KOSDAQ,중견기업부,1194,1,9,0.76,1185,1229,1150,32434,38248267,43563165222,36485063,KSQ
2030,190650,KR7190650002,코리아에셋투자증권,KOSDAQ,우량기업부,6810,1,20,0.29,6800,6830,6780,737,5011715,43502280000,6388000,KSQ
2031,009835,KR7009831009,한화솔루션우,KOSPI,,17090,2,-50,-0.29,17150,17300,17070,960,16482990,43487487440,2544616,STK
2032,479960,KR7479960007,위너스일렉,KOSDAQ,중견기업부,6100,1,100,1.67,6010,6100,5900,3446,20584560,43468600000,7126000,KSQ
2033,082850,KR7082850009,우리바이오,KOSDAQ,중견기업부,897,0,0,0.0,0,0,0,0,0,43465550466,48456578,KSQ
2034,263020,KR7263020000,디케이앤디,KOSDAQ,벤처기업부,3140,3,0,0.0,3140,3170,3110,22771,71712750,43445498440,13836146,KSQ
2035,026040,KR7026040006,제이에스티나,KOSDAQ,중견기업부,2630,1,105,4.16,2590,2720,2500,580060,1507890486,43404967700,16503790,KSQ
2036,092780,KR7092780006,DYP,KOSPI,,3295,1,120,3.78,3240,3545,3175,35436,116946489,43390075700,13168460,STK
2037,307280,KR7307280008,원바이오젠,KOSDAQ,벤처기업부,6070,2,-100,-1.62,6090,6250,5850,12390,74079665,43064385890,7094627,KSQ
2038,460470,KR7460470008,아이빔테크놀로지,KOSDAQ,기술성장기업부,2840,1,110,4.03,2830,2900,2725,19998,55562570,42939010800,15119370,KSQ
2039,122830,KR7122830003,원포유,KONEX,일반기업부,1311,2,-1,-0.08,1348,1348,1256,3376,4409627,42937852335,32751985,KNX
2040,413640,KR7413640004,비아이매트릭스,KOSDAQ,벤처기업부,5930,1,400,7.23,5590,6050,5590,52665,309031080,42737154200,7206940,KSQ
2041,277070,KR7277070009,린드먼아시아,KOSDAQ,중견기업부,3120,2,-40,-1.27,3160,3160,3060,5677,17605242,42719040000,13692000,KSQ
2042,373200,KR7373200005,엑스플러스,KOSDAQ,벤처기업부,1703,1,22,1.31,1710,1799,1670,45509,78719466,42648632611,25043237,KSQ
2043,481850,KR7481850006,신한글로벌액티브리츠,KOSPI,,980,1,2,0.2,987,987,975,9463,9264060,42608110720,43477664,STK
2044,273060,KR7273060004,와이즈버즈,KOSDAQ,중견기업부,864,0,0,0.0,0,0,0,0,0,42460657920,49144280,KSQ
2045,140520,KR7140520008,대창스틸,KOSDAQ,중견기업부,2005,1,5,0.25,2000,2015,1990,9008,18004269,42324032215,21109243,KSQ
2046,218150,KR7218150001,미래생명자원,KOSDAQ,벤처기업부,2070,2,-5,-0.24,2060,2095,2060,94511,196646903,42260710140,20415802,KSQ
2047,017180,KR7017180001,명문제약,KOSPI,,1244,2,-6,-0.48,1287,1330,1201,91896,114170585,42238096776,33953454,STK
2048,037230,KR7037230000,한국팩키지,KOSDAQ,우량기업부,1413,1,5,0.36,1403,1419,1398,8009,11274111,42107862051,29800327,KSQ
2049,189690,KR7189690001,포시에스,KOSDAQ,벤처기업부,1540,1,6,0.39,1532,1545,1525,17433,26751149,42075832260,27321969,KSQ
2050,086060,KR7086060001,진바이오텍,KOSDAQ,중견기업부,4865,2,-15,-0.31,4885,4910,4790,6275,30452810,41890505755,8610587,KSQ
2051,000215,KR7000211003,DL우,KOSPI,,24800,1,150,0.61,24650,24900,24050,873,21392675,41815652000,1686115,STK
2052,446070,KR7446070005,유니드비티플러스,KOSPI,,3940,2,-15,-0.38,4000,4020,3905,57270,227760000,41808187100,10611215,STK
2053,207760,KR7207760000,미스터블루,KOSDAQ,중견기업부,2515,2,-195,-7.2,2710,2760,2350,806848,2015545325,41789129340,16615956,KSQ
2054,002290,KR7002290005,삼일기업공사,KOSDAQ,우량기업부,3365,3,0,0.0,3375,3380,3365,4754,16038685,41726000000,12400000,KSQ
2055,461030,KR7461030009,아이엠비디엑스,KOSDAQ,기술성장기업부,2910,2,-50,-1.69,2970,2970,2825,17127,49319457,41713444470,14334517,KSQ
2056,286750,KR7286750005,나노실리칸첨단소재,KOSDAQ,투자주의환기종목(소속부없음),2595,1,35,1.37,2560,2700,2510,67775,175660900,41557440660,16014428,KSQ
2057,150900,KR7150900009,파수AI,KOSDAQ,벤처기업부,3545,1,95,2.75,3450,3580,3385,25967,91360825,41490403490,11703922,KSQ
2058,234100,KR7234100006,폴라리스세원,KOSDAQ,우량기업부,2840,1,40,1.43,2800,2850,2800,5585,15747150,41468646240,14601636,KSQ
2059,296160,KR7296160005,프로젠,KONEX,일반기업부,2695,1,25,0.94,2895,2895,2550,5790,15150625,41435837905,15375079,KNX
2060,056700,KR7056700008,신화인터텍,KOSDAQ,중견기업부,1422,3,0,0.0,1422,1427,1405,28006,39668568,41430099402,29135091,KSQ
2061,373160,KR7373160001,데이원컴퍼니,KOSDAQ,기술성장기업부,3000,2,-30,-0.99,3030,3035,2990,3891,11710970,41422407000,13807469,KSQ
2062,019490,KR7019490002,엑시큐어하이트론,KOSPI,,541,0,0,0.0,0,0,0,0,0,41349858070,76432270,STK
2063,900250,KYG2115T1076,크리스탈신소재,KOSDAQ,외국기업(소속부없음),1154,1,8,0.7,1165,1177,1140,63592,73205574,41330511154,35815001,KSQ
2064,011420,KR7011420007,갤럭시아에스엠,KOSPI,,1499,1,60,4.17,1462,1568,1462,110880,168816629,41296916356,27549644,STK
2065,196300,KR7196300008,HLB펩,KOSDAQ,관리종목(소속부없음),4345,1,130,3.08,4215,4390,4185,8025,33990735,41251199715,9493947,KSQ
2066,005320,KR7005320007,온타이드,KOSPI,,1205,1,47,4.06,1158,1225,1149,485470,580050276,41196353225,34187845,STK
2067,088280,KR7088280003,쏘닉스,KOSDAQ,기술성장기업부,2375,3,0,0.0,2380,2460,2235,34924,81581390,41102913750,17306490,KSQ
2068,450330,KR7450330006,하스,KOSDAQ,기술성장기업부,5020,1,30,0.6,5020,5190,5020,649,3303790,41097951860,8186843,KSQ
2069,261200,KR7261200000,덴티스,KOSDAQ,중견기업부,2595,1,40,1.57,2645,2645,2560,6344,16523635,41026171500,15809700,KSQ
2070,042940,KR7042940007,상지건설,KOSDAQ,중견기업부,6000,1,30,0.5,5970,6240,5970,15197,91466070,40972272000,6828712,KSQ
2071,321820,KR7321820003,아티스트컴퍼니,KOSDAQ,기술성장기업부,2625,1,225,9.38,2400,2790,2380,95829,250014525,40927362000,15591376,KSQ
2072,052220,KR7052220001,iMBC,KOSDAQ,중견기업부,1777,1,8,0.45,1754,1783,1754,6875,12148681,40871000000,23000000,KSQ
2073,238120,KR7238120000,얼라인드,KOSDAQ,기술성장기업부,2865,2,-10,-0.35,2875,2880,2850,2131,6100970,40735355010,14218274,KSQ
2074,065500,KR7065500001,오리엔트정공,KOSDAQ,중견기업부,1139,1,2,0.18,1120,1164,1120,70316,79517418,40711176768,35742912,KSQ
2075,008870,KR7008870008,금비,KOSPI,,40700,1,300,0.74,39100,40700,39100,829,33096600,40700000000,1000000,STK
2076,189860,KR7189860000,서전기전,KOSDAQ,벤처기업부,4195,1,35,0.84,4165,4260,4120,51468,214594565,40686382100,9698780,KSQ
2077,011300,KR7011300001,우성머티리얼스,KOSPI,,2360,2,-40,-1.67,2565,2565,2330,49531,117870765,40683815800,17238905,STK
2078,222420,KR7222420002,쎄노텍,KOSDAQ,벤처기업부,840,2,-7,-0.83,847,860,829,82774,69232831,40671559320,48418523,KSQ
2079,043340,KR7043340009,에쎈테크,KOSDAQ,중견기업부,854,1,10,1.18,873,873,830,14725,12435065,40565000000,47500000,KSQ
2080,200580,KR7200580009,메디쎄이,KONEX,일반기업부,10840,2,-10,-0.09,10940,10940,10840,13,141920,40390696360,3726079,KNX
2081,017040,KR7017040007,광명전기,KOSPI,,932,0,0,0.0,0,0,0,0,0,40390657180,43337615,STK
2082,256150,KR7256150004,한독크린텍,KOSDAQ,벤처기업부,4800,1,10,0.21,4800,4850,4795,2428,11679435,40296000000,8395000,KSQ
2083,263810,KR7263810004,상신전자,KOSDAQ,중견기업부,2530,2,-5,-0.2,2535,2540,2520,3766,9521915,40289807250,15924825,KSQ
2084,044960,KR7044960003,이글벳,KOSDAQ,중견기업부,3185,1,70,2.25,3115,3190,3115,32271,102104015,40264397355,12641883,KSQ
2085,199480,KR7199480005,뱅크웨어글로벌,KOSDAQ,기술성장기업부,3940,1,60,1.55,3960,4250,3940,59051,238836354,40174556720,10196588,KSQ
2086,042040,KR7042040006,케이피엠테크,KOSDAQ,중견기업부,4625,1,135,3.01,4460,4695,4450,7628,35023415,40103333375,8670991,KSQ
2087,043910,KR7043910009,자연과환경,KOSDAQ,벤처기업부,3535,1,65,1.87,3500,3620,3395,48080,169990830,40083877575,11339145,KSQ
2088,101240,KR7101240000,씨큐브,KOSDAQ,우량기업부,3510,1,10,0.29,3485,3570,3485,6764,23820406,39863252520,11357052,KSQ
2089,104200,KR7104200001,NHN벅스,KOSDAQ,중견기업부,2685,1,155,6.13,2595,2690,2505,62653,164735175,39811971750,14827550,KSQ
2090,012280,KR7012280004,영화금속,KOSPI,,4015,1,10,0.25,4100,4100,3955,11603,46328435,39768177515,9904901,STK
2091,064090,KR7064090004,인크레더블버즈,KOSDAQ,관리종목(소속부없음),798,0,0,0.0,0,0,0,0,0,39694710510,49742745,KSQ
2092,038070,KR7038070009,서린바이오,KOSDAQ,중견기업부,4265,2,-5,-0.12,4270,4330,4245,6691,28639780,39667383140,9300676,KSQ
2093,038060,KR7038060000,루멘스,KOSDAQ,중견기업부,824,3,0,0.0,848,848,821,52761,43626934,39636928856,48103069,KSQ
2094,100660,KR7100660000,서암기계공업,KOSDAQ,중견기업부,3140,1,60,1.95,3130,3200,3085,14989,46818410,39564000000,12600000,KSQ
2095,134790,KR7134790005,시디즈,KOSPI,,19750,2,-120,-0.6,19760,19960,19340,1082,21470760,39500000000,2000000,STK
2096,025880,KR7025880006,케이씨피드,KOSDAQ,우량기업부,2355,1,10,0.43,2345,2360,2330,41053,96138625,39365845590,16715858,KSQ
2097,049830,KR7049830003,승일,KOSDAQ,중견기업부,6400,1,10,0.16,6400,6500,6290,2392,15165040,39245516800,6132112,KSQ
2098,066900,KR7066900002,디에이피,KOSDAQ,관리종목(소속부없음),1725,2,-6,-0.35,1731,1731,1699,2332,4003798,39234267675,22744503,KSQ
2099,023960,KR7023960008,에쓰씨엔지니어링,KOSPI,,1029,2,-31,-2.92,1045,1104,1014,89205,92011873,39139016217,38035973,STK
2100,263770,KR7263770000,유에스티,KOSDAQ,우량기업부,1648,1,29,1.79,1618,1649,1617,2115,3457704,39057883456,23700172,KSQ
2101,097870,KR7097870000,효성오앤비,KOSDAQ,중견기업부,4590,1,15,0.33,4575,4650,4520,3310,15106350,38969100000,8490000,KSQ
2102,019770,KR7019770007,서연탑메탈,KOSDAQ,우량기업부,3340,1,45,1.37,3295,3340,3255,4756,15650150,38911000000,11650000,KSQ
2103,452200,KR7452200009,민테크,KOSDAQ,기술성장기업부,1598,1,4,0.25,1546,1616,1546,22473,35766877,38883814400,24332800,KSQ
2104,000890,KR7000890004,보해양조,KOSPI,,1406,2,-35,-2.43,1439,1444,1390,964964,1363022610,38839379150,27624025,STK
2105,250000,KR7250000007,보라티알,KOSDAQ,우량기업부,5750,2,-10,-0.17,5760,5760,5660,818,4674320,38816714750,6750733,KSQ
2106,006370,KR7006370001,대구백화점,KOSPI,,3580,2,-135,-3.63,3715,3715,3545,49197,176970153,38741367380,10821611,STK
2107,122690,KR7122690001,서진오토모티브,KOSDAQ,중견기업부,1674,2,-12,-0.71,1685,1692,1667,9347,15663465,38634523884,23079166,KSQ
2108,153460,KR7153460001,네이블,KOSDAQ,중견기업부,5910,3,0,0.0,5910,5910,5760,1838,10746070,38592382740,6530014,KSQ
2109,014570,KR7014570006,고려제약,KOSDAQ,중견기업부,3500,3,0,0.0,3500,3500,3450,4436,15446215,38500000000,11000000,KSQ
2110,047400,KR7047400007,유니온머티리얼,KOSPI,,916,1,4,0.44,913,933,898,29588,26971469,38472000000,42000000,STK
2111,050860,KR7050860006,아세아텍,KOSDAQ,우량기업부,1706,2,-1,-0.06,1707,1707,1671,3401,5759209,38385000000,22500000,KSQ
2112,186230,KR7186230009,그린플러스,KOSDAQ,벤처기업부,3515,2,-10,-0.28,3515,3515,3410,23028,79241160,38384460820,10920188,KSQ
2113,051490,KR7051490001,나라엠앤디,KOSDAQ,우량기업부,2690,1,10,0.37,2690,2695,2635,12717,33935695,38198000000,14200000,KSQ
2114,221840,KR7221840002,하이즈항공,KOSDAQ,중견기업부,2040,1,25,1.24,1955,2070,1953,4716,9416943,38149144440,18700561,KSQ
2115,086040,KR7086040003,바이오톡스텍,KOSDAQ,벤처기업부,2390,2,-25,-1.04,2415,2440,2370,5469,13092715,38140210330,15958247,KSQ
2116,352700,KR7352700009,씨앤투스,KOSDAQ,벤처기업부,1451,1,4,0.28,1447,1459,1437,16962,24521576,38127780449,26276899,KSQ
2117,000760,KR7000760009,이화산업,KOSPI,,13600,2,-60,-0.44,13660,13670,13460,838,11438750,38080000000,2800000,STK
2118,060850,KR7060850005,영림원소프트랩,KOSDAQ,벤처기업부,4675,1,10,0.21,4665,4705,4600,1763,8180600,38012425000,8131000,KSQ
2119,049800,KR7049800006,우진플라임,KOSPI,,1900,1,47,2.54,1866,1901,1853,15529,29295154,38000000000,20000000,STK
2120,145270,KR7145270005,케이탑리츠,KOSPI,,789,1,5,0.64,790,790,776,7369,5749969,37919950686,48060774,STK
2121,171010,KR7171010002,램테크놀러지,KOSDAQ,벤처기업부,2650,1,15,0.57,2625,2795,2550,18915,50068235,37891692800,14298752,KSQ
2122,221980,KR7221980006,케이디켐,KOSDAQ,우량기업부,9360,1,20,0.21,9350,9360,9250,806,7523870,37765728000,4034800,KSQ
2123,260660,KR7260660006,알리코제약,KOSDAQ,중견기업부,2460,2,-15,-0.61,2545,2545,2400,36114,88303205,37704471660,15327021,KSQ
2124,053950,KR7053950002,경남제약,KOSDAQ,중견기업부,1920,2,-54,-2.74,1989,2035,1888,308323,597389008,37669726080,19619649,KSQ
2125,133820,KR7133820001,화인베스틸,KOSPI,,1012,1,4,0.4,1008,1037,992,24450,24547566,37559876024,37114502,STK
2126,387570,KR7387570005,파인메딕스,KOSDAQ,기술성장기업부,6650,2,-30,-0.45,6700,6770,6530,8738,57937540,37412235000,5625900,KSQ
2127,097780,KR7097780001,에코볼트,KOSDAQ,중견기업부,1843,1,84,4.78,1759,1846,1759,68701,125364906,37400163027,20293089,KSQ
2128,084650,KR7084650001,랩지노믹스,KOSDAQ,관리종목(소속부없음),500,0,0,0.0,0,0,0,0,0,37119995000,74239990,KSQ
2129,263700,KR7263700007,케어랩스,KOSDAQ,중견기업부,1910,1,18,0.95,1920,1945,1863,10792,20471564,37081122000,19414200,KSQ
2130,219420,KR7219420007,링크제니시스,KOSDAQ,기술성장기업부,3230,1,25,0.78,3220,3235,3195,8759,28167457,37046507610,11469507,KSQ
2131,006920,KR7006920003,모헨즈,KOSDAQ,중견기업부,3390,2,-70,-2.02,3500,3550,3335,80636,273230600,37018800000,10920000,KSQ
2132,002870,KR7002870004,신풍,KOSPI,,1058,1,17,1.63,1065,1085,1030,159459,168761499,36986304600,34958700,STK
2133,177900,KR7177900008,쓰리에이로직스,KOSDAQ,기술성장기업부,3840,1,35,0.92,3790,3860,3730,13782,52153235,36969984000,9627600,KSQ
2134,123570,KR7123570004,이엠넷,KOSDAQ,중견기업부,1658,1,9,0.55,1659,1660,1649,387,641349,36933737324,22276078,KSQ
2135,072770,KR7072770001,멤레이비티,KOSDAQ,중견기업부,887,2,-12,-1.33,900,919,849,423611,372552472,36821230926,41512098,KSQ
2136,408900,KR7408900009,스튜디오미르,KOSDAQ,중견기업부,1123,2,-77,-6.42,1183,1199,1123,60450,69968432,36781539267,32752929,KSQ
2137,012160,KR7012160008,영흥,KOSPI,,2350,2,-10,-0.42,2330,2415,2305,18176,42393294,36708652050,15620703,STK
2138,046390,KR7046390001,삼화네트웍스,KOSDAQ,중견기업부,2125,2,-10,-0.47,2095,2200,2095,9360,20120500,36696992625,17269173,KSQ
2139,046310,KR7046310009,백금T&A,KOSDAQ,우량기업부,2225,2,-15,-0.67,2230,2230,2205,7571,16794345,36531476225,16418641,KSQ
2140,204020,KR7204020002,그리티,KOSDAQ,우량기업부,1877,2,-1,-0.05,1878,1913,1856,17677,32950221,36509211664,19450832,KSQ
2141,318410,KR7318410008,비비씨,KOSDAQ,중견기업부,6570,1,90,1.39,6400,6570,6400,3425,22237350,36497946510,5555243,KSQ
2142,065440,KR7065440000,이루온,KOSDAQ,벤처기업부,1335,1,1,0.07,1334,1353,1325,56814,75840584,36412151700,27275020,KSQ
2143,090410,KR7090410002,덕신이피씨,KOSDAQ,우량기업부,3950,1,5,0.13,4040,4040,3825,24319,94331350,36406435050,9216819,KSQ
2144,215380,KR7215380007,콜마바이오텍,KOSDAQ,중견기업부,2160,1,60,2.86,2150,2200,2080,26066,55600710,36351884160,16829576,KSQ
2145,369370,KR7369370002,블리츠웨이엔터테인먼트,KOSDAQ,벤처기업부,3630,3,0,0.0,3630,3700,3490,8270,29963285,36207006660,9974382,KSQ
2146,045060,KR7045060001,오공,KOSDAQ,우량기업부,2135,1,50,2.4,2090,2135,2085,9495,20025210,36171114490,16941974,KSQ
2147,191600,KR7191600006,블루탑,KONEX,일반기업부,12650,5,-2230,-14.99,0,0,0,0,0,36165439200,2858928,KNX
2148,032960,KR7032960007,동일기연,KOSDAQ,중견기업부,2055,1,40,1.99,2015,2060,1998,5710,11618424,36153563625,17592975,KSQ
2149,900270,HK0000214814,헝셩그룹,KOSDAQ,외국기업(소속부없음),3365,2,-165,-4.67,3600,3600,3240,341920,1161152246,36046849120,10712288,KSQ
2150,284620,KR7284620002,카이노스메드,KOSDAQ,투자주의환기종목(소속부없음),1087,0,0,0.0,0,0,0,0,0,35965517911,33086953,KSQ
2151,060540,KR7060540002,에스에이티,KOSDAQ,중견기업부,1374,1,45,3.39,1312,1380,1312,97026,131578767,35906651316,26132934,KSQ
2152,393210,KR7393210000,토마토시스템,KOSDAQ,기술성장기업부,2295,2,-10,-0.43,2285,2310,2240,10855,24633455,35835378480,15614544,KSQ
2153,196450,KR7196450001,코아시아씨엠,KOSDAQ,중견기업부,790,0,0,0.0,0,0,0,0,0,35802800000,45320000,KSQ
2154,081580,KR7081580003,성우전자,KOSDAQ,중견기업부,2305,1,35,1.54,2270,2375,2270,9189,20984190,35746269615,15508143,KSQ
2155,068940,KR7068940006,셀피글로벌,KOSDAQ,관리종목(소속부없음),778,0,0,0.0,0,0,0,0,0,35720093048,45912716,KSQ
2156,024120,KR7024120008,KB오토시스,KOSDAQ,중견기업부,3100,1,45,1.47,3060,3105,3060,6401,19785420,35650000000,11500000,KSQ
2157,121890,KR7121890008,에스디시스템,KOSDAQ,중견기업부,2680,1,50,1.9,2630,2795,2615,72351,195805975,35621075280,13291446,KSQ
2158,332290,KR7332290006,누보,KOSDAQ,벤처기업부,897,0,0,0.0,0,0,0,0,0,35607533559,39696247,KSQ
2159,290120,KR7290120005,DH오토리드,KOSDAQ,중견기업부,2245,2,-5,-0.22,2245,2265,2235,8819,19767680,35527522365,15825177,KSQ
2160,203450,KR7203450002,유니온바이오메트릭스,KOSDAQ,벤처기업부,2520,1,15,0.6,2525,2525,2500,6215,15620762,35479097640,14079007,KSQ
2161,010640,KR7010640001,진양폴리,KOSPI,,2120,2,-55,-2.53,2190,2190,2080,92992,197847700,35404000000,16700000,STK
2162,133750,KR7133750000,메가엠디,KOSDAQ,중견기업부,1510,1,1,0.07,1484,1520,1473,1657,2488976,35344686270,23407077,KSQ
2163,263050,KR7263050007,유틸렉스,KOSDAQ,관리종목(소속부없음),959,0,0,0.0,0,0,0,0,0,35324626904,36834856,KSQ
2164,239890,KR7239890007,피엔에이치테크,KOSDAQ,기술성장기업부,3550,1,155,4.57,3415,3550,3355,26468,92279410,35271930250,9935755,KSQ
2165,002880,KR7002880003,디와이에이,KOSPI,,753,0,0,0.0,0,0,0,0,0,35220818235,46773995,STK
2166,348080,KR7348080003,큐라티스,KOSDAQ,중견기업부,2745,1,65,2.43,2680,2750,2615,19353,51869131,35212181985,12827753,KSQ
2167,226330,KR7226330009,신테카바이오,KOSDAQ,투자주의환기종목(소속부없음),1450,1,15,1.05,1420,1495,1368,199942,283667187,35174788750,24258475,KSQ
2168,007530,KR7007530009,와이엠,KOSDAQ,중견기업부,1578,2,-20,-1.25,1598,1598,1573,8117,12959554,35117176518,22254231,KSQ
2169,016600,KR7016600009,큐캐피탈,KOSDAQ,중견기업부,2515,1,5,0.2,2510,2530,2475,7379,18457265,35113426515,13961601,KSQ
2170,057540,KR7057540007,옴니시스템,KOSDAQ,관리종목(소속부없음),590,2,-8,-1.34,598,598,583,69205,40555424,35042618120,59394268,KSQ
2171,005820,KR7005820006,원림,KOSPI,,15210,1,120,0.8,15080,15680,15000,4949,75074110,34952123700,2297970,STK
2172,446840,KR7446840001,지슨,KOSDAQ,기술성장기업부,3165,2,-210,-6.22,3350,3490,3020,23899,76495760,34867589640,11016616,KSQ
2173,270870,KR7270870009,뉴트리,KOSDAQ,중견기업부,3865,2,-5,-0.13,3860,3890,3790,1801,6908855,34765079790,8994846,KSQ
2174,184230,KR7184230001,SGA솔루션즈,KOSDAQ,벤처기업부,1845,1,25,1.37,1821,1871,1800,27929,50924257,34748641440,18833952,KSQ
2175,009140,KR7009140005,경인전자,KOSPI,,22100,2,-250,-1.12,22400,22550,21100,3082,67582075,34714613700,1570797,STK
2176,013000,KR7013000005,세우글로벌,KOSPI,,1209,1,11,0.92,1196,1219,1189,8221,9877636,34704382479,28705031,STK
2177,057030,KR7057030009,YBM넷,KOSDAQ,중견기업부,2125,2,-15,-0.7,2155,2160,2100,6082,12866190,34664481125,16312697,KSQ
2178,052600,KR7052600004,한네트,KOSDAQ,중견기업부,2995,1,15,0.5,2970,3000,2935,11868,35180390,34633281500,11563700,KSQ
2179,004365,KR7004361002,세방우,KOSPI,,9360,3,0,0.0,9360,9370,9050,1142,10617540,34531380000,3689250,STK
2180,397810,KR7397810003,애드포러스,KOSDAQ,벤처기업부,6680,2,-340,-4.84,6870,7020,6680,1609,10830120,34473943600,5160770,KSQ
2181,465480,KR7465480002,인스피언,KOSDAQ,벤처기업부,3400,2,-80,-2.3,3480,3480,3325,8429,28347350,34468424800,10137772,KSQ
2182,045510,KR7045510005,정원엔시스,KOSDAQ,중견기업부,1093,1,30,2.82,1113,1113,1050,53830,58101584,34407593001,31479957,KSQ
2183,035460,KR7035460005,기산텔레콤,KOSDAQ,벤처기업부,2305,1,35,1.54,2270,2350,2270,35946,82905886,34391383700,14920340,KSQ
2184,363250,KR7363250002,진시스템,KOSDAQ,기술성장기업부,4040,1,10,0.25,4200,4200,3910,1787,7165860,34373863280,8508382,KSQ
2185,010400,KR7010400000,우진아이엔에스,KOSPI,,4490,2,-40,-0.88,4545,4580,4380,12933,57912280,34222780000,7622000,STK
2186,335810,KR7335810008,프리시젼바이오,KOSDAQ,기술성장기업부,1557,1,20,1.3,1537,1570,1507,2721,4203413,34175380842,21949506,KSQ
2187,008250,KR7008250003,이건산업,KOSPI,,3120,1,80,2.63,3030,3200,3030,83870,261943923,34172221200,10952635,STK
2188,432430,KR7432430007,와이랩,KOSDAQ,기술성장기업부,2065,2,-40,-1.9,2175,2175,2050,9984,20628222,34089680800,16508320,KSQ
2189,208710,KR7208710004,포톤,KOSDAQ,중견기업부,2585,1,50,1.97,2640,2650,2515,28370,72499100,34070641220,13180132,KSQ
2190,064520,KR7064520000,테크엘,KOSDAQ,중견기업부,1520,1,20,1.33,1499,1520,1476,3873,5789254,33973614240,22351062,KSQ
2191,310870,KR7310870001,디와이씨,KOSDAQ,벤처기업부,1547,1,202,15.02,1345,1571,1345,549103,812696020,33914265294,21922602,KSQ
2192,469750,KR7469750004,아이비젼웍스,KOSDAQ,벤처기업부,983,1,4,0.41,999,999,970,40444,39705361,33870720823,34456481,KSQ
2193,033540,KR7033540006,파라텍,KOSDAQ,중견기업부,3240,2,-60,-1.82,3350,3350,3235,5873,19121855,33855621840,10449266,KSQ
2194,419120,KR7419120001,산돌,KOSDAQ,중견기업부,2370,1,10,0.42,2360,2390,2350,16832,39872702,33708720930,14223089,KSQ
2195,075130,KR7075130005,플랜티넷,KOSDAQ,벤처기업부,2090,1,35,1.7,2035,2120,2035,47037,97876895,33695648800,16122320,KSQ
2196,109820,KR7109820001,진매트릭스,KOSDAQ,기술성장기업부,1647,1,2,0.12,1650,1665,1630,71763,117795083,33588325080,20393640,KSQ
2197,143210,KR7143210003,핸즈코퍼레이션,KOSPI,,1199,0,0,0.0,0,0,0,0,0,33571739817,27999783,STK
2198,148930,KR7148930001,에이치와이티씨,KOSDAQ,중견기업부,3290,1,45,1.39,3275,3295,3200,3959,12859908,33476450770,10175213,KSQ
2199,039290,KR7039290002,인포뱅크,KOSDAQ,중견기업부,3840,1,20,0.52,3960,3960,3700,1085,4119715,33384875520,8693978,KSQ
2200,159910,KR7159910009,에코글로우,KOSDAQ,중견기업부,3185,2,-10,-0.31,3195,3200,3155,353,1127630,33337703945,10467097,KSQ
2201,318020,KR7318020005,포인트모바일,KOSDAQ,벤처기업부,2700,1,65,2.47,2680,2740,2620,4693,12682660,33213434400,12301272,KSQ
2202,064480,KR7064480007,브리지텍,KOSDAQ,벤처기업부,2775,1,10,0.36,2765,2785,2750,6971,19305205,33168187500,11952500,KSQ
2203,127980,KR7127980001,화인써키트,KOSDAQ,중견기업부,2800,1,85,3.13,2860,2860,2680,3145,8549640,33153915200,11840684,KSQ
2204,220180,KR7220180004,폴라리스AI핸디,KOSDAQ,벤처기업부,1385,2,-29,-2.05,1414,1414,1335,3213,4397827,33144216170,23930842,KSQ
2205,025440,KR7025440009,DH오토웨어,KOSDAQ,투자주의환기종목(소속부없음),3390,2,-10,-0.29,3370,3400,3305,4715,15775730,33073667160,9756244,KSQ
2206,066360,KR7066360009,체리부로,KOSDAQ,우량기업부,1378,1,1,0.07,1397,1397,1357,17797,24468668,33038937646,23976007,KSQ
2207,065950,KR7065950008,웰크론,KOSDAQ,중견기업부,1167,1,2,0.17,1165,1195,1141,53964,62651893,32945929434,28231302,KSQ
2208,300120,KR7300120003,라온피플,KOSDAQ,벤처기업부,3325,1,105,3.26,3650,4100,3200,4552312,16866258073,32920169975,9900803,KSQ
2209,068050,KR7068050004,팬엔터테인먼트,KOSDAQ,중견기업부,1186,3,0,0.0,1174,1196,1151,14191,16749284,32845174136,27694076,KSQ
2210,434480,KR7434480000,모니터랩,KOSDAQ,기술성장기업부,2665,1,180,7.24,2515,2665,2515,12959,33824185,32806949500,12310300,KSQ
2211,495810,KR7495810004,유비씨,KONEX,일반기업부,13120,0,0,0.0,0,0,0,0,0,32800000000,2500000,KNX
2212,009460,KR7009460007,한창제지,KOSPI,,2740,2,-10,-0.36,2750,2775,2695,7289,19952075,32697781780,11933497,STK
2213,464280,KR7464280007,티디에스팜,KOSDAQ,중견기업부,5910,1,90,1.55,5820,5940,5730,44309,258877800,32682300000,5530000,KSQ
2214,049120,KR7049120009,파인디앤씨,KOSDAQ,벤처기업부,3080,2,-85,-2.69,3390,3390,3020,9807,30186515,32653122040,10601663,KSQ
2215,173940,KR7173940008,에프엔씨엔터,KOSDAQ,중견기업부,2120,2,-40,-1.85,2150,2190,2100,9943,21064108,32632752960,15392808,KSQ
2216,089140,KR7089140008,넥스턴앤롤코리아,KOSDAQ,벤처기업부,2130,1,5,0.24,2120,2155,2105,26558,56517470,32623578420,15316234,KSQ
2217,452300,KR7452300007,캡스톤파트너스,KOSDAQ,중견기업부,2300,1,25,1.1,2275,2400,2240,25266,58017585,32589861500,14169505,KSQ
2218,021650,KR7021650007,한국큐빅,KOSDAQ,중견기업부,1993,2,-6,-0.3,1999,2015,1993,1174,2346268,32586672059,16350563,KSQ
2219,0203K0,KR70203K0005,송우인포텍,KONEX,일반기업부,10850,0,0,0.0,0,0,0,0,0,32550000000,3000000,KNX
2220,003535,KR7003531001,한화투자증권우,KOSPI,,6780,1,210,3.2,6690,7160,6690,49557,343411590,32544000000,4800000,STK
2221,090370,KR7090370008,메타랩스,KOSPI,,1191,2,-8,-0.67,1202,1320,1175,217999,265863935,32519884599,27304689,STK
2222,050110,KR7050110006,캠시스,KOSDAQ,중견기업부,1110,1,24,2.21,1114,1118,1086,140475,154697645,32439553530,29224823,KSQ
2223,476080,KR7476080007,M83,KOSDAQ,중견기업부,4010,1,85,2.17,3910,4045,3885,10816,43030420,32388770000,8077000,KSQ
2224,417860,KR7417860004,오브젠,KOSDAQ,벤처기업부,6870,1,30,0.44,6720,7060,6720,19798,134791220,32336444220,4706906,KSQ
2225,087600,KR7087600003,픽셀플러스,KOSDAQ,벤처기업부,3955,1,40,1.02,3935,4000,3845,1126,4449155,32298736890,8166558,KSQ
2226,131090,KR7131090003,시큐브,KOSDAQ,벤처기업부,4215,1,40,0.96,4180,4235,4130,5150,21626435,32279401515,7658221,KSQ
2227,317240,KR7317240000,TS트릴리온,KOSDAQ,벤처기업부,1105,1,2,0.18,1148,1148,1075,46237,50772331,32240265655,29176711,KSQ
2228,254120,KR7254120009,자비스,KOSDAQ,기술성장기업부,1048,2,-10,-0.95,1060,1075,1033,35093,36611257,32230474960,30754270,KSQ
2229,200780,KR7200780005,비씨월드제약,KOSDAQ,중견기업부,3020,2,-25,-0.82,3045,3045,2955,7730,23059520,32210296220,10665661,KSQ
2230,089150,KR7089150007,케이씨티,KOSDAQ,벤처기업부,1876,1,33,1.79,1844,1889,1844,12348,23130951,32173400000,17150000,KSQ
2231,099220,KR7099220006,SDN,KOSDAQ,관리종목(소속부없음),511,0,0,0.0,0,0,0,0,0,32164562850,62944350,KSQ
2232,037330,KR7037330008,인지디스플레,KOSDAQ,관리종목(소속부없음),732,1,20,2.81,721,768,719,27460,20002633,32123983968,43885224,KSQ
2233,001070,KR7001070002,대한방직,KOSPI,,6050,1,80,1.34,5850,6170,5850,2164,12897530,32065000000,5300000,STK
2234,187270,KR7187270004,신화콘텍,KOSDAQ,벤처기업부,3155,2,-15,-0.47,3170,3170,3090,3224,10086710,32003830975,10143845,KSQ
2235,038950,KR7038950002,파인디지털,KOSDAQ,중견기업부,3130,3,0,0.0,3130,3130,3100,363,1136080,31959694450,10210765,KSQ
2236,007120,KR7007120009,미래아이앤지,KOSPI,,1169,1,13,1.12,1208,1208,1149,28593,33308482,31940720266,27323114,STK
2237,099390,KR7099390007,브레인즈컴퍼니,KOSDAQ,벤처기업부,3890,1,35,0.91,3775,3890,3775,3545,13579290,31930220870,8208283,KSQ
2238,197140,KR7197140007,디지캡,KOSDAQ,벤처기업부,2450,1,70,2.94,2370,2455,2330,11839,28670550,31882227300,13013154,KSQ
2239,033830,KR7033830001,티비씨,KOSDAQ,중견기업부,1685,2,-4,-0.24,1689,1720,1669,22650,38385853,31858514050,18907130,KSQ
2240,296640,KR7296640006,이노에이엑스,KOSDAQ,벤처기업부,6140,2,-60,-0.97,6200,6420,6040,4595,28129005,31794467280,5178252,KSQ
2241,078590,KR7078590007,휴림에이텍,KOSDAQ,중견기업부,3180,1,60,1.92,3155,3370,3090,195737,624163966,31762892580,9988331,KSQ
2242,290090,KR7290090000,트윔,KOSDAQ,벤처기업부,4265,1,50,1.19,4215,4395,4180,650,2775070,31734022520,7440568,KSQ
2243,232830,KR7232830000,아이티센피엔에스,KOSDAQ,벤처기업부,1916,1,71,3.85,1845,1988,1845,7377,14195688,31678619016,16533726,KSQ
2244,031510,KR7031510001,오스템,KOSDAQ,중견기업부,1129,2,-22,-1.91,1140,1140,1121,25345,28620037,31612000000,28000000,KSQ
2245,263920,KR7263920001,휴엠앤씨,KOSDAQ,중견기업부,3215,2,-40,-1.23,3260,3275,3195,2518,8073450,31536018590,9809026,KSQ
2246,373170,KR7373170000,엠아이큐브솔루션,KOSDAQ,벤처기업부,2080,2,-225,-9.76,2210,2265,2005,915009,1932900857,31436683200,15113790,KSQ
2247,071850,KR7071850002,캐스텍코리아,KOSDAQ,투자주의환기종목(소속부없음),1293,1,17,1.33,1276,1298,1248,1326,1688842,31369392834,24260938,KSQ
2248,258830,KR7258830009,세종메디칼,KOSDAQ,관리종목(소속부없음),412,0,0,0.0,0,0,0,0,0,31223976612,75786351,KSQ
2249,080520,KR7080520000,오디텍,KOSDAQ,벤처기업부,2750,1,15,0.55,2770,2800,2735,5305,14592970,31136646750,11322417,KSQ
2250,037370,KR7037370004,EG,KOSDAQ,벤처기업부,3605,1,45,1.26,3570,3670,3520,5303,19076185,31093024060,8624972,KSQ
2251,093380,KR7093380004,풍강,KOSDAQ,중견기업부,3145,1,15,0.48,3195,3195,3040,39726,123585685,31070439385,9879313,KSQ
2252,128540,KR7128540002,에코캡,KOSDAQ,우량기업부,1164,1,2,0.17,1173,1212,1163,46703,54944442,31067695440,26690460,KSQ
2253,006740,KR7006740005,블루산업개발,KOSPI,,5220,2,-10,-0.19,5230,5280,5130,5895,30605280,31064005980,5950959,STK
2254,337840,KR7337840003,유엑스엔,KONEX,일반기업부,6230,3,0,0.0,6110,6360,6080,488,2985560,31009189540,4977398,KNX
2255,057680,KR7057680001,티사이언티픽,KOSDAQ,벤처기업부,1960,1,191,10.8,1833,2210,1832,1165374,2313118433,30954101640,15792909,KSQ
2256,012620,KR7012620001,원일특강,KOSDAQ,우량기업부,7030,1,10,0.14,7090,7090,7000,669,4710930,30932000000,4400000,KSQ
2257,066910,KR7066910001,손오공,KOSDAQ,중견기업부,2010,1,65,3.34,1940,2080,1940,11485,22966562,30927130320,15386632,KSQ
2258,276730,KR7276730009,한울앤제주,KOSDAQ,투자주의환기종목(소속부없음),1309,2,-22,-1.65,1449,1449,1290,53836,71567531,30902845820,23607980,KSQ
2259,033250,KR7033250002,체시스,KOSPI,,4825,1,120,2.55,4840,4945,4500,111983,536666315,30880000000,6400000,STK
2260,025750,KR7025750001,한솔홈데코,KOSPI,,1914,1,5,0.26,1907,1930,1895,15879,30361605,30840337506,16113029,STK
2261,407400,KR7407400001,꿈비,KOSDAQ,벤처기업부,2100,1,5,0.24,2085,2165,2085,9865,20742220,30732521400,14634534,KSQ
2262,020180,KR7020180006,대신정보통신,KOSDAQ,중견기업부,3995,3,0,0.0,3970,4015,3940,21080,83591475,30704703085,7685783,KSQ
2263,311390,KR7311390009,네오크레마,KOSDAQ,벤처기업부,2420,2,-10,-0.41,2430,2475,2400,45416,110445760,30622169380,12653789,KSQ
2264,069640,KR7069640001,한세엠케이,KOSPI,,1408,2,-8,-0.56,1416,1442,1345,20862,29099895,30603557248,21735481,STK
2265,033170,KR7033170002,시그네틱스,KOSDAQ,중견기업부,1784,1,7,0.39,1777,1900,1735,71165,126464255,30587862792,17145663,KSQ
2266,308170,KR7308170000,씨티알모빌리티,KOSPI,,3550,2,-90,-2.47,3725,3725,3520,3251,11682460,30565500000,8610000,STK
2267,032790,KR7032790008,엠젠솔루션,KOSDAQ,벤처기업부,1190,1,59,5.22,1100,1208,1074,151985,171819797,30559326140,25680106,KSQ
2268,051630,KR7051630002,진양화학,KOSPI,,1437,1,12,0.84,1410,1449,1407,56391,80660969,30464400000,21200000,STK
2269,462310,KR7462310004,뉴키즈온,KOSDAQ,중견기업부,3845,1,30,0.79,3895,3960,3830,8179,31575204,30370136225,7898605,KSQ
2270,079170,KR7079170007,한창산업,KOSDAQ,우량기업부,5840,1,70,1.21,5750,5890,5750,7991,46715190,30368000000,5200000,KSQ
2271,023150,KR7023150006,MH에탄올,KOSPI,,4105,2,-15,-0.36,4120,4160,4090,1045,4299845,30288849230,7378526,STK
2272,031310,KR7031310006,아이즈비전,KOSDAQ,중견기업부,1018,1,5,0.49,1013,1039,1010,35548,36292913,30282090718,29746651,KSQ
2273,019175,KR7019171008,신풍제약우,KOSPI,,15190,2,-650,-4.1,15360,16000,15000,7399,112867455,30246783700,1991230,STK
2274,246250,KR7246250005,에스엘에스바이오,KOSDAQ,관리종목(소속부없음),1969,0,0,0.0,0,0,0,0,0,30220617614,15348206,KSQ
2275,153490,KR7153490008,우리이앤엘하루틴,KOSDAQ,우량기업부,2930,2,-65,-2.17,2995,2995,2880,7202,21051390,30167280000,10296000,KSQ
2276,452160,KR7452160005,제이엔비,KOSDAQ,중견기업부,3135,2,-55,-1.72,3190,3215,3060,7965,24971746,30150947145,9617527,KSQ
2277,002690,KR7002690006,동일제강,KOSPI,,1484,1,5,0.34,1487,1496,1483,4093,6101901,30125734240,20300360,STK
2278,297570,KR7297570004,아틀라스링크,KOSDAQ,벤처기업부,869,0,0,0.0,0,0,0,0,0,30085838442,34621218,KSQ
2279,376980,KR7376980009,원티드랩,KOSDAQ,기술성장기업부,3080,1,45,1.48,3165,3165,3035,2823,8763810,30080493520,9766394,KSQ
2280,193250,KR7193250008,링크드,KOSDAQ,중견기업부,2250,2,-5,-0.22,2255,2255,2150,19679,43225775,30080099250,13368933,KSQ
2281,009810,KR7009810003,MDS스피어,KOSPI,,1908,3,0,0.0,1890,1910,1855,6490,12323533,30050240616,15749602,STK
2282,075970,KR7075970004,동국알앤에스,KOSDAQ,중견기업부,1631,3,0,0.0,1631,1635,1617,4224,6865264,30010400000,18400000,KSQ
2283,036420,KR7036420008,콘텐트리중앙,KOSPI,,1557,1,14,0.91,1543,1561,1525,17276,26574891,29991413556,19262308,STK
2284,091970,KR7091970004,LSK아이로봇,KOSDAQ,중견기업부,3980,2,-20,-0.5,4000,4010,3905,12688,50158342,29988424400,7534780,KSQ
2285,088340,KR7088340005,유라클,KOSDAQ,벤처기업부,6870,1,110,1.63,6760,6950,6690,10729,73127050,29983208160,4364368,KSQ
2286,003680,KR7003680006,한성기업,KOSPI,,4820,1,135,2.88,4710,4875,4685,100685,483128585,29929862300,6209515,STK
2287,237820,KR7237820006,플레이디,KOSDAQ,중견기업부,2325,1,50,2.2,2310,2335,2230,16979,38563483,29823100500,12827140,KSQ
2288,367000,KR7367000007,플래티어,KOSDAQ,벤처기업부,3545,1,95,2.75,3395,3665,3380,5038,17645095,29736193815,8388207,KSQ
2289,236810,KR7236810008,엔비티,KOSDAQ,기술성장기업부,1750,1,102,6.19,1648,1763,1606,91512,157909951,29706995500,16975426,KSQ
2290,024070,KR7024070005,WISCOM,KOSPI,,1937,2,-5,-0.26,1942,1956,1936,10785,20934563,29687310406,15326438,STK
2291,318010,KR7318010006,팜스빌,KOSDAQ,벤처기업부,3740,1,55,1.49,3685,3740,3645,813,3015035,29655724120,7929338,KSQ
2292,139670,KR7139670004,키네마스터,KOSDAQ,중견기업부,2100,1,85,4.22,2015,2100,2015,24178,50117710,29649501000,14118810,KSQ
2293,464580,KR7464580000,닷밀,KOSDAQ,기술성장기업부,1610,2,-6,-0.37,1615,1618,1535,25666,40542061,29633803290,18406089,KSQ
2294,271830,KR7271830002,팸텍,KOSDAQ,벤처기업부,1004,2,-1,-0.1,999,1027,998,92208,93160455,29608162808,29490202,KSQ
2295,227420,KR7227420007,도부,KONEX,일반기업부,778,5,-137,-14.97,778,778,778,111,86358,29598628780,38044510,KNX
2296,357430,KR7357430008,마스턴프리미어리츠,KOSPI,,970,1,10,1.04,960,977,952,34323,33158660,29590147790,30505307,STK
2297,363260,KR7363260001,모비데이즈,KOSDAQ,벤처기업부,916,0,0,0.0,0,0,0,0,0,29462012404,32163769,KSQ
2298,351330,KR7351330006,이삭엔지니어링,KOSDAQ,벤처기업부,3550,1,65,1.87,3485,3585,3465,5122,18118395,29424246000,8288520,KSQ
2299,001380,KR7001380005,SG글로벌,KOSPI,,1308,1,6,0.46,1302,1319,1290,23114,30169651,29406548868,22482071,STK
2300,105550,KR7105550008,엣지파운드리,KOSDAQ,중견기업부,1874,2,-5,-0.27,1860,1884,1848,58692,109354782,29349482340,15661410,KSQ
2301,446440,KR7446440000,에피바이오텍,KONEX,일반기업부,12700,1,500,4.1,12700,12700,12700,1,12700,29297363300,2306879,KNX
2302,006570,KR7006570006,대림통상,KOSPI,,1924,1,64,3.44,1851,1994,1850,61115,117135087,29292900000,15225000,STK
2303,215090,KR7215090002,솔디펜스,KOSDAQ,벤처기업부,1265,1,6,0.48,1275,1299,1247,47087,59816501,29291911165,23155661,KSQ
2304,079000,KR7079000006,와토스코리아,KOSDAQ,중견기업부,4065,1,15,0.37,4080,4110,4000,12067,48601655,29268000000,7200000,KSQ
2305,360350,KR7360350003,코셈,KOSDAQ,기술성장기업부,5380,1,100,1.89,5290,5460,5180,4087,21856810,29256278600,5437970,KSQ
2306,096690,KR7096690003,에이루트,KOSDAQ,중견기업부,7250,1,280,4.02,6970,7650,6950,47659,343440710,29165604500,4022842,KSQ
2307,290560,KR7290560002,파라택시스이더리움,KOSDAQ,벤처기업부,1303,1,46,3.66,1417,1508,1303,600482,838612217,29138637190,22362730,KSQ
2308,336060,KR7336060009,웨이버스,KOSDAQ,벤처기업부,3025,3,0,0.0,3030,3140,3005,7812,23734695,29133896000,9631040,KSQ
2309,088790,KR7088790001,진도,KOSPI,,2340,2,-75,-3.11,2400,2415,2330,63294,149778017,29127720960,12447744,STK
2310,106240,KR7106240005,파인테크닉스,KOSDAQ,벤처기업부,1095,2,-30,-2.67,1125,1138,1093,19228,21173674,29107195830,26581914,KSQ
2311,368970,KR7368970000,오에스피,KOSDAQ,관리종목(소속부없음),2585,1,25,0.98,2595,2595,2500,13077,33081975,29054671030,11239718,KSQ
2312,118000,KR7118000009,메타케어,KOSPI,,1315,1,2,0.15,1328,1333,1259,32294,41529329,29003357275,22055785,STK
2313,096630,KR7096630009,에스코넥,KOSDAQ,우량기업부,1825,1,19,1.05,1806,1826,1803,11261,20449729,28974289475,15876323,KSQ
2314,014130,KR7014130009,한익스프레스,KOSPI,,2450,1,5,0.2,2465,2465,2400,14383,34788765,28953813350,11817883,STK
2315,003060,KR7003060001,에이프로젠바이오로직스,KOSPI,,1810,1,83,4.81,2245,2245,1801,8032212,16885468255,28940663770,15989317,STK
2316,458350,KR7458350006,에스팀,KOSDAQ,중견기업부,3330,2,-10,-0.3,3350,3370,3250,18391,60496463,28915056000,8683200,KSQ
2317,007770,KR7007770001,한일화학,KOSDAQ,중견기업부,8220,1,30,0.37,8240,8290,7740,7445,61020835,28852200000,3510000,KSQ
2318,119500,KR7119500007,포메탈,KOSDAQ,중견기업부,2435,1,5,0.21,2430,2490,2415,53905,132327399,28848009920,11847232,KSQ
2319,262840,KR7262840002,아이퀘스트,KOSDAQ,벤처기업부,2730,1,10,0.37,2715,2775,2695,9250,25127545,28847778960,10566952,KSQ
2320,013720,KR7013720008,청보,KOSDAQ,중견기업부,2370,2,-25,-1.04,2390,2400,2330,6084,14344840,28832538360,12165628,KSQ
2321,365590,KR7365590009,하이딥,KOSDAQ,기술성장기업부,783,0,0,0.0,0,0,0,0,0,28825792650,36814550,KSQ
2322,115480,KR7115480006,씨유메디칼,KOSDAQ,중견기업부,2375,1,105,4.63,2350,2380,2235,36152,84977779,28796663625,12124911,KSQ
2323,239610,KR7239610009,에이치엘사이언스,KOSDAQ,벤처기업부,5330,1,10,0.19,5330,5330,5010,1578,8261500,28739972950,5392115,KSQ
2324,444530,KR7444530000,심플랫폼,KOSDAQ,기술성장기업부,4465,1,5,0.11,4400,4720,4400,4983,22159975,28717924490,6431786,KSQ
2325,025890,KR7025890005,한국주강,KOSPI,,2570,1,5,0.19,2565,2570,2540,6078,15506895,28641663120,11144616,STK
2326,038620,KR7038620001,위즈코프,KOSDAQ,벤처기업부,1888,2,-45,-2.33,1970,1970,1860,13942,26451927,28595445984,15145893,KSQ
2327,017000,KR7017000001,신원종합개발,KOSDAQ,우량기업부,2450,1,40,1.66,2410,2470,2395,19991,48777387,28586666150,11668027,KSQ
2328,008470,KR7008470007,부스타,KOSDAQ,벤처기업부,1700,1,20,1.19,1740,1740,1674,26592,44897894,28576320000,16809600,KSQ
2329,238490,KR7238490007,힘스,KOSDAQ,벤처기업부,2525,3,0,0.0,2575,2580,2395,75425,186157730,28563395900,11312236,KSQ
2330,016920,KR7016920001,카스,KOSDAQ,중견기업부,1110,1,16,1.46,1094,1113,1082,173445,191359951,28525592520,25698732,KSQ
2331,195500,KR7195500004,마니커에프앤지,KOSDAQ,중견기업부,1774,1,20,1.14,1780,1780,1740,76481,134038752,28344972000,15978000,KSQ
2332,045300,KR7045300001,성우테크론,KOSDAQ,중견기업부,2685,1,30,1.13,2655,2710,2640,21310,56846442,28318727220,10547012,KSQ
2333,364950,KR7364950006,에이아이코리아,KOSDAQ,벤처기업부,3410,1,5,0.15,3440,3475,3380,5059,17351685,28290877450,8296445,KSQ
2334,043220,KR7043220003,티에스넥스젠,KOSDAQ,관리종목(소속부없음),1710,0,0,0.0,0,0,0,0,0,28191099330,16486023,KSQ
2335,109960,KR7109960005,앱토크롬,KOSDAQ,투자주의환기종목(소속부없음),1858,1,51,2.82,1810,1870,1810,3726,6905670,28115688914,15132233,KSQ
2336,430690,KR7430690008,한싹,KOSDAQ,벤처기업부,2580,1,155,6.39,2440,2650,2440,58466,149834900,28109884320,10895304,KSQ
2337,348030,KR7348030008,모비릭스,KOSDAQ,중견기업부,2925,2,-35,-1.18,3010,3075,2710,39333,114328381,28091115000,9603800,KSQ
2338,054780,KR7054780002,키이스트,KOSDAQ,중견기업부,1427,1,20,1.42,1407,1495,1395,37293,53743331,28051670611,19657793,KSQ
2339,068100,KR7068100007,케이웨더,KOSDAQ,기술성장기업부,2350,1,20,0.86,2330,2365,2290,8764,20436225,28029709600,11927536,KSQ
2340,069410,KR7069410009,엔텔스,KOSDAQ,벤처기업부,2735,1,35,1.3,2700,2840,2700,3741,10278325,28019593640,10244824,KSQ
2341,131220,KR7131220006,대한과학,KOSDAQ,벤처기업부,3750,1,55,1.49,3675,3775,3665,1991,7402432,27954337500,7454490,KSQ
2342,450520,KR7450520002,인스웨이브,KOSDAQ,벤처기업부,1900,1,90,4.97,1800,1900,1800,7430,14090417,27938698200,14704578,KSQ
2343,388610,KR7388610008,지에프씨생명과학,KOSDAQ,기술성장기업부,5230,1,30,0.58,5180,5400,5140,3384,17798960,27851753090,5325383,KSQ
2344,160550,KR7160550000,NEW,KOSDAQ,중견기업부,998,2,-2,-0.2,994,1004,975,17208,17124058,27850293788,27906106,KSQ
2345,070590,KR7070590005,인티큐브,KOSDAQ,중견기업부,2005,1,56,2.87,1918,2020,1918,15089,30126687,27828439605,13879521,KSQ
2346,322780,KR7322780008,코퍼스코리아,KOSDAQ,중견기업부,1854,1,64,3.58,1737,1918,1737,27803,50549939,27826804656,15009064,KSQ
2347,101670,KR7101670008,하이드로리튬,KOSDAQ,관리종목(소속부없음),490,1,32,6.99,480,494,457,788808,378380320,27820821630,56777187,KSQ
2348,900310,HK0000341732,컬러레이,KOSDAQ,외국기업(소속부없음),2170,2,-30,-1.36,2185,2260,2135,1971,4337605,27794086950,12808335,KSQ
2349,356890,KR7356890004,싸이버원,KOSDAQ,벤처기업부,2325,2,-15,-0.64,2350,2350,2300,5933,13751800,27792643125,11953825,KSQ
2350,188260,KR7188260004,세니젠,KOSDAQ,투자주의환기종목(소속부없음),1999,2,-71,-3.43,2070,2075,1999,5675,11475680,27788734682,13901318,KSQ
2351,080530,KR7080530009,코디,KOSDAQ,중견기업부,2505,3,0,0.0,2585,2585,2415,9596,23824870,27734568420,11071684,KSQ
2352,115530,KR7115530008,씨엔플러스,KOSDAQ,중견기업부,3230,1,30,0.94,3200,3260,3165,15406,49509625,27720037650,8582055,KSQ
2353,053290,KR7053290003,NE능률,KOSDAQ,중견기업부,1676,1,38,2.32,1638,1779,1634,4101,6897507,27698090532,16526307,KSQ
2354,258790,KR7258790005,소프트캠프,KOSDAQ,벤처기업부,5520,1,130,2.41,5550,5700,5390,23191,128189835,27590373120,4998256,KSQ
2355,091340,KR7091340000,S&K폴리텍,KOSDAQ,중견기업부,2355,1,30,1.29,2325,2360,2310,10747,25100705,27562262955,11703721,KSQ
2356,067010,KR7067010009,이씨에스,KOSDAQ,벤처기업부,2530,1,5,0.2,2520,2530,2485,48547,122090727,27547905000,10888500,KSQ
2357,103840,KR7103840005,우양,KOSDAQ,중견기업부,1680,2,-4,-0.24,1684,1684,1653,20957,34813018,27495599040,16366428,KSQ
2358,206400,KR7206400004,베노티앤알,KOSDAQ,중견기업부,733,2,-2,-0.27,711,765,697,86234,62772440,27494945814,37510158,KSQ
2359,019570,KR7019570001,GMI벤처,KOSDAQ,중견기업부,2880,1,15,0.52,2900,2945,2785,12072,34153837,27489611520,9545004,KSQ
2360,069140,KR7069140002,누리플랜,KOSDAQ,벤처기업부,1821,2,-9,-0.49,1830,1920,1775,9875,18384125,27489459084,15095804,KSQ
2361,462980,KR7462980004,아이지넷,KOSDAQ,기술성장기업부,1504,2,-17,-1.12,1549,1550,1477,1699,2573149,27424593248,18234437,KSQ
2362,290270,KR7290270008,휴네시온,KOSDAQ,벤처기업부,2850,1,65,2.33,2785,2890,2785,5543,15733410,27381865200,9607672,KSQ
2363,130500,KR7130500002,GH신소재,KOSDAQ,중견기업부,1880,2,-7,-0.37,1890,1930,1863,4233,7964252,27344697760,14545052,KSQ
2364,044480,KR7044480002,빌리언스,KOSDAQ,중견기업부,820,0,0,0.0,0,0,0,0,0,27265751120,33250916,KSQ
2365,032750,KR7032750002,삼진,KOSDAQ,우량기업부,3015,1,30,1.01,3005,3040,2840,29690,88650270,27228832830,9031122,KSQ
2366,406820,KR7406820001,뷰티스킨,KOSDAQ,벤처기업부,1916,1,10,0.52,1910,1923,1882,88579,168581835,27084876812,14136157,KSQ
2367,465770,KR7465770006,STX그린로지스,KOSPI,,3750,2,-70,-1.83,3810,4470,3750,4777225,19599868525,27068925000,7218380,STK
2368,900070,KYG3931T1076,글로벌에스엠,KOSDAQ,외국기업(소속부없음),1007,1,9,0.9,998,1013,990,27503,27546765,27060087888,26871984,KSQ
2369,328380,KR7328380001,솔트웨어,KOSDAQ,벤처기업부,3945,1,15,0.38,3790,4065,3750,64685,253856845,27033329475,6852555,KSQ
2370,138070,KR7138070008,신진에스엠,KOSDAQ,중견기업부,1542,1,12,0.78,1530,1569,1512,8962,13860325,26989940568,17503204,KSQ
2371,021880,KR7021880000,메이슨캐피탈,KOSDAQ,중견기업부,1270,2,-5,-0.39,1275,1305,1262,15533,19811399,26947418800,21218440,KSQ
2372,048470,KR7048470009,대동스틸,KOSDAQ,중견기업부,2790,2,-35,-1.24,2835,2910,2765,22280,62399070,26923500000,9650000,KSQ
2373,206950,KR7206950008,볼빅,KONEX,일반기업부,1899,2,-100,-5.0,1700,1990,1700,438,795087,26732726235,14077265,KNX
2374,047080,KR7047080007,한빛소프트,KOSDAQ,중견기업부,1075,1,8,0.75,1056,1091,1043,26557,28392169,26684039150,24822362,KSQ
2375,134060,KR7134060003,이퓨쳐,KOSDAQ,벤처기업부,5580,1,150,2.76,5350,5650,5350,2983,16446245,26612415000,4769250,KSQ
2376,035200,KR7035200005,프럼파스트,KOSDAQ,벤처기업부,2885,2,-65,-2.2,2950,2955,2865,35484,103086986,26599645185,9219981,KSQ
2377,006490,KR7006490007,프리티,KOSPI,,898,0,0,0.0,0,0,0,0,0,26560346254,29577223,STK
2378,071950,KR7071950000,코아스,KOSPI,,1835,2,-2,-0.11,1819,1850,1753,26389,47633212,26532622825,14459195,STK
2379,267790,KR7267790004,배럴,KOSDAQ,중견기업부,3450,2,-35,-1.0,3455,3490,3405,1076,3692885,26528116050,7689309,KSQ
2380,377030,KR7377030002,비트맥스,KOSDAQ,관리종목(소속부없음),1855,1,121,6.98,2050,2050,1800,41574,77294787,26511107210,14291702,KSQ
2381,005110,KR7005110002,한창,KOSPI,,1254,0,0,0.0,0,0,0,0,0,26467434378,21106407,STK
2382,033050,KR7033050006,제이엠아이,KOSDAQ,관리종목(소속부없음),830,1,9,1.1,823,835,815,36799,30249863,26426642240,31839328,KSQ
2383,225220,KR7225220003,제놀루션,KOSDAQ,벤처기업부,1368,1,16,1.18,1340,1381,1330,28114,38155590,26251948728,19190021,KSQ
2384,351870,KR7351870001,차이커뮤니케이션,KOSDAQ,중견기업부,2350,2,-70,-2.89,2480,2480,2310,4106,9742690,26227508700,11160642,KSQ
2385,475660,KR7475660007,에스켐,KOSDAQ,기술성장기업부,3300,1,25,0.76,3275,3330,3215,1547,5060440,26168455500,7929835,KSQ
2386,376180,KR7376180006,피코그램,KOSDAQ,벤처기업부,1409,2,-37,-2.56,1446,1495,1380,20286,29060330,26152502542,18561038,KSQ
2387,026910,KR7026910000,광진실업,KOSDAQ,중견기업부,3290,2,-140,-4.08,3440,3475,3210,92291,309464340,26084192540,7928326,KSQ
2388,001810,KR7001810001,무림SP,KOSDAQ,중견기업부,1177,1,2,0.17,1175,1187,1169,5107,6015450,26055837500,22137500,KSQ
2389,058110,KR7058110008,멕아이씨에스,KOSDAQ,기술성장기업부,1623,1,31,1.95,1592,1635,1568,43352,69040110,26050010190,16050530,KSQ
2390,030720,KR7030720007,동원수산,KOSPI,,5590,1,60,1.08,5480,5670,5480,32428,181528150,26014769950,4653805,STK
2391,424760,KR7424760007,벨로크,KOSDAQ,벤처기업부,2585,1,155,6.38,2470,2600,2315,60803,150395810,25990541280,10054368,KSQ
2392,044780,KR7044780005,에이치케이,KOSDAQ,벤처기업부,1404,1,5,0.36,1384,1410,1350,61413,85045431,25982124948,18505787,KSQ
2393,038530,KR7038530002,케이바이오랩스,KOSDAQ,중견기업부,999,0,0,0.0,0,0,0,0,0,25864231878,25890122,KSQ
2394,198940,KR7198940009,한주라이트메탈,KOSDAQ,중견기업부,1299,1,3,0.23,1306,1306,1283,10924,14138262,25862778240,19909760,KSQ
2395,215790,KR7215790007,이노인스트루먼트,KOSDAQ,관리종목(소속부없음),642,1,17,2.72,625,647,617,575305,363703106,25861781658,40283149,KSQ
2396,004870,KR7004870002,티웨이홀딩스,KOSPI,,1141,1,3,0.26,1138,1160,1129,46522,53040463,25823908418,22632698,STK
2397,177830,KR7177830007,파버나인,KOSDAQ,벤처기업부,2280,3,0,0.0,2290,2305,2225,11342,25525905,25823264040,11325993,KSQ
2398,114630,KR7114630007,폴라리스우노,KOSDAQ,우량기업부,1494,1,11,0.74,1484,1495,1460,28494,42397127,25749460512,17235248,KSQ
2399,054940,KR7054940002,엑사이엔씨,KOSDAQ,중견기업부,3880,2,-15,-0.39,3785,3950,3765,181752,701555980,25742670920,6634709,KSQ
2400,123840,KR7123840001,뉴온,KOSDAQ,투자주의환기종목(소속부없음),1655,2,-39,-2.3,1693,1697,1650,1407,2355025,25740297750,15553050,KSQ
2401,006345,KR7006341002,대원전선우,KOSPI,,9810,1,80,0.82,9820,10050,9690,13848,135673185,25713972000,2621200,STK
2402,090150,KR7090150004,아이윈,KOSDAQ,중견기업부,6140,1,10,0.16,6130,6140,5930,5986,36127410,25711428060,4187529,KSQ
2403,023770,KR7023770001,플레이위드,KOSDAQ,중견기업부,2870,1,150,5.51,2720,2910,2690,112261,318913234,25676440650,8946495,KSQ
2404,146060,KR7146060009,율촌,KOSDAQ,중견기업부,1069,1,9,0.85,1050,1071,1049,23742,25193212,25672671055,24015595,KSQ
2405,368600,KR7368600003,아이씨에이치,KOSDAQ,기술성장기업부,995,2,-38,-3.68,1060,1066,980,1279285,1294292348,25666437925,25795415,KSQ
2406,076080,KR7076080001,웰크론한텍,KOSDAQ,중견기업부,1134,3,0,0.0,1145,1157,1120,17287,19559707,25621772904,22594156,KSQ
2407,005360,KR7005360003,모나미,KOSPI,,1353,1,26,1.96,1328,1399,1310,293652,399341635,25568056371,18897307,STK
2408,311060,KR7311060008,엘에이티,KONEX,일반기업부,3245,2,-15,-0.46,3130,3245,3060,495,1539725,25545074830,7872134,KNX
2409,288620,KR7288620008,에스프리즘,KOSDAQ,벤처기업부,3655,1,15,0.41,3645,3680,3560,8447,30327130,25509399980,6979316,KSQ
2410,208350,KR7208350009,지란지교시큐리티,KOSDAQ,벤처기업부,3140,1,85,2.78,3080,3140,3080,8450,26281685,25438929800,8101570,KSQ
2411,002355,KR7002351005,넥센타이어1우B,KOSPI,,3910,3,0,0.0,3930,3930,3905,83,325470,25415000000,6500000,STK
2412,007720,KR7007720006,소노스퀘어,KOSDAQ,중견기업부,1259,1,13,1.04,1239,1286,1225,18115,22455573,25381553310,20160090,KSQ
2413,073540,KR7073540007,에프알텍,KOSDAQ,벤처기업부,2220,1,30,1.37,2190,2285,2175,11936,26482505,25308000000,11400000,KSQ
2414,054090,KR7054090006,삼진엘앤디,KOSDAQ,중견기업부,1012,2,-18,-1.75,1040,1165,1000,1166680,1273959562,25258742784,24959232,KSQ
2415,038870,KR7038870002,에코심플렉스,KOSDAQ,중견기업부,1798,2,-35,-1.91,1833,1859,1752,3941,7177899,25198878302,14014949,KSQ
2416,027040,KR7027040005,서울전자통신,KOSDAQ,중견기업부,1810,2,-56,-3.0,1751,1849,1720,106071,188161054,25191161890,13917769,KSQ
2417,060380,KR7060380003,동양에스텍,KOSDAQ,중견기업부,1278,2,-7,-0.54,1310,1310,1274,13277,17069107,25176600000,19700000,KSQ
2418,354390,KR7354390007,바스칸바이오제약,KONEX,일반기업부,3580,1,200,5.92,3005,3580,3005,75,251645,25125324260,7018247,KNX
2419,039310,KR7039310008,세중,KOSDAQ,중견기업부,1385,2,-82,-5.59,1500,1500,1351,56975,80705643,25098508795,18121667,KSQ
2420,278990,KR7278990007,EMB,KONEX,일반기업부,3100,1,100,3.33,3100,3100,2900,100,307900,25000808700,8064777,KNX
2421,043200,KR7043200005,파루,KOSDAQ,벤처기업부,1195,2,-28,-2.29,1250,1250,1180,398232,478622144,24978077615,20902157,KSQ
2422,083640,KR7083640003,인콘,KOSDAQ,벤처기업부,1087,0,0,0.0,0,0,0,0,0,24955718841,22958343,KSQ
2423,002070,KR7002070001,비비안,KOSPI,,5180,1,525,11.28,4830,5250,4595,126097,626384139,24873324000,4801800,STK
2424,016670,KR7016670002,디모아,KOSDAQ,중견기업부,2430,1,50,2.1,2380,2430,2380,3647,8758675,24771988620,10194234,KSQ
2425,318000,KR7318000007,KBG,KOSDAQ,벤처기업부,2830,1,5,0.18,2825,2870,2810,6914,19498920,24734831090,8740223,KSQ
2426,333050,KR7333050003,이노테나,KOSDAQ,벤처기업부,5010,1,20,0.4,5400,5400,4870,8601,43942040,24671344200,4924420,KSQ
2427,039740,KR7039740006,한국정보공학,KOSDAQ,벤처기업부,3075,1,45,1.49,3005,3075,3000,5908,17916465,24656570775,8018397,KSQ
2428,003495,KR7003491008,대한항공우,KOSPI,,22100,1,300,1.38,21950,22500,21900,3577,78994550,24548547400,1110794,STK
2429,131180,KR7131180002,딜리,KOSDAQ,벤처기업부,4180,1,50,1.21,4130,4295,4085,7484,31323945,24536600000,5870000,KSQ
2430,051380,KR7051380004,피씨디렉트,KOSDAQ,중견기업부,1595,1,32,2.05,1555,1598,1555,14835,23536513,24467414840,15340072,KSQ
2431,200350,KR7200350007,아티스트스튜디오,KOSDAQ,기술성장기업부,2445,1,40,1.66,2380,2445,2380,4878,11778192,24440281125,9996025,KSQ
2432,33637K,KR733637K010,솔루스첨단소재1우,KOSPI,,1445,1,1,0.07,1444,1445,1416,784,1124693,24430750830,16907094,STK
2433,464500,KR7464500008,아이언디바이스,KOSDAQ,기술성장기업부,1744,1,35,2.05,1709,1769,1688,29894,51649961,24404250672,13993263,KSQ
2434,052300,KR7052300001,오션인더블유,KOSDAQ,중견기업부,1500,1,43,2.95,1457,1500,1450,83002,121620021,24366192000,16244128,KSQ
2435,243870,KR7243870003,아이티센코어,KONEX,일반기업부,8370,2,-180,-2.11,8000,8400,7730,130,1017600,24211321470,2892631,KNX
2436,301300,KR7301300000,바이브컴퍼니,KOSDAQ,기술성장기업부,1838,2,-22,-1.18,1949,1949,1836,12787,23646655,24178360656,13154712,KSQ
2437,169330,KR7169330008,엠브레인,KOSDAQ,중견기업부,1318,2,-16,-1.2,1325,1325,1288,5443,7096344,24141697924,18316918,KSQ
2438,148250,KR7148250004,알엔투테크놀로지,KOSDAQ,벤처기업부,1772,1,12,0.68,1760,1836,1756,42574,76316681,24118167488,13610704,KSQ
2439,060900,KR7060900008,에이전트AI,KOSDAQ,중견기업부,3685,1,35,0.96,3900,3900,3600,71050,258431070,24113851410,6543786,KSQ
2440,403360,KR7403360001,라피치,KONEX,일반기업부,6400,1,20,0.31,6390,6400,6000,4563,27401760,24112864000,3767635,KNX
2441,298060,KR7298060005,풍전약품,KOSDAQ,관리종목(소속부없음),2495,2,-25,-0.99,2590,2590,2450,3047,7554950,24045430265,9637447,KSQ
2442,222980,KR7222980005,한국맥널티,KOSDAQ,벤처기업부,2175,1,20,0.93,2155,2180,2110,8442,18156235,23993475525,11031483,KSQ
2443,130740,KR7130740004,티피씨글로벌,KOSDAQ,중견기업부,2125,1,45,2.16,2080,2130,2070,49405,104237280,23962942875,11276679,KSQ
2444,275630,KR7275630002,에스에스알,KOSDAQ,벤처기업부,4560,1,495,12.18,4150,4595,4045,136437,590073608,23957364480,5253808,KSQ
2445,0010F0,KR70010F0005,보원케미칼,KOSDAQ,벤처기업부,2145,2,-60,-2.72,2205,2245,2135,39454,85779115,23903024145,11143601,KSQ
2446,036480,KR7036480002,대성미생물,KOSDAQ,중견기업부,6290,1,50,0.8,6240,6300,6170,3934,24560540,23902000000,3800000,KSQ
2447,290520,KR7290520006,신도기연,KOSDAQ,벤처기업부,1510,1,10,0.67,1500,1569,1456,10086,15233944,23761607640,15736164,KSQ
2448,207490,KR7207490004,에이펙스인텍,KONEX,일반기업부,6600,0,0,0.0,0,0,0,0,0,23760000000,3600000,KNX
2449,148780,KR7148780000,비큐AI,KOSDAQ,기술성장기업부,3770,1,25,0.67,3775,3800,3645,113765,425612520,23710076650,6289145,KSQ
2450,109670,KR7109670000,씨싸이트,KOSDAQ,중견기업부,4060,2,-70,-1.69,4170,4190,3955,6951,27881830,23696604120,5836602,KSQ
2451,378800,KR7378800007,샤페론,KOSDAQ,관리종목(소속부없음),510,0,0,0.0,0,0,0,0,0,23583945810,46243031,KSQ
2452,018700,KR7018700005,졸스,KOSDAQ,투자주의환기종목(소속부없음),1410,1,21,1.51,1389,1434,1380,2199,3067892,23578386600,16722260,KSQ
2453,331520,KR7331520007,밸로프,KOSDAQ,중견기업부,2405,2,-20,-0.82,2425,2425,2375,13703,32855265,23571852330,9801186,KSQ
2454,241840,KR7241840008,에이스토리,KOSDAQ,중견기업부,2465,1,30,1.23,2475,2485,2405,14990,36785240,23516085210,9539994,KSQ
2455,123750,KR7123750002,알톤,KOSDAQ,중견기업부,1701,1,1,0.06,1700,1705,1700,620,1054644,23506559559,13819259,KSQ
2456,462510,KR7462510009,라메디텍,KOSDAQ,기술성장기업부,2665,1,55,2.11,2610,2700,2610,6428,16970955,23459901725,8802965,KSQ
2457,188040,KR7188040000,바이오포트,KOSDAQ,벤처기업부,5010,2,-60,-1.18,5070,5110,4950,5472,27502865,23443333080,4679308,KSQ
2458,033200,KR7033200007,모아텍,KOSDAQ,투자주의환기종목(소속부없음),2540,1,65,2.63,2480,2645,2475,13955,35932135,23379503660,9204529,KSQ
2459,206560,KR7206560005,덱스터,KOSDAQ,기술성장기업부,919,2,-1,-0.11,947,947,914,32278,29784957,23353385384,25411736,KSQ
2460,009310,KR7009310004,참엔지니어링,KOSPI,,5330,0,0,0.0,0,0,0,0,0,23329484620,4377014,STK
2461,101680,KR7101680007,한국정밀기계,KOSDAQ,중견기업부,2775,2,-60,-2.12,2750,2835,2750,5049,14099530,23321100000,8404000,KSQ
2462,431190,KR7431190008,케이쓰리아이,KOSDAQ,기술성장기업부,3100,2,-40,-1.27,3130,3230,3070,30706,95806835,23207970200,7486442,KSQ
2463,336040,KR7336040001,타스컴,KONEX,일반기업부,4000,3,0,0.0,4100,4100,3800,12,47500,23159716000,5789929,KNX
2464,405920,KR7405920000,나라셀라,KOSDAQ,중견기업부,1798,2,-90,-4.77,1887,1887,1798,2645,4804701,23154780648,12878076,KSQ
2465,032080,KR7032080004,아즈텍WB,KOSDAQ,중견기업부,1077,1,26,2.47,1051,1082,1051,4886,5237397,23145838233,21491029,KSQ
2466,403810,KR7403810005,아이엘로보틱스,KONEX,일반기업부,2325,2,-45,-1.9,2330,2330,2325,102,237650,23104329450,9937346,KNX
2467,33626L,KR733626K021,두산퓨얼셀2우B,KOSPI,,7730,1,320,4.32,7870,7870,7310,1865,14274460,23084099000,2986300,STK
2468,440320,KR7440320000,오픈놀,KOSDAQ,기술성장기업부,2310,2,-80,-3.35,2495,2495,2270,24227,56464655,23053800000,9980000,KSQ
2469,060230,KR7060230000,제이케이시냅스,KOSDAQ,중견기업부,1177,2,-13,-1.09,1200,1215,1175,47274,56526262,23004721586,19545218,KSQ
2470,043360,KR7043360007,디지아이,KOSDAQ,벤처기업부,2555,2,-130,-4.84,2685,2685,2480,72996,186189940,22995000000,9000000,KSQ
2471,415380,KR7415380005,스튜디오삼익,KOSDAQ,중견기업부,2005,2,-25,-1.23,2030,2055,1970,13290,26886913,22943164875,11442975,KSQ
2472,093240,KR7093240000,형지엘리트,KOSPI,,373,2,-10,-2.61,382,382,368,352417,131362355,22898566607,61390259,STK
2473,257370,KR7257370007,피엔티엠에스,KOSDAQ,벤처기업부,1831,2,-29,-1.56,1862,1862,1829,5567,10255384,22896400491,12504861,KSQ
2474,083660,KR7083660001,CSA 코스믹,KOSDAQ,중견기업부,1610,2,-50,-3.01,1660,1671,1570,50137,81280509,22891833300,14218530,KSQ
2475,084440,KR7084440007,유비온,KOSDAQ,기술성장기업부,1196,0,0,0.0,0,0,0,0,0,22882375516,19132421,KSQ
2476,115160,KR7115160004,휴맥스,KOSDAQ,중견기업부,5300,2,-80,-1.49,5380,5500,5250,4911,26066240,22829924900,4307533,KSQ
2477,154040,KR7154040000,다산솔루에타,KOSDAQ,중견기업부,1055,0,0,0.0,0,0,0,0,0,22804472770,21615614,KSQ
2478,187220,KR7187220009,디티앤씨,KOSDAQ,중견기업부,1978,3,0,0.0,1978,1978,1911,1804,3532270,22796317474,11524933,KSQ
2479,013810,KR7013810007,스페코,KOSDAQ,중견기업부,1555,3,0,0.0,1582,1599,1510,18695,28884431,22789255850,14655470,KSQ
2480,359090,KR7359090008,씨엔알리서치,KOSDAQ,중견기업부,1981,1,3,0.15,1969,2040,1947,13953,27525493,22769897283,11494143,KSQ
2481,095910,KR7095910006,에스에너지,KOSDAQ,관리종목(소속부없음),623,1,8,1.3,622,631,612,184167,114620254,22700022982,36436634,KSQ
2482,000040,KR7000040006,KR모터스,KOSPI,,1310,2,-91,-6.5,1387,1439,1300,84729,116050989,22630297160,17275036,STK
2483,067770,KR7067770008,세진티에스,KOSDAQ,관리종목(소속부없음),2695,2,-85,-3.06,2835,2840,2690,55187,151697785,22628818135,8396593,KSQ
2484,004270,KR7004270005,남성,KOSPI,,4940,1,5,0.1,4950,5010,4900,7376,36736750,22527032320,4560128,STK
2485,018680,KR7018680009,서울제약,KOSDAQ,벤처기업부,1932,2,-26,-1.33,1958,1970,1932,4566,8891677,22525804308,11659319,KSQ
2486,215480,KR7215480005,토박스코리아,KOSDAQ,중견기업부,2095,1,118,5.97,2020,2120,1969,13721,27977530,22500300000,10740000,KSQ
2487,303530,KR7303530000,이노뎁,KOSDAQ,벤처기업부,3060,1,20,0.66,3095,3095,2975,5559,16927070,22458254940,7339299,KSQ
2488,238200,KR7238200000,비피도,KOSDAQ,벤처기업부,2745,2,-20,-0.72,2765,2765,2655,10098,27653360,22454100000,8180000,KSQ
2489,065690,KR7065690000,파커스,KOSDAQ,투자주의환기종목(소속부없음),1866,2,-34,-1.79,1908,1908,1851,37282,69952855,22419070062,12014507,KSQ
2490,016100,KR7016100000,리더스코스메틱,KOSDAQ,중견기업부,1172,1,13,1.12,1207,1208,1151,21383,25404031,22386247768,19100894,KSQ
2491,032800,KR7032800005,판타지오,KOSDAQ,중견기업부,1481,2,-6,-0.4,1539,1539,1476,9381,13960827,22373502544,15107024,KSQ
2492,289220,KR7289220006,자이언트스텝,KOSDAQ,기술성장기업부,1001,1,6,0.6,1003,1003,985,31562,31422723,22334533221,22312221,KSQ
2493,065150,KR7065150005,대산F&B,KOSDAQ,중견기업부,1400,1,8,0.57,1392,1474,1321,14670,20388045,22313536000,15938240,KSQ
2494,317120,KR7317120004,라닉스,KOSDAQ,기술성장기업부,1462,1,23,1.6,1480,1480,1414,19589,28179409,22310120000,15260000,KSQ
2495,032860,KR7032860009,더라미,KOSDAQ,중견기업부,2760,2,-50,-1.78,2935,2935,2655,15961,43620485,22298514720,8079172,KSQ
2496,032280,KR7032280000,삼일,KOSDAQ,중견기업부,1373,1,19,1.4,1358,1383,1358,68949,94452533,22261259070,16213590,KSQ
2497,270210,KR7270210008,에스알바이오텍,KONEX,일반기업부,13000,1,210,1.64,12400,13000,12400,7,88100,22248824000,1711448,KNX
2498,053060,KR7053060000,세동,KOSDAQ,중견기업부,1259,1,5,0.4,1245,1270,1245,37224,46868959,22230690521,17657419,KSQ
2499,352940,KR7352940001,인바이오,KOSDAQ,벤처기업부,2045,1,35,1.74,2040,2050,2010,11700,23928620,22224507850,10867730,KSQ
2500,237750,KR7237750005,피앤씨테크,KOSDAQ,벤처기업부,3420,2,-80,-2.29,3500,3520,3405,2321,8009265,22218372000,6496600,KSQ
2501,038880,KR7038880001,아이에이,KOSDAQ,중견기업부,2955,1,30,1.03,2925,3000,2890,9356,27374979,22205119965,7514423,KSQ
2502,340440,KR7340440007,세림B&G,KOSDAQ,관리종목(소속부없음),782,1,2,0.26,774,805,761,113064,87941232,22191880648,28378364,KSQ
2503,900110,HK0000057197,딥커머스,KOSDAQ,외국기업(소속부없음),1201,0,0,0.0,0,0,0,0,0,22142994331,18437131,KSQ
2504,069330,KR7069330009,유아이디,KOSDAQ,벤처기업부,1300,2,-30,-2.26,1316,1341,1268,78619,102788300,22038346200,16952574,KSQ
2505,017250,KR7017250002,인터엠,KOSDAQ,중견기업부,1047,1,11,1.06,1068,1068,1021,18038,18811602,22034603949,21045467,KSQ
2506,429270,KR7429270002,시지트로닉스,KOSDAQ,기술성장기업부,3405,1,5,0.15,3400,3550,3270,15384,52464465,21959631555,6449231,KSQ
2507,063760,KR7063760003,이엘피,KOSDAQ,벤처기업부,2350,1,10,0.43,2370,2510,2330,20100,47746665,21914055500,9325130,KSQ
2508,102950,KR7102950003,아하,KONEX,일반기업부,1670,1,31,1.89,1562,1869,1562,1454,2445673,21913578010,13121903,KNX
2509,065370,KR7065370009,위세아이텍,KOSDAQ,벤처기업부,2965,1,65,2.24,2900,2980,2890,9507,27841715,21893423610,7383954,KSQ
2510,008775,KR7008771008,호텔신라우,KOSPI,,29100,2,-50,-0.17,29200,29250,28950,653,19006800,21879678900,751879,STK
2511,377330,KR7377330006,이지트로닉스,KOSDAQ,기술성장기업부,2685,2,-20,-0.74,2705,2755,2625,4651,12712555,21855776490,8139954,KSQ
2512,372800,KR7372800003,아이티아이즈,KOSDAQ,벤처기업부,3105,1,45,1.47,3000,3290,2990,53714,164852325,21850471845,7037189,KSQ
2513,353590,KR7353590003,오토앤,KOSDAQ,중견기업부,1693,2,-5,-0.29,1682,1698,1633,1368,2276585,21798340010,12875570,KSQ
2514,432980,KR7432980001,엠에프씨,KOSDAQ,기술성장기업부,2535,1,40,1.6,2495,2555,2490,1736,4358115,21780065970,8591742,KSQ
2515,403490,KR7403490006,우듬지팜,KOSDAQ,벤처기업부,2355,1,90,3.97,2200,2395,2200,24249,54897884,21634188660,9186492,KSQ
2516,067730,KR7067730002,로지시스,KOSDAQ,중견기업부,2230,1,40,1.83,2190,2240,2180,8452,18730545,21572846060,9673922,KSQ
2517,398120,KR7398120006,에스지헬스케어,KOSDAQ,벤처기업부,1818,1,85,4.9,1785,1828,1728,28178,50605294,21527866998,11841511,KSQ
2518,277410,KR7277410007,인산가,KOSDAQ,벤처기업부,5590,2,-20,-0.36,5610,5750,5590,2531,14280830,21472028500,3841150,KSQ
2519,195990,KR7195990007,루트K,KOSDAQ,관리종목(소속부없음),1308,3,0,0.0,1310,1326,1300,12097,15807805,21304539192,16287874,KSQ
2520,192390,KR7192390003,윈하이텍,KOSDAQ,벤처기업부,1779,2,-20,-1.11,1839,1839,1769,34063,60694046,21289730634,11967246,KSQ
2521,032680,KR7032680001,소프트센,KOSDAQ,중견기업부,923,1,18,1.99,930,949,903,48825,44787674,21280578163,23055881,KSQ
2522,353190,KR7353190002,휴럼,KOSDAQ,중견기업부,2700,2,-15,-0.55,2715,2715,2675,2229,6006375,21264346800,7875684,KSQ
2523,347770,KR7347770000,핌스,KOSDAQ,중견기업부,938,1,90,10.61,847,950,841,143784,129520402,21254800476,22659702,KSQ
2524,019660,KR7019660000,글로본,KOSDAQ,중견기업부,1521,2,-4,-0.26,1512,1524,1440,24656,36276730,21209330493,13944333,KSQ
2525,001420,KR7001420009,태원물산,KOSPI,,2790,2,-90,-3.13,2870,3030,2610,97179,270644935,21204000000,7600000,STK
2526,085810,KR7085810000,알티캐스트,KOSDAQ,중견기업부,1498,2,-30,-1.96,1625,1625,1498,18533,28172816,21177155594,14136953,KSQ
2527,200230,KR7200230001,텔콘RF제약,KOSDAQ,중견기업부,2230,1,5,0.22,2310,2310,2190,5332,11795515,21145459870,9482269,KSQ
2528,101400,KR7101400000,엔시트론,KOSDAQ,중견기업부,1800,2,-50,-2.7,1850,1850,1718,256612,457438268,21135218400,11741788,KSQ
2529,219750,KR7219750007,한국비티비,KOSDAQ,중견기업부,1614,2,-29,-1.77,1640,1640,1600,5074,8163950,21119798478,13085377,KSQ
2530,059180,KR7059180000,엔더블유시,KONEX,일반기업부,3970,0,0,0.0,0,0,0,0,0,21096937300,5314090,KNX
2531,115570,KR7115570004,스타플렉스,KOSDAQ,중견기업부,2635,1,15,0.57,2680,2680,2530,10994,28491831,21039178580,7984508,KSQ
2532,227610,KR7227610003,아우딘퓨쳐스,KOSDAQ,벤처기업부,1085,2,-3,-0.28,1080,1143,1075,62004,67927162,21021409535,19374571,KSQ
2533,355390,KR7355390006,크라우드웍스,KOSDAQ,기술성장기업부,1323,1,23,1.77,1345,1345,1238,73764,96144742,21001757112,15874344,KSQ
2534,331660,KR7331660001,한국미라클피플사,KONEX,일반기업부,3800,2,-250,-6.17,3850,3895,3800,1240,4750640,20900000000,5500000,KNX
2535,073570,KR7073570004,리튬포어스,KOSDAQ,관리종목(소속부없음),1730,1,4,0.23,1724,1772,1715,28992,50522429,20824577440,12037328,KSQ
2536,012170,KR7012170007,아센디오,KOSPI,,2845,2,-130,-4.37,2975,2985,2775,29654,84517205,20759171245,7296721,STK
2537,054220,KR7054220009,비츠로시스,KOSDAQ,벤처기업부,1646,2,-34,-2.02,1717,1717,1641,78513,130140898,20724153936,12590616,KSQ
2538,080470,KR7080470008,성창오토텍,KOSDAQ,벤처기업부,2820,2,-45,-1.57,2865,2875,2805,8390,23816982,20586000000,7300000,KSQ
2539,002820,KR7002820009,SUN&L,KOSPI,,1701,1,2,0.12,1682,1830,1653,215973,376892996,20519510004,12063204,STK
2540,137940,KR7137940003,넥스트아이,KOSDAQ,중견기업부,2090,1,115,5.82,1975,2110,1938,48052,97008285,20507220030,9812067,KSQ
2541,021040,KR7021040001,대호특수강,KOSDAQ,중견기업부,940,1,9,0.97,969,970,930,18901,18141564,20402487560,21704774,KSQ
2542,362990,KR7362990004,드림인사이트,KOSDAQ,벤처기업부,1214,1,6,0.5,1208,1224,1208,21906,26571754,20395896836,16800574,KSQ
2543,154030,KR7154030001,아시아종묘,KOSDAQ,벤처기업부,1689,1,2,0.12,1687,1694,1672,7550,12716268,20372493363,12061867,KSQ
2544,361670,KR7361670003,삼영에스앤씨,KOSDAQ,기술성장기업부,3575,2,-65,-1.79,3655,3655,3440,7015,24834265,20261877350,5667658,KSQ
2545,001685,KR7001681006,대상우,KOSPI,,14780,1,90,0.61,14860,14860,14700,1649,24288580,20251895940,1370223,STK
2546,00499K,KR700499K014,롯데지주우,KOSPI,,25100,1,300,1.21,24650,25100,24100,451,11194650,20220635300,805603,STK
2547,043590,KR7043590009,웰킵스하이텍,KOSDAQ,중견기업부,1489,1,16,1.09,1461,1501,1440,15791,23112620,20203319309,13568381,KSQ
2548,274400,KR7274400001,이노시뮬레이션,KOSDAQ,기술성장기업부,2220,2,-10,-0.45,2230,2230,2125,6591,14370963,20172014460,9086493,KSQ
2549,027580,KR7027580000,상보,KOSDAQ,중견기업부,1702,1,72,4.42,1630,1720,1620,30576,51536140,20145306010,11836255,KSQ
2550,191410,KR7191410000,육일씨엔에쓰,KOSDAQ,관리종목(소속부없음),1788,2,-40,-2.19,1828,1842,1780,258446,465674594,20033207940,11204255,KSQ
2551,344860,KR7344860002,이노진,KOSDAQ,기술성장기업부,1381,1,40,2.98,1331,1398,1331,17775,24329714,19927830000,14430000,KSQ
2552,015020,KR7015020001,이스타코,KOSPI,,928,0,0,0.0,0,0,0,0,0,19883142400,21425800,STK
2553,322970,KR7322970005,무진메디,KONEX,일반기업부,1970,3,0,0.0,1900,1970,1900,686,1323114,19868807330,10085689,KNX
2554,065060,KR7065060006,지엔코,KOSDAQ,중견기업부,3315,2,-80,-2.36,3395,3395,3250,3011,9984300,19858129590,5990386,KSQ
2555,098660,KR7098660004,에스티오,KOSDAQ,중견기업부,1584,2,-17,-1.06,1601,1601,1581,13882,22183145,19801545984,12500976,KSQ
2556,050760,KR7050760008,에스폴리텍,KOSDAQ,중견기업부,1212,1,37,3.15,1174,1220,1170,98343,117324636,19797629736,16334678,KSQ
2557,076340,KR7076340009,지에이이노더스,KONEX,일반기업부,4060,2,-35,-0.85,4050,4060,4035,125,504800,19778127600,4871460,KNX
2558,108675,KR7108671009,LX하우시스우,KOSPI,,19110,1,30,0.16,19080,19250,18740,3139,60129330,19727826300,1032330,STK
2559,054410,KR7054410006,케이피티유,KOSDAQ,중견기업부,3425,2,-10,-0.29,3410,3465,3410,132,451620,19613070700,5726444,KSQ
2560,417180,KR7417180007,핑거스토리,KOSDAQ,중견기업부,4550,1,15,0.33,4510,4740,4510,3133,14411945,19606928250,4309215,KSQ
2561,434190,KR7434190005,탈로스,KONEX,일반기업부,2660,1,60,2.31,2600,2800,2310,403,996135,19602694440,7369434,KNX
2562,196700,KR7196700009,웹스,KOSDAQ,벤처기업부,1364,2,-14,-1.02,1372,1377,1350,26745,36390095,19592692416,14364144,KSQ
2563,079950,KR7079950002,인베니아,KOSDAQ,관리종목(소속부없음),1419,1,124,9.58,1295,1445,1257,588610,830344256,19580922900,13799100,KSQ
2564,419540,KR7419540000,비스토스,KOSDAQ,벤처기업부,3275,2,-35,-1.06,3190,3340,3190,4779,15771660,19513278575,5958253,KSQ
2565,088290,KR7088290002,이원컴포텍,KOSDAQ,관리종목(소속부없음),2445,2,-5,-0.2,2470,2485,2340,2974,7106685,19501496040,7976072,KSQ
2566,383930,KR7383930005,디티앤씨알오,KOSDAQ,중견기업부,1523,2,-15,-0.98,1595,1595,1500,26220,39715398,19470226944,12784128,KSQ
2567,014100,KR7014100002,메디앙스,KOSDAQ,중견기업부,1650,2,-10,-0.6,1652,1652,1610,9175,14945945,19470000000,11800000,KSQ
2568,048830,KR7048830004,엔피케이,KOSDAQ,중견기업부,1038,1,9,0.87,1030,1053,1030,2564,2666677,19435432074,18723923,KSQ
2569,073190,KR7073190001,듀오백,KOSDAQ,관리종목(소속부없음),1622,0,0,0.0,0,0,0,0,0,19412160880,11968040,KSQ
2570,342870,KR7342870003,오아,KOSDAQ,중견기업부,3560,1,5,0.14,3610,3620,3545,1464,5209700,19402701320,5450197,KSQ
2571,024940,KR7024940009,PN풍년,KOSDAQ,벤처기업부,1935,2,-1,-0.05,1914,1946,1914,7781,15012292,19350000000,10000000,KSQ
2572,018620,KR7018620005,우진비앤지,KOSDAQ,벤처기업부,2790,2,-5,-0.18,2750,2835,2720,16607,45762980,19343019780,6932982,KSQ
2573,001770,KR7001770007,SHD,KOSPI,,15830,1,730,4.83,14940,16040,14540,16350,253975705,19231518740,1214878,STK
2574,214610,KR7214610008,롤링스톤,KOSDAQ,관리종목(소속부없음),2290,0,0,0.0,0,0,0,0,0,19197807380,8383322,KSQ
2575,373110,KR7373110006,엑셀세라퓨틱스,KOSDAQ,기술성장기업부,1106,2,-14,-1.25,1120,1120,1091,101645,112312948,19127599764,17294394,KSQ
2576,113810,KR7113810006,디젠스,KOSDAQ,중견기업부,2925,1,45,1.56,2880,2940,2840,7582,21927525,19087409250,6525610,KSQ
2577,051780,KR7051780005,큐로홀딩스,KOSDAQ,중견기업부,2505,2,-5,-0.2,2490,2595,2440,11765,29173315,19038060120,7600024,KSQ
2578,438700,KR7438700007,버넥트,KOSDAQ,기술성장기업부,1708,1,4,0.23,1703,1765,1703,31764,54660374,19035472120,11144890,KSQ
2579,056730,KR7056730005,CNT85,KOSDAQ,중견기업부,1277,2,-50,-3.77,1280,1327,1268,12805,16400210,18927996649,14822237,KSQ
2580,115610,KR7115610008,이미지스,KOSDAQ,벤처기업부,1601,3,0,0.0,1601,1631,1500,47430,74007130,18921849169,11818769,KSQ
2581,252500,KR7252500004,세화피앤씨,KOSDAQ,중견기업부,2280,1,45,2.01,2165,2300,2165,20914,47029583,18917793840,8297278,KSQ
2582,023790,KR7023790009,동일스틸럭스,KOSDAQ,중견기업부,1447,2,-4,-0.28,1413,1559,1362,2056982,3003688159,18912012176,13069808,KSQ
2583,405000,KR7405000001,플라즈맵,KOSDAQ,벤처기업부,3500,2,-30,-0.85,3490,3665,3360,5070,17952815,18807362000,5373532,KSQ
2584,083470,KR7083470005,이엠앤아이,KOSDAQ,벤처기업부,879,2,-51,-5.48,930,960,879,95080,85723935,18758149191,21340329,KSQ
2585,031860,KR7031860000,디에이치엑스컴퍼니,KOSDAQ,관리종목(소속부없음),6930,0,0,0.0,0,0,0,0,0,18714756060,2700542,KSQ
2586,455180,KR7455180000,케이지에이,KOSDAQ,벤처기업부,1273,1,17,1.35,1284,1332,1240,98797,126025425,18711898288,14699056,KSQ
2587,096870,KR7096870001,엘디티,KOSDAQ,벤처기업부,2240,2,-30,-1.32,2255,2315,2240,4017,9120295,18699517760,8347999,KSQ
2588,222670,KR7222670002,플럼라인생명과학,KONEX,일반기업부,4635,0,0,0.0,0,0,0,0,0,18692639820,4032932,KNX
2589,050090,KR7050090000,비케이홀딩스,KOSDAQ,관리종목(소속부없음),794,1,35,4.61,865,923,739,1138495,953364816,18686579590,23534735,KSQ
2590,140430,KR7140430000,카티스,KOSDAQ,중견기업부,1746,1,13,0.75,1733,1760,1719,6333,10962564,18663879222,10689507,KSQ
2591,247660,KR7247660004,나노씨엠에스,KOSDAQ,관리종목(소속부없음),4260,1,330,8.4,3850,4490,3850,66120,283771266,18505099200,4343920,KSQ
2592,279600,KR7279600001,미디어젠,KOSDAQ,벤처기업부,3950,3,0,0.0,3830,3950,3830,3739,14621185,18504884950,4684781,KSQ
2593,291810,KR7291810000,핀텔,KOSDAQ,관리종목(소속부없음),1602,1,223,16.17,1400,1692,1361,690067,1072624895,18212676624,11368712,KSQ
2594,317860,KR7317860005,노드메이슨,KONEX,일반기업부,4000,0,0,0.0,0,0,0,0,0,18052860000,4513215,KNX
2595,224060,KR7224060004,더코디,KOSDAQ,투자주의환기종목(소속부없음),3470,2,-190,-5.19,3660,3690,3430,16923,59288315,17907705340,5160722,KSQ
2596,110020,KR7110020005,전진바이오팜,KOSDAQ,기술성장기업부,1973,1,33,1.7,1940,1984,1932,1261,2448855,17872937426,9058762,KSQ
2597,365900,KR7365900000,브이씨,KOSDAQ,벤처기업부,2440,2,-40,-1.61,2430,2550,2380,16886,40961100,17837132000,7310300,KSQ
2598,002360,KR7002360006,SH에너지화학,KOSPI,,1604,2,-14,-0.87,1640,1640,1600,11494,18490225,17825850292,11113373,STK
2599,008600,KR7008600009,윌비스,KOSPI,,2620,0,0,0.0,0,0,0,0,0,17615839860,6723603,STK
2600,009440,KR7009440009,KC그린홀딩스,KOSPI,,756,0,0,0.0,0,0,0,0,0,17568790596,23239141,STK
2601,034940,KR7034940007,조아제약,KOSDAQ,중견기업부,2835,1,25,0.89,2810,2890,2725,81859,229223032,17565560775,6195965,KSQ
2602,900340,HK0000449303,윙입푸드,KOSDAQ,외국기업(소속부없음),1395,2,-31,-2.17,1466,1466,1395,60243,84899857,17552911140,12582732,KSQ
2603,065650,KR7065650004,하이퍼코퍼레이션,KOSDAQ,중견기업부,1601,1,6,0.38,1580,1670,1553,21580,34257473,17524525187,10945987,KSQ
2604,254160,KR7254160005,제이엠멀티,KONEX,일반기업부,3390,1,95,2.88,3400,3400,3390,4,13570,17492400000,5160000,KNX
2605,002680,KR7002680007,한탑,KOSDAQ,관리종목(소속부없음),2700,2,-45,-1.64,2780,2780,2605,64019,170189848,17451069300,6463359,KSQ
2606,020400,KR7020400008,대동금속,KOSDAQ,중견기업부,2870,1,40,1.41,2830,2885,2830,4130,11750729,17431036840,6073532,KSQ
2607,900120,KYG2114A1094,씨엑스아이,KOSDAQ,관리종목(소속부없음),1040,0,0,0.0,0,0,0,0,0,17336446400,16669660,KSQ
2608,18064K,KR718064K016,한진칼우,KOSPI,,32250,1,1600,5.22,30850,32500,30850,7640,243921775,17310703500,536766,STK
2609,309930,KR7309930006,조이웍스앤코,KOSDAQ,중견기업부,895,2,-31,-3.35,911,925,875,9439,8506972,17234020655,19255889,KSQ
2610,376930,KR7376930004,노을,KOSDAQ,관리종목(소속부없음),334,0,0,0.0,0,0,0,0,0,17131301882,51291323,KSQ
2611,052960,KR7052960002,태양3C,KONEX,일반기업부,3500,2,-80,-2.23,3300,3500,3205,612,1966345,17104773000,4887078,KNX
2612,476710,KR7476710009,타조이엔터테인먼트,KONEX,일반기업부,17000,0,0,0.0,0,0,0,0,0,17000000000,1000000,KNX
2613,335870,KR7335870002,윙스풋,KOSDAQ,중견기업부,5060,2,-70,-1.36,5130,5200,4970,3336,16920130,16951475640,3350094,KSQ
2614,233990,KR7233990001,질경이,KONEX,일반기업부,1050,3,0,0.0,1207,1207,1050,120,131954,16934960700,16128534,KNX
2615,477380,KR7477380000,미래에셋비전스팩4호,KOSDAQ,SPAC(소속부없음),2090,3,0,0.0,2090,2090,2080,87,181540,16929000000,8100000,KSQ
2616,482680,KR7482680006,미래에셋비전스팩7호,KOSDAQ,SPAC(소속부없음),2055,0,0,0.0,0,0,0,0,0,16881825000,8215000,KSQ
2617,223310,KR7223310004,사토시홀딩스,KOSDAQ,투자주의환기종목(소속부없음),3230,1,200,6.6,3030,3660,2925,183770,607822408,16810993660,5204642,KSQ
2618,241820,KR7241820000,피씨엘,KOSDAQ,관리종목(소속부없음),6040,0,0,0.0,0,0,0,0,0,16803871920,2782098,KSQ
2619,006200,KR7006200000,한국전자홀딩스,KOSPI,,1788,1,40,2.29,1748,1789,1721,39148,68829458,16736801076,9360627,STK
2620,006050,KR7006050009,국영지앤엠,KOSDAQ,중견기업부,4795,3,0,0.0,4835,4835,4695,6433,30484105,16732267580,3489524,KSQ
2621,060480,KR7060480001,국일신동,KOSDAQ,관리종목(소속부없음),1502,2,-2,-0.13,1504,1540,1485,48039,72653868,16657180000,11090000,KSQ
2622,069920,KR7069920007,엑시온그룹,KOSDAQ,관리종목(소속부없음),1155,2,-20,-1.7,1123,1197,1055,390685,436973207,16644075525,14410455,KSQ
2623,103230,KR7103230009,에스앤더블류,KOSDAQ,관리종목(소속부없음),2305,3,0,0.0,2330,2360,2270,8321,19067205,16596000000,7200000,KSQ
2624,037400,KR7037400009,우리엔터프라이즈,KOSDAQ,관리종목(소속부없음),632,0,0,0.0,0,0,0,0,0,16573154672,26223346,KSQ
2625,225590,KR7225590009,패션플랫폼,KOSDAQ,관리종목(소속부없음),3225,1,5,0.16,3205,3275,3155,23852,76609160,16516437600,5121376,KSQ
2626,389680,KR7389680000,유디엠텍,KOSDAQ,관리종목(소속부없음),1964,1,143,7.85,1827,1978,1823,118935,230616854,16341841052,8320693,KSQ
2627,177350,KR7177350006,베셀,KOSDAQ,투자주의환기종목(소속부없음),1642,2,-110,-6.28,1900,1900,1600,120978,202175960,16281827342,9915851,KSQ
2628,078860,KR7078860004,아이오케이이엔엠,KOSDAQ,투자주의환기종목(소속부없음),2635,1,10,0.38,2625,2640,2595,6834,17850180,16276890380,6177188,KSQ
2629,306040,KR7306040007,에스제이그룹,KOSDAQ,관리종목(소속부없음),1750,2,-42,-2.34,1670,1800,1638,84495,142206801,16252327000,9287044,KSQ
2630,377220,KR7377220009,프롬바이오,KOSDAQ,기술성장기업부,2835,2,-40,-1.39,2840,3030,2830,28931,83048605,16051770000,5662000,KSQ
2631,379390,KR7379390008,이성씨엔아이,KONEX,일반기업부,5600,0,0,0.0,0,0,0,0,0,15912176000,2841460,KNX
2632,009730,KR7009730003,이렘,KOSDAQ,투자주의환기종목(소속부없음),1984,2,-66,-3.22,2050,2100,1984,18167,36335355,15823397952,7975503,KSQ
2633,210120,KR7210120002,캔버스엔,KOSDAQ,중견기업부,1630,2,-20,-1.21,1700,1700,1536,188238,297501462,15802835330,9694991,KSQ
2634,0072Z0,KR70072Z0006,KB제33호스팩,KOSDAQ,SPAC(소속부없음),1986,1,8,0.4,1985,1990,1977,3150,6231694,15659610000,7885000,KSQ
2635,005725,KR7005721006,넥센우,KOSPI,,4335,2,-10,-0.23,4255,4335,4255,108,463520,15608601000,3600600,STK
2636,002025,KR7002021004,코오롱우,KOSPI,,13450,1,150,1.13,13300,13500,13210,401,5349975,15607877650,1160437,STK
2637,045520,KR7045520004,크린앤사이언스,KOSDAQ,관리종목(소속부없음),2390,1,5,0.21,2410,2420,2360,19933,47469635,15535000000,6500000,KSQ
2638,477340,KR7477340004,에이치엠씨제7호스팩,KOSDAQ,SPAC(소속부없음),2060,3,0,0.0,2060,2065,2060,2765,5695960,15470600000,7510000,KSQ
2639,0130H0,KR70130H0008,엔에이치스팩33호,KOSDAQ,SPAC(소속부없음),1992,2,-3,-0.15,1995,2000,1990,4338,8650287,15338400000,7700000,KSQ
2640,0101C0,KR70101C0008,하나36호스팩,KOSDAQ,SPAC(소속부없음),1978,1,2,0.1,1970,1983,1970,3814,7545465,15309720000,7740000,KSQ
2641,009620,KR7009620006,삼보산업,KOSDAQ,투자주의환기종목(소속부없음),870,0,0,0.0,0,0,0,0,0,15201551760,17473048,KSQ
2642,179720,KR7179720008,머니무브,KONEX,일반기업부,5520,4,720,15.0,4800,5520,4800,167,830200,15180099360,2750018,KNX
2643,030350,KR7030350003,드래곤플라이,KOSDAQ,관리종목(소속부없음),973,0,0,0.0,0,0,0,0,0,15171092867,15592079,KSQ
2644,011090,KR7011090008,에넥스,KOSPI,,1278,1,38,3.06,1240,1494,1240,1494316,2031546311,15153315012,11857054,STK
2645,0070X0,KR70070X0000,에스테크엠,KONEX,일반기업부,9990,1,280,2.88,8260,11000,8260,304,2636980,15084900000,1510000,KNX
2646,0044K0,KR70044K0008,삼성스팩10호,KOSDAQ,SPAC(소속부없음),1991,2,-2,-0.1,1982,1995,1982,4457,8844916,14972320000,7520000,KSQ
2647,005257,KR7005252002,녹십자홀딩스2우,KOSPI,,17690,2,-310,-1.72,17980,17980,17690,61,1082230,14965563100,845990,STK
2648,351020,KR7351020003,미쥬,KONEX,일반기업부,7130,2,-210,-2.86,7130,7130,7130,1,7130,14794750000,2075000,KNX
2649,473050,KR7473050003,유안타제15호스팩,KOSDAQ,관리종목(소속부없음),2105,3,0,0.0,2100,2105,2100,49258,103465816,14756050000,7010000,KSQ
2650,0115H0,KR70115H0007,삼성스팩13호,KOSDAQ,SPAC(소속부없음),1990,2,-5,-0.25,1995,2000,1990,4774,9512675,14626500000,7350000,KSQ
2651,216400,KR7216400002,인바이츠바이오코아,KONEX,일반기업부,1887,0,0,0.0,0,0,0,0,0,14551251405,7711315,KNX
2652,131100,KR7131100000,티엔엔터테인먼트,KOSDAQ,중견기업부,2250,1,70,3.21,2160,2400,2160,10129,23266207,14511024000,6449344,KSQ
2653,024890,KR7024890006,대원화성,KOSPI,,1747,1,28,1.63,1700,1785,1661,61929,106254734,14412453010,8249830,STK
2654,478440,KR7478440001,미래에셋비전스팩6호,KOSDAQ,SPAC(소속부없음),2070,3,0,0.0,2065,2070,2060,4085,8415870,14345100000,6930000,KSQ
2655,303030,KR7303030001,지니틱스,KOSDAQ,관리종목(소속부없음),1559,1,87,5.91,1446,1619,1446,82343,125710308,14276505084,9157476,KSQ
2656,489480,KR7489480004,키움제11호스팩,KOSDAQ,SPAC(소속부없음),2160,1,30,1.41,2155,2160,2130,155,333500,14256000000,6600000,KSQ
2657,001795,KR7001791003,대한제당우,KOSPI,,2190,1,5,0.23,2205,2205,2180,3274,7186872,14197244400,6482760,STK
2658,479880,KR7479880007,한국제15호스팩,KOSDAQ,SPAC(소속부없음),2065,2,-5,-0.24,2070,2070,2065,5471,11297673,14186550000,6870000,KSQ
2659,0165X0,KR70165X0006,메리츠제2호스팩,KOSDAQ,SPAC(소속부없음),1954,1,4,0.21,1947,1955,1947,122718,239492587,14146960000,7240000,KSQ
2660,060260,KR7060260007,뉴보텍,KOSDAQ,관리종목(소속부없음),1060,2,-15,-1.4,1065,1080,1030,18139,19217355,14142897360,13342356,KSQ
2661,044380,KR7044380004,주연테크,KOSPI,,1009,2,-76,-7.0,1075,1109,979,323383,342650649,14021382844,13896316,STK
2662,000087,KR7000082008,하이트진로2우B,KOSPI,,12390,1,50,0.41,12320,12390,12310,218,2691155,14002409820,1130138,STK
2663,240600,KR7240600007,유진테크놀로지,KOSDAQ,관리종목(소속부없음),1677,2,-34,-1.99,1711,1785,1677,10130,17350538,13918110570,8299410,KSQ
2664,0099W0,KR70099W0008,미래에셋비전스팩11호,KOSDAQ,SPAC(소속부없음),1981,1,1,0.05,1984,1992,1979,14636,29035853,13867000000,7000000,KSQ
2665,169670,KR7169670007,코스텍시스템,KONEX,일반기업부,4800,1,10,0.21,4790,4800,4750,115,550750,13768324800,2868401,KNX
2666,304840,KR7304840002,피플바이오,KOSDAQ,벤처기업부,561,0,0,0.0,0,0,0,0,0,13643890260,24320660,KSQ
2667,354200,KR7354200008,엔젠바이오,KOSDAQ,기술성장기업부,1524,2,-98,-6.04,1622,1729,1524,51814,82651882,13619352492,8936583,KSQ
2668,352770,KR7352770002,셀레스트라,KOSDAQ,관리종목(소속부없음),5250,0,0,0.0,0,0,0,0,0,13610136750,2592407,KSQ
2669,239340,KR7239340003,이스트에이드,KOSDAQ,관리종목(소속부없음),504,0,0,0.0,0,0,0,0,0,13597735536,26979634,KSQ
2670,289010,KR7289010001,아이스크림에듀,KOSDAQ,관리종목(소속부없음),970,1,13,1.36,940,983,932,54072,51937616,13526898320,13945256,KSQ
2671,244460,KR7244460002,올리패스,KOSDAQ,관리종목(소속부없음),1651,0,0,0.0,0,0,0,0,0,13415218661,8125511,KSQ
2672,0134X0,KR70134X0004,대신밸런스제20호스팩,KOSDAQ,SPAC(소속부없음),1973,2,-7,-0.35,1971,1981,1971,4874,9630498,13298020000,6740000,KSQ
2673,456190,KR7456190008,큐라켐,KONEX,일반기업부,7210,0,0,0.0,0,0,0,0,0,13225202060,1834286,KNX
2674,0164H0,KR70164H0007,한국제16호스팩,KOSDAQ,SPAC(소속부없음),1953,2,-4,-0.2,1951,1961,1951,23015,45023564,13182750000,6750000,KSQ
2675,285800,KR7285800009,진영,KOSDAQ,벤처기업부,733,0,0,0.0,0,0,0,0,0,13171211763,17968911,KSQ
2676,481890,KR7481890002,엔에이치스팩31호,KOSDAQ,SPAC(소속부없음),2070,3,0,0.0,2070,2070,2060,82,169325,13134150000,6345000,KSQ
2677,176590,KR7176590008,코나솔,KONEX,일반기업부,2245,1,45,2.05,2245,2245,2100,54,117430,13102679835,5836383,KNX
2678,0096B0,KR70096B0006,삼성스팩12호,KOSDAQ,SPAC(소속부없음),1984,1,1,0.05,1981,1986,1981,11100,22001510,13054720000,6580000,KSQ
2679,00806K,KR700806K010,대덕1우,KOSPI,,10760,2,-90,-0.83,10850,10980,10500,7959,84515445,13044961320,1212357,STK
2680,0099X0,KR70099X0007,IBKS제25호스팩,KOSDAQ,SPAC(소속부없음),2180,0,0,0.0,0,0,0,0,0,13036400000,5980000,KSQ
2681,208850,KR7208850008,이비테크,KONEX,일반기업부,4600,3,0,0.0,4600,4600,4600,5,23000,12973150000,2820250,KNX
2682,489730,KR7489730002,디비금융제13호스팩,KOSDAQ,SPAC(소속부없음),2045,2,-5,-0.24,2045,2050,2030,65109,132232110,12948940000,6332000,KSQ
2683,0097F0,KR70097F0001,미래에셋비전스팩10호,KOSDAQ,SPAC(소속부없음),1982,3,0,0.0,1988,1988,1981,3347,6632627,12883000000,6500000,KSQ
2684,478390,KR7478390008,KB제29호스팩,KOSDAQ,SPAC(소속부없음),2070,2,-5,-0.24,2075,2075,2060,3788,7820625,12875400000,6220000,KSQ
2685,015260,KR7015260003,에이엔피,KOSPI,,271,2,-8,-2.87,279,293,270,535411,147310359,12768678274,47116894,STK
2686,028080,KR7028080000,휴맥스홀딩스,KOSDAQ,관리종목(소속부없음),5040,2,-20,-0.4,4805,5080,4805,445,2176410,12752943840,2530346,KSQ
2687,035620,KR7035620004,바른손이앤에이,KOSDAQ,관리종목(소속부없음),685,1,7,1.03,680,741,678,38805,26757146,12747793830,18609918,KSQ
2688,054180,KR7054180005,메디콕스,KOSDAQ,관리종목(소속부없음),2295,0,0,0.0,0,0,0,0,0,12686716395,5527981,KSQ
2689,0093G0,KR70093G0004,미래에셋비전스팩8호,KOSDAQ,SPAC(소속부없음),1981,2,-2,-0.1,1982,1985,1981,53202,105594236,12678400000,6400000,KSQ
2690,065770,KR7065770000,CS,KOSDAQ,관리종목(소속부없음),1202,1,7,0.59,1200,1240,1178,41724,49964639,12639106928,10515064,KSQ
2691,492220,KR7492220009,KB제31호스팩,KOSDAQ,SPAC(소속부없음),2035,1,5,0.25,2035,2035,2030,17186,34888064,12637350000,6210000,KSQ
2692,0037T0,KR70037T0008,KB제32호스팩,KOSDAQ,SPAC(소속부없음),1995,2,-1,-0.05,1999,1999,1990,5563,11088258,12628350000,6330000,KSQ
2693,131760,KR7131760001,파인텍,KOSDAQ,벤처기업부,1448,1,31,2.19,1422,1723,1422,717371,1123638113,12577785568,8686316,KSQ
2694,482520,KR7482520004,교보16호스팩,KOSDAQ,SPAC(소속부없음),2060,3,0,0.0,2060,2060,2055,20817,42878545,12566000000,6100000,KSQ
2695,0054V0,KR70054V0002,엔에이치스팩32호,KOSDAQ,SPAC(소속부없음),2010,3,0,0.0,2010,2020,2000,16871,33864050,12495165000,6216500,KSQ
2696,086220,KR7086220001,광동헬스바이오,KONEX,일반기업부,977,1,27,2.84,990,990,810,634,563718,12396044105,12687865,KNX
2697,250930,KR7250930005,예선테크,KOSDAQ,관리종목(소속부없음),1876,1,50,2.74,1760,1898,1746,6419,11701429,12381765088,6600088,KSQ
2698,0131D0,KR70131D0001,키움히어로제2호스팩,KOSDAQ,SPAC(소속부없음),1962,2,-8,-0.41,1970,1975,1958,40283,79081864,12380220000,6310000,KSQ
2699,065570,KR7065570004,삼영이엔씨,KOSDAQ,관리종목(소속부없음),764,0,0,0.0,0,0,0,0,0,12295692232,16093838,KSQ
2700,145995,KR7145991006,삼양사우,KOSPI,,33200,2,-50,-0.15,33300,33300,33200,75,2494100,12286324000,370070,STK
2701,0091W0,KR70091W0006,신영스팩11호,KOSDAQ,SPAC(소속부없음),2020,1,5,0.25,2020,2020,2015,4270,8625350,12257360000,6068000,KSQ
2702,477760,KR7477760003,DB금융스팩12호,KOSDAQ,SPAC(소속부없음),2070,1,10,0.49,2062,2070,2060,5357,11060702,12088800000,5840000,KSQ
2703,012340,KR7012340006,뉴인텍,KOSDAQ,관리종목(소속부없음),548,2,-1,-0.18,545,555,528,262263,141439881,12080546564,22044793,KSQ
2704,0088D0,KR70088D0004,메리츠제1호스팩,KOSDAQ,SPAC(소속부없음),2080,3,0,0.0,2080,2080,2070,63,130620,12053600000,5795000,KSQ
2705,0041L0,KR70041L0000,하나35호스팩,KOSDAQ,SPAC(소속부없음),1990,2,-2,-0.1,1996,1996,1989,6212,12367199,11999700000,6030000,KSQ
2706,0132G0,KR70132G0007,교보20호스팩,KOSDAQ,SPAC(소속부없음),1991,2,-1,-0.05,1991,1992,1990,734,1461313,11886270000,5970000,KSQ
2707,469900,KR7469900005,하나31호스팩,KOSDAQ,관리종목(소속부없음),2095,3,0,0.0,2095,2097,2095,5985,12539469,11742475000,5605000,KSQ
2708,45226K,KR745226K018,한화갤러리아우,KOSPI,,4040,1,45,1.13,3950,4040,3950,6877,27393740,11734058800,2904470,STK
2709,482690,KR7482690005,대신밸런스제19호스팩,KOSDAQ,SPAC(소속부없음),2077,2,-3,-0.14,2080,2080,2070,409,847594,11662355000,5615000,KSQ
2710,019685,KR7019681006,대교우B,KOSPI,,598,0,0,0.0,0,0,0,0,0,11617340020,19426990,STK
2711,474660,KR7474660008,신한제12호스팩,KOSDAQ,SPAC(소속부없음),2095,1,5,0.24,2090,2095,2090,2505,5235455,11564400000,5520000,KSQ
2712,217880,KR7217880004,틸론,KONEX,일반기업부,1074,1,9,0.85,1092,1138,1011,6240,6525042,11521109460,10727290,KNX
2713,487360,KR7487360000,신한제14호스팩,KOSDAQ,SPAC(소속부없음),2035,3,0,0.0,2035,2037,2035,8265,16820257,11477400000,5640000,KSQ
2714,474490,KR7474490000,유안타제16호스팩,KOSDAQ,SPAC(소속부없음),2080,3,0,0.0,2075,2080,2075,7212,15000910,11460800000,5510000,KSQ
2715,900100,USU652221081,파이온엑스,KOSDAQ,관리종목(소속부없음),2165,2,-185,-7.87,2130,2425,2015,114541,252487640,11422648250,5276050,KSQ
2716,477470,KR7477470009,미래에셋비전스팩5호,KOSDAQ,SPAC(소속부없음),2080,2,-5,-0.24,2085,2085,2075,246,510545,11398400000,5480000,KSQ
2717,0071M0,KR70071M0002,삼성스팩11호,KOSDAQ,SPAC(소속부없음),1978,2,-1,-0.05,1980,1993,1977,17063,33786674,11393280000,5760000,KSQ
2718,418620,KR7418620001,E8,KOSDAQ,관리종목(소속부없음),572,4,132,30.0,450,572,441,3451226,1864320291,11354472844,19850477,KSQ
2719,0105P0,KR70105P0009,유진스팩12호,KOSDAQ,SPAC(소속부없음),2000,2,-5,-0.25,2005,2005,1987,10648,21214151,11320000000,5660000,KSQ
2720,496070,KR7496070004,신한제16호스팩,KOSDAQ,SPAC(소속부없음),2000,3,0,0.0,2010,2010,2000,3204,6414145,11240000000,5620000,KSQ
2721,149010,KR7149010001,아이케이세미콘,KONEX,일반기업부,3595,2,-70,-1.91,3405,3595,3400,11,37600,11216400000,3120000,KNX
2722,001000,KR7001000009,신라섬유,KOSDAQ,관리종목(소속부없음),462,0,0,0.0,0,0,0,0,0,11216223480,24277540,KSQ
2723,288980,KR7288980006,모아데이타,KOSDAQ,관리종목(소속부없음),308,2,-14,-4.35,319,331,300,4914149,1533011097,11205464732,36381379,KSQ
2724,251280,KR7251280004,안지오랩,KONEX,일반기업부,3200,1,310,10.73,2900,3315,2870,1852,5613375,11173984000,3491870,KNX
2725,084695,KR7084691005,대상홀딩스우,KOSPI,,12230,1,290,2.43,12040,12290,11840,1263,15286690,11171884860,913482,STK
2726,38380K,KR738380K012,LX홀딩스1우,KOSPI,,7600,1,180,2.43,7420,7600,7390,185,1378980,11136166000,1465285,STK
2727,0129K0,KR70129K0006,신한제18호스팩,KOSDAQ,SPAC(소속부없음),1972,2,-6,-0.3,1978,1978,1969,9451,18646289,11082640000,5620000,KSQ
2728,142760,KR7142760008,모아라이프플러스,KOSDAQ,관리종목(소속부없음),520,2,-29,-5.28,548,548,502,989975,512117440,10963414800,21083490,KSQ
2729,486630,KR7486630007,KB제30호스팩,KOSDAQ,SPAC(소속부없음),2055,3,0,0.0,2060,2060,2040,3442,7032639,10912050000,5310000,KSQ
2730,00781K,KR700781K015,코리아써키트2우B,KOSPI,,13920,2,-50,-0.36,13600,13920,13590,433,5890040,10909090080,783699,STK
2731,079190,KR7079190005,케스피온,KOSDAQ,관리종목(소속부없음),1132,1,62,5.79,1053,1183,1053,59881,68142341,10854609896,9588878,KSQ
2732,0096D0,KR70096D0004,미래에셋비전스팩9호,KOSDAQ,SPAC(소속부없음),1972,2,-10,-0.5,1980,1983,1972,9054,17928367,10846000000,5500000,KSQ
2733,101000,KR7101000008,KS인더스트리,KOSDAQ,투자주의환기종목(소속부없음),1094,4,252,29.93,844,1094,837,1124280,1187212913,10842072778,9910487,KSQ
2734,493790,KR7493790000,유안타제17호스팩,KOSDAQ,SPAC(소속부없음),2030,1,5,0.25,2030,2030,2020,155,313140,10779300000,5310000,KSQ
2735,0098T0,KR70098T0004,교보19호스팩,KOSDAQ,SPAC(소속부없음),1996,1,2,0.1,1999,1999,1994,218,435162,10778400000,5400000,KSQ
2736,004105,KR7004101002,태양금속우,KOSPI,,3240,1,125,4.01,3115,3255,3115,11828,37901985,10692000000,3300000,STK
2737,0004Y0,KR70004Y0000,디비금융제14호스팩,KOSDAQ,SPAC(소속부없음),1997,2,-3,-0.15,2000,2000,1997,2675,5345572,10614055000,5315000,KSQ
2738,489210,KR7489210005,교보17호스팩,KOSDAQ,SPAC(소속부없음),2045,2,-10,-0.49,2060,2060,2015,28932,58558085,10593100000,5180000,KSQ
2739,0130D0,KR70130D0002,신한제17호스팩,KOSDAQ,SPAC(소속부없음),1966,2,-5,-0.25,1971,1976,1966,11340,22340795,10498440000,5340000,KSQ
2740,043100,KR7043100007,알파AI,KOSDAQ,관리종목(소속부없음),520,0,0,0.0,0,0,0,0,0,10457241600,20110080,KSQ
2741,478110,KR7478110000,이베스트스팩6호,KOSDAQ,SPAC(소속부없음),2055,3,0,0.0,2055,2060,2055,354,727480,10316100000,5020000,KSQ
2742,001067,KR7001062009,JW중외제약2우B,KOSPI,,48900,1,150,0.31,48900,48900,48900,20,978000,10267679700,209973,STK
2743,466690,KR7466690005,키움히어로제1호스팩,KOSDAQ,SPAC(소속부없음),2010,3,0,0.0,1988,2010,1988,975,1954777,10240950000,5095000,KSQ
2744,0041B0,KR70041B0002,교보18호스팩,KOSDAQ,SPAC(소속부없음),2015,3,0,0.0,2015,2015,2015,11,22165,10155600000,5040000,KSQ
2745,498390,KR7498390004,한화플러스제5호스팩,KOSDAQ,SPAC(소속부없음),2035,0,0,0.0,0,0,0,0,0,10093600000,4960000,KSQ
2746,305090,KR7305090003,마이크로디지탈,KOSDAQ,투자주의환기종목(소속부없음),538,0,0,0.0,0,0,0,0,0,10087410692,18749834,KSQ
2747,224760,KR7224760009,엔에스컴퍼니,KONEX,일반기업부,2535,0,0,0.0,0,0,0,0,0,9987139500,3939700,KNX
2748,472220,KR7472220003,신영스팩10호,KOSDAQ,관리종목(소속부없음),2110,3,0,0.0,2110,2115,2110,130915,276691495,9895900000,4690000,KSQ
2749,238500,KR7238500003,솔루믹스,KONEX,일반기업부,475,0,0,0.0,0,0,0,0,0,9883469400,20807304,KNX
2750,004255,KR7004251005,NPC우,KOSPI,,1870,2,-15,-0.8,1883,1898,1865,11297,21276776,9873600000,5280000,STK
2751,092600,KR7092600006,앤씨앤,KOSDAQ,관리종목(소속부없음),1960,2,-45,-2.24,1955,2015,1887,19718,38199885,9832737880,5016703,KSQ
2752,114920,KR7114920002,대주이엔티,KONEX,일반기업부,2820,1,360,14.63,2820,2820,2820,1,2820,9783990000,3469500,KNX
2753,003075,KR7003071008,코오롱글로벌우,KOSPI,,13180,2,-340,-2.51,13530,13750,12620,2251,29909260,9762913660,740737,STK
2754,289170,KR7289170003,바이오텐,KONEX,일반기업부,2700,1,320,13.45,2735,2735,2700,11,29735,9657060300,3576689,KNX
2755,488060,KR7488060005,유진스팩11호,KOSDAQ,SPAC(소속부없음),2040,3,0,0.0,2050,2065,2040,1186,2442090,9628800000,4720000,KSQ
2756,103660,KR7103660007,씨앗,KONEX,일반기업부,1589,2,-11,-0.69,1500,1590,1500,55,84370,9561761419,6017471,KNX
2757,106080,KR7106080005,케이이엠텍,KOSDAQ,관리종목(소속부없음),1650,0,0,0.0,0,0,0,0,0,9506998050,5761817,KSQ
2758,145210,KR7145210001,다이나믹디자인,KOSPI,,2240,0,0,0.0,0,0,0,0,0,9461011840,4223666,STK
2759,217320,KR7217320001,썬테크,KONEX,일반기업부,9000,1,500,5.88,9000,9000,9000,1,9000,9450000000,1050000,KNX
2760,308100,KR7308100007,형지글로벌,KOSDAQ,관리종목(소속부없음),360,2,-1,-0.28,362,370,357,85910,31094415,9295199280,25819998,KSQ
2761,484130,KR7484130000,하나34호스팩,KOSDAQ,SPAC(소속부없음),2030,3,0,0.0,2040,2040,2030,3165,6425280,9175600000,4520000,KSQ
2762,001755,KR7001751007,한양증권우,KOSPI,,19280,2,-210,-1.08,19330,19330,19150,2341,45152275,9116933600,472870,STK
2763,473950,KR7473950004,에스케이증권제13호스팩,KOSDAQ,SPAC(소속부없음),2055,3,0,0.0,2050,2055,2050,1736,3567330,9083100000,4420000,KSQ
2764,208640,KR7208640003,썸에이지,KOSDAQ,관리종목(소속부없음),650,2,-1,-0.15,663,697,638,68656,45497795,9050616250,13924025,KSQ
2765,469480,KR7469480008,IBKS제24호스팩,KOSDAQ,SPAC(소속부없음),2130,0,0,0.0,0,0,0,0,0,9009900000,4230000,KSQ
2766,487830,KR7487830002,신한제15호스팩,KOSDAQ,SPAC(소속부없음),2050,3,0,0.0,2060,2060,2040,3046,6215975,8917500000,4350000,KSQ
2767,468760,KR7468760004,유진스팩10호,KOSDAQ,SPAC(소속부없음),2080,0,0,0.0,0,0,0,0,0,8819200000,4240000,KSQ
2768,233250,KR7233250000,메디안디노스틱,KONEX,일반기업부,5000,0,0,0.0,0,0,0,0,0,8732670000,1746534,KNX
2769,472230,KR7472230002,에스케이증권제11호스팩,KOSDAQ,관리종목(소속부없음),2100,3,0,0.0,2100,2105,2100,51968,109272800,8725500000,4155000,KSQ
2770,33637L,KR733637K028,솔루스첨단소재2우B,KOSPI,,2300,2,-10,-0.43,2310,2310,2280,583,1340950,8689151600,3777892,STK
2771,008290,KR7008290009,원풍물산,KOSDAQ,관리종목(소속부없음),427,5,-183,-30.0,659,745,427,7328518,3952303431,8688100253,20346839,KSQ
2772,487720,KR7487720005,키움제10호스팩,KOSDAQ,SPAC(소속부없음),2040,1,5,0.25,2035,2045,2035,85,173365,8629200000,4230000,KSQ
2773,189350,KR7189350002,코셋,KONEX,일반기업부,1790,3,0,0.0,1968,1969,1790,3,5727,8592000000,4800000,KNX
2774,244880,KR7244880001,나눔테크,KONEX,일반기업부,1702,2,-167,-8.94,1897,1897,1700,506,861304,8544040000,5020000,KNX
2775,0068Y0,KR70068Y0003,비엔케이제3호스팩,KOSDAQ,SPAC(소속부없음),1979,2,-6,-0.3,1988,1997,1970,64195,126807714,8529490000,4310000,KSQ
2776,03481K,KR703481K019,해성산업1우,KOSDAQ,중견기업부,6180,1,120,1.98,6060,6240,6060,201,1235880,8512659540,1377453,KSQ
2777,000225,KR7000221002,유유제약1우,KOSPI,,3635,2,-65,-1.76,3700,4045,3615,96075,359156135,8240290550,2266930,STK
2778,0041J0,KR70041J0004,엘에스스팩1호,KOSDAQ,SPAC(소속부없음),1994,3,0,0.0,1997,1997,1981,30531,60597350,8195340000,4110000,KSQ
2779,058450,KR7058450008,한주에이알티,KOSDAQ,투자주의환기종목(소속부없음),1516,2,-44,-2.82,1560,1588,1516,18953,29340335,8183325552,5397972,KSQ
2780,465320,KR7465320000,교보15호스팩,KOSDAQ,관리종목(소속부없음),2140,3,0,0.0,2135,2140,2135,158448,338332980,8153400000,3810000,KSQ
2781,001515,KR7001511005,SK증권우,KOSPI,,4140,2,-60,-1.43,4255,4255,4060,7170,29517040,8098903980,1956257,STK
2782,087260,KR7087260006,모바일어플라이언스,KOSDAQ,관리종목(소속부없음),247,0,0,0.0,0,0,0,0,0,8040556667,32552861,KSQ
2783,318660,KR7318660008,타임기술,KONEX,일반기업부,3690,2,-270,-6.82,4100,4100,3670,515,1902650,7941252690,2152101,KNX
2784,185190,KR7185190006,수프로,KONEX,일반기업부,850,5,-149,-14.91,850,850,850,67,56950,7852831250,9238625,KNX
2785,001065,KR7001061001,JW중외제약우,KOSPI,,22650,3,0,0.0,22600,22700,22600,64,1451950,7745190150,341951,STK
2786,475250,KR7475250007,하나33호스팩,KOSDAQ,SPAC(소속부없음),2090,3,0,0.0,2090,2090,2090,3,6270,7733000000,3700000,KSQ
2787,276240,KR7276240009,엘리비젼,KONEX,일반기업부,628,1,32,5.37,668,668,512,1326,707582,7732650664,12313138,KNX
2788,079970,KR7079970000,투비소프트,KOSDAQ,관리종목(소속부없음),596,0,0,0.0,0,0,0,0,0,7646223464,12829234,KSQ
2789,474930,KR7474930005,신한제13호스팩,KOSDAQ,SPAC(소속부없음),2100,3,0,0.0,2105,2105,2100,7525,15802510,7602000000,3620000,KSQ
2790,178600,KR7178600003,대동고려삼,KONEX,일반기업부,1699,3,0,0.0,1910,1910,1699,2,3609,7559870400,4449600,KNX
2791,212310,KR7212310007,오건에코텍,KONEX,일반기업부,635,0,0,0.0,0,0,0,0,0,7514663025,11834115,KNX
2792,199150,KR7199150004,데이터스트림즈,KONEX,일반기업부,1760,2,-240,-12.0,2000,2000,1700,11555,19769990,7512758880,4268613,KNX
2793,066830,KR7066830001,제노텍,KONEX,일반기업부,1298,1,98,8.17,1100,1298,1100,11,14080,7355999640,5667180,KNX
2794,065420,KR7065420002,에스아이리소스,KOSDAQ,중견기업부,940,0,0,0.0,0,0,0,0,0,7283384140,7748281,KSQ
2795,084180,KR7084180009,수성웹툰,KOSDAQ,관리종목(소속부없음),395,1,10,2.6,385,458,370,1144221,478277382,7139341785,18074283,KSQ
2796,276040,KR7276040003,스코넥,KOSDAQ,관리종목(소속부없음),327,0,0,0.0,0,0,0,0,0,7073119545,21630335,KSQ
2797,199730,KR7199730003,바이오인프라,KOSDAQ,관리종목(소속부없음),1452,2,-58,-3.84,1541,1541,1452,25102,36708901,7063060884,4864367,KSQ
2798,473000,KR7473000008,에스케이증권제12호스팩,KOSDAQ,SPAC(소속부없음),2080,3,0,0.0,2075,2085,2075,347,721760,6884800000,3310000,KSQ
2799,475240,KR7475240008,하나32호스팩,KOSDAQ,SPAC(소속부없음),2095,2,-5,-0.24,2100,2100,2092,1062,2224750,6704000000,3200000,KSQ
2800,000325,KR7000321000,노루홀딩스우,KOSPI,,27500,2,-250,-0.9,27000,27500,26900,264,7144350,6697872500,243559,STK
2801,299480,KR7299480004,지앤이헬스케어,KONEX,일반기업부,602,3,0,0.0,512,691,512,2061,1394824,6682647286,11100743,KNX
2802,447690,KR7447690009,아이오바이오,KONEX,일반기업부,2395,2,-180,-6.99,2570,2570,2395,2,4965,6640750620,2772756,KNX
2803,234070,KR7234070001,에이원큐브텍,KONEX,일반기업부,925,3,0,0.0,925,925,925,1,925,6438650275,6960703,KNX
2804,004985,KR7004981007,성신양회우,KOSPI,,8720,1,260,3.07,8500,9230,8430,2437,21130460,6414824400,735645,STK
2805,011080,KR7011080009,형지I&C,KOSDAQ,관리종목(소속부없음),896,1,2,0.22,871,901,842,79040,68969278,6358250752,7096262,KSQ
2806,035290,KR7035290006,골드앤에스,KOSDAQ,관리종목(소속부없음),1304,2,-77,-5.58,1360,1493,1283,277896,388010150,6217012992,4767648,KSQ
2807,253610,KR7253610000,루트락,KONEX,일반기업부,599,2,-20,-3.23,610,610,530,317,183018,6144584529,10258071,KNX
2808,012205,KR7012201000,계양전기우,KOSPI,,5220,1,100,1.95,5100,5220,5100,11553,59647580,6102592380,1169079,STK
2809,236030,KR7236030003,씨알푸드,KONEX,일반기업부,3000,3,0,0.0,2800,3000,2800,210,628000,6099996000,2033332,KNX
2810,002995,KR7002991008,금호건설우,KOSPI,,20300,1,300,1.5,20700,20700,20000,7692,155533000,5932999800,292266,STK
2811,302920,KR7302920004,더콘텐츠온,KONEX,일반기업부,1300,0,0,0.0,0,0,0,0,0,5918066700,4552359,KNX
2812,004835,KR7004831004,덕성우,KOSPI,,4250,3,0,0.0,4250,4315,4205,4656,19935065,5916000000,1392000,STK
2813,26490K,KR726490K013,크라운제과우,KOSPI,,7640,2,-50,-0.65,7690,7890,7470,1940,14607470,5909998400,773560,STK
2814,267080,KR7267080000,세븐브로이맥주,KONEX,일반기업부,486,0,0,0.0,0,0,0,0,0,5769504288,11871408,KNX
2815,136660,KR7136660008,큐엠씨,KONEX,일반기업부,2430,2,-40,-1.62,2430,2430,2430,1,2430,5737108500,2360950,KNX
2816,236340,KR7236340006,메디젠휴먼케어,KONEX,일반기업부,1900,3,0,0.0,2000,2000,1900,2,3900,5727829300,3014647,KNX
2817,199290,KR7199290008,바이오프로테크,KONEX,일반기업부,332,5,-58,-14.87,400,400,332,1860,739385,5652363744,17025192,KNX
2818,312610,KR7312610009,에이에프더블류,KOSDAQ,관리종목(소속부없음),279,2,-1,-0.36,279,296,261,303141,84097112,5651671752,20256888,KSQ
2819,224810,KR7224810002,엄지하우스,KONEX,일반기업부,1340,2,-73,-5.17,1624,1624,1202,449,558602,5628000000,4200000,KNX
2820,044180,KR7044180008,KD,KOSDAQ,관리종목(소속부없음),205,0,0,0.0,0,0,0,0,0,5477148795,26717799,KSQ
2821,090355,KR7090351008,노루페인트우,KOSPI,,11600,2,-300,-2.52,12000,12000,11550,1114,13140950,5372261600,463126,STK
2822,313760,KR7313760001,캐리,KOSDAQ,관리종목(소속부없음),468,0,0,0.0,0,0,0,0,0,5244963048,11207186,KSQ
2823,341170,KR7341170009,퓨쳐메디신,KONEX,일반기업부,496,0,0,0.0,0,0,0,0,0,5224469680,10533205,KNX
2824,311960,KR7311960009,인터로이드,KONEX,일반기업부,1700,2,-98,-5.45,1799,1799,1530,1001,1537429,5206528800,3062664,KNX
2825,266350,KR7266350008,팡스카이,KONEX,일반기업부,398,0,0,0.0,0,0,0,0,0,5026568860,12629570,KNX
2826,258050,KR7258050004,테크트랜스,KONEX,일반기업부,449,0,0,0.0,0,0,0,0,0,5004531101,11145949,KNX
2827,346010,KR7346010002,타이드,KONEX,일반기업부,1000,0,0,0.0,0,0,0,0,0,4860062000,4860062,KNX
2828,332190,KR7332190008,오션스바이오,KONEX,일반기업부,3170,2,-5,-0.16,0,0,0,0,0,4684749630,1477839,KNX
2829,215570,KR7215570003,크로넥스,KONEX,일반기업부,697,2,-2,-0.29,699,699,595,2564,1531275,4642125247,6660151,KNX
2830,225430,KR7225430008,케이엠제약,KOSDAQ,관리종목(소속부없음),710,2,-52,-6.82,762,782,706,344530,251837322,4604829250,6485675,KSQ
2831,025870,KR7025870007,신라에스지,KOSDAQ,관리종목(소속부없음),1150,2,-87,-7.03,1233,1323,1120,240201,294065748,4600000000,4000000,KSQ
2832,052770,KR7052770005,아이톡시,KOSDAQ,관리종목(소속부없음),312,0,0,0.0,0,0,0,0,0,4545457488,14568774,KSQ
2833,000545,KR7000541003,흥국화재우,KOSPI,,5800,2,-40,-0.68,5830,5830,5460,922,5140270,4454400000,768000,STK
2834,000145,KR7000141002,하이트진로홀딩스우,KOSPI,,9280,1,70,0.76,9300,9300,9150,8,74230,4369116800,470810,STK
2835,092590,KR7092590009,럭스피아,KONEX,일반기업부,584,2,-11,-1.85,620,620,506,1018,516440,4258001232,7291098,KNX
2836,121060,KR7121060008,유니포인트,KONEX,일반기업부,814,4,106,14.97,814,814,814,1,814,4227739362,5193783,KNX
2837,009415,KR7009411000,태영건설우,KOSPI,,6450,1,130,2.06,6210,6450,6210,2623,16638550,4192332300,649974,STK
2838,202960,KR7202960001,판도라티비,KONEX,일반기업부,350,1,3,0.86,390,398,311,191,65269,4170453700,11915582,KNX
2839,402420,KR7402420004,켈스,KONEX,일반기업부,1750,1,50,2.94,1700,1900,1700,22,38650,4110335250,2348763,KNX
2840,116100,KR7116100009,태양기계,KONEX,일반기업부,547,2,-53,-8.83,659,659,547,2,1206,4069672342,7439986,KNX
2841,005965,KR7005961008,동부건설우,KOSPI,,17070,3,0,0.0,17070,17070,17050,845,14423940,3853245240,225732,STK
2842,014825,KR7014821003,동원시스템즈우,KOSPI,,14450,2,-10,-0.07,14310,14450,14300,267,3834310,3816403950,264111,STK
2843,208890,KR7208890004,미래엔에듀파트너,KONEX,일반기업부,903,0,0,0.0,0,0,0,0,0,3616984560,4005520,KNX
2844,007575,KR7007571003,일양약품우,KOSPI,,7740,2,-60,-0.77,7660,7740,7600,477,3640080,3444919200,445080,STK
2845,217910,KR7217910009,에스제이켐,KONEX,일반기업부,240,2,-29,-10.78,269,269,240,134,32189,3357725280,13990522,KNX
2846,296520,KR7296520000,가이아코퍼레이션,KONEX,일반기업부,702,2,-51,-6.77,702,702,702,2,1404,3276239616,4667008,KNX
2847,36328K,KR736328K013,티와이홀딩스우,KOSPI,,2725,2,-30,-1.09,2755,2780,2615,4754,12706725,3201736025,1174949,STK
2848,093510,KR7093510006,엔지브이아이,KONEX,일반기업부,524,5,-92,-14.94,0,0,0,0,0,3154480000,6020000,KNX
2849,005745,KR7005741004,크라운해태홀딩스우,KOSPI,,5250,2,-110,-2.05,5340,5350,5230,425,2265340,3153811500,600726,STK
2850,014285,KR7014281000,금강공업우,KOSPI,,5310,2,-270,-4.84,5580,5580,5310,554,2990460,3132236250,589875,STK
2851,266470,KR7266470004,바이오인프라생명과학,KONEX,일반기업부,108,2,-17,-13.6,107,115,107,556,61680,3009530052,27866019,KNX
2852,245450,KR7245450002,씨앤에스링크,KONEX,일반기업부,1899,2,-98,-4.91,1899,1899,1899,11,20889,3000344040,1579960,KNX
2853,014915,KR7014911002,성문전자우,KOSPI,,4655,2,-50,-1.06,4740,4740,4655,689,3210275,2793000000,600000,STK
2854,390110,KR7390110005,애니메디솔루션,KONEX,일반기업부,263,5,-46,-14.89,315,315,263,852,228362,2550323361,9697047,KNX
2855,000227,KR7000222000,유유제약2우B,KOSPI,,7580,1,200,2.71,7480,7580,7340,2406,17754900,2448036800,322960,STK
2856,001525,KR7001521004,동양우,KOSPI,,8900,1,230,2.65,8900,8980,8600,299,2654010,2337273500,262615,STK
2857,413300,KR7413300005,티엘엔지니어링,KONEX,일반기업부,1682,5,-296,-14.96,1998,1998,1682,478,806208,2273248230,1351515,KNX
2858,008355,KR7008351009,남선알미우,KOSPI,,7280,1,110,1.53,7170,7280,7170,253,1815770,2241439200,307890,STK
2859,021045,KR7021041009,대호특수강우,KOSDAQ,중견기업부,2490,2,-95,-3.68,2635,2635,2380,2773,6792000,2112745080,848492,KSQ
2860,448780,KR7448780007,마이크로엔엑스,KONEX,일반기업부,742,2,-3,-0.4,744,744,650,32,21501,1986838560,2677680,KNX
2861,121850,KR7121850002,코이즈,KOSDAQ,관리종목(소속부없음),325,2,-4,-1.22,311,347,296,1636046,518545492,1643524675,5056999,KSQ
2862,140660,KR7140660002,위월드,KONEX,일반기업부,651,1,49,8.14,692,692,651,11,7571,1619201052,2487252,KNX
2863,004545,KR7004541009,깨끗한나라우,KOSPI,,4200,1,50,1.2,4000,4200,4000,3664,14742375,1537872000,366160,STK
2864,266170,KR7266170000,레드우즈,KONEX,일반기업부,1050,0,0,0.0,0,0,0,0,0,1366092000,1301040,KNX
2865,011155,KR7011151008,CJ씨푸드1우,KOSPI,,6530,1,10,0.15,7140,7140,6500,8079,55343540,1306000000,200000,STK
2866,001527,KR7001522002,동양2우B,KOSPI,,6030,1,110,1.86,6000,6070,6000,205,1235220,1240401150,205705,STK
2867,004415,KR7004411005,서울식품우,KOSPI,,5480,4,1260,29.86,5290,5480,5290,12371,67144610,1219026000,222450,STK
2868,002785,KR7002781003,진흥기업우B,KOSPI,,1336,0,0,0.0,0,0,0,0,0,1145243248,857218,STK
2869,279060,KR7279060008,이노벡스,KONEX,일반기업부,115,0,0,0.0,0,0,0,0,0,1127904590,9807866,KNX
2870,223220,KR7223220005,로지스몬,KONEX,일반기업부,105,5,-18,-14.63,105,105,105,57669,6055245,898209690,8554378,KNX
2871,002787,KR7002782001,진흥기업2우B,KOSPI,,2895,0,0,0.0,0,0,0,0,0,853469160,294808,STK
2872,032685,KR7032681009,소프트센우,KOSDAQ,중견기업부,9140,1,240,2.7,10050,11100,9140,20575,206247370,652248680,71362,KSQ
