,Code,ISU_CD,Name,Market,Dept,Close,ChangeCode,Changes,ChagesRatio,Open,High,Low,Volume,Amount,Marcap,Stocks,MarketId
0,005930,KR7005930003,삼성전자,KOSPI,,247500,1,7500,3.13,254000,254500,244000,15992630,3978336998750,1446953955480000,5846278608,STK
1,000660,KR7000660001,SK하이닉스,KOSPI,,1686000,1,109000,6.91,1693000,1701000,1647000,2641255,4430233219000,1231610127390000,730492365,STK
2,402340,KR7402340004,SK스퀘어,KOSPI,,1126000,1,66000,6.23,1143000,1157000,1105000,494079,557667366020,148585142636000,131958386,STK
3,005935,KR7005931001,삼성전자우,KOSPI,,184100,1,7700,4.37,185200,186300,180100,1681722,308549038750,147716538472300,802371203,STK
4,009150,KR7009150004,삼성전기,KOSPI,,1345000,1,160000,13.5,1351000,1357000,1290000,658570,871103511000,100463021120000,74693696,STK
5,005380,KR7005380001,현대차,KOSPI,,407000,1,14500,3.69,401500,411000,400500,409867,166396321000,83336410762000,204757766,STK
6,373220,KR7373220003,LG에너지솔루션,KOSPI,,334000,1,5500,1.67,336000,342000,331500,177763,59889950000,78156000000000,234000000,STK
7,207940,KR7207940008,삼성바이오로직스,KOSPI,,1491000,1,15000,1.02,1473000,1519000,1473000,35545,53076140000,69019807941000,46290951,STK
8,105560,KR7105560007,KB금융,KOSPI,,170900,1,2100,1.24,172000,176800,170600,578480,100107141350,60616133740600,354687734,STK
9,032830,KR7032830002,삼성생명,KOSPI,,287000,1,9000,3.24,294500,296500,281500,490918,140627560250,57400000000000,200000000,STK
10,028260,KR7028260008,삼성물산,KOSPI,,346500,1,24000,7.44,338500,348500,335000,231160,79120609250,56191066816500,162167581,STK
11,329180,KR7329180004,HD현대중공업,KOSPI,,508000,1,25000,5.18,496000,513000,488500,166954,83870717750,53320302300000,104961225,STK
12,000270,KR7000270009,기아,KOSPI,,133300,1,3700,2.85,131400,134400,131300,538178,71496385100,52042052633400,390412998,STK
13,012450,KR7012450003,한화에어로스페이스,KOSPI,,1006000,1,2000,0.2,1006000,1031000,998000,58202,58695933500,51872781406000,51563401,STK
14,034020,KR7034020008,두산에너빌리티,KOSPI,,76700,1,3700,5.07,75400,77200,73500,1687962,127614355200,49131039898200,640561146,STK
15,055550,KR7055550008,신한지주,KOSPI,,103500,1,1200,1.17,102700,106700,102600,561510,58716184850,48588099736500,469450239,STK
16,012330,KR7012330007,현대모비스,KOSPI,,504000,1,22500,4.67,495000,510000,495000,174066,87690683750,45729221832000,90732583,STK
17,068270,KR7068270008,셀트리온,KOSPI,,191300,1,5500,2.96,186100,193000,185500,450935,85856437250,44487523957800,232553706,STK
18,034730,KR7034730002,SK,KOSPI,,559000,1,41000,7.92,550000,566000,542000,120992,67348131500,40529010977000,72502703,STK
19,035420,KR7035420009,NAVER,KOSPI,,230500,1,4000,1.77,227000,234000,223500,842924,193378963500,36175647781000,156944242,STK
20,086790,KR7086790003,하나금융지주,KOSPI,,128700,1,1100,0.86,131000,133100,128300,359214,46809931650,35311129167600,274367748,STK
21,006400,KR7006400006,삼성SDI,KOSPI,,428000,1,8500,2.03,429500,435000,419000,203926,87074698500,34490606840000,80585530,STK
22,010120,KR7010120004,LS ELECTRIC,KOSPI,,211000,1,14000,7.11,207500,214500,203500,505293,105968491000,31650000000000,150000000,STK
23,066570,KR7066570003,LG전자,KOSPI,,178900,1,13400,8.1,170900,180500,169000,1028889,181126254500,29140061738200,162884638,STK
24,000810,KR7000810002,삼성화재,KOSPI,,631000,1,11000,1.77,619000,640000,619000,31514,19920747000,28172555463000,44647473,STK
25,009540,KR7009540006,HD한국조선해양,KOSPI,,397500,1,23500,6.28,380000,401750,378000,128740,50337420250,28132313610000,70773116,STK
26,042660,KR7042660001,한화오션,KOSPI,,91500,1,4000,4.57,89200,91800,87000,846777,76258825700,28036825551000,306413394,STK
27,298040,KR7298040007,효성중공업,KOSPI,,2978000,1,323000,12.17,2860000,2989000,2813000,41516,121327635000,27768503944000,9324548,STK
28,267260,KR7267260008,HD현대일렉트릭,KOSPI,,768000,1,52000,7.26,750000,778000,732000,117221,89569110500,27684199680000,36047135,STK
29,005490,KR7005490008,POSCO홀딩스,KOSPI,,317000,1,4000,1.28,317500,322500,315500,158885,50601925750,25119564059000,79241527,STK
30,316140,KR7316140003,우리금융지주,KOSPI,,33550,1,350,1.05,33050,34300,33050,1057224,35731496150,24427408831100,728089682,STK
31,010130,KR7010130003,고려아연,KOSPI,,1115000,1,71000,6.8,1052000,1117000,1052000,9143,9897444000,23273360435000,20872969,STK
32,015760,KR7015760002,한국전력,KOSPI,,35750,1,600,1.71,36200,36500,35650,802166,28928006675,22950215752750,641964077,STK
33,000150,KR7000150003,두산,KOSPI,,1268000,2,-6000,-0.47,1351000,1358000,1250000,55637,70868117500,20533782780000,16193835,STK
34,138040,KR7138040001,메리츠금융지주,KOSPI,,121000,1,1500,1.26,118700,123600,118700,190240,23196213650,20249020033000,167347273,STK
35,017670,KR7017670001,SK텔레콤,KOSPI,,93500,1,2100,2.3,91700,98300,89300,1486440,140558438750,20082869955500,214790053,STK
36,042700,KR7042700005,한미반도체,KOSPI,,208500,1,5500,2.71,216500,217000,203500,414287,86539503750,19872593700000,95312200,STK
37,011200,KR7011200003,HMM,KOSPI,,21000,2,-200,-0.94,21200,21550,20900,708173,15007586675,19807997370000,943237970,STK
38,006800,KR7006800007,미래에셋증권,KOSPI,,34900,1,850,2.5,35550,35550,34500,821176,28729849625,19528884112000,559566880,STK
39,010140,KR7010140002,삼성중공업,KOSPI,,22150,1,500,2.31,22100,22300,21750,1941720,42774401725,19492000000000,880000000,STK
40,096770,KR7096770003,SK이노베이션,KOSPI,,108600,2,-2700,-2.43,111300,113900,108300,593476,65164845750,18359132776800,169052788,STK
41,033780,KR7033780008,KT&G,KOSPI,,176200,1,600,0.34,174500,177000,173600,159014,27946225050,18291402347200,103810456,STK
42,051910,KR7051910008,LG화학,KOSPI,,256500,3,0,0.0,261500,266500,254500,99210,25802585750,18106935979500,70592343,STK
43,018260,KR7018260000,삼성에스디에스,KOSPI,,228500,1,9000,4.1,220500,233000,214500,283411,64040658250,17680827300000,77377800,STK
44,079550,KR7079550000,LIG디펜스앤에어로스페이스,KOSPI,,799000,2,-2000,-0.25,793000,819000,788000,70498,56645480000,17578000000000,22000000,STK
45,267250,KR7267250009,HD현대,KOSPI,,216000,1,7500,3.6,212000,218500,209500,76565,16400636250,17062506360000,78993085,STK
46,035720,KR7035720002,카카오,KOSPI,,38200,1,300,0.79,38100,39350,38000,2049445,79192938400,16921876874000,442981070,STK
47,024110,KR7024110009,기업은행,KOSPI,,20225,2,-125,-0.61,20400,20650,20200,547562,11156367075,16127938200525,797425869,STK
48,003550,KR7003550001,LG,KOSPI,,105750,1,3750,3.68,103500,108500,103500,149031,15807472150,15988554423000,151192004,STK
49,064350,KR7064350002,현대로템,KOSPI,,145900,1,6000,4.29,142400,148400,140000,271596,39665672650,15923860548700,109142293,STK
50,086280,KR7086280005,현대글로비스,KOSPI,,204500,1,4500,2.25,203500,208000,202000,78057,16069400000,15337500000000,75000000,STK
51,196170,KR7196170005,알테오젠,KOSDAQ GLOBAL,우량기업부,278000,1,11000,4.12,289500,290000,271000,502292,140457069500,14897003354000,53586343,KSQ
52,011070,KR7011070000,LG이노텍,KOSPI,,607000,1,82000,15.62,610000,622000,590000,261491,157451700500,14365933949000,23667107,STK
53,047810,KR7047810007,한국항공우주,KOSPI,,145100,1,7600,5.53,138000,145400,136600,291509,41747187600,14143638025700,97475107,STK
54,010950,KR7010950004,S-Oil,KOSPI,,122800,2,-3000,-2.38,124600,128900,122000,227183,28203661900,13825166857600,112582792,STK
55,272210,KR7272210006,한화시스템,KOSPI,,72200,1,3100,4.49,69700,72800,69200,321881,23098871050,13639979885800,188919389,STK
56,278470,KR7278470000,에이피알,KOSPI,,357500,2,-2000,-0.56,363000,376000,336000,624918,222018083000,13384140412500,37438155,STK
57,030200,KR7030200000,KT,KOSPI,,52900,1,600,1.15,52200,53200,52100,416105,21963330070,13331947136500,252021685,STK
58,003670,KR7003670007,포스코퓨처엠,KOSPI,,145100,1,2300,1.61,147200,148000,144100,107008,15624102050,12906096522000,88946220,STK
59,000720,KR7000720003,현대건설,KOSPI,,109900,1,8400,8.28,104600,110600,102400,534262,57879211650,12237998573500,111355765,STK
60,071050,KR7071050009,한국금융지주,KOSPI,,207500,1,5000,2.47,206500,213500,205500,113018,23682831250,11563143340000,55725992,STK
61,307950,KR7307950006,현대오토에버,KOSPI,,418500,1,24500,6.22,409000,419000,396500,58740,23890083500,11476936467000,27423982,STK
62,086520,KR7086520004,에코프로,KOSDAQ GLOBAL,중견기업부,82300,1,300,0.37,84600,84900,81300,553918,45961752400,11174377309600,135776152,KSQ
63,259960,KR7259960003,크래프톤,KOSPI,,231500,2,-6500,-2.73,242000,245500,230500,87412,20672708750,10680908339500,46137833,STK
64,005940,KR7005940002,NH투자증권,KOSPI,,27950,1,100,0.36,28350,28600,27850,320983,9028107150,10319310634750,369206105,STK
65,006260,KR7006260004,LS,KOSPI,,330000,1,29500,9.82,317500,335000,311500,125464,40684086250,10296000000000,31200000,STK
66,323410,KR7323410001,카카오뱅크,KOSPI,,21550,2,-300,-1.37,22150,22650,21425,801762,17561862075,10281945417350,477120437,STK
67,005830,KR7005830005,DB손해보험,KOSPI,,155700,1,900,0.58,154200,159200,154000,113155,17743928550,10198404339300,65500349,STK
68,003490,KR7003490000,대한항공,KOSPI,,27050,1,950,3.64,26800,27800,26750,2955617,80680893100,9960368880050,368220661,STK
69,247540,KR7247540008,에코프로비엠,KOSDAQ GLOBAL,중견기업부,101700,2,-800,-0.78,105000,106200,100800,321640,33022657250,9949355137800,97830434,KSQ
70,0126Z0,KR70126Z0002,삼성에피스홀딩스,KOSPI,,388000,1,2000,0.52,386000,394500,380000,35137,13629458250,9654623012000,24883049,STK
71,028050,KR7028050003,삼성E&A,KOSPI,,48750,1,1000,2.09,48600,49250,47100,1729721,84173447825,9555000000000,196000000,STK
72,047050,KR7047050000,포스코인터내셔널,KOSPI,,53900,2,-100,-0.19,54400,55500,53800,219135,11924748800,9482238273200,175922788,STK
73,277810,KR7277810008,레인보우로보틱스,KOSDAQ,기술성장기업부,474500,1,7500,1.61,477000,480000,455500,94478,44418392250,9205232621000,19399858,KSQ
74,003230,KR7003230000,삼양식품,KOSPI,,1212000,2,-7000,-0.57,1209000,1248000,1192000,33481,40713787000,9130014180000,7533015,STK
75,078930,KR7078930005,GS,KOSPI,,95400,2,-1500,-1.55,95100,101900,93100,353671,34307285150,8862230223000,92895495,STK
76,443060,KR7443060009,HD현대마린솔루션,KOSPI,,194400,1,9500,5.14,185000,196800,185000,59640,11516799100,8715624624000,44833460,STK
77,016360,KR7016360000,삼성증권,KOSPI,,97400,2,-1200,-1.22,101400,102000,96000,530879,51644088250,8697820000000,89300000,STK
78,161390,KR7161390000,한국타이어앤테크놀로지,KOSPI,,68950,1,1250,1.85,68300,70900,68200,215033,14914407050,8541186007550,123875069,STK
79,180640,KR7180640005,한진칼,KOSPI,,124900,1,4500,3.74,120500,132500,120500,99927,12821188500,8338608647100,66762279,STK
80,352820,KR7352820005,하이브,KOSPI,,181500,1,500,0.28,183100,185300,178800,179334,32579070550,7823890734000,43106836,STK
81,090430,KR7090430000,아모레퍼시픽,KOSPI,,132300,1,400,0.3,131200,135700,130200,265489,35336890900,7738592015700,58492759,STK
82,039490,KR7039490008,키움증권,KOSPI,,292000,1,8000,2.82,291500,297000,287500,77433,22712568250,7658668272000,26228316,STK
83,005387,KR7005382007,현대차2우B,KOSPI,,203000,1,4900,2.47,200000,205000,199600,53720,10899081300,7097677790000,34963930,STK
84,064400,KR7064400005,LG씨엔에스,KOSPI,,72800,1,4700,6.9,69300,73000,67800,1041723,74223123850,7053297014400,96885948,STK
85,267270,KR7267270007,HD건설기계,KOSPI,,140900,1,13800,10.86,133300,141500,130100,315890,43164743150,6752195287300,47921897,STK
86,047040,KR7047040001,대우건설,KOSPI,,16190,1,990,6.51,15850,16650,15060,8128003,130679996530,6652594659220,410907638,STK
87,021240,KR7021240007,코웨이,KOSPI,,93800,2,-500,-0.53,93100,95700,93000,95070,8985752400,6637984558800,70767426,STK
88,036930,KR7036930006,주성엔지니어링,KOSDAQ GLOBAL,우량기업부,142200,1,6200,4.56,145800,145800,136200,851133,119640770250,6609615406200,46481121,KSQ
89,326030,KR7326030004,SK바이오팜,KOSPI,,83200,1,3400,4.26,81600,86300,80700,136659,11395011350,6515662400000,78313250,STK
90,032640,KR7032640005,LG유플러스,KOSPI,,15120,1,190,1.27,14880,15280,14870,540412,8174131350,6417347307840,424427732,STK
91,241560,KR7241560002,두산밥캣,KOSPI,,64600,1,1900,3.03,63400,65500,63300,87405,5651467100,6192301799000,95856065,STK
92,007660,KR7007660004,이수페타시스,KOSPI,,84200,1,4600,5.78,85800,86000,81500,449376,37591312150,6181056239800,73409219,STK
93,000100,KR7000100008,유한양행,KOSPI,,75800,1,1000,1.34,75100,76800,74900,149537,11344707700,6037288155800,79647601,STK
94,000880,KR7000880005,한화,KOSPI,,83800,0,0,0.0,0,0,0,0,0,5908563612200,70507919,STK
95,377300,KR7377300009,카카오페이,KOSPI,,42150,2,-1650,-3.77,44550,46750,42100,602203,26107727950,5701635768750,135270125,STK
96,001440,KR7001440007,대한전선,KOSPI,,28050,1,2550,10.0,26450,28700,26000,2977635,82455608200,5497592317800,195992596,STK
97,029780,KR7029780004,삼성카드,KOSPI,,46550,3,0,0.0,46600,47400,46550,43023,2020417100,5393231376050,115858891,STK
98,353200,KR7353200009,대덕전자,KOSPI,,108500,1,10700,10.94,106300,108600,98500,997919,103949786800,5361736362500,49416925,STK
99,009830,KR7009830001,한화솔루션,KOSPI,,31150,1,4350,16.23,27400,31700,26500,6558518,199260977725,5354452496400,171892536,STK
100,271560,KR7271560005,오리온,KOSPI,,130300,2,-2400,-1.81,131400,134400,129600,91073,11926763450,5150601076400,39528788,STK
101,175330,KR7175330000,JB금융지주,KOSPI,,27400,1,350,1.29,26900,28300,26900,140771,3895449850,5110697977600,186521824,STK
102,062040,KR7062040001,산일전기,KOSPI,,166900,1,14000,9.16,162200,167500,158500,131029,21478567750,5109785365000,30615850,STK
103,036570,KR7036570000,NC,KOSPI,,235000,2,-5500,-2.29,241500,245500,234500,43663,10355636000,5062845170000,21544022,STK
104,058470,KR7058470006,리노공업,KOSDAQ GLOBAL,우량기업부,66300,1,1900,2.95,67700,68000,64100,421296,27899658800,5052845655000,76211850,KSQ
105,128940,KR7128940004,한미약품,KOSPI,,385500,1,7500,1.98,376000,388000,372000,62355,23789132000,4938637030500,12810991,STK
106,034220,KR7034220004,LG디스플레이,KOSPI,,9800,1,270,2.83,9830,9900,9580,3135107,30659998555,4900000000000,500000000,STK
107,240810,KR7240810002,원익IPS,KOSDAQ GLOBAL,우량기업부,98100,1,1600,1.66,103300,103400,95100,981294,96199141900,4815130688100,49083901,KSQ
108,088980,KR7088980008,맥쿼리인프라,KOSPI,,9980,1,100,1.01,9900,9990,9890,964342,9594451920,4779641490140,478921993,STK
109,028300,KR7028300002,HLB,KOSDAQ,중견기업부,35650,1,1300,3.78,34500,36450,33900,710690,25070880750,4748516649950,133198223,KSQ
110,005385,KR7005381009,현대차우,KOSPI,,201500,1,5500,2.81,199600,204000,198000,51575,10378797950,4703203440000,23340960,STK
111,454910,KR7454910001,두산로보틱스,KOSPI,,72300,1,3800,5.55,70500,72300,68800,441308,31368993700,4686484554000,64819980,STK
112,138930,KR7138930003,BNK금융지주,KOSPI,,14990,2,-120,-0.79,15130,15390,14980,710321,10727524795,4651802224670,310327033,STK
113,000500,KR7000500009,가온전선,KOSPI,,155700,1,9200,6.28,154500,158000,150700,142539,22013532250,4636373409900,29777607,STK
114,010060,KR7010060002,OCI홀딩스,KOSPI,,248000,1,23000,10.22,233500,256500,226000,336295,82516222750,4630217536000,18670232,STK
115,298380,KR7298380007,에이비엘바이오,KOSDAQ GLOBAL,기술성장기업부,80900,1,500,0.62,79600,82400,77600,258597,20790253450,4529385756700,55987463,KSQ
116,051900,KR7051900009,LG생활건강,KOSPI,,297500,1,6000,2.06,289000,302500,286000,75262,22434136250,4455218092500,14975523,STK
117,004170,KR7004170007,신세계,KOSPI,,436500,1,11000,2.59,434000,454500,418500,85069,36789691750,4122821506500,9445181,STK
118,141080,KR7141080002,리가켐바이오,KOSDAQ GLOBAL,기술성장기업부,111200,1,1300,1.18,108900,114000,106400,276060,30516062000,4116559281600,37019418,KSQ
119,039030,KR7039030002,이오테크닉스,KOSDAQ,우량기업부,330500,1,21500,6.96,323500,333500,315000,62299,20268668250,4071611275000,12319550,KSQ
120,011790,KR7011790003,SKC,KOSPI,,81200,1,3100,3.97,81300,81900,79500,118342,9556617000,4027381797600,49598298,STK
121,087010,KR7087010005,펩트론,KOSDAQ,기술성장기업부,172600,2,-1200,-0.69,171800,176200,165500,170508,29281743350,4024574610000,23317350,KSQ
122,001040,KR7001040005,CJ,KOSPI,,136100,1,4100,3.11,132800,137000,131500,67228,9103316700,3970989427800,29176998,STK
123,000250,KR7000250001,삼천당제약,KOSDAQ,중견기업부,169200,1,1900,1.14,169000,172100,164600,122347,20666188150,3969004262400,23457472,KSQ
124,214450,KR7214450009,파마리서치,KOSDAQ GLOBAL,우량기업부,379500,2,-5000,-1.3,381500,389000,374500,166972,63447156000,3942871416000,10389648,KSQ
125,052690,KR7052690005,한전기술,KOSPI,,102500,1,3500,3.54,101200,102900,99200,62764,6376686800,3917550000000,38220000,STK
126,000990,KR7000990002,DB하이텍,KOSPI,,89900,1,4900,5.76,96900,96900,89100,516164,47205069900,3911062461200,43504588,STK
127,111770,KR7111770004,영원무역,KOSPI,,87800,2,-1400,-1.57,88600,89800,87000,54885,4819504600,3890546890400,44311468,STK
128,222800,KR7222800005,심텍,KOSDAQ GLOBAL,중견기업부,101700,1,4600,4.74,102100,102400,95400,507708,50553816900,3810081782700,37463931,KSQ
129,082740,KR7082740002,한화엔진,KOSPI,,45600,1,4850,11.9,41900,46000,41000,740414,32681103275,3805189675200,83447142,STK
130,088350,KR7088350004,한화생명,KOSPI,,4340,1,30,0.7,4370,4485,4320,2095675,9210851441,3769420200000,868530000,STK
131,319660,KR7319660007,피에스케이,KOSDAQ,우량기업부,128400,1,2400,1.9,136400,136400,122800,317021,40512797450,3719326077600,28966714,KSQ
132,004020,KR7004020004,현대제철,KOSPI,,27850,1,1400,5.29,27200,27950,26900,416729,11419851125,3716465112250,133445785,STK
133,002380,KR7002380004,KCC,KOSPI,,428500,1,32000,8.07,404000,429500,401000,16867,6983346500,3682055936000,8592896,STK
134,018880,KR7018880005,한온시스템,KOSPI,,3475,1,105,3.12,3460,3600,3430,4636767,16146930348,3566262368200,1026262552,STK
135,108490,KR7108490004,로보티즈,KOSDAQ,기술성장기업부,236000,1,3500,1.51,236000,241000,226000,137580,32209186750,3460002608000,14661028,KSQ
136,214370,KR7214370009,케어젠,KOSDAQ,벤처기업부,63700,2,-600,-0.93,64900,66000,62900,44635,2861242350,3421645500000,53715000,KSQ
137,440110,KR7440110005,파두,KOSDAQ,기술성장기업부,66000,1,4100,6.62,65000,66400,63000,356967,23123879100,3307327782000,50111027,KSQ
138,145020,KR7145020004,휴젤,KOSDAQ,우량기업부,260000,1,2000,0.78,258000,262500,254000,24445,6346806000,3253944980000,12515173,KSQ
139,066970,KR7066970005,엘앤에프,KOSPI,,79600,1,2100,2.71,81700,82100,79000,129395,10404850500,3238387496000,40683260,STK
140,023530,KR7023530009,롯데쇼핑,KOSPI,,114300,2,-400,-0.35,116200,118500,111700,106125,12098865700,3233404696500,28288755,STK
141,036460,KR7036460004,한국가스공사,KOSPI,,34200,1,100,0.29,34550,34850,34100,81008,2781135125,3157104600000,92313000,STK
142,022100,KR7022100002,포스코DX,KOSPI,,20750,1,450,2.22,20750,21000,20500,116622,2420475825,3154720626750,152034729,STK
143,251270,KR7251270005,넷마블,KOSPI,,38400,2,-900,-2.29,39400,39900,38300,104119,4048073925,3146287526400,81934571,STK
144,001450,KR7001450006,현대해상,KOSPI,,36800,3,0,0.0,36800,37750,36550,324444,11972547200,3137135600000,85248250,STK
145,028670,KR7028670008,팬오션,KOSPI,,5810,1,170,3.01,5640,5900,5500,3385272,19672080950,3105848864720,534569512,STK
146,095340,KR7095340006,ISC,KOSDAQ,우량기업부,144300,1,12800,9.73,148700,148700,136200,161340,22809223000,3058735469400,21197058,KSQ
147,035250,KR7035250000,강원랜드,KOSPI,,14290,2,-210,-1.45,14530,14660,14260,403792,5831658385,3057209745000,213940500,STK
148,403870,KR7403870009,HPSP,KOSDAQ GLOBAL,우량기업부,36700,1,1300,3.67,37150,37450,35050,2036315,74294311550,3020410000000,82300000,KSQ
149,011780,KR7011780004,금호석유화학,KOSPI,,118500,1,1500,1.28,117500,120500,117300,47941,5677575250,2981143012500,25157325,STK
150,031210,KR7031210008,서울보증보험,KOSPI,,42650,1,100,0.24,42850,43500,42550,10657,457601675,2977891154700,69821598,STK
151,097950,KR7097950000,CJ제일제당,KOSPI,,197700,1,2600,1.33,194500,199600,194500,31796,6297975050,2976212572200,15054186,STK
152,214150,KR7214150005,클래시스,KOSDAQ GLOBAL,우량기업부,45200,2,-200,-0.44,44800,45750,44550,96417,4350336100,2948651786800,65235659,KSQ
153,483650,KR7483650008,달바글로벌,KOSPI,,233000,2,-6500,-2.71,236000,241500,230500,73029,17186465750,2911082195000,12493915,STK
154,103590,KR7103590006,일진전기,KOSPI,,60700,1,4600,8.2,61000,61600,59200,252563,15265800950,2894503173000,47685390,STK
155,084370,KR7084370006,유진테크,KOSDAQ,우량기업부,124300,1,5900,4.98,128800,129400,121300,113514,14160153150,2848464020600,22916042,KSQ
156,012750,KR7012750006,에스원,KOSPI,,73900,1,1600,2.21,71600,74800,71600,20838,1535242100,2808139254200,37999178,STK
157,009420,KR7009420001,한올바이오파마,KOSPI,,53600,1,1600,3.08,51600,55100,51600,181849,9762827800,2800098196800,52240638,STK
158,017800,KR7017800004,현대엘리베이터,KOSPI,,71200,1,2000,2.89,69700,72300,69700,55110,3944636500,2783377812000,39092385,STK
159,375500,KR7375500006,DL이앤씨,KOSPI,,70700,1,4700,7.12,67700,70900,65900,362756,25175751150,2735639146100,38693623,STK
160,302440,KR7302440003,SK바이오사이언스,KOSPI,,34850,1,200,0.58,34900,35600,34450,74599,2603972100,2734210872050,78456553,STK
161,008930,KR7008930000,한미사이언스,KOSPI,,39900,1,700,1.79,38850,40600,38700,161267,6459873250,2728822845000,68391550,STK
162,139130,KR7139130009,iM금융지주,KOSPI,,17200,2,-50,-0.29,17220,17650,17130,280589,4881334600,2723850617600,158363408,STK
163,004800,KR7004800009,효성,KOSPI,,162700,1,14400,9.71,157800,163700,153800,18318,2935463200,2723664218900,16740407,STK
164,319400,KR7319400008,현대무벡스,KOSDAQ,우량기업부,24350,1,650,2.74,24000,24950,23100,1603639,38792055575,2712006549650,111376039,KSQ
165,006360,KR7006360002,GS건설,KOSPI,,31500,1,2750,9.57,29100,32350,28000,3918550,122049675200,2695816935000,85581490,STK
166,310210,KR7310210000,보로노이,KOSDAQ,기술성장기업부,145700,1,8200,5.96,136600,146500,135200,85856,12171438850,2687158650100,18443093,KSQ
167,007340,KR7007340003,DN오토모티브,KOSPI,,45750,1,2900,6.77,43100,46500,43100,119026,5424850450,2676872073750,58510865,STK
168,095610,KR7095610002,테스,KOSDAQ GLOBAL,우량기업부,137600,1,5200,3.93,147200,147400,134600,389342,53757809750,2663936000000,19360000,KSQ
169,080220,KR7080220007,제주반도체,KOSDAQ,우량기업부,76200,1,6200,8.86,76500,76800,71300,1510007,111897078550,2624543874600,34442833,KSQ
170,005850,KR7005850003,에스엘,KOSPI,,55700,1,1600,2.96,54800,56700,54700,53208,2977226100,2587182564000,46448520,STK
171,226950,KR7226950004,올릭스,KOSDAQ GLOBAL,기술성장기업부,120900,1,1100,0.92,117500,128000,116300,190637,23349510150,2546498565000,21062850,KSQ
172,069960,KR7069960003,현대백화점,KOSPI,,117400,2,-1000,-0.84,120300,126800,113700,154380,18016649400,2531720668800,21564912,STK
173,026960,KR7026960005,동서,KOSPI,,25300,2,-100,-0.39,25150,25700,25150,30566,775199200,2522410000000,99700000,STK
174,383220,KR7383220001,F&F,KOSPI,,65600,1,2300,3.63,63800,67500,62900,111460,7223985100,2512944120000,38307075,STK
175,009970,KR7009970005,영원무역홀딩스,KOSPI,,193700,1,2800,1.47,186800,196400,186800,6151,1195468200,2509154352900,12953817,STK
176,011170,KR7011170008,롯데케미칼,KOSPI,,58400,1,700,1.21,58600,59700,57700,60230,3515294900,2498084469600,42775419,STK
177,489790,KR7489790006,한화비전,KOSPI,,49000,1,4300,9.62,47250,49750,47100,298860,14576025550,2473931110000,50488390,STK
178,014680,KR7014680003,한솔케미칼,KOSPI,,226000,1,11500,5.36,220500,228000,218000,17043,3823989500,2439452136000,10794036,STK
179,003690,KR7003690005,코리안리,KOSPI,,13750,1,10,0.07,13730,13990,13730,110494,1531739900,2429914176250,176721031,STK
180,001720,KR7001720002,신영증권,KOSPI,,147600,1,5100,3.58,145700,148900,143300,3713,546924900,2426544000000,16440000,STK
181,000240,KR7000240002,한국앤컴퍼니,KOSPI,,25550,1,500,2.0,25100,26250,25050,62758,1617359350,2425595382000,94935240,STK
182,347850,KR7347850000,디앤디파마텍,KOSDAQ,기술성장기업부,52900,2,-11900,-18.36,54000,57500,49450,6291563,329776691150,2424809516100,45837609,KSQ
183,257720,KR7257720003,실리콘투,KOSDAQ,우량기업부,36750,2,-600,-1.61,37000,37650,36550,296508,10989415425,2409927261000,65576252,KSQ
184,161890,KR7161890009,한국콜마,KOSPI,,101900,1,600,0.59,100700,103700,99800,90872,9278470150,2405357346300,23605077,STK
185,450080,KR7450080007,에코프로머티,KOSPI,,33800,1,1050,3.21,33600,34650,33200,294004,10000161950,2393508806000,70813870,STK
186,178320,KR7178320008,서진시스템,KOSDAQ,중견기업부,37450,1,650,1.77,38200,38700,36250,453822,17036701000,2383720100650,63650737,KSQ
187,058610,KR7058610007,에스피지,KOSDAQ,우량기업부,106900,2,-1900,-1.75,106000,107200,102200,423025,44413004450,2370759784000,22177360,KSQ
188,204320,KR7204320006,HL만도,KOSPI,,50400,1,1650,3.38,49200,51900,48650,678423,34179334925,2366638848000,46957120,STK
189,081660,KR7081660003,미스토홀딩스,KOSPI,,44350,2,-50,-0.11,43550,45100,43550,57121,2543603200,2354623104000,53091840,STK
190,279570,KR7279570006,케이뱅크,KOSPI,,5660,1,40,0.71,5710,5720,5640,524802,2977402475,2296234554660,405695151,STK
191,004370,KR7004370003,농심,KOSPI,,377000,1,500,0.13,377500,382500,376000,8916,3378054250,2293156034000,6082642,STK
192,004990,KR7004990008,롯데지주,KOSPI,,22900,1,250,1.1,22800,23350,22650,127135,2913826550,2282300470400,99663776,STK
193,031980,KR7031980006,피에스케이홀딩스,KOSDAQ,우량기업부,105400,1,2400,2.33,109000,110000,101000,111826,11730428700,2272676433000,21562395,KSQ
194,085620,KR7085620003,미래에셋생명,KOSPI,,16760,1,1580,10.41,15510,16920,15510,206032,3385588740,2265616800000,135180000,STK
195,103140,KR7103140000,풍산,KOSPI,,80800,1,10300,14.61,71500,82200,71500,324446,25791327100,2264361662400,28024278,STK
196,131290,KR7131290009,티에스이,KOSDAQ,우량기업부,202500,1,5600,2.84,208000,211000,188000,60186,12155023450,2239939372500,11061429,KSQ
197,336260,KR7336260005,두산퓨얼셀,KOSPI,,34150,1,5550,19.41,30800,34950,29450,801192,25034492350,2236610742900,65493726,STK
198,192820,KR7192820009,코스맥스,KOSPI,,196800,1,1600,0.82,193000,203500,193000,83874,16607458100,2233583371200,11349509,STK
199,357780,KR7357780006,솔브레인,KOSDAQ GLOBAL,우량기업부,286000,1,15500,5.73,281000,288500,272500,22229,6284000000,2224669876000,7778566,KSQ
200,005440,KR7005440003,현대지에프홀딩스,KOSPI,,12120,1,120,1.0,12210,12430,12020,214591,2605354260,2222774051880,183397199,STK
201,263750,KR7263750002,펄어비스,KOSDAQ,우량기업부,35200,2,-400,-1.12,35800,35900,34850,149878,5292732400,2212105632000,62843910,KSQ
202,139480,KR7139480008,이마트,KOSPI,,79600,2,-500,-0.62,80500,81600,79600,66238,5319615250,2196627192400,27595819,STK
203,030000,KR7030000004,제일기획,KOSPI,,18700,2,-30,-0.16,18780,18980,18700,123936,2327942305,2151270907500,115041225,STK
204,282330,KR7282330000,BGF리테일,KOSPI,,123500,2,-1800,-1.44,122500,125800,121800,66746,8248573250,2134562391000,17283906,STK
205,005290,KR7005290002,동진쎄미켐,KOSDAQ,우량기업부,41750,1,1200,2.96,42400,42650,40500,320376,13352565900,2128002760500,50970126,KSQ
206,098460,KR7098460009,고영,KOSDAQ,우량기업부,31200,1,1300,4.35,30500,31250,29650,886125,27124786775,2127971445600,68204213,KSQ
207,237690,KR7237690003,에스티팜,KOSDAQ GLOBAL,우량기업부,101800,1,1100,1.09,100100,102800,100100,50076,5080753350,2125241748400,20876638,KSQ
208,067310,KR7067310003,하나마이크론,KOSDAQ,중견기업부,31950,1,950,3.06,32900,32950,30650,903050,28748182550,2124383264550,66490869,KSQ
209,073240,KR7073240004,금호타이어,KOSPI,,7390,1,410,5.87,7030,7720,7020,6766059,50489661895,2122853520930,287260287,STK
210,051600,KR7051600005,한전KPS,KOSPI,,46450,1,650,1.42,46500,47450,46250,66100,3101782050,2090250000000,45000000,STK
211,007070,KR7007070006,GS리테일,KOSPI,,24900,2,-150,-0.6,24900,25650,24750,140783,3517219875,2081824633500,83607415,STK
212,064760,KR7064760002,티씨케이,KOSDAQ GLOBAL,우량기업부,185500,1,8500,4.8,184800,193000,178200,55951,10434917950,2073781668000,11179416,KSQ
213,071970,KR7071970008,HD현대마린엔진,KOSPI,,59800,1,7200,13.69,54000,60100,53000,232437,13379507100,2028505401000,33921495,STK
214,032820,KR7032820003,우리기술,KOSDAQ,벤처기업부,11740,1,900,8.3,11400,11920,11020,4014043,46520592695,2028491344880,172784612,KSQ
215,018670,KR7018670000,SK가스,KOSPI,,216000,1,2500,1.17,212000,220000,212000,8897,1931687000,1999564704000,9257244,STK
216,002790,KR7002790004,아모레퍼시픽홀딩스,KOSPI,,26100,1,200,0.77,25950,26550,25750,81870,2150435500,1995558498000,76458180,STK
217,475150,KR7475150009,SK이터닉스,KOSPI,,56900,1,1100,1.97,56900,61800,53900,5897661,344993101450,1938412527600,34067004,STK
218,439260,KR7439260001,대한조선,KOSPI,,50800,1,2100,4.31,50000,51900,49500,58718,2975702550,1934907484000,38088730,STK
219,010170,KR7010170009,대한광통신,KOSDAQ,중견기업부,12190,1,2010,19.74,12040,12760,11030,34736148,416813648915,1895370195400,155485660,KSQ
220,462870,KR7462870007,시프트업,KOSPI,,32050,2,-600,-1.84,32750,33450,32000,41194,1340111525,1882677574500,58741890,STK
221,000155,KR7000151001,두산우,KOSPI,,470000,1,5500,1.18,486000,486000,467500,5695,2703418250,1878337140000,3996462,STK
222,068760,KR7068760008,셀트리온제약,KOSDAQ,우량기업부,42150,1,450,1.08,42050,43250,41850,53370,2267664775,1871558293800,44402332,KSQ
223,089970,KR7089970008,브이엠,KOSDAQ,우량기업부,69000,1,2100,3.14,73600,73600,67100,421498,29168036800,1816546785000,26326765,KSQ
224,089030,KR7089030001,테크윙,KOSDAQ,중견기업부,48450,1,350,0.73,50500,50500,47050,471894,22980233725,1795249100250,37053645,KSQ
225,457190,KR7457190007,이수스페셜티케미컬,KOSPI,,59300,1,1400,2.42,59500,60400,58500,69714,4150035050,1791979109600,30218872,STK
226,140860,KR7140860008,파크시스템스,KOSDAQ GLOBAL,우량기업부,252000,3,0,0.0,255000,264000,250500,12600,3220987750,1764622188000,7002469,KSQ
227,000120,KR7000120006,CJ대한통운,KOSPI,,76300,1,300,0.39,75900,77700,75600,30836,2367067900,1740581847200,22812344,STK
228,112610,KR7112610001,씨에스윈드,KOSPI,,41000,1,1150,2.89,40500,41700,40200,241801,9910473475,1729027523000,42171403,STK
229,041510,KR7041510009,에스엠,KOSDAQ GLOBAL,우량기업부,75100,2,-1600,-2.09,77000,77200,74400,58745,4452131250,1719391219000,22894690,KSQ
230,140410,KR7140410002,메지온,KOSDAQ,투자주의환기종목(소속부없음),56100,1,1700,3.13,56400,58700,55400,135682,7699735450,1716996263400,30605994,KSQ
231,011210,KR7011210002,현대위아,KOSPI,,62500,1,2300,3.82,60800,62800,60700,40763,2534300250,1699692687500,27195083,STK
232,023590,KR7023590003,다우기술,KOSPI,,39000,1,500,1.3,39000,39500,38850,26267,1027816400,1688205168000,43287312,STK
233,395400,KR7395400005,SK리츠,KOSPI,,5500,2,-10,-0.18,5520,5580,5470,95049,525787875,1655596910000,301017620,STK
234,950160,KR8840120008,코오롱티슈진,KOSDAQ,외국기업(소속부없음),19440,1,3520,22.11,16450,20650,16010,6883168,127305719560,1651819910400,84970160,KSQ
235,060370,KR7060370004,LS마린솔루션,KOSDAQ,우량기업부,31600,1,2150,7.3,30500,32050,29850,165621,5188353450,1650747786400,52238854,KSQ
236,035900,KR7035900000,JYP Ent.,KOSDAQ GLOBAL,우량기업부,46350,1,100,0.22,46400,46950,46000,81774,3802512100,1646931004200,35532492,KSQ
237,008770,KR7008770000,호텔신라,KOSPI,,41750,1,250,0.6,42200,42900,41650,265581,11218464650,1638609051750,39248121,STK
238,020150,KR7020150009,롯데에너지머티리얼즈,KOSPI,,31050,1,600,1.97,31500,32000,30200,121383,3807510525,1625947626150,52365463,STK
239,120110,KR7120110002,코오롱인더,KOSPI,,54200,1,2100,4.03,53100,54200,52800,39338,2114766950,1623074934400,29946032,STK
240,083650,KR7083650002,비에이치아이,KOSDAQ,우량기업부,52100,1,2250,4.51,51000,52800,48800,273745,14016597750,1612201937500,30944375,KSQ
241,006040,KR7006040000,동원산업,KOSPI,,36100,2,-850,-2.3,36750,37650,36100,30348,1115168300,1593483565900,44140819,STK
242,030530,KR7030530000,원익홀딩스,KOSDAQ,중견기업부,20500,1,100,0.49,20400,20800,19220,1311850,26617801940,1583378610500,77237981,KSQ
243,001740,KR7001740000,SK네트웍스,KOSPI,,7870,1,330,4.38,7740,7930,7620,980764,7650355485,1578673906430,200593889,STK
244,001800,KR7001800002,오리온홀딩스,KOSPI,,26150,1,750,2.95,25350,26250,25350,55756,1450902700,1573096449800,60156652,STK
245,290650,KR7290650001,엘앤씨바이오,KOSDAQ,우량기업부,58200,2,-500,-0.85,58200,59400,56400,144136,8369655350,1569636772800,26969704,KSQ
246,0009K0,KR70009K0001,에임드바이오,KOSDAQ,기술성장기업부,24150,2,-50,-0.21,24050,24600,23500,137857,3325749375,1561808538150,64671161,KSQ
247,097230,KR7097230007,HJ중공업,KOSPI,,17250,1,680,4.1,17000,17580,16900,310128,5365501770,1557594684000,90295344,STK
248,00680K,KR700680K019,미래에셋증권2우B,KOSPI,,11330,1,280,2.53,11450,11530,11210,140807,1599854955,1546545000000,136500000,STK
249,322000,KR7322000001,HD현대에너지솔루션,KOSPI,,133700,1,4700,3.64,131000,143500,126900,343469,46477176800,1497440000000,11200000,STK
250,020560,KR7020560009,아시아나항공,KOSPI,,7220,1,220,3.14,7100,7400,7100,131318,956827080,1487252933420,205990711,STK
251,420770,KR7420770000,기가비스,KOSDAQ,우량기업부,116900,1,2100,1.83,119400,120500,114000,65067,7574543800,1481796110200,12675758,KSQ
252,096530,KR7096530001,씨젠,KOSDAQ GLOBAL,우량기업부,28200,1,250,0.89,28200,28550,27900,117164,3303183575,1472773030800,52225994,KSQ
253,229640,KR7229640008,LS에코에너지,KOSPI,,47850,1,3650,8.26,45500,48550,44800,126237,5954590975,1465400460150,30624879,STK
254,069620,KR7069620003,대웅제약,KOSPI,,125500,1,1900,1.54,122600,127800,122600,21272,2671162250,1454115162500,11586575,STK
255,281820,KR7281820001,케이씨텍,KOSPI,,73400,1,3200,4.56,75000,76300,71500,150408,11001776150,1453221717400,19798661,STK
256,001430,KR7001430008,세아베스틸지주,KOSPI,,40350,1,2500,6.61,37850,40700,37750,119634,4752160775,1447036501650,35862119,STK
257,001120,KR7001120005,LX인터내셔널,KOSPI,,37150,1,100,0.27,37100,37450,36150,57618,2119134650,1439934000000,38760000,STK
258,294870,KR7294870001,IPARK현대산업개발,KOSPI,,21700,1,450,2.12,21400,22050,21350,210645,4592665275,1430189061000,65907330,STK
259,006280,KR7006280002,녹십자,KOSPI,,122300,1,2300,1.92,118800,125300,118800,33389,4122808250,1429263597400,11686538,STK
260,082920,KR7082920000,비츠로셀,KOSDAQ GLOBAL,우량기업부,31650,1,650,2.1,31750,31850,29700,292099,9060998625,1428664447050,45139477,KSQ
261,181710,KR7181710005,NHN,KOSPI,,43500,2,-200,-0.46,43700,46050,43450,89922,4037396775,1424761546500,32753139,STK
262,298020,KR7298020009,효성티앤씨,KOSPI,,328500,1,8000,2.5,323000,343000,323000,15929,5300426750,1421643537000,4327682,STK
263,089860,KR7089860001,롯데렌탈,KOSPI,,38900,2,-500,-1.27,39900,39900,38850,35513,1389527525,1412435193200,36309388,STK
264,218410,KR7218410009,RFHIC,KOSDAQ,우량기업부,52900,1,4150,8.51,57800,58000,51100,966181,52042022400,1405840881800,26575442,KSQ
265,007390,KR7007390008,네이처셀,KOSDAQ,중견기업부,21700,2,-250,-1.14,22300,22350,21500,286355,6278634875,1398240715200,64435056,KSQ
266,009155,KR7009151002,삼성전기우,KOSPI,,474500,1,34000,7.72,489000,489000,455000,45426,21286975500,1379363908000,2906984,STK
267,043260,KR7043260009,성호전자,KOSDAQ,우량기업부,18870,1,2060,12.25,18250,19980,17430,4816260,92099190070,1353767256510,71741773,KSQ
268,131970,KR7131970006,두산테스나,KOSDAQ GLOBAL,우량기업부,69600,1,2000,2.96,71800,72000,67600,176323,12299218050,1345175764800,19327238,KSQ
269,078600,KR7078600004,대주전자재료,KOSDAQ,우량기업부,85300,1,100,0.12,85500,87300,83800,143969,12320072750,1339562971400,15704138,KSQ
270,007810,KR7007810005,코리아써키트,KOSPI,,55700,1,7500,15.56,53400,57100,50800,462799,25407438600,1335831934000,23982620,STK
271,323280,KR7323280008,태성,KOSDAQ,중견기업부,42900,1,2850,7.12,42550,43450,40100,238747,10045334275,1310079342000,30537980,KSQ
272,039200,KR7039200001,오스코텍,KOSDAQ,벤처기업부,34150,2,-450,-1.3,34600,35050,33750,89481,3076159650,1306516710400,38258176,KSQ
273,082640,KR7082640004,동양생명,KOSPI,,8330,1,130,1.59,8300,8520,8210,62053,521134470,1300001299730,156062581,STK
274,007310,KR7007310006,오뚜기,KOSPI,,323500,1,1000,0.31,317000,327500,317000,1988,644254000,1296533005000,4007830,STK
275,012630,KR7012630000,HDC,KOSPI,,21650,1,650,3.1,21650,22000,20800,49008,1054723900,1293408259650,59741721,STK
276,475830,KR7475830006,오름테라퓨틱,KOSDAQ,기술성장기업부,59400,1,1500,2.59,57700,60000,56700,107410,6285052700,1290143646000,21719590,KSQ
277,192080,KR7192080000,더블유게임즈,KOSPI,,60900,2,-600,-0.98,60900,62600,60100,33376,2031582400,1289464201200,21173468,STK
278,415640,KR7415640002,KB발해인프라,KOSPI,,10450,2,-230,-2.15,10680,10680,10410,45901,480526620,1280600976600,122545548,STK
279,003540,KR7003540002,대신증권,KOSPI,,26500,1,300,1.15,26750,27000,26300,18216,484547050,1263152339000,47666126,STK
280,127120,KR7127120004,제이에스링크,KOSDAQ,벤처기업부,35400,1,2500,7.6,34150,37450,32000,181388,6438815050,1230247633200,34752758,KSQ
281,006340,KR7006340004,대원전선,KOSPI,,15600,1,1810,13.13,14530,16370,14340,39459485,620462471975,1223264889600,78414416,STK
282,003380,KR7003380003,하림지주,KOSDAQ GLOBAL,우량기업부,10860,1,210,1.97,10700,11100,10700,379259,4152994910,1216381044060,112005621,KSQ
283,004000,KR7004000006,롯데정밀화학,KOSPI,,47000,1,1150,2.51,45900,47400,45900,27987,1309485150,1212600000000,25800000,STK
284,017960,KR7017960006,한국카본,KOSPI,,23150,1,950,4.28,22800,23350,22550,146332,3373823000,1196310650900,51676486,STK
285,000815,KR7000811000,삼성화재우,KOSPI,,396000,1,4000,1.02,392000,398000,388000,7253,2860591000,1190779920000,3007020,STK
286,005070,KR7005070008,코스모신소재,KOSPI,,35600,1,1350,3.94,35300,36150,34650,74852,2664042650,1182438727600,33214571,STK
287,437730,KR7437730005,삼현,KOSDAQ,기술성장기업부,36900,2,-850,-2.25,37800,37950,36000,249171,9217831800,1170009222300,31707567,KSQ
288,491000,KR7491000006,리브스메드,KOSDAQ,기술성장기업부,46300,1,1350,3.0,44950,48000,44000,138910,6449941675,1169319047300,25255271,KSQ
289,195940,KR7195940002,HK이노엔,KOSDAQ GLOBAL,우량기업부,40700,1,1800,4.63,39050,40900,38750,123666,4959927875,1153026563700,28329891,KSQ
290,361610,KR7361610009,SK아이이테크놀로지,KOSPI,,14030,2,-140,-0.99,14280,14670,13910,117868,1684535530,1147473013000,81787100,STK
291,183300,KR7183300003,코미코,KOSDAQ,우량기업부,54400,0,0,0.0,0,0,0,0,0,1117664864000,20545310,KSQ
292,030610,KR7030610000,교보증권,KOSPI,,9760,1,110,1.14,9800,9980,9740,35285,347198370,1112278499360,113962961,STK
293,077970,KR7077970002,STX엔진,KOSPI,,27550,1,3150,12.91,25250,27750,24900,196433,5260624250,1106079135650,40148063,STK
294,166090,KR7166090001,하나머티리얼즈,KOSDAQ,우량기업부,55900,1,1000,1.82,57400,58100,54600,88707,5001560650,1105571976600,19777674,KSQ
295,066575,KR7066571001,LG전자우,KOSPI,,63400,1,2800,4.62,62000,64500,61600,103198,6485851850,1089294356600,17181299,STK
296,000210,KR7000210005,DL,KOSPI,,51600,2,-300,-0.58,51000,52600,50700,71112,3665230050,1081323614400,20955884,STK
297,093370,KR7093370005,후성,KOSPI,,10050,1,350,3.61,10120,10350,9820,1852437,18602342990,1077916066500,107255330,STK
298,330590,KR7330590001,롯데리츠,KOSPI,,3675,1,50,1.38,3555,3700,3555,89378,327098835,1061960648700,288968884,STK
299,000080,KR7000080002,하이트진로,KOSPI,,15080,2,-50,-0.33,15070,15410,15060,107214,1628240625,1057614853880,70133611,STK
300,458870,KR7458870003,씨어스,KOSDAQ,기술성장기업부,27700,2,-900,-3.15,29000,29000,27350,105223,2931076950,1054254798000,38059740,KSQ
301,300720,KR7300720000,한일시멘트,KOSPI,,14290,1,280,2.0,14010,14390,14000,36104,515756035,1050961036610,73545209,STK
302,496320,KR7496320003,본시스템즈,KONEX,일반기업부,1023000,0,0,0.0,0,0,0,0,0,1039340379000,1015973,KNX
303,003570,KR7003570009,SNT다이내믹스,KOSPI,,31000,3,0,0.0,31400,32050,30900,79737,2488173250,1030833607000,33252697,STK
304,009450,KR7009450008,경동나비엔,KOSPI,,68700,1,200,0.29,68800,69700,68500,12437,857176100,1000862270400,14568592,STK
305,347700,KR7347700007,스피어,KOSDAQ,기술성장기업부,19340,2,-350,-1.78,19900,20350,19130,1163563,22837238920,997003341080,51551362,KSQ
306,003090,KR7003090008,대웅,KOSPI,,17140,1,30,0.18,17030,17580,17030,30514,527970400,996553537200,58141980,STK
307,003240,KR7003240009,태광산업,KOSPI,,895000,1,15000,1.7,872000,906000,872000,1423,1273983000,996493000000,1113400,STK
308,032350,KR7032350001,롯데관광개발,KOSPI,,12290,1,80,0.66,12310,12550,12180,207470,2569708645,979825878820,79725458,STK
309,031330,KR7031330004,에스에이엠티,KOSDAQ,우량기업부,9710,1,780,8.73,9400,9730,9190,695200,6587613250,970952100570,99995067,KSQ
310,003530,KR7003530003,한화투자증권,KOSPI,,4425,1,95,2.19,4450,4515,4400,746658,3338577234,949373904375,214547775,STK
311,280360,KR7280360009,롯데웰푸드,KOSPI,,102700,2,-600,-0.58,102700,105300,102200,11714,1216264850,945309749800,9204574,STK
312,006120,KR7006120000,SK디스커버리,KOSPI,,53900,1,1600,3.06,53300,55000,52600,15419,834907650,938601178900,17413751,STK
313,101490,KR7101490001,에스앤에스텍,KOSDAQ GLOBAL,우량기업부,43850,1,1950,4.65,44350,44500,42250,125389,5473070525,935534444150,21334879,KSQ
314,005300,KR7005300009,롯데칠성,KOSPI,,100600,2,-2100,-2.04,101800,103700,99900,15336,1560127000,933455730400,9278884,STK
315,185750,KR7185750007,종근당,KOSPI,,67600,1,100,0.15,67500,69300,67100,11549,790210800,933067928000,13802780,STK
316,192400,KR7192400000,쿠쿠홀딩스,KOSPI,,26100,2,-700,-2.61,26850,27050,26100,14136,372832500,928173028500,35562185,STK
317,051915,KR7051911006,LG화학우,KOSPI,,120100,2,-900,-0.74,122600,124200,119800,10091,1230432300,923424880000,7688800,STK
318,451800,KR7451800007,한화리츠,KOSPI,,5140,1,100,1.98,5120,5150,5050,35301,180805000,923144000000,179600000,STK
319,241710,KR7241710003,코스메카코리아,KOSDAQ GLOBAL,우량기업부,86400,1,400,0.47,85200,89100,83800,36608,3183962500,922752000000,10680000,KSQ
320,009240,KR7009240003,한샘,KOSPI,,38950,2,-50,-0.13,38650,39850,38650,19202,754283675,916646495600,23533928,STK
321,034230,KR7034230003,파라다이스,KOSPI,,9820,2,-190,-1.9,10110,10230,9760,331316,3313842950,909620531240,92629382,STK
322,476830,KR7476830005,알지노믹스,KOSDAQ,기술성장기업부,31950,1,450,1.43,31250,33250,30400,240718,7677447300,896371180200,28055436,KSQ
323,195870,KR7195870001,해성디에스,KOSPI,,52400,1,2700,5.43,53600,55000,50300,136811,7224240550,890800000000,17000000,STK
324,090710,KR7090710005,휴림로봇,KOSDAQ,중견기업부,7450,1,380,5.37,7210,7700,7070,2182781,16302351405,890714766050,119559029,KSQ
325,071055,KR7071051007,한국금융지주우,KOSPI,,151400,1,1600,1.07,150800,153000,150800,20242,3078521250,886939201400,5858251,STK
326,204270,KR7204270003,제이앤티씨,KOSDAQ,중견기업부,15300,1,240,1.59,15300,15660,14970,136453,2087135725,885081529800,57848466,KSQ
327,003470,KR7003470002,유안타증권,KOSPI,,4580,1,115,2.58,4550,4685,4525,290085,1338981927,882474867160,192680102,STK
328,499790,KR7499790004,GS피앤엘,KOSPI,,44450,1,4200,10.43,43000,46450,42150,226334,10096977600,881480882450,19830841,STK
329,065350,KR7065350001,신성델타테크,KOSDAQ,우량기업부,31800,2,-450,-1.4,32600,33600,31700,112970,3626806225,873989546400,27483948,KSQ
330,083450,KR7083450007,GST,KOSDAQ,우량기업부,47350,1,1750,3.84,47750,48950,46600,82229,3922436150,872660500000,18430000,KSQ
331,100090,KR7100090000,SK오션플랜트,KOSPI,,13950,1,760,5.76,13420,14210,13190,1095923,15192963170,871569899550,62478129,STK
332,036540,KR7036540003,SFA반도체,KOSDAQ,중견기업부,5290,1,260,5.17,5330,5340,5110,1027050,5392311135,869995002870,164460303,KSQ
333,388720,KR7388720005,유일로보틱스,KOSDAQ,벤처기업부,72600,1,2200,3.13,69700,72700,68200,21619,1539702850,855325647000,11781345,KSQ
334,038500,KR7038500005,삼표시멘트,KOSDAQ GLOBAL,우량기업부,7920,1,420,5.6,7650,8080,7560,620171,4885429755,854697143520,107916306,KSQ
335,085660,KR7085660009,차바이오텍,KOSDAQ,중견기업부,9120,2,-380,-4.0,9600,9750,9090,351035,3254363655,847912355520,92972846,KSQ
336,079160,KR7079160008,CJ CGV,KOSPI,,5110,2,-80,-1.54,5180,5320,5090,281010,1456940540,846127065560,165582596,STK
337,030190,KR7030190003,NICE평가정보,KOSPI,,14360,2,-40,-0.28,14350,14510,14230,13896,199356210,845969527720,58911527,STK
338,293490,KR7293490009,카카오게임즈,KOSDAQ GLOBAL,중견기업부,7900,2,-440,-5.28,8260,8400,7890,456017,3657769945,843287593500,106745265,KSQ
339,119850,KR7119850006,지엔씨에너지,KOSDAQ,우량기업부,50800,2,-400,-0.78,49550,53300,47500,880681,44904424825,835604577200,16448909,KSQ
340,001820,KR7001820000,삼화콘덴서,KOSPI,,80100,1,2400,3.09,86900,86900,79300,371144,30327644900,832639500000,10395000,STK
341,086450,KR7086450004,동국제약,KOSDAQ GLOBAL,우량기업부,18320,1,90,0.49,18510,18580,18260,127532,2350264125,828621294400,45230420,KSQ
342,099320,KR7099320004,쎄트렉아이,KOSDAQ,우량기업부,74200,1,900,1.23,72600,74700,71500,42465,3100514500,812584827600,10951278,KSQ
343,115180,KR7115180002,큐리언트,KOSDAQ,벤처기업부,21650,2,-250,-1.14,21350,22400,21300,103614,2244975900,812143481650,37512401,KSQ
344,417200,KR7417200003,LS머트리얼즈,KOSDAQ,중견기업부,11940,1,450,3.92,11900,12170,11650,362680,4337476640,807772748460,67652659,KSQ
345,252990,KR7252990007,샘씨엔에스,KOSDAQ,우량기업부,13350,1,650,5.12,13170,14450,12910,643316,8795423395,803908818150,60217889,KSQ
346,281740,KR7281740001,레이크머티리얼즈,KOSDAQ,우량기업부,12210,1,360,3.04,12240,12490,11830,247624,3030959200,802569991080,65730548,KSQ
347,328130,KR7328130000,루닛,KOSDAQ,기술성장기업부,10760,1,10,0.09,10770,11130,10530,274894,2979419010,801170016800,74458180,KSQ
348,213420,KR7213420003,덕산네오룩스,KOSDAQ,우량기업부,31950,1,600,1.91,32050,32150,31050,92735,2933321450,793356169050,24831179,KSQ
349,365550,KR7365550003,ESR켄달스퀘어리츠,KOSPI,,3210,1,15,0.47,3200,3250,3175,130873,419665858,789945690000,246089000,STK
350,036530,KR7036530004,SNT홀딩스,KOSPI,,48300,1,100,0.21,48700,49150,48250,4927,239245650,787477693800,16303886,STK
351,232140,KR7232140004,와이씨,KOSDAQ,우량기업부,9560,1,410,4.48,9550,9720,9170,437754,4148040665,784353546000,82045350,KSQ
352,100790,KR7100790005,미래에셋벤처투자,KOSDAQ,우량기업부,14690,1,200,1.38,14650,15200,14510,378006,5616606020,780341290820,53120578,KSQ
353,298050,KR7298050006,HS효성첨단소재,KOSPI,,174000,1,9200,5.58,167000,176200,167000,18915,3283855950,779510952000,4479948,STK
354,137310,KR7137310009,에스디바이오센서,KOSPI,,6410,2,-170,-2.58,6590,6740,6380,101879,661929320,774001743820,120749102,STK
355,056190,KR7056190002,SFA,KOSDAQ GLOBAL,우량기업부,21500,1,250,1.18,21850,21950,21200,85058,1833136700,772038340000,35908760,KSQ
356,033100,KR7033100009,제룡전기,KOSDAQ GLOBAL,우량기업부,47950,1,3250,7.27,46900,48950,45650,240242,11353001150,770192511550,16062409,KSQ
357,388210,KR7388210007,씨엠티엑스,KOSDAQ,벤처기업부,79000,1,3700,4.91,80500,80600,77000,32062,2514893050,762700602000,9654438,KSQ
358,214320,KR7214320004,이노션,KOSPI,,18990,2,-10,-0.05,19000,19080,18850,54307,1030538810,759600000000,40000000,STK
359,041830,KR7041830001,인바디,KOSDAQ,우량기업부,56100,2,-1300,-2.26,57400,57400,53600,80619,4528856400,756277480200,13480882,KSQ
360,189300,KR7189300007,인텔리안테크,KOSDAQ,우량기업부,70300,1,300,0.43,70000,71300,68300,62769,4391373600,754846039100,10737497,KSQ
361,122870,KR7122870009,와이지엔터테인먼트,KOSDAQ GLOBAL,우량기업부,40350,2,-400,-0.98,40750,41000,40200,55760,2261643150,754183827150,18691049,KSQ
362,005090,KR7005090006,SGC에너지,KOSPI,,51700,1,1300,2.58,51000,53500,49800,77259,4020952150,744962516100,14409333,STK
363,071320,KR7071320006,지역난방공사,KOSPI,,64100,2,-100,-0.16,64500,65900,63600,14802,951861150,742197490400,11578744,STK
364,032190,KR7032190001,다우데이타,KOSDAQ,우량기업부,19320,1,80,0.42,19450,19690,19310,37918,740271180,739956000000,38300000,KSQ
365,137400,KR7137400008,피엔티,KOSDAQ GLOBAL,우량기업부,31200,2,-50,-0.16,31950,32100,31000,92737,2932876375,739150713600,23690728,KSQ
366,003850,KR7003850005,보령,KOSPI,,8600,1,250,2.99,8420,8610,8380,43220,368486250,737769980200,85787207,STK
367,074600,KR7074600008,원익QnC,KOSDAQ,우량기업부,28050,1,1350,5.06,28000,28650,27300,130871,3679578700,737378400000,26288000,KSQ
368,004490,KR7004490009,세방전지,KOSPI,,53100,1,1000,1.92,53400,53700,52800,16108,857074600,735966000000,13860000,STK
369,032500,KR7032500001,케이엠더블유,KOSDAQ,중견기업부,17290,1,1040,6.4,18360,18360,16800,278685,4863018790,729494510290,42191701,KSQ
370,014620,KR7014620009,성광벤드,KOSDAQ GLOBAL,우량기업부,27450,1,850,3.2,27250,27550,26500,131422,3572422175,728999641800,26557364,KSQ
371,285130,KR7285130001,SK케미칼,KOSPI,,42000,2,-400,-0.94,42000,43200,41650,31376,1322599750,726548172000,17298766,STK
372,445680,KR7445680002,큐리옥스바이오시스템즈,KOSDAQ,기술성장기업부,42200,1,250,0.6,42350,43300,41550,43527,1843434350,725977361000,17203255,KSQ
373,064960,KR7064960008,SNT모티브,KOSPI,,27100,2,-200,-0.73,27450,27850,27050,52047,1424377125,719241371200,26540272,STK
374,090360,KR7090360009,로보스타,KOSDAQ,중견기업부,73200,1,3400,4.87,71700,74200,65600,118101,8510955800,713700000000,9750000,KSQ
375,035760,KR7035760008,CJ ENM,KOSDAQ GLOBAL,중견기업부,32250,2,-1650,-4.87,33500,34200,32200,83043,2722155525,707215216500,21929154,KSQ
376,248070,KR7248070005,솔루엠,KOSPI,,14750,1,420,2.93,14560,14940,14500,96865,1432576165,705289481000,47816236,STK
377,466100,KR7466100005,클로봇,KOSDAQ,기술성장기업부,27650,1,750,2.79,27200,28100,26350,236634,6513592475,703947958350,25459239,KSQ
378,019210,KR7019210004,와이지-원,KOSDAQ,우량기업부,18900,1,1010,5.65,18290,19880,17810,549415,10457859450,702961459200,37193728,KSQ
379,036830,KR7036830008,솔브레인홀딩스,KOSDAQ GLOBAL,우량기업부,34000,1,450,1.34,34100,34850,33750,34021,1168734250,697135354000,20503981,KSQ
380,456040,KR7456040005,OCI,KOSPI,,77200,1,4600,6.34,74600,77400,74000,46020,3514179350,691132614000,8952495,STK
381,094170,KR7094170008,동운아나텍,KOSDAQ,우량기업부,32900,1,5200,18.77,28800,33350,28200,168412,5280502550,687936894400,20909936,KSQ
382,000370,KR7000370007,한화손해보험,KOSPI,,5890,1,130,2.26,5810,6020,5810,180743,1069150805,687592209350,116738915,STK
383,005690,KR7005690003,파미셀,KOSPI,,11340,1,260,2.35,11300,11490,11065,288379,3266562730,680445518760,60004014,STK
384,003160,KR7003160009,디아이,KOSPI,,23850,1,1200,5.3,23600,23900,22650,242309,5679969750,674955000000,28300000,STK
385,000670,KR7000670000,영풍,KOSPI,,36650,1,1650,4.71,35150,37000,35150,32987,1199463275,674751531950,18410683,STK
386,006730,KR7006730006,서부T&D,KOSDAQ GLOBAL,우량기업부,10470,1,340,3.36,10500,11300,10400,654320,7073709180,672979383810,64276923,KSQ
387,171090,KR7171090004,선익시스템,KOSDAQ,우량기업부,66300,1,1900,2.95,66600,67700,64600,41526,2757856150,671461603800,10127626,KSQ
388,093320,KR7093320000,케이아이엔엑스,KOSDAQ,우량기업부,136900,1,3000,2.24,135500,141700,130900,8654,1167553900,668072000000,4880000,KSQ
389,253450,KR7253450001,스튜디오드래곤,KOSDAQ GLOBAL,우량기업부,22100,2,-750,-3.28,22650,23200,22050,50264,1130799125,664292805800,30058498,KSQ
390,102710,KR7102710001,이엔에프테크놀로지,KOSDAQ,우량기업부,46400,1,3800,8.92,44500,46550,44000,65224,2980539900,662955590400,14287836,KSQ
391,048410,KR7048410005,현대바이오,KOSDAQ,중견기업부,6800,1,300,4.62,6580,6860,6500,580303,3879365425,656237889600,96505572,KSQ
392,002960,KR7002960003,한국쉘석유,KOSPI,,496000,2,-3500,-0.7,498500,505000,496000,617,307448250,644800000000,1300000,STK
393,093050,KR7093050003,LF,KOSPI,,21950,1,100,0.46,21650,22200,21500,20435,447280100,641818000000,29240000,STK
394,005880,KR7005880000,대한해운,KOSPI,,1987,1,70,3.65,1930,2005,1929,1964790,3899354323,641298964580,322747340,STK
395,025540,KR7025540006,한국단자,KOSPI,,63000,1,1200,1.94,62700,63400,62100,11522,723652500,637245000000,10115000,STK
396,001570,KR7001570001,금양,KOSPI,,9900,0,0,0.0,0,0,0,0,0,633275240400,63967196,STK
397,317450,KR7317450005,명인제약,KOSPI,,43200,2,-150,-0.35,43500,44000,43150,6643,289545900,630720000000,14600000,STK
398,005180,KR7005180005,빙그레,KOSPI,,67900,3,0,0.0,67800,68900,67200,11400,775788600,629367204900,9269031,STK
399,053800,KR7053800009,안랩,KOSDAQ,우량기업부,56500,1,200,0.36,56300,57400,56200,17385,986281250,628647589000,11126506,KSQ
400,161580,KR7161580006,필옵틱스,KOSDAQ,중견기업부,26750,1,350,1.33,26950,27200,26300,62390,1666313575,627080107250,23442247,KSQ
401,075580,KR7075580001,세진중공업,KOSPI,,11020,1,540,5.15,10750,11100,10550,166061,1810573600,626481005120,56849456,STK
402,293940,KR7293940003,신한알파리츠,KOSPI,,5180,2,-60,-1.15,5280,5280,5180,136822,711721075,626469837140,120940123,STK
403,002350,KR7002350007,넥센타이어,KOSPI,,6400,1,10,0.16,6400,6570,6390,47095,304491570,625074412800,97667877,STK
404,079940,KR7079940003,가비아,KOSDAQ,우량기업부,46550,2,-150,-0.32,46550,46900,46550,4342,202437400,624732840200,13420684,KSQ
405,014820,KR7014820005,동원시스템즈,KOSPI,,21500,1,350,1.65,21000,21700,20900,21406,459472575,623312563000,28991282,STK
406,456160,KR7456160001,지투지바이오,KOSDAQ,기술성장기업부,37400,1,750,2.05,36350,38050,35550,126327,4650309150,621940532400,16629426,KSQ
407,069260,KR7069260008,TKG휴켐스,KOSPI,,15210,1,190,1.26,15020,15450,15020,42478,650524585,621763323480,40878588,STK
408,006380,KR7006380000,카프로,KOSPI,,3660,0,0,0.0,0,0,0,0,0,618539985360,168999996,STK
409,001680,KR7001680008,대상,KOSPI,,17760,1,20,0.11,17640,18040,17640,51987,927417655,615348924000,34648025,STK
410,050890,KR7050890003,쏠리드,KOSDAQ,우량기업부,10120,1,490,5.09,10490,10600,9800,2114040,21440809340,614856124080,60756534,KSQ
411,397030,KR7397030008,에이프릴바이오,KOSDAQ,기술성장기업부,26250,1,850,3.35,25350,27000,25000,158919,4137056350,614612932500,23413826,KSQ
412,453340,KR7453340002,현대그린푸드,KOSPI,,18830,1,220,1.18,19100,19300,18340,56175,1059816855,611439983210,32471587,STK
413,023160,KR7023160005,태광,KOSDAQ GLOBAL,우량기업부,23550,1,950,4.2,23200,23650,22850,50465,1177078225,609173549100,25867242,KSQ
414,052400,KR7052400009,코나아이,KOSDAQ GLOBAL,우량기업부,41800,1,750,1.83,41350,42450,41000,28963,1210011125,608745563800,14563291,KSQ
415,000400,KR7000400002,롯데손해보험,KOSPI,,1946,1,9,0.46,1943,1969,1941,214356,418334510,603914478720,310336320,STK
416,490470,KR7490470002,세미파이브,KOSDAQ,기술성장기업부,17540,1,310,1.8,18100,18560,17400,159639,2847938590,596806217600,34025440,KSQ
417,225570,KR7225570001,넥슨게임즈,KOSDAQ,중견기업부,9030,2,-460,-4.85,9390,9440,9000,157726,1438970830,594717371220,65860174,KSQ
418,383800,KR7383800000,LX홀딩스,KOSPI,,7770,1,60,0.78,7800,7860,7700,64006,498680035,592700961300,76280690,STK
419,476060,KR7476060009,온코닉테라퓨틱스,KOSDAQ,기술성장기업부,13040,1,390,3.08,12650,13150,12480,305028,3936917980,592118233600,45407840,KSQ
420,000640,KR7000640003,동아쏘시오홀딩스,KOSPI,,87100,2,-900,-1.02,88000,88400,86800,17392,1520745300,586403101700,6732527,STK
421,100840,KR7100840008,SNT에너지,KOSPI,,28350,1,650,2.35,28300,28800,27500,86995,2442100650,586300198050,20680783,STK
422,003620,KR7003620002,KG모빌리티,KOSPI,,2895,1,40,1.4,2900,2940,2865,353053,1027149385,585875370240,202374912,STK
423,006110,KR7006110001,삼아알미늄,KOSPI,,38650,2,-500,-1.28,39800,40350,38050,82015,3188060250,584521535750,15123455,STK
424,033240,KR7033240003,자화전자,KOSPI,,27050,1,650,2.46,27850,28050,26500,109931,3018288925,584428829100,21605502,STK
425,251970,KR7251970000,펌텍코리아,KOSDAQ GLOBAL,우량기업부,47100,2,-1300,-2.69,47750,48250,46600,39494,1869072325,584040000000,12400000,KSQ
426,439960,KR7439960006,코스모로보틱스,KOSDAQ,기술성장기업부,17990,1,10,0.06,17730,18680,17220,4427725,80463989880,583786761740,32450626,KSQ
427,006650,KR7006650006,대한유화,KOSPI,,89800,1,100,0.11,91100,93300,88900,23374,2104236650,583700000000,6500000,STK
428,053610,KR7053610002,프로텍,KOSDAQ,우량기업부,64800,1,5700,9.64,62900,65200,60800,21005,1340679450,583200000000,9000000,KSQ
429,222080,KR7222080004,SFA넥셀,KOSDAQ GLOBAL,우량기업부,7480,1,230,3.17,7450,7580,7260,396218,2955927835,581795477120,77780144,KSQ
430,010780,KR7010780005,아이에스동서,KOSPI,,19240,1,70,0.37,19210,19710,19150,43937,850334910,580797418240,30186976,STK
431,114090,KR7114090004,GKL,KOSPI,,9370,1,10,0.11,9480,9530,9320,98180,922282250,579587627900,61855670,STK
432,044490,KR7044490001,태웅,KOSDAQ,우량기업부,28800,1,1200,4.35,28550,29500,27600,131393,3759215150,576212572800,20007381,KSQ
433,108320,KR7108320003,LX세미콘,KOSPI,,35400,1,500,1.43,35950,36000,35050,38561,1370608700,575756220000,16264300,STK
434,094800,KR7094800000,맵스리얼티,KOSPI,,6190,1,50,0.81,6080,6260,5780,45787,281280560,574644508890,92834331,STK
435,001270,KR7001270008,부국증권,KOSPI,,55400,1,2700,5.12,53200,55900,53200,1964,107623900,574491684400,10369886,STK
436,037460,KR7037460003,삼지전자,KOSDAQ,우량기업부,35200,1,750,2.18,35600,35800,34650,147381,5177409875,574411974400,16318522,KSQ
437,017940,KR7017940008,E1,KOSPI,,83700,2,-200,-0.24,84100,85700,83600,2496,211167400,574182000000,6860000,STK
438,399720,KR7399720002,가온칩스,KOSDAQ,벤처기업부,48000,1,300,0.63,49800,49850,47400,119518,5781467525,569224512000,11858844,KSQ
439,376900,KR7376900007,로킷헬스케어,KOSDAQ,기술성장기업부,35850,2,-150,-0.42,37100,37700,35450,93360,3388251375,569075335650,15873789,KSQ
440,052020,KR7052020005,에스티큐브,KOSDAQ,투자주의환기종목(소속부없음),8370,2,-110,-1.3,8480,8570,8220,116650,980650885,569020145670,67983291,KSQ
441,041960,KR7041960006,코미팜,KOSDAQ,벤처기업부,7700,1,300,4.05,7470,7700,7430,136577,1030936940,568926011500,73886495,KSQ
442,001060,KR7001060003,JW중외제약,KOSPI,,24400,1,200,0.83,24250,24850,24200,18991,467381750,568176692000,23285930,STK
443,00088K,KR700088K015,한화3우B,KOSPI,,29250,0,0,0.0,0,0,0,0,0,567579899250,19404441,STK
444,268280,KR7268280005,미원에스씨,KOSPI,,113500,2,-2200,-1.9,115700,116100,112600,2728,313394450,567500000000,5000000,STK
445,016380,KR7016380008,KG스틸,KOSPI,,5640,1,60,1.08,5580,5730,5580,214194,1210956660,564050179080,100008897,STK
446,086900,KR7086900008,메디톡스,KOSDAQ,우량기업부,77100,1,200,0.26,77800,79100,76400,19896,1547423700,562714118700,7298497,KSQ
447,007700,KR7007700008,F&F홀딩스,KOSPI,,14160,2,-150,-1.05,14330,14540,14140,7642,109208570,553859436720,39114367,STK
448,178920,KR7178920005,PI첨단소재,KOSPI,,18640,1,290,1.58,19040,19290,18540,47589,889181040,547388242080,29366322,STK
449,00104K,KR700104K010,CJ4우(전환),KOSPI,,129200,1,2200,1.73,128900,129900,127000,3671,473222850,546065350400,4226512,STK
450,003300,KR7003300001,한일홀딩스,KOSPI,,17660,2,-50,-0.28,17710,17940,17620,4864,86459705,544483301040,30831444,STK
451,046890,KR7046890000,서울반도체,KOSDAQ GLOBAL,중견기업부,9290,1,520,5.93,10100,10160,9230,710463,6740172175,541657166000,58305400,KSQ
452,059090,KR7059090001,미코,KOSDAQ,벤처기업부,16200,1,300,1.89,16400,16515,15900,85319,1380252650,541351803600,33416778,KSQ
453,160190,KR7160190005,하이젠알앤엠,KOSDAQ,중견기업부,17480,1,1860,11.91,16670,17700,16190,142437,2435030445,539922240000,30888000,KSQ
454,124500,KR7124500000,아이티센글로벌,KOSDAQ,우량기업부,23250,2,-50,-0.21,24150,24150,22000,125346,2929146900,539505252750,23204527,KSQ
455,002840,KR7002840007,미원상사,KOSPI,,119600,2,-400,-0.33,120000,123100,119300,4933,597442450,538200000000,4500000,STK
456,121600,KR7121600001,나노신소재,KOSDAQ,우량기업부,43850,2,-150,-0.34,44600,45000,43450,32441,1433046100,537697075350,12262191,KSQ
457,340570,KR7340570001,티앤엘,KOSDAQ,우량기업부,66100,1,2600,4.09,63900,66500,62500,61210,3989423250,537260800000,8128000,KSQ
458,112040,KR7112040001,위메이드,KOSDAQ,중견기업부,15820,2,-560,-3.42,16650,16860,15770,111965,1816631915,537065001060,33948483,KSQ
459,060250,KR7060250008,NHN KCP,KOSDAQ,우량기업부,13280,3,0,0.0,13350,13560,13200,317102,4232951910,533332914080,40160611,KSQ
460,174900,KR7174900001,앱클론,KOSDAQ,벤처기업부,26600,1,100,0.38,27000,27300,25600,140826,3753251800,530726631400,19952129,KSQ
461,099190,KR7099190001,아이센스,KOSDAQ,중견기업부,18440,1,340,1.88,18200,18900,17930,47882,885634120,530284777960,28757309,KSQ
462,005810,KR7005810007,풍산홀딩스,KOSPI,,36750,1,1300,3.67,35600,37550,35600,28053,1037431250,529835481000,14417292,STK
463,477850,KR7477850002,마키나락스,KOSDAQ,기술성장기업부,29800,4,6850,29.85,24800,29800,23850,4567749,131641585025,529091132800,17754736,KSQ
464,045100,KR7045100005,한양이엔지,KOSDAQ,우량기업부,30050,1,550,1.86,30550,30750,29950,48428,1464441000,525875000000,17500000,KSQ
465,295310,KR7295310007,에이치브이엠,KOSDAQ,기술성장기업부,43500,2,-2000,-4.4,46600,46600,43150,155110,6885742875,524026273500,12046581,KSQ
466,358570,KR7358570000,지아이이노베이션,KOSDAQ,기술성장기업부,8050,2,-500,-5.85,8470,8610,7750,578515,4662903860,519353848300,64516006,KSQ
467,082270,KR7082270000,젬백스,KOSDAQ,벤처기업부,11710,2,-460,-3.78,12290,12550,11650,147760,1771996705,518392367130,44269203,KSQ
468,001510,KR7001510007,SK증권,KOSPI,,2235,1,130,6.18,2190,2245,2150,2184948,4839160604,516944514975,231295085,STK
469,033500,KR7033500000,동성화인텍,KOSDAQ,우량기업부,17120,1,340,2.03,16980,17370,16790,59943,1026137990,513420137280,29989494,KSQ
470,056080,KR7056080005,유진로봇,KOSDAQ,중견기업부,13390,1,1010,8.16,12590,13800,12260,314948,4102129065,511973157540,38235486,KSQ
471,058650,KR7058650003,세아홀딩스,KOSPI,,120500,2,-300,-0.25,121200,121800,120100,257,31118700,511189438000,4242236,STK
472,460930,KR7460930001,현대힘스,KOSDAQ,우량기업부,14310,1,570,4.15,14100,14340,13800,571246,8064773740,508157702010,35510671,KSQ
473,211050,KR7211050000,인카금융서비스,KOSDAQ,우량기업부,10260,2,-90,-0.87,10220,10480,10080,62860,643614670,505445120820,49263657,KSQ
474,001530,KR7001530005,DI동일,KOSPI,,24350,3,0,0.0,24800,25100,24150,10405,256404000,504425371350,20715621,STK
475,383310,KR7383310000,에코프로에이치엔,KOSDAQ,우량기업부,24000,1,100,0.42,25000,25000,23750,126486,3050978475,503398368000,20974932,KSQ
476,079900,KR7079900007,전진건설로봇,KOSPI,,34350,1,1850,5.69,34400,34500,33400,33837,1152984400,501253920750,14592545,STK
477,448730,KR7448730002,삼성FN리츠,KOSPI,,5500,2,-30,-0.54,5530,5570,5470,10376,57223010,500775000000,91050000,STK
478,090460,KR7090460007,비에이치,KOSPI,,14670,2,-530,-3.49,15700,15700,14000,1097823,15900654820,494548262460,33711538,STK
479,067160,KR7067160002,SOOP,KOSDAQ GLOBAL,우량기업부,42950,2,-50,-0.12,43150,44000,42450,30107,1304211650,493700242650,11494767,KSQ
480,122640,KR7122640006,예스티,KOSDAQ,벤처기업부,22750,1,1550,7.31,22500,22950,21750,289623,6502087525,491504081250,21604575,KSQ
481,003545,KR7003541000,대신증권우,KOSPI,,20150,1,290,1.46,20000,20250,19980,40681,819188290,491324180100,24383334,STK
482,475960,KR7475960001,토모큐브,KOSDAQ,기술성장기업부,36450,3,0,0.0,36750,37400,35750,21203,775418775,491206542300,13476174,KSQ
483,336370,KR7336370002,솔루스첨단소재,KOSPI,,6990,1,220,3.25,7110,7110,6820,63114,442007070,490819234560,70217344,STK
484,039130,KR7039130000,하나투어,KOSPI,,31650,1,800,2.59,31550,31900,31400,17395,550422475,490256347800,15489932,STK
485,126340,KR7126340009,비나텍,KOSDAQ,벤처기업부,67700,1,4100,6.45,66100,67800,63600,56492,3745539000,486114027800,7180414,KSQ
486,214430,KR7214430001,아이쓰리시스템,KOSDAQ,우량기업부,66500,2,-500,-0.75,66400,67800,65500,13038,870051400,485929797500,7307215,KSQ
487,460860,KR7460860000,동국제강,KOSPI,,9790,1,590,6.41,9360,9980,9320,197664,1916560745,485662486430,49608017,STK
488,001500,KR7001500008,현대차증권,KOSPI,,7850,1,160,2.08,7870,7980,7830,69263,548193900,485389395400,61833044,STK
489,009410,KR7009410002,태영건설,KOSPI,,1631,1,8,0.49,1626,1668,1624,138118,226805057,485369417218,297590078,STK
490,101160,KR7101160000,월덱스,KOSDAQ,우량기업부,29250,1,350,1.21,29900,29900,29100,56037,1651020100,482946545250,16510993,KSQ
491,376300,KR7376300000,디어유,KOSDAQ,우량기업부,20250,2,-1600,-7.32,21400,21850,20100,143656,2946229025,480702721500,23738406,KSQ
492,005945,KR7005941000,NH투자증권우,KOSPI,,25450,1,400,1.6,25350,25550,25000,29505,747255175,480266135600,18870968,STK
493,015750,KR7015750003,성우하이텍,KOSDAQ,우량기업부,5990,1,120,2.04,6070,6120,5980,156448,945812750,479200000000,80000000,KSQ
494,284740,KR7284740008,쿠쿠홈시스,KOSPI,,21350,2,-200,-0.93,21650,21750,21150,7261,156149400,479036995500,22437330,STK
495,249420,KR7249420001,일동제약,KOSPI,,14910,1,150,1.02,15270,15270,14770,66809,1003014315,471726337320,31638252,STK
496,090435,KR7090431008,아모레퍼시픽우,KOSPI,,44600,2,-200,-0.45,44800,45400,44400,7228,324365975,470879218000,10557830,STK
497,008060,KR7008060006,대덕,KOSPI,,15050,1,1070,7.65,14750,15200,14320,74800,1110369480,470870824900,31287098,STK
498,005250,KR7005250006,녹십자홀딩스,KOSPI,,10000,1,150,1.52,9960,10150,9850,65536,656827750,470282100000,47028210,STK
499,034310,KR7034310003,NICE,KOSPI,,12700,2,-80,-0.63,12780,12900,12660,24026,306496200,466815893900,36757157,STK
500,377740,KR7377740006,바이오노트,KOSPI,,4575,1,55,1.22,4590,4695,4535,47019,217583270,466128669600,101886048,STK
501,009520,KR7009520008,포스코엠텍,KOSDAQ GLOBAL,중견기업부,11180,1,290,2.66,11100,11260,10980,100576,1123378165,465565419540,41642703,KSQ
502,484870,KR7484870001,엠앤씨솔루션,KOSPI,,16940,1,830,5.15,16700,17330,16440,51333,870153775,465201198000,27461700,STK
503,002240,KR7002240000,고려제강,KOSPI,,17200,1,180,1.06,17330,17340,17110,12569,216149860,464400000000,27000000,STK
504,145990,KR7145990008,삼양사,KOSPI,,44900,1,1150,2.63,43900,45000,43900,11287,505162575,463073860100,10313449,STK
505,034950,KR7034950006,한국기업평가,KOSDAQ,우량기업부,101800,1,200,0.2,101800,102500,100900,1081,110085550,462224325200,4540514,KSQ
506,336570,KR7336570007,원텍,KOSDAQ,우량기업부,5160,2,-50,-0.96,5300,5300,5160,465829,2425608680,460688133360,89280646,KSQ
507,348370,KR7348370008,엔켐,KOSDAQ,중견기업부,21000,1,450,2.19,22250,22250,20550,261406,5546157925,460130853000,21910993,KSQ
508,033790,KR7033790007,피노,KOSDAQ,중견기업부,5480,3,0,0.0,5650,5680,5460,304497,1694315600,456603940760,83321887,KSQ
509,005389,KR7005383005,현대차3우B,KOSPI,,196100,1,5100,2.67,192000,196800,191800,5219,1017728800,456413337200,2327452,STK
510,018290,KR7018290007,브이티,KOSDAQ,우량기업부,13050,1,190,1.48,12860,13190,12610,131976,1711768940,455990985900,34941838,KSQ
511,219130,KR7219130002,타이거일렉,KOSDAQ,벤처기업부,71800,1,7700,12.01,66000,74200,63100,62475,4328805300,453366022000,6314290,KSQ
512,036810,KR7036810000,에프에스티,KOSDAQ,중견기업부,20900,1,1000,5.03,21050,21750,20400,95459,2002316925,452480590100,21649789,KSQ
513,000070,KR7000070003,삼양홀딩스,KOSPI,,58200,1,100,0.17,58500,58900,57900,3245,189128500,451817716200,7763191,STK
514,486990,KR7486990005,노타,KOSDAQ,기술성장기업부,21050,1,700,3.44,20950,21250,20000,171864,3576426150,450310651500,21392430,KSQ
515,030520,KR7030520001,한컴,KOSDAQ,우량기업부,18580,1,10,0.05,18740,18920,18520,65814,1230933870,449259643520,24179744,KSQ
516,003030,KR7003030004,세아제강지주,KOSPI,,108300,1,1600,1.5,107800,110100,106200,10497,1137513400,448541453100,4141657,STK
517,144960,KR7144960002,뉴파워프라즈마,KOSDAQ,우량기업부,10240,1,40,0.39,10400,10820,10040,796686,8252300410,447412469760,43692624,KSQ
518,077360,KR7077360006,덕산하이메탈,KOSDAQ,벤처기업부,9820,1,410,4.36,9830,10090,9480,315705,3123567450,446191359640,45437002,KSQ
519,042000,KR7042000000,카페24,KOSDAQ,우량기업부,18190,2,-230,-1.25,18450,18820,18110,41928,770340010,439800894110,24178169,KSQ
520,332570,KR7332570001,PS일렉트로닉스,KOSDAQ,우량기업부,9400,1,1160,14.08,8550,9690,8300,6049754,55642672765,439088692200,46711563,KSQ
521,417310,KR7417310000,코람코더원리츠,KOSPI,,10710,1,40,0.37,10650,10750,10650,108543,1162595640,432684000000,40400000,STK
522,215200,KR7215200007,메가스터디교육,KOSDAQ,우량기업부,41700,1,50,0.12,41350,42500,41250,15423,647675450,432229507200,10365216,KSQ
523,004690,KR7004690004,삼천리,KOSPI,,118300,2,-600,-0.5,119000,120600,118200,5411,645245000,429047719100,3626777,STK
524,161000,KR7161000005,애경케미칼,KOSPI,,8790,1,230,2.69,8840,8910,8700,68720,605280620,427622152110,48648709,STK
525,019170,KR7019170000,신풍제약,KOSPI,,8140,1,100,1.24,8180,8260,8110,28796,236128670,426686769080,52418522,STK
526,389470,KR7389470006,인벤티지랩,KOSDAQ,기술성장기업부,31900,1,600,1.92,31550,32650,30150,28028,890973275,424515885200,13307708,KSQ
527,003000,KR7003000007,부광약품,KOSPI,,4285,3,0,0.0,4300,4395,4270,205772,890056013,422778115235,98664671,STK
528,368770,KR7368770004,파이버프로,KOSDAQ,벤처기업부,12850,1,350,2.8,13020,14470,12750,502350,6761308755,422176791250,32854225,KSQ
529,017900,KR7017900002,광전자,KOSPI,,7260,1,1440,24.74,6700,7490,6100,12829971,89122307645,420671719380,57943763,STK
530,278280,KR7278280003,천보,KOSDAQ,중견기업부,34300,1,750,2.24,33950,34900,33950,15813,544873800,420278757500,12253025,KSQ
531,002810,KR7002810000,삼영무역,KOSPI,,22750,1,1150,5.32,21600,22775,21400,28837,624972750,420123067000,18466948,STK
532,001200,KR7001200005,유진투자증권,KOSPI,,4325,1,145,3.47,4250,4390,4250,412756,1788242629,418947257850,96866418,STK
533,033160,KR7033160003,엠케이전자,KOSDAQ,중견기업부,17280,1,1930,12.57,17900,18400,16500,1961573,34514399885,418080372480,24194466,KSQ
534,004700,KR7004700001,조광피혁,KOSPI,,62800,1,200,0.32,62600,63000,61700,239,14898700,417565866400,6649138,STK
535,035890,KR7035890003,서희건설,KOSDAQ,중견기업부,2010,1,55,2.81,1969,2050,1967,282657,565441355,417252957360,207588536,KSQ
536,253590,KR7253590004,네오셈,KOSDAQ,우량기업부,9460,1,580,6.53,9190,9540,8930,262156,2437084695,415002291440,43869164,KSQ
537,014830,KR7014830004,유니드,KOSPI,,61300,1,1100,1.83,61300,61800,61100,6837,420348900,414853880000,6767600,STK
538,357120,KR7357120005,코람코라이프인프라리츠,KOSPI,,4260,1,40,0.95,4220,4260,4220,21618,91877935,414648608040,97335354,STK
539,372320,KR7372320002,큐로셀,KOSDAQ,기술성장기업부,27200,3,0,0.0,27800,27800,26950,16477,449431200,414178534400,15227152,KSQ
540,272290,KR7272290008,이녹스첨단소재,KOSDAQ GLOBAL,우량기업부,20750,2,-150,-0.72,21400,21500,20300,95828,1989945400,413703311750,19937509,KSQ
541,170920,KR7170920003,엘티씨,KOSDAQ,벤처기업부,39050,1,2850,7.87,38800,39850,36750,301451,11622232750,412529120300,10564126,KSQ
542,104830,KR7104830005,원익머트리얼즈,KOSDAQ,우량기업부,32650,1,1300,4.15,32650,33100,31550,75863,2454552100,411651200000,12608000,KSQ
543,078130,KR7078130002,국일제지,KOSDAQ,중견기업부,3650,2,-25,-0.68,3675,3735,3440,120117,441466049,411503142550,112740587,KSQ
544,072710,KR7072710007,농심홀딩스,KOSPI,,87800,2,-1700,-1.9,88700,89300,87300,6714,591632600,407197962000,4637790,STK
545,095660,KR7095660007,네오위즈,KOSDAQ,우량기업부,18700,2,-560,-2.91,19110,19400,18670,57833,1097457545,404601783300,21636459,KSQ
546,200710,KR7200710002,에이디테크놀로지,KOSDAQ,중견기업부,29950,1,1000,3.45,30000,30350,29000,120604,3595164600,403187109650,13462007,KSQ
547,365340,KR7365340009,성일하이텍,KOSDAQ,기술성장기업부,31100,1,700,2.3,31450,31650,30600,26309,822385300,401846676500,12921115,KSQ
548,003280,KR7003280005,흥아해운,KOSPI,,1670,1,17,1.03,1655,1705,1641,3324998,5574450539,401509581330,240424899,STK
549,403550,KR7403550007,쏘카,KOSPI,,10570,1,290,2.82,10500,10660,10390,9951,105003380,401025186940,37939942,STK
550,425420,KR7425420007,티에프이,KOSDAQ,우량기업부,32400,1,1350,4.35,34100,34200,32200,39060,1280175000,400048664400,12347181,KSQ
551,004710,KR7004710000,한솔테크닉스,KOSPI,,7520,2,-140,-1.83,7910,7920,7400,854378,6447473795,399461023840,53119817,STK
552,016590,KR7016590002,신대양제지,KOSPI,,9890,2,-110,-1.1,10010,10270,9800,10099,100616780,398545439800,40297820,STK
553,029530,KR7029530003,신도리코,KOSPI,,41000,1,1100,2.76,40050,41350,40050,7958,324537350,398344889000,9715729,STK
554,027360,KR7027360007,아주IB투자,KOSDAQ,중견기업부,3270,1,25,0.77,3305,3360,3235,702039,2319478934,396145477620,121145406,KSQ
555,452260,KR7452260003,한화갤러리아,KOSPI,,2035,1,57,2.88,2015,2095,2010,855476,1750731470,394504306350,193859610,STK
556,199800,KR7199800004,툴젠,KOSDAQ,기술성장기업부,43400,3,0,0.0,43900,44250,42900,13850,602787175,390497098600,8997629,KSQ
557,448900,KR7448900001,한국피아이엠,KOSDAQ,기술성장기업부,64000,1,500,0.79,62600,64400,61100,47749,3002706200,388765248000,6074457,KSQ
558,013030,KR7013030002,하이록코리아,KOSDAQ,우량기업부,33000,1,750,2.33,32700,33300,32500,17435,572879375,388348752000,11768144,KSQ
559,041190,KR7041190000,우리기술투자,KOSDAQ,우량기업부,4615,1,75,1.65,4595,4665,4540,308136,1422744515,387660000000,84000000,KSQ
560,016610,KR7016610008,DB증권,KOSPI,,9130,1,190,2.13,9060,9280,9060,42601,391759330,387535531570,42446389,STK
561,271940,KR7271940009,일진하이솔루스,KOSPI,,10660,1,220,2.11,10550,10770,10500,25896,275124660,387098605400,36313190,STK
562,236200,KR7236200002,슈프리마,KOSDAQ,우량기업부,55300,1,2600,4.93,52900,55500,52400,18994,1025559050,385679398300,6974311,KSQ
563,194370,KR7194370003,제이에스코퍼레이션,KOSPI,,13260,2,-40,-0.3,13320,13530,13170,42359,564939980,384762211080,29016758,STK
564,015360,KR7015360001,INVENI,KOSPI,,14060,1,30,0.21,14270,14320,14040,17200,243917370,383135000000,27250000,STK
565,031430,KR7031430002,신세계인터내셔날,KOSPI,,10950,1,30,0.27,11060,11160,10870,57200,628327615,383096700000,34986000,STK
566,033640,KR7033640004,네패스,KOSDAQ,중견기업부,16610,1,920,5.86,16900,16900,16190,82911,1379425090,383013345220,23059202,KSQ
567,241770,KR7241770007,메카로,KOSDAQ,우량기업부,37350,1,2300,6.56,36000,37900,35100,11184,412358700,380695104000,10192640,KSQ
568,001940,KR7001940006,KISCO홀딩스,KOSPI,,26850,2,-1250,-4.45,28200,28500,26750,14214,390651250,380635803000,14176380,STK
569,078160,KR7078160009,메디포스트,KOSDAQ,벤처기업부,9700,2,-160,-1.62,9870,10140,9650,77466,761331560,380284649100,39204603,KSQ
570,027410,KR7027410000,BGF,KOSPI,,3970,1,25,0.63,3960,4015,3935,63174,250766100,379995660270,95716791,STK
571,036620,KR7036620003,감성코퍼레이션,KOSDAQ,우량기업부,4220,2,-115,-2.65,4310,4515,4220,310679,1338044743,379221623680,89862944,KSQ
572,064290,KR7064290000,인텍플러스,KOSDAQ,중견기업부,29100,1,1950,7.18,28900,29800,27650,238781,6913603500,377065519800,12957578,KSQ
573,950210,KR8702070002,프레스티지바이오파마,KOSPI,,6270,2,-70,-1.1,6410,6500,6150,47163,299626925,376802891850,60096155,STK
574,025980,KR7025980004,아난티,KOSDAQ,우량기업부,3855,1,45,1.18,3855,3940,3810,358572,1391644135,375095316450,97300990,KSQ
575,060280,KR7060280005,큐렉소,KOSDAQ,중견기업부,9090,1,140,1.56,8970,9220,8820,126306,1146680515,375051491100,41259790,KSQ
576,005420,KR7005420005,코스모화학,KOSPI,,9720,1,250,2.64,9650,9930,9630,71783,703909710,373327976160,38408228,STK
577,078340,KR7078340007,컴투스,KOSDAQ GLOBAL,중견기업부,30850,2,-950,-2.99,31500,31750,30500,42189,1305644975,373017006050,12091313,KSQ
578,002030,KR7002030005,아세아,KOSPI,,180500,2,-3400,-1.85,181900,191600,179200,6466,1197665800,371622786000,2058852,STK
579,130660,KR7130660004,한전산업,KOSPI,,11370,1,270,2.43,11340,11570,11230,118836,1356944960,370662000000,32600000,STK
580,105630,KR7105630008,한세실업,KOSPI,,9245,1,15,0.16,9290,9350,9230,18659,173085540,369800000000,40000000,STK
581,344820,KR7344820006,KCC글라스,KOSPI,,23150,1,350,1.54,22900,23500,22900,5016,116478225,369717352800,15970512,STK
582,381970,KR7381970003,케이카,KOSPI,,7560,1,10,0.13,7700,7750,7560,28890,220673840,369085610880,48820848,STK
583,064260,KR7064260003,다날,KOSDAQ,중견기업부,4850,1,45,0.94,4855,4965,4710,3637029,17602075666,366880466450,75645457,KSQ
584,009900,KR7009900002,명신산업,KOSPI,,6990,1,230,3.4,7090,7230,6950,83699,589381000,366766229670,52470133,STK
585,002990,KR7002990000,금호건설,KOSPI,,9840,1,230,2.39,10160,10890,9820,4985024,50961732420,366638144160,37259974,STK
586,069080,KR7069080000,웹젠,KOSDAQ GLOBAL,우량기업부,11820,2,-400,-3.27,12100,12250,11820,45229,544297850,366024916500,30966575,KSQ
587,092230,KR7092230002,KPX홀딩스,KOSPI,,86400,1,900,1.05,86300,87800,85500,1314,113582900,365009414400,4224646,STK
588,003800,KR7003800000,에이스침대,KOSDAQ,우량기업부,32850,1,50,0.15,32800,33250,32600,728,24004750,364306500000,11090000,KSQ
589,306200,KR7306200007,세아제강,KOSPI,,128400,1,1900,1.5,126500,129800,124000,5706,731934850,364180920000,2836300,STK
590,089010,KR7089010003,켐트로닉스,KOSDAQ,우량기업부,21600,1,300,1.41,21900,21950,21400,34701,751647375,362232583200,16770027,KSQ
591,025320,KR7025320003,시노펙스,KOSDAQ,우량기업부,3900,1,10,0.26,3950,3980,3830,691769,2698093520,359433566700,92162453,KSQ
592,089890,KR7089890008,코세스,KOSDAQ,우량기업부,21650,1,400,1.88,22450,22450,20950,188203,4025335850,359064427300,16584962,KSQ
593,007690,KR7007690001,국도화학,KOSPI,,38600,2,-100,-0.26,38700,39900,38550,17753,694412100,357468115200,9260832,STK
594,170900,KR7170900005,동아에스티,KOSPI,,36700,2,-550,-1.48,37300,37650,36700,3405,126840300,357013232700,9727881,STK
595,005950,KR7005950001,이수화학,KOSPI,,13470,2,-130,-0.96,13620,14000,13310,248735,3391914625,354182456430,26294169,STK
596,078020,KR7078020005,LS증권,KOSDAQ,우량기업부,6380,1,140,2.24,6270,6500,6260,52571,336303760,353969992200,55481190,KSQ
597,011760,KR7011760006,현대코퍼레이션,KOSPI,,26750,1,950,3.68,25850,26900,25850,17487,464852725,353874840500,13228966,STK
598,204620,KR7204620009,글로벌텍스프리,KOSDAQ,우량기업부,5030,2,-40,-0.79,5080,5110,4995,330763,1666873730,353525149900,70283330,KSQ
599,290550,KR7290550003,디케이티,KOSDAQ,우량기업부,17650,2,-520,-2.86,18210,18230,16390,431292,7476161870,353021709500,20001230,KSQ
600,020000,KR7020000006,한섬,KOSPI,,16390,2,-80,-0.49,16560,16660,16100,214386,3494703025,352007931660,21476994,STK
601,089590,KR7089590004,제주항공,KOSPI,,4365,1,105,2.46,4400,4400,4305,186244,810637571,351997899525,80640985,STK
602,060980,KR7060980000,HL홀딩스,KOSPI,,38750,1,300,0.78,38800,39200,38650,4210,163858425,351805321250,9078847,STK
603,039440,KR7039440003,에스티아이,KOSDAQ,우량기업부,22650,1,750,3.42,22950,23000,22250,45779,1036071625,351234614550,15507047,KSQ
604,126560,KR7126560002,현대퓨처넷,KOSPI,,3215,1,30,0.94,3205,3225,3180,47954,153742056,351081343600,109201040,STK
605,104700,KR7104700000,한국철강,KOSPI,,9610,2,-10,-0.1,9560,9640,9490,4578,43892050,350284500000,36450000,STK
606,441270,KR7441270006,파인엠텍,KOSDAQ,벤처기업부,8330,1,350,4.39,8150,8420,7920,297618,2451017265,350226911510,42044047,KSQ
607,008730,KR7008730004,율촌화학,KOSPI,,14120,1,330,2.39,13950,14370,13840,35544,502436780,350176000000,24800000,STK
608,029460,KR7029460003,케이씨,KOSPI,,31650,1,2800,9.71,30400,32050,29750,36882,1147153200,348799932750,11020535,STK
609,455900,KR7455900001,엔젤로보틱스,KOSDAQ,기술성장기업부,22600,1,100,0.44,22600,22650,21500,117851,2627054725,347881370600,15392981,KSQ
610,145720,KR7145720009,덴티움,KOSPI,,40250,1,900,2.29,40000,41300,39850,16426,668226650,347111612750,8623891,STK
611,017810,KR7017810003,풀무원,KOSPI,,9050,1,90,1.0,9070,9140,9010,13150,119547155,344990905100,38120542,STK
612,024850,KR7024850000,HLB이노베이션,KOSDAQ,중견기업부,10860,1,1090,11.16,9880,10860,9700,125555,1305255605,344843487840,31753544,KSQ
613,006220,KR7006220008,제주은행,KOSPI,,9100,1,90,1.0,9050,9160,9050,80701,734557420,343966868700,37798557,STK
614,217590,KR7217590009,티엠씨,KOSPI,,14150,1,1740,14.02,13800,14970,13020,3187433,45471735910,340933283750,24094225,STK
615,002020,KR7002020006,코오롱,KOSPI,,26350,1,1000,3.94,26100,27750,25650,125686,3348194600,340117368000,12907680,STK
616,160980,KR7160980009,싸이맥스,KOSDAQ,우량기업부,31100,1,1650,5.6,30350,33350,28400,101703,3088732500,339743957300,10924243,KSQ
617,348210,KR7348210006,넥스틴,KOSDAQ,우량기업부,32400,1,100,0.31,33250,33400,32000,32542,1069975550,339454962000,10477005,KSQ
618,011930,KR7011930005,신성이엔지,KOSPI,,16550,1,900,5.75,16160,16785,15960,252521,4113520725,336067312100,20306182,STK
619,097520,KR7097520001,엠씨넥스,KOSPI,,19290,1,330,1.74,19630,19630,19280,18723,363377235,335674935000,17401500,STK
620,330860,KR7330860008,네패스아크,KOSDAQ,중견기업부,27500,1,2700,10.89,26500,27900,25300,193511,5191214650,335061237500,12184045,KSQ
621,005610,KR7005610001,삼립,KOSPI,,38750,2,-250,-0.64,39000,39600,38750,2768,108632900,334374098750,8629009,STK
622,101930,KR7101930006,인화정공,KOSDAQ,우량기업부,7310,1,520,7.66,6760,7400,6760,10478,75961750,334028045010,45694671,KSQ
623,006910,KR7006910004,보성파워텍,KOSDAQ,우량기업부,6790,1,390,6.09,6600,6890,6510,730024,4909869545,333591504960,49129824,KSQ
624,389650,KR7389650003,넥스트바이오메디컬,KOSDAQ,기술성장기업부,40250,2,-150,-0.37,39850,41500,39500,20253,812956050,333160761500,8277286,KSQ
625,356860,KR7356860007,티엘비,KOSDAQ,우량기업부,27900,1,1650,6.29,29000,29000,27350,251562,7018102450,332167077000,11905630,KSQ
626,356680,KR7356680009,엑스게이트,KOSDAQ,벤처기업부,11630,1,1090,10.34,11070,12220,10880,2196674,25611327515,331960811960,28543492,KSQ
627,183190,KR7183190008,아세아시멘트,KOSPI,,9170,1,80,0.88,9220,9370,9160,17727,163648640,329920754240,35978272,STK
628,069540,KR7069540003,빛과전자,KOSDAQ,벤처기업부,2890,4,665,29.89,2670,2890,2450,29158260,80815150923,325679582330,112691897,KSQ
629,0120G0,KR70120G0001,삼양바이오팜,KOSPI,,43600,2,-900,-2.02,45000,45150,43350,12843,567088325,324203932000,7435870,STK
630,228760,KR7228760005,지노믹트리,KOSDAQ,기술성장기업부,13020,1,240,1.88,12810,13120,12690,37986,491257350,323666810040,24859202,KSQ
631,024720,KR7024720005,콜마홀딩스,KOSPI,,9420,1,90,0.96,9360,9500,9240,31561,297271710,323070759780,34296259,STK
632,092730,KR7092730001,네오팜,KOSDAQ,우량기업부,20150,1,150,0.75,20200,20400,19740,42157,851033860,322963978350,16027989,KSQ
633,091810,KR7091810002,트리니티항공,KOSPI,,632,1,26,4.29,617,647,616,558155,354212691,322655250088,510530459,STK
634,126720,KR7126720002,수산인더스트리,KOSPI,,22400,1,250,1.13,22500,22750,22350,10063,227240050,320006400000,14286000,STK
635,125490,KR7125490003,한라캐스트,KOSDAQ,벤처기업부,8760,1,280,3.3,8540,9000,8460,440736,3859660735,319760603520,36502352,KSQ
636,200880,KR7200880003,서연이화,KOSPI,,11820,1,490,4.32,11520,12000,11520,64833,768323800,319476125340,27028437,STK
637,243070,KR7243070000,휴온스,KOSDAQ,우량기업부,26650,2,-100,-0.37,26500,28100,26500,10533,281934250,319258072250,11979665,KSQ
638,084110,KR7084110006,휴온스글로벌,KOSDAQ,우량기업부,25200,1,400,1.61,25250,25600,24800,14834,375483500,319027262400,12659812,KSQ
639,036890,KR7036890002,진성티이씨,KOSDAQ,우량기업부,14410,1,990,7.38,13900,14500,13850,64177,913176695,317490097430,22032623,KSQ
640,200670,KR7200670008,휴메딕스,KOSDAQ,우량기업부,28250,1,2850,11.22,26050,28650,25800,45197,1242929650,317245522500,11229930,KSQ
641,376270,KR7376270005,HEM파마,KOSDAQ,기술성장기업부,43600,2,-250,-0.57,43400,44850,43200,5363,236603850,314754809200,7219147,KSQ
642,117730,KR7117730002,티로보틱스,KOSDAQ,벤처기업부,13910,1,450,3.34,13660,14050,13260,105955,1448639130,313782378130,22558043,KSQ
643,006405,KR7006401004,삼성SDI우,KOSPI,,193800,1,9300,5.04,188800,195500,186600,4706,901893950,313548244800,1617896,STK
644,02826K,KR702826K016,삼성물산우B,KOSPI,,213000,1,13900,6.98,205000,213500,205000,3136,655738250,312596670000,1467590,STK
645,092790,KR7092790005,넥스틸,KOSPI,,12010,1,760,6.76,11420,12100,11420,151365,1796444690,312284020000,26002000,STK
646,000157,KR7000152009,두산2우B,KOSPI,,349500,1,4500,1.3,362000,362000,347000,198,69955500,312116781000,893038,STK
647,025900,KR7025900002,동화기업,KOSDAQ,중견기업부,6160,1,60,0.98,6120,6340,6120,51799,322547230,311432875600,50557285,KSQ
648,138080,KR7138080007,오이솔루션,KOSDAQ,벤처기업부,25150,4,5780,29.84,25100,25150,25100,150016,3770916700,311300613700,12377758,KSQ
649,215600,KR7215600008,신라젠,KOSDAQ,중견기업부,2245,1,15,0.67,2240,2310,2220,332854,756058242,311052751180,138553564,KSQ
650,206650,KR7206650004,유바이오로직스,KOSDAQ,우량기업부,8450,1,110,1.32,8500,8670,8370,77958,666926830,310556994150,36752307,KSQ
651,900290,HK0000307485,GRT,KOSDAQ,외국기업(소속부없음),3795,1,60,1.61,3800,3980,3615,520646,1996933040,310431000000,81800000,KSQ
652,472850,KR7472850007,폰드그룹,KOSDAQ,중견기업부,5390,1,380,7.58,5010,5520,5000,129614,686711720,310311204280,57571652,KSQ
653,026890,KR7026890004,스틱인베스트먼트,KOSPI,,8000,1,80,1.01,8020,8050,7940,18822,150668425,310166696000,38770837,STK
654,009290,KR7009290008,광동제약,KOSPI,,6220,1,50,0.81,6220,6340,6220,99439,625128010,309754805760,49799808,STK
655,005720,KR7005720008,넥센,KOSPI,,5870,1,30,0.51,5840,5980,5840,22205,131030740,308433144990,52543977,STK
656,265520,KR7265520007,AP시스템,KOSDAQ,우량기업부,20450,1,870,4.44,20150,20750,20000,27203,553963450,307789289450,15050821,KSQ
657,078350,KR7078350006,한양디지텍,KOSDAQ,우량기업부,20150,1,1230,6.5,19720,21500,19200,112772,2339126635,307174297300,15244382,KSQ
658,018250,KR7018250001,애경산업,KOSPI,,11610,1,180,1.57,11430,11620,11430,31896,368922065,306619345350,26409935,STK
659,327260,KR7327260006,RF머트리얼즈,KOSDAQ,벤처기업부,33950,1,4000,13.36,34000,38800,32100,639774,22409142975,305384833250,8995135,KSQ
660,092460,KR7092460005,한라IMS,KOSDAQ,우량기업부,17840,1,190,1.08,17760,18040,17640,29775,532596470,305236691200,17109680,KSQ
661,015860,KR7015860000,일진홀딩스,KOSPI,,6160,1,260,4.41,6050,6250,6030,84696,522404435,303980495280,49347483,STK
662,025770,KR7025770009,한국정보통신,KOSDAQ,우량기업부,8110,1,100,1.25,7940,8150,7940,42915,347272840,303673037810,37444271,KSQ
663,108670,KR7108670001,LX하우시스,KOSPI,,33800,1,450,1.35,33350,34500,33300,21554,731997400,303107246000,8967670,STK
664,110990,KR7110990009,디아이티,KOSDAQ,우량기업부,16000,1,500,3.23,16400,16400,15890,37494,602026820,302400000000,18900000,KSQ
665,049070,KR7049070006,인탑스,KOSDAQ,우량기업부,18330,1,410,2.29,18280,18500,17950,49895,910863730,301796246310,16464607,KSQ
666,012030,KR7012030003,DB,KOSPI,,1500,1,56,3.88,1503,1550,1468,511569,770574814,301760899500,201173933,STK
667,037710,KR7037710001,광주신세계,KOSPI,,39550,1,1400,3.67,38750,40600,38700,122027,4852243825,301654652600,7627172,STK
668,105840,KR7105840003,우진,KOSPI,,14900,1,100,0.68,15050,15250,14720,87242,1306009200,300945283000,20197670,STK
669,009160,KR7009160003,SIMPAC,KOSPI,,4600,2,-45,-0.97,4660,4695,4565,67623,313705175,300706452800,65370968,STK
670,010820,KR7010820009,퍼스텍,KOSPI,,6140,1,380,6.6,5870,6270,5780,543402,3327987270,299459699320,48771938,STK
671,192650,KR7192650000,드림텍,KOSPI,,4525,1,90,2.03,4500,4620,4440,149201,676347965,298137901225,65886829,STK
672,107640,KR7107640005,한중엔시에스,KOSDAQ,기술성장기업부,32850,1,750,2.34,32650,33400,32200,73288,2409604300,297783476100,9064946,KSQ
673,001750,KR7001750009,한양증권,KOSPI,,19700,1,100,0.51,19960,20000,19600,5458,108512550,297656874200,15109486,STK
674,016800,KR7016800005,퍼시스,KOSPI,,25850,2,-50,-0.19,25350,26400,25350,119,3055750,297275000000,11500000,STK
675,002310,KR7002310001,아세아제지,KOSPI,,7510,2,-50,-0.66,7590,7620,7450,58619,440260800,296265820100,39449510,STK
676,108860,KR7108860008,셀바스AI,KOSDAQ,벤처기업부,10970,1,70,0.64,11260,11430,10600,1813379,20018271670,295255246300,26914790,KSQ
677,078520,KR7078520004,에이블씨엔씨,KOSPI,,11230,1,310,2.84,11010,11380,10800,119077,1334203770,292139028030,26014161,STK
678,054950,KR7054950001,제이브이엠,KOSDAQ,우량기업부,24100,1,450,1.9,23750,24600,23750,8588,208505575,291366397200,12089892,KSQ
679,042520,KR7042520007,한스바이오메드,KOSDAQ,벤처기업부,20350,1,100,0.49,20100,20650,19760,50152,1013850015,290218818450,14261367,KSQ
680,317400,KR7317400000,자이에스앤디,KOSPI,,7410,2,-260,-3.39,7670,8710,7340,1466794,11909741995,287378473200,38782520,STK
681,005430,KR7005430004,한국공항,KOSPI,,90400,2,-800,-0.88,93000,95600,90400,4527,420606750,286238492000,3166355,STK
682,001390,KR7001390004,KG케미칼,KOSPI,,4250,1,80,1.92,4200,4300,4190,95268,405425027,285740377500,67233030,STK
683,272450,KR7272450008,진에어,KOSPI,,5460,1,160,3.02,5360,5520,5350,62696,341876065,285012000000,52200000,STK
684,010690,KR7010690006,화신,KOSPI,,8150,1,370,4.76,7960,8300,7950,269043,2191895300,284601341500,34920410,STK
685,136480,KR7136480001,하림,KOSDAQ,우량기업부,2675,2,-5,-0.19,2680,2700,2670,280900,755091456,284110952850,106209702,KSQ
686,033270,KR7033270000,유나이티드제약,KOSPI,,17830,2,-50,-0.28,18000,18180,17810,19348,347279590,283689118250,15910775,STK
687,121440,KR7121440002,골프존홀딩스,KOSDAQ,우량기업부,6610,2,-30,-0.45,6640,6640,6600,174401,1153616760,283151366980,42836818,KSQ
688,025860,KR7025860008,남해화학,KOSPI,,5690,1,70,1.25,5640,5750,5640,171356,975987765,282672616670,49678843,STK
689,079370,KR7079370003,제우스,KOSDAQ,우량기업부,9100,1,150,1.68,9190,9330,8970,141451,1294090020,282254609000,31016990,KSQ
690,244920,KR7244920005,에이플러스에셋,KOSPI,,12470,1,200,1.63,12390,12640,12000,25365,314573295,281917931710,22607693,STK
691,084010,KR7084010008,대한제강,KOSPI,,8190,1,90,1.11,8140,8240,8110,19960,163213675,281503371240,34371596,STK
692,080580,KR7080580004,오킨스전자,KOSDAQ,벤처기업부,13320,1,1530,12.98,12300,13750,12260,253528,3331276690,280931520600,21090955,KSQ
693,096760,KR7096760004,JW홀딩스,KOSPI,,3800,3,0,0.0,3800,3910,3790,35585,136452767,280914779600,73924942,STK
694,034830,KR7034830000,한국토지신탁,KOSPI,,1112,2,-11,-0.98,1133,1147,1110,487281,547872201,280768023760,252489230,STK
695,101730,KR7101730000,위메이드맥스,KOSDAQ,중견기업부,3350,2,-80,-2.33,3445,3550,3330,96124,328007605,280741008100,83803286,KSQ
696,482630,KR7482630001,삼양엔씨켐,KOSDAQ,중견기업부,12820,2,-70,-0.54,13100,13350,12640,98272,1275285145,280607749600,21888280,KSQ
697,003960,KR7003960002,사조대림,KOSPI,,30550,3,0,0.0,30650,30700,30500,3168,96778750,279974466850,9164467,STK
698,098070,KR7098070006,한텍,KOSDAQ,중견기업부,25150,1,300,1.21,25100,25500,24800,43539,1095179925,279696696150,11121141,KSQ
699,123890,KR7123890006,한국자산신탁,KOSPI,,2285,2,-15,-0.65,2300,2325,2285,55306,127407155,279624420910,122373926,STK
700,035810,KR7035810001,이지홀딩스,KOSDAQ,우량기업부,4330,1,60,1.41,4270,4340,4265,82496,355720187,279355081050,64516185,KSQ
701,286940,KR7286940002,롯데이노베이트,KOSPI,,18460,1,120,0.65,18340,18780,18340,13536,250614570,279288114820,15129367,STK
702,004430,KR7004430005,송원산업,KOSPI,,11630,1,130,1.13,11650,12000,11500,117197,1373184295,279120000000,24000000,STK
703,093520,KR7093520005,매커스,KOSDAQ,우량기업부,23450,1,1100,4.92,22350,24050,22350,51471,1216991875,279098077650,11901837,KSQ
704,058430,KR7058430000,포스코스틸리온,KOSPI,,4645,1,165,3.68,4550,4675,4550,149540,692227258,278700000000,60000000,STK
705,017890,KR7017890005,한국알콜,KOSDAQ,우량기업부,13470,1,370,2.82,13220,13540,13170,34269,458739675,278472125820,20673506,KSQ
706,047920,KR7047920004,HLB제약,KOSDAQ,기술성장기업부,8450,1,210,2.55,8380,8640,8190,151438,1271490630,277154558200,32799356,KSQ
707,064820,KR7064820004,케이프,KOSDAQ,우량기업부,8970,1,560,6.66,8560,8990,8550,70597,624769560,276816128550,30860215,KSQ
708,067630,KR7067630004,HLB생명과학,KOSDAQ,투자주의환기종목(소속부없음),2270,1,100,4.61,2185,2305,2160,282085,635536058,276751721660,121917058,KSQ
709,424870,KR7424870004,이뮨온시아,KOSDAQ,기술성장기업부,3030,1,5,0.17,3120,3120,2985,171933,523765070,276554975070,91272269,KSQ
710,084690,KR7084690007,대상홀딩스,KOSPI,,7630,2,-20,-0.26,7730,7780,7630,21757,167105600,276301664940,36212538,STK
711,051500,KR7051500007,CJ프레시웨이,KOSDAQ,우량기업부,23150,3,0,0.0,23200,23400,22850,3600,83251650,274827215900,11871586,KSQ
712,091700,KR7091700005,파트론,KOSDAQ,우량기업부,5480,2,-30,-0.54,5550,5620,5470,196217,1086930430,274000000000,50000000,KSQ
713,035600,KR7035600006,KG이니시스,KOSDAQ,우량기업부,9940,1,150,1.53,9830,10290,9700,178699,1776146310,273891073960,27554434,KSQ
714,287840,KR7287840003,인투셀,KOSDAQ,기술성장기업부,18200,2,-410,-2.2,18700,18730,18040,29385,536486330,273399672000,15021960,KSQ
715,439090,KR7439090002,마녀공장,KOSDAQ,우량기업부,16670,1,340,2.08,16370,16690,16260,124259,2049489165,273275644200,16393260,KSQ
716,005680,KR7005680004,삼영전자,KOSPI,,13640,1,320,2.4,13320,13710,13320,18615,253207800,272800000000,20000000,STK
717,001230,KR7001230002,동국홀딩스,KOSPI,,1748,1,36,2.1,1714,1775,1714,294136,515451460,271827485820,155507715,STK
718,232530,KR7232530006,이엠티,KONEX,일반기업부,10580,2,-720,-6.37,11900,11900,10010,2853,29963190,270999336320,25614304,KNX
719,419530,KR7419530001,SAMG엔터,KOSDAQ,기술성장기업부,26500,2,-1700,-6.03,29500,29500,26400,166262,4538381475,270494430500,10207337,KSQ
720,002900,KR7002900009,TYM,KOSPI,,6530,1,320,5.15,6260,6580,6230,211940,1370209240,270342000000,41400000,STK
721,484590,KR7484590005,삼양컴텍,KOSDAQ,벤처기업부,6550,1,350,5.65,6290,6650,6210,139766,912660725,269928447500,41210450,KSQ
722,348340,KR7348340001,뉴로메카,KOSDAQ,기술성장기업부,21700,1,700,3.33,22300,23500,21150,273803,6079799275,269278576700,12409151,KSQ
723,017390,KR7017390006,서울가스,KOSPI,,54300,1,100,0.18,54700,54800,54100,2692,146665350,268785000000,4950000,STK
724,309710,KR7309710002,아이티켐,KOSDAQ,관리종목(소속부없음),21000,0,0,0.0,0,0,0,0,0,268443021000,12783001,KSQ
725,352480,KR7352480008,씨앤씨인터내셔널,KOSDAQ,우량기업부,19620,1,260,1.34,19390,19900,19390,10001,196409485,267418657620,13629901,KSQ
726,168360,KR7168360006,펨트론,KOSDAQ,벤처기업부,11920,1,180,1.53,12320,12320,11800,82816,991504680,266919279440,22392557,KSQ
727,092190,KR7092190008,서울바이오시스,KOSDAQ,투자주의환기종목(소속부없음),5810,1,610,11.73,5830,6010,5470,264983,1532993975,266495305230,45868383,KSQ
728,394280,KR7394280002,오픈엣지테크놀로지,KOSDAQ,기술성장기업부,10110,1,360,3.69,10250,10350,9990,58247,592174800,266363418300,26346530,KSQ
729,468530,KR7468530001,프로티나,KOSDAQ,기술성장기업부,24100,1,1050,4.56,23150,24950,22800,38307,923569550,265948512800,11035208,KSQ
730,099440,KR7099440000,스맥,KOSDAQ,중견기업부,3895,1,45,1.17,3870,4090,3830,396297,1578776634,265808019630,68243394,KSQ
731,182400,KR7182400002,엔케이젠바이오텍코리아,KOSDAQ,관리종목(소속부없음),3670,0,0,0.0,0,0,0,0,0,265496721770,72342431,KSQ
732,003120,KR7003120003,일성아이에스,KOSPI,,19940,2,-160,-0.8,20250,20250,19700,4566,91262890,265202000000,13300000,STK
733,114810,KR7114810005,한솔아이원스,KOSDAQ,우량기업부,9400,1,300,3.3,9600,9600,9150,105188,983380940,264545835600,28143174,KSQ
734,194700,KR7194700001,노바렉스,KOSDAQ,우량기업부,14490,2,-430,-2.88,14890,14900,14460,67077,978849760,264512747520,18254848,KSQ
735,151860,KR7151860004,KG에코솔루션,KOSDAQ,우량기업부,5550,1,40,0.73,5560,5670,5520,34084,189867785,264196661100,47603002,KSQ
736,043150,KR7043150002,바텍,KOSDAQ,우량기업부,17760,3,0,0.0,17850,18000,17750,20818,371991425,263811586560,14854256,KSQ
737,267980,KR7267980001,매일유업,KOSDAQ,우량기업부,34350,1,350,1.03,34050,34450,34000,2455,84259600,263245965300,7663638,KSQ
738,493280,KR7493280002,아이엠바이오로직스,KOSDAQ,기술성장기업부,17700,1,370,2.14,17600,18260,17160,42794,761049150,262606917300,14836549,KSQ
739,007160,KR7007160005,사조산업,KOSPI,,52300,1,300,0.58,52900,53800,51600,5857,307699300,261500000000,5000000,STK
740,484810,KR7484810007,티엑스알로보틱스,KOSDAQ,벤처기업부,16900,2,-250,-1.46,17190,17250,16470,437740,7381391190,261120463500,15450915,KSQ
741,234340,KR7234340008,헥토파이낸셜,KOSDAQ,우량기업부,18600,1,580,3.22,18500,18770,18020,124155,2291451830,259854201600,13970656,KSQ
742,389260,KR7389260001,대명에너지,KOSDAQ,우량기업부,14460,1,1510,11.66,13210,14810,12950,422286,5953261835,259070059500,17916325,KSQ
743,023410,KR7023410004,유진기업,KOSDAQ,중견기업부,3350,1,70,2.13,3315,3390,3315,259981,872823230,258991391050,77310863,KSQ
744,121800,KR7121800007,비덴트,KOSDAQ,관리종목(소속부없음),3320,0,0,0.0,0,0,0,0,0,256309348520,77201611,KSQ
745,036800,KR7036800001,나이스정보통신,KOSDAQ,우량기업부,28150,0,0,0.0,0,0,0,0,0,256165000000,9100000,KSQ
746,061090,KR7061090007,세나테크놀로지,KOSDAQ,중견기업부,46600,1,1900,4.25,45400,46900,44650,21513,988886025,254787830000,5467550,KSQ
747,200130,KR7200130003,콜마비앤에이치,KOSDAQ GLOBAL,우량기업부,8650,1,30,0.35,8800,8870,8630,30230,263930525,254444576700,29415558,KSQ
748,298690,KR7298690009,에어부산,KOSPI,,1560,1,34,2.23,1535,1592,1528,95844,149391985,254147200320,162914872,STK
749,039830,KR7039830005,오로라,KOSDAQ,우량기업부,23550,1,650,2.84,22800,25000,22450,125826,3010943600,253466059500,10762890,KSQ
750,377460,KR7377460001,큐에이드,KOSDAQ,관리종목(소속부없음),4080,0,0,0.0,0,0,0,0,0,253187202960,62055687,KSQ
751,008490,KR7008490005,서흥,KOSPI,,21850,2,-450,-2.02,22350,23050,21800,25853,583573775,252785119050,11569113,STK
752,404990,KR7404990004,신한서부티엔디리츠,KOSPI,,4115,2,-5,-0.12,4120,4140,4040,24616,101433740,252734925975,61417965,STK
753,060720,KR7060720000,KH바텍,KOSDAQ,중견기업부,10670,2,-190,-1.75,10890,11000,10630,136444,1471641420,252638306140,23677442,KSQ
754,481070,KR7481070001,에이유브랜즈,KOSDAQ,중견기업부,17530,2,-510,-2.83,18070,18510,17240,7040,124824030,251209282500,14330250,KSQ
755,314930,KR7314930009,바이오다인,KOSDAQ,기술성장기업부,8430,2,-120,-1.4,9000,9000,8400,11675,99591135,250911388290,29764103,KSQ
756,488900,KR7488900002,비츠로넥스텍,KOSDAQ,기술성장기업부,8640,1,190,2.25,8600,8880,8520,61584,535603840,250356467520,28976443,KSQ
757,180400,KR7180400004,DXVX,KOSDAQ,관리종목(소속부없음),2530,2,-20,-0.78,2540,2750,2490,60498,157696590,249026462960,98429432,KSQ
758,194480,KR7194480000,데브시스터즈,KOSDAQ,중견기업부,20500,2,-550,-2.61,20850,21250,20350,41460,859916825,248647575000,12129150,KSQ
759,003650,KR7003650009,미창석유,KOSPI,,142900,1,3700,2.66,139200,143000,139200,1384,195346100,248599128800,1739672,STK
760,002710,KR7002710002,TCC스틸,KOSPI,,9430,1,380,4.2,9300,9590,9250,56438,534915740,247195162710,26213697,STK
761,010955,KR7010951002,S-Oil우,KOSPI,,61400,2,-300,-0.49,61700,62100,60300,9184,563448550,246946317800,4021927,STK
762,452430,KR7452430002,사피엔반도체,KOSDAQ,기술성장기업부,29900,1,1300,4.55,29650,30300,28500,36457,1075130700,246837087900,8255421,KSQ
763,003920,KR7003920006,남양유업,KOSPI,,43500,1,250,0.58,43000,44300,43000,1396,60966700,246794944500,5673447,STK
764,206640,KR7206640005,바디텍메드,KOSDAQ,우량기업부,11260,2,-30,-0.27,11400,11460,11250,19894,225518730,246683190460,21907921,KSQ
765,004360,KR7004360004,세방,KOSPI,,12900,3,0,0.0,12970,13120,12890,26946,350084620,246591278700,19115603,STK
766,073490,KR7073490005,LIG아큐버,KOSDAQ,우량기업부,32400,1,1150,3.68,32400,33450,31450,105314,3428595950,246364610400,7603846,KSQ
767,475400,KR7475400008,씨메스로보틱스,KOSDAQ,기술성장기업부,20850,1,300,1.46,20350,20850,19680,98320,2003606635,246173739900,11806894,KSQ
768,122900,KR7122900004,아이마켓코리아,KOSPI,,7330,1,40,0.55,7290,7390,7290,38298,280900260,245033397200,33428840,STK
769,393890,KR7393890009,더블유씨피,KOSDAQ,기술성장기업부,7240,1,150,2.12,7200,7420,7110,147633,1074008755,245024362560,33843144,KSQ
770,389500,KR7389500000,에스비비테크,KOSDAQ,기술성장기업부,36700,1,1450,4.11,36000,37400,34500,67380,2464942600,244549422400,6663472,KSQ
771,452280,KR7452280001,한선엔지니어링,KOSDAQ,우량기업부,12670,1,210,1.69,12760,13190,12300,180830,2286177970,243867978900,19247670,KSQ
772,061970,KR7061970000,LB세미콘,KOSDAQ,중견기업부,4170,1,430,11.5,3825,4305,3785,1045881,4255172856,242206135020,58083006,KSQ
773,005500,KR7005500004,삼진제약,KOSPI,,18150,1,300,1.68,18130,18260,17960,18759,340004160,241758000000,13320000,STK
774,136490,KR7136490000,선진,KOSPI,,10130,1,340,3.47,9840,10210,9800,70081,705702535,240887388520,23779604,STK
775,028100,KR7028100006,동아지질,KOSPI,,17910,1,370,2.11,17580,17940,17580,21762,387568230,239805980820,13389502,STK
776,000050,KR7000050005,경방,KOSPI,,8740,1,240,2.82,8550,8840,8550,48888,426926810,239609459800,27415270,STK
777,036200,KR7036200004,유니셈,KOSDAQ,우량기업부,7810,1,210,2.76,8000,8040,7780,108142,852319555,239487581630,30664223,KSQ
778,085910,KR7085910008,네오티스,KOSDAQ,중견기업부,17330,2,-90,-0.52,18200,18200,17170,57332,1001678210,239064195940,13794818,KSQ
779,003200,KR7003200003,일신방직,KOSPI,,10390,1,120,1.17,10350,10560,10330,18928,197694940,238554400000,22960000,STK
780,003720,KR7003720000,삼영,KOSPI,,7000,1,130,1.89,7000,7190,6890,292936,2076091670,238000000000,34000000,STK
781,298000,KR7298000001,효성화학,KOSPI,,62700,2,-1000,-1.57,64100,65300,61000,78317,4932321200,237746549700,3791811,STK
782,002320,KR7002320000,한진,KOSPI,,15300,1,100,0.66,15380,15490,15220,18381,281977400,237434824800,15518616,STK
783,043370,KR7043370006,피에이치에이,KOSDAQ,우량기업부,11190,1,350,3.23,10840,11250,10830,6917,76539035,234990000000,21000000,KSQ
784,900140,KYG5307W1015,엘브이엠씨홀딩스,KOSPI,,1216,2,-7,-0.57,1225,1235,1212,457058,558813315,234980365312,193240432,STK
785,348950,KR7348950007,제이알글로벌리츠,KOSPI,,1182,0,0,0.0,0,0,0,0,0,233298432000,197376000,STK
786,042370,KR7042370007,비츠로테크,KOSDAQ,우량기업부,8900,1,280,3.25,8720,9010,8630,103467,920087240,233180222500,26200025,KSQ
787,001790,KR7001790005,대한제당,KOSPI,,2700,3,0,0.0,2710,2745,2695,157456,427048065,232853170500,86241915,STK
788,334890,KR7334890001,이지스밸류플러스리츠,KOSPI,,3350,2,-15,-0.45,3385,3395,3350,55050,185412160,232653088050,69448683,STK
789,304360,KR7304360001,에스바이오메딕스,KOSDAQ,벤처기업부,18780,1,300,1.62,18610,19210,18210,20634,388062850,232592703840,12385128,KSQ
790,215000,KR7215000001,골프존,KOSDAQ,우량기업부,37050,2,-250,-0.67,37650,38000,36900,12911,483807050,232504125750,6275415,KSQ
791,200470,KR7200470003,에이팩트,KOSDAQ,중견기업부,5480,1,340,6.61,5430,5580,5240,638717,3457064500,232144269640,42362093,KSQ
792,044450,KR7044450005,KSS해운,KOSPI,,10030,2,-20,-0.2,10090,10240,10000,18354,185824910,231551376400,23085880,STK
793,001250,KR7001250000,GS글로벌,KOSPI,,2795,1,160,6.07,2675,2855,2675,703439,1965815129,230681870380,82533764,STK
794,005710,KR7005710009,대원산업,KOSDAQ,우량기업부,11510,2,-30,-0.26,11670,11670,11440,5349,61648140,230632776000,20037600,KSQ
795,051905,KR7051901007,LG생활건강우,KOSPI,,110000,1,1300,1.2,108700,112200,107500,10051,1113425250,230588490000,2096259,STK
796,100120,KR7100120005,뷰웍스,KOSDAQ,우량기업부,25700,1,300,1.18,25850,26450,25600,20467,533272375,230565262700,8971411,KSQ
797,304100,KR7304100001,솔트룩스,KOSDAQ,기술성장기업부,18280,1,1280,7.53,19230,19930,18110,1069350,20086982320,230215669400,12593855,KSQ
798,036030,KR7036030005,케이티알파,KOSDAQ,우량기업부,4680,1,60,1.3,4625,4690,4590,32446,150609380,229409579880,49019141,KSQ
799,377450,KR7377450002,리파인,KOSDAQ,우량기업부,13235,1,315,2.44,12890,13280,12840,44554,583279220,229362550000,17330000,KSQ
800,000430,KR7000430009,대원강업,KOSPI,,3690,1,75,2.07,3680,3755,3640,36613,135536425,228780000000,62000000,STK
801,053030,KR7053030003,바이넥스,KOSDAQ,중견기업부,6970,1,120,1.75,6950,7150,6940,47510,334422650,227808790360,32684188,KSQ
802,0030R0,KR70030R0007,대신밸류리츠,KOSPI,,3800,3,0,0.0,3800,3875,3755,6842,26209170,227164000000,59780000,STK
803,071200,KR7071200000,인피니트헬스케어,KOSDAQ,중견기업부,9300,2,-110,-1.17,9490,9590,9250,60737,573968015,226887059400,24396458,KSQ
804,254490,KR7254490006,미래반도체,KOSDAQ,우량기업부,15700,1,870,5.87,15720,16130,15210,94860,1487542360,226676600000,14438000,KSQ
805,000680,KR7000680009,LS네트웍스,KOSPI,,2875,1,25,0.88,2940,2940,2870,30975,90286955,226558671000,78803016,STK
806,462350,KR7462350000,이노스페이스,KOSDAQ,기술성장기업부,6700,1,340,5.35,6470,7020,6420,171309,1138753335,226536902600,33811478,KSQ
807,065710,KR7065710006,서호전기,KOSDAQ,우량기업부,43950,1,950,2.21,44000,44150,43000,4053,177391400,226342500000,5150000,KSQ
808,144510,KR7144510005,지씨셀,KOSDAQ,중견기업부,14310,2,-20,-0.14,14380,14600,14230,34616,498663710,226102922640,15800344,KSQ
809,417840,KR7417840006,저스템,KOSDAQ,벤처기업부,9880,1,500,5.33,10270,10270,9500,536139,5247298990,225949484280,22869381,KSQ
810,068930,KR7068930007,디지털대성,KOSDAQ,우량기업부,8140,1,120,1.5,8020,8200,8010,19229,156333000,225277283880,27675342,KSQ
811,001340,KR7001340009,PKC,KOSPI,,4985,1,145,3.0,4905,5070,4905,115685,577539645,224465023665,45028089,STK
812,099430,KR7099430001,바이오플러스,KOSDAQ,우량기업부,3635,3,0,0.0,3665,3685,3615,182778,666164277,224064024470,61640722,KSQ
813,950170,KR8392080006,JTC,KOSDAQ,외국기업(소속부없음),4330,2,-85,-1.93,4415,4440,4330,14295,62243330,224061686840,51746348,KSQ
814,134380,KR7134380005,미원화학,KOSPI,,10180,1,70,0.69,10110,10180,10110,925,9391340,223885482400,21992680,STK
815,290690,KR7290690007,아리바이오홀딩스,KOSDAQ,중견기업부,4250,1,85,2.04,4225,4260,4170,214998,905287563,223548342500,52599610,KSQ
816,450950,KR7450950001,아스테라시스,KOSDAQ,벤처기업부,5940,1,110,1.89,6120,6120,5860,11918,71146210,223507896480,37627592,KSQ
817,0008Z0,KR70008Z0005,에스엔시스,KOSDAQ,벤처기업부,23650,1,1350,6.05,23150,23950,22700,14060,329771900,223174738600,9436564,KSQ
818,272110,KR7272110008,케이엔제이,KOSDAQ,우량기업부,27800,1,1650,6.31,27500,28300,26300,70388,1953178450,223105981000,8025395,KSQ
819,456010,KR7456010008,아이씨티케이,KOSDAQ,기술성장기업부,15380,1,1350,9.62,14630,15660,14400,214392,3238879065,223046143000,14502350,KSQ
820,0011T0,KR70011T0008,채비,KOSDAQ,기술성장기업부,4750,1,165,3.6,4700,4880,4625,149826,710850400,223010557250,46949591,KSQ
821,003070,KR7003070000,코오롱글로벌,KOSPI,,8760,1,60,0.69,8790,8990,8720,13110,115891450,222713880840,25423959,STK
822,187660,KR7187660006,페니트리움바이오,KOSDAQ,중견기업부,4000,2,-85,-2.08,4090,4275,3950,763869,3119935646,221865012000,55466253,KSQ
823,014940,KR7014940001,오리엔탈정공,KOSDAQ,우량기업부,4865,1,325,7.16,4595,4880,4595,262576,1257368731,221715860765,45573661,KSQ
824,102940,KR7102940004,코오롱생명과학,KOSDAQ,중견기업부,16920,1,1470,9.51,16050,19120,15440,803863,13921636020,221493002760,13090603,KSQ
825,089980,KR7089980007,상아프론테크,KOSDAQ,우량기업부,13810,1,440,3.29,14170,14170,13680,27529,380855920,220808600970,15989037,KSQ
826,009680,KR7009680000,모토닉,KOSPI,,10160,1,190,1.91,9970,10200,9970,9583,97343620,220808235040,21733094,STK
827,001460,KR7001460005,BYC,KOSPI,,35350,1,350,1.0,35000,36000,34250,6196,216675700,220801402500,6246150,STK
828,094360,KR7094360005,칩스앤미디어,KOSDAQ,벤처기업부,10330,2,-110,-1.05,10670,10750,10250,65966,690449675,220599980420,21355274,KSQ
829,461300,KR7461300006,아이스크림미디어,KOSDAQ,벤처기업부,16540,1,330,2.04,16300,16680,16300,12696,209695660,220377851820,13323933,KSQ
830,003520,KR7003520004,영진약품,KOSPI,,1198,1,8,0.67,1190,1216,1190,191689,230817517,219105491738,182892731,STK
831,241520,KR7241520006,DSC인베스트먼트,KOSDAQ,중견기업부,8230,1,240,3.0,7990,8370,7990,185785,1523554970,218918000000,26600000,KSQ
832,298830,KR7298830001,슈어소프트테크,KOSDAQ,우량기업부,4090,1,50,1.24,4065,4195,3820,221699,910614044,218645260910,53458499,KSQ
833,065680,KR7065680001,우주일렉트로,KOSDAQ,우량기업부,23600,1,1900,8.76,22200,23700,22100,13581,307747500,218075115600,9240471,KSQ
834,095500,KR7095500005,미래나노텍,KOSDAQ,우량기업부,7030,1,190,2.78,7050,7080,6930,77722,545864380,218000292970,31009999,KSQ
835,018000,KR7018000000,유니슨,KOSDAQ,중견기업부,836,1,57,7.32,785,838,783,1225210,999962066,216940565424,259498284,KSQ
836,378340,KR7378340004,필에너지,KOSDAQ,중견기업부,10020,1,300,3.09,9990,10240,9910,15325,154094835,216871697640,21643882,KSQ
837,052330,KR7052330008,코텍,KOSDAQ,우량기업부,12210,1,110,0.91,11990,12390,11990,5195,63428410,216869001690,17761589,KSQ
838,030210,KR7030210009,다올투자증권,KOSPI,,3555,1,95,2.75,3520,3590,3500,94013,332771540,216538981830,60911106,STK
839,025000,KR7025000001,KPX케미칼,KOSPI,,49400,1,400,0.82,49000,49550,49000,1537,75964100,216308224600,4378709,STK
840,159010,KR7159010008,아스플로,KOSDAQ,벤처기업부,16220,1,1290,8.64,16300,16400,14960,68850,1079988605,216289466580,13334739,KSQ
841,046970,KR7046970000,우리로,KOSDAQ,벤처기업부,4915,1,485,10.95,4995,5160,4535,3102377,15390331449,215399870085,43824999,KSQ
842,217730,KR7217730001,강스템바이오텍,KOSDAQ,기술성장기업부,2290,1,100,4.57,2225,2400,2205,593149,1357364424,215384001210,94054149,KSQ
843,000480,KR7000480004,CR홀딩스,KOSPI,,4590,2,-25,-0.54,4640,4655,4590,11276,52094525,215227349100,46890490,STK
844,024840,KR7024840001,KBI메탈,KOSDAQ,중견기업부,4985,4,1150,29.99,4195,4985,4025,9261928,42574260650,215152041680,43159888,KSQ
845,459510,KR7459510004,나우로보틱스,KOSDAQ,기술성장기업부,16550,2,-290,-1.72,16740,16810,16150,125910,2081815020,214792222100,12978382,KSQ
846,037270,KR7037270006,YG PLUS,KOSPI,,3365,1,20,0.6,3350,3420,3330,206102,697067495,214226365150,63663110,STK
847,230240,KR7230240004,에치에프알,KOSDAQ,중견기업부,16080,1,750,4.89,16700,16830,15710,164187,2676460070,214008720000,13309000,KSQ
848,033920,KR7033920000,무학,KOSPI,,7490,2,-10,-0.13,7530,7570,7450,18538,139375000,213465000000,28500000,STK
849,226320,KR7226320000,잇츠한불,KOSPI,,9720,1,260,2.75,9530,9750,9500,11193,108087550,213152941800,21929315,STK
850,114190,KR7114190002,강원에너지,KOSDAQ,중견기업부,8140,1,240,3.04,8100,8190,7970,39587,320859100,212641529320,26123038,KSQ
851,011560,KR7011560000,세보엠이씨,KOSDAQ,우량기업부,21050,1,450,2.18,21000,21200,20400,16160,336104975,212286555600,10084872,KSQ
852,365270,KR7365270008,큐라클,KOSDAQ,기술성장기업부,9570,1,290,3.13,9460,10130,9450,99859,980165270,212042413440,22156992,KSQ
853,034120,KR7034120006,SBS,KOSPI,,11430,1,190,1.69,11340,11520,11280,3943,44841985,212040650340,18551238,STK
854,317330,KR7317330009,덕산테코피아,KOSDAQ,중견기업부,10350,1,450,4.55,10620,10620,10250,43309,450340910,211932644400,20476584,KSQ
855,067390,KR7067390005,아스트,KOSDAQ,중견기업부,503,1,19,3.93,484,509,484,745101,373761861,211842262237,421157579,KSQ
856,023760,KR7023760002,한국캐피탈,KOSDAQ,우량기업부,670,0,0,0.0,0,0,0,0,0,211458415920,315609576,KSQ
857,445090,KR7445090004,에이직랜드,KOSDAQ,벤처기업부,19350,1,1420,7.92,19120,19710,18590,37953,729519700,211411482300,10925658,KSQ
858,0001A0,KR70001A0001,덕양에너젠,KOSDAQ,중견기업부,8260,1,50,0.61,8290,8430,8190,39287,324699940,210373626120,25468962,KSQ
859,044820,KR7044820009,코스맥스비티아이,KOSPI,,21900,1,850,4.04,21400,22300,21050,35001,762802525,210325869900,9603921,STK
860,000650,KR7000650002,천일고속,KOSPI,,147000,1,3700,2.58,143300,153100,142000,2353,347496300,210095340000,1429220,STK
861,318060,KR7318060001,그래피,KOSDAQ,기술성장기업부,18780,1,140,0.75,18550,20050,18160,81632,1538070165,210095184060,11187177,KSQ
862,092870,KR7092870005,엑시콘,KOSDAQ,우량기업부,16090,1,1640,11.35,15080,16400,14700,198640,3129285435,209987323730,13050797,KSQ
863,000320,KR7000320002,노루홀딩스,KOSPI,,15790,1,290,1.87,15770,16150,15520,7001,110811360,209867274290,13291151,STK
864,448280,KR7448280008,에코아이,KOSDAQ,중견기업부,6990,1,110,1.6,7200,7200,6890,2910,20369695,207121591710,29631129,KSQ
865,402030,KR7402030001,코난테크놀로지,KOSDAQ,기술성장기업부,16530,2,-170,-1.02,17300,17360,15990,113875,1875993190,206914076640,12517488,KSQ
866,092200,KR7092200005,디아이씨,KOSPI,,5320,1,70,1.33,5250,5350,5100,478390,2512237385,206887187080,38888569,STK
867,380540,KR7380540005,옵티코어,KOSDAQ,관리종목(소속부없음),8450,0,0,0.0,0,0,0,0,0,206658126350,24456583,KSQ
868,112290,KR7112290002,와이씨켐,KOSDAQ,기술성장기업부,10210,1,670,7.02,9830,10250,9540,113958,1135213700,206457328900,20221090,KSQ
869,203650,KR7203650007,드림시큐리티,KOSDAQ,중견기업부,2025,1,134,7.09,1960,2055,1930,1402612,2804604727,205951580100,101704484,KSQ
870,034810,KR7034810002,해성산업,KOSDAQ,중견기업부,6510,1,70,1.09,6470,6750,6410,46383,304675950,205586789520,31580152,KSQ
871,000540,KR7000540005,흥국화재,KOSPI,,3195,2,-15,-0.47,3210,3290,3170,13023,41855703,205255250775,64242645,STK
872,432320,KR7432320000,KB스타리츠,KOSPI,,1356,1,1,0.07,1369,1377,1340,195618,266186894,204436370460,150764285,STK
873,123330,KR7123330003,제닉,KOSDAQ,우량기업부,25600,1,1700,7.11,23750,26100,23400,125769,3201431300,203998208000,7968680,KSQ
874,018310,KR7018310003,삼목에스폼,KOSDAQ,우량기업부,13870,1,110,0.8,13900,14130,13840,3566,49787600,203889000000,14700000,KSQ
875,098120,KR7098120009,마이크로컨텍솔,KOSDAQ,우량기업부,24450,1,1900,8.43,23250,24700,23000,38022,914913700,203247128700,8312766,KSQ
876,005010,KR7005010004,휴스틸,KOSPI,,3615,1,55,1.54,3590,3665,3575,197014,713750015,203119891125,56188075,STK
877,017860,KR7017860008,DS단석,KOSPI,,11430,1,190,1.69,11380,11700,11300,64553,741430525,202986958770,17759139,STK
878,003555,KR7003551009,LG우,KOSPI,,67300,1,2200,3.38,65900,67300,65900,4616,308293700,202653692700,3011199,STK
879,353810,KR7353810005,이지바이오,KOSDAQ,우량기업부,6110,1,40,0.66,6080,6180,6070,95819,586823305,202130531200,33081920,KSQ
880,053690,KR7053690004,한미글로벌,KOSPI,,18410,1,60,0.33,18290,18570,17860,69124,1264224855,201728495500,10957550,STK
881,475560,KR7475560009,더본코리아,KOSPI,,13580,1,20,0.15,13570,13790,12850,5615,76462940,201363832600,14827970,STK
882,052710,KR7052710001,아모텍,KOSDAQ,중견기업부,13760,1,460,3.46,13800,14170,13320,324967,4450270815,201068632960,14612546,KSQ
883,425040,KR7425040003,티이엠씨,KOSDAQ,우량기업부,9140,1,650,7.66,8900,9200,8700,219191,1970663220,200375287720,21922898,KSQ
884,220100,KR7220100002,퓨쳐켐,KOSDAQ,기술성장기업부,8920,2,-90,-1.0,9080,9100,8710,32003,285318625,200052586400,22427420,KSQ
885,064850,KR7064850001,에프앤가이드,KOSDAQ,벤처기업부,17500,2,-200,-1.13,18220,18230,17480,16076,283264170,199680810000,11410332,KSQ
886,094480,KR7094480001,갤럭시아머니트리,KOSDAQ,우량기업부,5080,3,0,0.0,5120,5200,5030,167036,850825480,199287577040,39229838,KSQ
887,190510,KR7190510008,나무가,KOSDAQ,우량기업부,14010,1,340,2.49,14130,14190,13700,33979,475019905,197335291170,14085317,KSQ
888,237880,KR7237880000,클리오,KOSDAQ,우량기업부,10900,1,40,0.37,10900,11060,10850,25416,278285825,196977747700,18071353,KSQ
889,035150,KR7035150002,백산,KOSPI,,9950,2,-80,-0.8,10150,10150,9950,5737,57545690,196722236050,19771079,STK
890,001630,KR7001630003,종근당홀딩스,KOSPI,,39200,1,50,0.13,39500,40250,39000,2957,117012075,196386551200,5009861,STK
891,394800,KR7394800007,쓰리빌리언,KOSDAQ,기술성장기업부,6170,1,200,3.35,6040,6240,5960,86938,531327240,196345152010,31822553,KSQ
892,053210,KR7053210001,스카이라이프,KOSPI,,4130,1,25,0.61,4135,4170,4110,15987,65997525,196269804150,47522955,STK
893,058970,KR7058970005,엠로,KOSDAQ,기술성장기업부,15860,2,-140,-0.88,16370,16370,15580,15463,247950660,196073912840,12362794,KSQ
894,484120,KR7484120001,도우인시스,KOSDAQ,중견기업부,17870,1,720,4.2,17220,18250,17220,29136,519980060,195809131140,10957422,KSQ
895,03473K,KR703473K016,SK우,KOSPI,,345500,1,19500,5.98,342000,349500,336500,1172,402675250,195599642500,566135,STK
896,039570,KR7039570007,HDC랩스,KOSPI,,7500,1,70,0.94,7430,7580,7430,8216,61710380,194682007500,25957601,STK
897,000490,KR7000490003,대동,KOSPI,,6740,1,120,1.81,6660,6830,6660,58124,394066560,194293070100,28826865,STK
898,241590,KR7241590009,화승엔터프라이즈,KOSPI,,3200,2,-60,-1.84,3260,3280,3195,28581,91958462,193885683200,60589276,STK
899,004980,KR7004980009,성신양회,KOSPI,,7900,1,150,1.94,7880,8050,7880,58848,469362170,193676976700,24516073,STK
900,011500,KR7011500006,한농화성,KOSPI,,12380,1,290,2.4,12500,12540,12170,60218,746010835,193586579960,15637042,STK
901,013120,KR7013120001,동원개발,KOSDAQ,우량기업부,2130,3,0,0.0,2140,2155,2115,177463,379318793,193421253000,90808100,KSQ
902,054210,KR7054210000,이랜텍,KOSDAQ,우량기업부,7640,1,360,4.95,7380,7690,7320,102587,771231480,193224844400,25291210,KSQ
903,001130,KR7001130004,대한제분,KOSPI,,11430,3,0,0.0,11690,11690,11410,6427,73729440,193167000000,16900000,STK
904,003350,KR7003350006,한국화장품제조,KOSPI,,8520,1,10,0.12,8450,8590,8390,62298,528950020,193063200000,22660000,STK
905,042420,KR7042420000,네오위즈홀딩스,KOSDAQ,우량기업부,23600,2,-250,-1.05,24100,24100,23550,6183,147317950,192157878800,8142283,KSQ
906,086390,KR7086390002,유니테스트,KOSDAQ,중견기업부,9070,1,430,4.98,9100,9150,8800,96284,867939245,191686522820,21134126,KSQ
907,446540,KR7446540007,메가터치,KOSDAQ,중견기업부,6590,1,480,7.86,6310,6790,6140,125210,805897580,191631341490,29079111,KSQ
908,270660,KR7270660004,에브리봇,KOSDAQ,벤처기업부,15080,2,-150,-0.98,15070,15210,14830,155985,2344412700,191373991640,12690583,KSQ
909,036190,KR7036190007,금화피에스시,KOSDAQ,우량기업부,31750,2,-600,-1.85,32350,32750,31750,3922,125941350,190500000000,6000000,KSQ
910,100250,KR7100250000,진양홀딩스,KOSPI,,2980,1,30,1.02,2985,2995,2940,34876,103618805,190422000000,63900000,STK
911,214180,KR7214180002,헥토이노베이션,KOSDAQ,우량기업부,14560,1,160,1.11,14510,14820,14510,17831,261545300,189183423520,12993367,KSQ
912,084850,KR7084850007,아이티엠반도체,KOSDAQ,중견기업부,8340,1,230,2.84,8270,8490,7910,27457,228862690,189175669560,22682934,KSQ
913,095570,KR7095570008,AJ네트웍스,KOSPI,,4180,1,20,0.48,4165,4215,4165,97643,409180676,189156532620,45252759,STK
914,004310,KR7004310009,현대약품,KOSPI,,5890,1,290,5.18,5690,6140,5650,1683163,9925650845,188480000000,32000000,STK
915,000140,KR7000140004,하이트진로홀딩스,KOSPI,,8090,2,-30,-0.37,8180,8190,8040,13374,108163650,187742728850,23206765,STK
916,016790,KR7016790008,현대사료,KOSDAQ,관리종목(소속부없음),994,0,0,0.0,0,0,0,0,0,187340898626,188471729,KSQ
917,014710,KR7014710008,사조씨푸드,KOSPI,,10880,2,-100,-0.91,10910,11050,10330,25303,271731250,187337747840,17218543,STK
918,125020,KR7125020008,티씨머티리얼즈,KOSDAQ,중견기업부,5340,1,425,8.65,5000,5540,5000,515426,2733358600,187105857000,35038550,KSQ
919,091580,KR7091580001,상신이디피,KOSDAQ,우량기업부,14030,2,-20,-0.14,14170,14380,13890,73041,1027336275,186994912570,13328219,KSQ
920,176750,KR7176750008,듀켐바이오,KOSDAQ,기술성장기업부,6550,3,0,0.0,6540,6620,6450,39208,255973720,186601116000,28488720,KSQ
921,128820,KR7128820008,대성산업,KOSPI,,4120,2,-15,-0.36,4140,4200,4105,95983,398782720,186370169360,45235478,STK
922,078150,KR7078150000,HB테크놀러지,KOSDAQ,우량기업부,2010,1,71,3.66,1985,2055,1982,646070,1303967498,186358991160,92715916,KSQ
923,102260,KR7102260007,동성케미컬,KOSPI,,3672,1,47,1.3,3625,3720,3625,76966,283105063,186058738152,50669591,STK
924,007860,KR7007860000,서연,KOSPI,,7920,1,80,1.02,7890,8020,7850,27062,215538710,185960364480,23479844,STK
925,003547,KR7003542008,대신증권2우B,KOSPI,,19330,1,330,1.74,19200,19380,19130,14744,284165440,185696853780,9606666,STK
926,016580,KR7016580003,환인제약,KOSPI,,9980,2,-40,-0.4,10030,10150,9970,24302,243784020,185628698600,18600070,STK
927,033530,KR7033530007,SJG세종,KOSPI,,6670,1,50,0.76,6640,6830,6640,54130,364969335,185565809870,27820961,STK
928,339770,KR7339770000,교촌에프앤비,KOSPI,,3705,2,-5,-0.13,3720,3760,3690,49186,183251163,185120621400,49965080,STK
929,045390,KR7045390002,대아티아이,KOSDAQ,우량기업부,2625,1,80,3.14,2570,2665,2570,285054,748811843,184992614625,70473377,KSQ
930,357550,KR7357550003,석경에이티,KOSDAQ,기술성장기업부,33850,1,850,2.58,33800,35450,33400,4040,138583600,184651750000,5455000,KSQ
931,102460,KR7102460003,이연제약,KOSPI,,9920,2,-30,-0.3,9950,10110,9830,33291,332552250,184381165120,18586811,STK
932,019010,KR7019010008,베뉴지,KOSDAQ,중견기업부,3825,1,25,0.66,3980,4035,3800,168855,657953375,184365000000,48200000,KSQ
933,036560,KR7036560001,KZ정밀,KOSDAQ,우량기업부,11700,1,110,0.95,11590,11920,11570,9859,115850850,184275000000,15750000,KSQ
934,117580,KR7117580001,대성에너지,KOSPI,,6700,2,-50,-0.74,6750,6890,6690,50513,342499240,184250000000,27500000,STK
935,068790,KR7068790005,DMS,KOSDAQ,우량기업부,8160,1,60,0.74,8100,8170,7860,109302,877159165,184173027840,22570224,KSQ
936,294570,KR7294570007,쿠콘,KOSDAQ,우량기업부,18240,1,340,1.9,18070,18500,18070,5233,95855045,184073191680,10091732,KSQ
937,053300,KR7053300000,한국정보인증,KOSDAQ,우량기업부,4530,1,55,1.23,4540,4575,4500,54605,248287602,183877664880,40591096,KSQ
938,256840,KR7256840000,한국비엔씨,KOSDAQ,우량기업부,2660,1,75,2.9,2620,2685,2610,165808,439549208,181930396760,68394886,KSQ
939,013890,KR7013890009,지누스,KOSPI,,8290,2,-680,-7.58,8840,8940,8280,75662,637739975,181764989770,21925813,STK
940,126600,KR7126600006,BGF에코머티리얼즈,KOSDAQ,우량기업부,2895,1,20,0.7,2895,2930,2870,25178,73015285,181710172605,62766899,KSQ
941,066620,KR7066620006,국보디자인,KOSDAQ,우량기업부,24150,1,650,2.77,23550,24200,23550,1806,43088800,181125000000,7500000,KSQ
942,377190,KR7377190004,디앤디플랫폼리츠,KOSPI,,2045,2,-15,-0.73,2065,2090,2030,175356,359020252,180778000000,88400000,STK
943,035510,KR7035510007,신세계 I&C,KOSPI,,12900,2,-100,-0.77,13050,13220,12890,45066,589376055,180353610000,13980900,STK
944,006805,KR7006801005,미래에셋증권우,KOSPI,,12790,1,390,3.15,12710,12980,12630,30542,391516150,180028842500,14075750,STK
945,002100,KR7002100006,경농,KOSPI,,9220,1,70,0.77,9150,9250,9150,29713,273292225,179998141500,19522575,STK
946,049430,KR7049430002,코메론,KOSDAQ,우량기업부,19890,1,110,0.56,19650,19970,19650,32401,642325150,179964720000,9048000,KSQ
947,192440,KR7192440006,슈피겐코리아,KOSDAQ,우량기업부,28950,2,-350,-1.19,29600,29800,28800,5193,152607750,179963708850,6216363,KSQ
948,004380,KR7004380002,삼익THK,KOSPI,,8670,1,350,4.21,8440,8730,8420,31874,273907905,179469000000,20700000,STK
949,064550,KR7064550007,바이오니아,KOSDAQ,중견기업부,6950,1,130,1.91,6930,7060,6900,56260,392762390,179381522450,25810291,KSQ
950,036710,KR7036710002,심텍홀딩스,KOSDAQ,중견기업부,3395,1,175,5.43,3320,3420,3205,168127,559671272,179350224830,52827754,KSQ
951,213500,KR7213500002,한솔제지,KOSPI,,7530,1,150,2.03,7340,7590,7340,67554,508398510,179218337280,23800576,STK
952,0015G0,KR70015G0009,그린광학,KOSDAQ,기술성장기업부,15250,1,440,2.97,15300,15620,14850,54549,837334780,178463750250,11702541,KSQ
953,234080,KR7234080000,JW생명과학,KOSPI,,11270,1,100,0.9,11180,11320,11180,16775,189306630,178455423580,15834554,STK
954,143240,KR7143240000,사람인,KOSDAQ,우량기업부,16590,3,0,0.0,16590,16690,16410,6503,107651850,178056007290,10732731,KSQ
955,012860,KR7012860003,모베이스전자,KOSDAQ,우량기업부,2430,1,85,3.62,2360,2485,2360,389507,946393616,177957300510,73233457,KSQ
956,003610,KR7003610003,방림,KOSPI,,5530,1,110,2.03,5440,5600,5430,110738,608767810,177572602340,32110778,STK
957,094820,KR7094820008,일진파워,KOSDAQ,우량기업부,11750,1,520,4.63,11590,11880,11500,79931,936285420,177174830750,15078709,KSQ
958,088260,KR7088260005,이리츠코크렙,KOSPI,,2795,2,-120,-4.12,2905,2930,2765,263813,745260158,177039744050,63341590,STK
959,260870,KR7260870001,SK시그넷,KONEX,일반기업부,8120,2,-10,-0.12,8130,8140,8120,96464,784009510,175998945640,21674747,KNX
960,013580,KR7013580006,계룡건설,KOSPI,,19630,1,360,1.87,19510,19870,19510,37758,744889780,175313704410,8930907,STK
961,065660,KR7065660003,안트로젠,KOSDAQ,기술성장기업부,17500,1,290,1.69,18100,18230,17410,27262,481070340,175106750000,10006100,KSQ
962,003460,KR7003460003,유화증권,KOSPI,,3085,1,50,1.65,3035,3140,3035,50180,155978840,174926950275,56702415,STK
963,950140,KR8840110108,잉글우드랩,KOSDAQ,외국기업(소속부없음),8800,1,80,0.92,8800,8880,8700,6848,60323980,174837220800,19867866,KSQ
964,067080,KR7067080002,대화제약,KOSDAQ,중견기업부,9380,1,110,1.19,9370,9460,9300,28799,270530650,174624177000,18616650,KSQ
965,115450,KR7115450009,HLB테라퓨틱스,KOSDAQ,중견기업부,1969,1,66,3.47,1902,2025,1852,312336,613925902,174414234621,88580109,KSQ
966,000300,KR7000300004,DH오토넥스,KOSPI,,4200,0,0,0.0,0,0,0,0,0,174035631000,41437055,STK
967,016450,KR7016450009,한세예스24홀딩스,KOSPI,,4350,1,5,0.12,4355,4425,4310,14379,62665865,174000000000,40000000,STK
968,308430,KR7308430008,셀비온,KOSDAQ,기술성장기업부,13480,2,-600,-4.26,14370,14370,13420,21904,300092410,173962783480,12905251,KSQ
969,025560,KR7025560004,미래산업,KOSPI,,6830,2,-10,-0.15,7140,7280,6800,432789,3011602735,173851776200,25454140,STK
970,243840,KR7243840006,신흥에스이씨,KOSDAQ,우량기업부,4500,1,75,1.69,4495,4580,4400,101408,457107796,173512057500,38558235,KSQ
971,416180,KR7416180008,신성에스티,KOSDAQ,벤처기업부,19180,1,230,1.21,19350,19700,19150,5989,116530710,173382942040,9039778,KSQ
972,138610,KR7138610001,나이벡,KOSDAQ,기술성장기업부,15230,1,230,1.53,15450,15450,15030,6610,100837820,173131487390,11367793,KSQ
973,004560,KR7004560009,현대비앤지스틸,KOSPI,,11480,1,160,1.41,11500,11810,11420,72240,835062390,173104750280,15078811,STK
974,092130,KR7092130004,이크레더블,KOSDAQ,중견기업부,14370,1,80,0.56,14340,14520,14320,1503,21612590,173066532000,12043600,KSQ
975,138360,KR7138360003,앤로보틱스,KOSDAQ,벤처기업부,1962,1,32,1.66,1938,1986,1910,442015,864280160,172604858508,87973934,KSQ
976,003220,KR7003220001,대원제약,KOSPI,,7690,3,0,0.0,7750,7860,7680,18151,140958860,172468113270,22427583,STK
977,123860,KR7123860009,아나패스,KOSDAQ,우량기업부,14200,1,670,4.95,13630,14200,13450,17561,244592870,172152493000,12123415,KSQ
978,199820,KR7199820002,제일일렉트릭,KOSDAQ,우량기업부,7740,1,840,12.17,7070,8190,7070,969361,7536500365,171982800000,22220000,KSQ
979,036170,KR7036170009,에이치엠넥스,KOSDAQ,중견기업부,2800,1,230,8.95,2680,2820,2605,310264,844381081,171823752800,61365626,KSQ
980,204610,KR7204610000,티쓰리,KOSDAQ,벤처기업부,3090,3,0,0.0,3120,3150,3065,117833,363419955,171684169800,55561220,KSQ
981,002150,KR7002150001,도화엔지니어링,KOSPI,,5080,1,40,0.79,5050,5110,5040,35332,179049900,171297600000,33720000,STK
982,041920,KR7041920000,메디아나,KOSDAQ,우량기업부,9190,1,120,1.32,9070,9460,9000,42740,394296065,170917669370,18598223,KSQ
983,403850,KR7403850001,더핑크퐁컴퍼니,KOSDAQ,중견기업부,11820,2,-210,-1.75,12120,12390,11620,49371,585735755,169628938200,14351010,KSQ
984,000700,KR7000700005,유수홀딩스,KOSPI,,6510,1,130,2.04,6390,6590,6390,87234,568750535,169532196120,26041812,STK
985,0082N0,KR70082N0008,카나프테라퓨틱스,KOSDAQ,기술성장기업부,12760,1,260,2.08,12800,13300,12170,29999,385888285,169262420800,13265080,KSQ
986,354320,KR7354320004,알멕,KOSDAQ,기술성장기업부,26450,2,-1650,-5.87,28100,29450,26150,110407,3054720225,169052027450,6391381,KSQ
987,010580,KR7010580009,에스엠벡셀,KOSPI,,1519,1,19,1.27,1500,1620,1500,35643,54526025,168991423440,111251760,STK
988,307180,KR7307180000,아이엘,KOSDAQ,벤처기업부,4555,2,-20,-0.44,4640,4692,4520,196299,902175027,168150904180,36915676,KSQ
989,080160,KR7080160005,모두투어,KOSDAQ,우량기업부,8870,1,40,0.45,8900,9010,8800,19708,174940075,167643000000,18900000,KSQ
990,475040,KR7475040002,스트라드비젼,KOSDAQ,기술성장기업부,3145,1,200,6.79,2960,3205,2910,1179067,3670463128,167487409010,53255138,KSQ
991,097955,KR7097951008,CJ제일제당 우,KOSPI,,126100,1,700,0.56,125400,127000,125400,3829,483297150,167389301300,1327433,STK
992,245620,KR7245620000,EDGC,KOSDAQ,관리종목(소속부없음),741,0,0,0.0,0,0,0,0,0,167118555474,225531114,KSQ
993,487570,KR7487570004,HS효성,KOSPI,,44850,1,1450,3.34,44350,45250,43900,7030,315599700,167107825950,3725927,STK
994,108380,KR7108380007,대양전기공업,KOSDAQ,우량기업부,17440,1,430,2.53,17280,17620,17270,18392,320694960,166854287520,9567333,KSQ
995,001780,KR7001780006,알루코,KOSPI,,1723,1,55,3.3,1669,1739,1669,359034,616521641,166838317436,96830132,STK
996,039840,KR7039840004,디오,KOSDAQ,중견기업부,12400,1,190,1.56,12260,12460,12230,21425,264163570,166356267200,13415828,KSQ
997,038390,KR7038390001,레드캡투어,KOSDAQ,우량기업부,9920,1,20,0.2,9920,10100,9890,10352,103134550,165870554240,16720822,KSQ
998,462520,KR7462520008,조선내화,KOSPI,,13980,1,30,0.22,13960,14080,13870,7561,105534785,165735248640,11855168,STK
999,199430,KR7199430000,케이엔알시스템,KOSDAQ,기술성장기업부,14770,2,-410,-2.7,14810,15500,14350,180039,2682967625,165380325110,11197043,KSQ
1000,051370,KR7051370005,인터플렉스,KOSDAQ,우량기업부,7070,1,150,2.17,7070,7120,6600,77701,545692315,164925227040,23327472,KSQ
1001,093190,KR7093190007,빅솔론,KOSDAQ,우량기업부,8550,2,-60,-0.7,8400,8610,8400,17038,144742950,164492637750,19238905,KSQ
1002,000390,KR7000390005,SP삼화,KOSPI,,6040,1,30,0.5,6090,6120,6020,44135,267858505,164308952760,27203469,STK
1003,216080,KR7216080002,제테마,KOSDAQ,벤처기업부,4400,1,25,0.57,4375,4470,4375,53672,236248095,164063235600,37287099,KSQ
1004,016880,KR7016880007,웅진,KOSPI,,2050,1,5,0.24,2050,2165,2045,238589,501780098,163850514000,79927080,STK
1005,002170,KR7002170009,SYTS,KOSPI,,54600,1,400,0.74,54400,55600,53800,4055,222472300,163800000000,3000000,STK
1006,314130,KR7314130006,지놈앤컴퍼니,KOSDAQ,기술성장기업부,3605,2,-45,-1.23,3735,3875,3550,305879,1126955975,163662288265,45398693,KSQ
1007,372170,KR7372170001,윤성에프앤씨,KOSDAQ,우량기업부,20500,4,4730,29.99,20500,20500,20500,2127,43603500,163570484000,7979048,KSQ
1008,001080,KR7001080001,만호제강,KOSPI,,3940,1,10,0.25,3900,3995,3850,3718,14587460,163510000000,41500000,STK
1009,464080,KR7464080001,에스오에스랩,KOSDAQ,기술성장기업부,9080,1,440,5.09,8770,9120,8560,70768,631956180,162959168600,17947045,KSQ
1010,143160,KR7143160000,아이디스,KOSDAQ,우량기업부,15190,2,-80,-0.52,15270,15290,14990,8951,135056940,162781964100,10716390,KSQ
1011,046120,KR7046120002,오르비텍,KOSDAQ,중견기업부,4800,1,5,0.1,4840,4950,4655,353060,1694273032,162506078400,33855433,KSQ
1012,083930,KR7083930008,아바코,KOSDAQ,우량기업부,11050,1,310,2.89,10780,11155,10780,31149,344061025,162183601450,14677249,KSQ
1013,002210,KR7002210003,동성제약,KOSPI,,1676,2,-48,-2.78,1750,1800,1675,285617,488775901,161934293732,96619507,STK
1014,101530,KR7101530004,해태제과식품,KOSPI,,5550,2,-20,-0.36,5630,5630,5550,27819,155456630,161598362100,29116822,STK
1015,400760,KR7400760005,NH올원리츠,KOSPI,,2935,2,-20,-0.68,2955,2970,2925,61392,180821527,161217422125,54929275,STK
1016,222040,KR7222040008,코스맥스엔비티,KOSDAQ,중견기업부,7810,1,320,4.27,7620,8050,7550,70021,545067355,161104680000,20628000,KSQ
1017,187870,KR7187870001,디바이스,KOSDAQ,우량기업부,11680,1,450,4.01,11610,11880,11350,77458,902001880,160834300800,13770060,KSQ
1018,179290,KR7179290002,엠아이텍,KOSDAQ,우량기업부,4965,2,-25,-0.5,4990,5040,4910,25553,126654429,160695591270,32365678,KSQ
1019,000860,KR7000860007,강남제비스코,KOSPI,,12340,1,50,0.41,12450,12470,12290,4559,56281450,160420000000,13000000,STK
1020,007570,KR7007570005,일양약품,KOSPI,,8400,2,-60,-0.71,8460,8500,8330,16703,140203185,160319577600,19085664,STK
1021,066410,KR7066410002,버킷스튜디오,KOSDAQ,투자주의환기종목(소속부없음),1153,0,0,0.0,0,0,0,0,0,159637252154,138453818,KSQ
1022,009470,KR7009470006,삼화전기,KOSPI,,24100,1,1250,5.47,24100,24300,23300,53946,1289406725,159393062000,6613820,STK
1023,086670,KR7086670007,비엠티,KOSDAQ,우량기업부,16050,1,170,1.07,15950,16450,15950,28724,468109130,159310454250,9925885,KSQ
1024,046070,KR7046070009,코다코,KOSDAQ,관리종목(소속부없음),10280,0,0,0.0,0,0,0,0,0,159196994920,15486089,KSQ
1025,082800,KR7082800004,비보존 제약,KOSDAQ,중견기업부,2620,1,120,4.8,2595,2650,2500,122965,318400016,159085524920,60719666,KSQ
1026,015230,KR7015230006,대창단조,KOSPI,,5860,1,130,2.27,5750,5900,5750,23750,138678930,159061613200,27143620,STK
1027,048550,KR7048550008,SM C&C,KOSDAQ,중견기업부,1643,2,-99,-5.68,1739,1739,1557,1819623,2927580625,158902120660,96714620,KSQ
1028,046440,KR7046440004,KG파이낸셜,KOSDAQ,우량기업부,4175,1,155,3.86,4030,4485,4025,1107362,4742536883,158695098350,38010802,KSQ
1029,119610,KR7119610004,인터로조,KOSDAQ,우량기업부,13900,1,160,1.16,13800,14000,13630,27364,378005750,158651083300,11413747,KSQ
1030,001045,KR7001041003,CJ우,KOSPI,,70000,1,2400,3.55,68200,70200,68000,2384,165095800,158215610000,2260223,STK
1031,088800,KR7088800008,에이스테크,KOSDAQ,중견기업부,2095,1,295,16.39,1900,2330,1883,1275962,2733120929,158185979230,75506434,KSQ
1032,123410,KR7123410003,코리아에프티,KOSDAQ,우량기업부,5680,1,40,0.71,5700,5770,5660,48621,278436890,158137243520,27841064,KSQ
1033,023910,KR7023910003,대한약품,KOSDAQ,우량기업부,26350,1,50,0.19,26300,26450,26100,4337,114097275,158100000000,6000000,KSQ
1034,084990,KR7084990001,헬릭스미스,KOSDAQ,기술성장기업부,3430,1,110,3.31,3430,3480,3335,57183,196475842,158098293710,46092797,KSQ
1035,460850,KR7460850001,동국씨엠,KOSPI,,5280,1,100,1.93,5200,5330,5190,45416,239467465,157864903680,29898656,STK
1036,293480,KR7293480000,하나제약,KOSPI,,8830,2,-50,-0.56,8880,8980,8810,9657,86078815,156935113180,17772946,STK
1037,086820,KR7086820008,바이오솔루션,KOSDAQ,기술성장기업부,6050,1,10,0.17,6150,6190,6000,30532,185947990,156840714250,25924085,KSQ
1038,126640,KR7126640002,화신정공,KOSDAQ,우량기업부,4470,1,300,7.19,4240,4530,4170,1325776,5828146288,156699917700,35055910,KSQ
1039,092070,KR7092070002,디엔에프,KOSDAQ,중견기업부,13540,1,550,4.23,13380,13720,13120,16982,228236970,156682957320,11571858,KSQ
1040,051160,KR7051160000,지어소프트,KOSDAQ,중견기업부,10110,1,840,9.06,9250,10220,8940,533700,5192001255,156446487300,15474430,KSQ
1041,126700,KR7126700004,하이비젼시스템,KOSDAQ,우량기업부,10460,1,110,1.06,10350,10650,10350,37453,392493705,156294491520,14942112,KSQ
1042,041020,KR7041020009,폴라리스오피스,KOSDAQ,벤처기업부,3140,1,45,1.45,3185,3205,3115,534657,1685794999,156007110020,49683793,KSQ
1043,338840,KR7338840002,와이바이오로직스,KOSDAQ,기술성장기업부,10150,2,-20,-0.2,10180,10500,9910,45859,463617680,155971812150,15366681,KSQ
1044,079960,KR7079960001,동양이엔피,KOSDAQ,우량기업부,20650,1,250,1.23,20400,20850,20250,12923,267059000,155941737700,7551658,KSQ
1045,413630,KR7413630005,씨피시스템,KOSDAQ,벤처기업부,4270,1,5,0.12,4295,4490,4195,4649042,20270999715,155584303350,36436605,KSQ
1046,013990,KR7013990007,아가방컴퍼니,KOSDAQ,우량기업부,4730,2,-25,-0.53,4760,4800,4500,102135,485035765,155558045280,32887536,KSQ
1047,032620,KR7032620007,GC메디아이,KOSDAQ,우량기업부,2980,3,0,0.0,2980,3025,2960,38654,115873605,155547474220,52197139,KSQ
1048,072870,KR7072870009,메가스터디,KOSDAQ,우량기업부,13040,1,120,0.93,12920,13160,12920,15341,200889590,155449305360,11920959,KSQ
1049,264850,KR7264850009,이랜시스,KOSDAQ,중견기업부,5130,1,100,1.99,5100,5240,4990,550921,2832338015,155411359560,30294612,KSQ
1050,078070,KR7078070000,유비쿼스홀딩스,KOSDAQ,중견기업부,9110,1,270,3.05,9070,9290,9020,24701,226742730,155406059730,17058843,KSQ
1051,054800,KR7054800008,아이디스홀딩스,KOSDAQ,중견기업부,14970,1,70,0.47,14930,15060,14810,1981,29558340,154905907320,10347756,KSQ
1052,264450,KR7264450008,유비쿼스,KOSDAQ,우량기업부,10530,1,410,4.05,10300,10700,10300,31601,331052140,154427641290,14665493,KSQ
1053,012210,KR7012210001,삼미금속,KOSDAQ,중견기업부,6690,1,50,0.75,6640,6870,6480,77446,519055715,154215063510,23051579,KSQ
1054,234690,KR7234690006,녹십자웰빙,KOSDAQ,우량기업부,8570,1,140,1.66,8600,8850,8430,56243,486029480,153945395300,17963290,KSQ
1055,260970,KR7260970009,에스앤디,KOSDAQ,우량기업부,53150,1,1550,3.0,50900,53700,50300,10648,555724400,153749875100,2892754,KSQ
1056,005960,KR7005960000,동부건설,KOSPI,,6690,1,110,1.67,6630,6800,6610,26025,174264960,153513175470,22946663,STK
1057,122990,KR7122990005,와이솔,KOSDAQ,중견기업부,5750,1,110,1.95,5680,5830,5680,40349,232378995,153174715750,26639081,KSQ
1058,007330,KR7007330004,푸른저축은행,KOSDAQ,투자주의환기종목(소속부없음),10130,1,110,1.1,10190,10200,10020,10943,110567340,152788764000,15082800,KSQ
1059,024060,KR7024060006,흥구석유,KOSDAQ,중견기업부,10180,2,-360,-3.42,10090,10540,10010,1068986,10952693915,152700000000,15000000,KSQ
1060,293780,KR7293780003,압타바이오,KOSDAQ,기술성장기업부,5430,2,-90,-1.63,5550,5670,5350,46356,254571760,152547189150,28093405,KSQ
1061,090350,KR7090350000,노루페인트,KOSPI,,7610,2,-20,-0.26,7630,7720,7600,20995,160585815,152200000000,20000000,STK
1062,011040,KR7011040003,경동제약,KOSDAQ,중견기업부,4940,3,0,0.0,4940,4960,4910,15694,77401300,151997704040,30768766,KSQ
1063,489460,KR7489460006,바이오비쥬,KOSDAQ,벤처기업부,10290,2,-740,-6.71,11000,11000,10000,203016,2111358095,151811323230,14753287,KSQ
1064,003830,KR7003830007,대한화섬,KOSPI,,114000,1,700,0.62,116400,116400,111800,8,912800,151392000000,1328000,STK
1065,083310,KR7083310003,엘오티베큠,KOSDAQ,우량기업부,8500,1,290,3.53,8400,8700,8330,57933,492391810,151385280500,17810033,KSQ
1066,000520,KR7000520007,삼일제약,KOSPI,,6960,1,240,3.57,6740,7030,6740,58912,409326915,150975004560,21691811,STK
1067,271980,KR7271980005,제일약품,KOSPI,,10260,1,90,0.88,10170,10390,9960,13770,140242245,150871986720,14704872,STK
1068,00279K,KR700279K010,아모레퍼시픽홀딩스3우C,KOSPI,,21250,1,100,0.47,21250,21550,21150,4957,106181575,150709250000,7092200,STK
1069,255220,KR7255220006,SG,KOSDAQ,중견기업부,1374,1,37,2.77,1338,1397,1335,853995,1173368077,150539976948,109563302,KSQ
1070,024800,KR7024800005,유성티엔에스,KOSDAQ,우량기업부,4270,1,95,2.28,4180,4300,4155,35859,150869305,150412329900,35225370,KSQ
1071,040350,KR7040350001,크레오에스지,KOSDAQ,벤처기업부,7540,1,210,2.86,6930,7550,6930,71999,517484310,149715717840,19856196,KSQ
1072,000970,KR7000970004,한국주철관,KOSPI,,6560,1,20,0.31,6550,6610,6550,11965,78719545,149571280000,22800500,STK
1073,011785,KR7011781002,금호석유화학우,KOSPI,,49450,1,50,0.1,49700,49950,49100,2668,131702600,149511382700,3023486,STK
1074,251370,KR7251370003,와이엠티,KOSDAQ,벤처기업부,8300,1,230,2.85,8400,8500,8200,44468,371980600,149509667900,18013213,KSQ
1075,389020,KR7389020009,자람테크놀로지,KOSDAQ,기술성장기업부,21600,1,1720,8.65,20850,22700,20350,63838,1389373575,149149771200,6905082,KSQ
1076,049630,KR7049630007,재영솔루텍,KOSDAQ,우량기업부,6380,1,260,4.25,6260,6500,6120,139859,888379305,149069586820,23365139,KSQ
1077,071840,KR7071840003,롯데하이마트,KOSPI,,6310,2,-80,-1.25,6350,6490,6310,14988,95391960,148964662720,23607712,STK
1078,032580,KR7032580003,피델릭스,KOSDAQ,중견기업부,4490,1,710,18.78,4080,4500,3835,1232810,5192274653,148762967360,33132064,KSQ
1079,025820,KR7025820002,이구산업,KOSPI,,4440,1,305,7.38,4250,4565,4250,481351,2124764868,148482480000,33442000,STK
1080,067280,KR7067280008,멀티캠퍼스,KOSDAQ,우량기업부,25050,3,0,0.0,25000,25350,24850,2618,65754575,148465813950,5926779,KSQ
1081,054450,KR7054450002,텔레칩스,KOSDAQ,중견기업부,9800,1,730,8.05,9400,9960,9270,90088,875050700,148413483400,15144233,KSQ
1082,382800,KR7382800001,지앤비에스 에코,KOSDAQ,우량기업부,4645,1,185,4.15,4545,4850,4455,288534,1354602527,147855185445,31831041,KSQ
1083,031440,KR7031440001,신세계푸드,KOSPI,,38150,0,0,0.0,0,0,0,0,0,147735112000,3872480,STK
1084,049960,KR7049960008,쎌바이오텍,KOSDAQ,벤처기업부,15680,2,-210,-1.32,15880,15930,15580,7175,112698250,147392000000,9400000,KSQ
1085,355150,KR7355150004,코스텍시스,KOSDAQ,벤처기업부,18900,1,1910,11.24,17850,22050,17550,247182,4873815305,147369915000,7797350,KSQ
1086,388050,KR7388050007,지투파워,KOSDAQ,우량기업부,7850,1,480,6.51,7550,7880,7470,210270,1622026825,146869080450,18709437,KSQ
1087,0039P0,KR70039P0000,매드업,KOSDAQ,기술성장기업부,7770,1,450,6.15,7480,8360,7370,6151097,49026794745,146133498000,18807400,KSQ
1088,004970,KR7004970000,신라교역,KOSPI,,9130,2,-160,-1.72,9290,9310,9120,7046,64622740,146080000000,16000000,STK
1089,104480,KR7104480009,티케이케미칼,KOSDAQ,중견기업부,1607,1,10,0.63,1608,1627,1582,195365,314135822,146068962438,90895434,KSQ
1090,048870,KR7048870000,시너지이노베이션,KOSDAQ,중견기업부,1650,1,20,1.23,1637,1687,1637,254361,423078269,145376488950,88106963,KSQ
1091,140610,KR7140610007,엔솔바이오사이언스,KONEX,일반기업부,10050,1,70,0.7,10450,10450,9980,644,6456920,144482840100,14376402,KNX
1092,094840,KR7094840006,슈프리마에이치큐,KOSDAQ,벤처기업부,14640,1,150,1.04,14510,14760,14140,16239,235949535,143561435760,9806109,KSQ
1093,382900,KR7382900009,범한퓨얼셀,KOSDAQ,벤처기업부,16370,1,1200,7.91,16010,16490,15600,34889,562364170,143417570000,8761000,KSQ
1094,001540,KR7001540004,안국약품,KOSDAQ,우량기업부,10990,2,-40,-0.36,11100,11300,10950,56381,624000220,143336195800,13042420,KSQ
1095,462860,KR7462860008,더즌,KOSDAQ,벤처기업부,1991,1,34,1.74,1993,2035,1944,96279,191270868,142867237293,71756523,KSQ
1096,005990,KR7005990007,매일홀딩스,KOSDAQ,우량기업부,10740,3,0,0.0,10770,10780,10660,1198,12862030,142823784960,13298304,KSQ
1097,037070,KR7037070000,파세코,KOSDAQ,중견기업부,7110,1,130,1.86,7020,7200,6780,623439,4404075240,142200000000,20000000,KSQ
1098,334970,KR7334970001,프레스티지바이오로직스,KOSDAQ,기술성장기업부,1828,2,-1,-0.05,1829,1872,1812,164831,303364013,142131820436,77752637,KSQ
1099,039860,KR7039860002,나노엔텍,KOSDAQ,중견기업부,3725,1,70,1.92,3720,3790,3690,224633,839334167,141896622425,38093053,KSQ
1100,272550,KR7272550005,삼양패키징,KOSPI,,9400,1,160,1.73,9270,9480,9250,32244,301427540,141643016400,15068406,STK
1101,322510,KR7322510009,제이엘케이,KOSDAQ,기술성장기업부,5500,1,60,1.1,5440,5650,5390,98059,542758235,141492406000,25725892,KSQ
1102,212560,KR7212560007,네오오토,KOSDAQ,우량기업부,10480,1,240,2.34,10480,10680,10190,54111,566475590,141336927040,13486348,KSQ
1103,300080,KR7300080009,플리토,KOSDAQ,기술성장기업부,8520,2,-80,-0.93,8610,8630,8270,75031,632392545,140626442520,16505451,KSQ
1104,003480,KR7003480001,한진중공업홀딩스,KOSPI,,4745,2,-20,-0.42,4750,4815,4705,13094,62383070,140118957940,29529812,STK
1105,094280,KR7094280005,효성ITX,KOSPI,,12110,1,10,0.08,12070,12170,12070,4293,52055900,139969802000,11558200,STK
1106,119830,KR7119830008,아이텍,KOSDAQ,중견기업부,5240,1,140,2.75,5130,5400,5020,127241,659497270,139061928640,26538536,KSQ
1107,322310,KR7322310004,오로스테크놀로지,KOSDAQ,벤처기업부,14840,1,550,3.85,14710,15450,14450,56382,842189635,138999483280,9366542,KSQ
1108,006060,KR7006060008,화승인더,KOSPI,,2510,2,-15,-0.59,2520,2540,2495,30183,75720241,138853200000,55320000,STK
1109,274090,KR7274090000,켄코아에어로스페이스,KOSDAQ,기술성장기업부,10070,1,400,4.14,9770,10260,9770,136008,1370933515,138706264490,13774207,KSQ
1110,293580,KR7293580007,나우IB,KOSDAQ,중견기업부,1454,1,31,2.18,1427,1471,1425,140316,204200340,138028147300,94929950,KSQ
1111,321550,KR7321550006,티움바이오,KOSDAQ,기술성장기업부,4585,1,115,2.57,4500,4730,4430,108387,496874510,137726407875,30038475,KSQ
1112,310200,KR7310200001,애니플러스,KOSDAQ,중견기업부,2640,2,-60,-2.22,2705,2760,2620,162350,433973807,137709887040,52162836,KSQ
1113,408920,KR7408920007,메쎄이상,KOSDAQ,우량기업부,3180,2,-15,-0.47,3210,3230,3130,13413,42780770,137479206900,43232455,KSQ
1114,000020,KR7000020008,동화약품,KOSPI,,4915,3,0,0.0,4925,4990,4900,117524,581297866,137283175050,27931470,STK
1115,101970,KR7101970002,우양에이치씨,KOSDAQ,중견기업부,9280,1,10,0.11,9270,9570,9150,14825,137563135,137251283520,14790009,KSQ
1116,418550,KR7418550000,제이오,KOSDAQ,기술성장기업부,4280,1,140,3.38,4245,4345,4220,66421,285287339,137035640440,32017673,KSQ
1117,023600,KR7023600000,삼보판지,KOSDAQ,우량기업부,8560,2,-30,-0.35,8590,8690,8500,1555,13348175,137031048000,16008300,KSQ
1118,060150,KR7060150000,인선이엔티,KOSDAQ,중견기업부,3005,3,0,0.0,3035,3055,2970,62737,188833990,136918654060,45563612,KSQ
1119,080420,KR7080420003,모다이노칩,KOSDAQ,중견기업부,1717,1,116,7.25,1620,1775,1620,14459,24561370,136882024974,79721622,KSQ
1120,005160,KR7005160007,동국산업,KOSDAQ,중견기업부,2520,1,40,1.61,2495,2520,2480,63832,159833185,136696094640,54244482,KSQ
1121,457550,KR7457550002,우진엔텍,KOSDAQ,중견기업부,14660,1,300,2.09,14500,15180,14430,58255,859246295,136615924280,9318958,KSQ
1122,147830,KR7147830004,제룡산업,KOSDAQ,벤처기업부,6830,1,660,10.7,6370,7320,6300,1115758,7677438315,136600000000,20000000,KSQ
1123,069510,KR7069510006,에스텍,KOSDAQ,우량기업부,12490,2,-110,-0.87,12610,12640,12470,5204,65392460,136265900000,10910000,KSQ
1124,263860,KR7263860009,지니언스,KOSDAQ,벤처기업부,14960,1,380,2.61,15600,15600,14730,44206,661434290,135830816000,9079600,KSQ
1125,008350,KR7008350001,남선알미늄,KOSPI,,1052,1,1,0.1,1060,1080,1047,499716,528993475,135791202680,129079090,STK
1126,114840,KR7114840002,아이패밀리에스씨,KOSDAQ,우량기업부,8140,1,30,0.37,8140,8320,8100,18555,151583800,135786473900,16681385,KSQ
1127,041520,KR7041520008,이엘씨,KOSDAQ,투자주의환기종목(소속부없음),11130,1,640,6.1,10500,11190,10500,25286,277989700,135660564900,12188730,KSQ
1128,333430,KR7333430007,일승,KOSDAQ,중견기업부,4415,1,315,7.68,4190,4550,4110,3958452,17400586211,135658588005,30726747,KSQ
1129,0007C0,KR70007C0003,아크릴,KOSDAQ,기술성장기업부,16880,1,440,2.68,16820,17430,15800,60257,1024317620,135551869120,8030324,KSQ
1130,205500,KR7205500002,넥써쓰,KOSDAQ,중견기업부,1661,2,-37,-2.18,1655,1743,1623,183507,306663956,135180559745,81385045,KSQ
1131,015890,KR7015890007,태경산업,KOSPI,,4600,2,-25,-0.54,4635,4670,4590,47492,219375677,134452250000,29228750,STK
1132,246710,KR7246710008,티앤알바이오팹,KOSDAQ,기술성장기업부,2820,1,25,0.89,2800,3025,2750,345635,1001343531,134413901280,47664504,KSQ
1133,086890,KR7086890001,이수앱지스,KOSDAQ,중견기업부,3285,2,-30,-0.9,3320,3380,3275,25485,84612667,133945684470,40774942,KSQ
1134,339950,KR7339950008,아이비김영,KOSDAQ,우량기업부,2980,2,-20,-0.67,3010,3010,2920,118898,354288505,133941031900,44946655,KSQ
1135,013520,KR7013520002,화승코퍼레이션,KOSPI,,2675,1,85,3.28,2600,2750,2600,196926,527694725,133887099100,50051252,STK
1136,004090,KR7004090007,한국석유,KOSPI,,10530,2,-150,-1.4,10640,10800,10420,109967,1166507245,133669083600,12694120,STK
1137,020120,KR7020120002,키다리스튜디오,KOSPI,,3595,1,40,1.13,3570,3685,3570,61278,221858625,133244238770,37063766,STK
1138,297890,KR7297890006,HB솔루션,KOSDAQ,우량기업부,1821,1,43,2.42,1840,1840,1780,251265,455438591,133189604394,73140914,KSQ
1139,474650,KR7474650009,링크솔루션,KOSDAQ,기술성장기업부,23150,1,250,1.09,23600,23750,22400,34808,802513050,133159540800,5752032,KSQ
1140,004150,KR7004150009,한솔홀딩스,KOSPI,,3240,1,25,0.78,3255,3285,3225,46052,149505440,132926248800,41026620,STK
1141,035610,KR7035610005,솔본,KOSDAQ,투자주의환기종목(소속부없음),4860,1,60,1.25,4800,4935,4765,59376,290121590,132901545420,27345997,KSQ
1142,037560,KR7037560000,LG헬로비전,KOSPI,,1716,1,35,2.08,1700,1729,1686,202845,346987805,132898820340,77446865,STK
1143,269620,KR7269620001,시스웍,KOSDAQ,관리종목(소속부없음),889,0,0,0.0,0,0,0,0,0,132090012299,148582691,KSQ
1144,003100,KR7003100005,선광,KOSDAQ,우량기업부,20000,1,40,0.2,20150,20250,19760,14094,280816970,132000000000,6600000,KSQ
1145,388790,KR7388790008,라이콤,KOSDAQ,벤처기업부,4310,1,345,8.7,4340,4750,4010,3198537,13981008810,131947029600,30614160,KSQ
1146,049720,KR7049720006,고려신용정보,KOSDAQ,우량기업부,9220,1,30,0.33,9220,9310,9110,39033,360423940,131846000000,14300000,KSQ
1147,242040,KR7242040004,나무에이엑스,KOSDAQ,기술성장기업부,3800,1,120,3.26,3725,3850,3660,246336,929051299,131503803200,34606264,KSQ
1148,405100,KR7405100009,큐알티,KOSDAQ,중견기업부,10700,1,360,3.48,10600,10850,10510,34679,371050080,131495520700,12289301,KSQ
1149,0088M0,KR70088M0003,메쥬,KOSDAQ,기술성장기업부,13290,2,-250,-1.85,13700,13940,13120,40357,543369070,131328457500,9881750,KSQ
1150,018470,KR7018470005,조일알미늄,KOSPI,,1037,3,0,0.0,1045,1063,1028,592740,618066031,131317094677,126631721,STK
1151,093640,KR7093640001,케이알엠,KOSDAQ,벤처기업부,3980,1,110,2.84,3850,4045,3820,72313,287063640,130717989680,32843716,KSQ
1152,136540,KR7136540002,윈스테크넷,KOSDAQ,우량기업부,10620,2,-50,-0.47,10670,10750,10470,9301,98978600,130410902520,12279746,KSQ
1153,004080,KR7004080008,신흥,KOSPI,,14020,2,-30,-0.21,14050,14070,13930,1832,25663380,130386000000,9300000,STK
1154,102120,KR7102120003,어보브반도체,KOSDAQ,벤처기업부,7330,1,390,5.62,7210,7430,7090,102198,745535240,130332919490,17780753,KSQ
1155,038290,KR7038290003,마크로젠,KOSDAQ,중견기업부,12000,1,130,1.1,12000,12060,11820,17629,209554040,130096800000,10841400,KSQ
1156,089470,KR7089470009,HDC현대EP,KOSPI,,4065,2,-85,-2.05,4325,4345,3975,487931,2002735807,129673500000,31900000,STK
1157,217950,KR7217950005,파마리서치바이오,KONEX,일반기업부,30900,2,-100,-0.32,31000,31100,30900,11,340600,129262116000,4183240,KNX
1158,361390,KR7361390008,제노코,KOSDAQ,벤처기업부,13210,1,500,3.93,12850,14130,12710,34633,465710625,128617593010,9736381,KSQ
1159,140670,KR7140670001,알에스오토메이션,KOSDAQ,중견기업부,9970,1,310,3.21,9750,10070,9600,49900,495042170,128013204800,12839840,KSQ
1160,264660,KR7264660002,씨앤지하이테크,KOSDAQ,우량기업부,13140,1,260,2.02,13150,13350,12900,16933,222315925,127736200080,9721172,KSQ
1161,214420,KR7214420002,토니모리,KOSPI,,5310,1,40,0.76,5350,5390,5140,70640,375640235,127730982690,24054799,STK
1162,086980,KR7086980000,쇼박스,KOSDAQ,중견기업부,2045,1,15,0.74,2070,2085,2025,85134,174708344,127685710000,62438000,KSQ
1163,012610,KR7012610002,경인양행,KOSPI,,3060,1,110,3.73,2985,3090,2985,145868,444130265,127346076900,41616365,STK
1164,007540,KR7007540008,샘표,KOSPI,,44200,1,150,0.34,44050,44800,43650,3213,142223800,127110360000,2875800,STK
1165,146320,KR7146320007,비씨엔씨,KOSDAQ,벤처기업부,9920,1,480,5.08,9810,10140,9720,29356,292410545,126955396160,12797923,KSQ
1166,451760,KR7451760003,컨텍,KOSDAQ,기술성장기업부,7680,1,310,4.21,7400,7910,7370,109599,833859480,126779704320,16507774,KSQ
1167,024090,KR7024090003,디씨엠,KOSPI,,11120,1,100,0.91,10990,11280,10880,2451,27242790,126768000000,11400000,STK
1168,489500,KR7489500009,엘케이켐,KOSDAQ,벤처기업부,19820,1,550,2.85,19700,19990,19340,9002,177054880,126674337160,6391238,KSQ
1169,095190,KR7095190005,신화프리텍,KOSDAQ,중견기업부,1938,1,33,1.73,1906,1950,1906,91255,176207606,126474775356,65260462,KSQ
1170,950190,KR8344390008,고스트스튜디오,KOSDAQ,외국기업(소속부없음),9670,1,40,0.42,9640,9670,9540,25851,247397090,125874960530,13017059,KSQ
1171,002390,KR7002390003,한독,KOSPI,,9140,2,-150,-1.61,9290,9290,9100,9255,85226360,125798691620,13763533,STK
1172,036690,KR7036690006,코맥스,KOSDAQ,관리종목(소속부없음),2885,0,0,0.0,0,0,0,0,0,125692107675,43567455,KSQ
1173,090850,KR7090850009,현대이지웰,KOSDAQ,우량기업부,5590,2,-400,-6.68,5890,5890,5520,145528,821426095,125651477770,22477903,KSQ
1174,340450,KR7340450006,지씨지놈,KOSDAQ,기술성장기업부,5310,1,210,4.12,5110,5410,5110,107782,570549260,125585710830,23650793,KSQ
1175,232680,KR7232680009,라온로보틱스,KOSDAQ,기술성장기업부,9420,1,320,3.52,9150,9580,9150,133175,1251505540,124885650000,13257500,KSQ
1176,226590,KR7226590008,엠디바이스,KOSDAQ,기술성장기업부,11650,1,410,3.65,11650,11810,11310,20055,233216270,124850533600,10716784,KSQ
1177,118990,KR7118990001,모트렉스,KOSDAQ,우량기업부,5080,1,80,1.6,5030,5150,5030,33824,172056600,124649844680,24537371,KSQ
1178,445180,KR7445180003,퓨릿,KOSDAQ,우량기업부,7230,1,150,2.12,7230,7370,7150,26128,189801360,124277829240,17189188,KSQ
1179,256940,KR7256940008,킵스파마,KOSDAQ,벤처기업부,6180,1,250,4.22,6000,6190,5930,29378,179370960,124082948460,20078147,KSQ
1180,210540,KR7210540001,디와이파워,KOSPI,,11230,1,330,3.03,11000,11270,11000,25041,280481780,123998380840,11041708,STK
1181,214390,KR7214390007,경보제약,KOSPI,,5180,2,-50,-0.96,5230,5310,5170,14957,77961440,123837534800,23906860,STK
1182,101360,KR7101360006,에코앤드림,KOSDAQ,벤처기업부,6960,1,190,2.81,6970,7140,6840,33109,231569890,123791353440,17786114,KSQ
1183,001360,KR7001360007,삼성제약,KOSPI,,1314,2,-6,-0.45,1323,1338,1310,352133,466196619,123728971806,94162079,STK
1184,081000,KR7081000002,일진다이아,KOSPI,,8710,1,120,1.4,8610,8800,8600,10430,90940190,123707912250,14202975,STK
1185,240550,KR7240550004,동방메디컬,KOSDAQ,중견기업부,5880,1,90,1.55,5790,5890,5640,30937,179650590,123091567200,20933940,KSQ
1186,011690,KR7011690005,와이투솔루션,KOSPI,,3350,1,100,3.08,3345,3445,3285,130212,440776201,122959719900,36704394,STK
1187,402490,KR7402490007,그린리소스,KOSDAQ,기술성장기업부,7240,1,630,9.53,6800,7260,6640,188213,1323567975,122610971080,16935217,KSQ
1188,095700,KR7095700001,제넥신,KOSDAQ,기술성장기업부,2675,1,35,1.33,2690,2745,2655,72340,194985803,121820821450,45540494,KSQ
1189,107590,KR7107590002,미원홀딩스,KOSPI,,52500,2,-300,-0.57,53500,53500,52500,219,11543100,121800000000,2320000,STK
1190,211270,KR7211270004,AP위성,KOSDAQ,우량기업부,8070,1,470,6.18,7880,8150,7710,68265,544210940,121714193280,15082304,KSQ
1191,432720,KR7432720001,퀄리타스반도체,KOSDAQ,기술성장기업부,8560,1,580,7.27,8270,8600,8050,98373,825969255,121445616320,14187572,KSQ
1192,458650,KR7458650009,성우,KOSDAQ,벤처기업부,8070,1,120,1.51,7970,8290,7970,8936,72039090,121418556900,15045670,KSQ
1193,011280,KR7011280005,태림포장,KOSPI,,1714,1,62,3.75,1652,1714,1651,66254,110478582,121361381160,70805940,STK
1194,004960,KR7004960001,한신공영,KOSPI,,10470,1,130,1.26,10440,10640,10350,24333,256689190,121145249940,11570702,STK
1195,285490,KR7285490009,노바텍,KOSDAQ,벤처기업부,11450,1,230,2.05,11600,11630,11270,18495,212715040,121093264950,10575831,KSQ
1196,079430,KR7079430005,현대리바트,KOSPI,,6010,1,230,3.98,5750,6080,5750,50388,302750645,120886354020,20114202,STK
1197,005800,KR7005800008,신영와코루,KOSPI,,13390,2,-90,-0.67,13570,13580,13330,4730,63760410,120510000000,9000000,STK
1198,488280,KR7488280009,에스투더블유,KOSDAQ,기술성장기업부,11120,1,30,0.27,11100,11250,10690,97474,1074074020,120379404320,10825486,KSQ
1199,350520,KR7350520003,이지스레지던스리츠,KOSPI,,3260,2,-25,-0.76,3290,3300,3235,27597,90037095,120183818520,36866202,STK
1200,008970,KR7008970006,KBI동양철관,KOSPI,,1158,1,32,2.84,1140,1169,1131,306708,353837910,120162078306,103766907,STK
1201,478340,KR7478340003,나라스페이스테크놀로지,KOSDAQ,기술성장기업부,10370,2,-30,-0.29,10450,10780,10200,53794,566211175,119982279210,11570133,KSQ
1202,108230,KR7108230004,톱텍,KOSDAQ,우량기업부,3145,1,30,0.96,3115,3235,3115,61667,195895795,119583105525,38023245,KSQ
1203,394420,KR7394420004,리센스메디컬,KOSDAQ,기술성장기업부,10860,1,320,3.04,10540,11080,10220,71604,769434740,119456752860,10999701,KSQ
1204,014280,KR7014280002,금강공업,KOSPI,,4065,1,25,0.62,4090,4130,4050,24030,98415870,119223836205,29329357,STK
1205,473980,KR7473980001,노머스,KOSDAQ,기술성장기업부,10780,2,-20,-0.19,10900,11100,10770,8929,97202830,119219491160,11059322,KSQ
1206,267290,KR7267290005,경동도시가스,KOSPI,,20200,2,-50,-0.25,20150,20500,20150,4640,93839975,119087201200,5895406,STK
1207,083420,KR7083420000,그린케미칼,KOSPI,,4960,1,30,0.61,4950,4990,4840,37812,186668996,119040000000,24000000,STK
1208,089600,KR7089600001,KT나스미디어,KOSDAQ,우량기업부,10290,2,-30,-0.29,10350,10400,10170,8794,90734710,119036397270,11568163,KSQ
1209,017510,KR7017510009,세명전기,KOSDAQ,벤처기업부,7780,1,1360,21.18,6630,8250,6600,1849339,14185492245,118613880000,15246000,KSQ
1210,009070,KR7009070004,KCTC,KOSPI,,3950,1,70,1.8,3920,3990,3880,155954,615719240,118500000000,30000000,STK
1211,149950,KR7149950008,아바텍,KOSDAQ,우량기업부,8660,1,370,4.46,8750,8880,8560,38940,337834225,118362307980,13667703,KSQ
1212,021320,KR7021320007,KCC건설,KOSDAQ,우량기업부,5530,1,80,1.47,5450,5670,5450,21188,118051660,118342000000,21400000,KSQ
1213,009270,KR7009270000,신원,KOSPI,,1031,2,-2,-0.19,1033,1046,1028,135274,140415203,118328275183,114770393,STK
1214,027710,KR7027710003,팜스토리,KOSDAQ,우량기업부,1061,2,-4,-0.38,1065,1078,1061,213113,227256039,118213012600,111416600,KSQ
1215,078000,KR7078000007,텔코웨어,KOSPI,,12740,1,210,1.68,12570,12790,12500,1563,19779040,117718580980,9240077,STK
1216,122450,KR7122450000,KX,KOSDAQ,중견기업부,2625,1,20,0.77,2645,2670,2615,12843,33893410,117652064250,44819834,KSQ
1217,163730,KR7163730005,핑거,KOSDAQ,벤처기업부,9780,2,-40,-0.41,9970,10350,9500,167747,1671252105,117513712260,12015717,KSQ
1218,289080,KR7289080004,SV인베스트먼트,KOSDAQ,중견기업부,1954,1,73,3.88,1890,1969,1885,169279,329440042,117510107282,60138233,KSQ
1219,142210,KR7142210004,유니트론텍,KOSDAQ,우량기업부,5660,1,120,2.17,5630,5720,5590,89650,506326635,117452940980,20751403,KSQ
1220,049520,KR7049520000,유아이엘,KOSDAQ,우량기업부,3800,1,40,1.06,3760,3830,3750,48643,184530547,117201975000,30842625,KSQ
1221,002780,KR7002780005,진흥기업,KOSPI,,805,1,15,1.9,795,815,795,1104763,889696305,117104754725,145471745,STK
1222,106190,KR7106190002,하이텍팜,KOSDAQ,우량기업부,10990,1,140,1.29,10850,11350,10850,12451,138723400,116858571270,10633173,KSQ
1223,077500,KR7077500007,유니퀘스트,KOSPI,,5400,1,280,5.47,5220,5430,5190,65179,348226920,116640550800,21600102,STK
1224,307750,KR7307750000,국전,KOSDAQ,중견기업부,2160,1,5,0.23,2170,2220,2150,66318,144288143,116610382080,53986288,KSQ
1225,059120,KR7059120006,아진엑스텍,KOSDAQ,벤처기업부,6360,1,110,1.76,6310,6480,6190,421821,2679765860,116452019760,18310066,KSQ
1226,037350,KR7037350006,성도이엔지,KOSDAQ,우량기업부,7650,1,350,4.79,7550,7770,7430,121284,926624060,116356500000,15210000,KSQ
1227,001520,KR7001520006,동양,KOSPI,,1086,1,12,1.12,1066,1110,1066,122320,133953188,116334526752,107122032,STK
1228,002620,KR7002620003,제일파마홀딩스,KOSPI,,7280,1,100,1.39,7190,7570,7190,2566,18763000,116286024400,15973355,STK
1229,267320,KR7267320000,나인테크,KOSDAQ,벤처기업부,2025,1,107,5.58,1933,2035,1933,231707,463065396,116265972375,57415295,KSQ
1230,041590,KR7041590001,플래스크,KOSDAQ,관리종목(소속부없음),2370,0,0,0.0,0,0,0,0,0,116064014460,48972158,KSQ
1231,238540,KR7238540009,나노솔루션,KONEX,일반기업부,103800,0,0,0.0,0,0,0,0,0,116011032000,1117640,KNX
1232,051360,KR7051360006,토비스,KOSDAQ,우량기업부,12000,1,380,3.27,11640,12060,11580,27027,320880585,115700016000,9641668,KSQ
1233,357880,KR7357880004,SKAI,KOSDAQ,기술성장기업부,2185,1,65,3.07,2200,2280,2180,634816,1412628852,115674004880,52940048,KSQ
1234,126730,KR7126730001,코칩,KOSDAQ,벤처기업부,13180,1,580,4.6,13350,13750,12980,58867,783114455,115590260680,8770126,KSQ
1235,034590,KR7034590000,인천도시가스,KOSPI,,26400,1,150,0.57,26250,26400,26250,2883,76003625,115493505600,4374754,STK
1236,041440,KR7041440009,현대에버다임,KOSDAQ,우량기업부,6470,1,230,3.69,6340,6540,6310,109916,707608015,115435876640,17841712,KSQ
1237,469610,KR7469610000,이노테크,KOSDAQ,중견기업부,12890,1,320,2.55,12770,13090,12660,27037,347193050,115273981000,8942900,KSQ
1238,259630,KR7259630002,엠플러스,KOSDAQ,우량기업부,9420,1,270,2.95,9440,9570,9310,37796,357469680,115134970320,12222396,KSQ
1239,002460,KR7002460004,HS화성,KOSPI,,11330,2,-70,-0.61,11500,11890,11310,8476,97200825,114999500000,10150000,STK
1240,418420,KR7418420006,라온텍,KOSDAQ,기술성장기업부,3715,1,245,7.06,3700,3890,3570,169039,633842030,114327482970,30774558,KSQ
1241,371950,KR7371950007,풍원정밀,KOSDAQ,기술성장기업부,5040,1,185,3.81,4855,5180,4825,7466,37729664,114219241920,22662548,KSQ
1242,338220,KR7338220007,뷰노,KOSDAQ,기술성장기업부,8130,1,40,0.49,8320,8320,8100,17482,142793270,113834820990,14001823,KSQ
1243,054920,KR7054920004,한컴위드,KOSDAQ,중견기업부,4020,1,60,1.52,3960,4090,3935,204096,819944501,113432665620,28217081,KSQ
1244,227840,KR7227840006,현대코퍼레이션홀딩스,KOSPI,,12450,1,50,0.4,12400,12540,12400,8096,101165995,113305408200,9100836,STK
1245,067290,KR7067290007,JW신약,KOSDAQ,중견기업부,2020,1,81,4.18,1940,2095,1920,9928124,20070791018,113194948060,56037103,KSQ
1246,053080,KR7053080008,케이엔솔,KOSDAQ,중견기업부,8660,1,250,2.97,8550,8790,8510,67343,583757335,112578328620,12999807,KSQ
1247,101170,KR7101170009,우림피티에스,KOSDAQ,벤처기업부,8330,1,280,3.48,8110,8530,8110,67124,559262845,112455000000,13500000,KSQ
1248,217270,KR7217270008,넵튠,KOSDAQ,중견기업부,2405,2,-35,-1.43,2400,2490,2395,27971,67934275,112399221415,46735643,KSQ
1249,047310,KR7047310008,파워로직스,KOSDAQ,우량기업부,3070,1,70,2.33,3040,3125,3030,118279,363873110,112395017850,36610755,KSQ
1250,010100,KR7010100006,한국무브넥스,KOSPI,,3690,1,30,0.82,3660,3755,3660,60910,225823484,112362049800,30450420,STK
1251,282880,KR7282880004,코윈테크,KOSDAQ,우량기업부,9580,1,230,2.46,9610,9800,9470,28438,272882060,112029305560,11694082,KSQ
1252,220260,KR7220260004,켐트로스,KOSDAQ,벤처기업부,3490,1,100,2.95,3430,3650,3430,97864,342824680,111931471950,32072055,KSQ
1253,053700,KR7053700001,삼보모터스,KOSDAQ,우량기업부,4170,1,75,1.83,4110,4240,4105,111416,466414144,111404706690,26715757,KSQ
1254,021080,KR7021080007,에이티넘인베스트,KOSDAQ,우량기업부,2320,1,40,1.75,2300,2370,2300,351106,820066855,111360000000,48000000,KSQ
1255,452450,KR7452450000,피아이이,KOSDAQ,벤처기업부,3090,1,70,2.32,3020,3280,2980,51841,161311240,111328065000,36028500,KSQ
1256,067990,KR7067990002,도이치모터스,KOSDAQ,우량기업부,3815,2,-5,-0.13,3845,3890,3810,68216,261855920,111327613250,29181550,KSQ
1257,038540,KR7038540001,상상인,KOSDAQ,중견기업부,2010,2,-25,-1.23,2045,2045,1991,21281,42665116,111209909130,55328313,KSQ
1258,453450,KR7453450009,그리드위즈,KOSDAQ,중견기업부,14000,1,790,5.98,13300,14140,13300,52316,724321240,111198500000,7942750,KSQ
1259,056090,KR7056090004,시지메드텍,KOSDAQ,벤처기업부,1076,1,68,6.75,1010,1092,1010,387757,409855549,111106722736,103259036,KSQ
1260,012200,KR7012200002,계양전기,KOSPI,,4075,1,300,7.95,3910,4155,3885,352290,1414452655,110933028175,27222829,STK
1261,006620,KR7006620009,동구바이오제약,KOSDAQ,우량기업부,3895,2,-55,-1.39,3950,4000,3800,41409,162925869,110871143840,28464992,KSQ
1262,016710,KR7016710006,대성홀딩스,KOSPI,,6890,3,0,0.0,6890,6950,6880,14618,100861700,110856372510,16089459,STK
1263,105330,KR7105330005,케이엔더블유,KOSDAQ,중견기업부,6900,1,510,7.98,6470,6960,6340,25311,166835535,110534688000,16019520,KSQ
1264,017550,KR7017550005,수산세보틱스,KOSPI,,1770,1,92,5.48,1720,1780,1710,302174,532163522,110446460100,62399130,STK
1265,073010,KR7073010001,케이에스피,KOSDAQ,우량기업부,2745,1,105,3.98,2640,2780,2615,124044,336085125,110324981250,40191250,KSQ
1266,018120,KR7018120006,진로발효,KOSDAQ,우량기업부,16660,1,110,0.66,16780,16780,16610,746,12462510,110307859200,6621120,KSQ
1267,014580,KR7014580005,태경비케이,KOSPI,,3995,1,35,0.88,3970,4040,3970,18327,73541768,110194484500,27583100,STK
1268,014530,KR7014530000,극동유화,KOSPI,,3160,1,20,0.64,3150,3175,3145,43921,138678857,110187367200,34869420,STK
1269,148150,KR7148150006,세경하이테크,KOSDAQ,우량기업부,3100,1,25,0.81,3110,3145,3070,61567,191625280,110182735800,35542818,KSQ
1270,042600,KR7042600007,새로닉스,KOSDAQ,중견기업부,8860,1,70,0.8,8810,9170,8810,3198,28665340,110072865640,12423574,KSQ
1271,058820,KR7058820002,CMG제약,KOSDAQ,중견기업부,743,2,-3,-0.4,750,768,740,376238,283581911,110055802108,148123556,KSQ
1272,013570,KR7013570007,디와이,KOSPI,,4175,2,-20,-0.48,4235,4235,4155,50266,210997410,109884467775,26319633,STK
1273,051980,KR7051980001,중앙첨단소재,KOSDAQ,중견기업부,988,1,30,3.13,981,1035,981,655760,660700496,109758608492,111091709,KSQ
1274,035080,KR7035080001,그래디언트,KOSDAQ,중견기업부,9580,2,-10,-0.1,9530,9780,9380,30773,293162650,109511700720,11431284,KSQ
1275,011810,KR7011810009,STX,KOSPI,,3530,0,0,0.0,0,0,0,0,0,109493282310,31017927,STK
1276,009780,KR7009780008,엠에스씨,KOSDAQ,우량기업부,6220,2,-60,-0.96,6280,6330,6220,12654,79259500,109472000000,17600000,KSQ
1277,331920,KR7331920009,셀레믹스,KOSDAQ,기술성장기업부,9770,1,320,3.39,9450,9940,9260,13885,135105060,109243792350,11181555,KSQ
1278,052260,KR7052260007,현대바이오랜드,KOSDAQ,우량기업부,3640,1,35,0.97,3605,3650,3565,21103,76555790,109200000000,30000000,KSQ
1279,166480,KR7166480004,코아스템켐온,KOSDAQ,벤처기업부,2065,1,74,3.72,2070,2110,1962,108264,222266640,109177326440,52870376,KSQ
1280,054050,KR7054050000,NH농우바이오,KOSDAQ,우량기업부,6810,1,40,0.59,6790,6910,6780,11551,79093190,109168120410,16030561,KSQ
1281,032940,KR7032940009,원익,KOSDAQ,우량기업부,6000,1,160,2.74,6000,6100,5870,131890,792180880,109159380000,18193230,KSQ
1282,396300,KR7396300006,세아메카닉스,KOSDAQ,우량기업부,4115,2,-5,-0.12,4145,4240,4095,790482,3292394838,109004292500,26489500,KSQ
1283,417500,KR7417500006,제이아이테크,KOSDAQ,우량기업부,3320,1,110,3.43,3305,3370,3245,91023,300806195,108845350080,32784744,KSQ
1284,092220,KR7092220003,KEC,KOSPI,,2710,1,125,4.84,2690,2760,2620,316922,857660626,108813621880,40152628,STK
1285,039560,KR7039560008,다산네트웍스,KOSDAQ,중견기업부,2530,1,125,5.2,2525,2585,2485,169451,429744692,108507824040,42888468,KSQ
1286,012320,KR7012320008,경동인베스트,KOSPI,,45850,1,600,1.33,46100,46650,45750,3135,144723050,108436304550,2365023,STK
1287,063570,KR7063570006,NICE인프라,KOSDAQ,우량기업부,3170,2,-10,-0.31,3190,3195,3155,12148,38616333,108248297760,34147728,KSQ
1288,308080,KR7308080001,바이젠셀,KOSDAQ,기술성장기업부,5280,1,140,2.72,5240,5440,5100,72393,383843995,108236092800,20499260,KSQ
1289,474170,KR7474170008,루미르,KOSDAQ,기술성장기업부,6060,1,50,0.83,6130,6450,5950,60119,366574425,107975237760,17817696,KSQ
1290,067900,KR7067900001,와이엔텍,KOSDAQ,우량기업부,5930,1,30,0.51,5880,6000,5870,25607,151519590,107923977870,18199659,KSQ
1291,158430,KR7158430009,아톤,KOSDAQ,벤처기업부,4400,1,100,2.33,4395,4500,4350,137912,608706422,107721204800,24482092,KSQ
1292,109740,KR7109740001,디에스케이,KOSDAQ,벤처기업부,4185,2,-15,-0.36,4300,4385,4175,10200,43620510,107597982150,25710390,KSQ
1293,265740,KR7265740001,엔에프씨,KOSDAQ,벤처기업부,6010,1,30,0.5,5930,6160,5880,63747,384649880,107360236000,17863600,KSQ
1294,083500,KR7083500009,에프엔에스테크,KOSDAQ,우량기업부,12910,1,470,3.78,12560,13150,12490,31468,407899750,107235327070,8306377,KSQ
1295,019180,KR7019180009,티에이치엔,KOSPI,,5950,1,150,2.59,5910,6060,5850,81068,482379565,107100000000,18000000,STK
1296,012800,KR7012800009,대창,KOSPI,,1175,1,58,5.19,1119,1185,1119,648587,757243702,107090086325,91140499,STK
1297,120030,KR7120030002,조선선재,KOSPI,,84900,1,600,0.71,84700,85200,84000,1034,87382100,106774569900,1257651,STK
1298,362320,KR7362320004,청담글로벌,KOSDAQ,중견기업부,5020,2,-20,-0.4,5040,5130,4980,28659,144408795,106179475800,21151290,KSQ
1299,035000,KR7035000009,HS애드,KOSPI,,6540,2,-20,-0.3,6590,6590,6500,46679,305058440,105997991760,16207644,STK
1300,021820,KR7021820006,세원정공,KOSPI,,10560,1,10,0.09,10480,10750,10480,8215,86996840,105600000000,10000000,STK
1301,039340,KR7039340005,한국경제TV,KOSDAQ,우량기업부,4800,2,-35,-0.72,4835,4835,4790,599,2875060,105600000000,22000000,KSQ
1302,299030,KR7299030007,하나기술,KOSDAQ,벤처기업부,13200,1,460,3.61,12910,13330,12910,29513,389599760,105532812000,7994910,KSQ
1303,115310,KR7115310005,인포바인,KOSDAQ,벤처기업부,7110,2,-70,-0.97,7200,7300,7050,3041,21706240,105452313390,14831549,KSQ
1304,115500,KR7115500001,케이씨에스,KOSDAQ,중견기업부,8740,1,490,5.94,8500,8950,8380,109203,955363625,104880000000,12000000,KSQ
1305,248170,KR7248170003,샘표식품,KOSPI,,22950,2,-150,-0.65,23100,23250,22850,5209,120111575,104842163700,4568286,STK
1306,192410,KR7192410009,오늘이엔엠,KOSDAQ,중견기업부,4155,2,-35,-0.84,4400,4400,4115,99583,420547015,104647451895,25185909,KSQ
1307,120240,KR7120240007,대정화금,KOSDAQ,우량기업부,14540,1,170,1.18,14530,14660,14460,11265,164031570,104548285140,7190391,KSQ
1308,228850,KR7228850004,레이언스,KOSDAQ,우량기업부,6300,1,10,0.16,6250,6500,6250,8361,52956100,104523388200,16591014,KSQ
1309,070960,KR7070960000,모나용평,KOSPI,,2170,1,35,1.64,2200,2310,2145,20986,46541332,104449332610,48133333,STK
1310,141000,KR7141000000,비아트론,KOSDAQ,벤처기업부,8620,1,320,3.86,8270,8690,8270,20586,175850730,104428800200,12114710,KSQ
1311,009580,KR7009580002,무림P&P,KOSPI,,1670,1,1,0.06,1675,1703,1667,39412,66253568,104155101080,62368324,STK
1312,267850,KR7267850006,아시아나IDT,KOSPI,,9370,1,20,0.21,9420,9460,9350,4421,41506800,104007000000,11100000,STK
1313,059210,KR7059210005,메타바이오메드,KOSDAQ,우량기업부,3825,2,-10,-0.26,3835,3900,3810,46556,178875975,103930777125,27171445,KSQ
1314,131030,KR7131030009,옵투스제약,KOSDAQ,우량기업부,5870,1,80,1.38,5800,5940,5790,28575,168235040,103585483300,17646590,KSQ
1315,226400,KR7226400000,오스테오닉,KOSDAQ,기술성장기업부,5010,2,-40,-0.79,5170,5240,4995,98915,504578810,103514621010,20661601,KSQ
1316,297090,KR7297090003,씨에스베어링,KOSDAQ,투자주의환기종목(소속부없음),3795,1,105,2.85,3830,3860,3725,60501,230786738,103489650000,27270000,KSQ
1317,078935,KR7078931003,GS우,KOSPI,,58000,2,-400,-0.68,58400,59100,57800,3815,222265200,103221208000,1779676,STK
1318,309960,KR7309960003,LB인베스트먼트,KOSDAQ,중견기업부,4440,1,20,0.45,4440,4570,4405,21579,96713885,103084541160,23217239,KSQ
1319,066590,KR7066590001,스모트로닉,KOSDAQ,중견기업부,2665,1,170,6.81,2545,2720,2505,359959,947257619,103076702105,38677937,KSQ
1320,013310,KR7013310008,아진산업,KOSDAQ,우량기업부,2655,1,40,1.53,2675,2730,2650,122769,331179502,103031475210,38806582,KSQ
1321,073560,KR7073560005,우리손에프앤지,KOSDAQ,우량기업부,1488,2,-2,-0.13,1489,1499,1479,66539,98974064,103025612784,69237643,KSQ
1322,004250,KR7004250007,NPC,KOSPI,,2805,1,45,1.63,2815,2825,2775,13322,37530380,102999600000,36720000,STK
1323,047770,KR7047770003,코데즈컴바인,KOSDAQ,중견기업부,2720,1,155,6.04,2615,2730,2600,298920,802872777,102931877440,37842602,KSQ
1324,307930,KR7307930008,컴퍼니케이,KOSDAQ,중견기업부,6590,1,230,3.62,6310,6590,6310,79629,517869810,102869900000,15610000,KSQ
1325,036630,KR7036630002,세종텔레콤,KOSDAQ,우량기업부,7340,1,290,4.11,7050,7400,7050,5694,41554475,102760000000,14000000,KSQ
1326,380550,KR7380550004,뉴로핏,KOSDAQ,기술성장기업부,8400,1,310,3.83,8270,8470,8030,47506,392646445,102470474400,12198866,KSQ
1327,317770,KR7317770006,엑스페릭스,KOSDAQ,벤처기업부,2790,1,15,0.54,2725,2845,2610,412953,1129665723,102237161760,36644144,KSQ
1328,290720,KR7290720002,푸드나무,KOSDAQ,중견기업부,2880,2,-180,-5.88,3060,3060,2800,36198,104094890,102124082880,35459751,KSQ
1329,474610,KR7474610003,RF시스템즈,KOSDAQ,벤처기업부,7080,1,450,6.79,7080,7400,6900,152169,1094854950,102059757600,14415220,KSQ
1330,123040,KR7123040008,엠에스오토텍,KOSDAQ,중견기업부,1628,1,38,2.39,1597,1660,1597,123664,202158374,101958870772,62628299,KSQ
1331,027970,KR7027970003,한국제지,KOSPI,,536,0,0,0.0,0,0,0,0,0,101920785920,190150720,STK
1332,100700,KR7100700004,세운메디칼,KOSDAQ,우량기업부,2320,2,-20,-0.85,2315,2345,2315,24859,57868525,101616000000,43800000,KSQ
1333,189330,KR7189330004,씨이랩,KOSDAQ,기술성장기업부,10830,2,-190,-1.72,11100,11390,10530,565877,6188336275,101610135720,9382284,KSQ
1334,044340,KR7044340008,위닉스,KOSDAQ,중견기업부,5680,2,-160,-2.74,5750,5900,5540,1470951,8421737250,101521054000,17873425,KSQ
1335,071280,KR7071280002,로체시스템즈,KOSDAQ,우량기업부,6630,1,190,2.95,6520,6780,6520,129323,850465085,101416477890,15296603,KSQ
1336,002450,KR7002450005,삼익악기,KOSPI,,1120,3,0,0.0,1129,1139,1114,151410,170221638,101394624800,90530915,STK
1337,047560,KR7047560008,이스트소프트,KOSDAQ,중견기업부,8610,2,-110,-1.26,8900,9010,8550,55908,489492435,101194036020,11753082,KSQ
1338,119650,KR7119650000,KC코트렐,KOSPI,,918,0,0,0.0,0,0,0,0,0,100782913662,109785309,STK
1339,264900,KR7264900002,크라운제과,KOSPI,,8030,2,-50,-0.62,8100,8130,8030,644,5214015,100566515500,12523850,STK
1340,172670,KR7172670002,에이엘티,KOSDAQ,벤처기업부,11200,1,1490,15.35,9770,11270,9770,67468,713996765,100354900800,8960259,KSQ
1341,023450,KR7023450000,동남합성,KOSPI,,28550,2,-200,-0.7,28750,29300,28550,976,28131850,99925000000,3500000,STK
1342,008040,KR7008040008,사조동아원,KOSPI,,707,2,-4,-0.56,730,730,705,158092,112488447,99789232200,141144600,STK
1343,123690,KR7123690000,한국화장품,KOSPI,,6200,1,110,1.81,6150,6250,6080,55007,339519530,99621600000,16068000,STK
1344,002220,KR7002220002,한일철강,KOSPI,,3730,1,185,5.22,3645,3995,3620,318240,1206060652,99581525800,26697460,STK
1345,246720,KR7246720007,아스타,KOSDAQ,관리종목(소속부없음),6070,0,0,0.0,0,0,0,0,0,99434491000,16381300,KSQ
1346,042500,KR7042500009,링네트,KOSDAQ,우량기업부,4435,1,155,3.62,4360,4480,4280,164204,723836060,98861223640,22291144,KSQ
1347,323990,KR7323990002,박셀바이오,KOSDAQ,기술성장기업부,4250,3,0,0.0,4250,4330,4200,49755,211987815,98843716250,23257345,KSQ
1348,040300,KR7040300006,YTN,KOSDAQ,중견기업부,2070,1,5,0.24,2050,2105,2050,24196,50085935,98691348600,47676980,KSQ
1349,475580,KR7475580007,에이럭스,KOSDAQ,벤처기업부,7240,1,260,3.72,7100,7320,7000,36067,258872605,98644276000,13624900,KSQ
1350,417010,KR7417010006,나노팀,KOSDAQ,벤처기업부,4880,1,300,6.55,4680,4960,4620,101813,489442829,98442912640,20172728,KSQ
1351,366030,KR7366030005,나인앤컴퍼니,KOSDAQ,중견기업부,4345,1,70,1.64,4300,4435,4280,73509,320298831,98430978250,22653850,KSQ
1352,205100,KR7205100001,엑셈,KOSDAQ,벤처기업부,1389,3,0,0.0,1397,1431,1383,228429,318727571,98183441547,70686423,KSQ
1353,088130,KR7088130000,동아엘텍,KOSDAQ,우량기업부,5610,1,320,6.05,5410,5640,5400,80659,448119405,98092611540,17485314,KSQ
1354,036220,KR7036220002,오상헬스케어,KOSDAQ,우량기업부,6840,1,280,4.27,6560,6910,6400,21777,146373650,97876405440,14309416,KSQ
1355,066790,KR7066790007,씨씨에스,KOSDAQ,관리종목(소속부없음),2205,0,0,0.0,0,0,0,0,0,97355245995,44152039,KSQ
1356,352090,KR7352090005,스톰테크,KOSDAQ,우량기업부,3620,1,35,0.98,3585,3630,3565,21210,76418035,97280252760,26872998,KSQ
1357,289930,KR7289930000,웨이비스,KOSDAQ,기술성장기업부,7390,1,370,5.27,7190,7430,7120,76660,559446560,97171183900,13149010,KSQ
1358,37550L,KR737550K029,DL이앤씨2우(전환),KOSPI,,46000,1,2100,4.78,44250,46000,44250,4006,182004650,97149746000,2111951,STK
1359,336680,KR7336680004,탑런토탈솔루션,KOSDAQ,중견기업부,2480,1,30,1.22,2410,2490,2410,2688,6622025,97080983840,39145558,KSQ
1360,282720,KR7282720002,금양그린파워,KOSDAQ,중견기업부,8000,1,300,3.9,7700,8160,7690,35298,280557270,96956000000,12119500,KSQ
1361,002230,KR7002230001,피에스텍,KOSDAQ,우량기업부,5260,1,70,1.35,5230,5340,5200,55653,293312320,96894828200,18421070,KSQ
1362,209640,KR7209640002,와이제이링크,KOSDAQ,중견기업부,3400,1,150,4.62,3340,3465,3280,119133,404128970,96706696400,28443146,KSQ
1363,007210,KR7007210008,벽산,KOSPI,,1479,1,29,2.0,1455,1492,1455,146559,215678324,96667440000,65360000,STK
1364,006840,KR7006840003,AK홀딩스,KOSPI,,7290,2,-60,-0.82,7380,7480,7200,8528,62567725,96574719690,13247561,STK
1365,068240,KR7068240001,다원시스,KOSDAQ,관리종목(소속부없음),2530,0,0,0.0,0,0,0,0,0,96553495610,38163437,KSQ
1366,091440,KR7091440008,한울소재과학,KOSDAQ,투자주의환기종목(소속부없음),2820,1,20,0.71,2950,3070,2790,334843,967899693,96464160180,34207149,KSQ
1367,125210,KR7125210005,아모그린텍,KOSDAQ,우량기업부,5840,1,190,3.36,5680,5920,5680,38048,222212390,96341253600,16496790,KSQ
1368,016740,KR7016740003,두올,KOSPI,,3355,1,75,2.29,3285,3370,3285,30199,100460870,96201350520,28674024,STK
1369,037030,KR7037030004,파워넷,KOSDAQ,우량기업부,3770,1,240,6.8,3745,3870,3625,346131,1304349212,96183979840,25512992,KSQ
1370,0017J0,KR70017J0004,세미티에스,KOSDAQ,벤처기업부,3190,1,230,7.77,3140,3380,3045,865965,2799131476,96135827370,30136623,KSQ
1371,008700,KR7008700007,아남전자,KOSPI,,1238,2,-19,-1.51,1280,1284,1225,392408,491955296,95480527160,77124820,STK
1372,298540,KR7298540006,더네이쳐홀딩스,KOSDAQ,우량기업부,6570,2,-10,-0.15,6600,6600,6530,3314,21800470,95175556020,14486386,KSQ
1373,086710,KR7086710001,선진뷰티사이언스,KOSDAQ,우량기업부,7720,1,60,0.78,7650,7780,7630,11420,87846240,94209321600,12203280,KSQ
1374,129920,KR7129920005,대성하이텍,KOSDAQ,벤처기업부,5790,1,110,1.94,5730,6300,5350,304434,1770239170,94079949840,16248696,KSQ
1375,067830,KR7067830000,세이브존I&C,KOSPI,,2285,2,-10,-0.44,2295,2320,2270,86066,197060202,93778445075,41040895,STK
1376,014790,KR7014790000,HL D&I,KOSPI,,2475,1,20,0.81,2455,2545,2450,51893,130007145,93700037475,37858601,STK
1377,217820,KR7217820000,원익피앤이,KOSDAQ,중견기업부,1974,1,72,3.79,2050,2050,1928,254780,503810230,93675299466,47454559,KSQ
1378,463020,KR7463020008,뉴엔AI,KOSDAQ,기술성장기업부,10420,1,1360,15.01,9360,11300,9200,2496918,26247569380,93646624000,8987200,KSQ
1379,049080,KR7049080005,기가레인,KOSDAQ,벤처기업부,11030,1,2010,22.28,9790,11630,9450,2807792,29955530775,93626324020,8488334,KSQ
1380,419050,KR7419050000,삼기에너지솔루션즈,KOSDAQ,중견기업부,1636,1,187,12.91,1550,1736,1550,17001846,28234468018,93573048640,57196240,KSQ
1381,005860,KR7005860002,한일사료,KOSDAQ,우량기업부,2365,1,65,2.83,2330,2405,2320,467240,1104300072,93189715025,39403685,KSQ
1382,036580,KR7036580009,팜스코,KOSPI,,2535,1,40,1.6,2500,2540,2495,13141,33062015,93105335505,36727943,STK
1383,153890,KR7153890009,져스텍,KOSDAQ,기술성장기업부,7720,1,900,13.2,7060,7750,7010,449362,3294104550,93028354600,12050305,KSQ
1384,063170,KR7063170005,서울옥션,KOSDAQ,중견기업부,5230,1,80,1.55,5100,5300,5100,17376,90730875,92959416410,17774267,KSQ
1385,058850,KR7058850009,KTcs,KOSPI,,2240,1,25,1.13,2225,2240,2225,74852,167115664,92745968000,41404450,STK
1386,396470,KR7396470007,워트,KOSDAQ,중견기업부,5750,1,270,4.93,5700,5760,5600,46210,262663520,92690000000,16120000,KSQ
1387,006660,KR7006660005,삼성공조,KOSPI,,11350,1,180,1.61,11360,11560,11210,180376,2057824450,92233663900,8126314,STK
1388,023900,KR7023900004,풍국주정,KOSDAQ,우량기업부,7320,1,130,1.81,7190,7330,7170,7244,52434070,92232000000,12600000,KSQ
1389,322180,KR7322180001,LS티라유텍,KOSDAQ,벤처기업부,4280,1,115,2.76,4170,4485,4170,98977,425925200,92003333680,21496106,KSQ
1390,330350,KR7330350000,위더스제약,KOSDAQ,우량기업부,6970,1,140,2.05,7000,7110,6870,65240,456216015,92001769600,13199680,KSQ
1391,008260,KR7008260002,NI스틸,KOSPI,,3210,1,15,0.47,3195,3250,3195,69433,223983927,91806375570,28600117,STK
1392,042510,KR7042510008,라온시큐어,KOSDAQ,벤처기업부,8230,1,130,1.6,8160,8420,7900,61726,511335980,91400964440,11105828,KSQ
1393,099750,KR7099750002,이지케어텍,KOSDAQ,벤처기업부,6680,2,-30,-0.45,6840,6840,6580,6295,42160710,91243275640,13659173,KSQ
1394,044990,KR7044990000,에이치엔에스하이텍,KOSDAQ,기술성장기업부,11865,1,65,0.55,12010,12050,11800,7630,90906650,91187567625,7685425,KSQ
1395,302550,KR7302550009,리메드,KOSDAQ,기술성장기업부,2950,1,120,4.24,2880,2990,2835,147305,429230445,91176092500,30907150,KSQ
1396,250060,KR7250060001,모비스,KOSDAQ,기술성장기업부,2830,1,120,4.43,2760,2850,2710,128354,360244415,91044818620,32171314,KSQ
1397,109610,KR7109610006,에스와이,KOSDAQ,중견기업부,1860,1,46,2.54,1850,1875,1833,146301,272094311,90967764000,48907400,KSQ
1398,032560,KR7032560005,황금에스티,KOSPI,,5350,1,30,0.56,5320,5380,5320,6495,34755495,90950000000,17000000,STK
1399,078140,KR7078140001,대봉엘에스,KOSDAQ,우량기업부,8190,1,140,1.74,8180,8270,8130,9560,78228510,90799082010,11086579,KSQ
1400,093920,KR7093920007,서원인텍,KOSDAQ,우량기업부,4880,1,25,0.51,4890,4895,4860,6183,30185840,90768000000,18600000,KSQ
1401,013700,KR7013700000,까뮤이앤씨,KOSPI,,1519,1,38,2.57,1482,1533,1472,217250,329115498,90761510770,59750830,STK
1402,040420,KR7040420002,정상제이엘에스,KOSDAQ,우량기업부,5780,1,10,0.17,5750,5800,5750,15958,92046730,90616250560,15677552,KSQ
1403,001275,KR7001271006,부국증권우,KOSPI,,30200,1,200,0.67,30100,30350,30000,1969,59162100,90600000000,3000000,STK
1404,014440,KR7014440002,영보화학,KOSPI,,4525,1,10,0.22,4515,4550,4505,8300,37603375,90500000000,20000000,STK
1405,487580,KR7487580003,폴레드,KOSDAQ,벤처기업부,3590,1,225,6.69,3450,3640,3375,253160,897220152,90406470990,25182861,KSQ
1406,052420,KR7052420007,오성첨단소재,KOSDAQ,우량기업부,9280,1,80,0.87,9200,9430,9200,17300,161371115,90405843520,9742009,KSQ
1407,235980,KR7235980000,메드팩토,KOSDAQ,기술성장기업부,2625,1,5,0.19,2620,2675,2555,106951,280365248,89972192625,34275121,KSQ
1408,074430,KR7074430000,아미노로직스,KOSDAQ,중견기업부,1020,2,-7,-0.68,1037,1039,1015,39993,41077855,89903128440,88140322,KSQ
1409,033560,KR7033560004,블루콤,KOSDAQ,중견기업부,5250,1,20,0.38,5100,5280,5060,44411,228840490,89775000000,17100000,KSQ
1410,452190,KR7452190002,한빛레이저,KOSDAQ,벤처기업부,3750,1,250,7.14,3650,3800,3530,157572,585220101,89702088750,23920557,KSQ
1411,033290,KR7033290008,로젠,KOSDAQ,우량기업부,1596,1,46,2.97,1553,1600,1553,15030,23890978,89625456396,56156301,KSQ
1412,104460,KR7104460001,디와이피엔에프,KOSDAQ,우량기업부,8520,1,130,1.55,8500,8610,8440,4273,36471420,89614220520,10518101,KSQ
1413,330730,KR7330730003,스톤브릿지벤처스,KOSDAQ,벤처기업부,4900,1,150,3.16,4710,4900,4710,50945,245998295,89267367000,18217830,KSQ
1414,015590,KR7015590003,DKME,KOSPI,,1671,2,-17,-1.01,1705,1707,1666,20182,33899595,89225230668,53396308,STK
1415,357230,KR7357230002,에이치피오,KOSDAQ,우량기업부,2160,1,35,1.65,2110,2190,2110,23111,49900125,89193908160,41293476,KSQ
1416,004100,KR7004100004,태양금속,KOSPI,,2430,1,40,1.67,2440,2475,2410,195871,478492229,89181000000,36700000,STK
1417,025950,KR7025950007,동신건설,KOSDAQ,우량기업부,10610,1,300,2.91,10500,11400,10430,86144,933757445,89124000000,8400000,KSQ
1418,053260,KR7053260006,금강철강,KOSDAQ,우량기업부,4760,1,10,0.21,4850,4850,4700,7853,37629520,89107200000,18720000,KSQ
1419,054540,KR7054540000,삼영엠텍,KOSDAQ,우량기업부,6840,1,440,6.88,6550,6910,6530,170262,1150423420,88920000000,13000000,KSQ
1420,079650,KR7079650008,서산,KOSDAQ,중견기업부,4445,1,145,3.37,4435,4750,4380,2287675,10412829640,88900000000,20000000,KSQ
1421,182360,KR7182360008,큐브엔터,KOSDAQ,우량기업부,5710,1,50,0.88,5830,5880,5670,10674,61395100,88789637790,15549849,KSQ
1422,311320,KR7311320006,지오엘리먼트,KOSDAQ,기술성장기업부,7030,1,250,3.69,6880,7180,6860,44124,311371355,88680356800,12614560,KSQ
1423,494120,KR7494120009,큐리오시스,KOSDAQ,기술성장기업부,11620,1,590,5.35,11220,11860,10700,48881,555360350,88659228840,7629882,KSQ
1424,019540,KR7019540004,일지테크,KOSDAQ,우량기업부,6560,1,210,3.31,6410,6630,6400,45236,296064330,88648560000,13513500,KSQ
1425,418470,KR7418470001,KT밀리의서재,KOSDAQ,우량기업부,10330,1,50,0.49,10280,10500,10240,20567,212522470,88484600370,8565789,KSQ
1426,004140,KR7004140000,동방,KOSPI,,1843,1,26,1.43,1825,1853,1825,141650,261170369,88411964738,47971766,STK
1427,255440,KR7255440000,야스,KOSDAQ,벤처기업부,6770,1,750,12.46,6060,6990,5970,659198,4285259030,88402660000,13058000,KSQ
1428,023000,KR7023000003,삼원강재,KOSPI,,2220,2,-5,-0.22,2225,2245,2210,14147,31447475,88222702320,39739956,STK
1429,049950,KR7049950009,미래컴퍼니,KOSDAQ,중견기업부,10000,1,40,0.4,10160,10360,9960,11701,118333495,88178840000,8817884,KSQ
1430,007610,KR7007610009,선도전기,KOSPI,,4895,1,890,22.22,4300,4960,4115,1795439,8369929643,88110000000,18000000,STK
1431,066430,KR7066430000,아이로보틱스,KOSDAQ,중견기업부,2250,1,60,2.74,2235,2290,2135,1022428,2281053750,88095321000,39153476,KSQ
1432,348350,KR7348350000,위드텍,KOSDAQ,벤처기업부,8820,1,140,1.61,8680,8960,8680,10857,95693090,88011252000,9978600,KSQ
1433,053580,KR7053580007,웹케시,KOSDAQ,우량기업부,6790,1,60,0.89,6690,6900,6690,25832,176694700,87960620440,12954436,KSQ
1434,058860,KR7058860008,KTis,KOSPI,,2520,3,0,0.0,2545,2545,2510,38217,96711643,87701040000,34802000,STK
1435,065450,KR7065450009,빅텍,KOSDAQ,벤처기업부,2970,1,15,0.51,2955,3030,2930,191321,573672558,87602534910,29495803,KSQ
1436,0218L0,KR70218L0007,네오뷰,KOSDAQ,중견기업부,16580,1,1140,7.38,15500,16690,15500,97384,1584912150,87478981500,5276175,KSQ
1437,263800,KR7263800005,데이타솔루션,KOSDAQ,중견기업부,5380,1,290,5.7,5190,5550,5180,1025764,5529698555,87292544400,16225380,KSQ
1438,139990,KR7139990006,아주스틸,KOSPI,,2245,1,20,0.9,2260,2260,2205,32907,73438112,87005904430,38755414,STK
1439,389030,KR7389030008,지니너스,KOSDAQ,기술성장기업부,2195,1,25,1.15,2200,2210,2135,101891,221795550,86466034845,39392271,KSQ
1440,337930,KR7337930002,젝시믹스,KOSDAQ,우량기업부,2910,1,35,1.22,2855,2950,2855,32425,94747123,86358542250,29676475,KSQ
1441,096240,KR7096240007,크레버스,KOSDAQ,우량기업부,8430,2,-90,-1.06,8540,8560,8400,7011,59278570,86307857400,10238180,KSQ
1442,187790,KR7187790001,나노,KOSDAQ,벤처기업부,2790,2,-15,-0.53,2945,2975,2780,180609,519990360,86045915700,30840830,KSQ
1443,228670,KR7228670006,레이,KOSDAQ,벤처기업부,5500,2,-170,-3.0,5700,5780,5410,64949,360762525,86020115500,15640021,KSQ
1444,263720,KR7263720005,디앤씨미디어,KOSDAQ,우량기업부,6930,2,-70,-1.0,7050,7050,6870,9532,66204990,86019255630,12412591,KSQ
1445,365660,KR7365660000,레몬헬스케어,KOSDAQ,기술성장기업부,6390,1,480,8.12,6140,6720,5880,6198245,39124802745,85981022010,13455559,KSQ
1446,086960,KR7086960002,MDS테크,KOSDAQ,우량기업부,2015,1,53,2.7,1968,2045,1968,162490,326971346,85695270050,42528670,KSQ
1447,032300,KR7032300006,한국파마,KOSDAQ,중견기업부,7850,1,60,0.77,7790,7900,7720,10932,85361630,85617602850,10906701,KSQ
1448,130580,KR7130580004,나이스디앤비,KOSDAQ,우량기업부,5550,1,20,0.36,5530,5550,5440,4421,24357930,85470000000,15400000,KSQ
1449,215100,KR7215100009,로보로보,KOSDAQ,벤처기업부,4200,1,155,3.83,4080,4295,4080,210512,883799593,85463506800,20348454,KSQ
1450,052900,KR7052900008,KX하이텍,KOSDAQ,우량기업부,1113,1,60,5.7,1088,1133,1068,618888,684745028,85331584170,76668090,KSQ
1451,004650,KR7004650008,창해에탄올,KOSDAQ,우량기업부,9270,2,-20,-0.22,9230,9380,9230,17001,158366290,85199503950,9190885,KSQ
1452,004840,KR7004840005,DRB동일,KOSPI,,4415,1,30,0.68,4340,4550,4320,21758,97451065,85087487060,19272364,STK
1453,149980,KR7149980005,하이로닉,KOSDAQ,중견기업부,4945,2,-25,-0.5,5020,5160,4940,16575,84099400,85049282470,17199046,KSQ
1454,100130,KR7100130004,동국S&C,KOSDAQ,중견기업부,1485,1,20,1.37,1465,1506,1458,67897,100868739,84857355000,57143000,KSQ
1455,072020,KR7072020001,중앙백신,KOSDAQ,벤처기업부,9160,2,-70,-0.76,9240,9370,9130,8196,75740780,84792113960,9256781,KSQ
1456,005740,KR7005740006,크라운해태홀딩스,KOSPI,,5710,1,60,1.06,5700,5800,5590,8695,49600150,84778351370,14847347,STK
1457,017650,KR7017650003,대림제지,KOSDAQ,우량기업부,9630,1,90,0.94,9580,9700,9480,26421,254042920,84599550000,8785000,KSQ
1458,025620,KR7025620006,차AI헬스케어,KOSPI,,4630,2,-55,-1.17,4680,4875,4630,8666,40885981,84284394990,18203973,STK
1459,049180,KR7049180003,셀루메드,KOSDAQ,투자주의환기종목(소속부없음),1009,0,0,0.0,0,0,0,0,0,83975227728,83226192,KSQ
1460,183490,KR7183490002,엔지켐생명과학,KOSDAQ,관리종목(소속부없음),990,0,0,0.0,0,0,0,0,0,83793832650,84640235,KSQ
1461,363280,KR7363280009,티와이홀딩스,KOSPI,,1841,1,37,2.05,1800,1848,1800,34289,62842090,83760590053,45497333,STK
1462,052460,KR7052460003,아이크래프트,KOSDAQ,벤처기업부,5710,2,-420,-6.85,6110,6160,5550,633386,3707796875,83411314560,14607936,KSQ
1463,029480,KR7029480001,광무,KOSDAQ,중견기업부,1396,1,21,1.53,1382,1433,1380,81417,114039829,83367908272,59719132,KSQ
1464,950250,KR8826050005,테라뷰,KOSDAQ,기술성장기업부,2345,1,145,6.59,2250,2490,2250,192733,457893659,83289079195,35517731,KSQ
1465,023800,KR7023800006,인지컨트롤스,KOSPI,,5260,1,80,1.54,5280,5360,5200,28990,153785980,83156376220,15809197,STK
1466,039980,KR7039980008,폴라리스AI,KOSDAQ,중견기업부,5780,1,450,8.44,5390,6260,5220,3697891,21761690755,83123416920,14381214,KSQ
1467,063080,KR7063080006,컴투스홀딩스,KOSDAQ,중견기업부,12600,2,-200,-1.56,13200,13200,12100,2206,27983790,83099419200,6595192,KSQ
1468,054040,KR7054040001,한국컴퓨터,KOSDAQ,우량기업부,5160,1,50,0.98,5110,5180,5110,20478,105237630,82927856400,16071290,KSQ
1469,036010,KR7036010007,아비코전자,KOSDAQ,중견기업부,6230,1,400,6.86,6030,6360,5910,104414,639535360,82814978820,13292934,KSQ
1470,004890,KR7004890000,동일산업,KOSPI,,34100,2,-350,-1.02,34600,34900,34000,1419,48750750,82699831500,2425215,STK
1471,210980,KR7210980009,SK디앤디,KOSPI,,4440,2,-90,-1.99,4645,4745,4435,45943,210360755,82661176080,18617382,STK
1472,475230,KR7475230009,엔알비,KOSDAQ,벤처기업부,7580,1,40,0.53,7540,7730,7380,26357,198046550,82612017140,10898683,KSQ
1473,0015N0,KR70015N0000,아로마티카,KOSDAQ,벤처기업부,6540,1,1030,18.69,5580,6800,5500,1937163,12415052340,82253069880,12576922,KSQ
1474,381620,KR7381620004,제닉스로보틱스,KOSDAQ,중견기업부,6260,1,240,3.99,6150,6360,5910,113526,703476125,82118179200,13117920,KSQ
1475,0011A0,KR70011A0009,액스비스,KOSDAQ,벤처기업부,8790,1,240,2.81,8670,8950,8610,34219,300788030,82043574600,9333740,KSQ
1476,950130,KR8840090003,엑세스바이오,KOSDAQ,외국기업(소속부없음),2330,1,5,0.22,2360,2435,2300,22680,53613250,81955033220,35173834,KSQ
1477,101330,KR7101330009,모베이스,KOSDAQ,중견기업부,3540,1,130,3.81,3450,3590,3435,48684,171263260,81940482660,23147029,KSQ
1478,377480,KR7377480009,마음AI,KOSDAQ,기술성장기업부,11520,2,-60,-0.52,11810,12610,11200,402739,4782936105,81910368000,7110275,KSQ
1479,131370,KR7131370009,알서포트,KOSDAQ,벤처기업부,1532,1,15,0.99,1521,1549,1520,108855,167232102,81605171156,53267083,KSQ
1480,002600,KR7002600005,조흥,KOSPI,,136000,1,1400,1.04,134600,136000,134600,17,2307900,81600000000,600000,STK
1481,175250,KR7175250000,아이큐어,KOSDAQ,관리종목(소속부없음),2170,0,0,0.0,0,0,0,0,0,81501658560,37558368,KSQ
1482,115440,KR7115440000,우리넷,KOSDAQ,우량기업부,7550,1,420,5.89,7530,7900,7240,256152,1944183275,81496904600,10794292,KSQ
1483,078890,KR7078890001,가온그룹,KOSDAQ,중견기업부,4420,1,170,4.0,4360,4535,4300,133525,589764385,81438248060,18424943,KSQ
1484,290740,KR7290740000,액트로,KOSDAQ,벤처기업부,8090,1,480,6.31,7850,8140,7510,30060,239779045,81425938990,10065011,KSQ
1485,214260,KR7214260002,라파스,KOSDAQ,기술성장기업부,9120,1,150,1.67,9100,9160,8910,7216,65371345,81372862560,8922463,KSQ
1486,306620,KR7306620006,지아이에스,KOSDAQ,벤처기업부,1695,1,103,6.47,1630,1733,1630,316290,537483278,81262001880,47942184,KSQ
1487,412540,KR7412540007,제일엠앤에스,KOSDAQ,관리종목(소속부없음),3935,0,0,0.0,0,0,0,0,0,81063616775,20600665,KSQ
1488,019550,KR7019550003,SBI인베스트먼트,KOSDAQ,중견기업부,1000,3,0,0.0,1008,1017,999,87018,87660716,81033287000,81033287,KSQ
1489,037760,KR7037760006,쎄니트,KOSDAQ,중견기업부,2395,1,5,0.21,2390,2425,2380,27174,65189200,81029845795,33832921,KSQ
1490,066700,KR7066700006,테라젠이텍스,KOSDAQ,중견기업부,2180,2,-20,-0.91,2210,2250,2170,44718,98159959,80992179680,37152376,KSQ
1491,011700,KR7011700002,한신기계,KOSPI,,2495,1,110,4.61,2430,2530,2425,113688,283602590,80953146745,32446151,STK
1492,053350,KR7053350005,이니텍,KOSDAQ,중견기업부,3670,2,-5,-0.14,3675,3710,3575,69136,252156650,80817308550,22021065,KSQ
1493,069730,KR7069730000,DSR제강,KOSPI,,5610,1,120,2.19,5490,5730,5490,71173,401069430,80784000000,14400000,STK
1494,163560,KR7163560006,동일고무벨트,KOSPI,,5810,1,30,0.52,5880,5880,5720,12110,70601900,80759000000,13900000,STK
1495,007980,KR7007980006,TP,KOSPI,,1721,1,47,2.81,1691,1724,1689,128486,220096838,80710339350,46897350,STK
1496,451220,KR7451220008,아이엠티,KOSDAQ,기술성장기업부,10240,1,1440,16.36,8850,10240,8850,76608,734996595,80636016640,7874611,KSQ
1497,223250,KR7223250002,드림씨아이에스,KOSDAQ,벤처기업부,3270,1,10,0.31,3300,3325,3205,38095,123935970,80443451880,24600444,KSQ
1498,0156T0,KR70156T0003,에이치엘지노믹스,KOSDAQ,중견기업부,10330,1,350,3.51,10420,10600,10020,373090,3842190605,80389723130,7782161,KSQ
1499,048530,KR7048530000,인트론바이오,KOSDAQ,기술성장기업부,2600,2,-65,-2.44,2665,2670,2560,41653,109368225,80318570800,30891758,KSQ
1500,012700,KR7012700001,리드코프,KOSDAQ,우량기업부,3065,1,40,1.32,3075,3095,3025,14386,44113560,80287221380,26194852,KSQ
1501,054670,KR7054670005,대한뉴팜,KOSDAQ,우량기업부,5590,2,-40,-0.71,5630,5770,5590,11964,67541730,80244002800,14354920,KSQ
1502,102370,KR7102370004,케이옥션,KOSDAQ,기술성장기업부,3095,2,-45,-1.43,3115,3175,3080,35171,109987525,80124257550,25888290,KSQ
1503,053280,KR7053280004,예스24,KOSDAQ,중견기업부,3200,1,10,0.31,3210,3235,3110,13882,44529590,80000000000,25000000,KSQ
1504,038110,KR7038110003,에코플라스틱,KOSDAQ,우량기업부,1943,1,36,1.89,1910,1959,1910,140312,272677183,79992085910,41169370,KSQ
1505,006090,KR7006090005,사조오양,KOSPI,,8470,2,-20,-0.24,8490,8540,8470,2810,23846820,79810599330,9422739,STK
1506,058630,KR7058630005,엠게임,KOSDAQ,우량기업부,4250,2,-115,-2.63,4365,4395,4245,34118,146473556,79783439500,18772574,KSQ
1507,001470,KR7001470004,삼부토건,KOSPI,,347,0,0,0.0,0,0,0,0,0,79699592928,229681824,STK
1508,320000,KR7320000003,한울반도체,KOSDAQ,중견기업부,11820,1,330,2.87,12130,12270,11520,193246,2289281600,79606990800,6734940,KSQ
1509,009300,KR7009300005,삼아제약,KOSDAQ,우량기업부,12490,1,90,0.73,12410,12560,12300,2653,33000000,79561300000,6370000,KSQ
1510,331380,KR7331380006,포커스에이아이,KOSDAQ,투자주의환기종목(소속부없음),2175,1,100,4.82,2215,2215,2070,101646,219547955,79519883550,36560866,KSQ
1511,009190,KR7009190000,대양금속,KOSPI,,1802,1,65,3.74,1740,1840,1700,252984,449182539,79263267550,43986275,STK
1512,036640,KR7036640001,HRS,KOSDAQ,우량기업부,4835,2,-5,-0.1,4855,4905,4790,28951,140816155,79075458000,16354800,KSQ
1513,011370,KR7011370004,서한,KOSDAQ,우량기업부,783,1,15,1.95,775,789,765,87920,68432707,79000679295,100894865,KSQ
1514,047820,KR7047820006,초록뱀미디어,KOSDAQ,중견기업부,3230,1,150,4.87,3100,3260,3100,9617,30792075,78986193900,24453930,KSQ
1515,092040,KR7092040005,아미코젠,KOSDAQ,기술성장기업부,1116,2,-114,-9.27,1150,1183,1081,1892277,2121012910,78851411892,70655387,KSQ
1516,217330,KR7217330000,싸이토젠,KOSDAQ,기술성장기업부,3405,1,90,2.71,3320,3430,3285,51455,173774965,78756107535,23129547,KSQ
1517,080010,KR7080010002,이상네트웍스,KOSDAQ,중견기업부,8000,1,30,0.38,7970,8060,7900,7696,61612580,78680568000,9835071,KSQ
1518,493330,KR7493330005,지에프아이,KOSDAQ,벤처기업부,10030,2,-70,-0.69,10730,10730,9910,29670,300394635,78630315390,7839513,KSQ
1519,002200,KR7002200004,한국수출포장,KOSPI,,2345,3,0,0.0,2335,2360,2320,32391,76095570,78557361645,33499941,STK
1520,054620,KR7054620000,APS,KOSDAQ,중견기업부,4270,1,80,1.91,4250,4400,4205,20432,87557610,78543323670,18394221,KSQ
1521,900260,HK0000295359,로스웰,KOSDAQ,외국기업(소속부없음),1706,1,26,1.55,1663,1720,1663,13952,23676809,78526678436,46029706,KSQ
1522,009180,KR7009180001,한솔로지스틱스,KOSPI,,2785,1,15,0.54,2790,2805,2765,27404,76133464,78413972625,28155825,STK
1523,0117P0,KR70117P0005,피스피스스튜디오,KOSDAQ,중견기업부,5510,1,50,0.92,5470,5590,5400,105213,578672595,78070699610,14168911,KSQ
1524,084680,KR7084680008,이월드,KOSPI,,550,1,12,2.23,552,560,539,86237,47442489,77993406150,141806193,STK
1525,413390,KR7413390006,엠오티,KOSDAQ,중견기업부,6720,1,90,1.36,6630,6790,6500,12921,86945960,77818809600,11580180,KSQ
1526,173130,KR7173130006,오파스넷,KOSDAQ,중견기업부,5960,1,40,0.68,5990,6030,5940,20907,125348850,77756979080,13046473,KSQ
1527,107600,KR7107600009,새빗켐,KOSDAQ,벤처기업부,13740,1,700,5.37,13800,14190,13500,10804,149390075,77631741960,5650054,KSQ
1528,303810,KR7303810006,동국생명과학,KOSDAQ,중견기업부,2425,2,-10,-0.41,2440,2475,2400,64068,155765830,77561539500,31984140,KSQ
1529,443670,KR7443670005,에스피소프트,KOSDAQ,중견기업부,3230,1,70,2.22,3210,3270,3155,70024,225114904,77554121720,24010564,KSQ
1530,004590,KR7004590006,한국가구,KOSDAQ,중견기업부,5170,1,20,0.39,5150,5260,5140,15041,78405250,77550000000,15000000,KSQ
1531,040910,KR7040910002,아이씨디,KOSDAQ,중견기업부,4255,1,110,2.65,4205,4300,4180,7653,32711140,77331540125,18174275,KSQ
1532,013360,KR7013360003,일성건설,KOSPI,,1431,1,20,1.42,1478,1580,1421,659087,975251345,77309603280,54024880,STK
1533,038680,KR7038680005,에스넷,KOSDAQ,우량기업부,3875,1,185,5.01,3705,4045,3705,167450,655508480,77161487750,19912642,KSQ
1534,067000,KR7067000000,조이시티,KOSDAQ,중견기업부,1103,2,-128,-10.4,1199,1230,1097,1007276,1142828228,77103500938,69903446,KSQ
1535,000105,KR7000101006,유한양행우,KOSPI,,65200,1,1200,1.88,64000,65800,64000,960,62676950,76997288000,1180940,STK
1536,067370,KR7067370007,선바이오,KOSDAQ,기술성장기업부,6300,2,-190,-2.93,6420,6490,6210,9458,60012040,76947198300,12213841,KSQ
1537,109070,KR7109070003,주성코퍼레이션,KOSPI,,1457,1,39,2.75,1453,1487,1400,141839,207072266,76944505110,52810230,STK
1538,090470,KR7090470006,제이스로보틱스,KOSDAQ,벤처기업부,4400,1,75,1.73,4325,4575,4250,17966,79609612,76897013600,17476594,KSQ
1539,007590,KR7007590003,동방아그로,KOSPI,,5640,3,0,0.0,5640,5680,5600,2752,15543730,76803134280,13617577,STK
1540,024880,KR7024880007,케이피에프,KOSDAQ,우량기업부,3850,1,85,2.26,3795,3860,3785,28221,108102770,76775252400,19941624,KSQ
1541,265560,KR7265560003,영화테크,KOSDAQ,우량기업부,7180,1,70,0.98,7060,7200,7060,9493,67815750,76755492400,10690180,KSQ
1542,212710,KR7212710008,아이에스티이,KOSDAQ,기술성장기업부,7900,1,270,3.54,7900,8060,7750,40045,317573930,76748326200,9714978,KSQ
1543,014160,KR7014160006,대영포장,KOSPI,,708,1,9,1.29,700,724,700,154758,110291819,76743340692,108394549,STK
1544,001290,KR7001290006,상상인증권,KOSPI,,708,1,16,2.31,702,723,702,252358,180034786,76702680960,108337120,STK
1545,111380,KR7111380002,동인기연,KOSPI,,12500,2,-70,-0.56,12570,12690,12430,4696,58969200,76600000000,6128000,STK
1546,096250,KR7096250006,와이즈넛,KOSDAQ,기술성장기업부,6470,1,210,3.35,6330,6480,6290,31343,201196500,76442280070,11814881,KSQ
1547,156100,KR7156100000,엘앤케이바이오,KOSDAQ,벤처기업부,3420,1,5,0.15,3400,3510,3345,101774,348548272,76440943260,22351153,KSQ
1548,019680,KR7019680008,대교,KOSPI,,949,1,54,6.03,896,949,896,74735,68682846,76363847300,80467700,STK
1549,073640,KR7073640005,테라사이언스,KOSDAQ,관리종목(소속부없음),654,0,0,0.0,0,0,0,0,0,76111715580,116378770,KSQ
1550,096775,KR7096771001,SK이노베이션우,KOSPI,,60800,2,-500,-0.82,61400,62700,60800,976,60241700,75904300800,1248426,STK
1551,451250,KR7451250005,삐아,KOSDAQ,벤처기업부,7420,1,20,0.27,7400,7540,7400,9495,70548690,75876007340,10225877,KSQ
1552,000590,KR7000590000,CS홀딩스,KOSPI,,65500,2,-100,-0.15,65600,66500,64900,420,27634000,75618571000,1154482,STK
1553,065510,KR7065510000,휴비츠,KOSDAQ,우량기업부,6930,2,-30,-0.43,6960,7030,6890,13856,96347785,75383812350,10877895,KSQ
1554,234030,KR7234030005,싸이닉솔루션,KOSDAQ,중견기업부,3190,1,95,3.07,3115,3270,3115,46347,148529425,75299950000,23605000,KSQ
1555,294630,KR7294630009,서남,KOSDAQ,기술성장기업부,2840,1,90,3.27,2795,2865,2750,126898,359188607,75257668360,26499179,KSQ
1556,085670,KR7085670008,뉴프렉스,KOSDAQ,우량기업부,3070,1,85,2.85,3010,3120,2975,199060,608789925,75217336270,24500761,KSQ
1557,002700,KR7002700003,신일전자,KOSPI,,1097,1,4,0.37,1107,1122,1095,1329386,1474143100,75196630537,68547521,STK
1558,052860,KR7052860004,아이앤씨,KOSDAQ,벤처기업부,4205,1,220,5.52,3985,4270,3985,23234,95834790,75130121070,17866854,KSQ
1559,475430,KR7475430005,키스트론,KOSDAQ,중견기업부,4195,1,145,3.58,4095,4230,4080,219208,911347102,74872821450,17848110,KSQ
1560,061250,KR7061250007,화일약품,KOSDAQ,우량기업부,8890,2,-70,-0.78,8960,8960,8850,1032,9192800,74832321760,8417584,KSQ
1561,066980,KR7066980004,한성크린텍,KOSDAQ,벤처기업부,1396,1,37,2.72,1388,1417,1370,332803,464563750,74812689792,53590752,KSQ
1562,020710,KR7020710000,시공테크,KOSDAQ,우량기업부,3725,1,120,3.33,3610,3925,3595,533430,2009269962,74678688250,20047970,KSQ
1563,389140,KR7389140005,포바이포,KOSDAQ,벤처기업부,5210,1,120,2.36,5200,5330,5130,66710,349671980,74345319350,14269735,KSQ
1564,063160,KR7063160006,종근당바이오,KOSPI,,13550,2,-140,-1.02,13690,13990,13530,14567,199740925,74334785100,5485962,STK
1565,234300,KR7234300002,에스트래픽,KOSDAQ,우량기업부,2730,1,40,1.49,2720,2785,2720,37125,101789225,74277239400,27207780,KSQ
1566,001260,KR7001260009,남광토건,KOSPI,,7530,1,110,1.48,7560,7710,7200,38113,288919320,74039267160,9832572,STK
1567,010960,KR7010960003,삼호개발,KOSPI,,3065,1,50,1.66,3045,3130,3045,175627,541081544,73927800000,24120000,STK
1568,000230,KR7000230003,일동홀딩스,KOSPI,,6400,1,50,0.79,6300,6520,6300,11303,72293290,73858560000,11540400,STK
1569,013870,KR7013870001,지엠비코리아,KOSPI,,3870,1,10,0.26,3900,3930,3850,20383,79444925,73809723600,19072280,STK
1570,000180,KR7000180000,성창기업지주,KOSPI,,5290,1,100,1.93,5200,5400,5200,5049,26858255,73797192800,13950320,STK
1571,000440,KR7000440008,중앙에너비스,KOSDAQ,중견기업부,11850,2,-580,-4.67,12310,12410,11780,62563,748709920,73791490500,6227130,KSQ
1572,060590,KR7060590007,씨티씨바이오,KOSDAQ,중견기업부,3050,1,10,0.33,3020,3090,3000,26264,79660338,73752111000,24181020,KSQ
1573,004720,KR7004720009,팜젠사이언스,KOSPI,,3255,2,-70,-2.11,3320,3395,3235,22366,73836050,73739958075,22654365,STK
1574,170030,KR7170030001,현대공업,KOSDAQ,우량기업부,4800,1,15,0.31,4790,4865,4790,18196,87831000,73632000000,15340000,KSQ
1575,024830,KR7024830002,세원물산,KOSDAQ,중견기업부,8800,2,-120,-1.35,8900,8970,8660,5755,50834110,73480000000,8350000,KSQ
1576,067570,KR7067570002,엔브이에이치코리아,KOSDAQ,중견기업부,1739,1,10,0.58,1750,1772,1731,47201,82636944,73333630000,42170000,KSQ
1577,003580,KR7003580008,HLB글로벌,KOSPI,,1447,1,65,4.7,1382,1460,1382,190747,273139102,73310091735,50663505,STK
1578,332370,KR7332370006,아이디피,KOSDAQ,벤처기업부,5520,2,-60,-1.08,5540,5630,5500,3421,18917090,73270967520,13273726,KSQ
1579,347890,KR7347890006,엠엑스온,KOSDAQ,벤처기업부,4300,1,40,0.94,4475,4475,4290,23986,104134123,73156777200,17013204,KSQ
1580,417970,KR7417970001,모델솔루션,KOSDAQ,우량기업부,11430,1,430,3.91,11130,11600,11070,20502,231956365,73114281000,6396700,KSQ
1581,000850,KR7000850008,화천기공,KOSPI,,33200,1,500,1.53,33300,33450,32950,6985,231539300,73040000000,2200000,STK
1582,017480,KR7017480005,삼현철강,KOSDAQ,우량기업부,4720,3,0,0.0,4730,4765,4715,6544,30991730,72890440800,15442890,KSQ
1583,357580,KR7357580000,아모센스,KOSDAQ,기술성장기업부,6180,1,560,9.96,5740,6230,5630,55303,331238470,72860729160,11789762,KSQ
1584,033130,KR7033130006,디지틀조선,KOSDAQ,중견기업부,1960,1,34,1.77,1926,2000,1905,3851,7503705,72745923320,37115267,KSQ
1585,208140,KR7208140004,정다운,KOSDAQ,우량기업부,2225,2,-5,-0.22,2215,2235,2205,12241,27185452,72722447350,32684246,KSQ
1586,017370,KR7017370008,우신시스템,KOSPI,,3970,3,0,0.0,4010,4050,3960,10186,40726962,72706794380,18314054,STK
1587,043610,KR7043610005,KT지니뮤직,KOSDAQ,중견기업부,1251,1,26,2.12,1230,1262,1223,127710,158572242,72702412938,58115438,KSQ
1588,082210,KR7082210006,옵트론텍,KOSDAQ,중견기업부,2075,1,45,2.22,2030,2160,1990,83458,173155655,72548909750,34963330,KSQ
1589,084730,KR7084730001,팅크웨어,KOSDAQ,중견기업부,6530,1,160,2.51,6420,6630,6330,24912,161181430,72544538720,11109424,KSQ
1590,005750,KR7005750005,대림바스,KOSPI,,4365,2,-15,-0.34,4385,4440,4335,15221,66720725,72425127600,16592240,STK
1591,038460,KR7038460002,바이오스마트,KOSDAQ,우량기업부,2865,1,65,2.32,2820,2875,2775,101574,288425475,72411562830,25274542,KSQ
1592,155660,KR7155660004,DSR,KOSPI,,4520,1,45,1.01,4435,4600,4435,18247,82247717,72320000000,16000000,STK
1593,365330,KR7365330000,에스와이스틸텍,KOSDAQ,우량기업부,1440,1,55,3.97,1415,1472,1413,341007,494356074,72246240000,50171000,KSQ
1594,171120,KR7171120009,라이온켐텍,KOSDAQ,우량기업부,2010,3,0,0.0,2015,2050,1995,36195,73323702,72162537600,35901760,KSQ
1595,011150,KR7011150000,CJ씨푸드,KOSPI,,2005,1,5,0.25,2005,2045,2000,38111,76851215,72041199865,35930773,STK
1596,091120,KR7091120006,이엠텍,KOSDAQ,중견기업부,4200,1,205,5.13,3995,4225,3960,35341,146041605,71958331200,17132936,KSQ
1597,030960,KR7030960009,양지사,KOSDAQ,중견기업부,4500,1,15,0.33,4505,4585,4470,26512,120267560,71910000000,15980000,KSQ
1598,234920,KR7234920007,자이글,KOSDAQ,관리종목(소속부없음),5310,0,0,0.0,0,0,0,0,0,71849132100,13530910,KSQ
1599,006140,KR7006140008,피제이전자,KOSDAQ,우량기업부,4830,1,80,1.68,4775,4905,4775,17999,87192934,71797950000,14865000,KSQ
1600,041910,KR7041910001,폴라리스AI파마,KOSDAQ,우량기업부,5400,1,100,1.89,5350,5490,5300,42969,232003920,71730090000,13283350,KSQ
1601,011320,KR7011320009,유니크,KOSDAQ,우량기업부,3710,2,-15,-0.4,3740,3765,3690,5351,19936015,71679778450,19320695,KSQ
1602,201490,KR7201490000,미투온,KOSDAQ,중견기업부,2190,1,30,1.39,2195,2240,2135,213121,468144540,71664959940,32723726,KSQ
1603,321370,KR7321370009,센서뷰,KOSDAQ,기술성장기업부,1386,1,88,6.78,1349,1410,1313,780636,1068602641,71607559716,51664906,KSQ
1604,307870,KR7307870006,비투엔,KOSDAQ,벤처기업부,963,1,46,5.02,921,986,920,578823,553513097,71550211455,74299285,KSQ
1605,084670,KR7084670009,동양고속,KOSPI,,24700,1,1600,6.93,23200,24850,23200,23686,573771400,71520554300,2895569,STK
1606,253840,KR7253840003,수젠텍,KOSDAQ,중견기업부,4270,1,80,1.91,4190,4605,4175,209219,906027849,71493464000,16743200,KSQ
1607,104040,KR7104040001,디에스엠,KOSDAQ,벤처기업부,2655,1,15,0.57,2640,2760,2640,25584,69093825,71190015075,26813565,KSQ
1608,382840,KR7382840007,원준,KOSDAQ,중견기업부,4660,1,270,6.15,4485,4675,4450,32297,148579839,71165567460,15271581,KSQ
1609,089230,KR7089230007,THE E&M,KOSDAQ,중견기업부,1850,1,103,5.9,1899,1899,1748,246807,447346057,71079504900,38421354,KSQ
1610,382480,KR7382480002,지아이텍,KOSDAQ,벤처기업부,1802,1,27,1.52,1776,1829,1776,50350,91162644,70921566280,39357140,KSQ
1611,270520,KR7270520000,앱튼,KOSDAQ,투자주의환기종목(소속부없음),3605,1,70,1.98,3610,3660,3500,178153,639072162,70870384970,19658914,KSQ
1612,045970,KR7045970001,코아시아,KOSDAQ,중견기업부,2690,1,65,2.48,2660,2765,2625,50132,135627693,70787016440,26314876,KSQ
1613,072950,KR7072950009,빛샘전자,KOSDAQ,벤처기업부,8790,1,1230,16.27,8500,9470,7800,2433991,21512158190,70782441900,8052610,KSQ
1614,110790,KR7110790003,크리스에프앤씨,KOSDAQ,우량기업부,3020,1,95,3.25,2945,3040,2925,5002,15028810,70761499200,23430960,KSQ
1615,388870,KR7388870008,파로스아이바이오,KOSDAQ,기술성장기업부,5460,1,70,1.3,5400,5490,5360,29654,160567680,70684788720,12945932,KSQ
1616,002795,KR7002791002,아모레퍼시픽홀딩스우,KOSPI,,11060,1,30,0.27,11030,11120,10950,3765,41610470,70575762320,6381172,STK
1617,33626K,KR733626K013,두산퓨얼셀1우,KOSPI,,5260,1,415,8.57,5000,5390,4915,39463,200509642,70295692000,13364200,STK
1618,105740,KR7105740005,디케이락,KOSDAQ,우량기업부,6910,1,50,0.73,6940,7040,6900,30654,213535350,70264424830,10168513,KSQ
1619,251120,KR7251120002,바이오에프디엔씨,KOSDAQ,기술성장기업부,8070,1,10,0.12,8050,8220,7980,6930,56027970,70174299000,8695700,KSQ
1620,225530,KR7225530005,HC보광산업,KOSDAQ,우량기업부,1929,2,-1,-0.05,1979,1979,1850,9718,18686374,70097404383,36338727,KSQ
1621,185490,KR7185490000,아이진,KOSDAQ,벤처기업부,1620,1,60,3.85,1552,1649,1552,102111,164002425,70032250080,43229784,KSQ
1622,338100,KR7338100001,NH프라임리츠,KOSPI,,3750,2,-100,-2.6,3880,3880,3750,46649,175965142,69975000000,18660000,STK
1623,214680,KR7214680001,디알텍,KOSDAQ,벤처기업부,837,1,13,1.58,824,856,820,64169,53617647,69870295872,83477056,KSQ
1624,041930,KR7041930009,SY동아,KOSDAQ,우량기업부,4585,1,70,1.55,4530,4640,4530,14286,65709183,69692000000,15200000,KSQ
1625,208370,KR7208370007,셀바스헬스케어,KOSDAQ,벤처기업부,2705,2,-5,-0.18,2710,2760,2675,105495,286529697,69628225620,25740564,KSQ
1626,095720,KR7095720009,웅진씽크빅,KOSPI,,1225,1,22,1.83,1203,1229,1203,11522,13982238,69613179125,56827085,STK
1627,031820,KR7031820004,아이티센씨티에스,KOSPI,,5740,3,0,0.0,5720,5780,5710,8013,45904805,69483538040,12105146,STK
1628,094860,KR7094860004,네오리진,KOSDAQ,중견기업부,1308,1,38,2.99,1278,1308,1273,36859,47387132,69467898312,53110014,KSQ
1629,024740,KR7024740003,한일단조,KOSDAQ,우량기업부,2110,1,30,1.44,2095,2145,2080,115445,245480414,69412773390,32897049,KSQ
1630,250030,KR7250030004,진코스텍,KONEX,일반기업부,24000,2,-350,-1.44,25150,25150,22150,569,13669950,69406392000,2891933,KNX
1631,396270,KR7396270001,넥스트칩,KOSDAQ,벤처기업부,2110,1,65,3.18,2145,2195,2080,101573,216268975,69392479410,32887431,KSQ
1632,432470,KR7432470003,케이엔에스,KOSDAQ,벤처기업부,7910,1,260,3.4,7800,8020,7610,38980,306872530,69383007960,8771556,KSQ
1633,387690,KR7387690001,레메디,KOSDAQ,기술성장기업부,9080,1,580,6.82,8610,9730,8400,829701,7580637490,69242182280,7625791,KSQ
1634,066310,KR7066310004,큐에스아이,KOSDAQ,벤처기업부,7460,1,490,7.03,7120,7570,7120,76992,569313490,69166292660,9271621,KSQ
1635,045660,KR7045660008,에이텍,KOSDAQ,우량기업부,8370,1,70,0.84,8360,8440,8150,14109,117859180,69136200000,8260000,KSQ
1636,196490,KR7196490007,디에이테크놀로지,KOSDAQ,투자주의환기종목(소속부없음),6090,0,0,0.0,0,0,0,0,0,69131518050,11351645,KSQ
1637,079810,KR7079810008,APS이노베이션,KOSDAQ,우량기업부,3210,1,80,2.56,3150,3300,3150,133538,431841944,69105181740,21528094,KSQ
1638,002720,KR7002720001,국제약품,KOSPI,,3265,3,0,0.0,3300,3360,3265,28974,95752155,69086851480,21159832,STK
1639,478560,KR7478560006,블랙야크아이앤씨,KOSDAQ,벤처기업부,2670,1,35,1.33,2635,2685,2605,9987,26616935,68966895660,25830298,KSQ
1640,153710,KR7153710009,옵티팜,KOSDAQ,기술성장기업부,4700,2,-10,-0.21,4730,4780,4640,3419,16028555,68948802600,14669958,KSQ
1641,124560,KR7124560004,태웅로직스,KOSDAQ,우량기업부,1778,2,-18,-1.0,1796,1820,1777,26378,47481897,68845601958,38720811,KSQ
1642,456570,KR7456570001,아이엠지티,KONEX,일반기업부,13040,1,140,1.09,12900,13050,12900,1016,13173200,68653044160,5264804,KNX
1643,032850,KR7032850000,비트컴퓨터,KOSDAQ,벤처기업부,4125,1,80,1.98,4055,4160,4045,33469,137262984,68571083625,16623293,KSQ
1644,456070,KR7456070002,이엔셀,KOSDAQ,기술성장기업부,6210,1,70,1.14,6200,6430,6130,17032,106394870,68493300570,11029517,KSQ
1645,088390,KR7088390000,이녹스,KOSDAQ,중견기업부,7290,1,80,1.11,7440,7470,7280,4498,33188050,68422802760,9385844,KSQ
1646,360070,KR7360070007,탑머티리얼,KOSDAQ,중견기업부,8330,1,250,3.09,8080,8470,8080,14781,123292380,68239718190,8192043,KSQ
1647,290660,KR7290660000,다이나믹솔루션,KOSDAQ,기술성장기업부,1591,2,-29,-1.79,1610,1670,1586,499696,805756764,68155079808,42837888,KSQ
1648,464490,KR7464490002,쿼드메디슨,KOSDAQ,기술성장기업부,5930,1,80,1.37,6060,6120,5860,22146,132262440,68088930090,11482113,KSQ
1649,076610,KR7076610005,해성옵틱스,KOSDAQ,벤처기업부,1149,1,44,3.98,1142,1162,1105,1393023,1578554312,68062370820,59236180,KSQ
1650,065170,KR7065170003,비엘팜텍,KOSDAQ,투자주의환기종목(소속부없음),2435,1,110,4.73,2340,2550,2340,602316,1475827706,67970085955,27913793,KSQ
1651,128660,KR7128660008,피제이메탈,KOSDAQ,우량기업부,2740,1,20,0.74,2715,2755,2715,25251,68997621,67961231060,24803369,KSQ
1652,217190,KR7217190008,제너셈,KOSDAQ,벤처기업부,5160,1,385,8.06,5000,5220,4880,59326,301966915,67873406760,13153761,KSQ
1653,018500,KR7018500009,동원모빌리티,KOSPI,,1448,1,21,1.47,1430,1462,1430,82967,120040595,67701142984,46754933,STK
1654,079980,KR7079980009,휴비스,KOSPI,,1961,2,-36,-1.8,1998,2040,1961,81920,162633868,67654500000,34500000,STK
1655,001020,KR7001020007,페이퍼코리아,KOSPI,,1897,1,13,0.69,1978,1978,1878,11234,21571585,67526867814,35596662,STK
1656,222110,KR7222110009,팬젠,KOSDAQ,기술성장기업부,4995,2,-5,-0.1,5000,5040,4970,949,4739825,67504972455,13514509,KSQ
1657,009770,KR7009770009,삼정펄프,KOSPI,,27000,2,-50,-0.18,27050,27300,26550,2619,70793025,67499217000,2499971,STK
1658,083790,KR7083790006,CG인바이츠,KOSDAQ,벤처기업부,876,1,16,1.86,879,891,860,63274,55673060,67359303432,76894182,KSQ
1659,120115,KR7120111000,코오롱인더우,KOSPI,,24300,1,300,1.25,24100,24450,24100,3743,90969750,67258998000,2767860,STK
1660,008830,KR7008830002,대동기어,KOSDAQ,중견기업부,7480,2,-30,-0.4,7600,7840,7460,72133,547368770,67226649600,8987520,KSQ
1661,460940,KR7460940000,피앤에스로보틱스,KOSDAQ,기술성장기업부,4990,1,150,3.1,4875,5070,4825,62920,311327711,67141847200,13455280,KSQ
1662,198440,KR7198440000,강동씨앤엘,KOSDAQ,중견기업부,1100,1,28,2.61,1124,1190,1091,667638,756295637,67025085600,60931896,KSQ
1663,006890,KR7006890008,태경케미컬,KOSPI,,5760,2,-20,-0.35,5780,5900,5740,30537,177449505,66816000000,11600000,STK
1664,026150,KR7026150003,특수건설,KOSDAQ,중견기업부,3800,1,80,2.15,3750,3890,3725,24699,94169410,66676057800,17546331,KSQ
1665,109860,KR7109860007,동일금속,KOSDAQ,우량기업부,7320,2,-100,-1.35,7400,7440,7310,20852,155032790,66612000000,9100000,KSQ
1666,238090,KR7238090005,앤디포스,KOSDAQ,벤처기업부,2180,1,15,0.69,2165,2285,2125,5460,11801305,66469159200,30490440,KSQ
1667,096350,KR7096350004,대창솔루션,KOSDAQ,벤처기업부,1800,1,75,4.35,1726,1820,1726,97078,174180005,66338571600,36854762,KSQ
1668,062970,KR7062970009,한국첨단소재,KOSDAQ,중견기업부,1162,0,0,0.0,0,0,0,0,0,66336969468,57088614,KSQ
1669,049550,KR7049550007,잉크테크,KOSDAQ,우량기업부,3380,1,50,1.5,3375,3430,3295,7009,23741945,66269216260,19606277,KSQ
1670,016090,KR7016090003,대현,KOSPI,,1494,2,-11,-0.73,1505,1506,1492,42030,63038917,66157771140,44282310,STK
1671,048430,KR7048430003,유라테크,KOSDAQ,우량기업부,5740,2,-20,-0.35,5780,5850,5690,7955,45568020,66124800000,11520000,KSQ
1672,036000,KR7036000008,예림당,KOSDAQ,중견기업부,2870,3,0,0.0,2850,2945,2845,22639,64577515,66108374990,23034277,KSQ
1673,010040,KR7010040004,한국내화,KOSPI,,1603,1,13,0.82,1600,1655,1600,27011,43729219,65830500386,41067062,STK
1674,058730,KR7058730003,다스코,KOSPI,,3250,1,55,1.72,3250,3370,3205,1108152,3658016756,65816565750,20251251,STK
1675,002800,KR7002800001,신신제약,KOSDAQ,우량기업부,4335,1,65,1.52,4330,4400,4270,11141,48263360,65764117500,15170500,KSQ
1676,0004V0,KR70004V0003,엔비알모션,KOSDAQ,기술성장기업부,5970,2,-30,-0.5,6010,6300,5890,183840,1111687535,65731992480,11010384,KSQ
1677,032540,KR7032540007,TJ미디어,KOSDAQ,우량기업부,3140,1,15,0.48,3195,3195,3085,238,748285,65617876820,20897413,KSQ
1678,085310,KR7085310001,엔케이,KOSPI,,8840,1,260,3.03,8590,8950,8590,7917,69474640,65575774160,7418074,STK
1679,059270,KR7059270009,해성에어로보틱스,KOSDAQ,기술성장기업부,5860,1,120,2.09,5810,5940,5700,45676,266401190,65428652140,11165299,KSQ
1680,175140,KR7175140003,아고스,KOSDAQ,투자주의환기종목(소속부없음),2615,1,225,9.41,2550,2680,2440,46646,120716770,65229221595,24944253,KSQ
1681,001560,KR7001560002,제일연마,KOSPI,,8560,1,80,0.94,8790,8790,8470,1575,13436780,65056000000,7600000,STK
1682,134580,KR7134580000,탑코미디어,KOSDAQ,중견기업부,1318,1,83,6.72,1171,1350,1171,72959,94028708,64969688382,49294149,KSQ
1683,331740,KR7331740001,아우토크립트,KOSDAQ,기술성장기업부,6660,1,160,2.46,6510,6900,6410,14712,98557505,64941600060,9750991,KSQ
1684,303360,KR7303360002,프로티아,KOSDAQ,기술성장기업부,5040,1,20,0.4,5080,5110,4955,10512,52814930,64913763600,12879715,KSQ
1685,100220,KR7100220003,비상교육,KOSPI,,4985,1,60,1.22,4930,5120,4930,63814,320824918,64788753885,12996741,STK
1686,347860,KR7347860009,알체라,KOSDAQ,중견기업부,1533,1,3,0.2,1530,1583,1528,127460,197733923,64621540851,42153647,KSQ
1687,010280,KR7010280006,아이티센엔텍,KOSDAQ,우량기업부,4955,1,65,1.33,4905,5100,4890,22897,113628173,64537670935,13024757,KSQ
1688,347000,KR7347000002,센코,KOSDAQ,기술성장기업부,1705,1,29,1.73,1680,1770,1675,41487,70731203,64467492430,37810846,KSQ
1689,081150,KR7081150005,티플랙스,KOSDAQ,중견기업부,2655,1,45,1.72,2610,2670,2610,55492,146562895,64432607310,24268402,KSQ
1690,061040,KR7061040002,알에프텍,KOSDAQ,중견기업부,7100,1,940,15.26,6180,7520,6040,42197,298940030,64242383300,9048223,KSQ
1691,122350,KR7122350002,삼기,KOSDAQ,중견기업부,1675,1,11,0.66,1700,1858,1628,14219884,24733680922,64218541900,38339428,KSQ
1692,203400,KR7203400007,에이비온,KOSDAQ,기술성장기업부,712,2,-7,-0.97,722,745,669,734793,519734955,64152128448,90101304,KSQ
1693,014970,KR7014970008,삼륭물산,KOSDAQ,중견기업부,4325,1,115,2.73,4250,4385,4210,34920,150595865,64118125000,14825000,KSQ
1694,089850,KR7089850002,유비벨록스,KOSDAQ,우량기업부,4350,1,55,1.28,4295,4445,4210,17245,75042522,64076365650,14730199,KSQ
1695,010240,KR7010240000,흥국,KOSDAQ,우량기업부,5470,2,-30,-0.55,5460,5550,5410,19471,106472930,64031820000,11706000,KSQ
1696,396690,KR7396690000,미래에셋글로벌리츠,KOSPI,,1616,2,-39,-2.36,1660,1675,1615,47647,77533893,64003199040,39605940,STK
1697,142280,KR7142280007,녹십자엠에스,KOSDAQ,중견기업부,2665,1,50,1.91,2680,2735,2620,181082,481746526,63861477615,23963031,KSQ
1698,007820,KR7007820004,엠엑스로보틱스,KOSDAQ,중견기업부,3185,1,85,2.74,3140,3290,3140,54088,173949516,63808118010,20033946,KSQ
1699,095270,KR7095270005,웨이브일렉트로,KOSDAQ,벤처기업부,4435,1,195,4.6,4285,4465,4200,75954,331979906,63741620610,14372406,KSQ
1700,221800,KR7221800006,지구홀딩스,KOSDAQ,투자주의환기종목(소속부없음),3890,2,-130,-3.23,4020,4420,3750,71437,286280430,63480330390,16318851,KSQ
1701,004780,KR7004780003,대륙제관,KOSDAQ,우량기업부,3990,2,-105,-2.56,4095,4130,3985,36195,145296135,63453764010,15903199,KSQ
1702,039420,KR7039420005,케이엘넷,KOSDAQ,중견기업부,2765,1,10,0.36,2760,2785,2750,27093,74937411,63448438410,22946994,KSQ
1703,012790,KR7012790002,신일제약,KOSDAQ,우량기업부,5290,1,30,0.57,5270,5410,5250,3734,19773050,63408135350,11986415,KSQ
1704,0015S0,KR70015S0005,페스카로,KOSDAQ,기술성장기업부,6410,1,110,1.75,6330,6620,6330,24636,158890365,63245739300,9866730,KSQ
1705,204840,KR7204840003,지엘팜텍,KOSDAQ,기술성장기업부,814,0,0,0.0,0,0,0,0,0,63124890884,77549006,KSQ
1706,009200,KR7009200007,무림페이퍼,KOSPI,,1516,2,-11,-0.72,1527,1540,1513,16064,24543904,63079713960,41609310,STK
1707,039010,KR7039010004,현대에이치티,KOSDAQ,우량기업부,7310,1,420,6.1,7050,7450,6980,53774,390969585,63048750000,8625000,KSQ
1708,043650,KR7043650001,국순당,KOSDAQ,중견기업부,3530,1,15,0.43,3540,3590,3490,48538,171158730,63039813120,17858304,KSQ
1709,041460,KR7041460007,한국전자인증,KOSDAQ,중견기업부,3310,2,-25,-0.75,3355,3400,3305,18199,60886550,62890000000,19000000,KSQ
1710,055490,KR7055490007,테이팩스,KOSPI,,13120,2,-20,-0.15,13390,13390,12500,6199,81495230,62800848000,4786650,STK
1711,007460,KR7007460009,에이프로젠,KOSPI,,2660,1,70,2.7,2640,2720,2630,86662,231655324,62762521780,23594933,STK
1712,323350,KR7323350009,다원넥스뷰,KOSDAQ,기술성장기업부,7820,1,690,9.68,7310,8680,7300,52732,423565395,62644237040,8010772,KSQ
1713,001840,KR7001840008,이화공영,KOSDAQ,관리종목(소속부없음),2215,0,0,0.0,0,0,0,0,0,62588831935,28256809,KSQ
1714,005670,KR7005670005,푸드웰,KOSDAQ,우량기업부,6250,1,10,0.16,6470,6470,6190,9122,57431790,62500000000,10000000,KSQ
1715,071090,KR7071090005,하이스틸,KOSPI,,3095,1,150,5.09,2950,3110,2950,121361,372007285,62492602745,20191471,STK
1716,294090,KR7294090006,이오플로우,KOSDAQ,관리종목(소속부없음),1490,0,0,0.0,0,0,0,0,0,62295566450,41809105,KSQ
1717,140070,KR7140070004,서플러스글로벌,KOSDAQ,벤처기업부,1683,1,89,5.58,1606,1687,1604,57464,94661705,62250804000,36988000,KSQ
1718,065530,KR7065530008,와이어블,KOSDAQ,우량기업부,1301,1,30,2.36,1302,1355,1261,311741,409483670,62238225459,47838759,KSQ
1719,004440,KR7004440004,삼일씨엔에스,KOSPI,,4885,2,-5,-0.1,4900,4985,4820,15239,74474695,62195561095,12731947,STK
1720,443250,KR7443250006,레뷰코퍼레이션,KOSDAQ,벤처기업부,5750,2,-30,-0.52,5780,5910,5690,8153,47207920,62156447750,10809817,KSQ
1721,068290,KR7068290006,삼성출판사,KOSPI,,6215,2,-165,-2.59,6400,6400,6170,6499,40817235,62150000000,10000000,STK
1722,123420,KR7123420002,위메이드플레이,KOSDAQ,우량기업부,5970,2,-40,-0.67,6060,6070,5880,7087,42294535,62094214770,10401041,KSQ
1723,424960,KR7424960003,스마트레이더시스템,KOSDAQ,기술성장기업부,3765,1,190,5.31,3695,3780,3580,22896,85126160,62066439150,16485110,KSQ
1724,0007J0,KR70007J0006,인벤테라,KOSDAQ,기술성장기업부,7890,1,140,1.81,7890,8050,7760,13143,104307270,62060483460,7865714,KSQ
1725,100590,KR7100590009,머큐리,KOSDAQ,중견기업부,3620,1,335,10.2,3600,3795,3430,606289,2164196421,62045152900,17139545,KSQ
1726,214270,KR7214270001,FSN,KOSDAQ,중견기업부,1368,2,-12,-0.87,1380,1383,1360,51680,70866101,61908272280,45254585,KSQ
1727,072130,KR7072130008,유엔젤,KOSPI,,4870,2,-25,-0.51,4925,4995,4870,11794,58301615,61826860980,12695454,STK
1728,147760,KR7147760003,피엠티,KOSDAQ,벤처기업부,3090,1,300,10.75,2840,3175,2805,115238,344197895,61800000000,20000000,KSQ
1729,117670,KR7117670000,알파칩스,KOSDAQ,벤처기업부,9250,1,100,1.09,9250,9410,8990,5980,54816910,61621113500,6661742,KSQ
1730,005870,KR7005870001,휴니드,KOSPI,,4360,1,70,1.63,4290,4445,4285,39349,172849344,61545825400,14116015,STK
1731,084650,KR7084650001,랩지노믹스,KOSDAQ,중견기업부,826,1,75,9.99,773,895,746,7862530,6458365885,61322231740,74239990,KSQ
1732,411080,KR7411080005,샌즈랩,KOSDAQ,기술성장기업부,4010,1,90,2.3,3930,4150,3930,59749,242188304,61223228380,15267638,KSQ
1733,277880,KR7277880001,티에스아이,KOSDAQ,우량기업부,3085,1,125,4.22,3015,3135,3015,35252,108070000,61216309020,19843212,KSQ
1734,010660,KR7010660009,화천기계,KOSPI,,2780,1,30,1.09,2760,2820,2705,98661,274044320,61160000000,22000000,STK
1735,126880,KR7126880004,제이엔케이글로벌,KOSDAQ,우량기업부,2635,1,5,0.19,2655,2690,2615,44923,118989710,61144919405,23204903,KSQ
1736,229500,KR7229500004,노브메타파마,KONEX,일반기업부,4700,1,100,2.17,4800,5000,4450,3443,15562630,61055288900,12990487,KNX
1737,060310,KR7060310000,3S,KOSDAQ,벤처기업부,1150,1,96,9.11,1070,1160,1070,118357,133728396,61017896000,53059040,KSQ
1738,137950,KR7137950002,제이씨케미칼,KOSDAQ,우량기업부,2740,1,45,1.67,2675,2845,2675,42701,118182240,61013810360,22267814,KSQ
1739,002630,KR7002630002,오리엔트바이오,KOSPI,,1028,1,126,13.97,922,1167,902,2468291,2626837487,60951664056,59291502,STK
1740,100030,KR7100030006,인지소프트,KOSDAQ,중견기업부,18560,1,360,1.98,18670,18700,18260,6358,117618200,60945731840,3283714,KSQ
1741,058400,KR7058400003,KNN,KOSDAQ,우량기업부,4600,1,10,0.22,4625,4635,4590,9201,42338803,60917671200,13242972,KSQ
1742,241690,KR7241690007,유니테크노,KOSDAQ,우량기업부,2475,1,25,1.02,2445,2505,2435,21675,53636845,60564997350,24470706,KSQ
1743,111110,KR7111110003,호전실업,KOSPI,,6660,3,0,0.0,6620,6750,6620,3594,23994070,60379560000,9066000,STK
1744,417790,KR7417790003,트루엔,KOSDAQ,벤처기업부,5760,1,90,1.59,5720,5780,5680,5277,30259770,60297932160,10468391,KSQ
1745,067920,KR7067920009,이글루,KOSDAQ,우량기업부,5480,1,40,0.74,5420,5640,5410,69093,379424500,60258732120,10996119,KSQ
1746,448710,KR7448710004,코츠테크놀로지,KOSDAQ,벤처기업부,11370,1,440,4.03,11200,11540,11000,19737,223146315,60093770040,5285292,KSQ
1747,004770,KR7004770004,써니전자,KOSPI,,1692,1,14,0.83,1690,1712,1679,203723,345817115,60078585096,35507438,STK
1748,049480,KR7049480007,오픈베이스,KOSDAQ,우량기업부,1910,1,35,1.87,1875,1921,1875,133054,253739662,60016751530,31422383,KSQ
1749,179530,KR7179530001,애드바이오텍,KOSDAQ,기술성장기업부,2225,1,45,2.06,2245,2280,2100,79569,173879760,59964415275,26950299,KSQ
1750,333620,KR7333620003,엔시스,KOSDAQ,벤처기업부,5450,1,160,3.02,5320,5520,5180,14740,79619140,59938609500,10997910,KSQ
1751,251630,KR7251630000,브이원텍,KOSDAQ,벤처기업부,3755,1,75,2.04,3745,3840,3695,18899,70989605,59865536930,15942886,KSQ
1752,136150,KR7136150000,원일티엔아이,KOSDAQ,벤처기업부,7140,1,130,1.85,7190,7340,7030,6518,46887230,59840554200,8381030,KSQ
1753,168330,KR7168330009,내츄럴엔도텍,KOSDAQ,투자주의환기종목(소속부없음),1881,2,-5,-0.27,1897,1897,1864,6384,12010120,59730966900,31754900,KSQ
1754,412350,KR7412350001,레이저쎌,KOSDAQ,기술성장기업부,4090,1,190,4.87,4130,4215,4040,224684,924859813,59726445870,14603043,KSQ
1755,162300,KR7162300008,신스틸,KOSDAQ,우량기업부,1439,2,-1,-0.07,1450,1475,1438,8652,12563575,59677318698,41471382,KSQ
1756,094850,KR7094850005,참좋은여행,KOSDAQ,우량기업부,4260,1,50,1.19,4320,4320,4210,9697,41252745,59640000000,14000000,KSQ
1757,111710,KR7111710000,남화산업,KOSDAQ,중견기업부,2895,1,20,0.7,2895,2970,2875,65415,190967130,59602260000,20588000,KSQ
1758,007110,KR7007110000,일신석재,KOSPI,,769,1,22,2.95,749,789,749,192846,149151359,59564133090,77456610,STK
1759,043710,KR7043710003,코스리거글로벌,KOSDAQ,중견기업부,3430,3,0,0.0,3650,3650,3300,3011,10215355,59381881860,17312502,KSQ
1760,002760,KR7002760007,보락,KOSPI,,990,1,20,2.06,990,997,971,66505,65812377,59301000000,59900000,STK
1761,453860,KR7453860009,에이에스텍,KOSDAQ,벤처기업부,9180,2,-80,-0.86,9300,9500,9070,3879,35622980,59159803140,6444423,KSQ
1762,155650,KR7155650005,와이엠씨,KOSDAQ,우량기업부,3115,1,155,5.24,2980,3205,2965,108202,337970567,59105125170,18974358,KSQ
1763,056360,KR7056360001,코위버,KOSDAQ,벤처기업부,6020,1,340,5.99,6040,6200,5800,149739,904002950,58976736000,9796800,KSQ
1764,215360,KR7215360009,우리산업,KOSDAQ,우량기업부,6450,1,170,2.71,6260,6490,6260,11986,77040860,58902451350,9132163,KSQ
1765,318160,KR7318160009,셀바이오휴먼텍,KOSDAQ,벤처기업부,6300,1,20,0.32,6240,6400,6000,23275,145524720,58826331900,9337513,KSQ
1766,014470,KR7014470009,부방,KOSDAQ,벤처기업부,978,2,-22,-2.2,990,1012,973,112124,111580594,58731110280,60052260,KSQ
1767,348150,KR7348150004,고바이오랩,KOSDAQ,기술성장기업부,3020,2,-30,-0.98,3095,3115,3020,13698,41926375,58645044780,19418889,KSQ
1768,216050,KR7216050005,인크로스,KOSDAQ,중견기업부,4800,1,80,1.69,4725,4820,4725,18405,88101555,58553385600,12198622,KSQ
1769,048910,KR7048910004,대원미디어,KOSDAQ,우량기업부,4645,1,70,1.53,4605,4750,4605,18177,84821785,58429204170,12578946,KSQ
1770,460870,KR7460870009,에스엠씨지,KOSDAQ,벤처기업부,2905,1,125,4.5,2800,2950,2680,65275,186969855,58312948120,20073304,KSQ
1771,003010,KR7003010006,혜인,KOSPI,,4585,1,100,2.23,4570,4590,4500,40403,184402610,58287944995,12712747,STK
1772,003925,KR7003921004,남양유업우,KOSPI,,30800,2,-50,-0.16,31050,31250,30750,2443,75577800,58247389200,1891149,STK
1773,099520,KR7099520009,DGI,KOSDAQ,관리종목(소속부없음),1284,0,0,0.0,0,0,0,0,0,58141862016,45281824,KSQ
1774,040160,KR7040160004,누리플렉스,KOSDAQ,중견기업부,4820,1,410,9.3,4410,4980,4300,24091,115350914,58107678700,12055535,KSQ
1775,054300,KR7054300009,팬스타엔터프라이즈,KOSDAQ,벤처기업부,1004,1,4,0.4,1002,1019,992,137156,137775449,58102428780,57870945,KSQ
1776,261780,KR7261780001,아리바이오랩,KOSDAQ,기술성장기업부,2070,1,5,0.24,2100,2140,2065,183425,384023855,57988799910,28013913,KSQ
1777,291650,KR7291650000,압타머사이언스,KOSDAQ,기술성장기업부,950,0,0,0.0,0,0,0,0,0,57987279900,61039242,KSQ
1778,263690,KR7263690000,디알젬,KOSDAQ,우량기업부,5100,1,30,0.59,5030,5140,5010,7856,40025920,57760611000,11325610,KSQ
1779,008370,KR7008370009,원풍,KOSDAQ,우량기업부,4805,2,-5,-0.1,4870,4870,4750,3768,17992040,57660000000,12000000,KSQ
1780,000220,KR7000220004,유유제약,KOSPI,,3660,1,30,0.83,3650,3695,3630,42361,154925812,57635710920,15747462,STK
1781,016250,KR7016250003,SGC E&C,KOSDAQ,중견기업부,11440,1,170,1.51,11600,11710,11270,3744,42970850,57623119840,5036986,KSQ
1782,094970,KR7094970001,제이엠티,KOSDAQ,벤처기업부,3430,1,350,11.36,3095,3595,3080,441367,1491939715,57446463200,16748240,KSQ
1783,408470,KR7408470003,한패스,KOSDAQ,중견기업부,5420,1,80,1.5,5510,5520,5320,27187,148196950,57300240000,10572000,KSQ
1784,137080,KR7137080008,나래나노텍,KOSDAQ,중견기업부,5340,1,10,0.19,5360,5400,5310,5287,28229725,57191127660,10709949,KSQ
1785,246960,KR7246960009,SCL사이언스,KOSDAQ,기술성장기업부,1681,2,-30,-1.75,1714,1750,1677,64248,109528360,57182656007,34017047,KSQ
1786,129260,KR7129260006,인터지스,KOSPI,,1921,1,14,0.73,1908,1930,1900,27142,52056565,57145665954,29747874,STK
1787,075180,KR7075180000,새론오토모티브,KOSPI,,2975,1,15,0.51,2960,3010,2915,13455,39795610,57120000000,19200000,STK
1788,205470,KR7205470008,휴마시스,KOSDAQ,중견기업부,2305,1,90,4.06,2230,2395,2230,29191,66702265,56875877305,24675001,KSQ
1789,010470,KR7010470003,오리콤,KOSDAQ,우량기업부,4740,1,15,0.32,4775,4810,4735,3142,15017160,56761737000,11975050,KSQ
1790,439580,KR7439580002,블루엠텍,KOSDAQ,기술성장기업부,1677,1,24,1.45,1665,1703,1655,39438,66433598,56760659319,33846547,KSQ
1791,288180,KR7288180003,케이피항공산업,KOSDAQ,중견기업부,7670,1,220,2.95,7690,7910,7450,13827,106241700,56706319540,7393262,KSQ
1792,042110,KR7042110007,에스씨디,KOSDAQ,우량기업부,1172,1,18,1.56,1175,1181,1154,272693,319318058,56642249008,48329564,KSQ
1793,045340,KR7045340007,토탈소프트,KOSDAQ,벤처기업부,6610,1,150,2.32,6460,6640,6460,10211,66756990,56568644400,8558040,KSQ
1794,263600,KR7263600009,덕우전자,KOSDAQ,중견기업부,3550,1,155,4.57,3405,3555,3395,31259,109456980,56552600500,15930310,KSQ
1795,067170,KR7067170001,오텍,KOSDAQ,중견기업부,2055,1,35,1.73,2085,2085,2020,166004,340016167,56429852010,27459782,KSQ
1796,003310,KR7003310000,대주산업,KOSDAQ,우량기업부,1590,1,30,1.92,1571,1620,1561,205176,328480494,56273836500,35392350,KSQ
1797,053620,KR7053620001,태양,KOSDAQ,우량기업부,6530,1,10,0.15,6460,6600,6450,7238,47154650,56158000000,8600000,KSQ
1798,024900,KR7024900003,디와이덕양,KOSPI,,1715,3,0,0.0,1705,1785,1705,58322,101302490,55848940700,32564980,STK
1799,420570,KR7420570004,제이투케이바이오,KOSDAQ,벤처기업부,9550,1,210,2.25,9450,9580,9220,12796,120489470,55843462650,5847483,KSQ
1800,027050,KR7027050004,코리아나,KOSDAQ,중견기업부,1396,1,32,2.35,1364,1404,1364,46033,64020245,55840000000,40000000,KSQ
1801,050960,KR7050960004,수산아이앤티,KOSDAQ,벤처기업부,8270,1,120,1.47,8110,8280,8100,2616,21388460,55830770000,6751000,KSQ
1802,025550,KR7025550005,한국선재,KOSDAQ,중견기업부,2185,1,40,1.86,2160,2210,2160,43107,94617567,55748098740,25514004,KSQ
1803,459100,KR7459100004,위츠,KOSDAQ,중견기업부,4135,1,135,3.38,4010,4235,4010,25647,106126510,55682323500,13466100,KSQ
1804,037440,KR7037440005,희림,KOSDAQ,우량기업부,3995,1,155,4.04,3950,4030,3890,156308,622006806,55620287625,13922475,KSQ
1805,104540,KR7104540000,코렌텍,KOSDAQ,기술성장기업부,4145,1,90,2.22,4145,4190,4065,9888,41054275,55573714450,13407410,KSQ
1806,340930,KR7340930007,성원에너텍,KOSDAQ,관리종목(소속부없음),806,0,0,0.0,0,0,0,0,0,55513882710,68875785,KSQ
1807,020760,KR7020760005,일진디스플,KOSPI,,902,0,0,0.0,0,0,0,0,0,55503470462,61533781,STK
1808,007370,KR7007370000,진양제약,KOSDAQ,우량기업부,3925,1,40,1.03,3910,3935,3880,30326,118309640,55478253975,14134587,KSQ
1809,090080,KR7090080003,평화산업,KOSPI,,1010,1,3,0.3,1015,1020,984,228201,228609645,55451281590,54902259,STK
1810,036090,KR7036090009,위지트,KOSDAQ,중견기업부,1303,1,20,1.56,1296,1317,1295,125314,163538390,55443319742,42550514,KSQ
1811,088910,KR7088910005,동우팜투테이블,KOSDAQ,우량기업부,2155,1,20,0.94,2140,2160,2140,14626,31456401,55430401420,25721764,KSQ
1812,010770,KR7010770006,평화홀딩스,KOSPI,,3770,2,-55,-1.44,3800,3840,3740,40042,150845415,55138006820,14625466,STK
1813,950200,KR8840150005,소마젠,KOSDAQ,외국기업(소속부없음),2860,1,60,2.14,2850,2895,2800,9122,26019915,55015111580,19236053,KSQ
1814,039610,KR7039610001,화성밸브,KOSDAQ,우량기업부,5280,1,150,2.92,5130,5340,5130,23154,121719310,54966912000,10410400,KSQ
1815,476040,KR7476040001,오가노이드사이언스,KOSDAQ,기술성장기업부,8330,2,-170,-2.0,8550,8650,8310,17989,151891655,54859380800,6585760,KSQ
1816,457370,KR7457370005,한켐,KOSDAQ,중견기업부,6790,1,320,4.95,6740,6890,6600,96319,650765865,54775839860,8067134,KSQ
1817,217480,KR7217480003,에스디생명공학,KOSDAQ,투자주의환기종목(소속부없음),499,0,0,0.0,0,0,0,0,0,54756837359,109733141,KSQ
1818,004450,KR7004450003,삼화왕관,KOSPI,,25400,1,450,1.8,25800,25800,25150,553,14058300,54721226600,2154379,STK
1819,011230,KR7011230000,삼화전자,KOSPI,,2855,1,135,4.96,2830,2970,2805,825022,2370924431,54718316175,19165785,STK
1820,005305,KR7005301007,롯데칠성우,KOSPI,,70300,2,-600,-0.85,70900,71000,70000,550,38919500,54504293000,775310,STK
1821,273640,KR7273640003,와이엠텍,KOSDAQ,벤처기업부,4970,1,135,2.79,4970,5080,4902,6503,32436537,54501020000,10966000,KSQ
1822,002140,KR7002140002,고려산업,KOSPI,,2185,1,25,1.16,2120,2225,2110,1078339,2352329718,54492643625,24939425,STK
1823,092440,KR7092440007,기신정기,KOSPI,,1866,2,-1,-0.05,1867,1874,1859,19418,36293026,54487200000,29200000,STK
1824,033320,KR7033320003,제이씨현시스템,KOSDAQ,벤처기업부,2850,1,35,1.24,2820,2890,2820,29576,84854045,54476131200,19114432,KSQ
1825,219550,KR7219550001,디와이디,KOSDAQ,관리종목(소속부없음),1408,2,-34,-2.36,1491,1491,1392,37840,53561242,54451944448,38673256,KSQ
1826,000725,KR7000721001,현대건설우,KOSPI,,51600,1,1800,3.61,50000,52100,50000,2721,139299750,54422158800,1054693,STK
1827,214330,KR7214330003,금호에이치티,KOSPI,,5200,2,-50,-0.95,5310,5350,5190,33090,173748350,54376030800,10456929,STK
1828,039020,KR7039020003,이건홀딩스,KOSDAQ,중견기업부,2405,2,-5,-0.21,2485,2490,2400,35701,86083556,54316225145,22584709,KSQ
1829,170790,KR7170790000,파이오링크,KOSDAQ,우량기업부,8490,1,190,2.29,8750,8750,8350,16145,136383680,54313374150,6397335,KSQ
1830,391710,KR7391710001,코닉오토메이션,KOSDAQ,벤처기업부,1273,1,56,4.6,1215,1344,1208,178617,230246691,54255858310,42620470,KSQ
1831,299170,KR7299170001,더블유에스아이,KOSDAQ,중견기업부,1306,1,16,1.24,1290,1315,1281,109713,142478135,54213742128,41511288,KSQ
1832,040610,KR7040610008,SG&G,KOSDAQ,중견기업부,3175,1,10,0.32,3140,3225,3110,13683,43336043,54113423650,17043598,KSQ
1833,036120,KR7036120004,서울평가정보,KOSDAQ,중견기업부,1539,1,17,1.12,1564,1564,1522,56035,86145044,54088155000,35145000,KSQ
1834,370090,KR7370090003,퓨런티어,KOSDAQ,기술성장기업부,6310,1,140,2.27,6180,6430,6180,22324,140082110,53993597300,8556830,KSQ
1835,060570,KR7060570009,드림어스컴퍼니,KOSDAQ,중견기업부,728,0,0,0.0,0,0,0,0,0,53945945144,74101573,KSQ
1836,435570,KR7435570007,에르코스,KOSDAQ,벤처기업부,7070,1,120,1.73,6990,7090,6940,2910,20271320,53852069810,7616983,KSQ
1837,053160,KR7053160008,프리엠스,KOSDAQ,중견기업부,8970,2,-290,-3.13,9260,9260,8940,51487,467220500,53820000000,6000000,KSQ
1838,064800,KR7064800006,포니링크,KOSDAQ,중견기업부,2105,1,15,0.72,2140,2170,2070,42509,89870990,53806871195,25561459,KSQ
1839,027830,KR7027830009,대성창투,KOSDAQ,중견기업부,996,1,12,1.22,980,1000,980,49774,49469514,53784000000,54000000,KSQ
1840,046940,KR7046940003,우원개발,KOSDAQ,우량기업부,2975,1,60,2.06,2920,2980,2915,87054,256870440,53771191250,18074350,KSQ
1841,036670,KR7036670008,삼양케이씨아이,KOSDAQ,우량기업부,4995,2,-5,-0.1,5030,5050,4980,9784,48920749,53747199000,10760200,KSQ
1842,003465,KR7003461001,유화증권우,KOSPI,,3075,2,-5,-0.16,3080,3095,3075,287,885295,53740006875,17476425,STK
1843,003475,KR7003471000,유안타증권우,KOSPI,,4185,1,45,1.09,4160,4235,4160,21379,89939355,53615583450,12811370,STK
1844,347740,KR7347740003,피엔케이피부임상연구센타,KOSDAQ,벤처기업부,1783,1,14,0.79,1769,1800,1769,16256,29125870,53508857008,30010576,KSQ
1845,033310,KR7033310004,엠투엔,KOSDAQ,중견기업부,1336,1,4,0.3,1319,1342,1319,40775,54461856,53403201216,39972456,KSQ
1846,014950,KR7014950000,삼익제약,KOSDAQ,벤처기업부,5300,1,650,13.98,4850,5790,4635,1630440,8789583030,53358216400,10067588,KSQ
1847,123700,KR7123700007,SJM,KOSPI,,3415,1,70,2.09,3355,3420,3355,8307,28161958,53290726670,15604898,STK
1848,192250,KR7192250009,케이사인,KOSDAQ,벤처기업부,7540,1,240,3.29,7450,8020,7375,85400,654686605,53286122500,7067125,KSQ
1849,419080,KR7419080007,엔젯,KOSDAQ,기술성장기업부,4900,1,135,2.83,4730,5000,4725,27169,133248304,53271903300,10871817,KSQ
1850,002410,KR7002410009,범양건영,KOSPI,,1935,0,0,0.0,0,0,0,0,0,53173451700,27479820,STK
1851,314140,KR7314140005,알피바이오,KOSDAQ,우량기업부,6130,2,-60,-0.97,6130,6170,6080,5162,31564890,53124792930,8666361,KSQ
1852,012690,KR7012690004,모나리자,KOSPI,,1452,1,11,0.76,1444,1481,1443,216775,317700438,53101462260,36571255,STK
1853,317830,KR7317830008,에스피시스템스,KOSDAQ,벤처기업부,4925,1,185,3.9,4860,4945,4700,28223,137436878,53061053650,10773818,KSQ
1854,007815,KR7007811003,코리아써우,KOSPI,,17880,1,3890,27.81,14600,17880,14600,2205,36158040,53008657200,2964690,STK
1855,101140,KR7101140002,인바이오젠,KOSPI,,5240,1,10,0.19,5330,5350,5200,2703,14200460,52631691840,10044216,STK
1856,094940,KR7094940004,푸른로보틱스,KOSDAQ,벤처기업부,6290,1,270,4.49,6050,6320,5990,45714,283159490,52593117940,8361386,KSQ
1857,187420,KR7187420005,HLB제넥스,KOSDAQ,기술성장기업부,1607,1,7,0.44,1600,1670,1599,110060,179280210,52460429829,32644947,KSQ
1858,070300,KR7070300009,엑스큐어,KOSDAQ,벤처기업부,1476,1,37,2.57,1439,1510,1429,104168,154135359,52434500004,35524729,KSQ
1859,378850,KR7378850002,화승알앤에이,KOSPI,,2760,1,20,0.73,2780,2805,2705,8711,23940430,52422399480,18993623,STK
1860,452400,KR7452400005,이닉스,KOSDAQ,우량기업부,5770,2,-20,-0.35,5920,5940,5690,2163,12626530,52342139560,9071428,KSQ
1861,053270,KR7053270005,구영테크,KOSDAQ,우량기업부,1909,1,41,2.19,1868,1925,1868,55696,106169805,52326463145,27410405,KSQ
1862,025530,KR7025530007,SJM홀딩스,KOSPI,,3500,3,0,0.0,3520,3525,3485,11060,38727295,52269028000,14934008,STK
1863,091590,KR7091590000,남화토건,KOSDAQ,중견기업부,4450,1,75,1.71,4545,4670,4420,315620,1424140490,52243000000,11740000,KSQ
1864,191420,KR7191420009,테고사이언스,KOSDAQ,벤처기업부,6440,2,-90,-1.38,6530,6580,6370,1189,7693060,52220890960,8108834,KSQ
1865,007280,KR7007280001,한국특강,KOSPI,,1821,1,11,0.61,1810,1848,1810,6917,12583212,52165349340,28646540,STK
1866,054930,KR7054930003,유신,KOSDAQ,우량기업부,17380,1,830,5.02,16640,17420,16640,7462,127538690,52140000000,3000000,KSQ
1867,071670,KR7071670004,에이테크솔루션,KOSDAQ,중견기업부,5210,1,90,1.76,5150,5320,5140,18812,98014340,52100000000,10000000,KSQ
1868,006880,KR7006880009,신송홀딩스,KOSPI,,4395,1,80,1.85,4375,4480,4330,10711,47188039,51987830910,11828858,STK
1869,004060,KR7004060000,SG세계물산,KOSPI,,2550,2,-35,-1.35,2585,2610,2485,121685,308683615,51618364800,20242496,STK
1870,001465,KR7001461003,BYC우,KOSPI,,23950,1,150,0.63,24000,24100,23800,47,1128150,51584707500,2153850,STK
1871,000950,KR7000950006,전방,KOSPI,,30700,1,1150,3.89,29550,32050,29550,9201,281385150,51576000000,1680000,STK
1872,096610,KR7096610001,알에프세미,KOSDAQ,투자주의환기종목(소속부없음),2965,0,0,0.0,0,0,0,0,0,51550708615,17386411,KSQ
1873,081180,KR7081180002,쎄크,KOSDAQ,기술성장기업부,5840,1,300,5.42,5650,6000,5650,60602,352343680,51541124400,8825535,KSQ
1874,457600,KR7457600005,벡트,KOSDAQ,벤처기업부,3760,1,80,2.17,3685,3965,3685,156998,604706752,51540200000,13707500,KSQ
1875,046210,KR7046210001,HLB파나진,KOSDAQ,벤처기업부,1130,1,26,2.36,1104,1170,1104,101008,113854465,51446594800,45527960,KSQ
1876,299660,KR7299660001,셀리드,KOSDAQ,기술성장기업부,1741,1,34,1.99,1690,1780,1651,862308,1490811345,51364682957,29502977,KSQ
1877,053050,KR7053050001,지에스이,KOSDAQ,우량기업부,1711,1,7,0.41,1704,1732,1691,51135,87476365,51308778467,29987597,KSQ
1878,064240,KR7064240005,홈캐스트,KOSDAQ,벤처기업부,1478,1,61,4.3,1473,1588,1430,28536,42697960,51278102978,34694251,KSQ
1879,004830,KR7004830006,덕성,KOSPI,,3270,1,50,1.55,3230,3305,3230,38662,126418495,51273600000,15680000,STK
1880,006370,KR7006370001,대구백화점,KOSPI,,4735,2,-150,-3.07,4980,5000,4695,29223,140214250,51240328085,10821611,STK
1881,104620,KR7104620000,노랑풍선,KOSDAQ,중견기업부,3045,1,65,2.18,3000,3055,2990,18362,55613517,51188130840,16810552,KSQ
1882,136410,KR7136410008,아셈스,KOSDAQ,벤처기업부,4645,1,110,2.43,4550,4655,4530,1498,6926225,51183747370,11019106,KSQ
1883,033230,KR7033230004,인성정보,KOSDAQ,중견기업부,1013,1,7,0.7,1000,1019,1000,132712,133669600,51172079940,50515380,KSQ
1884,109080,KR7109080002,옵티시스,KOSDAQ,벤처기업부,9070,1,740,8.88,8680,9380,8460,37760,339966755,51118520000,5636000,KSQ
1885,001550,KR7001550003,조비,KOSPI,,9840,1,110,1.13,9900,9960,9770,8362,82449620,51091631760,5192239,STK
1886,317530,KR7317530004,에피소드컴퍼니,KOSDAQ,기술성장기업부,2915,1,15,0.52,2850,2995,2630,37115,107365785,50997581030,17494882,KSQ
1887,179900,KR7179900006,유티아이,KOSDAQ,투자주의환기종목(소속부없음),2575,1,525,25.61,2200,2620,2080,566712,1332403105,50960310900,19790412,KSQ
1888,053450,KR7053450003,세코닉스,KOSDAQ,우량기업부,3430,1,65,1.93,3370,3515,3370,31312,108367250,50739314290,14792803,KSQ
1889,063440,KR7063440002,SM Life Design,KOSDAQ,중견기업부,1119,2,-1,-0.09,1124,1132,1107,74661,83506636,50712368316,45319364,KSQ
1890,122310,KR7122310006,제노레이,KOSDAQ,우량기업부,3480,1,60,1.75,3490,3535,3360,26619,92343170,50647377120,14553844,KSQ
1891,37550K,KR737550K011,DL이앤씨우,KOSPI,,23950,1,250,1.05,23600,24250,23000,4476,107044350,50627545750,2113885,STK
1892,066670,KR7066670001,디티씨,KOSDAQ,중견기업부,2700,1,55,2.08,2620,2760,2615,12871,34774410,50468178600,18691918,KSQ
1893,393970,KR7393970009,대진첨단소재,KOSDAQ,관리종목(소속부없음),2825,0,0,0.0,0,0,0,0,0,50428566500,17850820,KSQ
1894,024910,KR7024910002,경창산업,KOSDAQ,중견기업부,1405,1,44,3.23,1362,1428,1362,43403,61182297,50325702025,35819005,KSQ
1895,023810,KR7023810005,인팩,KOSPI,,5030,1,60,1.21,5040,5040,4975,10390,52018160,50300000000,10000000,STK
1896,039240,KR7039240007,경남스틸,KOSDAQ,우량기업부,1864,2,-29,-1.53,1912,1937,1858,98589,185960498,50289981856,26979604,KSQ
1897,217500,KR7217500008,러셀,KOSDAQ,벤처기업부,1579,1,36,2.33,1544,1590,1525,38322,60098687,50231148000,31812000,KSQ
1898,372910,KR7372910000,한컴라이프케어,KOSPI,,1811,1,52,2.96,1777,1813,1769,60098,107936504,50118349266,27674406,STK
1899,092300,KR7092300003,현우산업,KOSDAQ,우량기업부,2485,1,90,3.76,2410,2530,2410,81636,202904140,50072429435,20149871,KSQ
1900,003780,KR7003780004,진양산업,KOSPI,,3850,1,45,1.18,3815,3890,3815,43026,165674355,50050000000,13000000,STK
1901,260930,KR7260930003,씨티케이,KOSDAQ,중견기업부,2575,1,75,3.0,2520,2600,2510,11001,28184810,49804596825,19341591,KSQ
1902,009320,KR7009320003,아진전자부품,KOSPI,,1010,1,14,1.41,1000,1017,996,91587,92584870,49792767700,49299770,STK
1903,011300,KR7011300001,우성머티리얼스,KOSPI,,2960,2,-35,-1.17,2980,3150,2935,23403,70585735,49775576080,16816073,STK
1904,006980,KR7006980007,우성,KOSPI,,16050,1,280,1.78,15770,17180,15770,881,14493030,49594500000,3090000,STK
1905,225190,KR7225190008,LK삼양,KOSDAQ,중견기업부,703,3,0,0.0,721,809,695,6811958,5033285098,49539313320,70468440,KSQ
1906,302430,KR7302430004,이노메트리,KOSDAQ,벤처기업부,5030,1,145,2.97,4885,5070,4885,11685,58352510,49461036240,9833208,KSQ
1907,072990,KR7072990005,에이치시티,KOSDAQ,우량기업부,3405,2,-95,-2.71,3500,3500,3335,56624,192141325,49366391430,14498206,KSQ
1908,459550,KR7459550000,알트,KOSDAQ,중견기업부,1956,1,173,9.7,1835,2160,1792,14754328,29417228927,49331808516,25220761,KSQ
1909,256630,KR7256630005,포인트엔지니어링,KOSDAQ,벤처기업부,4250,1,10,0.24,4235,4250,4200,3191,13544600,49297509500,11599414,KSQ
1910,241790,KR7241790005,티이엠씨씨엔에스,KOSDAQ,우량기업부,4920,1,180,3.8,4795,4990,4795,35920,176053555,49212959280,10002634,KSQ
1911,463480,KR7463480004,모티브링크,KOSDAQ,중견기업부,3965,1,185,4.89,3780,4140,3780,17772,70042955,49127769470,12390358,KSQ
1912,317850,KR7317850006,대모,KOSDAQ,벤처기업부,5900,1,240,4.24,5700,5940,5700,16456,96607100,49114078000,8324420,KSQ
1913,35320K,KR735320K011,대덕전자1우,KOSPI,,23300,1,1900,8.88,22600,23850,20700,11584,259562550,48825592700,2095519,STK
1914,198080,KR7198080004,캐프,KOSDAQ,우량기업부,2265,1,30,1.34,2250,2290,2240,33933,76846900,48777194025,21535185,KSQ
1915,228340,KR7228340006,동양파일,KOSDAQ,중견기업부,2435,1,15,0.62,2460,2530,2345,235534,583658743,48700000000,20000000,KSQ
1916,048770,KR7048770002,TPC로보틱스,KOSDAQ,벤처기업부,3100,1,150,5.08,3060,3140,2955,105045,323189545,48663772100,15697991,KSQ
1917,145170,KR7145170007,노브랜드,KOSDAQ,중견기업부,2875,1,50,1.77,2820,2970,2815,12429,35805810,48611664375,16908405,KSQ
1918,0013V0,KR70013V0002,삼진식품,KOSDAQ,중견기업부,4895,1,55,1.14,4850,4950,4850,7612,37420820,48551821120,9918656,KSQ
1919,011000,KR7011000007,진원생명과학,KOSPI,,2670,0,0,0.0,0,0,0,0,0,48531471270,18176581,STK
1920,004920,KR7004920005,씨아이테크,KOSPI,,926,2,-1,-0.11,924,938,915,99590,91783849,48318561472,52179872,STK
1921,041650,KR7041650003,상신브레이크,KOSPI,,2250,1,50,2.27,2210,2260,2185,23946,53239928,48310762500,21471450,STK
1922,002920,KR7002920007,유성기업,KOSPI,,1859,1,10,0.54,1854,1860,1829,7357,13633322,48236402500,25947500,STK
1923,294140,KR7294140009,레몬,KOSDAQ,관리종목(소속부없음),1931,1,121,6.69,1815,1958,1815,6229,11907427,48110513558,24914818,KSQ
1924,006125,KR7006121008,SK디스커버리우,KOSPI,,38900,1,350,0.91,38600,39150,38600,701,27301450,47913324500,1231705,STK
1925,082660,KR7082660002,코스나인,KOSDAQ,관리종목(소속부없음),480,0,0,0.0,0,0,0,0,0,47827617120,99640869,KSQ
1926,101670,KR7101670008,하이드로리튬,KOSDAQ,중견기업부,841,1,11,1.33,840,864,831,266165,225620312,47749614267,56777187,KSQ
1927,321260,KR7321260002,프로이천,KOSDAQ,벤처기업부,1692,1,70,4.32,1654,1730,1636,130886,220642601,47701006128,28192084,KSQ
1928,019990,KR7019990001,에너토크,KOSDAQ,중견기업부,4885,1,95,1.98,4820,4945,4820,31741,154569605,47658489880,9756088,KSQ
1929,053980,KR7053980009,오상자이엘,KOSDAQ,우량기업부,2510,1,15,0.6,2500,2540,2455,32388,80602890,47646785330,18982783,KSQ
1930,418250,KR7418250007,시큐레터,KOSDAQ,관리종목(소속부없음),6550,0,0,0.0,0,0,0,0,0,47629012750,7271605,KSQ
1931,311690,KR7311690002,CJ 바이오사이언스,KOSDAQ,기술성장기업부,3640,1,40,1.11,3600,3650,3550,5631,20314310,47558281680,13065462,KSQ
1932,001620,KR7001620004,케이비아이동국실업,KOSPI,,2135,1,45,2.15,2090,2155,2090,19807,41934315,47522123810,22258606,STK
1933,317690,KR7317690006,퀀타매트릭스,KOSDAQ,기술성장기업부,2360,1,40,1.72,2320,2390,2295,65535,153999350,47518668440,20135029,KSQ
1934,28513K,KR728513K010,SK케미칼우,KOSPI,,22400,1,250,1.13,22200,22600,21550,1503,33681800,47385609600,2115429,STK
1935,088280,KR7088280003,쏘닉스,KOSDAQ,기술성장기업부,2735,1,265,10.73,2570,2830,2555,110676,300766348,47333250150,17306490,KSQ
1936,082850,KR7082850009,우리바이오,KOSDAQ,중견기업부,974,1,14,1.46,980,981,960,69924,67798835,47196706972,48456578,KSQ
1937,072470,KR7072470008,우리산업홀딩스,KOSDAQ,중견기업부,2495,1,75,3.1,2420,2590,2420,16717,41617495,47123915795,18887341,KSQ
1938,315640,KR7315640003,딥노이드,KOSDAQ,기술성장기업부,1600,2,-6,-0.37,1602,1686,1526,433143,691912558,46995571200,29372232,KSQ
1939,097800,KR7097800007,윈팩,KOSDAQ,중견기업부,1722,1,61,3.67,1661,1740,1661,39876,67977246,46993457490,27290045,KSQ
1940,023440,KR7023440001,제이스코홀딩스,KOSDAQ,관리종목(소속부없음),521,0,0,0.0,0,0,0,0,0,46964378481,90142761,KSQ
1941,0010V0,KR70010V0005,제이피아이헬스케어,KOSDAQ,벤처기업부,9190,1,200,2.22,8990,9190,8810,14581,132020250,46918626000,5105400,KSQ
1942,037950,KR7037950003,엘컴텍,KOSDAQ,중견기업부,2775,1,5,0.18,2770,2825,2740,4738,13121515,46868370825,16889503,KSQ
1943,038010,KR7038010005,제일테크노스,KOSDAQ,우량기업부,5200,1,40,0.78,5180,5270,5170,4050,21173710,46800000000,9000000,KSQ
1944,143540,KR7143540003,영우디에스피,KOSDAQ,벤처기업부,1049,1,3,0.29,1050,1082,1046,67680,71857049,46785289855,44599895,KSQ
1945,051390,KR7051390003,YW,KOSDAQ,중견기업부,4120,1,30,0.73,4100,4150,4070,2413,9918785,46784116160,11355368,KSQ
1946,222420,KR7222420002,쎄노텍,KOSDAQ,벤처기업부,966,1,8,0.84,958,1000,945,67208,64531496,46772293218,48418523,KSQ
1947,021050,KR7021050000,서원,KOSPI,,984,1,29,3.04,964,992,964,259276,254515754,46714996560,47474590,STK
1948,114450,KR7114450000,그린생명과학,KOSDAQ,벤처기업부,2335,1,5,0.21,2330,2360,2280,86684,201137942,46700000000,20000000,KSQ
1949,413640,KR7413640004,비아이매트릭스,KOSDAQ,벤처기업부,6470,1,70,1.09,6440,6480,6290,8251,52456380,46628901800,7206940,KSQ
1950,038060,KR7038060000,루멘스,KOSDAQ,중견기업부,969,1,126,14.95,843,969,843,732467,681641207,46611873861,48103069,KSQ
1951,024950,KR7024950008,삼천리자전거,KOSDAQ,중견기업부,3750,1,35,0.94,3715,3865,3685,31285,118528869,46500000000,12400000,KSQ
1952,015710,KR7015710007,코콤,KOSDAQ,우량기업부,2650,1,5,0.19,2705,2705,2645,5495,14616225,46455825000,17530500,KSQ
1953,060560,KR7060560000,HC홈센타,KOSDAQ,중견기업부,1826,1,32,1.78,1848,1850,1756,1089,1969882,46358489826,25388001,KSQ
1954,069460,KR7069460004,대호에이엘,KOSPI,,2660,0,0,0.0,0,0,0,0,0,46322277400,17414390,STK
1955,950220,KR8840140006,네오이뮨텍,KOSDAQ,기술성장기업부,1353,2,-26,-1.89,1379,1390,1350,144044,196254914,46288619520,34211840,KSQ
1956,440290,KR7440290005,HB인베스트먼트,KOSDAQ,중견기업부,1678,1,31,1.88,1655,1679,1655,16231,27114252,46155789540,27506430,KSQ
1957,471820,KR7471820001,셀로맥스사이언스,KOSDAQ,벤처기업부,4080,1,15,0.37,4185,4185,4045,1106,4537080,46115746320,11302879,KSQ
1958,461030,KR7461030009,아이엠비디엑스,KOSDAQ,기술성장기업부,3215,1,10,0.31,3205,3250,3160,22939,73623910,46085472155,14334517,KSQ
1959,007680,KR7007680002,대원,KOSDAQ,중견기업부,3480,1,75,2.2,3410,3495,3410,6317,21883075,46015128240,13222738,KSQ
1960,057540,KR7057540007,옴니시스템,KOSDAQ,중견기업부,770,2,-3,-0.39,798,798,765,178583,138822497,45733586360,59394268,KSQ
1961,001210,KR7001210004,금호전기,KOSPI,,3695,1,30,0.82,3770,3930,3655,1551206,5809892540,45729379120,12376016,STK
1962,224110,KR7224110007,에이텍모빌리티,KOSDAQ,벤처기업부,8990,1,200,2.28,8800,8990,8770,15424,137324510,45672670140,5080386,KSQ
1963,460470,KR7460470008,아이빔테크놀로지,KOSDAQ,기술성장기업부,3020,1,80,2.72,2925,3045,2925,13933,41505425,45660497400,15119370,KSQ
1964,286750,KR7286750005,나노실리칸첨단소재,KOSDAQ,투자주의환기종목(소속부없음),1425,0,0,0.0,0,0,0,0,0,45641121225,32028857,KSQ
1965,384470,KR7384470001,코어라인소프트,KOSDAQ,기술성장기업부,2540,2,-45,-1.74,2605,2685,2530,25209,64713005,45584597680,17946692,KSQ
1966,009835,KR7009831009,한화솔루션우,KOSPI,,17650,1,1040,6.26,16630,18590,16630,23206,410685860,45454909850,2575349,STK
1967,004910,KR7004910006,조광페인트,KOSPI,,3550,3,0,0.0,3550,3630,3510,24207,86123585,45440000000,12800000,STK
1968,376290,KR7376290003,씨유테크,KOSDAQ,벤처기업부,2570,1,15,0.59,2565,2600,2540,1179,3021110,45379775000,17657500,KSQ
1969,127710,KR7127710002,아시아경제,KOSDAQ,중견기업부,1028,1,1,0.1,1037,1037,999,3490,3529842,45282587880,44049210,KSQ
1970,191600,KR7191600006,블루탑,KONEX,일반기업부,15830,1,1410,9.78,15830,15830,15830,1,15830,45256830240,2858928,KNX
1971,052790,KR7052790003,액토즈소프트,KOSDAQ,중견기업부,4135,1,5,0.12,4180,4180,4120,3049,12628730,45173001845,10924547,KSQ
1972,357250,KR7357250000,미래에셋맵스리츠,KOSPI,,1807,2,-9,-0.5,1816,1830,1800,24144,43690548,45166154735,24995105,STK
1973,005030,KR7005030002,부산주공,KOSPI,,486,0,0,0.0,0,0,0,0,0,45092532168,92782988,STK
1974,180060,KR7180060006,탑선,KONEX,일반기업부,4810,2,-390,-7.5,5300,5300,4810,488,2445750,44962273460,9347666,KNX
1975,074610,KR7074610007,이엔플러스,KOSPI,,5110,0,0,0.0,0,0,0,0,0,44815400070,8770137,STK
1976,382150,KR7382150001,온코크로스,KOSDAQ,기술성장기업부,3435,1,125,3.78,3310,3550,3310,39631,136514155,44814225990,13046354,KSQ
1977,340810,KR7340810001,시선AI,KOSDAQ,기술성장기업부,3280,1,65,2.02,3260,3440,3205,307911,1018222736,44755521280,13644976,KSQ
1978,065130,KR7065130007,탑엔지니어링,KOSDAQ,중견기업부,2795,1,25,0.9,2770,2890,2770,39829,111779485,44731180000,16004000,KSQ
1979,163280,KR7163280001,에어레인,KOSDAQ,기술성장기업부,3280,1,110,3.47,3170,3315,3170,29920,97029131,44618095840,13603078,KSQ
1980,003080,KR7003080009,SB성보,KOSPI,,2225,1,15,0.68,2217,2230,2217,3779,8396772,44544500000,20020000,STK
1981,065500,KR7065500001,오리엔트정공,KOSDAQ,중견기업부,1240,1,46,3.85,1194,1311,1183,457750,567891114,44321210880,35742912,KSQ
1982,288330,KR7288330004,파라택시스코리아,KOSDAQ,관리종목(소속부없음),416,0,0,0.0,0,0,0,0,0,44129674368,106080948,KSQ
1983,189980,KR7189980006,흥국에프엔비,KOSDAQ,우량기업부,1098,1,3,0.27,1100,1115,1092,21281,23528448,44071334046,40137827,KSQ
1984,004540,KR7004540001,깨끗한나라,KOSPI,,1179,1,31,2.7,1163,1188,1148,63060,73828263,43906777047,37240693,STK
1985,150900,KR7150900009,파수AI,KOSDAQ,벤처기업부,3750,1,55,1.49,3700,3860,3645,40388,151078304,43889707500,11703922,KSQ
1986,066130,KR7066130006,하츠,KOSDAQ,우량기업부,3420,2,-40,-1.16,3450,3510,3415,18775,65108320,43776000000,12800000,KSQ
1987,073110,KR7073110009,엘엠에스,KOSDAQ,벤처기업부,4910,3,0,0.0,4910,5110,4910,1827,8986335,43678157050,8895755,KSQ
1988,373160,KR7373160001,데이원컴퍼니,KOSDAQ,기술성장기업부,3150,1,95,3.11,3070,3160,3065,4641,14511675,43493527350,13807469,KSQ
1989,480370,KR7480370006,씨케이솔루션,KOSPI,,1339,1,51,3.96,1295,1379,1247,88224,118017441,43492605312,32481408,STK
1990,099410,KR7099410003,동방선기,KOSDAQ,벤처기업부,3100,1,70,2.31,3035,3160,3035,35476,110725498,43400000000,14000000,KSQ
1991,227950,KR7227950003,엔투텍,KOSDAQ,벤처기업부,1254,1,24,1.95,1230,1291,1220,43755,54891370,43273294086,34508209,KSQ
1992,065440,KR7065440000,이루온,KOSDAQ,벤처기업부,1586,1,88,5.87,1550,1700,1546,691667,1127100989,43258181720,27275020,KSQ
1993,000910,KR7000910000,유니온,KOSPI,,2770,2,-5,-0.18,2880,2880,2700,29246,81150415,43244184630,15611619,STK
1994,014190,KR7014190003,원익큐브,KOSDAQ,우량기업부,1221,1,5,0.41,1240,1259,1211,42116,52013539,43217381691,35395071,KSQ
1995,481850,KR7481850006,신한글로벌액티브리츠,KOSPI,,994,1,3,0.3,1000,1000,950,36375,35740723,43216798016,43477664,STK
1996,092780,KR7092780006,DYP,KOSPI,,3280,1,110,3.47,3230,3330,3230,7299,23905150,43192548800,13168460,STK
1997,340360,KR7340360007,다보링크,KOSDAQ,투자주의환기종목(소속부없음),826,1,20,2.48,821,887,798,159574,134577072,43003849672,52062772,KSQ
1998,261520,KR7261520001,이지스,KOSDAQ,기술성장기업부,4180,1,180,4.5,4015,4250,4015,29198,122050090,42961204000,10277800,KSQ
1999,153460,KR7153460001,네이블,KOSDAQ,중견기업부,6570,1,140,2.18,6550,6610,6430,6576,43100260,42902191980,6530014,KSQ
2000,162120,KR7162120000,루켄테크놀러지스,KONEX,일반기업부,3845,1,135,3.64,3505,3845,3505,7457,28269780,42897134690,11156602,KNX
2001,373200,KR7373200005,엑스플러스,KOSDAQ,벤처기업부,1712,2,-23,-1.33,1735,1750,1679,16262,27888965,42874021744,25043237,KSQ
2002,273060,KR7273060004,와이즈버즈,KOSDAQ,중견기업부,872,1,5,0.58,870,920,859,34197,30198759,42853812160,49144280,KSQ
2003,112190,KR7112190004,KC산업,KONEX,일반기업부,1199,1,2,0.17,1199,1199,1199,1,1199,42779680933,35679467,KNX
2004,159580,KR7159580000,제로투세븐,KOSDAQ,중견기업부,2135,1,10,0.47,2140,2170,2120,11937,25677425,42769677860,20032636,KSQ
2005,008420,KR7008420002,문배철강,KOSPI,,2080,1,20,0.97,2060,2115,2055,24570,51070010,42647290400,20503505,STK
2006,190650,KR7190650002,코리아에셋투자증권,KOSDAQ,우량기업부,6670,1,20,0.3,6650,6740,6650,4662,31178820,42607960000,6388000,KSQ
2007,104200,KR7104200001,NHN벅스,KOSDAQ,중견기업부,2870,1,75,2.68,2820,2875,2785,54424,153704680,42555068500,14827550,KSQ
2008,352910,KR7352910004,오비고,KOSDAQ,기술성장기업부,3365,1,5,0.15,3400,3425,3325,4846,16403985,42526203730,12637802,KSQ
2009,262260,KR7262260003,에이프로,KOSDAQ,우량기업부,2815,1,155,5.83,2730,2860,2660,134068,370652235,42443612900,15077660,KSQ
2010,023350,KR7023350002,한국종합기술,KOSPI,,3865,2,-65,-1.65,4000,4000,3850,57401,222588719,42321750000,10950000,STK
2011,129890,KR7129890000,앱코,KOSDAQ,벤처기업부,929,1,12,1.31,934,938,918,69433,64536479,42311864258,45545602,KSQ
2012,011390,KR7011390002,부산산업,KOSPI,,40050,1,1050,2.69,39050,40450,39050,1060,42285050,42292800000,1056000,STK
2013,025880,KR7025880006,케이씨피드,KOSDAQ,우량기업부,2525,1,15,0.6,2540,2540,2510,8346,21066243,42207541450,16715858,KSQ
2014,466410,KR7466410008,사이냅소프트,KOSDAQ,벤처기업부,8370,2,-80,-0.95,8500,8640,8360,3172,26966200,42159882510,5037023,KSQ
2015,089790,KR7089790000,제이티,KOSDAQ,벤처기업부,4085,1,100,2.51,4285,4285,4010,24694,100845838,42138870605,10315513,KSQ
2016,043340,KR7043340009,에쎈테크,KOSDAQ,중견기업부,886,1,56,6.75,830,905,816,182954,161164236,42085000000,47500000,KSQ
2017,263020,KR7263020000,디케이앤디,KOSDAQ,벤처기업부,3030,2,-30,-0.98,3050,3080,3030,14566,44471005,41923522380,13836146,KSQ
2018,296160,KR7296160005,프로젠,KONEX,일반기업부,2725,2,-60,-2.15,2800,2895,2650,4030,10732590,41897090275,15375079,KNX
2019,068330,KR7068330000,일신바이오,KOSDAQ,중견기업부,947,1,35,3.84,931,955,916,41903,39212288,41872684580,44216140,KSQ
2020,189860,KR7189860000,서전기전,KOSDAQ,벤처기업부,4315,1,215,5.24,4150,4390,4145,96303,412547556,41850235700,9698780,KSQ
2021,060850,KR7060850005,영림원소프트랩,KOSDAQ,벤처기업부,5130,1,10,0.2,5120,5170,4965,5383,27394520,41712030000,8131000,KSQ
2022,355690,KR7355690009,에이텀,KOSDAQ,기술성장기업부,4355,1,35,0.81,4420,4420,4275,18143,79069657,41679044095,9570389,KSQ
2023,042940,KR7042940007,상지건설,KOSDAQ,중견기업부,6100,1,270,4.63,6020,6800,5940,294928,1861511025,41655143200,6828712,KSQ
2024,004410,KR7004410007,서울식품,KOSPI,,1055,1,3,0.29,1052,1064,1030,114192,120706805,41625038715,39455013,STK
2025,246690,KR7246690002,TS인베스트먼트,KOSDAQ,중견기업부,1746,1,56,3.31,1690,1774,1655,92949,161106689,41516691804,23778174,KSQ
2026,261200,KR7261200000,덴티스,KOSDAQ,중견기업부,2625,1,60,2.34,2565,2660,2520,17711,46326805,41500462500,15809700,KSQ
2027,056700,KR7056700008,신화인터텍,KOSDAQ,중견기업부,1424,1,5,0.35,1429,1432,1401,24452,34644451,41488369584,29135091,KSQ
2028,019490,KR7019490002,엑시큐어하이트론,KOSPI,,541,0,0,0.0,0,0,0,0,0,41349858070,76432270,STK
2029,099220,KR7099220006,SDN,KOSDAQ,중견기업부,656,1,6,0.92,654,678,652,160134,106008819,41291493600,62944350,KSQ
2030,086060,KR7086060001,진바이오텍,KOSDAQ,중견기업부,4795,1,5,0.1,4790,4895,4545,42630,202424975,41287764665,8610587,KSQ
2031,196450,KR7196450001,코아시아씨엠,KOSDAQ,중견기업부,910,1,12,1.34,902,950,899,12869,11755394,41241200000,45320000,KSQ
2032,084870,KR7084870005,TBH글로벌,KOSPI,,2015,3,0,0.0,2015,2050,1988,30187,61145173,41223385840,20458256,STK
2033,277070,KR7277070009,린드먼아시아,KOSDAQ,중견기업부,3010,3,0,0.0,3040,3040,2965,1989,5956712,41212920000,13692000,KSQ
2034,263810,KR7263810004,상신전자,KOSDAQ,중견기업부,2585,1,40,1.57,2550,2595,2540,18530,47799705,41165672625,15924825,KSQ
2035,033540,KR7033540006,파라텍,KOSDAQ,중견기업부,787,0,0,0.0,0,0,0,0,0,41117862497,52246331,KSQ
2036,218150,KR7218150001,미래생명자원,KOSDAQ,벤처기업부,2010,1,62,3.18,1949,2040,1944,282599,568623879,41035762020,20415802,KSQ
2037,050120,KR7050120005,ES큐브,KOSDAQ,중견기업부,3025,1,80,2.72,2945,3035,2925,20691,61674745,41031360150,13564086,KSQ
2038,122690,KR7122690001,서진오토모티브,KOSDAQ,중견기업부,1773,1,25,1.43,1750,1800,1720,35223,62435252,40919361318,23079166,KSQ
2039,215380,KR7215380007,콜마바이오텍,KOSDAQ,벤처기업부,2430,1,35,1.46,2420,2450,2395,10367,25104970,40895869680,16829576,KSQ
2040,131400,KR7131400004,이브이첨단소재,KOSDAQ,벤처기업부,686,1,13,1.93,699,699,679,403094,276955724,40880031052,59591882,KSQ
2041,238120,KR7238120000,얼라인드,KOSDAQ,기술성장기업부,2875,1,60,2.13,2830,3250,2600,387481,1141367732,40877537750,14218274,KSQ
2042,037230,KR7037230000,한국팩키지,KOSDAQ,우량기업부,1369,1,17,1.26,1344,1395,1343,51853,71065892,40796647663,29800327,KSQ
2043,270870,KR7270870009,뉴트리,KOSDAQ,중견기업부,4525,2,-50,-1.09,4540,4700,4440,11056,50059420,40701678150,8994846,KSQ
2044,038070,KR7038070009,서린바이오,KOSDAQ,중견기업부,4370,1,165,3.92,4225,4395,4225,11282,48746860,40643954120,9300676,KSQ
2045,178780,KR7178780003,일월지엠엘,KOSDAQ,벤처기업부,2180,2,-15,-0.68,2195,2255,2150,1255,2738376,40633445100,18639195,KSQ
2046,140520,KR7140520008,대창스틸,KOSDAQ,중견기업부,1924,1,8,0.42,1916,1935,1904,42294,80982020,40614183532,21109243,KSQ
2047,171010,KR7171010002,램테크놀러지,KOSDAQ,벤처기업부,2835,1,65,2.35,2795,2870,2795,11921,33831435,40536961920,14298752,KSQ
2048,011420,KR7011420007,갤럭시아에스엠,KOSPI,,1467,2,-1,-0.07,1442,1478,1442,41974,61725404,40415327748,27549644,STK
2049,017040,KR7017040007,광명전기,KOSPI,,932,0,0,0.0,0,0,0,0,0,40390657180,43337615,STK
2050,479960,KR7479960007,위너스일렉,KOSDAQ,중견기업부,5650,1,80,1.44,5540,5660,5540,2947,16535900,40261900000,7126000,KSQ
2051,424980,KR7424980001,마이크로투나노,KOSDAQ,기술성장기업부,6800,1,240,3.66,6900,6920,6510,7059,48283040,40248452000,5918890,KSQ
2052,229000,KR7229000005,젠큐릭스,KOSDAQ,기술성장기업부,1716,1,71,4.32,1654,1739,1605,86017,146656241,40202731140,23428165,KSQ
2053,052220,KR7052220001,iMBC,KOSDAQ,중견기업부,1745,1,55,3.25,1690,1769,1690,19223,33416309,40135000000,23000000,KSQ
2054,196300,KR7196300008,HLB펩,KOSDAQ,관리종목(소속부없음),4280,1,35,0.82,4215,4315,4160,5384,22948480,40131158920,9376439,KSQ
2055,003680,KR7003680006,한성기업,KOSPI,,6450,2,-30,-0.46,6400,6610,6320,300649,1950679700,40051371750,6209515,STK
2056,189690,KR7189690001,포시에스,KOSDAQ,벤처기업부,1464,1,3,0.21,1460,1474,1451,14987,21849520,39999362616,27321969,KSQ
2057,290670,KR7290670009,대보마그네틱,KOSDAQ,중견기업부,5090,1,205,4.2,4815,5240,4815,11418,57668995,39995489400,7857660,KSQ
2058,219420,KR7219420007,링크제니시스,KOSDAQ,기술성장기업부,3480,2,-20,-0.57,3515,3550,3465,36217,126595335,39913884360,11469507,KSQ
2059,299900,KR7299900001,위지윅스튜디오,KOSDAQ,중견기업부,233,0,0,0.0,0,0,0,0,0,39854389972,171048884,KSQ
2060,019770,KR7019770007,서연탑메탈,KOSDAQ,우량기업부,3420,1,100,3.01,3345,3500,3315,35090,120093240,39843000000,11650000,KSQ
2061,215790,KR7215790007,이노인스트루먼트,KOSDAQ,중견기업부,988,4,228,30.0,892,988,851,10941995,10604680259,39799751212,40283149,KSQ
2062,049830,KR7049830003,승일,KOSDAQ,중견기업부,6480,1,190,3.02,6260,6690,6160,6448,41558090,39736085760,6132112,KSQ
2063,361570,KR7361570005,알비더블유,KOSDAQ,중견기업부,1382,1,8,0.58,1380,1400,1364,30172,41633339,39723228162,28743291,KSQ
2064,064090,KR7064090004,인크레더블버즈,KOSDAQ,관리종목(소속부없음),798,0,0,0.0,0,0,0,0,0,39694710510,49742745,KSQ
2065,012280,KR7012280004,영화금속,KOSPI,,798,2,-5,-0.62,810,810,795,108053,86598320,39520554990,49524505,STK
2066,177900,KR7177900008,쓰리에이로직스,KOSDAQ,기술성장기업부,4090,1,210,5.41,3995,4370,3885,74568,312096645,39376884000,9627600,KSQ
2067,002290,KR7002290005,삼일기업공사,KOSDAQ,우량기업부,3170,2,-10,-0.31,3215,3232,3135,26432,83944521,39308000000,12400000,KSQ
2068,017180,KR7017180001,명문제약,KOSPI,,1156,1,20,1.76,1143,1164,1136,55828,64427373,39250192824,33953454,STK
2069,066900,KR7066900002,디에이피,KOSDAQ,관리종목(소속부없음),1725,1,5,0.29,1865,1865,1721,5958,10416923,39234267675,22744503,KSQ
2070,123010,KR7123010001,알엔티엑스,KOSDAQ,기술성장기업부,2250,1,15,0.67,2240,2290,2105,156799,345976579,39147450750,17398867,KSQ
2071,317870,KR7317870004,엔바이오니아,KOSDAQ,기술성장기업부,4425,1,25,0.57,4600,4600,4310,4670,20417320,39125385375,8841895,KSQ
2072,145270,KR7145270005,케이탑리츠,KOSPI,,813,2,-9,-1.09,825,825,812,6917,5627683,39073409262,48060774,STK
2073,234100,KR7234100006,폴라리스세원,KOSDAQ,우량기업부,2670,1,110,4.3,2560,2730,2560,12806,34287565,38986368120,14601636,KSQ
2074,134790,KR7134790005,시디즈,KOSPI,,19490,2,-60,-0.31,19465,19550,19360,635,12404640,38980000000,2000000,STK
2075,026940,KR7026940007,부국철강,KOSPI,,1944,1,45,2.37,1912,1979,1903,95664,185464390,38880000000,20000000,STK
2076,900300,HK0000312568,오가닉티코스메틱,KOSDAQ,외국기업(소속부없음),1888,1,61,3.34,1820,1940,1790,82584,154924634,38855223136,20580097,KSQ
2077,105760,KR7105760003,포스뱅크,KOSDAQ,우량기업부,3810,1,90,2.42,3720,3810,3720,14694,55547404,38827279470,10190887,KSQ
2078,044960,KR7044960003,이글벳,KOSDAQ,중견기업부,3070,1,15,0.49,3030,3070,3030,28575,87345915,38810580810,12641883,KSQ
2079,417860,KR7417860004,오브젠,KOSDAQ,벤처기업부,8230,3,0,0.0,8710,8710,8100,64353,538310570,38737836380,4706906,KSQ
2080,307280,KR7307280008,원바이오젠,KOSDAQ,벤처기업부,5460,1,20,0.37,5450,5580,5380,29045,158471250,38736663420,7094627,KSQ
2081,000215,KR7000211003,DL우,KOSPI,,22850,2,-200,-0.87,23200,23450,22700,510,11715100,38527727750,1686115,STK
2082,047400,KR7047400007,유니온머티리얼,KOSPI,,916,1,17,1.89,901,922,901,60234,55090040,38472000000,42000000,STK
2083,012160,KR7012160008,영흥,KOSPI,,2460,2,-10,-0.4,2445,2500,2350,23237,57040430,38426929380,15620703,STK
2084,348080,KR7348080003,큐라티스,KOSDAQ,중견기업부,2990,4,690,30.0,2365,2990,2365,87483,260792135,38354981470,12827753,KSQ
2085,008870,KR7008870008,금비,KOSPI,,38350,2,-50,-0.13,38350,38500,38050,77,2947100,38350000000,1000000,STK
2086,226330,KR7226330009,신테카바이오,KOSDAQ,기술성장기업부,1578,2,-22,-1.38,1625,1644,1573,201445,321252502,38279873550,24258475,KSQ
2087,256150,KR7256150004,한독크린텍,KOSDAQ,벤처기업부,4545,3,0,0.0,4545,4550,4455,1931,8762685,38155275000,8395000,KSQ
2088,051490,KR7051490001,나라엠앤디,KOSDAQ,우량기업부,2685,2,-20,-0.74,2685,2765,2685,8278,22619305,38127000000,14200000,KSQ
2089,097870,KR7097870000,효성오앤비,KOSDAQ,중견기업부,4485,1,5,0.11,4550,4550,4450,8302,37250795,38077650000,8490000,KSQ
2090,014910,KR7014910004,성문전자,KOSPI,,1742,1,105,6.41,1692,1800,1638,421696,730240645,38075341694,21857257,STK
2091,900250,KYG2115T1076,크리스탈신소재,KOSDAQ,외국기업(소속부없음),1063,1,31,3.0,1041,1067,1034,113270,118361267,38071346063,35815001,KSQ
2092,332290,KR7332290006,누보,KOSDAQ,벤처기업부,953,1,50,5.54,950,957,900,219699,205164164,38028897012,39904404,KSQ
2093,260660,KR7260660006,알리코제약,KOSDAQ,중견기업부,2480,2,-5,-0.2,2485,2510,2465,9992,24792865,38011012080,15327021,KSQ
2094,000890,KR7000890004,보해양조,KOSPI,,1373,1,33,2.46,1355,1390,1340,324293,446296738,37927786325,27624025,STK
2095,221980,KR7221980006,케이디켐,KOSDAQ,우량기업부,9400,2,-50,-0.53,9440,9460,9400,182,1714220,37927120000,4034800,KSQ
2096,009460,KR7009460007,한창제지,KOSPI,,3170,2,-40,-1.25,3220,3230,3165,19483,62017335,37829185490,11933497,STK
2097,026910,KR7026910000,광진실업,KOSDAQ,중견기업부,4770,2,-10,-0.21,4995,4995,4690,10005,47635835,37818115020,7928326,KSQ
2098,363250,KR7363250002,진시스템,KOSDAQ,기술성장기업부,4425,2,-115,-2.53,4505,4550,4400,8765,39104639,37649590350,8508382,KSQ
2099,046310,KR7046310009,백금T&A,KOSDAQ,우량기업부,2280,1,45,2.01,2225,2290,2220,29596,66912727,37434501480,16418641,KSQ
2100,369370,KR7369370002,블리츠웨이엔터테인먼트,KOSDAQ,벤처기업부,750,0,0,0.0,0,0,0,0,0,37403933250,49871911,KSQ
2101,081580,KR7081580003,성우전자,KOSDAQ,중견기업부,2410,1,25,1.05,2495,2495,2405,17651,42801940,37374624630,15508143,KSQ
2102,321820,KR7321820003,아티스트컴퍼니,KOSDAQ,기술성장기업부,2390,1,100,4.37,2325,2430,2305,13574,32487060,37263388640,15591376,KSQ
2103,023960,KR7023960008,에쓰씨엔지니어링,KOSPI,,979,1,5,0.51,1000,1000,970,34360,33807866,37237219525,38035975,STK
2104,014570,KR7014570006,고려제약,KOSDAQ,중견기업부,3380,3,0,0.0,3380,3435,3355,5495,18681250,37180000000,11000000,KSQ
2105,050860,KR7050860006,아세아텍,KOSDAQ,우량기업부,1649,1,7,0.43,1659,1662,1641,4356,7179746,37102500000,22500000,KSQ
2106,042040,KR7042040006,케이피엠테크,KOSDAQ,중견기업부,4275,1,110,2.64,4165,4400,4130,15125,64196930,37068486525,8670991,KSQ
2107,100660,KR7100660000,서암기계공업,KOSDAQ,중견기업부,2930,1,80,2.81,2860,2950,2860,16438,47997055,36918000000,12600000,KSQ
2108,446070,KR7446070005,유니드비티플러스,KOSPI,,3465,1,120,3.59,3395,3465,3342,34036,116645825,36767859975,10611215,STK
2109,263770,KR7263770000,유에스티,KOSDAQ,우량기업부,1550,3,0,0.0,1554,1554,1528,1994,3071362,36735266600,23700172,KSQ
2110,059100,KR7059100008,아이컴포넌트,KOSDAQ,벤처기업부,5190,1,20,0.39,5190,5200,5080,7974,40974930,36697763400,7070860,KSQ
2111,290120,KR7290120005,DH오토리드,KOSDAQ,중견기업부,2315,2,-10,-0.43,2350,2350,2285,4402,10123240,36635284755,15825177,KSQ
2112,258610,KR7258610005,케일럼,KOSDAQ,중견기업부,1004,2,-11,-1.08,1035,1035,990,21279,21216334,36631003252,36485063,KSQ
2113,083550,KR7083550004,케이엠,KOSDAQ,중견기업부,2700,1,50,1.89,2665,2835,2650,15437,42534140,36601645500,13556165,KSQ
2114,250000,KR7250000007,보라티알,KOSDAQ,우량기업부,5420,2,-20,-0.37,5440,5440,5310,4844,25955710,36588972860,6750733,KSQ
2115,049800,KR7049800006,우진플라임,KOSPI,,1827,1,4,0.22,1823,1840,1823,23123,42366194,36540000000,20000000,STK
2116,200580,KR7200580009,메디쎄이,KONEX,일반기업부,9800,2,-980,-9.09,10750,10750,9310,2286,21824970,36515574200,3726079,KNX
2117,027740,KR7027740000,마니커,KOSPI,,1145,1,49,4.47,1097,1158,1097,196969,221871270,36360178030,31755614,STK
2118,123570,KR7123570004,이엠넷,KOSDAQ,중견기업부,1632,1,2,0.12,1630,1664,1630,1991,3257889,36354559296,22276078,KSQ
2119,221840,KR7221840002,하이즈항공,KOSDAQ,중견기업부,1944,1,16,0.83,1928,1982,1911,4980,9685542,36353890584,18700561,KSQ
2120,002880,KR7002880003,디와이에이,KOSPI,,775,3,0,0.0,787,799,773,130732,102353996,36249846125,46773995,STK
2121,360350,KR7360350003,코셈,KOSDAQ,기술성장기업부,6660,1,270,4.23,6550,6890,6460,3588,24287180,36216880200,5437970,KSQ
2122,000760,KR7000760009,이화산업,KOSPI,,12930,2,-110,-0.84,12650,13140,12650,423,5472960,36204000000,2800000,STK
2123,057030,KR7057030009,YBM넷,KOSDAQ,중견기업부,2215,3,0,0.0,2265,2265,2155,2346,5180165,36132623855,16312697,KSQ
2124,263700,KR7263700007,케어랩스,KOSDAQ,중견기업부,1860,1,72,4.03,1800,1950,1800,8878,16831082,36110412000,19414200,KSQ
2125,086040,KR7086040003,바이오톡스텍,KOSDAQ,벤처기업부,2260,1,55,2.49,2235,2305,2210,28310,63679830,36065638220,15958247,KSQ
2126,284620,KR7284620002,카이노스메드,KOSDAQ,투자주의환기종목(소속부없음),1087,0,0,0.0,0,0,0,0,0,35965517911,33086953,KSQ
2127,133820,KR7133820001,화인베스틸,KOSPI,,969,1,2,0.21,979,996,959,24917,24223810,35963952438,37114502,STK
2128,184230,KR7184230001,SGA솔루션즈,KOSDAQ,벤처기업부,1904,1,28,1.49,1876,1940,1863,23182,44130614,35962712016,18887979,KSQ
2129,045060,KR7045060001,오공,KOSDAQ,우량기업부,2115,1,15,0.71,2100,2195,2097,15394,32665904,35832275010,16941974,KSQ
2130,186230,KR7186230009,그린플러스,KOSDAQ,벤처기업부,3280,1,205,6.67,3075,3345,3065,55800,177829478,35818216640,10920188,KSQ
2131,393210,KR7393210000,토마토시스템,KOSDAQ,기술성장기업부,2290,2,-5,-0.22,2295,2310,2250,17785,40631525,35757305760,15614544,KSQ
2132,046390,KR7046390001,삼화네트웍스,KOSDAQ,중견기업부,2070,2,-5,-0.24,2065,2120,2050,12455,25793215,35747188110,17269173,KSQ
2133,068940,KR7068940006,셀피글로벌,KOSDAQ,관리종목(소속부없음),778,0,0,0.0,0,0,0,0,0,35720093048,45912716,KSQ
2134,352700,KR7352700009,씨앤투스,KOSDAQ,벤처기업부,1358,1,2,0.15,1387,1387,1350,8687,11829496,35684028842,26276899,KSQ
2135,173940,KR7173940008,에프엔씨엔터,KOSDAQ,중견기업부,2310,2,-80,-3.35,2365,2395,2310,8930,20847344,35557386480,15392808,KSQ
2136,278650,KR7278650007,HLB바이오스텝,KOSDAQ,중견기업부,2035,1,55,2.78,2005,2120,2000,55038,112107568,35474925860,17432396,KSQ
2137,101240,KR7101240000,씨큐브,KOSDAQ,우량기업부,3120,1,45,1.46,3070,3170,3070,49800,155077095,35434002240,11357052,KSQ
2138,032960,KR7032960007,동일기연,KOSDAQ,관리종목(소속부없음),2010,1,55,2.81,1990,2025,1990,2287,4601030,35361879750,17592975,KSQ
2139,263050,KR7263050007,유틸렉스,KOSDAQ,관리종목(소속부없음),959,0,0,0.0,0,0,0,0,0,35324626904,36834856,KSQ
2140,204020,KR7204020002,그리티,KOSDAQ,우량기업부,1815,2,-3,-0.17,1838,1839,1799,7736,14016633,35303260080,19450832,KSQ
2141,239890,KR7239890007,피엔에이치테크,KOSDAQ,기술성장기업부,3545,1,45,1.29,3500,3590,3500,4554,16105210,35222251475,9935755,KSQ
2142,006920,KR7006920003,모헨즈,KOSDAQ,중견기업부,3225,1,55,1.74,3200,3280,3170,56517,182256005,35217000000,10920000,KSQ
2143,305090,KR7305090003,마이크로디지탈,KOSDAQ,기술성장기업부,1889,2,-25,-1.31,1914,2005,1863,58687,111593291,35174787539,18620851,KSQ
2144,089140,KR7089140008,넥스턴앤롤코리아,KOSDAQ,벤처기업부,2295,1,25,1.1,2305,2370,2260,25213,57945240,35150757030,15316234,KSQ
2145,049470,KR7049470008,비트플래닛,KOSDAQ,중견기업부,1488,1,4,0.27,1410,1542,1410,31929,47812760,35034809712,23544899,KSQ
2146,052600,KR7052600004,한네트,KOSDAQ,중견기업부,3025,2,-5,-0.17,3030,3095,3020,10615,32448114,34980192500,11563700,KSQ
2147,013000,KR7013000005,세우글로벌,KOSPI,,1218,2,-1,-0.08,1239,1239,1202,22054,26767428,34962727758,28705031,STK
2148,037330,KR7037330008,인지디스플레,KOSDAQ,우량기업부,796,1,13,1.66,788,810,783,42857,34068304,34932638304,43885224,KSQ
2149,127980,KR7127980001,화인써키트,KOSDAQ,중견기업부,2950,1,10,0.34,2920,3000,2920,5149,15215670,34930017800,11840684,KSQ
2150,208710,KR7208710004,포톤,KOSDAQ,중견기업부,2650,1,20,0.76,2630,2790,2530,449956,1173247407,34927349800,13180132,KSQ
2151,024120,KR7024120008,KB오토시스,KOSDAQ,중견기업부,3035,2,-15,-0.49,3050,3115,3015,10589,32191632,34902500000,11500000,KSQ
2152,007530,KR7007530009,와이엠,KOSDAQ,중견기업부,1567,1,50,3.3,1530,1567,1517,5535,8508179,34872379977,22254231,KSQ
2153,450330,KR7450330006,하스,KOSDAQ,기술성장기업부,4255,1,110,2.65,4145,4350,4145,3310,14050225,34835016965,8186843,KSQ
2154,080520,KR7080520000,오디텍,KOSDAQ,벤처기업부,3065,1,15,0.49,3120,3130,3055,2326,7202640,34703208105,11322417,KSQ
2155,122830,KR7122830003,원포유,KONEX,일반기업부,1059,2,-20,-1.85,1089,1089,1000,6499,6572987,34684352115,32751985,KNX
2156,002870,KR7002870004,신풍,KOSPI,,990,2,-15,-1.49,1025,1025,978,75723,75252008,34609113000,34958700,STK
2157,035460,KR7035460005,기산텔레콤,KOSDAQ,벤처기업부,2305,1,170,7.96,2280,2335,2190,165880,376171955,34391383700,14920340,KSQ
2158,002420,KR7002420008,세기상사,KOSPI,,5750,1,180,3.23,5730,5790,5520,18942,107933460,34327201000,5969948,STK
2159,408900,KR7408900009,스튜디오미르,KOSDAQ,중견기업부,1043,1,31,3.06,1000,1087,1000,48614,50440137,34161304947,32752929,KSQ
2160,446840,KR7446840001,지슨,KOSDAQ,기술성장기업부,3100,2,-40,-1.27,3140,3165,3080,6691,20884940,34151509600,11016616,KSQ
2161,075130,KR7075130005,플랜티넷,KOSDAQ,벤처기업부,2115,2,-40,-1.86,2160,2165,2065,45061,94785762,34098706800,16122320,KSQ
2162,263920,KR7263920001,휴엠앤씨,KOSDAQ,중견기업부,3475,1,40,1.16,3435,3530,3415,2164,7418635,34086365350,9809026,KSQ
2163,090410,KR7090410002,덕신이피씨,KOSDAQ,우량기업부,739,1,14,1.93,734,750,718,66361,48662451,34056146205,46084095,KSQ
2164,200780,KR7200780005,비씨월드제약,KOSDAQ,중견기업부,3185,3,0,0.0,3100,3330,3100,11571,36675789,33970130285,10665661,KSQ
2165,043910,KR7043910009,자연과환경,KOSDAQ,벤처기업부,2990,1,40,1.36,2960,3035,2935,11919,35335480,33904043550,11339145,KSQ
2166,203450,KR7203450002,유니온바이오메트릭스,KOSDAQ,벤처기업부,2405,1,35,1.48,2355,2470,2340,13975,33153535,33860011835,14079007,KSQ
2167,199550,KR7199550005,레이저옵텍,KOSDAQ,벤처기업부,2275,1,15,0.66,2260,2320,2260,41046,93818065,33774174525,14845791,KSQ
2168,078590,KR7078590007,휴림에이텍,KOSDAQ,중견기업부,3380,2,-105,-3.01,3460,3640,3340,456224,1588888371,33772348220,9991819,KSQ
2169,365590,KR7365590009,하이딥,KOSDAQ,기술성장기업부,917,1,20,2.23,902,946,902,59772,55235766,33758942350,36814550,KSQ
2170,004365,KR7004361002,세방우,KOSPI,,9150,1,40,0.44,9100,9150,9070,11036,100530710,33756637500,3689250,STK
2171,208860,KR7208860007,다산디엠씨,KOSDAQ,벤처기업부,994,1,92,10.2,929,1015,917,113967,112588108,33746273162,33949973,KSQ
2172,148930,KR7148930001,에이치와이티씨,KOSDAQ,중견기업부,3300,1,35,1.07,3300,3355,3240,36867,122816291,33578202900,10175213,KSQ
2173,143210,KR7143210003,핸즈코퍼레이션,KOSPI,,1199,0,0,0.0,0,0,0,0,0,33571739817,27999783,STK
2174,364950,KR7364950006,에이아이코리아,KOSDAQ,벤처기업부,4045,1,25,0.62,4020,4095,3985,7014,28222225,33559120025,8296445,KSQ
2175,220180,KR7220180004,폴라리스AI핸디,KOSDAQ,벤처기업부,1399,2,-7,-0.5,1420,1420,1353,11939,16641756,33479247958,23930842,KSQ
2176,071850,KR7071850002,캐스텍코리아,KOSDAQ,투자주의환기종목(소속부없음),1379,1,59,4.47,1320,1389,1320,796,1068725,33455833502,24260938,KSQ
2177,025440,KR7025440009,DH오토웨어,KOSDAQ,투자주의환기종목(소속부없음),3425,2,-60,-1.72,3485,3500,3390,4161,14265070,33415135700,9756244,KSQ
2178,022220,KR7022220008,티케이지애강,KOSDAQ,중견기업부,645,1,6,0.94,637,659,636,65784,42700419,33407503455,51794579,KSQ
2179,021650,KR7021650007,한국큐빅,KOSDAQ,중견기업부,2040,1,5,0.25,2035,2060,2035,604,1235445,33355148520,16350563,KSQ
2180,432430,KR7432430007,와이랩,KOSDAQ,기술성장기업부,2020,1,20,1.0,2000,2060,1986,8887,17865473,33346806400,16508320,KSQ
2181,452200,KR7452200009,민테크,KOSDAQ,기술성장기업부,1370,1,31,2.32,1356,1430,1338,125707,172296744,33335936000,24332800,KSQ
2182,064520,KR7064520000,테크엘,KOSDAQ,중견기업부,1490,2,-5,-0.33,1495,1496,1420,3101,4596405,33303082380,22351062,KSQ
2183,091970,KR7091970004,LSK아이로봇,KOSDAQ,중견기업부,4415,1,35,0.8,4595,4595,4245,37463,164175470,33266053700,7534780,KSQ
2184,419120,KR7419120001,산돌,KOSDAQ,중견기업부,2335,1,20,0.86,2325,2400,2305,27387,64048168,33210912815,14223089,KSQ
2185,087600,KR7087600003,픽셀플러스,KOSDAQ,벤처기업부,4060,1,40,1.0,4020,4065,4000,1451,5857340,33156225480,8166558,KSQ
2186,009140,KR7009140005,경인전자,KOSPI,,21100,1,300,1.44,20900,21700,20850,1682,35739775,33143816700,1570797,STK
2187,469750,KR7469750004,아이비젼웍스,KOSDAQ,벤처기업부,960,1,11,1.16,1033,1060,900,807536,768323690,33078221760,34456481,KSQ
2188,031510,KR7031510001,오스템,KOSDAQ,중견기업부,1175,1,17,1.47,1166,1183,1152,95103,111359985,32900000000,28000000,KSQ
2189,317240,KR7317240000,TS트릴리온,KOSDAQ,벤처기업부,1127,1,12,1.08,1130,1149,1081,94046,104995545,32882153297,29176711,KSQ
2190,159910,KR7159910009,에코글로우,KOSDAQ,중견기업부,3135,2,-30,-0.95,3160,3165,3120,1985,6238601,32814349095,10467097,KSQ
2191,495810,KR7495810004,유비씨,KONEX,일반기업부,13120,0,0,0.0,0,0,0,0,0,32800000000,2500000,KNX
2192,072770,KR7072770001,멤레이비티,KOSDAQ,중견기업부,789,3,0,0.0,819,819,780,123800,97554931,32753045322,41512098,KSQ
2193,475460,KR7475460002,미트박스,KOSDAQ,벤처기업부,5800,2,-10,-0.17,6000,6000,5790,2300,13372655,32749845000,5646525,KSQ
2194,003060,KR7003060001,에이프로젠바이오로직스,KOSPI,,2270,1,10,0.44,2290,2350,2250,66576,152100355,32716088980,14412374,STK
2195,036420,KR7036420008,콘텐트리중앙,KOSPI,,1695,1,10,0.59,1684,1852,1680,84799,147682421,32649612060,19262308,STK
2196,064480,KR7064480007,브리지텍,KOSDAQ,벤처기업부,2730,1,30,1.11,2700,2750,2680,19100,51782635,32630325000,11952500,KSQ
2197,0203K0,KR70203K0005,송우인포텍,KONEX,일반기업부,10850,0,0,0.0,0,0,0,0,0,32550000000,3000000,KNX
2198,007120,KR7007120009,미래아이앤지,KOSPI,,1190,1,13,1.1,1186,1200,1177,11959,14258955,32514505660,27323114,STK
2199,001070,KR7001070002,대한방직,KOSPI,,6120,1,30,0.49,6170,6170,5970,1583,9649600,32436000000,5300000,STK
2200,215090,KR7215090002,솔디펜스,KOSDAQ,벤처기업부,1398,1,9,0.65,1435,1435,1368,25093,35259311,32371614078,23155661,KSQ
2201,033340,KR7033340001,좋은사람들,KOSDAQ,중견기업부,333,1,7,2.15,328,341,328,499543,167350429,32284535814,96950558,KSQ
2202,206400,KR7206400004,베노티앤알,KOSDAQ,중견기업부,860,1,21,2.5,839,873,833,29589,25051551,32258735880,37510158,KSQ
2203,301300,KR7301300000,바이브컴퍼니,KOSDAQ,기술성장기업부,2450,2,-20,-0.81,2585,2695,2290,194910,480171311,32229044400,13154712,KSQ
2204,388610,KR7388610008,지에프씨생명과학,KOSDAQ,기술성장기업부,6050,1,150,2.54,5910,6100,5900,2450,14730070,32218567150,5325383,KSQ
2205,020180,KR7020180006,대신정보통신,KOSDAQ,중견기업부,836,0,0,0.0,0,0,0,0,0,32126572940,38428915,KSQ
2206,376930,KR7376930004,노을,KOSDAQ,기술성장기업부,624,1,5,0.81,622,637,617,78332,48708486,32005785552,51291323,KSQ
2207,355390,KR7355390006,크라우드웍스,KOSDAQ,기술성장기업부,2015,2,-100,-4.73,2160,2290,1999,1467317,3084593698,31986803160,15874344,KSQ
2208,207760,KR7207760000,미스터블루,KOSDAQ,중견기업부,384,0,0,0.0,0,0,0,0,0,31902636672,83079783,KSQ
2209,069640,KR7069640001,한세엠케이,KOSPI,,1467,1,53,3.75,1420,1480,1365,132076,191727920,31885950627,21735481,STK
2210,066360,KR7066360009,체리부로,KOSDAQ,우량기업부,664,2,-6,-0.9,673,677,662,65619,43744161,31840137960,47952015,KSQ
2211,128540,KR7128540002,에코캡,KOSDAQ,우량기업부,1187,1,13,1.11,1174,1203,1174,19039,22644885,31681576020,26690460,KSQ
2212,133750,KR7133750000,메가엠디,KOSDAQ,중견기업부,1353,1,25,1.88,1358,1358,1308,16091,21291375,31669775181,23407077,KSQ
2213,318410,KR7318410008,비비씨,KOSDAQ,중견기업부,5700,1,50,0.88,5770,5770,5600,5459,30984030,31664885100,5555243,KSQ
2214,096630,KR7096630009,에스코넥,KOSDAQ,우량기업부,1992,1,53,2.73,1950,1997,1915,26786,52667307,31625635416,15876323,KSQ
2215,010400,KR7010400000,우진아이엔에스,KOSPI,,4145,2,-60,-1.43,4205,4270,4125,10926,45548905,31593190000,7622000,STK
2216,045510,KR7045510005,정원엔시스,KOSDAQ,중견기업부,1001,2,-10,-0.99,1011,1017,990,56028,56152980,31511436957,31479957,KSQ
2217,068050,KR7068050004,팬엔터테인먼트,KOSDAQ,중견기업부,1137,1,20,1.79,1117,1140,1100,16271,18273544,31488164412,27694076,KSQ
2218,005820,KR7005820006,원림,KOSPI,,13700,1,20,0.15,13760,13800,13550,353,4843070,31482189000,2297970,STK
2219,053950,KR7053950002,경남제약,KOSDAQ,중견기업부,1602,1,12,0.75,1590,1621,1589,21478,34476962,31430677698,19619649,KSQ
2220,337840,KR7337840003,유엑스엔,KONEX,일반기업부,6300,1,50,0.8,6290,6300,6000,1324,8240230,31357607400,4977398,KNX
2221,106240,KR7106240005,파인테크닉스,KOSDAQ,벤처기업부,1313,1,43,3.39,1334,1334,1230,15058,19287699,31350947420,23877340,KSQ
2222,016600,KR7016600009,큐캐피탈,KOSDAQ,중견기업부,2245,1,10,0.45,2235,2295,2235,11643,26234730,31343794245,13961601,KSQ
2223,237820,KR7237820006,플레이디,KOSDAQ,중견기업부,2440,1,60,2.52,2390,2455,2390,11507,27971410,31298221600,12827140,KSQ
2224,258830,KR7258830009,세종메디칼,KOSDAQ,관리종목(소속부없음),412,0,0,0.0,0,0,0,0,0,31223976612,75786351,KSQ
2225,039290,KR7039290002,인포뱅크,KOSDAQ,중견기업부,3585,1,40,1.13,3760,3760,3380,9128,32383970,31167911130,8693978,KSQ
2226,011330,KR7011330008,유니켐,KOSPI,,3450,3,0,0.0,3455,3585,3400,24756,86207570,31114801350,9018783,STK
2227,105550,KR7105550008,엣지파운드리,KOSDAQ,중견기업부,397,0,0,0.0,0,0,0,0,0,31087899247,78307051,KSQ
2228,452160,KR7452160005,제이엔비,KOSDAQ,중견기업부,3230,1,150,4.87,3150,3390,3145,8795,28267374,31064612210,9617527,KSQ
2229,001380,KR7001380005,SG글로벌,KOSPI,,1378,1,17,1.25,1361,1412,1361,33700,46801391,30980293838,22482071,STK
2230,465480,KR7465480002,인스피언,KOSDAQ,벤처기업부,3055,1,55,1.83,2965,3075,2965,14928,44958456,30970893460,10137772,KSQ
2231,446440,KR7446440000,에피바이오텍,KONEX,일반기업부,13400,0,0,0.0,0,0,0,0,0,30912178600,2306879,KNX
2232,376980,KR7376980009,원티드랩,KOSDAQ,기술성장기업부,3165,1,150,4.98,3015,3205,3000,37199,115586054,30910637010,9766394,KSQ
2233,458350,KR7458350006,에스팀,KOSDAQ,중견기업부,3555,2,-35,-0.97,3535,3675,3505,18572,66886855,30868776000,8683200,KSQ
2234,005360,KR7005360003,모나미,KOSPI,,1633,1,18,1.11,1620,1685,1581,1861911,3055275205,30859302331,18897307,STK
2235,226340,KR7226340008,본느,KOSDAQ,중견기업부,3675,4,845,29.86,3675,3675,3675,369378,1357464150,30835028700,8390484,KSQ
2236,308170,KR7308170000,씨티알모빌리티,KOSPI,,3580,3,0,0.0,3590,3650,3530,9165,32779750,30823800000,8610000,STK
2237,089150,KR7089150007,케이씨티,KOSDAQ,벤처기업부,1797,1,70,4.05,1727,1826,1727,21514,38494426,30818550000,17150000,KSQ
2238,452300,KR7452300007,캡스톤파트너스,KOSDAQ,중견기업부,2170,1,40,1.88,2170,2190,2125,44489,95598000,30747825850,14169505,KSQ
2239,476080,KR7476080007,M83,KOSDAQ,중견기업부,3795,2,-35,-0.91,3845,3985,3745,62874,240999465,30652215000,8077000,KSQ
2240,079000,KR7079000006,와토스코리아,KOSDAQ,중견기업부,4250,1,50,1.19,4200,4330,4200,11649,49783965,30600000000,7200000,KSQ
2241,009810,KR7009810003,플레이그램,KOSPI,,1942,1,33,1.73,1999,2000,1920,7907,15392653,30585727084,15749602,STK
2242,088340,KR7088340005,유라클,KOSDAQ,벤처기업부,6990,1,240,3.56,6690,7000,6670,12101,82860450,30506932320,4364368,KSQ
2243,271830,KR7271830002,팸텍,KOSDAQ,벤처기업부,1034,1,48,4.87,1015,1043,995,149081,152638552,30492868868,29490202,KSQ
2244,262840,KR7262840002,아이퀘스트,KOSDAQ,벤처기업부,2875,3,0,0.0,2895,2895,2805,7065,20043920,30379987000,10566952,KSQ
2245,006570,KR7006570006,대림통상,KOSPI,,1995,2,-20,-0.99,2025,2025,1986,5574,11128722,30373875000,15225000,STK
2246,004870,KR7004870002,티웨이홀딩스,KOSPI,,1340,2,-70,-4.96,1369,1498,1319,783205,1076266694,30327815320,22632698,STK
2247,311390,KR7311390009,네오크레마,KOSDAQ,벤처기업부,2395,1,65,2.79,2320,2430,2320,10832,25617905,30305824655,12653789,KSQ
2248,031310,KR7031310006,아이즈비전,KOSDAQ,중견기업부,1018,2,-1,-0.1,1019,1049,1005,70483,72155699,30282090718,29746651,KSQ
2249,351330,KR7351330006,이삭엔지니어링,KOSDAQ,벤처기업부,3650,1,95,2.67,3555,3710,3535,9288,33588210,30253098000,8288520,KSQ
2250,012620,KR7012620001,원일특강,KOSDAQ,우량기업부,6870,2,-10,-0.15,6990,6990,6830,2890,20001390,30228000000,4400000,KSQ
2251,246250,KR7246250005,에스엘에스바이오,KOSDAQ,관리종목(소속부없음),1969,0,0,0.0,0,0,0,0,0,30220617614,15348206,KSQ
2252,025750,KR7025750001,한솔홈데코,KOSPI,,1875,2,-10,-0.53,1885,1926,1800,7859,14807844,30211929375,16113029,STK
2253,464580,KR7464580000,닷밀,KOSDAQ,기술성장기업부,1640,2,-33,-1.97,1673,1700,1609,21175,34985108,30185985960,18406089,KSQ
2254,444530,KR7444530000,심플랫폼,KOSDAQ,기술성장기업부,4670,1,280,6.38,4885,4900,4400,15196,70776602,30036440620,6431786,KSQ
2255,033830,KR7033830001,티비씨,KOSDAQ,중견기업부,1587,1,1,0.06,1622,1622,1586,5194,8266028,30005615310,18907130,KSQ
2256,348030,KR7348030008,모비릭스,KOSDAQ,중견기업부,3120,1,25,0.81,3095,3125,3035,39685,122350379,29963856000,9603800,KSQ
2257,290090,KR7290090000,트윔,KOSDAQ,벤처기업부,4025,1,145,3.74,3880,4130,3880,719,2856690,29948286200,7440568,KSQ
2258,023150,KR7023150006,MH에탄올,KOSPI,,4050,3,0,0.0,4050,4105,4045,3111,12638129,29883030300,7378526,STK
2259,075970,KR7075970004,동국알앤에스,KOSDAQ,중견기업부,1618,1,11,0.68,1607,1619,1607,10147,16376853,29771200000,18400000,KSQ
2260,090370,KR7090370008,메타랩스,KOSPI,,1089,1,19,1.78,1106,1123,1063,10258,11086831,29734806321,27304689,STK
2261,033050,KR7033050006,제이엠아이,KOSDAQ,중견기업부,933,1,9,0.97,924,957,924,13480,12677096,29706093024,31839328,KSQ
2262,002690,KR7002690006,동일제강,KOSPI,,1460,2,-1,-0.07,1461,1491,1443,28354,41597135,29638525600,20300360,STK
2263,119500,KR7119500007,포메탈,KOSDAQ,중견기업부,2500,1,75,3.09,2405,2510,2405,21041,51889896,29618080000,11847232,KSQ
2264,254120,KR7254120009,자비스,KOSDAQ,기술성장기업부,962,2,-38,-3.8,1000,1000,940,141162,136106580,29585607740,30754270,KSQ
2265,109820,KR7109820001,진매트릭스,KOSDAQ,기술성장기업부,1449,1,4,0.28,1475,1475,1424,20178,29356477,29550384360,20393640,KSQ
2266,038950,KR7038950002,파인디지털,KOSDAQ,중견기업부,2890,1,40,1.4,2860,3000,2850,383,1106170,29509110850,10210765,KSQ
2267,335810,KR7335810008,프리시젼바이오,KOSDAQ,기술성장기업부,1343,1,33,2.52,1323,1520,1305,19126,26050881,29478186558,21949506,KSQ
2268,464280,KR7464280007,티디에스팜,KOSDAQ,중견기업부,5330,2,-40,-0.74,5410,5560,5190,27151,144090950,29474900000,5530000,KSQ
2269,103840,KR7103840005,우양,KOSDAQ,중견기업부,1800,2,-1,-0.06,1850,1850,1780,37391,67325213,29459570400,16366428,KSQ
2270,131090,KR7131090003,시큐브,KOSDAQ,벤처기업부,3845,1,5,0.13,3865,3865,3840,4643,17912180,29445859745,7658221,KSQ
2271,024070,KR7024070005,WISCOM,KOSPI,,1919,2,-21,-1.08,1984,1984,1882,20234,38686027,29411434522,15326438,STK
2272,014130,KR7014130009,한익스프레스,KOSPI,,2480,2,-5,-0.2,2490,2520,2415,29846,73476000,29308349840,11817883,STK
2273,118000,KR7118000009,메타케어,KOSPI,,1328,1,34,2.63,1305,1332,1295,6807,8928505,29290082480,22055785,STK
2274,060540,KR7060540002,에스에이티,KOSDAQ,중견기업부,1119,1,19,1.73,1115,1129,1100,5849,6517825,29242753146,26132934,KSQ
2275,310870,KR7310870001,디와이씨,KOSDAQ,벤처기업부,1330,2,-40,-2.92,1389,1389,1309,146427,195781053,29157060660,21922602,KSQ
2276,033170,KR7033170002,시그네틱스,KOSDAQ,중견기업부,340,0,0,0.0,0,0,0,0,0,29147628460,85728319,KSQ
2277,227420,KR7227420007,도부,KONEX,일반기업부,766,1,98,14.67,766,766,766,2,1532,29142094660,38044510,KNX
2278,026040,KR7026040006,제이에스티나,KOSDAQ,중견기업부,1758,1,5,0.29,1787,1830,1753,15819,28135441,29013662820,16503790,KSQ
2279,160550,KR7160550000,NEW,KOSDAQ,중견기업부,1039,1,17,1.66,1016,1040,1009,31823,32497119,28994444134,27906106,KSQ
2280,318010,KR7318010006,팜스빌,KOSDAQ,벤처기업부,3645,1,10,0.28,3690,3690,3560,6727,24482972,28902437010,7929338,KSQ
2281,006345,KR7006341002,대원전선우,KOSPI,,11010,1,820,8.05,10510,11700,10420,508392,5684825280,28859412000,2621200,STK
2282,044480,KR7044480002,빌리언스,KOSDAQ,중견기업부,866,1,7,0.81,859,882,857,25510,22030199,28795293256,33250916,KSQ
2283,187270,KR7187270004,신화콘텍,KOSDAQ,벤처기업부,2825,1,75,2.73,2800,2825,2750,9189,25853215,28656362125,10143845,KSQ
2284,462310,KR7462310004,뉴키즈온,KOSDAQ,중견기업부,3625,1,25,0.69,3600,3690,3280,11226,39300205,28632443125,7898605,KSQ
2285,053290,KR7053290003,NE능률,KOSDAQ,중견기업부,1730,1,5,0.29,1730,1767,1729,10280,17874346,28590511110,16526307,KSQ
2286,069410,KR7069410009,엔텔스,KOSDAQ,벤처기업부,2790,1,70,2.57,2740,2870,2730,19974,55850140,28583058960,10244824,KSQ
2287,407400,KR7407400001,꿈비,KOSDAQ,벤처기업부,1953,1,81,4.33,1857,1965,1857,26485,51259839,28581244902,14634534,KSQ
2288,233990,KR7233990001,질경이,KONEX,일반기업부,1770,1,51,2.97,1975,1975,1585,65,104747,28547505180,16128534,KNX
2289,008250,KR7008250003,이건산업,KOSPI,,2605,2,-15,-0.57,2650,2720,2600,11401,29901462,28531614175,10952635,STK
2290,014990,KR7014990006,인디에프,KOSPI,,1899,2,-5,-0.26,1903,1959,1894,5016,9597273,28527915501,15022599,STK
2291,288620,KR7288620008,에스프리즘,KOSDAQ,벤처기업부,4085,1,65,1.62,4025,4190,4025,29108,119757860,28510505860,6979316,KSQ
2292,088790,KR7088790001,진도,KOSPI,,2285,2,-20,-0.87,2302,2330,2255,22866,52151029,28443095040,12447744,STK
2293,336060,KR7336060009,웨이버스,KOSDAQ,벤처기업부,590,0,0,0.0,0,0,0,0,0,28411568000,48155200,KSQ
2294,434480,KR7434480000,모니터랩,KOSDAQ,기술성장기업부,2295,2,-15,-0.65,2320,2385,2270,20931,48682532,28252138500,12310300,KSQ
2295,043220,KR7043220003,티에스넥스젠,KOSDAQ,관리종목(소속부없음),1710,0,0,0.0,0,0,0,0,0,28191099330,16486023,KSQ
2296,297570,KR7297570004,아틀라스링크,KOSDAQ,벤처기업부,814,1,3,0.37,815,827,811,13253,10863219,28181671452,34621218,KSQ
2297,099390,KR7099390007,브레인즈컴퍼니,KOSDAQ,벤처기업부,3430,1,185,5.7,3265,3430,3245,29713,98490092,28154410690,8208283,KSQ
2298,239610,KR7239610009,에이치엘사이언스,KOSDAQ,벤처기업부,5200,2,-30,-0.57,5200,5440,5190,891,4689490,28038998000,5392115,KSQ
2299,050110,KR7050110006,캠시스,KOSDAQ,중견기업부,958,2,-3,-0.31,962,984,931,188492,180014504,27997380434,29224823,KSQ
2300,083640,KR7083640003,인콘,KOSDAQ,벤처기업부,1218,1,47,4.01,1173,1229,1173,43573,52628546,27963261774,22958343,KSQ
2301,356890,KR7356890004,싸이버원,KOSDAQ,벤처기업부,2335,1,15,0.65,2350,2410,2335,13438,31814260,27912181375,11953825,KSQ
2302,010640,KR7010640001,진양폴리,KOSPI,,1671,1,72,4.5,1599,1678,1599,36069,59721024,27905700000,16700000,STK
2303,038880,KR7038880001,아이에이,KOSDAQ,투자주의환기종목(소속부없음),3710,1,140,3.92,3500,3795,3500,23301,83857598,27878509330,7514423,KSQ
2304,073540,KR7073540007,에프알텍,KOSDAQ,벤처기업부,2430,1,145,6.35,2310,2465,2310,71194,170260665,27702000000,11400000,KSQ
2305,188260,KR7188260004,세니젠,KOSDAQ,투자주의환기종목(소속부없음),1984,2,-15,-0.75,1998,1998,1923,8197,16110514,27580214912,13901318,KSQ
2306,206560,KR7206560005,덱스터,KOSDAQ,기술성장기업부,1085,0,0,0.0,0,0,0,0,0,27571733560,25411736,KSQ
2307,065950,KR7065950008,웰크론,KOSDAQ,중견기업부,975,1,9,0.93,990,990,952,52925,51073965,27525519450,28231302,KSQ
2308,013720,KR7013720008,청보,KOSDAQ,중견기업부,2260,1,35,1.57,2225,2300,2180,12222,27753995,27494319280,12165628,KSQ
2309,032860,KR7032860009,더라미,KOSDAQ,중견기업부,680,2,-1,-0.15,675,681,641,50085,32661845,27469186840,40395863,KSQ
2310,123840,KR7123840001,뉴온,KOSDAQ,투자주의환기종목(소속부없음),1764,1,9,0.51,1756,1890,1720,9110,15978165,27435580200,15553050,KSQ
2311,027040,KR7027040005,서울전자통신,KOSDAQ,중견기업부,1970,1,302,18.11,1680,2100,1680,657257,1275091774,27418004930,13917769,KSQ
2312,003535,KR7003531001,한화투자증권우,KOSPI,,5680,2,-10,-0.18,5690,5900,5680,10562,61051625,27264000000,4800000,STK
2313,002820,KR7002820009,SUN&L,KOSPI,,2260,1,40,1.8,2200,2335,2195,10027,22448345,27262841040,12063204,STK
2314,037370,KR7037370004,EG,KOSDAQ,벤처기업부,3160,1,110,3.61,3090,3200,3040,8493,26438508,27254911520,8624972,KSQ
2315,276730,KR7276730009,한울앤제주,KOSDAQ,투자주의환기종목(소속부없음),11470,0,0,0.0,0,0,0,0,0,27204729520,2371816,KSQ
2316,079170,KR7079170007,한창산업,KOSDAQ,우량기업부,5230,1,230,4.6,5030,5230,5030,23147,119542865,27196000000,5200000,KSQ
2317,071950,KR7071950000,코아스,KOSPI,,1878,2,-177,-8.61,2080,2150,1750,768002,1519642426,27154368210,14459195,STK
2318,093240,KR7093240000,형지엘리트,KOSPI,,442,3,0,0.0,460,463,439,440727,196943765,27134494478,61390259,STK
2319,030720,KR7030720007,동원수산,KOSPI,,5830,1,260,4.67,5600,6000,5260,80262,462322605,27131683150,4653805,STK
2320,354390,KR7354390007,바스칸바이오제약,KONEX,일반기업부,3865,1,60,1.58,3865,3865,3865,1,3865,27125524655,7018247,KNX
2321,351320,KR7351320007,넥사다이내믹스,KOSDAQ,중견기업부,912,2,-48,-5.0,960,960,890,53704,49943332,27085161504,29698642,KSQ
2322,016920,KR7016920001,카스,KOSDAQ,중견기업부,1022,2,-5,-0.49,1058,1058,1010,86669,88246682,27076395836,26493538,KSQ
2323,068100,KR7068100007,케이웨더,KOSDAQ,기술성장기업부,2270,2,-25,-1.09,2295,2310,2270,3821,8747085,27075506720,11927536,KSQ
2324,032750,KR7032750002,삼진,KOSDAQ,우량기업부,2995,1,35,1.18,2960,3000,2955,6007,17875385,27048210390,9031122,KSQ
2325,066910,KR7066910001,손오공,KOSDAQ,중견기업부,2020,1,64,3.27,1804,2050,1800,71721,142440978,27040996640,13386632,KSQ
2326,138070,KR7138070008,신진에스엠,KOSDAQ,중견기업부,1544,1,9,0.59,1535,1567,1515,23714,36683417,27024946976,17503204,KSQ
2327,177830,KR7177830007,파버나인,KOSDAQ,벤처기업부,2385,3,0,0.0,2385,2400,2320,12373,29115505,27012493305,11325993,KSQ
2328,057680,KR7057680001,티사이언티픽,KOSDAQ,벤처기업부,1710,1,49,2.95,1661,1769,1661,30147,51976623,27005874390,15792909,KSQ
2329,069140,KR7069140002,누리플랜,KOSDAQ,벤처기업부,1786,1,19,1.08,1770,1800,1761,14756,26159738,26961105944,15095804,KSQ
2330,357430,KR7357430008,마스턴프리미어리츠,KOSPI,,882,2,-19,-2.11,875,929,875,28520,25459521,26905680774,30505307,STK
2331,387570,KR7387570005,파인메딕스,KOSDAQ,기술성장기업부,4775,1,80,1.7,4695,4880,4695,10114,48706080,26863672500,5625900,KSQ
2332,197140,KR7197140007,디지캡,KOSDAQ,벤처기업부,2060,2,-20,-0.96,2085,2085,2060,12120,25111173,26807097240,13013154,KSQ
2333,006490,KR7006490007,프리티,KOSPI,,905,2,-5,-0.55,910,934,880,66675,60353250,26767386815,29577223,STK
2334,475660,KR7475660007,에스켐,KOSDAQ,기술성장기업부,3375,1,30,0.9,3350,3650,3300,1468,5049810,26763193125,7929835,KSQ
2335,130500,KR7130500002,GH신소재,KOSDAQ,중견기업부,1838,2,-2,-0.11,1840,1881,1820,3546,6525823,26733805576,14545052,KSQ
2336,001810,KR7001810001,무림SP,KOSDAQ,중견기업부,1207,1,3,0.25,1208,1237,1200,15937,19256565,26719962500,22137500,KSQ
2337,025890,KR7025890005,한국주강,KOSPI,,2395,1,110,4.81,2280,2395,2280,55903,130858745,26691355320,11144616,STK
2338,198940,KR7198940009,한주라이트메탈,KOSDAQ,중견기업부,1340,1,5,0.37,1436,1436,1301,105914,144833376,26679078400,19909760,KSQ
2339,007720,KR7007720006,소노스퀘어,KOSDAQ,중견기업부,1323,2,-8,-0.6,1375,1375,1301,51967,68986030,26671799070,20160090,KSQ
2340,095910,KR7095910006,에스에너지,KOSDAQ,중견기업부,715,1,35,5.15,697,747,683,606204,435847330,26667289935,37296909,KSQ
2341,038620,KR7038620001,위즈코프,KOSDAQ,벤처기업부,1760,1,31,1.79,1716,1778,1716,6334,11059279,26656771680,15145893,KSQ
2342,195500,KR7195500004,마니커에프앤지,KOSDAQ,중견기업부,1660,1,10,0.61,1650,1699,1638,25386,41839713,26523480000,15978000,KSQ
2343,199480,KR7199480005,뱅크웨어글로벌,KOSDAQ,기술성장기업부,2600,3,0,0.0,2575,2700,2560,18056,46615322,26511128800,10196588,KSQ
2344,114630,KR7114630007,폴라리스우노,KOSDAQ,우량기업부,1538,1,3,0.2,1535,1560,1530,53260,82058181,26507811424,17235248,KSQ
2345,005110,KR7005110002,한창,KOSPI,,1254,0,0,0.0,0,0,0,0,0,26467434378,21106407,STK
2346,289220,KR7289220006,자이언트스텝,KOSDAQ,기술성장기업부,1181,2,-28,-2.32,1229,1229,1151,42104,49255133,26350733001,22312221,KSQ
2347,237750,KR7237750005,피앤씨테크,KOSDAQ,벤처기업부,4050,1,125,3.18,3925,4055,3850,5514,21852770,26311230000,6496600,KSQ
2348,039740,KR7039740006,한국정보공학,KOSDAQ,벤처기업부,3275,1,115,3.64,3150,3300,3150,18578,60020346,26260250175,8018397,KSQ
2349,0010F0,KR70010F0005,보원케미칼,KOSDAQ,벤처기업부,2345,1,35,1.52,2320,2380,2290,39945,93293910,26131744345,11143601,KSQ
2350,406820,KR7406820001,뷰티스킨,KOSDAQ,벤처기업부,1845,1,76,4.3,1770,1850,1769,167573,303126260,26081209665,14136157,KSQ
2351,033250,KR7033250002,체시스,KOSPI,,4075,1,170,4.35,4120,4120,3955,13253,53706935,26080000000,6400000,STK
2352,318020,KR7318020005,포인트모바일,KOSDAQ,벤처기업부,2120,2,-35,-1.62,2105,2220,2105,20831,44916835,26078696640,12301272,KSQ
2353,121890,KR7121890008,에스디시스템,KOSDAQ,중견기업부,1962,2,-25,-1.26,2100,2100,1935,7984,15787117,26077817052,13291446,KSQ
2354,232830,KR7232830000,아이티센피엔에스,KOSDAQ,벤처기업부,1576,1,107,7.28,1477,1600,1469,25521,38941143,26057152176,16533726,KSQ
2355,363260,KR7363260001,모비데이즈,KOSDAQ,벤처기업부,810,1,20,2.53,776,825,776,47608,38406862,26052652890,32163769,KSQ
2356,058110,KR7058110008,멕아이씨에스,KOSDAQ,기술성장기업부,1622,1,63,4.04,1559,1688,1559,21849,35344874,26033959660,16050530,KSQ
2357,017000,KR7017000001,신원종합개발,KOSDAQ,우량기업부,2230,1,65,3.0,2175,2275,2175,42796,95328300,26019700210,11668027,KSQ
2358,290270,KR7290270008,휴네시온,KOSDAQ,벤처기업부,2705,3,0,0.0,2685,2780,2685,9557,25993335,25988752760,9607672,KSQ
2359,238490,KR7238490007,힘스,KOSDAQ,벤처기업부,2295,1,45,2.0,2230,2295,2230,3862,8832890,25961581620,11312236,KSQ
2360,016670,KR7016670002,디모아,KOSDAQ,중견기업부,2545,1,65,2.62,2455,2570,2455,2827,7110740,25944325530,10194234,KSQ
2361,291230,KR7291230001,엔피,KOSDAQ,중견기업부,588,0,0,0.0,0,0,0,0,0,25928315700,44095775,KSQ
2362,131220,KR7131220006,대한과학,KOSDAQ,벤처기업부,3470,2,-50,-1.42,3520,3520,3455,16679,57984265,25867080300,7454490,KSQ
2363,290520,KR7290520006,신도기연,KOSDAQ,벤처기업부,1643,1,18,1.11,1610,1680,1592,9933,16269103,25854517452,15736164,KSQ
2364,093380,KR7093380004,풍강,KOSDAQ,중견기업부,2615,1,10,0.38,2610,2635,2595,6723,17531805,25834403495,9879313,KSQ
2365,054780,KR7054780002,키이스트,KOSDAQ,중견기업부,1313,1,42,3.3,1271,1320,1271,5283,6911358,25810682209,19657793,KSQ
2366,450520,KR7450520002,인스웨이브,KOSDAQ,벤처기업부,1752,1,26,1.51,1726,1788,1722,5863,10299196,25762420656,14704578,KSQ
2367,288980,KR7288980006,모아데이타,KOSDAQ,기술성장기업부,708,1,12,1.72,708,755,690,139609,100616812,25758016332,36381379,KSQ
2368,900070,KYG3931T1076,글로벌에스엠,KOSDAQ,외국기업(소속부없음),957,1,27,2.9,967,1000,936,36583,35153276,25716488688,26871984,KSQ
2369,021880,KR7021880000,메이슨캐피탈,KOSDAQ,중견기업부,1211,1,9,0.75,1255,1255,1204,48299,58503614,25695530840,21218440,KSQ
2370,900310,HK0000341732,컬러레이,KOSDAQ,외국기업(소속부없음),2000,1,1,0.05,1987,2035,1980,3080,6162372,25616670000,12808335,KSQ
2371,005320,KR7005320007,온타이드,KOSPI,,749,1,16,2.18,748,760,736,27938,20819850,25606695905,34187845,STK
2372,045300,KR7045300001,성우테크론,KOSDAQ,중견기업부,2425,1,60,2.54,2365,2425,2365,7310,17484100,25576504100,10547012,KSQ
2373,376180,KR7376180006,피코그램,KOSDAQ,벤처기업부,1375,1,3,0.22,1377,1416,1375,41683,57877792,25521427250,18561038,KSQ
2374,430690,KR7430690008,한싹,KOSDAQ,벤처기업부,2340,1,10,0.43,2295,2470,2295,104144,248180379,25495011360,10895304,KSQ
2375,367000,KR7367000007,플래티어,KOSDAQ,벤처기업부,3020,1,35,1.17,3020,3020,2900,5012,14776140,25332385140,8388207,KSQ
2376,373170,KR7373170000,엠아이큐브솔루션,KOSDAQ,벤처기업부,1676,1,51,3.14,1750,1750,1616,9164,15008728,25330712040,15113790,KSQ
2377,148250,KR7148250004,알엔투테크놀로지,KOSDAQ,벤처기업부,1860,1,40,2.2,1820,1876,1804,36303,66640539,25315909440,13610704,KSQ
2378,33637K,KR733637K010,솔루스첨단소재1우,KOSPI,,1496,2,-20,-1.32,1540,1540,1494,6889,10335329,25295513936,16908766,STK
2379,054940,KR7054940002,엑사이엔씨,KOSDAQ,중견기업부,760,0,0,0.0,0,0,0,0,0,25211896480,33173548,KSQ
2380,038530,KR7038530002,케이바이오랩스,KOSDAQ,중견기업부,973,2,-15,-1.52,988,1010,956,195997,195095066,25191088706,25890122,KSQ
2381,109960,KR7109960005,앱토크롬,KOSDAQ,투자주의환기종목(소속부없음),1662,1,12,0.73,1669,1669,1621,2848,4683703,25149771246,15132233,KSQ
2382,044780,KR7044780005,에이치케이,KOSDAQ,벤처기업부,1359,2,-16,-1.16,1375,1384,1355,45884,62797855,25149364533,18505787,KSQ
2383,257370,KR7257370007,피엔티엠에스,KOSDAQ,벤처기업부,2010,3,0,0.0,1997,2080,1960,10179,20261428,25134770610,12504861,KSQ
2384,047080,KR7047080007,한빛소프트,KOSDAQ,중견기업부,1010,2,-13,-1.27,1023,1048,1005,64634,66399728,25070585620,24822362,KSQ
2385,298060,KR7298060005,풍전약품,KOSDAQ,관리종목(소속부없음),2595,2,-5,-0.19,2600,2630,2520,12427,32261880,25009174965,9637447,KSQ
2386,006740,KR7006740005,블루산업개발,KOSPI,,1052,0,0,0.0,0,0,0,0,0,24974295900,23739825,STK
2387,225220,KR7225220003,제놀루션,KOSDAQ,벤처기업부,1298,2,-2,-0.15,1284,1333,1284,24428,31730262,24908647258,19190021,KSQ
2388,002355,KR7002351005,넥센타이어1우B,KOSPI,,3830,1,5,0.13,3900,3900,3770,3553,13577880,24895000000,6500000,STK
2389,243870,KR7243870003,아이티센코어,KONEX,일반기업부,8600,3,0,0.0,8600,8600,8600,13,111800,24876626600,2892631,KNX
2390,318000,KR7318000007,KBG,KOSDAQ,벤처기업부,2835,1,5,0.18,2835,2900,2820,6254,17899530,24778532205,8740223,KSQ
2391,048470,KR7048470009,대동스틸,KOSDAQ,중견기업부,2555,1,55,2.2,2500,2600,2500,15244,38900300,24655750000,9650000,KSQ
2392,065150,KR7065150005,대산F&B,KOSDAQ,중견기업부,1544,1,11,0.72,1540,1574,1540,13231,20515334,24608642560,15938240,KSQ
2393,146060,KR7146060009,율촌,KOSDAQ,중견기업부,1022,1,4,0.39,1010,1068,1010,46040,47124566,24543938090,24015595,KSQ
2394,368600,KR7368600003,아이씨에이치,KOSDAQ,기술성장기업부,950,2,-5,-0.52,952,1004,930,725506,692752771,24505644250,25795415,KSQ
2395,123750,KR7123750002,알톤,KOSDAQ,중견기업부,1773,1,2,0.11,1807,1813,1722,12863,22889347,24501546207,13819259,KSQ
2396,148780,KR7148780000,비큐AI,KOSDAQ,기술성장기업부,3885,4,895,29.93,3305,3885,3305,1457206,5447337779,24433328325,6289145,KSQ
2397,462510,KR7462510009,라메디텍,KOSDAQ,기술성장기업부,2775,1,15,0.54,2750,2815,2710,10101,27855890,24428227875,8802965,KSQ
2398,051380,KR7051380004,피씨디렉트,KOSDAQ,중견기업부,1592,1,6,0.38,1590,1609,1582,13805,22023850,24421394624,15340072,KSQ
2399,019175,KR7019171008,신풍제약우,KOSPI,,12260,1,370,3.11,12000,12310,12000,1714,21042710,24412479800,1991230,STK
2400,187220,KR7187220009,디티앤씨,KOSDAQ,중견기업부,2115,1,65,3.17,2050,2140,2050,9263,19387205,24375233295,11524933,KSQ
2401,053060,KR7053060000,세동,KOSDAQ,중견기업부,1378,2,-3,-0.22,1371,1394,1371,17418,24125103,24331923382,17657419,KSQ
2402,311060,KR7311060008,엘에이티,KONEX,일반기업부,3090,1,185,6.37,3195,3195,3000,405,1216370,24324894060,7872134,KNX
2403,300120,KR7300120003,라온피플,KOSDAQ,벤처기업부,491,0,0,0.0,0,0,0,0,0,24306471856,49504016,KSQ
2404,340440,KR7340440007,세림B&G,KOSDAQ,벤처기업부,854,1,38,4.66,819,885,819,199965,169272218,24235122856,28378364,KSQ
2405,464500,KR7464500008,아이언디바이스,KOSDAQ,기술성장기업부,1725,1,35,2.07,1700,1789,1700,16206,28341336,24138378675,13993263,KSQ
2406,097780,KR7097780001,에코볼트,KOSDAQ,중견기업부,1188,2,-10,-0.83,1198,1221,1187,8417,10092513,24108189732,20293089,KSQ
2407,333050,KR7333050003,이노테나,KOSDAQ,벤처기업부,4890,2,-100,-2.0,4990,5090,4840,3714,18107435,24080413800,4924420,KSQ
2408,455180,KR7455180000,케이지에이,KOSDAQ,벤처기업부,1725,2,-52,-2.93,1777,1795,1721,26712,46868853,24078095100,13958316,KSQ
2409,038870,KR7038870002,에코심플렉스,KOSDAQ,중견기업부,1709,1,2,0.12,1709,1754,1700,10020,17319968,23951547841,14014949,KSQ
2410,035200,KR7035200005,프럼파스트,KOSDAQ,벤처기업부,2595,1,10,0.39,2570,2655,2565,14534,37933510,23925850695,9219981,KSQ
2411,032790,KR7032790008,엠젠솔루션,KOSDAQ,벤처기업부,931,1,12,1.31,929,956,887,153869,141141824,23908178686,25680106,KSQ
2412,462980,KR7462980004,아이지넷,KOSDAQ,기술성장기업부,1311,1,16,1.24,1360,1360,1298,23408,30791542,23905346907,18234437,KSQ
2413,403810,KR7403810005,아이엘로보틱스,KONEX,일반기업부,2405,1,305,14.52,2405,2405,2405,2,4810,23899317130,9937346,KNX
2414,054090,KR7054090006,삼진엘앤디,KOSDAQ,중견기업부,955,2,-28,-2.85,967,989,923,47467,45317129,23836066560,24959232,KSQ
2415,024890,KR7024890006,대원화성,KOSPI,,2885,1,50,1.76,2835,2945,2835,16988,49361385,23800759550,8249830,STK
2416,052300,KR7052300001,오션인더블유,KOSDAQ,중견기업부,1463,1,30,2.09,1431,1469,1431,81209,118199972,23765159264,16244128,KSQ
2417,070590,KR7070590005,인티큐브,KOSDAQ,중견기업부,1712,1,3,0.18,1750,1750,1700,9102,15592928,23761739952,13879521,KSQ
2418,013810,KR7013810007,스페코,KOSDAQ,중견기업부,1621,1,43,2.72,1578,1700,1578,45961,73947326,23756516870,14655470,KSQ
2419,036480,KR7036480002,대성미생물,KOSDAQ,중견기업부,6250,1,30,0.48,6220,6400,6160,5087,31993630,23750000000,3800000,KSQ
2420,200350,KR7200350007,아티스트스튜디오,KOSDAQ,기술성장기업부,2370,2,-55,-2.27,2325,2430,2310,20277,47935884,23690579250,9996025,KSQ
2421,003495,KR7003491008,대한항공우,KOSPI,,21300,1,150,0.71,21200,21800,21200,1083,23110950,23659912200,1110794,STK
2422,383930,KR7383930005,디티앤씨알오,KOSDAQ,중견기업부,1850,1,28,1.54,1880,1880,1781,13691,24994124,23650636800,12784128,KSQ
2423,115160,KR7115160004,휴맥스,KOSDAQ,중견기업부,5490,1,50,0.92,5440,5680,5360,11240,61789265,23648356170,4307533,KSQ
2424,169330,KR7169330008,엠브레인,KOSDAQ,중견기업부,1291,1,3,0.23,1288,1295,1235,10244,12862974,23647141138,18316918,KSQ
2425,258790,KR7258790005,소프트캠프,KOSDAQ,벤처기업부,4730,1,195,4.3,4515,4740,4515,9915,46248160,23641750880,4998256,KSQ
2426,033200,KR7033200007,모아텍,KOSDAQ,투자주의환기종목(소속부없음),2565,1,15,0.59,2595,2635,2500,9538,24765630,23609616885,9204529,KSQ
2427,398120,KR7398120006,에스지헬스케어,KOSDAQ,벤처기업부,1992,1,50,2.57,1950,2040,1946,9874,19711519,23588289912,11841511,KSQ
2428,134060,KR7134060003,이퓨쳐,KOSDAQ,벤처기업부,4945,1,5,0.1,4905,4980,4905,1425,7038244,23583941250,4769250,KSQ
2429,267790,KR7267790004,배럴,KOSDAQ,중견기업부,3065,3,0,0.0,3200,3200,3065,5287,16251295,23567732085,7689309,KSQ
2430,102950,KR7102950003,아하,KONEX,일반기업부,1795,2,-91,-4.83,1886,1886,1666,293,497589,23553815885,13121903,KNX
2431,085810,KR7085810000,알티캐스트,KOSDAQ,중견기업부,1666,1,9,0.54,1700,1700,1609,2580,4298402,23552163698,14136953,KSQ
2432,065370,KR7065370009,위세아이텍,KOSDAQ,벤처기업부,3180,2,-20,-0.63,3170,3250,3137,24200,77436604,23480973720,7383954,KSQ
2433,328380,KR7328380001,솔트웨어,KOSDAQ,벤처기업부,3425,2,-25,-0.72,3490,3490,3360,12832,43860220,23470000875,6852555,KSQ
2434,236810,KR7236810008,엔비티,KOSDAQ,기술성장기업부,1382,2,-37,-2.61,1430,1434,1300,62775,86580675,23460038732,16975426,KSQ
2435,368970,KR7368970000,오에스피,KOSDAQ,관리종목(소속부없음),2295,2,-30,-1.29,2280,2400,2280,5805,13581065,23402034675,10196965,KSQ
2436,091340,KR7091340000,S&K폴리텍,KOSDAQ,중견기업부,1995,1,16,0.81,2000,2005,1981,16661,33209990,23348923395,11703721,KSQ
2437,009310,KR7009310004,참엔지니어링,KOSPI,,5330,0,0,0.0,0,0,0,0,0,23329484620,4377014,STK
2438,018680,KR7018680009,서울제약,KOSDAQ,벤처기업부,1998,1,11,0.55,2005,2090,1982,2136,4263184,23295319362,11659319,KSQ
2439,060380,KR7060380003,동양에스텍,KOSDAQ,중견기업부,1182,1,7,0.6,1180,1190,1179,4830,5715845,23285400000,19700000,KSQ
2440,019570,KR7019570001,GMI벤처,KOSDAQ,중견기업부,2425,1,60,2.54,2370,2470,2370,14468,34741985,23146634700,9545004,KSQ
2441,207490,KR7207490004,에이펙스인텍,KONEX,일반기업부,6410,0,0,0.0,0,0,0,0,0,23076000000,3600000,KNX
2442,063760,KR7063760003,이엘피,KOSDAQ,벤처기업부,2465,2,-30,-1.2,2490,2560,2445,5886,14578440,22986445450,9325130,KSQ
2443,403490,KR7403490006,우듬지팜,KOSDAQ,벤처기업부,500,2,-1,-0.2,497,513,491,95378,48500211,22966232000,45932464,KSQ
2444,139670,KR7139670004,키네마스터,KOSDAQ,중견기업부,1615,1,36,2.28,1566,1625,1566,3839,6180489,22801878150,14118810,KSQ
2445,378800,KR7378800007,샤페론,KOSDAQ,기술성장기업부,493,1,2,0.41,494,543,463,3722516,1896585042,22797814283,46243031,KSQ
2446,080530,KR7080530009,코디,KOSDAQ,중견기업부,2055,2,-10,-0.48,2065,2100,2050,28674,59205390,22752310620,11071684,KSQ
2447,188040,KR7188040000,바이오포트,KOSDAQ,벤처기업부,4855,1,95,2.0,4765,4970,4740,8891,43027385,22718040340,4679308,KSQ
2448,115480,KR7115480006,씨유메디칼,KOSDAQ,중견기업부,1872,1,30,1.63,1833,1879,1828,4860,9071849,22697833392,12124911,KSQ
2449,208350,KR7208350009,지란지교시큐리티,KOSDAQ,벤처기업부,2795,1,25,0.9,2815,2855,2750,3323,9175815,22643888150,8101570,KSQ
2450,083660,KR7083660001,CSA 코스믹,KOSDAQ,중견기업부,3185,1,140,4.6,3300,3350,3045,32419,101291005,22643009025,7109265,KSQ
2451,397810,KR7397810003,애드포러스,KOSDAQ,벤처기업부,4380,1,15,0.34,4400,4415,4240,10502,45188540,22604172600,5160770,KSQ
2452,377330,KR7377330006,이지트로닉스,KOSDAQ,기술성장기업부,2775,1,70,2.59,2780,2825,2705,3578,9996850,22588372350,8139954,KSQ
2453,222980,KR7222980005,한국맥널티,KOSDAQ,벤처기업부,2045,1,10,0.49,2025,2095,2000,11652,23724430,22559382735,11031483,KSQ
2454,432980,KR7432980001,엠에프씨,KOSDAQ,기술성장기업부,2625,1,25,0.96,2630,2640,2560,1014,2615355,22553322750,8591742,KSQ
2455,210120,KR7210120002,캔버스엔,KOSDAQ,중견기업부,930,0,0,0.0,0,0,0,0,0,22540854540,24237478,KSQ
2456,296640,KR7296640006,이노에이엑스,KOSDAQ,벤처기업부,4350,1,190,4.57,4160,4355,4100,7915,33578830,22525396200,5178252,KSQ
2457,405920,KR7405920000,나라셀라,KOSDAQ,중견기업부,1747,2,-23,-1.3,1770,1797,1712,7525,13023830,22497998772,12878076,KSQ
2458,096690,KR7096690003,에이루트,KOSDAQ,중견기업부,5590,1,70,1.27,5510,5620,5470,2209,12241070,22487686780,4022842,KSQ
2459,219750,KR7219750007,한국비티비,KOSDAQ,중견기업부,1715,3,0,0.0,1715,1730,1698,17650,30272750,22441421555,13085377,KSQ
2460,317120,KR7317120004,라닉스,KOSDAQ,기술성장기업부,1468,1,53,3.75,1421,1500,1416,49500,72512574,22401680000,15260000,KSQ
2461,33626L,KR733626K021,두산퓨얼셀2우B,KOSPI,,7500,1,450,6.38,7460,7500,7060,7240,53322700,22397250000,2986300,STK
2462,004270,KR7004270005,남성,KOSPI,,6170,1,170,2.83,6170,6300,5890,15722,96023520,22342902720,3621216,STK
2463,007770,KR7007770001,한일화학,KOSDAQ,중견기업부,6360,1,70,1.11,6590,6590,6290,455,2877630,22323600000,3510000,KSQ
2464,429270,KR7429270002,시지트로닉스,KOSDAQ,기술성장기업부,3445,1,270,8.5,3315,3485,3220,50706,171926670,22217600795,6449231,KSQ
2465,353190,KR7353190002,휴럼,KOSDAQ,중견기업부,2820,2,-15,-0.53,2835,2855,2800,9358,26525375,22209428880,7875684,KSQ
2466,002360,KR7002360006,SH에너지화학,KOSPI,,1996,0,0,0.0,0,0,0,0,0,22182292508,11113373,STK
2467,023770,KR7023770001,플레이위드,KOSDAQ,중견기업부,2475,2,-5,-0.2,2480,2485,2390,13829,33699430,22142575125,8946495,KSQ
2468,008775,KR7008771008,호텔신라우,KOSPI,,29350,1,350,1.21,29200,29400,29000,582,16999950,22067648650,751879,STK
2469,049120,KR7049120009,파인디앤씨,KOSDAQ,벤처기업부,2080,1,55,2.72,2200,2200,2005,8244,16747800,22051459040,10601663,KSQ
2470,032080,KR7032080004,아즈텍WB,KOSDAQ,중견기업부,1025,1,29,2.91,997,1060,997,9532,9627036,22028304725,21491029,KSQ
2471,084440,KR7084440007,유비온,KOSDAQ,기술성장기업부,1150,3,0,0.0,1127,1171,1074,103923,118387769,22002284150,19132421,KSQ
2472,241840,KR7241840008,에이스토리,KOSDAQ,중견기업부,2305,1,20,0.88,2285,2305,2245,23260,53200478,21989686170,9539994,KSQ
2473,059180,KR7059180000,엔더블유시,KONEX,일반기업부,4135,2,-10,-0.24,4135,4135,4135,250,1033750,21973762150,5314090,KNX
2474,440320,KR7440320000,오픈놀,KOSDAQ,기술성장기업부,2200,1,135,6.54,2045,2265,2045,28767,63053347,21956000000,9980000,KSQ
2475,130740,KR7130740004,티피씨글로벌,KOSDAQ,중견기업부,1944,1,31,1.62,1930,1955,1918,9315,18042878,21921863976,11276679,KSQ
2476,014100,KR7014100002,메디앙스,KOSDAQ,중견기업부,1857,2,-42,-2.21,1899,1950,1828,18424,34580028,21912600000,11800000,KSQ
2477,101680,KR7101680007,한국정밀기계,KOSDAQ,중견기업부,2600,2,-5,-0.19,2700,2700,2550,5481,14327150,21850400000,8404000,KSQ
2478,424760,KR7424760007,벨로크,KOSDAQ,벤처기업부,2165,1,10,0.46,2235,2270,2090,48449,105430030,21767706720,10054368,KSQ
2479,342870,KR7342870003,오아,KOSDAQ,중견기업부,3990,1,140,3.64,3870,4130,3865,1931,7739710,21746286030,5450197,KSQ
2480,352940,KR7352940001,인바이오,KOSDAQ,벤처기업부,2000,2,-5,-0.25,1988,2030,1988,1808,3616507,21735460000,10867730,KSQ
2481,109670,KR7109670000,씨싸이트,KOSDAQ,중견기업부,3715,1,215,6.14,3700,3725,3465,14415,52035260,21682976430,5836602,KSQ
2482,051630,KR7051630002,진양화학,KOSPI,,1020,2,-9,-0.87,1050,1064,1014,170460,175655966,21624000000,21200000,STK
2483,415380,KR7415380005,스튜디오삼익,KOSDAQ,중견기업부,1889,2,-17,-0.89,1930,1930,1889,4313,8187013,21615779775,11442975,KSQ
2484,080720,KR7080720006,한국유니온제약,KOSDAQ,관리종목(소속부없음),2725,0,0,0.0,0,0,0,0,0,21562456300,7912828,KSQ
2485,238200,KR7238200000,비피도,KOSDAQ,벤처기업부,2630,1,60,2.33,2570,2725,2570,10076,26515815,21513400000,8180000,KSQ
2486,019660,KR7019660000,글로본,KOSDAQ,중견기업부,1540,2,-5,-0.32,1545,1579,1481,6346,9726885,21474272820,13944333,KSQ
2487,223310,KR7223310004,사토시홀딩스,KOSDAQ,중견기업부,4125,1,25,0.61,4475,4475,4080,3912,16328305,21469148250,5204642,KSQ
2488,098660,KR7098660004,에스티오,KOSDAQ,중견기업부,1715,1,13,0.76,1710,1721,1708,470,804534,21439173840,12500976,KSQ
2489,000040,KR7000040006,KR모터스,KOSPI,,1240,2,-8,-0.64,1248,1265,1230,28299,35284437,21421044640,17275036,STK
2490,043200,KR7043200005,파루,KOSDAQ,벤처기업부,512,0,0,0.0,0,0,0,0,0,21403809280,41804315,KSQ
2491,377030,KR7377030002,비트맥스,KOSDAQ,관리종목(소속부없음),1497,1,15,1.01,1482,1522,1471,16244,24341618,21394677894,14291702,KSQ
2492,353590,KR7353590003,오토앤,KOSDAQ,중견기업부,1659,1,44,2.72,1615,1668,1610,6227,10288841,21360570630,12875570,KSQ
2493,270210,KR7270210008,에스알바이오텍,KONEX,일반기업부,12470,3,0,0.0,12500,12500,12000,64,771830,21341756560,1711448,KNX
2494,359090,KR7359090008,씨엔알리서치,KOSDAQ,중견기업부,1854,2,-24,-1.28,1878,1922,1852,11682,21877453,21310141122,11494143,KSQ
2495,032280,KR7032280000,삼일,KOSDAQ,중견기업부,1313,3,0,0.0,1313,1341,1300,5330,7027254,21288443670,16213590,KSQ
2496,083470,KR7083470005,이엠앤아이,KOSDAQ,벤처기업부,997,1,51,5.39,985,999,946,298099,292859715,21276308013,21340329,KSQ
2497,347770,KR7347770000,핌스,KOSDAQ,중견기업부,928,1,12,1.31,950,950,889,25839,23616754,21211334976,22857042,KSQ
2498,277410,KR7277410007,인산가,KOSDAQ,벤처기업부,5490,1,120,2.23,5520,5520,5450,1546,8466690,21087913500,3841150,KSQ
2499,131180,KR7131180002,딜리,KOSDAQ,벤처기업부,3590,1,10,0.28,3590,3605,3580,4834,17378450,21073300000,5870000,KSQ
2500,274400,KR7274400001,이노시뮬레이션,KOSDAQ,기술성장기업부,2315,2,-10,-0.43,2310,2345,2270,7702,17762545,21035231295,9086493,KSQ
2501,080470,KR7080470008,성창오토텍,KOSDAQ,벤처기업부,2880,2,-85,-2.87,2940,2985,2880,10729,31352000,21024000000,7300000,KSQ
2502,193250,KR7193250008,링크드,KOSDAQ,중견기업부,1570,3,0,0.0,1589,1631,1525,4866,7740123,20989224810,13368933,KSQ
2503,179720,KR7179720008,머니무브,KONEX,일반기업부,7600,2,-400,-5.0,8200,8200,7600,14,108600,20900136800,2750018,KNX
2504,090150,KR7090150004,아이윈,KOSDAQ,중견기업부,499,0,0,0.0,0,0,0,0,0,20895771207,41875293,KSQ
2505,206950,KR7206950008,볼빅,KONEX,일반기업부,1484,2,-3,-0.2,1486,1486,1484,2,2970,20890661260,14077265,KNX
2506,043360,KR7043360007,디지아이,KOSDAQ,벤처기업부,2320,2,-20,-0.85,2410,2415,2310,1014,2365985,20880000000,9000000,KSQ
2507,153490,KR7153490008,우리이앤엘하루틴,KOSDAQ,우량기업부,405,0,0,0.0,0,0,0,0,0,20849400000,51480000,KSQ
2508,200230,KR7200230001,텔콘RF제약,KOSDAQ,중견기업부,2190,1,15,0.69,2200,2275,2175,26260,58118215,20766169110,9482269,KSQ
2509,154040,KR7154040000,다산솔루에타,KOSDAQ,중견기업부,960,1,130,15.66,830,1000,830,775597,747563927,20750989440,21615614,KSQ
2510,067010,KR7067010009,이씨에스,KOSDAQ,벤처기업부,1905,3,0,0.0,1954,1954,1900,1725,3300714,20742592500,10888500,KSQ
2511,101400,KR7101400000,엔시트론,KOSDAQ,중견기업부,1764,1,13,0.74,1797,1797,1721,185528,326777704,20712514032,11741788,KSQ
2512,067730,KR7067730002,로지시스,KOSDAQ,중견기업부,2140,1,10,0.47,2135,2160,2030,34615,73413825,20702193080,9673922,KSQ
2513,373110,KR7373110006,엑셀세라퓨틱스,KOSDAQ,기술성장기업부,1195,1,21,1.79,1164,1198,1163,17542,20725551,20666800830,17294394,KSQ
2514,195990,KR7195990007,루트K,KOSDAQ,관리종목(소속부없음),1267,1,47,3.85,1210,1292,1210,14359,18087008,20636736358,16287874,KSQ
2515,290560,KR7290560002,파라택시스이더리움,KOSDAQ,벤처기업부,922,1,3,0.33,940,980,895,38553,36569080,20618437060,22362730,KSQ
2516,056730,KR7056730005,CNT85,KOSDAQ,중견기업부,1388,2,-34,-2.39,1386,1427,1320,25912,35839532,20573264956,14822237,KSQ
2517,001420,KR7001420009,태원물산,KOSPI,,2700,2,-5,-0.18,2790,2790,2620,22386,60022027,20520000000,7600000,STK
2518,215480,KR7215480005,토박스코리아,KOSDAQ,중견기업부,1910,1,70,3.8,1932,1955,1840,24389,46547472,20513400000,10740000,KSQ
2519,331660,KR7331660001,한국미라클피플사,KONEX,일반기업부,3725,2,-110,-2.87,3725,3725,3725,60,223500,20487500000,5500000,KNX
2520,076340,KR7076340009,지에이이노더스,KONEX,일반기업부,4200,3,0,0.0,4200,4200,4200,10,42000,20460132000,4871460,KNX
2521,088290,KR7088290002,이원컴포텍,KOSDAQ,관리종목(소속부없음),2565,2,-30,-1.16,2515,2595,2515,8536,21619160,20458624680,7976072,KSQ
2522,900110,HK0000057197,딥커머스,KOSDAQ,외국기업(소속부없음),1108,1,16,1.47,1083,1160,1050,28413,30559505,20428341148,18437131,KSQ
2523,115610,KR7115610008,이미지스,KOSDAQ,벤처기업부,1727,1,205,13.47,1524,1850,1524,365903,628368310,20411014063,11818769,KSQ
2524,372800,KR7372800003,아이티아이즈,KOSDAQ,벤처기업부,2900,1,20,0.69,2995,2995,2850,17308,50211040,20407848100,7037189,KSQ
2525,361670,KR7361670003,삼영에스앤씨,KOSDAQ,기술성장기업부,3600,1,20,0.56,3590,3645,3500,20941,75108680,20403568800,5667658,KSQ
2526,065060,KR7065060006,지엔코,KOSDAQ,중견기업부,3405,2,-180,-5.02,3495,3495,3375,8023,27461010,20397264330,5990386,KSQ
2527,027580,KR7027580000,상보,KOSDAQ,중견기업부,1720,1,218,14.51,1600,1784,1503,149923,250914778,20358358600,11836255,KSQ
2528,011090,KR7011090008,에넥스,KOSPI,,1715,2,-73,-4.08,1802,1814,1715,326447,580401181,20334847610,11857054,STK
2529,017250,KR7017250002,인터엠,KOSDAQ,중견기업부,963,1,21,2.23,989,989,941,4229,4100694,20266784721,21045467,KSQ
2530,032800,KR7032800005,판타지오,KOSDAQ,중견기업부,1626,1,9,0.56,1617,1637,1591,32926,53295375,20262434772,12461522,KSQ
2531,016100,KR7016100000,리더스코스메틱,KOSDAQ,중견기업부,1059,1,10,0.95,1049,1078,1023,7109,7425806,20227846746,19100894,KSQ
2532,331520,KR7331520007,밸로프,KOSDAQ,중견기업부,2060,1,10,0.49,2195,2195,2050,10971,22566297,20190443160,9801186,KSQ
2533,278990,KR7278990007,EMB,KONEX,일반기업부,2500,0,0,0.0,0,0,0,0,0,20161942500,8064777,KNX
2534,362990,KR7362990004,드림인사이트,KOSDAQ,벤처기업부,1198,2,-31,-2.52,1228,1228,1195,26472,31904658,20127087652,16800574,KSQ
2535,137940,KR7137940003,넥스트아이,KOSDAQ,중견기업부,2050,2,-65,-3.07,2115,2115,2010,59253,122964930,20114737350,9812067,KSQ
2536,403360,KR7403360001,라피치,KONEX,일반기업부,5600,1,200,3.7,5400,5600,5400,35,191000,20080575200,3585817,KNX
2537,252500,KR7252500004,세화피앤씨,KOSDAQ,중견기업부,484,1,19,4.09,465,489,465,37606,17918582,20079412760,41486390,KSQ
2538,076080,KR7076080001,웰크론한텍,KOSDAQ,중견기업부,883,2,-57,-6.06,907,917,862,226886,201381472,19950639748,22594156,KSQ
2539,015020,KR7015020001,이스타코,KOSPI,,928,0,0,0.0,0,0,0,0,0,19883142400,21425800,STK
2540,154030,KR7154030001,아시아종묘,KOSDAQ,벤처기업부,1647,1,42,2.62,1601,1653,1590,11883,19409115,19865894949,12061867,KSQ
2541,317860,KR7317860005,노드메이슨,KONEX,일반기업부,4400,2,-150,-3.3,4400,4400,4400,3,13200,19858146000,4513215,KNX
2542,417180,KR7417180007,핑거스토리,KOSDAQ,중견기업부,4595,1,30,0.66,4570,4620,4520,10997,50255210,19800842925,4309215,KSQ
2543,192390,KR7192390003,윈하이텍,KOSDAQ,벤처기업부,1794,1,37,2.11,1759,1855,1750,4788,8486740,19791818826,11032229,KSQ
2544,039310,KR7039310008,세중,KOSDAQ,중견기업부,1092,1,41,3.9,1064,1095,1048,33584,35678629,19788860364,18121667,KSQ
2545,303530,KR7303530000,이노뎁,KOSDAQ,벤처기업부,2695,2,-35,-1.28,2735,2740,2650,7452,20042920,19779410805,7339299,KSQ
2546,054410,KR7054410006,케이피티유,KOSDAQ,중견기업부,3450,2,-150,-4.17,3600,3760,3395,7629,26679740,19756231800,5726444,KSQ
2547,140430,KR7140430000,카티스,KOSDAQ,중견기업부,1846,1,62,3.48,1801,1907,1784,50848,94076541,19732829922,10689507,KSQ
2548,227610,KR7227610003,아우딘퓨쳐스,KOSDAQ,벤처기업부,1016,2,-60,-5.58,1099,1099,991,64409,65331782,19684564136,19374571,KSQ
2549,465770,KR7465770006,STX그린로지스,KOSPI,,2725,2,-70,-2.5,2680,2870,2615,516167,1426523770,19670085500,7218380,STK
2550,024940,KR7024940009,PN풍년,KOSDAQ,벤처기업부,1962,1,15,0.77,1967,1982,1950,35673,70246035,19620000000,10000000,KSQ
2551,065650,KR7065650004,하이퍼코퍼레이션,KOSDAQ,중견기업부,1787,1,20,1.13,1767,1820,1765,5045,8965481,19560478769,10945987,KSQ
2552,012340,KR7012340006,뉴인텍,KOSDAQ,투자주의환기종목(소속부없음),887,1,2,0.23,889,918,881,171996,153885878,19553731391,22044793,KSQ
2553,001685,KR7001681006,대상우,KOSPI,,14250,1,60,0.42,14200,14350,14200,555,7917385,19525677750,1370223,STK
2554,239340,KR7239340003,이스트에이드,KOSDAQ,중견기업부,723,2,-32,-4.24,878,878,704,1338455,1013573090,19506275382,26979634,KSQ
2555,275630,KR7275630002,에스에스알,KOSDAQ,벤처기업부,3700,2,-155,-4.02,4195,4195,3605,5405,20082180,19439089600,5253808,KSQ
2556,048830,KR7048830004,엔피케이,KOSDAQ,중견기업부,1037,2,-2,-0.19,1070,1070,1028,22406,23257541,19416708151,18723923,KSQ
2557,023790,KR7023790009,동일스틸럭스,KOSDAQ,중견기업부,1485,1,48,3.34,1480,1551,1443,198824,300438883,19408664880,13069808,KSQ
2558,438700,KR7438700007,버넥트,KOSDAQ,기술성장기업부,1734,1,69,4.14,1666,1790,1666,10439,18080970,19325239260,11144890,KSQ
2559,073570,KR7073570004,리튬포어스,KOSDAQ,관리종목(소속부없음),1605,1,30,1.9,1575,1641,1575,32266,51764741,19319911440,12037328,KSQ
2560,006200,KR7006200000,한국전자홀딩스,KOSPI,,2060,2,-55,-2.6,2120,2180,2035,123074,258138690,19282891620,9360627,STK
2561,214610,KR7214610008,롤링스톤,KOSDAQ,관리종목(소속부없음),2290,0,0,0.0,0,0,0,0,0,19197807380,8383322,KSQ
2562,196700,KR7196700009,웹스,KOSDAQ,벤처기업부,1328,1,55,4.32,1281,1387,1281,61996,82331474,19075583232,14364144,KSQ
2563,351870,KR7351870001,차이커뮤니케이션,KOSDAQ,중견기업부,1708,1,54,3.26,1661,1752,1661,4634,7896495,19062376536,11160642,KSQ
2564,058450,KR7058450008,한주에이알티,KOSDAQ,투자주의환기종목(소속부없음),3800,2,-180,-4.52,3970,3970,3740,20739,79146265,19050813600,5013372,KSQ
2565,032680,KR7032680001,소프트센,KOSDAQ,중견기업부,912,1,83,10.01,899,1077,899,3564469,3631308283,19020563472,20855881,KSQ
2566,078860,KR7078860004,아이오케이이엔엠,KOSDAQ,투자주의환기종목(소속부없음),3075,1,15,0.49,3035,3150,3035,34545,106183565,18994853100,6177188,KSQ
2567,096870,KR7096870001,엘디티,KOSDAQ,벤처기업부,2275,1,25,1.11,2235,2290,2205,12904,29065825,18991697725,8347999,KSQ
2568,037400,KR7037400009,우리엔터프라이즈,KOSDAQ,중견기업부,723,1,16,2.26,710,733,710,26958,19465760,18959479158,26223346,KSQ
2569,065690,KR7065690000,파커스,KOSDAQ,투자주의환기종목(소속부없음),1348,1,23,1.74,1354,1354,1312,18924,25380407,18938498188,14049331,KSQ
2570,322970,KR7322970005,무진메디,KONEX,일반기업부,1870,1,30,1.63,1870,1870,1870,1,1870,18860238430,10085689,KNX
2571,031860,KR7031860000,디에이치엑스컴퍼니,KOSDAQ,관리종목(소속부없음),693,0,0,0.0,0,0,0,0,0,18714758139,27005423,KSQ
2572,222670,KR7222670002,플럼라인생명과학,KONEX,일반기업부,4635,0,0,0.0,0,0,0,0,0,18692639820,4032932,KNX
2573,021040,KR7021040001,대호특수강,KOSDAQ,중견기업부,857,3,0,0.0,891,891,854,14749,12682525,18600991318,21704774,KSQ
2574,115530,KR7115530008,씨엔플러스,KOSDAQ,중견기업부,2340,1,120,5.41,2220,2440,2220,55415,130705553,18449451540,7884381,KSQ
2575,067770,KR7067770008,세진티에스,KOSDAQ,관리종목(소속부없음),2190,1,65,3.06,2200,2250,2115,62014,135877475,18388538670,8396593,KSQ
2576,045520,KR7045520004,크린앤사이언스,KOSDAQ,중견기업부,2825,2,-25,-0.88,2765,2857,2765,16723,46810675,18362500000,6500000,KSQ
2577,431190,KR7431190008,케이쓰리아이,KOSDAQ,기술성장기업부,2445,1,55,2.3,2395,2625,2395,76404,194440015,18304350690,7486442,KSQ
2578,020400,KR7020400008,대동금속,KOSDAQ,중견기업부,2865,1,110,3.99,2755,2900,2755,34654,98553500,18273921180,6378332,KSQ
2579,018620,KR7018620005,우진비앤지,KOSDAQ,벤처기업부,2620,1,20,0.77,2600,2785,2585,13747,35883750,18164412840,6932982,KSQ
2580,051780,KR7051780005,큐로홀딩스,KOSDAQ,중견기업부,2855,1,90,3.25,2900,2905,2765,3065,8751465,18088180825,6335615,KSQ
2581,069330,KR7069330009,유아이디,KOSDAQ,벤처기업부,1061,1,11,1.05,1048,1096,1011,24141,25161995,17986681014,16952574,KSQ
2582,00499K,KR700499K014,롯데지주우,KOSPI,,22300,1,300,1.36,22100,22850,22100,186,4123475,17964946900,805603,STK
2583,054220,KR7054220009,비츠로시스,KOSDAQ,벤처기업부,1426,1,21,1.49,1392,1439,1392,17921,25485062,17954218416,12590616,KSQ
2584,015260,KR7015260003,에이엔피,KOSPI,,381,1,6,1.6,385,398,365,874958,334092005,17951536614,47116894,STK
2585,405000,KR7405000001,플라즈맵,KOSDAQ,벤처기업부,4650,3,0,0.0,4990,4990,4450,7340,34228786,17848764600,3838444,KSQ
2586,065770,KR7065770000,CS,KOSDAQ,벤처기업부,1689,1,158,10.32,1625,1990,1554,4248477,8009129273,17759943096,10515064,KSQ
2587,335870,KR7335870002,윙스풋,KOSDAQ,중견기업부,1059,1,24,2.32,1025,1085,1025,5590,5894134,17738750907,16750473,KSQ
2588,419540,KR7419540000,비스토스,KOSDAQ,벤처기업부,2975,2,-5,-0.17,2935,3025,2935,5922,17607515,17725802675,5958253,KSQ
2589,103230,KR7103230009,에스앤더블류,KOSDAQ,중견기업부,2455,1,105,4.47,2390,2455,2355,13485,32592425,17676000000,7200000,KSQ
2590,224060,KR7224060004,더코디,KOSDAQ,투자주의환기종목(소속부없음),3425,2,-20,-0.58,3445,3500,3375,14967,51309800,17675472850,5160722,KSQ
2591,322780,KR7322780008,코퍼스코리아,KOSDAQ,중견기업부,1969,2,-36,-1.8,2030,2150,1950,32901,65625641,17671440270,8974830,KSQ
2592,050760,KR7050760008,에스폴리텍,KOSDAQ,중견기업부,1081,2,-13,-1.19,1099,1132,1050,298656,325331662,17657786918,16334678,KSQ
2593,309930,KR7309930006,조이웍스앤코,KOSDAQ,중견기업부,916,2,-45,-4.68,952,997,910,135964,129054817,17638394324,19255889,KSQ
2594,142760,KR7142760008,모아라이프플러스,KOSDAQ,기술성장기업부,418,2,-12,-2.79,433,438,410,165692,69628771,17625797640,42166980,KSQ
2595,060260,KR7060260007,뉴보텍,KOSDAQ,벤처기업부,1321,1,151,12.91,1180,1500,1180,892332,1175390438,17625252276,13342356,KSQ
2596,008600,KR7008600009,윌비스,KOSPI,,2620,0,0,0.0,0,0,0,0,0,17615839860,6723603,STK
2597,052960,KR7052960002,태양3C,KONEX,일반기업부,3600,1,305,9.26,3290,3600,3290,2110,7102030,17593480800,4887078,KNX
2598,009440,KR7009440009,KC그린홀딩스,KOSPI,,756,0,0,0.0,0,0,0,0,0,17568790596,23239141,STK
2599,008470,KR7008470007,부스타,KOSDAQ,벤처기업부,2085,2,-15,-0.71,2070,2100,1988,20856,42706153,17524008000,8404800,KSQ
2600,476710,KR7476710009,타조이엔터테인먼트,KONEX,일반기업부,17500,0,0,0.0,0,0,0,0,0,17500000000,1000000,KNX
2601,060900,KR7060900008,에이전트AI,KOSDAQ,중견기업부,4375,2,-15,-0.34,4695,4695,4230,15272,66610970,17460944375,3991073,KSQ
2602,006050,KR7006050009,국영지앤엠,KOSDAQ,중견기업부,500,2,-5,-0.99,501,517,495,457568,230014203,17447621500,34895243,KSQ
2603,365900,KR7365900000,브이씨,KOSDAQ,벤처기업부,2380,2,-120,-4.8,2475,2630,2360,5060,12307125,17398514000,7310300,KSQ
2604,279600,KR7279600001,미디어젠,KOSDAQ,벤처기업부,3710,1,155,4.36,3735,3735,3555,847,3065210,17380537510,4684781,KSQ
2605,108675,KR7108671009,LX하우시스우,KOSPI,,16830,1,140,0.84,16740,17000,16740,2788,46936690,17374113900,1032330,STK
2606,115570,KR7115570004,스타플렉스,KOSDAQ,중견기업부,2140,1,45,2.15,2120,2200,2100,35116,74427742,17086847120,7984508,KSQ
2607,034940,KR7034940007,조아제약,KOSDAQ,중견기업부,550,0,0,0.0,0,0,0,0,0,17038904850,30979827,KSQ
2608,482680,KR7482680006,미래에셋비전스팩7호,KOSDAQ,SPAC(소속부없음),2055,0,0,0.0,0,0,0,0,0,16881825000,8215000,KSQ
2609,303030,KR7303030001,지니틱스,KOSDAQ,벤처기업부,1839,1,9,0.49,1831,1919,1831,46043,85530191,16840598364,9157476,KSQ
2610,110020,KR7110020005,전진바이오팜,KOSDAQ,기술성장기업부,1856,1,69,3.86,1735,1875,1735,5863,10733869,16813062272,9058762,KSQ
2611,241820,KR7241820000,피씨엘,KOSDAQ,관리종목(소속부없음),6040,0,0,0.0,0,0,0,0,0,16803871920,2782098,KSQ
2612,434190,KR7434190005,탈로스,KONEX,일반기업부,2270,1,55,2.48,2295,2295,2000,310,651750,16728615180,7369434,KNX
2613,477380,KR7477380000,미래에셋비전스팩4호,KOSDAQ,SPAC(소속부없음),2055,1,5,0.24,2045,2055,2045,27782,56841610,16645500000,8100000,KSQ
2614,018700,KR7018700005,졸스,KOSDAQ,투자주의환기종목(소속부없음),1413,1,29,2.1,1385,1429,1385,13974,19731013,16541406018,11706586,KSQ
2615,254160,KR7254160005,제이엠멀티,KONEX,일반기업부,3200,1,200,6.67,3000,3200,3000,12,36400,16512000000,5160000,KNX
2616,306040,KR7306040007,에스제이그룹,KOSDAQ,중견기업부,1668,1,69,4.32,1599,1750,1598,36248,60893668,16456201104,9865828,KSQ
2617,208640,KR7208640003,썸에이지,KOSDAQ,중견기업부,1173,2,-60,-4.87,1227,1238,1163,471384,563821049,16332881325,13924025,KSQ
2618,344860,KR7344860002,이노진,KOSDAQ,기술성장기업부,1350,1,92,7.31,1258,1350,1257,21366,27257195,16240500000,12030000,KSQ
2619,002025,KR7002021004,코오롱우,KOSPI,,13800,1,400,2.99,13750,14180,13410,5018,69360800,16014030600,1160437,STK
2620,012170,KR7012170007,아센디오,KOSPI,,790,2,-52,-6.18,798,872,781,567408,461816816,15997653260,20250194,STK
2621,379390,KR7379390008,이성씨엔아이,KONEX,일반기업부,5580,0,0,0.0,0,0,0,0,0,15855346800,2841460,KNX
2622,079950,KR7079950002,인베니아,KOSDAQ,관리종목(소속부없음),1141,2,-24,-2.06,1195,1195,1090,262027,294579675,15744773100,13799100,KSQ
2623,035620,KR7035620004,바른손이앤에이,KOSDAQ,중견기업부,841,2,-44,-4.97,885,885,821,159137,134206826,15650941038,18609918,KSQ
2624,0072Z0,KR70072Z0006,KB제33호스팩,KOSDAQ,SPAC(소속부없음),1979,2,-1,-0.05,1977,1983,1977,851,1684356,15604415000,7885000,KSQ
2625,18064K,KR718064K016,한진칼우,KOSPI,,29000,1,250,0.87,28850,30450,28650,3805,111745850,15566214000,536766,STK
2626,191410,KR7191410000,육일씨엔에쓰,KOSDAQ,관리종목(소속부없음),1380,1,3,0.22,1380,1410,1366,58818,81315245,15461871900,11204255,KSQ
2627,060230,KR7060230000,제이케이시냅스,KOSDAQ,중견기업부,1371,2,-40,-2.83,1400,1453,1350,87682,122522317,15437594358,11260098,KSQ
2628,073190,KR7073190001,듀오백,KOSDAQ,관리종목(소속부없음),1288,1,91,7.6,1197,1300,1168,133628,164859631,15414835520,11968040,KSQ
2629,354200,KR7354200008,엔젠바이오,KOSDAQ,기술성장기업부,1723,2,-24,-1.37,1748,1770,1721,40683,70470913,15397732509,8936583,KSQ
2630,477340,KR7477340004,에이치엠씨제7호스팩,KOSDAQ,SPAC(소속부없음),2045,3,0,0.0,2035,2045,2035,2522,5142390,15357950000,7510000,KSQ
2631,0101C0,KR70101C0008,하나36호스팩,KOSDAQ,SPAC(소속부없음),1984,3,0,0.0,1984,1984,1983,1934,3836894,15356160000,7740000,KSQ
2632,0130H0,KR70130H0008,엔에이치스팩33호,KOSDAQ,SPAC(소속부없음),1990,1,3,0.15,1983,1992,1983,370,735746,15323000000,7700000,KSQ
2633,043590,KR7043590009,웰킵스하이텍,KOSDAQ,중견기업부,1127,1,14,1.26,1102,1179,1102,37492,43219697,15291565387,13568381,KSQ
2634,009730,KR7009730003,이렘,KOSDAQ,투자주의환기종목(소속부없음),1910,1,62,3.35,1830,1935,1800,43634,81951144,15233210730,7975503,KSQ
2635,131760,KR7131760001,파인텍,KOSDAQ,벤처기업부,1752,1,128,7.88,1628,1781,1628,190665,328627763,15218425632,8686316,KSQ
2636,005725,KR7005721006,넥센우,KOSPI,,4215,2,-70,-1.63,4300,4300,4215,17,73015,15176529000,3600600,STK
2637,030350,KR7030350003,드래곤플라이,KOSDAQ,관리종목(소속부없음),973,0,0,0.0,0,0,0,0,0,15171092867,15592079,KSQ
2638,0044K0,KR70044K0008,삼성스팩10호,KOSDAQ,SPAC(소속부없음),1985,2,-1,-0.05,1986,1987,1983,3725,7397436,14927200000,7520000,KSQ
2639,069920,KR7069920007,엑시온그룹,KOSDAQ,관리종목(소속부없음),1033,2,-65,-5.92,1120,1130,1023,180822,193879610,14868439015,14393455,KSQ
2640,002070,KR7002070001,비비안,KOSPI,,6180,2,-560,-8.31,7030,7230,6010,302724,2009634805,14858845920,2404344,STK
2641,418620,KR7418620001,E8,KOSDAQ,기술성장기업부,748,1,107,16.69,643,812,641,1678549,1271053898,14848156796,19850477,KSQ
2642,001000,KR7001000009,신라섬유,KOSDAQ,중견기업부,605,2,-39,-6.06,644,674,596,882158,556285719,14687911700,24277540,KSQ
2643,0115H0,KR70115H0007,삼성스팩13호,KOSDAQ,SPAC(소속부없음),1990,1,11,0.56,1974,1990,1974,4849,9635601,14626500000,7350000,KSQ
2644,473050,KR7473050003,유안타제15호스팩,KOSDAQ,SPAC(소속부없음),2085,1,5,0.24,2080,2085,2080,11937,24829635,14615850000,7010000,KSQ
2645,377220,KR7377220009,프롬바이오,KOSDAQ,기술성장기업부,513,0,0,0.0,0,0,0,0,0,14523030000,28310000,KSQ
2646,131100,KR7131100000,티엔엔터테인먼트,KOSDAQ,중견기업부,450,0,0,0.0,0,0,0,0,0,14511025800,32246724,KSQ
2647,351020,KR7351020003,미쥬,KONEX,일반기업부,6990,0,0,0.0,0,0,0,0,0,14504250000,2075000,KNX
2648,208850,KR7208850008,이비테크,KONEX,일반기업부,5100,2,-100,-1.92,5000,5100,4900,28,139800,14383275000,2820250,KNX
2649,225590,KR7225590009,패션플랫폼,KOSDAQ,우량기업부,2800,2,-150,-5.08,2920,2990,2665,52010,145549129,14339852800,5121376,KSQ
2650,009620,KR7009620006,삼보산업,KOSDAQ,투자주의환기종목(소속부없음),820,2,-11,-1.32,844,854,815,146743,122079581,14327899360,17473048,KSQ
2651,478440,KR7478440001,미래에셋비전스팩6호,KOSDAQ,SPAC(소속부없음),2045,3,0,0.0,2040,2045,2035,9213,18762030,14171850000,6930000,KSQ
2652,900340,HK0000449303,윙입푸드,KOSDAQ,외국기업(소속부없음),1120,1,40,3.7,1165,1165,1093,24737,27522187,14092659840,12582732,KSQ
2653,479880,KR7479880007,한국제15호스팩,KOSDAQ,SPAC(소속부없음),2050,3,0,0.0,2055,2055,2040,15042,30687665,14083500000,6870000,KSQ
2654,0165X0,KR70165X0006,메리츠제2호스팩,KOSDAQ,SPAC(소속부없음),1945,2,-2,-0.1,1941,1946,1940,14492,28160992,14081800000,7240000,KSQ
2655,019685,KR7019681006,대교우B,KOSPI,,724,1,14,1.97,710,729,697,10076,7182719,14065140760,19426990,STK
2656,000087,KR7000082008,하이트진로2우B,KOSPI,,12320,1,30,0.24,12290,12380,12270,1122,13813810,13923300160,1130138,STK
2657,336040,KR7336040001,타스컴,KONEX,일반기업부,2400,1,100,4.35,2300,2400,2300,11,25400,13895829600,5789929,KNX
2658,0099W0,KR70099W0008,미래에셋비전스팩11호,KOSDAQ,SPAC(소속부없음),1982,3,0,0.0,1980,1984,1980,1848,3663024,13874000000,7000000,KSQ
2659,285800,KR7285800009,진영,KOSDAQ,벤처기업부,790,1,19,2.46,779,849,773,164169,130732629,13807043300,17477270,KSQ
2660,177350,KR7177350006,베셀,KOSDAQ,투자주의환기종목(소속부없음),695,0,0,0.0,0,0,0,0,0,13783032890,19831702,KSQ
2661,240600,KR7240600007,유진테크놀로지,KOSDAQ,관리종목(소속부없음),1975,1,5,0.25,1970,2070,1960,25108,50248157,13683098225,6928151,KSQ
2662,304840,KR7304840002,피플바이오,KOSDAQ,벤처기업부,561,0,0,0.0,0,0,0,0,0,13643890260,24320660,KSQ
2663,001795,KR7001791003,대한제당우,KOSPI,,2100,1,30,1.45,2100,2100,2030,13950,28980660,13613796000,6482760,STK
2664,352770,KR7352770002,셀레스트라,KOSDAQ,관리종목(소속부없음),5250,0,0,0.0,0,0,0,0,0,13610136750,2592407,KSQ
2665,244460,KR7244460002,올리패스,KOSDAQ,관리종목(소속부없음),1651,0,0,0.0,0,0,0,0,0,13415218661,8125511,KSQ
2666,0070X0,KR70070X0000,에스테크엠,KONEX,일반기업부,8850,1,250,2.91,9700,9700,8850,2,18550,13363500000,1510000,KNX
2667,489480,KR7489480004,키움제11호스팩,KOSDAQ,SPAC(소속부없음),2020,3,0,0.0,2025,2025,2015,3750,7556520,13332000000,6600000,KSQ
2668,0134X0,KR70134X0004,대신밸런스제20호스팩,KOSDAQ,SPAC(소속부없음),1972,2,-3,-0.15,1971,1977,1968,16573,32689384,13291280000,6740000,KSQ
2669,113810,KR7113810006,디젠스,KOSDAQ,중견기업부,2035,3,0,0.0,2040,2080,2035,9792,20048505,13279616350,6525610,KSQ
2670,456190,KR7456190008,큐라켐,KONEX,일반기업부,7210,0,0,0.0,0,0,0,0,0,13225202060,1834286,KNX
2671,481890,KR7481890002,엔에이치스팩31호,KOSDAQ,SPAC(소속부없음),2080,1,5,0.24,2085,2085,2055,14014,28871165,13197600000,6345000,KSQ
2672,0164H0,KR70164H0007,한국제16호스팩,KOSDAQ,SPAC(소속부없음),1947,2,-4,-0.21,1946,1951,1945,12946,25199609,13142250000,6750000,KSQ
2673,00806K,KR700806K010,대덕1우,KOSPI,,10840,1,210,1.98,10730,10930,10630,3087,33340960,13141949880,1212357,STK
2674,291810,KR7291810000,핀텔,KOSDAQ,관리종목(소속부없음),1151,2,-36,-3.03,1188,1211,1120,352320,408583884,13085387512,11368712,KSQ
2675,0099X0,KR70099X0007,IBKS제25호스팩,KOSDAQ,SPAC(소속부없음),2180,0,0,0.0,0,0,0,0,0,13036400000,5980000,KSQ
2676,0096B0,KR70096B0006,삼성스팩12호,KOSDAQ,SPAC(소속부없음),1979,1,5,0.25,1981,1981,1971,3004,5931803,13021820000,6580000,KSQ
2677,005257,KR7005252002,녹십자홀딩스2우,KOSPI,,15290,2,-10,-0.07,15300,15300,15000,92,1390850,12935187100,845990,STK
2678,0097F0,KR70097F0001,미래에셋비전스팩10호,KOSDAQ,SPAC(소속부없음),1989,2,-6,-0.3,1995,1995,1978,1197,2378705,12928500000,6500000,KSQ
2679,489730,KR7489730002,디비금융제13호스팩,KOSDAQ,SPAC(소속부없음),2030,1,10,0.5,2020,2030,2010,19649,39547935,12853960000,6332000,KSQ
2680,478390,KR7478390008,KB제29호스팩,KOSDAQ,SPAC(소속부없음),2050,3,0,0.0,2050,2050,2035,30600,62475120,12751000000,6220000,KSQ
2681,0093G0,KR70093G0004,미래에셋비전스팩8호,KOSDAQ,SPAC(소속부없음),1988,1,1,0.05,1987,1988,1982,119,236010,12723200000,6400000,KSQ
2682,471050,KR7471050005,대신밸런스제17호스팩,KOSDAQ,관리종목(소속부없음),2097,1,2,0.1,2095,2100,2095,5399,11311230,12707820000,6060000,KSQ
2683,45226K,KR745226K018,한화갤러리아우,KOSPI,,4375,1,10,0.23,4365,4690,4365,12144,54977090,12707056250,2904470,STK
2684,054180,KR7054180005,메디콕스,KOSDAQ,관리종목(소속부없음),2295,0,0,0.0,0,0,0,0,0,12686716395,5527981,KSQ
2685,0037T0,KR70037T0008,KB제32호스팩,KOSDAQ,SPAC(소속부없음),1994,3,0,0.0,1994,1994,1994,3335,6649990,12622020000,6330000,KSQ
2686,217320,KR7217320001,썬테크,KONEX,일반기업부,12000,1,1000,9.09,12000,12650,12000,3,36650,12600000000,1050000,KNX
2687,247660,KR7247660004,나노씨엠에스,KOSDAQ,기술성장기업부,2880,2,-20,-0.69,2985,3090,2850,39507,117045136,12510489600,4343920,KSQ
2688,482520,KR7482520004,교보16호스팩,KOSDAQ,SPAC(소속부없음),2050,3,0,0.0,2040,2050,2035,105883,216312760,12505000000,6100000,KSQ
2689,492220,KR7492220009,KB제31호스팩,KOSDAQ,SPAC(소속부없음),2010,3,0,0.0,2010,2010,1990,5680,11343493,12482100000,6210000,KSQ
2690,0054V0,KR70054V0002,엔에이치스팩32호,KOSDAQ,SPAC(소속부없음),2000,2,-5,-0.25,2005,2005,2000,1491,2988455,12433000000,6216500,KSQ
2691,0131D0,KR70131D0001,키움히어로제2호스팩,KOSDAQ,SPAC(소속부없음),1965,2,-2,-0.1,1960,1967,1959,2669,5237289,12399150000,6310000,KSQ
2692,101000,KR7101000008,KS인더스트리,KOSDAQ,중견기업부,311,0,0,0.0,0,0,0,0,0,12328645828,39641948,KSQ
2693,065570,KR7065570004,삼영이엔씨,KOSDAQ,관리종목(소속부없음),764,0,0,0.0,0,0,0,0,0,12295692232,16093838,KSQ
2694,0091W0,KR70091W0006,신영스팩11호,KOSDAQ,SPAC(소속부없음),2020,3,0,0.0,2020,2020,2010,5158,10409015,12257360000,6068000,KSQ
2695,0088D0,KR70088D0004,메리츠제1호스팩,KOSDAQ,SPAC(소속부없음),2090,2,-15,-0.71,2100,2105,2075,5228,10920140,12111550000,5795000,KSQ
2696,060480,KR7060480001,국일신동,KOSDAQ,중견기업부,1089,1,84,8.36,1096,1096,1035,33025,35241558,12077010000,11090000,KSQ
2697,145995,KR7145991006,삼양사우,KOSPI,,32600,2,-150,-0.46,32800,32800,32600,141,4600650,12064282000,370070,STK
2698,0041L0,KR70041L0000,하나35호스팩,KOSDAQ,SPAC(소속부없음),1999,3,0,0.0,1999,1999,1980,4111,8177895,12053970000,6030000,KSQ
2699,477760,KR7477760003,DB금융스팩12호,KOSDAQ,SPAC(소속부없음),2050,3,0,0.0,2055,2055,2050,75,153835,11972000000,5840000,KSQ
2700,0132G0,KR70132G0007,교보20호스팩,KOSDAQ,SPAC(소속부없음),1998,1,2,0.1,1999,1999,1994,549,1096806,11928060000,5970000,KSQ
2701,289170,KR7289170003,바이오텐,KONEX,일반기업부,3315,1,425,14.71,3315,3315,3315,1,3315,11856724035,3576689,KNX
2702,482690,KR7482690005,대신밸런스제19호스팩,KOSDAQ,SPAC(소속부없음),2105,1,5,0.24,2070,2115,2070,17637,36592720,11819575000,5615000,KSQ
2703,469900,KR7469900005,하나31호스팩,KOSDAQ,SPAC(소속부없음),2080,1,10,0.48,2080,2080,2070,9699,20142482,11658400000,5605000,KSQ
2704,086220,KR7086220001,광동헬스바이오,KONEX,일반기업부,917,5,-161,-14.94,1100,1100,917,232,218014,11634772205,12687865,KNX
2705,289010,KR7289010001,아이스크림에듀,KOSDAQ,관리종목(소속부없음),831,1,26,3.23,806,870,806,98185,82002094,11588507736,13945256,KSQ
2706,028080,KR7028080000,휴맥스홀딩스,KOSDAQ,관리종목(소속부없음),4565,2,-265,-5.49,4780,5380,4565,4657,21991065,11551029490,2530346,KSQ
2707,103660,KR7103660007,씨앗,KONEX,일반기업부,1900,2,-90,-4.52,2000,2100,1800,109,212199,11433194900,6017471,KNX
2708,0071M0,KR70071M0002,삼성스팩11호,KOSDAQ,SPAC(소속부없음),1983,1,1,0.05,1983,1983,1979,2813,5575839,11422080000,5760000,KSQ
2709,025870,KR7025870007,신라에스지,KOSDAQ,관리종목(소속부없음),2855,1,145,5.35,2830,2935,2625,25168,70795470,11420000000,4000000,KSQ
2710,253610,KR7253610000,루트락,KONEX,일반기업부,1113,1,144,14.86,1113,1113,1113,1,1113,11417233023,10258071,KNX
2711,474660,KR7474660008,신한제12호스팩,KOSDAQ,SPAC(소속부없음),2062,1,7,0.34,2055,2062,2055,9132,18795310,11382240000,5520000,KSQ
2712,487360,KR7487360000,신한제14호스팩,KOSDAQ,SPAC(소속부없음),2015,3,0,0.0,2005,2015,2005,4003,8035995,11364600000,5640000,KSQ
2713,474490,KR7474490000,유안타제16호스팩,KOSDAQ,SPAC(소속부없음),2055,3,0,0.0,2055,2060,2050,17726,36438360,11323050000,5510000,KSQ
2714,0105P0,KR70105P0009,유진스팩12호,KOSDAQ,SPAC(소속부없음),1995,1,16,0.81,1979,1995,1979,106,210240,11291700000,5660000,KSQ
2715,477470,KR7477470009,미래에셋비전스팩5호,KOSDAQ,SPAC(소속부없음),2060,1,5,0.24,2050,2060,2050,23217,47633485,11288800000,5480000,KSQ
2716,496070,KR7496070004,신한제16호스팩,KOSDAQ,SPAC(소속부없음),1998,2,-2,-0.1,2000,2000,1990,2336,4671344,11228760000,5620000,KSQ
2717,002680,KR7002680007,한탑,KOSDAQ,중견기업부,1730,1,26,1.53,1850,1850,1667,71952,125324396,11181611070,6463359,KSQ
2718,308100,KR7308100007,형지글로벌,KOSDAQ,중견기업부,433,1,4,0.93,468,468,428,434145,189616648,11180059134,25819998,KSQ
2719,0129K0,KR70129K0006,신한제18호스팩,KOSDAQ,SPAC(소속부없음),1970,3,0,0.0,1970,1974,1968,9786,19274173,11071400000,5620000,KSQ
2720,389680,KR7389680000,유디엠텍,KOSDAQ,기술성장기업부,1327,1,35,2.71,1350,1400,1299,101620,135702861,11041559611,8320693,KSQ
2721,0096D0,KR70096D0004,미래에셋비전스팩9호,KOSDAQ,SPAC(소속부없음),1982,3,0,0.0,1982,1982,1982,1176,2330832,10901000000,5500000,KSQ
2722,149010,KR7149010001,아이케이세미콘,KONEX,일반기업부,3485,2,-15,-0.43,3210,3485,3205,61,195790,10873200000,3120000,KNX
2723,486630,KR7486630007,KB제30호스팩,KOSDAQ,SPAC(소속부없음),2030,3,0,0.0,2035,2035,2005,20018,40285060,10779300000,5310000,KSQ
2724,0098T0,KR70098T0004,교보19호스팩,KOSDAQ,SPAC(소속부없음),1995,3,0,0.0,1995,1995,1992,2677,5340389,10773000000,5400000,KSQ
2725,050090,KR7050090000,비케이홀딩스,KOSDAQ,관리종목(소속부없음),457,1,52,12.84,416,518,391,924332,439446854,10755373895,23534735,KSQ
2726,900270,HK0000214814,헝셩그룹,KOSDAQ,외국기업(소속부없음),420,0,0,0.0,0,0,0,0,0,10735805220,25561441,KSQ
2727,493790,KR7493790000,유안타제17호스팩,KOSDAQ,SPAC(소속부없음),2010,3,0,0.0,2005,2010,2000,6040,12106245,10673100000,5310000,KSQ
2728,38380K,KR738380K012,LX홀딩스1우,KOSPI,,7260,2,-10,-0.14,7110,7270,7110,435,3152310,10637969100,1465285,STK
2729,0004Y0,KR70004Y0000,디비금융제14호스팩,KOSDAQ,SPAC(소속부없음),1996,1,1,0.05,2000,2000,1991,5090,10134996,10608740000,5315000,KSQ
2730,250930,KR7250930005,예선테크,KOSDAQ,관리종목(소속부없음),1606,2,-43,-2.61,1600,1715,1538,11760,18940687,10599741328,6600088,KSQ
2731,169670,KR7169670007,코스텍시스템,KONEX,일반기업부,3695,1,195,5.57,3500,3700,3500,89,314495,10598741695,2868401,KNX
2732,0130D0,KR70130D0002,신한제17호스팩,KOSDAQ,SPAC(소속부없음),1979,1,4,0.2,1975,1979,1975,651,1287201,10567860000,5340000,KSQ
2733,043100,KR7043100007,알파AI,KOSDAQ,관리종목(소속부없음),520,0,0,0.0,0,0,0,0,0,10457241600,20110080,KSQ
2734,489210,KR7489210005,교보17호스팩,KOSDAQ,SPAC(소속부없음),2010,2,-15,-0.74,2020,2020,2010,15022,30261250,10411800000,5180000,KSQ
2735,044380,KR7044380004,주연테크,KOSPI,,802,2,-33,-3.95,835,850,798,227002,184529807,10342845432,12896316,STK
2736,217880,KR7217880004,틸론,KONEX,일반기업부,960,1,17,1.8,995,995,902,2062,1887727,10298198400,10727290,KNX
2737,084695,KR7084691005,대상홀딩스우,KOSPI,,11270,1,340,3.11,10990,11370,10890,831,9243445,10294942140,913482,STK
2738,478110,KR7478110000,이베스트스팩6호,KOSDAQ,SPAC(소속부없음),2035,3,0,0.0,2035,2035,2020,6505,13219635,10215700000,5020000,KSQ
2739,466690,KR7466690005,키움히어로제1호스팩,KOSDAQ,SPAC(소속부없음),1998,3,0,0.0,1999,1999,1996,545,1088286,10179810000,5095000,KSQ
2740,900100,USU652221081,파이온엑스,KOSDAQ,관리종목(소속부없음),1928,2,-27,-1.38,1925,1930,1862,60546,114210040,10172224400,5276050,KSQ
2741,0041B0,KR70041B0002,교보18호스팩,KOSDAQ,SPAC(소속부없음),2010,1,5,0.25,2005,2010,2005,2522,5056645,10130400000,5040000,KSQ
2742,498390,KR7498390004,한화플러스제5호스팩,KOSDAQ,SPAC(소속부없음),2035,0,0,0.0,0,0,0,0,0,10093600000,4960000,KSQ
2743,079190,KR7079190005,케스피온,KOSDAQ,벤처기업부,1052,1,12,1.15,1070,1095,1020,159128,166527854,10087499656,9588878,KSQ
2744,225430,KR7225430008,케이엠제약,KOSDAQ,관리종목(소속부없음),1788,2,-9,-0.5,1798,1910,1771,48127,87694844,9972409080,5577410,KSQ
2745,00781K,KR700781K015,코리아써키트2우B,KOSPI,,12680,1,1330,11.72,11600,12680,11600,2530,30929460,9937303320,783699,STK
2746,238500,KR7238500003,솔루믹스,KONEX,일반기업부,475,0,0,0.0,0,0,0,0,0,9883469400,20807304,KNX
2747,472220,KR7472220003,신영스팩10호,KOSDAQ,관리종목(소속부없음),2095,3,0,0.0,2095,2095,2090,71492,149633955,9825550000,4690000,KSQ
2748,004255,KR7004251005,NPC우,KOSPI,,1855,1,10,0.54,1853,1857,1830,2527,4655460,9794400000,5280000,STK
2749,084180,KR7084180009,수성웹툰,KOSDAQ,관리종목(소속부없음),540,2,-12,-2.17,587,587,533,42537,23345026,9760112820,18074283,KSQ
2750,176590,KR7176590008,코나솔,KONEX,일반기업부,1650,1,30,1.85,1620,1700,1620,762,1249728,9630031950,5836383,KNX
2751,488060,KR7488060005,유진스팩11호,KOSDAQ,SPAC(소속부없음),2025,1,5,0.25,2025,2025,2025,6,12150,9558000000,4720000,KSQ
2752,106080,KR7106080005,케이이엠텍,KOSDAQ,관리종목(소속부없음),1650,0,0,0.0,0,0,0,0,0,9506998050,5761817,KSQ
2753,092600,KR7092600006,앤씨앤,KOSDAQ,관리종목(소속부없음),1890,1,10,0.53,1950,2000,1862,34076,65816143,9481568670,5016703,KSQ
2754,145210,KR7145210001,다이나믹디자인,KOSPI,,2240,0,0,0.0,0,0,0,0,0,9461011840,4223666,STK
2755,004105,KR7004101002,태양금속우,KOSPI,,2860,1,10,0.35,2900,2900,2800,7921,22549315,9438000000,3300000,STK
2756,003075,KR7003071008,코오롱글로벌우,KOSPI,,12670,2,-20,-0.16,12410,12690,12410,24,298800,9385137790,740737,STK
2757,001755,KR7001751007,한양증권우,KOSPI,,19800,1,10,0.05,19790,20000,19790,151,2996600,9362826000,472870,STK
2758,114920,KR7114920002,대주이엔티,KONEX,일반기업부,2680,5,-470,-14.92,2680,2680,2680,2,5360,9298260000,3469500,KNX
2759,001067,KR7001062009,JW중외제약2우B,KOSPI,,43700,3,0,0.0,43700,43700,43700,1,43700,9175820100,209973,STK
2760,484130,KR7484130000,하나34호스팩,KOSDAQ,SPAC(소속부없음),2005,2,-15,-0.74,2020,2025,2005,40018,80339775,9062600000,4520000,KSQ
2761,469480,KR7469480008,IBKS제24호스팩,KOSDAQ,SPAC(소속부없음),2130,0,0,0.0,0,0,0,0,0,9009900000,4230000,KSQ
2762,001770,KR7001770007,SHD,KOSPI,,7390,1,560,8.2,7920,8870,7220,119040,967608445,8977948420,1214878,STK
2763,473950,KR7473950004,에스케이증권제13호스팩,KOSDAQ,SPAC(소속부없음),2030,3,0,0.0,2030,2030,2020,3534,7148630,8972600000,4420000,KSQ
2764,244880,KR7244880001,나눔테크,KONEX,일반기업부,1783,1,49,2.83,1749,1783,1650,2006,3498656,8950660000,5020000,KNX
2765,189350,KR7189350002,코셋,KONEX,일반기업부,1858,4,242,14.98,1858,1858,1858,110,204380,8918400000,4800000,KNX
2766,224760,KR7224760009,엔에스컴퍼니,KONEX,일반기업부,2250,0,0,0.0,0,0,0,0,0,8864325000,3939700,KNX
2767,468760,KR7468760004,유진스팩10호,KOSDAQ,SPAC(소속부없음),2080,0,0,0.0,0,0,0,0,0,8819200000,4240000,KSQ
2768,487830,KR7487830002,신한제15호스팩,KOSDAQ,SPAC(소속부없음),2020,3,0,0.0,2020,2020,2020,4201,8486020,8787000000,4350000,KSQ
2769,472230,KR7472230002,에스케이증권제11호스팩,KOSDAQ,SPAC(소속부없음),2085,1,5,0.24,2085,2085,2085,12021,25063785,8663175000,4155000,KSQ
2770,0068Y0,KR70068Y0003,비엔케이제3호스팩,KOSDAQ,SPAC(소속부없음),1984,1,4,0.2,1980,1984,1961,379,749222,8551040000,4310000,KSQ
2771,000225,KR7000221002,유유제약1우,KOSPI,,3765,2,-20,-0.53,3755,3795,3635,4935,18565840,8534991450,2266930,STK
2772,487720,KR7487720005,키움제10호스팩,KOSDAQ,SPAC(소속부없음),2015,3,0,0.0,2015,2015,2010,4300,8656295,8523450000,4230000,KSQ
2773,900120,KYG2114A1094,씨엑스아이,KOSDAQ,관리종목(소속부없음),761,2,-63,-7.65,810,833,741,70903,56046802,8500111260,11169660,KSQ
2774,199730,KR7199730003,바이오인프라,KOSDAQ,관리종목(소속부없음),1727,1,8,0.47,1720,1890,1650,117133,206238653,8400761809,4864367,KSQ
2775,233250,KR7233250000,메디안디노스틱,KONEX,일반기업부,4800,0,0,0.0,0,0,0,0,0,8383363200,1746534,KNX
2776,185190,KR7185190006,수프로,KONEX,일반기업부,899,3,0,0.0,899,899,765,123,95803,8305523875,9238625,KNX
2777,03481K,KR703481K019,해성산업1우,KOSDAQ,중견기업부,6020,2,-70,-1.15,6100,6220,6020,1507,9202330,8292267060,1377453,KSQ
2778,0041J0,KR70041J0004,엘에스스팩1호,KOSDAQ,SPAC(소속부없음),1995,1,2,0.1,1994,1995,1994,1501,2994395,8199450000,4110000,KSQ
2779,224810,KR7224810002,엄지하우스,KONEX,일반기업부,1933,1,246,14.58,1933,1933,1933,1,1933,8118600000,4200000,KNX
2780,199150,KR7199150004,데이터스트림즈,KONEX,일반기업부,1900,3,0,0.0,1900,1900,1620,322,539670,8110364700,4268613,KNX
2781,008290,KR7008290009,원풍물산,KOSDAQ,관리종목(소속부없음),398,2,-22,-5.24,417,439,394,687324,283188543,8098041922,20346839,KSQ
2782,318660,KR7318660008,타임기술,KONEX,일반기업부,3740,1,45,1.22,3895,3895,3600,43,164070,8048857740,2152101,KNX
2783,087260,KR7087260006,모바일어플라이언스,KOSDAQ,벤처기업부,247,0,0,0.0,0,0,0,0,0,8040556667,32552861,KSQ
2784,465320,KR7465320000,교보15호스팩,KOSDAQ,관리종목(소속부없음),2110,1,5,0.24,2105,2115,2105,202276,426681155,8039100000,3810000,KSQ
2785,178600,KR7178600003,대동고려삼,KONEX,일반기업부,1785,5,-315,-15.0,2085,2085,1785,704,1261630,7942536000,4449600,KNX
2786,035290,KR7035290006,골드앤에스,KOSDAQ,관리종목(소속부없음),1653,1,134,8.82,1504,1730,1416,53583,88533212,7880922144,4767648,KSQ
2787,33637L,KR733637K028,솔루스첨단소재2우B,KOSPI,,2080,1,135,6.94,1906,2095,1906,4230,8462717,7858855680,3778296,STK
2788,001515,KR7001511005,SK증권우,KOSPI,,4015,1,160,4.15,3940,4015,3920,5477,21667230,7854371855,1956257,STK
2789,312610,KR7312610009,에이에프더블류,KOSDAQ,관리종목(소속부없음),381,2,-4,-1.04,359,395,359,25265,9691614,7717874328,20256888,KSQ
2790,079970,KR7079970000,투비소프트,KOSDAQ,관리종목(소속부없음),596,0,0,0.0,0,0,0,0,0,7646223464,12829234,KSQ
2791,475250,KR7475250007,하나33호스팩,KOSDAQ,SPAC(소속부없음),2050,2,-10,-0.49,2055,2055,2050,7793,15980660,7585000000,3700000,KSQ
2792,474930,KR7474930005,신한제13호스팩,KOSDAQ,SPAC(소속부없음),2090,1,5,0.24,2105,2105,2080,31,64670,7565800000,3620000,KSQ
2793,212310,KR7212310007,오건에코텍,KONEX,일반기업부,635,0,0,0.0,0,0,0,0,0,7514663025,11834115,KNX
2794,012205,KR7012201000,계양전기우,KOSPI,,6400,1,320,5.26,6190,6400,6190,10534,66906930,7482105600,1169079,STK
2795,299480,KR7299480004,지앤이헬스케어,KONEX,일반기업부,673,5,-118,-14.92,784,784,673,21,15354,7470800039,11100743,KNX
2796,001065,KR7001061001,JW중외제약우,KOSPI,,21700,3,0,0.0,21700,21700,21650,7,151800,7420336700,341951,STK
2797,447690,KR7447690009,아이오바이오,KONEX,일반기업부,2665,3,0,0.0,2665,2665,2665,1,2665,7389394740,2772756,KNX
2798,065420,KR7065420002,에스아이리소스,KOSDAQ,중견기업부,94,0,0,0.0,0,0,0,0,0,7283384140,77482810,KSQ
2799,236340,KR7236340006,메디젠휴먼케어,KONEX,일반기업부,2400,1,100,4.35,2400,2400,2400,1,2400,7235152800,3014647,KNX
2800,276040,KR7276040003,스코넥,KOSDAQ,관리종목(소속부없음),327,0,0,0.0,0,0,0,0,0,7073119545,21630335,KSQ
2801,473000,KR7473000008,에스케이증권제12호스팩,KOSDAQ,SPAC(소속부없음),2050,3,0,0.0,2050,2050,2050,3004,6158200,6785500000,3310000,KSQ
2802,066830,KR7066830001,제노텍,KONEX,일반기업부,1197,0,0,0.0,0,0,0,0,0,6783614460,5667180,KNX
2803,475240,KR7475240008,하나32호스팩,KOSDAQ,SPAC(소속부없음),2065,2,-15,-0.72,2085,2085,2065,32063,66277695,6608000000,3200000,KSQ
2804,011080,KR7011080009,형지I&C,KOSDAQ,관리종목(소속부없음),927,2,-17,-1.8,943,990,925,257725,243878393,6578234874,7096262,KSQ
2805,199290,KR7199290008,바이오프로테크,KONEX,일반기업부,400,3,0,0.0,400,400,340,682,232060,6530076800,16325192,KNX
2806,234070,KR7234070001,에이원큐브텍,KONEX,일반기업부,919,1,19,2.11,919,919,919,1,919,6396886057,6960703,KNX
2807,311960,KR7311960009,인터로이드,KONEX,일반기업부,2065,1,65,3.25,2100,2100,1801,46,93288,6324401160,3062664,KNX
2808,276240,KR7276240009,엘리비젼,KONEX,일반기업부,510,2,-20,-3.77,605,605,496,4489,2307603,6279700380,12313138,KNX
2809,004985,KR7004981007,성신양회우,KOSPI,,8400,1,250,3.07,8310,8510,8160,978,8167420,6179418000,735645,STK
2810,121850,KR7121850002,코이즈,KOSDAQ,관리종목(소속부없음),1220,1,32,2.69,1188,1246,1172,25817,31091170,6169538780,5056999,KSQ
2811,251280,KR7251280004,안지오랩,KONEX,일반기업부,1750,2,-80,-4.37,1850,1850,1700,1355,2399299,6110772500,3491870,KNX
2812,236030,KR7236030003,씨알푸드,KONEX,일반기업부,3000,2,-100,-3.23,2700,3000,2700,1165,3438385,6099996000,2033332,KNX
2813,26490K,KR726490K013,크라운제과우,KOSPI,,7550,2,-30,-0.4,7550,7550,7540,278,2097750,5840378000,773560,STK
2814,267080,KR7267080000,세븐브로이맥주,KONEX,일반기업부,486,0,0,0.0,0,0,0,0,0,5769504288,11871408,KNX
2815,004835,KR7004831004,덕성우,KOSPI,,3990,1,125,3.23,3865,4085,3865,6880,27567695,5554080000,1392000,STK
2816,002995,KR7002991008,금호건설우,KOSPI,,19000,1,50,0.26,19950,19950,18950,20362,393298050,5553054000,292266,STK
2817,044180,KR7044180008,KD,KOSDAQ,관리종목(소속부없음),205,0,0,0.0,0,0,0,0,0,5477148795,26717799,KSQ
2818,000325,KR7000321000,노루홀딩스우,KOSPI,,22450,1,950,4.42,21100,22450,21100,256,5512850,5467899550,243559,STK
2819,313760,KR7313760001,캐리,KOSDAQ,관리종목(소속부없음),468,0,0,0.0,0,0,0,0,0,5244963048,11207186,KSQ
2820,215570,KR7215570003,크로넥스,KONEX,일반기업부,780,1,10,1.3,800,800,700,315,226390,5194917780,6660151,KNX
2821,092590,KR7092590009,럭스피아,KONEX,일반기업부,709,2,-1,-0.14,710,710,604,3,2023,5169388482,7291098,KNX
2822,266350,KR7266350008,팡스카이,KONEX,일반기업부,398,0,0,0.0,0,0,0,0,0,5026568860,12629570,KNX
2823,090355,KR7090351008,노루페인트우,KOSPI,,10810,2,-30,-0.28,10890,10890,10600,73,791450,5006392060,463126,STK
2824,258050,KR7258050004,테크트랜스,KONEX,일반기업부,449,0,0,0.0,0,0,0,0,0,5004531101,11145949,KNX
2825,327610,KR7327610002,펨토바이오메드,KONEX,일반기업부,585,0,0,0.0,0,0,0,0,0,4993610310,8536086,KNX
2826,346010,KR7346010002,타이드,KONEX,일반기업부,1000,0,0,0.0,0,0,0,0,0,4860062000,4860062,KNX
2827,216400,KR7216400002,인바이츠바이오코아,KONEX,일반기업부,625,2,-16,-2.5,641,641,550,854,528286,4819571875,7711315,KNX
2828,121060,KR7121060008,유니포인트,KONEX,일반기업부,890,1,8,0.91,750,899,750,13,11274,4622466870,5193783,KNX
2829,217910,KR7217910009,에스제이켐,KONEX,일반기업부,328,1,35,11.95,313,328,313,8,2563,4588891216,13990522,KNX
2830,052770,KR7052770005,아이톡시,KOSDAQ,관리종목(소속부없음),312,0,0,0.0,0,0,0,0,0,4545457488,14568774,KSQ
2831,000145,KR7000141002,하이트진로홀딩스우,KOSPI,,9350,3,0,0.0,9350,9350,9350,20,187000,4402073500,470810,STK
2832,116100,KR7116100009,태양기계,KONEX,일반기업부,591,4,77,14.98,591,591,530,5,2894,4397031726,7439986,KNX
2833,009415,KR7009411000,태영건설우,KOSPI,,6370,1,30,0.47,6600,6600,6360,1228,7985530,4140334380,649974,STK
2834,332190,KR7332190008,오션스바이오,KONEX,일반기업부,2710,0,0,0.0,0,0,0,0,0,4004943690,1477839,KNX
2835,000545,KR7000541003,흥국화재우,KOSPI,,5090,2,-20,-0.39,5140,5140,5090,256,1303460,3909120000,768000,STK
2836,202960,KR7202960001,판도라티비,KONEX,일반기업부,328,1,28,9.33,339,339,328,30,9885,3908310896,11915582,KNX
2837,093510,KR7093510006,엔지브이아이,KONEX,일반기업부,649,4,84,14.87,649,649,649,1,649,3906980000,6020000,KNX
2838,296520,KR7296520000,가이아코퍼레이션,KONEX,일반기업부,806,4,105,14.98,806,806,806,1,806,3761608448,4667008,KNX
2839,005965,KR7005961008,동부건설우,KOSPI,,16650,1,150,0.91,16690,16690,16600,248,4126970,3758437800,225732,STK
2840,402420,KR7402420004,켈스,KONEX,일반기업부,1599,1,100,6.67,1600,1600,1300,42,61199,3755672037,2348763,KNX
2841,208890,KR7208890004,미래엔에듀파트너,KONEX,일반기업부,900,0,0,0.0,0,0,0,0,0,3604968000,4005520,KNX
2842,014825,KR7014821003,동원시스템즈우,KOSPI,,13490,1,130,0.97,13490,13490,13490,1,13490,3562857390,264111,STK
2843,136660,KR7136660008,큐엠씨,KONEX,일반기업부,1500,3,0,0.0,1500,1500,1500,1,1500,3541425000,2360950,KNX
2844,341170,KR7341170009,퓨쳐메디신,KONEX,일반기업부,327,5,-57,-14.84,327,360,327,3642,1190967,3444358035,10533205,KNX
2845,007575,KR7007571003,일양약품우,KOSPI,,7400,3,0,0.0,7400,7400,7400,35,259000,3293592000,445080,STK
2846,014285,KR7014281000,금강공업우,KOSPI,,5300,3,0,0.0,5160,5300,5160,1278,6693930,3126337500,589875,STK
2847,005745,KR7005741004,크라운해태홀딩스우,KOSPI,,5170,2,-70,-1.34,5240,5240,5170,828,4330670,3105753420,600726,STK
2848,36328K,KR736328K013,티와이홀딩스우,KOSPI,,2505,1,30,1.21,2695,2695,2435,178,444625,2943247245,1174949,STK
2849,014915,KR7014911002,성문전자우,KOSPI,,4440,1,95,2.19,4440,4440,4415,94,415865,2664000000,600000,STK
2850,245450,KR7245450002,씨앤에스링크,KONEX,일반기업부,1599,1,100,6.67,1599,1599,1599,12,19188,2526356040,1579960,KNX
2851,266470,KR7266470004,바이오인프라생명과학,KONEX,일반기업부,89,1,1,1.14,101,101,89,19,1751,2480075691,27866019,KNX
2852,000227,KR7000222000,유유제약2우B,KOSPI,,7600,1,370,5.12,7090,7730,7090,2249,16461730,2454496000,322960,STK
2853,413300,KR7413300005,티엘엔지니어링,KONEX,일반기업부,1735,5,-305,-14.95,2275,2275,1735,7,12685,2344878525,1351515,KNX
2854,001525,KR7001521004,동양우,KOSPI,,8890,1,90,1.02,8800,8890,8800,16,141340,2334647350,262615,STK
2855,008355,KR7008351009,남선알미우,KOSPI,,7040,2,-40,-0.56,7050,7050,6930,273,1913100,2167545600,307890,STK
2856,021045,KR7021041009,대호특수강우,KOSDAQ,중견기업부,2390,2,-20,-0.83,2410,2410,2310,802,1861755,2027895880,848492,KSQ
2857,448780,KR7448780007,마이크로엔엑스,KONEX,일반기업부,725,1,92,14.53,727,727,550,6,4183,1941318000,2677680,KNX
2858,302920,KR7302920004,더콘텐츠온,KONEX,일반기업부,390,1,10,2.63,390,390,390,1,390,1775420010,4552359,KNX
2859,140660,KR7140660002,위월드,KONEX,일반기업부,661,0,0,0.0,0,0,0,0,0,1644073572,2487252,KNX
2860,223220,KR7223220005,로지스몬,KONEX,일반기업부,288,5,-50,-14.79,289,330,288,1273,367366,1642440672,5702919,KNX
2861,004545,KR7004541009,깨끗한나라우,KOSPI,,4455,2,-25,-0.56,4980,4980,4455,5553,25888130,1631242800,366160,STK
2862,011155,KR7011151008,CJ씨푸드1우,KOSPI,,7570,1,90,1.2,7420,7900,7420,5898,45144360,1514000000,200000,STK
2863,001527,KR7001522002,동양2우B,KOSPI,,6900,2,-100,-1.43,6800,7000,6800,4360,30252300,1419364500,205705,STK
2864,266170,KR7266170000,레드우즈,KONEX,일반기업부,1050,0,0,0.0,0,0,0,0,0,1366092000,1301040,KNX
2865,390110,KR7390110005,애니메디솔루션,KONEX,일반기업부,139,4,18,14.88,139,139,139,1700,236300,1347889533,9697047,KNX
2866,002785,KR7002781003,진흥기업우B,KOSPI,,1359,1,19,1.42,1337,1380,1337,10750,14535810,1164959262,857218,STK
2867,279060,KR7279060008,이노벡스,KONEX,일반기업부,115,0,0,0.0,0,0,0,0,0,1127904590,9807866,KNX
2868,004415,KR7004411005,서울식품우,KOSPI,,4975,1,130,2.68,4885,5050,4885,2251,11283920,1106688750,222450,STK
2869,043090,KR7043090000,더테크놀로지,KOSDAQ,투자주의환기종목(소속부없음),255,1,6,2.41,248,269,247,324823,84216587,1055553375,4139425,KSQ
2870,002787,KR7002782001,진흥기업2우B,KOSPI,,3010,2,-30,-0.99,2990,3095,2990,11800,35620270,887372080,294808,STK
2871,032685,KR7032681009,소프트센우,KOSDAQ,중견기업부,11060,1,260,2.41,11370,12530,11040,21430,256266110,789263720,71362,KSQ
