,Code,ISU_CD,Name,Market,Dept,Close,ChangeCode,Changes,ChagesRatio,Open,High,Low,Volume,Amount,Marcap,Stocks,MarketId
0,005930,KR7005930003,삼성전자,KOSPI,,270250,1,11250,4.34,276000,276000,269500,14756194,4033717914750,1579956793812000,5846278608,STK
1,000660,KR7000660001,SK하이닉스,KOSPI,,1929000,1,93000,5.07,1977000,2006000,1923000,3071651,6069637488500,1374802862085000,712702365,STK
2,402340,KR7402340004,SK스퀘어,KOSPI,,1276000,1,23000,1.84,1396000,1400000,1272000,636631,854646650500,168378900536000,131958386,STK
3,005935,KR7005931001,삼성전자우,KOSPI,,189900,1,8900,4.92,192000,193500,188000,2595371,496414897200,152370291449700,802371203,STK
4,009150,KR7009150004,삼성전기,KOSPI,,1376000,1,66000,5.04,1420000,1479000,1373000,632302,907101687500,102778525696000,74693696,STK
5,005380,KR7005380001,현대차,KOSPI,,426000,1,27000,6.77,413500,433000,411500,653256,278454517000,87226808316000,204757766,STK
6,373220,KR7373220003,LG에너지솔루션,KOSPI,,327500,1,10500,3.31,324000,333500,323000,142220,46842193250,76635000000000,234000000,STK
7,032830,KR7032830002,삼성생명,KOSPI,,326250,1,10250,3.24,336000,343000,325000,226863,75614025250,65250000000000,200000000,STK
8,207940,KR7207940008,삼성바이오로직스,KOSPI,,1396000,1,1000,0.07,1415000,1437000,1393000,22991,32309671500,64622167596000,46290951,STK
9,105560,KR7105560007,KB금융,KOSPI,,174700,1,700,0.4,177700,179800,174200,578910,102002276300,61963947129800,354687734,STK
10,028260,KR7028260008,삼성물산,KOSPI,,364500,1,21000,6.11,359000,373000,355500,394182,145101618750,59110083274500,162167581,STK
11,000270,KR7000270009,기아,KOSPI,,148600,1,4000,2.77,146400,150300,146000,529085,78477749300,58015371502800,390412998,STK
12,329180,KR7329180004,HD현대중공업,KOSPI,,471500,1,20000,4.43,457000,474500,455500,167489,77892157000,49489217587500,104961225,STK
13,055550,KR7055550008,신한지주,KOSPI,,104200,2,-500,-0.48,105500,107200,103900,646214,67843473950,49458984416200,474654361,STK
14,012330,KR7012330007,현대모비스,KOSPI,,524000,1,44500,9.28,505000,541000,501000,343721,180283014500,47543873492000,90732583,STK
15,034730,KR7034730002,SK,KOSPI,,643000,1,47000,7.89,628000,664000,624000,134233,87302779500,46619238029000,72502703,STK
16,012450,KR7012450003,한화에어로스페이스,KOSPI,,903000,1,4000,0.44,909000,929000,891000,163903,148780791500,46561751103000,51563401,STK
17,034020,KR7034020008,두산에너빌리티,KOSPI,,71900,1,5100,7.63,69100,72700,68100,2095181,148691546650,46056346397400,640561146,STK
18,068270,KR7068270008,셀트리온,KOSPI,,172900,1,1300,0.76,172800,177300,172700,246517,42907939300,40208535767400,232553706,STK
19,086790,KR7086790003,하나금융지주,KOSPI,,132900,1,300,0.23,133800,135800,132100,401840,53679347600,36463473709200,274367748,STK
20,006400,KR7006400006,삼성SDI,KOSPI,,428000,1,11500,2.76,429000,439500,423000,226636,97759852750,34490606840000,80585530,STK
21,035420,KR7035420009,NAVER,KOSPI,,201000,1,8000,4.15,197800,207000,196200,659681,132528308800,31545792642000,156944242,STK
22,066570,KR7066570003,LG전자,KOSPI,,188000,1,14800,8.55,180000,194300,179300,1320626,248586946600,30622311944000,162884638,STK
23,010120,KR7010120004,LS ELECTRIC,KOSPI,,197800,1,8700,4.6,196600,201500,194300,500614,99187337700,29670000000000,150000000,STK
24,267260,KR7267260008,HD현대일렉트릭,KOSPI,,817000,1,39000,5.01,797000,827000,789000,67406,54898612000,29450509295000,36047135,STK
25,000810,KR7000810002,삼성화재,KOSPI,,643000,1,25000,4.05,633000,656000,631000,49639,31861140500,28708325139000,44647473,STK
26,042660,KR7042660001,한화오션,KOSPI,,85600,1,3700,4.52,83200,86800,82900,1261789,107107519000,26228986526400,306413394,STK
27,009540,KR7009540006,HD한국조선해양,KOSPI,,364500,1,26500,7.84,346000,366500,346000,109808,39363581250,25796800782000,70773116,STK
28,298040,KR7298040007,효성중공업,KOSPI,,2765000,1,187000,7.25,2702000,2816000,2672000,26731,73895934500,25782375220000,9324548,STK
29,005490,KR7005490008,POSCO홀딩스,KOSPI,,308500,1,5500,1.82,307500,314000,307500,168852,52392255250,24446011079500,79241527,STK
30,316140,KR7316140003,우리금융지주,KOSPI,,30800,1,300,0.98,31000,31800,30750,1025591,31935874600,22425162205600,728089682,STK
31,015760,KR7015760002,한국전력,KOSPI,,34200,1,500,1.48,34100,34900,34100,998104,34314245250,21955171433400,641964077,STK
32,006800,KR7006800007,미래에셋증권,KOSPI,,38450,1,1200,3.22,38200,39150,38000,1019937,39407246375,21515346536000,559566880,STK
33,010130,KR7010130003,고려아연,KOSPI,,1019000,1,64000,6.7,974000,1030000,973000,9965,10016646500,21269555411000,20872969,STK
34,042700,KR7042700005,한미반도체,KOSPI,,223000,2,-1000,-0.45,237500,241500,222000,616424,141984535250,21254620600000,95312200,STK
35,096770,KR7096770003,SK이노베이션,KOSPI,,121700,1,5400,4.64,117900,124400,117500,615688,75046932400,20573724299600,169052788,STK
36,000150,KR7000150003,두산,KOSPI,,1266000,1,143000,12.73,1194000,1320000,1179000,77931,100096027500,20501395110000,16193835,STK
37,017670,KR7017670001,SK텔레콤,KOSPI,,94200,1,9100,10.69,86600,96000,86600,1203168,112362773750,20233222992600,214790053,STK
38,010140,KR7010140002,삼성중공업,KOSPI,,22100,1,850,4.0,21650,22250,21600,2147692,47165528875,19448000000000,880000000,STK
39,011200,KR7011200003,HMM,KOSPI,,20600,1,500,2.49,20100,20850,20100,892649,18398110175,19430702182000,943237970,STK
40,138040,KR7138040001,메리츠금융지주,KOSPI,,115500,1,2500,2.21,113800,116000,113800,116597,13415338850,19328610031500,167347273,STK
41,033780,KR7033780008,KT&G,KOSPI,,177100,2,-1100,-0.62,178300,181400,176500,178510,31717989800,18384831757600,103810456,STK
42,051910,KR7051910008,LG화학,KOSPI,,257500,1,7000,2.79,257500,266000,257000,82916,21625549000,18177528322500,70592343,STK
43,267250,KR7267250009,HD현대,KOSPI,,219000,1,21000,10.61,200500,221000,200500,109232,23367633750,17299485615000,78993085,STK
44,064350,KR7064350002,현대로템,KOSPI,,157800,1,4700,3.07,155700,160800,155700,278508,44056257000,17222653835400,109142293,STK
45,024110,KR7024110009,기업은행,KOSPI,,20850,1,300,1.46,20650,21000,20650,440695,9190794550,16626329368650,797425869,STK
46,010950,KR7010950004,S-Oil,KOSPI,,143600,1,2000,1.41,141600,144900,137500,297821,42404746750,16166888931200,112582792,STK
47,035720,KR7035720002,카카오,KOSPI,,36200,1,900,2.55,35750,36650,35750,1277591,46222191800,16035914734000,442981070,STK
48,011070,KR7011070000,LG이노텍,KOSPI,,669000,1,40000,6.36,657000,685000,643000,154600,103992117500,15833294583000,23667107,STK
49,018260,KR7018260000,삼성에스디에스,KOSPI,,201250,1,9750,5.09,196000,205000,196000,176792,35594451700,15572282250000,77377800,STK
50,003550,KR7003550001,LG,KOSPI,,100600,1,3300,3.39,100300,103700,99800,130220,13298788400,15209915602400,151192004,STK
51,086280,KR7086280005,현대글로비스,KOSPI,,201000,1,11300,5.96,195000,204000,194500,144488,28905045200,15075000000000,75000000,STK
52,079550,KR7079550000,LIG디펜스앤에어로스페이스,KOSPI,,684000,1,12000,1.79,687000,708000,666000,86720,59378396000,15048000000000,22000000,STK
53,196170,KR7196170005,알테오젠,KOSDAQ GLOBAL,우량기업부,275000,1,2000,0.73,277500,283500,270000,206193,56940147500,14736244325000,53586343,KSQ
54,047810,KR7047810007,한국항공우주,KOSPI,,151100,1,8600,6.04,145000,153000,145000,259036,38989114950,14728488667700,97475107,STK
55,278470,KR7278470000,에이피알,KOSPI,,364000,2,-1000,-0.27,370000,376000,360000,151735,55300038000,13627488420000,37438155,STK
56,030200,KR7030200000,KT,KOSPI,,52700,3,0,0.0,53000,53700,52600,383853,20355709250,13281542799500,252021685,STK
57,003670,KR7003670007,포스코퓨처엠,KOSPI,,143900,1,5300,3.82,142100,146000,141500,105771,15243738650,12799361058000,88946220,STK
58,071050,KR7071050009,한국금융지주,KOSPI,,222500,1,3500,1.6,225500,230000,220500,82849,18608079250,12399033220000,55725992,STK
59,272210,KR7272210006,한화시스템,KOSPI,,63300,1,2700,4.46,61800,63900,61800,321992,20270865750,11958597323700,188919389,STK
60,307950,KR7307950006,현대오토에버,KOSPI,,419500,1,43000,11.42,413500,436000,402500,149620,62733732750,11504360449000,27423982,STK
61,000720,KR7000720003,현대건설,KOSPI,,101400,1,7600,8.1,96500,102700,96000,367630,36687599000,11291474571000,111355765,STK
62,005940,KR7005940002,NH투자증권,KOSPI,,29950,1,200,0.67,30400,31150,29900,429897,13064375100,11057722844750,369206105,STK
63,005830,KR7005830005,DB손해보험,KOSPI,,168100,1,6400,3.96,160400,170800,160400,133311,22256604000,11010608666900,65500349,STK
64,247540,KR7247540008,에코프로비엠,KOSDAQ GLOBAL,중견기업부,110700,1,4800,4.53,109500,113000,108700,225207,24843205800,10829829043800,97830434,KSQ
65,086520,KR7086520004,에코프로,KOSDAQ GLOBAL,중견기업부,79600,1,4400,5.85,77700,80900,77200,561748,44513150900,10807781699200,135776152,KSQ
66,259960,KR7259960003,크래프톤,KOSPI,,233500,2,-1000,-0.43,239000,245000,233000,48766,11592982750,10773184005500,46137833,STK
67,323410,KR7323410001,카카오뱅크,KOSPI,,21850,2,-350,-1.58,22350,22800,21650,619393,13566445750,10425081548450,477120437,STK
68,277810,KR7277810008,레인보우로보틱스,KOSDAQ,기술성장기업부,497000,1,85500,20.78,503000,529000,482500,345993,174780923000,9641729426000,19399858,KSQ
69,0126Z0,KR70126Z0002,삼성에피스홀딩스,KOSPI,,376000,2,-2500,-0.66,385000,389000,376000,24407,9333729250,9356026424000,24883049,STK
70,016360,KR7016360000,삼성증권,KOSPI,,104700,1,1600,1.55,106200,108300,104000,200943,21278632650,9349710000000,89300000,STK
71,003490,KR7003490000,대한항공,KOSPI,,25350,3,0,0.0,25600,25900,25300,1244334,31793567650,9334393756350,368220661,STK
72,006260,KR7006260004,LS,KOSPI,,298000,1,23000,8.36,284000,301500,280000,94047,27598253000,9297600000000,31200000,STK
73,047050,KR7047050000,포스코인터내셔널,KOSPI,,52300,2,-300,-0.57,53100,54300,52200,269609,14234051600,9200761812400,175922788,STK
74,443060,KR7443060009,HD현대마린솔루션,KOSPI,,204000,1,19700,10.69,188000,205500,187900,76752,15460198850,9146025840000,44833460,STK
75,161390,KR7161390000,한국타이어앤테크놀로지,KOSPI,,72700,1,1800,2.54,71800,73400,71700,187220,13599121000,9005717516300,123875069,STK
76,352820,KR7352820005,하이브,KOSPI,,201500,1,3100,1.56,202500,206000,198100,114129,22989950300,8685103173500,43102249,STK
77,003230,KR7003230000,삼양식품,KOSPI,,1110000,2,-7000,-0.63,1115000,1142000,1096000,34368,38137554000,8361646650000,7533015,STK
78,028050,KR7028050003,삼성E&A,KOSPI,,42000,1,700,1.69,42450,42650,41150,1123670,46982127375,8232000000000,196000000,STK
79,039490,KR7039490008,키움증권,KOSPI,,312000,1,6500,2.13,314500,320500,311000,57162,18073952500,8183234592000,26228316,STK
80,078930,KR7078930005,GS,KOSPI,,85300,1,2800,3.39,83100,86800,83100,251823,21558743900,7923985723500,92895495,STK
81,036930,KR7036930006,주성엔지니어링,KOSDAQ GLOBAL,우량기업부,167100,2,-2100,-1.24,178700,185000,165000,1153308,200661229100,7766995319100,46481121,KSQ
82,007660,KR7007660004,이수페타시스,KOSPI,,96900,1,8300,9.37,92500,97600,92000,338176,32266495200,7113353321100,73409219,STK
83,005387,KR7005382007,현대차2우B,KOSPI,,199600,1,9900,5.22,192500,201500,190000,99482,19763518400,6978800428000,34963930,STK
84,090430,KR7090430000,아모레퍼시픽,KOSPI,,118300,2,-1400,-1.17,120400,121700,117900,115733,13773884600,6919693389700,58492759,STK
85,180640,KR7180640005,한진칼,KOSPI,,103400,1,600,0.58,104300,106500,102600,49246,5130424450,6903219648600,66762279,STK
86,021240,KR7021240007,코웨이,KOSPI,,92600,2,-900,-0.96,94000,96100,92000,61380,5720872250,6553063647600,70767426,STK
87,000880,KR7000880005,한화,KOSPI,,92600,1,5900,6.81,88400,93800,88400,99863,9202430300,6529033299400,70507919,STK
88,047040,KR7047040001,대우건설,KOSPI,,15730,1,930,6.28,15150,16090,15030,3119580,49024570330,6463577145740,410907638,STK
89,064400,KR7064400005,LG씨엔에스,KOSPI,,66400,1,3900,6.24,64800,67800,64600,819289,54313641200,6433226947200,96885948,STK
90,267270,KR7267270007,HD건설기계,KOSPI,,132400,1,10200,8.35,124000,134900,123700,204351,26421698800,6344859162800,47921897,STK
91,032640,KR7032640005,LG유플러스,KOSPI,,14640,1,240,1.67,14480,14750,14480,414306,6069657635,6213621996480,424427732,STK
92,241560,KR7241560002,두산밥캣,KOSPI,,64800,1,4100,6.75,62300,65500,62200,105545,6830399450,6211473012000,95856065,STK
93,326030,KR7326030004,SK바이오팜,KOSPI,,78800,1,1200,1.55,78500,79900,77800,63183,4974107000,6171084100000,78313250,STK
94,353200,KR7353200009,대덕전자,KOSPI,,124400,1,3900,3.24,126100,137300,124000,900774,117454023400,6147465470000,49416925,STK
95,240810,KR7240810002,원익IPS,KOSDAQ GLOBAL,우량기업부,116200,1,100,0.09,121800,132900,113800,1767560,216449338400,5703549296200,49083901,KSQ
96,377300,KR7377300009,카카오페이,KOSPI,,41900,1,1100,2.7,41650,43300,41500,135679,5750506075,5667818237500,135270125,STK
97,000100,KR7000100008,유한양행,KOSPI,,71100,1,1500,2.16,70000,71600,69600,189037,13337023600,5662944431100,79647601,STK
98,058470,KR7058470006,리노공업,KOSDAQ GLOBAL,우량기업부,74100,1,4100,5.86,73100,75500,71800,440069,32462145200,5647298085000,76211850,KSQ
99,001440,KR7001440007,대한전선,KOSPI,,28450,1,1900,7.16,27450,29050,27050,1423587,40178646175,5575989356200,195992596,STK
100,138930,KR7138930003,BNK금융지주,KOSPI,,17950,2,-150,-0.83,18160,18470,17870,444556,8026025535,5570370242350,310327033,STK
101,029780,KR7029780004,삼성카드,KOSPI,,47950,1,600,1.27,47700,48650,47650,46637,2247225475,5555433823450,115858891,STK
102,062040,KR7062040001,산일전기,KOSPI,,172900,1,8100,4.92,171600,175900,169100,104016,18012350500,5293480465000,30615850,STK
103,004170,KR7004170007,신세계,KOSPI,,554000,2,-8000,-1.42,569000,583000,551000,31261,17484530000,5232630274000,9445181,STK
104,034220,KR7034220004,LG디스플레이,KOSPI,,10220,1,470,4.82,10000,10290,9820,3835854,38902717690,5110000000000,500000000,STK
105,271560,KR7271560005,오리온,KOSPI,,128300,1,300,0.23,128700,133000,127400,50732,6601041500,5071543500400,39528788,STK
106,175330,KR7175330000,JB금융지주,KOSPI,,26600,1,600,2.31,25900,26950,25900,218530,5805411400,5007545334400,188253584,STK
107,009830,KR7009830001,한화솔루션,KOSPI,,28000,1,1400,5.26,27150,28550,27100,1630542,45684284500,4812991008000,171892536,STK
108,088980,KR7088980008,맥쿼리인프라,KOSPI,,10030,1,10,0.1,10030,10060,9980,722815,7236933080,4803587589790,478921993,STK
109,000990,KR7000990002,DB하이텍,KOSPI,,110000,1,5300,5.06,110100,112900,107800,184499,20408345500,4785504680000,43504588,STK
110,128940,KR7128940004,한미약품,KOSPI,,372000,2,-500,-0.13,378000,382000,358500,69575,25611330000,4765688652000,12810991,STK
111,319660,KR7319660007,피에스케이,KOSDAQ,우량기업부,162000,2,-8000,-4.71,177000,178800,156900,523826,86275303350,4692607668000,28966714,KSQ
112,036570,KR7036570000,NC,KOSPI,,217500,1,4000,1.87,217000,223000,215000,30536,6677044500,4685824785000,21544022,STK
113,005385,KR7005381009,현대차우,KOSPI,,199400,1,9600,5.06,192500,200500,192500,49639,9837417000,4654187424000,23340960,STK
114,454910,KR7454910001,두산로보틱스,KOSPI,,70600,1,6700,10.49,71100,75600,69500,1623297,116484475800,4576290588000,64819980,STK
115,082740,KR7082740002,한화엔진,KOSPI,,48800,1,4400,9.91,45250,49850,45250,597159,28608697875,4072220529600,83447142,STK
116,011790,KR7011790003,SKC,KOSPI,,81600,1,2300,2.9,82000,84300,81100,118162,9745114650,4047221116800,49598298,STK
117,298380,KR7298380007,에이비엘바이오,KOSDAQ GLOBAL,기술성장기업부,70200,1,900,1.3,70100,71600,68300,259032,18132796650,3930319902600,55987463,KSQ
118,088350,KR7088350004,한화생명,KOSPI,,4515,1,175,4.03,4440,4585,4440,1727785,7828696550,3921412950000,868530000,STK
119,039030,KR7039030002,이오테크닉스,KOSDAQ,우량기업부,318000,1,500,0.16,330000,340000,317000,61637,20102334250,3917616900000,12319550,KSQ
120,028300,KR7028300002,HLB,KOSDAQ,중견기업부,29400,2,-1000,-3.29,30300,30600,27550,1486802,42825686275,3916027756200,133198223,KSQ
121,010060,KR7010060002,OCI홀딩스,KOSPI,,208000,1,13000,6.67,201000,216500,197200,134512,28014968350,3883408256000,18670232,STK
122,001040,KR7001040005,CJ,KOSPI,,132700,1,2600,2.0,131100,134900,131100,43560,5811083500,3871787634600,29176998,STK
123,111770,KR7111770004,영원무역,KOSPI,,87100,1,300,0.35,87200,89500,85600,34018,2965686750,3859528862800,44311468,STK
124,023530,KR7023530009,롯데쇼핑,KOSPI,,135300,1,4900,3.76,131900,137600,131600,54056,7314012500,3827468551500,28288755,STK
125,222800,KR7222800005,심텍,KOSDAQ GLOBAL,중견기업부,101500,1,600,0.59,105900,109600,100100,279512,29209173050,3802588996500,37463931,KSQ
126,000250,KR7000250001,삼천당제약,KOSDAQ,중견기업부,161300,2,-6500,-3.87,170300,172800,157600,412993,68321814900,3783690233600,23457472,KSQ
127,000500,KR7000500009,가온전선,KOSPI,,225500,1,44400,24.52,187000,233000,184000,393332,83700199300,3730472432500,16543115,STK
128,440110,KR7440110005,파두,KOSDAQ,기술성장기업부,74400,2,-3200,-4.12,80400,82000,73400,399078,30963601100,3727546168800,50101427,KSQ
129,051900,KR7051900009,LG생활건강,KOSPI,,246000,1,1000,0.41,246500,249500,244500,19355,4780639250,3683978658000,14975523,STK
130,002380,KR7002380004,KCC,KOSPI,,427500,1,19000,4.65,419000,439000,419000,15255,6599735500,3673463040000,8592896,STK
131,018880,KR7018880005,한온시스템,KOSPI,,3560,1,155,4.55,3490,3640,3480,3942537,14079934850,3653494685120,1026262552,STK
132,141080,KR7141080002,리가켐바이오,KOSDAQ GLOBAL,기술성장기업부,96500,1,2900,3.1,95400,97900,93400,222394,21195123600,3572373837000,37019418,KSQ
133,052690,KR7052690005,한전기술,KOSPI,,93100,1,5700,6.52,90000,94800,90000,67515,6281609500,3558282000000,38220000,STK
134,004020,KR7004020004,현대제철,KOSPI,,26350,1,1050,4.15,25900,26850,25900,406521,10742791775,3516296434750,133445785,STK
135,214450,KR7214450009,파마리서치,KOSDAQ GLOBAL,우량기업부,333000,2,-8500,-2.49,338000,345500,330000,71789,24066358500,3459752784000,10389648,KSQ
136,066970,KR7066970005,엘앤에프,KOSPI,,84800,1,2000,2.42,85400,87000,84300,224863,19203497700,3449940448000,40683260,STK
137,108490,KR7108490004,로보티즈,KOSDAQ,기술성장기업부,228500,1,31500,15.99,225500,244500,218000,386380,89689634000,3350044898000,14661028,KSQ
138,403870,KR7403870009,HPSP,KOSDAQ GLOBAL,우량기업부,39900,1,800,2.05,40900,42200,39725,1746690,71462613950,3283770000000,82300000,KSQ
139,001450,KR7001450006,현대해상,KOSPI,,37500,1,350,0.94,37350,38050,37100,246535,9259123775,3196809375000,85248250,STK
140,095610,KR7095610002,테스,KOSDAQ GLOBAL,우량기업부,164100,2,-1600,-0.97,175000,175600,158500,454683,75284340950,3176976000000,19360000,KSQ
141,095340,KR7095340006,ISC,KOSDAQ,우량기업부,144500,1,5300,3.81,144300,151900,143100,124418,18341526300,3062974881000,21197058,KSQ
142,214370,KR7214370009,케어젠,KOSDAQ,벤처기업부,57000,1,500,0.88,56500,58800,56300,42446,2426760550,3061755000000,53715000,KSQ
143,035250,KR7035250000,강원랜드,KOSPI,,14290,1,180,1.28,14200,14360,14140,189280,2695944775,3057209745000,213940500,STK
144,069960,KR7069960003,현대백화점,KOSPI,,140200,1,100,0.07,141700,145800,136100,124503,17415406450,3023400662400,21564912,STK
145,036460,KR7036460004,한국가스공사,KOSPI,,32600,1,350,1.09,32300,32850,32300,52775,1724108900,3009403800000,92313000,STK
146,011780,KR7011780004,금호석유화학,KOSPI,,119600,1,1600,1.36,118800,122000,118500,28110,3384294550,3008816070000,25157325,STK
147,103590,KR7103590006,일진전기,KOSPI,,62900,1,3600,6.07,61300,63500,60700,177447,11091123300,2999411031000,47685390,STK
148,031210,KR7031210008,서울보증보험,KOSPI,,42700,1,900,2.15,42100,42800,41850,11534,488642750,2981382234600,69821598,STK
149,022100,KR7022100002,포스코DX,KOSPI,,19520,1,1920,10.91,18140,19850,18140,454444,8834443510,2967717910080,152034729,STK
150,251270,KR7251270005,넷마블,KOSPI,,35600,1,600,1.71,35350,35950,35100,84751,3008399150,2916870727600,81934571,STK
151,483650,KR7483650008,달바글로벌,KOSPI,,230500,2,-5500,-2.33,236000,238500,224500,109764,25501230250,2877715282500,12484665,STK
152,214150,KR7214150005,클래시스,KOSDAQ GLOBAL,우량기업부,44050,1,300,0.69,44000,45100,43250,172028,7575100225,2873630778950,65235659,KSQ
153,383220,KR7383220001,F&F,KOSPI,,74500,2,-900,-1.19,76000,77000,73000,60000,4473860450,2853877087500,38307075,STK
154,139130,KR7139130009,iM금융지주,KOSPI,,17740,2,-400,-2.21,18240,18580,17740,266899,4809920185,2809366857920,158363408,STK
155,097950,KR7097950000,CJ제일제당,KOSPI,,186300,1,100,0.05,187100,189200,185500,25137,4695744950,2804594851800,15054186,STK
156,084370,KR7084370006,유진테크,KOSDAQ,우량기업부,122200,2,-3600,-2.86,131800,138000,120100,238147,30448596000,2800340332400,22916042,KSQ
157,131290,KR7131290009,티에스이,KOSDAQ,우량기업부,251000,3,0,0.0,261500,272500,248000,91014,23505916750,2776418679000,11061429,KSQ
158,347850,KR7347850000,디앤디파마텍,KOSDAQ,기술성장기업부,60400,2,-600,-0.98,62400,63700,59500,870142,53215964550,2768591583600,45837609,KSQ
159,145020,KR7145020004,휴젤,KOSDAQ,우량기업부,225000,2,-3500,-1.53,231000,233500,223000,41852,9451281750,2768407425000,12304033,KSQ
160,031980,KR7031980006,피에스케이홀딩스,KOSDAQ,우량기업부,127000,2,-8000,-5.93,139900,143900,125300,135095,17731722950,2738424165000,21562395,KSQ
161,028670,KR7028670008,팬오션,KOSPI,,5100,1,90,1.8,5060,5180,5000,742242,3791868775,2726304511200,534569512,STK
162,080220,KR7080220007,제주반도체,KOSDAQ,우량기업부,79100,1,800,1.02,83700,84800,78800,1577512,129246345750,2724428090300,34442833,KSQ
163,336260,KR7336260005,두산퓨얼셀,KOSPI,,41550,1,3150,8.2,40150,43250,39650,393490,16387001875,2721264315300,65493726,STK
164,012750,KR7012750006,에스원,KOSPI,,71200,1,1100,1.57,70500,71900,70300,28206,2001519400,2705541473600,37999178,STK
165,017800,KR7017800004,현대엘리베이터,KOSPI,,68700,1,1700,2.54,67400,69800,67400,63691,4405726700,2685646849500,39092385,STK
166,004800,KR7004800009,효성,KOSPI,,155900,1,10000,6.85,149100,158400,149100,20816,3242151750,2609829451300,16740407,STK
167,302440,KR7302440003,SK바이오사이언스,KOSPI,,33150,1,150,0.45,33300,33800,33000,36710,1222037000,2600834731950,78456553,STK
168,005850,KR7005850003,에스엘,KOSPI,,55500,1,2800,5.31,55000,57200,55000,65059,3657075350,2577892860000,46448520,STK
169,011170,KR7011170008,롯데케미칼,KOSPI,,59800,1,3200,5.65,57200,60900,57200,58724,3501055050,2557970056200,42775419,STK
170,950160,KR8840120008,코오롱티슈진,KOSDAQ,외국기업(소속부없음),30050,5,-12850,-29.95,30050,30050,30050,93596,2812585500,2553353308000,84970160,KSQ
171,014680,KR7014680003,한솔케미칼,KOSPI,,231000,1,2000,0.87,235500,242500,231000,18539,4371317000,2543979669000,11012899,STK
172,009420,KR7009420001,한올바이오파마,KOSPI,,48600,1,450,0.93,49050,50600,48100,248514,12231306275,2538895006800,52240638,STK
173,026960,KR7026960005,동서,KOSPI,,25400,1,650,2.63,24950,25650,24850,42086,1066383325,2532380000000,99700000,STK
174,006360,KR7006360002,GS건설,KOSPI,,29450,1,3850,15.04,26150,30700,26050,2975976,86509769950,2520374880500,85581490,STK
175,009970,KR7009970005,영원무역홀딩스,KOSPI,,194500,1,3600,1.89,191000,194800,189500,5077,978658500,2519517406500,12953817,STK
176,279570,KR7279570006,케이뱅크,KOSPI,,6150,2,-30,-0.49,6180,6290,6110,1054974,6499354635,2495025178650,405695151,STK
177,450080,KR7450080007,에코프로머티,KOSPI,,35000,1,1600,4.79,34400,35400,34400,223860,7843617750,2478485450000,70813870,STK
178,087010,KR7087010005,펩트론,KOSDAQ,기술성장기업부,105700,2,-600,-0.56,108100,111100,104000,113384,12056238900,2464643895000,23317350,KSQ
179,067310,KR7067310003,하나마이크론,KOSDAQ,중견기업부,37000,3,0,0.0,38750,40100,35600,1921358,72138288800,2460162153000,66490869,KSQ
180,001720,KR7001720002,신영증권,KOSPI,,148100,1,5400,3.78,144700,149500,144700,4803,708476850,2434764000000,16440000,STK
181,375500,KR7375500006,DL이앤씨,KOSPI,,62700,1,3700,6.27,60500,63700,60300,245195,15233498650,2426090162100,38693623,STK
182,237690,KR7237690003,에스티팜,KOSDAQ GLOBAL,우량기업부,115400,1,1400,1.23,114500,117200,114300,41110,4752943150,2409071705200,20875838,KSQ
183,003690,KR7003690005,코리안리,KOSPI,,13610,1,230,1.72,13490,13760,13330,78016,1060352170,2405173231910,176721031,STK
184,178320,KR7178320008,서진시스템,KOSDAQ,중견기업부,37750,1,1550,4.28,37700,39500,37000,504411,19229648025,2402815321750,63650737,KSQ
185,081660,KR7081660003,미스토홀딩스,KOSPI,,45250,2,-750,-1.63,45900,46950,45000,61977,2818999125,2402405760000,53091840,STK
186,000240,KR7000240002,한국앤컴퍼니,KOSPI,,25300,1,150,0.6,25400,25800,25250,49066,1251736000,2401861572000,94935240,STK
187,310210,KR7310210000,보로노이,KOSDAQ,기술성장기업부,128300,1,2100,1.66,126000,130500,122300,55734,7065682800,2363407756700,18420949,KSQ
188,257720,KR7257720003,실리콘투,KOSDAQ,우량기업부,35900,1,250,0.7,35650,36250,34650,327726,11634822725,2354187446800,65576252,KSQ
189,161890,KR7161890009,한국콜마,KOSPI,,99500,2,-2200,-2.16,101700,102900,96800,299534,29872820400,2348705161500,23605077,STK
190,064760,KR7064760002,티씨케이,KOSDAQ GLOBAL,우량기업부,207500,2,-2000,-0.95,215000,221000,205500,28496,6031629500,2319728820000,11179416,KSQ
191,007340,KR7007340003,DN오토모티브,KOSPI,,39450,1,2950,8.08,37100,39650,35700,149880,5657012325,2308253624250,58510865,STK
192,008930,KR7008930000,한미사이언스,KOSPI,,33750,1,750,2.27,33300,34400,32700,115966,3885937025,2308214812500,68391550,STK
193,005440,KR7005440003,현대지에프홀딩스,KOSPI,,12490,2,-300,-2.35,12800,13280,12430,214655,2734311245,2290631015510,183397199,STK
194,139480,KR7139480008,이마트,KOSPI,,82900,1,3000,3.75,80500,83200,79600,100588,8202246850,2287693395100,27595819,STK
195,489790,KR7489790006,한화비전,KOSPI,,45250,1,250,0.56,47650,47650,44950,155692,7147746750,2284599647500,50488390,STK
196,004990,KR7004990008,롯데지주,KOSPI,,22700,1,500,2.25,22600,23000,22350,92879,2110659150,2262367715200,99663776,STK
197,319400,KR7319400008,현대무벡스,KOSDAQ,우량기업부,20300,1,1400,7.41,20750,22150,20100,2629416,54921713225,2260933591700,111376039,KSQ
198,071970,KR7071970008,HD현대마린엔진,KOSPI,,66600,1,8400,14.43,59500,67400,59500,276984,18001935500,2259171567000,33921495,STK
199,005290,KR7005290002,동진쎄미켐,KOSDAQ,우량기업부,44100,1,1950,4.63,44200,45600,43450,268180,11835188825,2247782556600,50970126,KSQ
200,089970,KR7089970008,브이엠,KOSDAQ,우량기업부,85100,2,-4200,-4.7,94300,95200,83600,513057,45014227650,2240407701500,26326765,KSQ
201,475150,KR7475150009,SK이터닉스,KOSPI,,65500,1,9600,17.17,57000,69800,56600,11659694,763424445000,2231388762000,34067004,STK
202,204320,KR7204320006,HL만도,KOSPI,,47400,1,4200,9.72,46000,49150,45700,1118743,53513651375,2225767488000,46957120,STK
203,357780,KR7357780006,솔브레인,KOSDAQ GLOBAL,우량기업부,285500,1,5500,1.96,292000,298000,283000,20530,5916590500,2220780593000,7778566,KSQ
204,226950,KR7226950004,올릭스,KOSDAQ GLOBAL,기술성장기업부,105700,2,-3500,-3.21,110500,111400,104300,245748,26316252200,2218905453100,20992483,KSQ
205,085620,KR7085620003,미래에셋생명,KOSPI,,16260,1,330,2.07,16040,16650,16000,88292,1442473360,2198026800000,135180000,STK
206,030000,KR7030000004,제일기획,KOSPI,,18640,1,110,0.59,18550,18780,18550,116756,2177124820,2144368434000,115041225,STK
207,004370,KR7004370003,농심,KOSPI,,350500,1,2000,0.57,350000,353000,347500,7926,2779474000,2131966021000,6082642,STK
208,018670,KR7018670000,SK가스,KOSPI,,230000,1,3000,1.32,230000,233500,226500,7298,1676909500,2129166120000,9257244,STK
209,263750,KR7263750002,펄어비스,KOSDAQ,우량기업부,33650,1,300,0.9,33450,34200,33350,101866,3430319875,2114697571500,62843910,KSQ
210,007070,KR7007070006,GS리테일,KOSPI,,24850,2,-900,-3.5,26000,26300,24300,167550,4165989700,2077644262750,83607415,STK
211,282330,KR7282330000,BGF리테일,KOSPI,,118500,2,-5200,-4.2,123500,124600,118400,59660,7146711200,2048142861000,17283906,STK
212,051600,KR7051600005,한전KPS,KOSPI,,44450,1,1900,4.47,43000,44950,43000,86617,3841290225,2000250000000,45000000,STK
213,192820,KR7192820009,코스맥스,KOSPI,,171200,2,-1000,-0.58,172300,174600,170200,28899,4966647200,1943035940800,11349509,STK
214,008770,KR7008770000,호텔신라,KOSPI,,48050,1,2350,5.14,46250,48450,45750,160086,7657328825,1885872214050,39248121,STK
215,058610,KR7058610007,에스피지,KOSDAQ,우량기업부,84900,1,18900,28.64,82100,85800,78600,1268739,106541993100,1882857864000,22177360,KSQ
216,098460,KR7098460009,고영,KOSDAQ,우량기업부,27500,1,1900,7.42,27250,29100,27050,1051403,29310483750,1875615857500,68204213,KSQ
217,281820,KR7281820001,케이씨텍,KOSPI,,93200,2,-7100,-7.08,103600,106000,92800,243776,23789260550,1845235205200,19798661,STK
218,002790,KR7002790004,아모레퍼시픽홀딩스,KOSPI,,24000,2,-100,-0.41,24300,24750,23950,37455,906836400,1834996320000,76458180,STK
219,462870,KR7462870007,시프트업,KOSPI,,30600,2,-750,-2.39,31550,32250,30600,53837,1678163525,1797501834000,58741890,STK
220,073240,KR7073240004,금호타이어,KOSPI,,6220,1,120,1.97,5960,6480,5940,4890887,30704664165,1786758985140,287260287,STK
221,089030,KR7089030001,테크윙,KOSDAQ,중견기업부,47800,1,1000,2.14,48800,49800,46950,709096,34290817325,1771164231000,37053645,KSQ
222,420770,KR7420770000,기가비스,KOSDAQ,우량기업부,139700,2,-2900,-2.03,149000,152800,138400,71532,10222466400,1770803392600,12675758,KSQ
223,032820,KR7032820003,우리기술,KOSDAQ,벤처기업부,10310,1,820,8.64,9900,10500,9730,2423870,24866642335,1769249467660,171605186,KSQ
224,439260,KR7439260001,대한조선,KOSPI,,46450,1,2800,6.41,44250,47000,44250,51683,2364563200,1769221508500,38088730,STK
225,140860,KR7140860008,파크시스템스,KOSDAQ GLOBAL,우량기업부,252000,1,5500,2.23,252000,264000,247500,24190,6119097250,1764622188000,7002469,KSQ
226,103140,KR7103140000,풍산,KOSPI,,62300,1,2500,4.18,60500,62500,60500,47081,2904490750,1745912519400,28024278,STK
227,457190,KR7457190007,이수스페셜티케미컬,KOSPI,,57400,1,2600,4.74,56300,57800,55800,73492,4184480650,1734563252800,30218872,STK
228,068760,KR7068760008,셀트리온제약,KOSDAQ,우량기업부,38900,1,650,1.7,38650,39900,38600,45001,1763014775,1727250714800,44402332,KSQ
229,000155,KR7000151001,두산우,KOSPI,,432000,1,39500,10.06,425000,443000,407000,8563,3691270500,1726471584000,3996462,STK
230,112610,KR7112610001,씨에스윈드,KOSPI,,40200,1,1500,3.88,39150,40650,39150,250628,10053759700,1695290400600,42171403,STK
231,00680K,KR700680K019,미래에셋증권2우B,KOSPI,,12350,1,490,4.13,12060,12420,12000,155577,1913632075,1685775000000,136500000,STK
232,395400,KR7395400005,SK리츠,KOSPI,,5590,1,10,0.18,5610,5630,5500,170228,950323380,1682688495800,301017620,STK
233,000120,KR7000120006,CJ대한통운,KOSPI,,73200,1,1900,2.66,72300,73900,72200,21178,1546964650,1669863580800,22812344,STK
234,023590,KR7023590003,다우기술,KOSPI,,38200,1,2100,5.82,37150,38500,35850,63951,2408103975,1653575318400,43287312,STK
235,290650,KR7290650001,엘앤씨바이오,KOSDAQ,우량기업부,61000,2,-5800,-8.68,66700,67100,58300,459799,28093728450,1645151944000,26969704,KSQ
236,010170,KR7010170009,대한광통신,KOSDAQ,중견기업부,10550,1,690,7.0,10470,11240,10270,6456525,69482526730,1640373713000,155485660,KSQ
237,011210,KR7011210002,현대위아,KOSPI,,59900,1,4100,7.35,57700,60800,57700,48029,2868291650,1628985471700,27195083,STK
238,020150,KR7020150009,롯데에너지머티리얼즈,KOSPI,,30650,1,750,2.51,31000,31550,30350,77621,2396115750,1605001440950,52365463,STK
239,140410,KR7140410002,메지온,KOSDAQ,투자주의환기종목(소속부없음),52400,2,-2500,-4.55,56900,56900,52200,74200,4010816050,1603754085600,30605994,KSQ
240,131970,KR7131970006,두산테스나,KOSDAQ GLOBAL,우량기업부,82700,1,800,0.98,84300,86400,81600,145415,12220991400,1598362582600,19327238,KSQ
241,001740,KR7001740000,SK네트웍스,KOSPI,,7910,1,350,4.63,7750,8070,7670,1493975,11778548940,1586697661990,200593889,STK
242,007810,KR7007810005,코리아써키트,KOSPI,,65800,2,-200,-0.3,71200,71200,65200,141942,9530621150,1578056396000,23982620,STK
243,035900,KR7035900000,JYP Ent.,KOSDAQ GLOBAL,우량기업부,44350,3,0,0.0,44950,45350,43800,120506,5352840950,1575866020200,35532492,KSQ
244,060370,KR7060370004,LS마린솔루션,KOSDAQ,우량기업부,29950,1,2400,8.71,28150,30200,27650,127224,3711577900,1564553677300,52238854,KSQ
245,041510,KR7041510009,에스엠,KOSDAQ GLOBAL,우량기업부,68200,1,1100,1.64,68200,69400,67000,64456,4398470050,1561417858000,22894690,KSQ
246,322000,KR7322000001,HD현대에너지솔루션,KOSPI,,137900,1,7900,6.08,130600,142900,127900,300005,41112529550,1544480000000,11200000,STK
247,120110,KR7120110002,코오롱인더,KOSPI,,51500,1,1900,3.83,50600,52800,50600,135253,6989240650,1542220648000,29946032,STK
248,001800,KR7001800002,오리온홀딩스,KOSPI,,25450,1,300,1.19,25300,25950,25100,43448,1117159500,1530986793400,60156652,STK
249,007390,KR7007390008,네이처셀,KOSDAQ,중견기업부,23450,2,-1300,-5.25,24850,25000,23450,292620,7030832900,1511002063200,64435056,KSQ
250,006040,KR7006040000,동원산업,KOSPI,,33750,1,550,1.66,33250,34150,33250,19929,672914700,1489752641250,44140819,STK
251,001120,KR7001120005,LX인터내셔널,KOSPI,,37850,1,350,0.93,37700,38250,37100,38527,1451879600,1467066000000,38760000,STK
252,096530,KR7096530001,씨젠,KOSDAQ GLOBAL,우량기업부,27550,1,350,1.29,27300,28100,27300,143445,3979685425,1438826134700,52225994,KSQ
253,009155,KR7009151002,삼성전기우,KOSPI,,490500,1,24500,5.26,494000,519000,482500,37385,18868075000,1425875652000,2906984,STK
254,020560,KR7020560009,아시아나항공,KOSPI,,6910,3,0,0.0,6950,7030,6900,47891,332439885,1423395813010,205990711,STK
255,089860,KR7089860001,롯데렌탈,KOSPI,,38850,1,2150,5.86,36750,40100,36700,156861,6130779325,1410619723800,36309388,STK
256,183300,KR7183300003,코미코,KOSDAQ,우량기업부,68600,2,-600,-0.87,71300,76700,68000,116367,8150971550,1409408266000,20545310,KSQ
257,069620,KR7069620003,대웅제약,KOSPI,,120900,2,-900,-0.74,121800,123800,119100,21331,2583905750,1400816917500,11586575,STK
258,006280,KR7006280002,녹십자,KOSPI,,119400,1,800,0.67,119200,121300,118900,30416,3651957200,1395372637200,11686538,STK
259,097230,KR7097230007,HJ중공업,KOSPI,,15350,1,850,5.86,14790,15490,14650,321153,4854835905,1386033530400,90295344,STK
260,030530,KR7030530000,원익홀딩스,KOSDAQ,중견기업부,17880,1,1650,10.17,17760,18630,17350,878885,15759038805,1381015100280,77237981,KSQ
261,229640,KR7229640008,LS에코에너지,KOSPI,,45050,1,2400,5.63,43700,45500,42800,92339,4129701800,1379650798950,30624879,STK
262,083650,KR7083650002,비에이치아이,KOSDAQ,우량기업부,44400,1,3850,9.49,41850,44900,41800,203567,8866544875,1373930250000,30944375,KSQ
263,082920,KR7082920000,비츠로셀,KOSDAQ GLOBAL,우량기업부,30300,1,1300,4.48,30250,30800,29450,257659,7709897700,1373786153100,45339477,KSQ
264,298020,KR7298020009,효성티앤씨,KOSPI,,314500,2,-500,-0.16,315500,323000,304500,18927,5992815250,1361055989000,4327682,STK
265,043260,KR7043260009,성호전자,KOSDAQ,우량기업부,18900,1,1900,11.18,17600,19470,17600,1498777,27912354790,1352413049400,71556246,KSQ
266,415640,KR7415640002,KB발해인프라,KOSPI,,10910,2,-240,-2.15,11110,11110,10790,47531,517074630,1336971928680,122545548,STK
267,0009K0,KR70009K0001,에임드바이오,KOSDAQ,기술성장기업부,20050,1,590,3.03,19830,21050,19690,106719,2151834250,1296656778050,64671161,KSQ
268,294870,KR7294870001,IPARK현대산업개발,KOSPI,,19630,2,-180,-0.91,19810,19990,19570,61807,1218987915,1293760887900,65907330,STK
269,192080,KR7192080000,더블유게임즈,KOSPI,,60300,1,1100,1.86,60100,61500,60100,45332,2756184000,1276760120400,21173468,STK
270,218410,KR7218410009,RFHIC,KOSDAQ,우량기업부,46950,1,3400,7.81,45900,47600,44800,175657,8128903200,1246684101900,26553442,KSQ
271,007310,KR7007310006,오뚜기,KOSPI,,311000,1,5000,1.63,307000,314500,307000,2795,871829000,1246435130000,4007830,STK
272,003540,KR7003540002,대신증권,KOSPI,,26100,1,650,2.55,25900,26400,25900,47284,1239223625,1244085888600,47666126,STK
273,181710,KR7181710005,NHN,KOSPI,,37450,1,2650,7.61,36000,37800,35800,36421,1350134300,1226605055550,32753139,STK
274,093370,KR7093370005,후성,KOSPI,,11380,1,710,6.65,11100,12600,11100,3061223,36330933025,1220565655400,107255330,STK
275,005070,KR7005070008,코스모신소재,KOSPI,,36700,1,1600,4.56,36050,39000,35650,103811,3822953300,1218974755700,33214571,STK
276,127120,KR7127120004,제이에스링크,KOSDAQ,벤처기업부,34900,1,2300,7.06,33700,35350,31650,79227,2627177700,1212474231800,34741382,KSQ
277,012630,KR7012630000,HDC,KOSPI,,20150,1,50,0.25,20200,20400,19970,20864,421004460,1203795678150,59741721,STK
278,017960,KR7017960006,한국카본,KOSPI,,23100,1,1050,4.76,22700,23200,22500,127784,2917471775,1193726826600,51676486,STK
279,001430,KR7001430008,세아베스틸지주,KOSPI,,33250,1,2300,7.43,31700,33350,31700,70679,2309022150,1192415456750,35862119,STK
280,078600,KR7078600004,대주전자재료,KOSDAQ,우량기업부,75700,1,3400,4.7,74500,77700,74100,53171,4022839300,1188803246600,15704138,KSQ
281,082640,KR7082640004,동양생명,KOSPI,,7610,2,-20,-0.26,7740,7800,7530,40009,306611120,1187636241410,156062581,STK
282,004000,KR7004000006,롯데정밀화학,KOSPI,,45700,1,250,0.55,46000,46750,45650,30607,1412229150,1179060000000,25800000,STK
283,000815,KR7000811000,삼성화재우,KOSPI,,392000,1,6000,1.55,389500,399000,389500,9974,3939273000,1178751840000,3007020,STK
284,066575,KR7066571001,LG전자우,KOSPI,,68500,1,5500,8.73,65000,69200,64800,103384,6982119250,1176918981500,17181299,STK
285,039200,KR7039200001,오스코텍,KOSDAQ,벤처기업부,29900,2,-250,-0.83,30300,30800,29550,67647,2032527150,1143919462400,38258176,KSQ
286,361610,KR7361610009,SK아이이테크놀로지,KOSPI,,13770,1,510,3.85,13560,14070,13560,79834,1101211900,1126208367000,81787100,STK
287,437730,KR7437730005,삼현,KOSDAQ,기술성장기업부,35500,1,7400,26.33,33500,36200,31900,577568,19897397700,1125618628500,31707567,KSQ
288,030610,KR7030610000,교보증권,KOSPI,,9720,1,240,2.53,9620,9880,9610,39177,382020250,1107719980920,113962961,STK
289,166090,KR7166090001,하나머티리얼즈,KOSDAQ,우량기업부,55700,1,2400,4.5,57200,58700,55000,98779,5585615950,1101616441800,19777674,KSQ
290,003570,KR7003570009,SNT다이내믹스,KOSPI,,32850,1,650,2.02,33050,33650,32150,59182,1929318750,1092351096450,33252697,STK
291,195940,KR7195940002,HK이노엔,KOSDAQ GLOBAL,우량기업부,38250,1,450,1.19,38000,38800,37600,71612,2725401625,1083618330750,28329891,KSQ
292,031330,KR7031330004,에스에이엠티,KOSDAQ,우량기업부,10820,1,320,3.05,10990,11090,10630,397093,4307962045,1081946624940,99995067,KSQ
293,003380,KR7003380003,하림지주,KOSDAQ GLOBAL,우량기업부,9640,1,150,1.58,9550,9790,9530,226434,2190866970,1079734186440,112005621,KSQ
294,458870,KR7458870003,씨어스,KOSDAQ,기술성장기업부,27800,2,-150,-0.54,27950,28550,26350,184345,5072967900,1058060772000,38059740,KSQ
295,496320,KR7496320003,본시스템즈,KONEX,일반기업부,1023000,0,0,0.0,0,0,0,0,0,1039340379000,1015973,KNX
296,000080,KR7000080002,하이트진로,KOSPI,,14780,1,160,1.09,14650,14920,14650,51911,766584490,1036574770580,70133611,STK
297,300720,KR7300720000,한일시멘트,KOSPI,,13840,1,130,0.95,13730,13980,13730,57664,798788325,1017865692560,73545209,STK
298,006340,KR7006340004,대원전선,KOSPI,,12970,1,1130,9.54,12240,13440,12150,16156320,208601167575,1017034975520,78414416,STK
299,330590,KR7330590001,롯데리츠,KOSPI,,3515,1,30,0.86,3490,3550,3400,78115,273901535,1015725627260,288968884,STK
300,323280,KR7323280008,태성,KOSDAQ,중견기업부,32850,1,650,2.02,33250,34100,32250,160078,5309663925,1003172643000,30537980,KSQ
301,077970,KR7077970002,STX엔진,KOSPI,,24600,1,1250,5.35,23800,24950,23800,115565,2809514850,987642349800,40148063,STK
302,000210,KR7000210005,DL,KOSPI,,47100,1,1100,2.39,46050,47950,46000,61372,2911210625,987022136400,20955884,STK
303,003240,KR7003240009,태광산업,KOSPI,,865000,1,42000,5.1,843000,882000,826000,1523,1307108000,963091000000,1113400,STK
304,195870,KR7195870001,해성디에스,KOSPI,,56100,1,3600,6.86,55300,57600,52000,218360,11825868300,953700000000,17000000,STK
305,475830,KR7475830006,오름테라퓨틱,KOSDAQ,기술성장기업부,43700,1,1800,4.3,42200,44950,41700,55025,2367482200,949146083000,21719590,KSQ
306,003530,KR7003530003,한화투자증권,KOSPI,,4410,1,140,3.28,4380,4475,4380,528848,2342546135,946155687750,214547775,STK
307,491000,KR7491000006,리브스메드,KOSDAQ,기술성장기업부,37700,1,2000,5.6,36900,39450,36900,78434,2993726375,942665540700,25004391,KSQ
308,001820,KR7001820000,삼화콘덴서,KOSPI,,90300,1,4900,5.74,89300,98200,88700,524568,48959329450,938668500000,10395000,STK
309,003090,KR7003090008,대웅,KOSPI,,16140,2,-30,-0.19,16160,16580,16120,32068,521188715,938411557200,58141980,STK
310,009450,KR7009450008,경동나비엔,KOSPI,,64100,1,1300,2.07,63600,65200,63600,16073,1037420000,933846747200,14568592,STK
311,036540,KR7036540003,SFA반도체,KOSDAQ,중견기업부,5630,1,90,1.62,5700,5830,5570,1858611,10585788820,925911505890,164460303,KSQ
312,347700,KR7347700007,스피어,KOSDAQ,기술성장기업부,17850,1,210,1.19,18600,19000,17450,767927,13952788810,920191811700,51551362,KSQ
313,280360,KR7280360009,롯데웰푸드,KOSPI,,99900,2,-600,-0.6,100700,102200,99900,15683,1575958450,919536942600,9204574,STK
314,185750,KR7185750007,종근당,KOSPI,,66400,1,400,0.61,66400,67300,66100,9237,615161050,916504592000,13802780,STK
315,192400,KR7192400000,쿠쿠홀딩스,KOSPI,,25750,1,150,0.59,26000,26250,25450,13637,350723325,915726263750,35562185,STK
316,034230,KR7034230003,파라다이스,KOSPI,,9820,1,150,1.55,9780,9900,9720,335174,3294644990,909620531240,92629382,STK
317,006120,KR7006120000,SK디스커버리,KOSPI,,52000,1,1600,3.17,50500,53000,50500,15842,826996400,905515052000,17413751,STK
318,051915,KR7051911006,LG화학우,KOSPI,,117600,1,4000,3.52,115400,119300,115400,7488,882342450,904202880000,7688800,STK
319,032350,KR7032350001,롯데관광개발,KOSPI,,11340,1,290,2.62,11100,11520,11100,432508,4918145670,904086693720,79725458,STK
320,005300,KR7005300009,롯데칠성,KOSPI,,96900,1,100,0.1,97700,98700,96700,12521,1219277700,899123859600,9278884,STK
321,100090,KR7100090000,SK오션플랜트,KOSPI,,14390,1,960,7.15,13630,15400,13600,1644544,23928275500,899060276310,62478129,STK
322,388210,KR7388210007,씨엠티엑스,KOSDAQ,벤처기업부,91500,1,2700,3.04,92600,96100,89200,40970,3789756000,883381077000,9654438,KSQ
323,071055,KR7071051007,한국금융지주우,KOSPI,,149900,1,1200,0.81,151600,154000,148700,10033,1510054300,878151824900,5858251,STK
324,099320,KR7099320004,쎄트렉아이,KOSDAQ,우량기업부,79600,1,5400,7.28,78500,84000,77500,41353,3353612700,871721728800,10951278,KSQ
325,101490,KR7101490001,에스앤에스텍,KOSDAQ GLOBAL,우량기업부,40700,1,350,0.87,41800,43000,40300,198524,8214877275,868329575300,21334879,KSQ
326,090710,KR7090710005,휴림로봇,KOSDAQ,중견기업부,7235,1,945,15.02,7070,7685,6940,9147162,66980384715,865009574815,119559029,KSQ
327,009240,KR7009240003,한샘,KOSPI,,36600,1,1300,3.68,35700,36700,35600,31799,1158391450,861341764800,23533928,STK
328,003470,KR7003470002,유안타증권,KOSPI,,4465,1,80,1.82,4435,4525,4435,145655,654181108,860316655430,192680102,STK
329,030190,KR7030190003,NICE평가정보,KOSPI,,14580,1,120,0.83,14460,14700,14300,26712,387494790,858930063660,58911527,STK
330,252990,KR7252990007,샘씨엔에스,KOSDAQ,우량기업부,14180,2,-620,-4.19,15070,15530,14050,450592,6564957155,853889666020,60217889,KSQ
331,451800,KR7451800007,한화리츠,KOSPI,,4720,1,80,1.72,4640,4760,4605,87857,410707214,847712000000,179600000,STK
332,204270,KR7204270003,제이앤티씨,KOSDAQ,중견기업부,14640,1,1160,8.61,14090,14870,13610,274507,3900994100,846901542240,57848466,KSQ
333,086450,KR7086450004,동국제약,KOSDAQ GLOBAL,우량기업부,18660,2,-160,-0.85,19120,19290,18590,129522,2437664700,843999637200,45230420,KSQ
334,241710,KR7241710003,코스메카코리아,KOSDAQ GLOBAL,우량기업부,77900,2,-3100,-3.83,80400,81200,76500,75913,5924913200,831972000000,10680000,KSQ
335,038500,KR7038500005,삼표시멘트,KOSDAQ GLOBAL,우량기업부,7680,1,460,6.37,7310,7710,7310,439199,3327907035,828797230080,107916306,KSQ
336,036530,KR7036530004,SNT홀딩스,KOSPI,,50300,2,-900,-1.76,52300,52400,50200,7725,391635600,820085465800,16303886,STK
337,085660,KR7085660009,차바이오텍,KOSDAQ,중견기업부,8810,1,120,1.38,8920,9160,8740,138751,1234192595,819090773260,92972846,KSQ
338,293490,KR7293490009,카카오게임즈,KOSDAQ GLOBAL,중견기업부,7630,1,40,0.53,7640,7900,7580,170557,1311456710,818281371950,107245265,KSQ
339,456040,KR7456040005,OCI,KOSPI,,90900,1,6300,7.45,87200,93300,87100,29201,2643424850,813781795500,8952495,STK
340,083450,KR7083450007,GST,KOSDAQ,우량기업부,44150,1,850,1.96,45500,46550,43450,87770,3930796475,813684500000,18430000,KSQ
341,365550,KR7365550003,ESR켄달스퀘어리츠,KOSPI,,3265,2,-65,-1.95,3380,3380,3230,127203,414741225,803480585000,246089000,STK
342,232140,KR7232140004,와이씨,KOSDAQ,우량기업부,9740,1,110,1.14,9900,10120,9530,538222,5250381290,799121709000,82045350,KSQ
343,376900,KR7376900007,로킷헬스케어,KOSDAQ,기술성장기업부,50300,2,-2800,-5.27,52000,54600,49850,336013,17248678800,798451586700,15873789,KSQ
344,281740,KR7281740001,레이크머티리얼즈,KOSDAQ,우량기업부,11850,1,680,6.09,11360,11980,11360,193371,2280920605,778906993800,65730548,KSQ
345,417200,KR7417200003,LS머트리얼즈,KOSDAQ,중견기업부,11470,1,690,6.4,10940,11640,10940,524368,5934164915,775975998730,67652659,KSQ
346,388720,KR7388720005,유일로보틱스,KOSDAQ,벤처기업부,65400,1,5800,9.73,64300,67400,63200,53462,3500655850,770499963000,11781345,KSQ
347,019210,KR7019210004,와이지-원,KOSDAQ,우량기업부,20650,3,0,0.0,21100,23200,20000,620219,13294139275,768050483200,37193728,KSQ
348,499790,KR7499790004,GS피앤엘,KOSPI,,38650,2,-50,-0.13,39000,40300,37350,165085,6279336625,766462004650,19830841,STK
349,476830,KR7476830005,알지노믹스,KOSDAQ,기술성장기업부,26750,1,900,3.48,26450,27500,25950,276037,7388940125,750482913000,28055436,KSQ
350,100790,KR7100790005,미래에셋벤처투자,KOSDAQ,우량기업부,14030,1,700,5.25,13700,14200,13600,237072,3314952115,745281709340,53120578,KSQ
351,214320,KR7214320004,이노션,KOSPI,,18630,1,20,0.11,18630,18780,18520,41810,779270550,745200000000,40000000,STK
352,071320,KR7071320006,지역난방공사,KOSPI,,64100,1,400,0.63,64100,65700,64100,8553,554560750,742197490400,11578744,STK
353,213420,KR7213420003,덕산네오룩스,KOSDAQ,우량기업부,29850,2,-150,-0.5,30550,31100,29650,79681,2398967250,741210693150,24831179,KSQ
354,004490,KR7004490009,세방전지,KOSPI,,53300,1,700,1.33,53000,54400,53000,19526,1044560300,738738000000,13860000,STK
355,074600,KR7074600008,원익QnC,KOSDAQ,우량기업부,28050,1,550,2.0,28400,29300,27850,155552,4424197500,737378400000,26288000,KSQ
356,065350,KR7065350001,신성델타테크,KOSDAQ,우량기업부,26800,1,650,2.49,26700,27350,26450,67982,1828529700,736569806400,27483948,KSQ
357,056190,KR7056190002,SFA,KOSDAQ GLOBAL,우량기업부,20500,1,530,2.65,20200,20800,20200,60874,1247626325,736129580000,35908760,KSQ
358,079160,KR7079160008,CJ CGV,KOSPI,,4410,1,20,0.46,4370,4450,4370,82483,364652455,730218869100,165582510,STK
359,122870,KR7122870009,와이지엔터테인먼트,KOSDAQ GLOBAL,우량기업부,38550,1,200,0.52,38650,39200,37950,55335,2130218675,720539938950,18691049,KSQ
360,033100,KR7033100009,제룡전기,KOSDAQ GLOBAL,우량기업부,44800,1,2150,5.04,43550,45300,43450,112823,4987828800,719595923200,16062409,KSQ
361,137310,KR7137310009,에스디바이오센서,KOSPI,,5900,2,-90,-1.5,6010,6090,5900,73207,437668350,712419701800,120749102,STK
362,032190,KR7032190001,다우데이타,KOSDAQ,우량기업부,18510,1,910,5.17,17900,18730,17820,57303,1055823240,708933000000,38300000,KSQ
363,000400,KR7000400002,롯데손해보험,KOSPI,,2275,1,95,4.36,2200,2375,2200,913661,2117162880,706015128000,310336320,STK
364,328130,KR7328130000,루닛,KOSDAQ,기술성장기업부,9460,1,210,2.27,9450,9710,9300,114240,1082701615,704374382800,74458180,KSQ
365,064960,KR7064960008,SNT모티브,KOSPI,,26400,1,950,3.73,25950,26850,25700,28816,755137100,700663180800,26540272,STK
366,003850,KR7003850005,보령,KOSPI,,8140,1,10,0.12,8150,8260,8090,51942,422866015,698307864980,85787207,STK
367,248070,KR7248070005,솔루엠,KOSPI,,14550,1,210,1.46,14520,14650,14330,40476,587992680,695726233800,47816236,STK
368,137400,KR7137400008,피엔티,KOSDAQ GLOBAL,우량기업부,28900,1,950,3.4,28400,29350,28400,62843,1818986525,684662039200,23690728,KSQ
369,041830,KR7041830001,인바디,KOSDAQ,우량기업부,50700,2,-2700,-5.06,53800,54400,50400,48760,2521607650,683480717400,13480882,KSQ
370,002350,KR7002350007,넥센타이어,KOSPI,,6950,1,110,1.61,6840,7090,6840,38930,272376985,678791745150,97667877,STK
371,000370,KR7000370007,한화손해보험,KOSPI,,5720,1,170,3.06,5690,5800,5650,246576,1413652320,667746593800,116738915,STK
372,298050,KR7298050006,HS효성첨단소재,KOSPI,,148700,1,4300,2.98,146000,151200,146000,7342,1096870400,666168267600,4479948,STK
373,090360,KR7090360009,로보스타,KOSDAQ,중견기업부,68300,1,9400,15.96,69400,72300,66600,391849,27131508600,665925000000,9750000,KSQ
374,189300,KR7189300007,인텔리안테크,KOSDAQ,우량기업부,62000,1,2900,4.91,61000,64000,60600,35262,2204285550,665724814000,10737497,KSQ
375,075580,KR7075580001,세진중공업,KOSPI,,11690,1,170,1.48,11610,11840,11450,244801,2841022760,664570140640,56849456,STK
376,005690,KR7005690003,파미셀,KOSPI,,11040,1,330,3.08,11030,11300,10960,352807,3934693130,662444314560,60004014,STK
377,014620,KR7014620009,성광벤드,KOSDAQ GLOBAL,우량기업부,24850,1,800,3.33,24550,25300,24350,70026,1731831500,659950495400,26557364,KSQ
378,285130,KR7285130001,SK케미칼,KOSPI,,38100,1,900,2.42,37400,38700,37400,18149,692781400,659082984600,17298766,STK
379,466100,KR7466100005,클로봇,KOSDAQ,기술성장기업부,25750,1,2500,10.75,28200,28900,25600,715097,19312750275,655575404250,25459239,KSQ
380,035760,KR7035760008,CJ ENM,KOSDAQ GLOBAL,중견기업부,29850,1,950,3.29,29100,29950,29100,38637,1143385650,654585246900,21929154,KSQ
381,002960,KR7002960003,한국쉘석유,KOSPI,,503000,1,4000,0.8,502000,505000,499000,480,241089000,653900000000,1300000,STK
382,093050,KR7093050003,LF,KOSPI,,22200,2,-350,-1.55,22600,22850,22000,12090,270248200,649128000000,29240000,STK
383,036830,KR7036830008,솔브레인홀딩스,KOSDAQ GLOBAL,우량기업부,31500,1,1350,4.48,31000,32350,30950,26483,840519000,645875401500,20503981,KSQ
384,006650,KR7006650006,대한유화,KOSPI,,98500,1,2200,2.28,97600,99800,97300,9883,977074500,640250000000,6500000,STK
385,005090,KR7005090006,SGC에너지,KOSPI,,44400,1,6650,17.62,38000,45300,38000,100102,4355236800,639774385200,14409333,STK
386,000670,KR7000670000,영풍,KOSPI,,34750,1,1100,3.27,33950,35200,33950,15435,536075100,639771234250,18410683,STK
387,079940,KR7079940003,가비아,KOSDAQ,우량기업부,47600,1,100,0.21,47550,47650,47400,63785,3031487175,638824558400,13420684,KSQ
388,006730,KR7006730006,서부T&D,KOSDAQ GLOBAL,우량기업부,9880,1,390,4.11,9580,10070,9530,262871,2577958940,635055999240,64276923,KSQ
389,032500,KR7032500001,케이엠더블유,KOSDAQ,중견기업부,15050,1,900,6.36,14610,15550,14550,113199,1693780650,634985100050,42191701,KSQ
390,161580,KR7161580006,필옵틱스,KOSDAQ,중견기업부,27050,1,900,3.44,26900,27700,26700,56009,1520652775,634112781350,23442247,KSQ
391,115180,KR7115180002,큐리언트,KOSDAQ,벤처기업부,16890,1,640,3.94,16310,17160,16310,50020,843086040,633560806890,37511001,KSQ
392,001570,KR7001570001,금양,KOSPI,,9900,0,0,0.0,0,0,0,0,0,633275240400,63967196,STK
393,025540,KR7025540006,한국단자,KOSPI,,62400,1,900,1.46,62700,63100,61800,6856,427929900,631176000000,10115000,STK
394,108320,KR7108320003,LX세미콘,KOSPI,,38550,1,200,0.52,38950,39300,38450,25175,977509825,626988765000,16264300,STK
395,293940,KR7293940003,신한알파리츠,KOSPI,,5180,2,-10,-0.19,5190,5230,5150,121714,631271765,626469837140,120940123,STK
396,069260,KR7069260008,TKG휴켐스,KOSPI,,15200,1,90,0.6,15110,15300,15110,23315,354142230,621354537600,40878588,STK
397,00088K,KR700088K015,한화3우B,KOSPI,,32000,1,1500,4.92,30500,32900,30050,36720,1167467475,620942112000,19404441,STK
398,006380,KR7006380000,카프로,KOSPI,,3660,0,0,0.0,0,0,0,0,0,618539985360,168999996,STK
399,445680,KR7445680002,큐리옥스바이오시스템즈,KOSDAQ,기술성장기업부,35800,1,1200,3.47,35000,36800,35000,52080,1868522250,615876529000,17203255,KSQ
400,093320,KR7093320000,케이아이엔엑스,KOSDAQ,우량기업부,126100,2,-400,-0.32,128300,129700,122400,7922,1005154100,615368000000,4880000,KSQ
401,119850,KR7119850006,지엔씨에너지,KOSDAQ,우량기업부,37350,1,1600,4.48,36050,37450,33650,362692,12933227050,614366751150,16448909,KSQ
402,490470,KR7490470002,세미파이브,KOSDAQ,기술성장기업부,17830,1,250,1.42,18090,18560,17450,161636,2901734830,606673595200,34025440,KSQ
403,090460,KR7090460007,비에이치,KOSPI,,17960,1,1420,8.59,17140,18340,17100,333080,5936867035,605459222480,33711538,STK
404,317450,KR7317450005,명인제약,KOSPI,,41450,1,450,1.1,41700,41850,41100,7120,295148550,605170000000,14600000,STK
405,102710,KR7102710001,이엔에프테크놀로지,KOSDAQ,우량기업부,42300,1,3300,8.46,41450,43400,41350,64462,2726870975,604375462800,14287836,KSQ
406,253450,KR7253450001,스튜디오드래곤,KOSDAQ GLOBAL,우량기업부,20100,1,390,1.98,19820,20300,19690,36731,732758865,604175809800,30058498,KSQ
407,017940,KR7017940008,E1,KOSPI,,88000,1,1000,1.15,86900,88300,86000,6036,528484400,603680000000,6860000,STK
408,094170,KR7094170008,동운아나텍,KOSDAQ,우량기업부,28800,2,-250,-0.86,29800,30150,28650,44279,1303942450,602206156800,20909936,KSQ
409,053800,KR7053800009,안랩,KOSDAQ,우량기업부,53800,1,1000,1.89,53200,54200,52700,30372,1619951300,598606022800,11126506,KSQ
410,453340,KR7453340002,현대그린푸드,KOSPI,,18430,1,410,2.28,18030,18560,18030,22217,410154340,598451348410,32471587,STK
411,005180,KR7005180005,빙그레,KOSPI,,64300,1,300,0.47,64600,64800,63500,7721,497368550,595998693300,9269031,STK
412,048410,KR7048410005,현대바이오,KOSDAQ,중견기업부,6160,1,150,2.5,6090,6280,6070,532093,3281895220,594474323520,96505572,KSQ
413,383800,KR7383800000,LX홀딩스,KOSPI,,7780,1,210,2.77,7660,7840,7650,60962,474774125,593463768200,76280690,STK
414,001680,KR7001680008,대상,KOSPI,,17100,2,-30,-0.18,17150,17430,17050,28448,487508865,592481227500,34648025,STK
415,005880,KR7005880000,대한해운,KOSPI,,1830,1,45,2.52,1800,1840,1789,1060394,1931850172,590627632200,322747340,STK
416,053610,KR7053610002,프로텍,KOSDAQ,우량기업부,65500,1,2200,3.48,66000,67400,64400,13392,881304750,589500000000,9000000,KSQ
417,397030,KR7397030008,에이프릴바이오,KOSDAQ,기술성장기업부,25100,1,1600,6.81,24200,25550,23850,102081,2529066075,587687032600,23413826,KSQ
418,037460,KR7037460003,삼지전자,KOSDAQ,우량기업부,36000,1,1450,4.2,35000,36650,35000,56843,2035870475,587466792000,16318522,KSQ
419,052400,KR7052400009,코나아이,KOSDAQ GLOBAL,우량기업부,40250,1,50,0.12,40300,41200,40000,22633,915922225,586172462750,14563291,KSQ
420,002840,KR7002840007,미원상사,KOSPI,,123100,1,2700,2.24,120900,124800,120900,4841,596599200,584725000000,4750000,STK
421,094800,KR7094800000,맵스리얼티,KOSPI,,6260,2,-40,-0.63,6200,6300,6180,24552,152996940,581142912060,92834331,STK
422,114090,KR7114090004,GKL,KOSPI,,9300,2,-40,-0.43,9390,9470,9260,69697,650405245,575257731000,61855670,STK
423,050890,KR7050890003,쏠리드,KOSDAQ,우량기업부,9430,1,440,4.89,9250,9570,9250,535804,5057212580,572934115620,60756534,KSQ
424,268280,KR7268280005,미원에스씨,KOSPI,,114100,3,0,0.0,114100,115300,113200,1074,122773850,570500000000,5000000,STK
425,033240,KR7033240003,자화전자,KOSPI,,26400,1,2500,10.46,25000,27250,25000,100969,2684237975,570385252800,21605502,STK
426,439960,KR7439960006,코스모로보틱스,KOSDAQ,기술성장기업부,17570,4,4050,29.96,17570,17570,17570,696805,12242863850,570157498820,32450626,KSQ
427,001270,KR7001270008,부국증권,KOSPI,,54800,1,1600,3.01,53400,55700,53400,2637,145028200,568269752800,10369886,STK
428,122640,KR7122640006,예스티,KOSDAQ,벤처기업부,26300,2,-200,-0.75,27450,28400,26100,278272,7522710025,568101408200,21600814,KSQ
429,003620,KR7003620002,KG모빌리티,KOSPI,,2800,1,85,3.13,2735,2840,2735,260683,731528271,566649753600,202374912,STK
430,222080,KR7222080004,SFA넥셀,KOSDAQ GLOBAL,우량기업부,7260,1,390,5.68,7070,7330,7020,360959,2604201545,564683845440,77780144,KSQ
431,003160,KR7003160009,디아이,KOSPI,,19950,1,260,1.32,20500,20900,19780,208263,4192589560,564585000000,28300000,STK
432,023160,KR7023160005,태광,KOSDAQ GLOBAL,우량기업부,21750,1,1250,6.1,21000,21950,21000,58502,1257725250,562612513500,25867242,KSQ
433,014820,KR7014820005,동원시스템즈,KOSPI,,19400,1,760,4.08,18650,19540,18650,27288,523834190,562430870800,28991282,STK
434,00104K,KR700104K010,CJ4우(전환),KOSPI,,130800,1,2000,1.55,128800,132400,128800,6386,836835700,552827769600,4226512,STK
435,171090,KR7171090004,선익시스템,KOSDAQ,우량기업부,54700,1,2900,5.6,52600,56100,52600,31708,1724760200,552613642200,10102626,KSQ
436,001060,KR7001060003,JW중외제약,KOSPI,,23700,3,0,0.0,23800,24150,23500,20986,499325925,551876541000,23285930,STK
437,010780,KR7010780005,아이에스동서,KOSPI,,18250,1,190,1.05,18160,18480,18160,32917,602565130,550912312000,30186976,STK
438,170920,KR7170920003,엘티씨,KOSDAQ,벤처기업부,51200,2,-3900,-7.08,56500,57800,51200,199949,10769127650,540883251200,10564126,KSQ
439,007700,KR7007700008,F&F홀딩스,KOSPI,,13790,2,-20,-0.14,13970,14400,13740,20682,286932305,539387120930,39114367,STK
440,067160,KR7067160002,SOOP,KOSDAQ GLOBAL,우량기업부,46900,1,1250,2.74,45800,47200,45700,36360,1698435425,539104572300,11494767,KSQ
441,225570,KR7225570001,넥슨게임즈,KOSDAQ,중견기업부,8170,1,40,0.49,8200,8360,8070,47649,388888780,538077621580,65860174,KSQ
442,399720,KR7399720002,가온칩스,KOSDAQ,벤처기업부,44950,2,-250,-0.55,46350,47050,44350,129869,5900907400,533055037800,11858844,KSQ
443,100840,KR7100840008,SNT에너지,KOSPI,,25700,1,2000,8.44,24200,25950,24200,75981,1918907400,531496123100,20680783,STK
444,003300,KR7003300001,한일홀딩스,KOSPI,,17230,1,390,2.32,17170,17450,16890,15970,274954740,531225780120,30831444,STK
445,044490,KR7044490001,태웅,KOSDAQ,우량기업부,26550,1,1900,7.71,25700,27000,25000,58659,1534752175,531195965550,20007381,KSQ
446,383310,KR7383310000,에코프로에이치엔,KOSDAQ,우량기업부,25300,1,850,3.48,25150,26100,25100,106607,2723409825,530665779600,20974932,KSQ
447,041960,KR7041960006,코미팜,KOSDAQ,벤처기업부,7180,1,100,1.41,7200,7380,7120,59957,435635250,530505034100,73886495,KSQ
448,178920,KR7178920005,PI첨단소재,KOSPI,,18010,1,500,2.86,17910,18250,17890,22658,408538660,528887459220,29366322,STK
449,112040,KR7112040001,위메이드,KOSDAQ,중견기업부,15550,1,160,1.04,15510,15970,15400,105154,1644023420,527898910650,33948483,KSQ
450,045100,KR7045100005,한양이엔지,KOSDAQ,우량기업부,30150,2,-50,-0.17,31300,31350,29700,64237,1963609050,527625000000,17500000,KSQ
451,000640,KR7000640003,동아쏘시오홀딩스,KOSPI,,78050,2,-850,-1.08,78900,79700,77800,7156,559801850,525473732350,6732527,STK
452,046890,KR7046890000,서울반도체,KOSDAQ GLOBAL,중견기업부,8960,1,180,2.05,9100,9250,8910,185125,1679038630,522416384000,58305400,KSQ
453,476060,KR7476060009,온코닉테라퓨틱스,KOSDAQ,기술성장기업부,11390,2,-110,-0.96,11450,11740,11260,383125,4404203570,517195297600,45407840,KSQ
454,016380,KR7016380008,KG스틸,KOSPI,,5130,1,60,1.18,5150,5220,5070,136229,703871460,513045641610,100008897,STK
455,001510,KR7001510007,SK증권,KOSPI,,2215,1,80,3.75,2190,2250,2180,1496923,3320320176,512318613275,231295085,STK
456,121600,KR7121600001,나노신소재,KOSDAQ,우량기업부,41700,1,1400,3.47,41150,42400,41150,30729,1282227125,511333364700,12262191,KSQ
457,059090,KR7059090001,미코,KOSDAQ,벤처기업부,15300,1,580,3.94,15610,16165,15120,107278,1669581390,511276703400,33416778,KSQ
458,160190,KR7160190005,하이젠알앤엠,KOSDAQ,투자주의환기종목(소속부없음),16410,1,1510,10.13,16110,17680,15810,160574,2678798410,506872080000,30888000,KSQ
459,336370,KR7336370002,솔루스첨단소재,KOSPI,,7210,1,380,5.56,7020,7290,7020,71033,510464660,506267050240,70217344,STK
460,101160,KR7101160000,월덱스,KOSDAQ,우량기업부,30600,1,1150,3.9,30400,31500,30400,60807,1876581300,505236385800,16510993,KSQ
461,086900,KR7086900008,메디톡스,KOSDAQ,우량기업부,69000,3,0,0.0,69300,71700,68700,16803,1174960800,503596293000,7298497,KSQ
462,448730,KR7448730002,삼성FN리츠,KOSPI,,5500,2,-20,-0.36,5540,5640,5470,16724,92520925,500775000000,91050000,STK
463,052020,KR7052020005,에스티큐브,KOSDAQ,투자주의환기종목(소속부없음),7360,1,130,1.8,7240,7920,7110,151451,1121977920,500357021760,67983291,KSQ
464,295310,KR7295310007,에이치브이엠,KOSDAQ,기술성장기업부,41150,1,2450,6.33,40500,42700,40450,70931,2944392000,495716808150,12046581,KSQ
465,001500,KR7001500008,현대차증권,KOSPI,,8000,1,200,2.56,7900,8040,7720,95978,761544100,494664352000,61833044,STK
466,058650,KR7058650003,세아홀딩스,KOSPI,,116600,2,-1200,-1.02,117800,118500,116400,272,31982100,494644717600,4242236,STK
467,056080,KR7056080005,유진로봇,KOSDAQ,중견기업부,12800,1,920,7.74,13240,13690,12510,1027320,13445410135,489414220800,38235486,KSQ
468,060250,KR7060250008,NHN KCP,KOSDAQ,우량기업부,12180,1,580,5.0,11850,12340,11850,140223,1709725760,489156241980,40160611,KSQ
469,290550,KR7290550003,디케이티,KOSDAQ,우량기업부,24200,1,2300,10.5,22850,24850,22100,473198,11276931000,484029766000,20001230,KSQ
470,006110,KR7006110001,삼아알미늄,KOSPI,,32000,1,1400,4.58,31200,32650,30600,117745,3704115825,483950560000,15123455,STK
471,124500,KR7124500000,아이티센글로벌,KOSDAQ,우량기업부,20850,1,1500,7.75,20250,21350,20200,93672,1944650175,483814387950,23204527,KSQ
472,003545,KR7003541000,대신증권우,KOSPI,,19840,1,300,1.54,19600,19930,19600,28502,565656895,483765346560,24383334,STK
473,005810,KR7005810007,풍산홀딩스,KOSPI,,33550,1,350,1.05,33500,33900,33450,17830,600587700,483700146600,14417292,STK
474,001530,KR7001530005,DI동일,KOSPI,,23300,1,750,3.33,22950,23500,22750,6551,152551325,482673969300,20715621,STK
475,475960,KR7475960001,토모큐브,KOSDAQ,기술성장기업부,36000,3,0,0.0,37000,37200,35000,30573,1101228475,481797864000,13383274,KSQ
476,009410,KR7009410002,태영건설,KOSPI,,1615,1,38,2.41,1580,1634,1580,237896,383405618,480607975970,297590078,STK
477,033500,KR7033500000,동성화인텍,KOSDAQ,우량기업부,16000,1,550,3.56,15880,16140,15760,68246,1088962040,479831904000,29989494,KSQ
478,251970,KR7251970000,펌텍코리아,KOSDAQ GLOBAL,우량기업부,38600,2,-900,-2.28,39450,40300,38300,30243,1180658900,478640000000,12400000,KSQ
479,211050,KR7211050000,인카금융서비스,KOSDAQ,우량기업부,9700,2,-230,-2.32,9760,9970,9620,37852,367933760,477857472900,49263657,KSQ
480,456160,KR7456160001,지투지바이오,KOSDAQ,기술성장기업부,28650,1,350,1.24,28600,29800,28400,67024,1943275525,476433054900,16629426,KSQ
481,064290,KR7064290000,인텍플러스,KOSDAQ,중견기업부,36900,1,650,1.79,38200,40500,36750,181789,6995017550,475182628200,12877578,KSQ
482,219130,KR7219130002,타이거일렉,KOSDAQ,벤처기업부,75200,2,-700,-0.92,76000,78500,72700,20053,1519889500,474834608000,6314290,KSQ
483,284740,KR7284740008,쿠쿠홈시스,KOSPI,,21050,2,-100,-0.47,21200,21400,20950,5062,106629250,472305796500,22437330,STK
484,039130,KR7039130000,하나투어,KOSPI,,30400,1,250,0.83,30250,30650,30100,16828,511769250,470893932800,15489932,STK
485,079900,KR7079900007,전진건설로봇,KOSPI,,32100,1,2150,7.18,31400,32450,31400,37429,1195729500,468420694500,14592545,STK
486,358570,KR7358570000,지아이이노베이션,KOSDAQ,기술성장기업부,7260,1,390,5.68,6930,7420,6910,291479,2100892005,468386203560,64516006,KSQ
487,034310,KR7034310003,NICE,KOSPI,,12730,1,80,0.63,12640,13040,12620,46465,593279520,467918608610,36757157,STK
488,126340,KR7126340009,비나텍,KOSDAQ,벤처기업부,65000,1,9200,16.49,60000,66700,58500,128951,8235403900,466726910000,7180414,KSQ
489,015750,KR7015750003,성우하이텍,KOSDAQ,우량기업부,5820,1,230,4.11,5740,5920,5740,192205,1123781890,465600000000,80000000,KSQ
490,376300,KR7376300000,디어유,KOSDAQ,우량기업부,19560,1,460,2.41,19110,19900,19110,29642,578594995,464323221360,23738406,KSQ
491,033790,KR7033790007,피노,KOSDAQ,중견기업부,5570,1,280,5.29,5400,5770,5290,271672,1501030275,464102910590,83321887,KSQ
492,078130,KR7078130002,국일제지,KOSDAQ,중견기업부,4105,2,-5,-0.12,4000,4145,3970,78996,321490952,462800109635,112740587,KSQ
493,460930,KR7460930001,현대힘스,KOSDAQ,우량기업부,12990,1,240,1.88,12600,13050,12540,591596,7550006550,461283616290,35510671,KSQ
494,034950,KR7034950006,한국기업평가,KOSDAQ,우량기업부,101000,1,100,0.1,101000,102100,100700,457,46202800,458591914000,4540514,KSQ
495,005945,KR7005941000,NH투자증권우,KOSPI,,24300,1,100,0.41,24500,24900,24300,33663,825515400,458564522400,18870968,STK
496,035890,KR7035890003,서희건설,KOSDAQ,중견기업부,1995,1,79,4.12,1941,2005,1941,280071,555133573,458467871715,229808457,KSQ
497,008060,KR7008060006,대덕,KOSPI,,14610,1,40,0.27,14570,14760,14480,76333,1115590070,457104501780,31287098,STK
498,003280,KR7003280005,흥아해운,KOSPI,,1898,1,28,1.5,1884,1928,1832,11122913,21020217940,456326458302,240424899,STK
499,336570,KR7336570007,원텍,KOSDAQ,우량기업부,5090,1,70,1.39,5150,5260,5070,317442,1631259750,454438488140,89280646,KSQ
500,002240,KR7002240000,고려제강,KOSPI,,16740,1,300,1.82,16400,16900,16400,11573,193317960,451980000000,27000000,STK
501,005389,KR7005383005,현대차3우B,KOSPI,,193700,1,7900,4.25,186600,194900,186600,12561,2415010300,450827452400,2327452,STK
502,020000,KR7020000006,한섬,KOSPI,,20950,2,-700,-3.23,21700,21800,20750,43085,906044350,449943024300,21476994,STK
503,377740,KR7377740006,바이오노트,KOSPI,,4405,2,-30,-0.68,4440,4485,4395,49199,217708095,448808041440,101886048,STK
504,036810,KR7036810000,에프에스티,KOSDAQ,중견기업부,20650,1,300,1.47,20850,21400,20300,35420,735489575,447068142850,21649789,KSQ
505,425420,KR7425420007,티에프이,KOSDAQ,우량기업부,36150,1,550,1.54,37050,38000,35700,32415,1188835850,446350593150,12347181,KSQ
506,099190,KR7099190001,아이센스,KOSDAQ,중견기업부,15510,1,350,2.31,15400,15740,15330,21343,331056330,446025862590,28757309,KSQ
507,145990,KR7145990008,삼양사,KOSPI,,42950,2,-350,-0.81,43200,43850,42950,2831,122689150,442962634550,10313449,STK
508,082270,KR7082270000,젬백스,KOSDAQ,벤처기업부,10000,1,250,2.56,9810,10090,9630,94395,931049135,442692030000,44269203,KSQ
509,144960,KR7144960002,뉴파워프라즈마,KOSDAQ,우량기업부,10070,1,70,0.7,10210,10540,9920,1242650,12723650885,439984723680,43692624,KSQ
510,005250,KR7005250006,녹십자홀딩스,KOSPI,,9350,1,130,1.41,9330,9480,9280,38460,360487530,439713763500,47028210,STK
511,009520,KR7009520008,포스코엠텍,KOSDAQ GLOBAL,중견기업부,10530,1,320,3.13,10350,10690,10350,100585,1059578235,438497662590,41642703,KSQ
512,033640,KR7033640004,네패스,KOSDAQ,중견기업부,18990,1,310,1.66,19510,19900,18740,75949,1462028300,437894245980,23059202,KSQ
513,327260,KR7327260006,RF머트리얼즈,KOSDAQ,벤처기업부,48650,1,1200,2.53,51700,54300,48500,177793,8969268500,437613317750,8995135,KSQ
514,104830,KR7104830005,원익머트리얼즈,KOSDAQ,우량기업부,34700,1,750,2.21,34750,35700,34350,47080,1637978800,437497600000,12608000,KSQ
515,460860,KR7460860000,동국제강,KOSPI,,8800,1,410,4.89,8520,8850,8480,107656,934753380,436550549600,49608017,STK
516,000070,KR7000070003,삼양홀딩스,KOSPI,,56100,1,1600,2.94,55100,57000,54600,3583,200515500,435515015100,7763191,STK
517,249420,KR7249420001,일동제약,KOSPI,,13730,1,130,0.96,13720,13990,13570,42862,589252670,434393199960,31638252,STK
518,161000,KR7161000005,애경케미칼,KOSPI,,8850,1,200,2.31,8780,8960,8780,68338,606136995,430541074650,48648709,STK
519,214430,KR7214430001,아이쓰리시스템,KOSDAQ,우량기업부,58900,1,3200,5.75,55800,59200,55800,58120,3268785350,430394963500,7307215,KSQ
520,077360,KR7077360006,덕산하이메탈,KOSDAQ,벤처기업부,9400,2,-110,-1.16,9850,10030,9310,255277,2457394515,427107818800,45437002,KSQ
521,090435,KR7090431008,아모레퍼시픽우,KOSPI,,40400,1,850,2.15,39950,41000,39550,33992,1375486925,426536332000,10557830,STK
522,340570,KR7340570001,티앤엘,KOSDAQ,우량기업부,52000,2,-800,-1.52,54000,54800,51700,31577,1700281700,422656000000,8128000,KSQ
523,253590,KR7253590004,네오셈,KOSDAQ,우량기업부,9620,1,330,3.55,9630,9870,9470,145877,1412731510,422021357680,43869164,KSQ
524,004700,KR7004700001,조광피혁,KOSPI,,63400,2,-500,-0.78,64600,64600,63100,192,12223700,421555349200,6649138,STK
525,089890,KR7089890008,코세스,KOSDAQ,우량기업부,25200,1,3700,17.21,24900,27350,24200,404043,10419038775,417941042400,16584962,KSQ
526,014830,KR7014830004,유니드,KOSPI,,61600,1,1500,2.5,60800,62700,60300,14925,917638800,416884160000,6767600,STK
527,348370,KR7348370008,엔켐,KOSDAQ,중견기업부,18950,2,-820,-4.15,19980,20400,18660,178647,3445843445,415213317350,21910993,KSQ
528,003030,KR7003030004,세아제강지주,KOSPI,,100200,1,3100,3.19,97600,102400,97600,26389,2651874600,414994031400,4141657,STK
529,004690,KR7004690004,삼천리,KOSPI,,114000,1,2100,1.88,113000,115500,112100,6400,730727000,413452578000,3626777,STK
530,072710,KR7072710007,농심홀딩스,KOSPI,,89000,1,1600,1.83,87000,89700,87000,2823,250065500,412763310000,4637790,STK
531,417310,KR7417310000,코람코더원리츠,KOSPI,,10210,2,-50,-0.49,10340,10340,10160,89670,915906875,412484000000,40400000,STK
532,160980,KR7160980009,싸이맥스,KOSDAQ,우량기업부,37650,2,-250,-0.66,40000,40450,36050,120390,4644634375,411297748950,10924243,KSQ
533,272290,KR7272290008,이녹스첨단소재,KOSDAQ GLOBAL,우량기업부,20600,1,500,2.49,20550,21150,20400,72909,1510700975,410712685400,19937509,KSQ
534,330860,KR7330860008,네패스아크,KOSDAQ,중견기업부,33600,2,-550,-1.61,35400,35900,33050,98244,3370615000,409383912000,12184045,KSQ
535,001200,KR7001200005,유진투자증권,KOSPI,,4210,1,80,1.94,4200,4290,4155,356741,1508099425,407807619780,96866418,STK
536,389470,KR7389470006,인벤티지랩,KOSDAQ,기술성장기업부,30550,2,-350,-1.13,31000,31800,30350,22854,710038725,406550479400,13307708,KSQ
537,019170,KR7019170000,신풍제약,KOSPI,,7720,1,30,0.39,7620,7820,7620,32094,247764830,404670989840,52418522,STK
538,027360,KR7027360007,아주IB투자,KOSDAQ,중견기업부,3320,1,130,4.08,3280,3400,3280,429220,1435168644,402202747920,121145406,KSQ
539,174900,KR7174900001,앱클론,KOSDAQ,벤처기업부,20150,1,280,1.41,20050,20700,19860,62317,1260612670,402035399350,19952129,KSQ
540,002990,KR7002990000,금호건설,KOSPI,,10790,1,500,4.86,10050,11920,10010,6676097,74858949700,402035119460,37259974,STK
541,278280,KR7278280003,천보,KOSDAQ,중견기업부,32750,1,750,2.34,32600,33500,32500,9581,315224350,401286568750,12253025,KSQ
542,215200,KR7215200007,메가스터디교육,KOSDAQ,우량기업부,38600,1,900,2.39,37250,38800,37250,13120,502633050,400097337600,10365216,KSQ
543,029530,KR7029530003,신도리코,KOSPI,,41050,2,-100,-0.24,41200,41700,40850,2092,85871000,398830675450,9715729,STK
544,368770,KR7368770004,파이버프로,KOSDAQ,벤처기업부,12050,1,570,4.97,11740,12340,11740,60593,731784280,395893411250,32854225,KSQ
545,018290,KR7018290007,브이티,KOSDAQ,우량기업부,11240,1,50,0.45,11270,11420,11110,107626,1206516235,392746259120,34941838,KSQ
546,348340,KR7348340001,뉴로메카,KOSDAQ,기술성장기업부,31550,1,2300,7.86,32750,34550,31500,244576,7986089825,391508714050,12409151,KSQ
547,357120,KR7357120005,코람코라이프인프라리츠,KOSPI,,4015,2,-10,-0.25,4030,4055,3995,19397,78122683,390801446310,97335354,STK
548,030520,KR7030520001,한글과컴퓨터,KOSDAQ,우량기업부,16160,1,350,2.21,15920,16540,15920,42257,686991695,390744663040,24179744,KSQ
549,477850,KR7477850002,마키나락스,KOSDAQ,기술성장기업부,21950,1,2290,11.65,20100,23100,19210,2874681,61309666015,389716455200,17754736,KSQ
550,002810,KR7002810000,삼영무역,KOSPI,,21100,2,-200,-0.94,21500,22300,21100,9809,213312300,389652602800,18466948,STK
551,031430,KR7031430002,신세계인터내셔날,KOSPI,,11110,2,-210,-1.86,11330,11570,11100,77161,867340370,388694460000,34986000,STK
552,015360,KR7015360001,INVENI,KOSPI,,14180,1,60,0.42,14120,14480,14120,9856,139955070,386405000000,27250000,STK
553,365340,KR7365340009,성일하이텍,KOSDAQ,기술성장기업부,29900,1,550,1.87,30300,30850,29500,49499,1480771325,386341338500,12921115,KSQ
554,042000,KR7042000000,카페24,KOSDAQ,우량기업부,15970,1,360,2.31,15700,16170,15620,33963,538413475,386125358930,24178169,KSQ
555,016590,KR7016590002,신대양제지,KOSPI,,9580,1,410,4.47,9310,9580,9240,6171,57996720,386053115600,40297820,STK
556,452260,KR7452260003,한화갤러리아,KOSPI,,1990,1,58,3.0,1944,2020,1936,659484,1312006768,385780623900,193859610,STK
557,016610,KR7016610008,DB증권,KOSPI,,9070,1,300,3.42,8970,9140,8970,44448,402954280,384988748230,42446389,STK
558,033160,KR7033160003,엠케이전자,KOSDAQ,중견기업부,15840,2,-120,-0.75,16600,16850,15700,350618,5692668175,383240341440,24194466,KSQ
559,003000,KR7003000007,부광약품,KOSPI,,3850,1,95,2.53,3790,3925,3725,406825,1542174167,379858983350,98664671,STK
560,004710,KR7004710000,한솔테크닉스,KOSPI,,9320,1,130,1.41,9470,9700,8930,493226,4617250435,378667098440,40629517,STK
561,041190,KR7041190000,우리기술투자,KOSDAQ,우량기업부,4500,1,135,3.09,4480,4590,4465,274269,1241976646,378000000000,84000000,KSQ
562,095660,KR7095660007,네오위즈,KOSDAQ,우량기업부,17370,1,220,1.28,17230,17660,17120,26529,458557050,375825292830,21636459,KSQ
563,069080,KR7069080000,웹젠,KOSDAQ GLOBAL,우량기업부,12110,1,100,0.83,12030,12300,11940,86588,1046291530,375005223250,30966575,KSQ
564,348210,KR7348210006,넥스틴,KOSDAQ,우량기업부,35450,1,300,0.85,36050,37200,35000,36707,1318073825,371409827250,10477005,KSQ
565,200710,KR7200710002,에이디테크놀로지,KOSDAQ,중견기업부,27550,1,350,1.29,28500,28800,27050,86746,2419799275,370878292850,13462007,KSQ
566,027410,KR7027410000,BGF,KOSPI,,3870,3,0,0.0,3880,3945,3820,28694,111666430,370423981170,95716791,STK
567,271940,KR7271940009,일진하이솔루스,KOSPI,,10130,1,380,3.9,10070,10310,9920,34493,347403785,367852614700,36313190,STK
568,002030,KR7002030005,아세아,KOSPI,,178100,1,1600,0.91,175200,179900,174600,2630,464788100,366681541200,2058852,STK
569,344820,KR7344820006,KCC글라스,KOSPI,,22900,1,400,1.78,22900,23200,22650,13354,307315700,365724724800,15970512,STK
570,013030,KR7013030002,하이록코리아,KOSDAQ,우량기업부,31000,1,500,1.64,30650,31250,30650,19906,617069850,364812464000,11768144,KSQ
571,039440,KR7039440003,에스티아이,KOSDAQ,우량기업부,23400,1,200,0.86,24150,24500,23350,58211,1395973350,362864899800,15507047,KSQ
572,306200,KR7306200007,세아제강,KOSPI,,127700,1,2500,2.0,127900,145000,124800,4981,645615500,362195510000,2836300,STK
573,486990,KR7486990005,노타,KOSDAQ,기술성장기업부,16860,1,770,4.79,16790,17170,16520,91341,1536901925,359897437800,21346230,KSQ
574,089010,KR7089010003,켐트로닉스,KOSDAQ,우량기업부,21400,1,650,3.13,21400,21850,21100,51235,1100396500,358878577800,16770027,KSQ
575,001940,KR7001940006,KISCO홀딩스,KOSPI,,25300,1,150,0.6,25450,26500,25100,12996,331731900,358662414000,14176380,STK
576,005950,KR7005950001,이수화학,KOSPI,,13630,1,1030,8.17,12810,13800,12810,296196,3984488705,358389523470,26294169,STK
577,009900,KR7009900002,명신산업,KOSPI,,6820,1,170,2.56,6790,6970,6790,100310,688571890,357846307060,52470133,STK
578,003800,KR7003800000,에이스침대,KOSDAQ,우량기업부,32200,1,250,0.78,32400,32500,32050,733,23675700,357098000000,11090000,KSQ
579,025980,KR7025980004,아난티,KOSDAQ,우량기업부,3670,2,-15,-0.41,3695,3760,3595,476271,1746767109,357094633300,97300990,KSQ
580,105630,KR7105630008,한세실업,KOSPI,,8900,2,-40,-0.45,8910,9090,8880,26727,238942460,356000000000,40000000,STK
581,017900,KR7017900002,광전자,KOSPI,,6110,1,390,6.82,6080,6500,5900,1473045,9220046465,354036391930,57943763,STK
582,381970,KR7381970003,케이카,KOSPI,,7250,1,10,0.14,7250,7320,7200,40148,291037000,353951148000,48820848,STK
583,078020,KR7078020005,LS증권,KOSDAQ,우량기업부,6360,1,30,0.47,6440,6490,6350,24537,157060405,352860368400,55481190,KSQ
584,130660,KR7130660004,한전산업,KOSPI,,10820,1,440,4.24,10450,10970,10450,68681,744092835,352732000000,32600000,STK
585,005420,KR7005420005,코스모화학,KOSPI,,9180,1,410,4.68,9030,9300,9030,79081,728430255,352587533040,38408228,STK
586,403550,KR7403550007,쏘카,KOSPI,,9290,2,-270,-2.82,9520,9700,9030,46333,426303870,352462061180,37939942,STK
587,092230,KR7092230002,KPX홀딩스,KOSPI,,83100,1,1000,1.22,82200,83300,82100,1541,127903300,351068082600,4224646,STK
588,007690,KR7007690001,국도화학,KOSPI,,37900,2,-950,-2.45,39500,39700,37900,16147,624676700,350985532800,9260832,STK
589,372320,KR7372320002,큐로셀,KOSDAQ,기술성장기업부,23000,1,900,4.07,22200,23200,22200,23236,529955800,350196114000,15225918,KSQ
590,060980,KR7060980000,HL홀딩스,KOSPI,,38300,1,500,1.32,38150,39100,38150,17659,684129200,347719840100,9078847,STK
591,006220,KR7006220008,제주은행,KOSPI,,9170,2,-10,-0.11,9200,9390,9130,122240,1124549625,346612767690,37798557,STK
592,036620,KR7036620003,감성코퍼레이션,KOSDAQ,우량기업부,3780,2,-55,-1.43,3855,3900,3760,315499,1198954645,339681928320,89862944,KSQ
593,089590,KR7089590004,제주항공,KOSPI,,4205,1,35,0.84,4185,4270,4185,32515,137311487,339095341925,80640985,STK
594,060280,KR7060280005,큐렉소,KOSDAQ,중견기업부,8180,1,370,4.74,8060,8420,8060,175297,1442271975,337505082200,41259790,KSQ
595,104700,KR7104700000,한국철강,KOSPI,,9250,1,20,0.22,9240,9490,9240,8986,83237240,337162500000,36450000,STK
596,114810,KR7114810005,한솔아이원스,KOSDAQ,우량기업부,11980,1,330,2.83,12130,12350,11780,95080,1143857255,337155224520,28143174,KSQ
597,170900,KR7170900005,동아에스티,KOSPI,,34550,3,0,0.0,34500,35300,34450,6159,214192400,336096146450,9727819,STK
598,199800,KR7199800004,툴젠,KOSDAQ,기술성장기업부,37150,1,1000,2.77,36200,37600,36200,15286,564340275,334261917350,8997629,KSQ
599,236200,KR7236200002,슈프리마,KOSDAQ,우량기업부,47900,1,600,1.27,47800,48500,47450,11302,543061625,334069496900,6974311,KSQ
600,017810,KR7017810003,풀무원,KOSPI,,8750,2,-20,-0.23,8780,8860,8680,30013,262357380,333554742500,38120542,STK
601,194370,KR7194370003,제이에스코퍼레이션,KOSPI,,11490,1,140,1.23,11430,11680,11210,34084,390432365,333402549420,29016758,STK
602,332570,KR7332570001,PS일렉트로닉스,KOSDAQ,우량기업부,7120,1,470,7.07,6980,7220,6880,6002853,42241319385,332586328560,46711563,KSQ
603,110990,KR7110990009,디아이티,KOSDAQ,우량기업부,17580,1,620,3.66,17560,18050,17370,45758,809860685,332262000000,18900000,KSQ
604,356860,KR7356860007,티엘비,KOSDAQ,우량기업부,33650,1,150,0.45,35400,37100,33400,175269,6187362450,330867999500,9832630,KSQ
605,168360,KR7168360006,펨트론,KOSDAQ,벤처기업부,14670,1,840,6.07,14870,15700,14500,38674,580632020,328498811190,22392557,KSQ
606,241770,KR7241770007,메카로,KOSDAQ,우량기업부,32200,1,2150,7.15,30300,32300,30300,13661,431342975,328203008000,10192640,KSQ
607,217590,KR7217590009,티엠씨,KOSPI,,13610,1,310,2.33,13600,13930,13310,922618,12540759270,327922402250,24094225,STK
608,183190,KR7183190008,아세아시멘트,KOSPI,,9100,1,150,1.68,9010,9140,9010,9339,84944490,327402275200,35978272,STK
609,145720,KR7145720009,덴티움,KOSPI,,37850,1,50,0.13,38150,38600,37650,9649,367149000,326414274350,8623891,STK
610,008730,KR7008730004,율촌화학,KOSPI,,13160,1,330,2.57,12950,13340,12950,39015,515032050,326368000000,24800000,STK
611,025320,KR7025320003,시노펙스,KOSDAQ,우량기업부,3515,2,-40,-1.13,3645,3700,3485,695627,2478522942,323951022295,92162453,KSQ
612,448900,KR7448900001,한국피아이엠,KOSDAQ,기술성장기업부,53300,1,10400,24.24,48000,53450,47100,159404,8114385575,323768558100,6074457,KSQ
613,078160,KR7078160009,메디포스트,KOSDAQ,벤처기업부,8200,1,140,1.74,8390,8460,8000,55166,452227490,321477744600,39204603,KSQ
614,049070,KR7049070006,인탑스,KOSDAQ,우량기업부,19460,1,1020,5.53,19300,19650,18830,324071,6256890950,320401252220,16464607,KSQ
615,000157,KR7000152009,두산2우B,KOSPI,,358000,1,45000,14.38,328000,369500,328000,1080,379544000,319707604000,893038,STK
616,005610,KR7005610001,삼립,KOSPI,,37050,1,300,0.82,36750,37250,36750,558,20606150,319704783450,8629009,STK
617,029460,KR7029460003,케이씨,KOSPI,,29000,1,500,1.75,29300,29700,28600,15424,447635600,319595515000,11020535,STK
618,126560,KR7126560002,현대퓨처넷,KOSPI,,2925,3,0,0.0,2910,3000,2900,40731,119094960,319413042000,109201040,STK
619,006910,KR7006910004,보성파워텍,KOSDAQ,우량기업부,6490,1,280,4.51,6350,6600,6330,391490,2550685485,318852557760,49129824,KSQ
620,101930,KR7101930006,인화정공,KOSDAQ,우량기업부,6940,1,340,5.15,6750,6990,6610,19121,130910020,317121016740,45694671,KSQ
621,204620,KR7204620009,글로벌텍스프리,KOSDAQ,우량기업부,4505,1,15,0.33,4520,4617,4420,374185,1680267252,316626401650,70283330,KSQ
622,005720,KR7005720008,넥센,KOSPI,,5980,1,80,1.36,6000,6000,5810,10967,65140085,314212982460,52543977,STK
623,356680,KR7356680009,엑스게이트,KOSDAQ,벤처기업부,10980,1,750,7.33,10600,11080,10530,408148,4411332995,313407542160,28543492,KSQ
624,078350,KR7078350006,한양디지텍,KOSDAQ,우량기업부,20550,1,900,4.58,20700,21100,20350,32080,666981050,313272050100,15244382,KSQ
625,011930,KR7011930005,신성이엔지,KOSPI,,15370,1,450,3.02,15180,15660,15180,105636,1633110320,312106017340,20306182,STK
626,419530,KR7419530001,SAMG엔터,KOSDAQ,기술성장기업부,30550,1,1900,6.63,29200,31750,28700,126487,3881739675,311834145350,10207337,KSQ
627,101730,KR7101730000,위메이드맥스,KOSDAQ,중견기업부,3720,2,-135,-3.5,3760,3835,3670,213287,797223369,311748223920,83803286,KSQ
628,097520,KR7097520001,엠씨넥스,KOSPI,,17900,1,540,3.11,17720,17950,17660,32759,582747880,311486850000,17401500,STK
629,287840,KR7287840003,인투셀,KOSDAQ,기술성장기업부,20650,1,880,4.45,20200,20950,20000,34482,703810150,310203474000,15021960,KSQ
630,084110,KR7084110006,휴온스글로벌,KOSDAQ,우량기업부,24450,1,350,1.45,24150,24800,23800,16973,412121700,309532403400,12659812,KSQ
631,064260,KR7064260003,다날,KOSDAQ,중견기업부,4085,1,140,3.55,4130,4250,4020,499836,2075868155,309011691845,75645457,KSQ
632,002020,KR7002020006,코오롱,KOSPI,,23900,1,300,1.27,23300,25350,23300,428107,10461796675,308493552000,12907680,STK
633,016800,KR7016800005,퍼시스,KOSPI,,26750,2,-400,-1.47,27200,27400,26750,384,10425600,307625000000,11500000,STK
634,012030,KR7012030003,DB,KOSPI,,1525,1,71,4.88,1467,1547,1467,315600,477972468,306790247825,201173933,STK
635,950210,KR8702070002,프레스티지바이오파마,KOSPI,,5100,1,70,1.39,5020,5150,4960,29213,147404590,306490390500,60096155,STK
636,02826K,KR702826K016,삼성물산우B,KOSPI,,208000,1,10800,5.48,205000,212000,202500,3063,640741500,305258720000,1467590,STK
637,037710,KR7037710001,광주신세계,KOSPI,,39750,1,600,1.53,39150,40450,39050,80421,3204248350,303180087000,7627172,STK
638,006405,KR7006401004,삼성SDI우,KOSPI,,187000,1,3700,2.02,185100,190900,185100,3450,646178150,302546552000,1617896,STK
639,004430,KR7004430005,송원산업,KOSPI,,12560,1,480,3.97,12120,12860,12120,167642,2105739765,301440000000,24000000,STK
640,243070,KR7243070000,휴온스,KOSDAQ,우량기업부,25150,2,-400,-1.57,25650,25900,25000,8949,225243475,301288574750,11979665,KSQ
641,078340,KR7078340007,컴투스,KOSDAQ GLOBAL,중견기업부,24900,1,400,1.63,24550,25400,24550,22699,564439350,301073693700,12091313,KSQ
642,092730,KR7092730001,네오팜,KOSDAQ,우량기업부,18720,2,-520,-2.7,19410,19580,18670,56653,1066366695,300043954080,16027989,KSQ
643,126720,KR7126720002,수산인더스트리,KOSPI,,21000,1,600,2.94,20750,21200,20650,16643,348699250,300006000000,14286000,STK
644,018250,KR7018250001,애경산업,KOSPI,,11340,1,20,0.18,11320,11500,11260,21376,242509560,299488662900,26409935,STK
645,036890,KR7036890002,진성티이씨,KOSDAQ,우량기업부,13520,1,520,4.0,13170,13570,13070,43278,579620290,297881062960,22032623,KSQ
646,011760,KR7011760006,현대코퍼레이션,KOSPI,,22450,1,450,2.05,22150,22650,22150,10988,247020200,296990286700,13228966,STK
647,125490,KR7125490003,한라캐스트,KOSDAQ,벤처기업부,8120,1,710,9.58,8120,8800,7620,2026869,16613083925,296399098240,36502352,KSQ
648,0120G0,KR70120G0001,삼양바이오팜,KOSPI,,39850,2,-200,-0.5,40400,41800,38900,19469,779099350,296319419500,7435870,STK
649,200880,KR7200880003,서연이화,KOSPI,,10910,1,450,4.3,10690,11120,10690,47672,521467840,294880247670,27028437,STK
650,009290,KR7009290008,광동제약,KOSPI,,5920,1,40,0.68,5930,6030,5900,103751,618548430,294814863360,49799808,STK
651,042520,KR7042520007,한스바이오메드,KOSDAQ,벤처기업부,20650,2,-650,-3.05,21300,21750,19930,117401,2395312040,294497228550,14261367,KSQ
652,026890,KR7026890004,스틱인베스트먼트,KOSPI,,7565,2,-605,-7.41,8230,8230,7560,70323,545866925,293301381905,38770837,STK
653,009160,KR7009160003,SIMPAC,KOSPI,,4485,1,150,3.46,4330,4485,4315,163491,723047330,293188791480,65370968,STK
654,069540,KR7069540003,빛과전자,KOSDAQ,벤처기업부,2600,1,200,8.33,2530,2875,2510,16350111,44203050289,292998932200,112691897,KSQ
655,079370,KR7079370003,제우스,KOSDAQ,우량기업부,9400,1,290,3.18,9320,9590,9210,160746,1516770220,291559706000,31016990,KSQ
656,265520,KR7265520007,AP시스템,KOSDAQ,우량기업부,19360,1,230,1.2,19570,19830,19200,48274,941016700,291383894560,15050821,KSQ
657,024720,KR7024720005,콜마홀딩스,KOSPI,,8480,1,40,0.47,8460,8590,8410,16187,137179890,290832276320,34296259,STK
658,091810,KR7091810002,트리니티항공,KOSPI,,569,2,-5,-0.87,574,584,567,385815,220751827,290491831171,510530459,STK
659,228760,KR7228760005,지노믹트리,KOSDAQ,기술성장기업부,11680,2,-110,-0.93,11930,12090,11380,63136,733939760,290355479360,24859202,KSQ
660,025770,KR7025770009,한국정보통신,KOSDAQ,우량기업부,7740,2,-30,-0.39,7740,7980,7690,24377,189173460,289818657540,37444271,KSQ
661,092790,KR7092790005,넥스틸,KOSPI,,11140,1,220,2.01,11100,11290,11000,136674,1528157410,289662280000,26002000,STK
662,002310,KR7002310001,아세아제지,KOSPI,,7330,2,-10,-0.14,7350,7450,7250,24251,178042990,289164908300,39449510,STK
663,025860,KR7025860008,남해화학,KOSPI,,5820,1,60,1.04,5770,5860,5740,245808,1427196280,289130866260,49678843,STK
664,091700,KR7091700005,파트론,KOSDAQ,우량기업부,5770,1,100,1.76,5680,5830,5680,56225,325032610,288500000000,50000000,KSQ
665,108670,KR7108670001,LX하우시스,KOSPI,,32100,1,650,2.07,32150,32500,31900,8456,273314150,287862207000,8967670,STK
666,025900,KR7025900002,동화기업,KOSDAQ,중견기업부,5690,1,230,4.21,5550,5720,5510,52839,298567010,287670951650,50557285,KSQ
667,117730,KR7117730002,티로보틱스,KOSDAQ,벤처기업부,12700,1,1000,8.55,13150,13580,12570,262273,3411103810,286487146100,22558043,KSQ
668,121440,KR7121440002,골프존홀딩스,KOSDAQ,우량기업부,6680,1,20,0.3,6660,6680,6650,370204,2467943740,286149944240,42836818,KSQ
669,010690,KR7010690006,화신,KOSPI,,8190,1,450,5.81,8110,8420,8080,399099,3295265995,285998157900,34920410,STK
670,096760,KR7096760004,JW홀딩스,KOSPI,,3860,1,45,1.18,3815,3875,3805,36166,139378070,285350276120,73924942,STK
671,064820,KR7064820004,케이프,KOSDAQ,우량기업부,9210,2,-30,-0.32,8900,9280,8890,223424,2021244345,284222580150,30860215,KSQ
672,192650,KR7192650000,드림텍,KOSPI,,4310,1,35,0.82,4360,4460,4310,202532,887933563,283972232990,65886829,STK
673,136480,KR7136480001,하림,KOSDAQ,우량기업부,2665,1,20,0.76,2660,2690,2650,230315,614720864,283048855830,106209702,KSQ
674,206650,KR7206650004,유바이오로직스,KOSDAQ,우량기업부,7700,1,80,1.05,7640,7790,7640,60563,467297500,282992763900,36752307,KSQ
675,105840,KR7105840003,우진,KOSPI,,14010,1,980,7.52,13420,14100,13420,70985,982180995,282969356700,20197670,STK
676,015860,KR7015860000,일진홀딩스,KOSPI,,5720,1,240,4.38,5590,5770,5590,83166,476033650,282267602760,49347483,STK
677,389650,KR7389650003,넥스트바이오메디컬,KOSDAQ,기술성장기업부,34050,1,100,0.29,34200,34950,32950,36562,1236197150,281841588300,8277286,KSQ
678,010820,KR7010820009,퍼스텍,KOSPI,,5770,1,270,4.91,5630,5850,5560,333292,1919513210,281414082260,48771938,STK
679,035810,KR7035810001,이지홀딩스,KOSDAQ,우량기업부,4360,1,5,0.11,4355,4420,4350,69451,303142295,281290566600,64516185,KSQ
680,441270,KR7441270006,파인엠텍,KOSDAQ,벤처기업부,6690,2,-140,-2.05,6960,7240,6680,147172,1004744085,281274674430,42044047,KSQ
681,482630,KR7482630001,삼양엔씨켐,KOSDAQ,중견기업부,12850,1,500,4.05,12800,13230,12740,154934,2020533820,281264398000,21888280,KSQ
682,215600,KR7215600008,신라젠,KOSDAQ,중견기업부,2030,1,10,0.5,2025,2100,2025,196291,400873853,281263734920,138553564,KSQ
683,034830,KR7034830000,한국토지신탁,KOSPI,,1110,1,19,1.74,1099,1115,1091,113099,125391655,280263045300,252489230,STK
684,024850,KR7024850000,HLB이노베이션,KOSDAQ,중견기업부,8790,1,40,0.46,8760,9020,8170,224453,1902606385,279113651760,31753544,KSQ
685,001390,KR7001390004,KG케미칼,KOSPI,,4120,1,105,2.62,4025,4145,4025,74701,305928692,277000083600,67233030,STK
686,107640,KR7107640005,한중엔시에스,KOSDAQ,기술성장기업부,30500,1,1750,6.09,29600,30550,29400,27619,827822725,276480853000,9064946,KSQ
687,017890,KR7017890005,한국알콜,KOSDAQ,우량기업부,13310,1,140,1.06,13400,13900,13260,61341,837223975,275164364860,20673506,KSQ
688,200670,KR7200670008,휴메딕스,KOSDAQ,우량기업부,24500,1,150,0.62,24800,25250,24400,13552,335029950,275133285000,11229930,KSQ
689,003960,KR7003960002,사조대림,KOSPI,,29950,1,400,1.35,29550,29950,29200,6998,207227050,274475786650,9164467,STK
690,080580,KR7080580004,오킨스전자,KOSDAQ,벤처기업부,12990,1,300,2.36,13200,13630,12790,61701,812837665,273971505450,21090955,KSQ
691,010955,KR7010951002,S-Oil우,KOSPI,,68000,1,100,0.15,67900,69200,65600,6959,472284350,273491036000,4021927,STK
692,017390,KR7017390006,서울가스,KOSPI,,55200,1,500,0.91,55500,55500,54600,1326,73125700,273240000000,4950000,STK
693,033270,KR7033270000,유나이티드제약,KOSPI,,17110,1,100,0.59,17190,17300,17040,12982,222579070,272233360250,15910775,STK
694,098070,KR7098070006,한텍,KOSDAQ,중견기업부,24450,1,1800,7.95,23300,24750,23300,26465,634097825,271911897450,11121141,KSQ
695,376270,KR7376270005,HEM파마,KOSDAQ,기술성장기업부,37700,2,-1700,-4.31,40300,40550,37400,12931,494292500,271786349900,7209187,KSQ
696,244920,KR7244920005,에이플러스에셋,KOSPI,,12010,1,640,5.63,11710,12560,11710,188692,2292667740,271518392930,22607693,STK
697,003120,KR7003120003,일성아이에스,KOSPI,,20350,1,150,0.74,20250,20350,20050,197,3992250,270655000000,13300000,STK
698,054950,KR7054950001,제이브이엠,KOSDAQ,우량기업부,22350,1,350,1.59,22450,22550,22150,5477,122495750,270209086200,12089892,KSQ
699,123890,KR7123890006,한국자산신탁,KOSPI,,2200,1,20,0.92,2220,2220,2180,57133,125553902,269222637200,122373926,STK
700,394280,KR7394280002,오픈엣지테크놀로지,KOSDAQ,기술성장기업부,10210,2,-40,-0.39,10560,10600,10100,39875,412510695,268998071300,26346530,KSQ
701,036800,KR7036800001,나이스정보통신,KOSDAQ,우량기업부,29500,1,500,1.72,29000,29950,29000,7828,229866750,268450000000,9100000,KSQ
702,309710,KR7309710002,아이티켐,KOSDAQ,관리종목(소속부없음),21000,0,0,0.0,0,0,0,0,0,268443021000,12783001,KSQ
703,417840,KR7417840006,저스템,KOSDAQ,벤처기업부,11730,2,-130,-1.1,12300,12860,11700,828658,10171046110,268257839130,22869381,KSQ
704,439090,KR7439090002,마녀공장,KOSDAQ,우량기업부,16290,2,-380,-2.28,16500,16650,16010,192776,3132179370,267046205400,16393260,KSQ
705,058430,KR7058430000,포스코스틸리온,KOSPI,,4440,1,75,1.72,4370,4530,4370,146816,656160461,266400000000,60000000,STK
706,047920,KR7047920004,HLB제약,KOSDAQ,기술성장기업부,8120,2,-550,-6.34,8300,8410,7820,438514,3546071105,266330770720,32799356,KSQ
707,005680,KR7005680004,삼영전자,KOSPI,,13280,1,290,2.23,13100,13480,13100,20052,266548950,265600000000,20000000,STK
708,455900,KR7455900001,엔젤로보틱스,KOSDAQ,기술성장기업부,17250,1,1300,8.15,17350,18360,17120,70104,1226212625,265528922250,15392981,KSQ
709,182400,KR7182400002,엔케이젠바이오텍코리아,KOSDAQ,관리종목(소속부없음),3670,0,0,0.0,0,0,0,0,0,265496721770,72342431,KSQ
710,002900,KR7002900009,TYM,KOSPI,,6380,1,160,2.57,6240,6430,6240,56683,359185850,264132000000,41400000,STK
711,092190,KR7092190008,서울바이오시스,KOSDAQ,투자주의환기종목(소속부없음),5740,1,140,2.5,5630,5960,5510,192506,1098223345,263284518420,45868383,KSQ
712,092460,KR7092460005,한라IMS,KOSDAQ,우량기업부,15370,1,570,3.85,15010,15500,15010,16802,256259680,262975781600,17109680,KSQ
713,272450,KR7272450008,진에어,KOSPI,,5030,1,50,1.0,4980,5080,4980,29700,149120120,262566000000,52200000,STK
714,389260,KR7389260001,대명에너지,KOSDAQ,우량기업부,14640,1,1480,11.25,13300,15420,13280,1062490,15638792100,262294998000,17916325,KSQ
715,084690,KR7084690007,대상홀딩스,KOSPI,,7190,1,60,0.84,7180,7310,7170,12700,91404650,260368148220,36212538,STK
716,051500,KR7051500007,CJ프레시웨이,KOSDAQ,우량기업부,21850,1,100,0.46,22150,22500,21700,6874,151226850,259394154100,11871586,KSQ
717,232530,KR7232530006,이엠티,KONEX,일반기업부,10100,1,100,1.0,10100,10100,9850,1210,12192200,258704470400,25614304,KNX
718,424870,KR7424870004,이뮨온시아,KOSDAQ,기술성장기업부,2830,1,5,0.18,2850,2915,2810,132585,380273525,258300521270,91272269,KSQ
719,001230,KR7001230002,동국홀딩스,KOSPI,,1654,1,32,1.97,1622,1676,1622,249798,414449419,257209760610,155507715,STK
720,061090,KR7061090007,세나테크놀로지,KOSDAQ,중견기업부,47000,1,4650,10.98,44900,48900,44400,73285,3458937750,256974850000,5467550,KSQ
721,035600,KR7035600006,KG이니시스,KOSDAQ,우량기업부,9320,1,30,0.32,9370,9430,9320,20641,193600155,256807324880,27554434,KSQ
722,084010,KR7084010008,대한제강,KOSPI,,7470,1,200,2.75,7310,7560,7280,20132,150247250,256755822120,34371596,STK
723,078520,KR7078520004,에이블씨엔씨,KOSPI,,9860,1,110,1.13,9750,9930,9630,63105,617168570,256499627460,26014161,STK
724,121800,KR7121800007,비덴트,KOSDAQ,관리종목(소속부없음),3320,0,0,0.0,0,0,0,0,0,256309348520,77201611,KSQ
725,023410,KR7023410004,유진기업,KOSDAQ,중견기업부,3300,1,40,1.23,3275,3345,3270,360047,1188708905,255125847900,77310863,KSQ
726,005430,KR7005430004,한국공항,KOSPI,,80500,1,1200,1.51,79100,82300,79100,2183,176791700,254891577500,3166355,STK
727,484590,KR7484590005,삼양컴텍,KOSDAQ,벤처기업부,6180,1,250,4.22,5990,6250,5990,115316,709362245,254680581000,41210450,KSQ
728,043150,KR7043150002,바텍,KOSDAQ,우량기업부,17110,1,330,1.97,16960,17160,16820,15749,268455245,254156320160,14854256,KSQ
729,317400,KR7317400000,자이에스앤디,KOSPI,,6540,1,540,9.0,6000,7090,5850,2094112,13841303900,253637680800,38782520,STK
730,151860,KR7151860004,KG에코솔루션,KOSDAQ,우량기업부,5320,1,130,2.5,5250,5490,5250,87451,468639190,253247970640,47603002,KSQ
731,377460,KR7377460001,큐에이드,KOSDAQ,관리종목(소속부없음),4080,0,0,0.0,0,0,0,0,0,253187202960,62055687,KSQ
732,267980,KR7267980001,매일유업,KOSDAQ,우량기업부,33000,1,700,2.17,32650,33900,32300,1409,46212825,252900054000,7663638,KSQ
733,003650,KR7003650009,미창석유,KOSPI,,144300,1,1400,0.98,142800,146900,141500,3374,487048200,251034669600,1739672,STK
734,352480,KR7352480008,씨앤씨인터내셔널,KOSDAQ,우량기업부,18380,2,-80,-0.43,18460,18850,18230,9010,165654330,250517580380,13629901,KSQ
735,393890,KR7393890009,더블유씨피,KOSDAQ,기술성장기업부,7400,2,-30,-0.4,7770,7770,7390,228369,1715924375,250439265600,33843144,KSQ
736,286940,KR7286940002,롯데이노베이트,KOSPI,,16550,1,330,2.03,16320,16660,16320,7951,131422380,250391023850,15129367,STK
737,001750,KR7001750009,한양증권,KOSPI,,19630,1,220,1.13,19980,20000,19480,2594,51229860,249861122420,12728534,STK
738,950170,KR8392080006,JTC,KOSDAQ,외국기업(소속부없음),4820,3,0,0.0,4825,4825,4780,41159,198090570,249417397360,51746348,KSQ
739,314930,KR7314930009,바이오다인,KOSDAQ,기술성장기업부,8370,1,140,1.7,8200,8520,8170,20783,172838605,249125542110,29764103,KSQ
740,064850,KR7064850001,에프앤가이드,KOSDAQ,벤처기업부,21750,1,1000,4.82,21000,23100,21000,61495,1365059250,248174721000,11410332,KSQ
741,003920,KR7003920006,남양유업,KOSPI,,41300,1,450,1.1,40600,42150,40600,413,17059600,247800000000,6000000,STK
742,493280,KR7493280002,아이엠바이오로직스,KOSDAQ,기술성장기업부,16680,1,160,0.97,16880,17010,16110,66105,1096035360,247473637320,14836549,KSQ
743,215000,KR7215000001,골프존,KOSDAQ,우량기업부,39300,1,350,0.9,39300,39850,39000,27935,1104440475,246623809500,6275415,KSQ
744,0011T0,KR70011T0008,채비,KOSDAQ,기술성장기업부,5240,1,210,4.17,5130,5350,5030,166981,877737760,246015856840,46949591,KSQ
745,067630,KR7067630004,HLB생명과학,KOSDAQ,투자주의환기종목(소속부없음),2005,2,-40,-1.96,2010,2060,1912,409648,806187623,244443701290,121917058,KSQ
746,065680,KR7065680001,우주일렉트로,KOSDAQ,우량기업부,26350,1,800,3.13,26350,27500,25900,33482,886194550,243486410850,9240471,KSQ
747,481070,KR7481070001,에이유브랜즈,KOSDAQ,중견기업부,16950,1,750,4.63,16200,17010,16200,11118,183847740,242897737500,14330250,KSQ
748,036200,KR7036200004,유니셈,KOSDAQ,우량기업부,7900,1,70,0.89,8170,8260,7840,128820,1033705115,242247361700,30664223,KSQ
749,122900,KR7122900004,아이마켓코리아,KOSPI,,7240,2,-30,-0.41,7330,7350,7230,32481,236031700,242024801600,33428840,STK
750,004360,KR7004360004,세방,KOSPI,,12630,1,190,1.53,12490,12720,12490,12030,152000210,241430065890,19115603,STK
751,060720,KR7060720000,KH바텍,KOSDAQ,중견기업부,10170,1,740,7.85,10010,11410,10000,1917363,20592477125,240799585140,23677442,KSQ
752,008490,KR7008490005,서흥,KOSPI,,20750,2,-250,-1.19,20900,21100,20600,16289,340408750,240059094750,11569113,STK
753,051360,KR7051360006,토비스,KOSDAQ,우량기업부,16090,0,0,0.0,0,0,0,0,0,240028093870,14917843,KSQ
754,468530,KR7468530001,프로티나,KOSDAQ,기술성장기업부,21750,3,0,0.0,21800,22300,21350,18810,413430825,240015774000,11035208,KSQ
755,234340,KR7234340008,헥토파이낸셜,KOSDAQ,우량기업부,17080,1,690,4.21,17020,17660,16810,143323,2461359060,238618804480,13970656,KSQ
756,052710,KR7052710001,아모텍,KOSDAQ,중견기업부,16320,2,-640,-3.77,17410,18100,16310,253521,4288472800,238476750720,14612546,KSQ
757,334890,KR7334890001,이지스밸류플러스리츠,KOSPI,,3425,2,-10,-0.29,3440,3450,3410,47719,163363525,237861739275,69448683,STK
758,085910,KR7085910008,네오티스,KOSDAQ,중견기업부,17240,2,-540,-3.04,18120,18550,17050,73404,1292287525,237822662320,13794818,KSQ
759,138080,KR7138080007,오이솔루션,KOSDAQ,벤처기업부,19210,1,880,4.8,19250,19560,18770,97268,1872236520,237776731180,12377758,KSQ
760,200130,KR7200130003,콜마비앤에이치,KOSDAQ GLOBAL,우량기업부,8070,2,-10,-0.12,8120,8230,8060,24327,197235170,237383553060,29415558,KSQ
761,005500,KR7005500004,삼진제약,KOSPI,,17760,1,10,0.06,17840,18140,17740,34428,616721450,236563200000,13320000,STK
762,002710,KR7002710002,TCC스틸,KOSPI,,9010,1,440,5.13,8770,9100,8770,36059,324597820,236185409970,26213697,STK
763,900140,KYG5307W1015,엘브이엠씨홀딩스,KOSPI,,1220,1,14,1.16,1208,1242,1206,397589,484541688,235753327040,193240432,STK
764,194700,KR7194700001,노바렉스,KOSDAQ,우량기업부,12880,2,-390,-2.94,13270,13380,12820,45013,585730895,235122442240,18254848,KSQ
765,061970,KR7061970000,LB세미콘,KOSDAQ,중견기업부,4040,1,100,2.54,4000,4215,4000,93492,382136225,234655344240,58083006,KSQ
766,389500,KR7389500000,에스비비테크,KOSDAQ,기술성장기업부,35100,1,4400,14.33,36700,38450,33150,440080,15740917250,233887867200,6663472,KSQ
767,348950,KR7348950007,제이알글로벌리츠,KOSPI,,1182,0,0,0.0,0,0,0,0,0,233298432000,197376000,STK
768,044450,KR7044450005,KSS해운,KOSPI,,10100,1,360,3.7,9880,10140,9700,33703,337739970,233167388000,23085880,STK
769,488900,KR7488900002,비츠로넥스텍,KOSDAQ,기술성장기업부,8040,1,690,9.39,8160,8190,7870,81286,653675675,232970601720,28976443,KSQ
770,298690,KR7298690009,에어부산,KOSPI,,1429,2,-1,-0.07,1420,1439,1420,55674,79637676,232805352088,162914872,STK
771,187660,KR7187660006,페니트리움바이오,KOSDAQ,중견기업부,4195,1,45,1.08,4130,4335,4065,277078,1161956357,232680931335,55466253,KSQ
772,200470,KR7200470003,에이팩트,KOSDAQ,중견기업부,5490,1,760,16.07,5160,5890,5160,1369323,7590045325,232567890570,42362093,KSQ
773,007160,KR7007160005,사조산업,KOSPI,,46350,1,450,0.98,45900,46600,45750,1748,80424800,231750000000,5000000,STK
774,206640,KR7206640005,바디텍메드,KOSDAQ,우량기업부,10570,1,150,1.44,10410,10570,10410,5977,62666130,231566724970,21907921,KSQ
775,136490,KR7136490000,선진,KOSPI,,9690,2,-80,-0.82,9780,9800,9670,34418,334270020,230424362760,23779604,STK
776,404990,KR7404990004,신한서부티엔디리츠,KOSPI,,3725,1,115,3.19,3610,3730,3610,33233,123024019,228781919625,61417965,STK
777,272110,KR7272110008,케이엔제이,KOSDAQ,우량기업부,28500,1,1550,5.75,28000,29400,27900,43839,1266624650,228723757500,8025395,KSQ
778,452430,KR7452430002,사피엔반도체,KOSDAQ,기술성장기업부,27700,1,600,2.21,28150,29000,27300,23841,666542550,228675161700,8255421,KSQ
779,000050,KR7000050005,경방,KOSPI,,8340,1,60,0.72,8320,8390,8260,18459,153387600,228643351800,27415270,STK
780,002320,KR7002320000,한진,KOSPI,,14670,1,70,0.48,15110,15110,14600,13665,201248605,227658096720,15518616,STK
781,001340,KR7001340009,PKC,KOSPI,,5050,1,90,1.81,5010,5180,5000,95012,483876780,227391849450,45028089,STK
782,043370,KR7043370006,피에이치에이,KOSDAQ,우량기업부,10810,1,50,0.46,10990,11090,10760,15319,166882855,227010000000,21000000,KSQ
783,000680,KR7000680009,LS네트웍스,KOSPI,,2880,1,90,3.23,2840,2910,2800,109110,310927028,226952686080,78803016,STK
784,003200,KR7003200003,일신방직,KOSPI,,9880,1,210,2.17,9900,10000,9730,38994,385692170,226844800000,22960000,STK
785,298000,KR7298000001,효성화학,KOSPI,,59800,1,500,0.84,59900,62500,57300,31382,1904613250,226750297800,3791811,STK
786,004310,KR7004310009,현대약품,KOSPI,,7080,1,250,3.66,6780,7420,6360,5586682,38645762870,226560000000,32000000,STK
787,102940,KR7102940004,코오롱생명과학,KOSDAQ,중견기업부,17230,2,-3870,-18.34,16500,18450,16230,1012412,17547415740,225551089690,13090603,KSQ
788,290690,KR7290690007,소룩스,KOSDAQ,중견기업부,4285,2,-15,-0.35,4320,4450,4225,419664,1826386423,225389328850,52599610,KSQ
789,159010,KR7159010008,아스플로,KOSDAQ,벤처기업부,16850,1,160,0.96,17640,19070,16440,105872,1843573940,224690352150,13334739,KSQ
790,378340,KR7378340004,필에너지,KOSDAQ,중견기업부,10330,1,360,3.61,10080,10490,10080,44522,460217190,223581301060,21643882,KSQ
791,254490,KR7254490006,미래반도체,KOSDAQ,우량기업부,15470,1,300,1.98,15900,16440,15410,85509,1351403255,223355860000,14438000,KSQ
792,0030R0,KR70030R0007,대신밸류리츠,KOSPI,,3725,2,-60,-1.59,3790,3795,3710,36164,135810673,222680500000,59780000,STK
793,230240,KR7230240004,에치에프알,KOSDAQ,중견기업부,16730,1,1330,8.64,16000,16850,15990,116037,1911852860,222659570000,13309000,KSQ
794,018000,KR7018000000,유니슨,KOSDAQ,중견기업부,858,1,7,0.82,864,874,853,512696,442476032,222649527672,259498284,KSQ
795,000430,KR7000430009,대원강업,KOSPI,,3590,1,80,2.28,3520,3660,3520,52512,189775805,222580000000,62000000,STK
796,099430,KR7099430001,바이오플러스,KOSDAQ,우량기업부,3610,1,5,0.14,3615,3710,3570,200244,724460761,222523006420,61640722,KSQ
797,445090,KR7445090004,에이직랜드,KOSDAQ,벤처기업부,20300,2,-400,-1.93,21700,22050,20250,60982,1285782925,221790857400,10925658,KSQ
798,450950,KR7450950001,아스테라시스,KOSDAQ,벤처기업부,5890,2,-260,-4.23,6400,6450,5890,47267,283971565,221626516880,37627592,KSQ
799,094360,KR7094360005,칩스앤미디어,KOSDAQ,벤처기업부,10360,1,300,2.98,10290,10540,10250,44813,465314770,221240638640,21355274,KSQ
800,472850,KR7472850007,폰드그룹,KOSDAQ,중견기업부,3840,1,50,1.32,3795,3880,3795,41631,159768000,221075143680,57571652,KSQ
801,432320,KR7432320000,KB스타리츠,KOSPI,,1465,1,25,1.74,1455,1483,1442,271222,397374479,220869677525,150764285,STK
802,023760,KR7023760002,한국캐피탈,KOSDAQ,우량기업부,699,1,1,0.14,698,702,695,87606,61258329,220611093624,315609576,KSQ
803,011560,KR7011560000,세보엠이씨,KOSDAQ,우량기업부,21850,2,-100,-0.46,22800,22800,21600,19915,439433350,220354453200,10084872,KSQ
804,001790,KR7001790005,대한제당,KOSPI,,2555,2,-85,-3.22,2645,2670,2530,558993,1439266494,220348092825,86241915,STK
805,003070,KR7003070000,코오롱글로벌,KOSPI,,8650,1,40,0.46,8830,8870,8470,19295,165754310,219917245350,25423959,STK
806,000650,KR7000650002,천일고속,KOSPI,,153600,2,-500,-0.32,154100,158800,152500,1316,203443150,219528192000,1429220,STK
807,093520,KR7093520005,매커스,KOSDAQ,우량기업부,18410,1,200,1.1,18550,19300,18210,11374,211992310,219112819170,11901837,KSQ
808,456010,KR7456010008,아이씨티케이,KOSDAQ,기술성장기업부,15100,1,590,4.07,14820,15460,14810,153936,2323085980,218985485000,14502350,KSQ
809,003520,KR7003520004,영진약품,KOSPI,,1197,1,15,1.27,1200,1206,1177,106701,126443143,218922599007,182892731,STK
810,134380,KR7134380005,미원화학,KOSPI,,9950,3,0,0.0,9950,9980,9950,1911,19042130,218827166000,21992680,STK
811,095500,KR7095500005,미래나노텍,KOSDAQ,우량기업부,7050,1,190,2.77,7040,7160,6950,138557,979868075,218620492950,31009999,KSQ
812,089980,KR7089980007,상아프론테크,KOSDAQ,우량기업부,13650,1,580,4.44,13320,13800,13320,21765,295879910,218250355050,15989037,KSQ
813,005710,KR7005710009,대원산업,KOSDAQ,우량기업부,10860,1,70,0.65,10990,11000,10790,2476,26864520,217608336000,20037600,KSQ
814,099440,KR7099440000,스맥,KOSDAQ,중견기업부,3185,1,195,6.52,3060,3310,3045,994430,3135041068,217355209890,68243394,KSQ
815,000480,KR7000480004,CR홀딩스,KOSPI,,4620,2,-5,-0.11,4680,4680,4600,13596,62814515,216634063800,46890490,STK
816,025000,KR7025000001,KPX케미칼,KOSPI,,49450,1,100,0.2,49300,50200,48950,5856,291053600,216527160050,4378709,STK
817,138360,KR7138360003,앤로보틱스,KOSDAQ,벤처기업부,2390,4,550,29.89,1994,2390,1980,9115782,21184616536,216307514040,90505236,KSQ
818,065710,KR7065710006,서호전기,KOSDAQ,우량기업부,41950,1,300,0.72,41650,42350,41650,3849,161861700,216042500000,5150000,KSQ
819,180400,KR7180400004,DXVX,KOSDAQ,관리종목(소속부없음),2190,1,35,1.62,2170,2270,2170,42878,95308280,215560456080,98429432,KSQ
820,001250,KR7001250000,GS글로벌,KOSPI,,2600,1,85,3.38,2535,2615,2535,443537,1143993278,214587786400,82533764,STK
821,036030,KR7036030005,케이티알파,KOSDAQ,우량기업부,4375,1,30,0.69,4350,4415,4345,8453,37006520,214458741875,49019141,KSQ
822,034120,KR7034120006,SBS,KOSPI,,11560,1,150,1.31,11440,11740,11430,3074,35330770,214452311280,18551238,STK
823,052330,KR7052330008,코텍,KOSDAQ,우량기업부,12050,1,40,0.33,11920,12180,11920,9754,117571610,214027147450,17761589,KSQ
824,304360,KR7304360001,에스바이오메딕스,KOSDAQ,벤처기업부,17280,2,-90,-0.52,17750,18190,17090,23381,410732080,214015011840,12385128,KSQ
825,000320,KR7000320002,노루홀딩스,KOSPI,,16070,1,180,1.13,16050,16200,15880,2068,33109925,213588796570,13291151,STK
826,114190,KR7114190002,강원에너지,KOSDAQ,중견기업부,8170,1,360,4.61,8020,8210,8010,60802,492698430,213425220460,26123038,KSQ
827,461300,KR7461300006,아이스크림미디어,KOSDAQ,벤처기업부,16010,1,550,3.56,15470,16050,15460,11919,187541430,213316167330,13323933,KSQ
828,009680,KR7009680000,모토닉,KOSPI,,9780,1,10,0.1,9900,9900,9730,7009,68790520,212549659320,21733094,STK
829,025560,KR7025560004,미래산업,KOSPI,,41750,0,0,0.0,0,0,0,0,0,212542069000,5090828,STK
830,217730,KR7217730001,강스템바이오텍,KOSDAQ,기술성장기업부,2250,1,145,6.89,2105,2265,2090,322945,710183836,211621835250,94054149,KSQ
831,071200,KR7071200000,인피니트헬스케어,KOSDAQ,중견기업부,8650,1,50,0.58,8530,8980,8530,38639,338238420,211029361700,24396458,KSQ
832,073490,KR7073490005,LIG아큐버,KOSDAQ,우량기업부,27750,1,1650,6.32,26950,28700,26950,47313,1314809625,211006726500,7603846,KSQ
833,462350,KR7462350000,이노스페이스,KOSDAQ,기술성장기업부,6240,1,130,2.13,6440,6630,6230,139777,902428105,210983622720,33811478,KSQ
834,053030,KR7053030003,바이넥스,KOSDAQ,중견기업부,6450,1,80,1.26,6450,6600,6380,52759,340181390,210813012600,32684188,KSQ
835,042370,KR7042370007,비츠로테크,KOSDAQ,우량기업부,8030,1,420,5.52,7820,8130,7820,98597,790753595,210386200750,26200025,KSQ
836,475560,KR7475560009,더본코리아,KOSPI,,14020,1,250,1.82,13870,14370,13850,11462,160527230,207888139400,14827970,STK
837,298830,KR7298830001,슈어소프트테크,KOSDAQ,우량기업부,3880,1,185,5.01,3750,3955,3750,118932,461201272,207418976120,53458499,KSQ
838,100120,KR7100120005,뷰웍스,KOSDAQ,우량기업부,23100,1,200,0.87,23000,23700,23000,33435,778492775,207239594100,8971411,KSQ
839,241520,KR7241520006,DSC인베스트먼트,KOSDAQ,중견기업부,7780,1,370,4.99,7610,7870,7610,91127,708578660,206948000000,26600000,KSQ
840,0001A0,KR70001A0001,덕양에너젠,KOSDAQ,중견기업부,8120,1,240,3.05,7950,8200,7950,39949,323098685,206807971440,25468962,KSQ
841,425040,KR7425040003,티이엠씨,KOSDAQ,우량기업부,9430,1,300,3.29,9430,9680,9250,161774,1531105230,206732928140,21922898,KSQ
842,452280,KR7452280001,한선엔지니어링,KOSDAQ,우량기업부,10740,1,650,6.44,10450,11200,10350,94152,1012329245,206719975800,19247670,KSQ
843,380540,KR7380540005,옵티코어,KOSDAQ,관리종목(소속부없음),8450,0,0,0.0,0,0,0,0,0,206658126350,24456583,KSQ
844,030210,KR7030210009,다올투자증권,KOSPI,,3385,1,45,1.35,3330,3440,3325,18070,61325255,206184093810,60911106,STK
845,317330,KR7317330009,덕산테코피아,KOSDAQ,중견기업부,10060,1,410,4.25,10000,10190,9830,30697,307040130,205994435040,20476584,KSQ
846,039830,KR7039830005,오로라,KOSDAQ,우량기업부,19120,1,60,0.31,19040,19900,18650,22359,424176965,205786456800,10762890,KSQ
847,033920,KR7033920000,무학,KOSPI,,7220,2,-50,-0.69,7290,7370,7210,36836,267503265,205770000000,28500000,STK
848,226320,KR7226320000,잇츠한불,KOSPI,,9380,2,-30,-0.32,9550,9620,9380,17009,160459720,205696974700,21929315,STK
849,086390,KR7086390002,유니테스트,KOSDAQ,중견기업부,9720,1,320,3.4,9760,9980,9550,72657,711616300,205423704720,21134126,KSQ
850,092870,KR7092870005,엑시콘,KOSDAQ,우량기업부,15740,1,430,2.81,16000,16500,15520,116047,1850010235,205419544780,13050797,KSQ
851,475400,KR7475400008,씨메스로보틱스,KOSDAQ,기술성장기업부,17380,1,2190,14.42,16500,18100,16300,132356,2294929500,205203817720,11806894,KSQ
852,0008Z0,KR70008Z0005,에스엔시스,KOSDAQ,벤처기업부,21650,1,550,2.61,21300,21850,21050,29893,642003400,204301610600,9436564,KSQ
853,144510,KR7144510005,지씨셀,KOSDAQ,중견기업부,12920,1,200,1.57,12750,13140,12750,23878,308176860,204140444480,15800344,KSQ
854,018310,KR7018310003,삼목에스폼,KOSDAQ,우량기업부,13870,2,-60,-0.43,13930,14020,13800,3252,45108580,203889000000,14700000,KSQ
855,019010,KR7019010008,베뉴지,KOSDAQ,중견기업부,4220,1,10,0.24,4260,4340,4220,48630,207818308,203404000000,48200000,KSQ
856,005010,KR7005010004,휴스틸,KOSPI,,3620,1,50,1.4,3595,3680,3575,155324,565133135,203400831500,56188075,STK
857,000540,KR7000540005,흥국화재,KOSPI,,3155,1,40,1.28,3140,3215,3140,8474,26966210,202685544975,64242645,STK
858,067390,KR7067390005,아스트,KOSDAQ,중견기업부,481,1,22,4.79,475,490,468,784923,376468327,202576795499,421157579,KSQ
859,014940,KR7014940001,오리엔탈정공,KOSDAQ,우량기업부,4440,1,245,5.84,4250,4480,4250,156716,686670178,202347054840,45573661,KSQ
860,318060,KR7318060001,그래피,KOSDAQ,기술성장기업부,18080,1,430,2.44,17920,18680,17850,25661,468105535,202011040160,11173177,KSQ
861,448280,KR7448280008,에코아이,KOSDAQ,중견기업부,6810,2,-90,-1.3,6910,7030,6770,11002,75395360,201787988490,29631129,KSQ
862,203650,KR7203650007,드림시큐리티,KOSDAQ,중견기업부,1975,1,30,1.54,1997,2025,1960,499887,996424311,200866355900,101704484,KSQ
863,037270,KR7037270006,YG PLUS,KOSPI,,3155,1,35,1.12,3145,3200,3110,129754,409037757,200857112050,63663110,STK
864,001460,KR7001460005,BYC,KOSPI,,32150,1,450,1.42,32350,32950,31850,2141,69839200,200813722500,6246150,STK
865,353810,KR7353810005,이지바이오,KOSDAQ,우량기업부,6070,2,-170,-2.72,6270,6310,6070,61006,375683950,200807254400,33081920,KSQ
866,017860,KR7017860008,DS단석,KOSPI,,11300,1,150,1.35,11300,11600,11300,35796,408839165,200678270700,17759139,STK
867,068930,KR7068930007,디지털대성,KOSDAQ,우량기업부,7240,1,130,1.83,7130,7490,7120,13279,95634360,200369476080,27675342,KSQ
868,051905,KR7051901007,LG생활건강우,KOSPI,,95300,1,4500,4.96,91200,95600,91100,4810,450970250,199773482700,2096259,STK
869,003720,KR7003720000,삼영,KOSPI,,5820,1,120,2.11,5820,5980,5780,71981,422998005,197880000000,34000000,STK
870,03473K,KR703473K016,SK우,KOSPI,,349500,1,16500,4.95,345000,357500,344000,1867,652966500,197864182500,566135,STK
871,034810,KR7034810002,해성산업,KOSDAQ,중견기업부,6260,2,-70,-1.11,6330,6350,6240,12643,79391420,197691751520,31580152,KSQ
872,194480,KR7194480000,데브시스터즈,KOSDAQ,중견기업부,16290,1,670,4.29,16150,16750,15960,34217,557800640,197583853500,12129150,KSQ
873,446540,KR7446540007,메가터치,KOSDAQ,중견기업부,6790,1,110,1.65,6910,7200,6760,120151,839010030,197447163690,29079111,KSQ
874,035150,KR7035150002,백산,KOSPI,,9980,1,40,0.4,9940,10090,9850,13047,129693560,197315368420,19771079,STK
875,098120,KR7098120009,마이크로컨텍솔,KOSDAQ,우량기업부,23550,1,750,3.29,23500,24200,22850,31711,745788500,195765639300,8312766,KSQ
876,028100,KR7028100006,동아지질,KOSPI,,14600,1,290,2.03,14500,14760,14320,5202,75871480,195486729200,13389502,STK
877,046970,KR7046970000,우리로,KOSDAQ,벤처기업부,4460,1,300,7.21,4400,4595,4310,579284,2596970315,195459495540,43824999,KSQ
878,024060,KR7024060006,흥구석유,KOSDAQ,중견기업부,13030,1,600,4.83,12530,13300,12330,2531159,32688998210,195450000000,15000000,KSQ
879,013120,KR7013120001,동원개발,KOSDAQ,우량기업부,2150,1,40,1.9,2115,2170,2115,114413,245639750,195237415000,90808100,KSQ
880,117580,KR7117580001,대성에너지,KOSPI,,7070,1,110,1.58,6940,7100,6940,79789,561002510,194425000000,27500000,STK
881,039570,KR7039570007,HDC랩스,KOSPI,,7490,2,-20,-0.27,7520,7600,7470,5990,44879220,194422431490,25957601,STK
882,003555,KR7003551009,LG우,KOSPI,,64500,1,1500,2.38,63400,65000,63400,3277,211274600,194222335500,3011199,STK
883,484810,KR7484810007,티엑스알로보틱스,KOSDAQ,벤처기업부,12540,4,2890,29.95,12540,12540,12540,11616,145664640,193754474100,15450915,KSQ
884,484870,KR7484870001,엠앤씨솔루션,KOSPI,,21150,1,400,1.93,20900,21700,20850,19868,420723600,193604985000,9153900,STK
885,013890,KR7013890009,지누스,KOSPI,,8820,2,-130,-1.45,9000,9220,8660,8664,76862460,193385670660,21925813,STK
886,123330,KR7123330003,제닉,KOSDAQ,우량기업부,24250,2,-1550,-6.01,25500,25750,24050,146206,3594830200,193240490000,7968680,KSQ
887,024840,KR7024840001,KBI메탈,KOSDAQ,중견기업부,4472,1,82,1.87,4480,4640,4400,2238797,10102429034,193011019136,43159888,KSQ
888,004980,KR7004980009,성신양회,KOSPI,,7870,1,20,0.25,7910,7970,7830,52464,413538070,192941494510,24516073,STK
889,036710,KR7036710002,심텍홀딩스,KOSDAQ,중견기업부,3650,1,220,6.41,3700,3700,3500,163890,591281603,192821302100,52827754,KSQ
890,068790,KR7068790005,DMS,KOSDAQ,우량기업부,8510,2,-20,-0.23,8570,8780,8360,139251,1189425605,192072606240,22570224,KSQ
891,000490,KR7000490003,대동,KOSPI,,6660,1,210,3.26,6500,6730,6500,70559,468772185,191986920900,28826865,STK
892,357550,KR7357550003,석경에이티,KOSDAQ,기술성장기업부,35100,1,300,0.86,36000,36500,35050,3080,109532350,191470500000,5455000,KSQ
893,377450,KR7377450002,리파인,KOSDAQ,우량기업부,11030,1,60,0.55,11080,11170,10500,36736,393277630,191149900000,17330000,KSQ
894,053210,KR7053210001,스카이라이프,KOSPI,,4010,2,-15,-0.37,4045,4195,4010,27943,112825259,190567049550,47522955,STK
895,011500,KR7011500006,한농화성,KOSPI,,12180,1,680,5.91,11720,12310,11720,43488,528212880,190459171560,15637042,STK
896,190510,KR7190510008,나무가,KOSDAQ,우량기업부,13520,1,450,3.44,13540,13910,13330,46040,624075330,190433485840,14085317,KSQ
897,036190,KR7036190007,금화피에스시,KOSDAQ,우량기업부,31700,1,550,1.77,31150,31750,31050,2252,70836450,190200000000,6000000,KSQ
898,365270,KR7365270008,큐라클,KOSDAQ,기술성장기업부,8580,1,150,1.78,8510,8770,8200,69915,597217820,190106991360,22156992,KSQ
899,001630,KR7001630003,종근당홀딩스,KOSPI,,37900,2,-300,-0.79,38450,38500,37850,1710,65122250,189873731900,5009861,STK
900,095570,KR7095570008,AJ네트웍스,KOSPI,,4190,2,-110,-2.56,4300,4310,4180,277161,1178648215,189609060210,45252759,STK
901,091580,KR7091580001,상신이디피,KOSDAQ,우량기업부,14200,1,110,0.78,14460,14700,14060,45721,654545305,189260709800,13328219,KSQ
902,112290,KR7112290002,와이씨켐,KOSDAQ,기술성장기업부,9310,2,-100,-1.06,9720,9910,9200,157845,1492762895,188258347900,20221090,KSQ
903,088260,KR7088260005,이리츠코크렙,KOSPI,,2970,2,-25,-0.83,3000,3000,2860,217106,638259706,188124522300,63341590,STK
904,0015G0,KR70015G0009,그린광학,KOSDAQ,기술성장기업부,16010,1,260,1.65,16500,16840,15700,80200,1295233380,187357681410,11702541,KSQ
905,016790,KR7016790008,현대사료,KOSDAQ,관리종목(소속부없음),994,0,0,0.0,0,0,0,0,0,187340898626,188471729,KSQ
906,042420,KR7042420000,네오위즈홀딩스,KOSDAQ,우량기업부,23000,1,400,1.77,22600,23000,22450,5298,121101925,187272509000,8142283,KSQ
907,192440,KR7192440006,슈피겐코리아,KOSDAQ,우량기업부,30050,1,50,0.17,29800,34150,29450,41333,1306078250,186801708150,6216363,KSQ
908,006805,KR7006801005,미래에셋증권우,KOSPI,,13270,1,340,2.63,13100,13450,13100,27078,360641965,186785202500,14075750,STK
909,100250,KR7100250000,진양홀딩스,KOSPI,,2915,2,-30,-1.02,2975,2975,2900,40846,119425339,186268500000,63900000,STK
910,001130,KR7001130004,대한제분,KOSPI,,11000,2,-100,-0.9,11020,11180,10990,23259,257006985,185900000000,16900000,STK
911,000140,KR7000140004,하이트진로홀딩스,KOSPI,,8010,2,-20,-0.25,8050,8120,8010,2114,17027120,185886187650,23206765,STK
912,094480,KR7094480001,갤럭시아머니트리,KOSDAQ,우량기업부,4730,1,130,2.83,4720,4825,4700,68644,326565645,185557133740,39229838,KSQ
913,900290,HK0000307485,GRT,KOSDAQ,외국기업(소속부없음),2265,1,50,2.26,2185,2270,2140,246509,543208276,185277000000,81800000,KSQ
914,241590,KR7241590009,화승엔터프라이즈,KOSPI,,3050,2,-25,-0.81,3075,3120,3045,19387,59567358,184797291800,60589276,STK
915,128820,KR7128820008,대성산업,KOSPI,,4085,1,55,1.36,4035,4145,4000,153749,628372275,184786927630,45235478,STK
916,003547,KR7003542008,대신증권2우B,KOSPI,,19140,1,150,0.79,19200,19340,19050,6987,134369830,183871587240,9606666,STK
917,084850,KR7084850007,아이티엠반도체,KOSDAQ,중견기업부,8080,1,10,0.12,8140,8320,8030,20874,169736205,183278106720,22682934,KSQ
918,016580,KR7016580003,환인제약,KOSPI,,9810,2,-20,-0.2,9830,9900,9750,15323,150009250,182466686700,18600070,STK
919,125020,KR7125020008,티씨머티리얼즈,KOSDAQ,중견기업부,5190,1,295,6.03,5030,5290,4970,287479,1486683885,181850074500,35038550,KSQ
920,237880,KR7237880000,클리오,KOSDAQ,우량기업부,10050,1,100,1.01,10000,10100,9800,37200,371470115,181617097650,18071353,KSQ
921,036560,KR7036560001,KZ정밀,KOSDAQ,우량기업부,11530,1,100,0.87,11700,11700,11430,2420,27935150,181597500000,15750000,KSQ
922,044820,KR7044820009,코스맥스비티아이,KOSPI,,18900,2,-10,-0.05,18940,19160,18700,5353,101234000,181514106900,9603921,STK
923,459510,KR7459510004,나우로보틱스,KOSDAQ,기술성장기업부,13940,1,890,6.82,14980,15500,13600,192602,2745088305,180918645080,12978382,KSQ
924,102460,KR7102460003,이연제약,KOSPI,,9720,2,-190,-1.92,9910,10120,9670,36033,351545015,180663802920,18586811,STK
925,484120,KR7484120001,도우인시스,KOSDAQ,중견기업부,16450,3,0,0.0,16660,17150,16220,8222,136910260,180249591900,10957422,KSQ
926,126600,KR7126600006,BGF에코머티리얼즈,KOSDAQ,우량기업부,2865,1,55,1.96,2865,2900,2840,34358,98711045,179827165635,62766899,KSQ
927,054210,KR7054210000,이랜텍,KOSDAQ,우량기업부,7070,1,290,4.28,6940,7170,6900,80456,567890340,178808854700,25291210,KSQ
928,294570,KR7294570007,쿠콘,KOSDAQ,우량기업부,17690,1,900,5.36,17270,17940,17270,9750,171812690,178522739080,10091732,KSQ
929,270660,KR7270660004,에브리봇,KOSDAQ,벤처기업부,14010,1,1400,11.1,14880,15100,13400,613883,8788444480,177795067830,12690583,KSQ
930,002100,KR7002100006,경농,KOSPI,,9100,1,70,0.78,9140,9140,9040,13770,125007795,177655432500,19522575,STK
931,108860,KR7108860008,셀바스AI,KOSDAQ,벤처기업부,6600,1,290,4.6,6600,6700,6520,80317,530895150,177637614000,26914790,KSQ
932,214180,KR7214180002,헥토이노베이션,KOSDAQ,우량기업부,13650,1,280,2.09,13490,13790,13490,20616,281881180,177359459550,12993367,KSQ
933,102260,KR7102260007,동성케미컬,KOSPI,,3500,1,35,1.01,3485,3560,3485,61630,217513435,177343568500,50669591,STK
934,339770,KR7339770000,교촌에프앤비,KOSPI,,3530,3,0,0.0,3535,3585,3530,33831,120176735,176376732400,49965080,STK
935,377190,KR7377190004,디앤디플랫폼리츠,KOSPI,,1994,2,-21,-1.04,2025,2025,1992,125624,250851523,176269600000,88400000,STK
936,066620,KR7066620006,국보디자인,KOSDAQ,우량기업부,23500,2,-350,-1.47,23950,24000,23400,1162,27323900,176250000000,7500000,KSQ
937,394800,KR7394800007,쓰리빌리언,KOSDAQ,기술성장기업부,5530,1,140,2.6,5540,5780,5420,81845,456192510,175978718090,31822553,KSQ
938,058970,KR7058970005,엠로,KOSDAQ,기술성장기업부,14210,1,690,5.1,13700,14300,13700,13884,196546660,175675302740,12362794,KSQ
939,187870,KR7187870001,디바이스,KOSDAQ,우량기업부,12740,1,240,1.92,13050,13070,12390,42728,545141625,175430564400,13770060,KSQ
940,007860,KR7007860000,서연,KOSPI,,7470,1,170,2.33,7330,7650,7330,31289,236396155,175394434680,23479844,STK
941,045390,KR7045390002,대아티아이,KOSDAQ,우량기업부,2485,1,20,0.81,2510,2545,2470,220186,550941413,175126341845,70473377,KSQ
942,307180,KR7307180000,아이엘,KOSDAQ,벤처기업부,4740,1,390,8.97,4580,5170,4525,679981,3304971565,174980304240,36915676,KSQ
943,010580,KR7010580009,에스엠벡셀,KOSPI,,1572,2,-7,-0.44,1600,1620,1570,65581,104801438,174887766720,111251760,STK
944,003460,KR7003460003,유화증권,KOSPI,,3080,1,30,0.98,3055,3110,3055,35096,108094595,174643438200,56702415,STK
945,143240,KR7143240000,사람인,KOSDAQ,우량기업부,16250,2,-50,-0.31,16300,16650,16150,6004,97727180,174406878750,10732731,KSQ
946,000300,KR7000300004,DH오토넥스,KOSPI,,4200,0,0,0.0,0,0,0,0,0,174035631000,41437055,STK
947,234080,KR7234080000,JW생명과학,KOSPI,,10990,2,-40,-0.36,11050,11130,10890,23270,255384930,174021748460,15834554,STK
948,314130,KR7314130006,지놈앤컴퍼니,KOSDAQ,기술성장기업부,3845,1,305,8.62,3565,3915,3565,222672,849515319,173709998285,45178153,KSQ
949,035510,KR7035510007,신세계 I&C,KOSPI,,12390,1,170,1.39,12250,12590,12250,18402,229186260,173223351000,13980900,STK
950,016450,KR7016450009,한세예스24홀딩스,KOSPI,,4330,1,30,0.7,4265,4335,4265,2220,9567120,173200000000,40000000,STK
951,039860,KR7039860002,나노엔텍,KOSDAQ,중견기업부,4540,4,1045,29.9,3500,4540,3500,1104773,4740905440,172942460620,38093053,KSQ
952,004380,KR7004380002,삼익THK,KOSPI,,8350,1,300,3.73,8300,9050,8270,101143,858343670,172845000000,20700000,STK
953,140610,KR7140610007,엔솔바이오사이언스,KONEX,일반기업부,12000,1,120,1.01,12000,12390,11800,1178,14107630,172516824000,14376402,KNX
954,053690,KR7053690004,한미글로벌,KOSPI,,15730,1,870,5.85,15000,15840,15000,45639,708436370,172362261500,10957550,STK
955,012860,KR7012860003,모베이스전자,KOSDAQ,우량기업부,2350,1,150,6.82,2335,2495,2300,456218,1086465785,172098623950,73233457,KSQ
956,049430,KR7049430002,코메론,KOSDAQ,우량기업부,18980,1,240,1.28,18740,19170,18740,14905,283582240,171731040000,9048000,KSQ
957,036170,KR7036170009,에이치엠넥스,KOSDAQ,중견기업부,2795,1,135,5.08,2765,2890,2730,298262,842146917,171516924670,61365626,KSQ
958,053300,KR7053300000,한국정보인증,KOSDAQ,우량기업부,4225,1,95,2.3,4150,4265,4150,23303,98281075,171497380600,40591096,KSQ
959,033530,KR7033530007,SJG세종,KOSPI,,6160,1,150,2.5,6100,6320,6100,46986,293211045,171377119760,27820961,STK
960,078150,KR7078150000,HB테크놀러지,KOSDAQ,우량기업부,1848,1,48,2.67,1850,1886,1831,449978,836767399,171339012768,92715916,KSQ
961,003220,KR7003220001,대원제약,KOSPI,,7630,2,-90,-1.17,7680,7790,7580,27577,211241150,171122458290,22427583,STK
962,475040,KR7475040002,스트라드비젼,KOSDAQ,기술성장기업부,3205,1,25,0.79,3250,3395,3160,727703,2370423561,170682717290,53255138,KSQ
963,041920,KR7041920000,메디아나,KOSDAQ,우량기업부,9140,1,150,1.67,9450,9450,8990,62389,568786405,169987758220,18598223,KSQ
964,067080,KR7067080002,대화제약,KOSDAQ,중견기업부,9110,2,-80,-0.87,9080,9320,9060,64756,595243270,169597681500,18616650,KSQ
965,092130,KR7092130004,이크레더블,KOSDAQ,중견기업부,14080,1,20,0.14,14380,14380,14000,2087,29457900,169573888000,12043600,KSQ
966,002170,KR7002170009,SYTS,KOSPI,,56300,1,200,0.36,56200,56600,56000,1499,84098000,168900000000,3000000,STK
967,220100,KR7220100002,퓨쳐켐,KOSDAQ,기술성장기업부,7530,2,-50,-0.66,7610,7820,7350,35024,264926460,168878472600,22427420,KSQ
968,013580,KR7013580006,계룡건설,KOSPI,,18900,1,650,3.56,18500,19270,18450,56906,1076850765,168794142300,8930907,STK
969,092200,KR7092200005,디아이씨,KOSPI,,4335,1,265,6.51,4400,4600,4280,469927,2066551841,168581946615,38888569,STK
970,003350,KR7003350006,한국화장품제조,KOSPI,,7430,2,-100,-1.33,7580,7600,7320,54880,406990830,168363800000,22660000,STK
971,001080,KR7001080001,만호제강,KOSPI,,4045,1,5,0.12,4005,4325,3965,7203,29039170,167867500000,41500000,STK
972,354320,KR7354320004,알멕,KOSDAQ,기술성장기업부,26250,1,1000,3.96,26000,26800,25350,29949,780705575,167773751250,6391381,KSQ
973,245620,KR7245620000,EDGC,KOSDAQ,관리종목(소속부없음),741,0,0,0.0,0,0,0,0,0,167118555474,225531114,KSQ
974,094820,KR7094820008,일진파워,KOSDAQ,우량기업부,11080,1,480,4.53,11040,11260,10790,74814,830635840,167072095720,15078709,KSQ
975,143160,KR7143160000,아이디스,KOSDAQ,우량기업부,15590,1,150,0.97,15610,15640,15310,2470,38276530,167068520100,10716390,KSQ
976,002150,KR7002150001,도화엔지니어링,KOSPI,,4925,1,75,1.55,4840,5030,4840,20638,101943085,166071000000,33720000,STK
977,004560,KR7004560009,현대비앤지스틸,KOSPI,,10930,1,220,2.05,10780,11100,10780,29473,324498520,164811404230,15078811,STK
978,222040,KR7222040008,코스맥스엔비티,KOSDAQ,중견기업부,7980,2,-220,-2.68,8100,8230,7840,75508,610086320,164611440000,20628000,KSQ
979,065660,KR7065660003,안트로젠,KOSDAQ,기술성장기업부,16440,2,-430,-2.55,16390,17600,16250,33449,559524640,164500284000,10006100,KSQ
980,119610,KR7119610004,인터로조,KOSDAQ,우량기업부,14400,1,40,0.28,14500,14590,14200,17490,251765480,164357956800,11413747,KSQ
981,308430,KR7308430008,셀비온,KOSDAQ,기술성장기업부,12690,1,620,5.14,12260,12990,12180,37142,472410090,163767635190,12905251,KSQ
982,038390,KR7038390001,레드캡투어,KOSDAQ,우량기업부,9780,1,50,0.51,9710,9830,9710,6108,59675570,163529639160,16720822,KSQ
983,003610,KR7003610003,방림,KOSPI,,5090,1,20,0.39,5190,5190,5070,22461,114498790,163443860020,32110778,STK
984,108380,KR7108380007,대양전기공업,KOSDAQ,우량기업부,17080,1,790,4.85,16500,17080,16500,13866,232884160,163410047640,9567333,KSQ
985,122990,KR7122990005,와이솔,KOSDAQ,중견기업부,6130,1,110,1.83,6040,6300,6040,53093,325546730,163297566530,26639081,KSQ
986,213500,KR7213500002,한솔제지,KOSPI,,6860,2,-20,-0.29,6880,6960,6820,18855,129509910,163271951360,23800576,STK
987,039840,KR7039840004,디오,KOSDAQ,중견기업부,12170,2,-110,-0.9,12430,12430,12050,11379,138520670,163270626760,13415828,KSQ
988,097955,KR7097951008,CJ제일제당 우,KOSPI,,122700,1,4000,3.37,119900,123000,118700,11565,1407255450,162876029100,1327433,STK
989,416180,KR7416180008,신성에스티,KOSDAQ,벤처기업부,18010,1,630,3.62,17610,18320,17610,6657,120088335,162806401780,9039778,KSQ
990,256840,KR7256840000,한국비엔씨,KOSDAQ,우량기업부,2380,1,40,1.71,2350,2410,2340,189401,449478302,162779828680,68394886,KSQ
991,000390,KR7000390005,SP삼화,KOSPI,,5950,1,70,1.19,5890,6040,5890,53294,317580350,161860640550,27203469,STK
992,243840,KR7243840006,신흥에스이씨,KOSDAQ,우량기업부,4195,1,75,1.82,4260,4310,4180,66713,282334280,161751795825,38558235,KSQ
993,400760,KR7400760005,NH올원리츠,KOSPI,,2930,2,-50,-1.68,2980,2995,2930,30832,90809575,160942775750,54929275,STK
994,014710,KR7014710008,사조씨푸드,KOSPI,,9340,1,170,1.85,9590,9590,9230,8241,76948950,160821191620,17218543,STK
995,487570,KR7487570004,HS효성,KOSPI,,43100,2,-100,-0.23,43950,44100,42900,3058,132422750,160587453700,3725927,STK
996,000860,KR7000860007,강남제비스코,KOSPI,,12340,1,80,0.65,12280,12500,12280,1491,18478470,160420000000,13000000,STK
997,138610,KR7138610001,나이벡,KOSDAQ,기술성장기업부,14050,1,310,2.26,14000,14350,13820,16308,229102005,159717491650,11367793,KSQ
998,066410,KR7066410002,버킷스튜디오,KOSDAQ,투자주의환기종목(소속부없음),1153,0,0,0.0,0,0,0,0,0,159637252154,138453818,KSQ
999,204610,KR7204610000,티쓰리,KOSDAQ,벤처기업부,2870,2,-35,-1.2,2900,2950,2850,59599,172054357,159345901400,55521220,KSQ
1000,462520,KR7462520008,조선내화,KOSPI,,13440,2,-100,-0.74,13540,13620,13330,5731,77206260,159333457920,11855168,STK
1001,101530,KR7101530004,해태제과식품,KOSPI,,5470,1,20,0.37,5490,5580,5420,33192,182131325,159269016340,29116822,STK
1002,046070,KR7046070009,코다코,KOSDAQ,관리종목(소속부없음),10280,0,0,0.0,0,0,0,0,0,159196994920,15486089,KSQ
1003,064550,KR7064550007,바이오니아,KOSDAQ,중견기업부,6160,1,110,1.82,6060,6240,6060,32912,203055350,158991392560,25810291,KSQ
1004,176750,KR7176750008,듀켐바이오,KOSDAQ,기술성장기업부,5580,2,-160,-2.79,5710,5790,5540,27284,153643900,158967057600,28488720,KSQ
1005,084990,KR7084990001,헬릭스미스,KOSDAQ,기술성장기업부,3445,1,105,3.14,3435,3475,3345,105816,362773276,158789685665,46092797,KSQ
1006,322310,KR7322310004,오로스테크놀로지,KOSDAQ,벤처기업부,16920,1,360,2.17,17400,17730,16630,71077,1216043345,158481890640,9366542,KSQ
1007,024800,KR7024800005,유성티엔에스,KOSDAQ,우량기업부,4275,1,75,1.79,4245,4390,4205,17308,74097847,158396496300,37051812,KSQ
1008,216080,KR7216080002,제테마,KOSDAQ,벤처기업부,4235,1,15,0.36,4260,4415,4180,70099,300427700,157910864265,37287099,KSQ
1009,251370,KR7251370003,와이엠티,KOSDAQ,벤처기업부,8730,2,-20,-0.23,9030,9350,8710,48303,433497940,157255349490,18013213,KSQ
1010,950140,KR8840110108,잉글우드랩,KOSDAQ,외국기업(소속부없음),7900,2,-90,-1.13,8000,8040,7850,10764,84967870,156956141400,19867866,KSQ
1011,046120,KR7046120002,오르비텍,KOSDAQ,중견기업부,4620,1,265,6.08,4580,4665,4455,120182,553414795,156412100460,33855433,KSQ
1012,080160,KR7080160005,모두투어,KOSDAQ,우량기업부,8270,1,120,1.47,8250,8360,8170,16509,136603840,156303000000,18900000,KSQ
1013,0082N0,KR70082N0008,카나프테라퓨틱스,KOSDAQ,기술성장기업부,11760,1,530,4.72,11280,12180,11280,36904,429354500,155997340800,13265080,KSQ
1014,264850,KR7264850009,이랜시스,KOSDAQ,중견기업부,5130,1,425,9.03,5720,5850,5060,5970016,32283331775,155411359560,30294612,KSQ
1015,212560,KR7212560007,네오오토,KOSDAQ,우량기업부,11520,1,960,9.09,10630,12500,10630,233726,2744529940,155362728960,13486348,KSQ
1016,023910,KR7023910003,대한약품,KOSDAQ,우량기업부,25750,1,250,0.98,25550,25800,25500,2489,64032525,154500000000,6000000,KSQ
1017,093190,KR7093190007,빅솔론,KOSDAQ,우량기업부,8030,2,-70,-0.86,8040,8150,7970,3507,28240210,154488407150,19238905,KSQ
1018,015230,KR7015230006,대창단조,KOSPI,,5690,1,40,0.71,5660,5730,5600,21898,123755910,154447197800,27143620,STK
1019,051370,KR7051370005,인터플렉스,KOSDAQ,우량기업부,6610,1,170,2.64,6560,6760,6550,38474,255835830,154194589920,23327472,KSQ
1020,000700,KR7000700005,유수홀딩스,KOSPI,,5920,1,40,0.68,5900,5990,5860,24679,146068290,154167527040,26041812,STK
1021,079960,KR7079960001,동양이엔피,KOSDAQ,우량기업부,19550,1,250,1.3,19540,19800,19450,14037,274934960,153663000000,7860000,KSQ
1022,199820,KR7199820002,제일일렉트릭,KOSDAQ,우량기업부,6890,1,250,3.77,6780,6980,6760,88242,608412835,153095800000,22220000,KSQ
1023,001780,KR7001780006,알루코,KOSPI,,1580,1,36,2.33,1550,1590,1550,224455,353761801,152991608560,96830132,STK
1024,086820,KR7086820008,바이오솔루션,KOSDAQ,기술성장기업부,5900,1,70,1.2,5830,6080,5830,52739,314728170,152952101500,25924085,KSQ
1025,072870,KR7072870009,메가스터디,KOSDAQ,우량기업부,12800,2,-100,-0.78,12910,13100,12790,11488,147645545,152588275200,11920959,KSQ
1026,011040,KR7011040003,경동제약,KOSDAQ,중견기업부,4950,2,-20,-0.4,4980,5000,4930,5781,28678220,152305391700,30768766,KSQ
1027,009470,KR7009470006,삼화전기,KOSPI,,23000,1,650,2.91,22900,23600,22750,28004,648341175,152117860000,6613820,STK
1028,007330,KR7007330004,푸른저축은행,KOSDAQ,투자주의환기종목(소속부없음),10070,3,0,0.0,10160,10160,10020,2188,22031330,151883796000,15082800,KSQ
1029,048550,KR7048550008,SM C&C,KOSDAQ,중견기업부,1570,1,60,3.97,1510,1610,1508,327851,516739444,151841953400,96714620,KSQ
1030,011785,KR7011781002,금호석유화학우,KOSPI,,50200,1,600,1.21,49900,50500,49700,1028,51408750,151778997200,3023486,STK
1031,001045,KR7001041003,CJ우,KOSPI,,67100,1,2700,4.19,65900,67400,64600,2656,177573400,151660963300,2260223,STK
1032,123410,KR7123410003,코리아에프티,KOSDAQ,우량기업부,5440,1,160,3.03,5380,5570,5360,31634,173569550,151455388160,27841064,KSQ
1033,007570,KR7007570005,일양약품,KOSPI,,7910,1,50,0.64,7770,8030,7770,10504,83218450,150967602240,19085664,STK
1034,123860,KR7123860009,아나패스,KOSDAQ,우량기업부,12440,1,10,0.08,12430,12800,12190,18907,234887270,150815282600,12123415,KSQ
1035,032620,KR7032620007,GC메디아이,KOSDAQ,우량기업부,2885,1,10,0.35,2880,2945,2855,59988,173333303,150588746015,52197139,KSQ
1036,179290,KR7179290002,엠아이텍,KOSDAQ,우량기업부,4650,3,0,0.0,4610,4665,4380,217730,976035145,150500402700,32365678,KSQ
1037,016880,KR7016880007,웅진,KOSPI,,1877,2,-93,-4.72,1971,2010,1870,257987,490262806,150023129160,79927080,STK
1038,293480,KR7293480000,하나제약,KOSPI,,8420,2,-20,-0.24,8530,8600,8400,29426,248933650,149648205320,17772946,STK
1039,086670,KR7086670007,비엠티,KOSDAQ,우량기업부,15050,1,590,4.08,14530,15180,14530,12622,189161985,149384569250,9925885,KSQ
1040,046440,KR7046440004,KG파이낸셜,KOSDAQ,우량기업부,3930,1,35,0.9,3930,3995,3925,44775,176979785,149382451860,38010802,KSQ
1041,000970,KR7000970004,한국주철관,KOSPI,,6550,1,60,0.92,6500,6610,6500,15028,98457430,149343275000,22800500,STK
1042,464080,KR7464080001,에스오에스랩,KOSDAQ,기술성장기업부,8320,1,460,5.85,8140,8730,8140,134790,1141114285,149319414400,17947045,KSQ
1043,083930,KR7083930008,아바코,KOSDAQ,우량기업부,10150,1,310,3.15,10050,10220,10050,26322,266736850,148974077350,14677249,KSQ
1044,115450,KR7115450009,HLB테라퓨틱스,KOSDAQ,중견기업부,1680,2,-6,-0.36,1662,1715,1633,356392,594477759,148814583120,88580109,KSQ
1045,004970,KR7004970000,신라교역,KOSPI,,9300,1,190,2.09,9130,9500,9120,39024,363362260,148800000000,16000000,STK
1046,001540,KR7001540004,안국약품,KOSDAQ,우량기업부,11400,2,-160,-1.38,11560,11850,11380,53716,625020235,148683588000,13042420,KSQ
1047,032580,KR7032580003,피델릭스,KOSDAQ,중견기업부,4480,2,-90,-1.97,4880,4880,4435,439831,2020316151,148431646720,33132064,KSQ
1048,005960,KR7005960000,동부건설,KOSPI,,6460,1,190,3.03,6300,6600,6230,39549,254429590,148235442980,22946663,STK
1049,090350,KR7090350000,노루페인트,KOSPI,,7410,1,60,0.82,7390,7480,7360,9419,69963880,148200000000,20000000,STK
1050,054800,KR7054800008,아이디스홀딩스,KOSDAQ,중견기업부,14300,1,150,1.06,14160,14730,14000,1958,27908000,147972910800,10347756,KSQ
1051,004090,KR7004090007,한국석유,KOSPI,,11640,1,420,3.74,11220,11660,11090,232216,2651706860,147759556800,12694120,STK
1052,031440,KR7031440001,신세계푸드,KOSPI,,38150,0,0,0.0,0,0,0,0,0,147735112000,3872480,STK
1053,071840,KR7071840003,롯데하이마트,KOSPI,,6220,3,0,0.0,6210,6280,6150,10346,64483540,146839968640,23607712,STK
1054,003830,KR7003830007,대한화섬,KOSPI,,110000,1,800,0.73,111100,111100,110000,3,331100,146080000000,1328000,STK
1055,012210,KR7012210001,삼미금속,KOSDAQ,중견기업부,6330,1,240,3.94,6130,6460,6130,39993,253209665,145916495070,23051579,KSQ
1056,083310,KR7083310003,엘오티베큠,KOSDAQ,우량기업부,8190,1,60,0.74,8390,8510,8160,54955,459360860,145864170270,17810033,KSQ
1057,082800,KR7082800004,비보존 제약,KOSDAQ,중견기업부,2395,2,-25,-1.03,2420,2475,2320,195858,466448730,145423600070,60719666,KSQ
1058,040350,KR7040350001,크레오에스지,KOSDAQ,벤처기업부,7290,1,170,2.39,7120,7380,6830,49380,347695290,144751668840,19856196,KSQ
1059,00279K,KR700279K010,아모레퍼시픽홀딩스3우C,KOSPI,,20400,1,50,0.25,20350,20500,20200,804,16382000,144680880000,7092200,STK
1060,054450,KR7054450002,텔레칩스,KOSDAQ,중견기업부,9520,1,400,4.39,9380,9650,9350,53699,510436635,144173098160,15144233,KSQ
1061,271980,KR7271980005,제일약품,KOSPI,,9790,1,100,1.03,9810,9950,9690,4561,44546650,143960696880,14704872,STK
1062,260970,KR7260970009,에스앤디,KOSDAQ,우량기업부,49500,2,-2500,-4.81,52000,52600,49350,22696,1136408750,143191323000,2892754,KSQ
1063,092070,KR7092070002,디엔에프,KOSDAQ,중견기업부,12360,1,560,4.75,12200,12900,12140,12990,162350250,143028164880,11571858,KSQ
1064,049960,KR7049960008,쎌바이오텍,KOSDAQ,벤처기업부,15170,1,130,0.86,15680,15680,14880,1691,25634890,142598000000,9400000,KSQ
1065,005990,KR7005990007,매일홀딩스,KOSDAQ,우량기업부,10710,1,30,0.28,10700,10900,10620,3657,39107940,142424835840,13298304,KSQ
1066,049630,KR7049630007,재영솔루텍,KOSDAQ,우량기업부,6090,1,340,5.91,5850,6270,5850,185758,1134209490,142381228080,23379512,KSQ
1067,355150,KR7355150004,코스텍시스,KOSDAQ,벤처기업부,18200,1,910,5.26,17510,19180,17510,20560,379693985,141911770000,7797350,KSQ
1068,078070,KR7078070000,유비쿼스홀딩스,KOSDAQ,중견기업부,8310,1,140,1.71,8180,8490,8000,13519,112298880,141758985330,17058843,KSQ
1069,060150,KR7060150000,인선이엔티,KOSDAQ,중견기업부,3110,2,-40,-1.27,3135,3195,3000,49722,155600306,141702833320,45563612,KSQ
1070,338840,KR7338840002,와이바이오로직스,KOSDAQ,기술성장기업부,9210,1,10,0.11,9490,9490,9070,48181,445305550,141527132010,15366681,KSQ
1071,460850,KR7460850001,동국씨엠,KOSPI,,4730,1,70,1.5,4700,4790,4660,38512,181623545,141420642880,29898656,STK
1072,234690,KR7234690006,녹십자웰빙,KOSDAQ,우량기업부,7870,1,20,0.25,7860,8040,7800,33645,264893530,141371092300,17963290,KSQ
1073,260870,KR7260870001,SK시그넷,KONEX,일반기업부,6490,1,10,0.15,6450,6600,6330,1401,9050590,140669108030,21674747,KNX
1074,403850,KR7403850001,더핑크퐁컴퍼니,KOSDAQ,중견기업부,9790,1,50,0.51,9830,10070,9780,30019,296803100,140496387900,14351010,KSQ
1075,101970,KR7101970002,우양에이치씨,KOSDAQ,중견기업부,9440,2,-60,-0.63,9500,9500,9150,8637,81017200,139617684960,14790009,KSQ
1076,264450,KR7264450008,유비쿼스,KOSDAQ,우량기업부,9490,1,90,0.96,9410,9650,9400,13602,129532700,139175528570,14665493,KSQ
1077,000020,KR7000020008,동화약품,KOSPI,,4980,2,-15,-0.3,5000,5090,4945,264166,1318149705,139098720600,27931470,STK
1078,114840,KR7114840002,아이패밀리에스씨,KOSDAQ,우량기업부,8330,1,340,4.26,8130,8400,8130,27762,230554070,138955937050,16681385,KSQ
1079,000520,KR7000520007,삼일제약,KOSPI,,6400,1,170,2.73,6230,6420,6110,61860,386890440,138827590400,21691811,STK
1080,008350,KR7008350001,남선알미늄,KOSPI,,1075,1,6,0.56,1064,1082,1056,630547,673288010,138760021750,129079090,STK
1081,322510,KR7322510009,제이엘케이,KOSDAQ,기술성장기업부,5370,2,-20,-0.37,5390,5540,5150,116329,621203405,138148040040,25725892,KSQ
1082,389020,KR7389020009,자람테크놀로지,KOSDAQ,기술성장기업부,20000,1,600,3.09,19740,20500,19740,18825,378303690,138101640000,6905082,KSQ
1083,094280,KR7094280005,효성ITX,KOSPI,,11930,1,50,0.42,12360,12780,11910,71324,868483115,137889326000,11558200,STK
1084,104480,KR7104480009,티케이케미칼,KOSDAQ,중견기업부,1517,1,40,2.71,1500,1538,1492,216767,326735007,137888373378,90895434,KSQ
1085,049720,KR7049720006,고려신용정보,KOSDAQ,우량기업부,9620,3,0,0.0,9650,9700,9450,14386,137650375,137566000000,14300000,KSQ
1086,119830,KR7119830008,아이텍,KOSDAQ,중견기업부,5180,2,-20,-0.38,5200,5340,5160,76363,398445755,137469616480,26538536,KSQ
1087,067280,KR7067280008,멀티캠퍼스,KOSDAQ,우량기업부,23150,1,350,1.54,22800,23200,22700,1626,37435450,137204933850,5926779,KSQ
1088,126640,KR7126640002,화신정공,KOSDAQ,우량기업부,3910,1,375,10.61,3800,4255,3750,2567105,10341047659,137068608100,35055910,KSQ
1089,003480,KR7003480001,한진중공업홀딩스,KOSPI,,4640,1,20,0.43,4640,4710,4595,15016,69932647,137018327680,29529812,STK
1090,003100,KR7003100005,선광,KOSDAQ,우량기업부,20750,1,450,2.22,20300,21000,20300,13405,278799450,136950000000,6600000,KSQ
1091,041020,KR7041020009,폴라리스오피스,KOSDAQ,벤처기업부,2755,1,135,5.15,2685,2800,2685,174867,482500480,136878849715,49683793,KSQ
1092,462860,KR7462860008,더즌,KOSDAQ,벤처기업부,1905,1,95,5.25,1830,1946,1830,47089,89844553,136696176315,71756523,KSQ
1093,048870,KR7048870000,시너지이노베이션,KOSDAQ,중견기업부,1544,2,-21,-1.34,1565,1580,1530,235000,364338488,136037150872,88106963,KSQ
1094,242040,KR7242040004,나무기술,KOSDAQ,기술성장기업부,3930,1,130,3.42,3860,4015,3860,388159,1532105228,136002617520,34606264,KSQ
1095,090850,KR7090850009,현대이지웰,KOSDAQ,우량기업부,6050,2,-10,-0.17,6060,6190,5820,24641,149261315,135991313150,22477903,KSQ
1096,255220,KR7255220006,SG,KOSDAQ,중견기업부,1240,1,28,2.31,1213,1329,1208,881743,1084040418,135858494480,109563302,KSQ
1097,304100,KR7304100001,솔트룩스,KOSDAQ,기술성장기업부,10770,1,450,4.36,10580,10930,10580,15348,165317410,135635818350,12593855,KSQ
1098,402030,KR7402030001,코난테크놀로지,KOSDAQ,기술성장기업부,10810,1,580,5.67,10420,11040,10420,9021,97712045,135314045280,12517488,KSQ
1099,126700,KR7126700004,하이비젼시스템,KOSDAQ,우량기업부,9050,1,200,2.26,9000,9350,9000,92383,845657200,135226113600,14942112,KSQ
1100,457550,KR7457550002,우진엔텍,KOSDAQ,중견기업부,14490,1,590,4.24,14110,14710,14110,17087,248613425,135031701420,9318958,KSQ
1101,069510,KR7069510006,에스텍,KOSDAQ,우량기업부,12360,2,-60,-0.48,12420,12540,12330,5540,68696250,134847600000,10910000,KSQ
1102,382900,KR7382900009,범한퓨얼셀,KOSDAQ,벤처기업부,15330,1,480,3.23,15150,15600,15100,32107,491207220,134306130000,8761000,KSQ
1103,015890,KR7015890007,태경산업,KOSPI,,4580,1,5,0.11,4580,4610,4565,11112,50943315,133867675000,29228750,STK
1104,205500,KR7205500002,넥써쓰,KOSDAQ,중견기업부,1643,1,37,2.3,1606,1666,1597,158350,256955366,133715628935,81385045,KSQ
1105,334970,KR7334970001,프레스티지바이오로직스,KOSDAQ,기술성장기업부,1717,2,-67,-3.76,1856,1856,1710,98795,171265596,133501277729,77752637,KSQ
1106,023600,KR7023600000,삼보판지,KOSDAQ,우량기업부,8330,1,30,0.36,8300,8400,8200,7325,60607290,133349139000,16008300,KSQ
1107,310200,KR7310200001,애니플러스,KOSDAQ,중견기업부,2555,1,115,4.71,2440,2585,2400,216757,541411456,133276045980,52162836,KSQ
1108,357880,KR7357880004,SKAI,KOSDAQ,기술성장기업부,2515,1,50,2.03,2475,2635,2440,589980,1495979018,133144220720,52940048,KSQ
1109,006060,KR7006060008,화승인더,KOSPI,,2405,1,5,0.21,2410,2425,2385,27517,66100035,133044600000,55320000,STK
1110,095190,KR7095190005,신화프리텍,KOSDAQ,중견기업부,2035,2,-20,-0.97,2055,2070,2015,44045,89534120,132805040170,65260462,KSQ
1111,413630,KR7413630005,씨피시스템,KOSDAQ,벤처기업부,3635,1,260,7.7,3445,4095,3395,14613223,56039390519,132447059175,36436605,KSQ
1112,382800,KR7382800001,지앤비에스 에코,KOSDAQ,우량기업부,4150,1,145,3.62,4100,4305,4100,142860,603370936,132098820150,31831041,KSQ
1113,269620,KR7269620001,시스웍,KOSDAQ,관리종목(소속부없음),889,0,0,0.0,0,0,0,0,0,132090012299,148582691,KSQ
1114,035610,KR7035610005,솔본,KOSDAQ,투자주의환기종목(소속부없음),4820,1,35,0.73,4785,4890,4660,77623,369775336,131807705540,27345997,KSQ
1115,474650,KR7474650009,링크솔루션,KOSDAQ,기술성장기업부,22900,1,2650,13.09,21800,23450,21500,61429,1385231350,131721532800,5752032,KSQ
1116,013990,KR7013990007,아가방컴퍼니,KOSDAQ,우량기업부,3990,1,20,0.5,3940,4075,3860,272812,1087477985,131221268640,32887536,KSQ
1117,272550,KR7272550005,삼양패키징,KOSPI,,8660,1,30,0.35,8590,8710,8590,9746,84253730,130492395960,15068406,STK
1118,004080,KR7004080008,신흥,KOSPI,,14030,3,0,0.0,14030,14030,14000,725,10163750,130479000000,9300000,STK
1119,217950,KR7217950005,파마리서치바이오,KONEX,일반기업부,31150,1,450,1.47,30950,31150,30400,62,1916600,130307926000,4183240,KNX
1120,020120,KR7020120002,키다리스튜디오,KOSPI,,3500,2,-85,-2.37,3590,3620,3490,44837,159082280,129723181000,37063766,STK
1121,418550,KR7418550000,제이오,KOSDAQ,기술성장기업부,4050,1,110,2.79,4050,4160,3980,59505,241510860,129671575650,32017673,KSQ
1122,445180,KR7445180003,퓨릿,KOSDAQ,우량기업부,7540,1,20,0.27,7550,7810,7500,19826,151589830,129606477520,17189188,KSQ
1123,025820,KR7025820002,이구산업,KOSPI,,3875,1,110,2.92,3810,3895,3800,155881,599529374,129587750000,33442000,STK
1124,405100,KR7405100009,큐알티,KOSDAQ,중견기업부,10540,1,110,1.05,10550,10910,10490,30165,322432575,129529232540,12289301,KSQ
1125,0007C0,KR70007C0003,아크릴,KOSDAQ,기술성장기업부,16110,1,260,1.64,16120,17000,15850,86474,1416492955,129368519640,8030324,KSQ
1126,226590,KR7226590008,엠디바이스,KOSDAQ,기술성장기업부,12000,1,1010,9.19,11400,12530,11400,66864,808339065,128601408000,10716784,KSQ
1127,094840,KR7094840006,슈프리마에이치큐,KOSDAQ,벤처기업부,13100,1,190,1.47,13200,13250,12400,20187,262471580,128460027900,9806109,KSQ
1128,274090,KR7274090000,켄코아에어로스페이스,KOSDAQ,기술성장기업부,9320,1,360,4.02,9150,9530,9150,96052,902184650,128375609240,13774207,KSQ
1129,088800,KR7088800008,에이스테크,KOSDAQ,중견기업부,1698,1,71,4.36,1675,1745,1647,77224,131349361,128209924932,75506434,KSQ
1130,0088M0,KR70088M0003,메쥬,KOSDAQ,기술성장기업부,12960,1,130,1.01,12890,13480,12650,36261,467692920,128067480000,9881750,KSQ
1131,394420,KR7394420004,리센스메디컬,KOSDAQ,기술성장기업부,11700,1,200,1.74,11590,11850,10900,128720,1454807075,127938774600,10934938,KSQ
1132,147830,KR7147830004,제룡산업,KOSDAQ,벤처기업부,6390,1,190,3.06,6340,6480,6320,96115,615722150,127800000000,20000000,KSQ
1133,146320,KR7146320007,비씨엔씨,KOSDAQ,벤처기업부,9980,1,90,0.91,10130,10390,9910,8132,81877750,127723271540,12797923,KSQ
1134,950190,KR8344390008,고스트스튜디오,KOSDAQ,외국기업(소속부없음),9800,1,370,3.92,9430,9840,9380,64524,625540050,127567178200,13017059,KSQ
1135,388050,KR7388050007,지투파워,KOSDAQ,우량기업부,6800,1,290,4.45,6610,6830,6610,100870,680937450,127224171600,18709437,KSQ
1136,037350,KR7037350006,성도이엔지,KOSDAQ,우량기업부,8320,1,320,4.0,8230,8410,8200,97539,809717020,126547200000,15210000,KSQ
1137,118990,KR7118990001,모트렉스,KOSDAQ,우량기업부,5150,1,100,1.98,5110,5200,5110,25310,130129130,126367460650,24537371,KSQ
1138,005160,KR7005160007,동국산업,KOSDAQ,중견기업부,2325,1,45,1.97,2300,2365,2290,49045,113612425,126118420650,54244482,KSQ
1139,339950,KR7339950008,아이비김영,KOSDAQ,우량기업부,2805,1,75,2.75,2740,2830,2680,93886,262033832,126075367275,44946655,KSQ
1140,102120,KR7102120003,어보브반도체,KOSDAQ,벤처기업부,7080,1,290,4.27,7140,7180,6960,91317,648810595,125887731240,17780753,KSQ
1141,013520,KR7013520002,화승코퍼레이션,KOSPI,,2515,1,25,1.0,2500,2585,2470,96995,244133590,125878898780,50051252,STK
1142,086890,KR7086890001,이수앱지스,KOSDAQ,중견기업부,3085,2,-15,-0.48,3120,3145,3060,56842,176544250,125790696070,40774942,KSQ
1143,036690,KR7036690006,코맥스,KOSDAQ,관리종목(소속부없음),2885,0,0,0.0,0,0,0,0,0,125692107675,43567455,KSQ
1144,136540,KR7136540002,윈스테크넷,KOSDAQ,우량기업부,10200,1,90,0.89,10130,10430,10130,14028,143735700,125253409200,12279746,KSQ
1145,086980,KR7086980000,쇼박스,KOSDAQ,중견기업부,2002,1,25,1.26,1985,2045,1979,60864,122549403,125000876000,62438000,KSQ
1146,300080,KR7300080009,플리토,KOSDAQ,기술성장기업부,7570,1,260,3.56,7490,7700,7350,28864,216698490,124946264070,16505451,KSQ
1147,371950,KR7371950007,풍원정밀,KOSDAQ,기술성장기업부,5490,2,-60,-1.08,5550,5800,5490,21553,120828930,124417388520,22662548,KSQ
1148,004150,KR7004150009,한솔홀딩스,KOSPI,,3030,1,35,1.17,3010,3060,3010,26771,81316990,124310658600,41026620,STK
1149,293580,KR7293580007,나우IB,KOSDAQ,중견기업부,1307,1,67,5.4,1274,1315,1269,212599,273900781,124073444650,94929950,KSQ
1150,107590,KR7107590002,미원홀딩스,KOSPI,,53400,3,0,0.0,53400,54500,53400,27,1442900,123888000000,2320000,STK
1151,024090,KR7024090003,디씨엠,KOSPI,,10860,1,70,0.65,10710,10900,10710,2328,25160030,123804000000,11400000,STK
1152,451760,KR7451760003,컨텍,KOSDAQ,기술성장기업부,7470,1,360,5.06,7300,7650,7300,44558,335320890,123313071780,16507774,KSQ
1153,388790,KR7388790008,라이콤,KOSDAQ,벤처기업부,4000,1,160,4.17,3995,4160,3900,230722,936270782,122456640000,30614160,KSQ
1154,066590,KR7066590001,스모트로닉,KOSDAQ,중견기업부,3165,2,-20,-0.63,3635,3705,3125,12775602,43132344015,122415670605,38677937,KSQ
1155,001360,KR7001360007,삼성제약,KOSPI,,1300,3,0,0.0,1292,1313,1286,206501,268068794,122410702700,94162079,STK
1156,408920,KR7408920007,메쎄이상,KOSDAQ,우량기업부,2830,3,0,0.0,2810,2910,2810,13537,38535485,122347847650,43232455,KSQ
1157,478340,KR7478340003,나라스페이스테크놀로지,KOSDAQ,기술성장기업부,10560,1,180,1.73,10510,10960,10490,28984,309945195,122180604480,11570133,KSQ
1158,297890,KR7297890006,HB솔루션,KOSDAQ,우량기업부,1670,1,63,3.92,1640,1689,1640,182706,304608244,122145326380,73140914,KSQ
1159,264660,KR7264660002,씨앤지하이테크,KOSDAQ,우량기업부,12560,1,140,1.13,12720,13000,12420,22971,290313330,122097920320,9721172,KSQ
1160,489500,KR7489500009,엘케이켐,KOSDAQ,벤처기업부,19100,1,710,3.86,18910,19310,18730,11842,225058920,122072645800,6391238,KSQ
1161,081000,KR7081000002,일진다이아,KOSPI,,8590,1,170,2.02,8740,8740,8520,19435,167473020,122003555250,14202975,STK
1162,067290,KR7067290007,JW신약,KOSDAQ,중견기업부,2170,1,25,1.17,2185,2290,2065,11821907,25689552567,121600513510,56037103,KSQ
1163,007540,KR7007540008,샘표,KOSPI,,42250,1,250,0.6,42500,42900,42050,3602,152326375,121502550000,2875800,STK
1164,214390,KR7214390007,경보제약,KOSPI,,5080,2,-110,-2.12,5270,5270,5060,15875,81063585,121446848800,23906860,STK
1165,361390,KR7361390008,제노코,KOSDAQ,벤처기업부,12470,1,350,2.89,12210,12950,12210,21285,269605720,121412671070,9736381,KSQ
1166,350520,KR7350520003,이지스레지던스리츠,KOSPI,,3290,2,-5,-0.15,3340,3340,3275,23298,76642588,121289804580,36866202,STK
1167,038290,KR7038290003,마크로젠,KOSDAQ,중견기업부,11180,2,-70,-0.62,11250,11390,11060,31278,351694910,121206852000,10841400,KSQ
1168,149950,KR7149950008,아바텍,KOSDAQ,우량기업부,8860,1,190,2.19,8900,9300,8800,66273,595438680,121095848580,13667703,KSQ
1169,012610,KR7012610002,경인양행,KOSPI,,2905,1,60,2.11,2860,2955,2860,113189,329493044,120895540325,41616365,STK
1170,372170,KR7372170001,윤성에프앤씨,KOSDAQ,우량기업부,15120,1,230,1.54,14940,15600,14940,11913,180782160,120643205760,7979048,KSQ
1171,077500,KR7077500007,유니퀘스트,KOSPI,,5580,1,240,4.49,5440,5680,5440,46374,258593670,120528569160,21600102,STK
1172,256940,KR7256940008,킵스파마,KOSDAQ,벤처기업부,6000,1,260,4.53,5710,6100,5660,52641,306624275,120468882000,20078147,KSQ
1173,101360,KR7101360006,에코앤드림,KOSDAQ,벤처기업부,6770,1,260,3.99,6730,6940,6630,25903,174964130,120411991780,17786114,KSQ
1174,293780,KR7293780003,압타바이오,KOSDAQ,기술성장기업부,4270,1,125,3.02,4150,4400,4150,30055,128587765,119958839350,28093405,KSQ
1175,214420,KR7214420002,토니모리,KOSPI,,4980,1,60,1.22,4965,5070,4900,57249,284995057,119792899020,24054799,STK
1176,027710,KR7027710003,팜스토리,KOSDAQ,우량기업부,1075,1,10,0.94,1065,1079,1062,401442,430052946,119772845000,111416600,KSQ
1177,037070,KR7037070000,파세코,KOSDAQ,중견기업부,5980,2,-130,-2.13,6170,6280,5830,621415,3743028390,119600000000,20000000,KSQ
1178,109740,KR7109740001,디에스케이,KOSDAQ,벤처기업부,4645,2,-65,-1.38,5160,5160,4630,6646,31285570,119424761550,25710390,KSQ
1179,037560,KR7037560000,LG헬로비전,KOSPI,,1541,1,21,1.38,1520,1570,1520,126297,195473194,119345618965,77446865,STK
1180,210540,KR7210540001,디와이파워,KOSPI,,10780,1,90,0.84,10800,10880,10720,22076,238273920,119029612240,11041708,STK
1181,458650,KR7458650009,성우,KOSDAQ,벤처기업부,7910,1,210,2.73,7660,7920,7660,6730,52792950,119011249700,15045670,KSQ
1182,005800,KR7005800008,신영와코루,KOSPI,,13220,2,-30,-0.23,13160,13220,13100,1398,18372380,118980000000,9000000,STK
1183,340450,KR7340450006,지씨지놈,KOSDAQ,기술성장기업부,5030,2,-100,-1.95,5150,5180,4980,86082,436372668,118963488790,23650793,KSQ
1184,199430,KR7199430000,케이엔알시스템,KOSDAQ,기술성장기업부,10620,1,1470,16.07,10050,11000,9810,64023,673959880,118912596660,11197043,KSQ
1185,126730,KR7126730001,코칩,KOSDAQ,벤처기업부,13550,1,650,5.04,13400,14140,13130,34599,473446220,118835207300,8770126,KSQ
1186,009270,KR7009270000,신원,KOSPI,,1035,1,9,0.88,1044,1044,1021,145024,149836381,118787356755,114770393,STK
1187,011690,KR7011690005,와이투솔루션,KOSPI,,3230,1,110,3.53,3245,3385,3160,161090,526133000,118555192620,36704394,STK
1188,402490,KR7402490007,그린리소스,KOSDAQ,기술성장기업부,7000,1,290,4.32,6990,7130,6890,67378,473040850,118546519000,16935217,KSQ
1189,058820,KR7058820002,CMG제약,KOSDAQ,중견기업부,800,1,1,0.13,801,826,797,448223,360095958,118498844800,148123556,KSQ
1190,089470,KR7089470009,HDC현대EP,KOSPI,,3700,1,130,3.64,3745,3750,3575,25934,95674935,118030000000,31900000,STK
1191,140670,KR7140670001,알에스오토메이션,KOSDAQ,중견기업부,9160,1,650,7.64,9180,9650,8940,157341,1460353420,117612934400,12839840,KSQ
1192,089600,KR7089600001,KT나스미디어,KOSDAQ,우량기업부,10160,1,230,2.32,9900,10160,9900,2566,25929380,117532536080,11568163,KSQ
1193,232680,KR7232680009,라온로보틱스,KOSDAQ,기술성장기업부,8860,1,560,6.75,8900,9810,8780,285366,2612307640,117461450000,13257500,KSQ
1194,009070,KR7009070004,KCTC,KOSPI,,3915,1,45,1.16,3860,4130,3860,51085,202139825,117450000000,30000000,STK
1195,004960,KR7004960001,한신공영,KOSPI,,10150,1,320,3.26,9910,10200,9850,15243,153112810,117442625300,11570702,STK
1196,285490,KR7285490009,노바텍,KOSDAQ,벤처기업부,11090,1,340,3.16,10760,11150,10760,9705,107180815,117285965790,10575831,KSQ
1197,012200,KR7012200002,계양전기,KOSPI,,4290,1,205,5.02,4350,4610,4215,426713,1864379722,116785936410,27222829,STK
1198,321550,KR7321550006,티움바이오,KOSDAQ,기술성장기업부,3875,1,70,1.84,3805,4035,3730,122074,477069296,116399090625,30038475,KSQ
1199,041590,KR7041590001,플래스크,KOSDAQ,관리종목(소속부없음),2370,0,0,0.0,0,0,0,0,0,116064014460,48972158,KSQ
1200,453450,KR7453450009,그리드위즈,KOSDAQ,중견기업부,14610,1,690,4.96,14140,15040,14140,57197,840002970,116043577500,7942750,KSQ
1201,002390,KR7002390003,한독,KOSPI,,8410,1,180,2.19,8220,8650,8210,9543,80184245,115751312530,13763533,STK
1202,078000,KR7078000007,텔코웨어,KOSPI,,12490,2,-10,-0.08,12500,12600,12350,5184,64795960,115408561730,9240077,STK
1203,083500,KR7083500009,에프엔에스테크,KOSDAQ,우량기업부,13880,1,450,3.35,13820,14230,13550,28910,401791060,115292512760,8306377,KSQ
1204,034590,KR7034590000,인천도시가스,KOSPI,,26350,1,100,0.38,26200,26400,26150,2169,57185350,115274767900,4374754,STK
1205,331920,KR7331920009,셀레믹스,KOSDAQ,기술성장기업부,10300,1,500,5.1,10620,10620,9260,87491,868065070,115170016500,11181555,KSQ
1206,008970,KR7008970006,KBI동양철관,KOSPI,,1107,1,37,3.46,1080,1116,1080,453345,499728902,114869966049,103766907,STK
1207,018470,KR7018470005,조일알미늄,KOSPI,,906,1,4,0.44,903,919,890,323951,292599685,114728339226,126631721,STK
1208,267290,KR7267290005,경동도시가스,KOSPI,,19460,1,380,1.99,19100,19460,18880,5386,104113920,114724600760,5895406,STK
1209,021320,KR7021320007,KCC건설,KOSDAQ,우량기업부,5360,1,40,0.75,5340,5450,5240,20962,112011830,114704000000,21400000,KSQ
1210,142210,KR7142210004,유니트론텍,KOSDAQ,우량기업부,5520,1,140,2.6,5480,5690,5450,76525,425534500,114547744560,20751403,KSQ
1211,014280,KR7014280002,금강공업,KOSPI,,3905,1,35,0.9,3950,3965,3885,19617,76972595,114531139085,29329357,STK
1212,432720,KR7432720001,퀄리타스반도체,KOSDAQ,기술성장기업부,8070,1,320,4.13,8040,8350,7970,77216,627968695,114493706040,14187572,KSQ
1213,067990,KR7067990002,도이치모터스,KOSDAQ,우량기업부,3920,1,15,0.38,3900,3985,3900,46288,182424770,114391676000,29181550,KSQ
1214,051160,KR7051160000,지어소프트,KOSDAQ,중견기업부,7380,1,140,1.93,7220,7470,7190,19112,140638220,114201293400,15474430,KSQ
1215,002780,KR7002780005,진흥기업,KOSPI,,785,1,33,4.39,780,815,771,1196435,939955266,114195319825,145471745,STK
1216,473980,KR7473980001,노머스,KOSDAQ,기술성장기업부,10310,1,220,2.18,10500,10880,10220,34622,360757090,114021609820,11059322,KSQ
1217,259630,KR7259630002,엠플러스,KOSDAQ,우량기업부,9320,1,260,2.87,9130,9420,9120,40014,371332505,113912730720,12222396,KSQ
1218,211270,KR7211270004,AP위성,KOSDAQ,우량기업부,7550,1,260,3.57,7380,7750,7380,49042,372986475,113871395200,15082304,KSQ
1219,122450,KR7122450000,KX,KOSDAQ,중견기업부,2535,2,-5,-0.2,2565,2565,2520,13121,33210596,113618279190,44819834,KSQ
1220,079430,KR7079430005,현대리바트,KOSPI,,5640,1,80,1.44,5520,5740,5520,7451,42008450,113444099280,20114202,STK
1221,489460,KR7489460006,바이오비쥬,KOSDAQ,벤처기업부,7500,1,920,13.98,6700,7730,6680,406879,2935605600,112833225000,15044430,KSQ
1222,011280,KR7011280005,태림포장,KOSPI,,1590,2,-10,-0.63,1589,1636,1588,24576,39248482,112581444600,70805940,STK
1223,041520,KR7041520008,이엘씨,KOSDAQ,투자주의환기종목(소속부없음),9220,1,350,3.95,8990,9350,8990,11511,106362180,112380090600,12188730,KSQ
1224,014530,KR7014530000,극동유화,KOSPI,,3220,1,40,1.26,3185,3230,3160,45007,144167450,112279532400,34869420,STK
1225,469610,KR7469610000,이노테크,KOSDAQ,중견기업부,12540,1,380,3.13,12730,12820,12350,51563,649705160,112143966000,8942900,KSQ
1226,049520,KR7049520000,유아이엘,KOSDAQ,우량기업부,3635,2,-10,-0.27,3645,3700,3610,37991,137911837,112112941875,30842625,KSQ
1227,267320,KR7267320000,나인테크,KOSDAQ,벤처기업부,1945,1,81,4.35,1900,1960,1900,197752,382033748,111672748775,57415295,KSQ
1228,051980,KR7051980001,중앙첨단소재,KOSDAQ,중견기업부,1000,1,46,4.82,955,1006,955,417169,411581928,111091709000,111091709,KSQ
1229,002460,KR7002460004,HS화성,KOSPI,,10910,1,220,2.06,10700,11000,10600,6602,71374740,110736500000,10150000,STK
1230,240550,KR7240550004,동방메디컬,KOSDAQ,중견기업부,5280,2,-230,-4.17,5570,5680,5260,67036,363909780,110531203200,20933940,KSQ
1231,307750,KR7307750000,국전,KOSDAQ,중견기업부,2045,1,40,2.0,2015,2085,2005,81582,166872455,110401958960,53986288,KSQ
1232,014580,KR7014580005,태경비케이,KOSPI,,4000,1,40,1.01,3965,4055,3955,33591,134760561,110332400000,27583100,STK
1233,080420,KR7080420003,모다이노칩,KOSDAQ,중견기업부,1383,1,14,1.02,1369,1439,1347,8259,11379076,110255003226,79721622,KSQ
1234,452450,KR7452450000,피아이이,KOSDAQ,벤처기업부,3060,1,175,6.07,3065,3360,3005,117247,362234416,110247210000,36028500,KSQ
1235,008040,KR7008040008,사조동아원,KOSPI,,781,2,-7,-0.89,800,800,760,266776,206015885,110233932600,141144600,STK
1236,227840,KR7227840006,현대코퍼레이션홀딩스,KOSPI,,12110,1,110,0.92,11950,12290,11950,12175,148111950,110211123960,9100836,STK
1237,289080,KR7289080004,SV인베스트먼트,KOSDAQ,중견기업부,1831,1,49,2.75,1810,1869,1810,211731,389367193,110113104623,60138233,KSQ
1238,282880,KR7282880004,코윈테크,KOSDAQ,우량기업부,9410,1,270,2.95,9270,9640,9270,21920,207237760,110041311620,11694082,KSQ
1239,106190,KR7106190002,하이텍팜,KOSDAQ,우량기업부,10330,2,-10,-0.1,10340,10710,10130,25133,262433540,109840677090,10633173,KSQ
1240,054050,KR7054050000,NH농우바이오,KOSDAQ,우량기업부,6850,1,10,0.15,6820,6950,6820,10725,73866390,109809342850,16030561,KSQ
1241,011810,KR7011810009,STX,KOSPI,,3530,0,0,0.0,0,0,0,0,0,109493282310,31017927,STK
1242,053080,KR7053080008,케이엔솔,KOSDAQ,중견기업부,8400,1,190,2.31,8230,8540,8230,55291,462619755,109198378800,12999807,KSQ
1243,263860,KR7263860009,지니언스,KOSDAQ,벤처기업부,12000,1,230,1.95,11930,12200,11850,20496,245861520,108955200000,9079600,KSQ
1244,038540,KR7038540001,상상인,KOSDAQ,중견기업부,1968,1,26,1.34,1942,1980,1931,32743,64166411,108886119984,55328313,KSQ
1245,010100,KR7010100006,한국무브넥스,KOSPI,,3575,1,175,5.15,3450,3630,3450,82115,294099447,108860251500,30450420,STK
1246,041440,KR7041440009,현대에버다임,KOSDAQ,우량기업부,6090,1,80,1.33,6020,6290,6020,56957,350466360,108656026080,17841712,KSQ
1247,067900,KR7067900001,와이엔텍,KOSDAQ,우량기업부,5970,1,10,0.17,5960,6070,5920,27817,166499820,108651964230,18199659,KSQ
1248,095700,KR7095700001,제넥신,KOSDAQ,기술성장기업부,2385,1,30,1.27,2355,2415,2345,43802,104152524,108614078190,45540494,KSQ
1249,073010,KR7073010001,케이에스피,KOSDAQ,우량기업부,2700,1,55,2.08,2650,2735,2650,68131,184089351,108516375000,40191250,KSQ
1250,018120,KR7018120006,진로발효,KOSDAQ,우량기업부,16370,2,-90,-0.55,16460,16560,16350,872,14312290,108387734400,6621120,KSQ
1251,0039P0,KR70039P0000,매드업,KOSDAQ,기술성장기업부,5760,1,60,1.05,5780,6150,5420,2832473,16366456340,108330624000,18807400,KSQ
1252,001520,KR7001520006,동양,KOSPI,,1009,1,29,2.96,979,1010,974,301805,299811007,108086130288,107122032,STK
1253,042600,KR7042600007,새로닉스,KOSDAQ,중견기업부,8700,1,340,4.07,8390,8880,8380,4056,35125380,108085093800,12423574,KSQ
1254,148150,KR7148150006,세경하이테크,KOSDAQ,우량기업부,3040,1,120,4.11,2940,3060,2940,66339,199988580,108050166720,35542818,KSQ
1255,016710,KR7016710006,대성홀딩스,KOSPI,,6710,2,-30,-0.45,6820,6820,6650,5092,34064215,107960269890,16089459,STK
1256,083420,KR7083420000,그린케미칼,KOSPI,,4490,1,40,0.9,4420,4560,4420,10418,46709510,107760000000,24000000,STK
1257,418420,KR7418420006,라온텍,KOSDAQ,기술성장기업부,3490,1,175,5.28,3355,3600,3290,106345,370670421,107403207420,30774558,KSQ
1258,009780,KR7009780008,엠에스씨,KOSDAQ,우량기업부,6090,1,50,0.83,6120,6120,6050,382,2322760,107184000000,17600000,KSQ
1259,047310,KR7047310008,파워로직스,KOSDAQ,우량기업부,2925,1,75,2.63,2905,3050,2900,110295,323939160,107086458375,36610755,KSQ
1260,108230,KR7108230004,톱텍,KOSDAQ,우량기업부,2815,1,25,0.9,2775,2920,2770,21218,60130860,107035434675,38023245,KSQ
1261,308080,KR7308080001,바이젠셀,KOSDAQ,기술성장기업부,5220,1,150,2.96,5080,5380,5080,95907,503782330,107006137200,20499260,KSQ
1262,091440,KR7091440008,한울소재과학,KOSDAQ,투자주의환기종목(소속부없음),3195,1,280,9.61,2915,3300,2860,550242,1702939875,106795750500,33425900,KSQ
1263,004250,KR7004250007,NPC,KOSPI,,2907,1,2,0.07,2910,2915,2870,15386,44496787,106745040000,36720000,STK
1264,290720,KR7290720002,푸드나무,KOSDAQ,중견기업부,3005,2,-10,-0.33,3100,3100,2985,5553,16759200,106556551755,35459751,KSQ
1265,474170,KR7474170008,루미르,KOSDAQ,기술성장기업부,5980,1,210,3.64,5880,6140,5880,50447,302768540,106549822080,17817696,KSQ
1266,120240,KR7120240007,대정화금,KOSDAQ,우량기업부,14800,1,160,1.09,14650,14880,14530,27296,401928020,106417786800,7190391,KSQ
1267,002620,KR7002620003,제일파마홀딩스,KOSPI,,6660,1,110,1.68,6550,6730,6520,1520,10120060,106382544300,15973355,STK
1268,063570,KR7063570006,NICE인프라,KOSDAQ,우량기업부,3115,1,10,0.32,3105,3145,3100,20970,65533175,106370172720,34147728,KSQ
1269,006660,KR7006660005,삼성공조,KOSPI,,13070,2,-30,-0.23,13350,14330,12930,1262434,17305148310,106210923980,8126314,STK
1270,012320,KR7012320008,경동인베스트,KOSPI,,44850,1,1200,2.75,44450,44900,44100,3135,139568200,106071281550,2365023,STK
1271,417500,KR7417500006,제이아이테크,KOSDAQ,우량기업부,3235,1,120,3.85,3140,3285,3140,85263,275910325,106058646840,32784744,KSQ
1272,120030,KR7120030002,조선선재,KOSPI,,84300,2,-700,-0.82,85000,85700,83900,345,29049000,106019979300,1257651,STK
1273,093640,KR7093640001,케이알엠,KOSDAQ,벤처기업부,3220,1,100,3.21,3180,3240,3105,52331,165574260,105756765520,32843716,KSQ
1274,056090,KR7056090004,시지메드텍,KOSDAQ,벤처기업부,1022,2,-13,-1.26,1035,1095,1015,625651,652562915,105530734792,103259036,KSQ
1275,035080,KR7035080001,그래디언트,KOSDAQ,중견기업부,9220,1,180,1.99,9040,9280,9040,18887,173666850,105396438480,11431284,KSQ
1276,053700,KR7053700001,삼보모터스,KOSDAQ,우량기업부,3945,1,60,1.54,3950,4025,3930,146735,582469686,105393661365,26715757,KSQ
1277,210980,KR7210980009,SK디앤디,KOSPI,,5660,1,50,0.89,5770,5800,5510,67118,382757965,105374382120,18617382,STK
1278,217270,KR7217270008,넵튠,KOSDAQ,중견기업부,2240,1,10,0.45,2250,2275,2200,18204,40740980,104687840320,46735643,KSQ
1279,205100,KR7205100001,엑셈,KOSDAQ,벤처기업부,1481,1,31,2.14,1452,1562,1452,371430,564833436,104686592463,70686423,KSQ
1280,092220,KR7092220003,KEC,KOSPI,,2600,2,-45,-1.7,2660,2690,2485,397365,1043164668,104396832800,40152628,STK
1281,338220,KR7338220007,뷰노,KOSDAQ,기술성장기업부,7440,1,90,1.22,7650,7810,7440,23176,176261870,104173563120,14001823,KSQ
1282,101170,KR7101170009,우림피티에스,KOSDAQ,벤처기업부,7710,1,750,10.78,7640,8190,7330,339056,2625239400,104085000000,13500000,KSQ
1283,220260,KR7220260004,켐트로스,KOSDAQ,벤처기업부,3245,1,50,1.56,3215,3335,3215,63144,206070100,104073818475,32072055,KSQ
1284,059210,KR7059210005,메타바이오메드,KOSDAQ,우량기업부,3820,2,-25,-0.65,3870,3910,3765,107265,406408569,103794919900,27171445,KSQ
1285,005860,KR7005860002,한일사료,KOSDAQ,우량기업부,2630,1,60,2.33,2585,2650,2520,1535827,3991689725,103631691550,39403685,KSQ
1286,019180,KR7019180009,티에이치엔,KOSPI,,5730,1,120,2.14,5630,5840,5630,53084,305273470,103140000000,18000000,STK
1287,248170,KR7248170003,샘표식품,KOSPI,,22550,1,50,0.22,22800,23000,22400,20380,461579175,103014849300,4568286,STK
1288,032940,KR7032940009,원익,KOSDAQ,우량기업부,5660,1,320,5.99,5590,5890,5550,74831,429079470,102973681800,18193230,KSQ
1289,488280,KR7488280009,에스투더블유,KOSDAQ,기술성장기업부,9530,1,280,3.03,9470,9740,9360,20119,191879605,102957221580,10803486,KSQ
1290,039340,KR7039340005,한국경제TV,KOSDAQ,우량기업부,4670,2,-30,-0.64,4705,4735,4610,5787,26837882,102740000000,22000000,KSQ
1291,021080,KR7021080007,에이티넘인베스트,KOSDAQ,우량기업부,2140,1,40,1.9,2125,2175,2120,252184,540255207,102720000000,48000000,KSQ
1292,311320,KR7311320006,지오엘리먼트,KOSDAQ,기술성장기업부,8140,1,160,2.01,8320,8550,8070,24363,203797090,102682518400,12614560,KSQ
1293,267850,KR7267850006,아시아나IDT,KOSPI,,9250,2,-50,-0.54,9290,9360,9240,5914,54861340,102675000000,11100000,STK
1294,192410,KR7192410009,오늘이엔엠,KOSDAQ,중견기업부,4075,2,-175,-4.12,4250,4330,3900,43852,180405925,102632579175,25185909,KSQ
1295,059120,KR7059120006,아진엑스텍,KOSDAQ,벤처기업부,5590,1,280,5.27,5910,6100,5510,2044454,11859393385,102353268940,18310066,KSQ
1296,073560,KR7073560005,우리손에프앤지,KOSDAQ,우량기업부,1478,2,-35,-2.31,1506,1513,1477,201398,299629911,102333236354,69237643,KSQ
1297,017550,KR7017550005,수산세보틱스,KOSPI,,1637,1,45,2.83,1612,1657,1612,187961,307663339,102147375810,62399130,STK
1298,297090,KR7297090003,씨에스베어링,KOSDAQ,투자주의환기종목(소속부없음),3725,1,100,2.76,3700,3800,3700,61593,230537607,101580750000,27270000,KSQ
1299,070960,KR7070960000,모나용평,KOSPI,,2110,1,10,0.48,2100,2160,2080,5279,11188905,101561332630,48133333,STK
1300,017510,KR7017510009,세명전기,KOSDAQ,벤처기업부,6650,1,220,3.42,6530,6720,6530,104993,696776665,101385900000,15246000,KSQ
1301,006620,KR7006620009,동구바이오제약,KOSDAQ,우량기업부,3560,1,20,0.56,3560,3650,3540,31573,112975059,101335371520,28464992,KSQ
1302,366030,KR7366030005,나인앤컴퍼니,KOSDAQ,중견기업부,4470,2,-295,-6.19,4800,4900,4390,96779,442012919,101262709500,22653850,KSQ
1303,002450,KR7002450005,삼익악기,KOSPI,,1116,2,-7,-0.62,1125,1140,1107,70276,78621541,101032501140,90530915,STK
1304,119650,KR7119650000,KC코트렐,KOSPI,,918,0,0,0.0,0,0,0,0,0,100782913662,109785309,STK
1305,264900,KR7264900002,크라운제과,KOSPI,,8030,3,0,0.0,8030,8090,7990,2682,21513760,100566515500,12523850,STK
1306,115310,KR7115310005,인포바인,KOSDAQ,벤처기업부,6780,2,-20,-0.29,6750,7070,6660,5886,40198065,100557902220,14831549,KSQ
1307,078935,KR7078931003,GS우,KOSPI,,56400,1,1600,2.92,54300,56900,54300,7588,426744550,100373726400,1779676,STK
1308,015590,KR7015590003,DKME,KOSPI,,1877,1,8,0.43,1854,1899,1835,45401,84221083,100224870116,53396308,STK
1309,071280,KR7071280002,로체시스템즈,KOSDAQ,우량기업부,6550,1,360,5.82,6340,6700,6330,53727,350429840,100192749650,15296603,KSQ
1310,009580,KR7009580002,무림P&P,KOSPI,,1605,1,27,1.71,1578,1630,1578,26610,42775632,100101160020,62368324,STK
1311,246710,KR7246710008,티앤알바이오팹,KOSDAQ,기술성장기업부,2100,1,60,2.94,2020,2125,2020,51144,106628043,100095458400,47664504,KSQ
1312,100700,KR7100700004,세운메디칼,KOSDAQ,우량기업부,2285,2,-25,-1.08,2310,2335,2255,31365,71633810,100083000000,43800000,KSQ
1313,013570,KR7013570007,디와이,KOSPI,,3800,1,65,1.74,3765,3840,3765,28644,109097500,100014605400,26319633,STK
1314,362320,KR7362320004,청담글로벌,KOSDAQ,중견기업부,4720,2,-35,-0.74,4630,5000,4630,320903,1545796785,99834088800,21151290,KSQ
1315,012800,KR7012800009,대창,KOSPI,,1095,1,17,1.58,1085,1112,1085,182070,200578369,99798846405,91140499,STK
1316,153890,KR7153890009,져스텍,KOSDAQ,기술성장기업부,8280,1,510,6.56,8090,9190,7700,1223300,10553644965,99776525400,12050305,KSQ
1317,023450,KR7023450000,동남합성,KOSPI,,28500,3,0,0.0,28500,28650,28250,566,16124000,99750000000,3500000,STK
1318,228850,KR7228850004,레이언스,KOSDAQ,우량기업부,6010,1,10,0.17,6000,6050,5830,4144,24776720,99711994140,16591014,KSQ
1319,052260,KR7052260007,현대바이오랜드,KOSDAQ,우량기업부,3320,1,20,0.61,3305,3370,3285,22559,74613805,99600000000,30000000,KSQ
1320,123040,KR7123040008,엠에스오토텍,KOSDAQ,중견기업부,1590,1,39,2.51,1566,1596,1530,98949,153988061,99578995410,62628299,KSQ
1321,036580,KR7036580009,팜스코,KOSPI,,2710,2,-105,-3.73,2760,2760,2710,8974,24527285,99532725530,36727943,STK
1322,246720,KR7246720007,아스타,KOSDAQ,관리종목(소속부없음),6070,0,0,0.0,0,0,0,0,0,99434491000,16381300,KSQ
1323,016740,KR7016740003,두올,KOSPI,,3460,1,40,1.17,3490,3560,3450,5140,18021295,99212123040,28674024,STK
1324,105330,KR7105330005,케이엔더블유,KOSDAQ,중견기업부,6190,1,50,0.81,6240,6340,6020,18453,112991130,99160828800,16019520,KSQ
1325,039560,KR7039560008,다산네트웍스,KOSDAQ,중견기업부,2305,1,60,2.67,2260,2345,2260,63417,146505910,98857918740,42888468,KSQ
1326,013310,KR7013310008,아진산업,KOSDAQ,우량기업부,2545,1,60,2.41,2500,2580,2500,105081,268053055,98762751190,38806582,KSQ
1327,002220,KR7002220002,한일철강,KOSPI,,3670,2,-310,-7.79,4150,4150,3665,178671,697333080,97979678200,26697460,STK
1328,007210,KR7007210008,벽산,KOSPI,,1498,1,2,0.13,1496,1513,1491,96411,144792736,97909280000,65360000,STK
1329,021820,KR7021820006,세원정공,KOSPI,,9790,1,180,1.87,9620,10030,9620,6353,62456110,97900000000,10000000,STK
1330,263800,KR7263800005,데이타솔루션,KOSDAQ,중견기업부,6030,2,-10,-0.17,6000,6370,5850,1775498,10907220300,97839041400,16225380,KSQ
1331,027970,KR7027970003,한국제지,KOSPI,,514,2,-9,-1.72,525,525,513,29402,15234814,97737470080,190150720,STK
1332,163730,KR7163730005,핑거,KOSDAQ,벤처기업부,8130,1,350,4.5,8000,8440,8000,26673,219383750,97687779210,12015717,KSQ
1333,066790,KR7066790007,씨씨에스,KOSDAQ,관리종목(소속부없음),1493,0,0,0.0,0,0,0,0,0,97271994227,65152039,KSQ
1334,047770,KR7047770003,코데즈컴바인,KOSDAQ,중견기업부,2570,1,15,0.59,2605,2680,2535,367517,955368647,97255487140,37842602,KSQ
1335,123690,KR7123690000,한국화장품,KOSPI,,6050,1,40,0.67,6030,6180,6020,22723,137598220,97211400000,16068000,STK
1336,309960,KR7309960003,LB인베스트먼트,KOSDAQ,중견기업부,4180,1,55,1.33,4130,4220,4130,10326,43164830,97048059020,23217239,KSQ
1337,141000,KR7141000000,비아트론,KOSDAQ,벤처기업부,8010,2,-60,-0.74,8240,8290,7990,11888,96661080,97038827100,12114710,KSQ
1338,348350,KR7348350000,위드텍,KOSDAQ,벤처기업부,9720,1,240,2.53,9430,9930,9430,20801,200959030,96991992000,9978600,KSQ
1339,068240,KR7068240001,다원시스,KOSDAQ,관리종목(소속부없음),2530,0,0,0.0,0,0,0,0,0,96553495610,38163437,KSQ
1340,320000,KR7320000003,한울반도체,KOSDAQ,중견기업부,14320,2,-960,-6.28,15360,16700,14190,953542,14314542565,96444340800,6734940,KSQ
1341,040300,KR7040300006,YTN,KOSDAQ,중견기업부,2015,1,10,0.5,2050,2070,2000,64417,130710945,96069114700,47676980,KSQ
1342,475580,KR7475580007,에이럭스,KOSDAQ,벤처기업부,7040,1,110,1.59,6930,7130,6880,40097,280743855,95919296000,13624900,KSQ
1343,158430,KR7158430009,아톤,KOSDAQ,벤처기업부,3915,1,175,4.68,3815,3975,3815,143197,559798747,95847390180,24482092,KSQ
1344,131030,KR7131030009,옵투스제약,KOSDAQ,우량기업부,5430,2,-30,-0.55,5460,5590,5310,120204,651129035,95820983700,17646590,KSQ
1345,299030,KR7299030007,하나기술,KOSDAQ,벤처기업부,11980,1,270,2.31,12400,12400,11920,24809,300091135,95779021800,7994910,KSQ
1346,336680,KR7336680004,탑런토탈솔루션,KOSDAQ,중견기업부,2445,1,75,3.16,2385,2445,2360,11284,26925710,95710889310,39145558,KSQ
1347,0011A0,KR70011A0009,액스비스,KOSDAQ,벤처기업부,10250,1,1510,17.28,8990,10730,8930,155090,1538654415,95670835000,9333740,KSQ
1348,035000,KR7035000009,HS애드,KOSPI,,5900,1,100,1.72,5800,5990,5800,183118,1078481665,95625099600,16207644,STK
1349,066430,KR7066430000,아이로보틱스,KOSDAQ,중견기업부,2425,4,558,29.89,2040,2425,2025,2134321,4971055438,94947179300,39153476,KSQ
1350,333430,KR7333430007,일승,KOSDAQ,중견기업부,3090,1,120,4.04,2995,3110,2995,30038,92035223,94945648230,30726747,KSQ
1351,115500,KR7115500001,케이씨에스,KOSDAQ,중견기업부,7900,1,300,3.95,7860,8060,7750,36322,287240585,94800000000,12000000,KSQ
1352,067830,KR7067830000,세이브존I&C,KOSPI,,2305,1,5,0.22,2305,2325,2290,5977,13768700,94599262975,41040895,STK
1353,352090,KR7352090005,스톰테크,KOSDAQ,우량기업부,3520,1,5,0.14,3580,3580,3475,13716,48064325,94592952960,26872998,KSQ
1354,166480,KR7166480004,코아스템켐온,KOSDAQ,벤처기업부,1789,1,35,2.0,1754,1860,1754,63500,115637194,94585102664,52870376,KSQ
1355,380550,KR7380550004,뉴로핏,KOSDAQ,기술성장기업부,7750,1,180,2.38,7610,8020,7600,55639,434306695,94541211500,12198866,KSQ
1356,187790,KR7187790001,나노,KOSDAQ,벤처기업부,3055,2,-675,-18.1,3750,3850,2990,3721580,12002771861,94218735650,30840830,KSQ
1357,0017J0,KR70017J0004,세미티에스,KOSDAQ,벤처기업부,3125,1,140,4.69,3070,3285,3070,567850,1808740654,94176946875,30136623,KSQ
1358,002210,KR7002210003,동성제약,KOSPI,,973,0,0,0.0,0,0,0,0,0,94010780311,96619507,STK
1359,226400,KR7226400000,오스테오닉,KOSDAQ,기술성장기업부,4545,2,-30,-0.66,4535,4615,4475,36618,165895427,93906976545,20661601,KSQ
1360,037030,KR7037030004,파워넷,KOSDAQ,우량기업부,3670,1,60,1.66,3735,3830,3635,154952,577903834,93632680640,25512992,KSQ
1361,058850,KR7058850009,KTcs,KOSPI,,2245,1,15,0.67,2230,2260,2230,67928,152692300,92952990250,41404450,STK
1362,323990,KR7323990002,박셀바이오,KOSDAQ,기술성장기업부,3995,2,-5,-0.13,3970,4095,3945,57581,229316630,92913093275,23257345,KSQ
1363,212710,KR7212710008,아이에스티이,KOSDAQ,기술성장기업부,9550,1,550,6.11,9150,9700,9150,49661,470205260,92778039900,9714978,KSQ
1364,289930,KR7289930000,웨이비스,KOSDAQ,기술성장기업부,7040,2,-10,-0.14,7240,7400,6960,63057,446804390,92569030400,13149010,KSQ
1365,109610,KR7109610006,에스와이,KOSDAQ,중견기업부,1892,2,-1,-0.05,1902,1982,1880,227043,434466531,92532800800,48907400,KSQ
1366,255440,KR7255440000,야스,KOSDAQ,벤처기업부,7070,1,80,1.14,6940,7360,6940,7768,54983320,92320060000,13058000,KSQ
1367,104460,KR7104460001,디와이피엔에프,KOSDAQ,우량기업부,8770,3,0,0.0,8780,8810,8680,5271,46068280,92243745770,10518101,KSQ
1368,125210,KR7125210005,아모그린텍,KOSDAQ,우량기업부,5590,1,200,3.71,5590,5770,5550,69108,390368095,92217056100,16496790,KSQ
1369,487580,KR7487580003,폴레드,KOSDAQ,벤처기업부,3660,2,-95,-2.53,3820,3840,3565,400116,1469060203,92169271260,25182861,KSQ
1370,014790,KR7014790000,HL D&I,KOSPI,,2405,1,5,0.21,2420,2440,2395,22247,53655300,91049935405,37858601,STK
1371,023900,KR7023900004,풍국주정,KOSDAQ,우량기업부,7210,1,50,0.7,7200,7230,7120,3902,28024070,90846000000,12600000,KSQ
1372,001275,KR7001271006,부국증권우,KOSPI,,30250,1,50,0.17,30250,30600,30200,469,14180600,90750000000,3000000,STK
1373,047560,KR7047560008,이스트소프트,KOSDAQ,중견기업부,7720,1,320,4.32,7400,7790,7400,17922,138544310,90733793040,11753082,KSQ
1374,387690,KR7387690001,레메디,KOSDAQ,기술성장기업부,11870,2,-160,-1.33,12320,12450,11530,786619,9469087675,90518139170,7625791,KSQ
1375,004100,KR7004100004,태양금속,KOSPI,,2465,2,-75,-2.95,2545,2560,2410,459609,1131734921,90465500000,36700000,STK
1376,040420,KR7040420002,정상제이엘에스,KOSDAQ,우량기업부,5770,2,-20,-0.35,5790,5810,5750,7526,43542630,90459475040,15677552,KSQ
1377,042500,KR7042500009,링네트,KOSDAQ,우량기업부,4055,1,40,1.0,4020,4095,4020,83404,338802820,90390588920,22291144,KSQ
1378,307930,KR7307930008,컴퍼니케이,KOSDAQ,중견기업부,5770,1,10,0.17,5760,5910,5710,84628,493298990,90069700000,15610000,KSQ
1379,074430,KR7074430000,아미노로직스,KOSDAQ,중견기업부,1025,2,-5,-0.49,1030,1030,998,79334,80513590,90022515100,87826844,KSQ
1380,235980,KR7235980000,메드팩토,KOSDAQ,기술성장기업부,2625,3,0,0.0,2635,2740,2615,62455,165343602,89972192625,34275121,KSQ
1381,032560,KR7032560005,황금에스티,KOSPI,,5290,1,100,1.93,5220,5310,5200,4152,21883920,89930000000,17000000,STK
1382,014440,KR7014440002,영보화학,KOSPI,,4495,2,-20,-0.44,4515,4540,4495,5646,25481225,89900000000,20000000,STK
1383,156100,KR7156100000,엘앤케이바이오,KOSDAQ,벤처기업부,4010,2,-5,-0.12,4080,4165,3860,241902,959168855,89628123530,22351153,KSQ
1384,002230,KR7002230001,피에스텍,KOSDAQ,우량기업부,4855,1,255,5.54,4600,4950,4600,97629,472308350,89434294850,18421070,KSQ
1385,093920,KR7093920007,서원인텍,KOSDAQ,우량기업부,4805,1,30,0.63,4775,4840,4740,11232,53614135,89373000000,18600000,KSQ
1386,025950,KR7025950007,동신건설,KOSDAQ,우량기업부,10610,1,200,1.92,10750,10810,10430,47267,501512740,89124000000,8400000,KSQ
1387,337930,KR7337930002,젝시믹스,KOSDAQ,우량기업부,3000,2,-55,-1.8,3050,3080,2975,52339,157151927,89029425000,29676475,KSQ
1388,065450,KR7065450009,빅텍,KOSDAQ,벤처기업부,3015,1,95,3.25,2935,3030,2935,188194,561728475,88929846045,29495803,KSQ
1389,209640,KR7209640002,와이제이링크,KOSDAQ,중견기업부,3125,1,70,2.29,3090,3200,3090,72129,227112260,88884831250,28443146,KSQ
1390,417010,KR7417010006,나노팀,KOSDAQ,벤처기업부,4395,1,165,3.9,4355,4510,4355,59075,261117930,88659139560,20172728,KSQ
1391,058860,KR7058860008,KTis,KOSPI,,2545,1,20,0.79,2525,2550,2525,19899,50502879,88571090000,34802000,STK
1392,265740,KR7265740001,엔에프씨,KOSDAQ,벤처기업부,4950,1,15,0.3,4930,5040,4890,34051,168647935,88424820000,17863600,KSQ
1393,298540,KR7298540006,더네이쳐홀딩스,KOSDAQ,우량기업부,6100,2,-110,-1.77,6300,6300,6050,4686,28766900,88366954600,14486386,KSQ
1394,052420,KR7052420007,오성첨단소재,KOSDAQ,우량기업부,9070,1,160,1.8,8960,9190,8960,22807,206974970,88360021630,9742009,KSQ
1395,084680,KR7084680008,이월드,KOSPI,,623,1,3,0.48,614,634,614,231507,144332780,88345258239,141806193,STK
1396,052900,KR7052900008,KX하이텍,KOSDAQ,우량기업부,1150,1,26,2.31,1158,1192,1134,1190326,1381735445,88168303500,76668090,KSQ
1397,033290,KR7033290008,로젠,KOSDAQ,우량기업부,1565,1,21,1.36,1546,1610,1546,23657,37418651,87884611065,56156301,KSQ
1398,049950,KR7049950009,미래컴퍼니,KOSDAQ,중견기업부,9950,1,410,4.3,9940,10120,9710,22918,227567680,87737945800,8817884,KSQ
1399,099750,KR7099750002,이지케어텍,KOSDAQ,벤처기업부,6420,2,-40,-0.62,6470,6630,6400,5448,35319190,87691890660,13659173,KSQ
1400,088130,KR7088130000,동아엘텍,KOSDAQ,우량기업부,5010,1,10,0.2,5010,5170,4990,55738,282263940,87601423140,17485314,KSQ
1401,023000,KR7023000003,삼원강재,KOSPI,,2200,1,15,0.69,2185,2232,2170,40868,90084610,87427903200,39739956,STK
1402,004140,KR7004140000,동방,KOSPI,,1817,1,5,0.28,1839,1852,1802,143063,259694801,87164698822,47971766,STK
1403,000440,KR7000440008,중앙에너비스,KOSDAQ,중견기업부,13970,1,430,3.18,13540,14080,13420,40658,564632820,86993006100,6227130,KSQ
1404,008260,KR7008260002,NI스틸,KOSPI,,3040,2,-5,-0.16,3065,3075,3025,5823,17794280,86944355680,28600117,STK
1405,189330,KR7189330004,씨이랩,KOSDAQ,기술성장기업부,9250,1,310,3.47,9240,9350,8910,135533,1237561190,86786127000,9382284,KSQ
1406,058730,KR7058730003,다스코,KOSPI,,4350,3,0,0.0,4380,4815,4170,8871678,40474847678,86774761350,19948221,STK
1407,096240,KR7096240007,크레버스,KOSDAQ,우량기업부,8460,2,-40,-0.47,8500,8580,8420,6196,52459630,86615002800,10238180,KSQ
1408,396470,KR7396470007,워트,KOSDAQ,중견기업부,5360,1,50,0.94,5490,5620,5320,29881,163566920,86403200000,16120000,KSQ
1409,079650,KR7079650008,서산,KOSDAQ,중견기업부,4310,1,55,1.29,4380,4575,4260,1729002,7691114566,86200000000,20000000,KSQ
1410,475230,KR7475230009,엔알비,KOSDAQ,벤처기업부,7900,1,740,10.34,7250,8090,7220,139035,1067291065,86099595700,10898683,KSQ
1411,418470,KR7418470001,KT밀리의서재,KOSDAQ,우량기업부,10050,1,220,2.24,9830,10150,9830,15051,151022820,86086179450,8565789,KSQ
1412,217820,KR7217820000,원익피앤이,KOSDAQ,중견기업부,1812,1,87,5.04,1820,1840,1779,182655,331830871,85987660908,47454559,KSQ
1413,357230,KR7357230002,에이치피오,KOSDAQ,우량기업부,2080,2,-10,-0.48,2085,2120,2070,10084,21024477,85890430080,41293476,KSQ
1414,37550L,KR737550K029,DL이앤씨2우(전환),KOSPI,,40500,1,2300,6.02,38600,40700,38450,834,33125075,85534015500,2111951,STK
1415,072020,KR7072020001,중앙백신,KOSDAQ,벤처기업부,9220,2,-160,-1.71,9350,9380,9220,2997,27746640,85347520820,9256781,KSQ
1416,950250,KR8826050005,테라뷰,KOSDAQ,기술성장기업부,2400,1,145,6.43,2300,2450,2300,116899,280327525,85242554400,35517731,KSQ
1417,054920,KR7054920004,한컴위드,KOSDAQ,중견기업부,3020,1,115,3.96,2920,3060,2920,164618,496507172,85215584620,28217081,KSQ
1418,063170,KR7063170005,서울옥션,KOSDAQ,중견기업부,4785,2,-135,-2.74,4920,4985,4785,30859,148928139,85049867595,17774267,KSQ
1419,066980,KR7066980004,한성크린텍,KOSDAQ,벤처기업부,1614,1,74,4.81,1570,1650,1570,619142,992090954,84892166478,52597377,KSQ
1420,065170,KR7065170003,비엘팜텍,KOSDAQ,투자주의환기종목(소속부없음),3040,2,-200,-6.17,3130,3290,2930,1588888,4875553160,84857930720,27913793,KSQ
1421,004650,KR7004650008,창해에탄올,KOSDAQ,우량기업부,9230,1,20,0.22,9180,9350,9180,17848,165165605,84831868550,9190885,KSQ
1422,365660,KR7365660000,레몬헬스케어,KOSDAQ,기술성장기업부,6350,3,0,0.0,6390,6970,5900,6883117,45004397205,84782399650,13351559,KSQ
1423,019540,KR7019540004,일지테크,KOSDAQ,우량기업부,6270,1,130,2.12,6170,6330,6170,29698,186216230,84729645000,13513500,KSQ
1424,053260,KR7053260006,금강철강,KOSDAQ,우량기업부,4515,3,0,0.0,4530,4615,4480,15226,69020105,84520800000,18720000,KSQ
1425,396300,KR7396300006,세아메카닉스,KOSDAQ,우량기업부,3190,1,275,9.43,3065,3290,3020,378993,1200319048,84501505000,26489500,KSQ
1426,023800,KR7023800006,인지컨트롤스,KOSPI,,5340,1,180,3.49,5180,5430,5180,38536,206250000,84421111980,15809197,STK
1427,036220,KR7036220002,오상헬스케어,KOSDAQ,우량기업부,5890,1,10,0.17,5840,5970,5830,1511,8917830,84282460240,14309416,KSQ
1428,053350,KR7053350005,이니텍,KOSDAQ,중견기업부,3825,1,200,5.52,3625,3915,3625,85660,324495952,84230573625,22021065,KSQ
1429,100130,KR7100130004,동국S&C,KOSDAQ,중견기업부,1474,2,-3,-0.2,1465,1491,1456,63875,94063386,84228782000,57143000,KSQ
1430,086710,KR7086710001,선진뷰티사이언스,KOSDAQ,우량기업부,6900,1,140,2.07,6770,6960,6740,12935,88753800,84202632000,12203280,KSQ
1431,092040,KR7092040005,아미코젠,KOSDAQ,기술성장기업부,1189,1,40,3.48,1160,1190,1158,196745,231198008,84009255143,70655387,KSQ
1432,049180,KR7049180003,셀루메드,KOSDAQ,투자주의환기종목(소속부없음),1009,0,0,0.0,0,0,0,0,0,83975227728,83226192,KSQ
1433,078140,KR7078140001,대봉엘에스,KOSDAQ,우량기업부,7560,1,20,0.27,7700,7700,7530,4043,30620210,83814537240,11086579,KSQ
1434,183490,KR7183490002,엔지켐생명과학,KOSDAQ,관리종목(소속부없음),990,0,0,0.0,0,0,0,0,0,83793832650,84640235,KSQ
1435,004890,KR7004890000,동일산업,KOSPI,,34550,2,-50,-0.14,34650,34750,34150,752,25860700,83791178250,2425215,STK
1436,330350,KR7330350000,위더스제약,KOSDAQ,우량기업부,6340,1,60,0.96,6290,6430,6210,73658,464858805,83685971200,13199680,KSQ
1437,215100,KR7215100009,로보로보,KOSDAQ,벤처기업부,4110,1,270,7.03,4140,4575,4000,2055070,8793456347,83632145940,20348454,KSQ
1438,130580,KR7130580004,나이스디앤비,KOSDAQ,우량기업부,5420,3,0,0.0,5420,5490,5350,3233,17446670,83468000000,15400000,KSQ
1439,381620,KR7381620004,제닉스로보틱스,KOSDAQ,중견기업부,6350,1,430,7.26,6390,6890,6250,887356,5849817185,83298792000,13117920,KSQ
1440,005740,KR7005740006,크라운해태홀딩스,KOSPI,,5610,1,80,1.45,5550,5750,5490,8610,47832090,83293616670,14847347,STK
1441,044990,KR7044990000,에이치엔에스하이텍,KOSDAQ,기술성장기업부,10820,1,200,1.88,10630,11040,10630,10376,112212725,83156298500,7685425,KSQ
1442,474610,KR7474610003,RF시스템즈,KOSDAQ,벤처기업부,5760,1,190,3.41,5590,5950,5590,64221,373389590,83031667200,14415220,KSQ
1443,250060,KR7250060001,모비스,KOSDAQ,기술성장기업부,2580,1,100,4.03,2550,2600,2505,134891,346995495,83001990120,32171314,KSQ
1444,322180,KR7322180001,LS티라유텍,KOSDAQ,벤처기업부,3855,1,185,5.04,3850,4015,3845,91498,357601835,82867488630,21496106,KSQ
1445,302550,KR7302550009,리메드,KOSDAQ,기술성장기업부,2680,2,-30,-1.11,2690,2705,2565,25893,68071945,82831162000,30907150,KSQ
1446,229500,KR7229500004,노브메타파마,KONEX,일반기업부,6350,1,230,3.76,5560,6350,5560,1929,11500110,82489592450,12990487,KNX
1447,306620,KR7306620006,지아이에스,KOSDAQ,벤처기업부,1720,1,60,3.61,1699,1770,1698,211907,368428608,82460556480,47942184,KSQ
1448,452190,KR7452190002,한빛레이저,KOSDAQ,벤처기업부,3440,1,150,4.56,3385,3510,3365,62224,214111550,82286716080,23920557,KSQ
1449,182360,KR7182360008,큐브엔터,KOSDAQ,우량기업부,5290,1,160,3.12,5290,5390,5140,14159,74428120,82258701210,15549849,KSQ
1450,032300,KR7032300006,한국파마,KOSDAQ,중견기업부,7540,1,110,1.48,7470,7640,7410,9015,67658565,82236525540,10906701,KSQ
1451,037760,KR7037760006,쎄니트,KOSDAQ,중견기업부,2430,3,0,0.0,2430,2450,2385,1141,2777910,82213998030,33832921,KSQ
1452,002600,KR7002600005,조흥,KOSPI,,137000,2,-1600,-1.15,137000,138800,137000,9,1235100,82200000000,600000,STK
1453,004840,KR7004840005,DRB동일,KOSPI,,4265,1,45,1.07,4295,4355,4225,3623,15472040,82196632460,19272364,STK
1454,263720,KR7263720005,디앤씨미디어,KOSDAQ,우량기업부,6620,1,40,0.61,6560,6730,6560,9483,62621415,82171352420,12412591,KSQ
1455,058630,KR7058630005,엠게임,KOSDAQ,우량기업부,4270,2,-150,-3.39,4400,4455,4265,39405,170721159,81994990980,19202574,KSQ
1456,054540,KR7054540000,삼영엠텍,KOSDAQ,우량기업부,6300,1,270,4.48,6100,6360,6100,50729,318220655,81900000000,13000000,KSQ
1457,173130,KR7173130006,오파스넷,KOSDAQ,중견기업부,6270,3,0,0.0,6310,6340,6150,37097,232673580,81801385710,13046473,KSQ
1458,013700,KR7013700000,까뮤이앤씨,KOSPI,,1369,2,-19,-1.37,1395,1421,1353,310264,427001061,81798886270,59750830,STK
1459,389030,KR7389030008,지니너스,KOSDAQ,기술성장기업부,2070,1,30,1.47,2095,2125,2030,84434,174737212,81542000970,39392271,KSQ
1460,175250,KR7175250000,아이큐어,KOSDAQ,관리종목(소속부없음),2170,0,0,0.0,0,0,0,0,0,81501658560,37558368,KSQ
1461,330730,KR7330730003,스톤브릿지벤처스,KOSDAQ,벤처기업부,4465,1,35,0.79,4440,4510,4435,13452,60084045,81342610950,18217830,KSQ
1462,008830,KR7008830002,대동기어,KOSDAQ,중견기업부,9040,1,500,5.85,8620,9120,8620,53089,471086795,81247180800,8987520,KSQ
1463,282720,KR7282720002,금양그린파워,KOSDAQ,중견기업부,6700,1,240,3.72,6490,6880,6490,17858,120095715,81200650000,12119500,KSQ
1464,006840,KR7006840003,AK홀딩스,KOSPI,,6120,1,70,1.16,6010,6170,6010,5452,33296630,81075073320,13247561,STK
1465,069730,KR7069730000,DSR제강,KOSPI,,5630,2,-20,-0.35,5650,5700,5550,17567,98796500,81072000000,14400000,STK
1466,412540,KR7412540007,제일엠앤에스,KOSDAQ,관리종목(소속부없음),3935,0,0,0.0,0,0,0,0,0,81063616775,20600665,KSQ
1467,053580,KR7053580007,웹케시,KOSDAQ,우량기업부,6250,1,150,2.46,6110,6340,6110,27769,173646160,80965225000,12954436,KSQ
1468,054040,KR7054040001,한국컴퓨터,KOSDAQ,우량기업부,5030,3,0,0.0,5030,5120,4995,26337,132729120,80838588700,16071290,KSQ
1469,036010,KR7036010007,아비코전자,KOSDAQ,중견기업부,6080,1,260,4.47,6010,6220,6010,82017,502323540,80821038720,13292934,KSQ
1470,053280,KR7053280004,예스24,KOSDAQ,중견기업부,3230,2,-5,-0.15,3210,3260,3210,8801,28490933,80750000000,25000000,KSQ
1471,033560,KR7033560004,블루콤,KOSDAQ,중견기업부,4710,1,345,7.9,4380,4755,4300,88633,400618870,80541000000,17100000,KSQ
1472,363280,KR7363280009,티와이홀딩스,KOSPI,,1770,1,89,5.29,1686,1810,1667,76541,131830192,80530279410,45497333,STK
1473,008700,KR7008700007,아남전자,KOSPI,,1044,3,0,0.0,1049,1071,1040,240325,252210724,80518312080,77124820,STK
1474,494120,KR7494120009,큐리오시스,KOSDAQ,기술성장기업부,10540,2,-10,-0.09,10820,11160,10330,49796,531139525,80418956280,7629882,KSQ
1475,049080,KR7049080005,기가레인,KOSDAQ,벤처기업부,9470,1,40,0.42,9870,10830,8730,2072370,20106440650,80384522980,8488334,KSQ
1476,025620,KR7025620006,차AI헬스케어,KOSPI,,4415,1,55,1.26,4370,4480,4305,20065,87905122,80370540795,18203973,STK
1477,038110,KR7038110003,에코플라스틱,KOSDAQ,우량기업부,1952,1,29,1.51,1924,1963,1919,149706,290915646,80362610240,41169370,KSQ
1478,007610,KR7007610009,선도전기,KOSPI,,4460,1,80,1.83,4500,4600,4330,505972,2247116088,80280000000,18000000,STK
1479,029480,KR7029480001,광무,KOSDAQ,중견기업부,1343,1,52,4.03,1303,1355,1303,84803,113533221,80202794276,59719132,KSQ
1480,0117P0,KR70117P0005,피스피스스튜디오,KOSDAQ,중견기업부,5660,1,90,1.62,5570,5740,5540,97880,550688990,80196036260,14168911,KSQ
1481,139990,KR7139990006,아주스틸,KOSPI,,2065,1,15,0.73,2050,2075,2030,14344,29471945,80029929910,38755414,STK
1482,042510,KR7042510008,라온시큐어,KOSDAQ,벤처기업부,7200,2,-10,-0.14,7280,7400,7170,29929,217673025,79961961600,11105828,KSQ
1483,011370,KR7011370004,서한,KOSDAQ,우량기업부,792,1,2,0.25,800,800,779,75724,59747360,79908733080,100894865,KSQ
1484,043610,KR7043610005,KT지니뮤직,KOSDAQ,중견기업부,1375,2,-1,-0.07,1366,1415,1364,9071,12528680,79908727250,58115438,KSQ
1485,096775,KR7096771001,SK이노베이션우,KOSPI,,63850,1,2650,4.33,60800,64000,60800,2615,165484300,79712000100,1248426,STK
1486,001470,KR7001470004,삼부토건,KOSPI,,347,0,0,0.0,0,0,0,0,0,79699592928,229681824,STK
1487,009190,KR7009190000,대양금속,KOSPI,,1811,1,78,4.5,1733,1848,1733,144725,261322537,79659144025,43986275,STK
1488,419050,KR7419050000,삼기에너지솔루션즈,KOSDAQ,중견기업부,1391,1,16,1.16,1385,1481,1377,871045,1236383568,79559969840,57196240,KSQ
1489,163560,KR7163560006,동일고무벨트,KOSPI,,5720,1,110,1.96,5620,5730,5610,9792,55270810,79508000000,13900000,STK
1490,086960,KR7086960002,MDS테크,KOSDAQ,우량기업부,1867,1,58,3.21,1812,1900,1812,161020,301186220,79401026890,42528670,KSQ
1491,950130,KR8840090003,엑세스바이오,KOSDAQ,외국기업(소속부없음),2255,2,-30,-1.31,2285,2335,2235,17630,40207191,79316995670,35173834,KSQ
1492,017650,KR7017650003,대림제지,KOSDAQ,우량기업부,9020,2,-120,-1.31,9140,9220,9000,2872,26078580,79240700000,8785000,KSQ
1493,009300,KR7009300005,삼아제약,KOSDAQ,우량기업부,12430,1,50,0.4,12400,12490,12340,946,11763220,79179100000,6370000,KSQ
1494,147760,KR7147760003,피엠티,KOSDAQ,벤처기업부,3955,1,195,5.19,3995,4555,3890,166424,680384980,79100000000,20000000,KSQ
1495,214680,KR7214680001,디알텍,KOSDAQ,벤처기업부,946,2,-16,-1.66,962,985,929,128566,121985045,78969294976,83477056,KSQ
1496,234300,KR7234300002,에스트래픽,KOSDAQ,우량기업부,2900,1,40,1.4,2880,2940,2870,19664,56996535,78902562000,27207780,KSQ
1497,214260,KR7214260002,라파스,KOSDAQ,기술성장기업부,8830,1,280,3.27,8700,9500,8620,38803,350467240,78785348290,8922463,KSQ
1498,317770,KR7317770006,엑스페릭스,KOSDAQ,벤처기업부,2150,1,40,1.9,2115,2180,2070,81515,174257785,78784909600,36644144,KSQ
1499,007980,KR7007980006,TP,KOSPI,,1677,1,3,0.18,1674,1701,1673,172295,290103188,78646855950,46897350,STK
1500,000590,KR7000590000,CS홀딩스,KOSPI,,68100,1,500,0.74,68700,69000,66700,335,22955900,78620224200,1154482,STK
1501,047820,KR7047820006,초록뱀미디어,KOSDAQ,중견기업부,3215,1,25,0.78,3195,3230,3150,9544,30453714,78619384950,24453930,KSQ
1502,019550,KR7019550003,SBI인베스트먼트,KOSDAQ,중견기업부,970,1,7,0.73,971,992,960,148605,144862132,78602288390,81033287,KSQ
1503,054620,KR7054620000,APS,KOSDAQ,중견기업부,4270,1,50,1.18,4230,4440,4215,11981,51098699,78543323670,18394221,KSQ
1504,019680,KR7019680008,대교,KOSPI,,927,2,-15,-1.59,934,942,916,25348,23376751,78519541950,84702850,STK
1505,096250,KR7096250006,와이즈넛,KOSDAQ,기술성장기업부,5980,2,-20,-0.33,6100,6180,5770,21120,125664885,78377521820,13106609,KSQ
1506,290740,KR7290740000,액트로,KOSDAQ,벤처기업부,7770,1,370,5.0,7550,8140,7550,20684,163127620,78205135470,10065011,KSQ
1507,036640,KR7036640001,HRS,KOSDAQ,우량기업부,4780,1,25,0.53,4760,4825,4750,16443,78978396,78175944000,16354800,KSQ
1508,221800,KR7221800006,지구홀딩스,KOSDAQ,투자주의환기종목(소속부없음),4790,1,130,2.79,4940,5010,4650,11924,58116262,78167296290,16318851,KSQ
1509,101330,KR7101330009,모베이스,KOSDAQ,중견기업부,3375,1,95,2.9,3355,3550,3330,81701,277979145,78121222875,23147029,KSQ
1510,432470,KR7432470003,케이엔에스,KOSDAQ,벤처기업부,8900,4,2050,29.93,6860,8900,6860,152170,1297065650,78066848400,8771556,KSQ
1511,001290,KR7001290006,상상인증권,KOSPI,,718,1,18,2.57,702,730,702,77842,56162823,77786052160,108337120,STK
1512,004720,KR7004720009,팜젠사이언스,KOSPI,,3420,2,-60,-1.72,3480,3560,3395,28729,99429330,77477928300,22654365,STK
1513,111380,KR7111380002,동인기연,KOSPI,,12620,1,20,0.16,12660,12910,12510,1955,24741230,77335360000,6128000,STK
1514,054670,KR7054670005,대한뉴팜,KOSDAQ,우량기업부,5380,1,70,1.32,5270,5550,5270,8444,45468760,77229469600,14354920,KSQ
1515,475430,KR7475430005,키스트론,KOSDAQ,중견기업부,4310,1,195,4.74,4200,4375,4175,330077,1413799281,76925354100,17848110,KSQ
1516,228670,KR7228670006,레이,KOSDAQ,벤처기업부,4915,1,270,5.81,4650,4930,4555,35763,172873780,76870703215,15640021,KSQ
1517,172670,KR7172670002,에이엘티,KOSDAQ,벤처기업부,8570,1,330,4.0,8360,8870,8360,14884,127628665,76789419630,8960259,KSQ
1518,009180,KR7009180001,한솔로지스틱스,KOSPI,,2725,2,-20,-0.73,2750,2770,2710,20072,54836335,76724623125,28155825,STK
1519,012700,KR7012700001,리드코프,KOSDAQ,우량기업부,2925,1,35,1.21,2905,2960,2840,13701,39927460,76619942100,26194852,KSQ
1520,006090,KR7006090005,사조오양,KOSPI,,8110,2,-150,-1.82,8150,8220,8100,2257,18380760,76418413290,9422739,STK
1521,010960,KR7010960003,삼호개발,KOSPI,,3165,2,-15,-0.47,3180,3300,3165,322302,1033825377,76339800000,24120000,STK
1522,007590,KR7007590003,동방아그로,KOSPI,,5600,3,0,0.0,5600,5630,5570,5823,32484290,76258431200,13617577,STK
1523,073640,KR7073640005,테라사이언스,KOSDAQ,관리종목(소속부없음),654,0,0,0.0,0,0,0,0,0,76111715580,116378770,KSQ
1524,011700,KR7011700002,한신기계,KOSPI,,2340,1,95,4.23,2270,2370,2270,76287,178755444,75923993340,32446151,STK
1525,004590,KR7004590006,한국가구,KOSDAQ,중견기업부,5060,1,10,0.2,5020,5110,4935,45390,227051415,75900000000,15000000,KSQ
1526,102370,KR7102370004,케이옥션,KOSDAQ,기술성장기업부,2930,2,-90,-2.98,3080,3080,2910,37122,110216045,75852689700,25888290,KSQ
1527,061250,KR7061250007,화일약품,KOSDAQ,우량기업부,9000,1,210,2.39,8810,9060,8740,26817,238318855,75758256000,8417584,KSQ
1528,024880,KR7024880007,케이피에프,KOSDAQ,우량기업부,3755,1,100,2.74,3690,3790,3690,27582,103714376,75711141270,20162754,KSQ
1529,331380,KR7331380006,포커스에이아이,KOSDAQ,투자주의환기종목(소속부없음),2070,3,0,0.0,2220,2220,2000,88158,183378953,75680992620,36560866,KSQ
1530,067000,KR7067000000,조이시티,KOSDAQ,중견기업부,1082,1,26,2.46,1066,1125,1066,256596,277786091,75635528572,69903446,KSQ
1531,33626K,KR733626K013,두산퓨얼셀1우,KOSPI,,5650,1,170,3.1,5670,5760,5510,10639,60312530,75507730000,13364200,STK
1532,017370,KR7017370008,우신시스템,KOSPI,,4120,2,-85,-2.02,4155,4205,4095,15841,65221620,75453902480,18314054,STK
1533,115440,KR7115440000,우리넷,KOSDAQ,우량기업부,6980,1,350,5.28,6790,7180,6790,53131,371740230,75344158160,10794292,KSQ
1534,265560,KR7265560003,영화테크,KOSDAQ,우량기업부,7030,3,0,0.0,7030,7120,6990,6712,47208960,75151965400,10690180,KSQ
1535,131370,KR7131370009,알서포트,KOSDAQ,벤처기업부,1410,2,-5,-0.35,1410,1442,1404,59834,84848492,75106587030,53267083,KSQ
1536,303810,KR7303810006,동국생명과학,KOSDAQ,중견기업부,2345,1,10,0.43,2335,2375,2315,19055,44676970,75002808300,31984140,KSQ
1537,013360,KR7013360003,일성건설,KOSPI,,1388,1,58,4.36,1335,1429,1335,480910,669179421,74986533440,54024880,STK
1538,080010,KR7080010002,이상네트웍스,KOSDAQ,중견기업부,7610,1,140,1.87,7470,7670,7470,5566,41981350,74844890310,9835071,KSQ
1539,030960,KR7030960009,양지사,KOSDAQ,중견기업부,4680,1,60,1.3,4585,4750,4585,64944,301244895,74786400000,15980000,KSQ
1540,048530,KR7048530000,인트론바이오,KOSDAQ,기술성장기업부,2420,2,-15,-0.62,2435,2475,2390,77389,187475600,74758054360,30891758,KSQ
1541,085670,KR7085670008,뉴프렉스,KOSDAQ,우량기업부,3045,1,15,0.5,3085,3160,3020,273215,845880355,74604817245,24500761,KSQ
1542,002200,KR7002200004,한국수출포장,KOSPI,,2220,2,-20,-0.89,2285,2285,2210,24434,54430170,74369869020,33499941,STK
1543,234030,KR7234030005,싸이닉솔루션,KOSDAQ,중견기업부,3150,1,145,4.83,3025,3225,3025,86143,272269990,74355750000,23605000,KSQ
1544,104040,KR7104040001,디에스엠,KOSDAQ,벤처기업부,2760,2,-120,-4.17,2880,2940,2740,47843,133254828,74005439400,26813565,KSQ
1545,082210,KR7082210006,옵트론텍,KOSDAQ,중견기업부,2115,1,30,1.44,2130,2170,2035,170973,360436155,73947442950,34963330,KSQ
1546,014160,KR7014160006,대영포장,KOSPI,,682,1,1,0.15,682,700,677,203053,138737568,73925082418,108394549,STK
1547,067570,KR7067570002,엔브이에이치코리아,KOSDAQ,중견기업부,1752,1,22,1.27,1745,1800,1735,144268,253554757,73881840000,42170000,KSQ
1548,149980,KR7149980005,하이로닉,KOSDAQ,중견기업부,4290,2,-90,-2.05,4295,4380,4200,8807,37901420,73783907340,17199046,KSQ
1549,001260,KR7001260009,남광토건,KOSPI,,7500,1,70,0.94,7430,7690,7430,46907,354293780,73744290000,9832572,STK
1550,198440,KR7198440000,강동씨앤엘,KOSDAQ,중견기업부,1207,2,-28,-2.27,1257,1280,1150,1041434,1285197770,73544798472,60931896,KSQ
1551,493330,KR7493330005,지에프아이,KOSDAQ,벤처기업부,9380,2,-120,-1.26,9510,9820,9290,37295,355145530,73534631940,7839513,KSQ
1552,033130,KR7033130006,디지틀조선,KOSDAQ,중견기업부,1980,1,9,0.46,1973,2015,1934,10879,21420344,73488228660,37115267,KSQ
1553,122350,KR7122350002,삼기,KOSDAQ,중견기업부,1912,1,33,1.76,1935,2150,1851,4320994,8677349607,73304986336,38339428,KSQ
1554,900260,HK0000295359,로스웰,KOSDAQ,외국기업(소속부없음),1592,2,-16,-1.0,1614,1614,1556,4032,6327019,73279291952,46029706,KSQ
1555,052860,KR7052860004,아이앤씨,KOSDAQ,벤처기업부,4090,3,0,0.0,4095,4350,4085,12209,50798310,73075432860,17866854,KSQ
1556,040910,KR7040910002,아이씨디,KOSDAQ,중견기업부,4015,2,-50,-1.23,4065,4090,3980,8308,33435836,72969714125,18174275,KSQ
1557,170030,KR7170030001,현대공업,KOSDAQ,우량기업부,4745,1,170,3.72,4660,4810,4660,23187,110130518,72788300000,15340000,KSQ
1558,065510,KR7065510000,휴비츠,KOSDAQ,우량기업부,6690,2,-30,-0.45,6740,6790,6610,13848,92932425,72773117550,10877895,KSQ
1559,063080,KR7063080006,컴투스홀딩스,KOSDAQ,중견기업부,11030,2,-190,-1.69,11110,11390,10930,9338,103695260,72744967760,6595192,KSQ
1560,094860,KR7094860004,네오리진,KOSDAQ,중견기업부,1369,2,-52,-3.66,1398,1421,1360,120824,168618443,72707609166,53110014,KSQ
1561,208140,KR7208140004,정다운,KOSDAQ,우량기업부,2220,2,-5,-0.22,2225,2280,2165,17673,39195995,72559026120,32684246,KSQ
1562,365330,KR7365330000,에스와이스틸텍,KOSDAQ,우량기업부,1444,1,24,1.69,1439,1486,1430,194701,284906801,72446924000,50171000,KSQ
1563,017480,KR7017480005,삼현철강,KOSDAQ,우량기업부,4685,3,0,0.0,4685,4720,4630,12284,57557815,72349939650,15442890,KSQ
1564,171120,KR7171120009,라이온켐텍,KOSDAQ,우량기업부,2015,1,5,0.25,2010,2030,2000,27974,56308500,72342046400,35901760,KSQ
1565,013870,KR7013870001,지엠비코리아,KOSPI,,3790,1,20,0.53,3830,3830,3775,10952,41513465,72283941200,19072280,STK
1566,000850,KR7000850008,화천기공,KOSPI,,32850,1,300,0.92,32650,34050,32650,11604,387709050,72270000000,2200000,STK
1567,000180,KR7000180000,성창기업지주,KOSPI,,5180,1,100,1.97,5090,5260,5090,11482,59551040,72262657600,13950320,STK
1568,011320,KR7011320009,유니크,KOSDAQ,우량기업부,3730,1,135,3.76,3610,3805,3610,61372,230453056,72066192350,19320695,KSQ
1569,024830,KR7024830002,세원물산,KOSDAQ,중견기업부,8630,2,-140,-1.6,8810,9140,8620,435,3797100,72060500000,8350000,KSQ
1570,058400,KR7058400003,KNN,KOSDAQ,우량기업부,544,0,0,0.0,0,0,0,0,0,72041767680,132429720,KSQ
1571,413390,KR7413390006,엠오티,KOSDAQ,중견기업부,6220,1,320,5.42,5970,6360,5970,22276,138036220,72028719600,11580180,KSQ
1572,124560,KR7124560004,태웅로직스,KOSDAQ,우량기업부,1860,2,-11,-0.59,1887,1888,1846,18219,33888372,72020708460,38720811,KSQ
1573,066700,KR7066700006,테라젠이텍스,KOSDAQ,중견기업부,1938,1,9,0.47,1930,1970,1929,110873,215879752,72001304688,37152376,KSQ
1574,347890,KR7347890006,엠엑스온,KOSDAQ,벤처기업부,4225,2,-55,-1.29,4235,4400,4185,40617,172152190,71880786900,17013204,KSQ
1575,084730,KR7084730001,팅크웨어,KOSDAQ,중견기업부,6470,2,-180,-2.71,6600,6710,6410,3476,22547365,71877973280,11109424,KSQ
1576,234920,KR7234920007,자이글,KOSDAQ,관리종목(소속부없음),5310,0,0,0.0,0,0,0,0,0,71849132100,13530910,KSQ
1577,011150,KR7011150000,CJ씨푸드,KOSPI,,1997,2,-8,-0.4,1993,2020,1982,42792,85460184,71753753681,35930773,STK
1578,451250,KR7451250005,삐아,KOSDAQ,벤처기업부,7010,1,140,2.04,6870,7070,6740,5463,37655750,71683397770,10225877,KSQ
1579,155660,KR7155660004,DSR,KOSPI,,4475,2,-100,-2.19,4590,4590,4460,22452,101405484,71600000000,16000000,STK
1580,250030,KR7250030004,진코스텍,KONEX,일반기업부,24750,2,-100,-0.4,23650,25200,23650,3713,91213650,71575341750,2891933,KNX
1581,067370,KR7067370007,선바이오,KOSDAQ,기술성장기업부,5860,1,140,2.45,5730,6050,5610,14410,84693675,71573108260,12213841,KSQ
1582,109070,KR7109070003,주성코퍼레이션,KOSPI,,1355,1,31,2.34,1325,1388,1325,80617,108781428,71557861650,52810230,STK
1583,217330,KR7217330000,싸이토젠,KOSDAQ,기술성장기업부,3090,1,110,3.69,2965,3090,2965,36353,110774255,71470300230,23129547,KSQ
1584,032540,KR7032540007,TJ미디어,KOSDAQ,우량기업부,3420,1,125,3.79,3285,3420,3285,5690,18907025,71469152460,20897413,KSQ
1585,451220,KR7451220008,아이엠티,KOSDAQ,기술성장기업부,9060,1,90,1.0,9260,9520,8900,19356,178043915,71343975660,7874611,KSQ
1586,063160,KR7063160006,종근당바이오,KOSPI,,13000,1,150,1.17,12760,13200,12760,1280,16596360,71317506000,5485962,STK
1587,396270,KR7396270001,넥스트칩,KOSDAQ,벤처기업부,2160,1,120,5.88,2105,2180,2105,75785,162753087,71036850960,32887431,KSQ
1588,338100,KR7338100001,NH프라임리츠,KOSPI,,3800,2,-10,-0.26,3810,3875,3800,16252,61999484,70908000000,18660000,STK
1589,417970,KR7417970001,모델솔루션,KOSDAQ,우량기업부,11080,1,620,5.93,10730,11600,10730,31742,354962915,70875436000,6396700,KSQ
1590,084670,KR7084670009,동양고속,KOSPI,,24450,1,200,0.82,24250,24850,24000,18267,446704750,70796662050,2895569,STK
1591,294630,KR7294630009,서남,KOSDAQ,기술성장기업부,2670,1,5,0.19,2675,2735,2645,141282,378313454,70752807930,26499179,KSQ
1592,002720,KR7002720001,국제약품,KOSPI,,3340,1,10,0.3,3335,3395,3285,30761,102863555,70673838880,21159832,STK
1593,002700,KR7002700003,신일전자,KOSPI,,1031,2,-12,-1.15,1050,1063,1031,1185783,1234826243,70672494151,68547521,STK
1594,024740,KR7024740003,한일단조,KOSDAQ,우량기업부,2145,1,50,2.39,2095,2150,2090,102153,217021660,70564170105,32897049,KSQ
1595,038460,KR7038460002,바이오스마트,KOSDAQ,우량기업부,2790,1,100,3.72,2700,2820,2700,96829,269571991,70515972180,25274542,KSQ
1596,044340,KR7044340008,위닉스,KOSDAQ,중견기업부,3945,2,-190,-4.59,4135,4175,3860,369273,1470003607,70510661625,17873425,KSQ
1597,225530,KR7225530005,HC보광산업,KOSDAQ,우량기업부,1939,1,7,0.36,1910,1959,1907,27341,52613890,70460791653,36338727,KSQ
1598,223250,KR7223250002,드림씨아이에스,KOSDAQ,벤처기업부,2860,1,30,1.06,2850,2930,2820,37219,106744735,70357269840,24600444,KSQ
1599,090470,KR7090470006,제이스로보틱스,KOSDAQ,벤처기업부,4025,1,150,3.87,3975,4125,3965,10771,43480155,70343290850,17476594,KSQ
1600,321370,KR7321370009,센서뷰,KOSDAQ,기술성장기업부,1361,1,1,0.07,1360,1485,1344,1054756,1463608240,70315937066,51664906,KSQ
1601,041910,KR7041910001,폴라리스AI파마,KOSDAQ,우량기업부,5290,2,-60,-1.12,5310,5500,5240,39318,210631380,70268921500,13283350,KSQ
1602,000105,KR7000101006,유한양행우,KOSPI,,59500,1,1300,2.23,59300,59800,58300,667,39609200,70265930000,1180940,STK
1603,290660,KR7290660000,다이나믹솔루션,KOSDAQ,기술성장기업부,1639,2,-126,-7.14,1873,1930,1622,1788377,3114867620,70211298432,42837888,KSQ
1604,107600,KR7107600009,새빗켐,KOSDAQ,벤처기업부,12420,1,390,3.24,12080,12990,12080,4293,53598600,70173670680,5650054,KSQ
1605,0015S0,KR70015S0005,페스카로,KOSDAQ,기술성장기업부,7100,1,280,4.11,6830,7220,6830,7053,49958625,70053783000,9866730,KSQ
1606,217190,KR7217190008,제너셈,KOSDAQ,벤처기업부,5320,1,80,1.53,5320,5530,5200,48664,259710575,69978008520,13153761,KSQ
1607,078890,KR7078890001,가온그룹,KOSDAQ,중견기업부,3795,1,120,3.27,3745,3890,3725,113643,431739965,69922658685,18424943,KSQ
1608,020710,KR7020710000,시공테크,KOSDAQ,우량기업부,3485,2,-5,-0.14,3495,3575,3480,57529,201871215,69867175450,20047970,KSQ
1609,000230,KR7000230003,일동홀딩스,KOSPI,,6040,1,100,1.68,6020,6100,5960,2171,13047230,69704016000,11540400,STK
1610,332370,KR7332370006,아이디피,KOSDAQ,벤처기업부,5250,2,-20,-0.38,5300,5340,5250,3090,16297650,69687061500,13273726,KSQ
1611,060590,KR7060590007,씨티씨바이오,KOSDAQ,중견기업부,2875,1,20,0.7,2845,2895,2845,13444,38538918,69520432500,24181020,KSQ
1612,045970,KR7045970001,코아시아,KOSDAQ,중견기업부,2640,1,80,3.13,2585,2705,2575,41388,109346215,69471272640,26314876,KSQ
1613,153710,KR7153710009,옵티팜,KOSDAQ,기술성장기업부,4735,2,-15,-0.32,4910,4910,4660,4762,22502485,69462251130,14669958,KSQ
1614,006140,KR7006140008,피제이전자,KOSDAQ,우량기업부,4660,1,160,3.56,4580,4745,4525,45172,210193900,69270900000,14865000,KSQ
1615,196490,KR7196490007,디에이테크놀로지,KOSDAQ,투자주의환기종목(소속부없음),6090,0,0,0.0,0,0,0,0,0,69131518050,11351645,KSQ
1616,005750,KR7005750005,대림바스,KOSPI,,4165,1,70,1.71,4115,4180,3950,19931,82179930,69106679600,16592240,STK
1617,041930,KR7041930009,SY동아,KOSDAQ,우량기업부,4520,1,150,3.43,4395,4545,4390,11586,52147891,68704000000,15200000,KSQ
1618,129920,KR7129920005,대성하이텍,KOSDAQ,벤처기업부,4220,1,470,12.53,4040,4480,3930,191232,814506290,68569497120,16248696,KSQ
1619,038680,KR7038680005,에스넷,KOSDAQ,우량기업부,3425,2,-35,-1.01,3485,3580,3410,324666,1134574807,68200798850,19912642,KSQ
1620,382840,KR7382840007,원준,KOSDAQ,중견기업부,4450,1,200,4.71,4265,4535,4265,22795,101661089,67958535450,15271581,KSQ
1621,110790,KR7110790003,크리스에프앤씨,KOSDAQ,우량기업부,2900,1,55,1.93,2885,2915,2825,495,1416425,67949784000,23430960,KSQ
1622,382480,KR7382480002,지아이텍,KOSDAQ,벤처기업부,1723,1,23,1.35,1744,1750,1700,46523,80509690,67812352220,39357140,KSQ
1623,253840,KR7253840003,수젠텍,KOSDAQ,중견기업부,4040,1,65,1.64,3970,4090,3970,73514,295427143,67642528000,16743200,KSQ
1624,443670,KR7443670005,에스피소프트,KOSDAQ,중견기업부,2815,1,120,4.45,2705,2870,2705,35600,99995700,67589737660,24010564,KSQ
1625,001020,KR7001020007,페이퍼코리아,KOSPI,,1895,1,35,1.88,1920,1920,1856,1926,3649019,67455674490,35596662,STK
1626,456070,KR7456070002,이엔셀,KOSDAQ,기술성장기업부,6100,1,240,4.1,6050,6180,5970,19827,120755320,67280053700,11029517,KSQ
1627,002795,KR7002791002,아모레퍼시픽홀딩스우,KOSPI,,10540,2,-20,-0.19,10780,10780,10000,10597,110282080,67257552880,6381172,STK
1628,251120,KR7251120002,바이오에프디엔씨,KOSDAQ,기술성장기업부,7720,2,-280,-3.5,8000,8130,7670,31591,246768760,67130804000,8695700,KSQ
1629,323350,KR7323350009,다원넥스뷰,KOSDAQ,기술성장기업부,8380,2,-20,-0.24,8410,8690,8110,21655,179886745,67130269360,8010772,KSQ
1630,396690,KR7396690000,미래에셋글로벌리츠,KOSPI,,1694,1,17,1.01,1677,1696,1670,17884,30224031,67092462360,39605940,STK
1631,137950,KR7137950002,제이씨케미칼,KOSDAQ,우량기업부,3010,1,90,3.08,2920,3050,2905,84774,252978170,67026120140,22267814,KSQ
1632,095720,KR7095720009,웅진씽크빅,KOSPI,,1177,1,12,1.03,1173,1200,1173,11647,13735432,66885479045,56827085,STK
1633,389140,KR7389140005,포바이포,KOSDAQ,벤처기업부,4685,1,70,1.52,4615,4800,4615,19913,93873934,66853708475,14269735,KSQ
1634,091120,KR7091120006,이엠텍,KOSDAQ,중견기업부,3900,1,55,1.43,3815,3920,3815,13100,50625320,66818450400,17132936,KSQ
1635,012690,KR7012690004,모나리자,KOSPI,,1827,1,138,8.17,1740,1969,1702,23474228,43466865256,66815682885,36571255,STK
1636,201490,KR7201490000,미투온,KOSDAQ,중견기업부,2040,1,75,3.82,2000,2090,1982,124971,255171993,66756401040,32723726,KSQ
1637,109860,KR7109860007,동일금속,KOSDAQ,우량기업부,7330,2,-160,-2.14,7480,7480,7280,2790,20514070,66703000000,9100000,KSQ
1638,128660,KR7128660008,피제이메탈,KOSDAQ,우량기업부,2680,3,0,0.0,2680,2690,2640,37512,99947745,66473028920,24803369,KSQ
1639,062970,KR7062970009,한국첨단소재,KOSDAQ,중견기업부,1162,0,0,0.0,0,0,0,0,0,66336969468,57088614,KSQ
1640,009770,KR7009770009,삼정펄프,KOSPI,,26500,2,-100,-0.38,26600,27000,26350,4000,106316200,66249231500,2499971,STK
1641,079980,KR7079980009,휴비스,KOSPI,,1920,2,-40,-2.04,1960,1971,1901,80960,156405611,66240000000,34500000,STK
1642,091590,KR7091590000,남화토건,KOSDAQ,중견기업부,5620,1,230,4.27,5390,5840,5310,364460,2042183490,65978800000,11740000,KSQ
1643,357580,KR7357580000,아모센스,KOSDAQ,기술성장기업부,5590,1,290,5.47,5640,5750,5490,46213,260109510,65904769580,11789762,KSQ
1644,036630,KR7036630002,세종텔레콤,KOSDAQ,우량기업부,6590,1,130,2.01,6400,6810,6400,10388,68240080,65900000000,10000000,KSQ
1645,081150,KR7081150005,티플랙스,KOSDAQ,중견기업부,2715,1,60,2.26,2675,2750,2675,68488,185057130,65888711430,24268402,KSQ
1646,111710,KR7111710000,남화산업,KOSDAQ,중견기업부,3200,1,25,0.79,3190,3295,3150,76355,245449154,65881600000,20588000,KSQ
1647,261780,KR7261780001,아리바이오랩,KOSDAQ,기술성장기업부,2350,2,-10,-0.42,2480,2480,2330,117080,278176955,65832695550,28013913,KSQ
1648,088390,KR7088390000,이녹스,KOSDAQ,중견기업부,7010,1,120,1.74,6910,7200,6910,4025,28127870,65794766440,9385844,KSQ
1649,185490,KR7185490000,아이진,KOSDAQ,벤처기업부,1520,1,20,1.33,1515,1566,1484,58322,88761075,65709271680,43229784,KSQ
1650,041460,KR7041460007,한국전자인증,KOSDAQ,중견기업부,3445,1,50,1.47,3405,3495,3405,68891,238427050,65455000000,19000000,KSQ
1651,002800,KR7002800001,신신제약,KOSDAQ,우량기업부,4305,1,55,1.29,4215,4325,4215,4381,18772065,65309002500,15170500,KSQ
1652,464490,KR7464490002,쿼드메디슨,KOSDAQ,기술성장기업부,5680,1,60,1.07,5580,6000,5520,28881,162352600,65218401840,11482113,KSQ
1653,066310,KR7066310004,큐에스아이,KOSDAQ,벤처기업부,7030,1,140,2.03,6950,7400,6950,31856,226924670,65179495630,9271621,KSQ
1654,016090,KR7016090003,대현,KOSPI,,1470,2,-20,-1.34,1488,1488,1468,54467,80323317,65094995700,44282310,STK
1655,048430,KR7048430003,유라테크,KOSDAQ,우량기업부,5650,1,90,1.62,5570,5740,5570,5784,32815350,65088000000,11520000,KSQ
1656,105740,KR7105740005,디케이락,KOSDAQ,우량기업부,6390,1,60,0.95,6470,6520,6350,27826,179796340,64976798070,10168513,KSQ
1657,360070,KR7360070007,탑머티리얼,KOSDAQ,중견기업부,7930,1,210,2.72,7790,8230,7790,21816,174276820,64962900990,8192043,KSQ
1658,347000,KR7347000002,센코,KOSDAQ,기술성장기업부,1718,1,36,2.14,1671,1725,1671,18788,31978714,64959033428,37810846,KSQ
1659,001560,KR7001560002,제일연마,KOSPI,,8530,1,210,2.52,8340,8630,8340,393,3333470,64828000000,7600000,STK
1660,014950,KR7014950000,삼익제약,KOSDAQ,벤처기업부,6470,1,710,12.33,5650,6550,5550,4965685,30538030855,64749094360,10007588,KSQ
1661,238090,KR7238090005,앤디포스,KOSDAQ,벤처기업부,2120,2,-15,-0.7,2145,2210,2040,19377,41054555,64639732800,30490440,KSQ
1662,060570,KR7060570009,드림어스컴퍼니,KOSDAQ,중견기업부,871,2,-2,-0.23,851,888,829,49609,42004910,64542470083,74101573,KSQ
1663,443250,KR7443250006,레뷰코퍼레이션,KOSDAQ,벤처기업부,5970,1,80,1.36,5850,6000,5850,1010,5999400,64534607490,10809817,KSQ
1664,0015N0,KR70015N0000,아로마티카,KOSDAQ,벤처기업부,5130,1,130,2.6,5020,5220,5010,71534,367011050,64519609860,12576922,KSQ
1665,120115,KR7120111000,코오롱인더우,KOSPI,,23300,1,650,2.87,22650,23450,22650,6669,155004500,64491138000,2767860,STK
1666,0004V0,KR70004V0003,엔비알모션,KOSDAQ,기술성장기업부,5850,1,710,13.81,5400,6200,5400,501605,2911171085,64410746400,11010384,KSQ
1667,032850,KR7032850000,비트컴퓨터,KOSDAQ,벤처기업부,3860,2,-65,-1.66,3925,3985,3860,13310,51952775,64165910980,16623293,KSQ
1668,043650,KR7043650001,국순당,KOSDAQ,중견기업부,3590,1,10,0.28,3600,3655,3515,20302,72590360,64111311360,17858304,KSQ
1669,208370,KR7208370007,셀바스헬스케어,KOSDAQ,벤처기업부,2485,1,55,2.26,2445,2510,2445,32828,81115207,63965301540,25740564,KSQ
1670,478560,KR7478560006,블랙야크아이앤씨,KOSDAQ,벤처기업부,2470,3,0,0.0,2535,2535,2400,5058,12440095,63800836060,25830298,KSQ
1671,026150,KR7026150003,특수건설,KOSDAQ,중견기업부,3635,1,25,0.69,3645,3720,3600,31656,115177725,63780913185,17546331,KSQ
1672,070300,KR7070300009,엑스큐어,KOSDAQ,벤처기업부,1794,2,-53,-2.87,1847,1896,1769,197368,359195986,63731363826,35524729,KSQ
1673,010240,KR7010240000,흥국,KOSDAQ,우량기업부,5440,1,60,1.12,5380,5450,5380,2073,11227990,63680640000,11706000,KSQ
1674,083790,KR7083790006,CG인바이츠,KOSDAQ,벤처기업부,828,2,-18,-2.13,846,854,824,23945,19950208,63668382696,76894182,KSQ
1675,203400,KR7203400007,에이비온,KOSDAQ,기술성장기업부,705,1,49,7.47,656,720,656,493725,336117599,63521419320,90101304,KSQ
1676,222110,KR7222110009,팬젠,KOSDAQ,기술성장기업부,4690,1,95,2.07,4645,4690,4510,1773,8147345,63383047210,13514509,KSQ
1677,036000,KR7036000008,예림당,KOSDAQ,중견기업부,2750,2,-50,-1.79,2785,2830,2750,11899,33113060,63344261750,23034277,KSQ
1678,018500,KR7018500009,동원모빌리티,KOSPI,,1354,1,25,1.88,1331,1380,1331,59763,81609047,63306179282,46754933,STK
1679,162300,KR7162300008,신스틸,KOSDAQ,우량기업부,1524,1,53,3.6,1471,1545,1471,18099,27309056,63202386168,41471382,KSQ
1680,014970,KR7014970008,삼륭물산,KOSDAQ,중견기업부,4260,1,50,1.19,4180,4295,4180,48990,207570974,63154500000,14825000,KSQ
1681,204840,KR7204840003,지엘팜텍,KOSDAQ,기술성장기업부,814,0,0,0.0,0,0,0,0,0,63124890884,77549006,KSQ
1682,003925,KR7003921004,남양유업우,KOSPI,,31500,1,100,0.32,31400,31500,31100,182,5709050,63000000000,2000000,STK
1683,006890,KR7006890008,태경케미컬,KOSPI,,5430,1,30,0.56,5390,5490,5370,47129,255600250,62988000000,11600000,STK
1684,059270,KR7059270009,해성에어로보틱스,KOSDAQ,기술성장기업부,5640,1,200,3.68,5860,5940,5620,113940,655977610,62972286360,11165299,KSQ
1685,045660,KR7045660008,에이텍,KOSDAQ,우량기업부,7620,1,120,1.6,7500,7720,7500,12682,96666120,62941200000,8260000,KSQ
1686,004440,KR7004440004,삼일씨엔에스,KOSPI,,4940,1,50,1.02,4895,5070,4830,16562,81663195,62895818180,12731947,STK
1687,241690,KR7241690007,유니테크노,KOSDAQ,우량기업부,2570,1,90,3.63,2510,2575,2510,29212,74033255,62889714420,24470706,KSQ
1688,007110,KR7007110000,일신석재,KOSPI,,811,1,12,1.5,850,856,791,339340,280559423,62817310710,77456610,STK
1689,005870,KR7005870001,휴니드,KOSPI,,4440,1,125,2.9,4325,4495,4325,30428,135025490,62675106600,14116015,STK
1690,126880,KR7126880004,제이엔케이글로벌,KOSDAQ,우량기업부,2700,2,-20,-0.74,2655,2740,2655,67603,182488610,62653238100,23204903,KSQ
1691,039010,KR7039010004,현대에이치티,KOSDAQ,우량기업부,7260,2,-250,-3.33,7620,7680,7210,40073,297598400,62617500000,8625000,KSQ
1692,005670,KR7005670005,푸드웰,KOSDAQ,우량기업부,6260,2,-120,-1.88,6430,6430,6260,7376,46422500,62600000000,10000000,KSQ
1693,001840,KR7001840008,이화공영,KOSDAQ,관리종목(소속부없음),2215,0,0,0.0,0,0,0,0,0,62588831935,28256809,KSQ
1694,040160,KR7040160004,누리플렉스,KOSDAQ,중견기업부,5190,1,500,10.66,4810,5280,4810,24642,124438510,62568226650,12055535,KSQ
1695,142280,KR7142280007,녹십자엠에스,KOSDAQ,중견기업부,2610,2,-20,-0.76,2640,2680,2600,91192,240091565,62543510910,23963031,KSQ
1696,303360,KR7303360002,프로티아,KOSDAQ,기술성장기업부,4852,2,-53,-1.08,4910,4910,4805,10425,50628628,62492377180,12879715,KSQ
1697,004780,KR7004780003,대륙제관,KOSDAQ,우량기업부,3925,2,-20,-0.51,3920,3995,3905,26307,103435320,62420056075,15903199,KSQ
1698,068290,KR7068290006,삼성출판사,KOSPI,,6240,1,30,0.48,6270,6400,6120,6694,41871560,62400000000,10000000,STK
1699,388870,KR7388870008,파로스아이바이오,KOSDAQ,기술성장기업부,4820,2,-160,-3.21,4985,5040,4785,37961,183853439,62399392240,12945932,KSQ
1700,067170,KR7067170001,오텍,KOSDAQ,중견기업부,2270,2,-20,-0.87,2395,2395,2260,226745,525671102,62333705140,27459782,KSQ
1701,012790,KR7012790002,신일제약,KOSDAQ,우량기업부,5200,3,0,0.0,5200,5350,5200,2839,14875540,62329358000,11986415,KSQ
1702,294090,KR7294090006,이오플로우,KOSDAQ,관리종목(소속부없음),1490,0,0,0.0,0,0,0,0,0,62295566450,41809105,KSQ
1703,031820,KR7031820004,아이티센씨티에스,KOSPI,,5130,1,80,1.58,5120,5300,5080,32561,167285265,62099398980,12105146,STK
1704,123420,KR7123420002,위메이드플레이,KOSDAQ,우량기업부,5960,1,80,1.36,5850,6030,5850,12343,73378190,61990204360,10401041,KSQ
1705,460940,KR7460940000,피앤에스로보틱스,KOSDAQ,기술성장기업부,4565,1,335,7.92,4550,4860,4415,131552,604467800,61423353200,13455280,KSQ
1706,377480,KR7377480009,마음AI,KOSDAQ,기술성장기업부,8630,1,470,5.76,8500,8820,8500,30193,260365340,61361673250,7110275,KSQ
1707,136150,KR7136150000,원일티엔아이,KOSDAQ,벤처기업부,7320,1,300,4.27,7020,7370,7020,7833,56333670,61349139600,8381030,KSQ
1708,100220,KR7100220003,비상교육,KOSPI,,4720,1,155,3.4,4600,4760,4600,21018,98547110,61344617520,12996741,STK
1709,453860,KR7453860009,에이에스텍,KOSDAQ,벤처기업부,9510,2,-120,-1.25,9510,9600,9370,2961,27967230,61286462730,6444423,KSQ
1710,089850,KR7089850002,유비벨록스,KOSDAQ,우량기업부,4160,2,-15,-0.36,4095,4285,4095,4071,17078657,61277627840,14730199,KSQ
1711,096350,KR7096350004,대창솔루션,KOSDAQ,벤처기업부,1662,1,44,2.72,1618,1676,1618,114099,189758010,61252614444,36854762,KSQ
1712,307870,KR7307870006,비투엔,KOSDAQ,벤처기업부,824,2,-30,-3.51,854,871,817,158437,132744762,61222610840,74299285,KSQ
1713,277880,KR7277880001,티에스아이,KOSDAQ,우량기업부,3080,1,60,1.99,3000,3110,3000,25745,78828010,61117092960,19843212,KSQ
1714,003780,KR7003780004,진양산업,KOSPI,,4690,3,0,0.0,4690,4825,4665,70233,332019192,60970000000,13000000,STK
1715,333620,KR7333620003,엔시스,KOSDAQ,벤처기업부,5540,1,50,0.91,5500,5560,5260,4120,22394020,60928421400,10997910,KSQ
1716,006370,KR7006370001,대구백화점,KOSPI,,5630,1,10,0.18,5620,5860,5450,68389,387172100,60925669930,10821611,STK
1717,412350,KR7412350001,레이저쎌,KOSDAQ,기술성장기업부,4170,2,-120,-2.8,4425,4490,4155,330893,1431806341,60894689310,14603043,KSQ
1718,055490,KR7055490007,테이팩스,KOSPI,,12720,1,360,2.91,12500,12870,12500,14000,178470720,60886188000,4786650,STK
1719,024900,KR7024900003,디와이덕양,KOSPI,,1866,1,3,0.16,1870,1897,1830,54779,102692097,60766252680,32564980,STK
1720,003580,KR7003580008,HLB글로벌,KOSPI,,1199,2,-32,-2.6,1230,1247,1145,249394,297532577,60745542495,50663505,STK
1721,348150,KR7348150004,고바이오랩,KOSDAQ,기술성장기업부,3125,2,-15,-0.48,3120,3180,3085,17621,54980160,60684028125,19418889,KSQ
1722,003310,KR7003310000,대주산업,KOSDAQ,우량기업부,1710,1,68,4.14,1643,1728,1641,865369,1465638331,60520918500,35392350,KSQ
1723,039420,KR7039420005,케이엘넷,KOSDAQ,중견기업부,2625,1,20,0.77,2630,2660,2622,6030,15930170,60235859250,22946994,KSQ
1724,002760,KR7002760007,보락,KOSPI,,1005,1,7,0.7,998,1030,994,116897,118143705,60199500000,59900000,STK
1725,270520,KR7270520000,앱튼,KOSDAQ,투자주의환기종목(소속부없음),3060,1,185,6.43,2920,3120,2835,186695,557153760,60156276840,19658914,KSQ
1726,111110,KR7111110003,호전실업,KOSPI,,6630,1,80,1.22,6550,6700,6550,4405,29329195,60107580000,9066000,STK
1727,331740,KR7331740001,아우토크립트,KOSDAQ,기술성장기업부,6160,1,180,3.01,6100,6200,6010,20382,124817080,60066104560,9750991,KSQ
1728,079810,KR7079810008,APS이노베이션,KOSDAQ,우량기업부,2790,1,70,2.57,2805,2830,2755,56183,157245726,60063382260,21528094,KSQ
1729,347860,KR7347860009,알체라,KOSDAQ,중견기업부,1422,1,52,3.8,1383,1500,1383,118472,168546193,59942486034,42153647,KSQ
1730,010280,KR7010280006,아이티센엔텍,KOSDAQ,우량기업부,4590,1,95,2.11,4535,4600,4510,14366,65487290,59783634630,13024757,KSQ
1731,214270,KR7214270001,FSN,KOSDAQ,중견기업부,1320,2,-9,-0.68,1329,1331,1295,35777,46860318,59736052200,45254585,KSQ
1732,085310,KR7085310001,엔케이,KOSPI,,8050,1,50,0.63,7990,8260,7840,9117,73002865,59715495700,7418074,STK
1733,009200,KR7009200007,무림페이퍼,KOSPI,,1435,1,19,1.34,1404,1435,1404,23524,33522962,59709359850,41609310,STK
1734,007820,KR7007820004,엠엑스로보틱스,KOSDAQ,중견기업부,2970,1,250,9.19,2845,3030,2810,140791,414678240,59500819620,20033946,KSQ
1735,076610,KR7076610005,해성옵틱스,KOSDAQ,벤처기업부,1002,2,-21,-2.05,1040,1060,997,465276,477025388,59354652360,59236180,KSQ
1736,072130,KR7072130008,유엔젤,KOSPI,,4665,1,70,1.52,4610,4960,4610,30846,146451890,59224292910,12695454,STK
1737,072950,KR7072950009,빛샘전자,KOSDAQ,벤처기업부,7350,1,170,2.37,7390,7710,7270,146749,1096745375,59186683500,8052610,KSQ
1738,094850,KR7094850005,참좋은여행,KOSDAQ,우량기업부,4225,1,15,0.36,4250,4265,4180,11869,49938840,59150000000,14000000,KSQ
1739,049550,KR7049550007,잉크테크,KOSDAQ,우량기업부,3015,1,20,0.67,2950,3020,2950,562,1668560,59112925155,19606277,KSQ
1740,071090,KR7071090005,하이스틸,KOSPI,,2925,1,70,2.45,2890,2970,2890,49251,144134450,59060052675,20191471,STK
1741,391710,KR7391710001,코닉오토메이션,KOSDAQ,벤처기업부,1383,4,319,29.98,1077,1383,1077,807929,1049223452,58944110010,42620470,KSQ
1742,008370,KR7008370009,원풍,KOSDAQ,우량기업부,4910,2,-80,-1.6,4990,4990,4820,3577,17462200,58920000000,12000000,KSQ
1743,140070,KR7140070004,서플러스글로벌,KOSDAQ,벤처기업부,1592,1,28,1.79,1567,1605,1564,64344,102076245,58884896000,36988000,KSQ
1744,424960,KR7424960003,스마트레이더시스템,KOSDAQ,기술성장기업부,3555,1,125,3.64,3450,3600,3445,29770,105531791,58604566050,16485110,KSQ
1745,039980,KR7039980008,폴라리스AI,KOSDAQ,중견기업부,4075,1,205,5.3,3905,4350,3905,164214,677146330,58603447050,14381214,KSQ
1746,417790,KR7417790003,트루엔,KOSDAQ,벤처기업부,5590,1,70,1.27,5520,5620,5510,3551,19814895,58518305690,10468391,KSQ
1747,048910,KR7048910004,대원미디어,KOSDAQ,우량기업부,4640,1,150,3.34,4490,4645,4490,8027,36720515,58366309440,12578946,KSQ
1748,010040,KR7010040004,한국내화,KOSPI,,1416,2,-26,-1.8,1448,1448,1409,17978,25505002,58150959792,41067062,STK
1749,099520,KR7099520009,DGI,KOSDAQ,관리종목(소속부없음),1284,0,0,0.0,0,0,0,0,0,58141862016,45281824,KSQ
1750,002630,KR7002630002,오리엔트바이오,KOSPI,,979,2,-81,-7.64,1030,1037,975,337051,335658295,58046380458,59291502,STK
1751,291650,KR7291650000,압타머사이언스,KOSDAQ,기술성장기업부,950,0,0,0.0,0,0,0,0,0,57987279900,61039242,KSQ
1752,288180,KR7288180003,케이피항공산업,KOSDAQ,중견기업부,7830,1,290,3.85,7970,7970,7570,21028,163371010,57889241460,7393262,KSQ
1753,129260,KR7129260006,인터지스,KOSPI,,1940,1,10,0.52,1930,1950,1926,23502,45511708,57710875560,29747874,STK
1754,168330,KR7168330009,내츄럴엔도텍,KOSDAQ,투자주의환기종목(소속부없음),1817,1,7,0.39,1833,1833,1799,10125,18351712,57698653300,31754900,KSQ
1755,010660,KR7010660009,화천기계,KOSPI,,2620,1,35,1.35,2615,2685,2580,75131,197418725,57640000000,22000000,STK
1756,216050,KR7216050005,인크로스,KOSDAQ,중견기업부,4725,2,-25,-0.53,4795,4890,4715,13089,62428645,57638488950,12198622,KSQ
1757,004770,KR7004770004,써니전자,KOSPI,,1621,2,-7,-0.43,1628,1655,1609,126356,204907468,57557556998,35507438,STK
1758,016250,KR7016250003,SGC E&C,KOSDAQ,중견기업부,11420,1,440,4.01,11250,11570,11180,3918,44701540,57522380120,5036986,KSQ
1759,246960,KR7246960009,SCL사이언스,KOSDAQ,기술성장기업부,1689,2,-14,-0.82,1748,1748,1670,29621,50195058,57454792383,34017047,KSQ
1760,251630,KR7251630000,브이원텍,KOSDAQ,벤처기업부,3600,1,215,6.35,3415,3750,3415,70955,255021695,57394389600,15942886,KSQ
1761,0007J0,KR70007J0006,인벤테라,KOSDAQ,기술성장기업부,7280,1,220,3.12,7090,7390,7090,19735,142959960,57262397920,7865714,KSQ
1762,053050,KR7053050001,지에스이,KOSDAQ,우량기업부,1906,1,52,2.8,1854,1916,1854,131769,249181819,57156359882,29987597,KSQ
1763,061040,KR7061040002,알에프텍,KOSDAQ,중견기업부,6310,1,160,2.6,6010,6360,6010,9762,60751230,57094287130,9048223,KSQ
1764,000220,KR7000220004,유유제약,KOSPI,,3620,2,-20,-0.55,3635,3675,3600,16100,58534295,57005812440,15747462,STK
1765,215360,KR7215360009,우리산업,KOSDAQ,우량기업부,6240,1,60,0.97,6090,6330,6090,7347,45663680,56984697120,9132163,KSQ
1766,010470,KR7010470003,오리콤,KOSDAQ,우량기업부,4750,2,-35,-0.73,4790,4810,4750,1719,8237070,56881487500,11975050,KSQ
1767,060310,KR7060310000,3S,KOSDAQ,벤처기업부,1072,1,34,3.28,1038,1075,1030,107618,113435602,56879290880,53059040,KSQ
1768,411080,KR7411080005,샌즈랩,KOSDAQ,기술성장기업부,3710,1,165,4.65,3560,3820,3560,19333,71521820,56642936980,15267638,KSQ
1769,075180,KR7075180000,새론오토모티브,KOSPI,,2945,2,-45,-1.51,2990,2990,2890,13320,39148745,56544000000,19200000,STK
1770,448710,KR7448710004,코츠테크놀로지,KOSDAQ,벤처기업부,10670,1,650,6.49,10100,12670,10050,361324,4167471275,56394065640,5285292,KSQ
1771,088910,KR7088910005,동우팜투테이블,KOSDAQ,우량기업부,2190,1,40,1.86,2165,2205,2160,27472,60041680,56330663160,25721764,KSQ
1772,408470,KR7408470003,한패스,KOSDAQ,중견기업부,5320,1,180,3.5,5180,5490,5180,32009,171122460,56243040000,10572000,KSQ
1773,039020,KR7039020003,이건홀딩스,KOSDAQ,중견기업부,2490,3,0,0.0,2490,2650,2480,29504,74078825,56235925410,22584709,KSQ
1774,014470,KR7014470009,부방,KOSDAQ,벤처기업부,936,1,23,2.52,908,957,908,154428,143148095,56208915360,60052260,KSQ
1775,302430,KR7302430004,이노메트리,KOSDAQ,벤처기업부,5710,2,-40,-0.7,5920,5920,5680,17999,104112380,56147617680,9833208,KSQ
1776,006880,KR7006880009,신송홀딩스,KOSPI,,4745,1,20,0.42,4725,4800,4625,39559,186929235,56127931210,11828858,STK
1777,036120,KR7036120004,서울평가정보,KOSDAQ,중견기업부,1591,2,-33,-2.03,1639,1640,1589,58672,94085130,55915695000,35145000,KSQ
1778,117670,KR7117670000,알파칩스,KOSDAQ,벤처기업부,8390,1,310,3.84,8220,8480,8200,6244,52199910,55892015380,6661742,KSQ
1779,439580,KR7439580002,블루엠텍,KOSDAQ,기술성장기업부,1651,1,18,1.1,1630,1694,1615,58373,95940768,55880649097,33846547,KSQ
1780,010770,KR7010770006,평화홀딩스,KOSPI,,3820,1,60,1.6,3850,3850,3765,7255,27647995,55869280120,14625466,STK
1781,100030,KR7100030006,인지소프트,KOSDAQ,중견기업부,17000,2,-150,-0.87,17150,17150,16710,724,12219940,55823138000,3283714,KSQ
1782,042110,KR7042110007,에스씨디,KOSDAQ,우량기업부,1155,2,-9,-0.77,1155,1188,1141,670750,777721005,55820646420,48329564,KSQ
1783,137080,KR7137080008,나래나노텍,KOSDAQ,중견기업부,5210,2,-80,-1.51,5460,5460,5190,3431,18159030,55798834290,10709949,KSQ
1784,036670,KR7036670008,삼양케이씨아이,KOSDAQ,우량기업부,5180,1,10,0.19,5170,5210,5160,6259,32598365,55737836000,10760200,KSQ
1785,036090,KR7036090009,위지트,KOSDAQ,중견기업부,1309,3,0,0.0,1356,1356,1309,181302,240637264,55698622826,42550514,KSQ
1786,457370,KR7457370005,한켐,KOSDAQ,중견기업부,6900,1,240,3.6,6820,7140,6720,69852,487788520,55628724600,8062134,KSQ
1787,057540,KR7057540007,옴니시스템,KOSDAQ,중견기업부,936,2,-4,-0.43,948,981,921,559881,528475769,55593034848,59394268,KSQ
1788,049480,KR7049480007,오픈베이스,KOSDAQ,우량기업부,1769,1,18,1.03,1765,1808,1756,143013,254140793,55586195527,31422383,KSQ
1789,340930,KR7340930007,성원에너텍,KOSDAQ,관리종목(소속부없음),806,0,0,0.0,0,0,0,0,0,55513882710,68875785,KSQ
1790,263690,KR7263690000,디알젬,KOSDAQ,우량기업부,4895,2,-10,-0.2,4890,4930,4840,2831,13829949,55438860950,11325610,KSQ
1791,179900,KR7179900006,유티아이,KOSDAQ,투자주의환기종목(소속부없음),2800,2,-140,-4.76,3000,3070,2715,233174,660286206,55413153600,19790412,KSQ
1792,001210,KR7001210004,금호전기,KOSPI,,894,0,0,0.0,0,0,0,0,0,55320794202,61880083,STK
1793,053620,KR7053620001,태양,KOSDAQ,우량기업부,6420,2,-20,-0.31,6440,6500,6390,6830,43875050,55212000000,8600000,KSQ
1794,435570,KR7435570007,에르코스,KOSDAQ,벤처기업부,7240,2,-240,-3.21,7480,7480,7110,10561,76094450,55146956920,7616983,KSQ
1795,067920,KR7067920009,이글루,KOSDAQ,우량기업부,5010,2,-70,-1.38,5080,5090,4985,11126,55955120,55090556190,10996119,KSQ
1796,273640,KR7273640003,와이엠텍,KOSDAQ,벤처기업부,5020,1,110,2.24,4810,5100,4810,7723,38504331,55049320000,10966000,KSQ
1797,025550,KR7025550005,한국선재,KOSDAQ,중견기업부,2155,1,50,2.38,2115,2185,2115,39386,85172784,54982678620,25514004,KSQ
1798,092440,KR7092440007,기신정기,KOSPI,,1882,2,-7,-0.37,1889,1900,1873,38554,72510820,54954400000,29200000,STK
1799,003010,KR7003010006,혜인,KOSPI,,4315,1,105,2.49,4250,4345,4250,25954,112058285,54855503305,12712747,STK
1800,007280,KR7007280001,한국특강,KOSPI,,1912,1,19,1.0,1945,1945,1885,8390,15981286,54772184480,28646540,STK
1801,217480,KR7217480003,에스디생명공학,KOSDAQ,투자주의환기종목(소속부없음),499,0,0,0.0,0,0,0,0,0,54756837359,109733141,KSQ
1802,459100,KR7459100004,위츠,KOSDAQ,중견기업부,4065,1,85,2.14,3980,4085,3980,6277,25313595,54739696500,13466100,KSQ
1803,100590,KR7100590009,머큐리,KOSDAQ,중견기업부,3190,1,100,3.24,3140,3340,3140,105486,342862190,54675148550,17139545,KSQ
1804,039610,KR7039610001,화성밸브,KOSDAQ,우량기업부,5250,1,70,1.35,5170,5390,5170,10287,54305800,54654600000,10410400,KSQ
1805,318160,KR7318160009,셀바이오휴먼텍,KOSDAQ,벤처기업부,5830,1,60,1.04,5780,5930,5660,10483,60523900,54437700790,9337513,KSQ
1806,053160,KR7053160008,프리엠스,KOSDAQ,중견기업부,9060,1,70,0.78,8890,9190,8890,8976,81469830,54360000000,6000000,KSQ
1807,131400,KR7131400004,이브이첨단소재,KOSDAQ,벤처기업부,912,4,210,29.91,715,912,707,2837137,2439761680,54347796384,59591882,KSQ
1808,007370,KR7007370000,진양제약,KOSDAQ,우량기업부,3845,1,25,0.65,3790,3900,3790,15325,58924670,54347487015,14134587,KSQ
1809,050960,KR7050960004,수산아이앤티,KOSDAQ,벤처기업부,8050,1,60,0.75,7930,8310,7880,12720,104316100,54345550000,6751000,KSQ
1810,004450,KR7004450003,삼화왕관,KOSPI,,25200,1,300,1.2,24650,25600,24650,172,4359300,54290350800,2154379,STK
1811,054300,KR7054300009,팬스타엔터프라이즈,KOSDAQ,벤처기업부,937,2,-2,-0.21,965,965,927,22348,20962267,54225075465,57870945,KSQ
1812,175140,KR7175140003,아고스,KOSDAQ,투자주의환기종목(소속부없음),2170,1,50,2.36,2170,2240,2110,33436,72372925,54129029010,24944253,KSQ
1813,045340,KR7045340007,토탈소프트,KOSDAQ,벤처기업부,6320,1,290,4.81,6100,6350,6000,53466,331364665,54086812800,8558040,KSQ
1814,123010,KR7123010001,알엔티엑스,KOSDAQ,기술성장기업부,1554,0,0,0.0,0,0,0,0,0,54075680190,34797735,KSQ
1815,027050,KR7027050004,코리아나,KOSDAQ,중견기업부,1350,2,-13,-0.95,1352,1374,1345,34808,47153615,54000000000,40000000,KSQ
1816,261520,KR7261520001,이지스,KOSDAQ,기술성장기업부,5250,1,1170,28.68,4080,5300,4045,1360293,6844952235,53958450000,10277800,KSQ
1817,001550,KR7001550003,조비,KOSPI,,10390,1,20,0.19,10370,10570,10320,32573,340224680,53947363210,5192239,STK
1818,095270,KR7095270005,웨이브일렉트로,KOSDAQ,벤처기업부,3735,1,60,1.63,3675,3900,3650,44420,167338380,53680936410,14372406,KSQ
1819,378850,KR7378850002,화승알앤에이,KOSPI,,2825,1,40,1.44,2785,2845,2780,11493,32272312,53656984975,18993623,STK
1820,104540,KR7104540000,코렌텍,KOSDAQ,기술성장기업부,3995,1,25,0.63,3945,4050,3930,4124,16449925,53562602950,13407410,KSQ
1821,286750,KR7286750005,나노실리칸첨단소재,KOSDAQ,투자주의환기종목(소속부없음),1672,2,-23,-1.36,1695,1749,1664,47474,79831334,53552248904,32028857,KSQ
1822,046940,KR7046940003,우원개발,KOSDAQ,우량기업부,2960,1,50,1.72,2915,3010,2915,129390,383171871,53500076000,18074350,KSQ
1823,214330,KR7214330003,금호에이치티,KOSPI,,5100,1,20,0.39,5020,5270,4925,141206,711043207,53330337900,10456929,STK
1824,043710,KR7043710003,코스리거글로벌,KOSDAQ,중견기업부,3080,1,85,2.84,3460,3460,3010,1170,3645475,53322506160,17312502,KSQ
1825,003475,KR7003471000,유안타증권우,KOSPI,,4160,1,55,1.34,4125,4195,4125,11573,48189365,53295299200,12811370,STK
1826,463020,KR7463020008,뉴엔AI,KOSDAQ,기술성장기업부,6000,1,350,6.19,5510,6320,5510,19958,119730425,53275200000,8879200,KSQ
1827,456570,KR7456570001,아이엠지티,KONEX,일반기업부,10110,2,-680,-6.3,10000,10780,10000,558,5653650,53227168440,5264804,KNX
1828,002410,KR7002410009,범양건영,KOSPI,,1935,0,0,0.0,0,0,0,0,0,53173451700,27479820,STK
1829,370090,KR7370090003,퓨런티어,KOSDAQ,기술성장기업부,6200,1,70,1.14,6150,6350,6060,24368,151414890,53052346000,8556830,KSQ
1830,033320,KR7033320003,제이씨현시스템,KOSDAQ,벤처기업부,2775,1,70,2.59,2725,2785,2720,30641,84287640,53042548800,19114432,KSQ
1831,033230,KR7033230004,인성정보,KOSDAQ,중견기업부,1050,1,30,2.94,1025,1057,1020,163939,170322825,53041149000,50515380,KSQ
1832,299170,KR7299170001,더블유에스아이,KOSDAQ,중견기업부,1275,1,31,2.49,1261,1306,1228,154347,196974580,52926892200,41511288,KSQ
1833,053270,KR7053270005,구영테크,KOSDAQ,우량기업부,1930,1,28,1.47,1904,1942,1895,26846,51568928,52902081650,27410405,KSQ
1834,053450,KR7053450003,세코닉스,KOSDAQ,우량기업부,3570,1,85,2.44,3500,3620,3485,12127,43069305,52810306710,14792803,KSQ
1835,039240,KR7039240007,경남스틸,KOSDAQ,우량기업부,1951,1,25,1.3,1931,1980,1931,14748,28871342,52637207404,26979604,KSQ
1836,228340,KR7228340006,동양파일,KOSDAQ,중견기업부,2630,2,-10,-0.38,2695,2735,2565,316424,834259589,52600000000,20000000,KSQ
1837,024910,KR7024910002,경창산업,KOSDAQ,중견기업부,1468,1,4,0.27,1451,1498,1445,67959,99998782,52582299340,35819005,KSQ
1838,317830,KR7317830008,에스피시스템스,KOSDAQ,벤처기업부,4880,1,490,11.16,4850,5150,4600,93258,456325905,52576231840,10773818,KSQ
1839,025530,KR7025530007,SJM홀딩스,KOSPI,,3520,1,15,0.43,3515,3545,3510,2087,7368105,52567708160,14934008,STK
1840,155650,KR7155650005,와이엠씨,KOSDAQ,우량기업부,2770,2,-20,-0.72,2795,2840,2730,37044,102835600,52558971660,18974358,KSQ
1841,082850,KR7082850009,우리바이오,KOSDAQ,중견기업부,1083,1,34,3.24,1050,1090,1050,39278,42055718,52478473974,48456578,KSQ
1842,134580,KR7134580000,탑코미디어,KOSDAQ,중견기업부,1064,2,-29,-2.65,1093,1097,1051,8906,9532300,52448974536,49294149,KSQ
1843,003465,KR7003461001,유화증권우,KOSPI,,3000,1,80,2.74,2920,3000,2920,80,239680,52429275000,17476425,STK
1844,123700,KR7123700007,SJM,KOSPI,,3345,2,-20,-0.59,3365,3410,3340,19604,66153594,52198383810,15604898,STK
1845,011230,KR7011230000,삼화전자,KOSPI,,2720,1,20,0.74,2880,2970,2710,624604,1753999708,52130935200,19165785,STK
1846,005305,KR7005301007,롯데칠성우,KOSPI,,67200,1,900,1.36,66300,67300,66300,1254,84064900,52100832000,775310,STK
1847,347740,KR7347740003,피엔케이피부임상연구센타,KOSDAQ,벤처기업부,1735,1,25,1.46,1739,1765,1720,12167,21188762,52068349360,30010576,KSQ
1848,104620,KR7104620000,노랑풍선,KOSDAQ,중견기업부,3087,1,27,0.88,3035,3140,3025,28398,87531273,51894174024,16810552,KSQ
1849,260930,KR7260930003,씨티케이,KOSDAQ,중견기업부,2675,1,75,2.88,2615,2995,2600,30202,82531999,51738755925,19341591,KSQ
1850,384470,KR7384470001,코어라인소프트,KOSDAQ,기술성장기업부,2880,2,-20,-0.69,2990,2990,2830,38683,110895380,51686472960,17946692,KSQ
1851,004830,KR7004830006,덕성,KOSPI,,3295,1,35,1.07,3330,3330,3240,44040,144461755,51665600000,15680000,STK
1852,033310,KR7033310004,엠투엔,KOSDAQ,중견기업부,1292,1,8,0.62,1265,1319,1265,25261,32516960,51644413152,39972456,KSQ
1853,040610,KR7040610008,SG&G,KOSDAQ,중견기업부,3030,2,-10,-0.33,3015,3090,3005,18453,56251799,51642101940,17043598,KSQ
1854,096610,KR7096610001,알에프세미,KOSDAQ,투자주의환기종목(소속부없음),2965,0,0,0.0,0,0,0,0,0,51550708615,17386411,KSQ
1855,063440,KR7063440002,SM Life Design,KOSDAQ,중견기업부,1137,1,14,1.25,1127,1152,1113,67168,76346535,51528116868,45319364,KSQ
1856,000725,KR7000721001,현대건설우,KOSPI,,48850,1,1300,2.73,47700,49200,47700,2944,143023450,51521753050,1054693,STK
1857,065530,KR7065530008,와이어블,KOSDAQ,우량기업부,1076,1,17,1.61,1060,1088,1060,73273,78622387,51474504684,47838759,KSQ
1858,007460,KR7007460009,에이프로젠,KOSPI,,2180,1,5,0.23,2185,2270,2175,34288,75965989,51436953940,23594933,STK
1859,027830,KR7027830009,대성창투,KOSDAQ,중견기업부,952,1,3,0.32,955,961,933,30854,29241802,51408000000,54000000,KSQ
1860,136410,KR7136410008,아셈스,KOSDAQ,벤처기업부,4665,1,55,1.19,4650,4790,4600,13130,61478255,51404129490,11019106,KSQ
1861,071670,KR7071670004,에이테크솔루션,KOSDAQ,중견기업부,5140,1,220,4.47,4990,5200,4990,24494,125253235,51400000000,10000000,KSQ
1862,064800,KR7064800006,포니링크,KOSDAQ,중견기업부,2010,2,-10,-0.5,2005,2055,1960,6708,13373428,51378532590,25561459,KSQ
1863,950200,KR8840150005,소마젠,KOSDAQ,외국기업(소속부없음),2665,1,10,0.38,2670,2730,2600,17969,47582775,51264081245,19236053,KSQ
1864,187420,KR7187420005,HLB제넥스,KOSDAQ,기술성장기업부,1567,2,-3,-0.19,1550,1602,1510,175413,269724292,51154631949,32644947,KSQ
1865,064240,KR7064240005,홈캐스트,KOSDAQ,벤처기업부,1474,1,19,1.31,1469,1513,1427,22501,33493205,51139325974,34694251,KSQ
1866,003680,KR7003680006,한성기업,KOSPI,,8220,2,-380,-4.42,8840,9090,8150,2142361,18367741465,51042213300,6209515,STK
1867,020760,KR7020760005,일진디스플,KOSPI,,902,0,0,0.0,0,0,0,0,0,50984432422,56523761,STK
1868,205470,KR7205470008,휴마시스,KOSDAQ,중견기업부,2060,1,45,2.23,2015,2075,1992,19983,41057130,50830502060,24675001,KSQ
1869,089230,KR7089230007,THE E&M,KOSDAQ,중견기업부,1315,2,-26,-1.94,1345,1387,1309,145688,194873153,50524080510,38421354,KSQ
1870,393970,KR7393970009,대진첨단소재,KOSDAQ,관리종목(소속부없음),2825,0,0,0.0,0,0,0,0,0,50428566500,17850820,KSQ
1871,037440,KR7037440005,희림,KOSDAQ,우량기업부,3620,1,75,2.12,3580,3675,3580,131985,478524695,50399359500,13922475,KSQ
1872,097800,KR7097800007,윈팩,KOSDAQ,중견기업부,1845,2,-20,-1.07,1867,1950,1818,99995,187829551,50350133025,27290045,KSQ
1873,101140,KR7101140002,인바이오젠,KOSPI,,5010,2,-130,-2.53,4890,5110,4890,8698,43026815,50321522160,10044216,STK
1874,101670,KR7101670008,하이드로리튬,KOSDAQ,중견기업부,886,2,-5,-0.56,901,1024,868,1659805,1551246379,50304587682,56777187,KSQ
1875,256630,KR7256630005,포인트엔지니어링,KOSDAQ,벤처기업부,4335,2,-205,-4.52,4545,4575,4305,3718,16242665,50283459690,11599414,KSQ
1876,218150,KR7218150001,미래생명자원,KOSDAQ,벤처기업부,2460,3,0,0.0,2460,2600,2300,3458576,8549534243,50222872920,20415802,KSQ
1877,145170,KR7145170007,노브랜드,KOSDAQ,중견기업부,2970,1,10,0.34,2940,3050,2915,26679,79387200,50217962850,16908405,KSQ
1878,219550,KR7219550001,디와이디,KOSDAQ,관리종목(소속부없음),1298,1,48,3.84,1300,1349,1201,93676,121672370,50197886288,38673256,KSQ
1879,191420,KR7191420009,테고사이언스,KOSDAQ,벤처기업부,6190,1,40,0.65,6150,6400,6100,1615,10021690,50193682460,8108834,KSQ
1880,476040,KR7476040001,오가노이드사이언스,KOSDAQ,기술성장기업부,7620,1,150,2.01,7690,7790,7350,10328,78695870,50183491200,6585760,KSQ
1881,314140,KR7314140005,알피바이오,KOSDAQ,우량기업부,5790,1,30,0.52,5760,5810,5680,5799,33273810,50178230190,8666361,KSQ
1882,463480,KR7463480004,모티브링크,KOSDAQ,중견기업부,4045,1,195,5.06,3945,4095,3875,9062,36367180,50118998110,12390358,KSQ
1883,317530,KR7317530004,에피소드컴퍼니,KOSDAQ,기술성장기업부,2860,2,-10,-0.35,2850,2940,2730,3028,8548849,50035362520,17494882,KSQ
1884,002140,KR7002140002,고려산업,KOSPI,,2005,1,16,0.8,1966,2085,1948,1649334,3354551824,50003547125,24939425,STK
1885,35320K,KR735320K011,대덕전자1우,KOSPI,,23850,1,1100,4.84,23850,25000,23650,5246,127036325,49978128150,2095519,STK
1886,001465,KR7001461003,BYC우,KOSPI,,23200,1,250,1.09,23500,23500,23050,59,1365600,49969320000,2153850,STK
1887,090080,KR7090080003,평화산업,KOSPI,,909,1,12,1.34,897,920,897,64138,58304466,49906153431,54902259,STK
1888,263600,KR7263600009,덕우전자,KOSDAQ,중견기업부,3125,1,75,2.46,3085,3170,3050,15722,48959650,49782218750,15930310,KSQ
1889,081180,KR7081180002,쎄크,KOSDAQ,기술성장기업부,5630,1,50,0.9,5610,6000,5610,48478,279371455,49687762050,8825535,KSQ
1890,094940,KR7094940004,푸른로보틱스,KOSDAQ,벤처기업부,5940,1,360,6.45,5900,6370,5800,202871,1229807290,49666632840,8361386,KSQ
1891,420570,KR7420570004,제이투케이바이오,KOSDAQ,벤처기업부,8480,2,-180,-2.08,8430,8600,8300,8695,73376410,49586655840,5847483,KSQ
1892,294140,KR7294140009,레몬,KOSDAQ,관리종목(소속부없음),1990,2,-4,-0.2,1997,2060,1910,8688,17385338,49580487820,24914818,KSQ
1893,452400,KR7452400005,이닉스,KOSDAQ,우량기업부,5460,2,-30,-0.55,5570,5580,5410,4795,26249990,49529996880,9071428,KSQ
1894,192250,KR7192250009,케이사인,KOSDAQ,벤처기업부,6990,1,100,1.45,6830,7060,6830,3311,23082940,49399203750,7067125,KSQ
1895,122310,KR7122310006,제노레이,KOSDAQ,우량기업부,3390,1,90,2.73,3250,3485,3250,11606,38664285,49337531160,14553844,KSQ
1896,006980,KR7006980007,우성,KOSPI,,15940,1,140,0.89,15800,16110,15800,334,5328485,49254600000,3090000,STK
1897,007815,KR7007811003,코리아써우,KOSPI,,16600,1,160,0.97,16440,16600,16440,1236,20342880,49213854000,2964690,STK
1898,0013V0,KR70013V0002,삼진식품,KOSDAQ,중견기업부,4935,1,130,2.71,4880,4970,4840,13565,66522790,48948567360,9918656,KSQ
1899,038010,KR7038010005,제일테크노스,KOSDAQ,우량기업부,5430,2,-100,-1.81,5620,5620,5370,9744,53059050,48870000000,9000000,KSQ
1900,072990,KR7072990005,에이치시티,KOSDAQ,우량기업부,3350,1,70,2.13,3280,3460,3280,17879,59486865,48568990100,14498206,KSQ
1901,023810,KR7023810005,인팩,KOSPI,,4855,1,105,2.21,4840,4905,4760,8552,41024230,48550000000,10000000,STK
1902,011000,KR7011000007,진원생명과학,KOSPI,,2670,0,0,0.0,0,0,0,0,0,48531471270,18176581,STK
1903,004920,KR7004920005,씨아이테크,KOSPI,,930,2,-9,-0.96,918,959,912,218773,203557474,48527280960,52179872,STK
1904,460870,KR7460870009,에스엠씨지,KOSDAQ,벤처기업부,2410,1,35,1.47,2360,2500,2360,31514,76863035,48376662640,20073304,KSQ
1905,009320,KR7009320003,아진전자부품,KOSPI,,981,3,0,0.0,981,1003,975,61120,60240236,48363074370,49299770,STK
1906,048770,KR7048770002,TPC로보틱스,KOSDAQ,벤처기업부,3080,1,185,6.39,3140,3390,3055,893654,2827308230,48349812280,15697991,KSQ
1907,021050,KR7021050000,서원,KOSPI,,1018,1,15,1.5,1005,1033,1005,171233,174469293,48329132620,47474590,STK
1908,056360,KR7056360001,코위버,KOSDAQ,벤처기업부,4930,1,185,3.9,4800,5000,4795,29982,147902090,48298224000,9796800,KSQ
1909,054930,KR7054930003,유신,KOSDAQ,우량기업부,16090,1,450,2.88,15650,16090,15650,6280,100304790,48270000000,3000000,KSQ
1910,046210,KR7046210001,HLB파나진,KOSDAQ,벤처기업부,1060,2,-4,-0.38,1054,1085,1017,281424,292419737,48259637600,45527960,KSQ
1911,084650,KR7084650001,랩지노믹스,KOSDAQ,중견기업부,647,2,-1,-0.15,642,705,635,424226,277291005,48033273530,74239990,KSQ
1912,180060,KR7180060006,탑선,KONEX,일반기업부,5130,3,0,0.0,5200,5200,5130,20,102670,47953526580,9347666,KNX
1913,004060,KR7004060000,SG세계물산,KOSPI,,2365,2,-15,-0.63,2450,2450,2355,45895,109393395,47873503040,20242496,STK
1914,317850,KR7317850006,대모,KOSDAQ,벤처기업부,5750,1,240,4.36,5560,5810,5560,28158,161253210,47865415000,8324420,KSQ
1915,082660,KR7082660002,코스나인,KOSDAQ,관리종목(소속부없음),480,0,0,0.0,0,0,0,0,0,47827617120,99640869,KSQ
1916,170790,KR7170790000,파이오링크,KOSDAQ,우량기업부,7470,1,90,1.22,7390,7600,7390,13913,103546310,47788092450,6397335,KSQ
1917,373160,KR7373160001,데이원컴퍼니,KOSDAQ,기술성장기업부,3455,2,-15,-0.43,3550,3550,3420,1650,5694560,47704805395,13807469,KSQ
1918,311690,KR7311690002,CJ 바이오사이언스,KOSDAQ,기술성장기업부,3650,2,-20,-0.54,3690,3755,3610,8670,31775916,47688936300,13065462,KSQ
1919,004540,KR7004540001,깨끗한나라,KOSPI,,1280,2,-10,-0.78,1300,1338,1266,498961,644085862,47668087040,37240693,STK
1920,001620,KR7001620004,케이비아이동국실업,KOSPI,,2140,1,30,1.42,2150,2175,2120,31716,67961578,47633416840,22258606,STK
1921,418250,KR7418250007,시큐레터,KOSDAQ,관리종목(소속부없음),6550,0,0,0.0,0,0,0,0,0,47629012750,7271605,KSQ
1922,037950,KR7037950003,엘컴텍,KOSDAQ,중견기업부,2810,1,25,0.9,2825,2965,2785,9648,27250460,47459503430,16889503,KSQ
1923,241790,KR7241790005,티이엠씨씨엔에스,KOSDAQ,우량기업부,4710,1,55,1.18,4705,4795,4680,15115,71687118,47112406140,10002634,KSQ
1924,066670,KR7066670001,디티씨,KOSDAQ,중견기업부,2520,2,-20,-0.79,2545,2625,2520,856,2192930,47103633360,18691918,KSQ
1925,457600,KR7457600005,벡트,KOSDAQ,벤처기업부,3435,1,125,3.78,3310,3470,3215,192866,658112800,47085262500,13707500,KSQ
1926,019990,KR7019990001,에너토크,KOSDAQ,중견기업부,4825,1,225,4.89,4630,4835,4630,9825,46964340,47073124600,9756088,KSQ
1927,37550K,KR737550K011,DL이앤씨우,KOSPI,,22250,1,1000,4.71,21550,22600,21550,2779,61518800,47033941250,2113885,STK
1928,023440,KR7023440001,제이스코홀딩스,KOSDAQ,관리종목(소속부없음),521,0,0,0.0,0,0,0,0,0,46964378481,90142761,KSQ
1929,352910,KR7352910004,오비고,KOSDAQ,기술성장기업부,3695,2,-20,-0.54,3715,4070,3665,12319,45477965,46696678390,12637802,KSQ
1930,357250,KR7357250000,미래에셋맵스리츠,KOSPI,,1868,2,-2,-0.11,1872,1872,1857,3172,5921006,46690856140,24995105,STK
1931,011300,KR7011300001,우성머티리얼스,KOSPI,,2775,1,80,2.97,2675,2850,2560,127213,348064450,46664602575,16816073,STK
1932,092300,KR7092300003,현우산업,KOSDAQ,우량기업부,2315,1,55,2.43,2290,2345,2285,57473,133419280,46646951365,20149871,KSQ
1933,376290,KR7376290003,씨유테크,KOSDAQ,벤처기업부,2640,2,-75,-2.76,2725,2725,2630,4362,11538395,46615800000,17657500,KSQ
1934,471820,KR7471820001,셀로맥스사이언스,KOSDAQ,벤처기업부,4115,1,50,1.23,4450,4450,4080,1083,4481745,46511347085,11302879,KSQ
1935,217500,KR7217500008,러셀,KOSDAQ,벤처기업부,1459,1,105,7.75,1372,1509,1372,213824,310468346,46413708000,31812000,KSQ
1936,053980,KR7053980009,오상자이엘,KOSDAQ,우량기업부,2445,1,35,1.45,2450,2480,2405,22462,54649120,46412904435,18982783,KSQ
1937,440290,KR7440290005,HB인베스트먼트,KOSDAQ,중견기업부,1686,2,-15,-0.88,1701,1710,1671,28722,48469572,46375840980,27506430,KSQ
1938,069460,KR7069460004,대호에이엘,KOSPI,,2660,0,0,0.0,0,0,0,0,0,46322277400,17414390,STK
1939,041650,KR7041650003,상신브레이크,KOSPI,,2155,1,25,1.17,2170,2190,2095,21096,44572710,46270974750,21471450,STK
1940,321260,KR7321260002,프로이천,KOSDAQ,벤처기업부,1639,1,14,0.86,1644,1688,1621,64557,106530479,46206825676,28192084,KSQ
1941,198080,KR7198080004,캐프,KOSDAQ,우량기업부,2145,1,15,0.7,2140,2180,2135,19073,41124295,46192971825,21535185,KSQ
1942,015710,KR7015710007,코콤,KOSDAQ,우량기업부,2635,1,35,1.35,2620,2700,2620,8847,23526205,46192867500,17530500,KSQ
1943,006125,KR7006121008,SK디스커버리우,KOSPI,,37500,1,650,1.76,37100,37700,37100,469,17578150,46188937500,1231705,STK
1944,088280,KR7088280003,쏘닉스,KOSDAQ,기술성장기업부,2665,1,105,4.1,2565,2725,2565,25006,66770190,46121795850,17306490,KSQ
1945,179530,KR7179530001,애드바이오텍,KOSDAQ,기술성장기업부,1710,2,-109,-5.99,1935,1935,1656,71751,121812595,46085011290,26950299,KSQ
1946,372910,KR7372910000,한컴라이프케어,KOSPI,,1663,2,-12,-0.72,1666,1703,1660,16409,27451671,46022537178,27674406,STK
1947,065130,KR7065130007,탑엔지니어링,KOSDAQ,중견기업부,2875,2,-10,-0.35,2885,2925,2820,19541,56168365,46011500000,16004000,KSQ
1948,127710,KR7127710002,아시아경제,KOSDAQ,중견기업부,1043,1,6,0.58,1037,1047,998,1654,1719111,45943326030,44049210,KSQ
1949,109080,KR7109080002,옵티시스,KOSDAQ,벤처기업부,8150,1,230,2.9,8030,8320,8030,8988,73265380,45933400000,5636000,KSQ
1950,060560,KR7060560000,HC홈센타,KOSDAQ,중견기업부,1803,2,-8,-0.44,1813,1875,1794,4428,8010735,45774565803,25388001,KSQ
1951,163280,KR7163280001,에어레인,KOSDAQ,기술성장기업부,3365,1,50,1.51,3355,3425,3305,37664,126282775,45774357470,13603078,KSQ
1952,052460,KR7052460003,아이크래프트,KOSDAQ,벤처기업부,3120,2,-90,-2.8,3215,3290,3085,140828,445479020,45576760320,14607936,KSQ
1953,143540,KR7143540003,영우디에스피,KOSDAQ,벤처기업부,1021,1,38,3.87,991,1038,960,198060,199694954,45536492795,44599895,KSQ
1954,052790,KR7052790003,액토즈소프트,KOSDAQ,중견기업부,4165,2,-15,-0.36,4180,4210,4090,13183,54561640,45500738255,10924547,KSQ
1955,007680,KR7007680002,대원,KOSDAQ,중견기업부,3435,2,-15,-0.43,3365,3570,3335,47675,162156470,45420105030,13222738,KSQ
1956,002920,KR7002920007,유성기업,KOSPI,,1746,1,32,1.87,1715,1747,1714,4122,7171016,45304335000,25947500,STK
1957,950220,KR8840140006,네오이뮨텍,KOSDAQ,기술성장기업부,1324,1,7,0.53,1317,1356,1240,86837,114398699,45296476160,34211840,KSQ
1958,189980,KR7189980006,흥국에프엔비,KOSDAQ,우량기업부,1125,3,0,0.0,1125,1150,1117,10128,11411958,45155055375,40137827,KSQ
1959,005030,KR7005030002,부산주공,KOSPI,,486,0,0,0.0,0,0,0,0,0,45092532168,92782988,STK
1960,073110,KR7073110009,엘엠에스,KOSDAQ,벤처기업부,5050,1,10,0.2,5070,5090,5040,428,2159110,44923562750,8895755,KSQ
1961,074610,KR7074610007,이엔플러스,KOSPI,,5110,0,0,0.0,0,0,0,0,0,44815400070,8770137,STK
1962,023350,KR7023350002,한국종합기술,KOSPI,,4090,2,-45,-1.09,4200,4200,4050,16814,68774115,44785500000,10950000,STK
1963,413640,KR7413640004,비아이매트릭스,KOSDAQ,벤처기업부,6210,2,-90,-1.43,6300,6430,6210,4830,30486380,44755097400,7206940,KSQ
1964,317690,KR7317690006,퀀타매트릭스,KOSDAQ,기술성장기업부,2205,2,-30,-1.34,2235,2355,2175,38863,86506524,44397738945,20135029,KSQ
1965,129890,KR7129890000,앱코,KOSDAQ,벤처기업부,974,2,-26,-2.6,1000,1000,945,254761,245628809,44361416348,45545602,KSQ
1966,086060,KR7086060001,진바이오텍,KOSDAQ,중견기업부,5150,3,0,0.0,5150,5190,5000,15619,80105010,44344523050,8610587,KSQ
1967,28513K,KR728513K010,SK케미칼우,KOSPI,,20950,1,200,0.96,21000,21000,20800,693,14492150,44318237550,2115429,STK
1968,461030,KR7461030009,아이엠비디엑스,KOSDAQ,기술성장기업부,3085,1,120,4.05,2965,3110,2965,13518,41227950,44221984945,14334517,KSQ
1969,000950,KR7000950006,전방,KOSPI,,26300,2,-50,-0.19,26350,27100,25700,1681,43882750,44184000000,1680000,STK
1970,288330,KR7288330004,파라택시스코리아,KOSDAQ,관리종목(소속부없음),416,0,0,0.0,0,0,0,0,0,44129674368,106080948,KSQ
1971,004910,KR7004910006,조광페인트,KOSPI,,3440,1,20,0.58,3450,3455,3415,4861,16677640,44032000000,12800000,STK
1972,092780,KR7092780006,DYP,KOSPI,,3335,1,40,1.21,3300,3440,3255,7032,23583310,43916814100,13168460,STK
1973,460470,KR7460470008,아이빔테크놀로지,KOSDAQ,기술성장기업부,2900,3,0,0.0,2900,2965,2865,14548,42145325,43846173000,15119370,KSQ
1974,003080,KR7003080009,SB성보,KOSPI,,2185,1,5,0.23,2170,2205,2170,25764,56287445,43743700000,20020000,STK
1975,225190,KR7225190008,LK삼양,KOSDAQ,중견기업부,620,1,10,1.64,611,700,611,266018,169527022,43690432800,70468440,KSQ
1976,094970,KR7094970001,제이엠티,KOSDAQ,벤처기업부,2605,2,-10,-0.38,2635,2670,2580,134566,349503415,43629165200,16748240,KSQ
1977,014910,KR7014910004,성문전자,KOSPI,,1995,1,13,0.66,2030,2075,1966,291589,586308115,43605227715,21857257,STK
1978,479960,KR7479960007,위너스일렉,KOSDAQ,중견기업부,6110,1,90,1.5,5830,6150,5830,7306,43620020,43539860000,7126000,KSQ
1979,051390,KR7051390003,YW,KOSDAQ,중견기업부,3830,1,30,0.79,3835,3835,3705,1782,6798839,43491059440,11355368,KSQ
1980,189690,KR7189690001,포시에스,KOSDAQ,벤처기업부,1591,2,-16,-1.0,1607,1607,1554,15285,23964211,43469252679,27321969,KSQ
1981,025880,KR7025880006,케이씨피드,KOSDAQ,우량기업부,2595,2,-15,-0.57,2605,2615,2570,15284,39703075,43377651510,16715858,KSQ
1982,099220,KR7099220006,SDN,KOSDAQ,중견기업부,689,1,16,2.38,673,703,673,116084,79948024,43368657150,62944350,KSQ
1983,072470,KR7072470008,우리산업홀딩스,KOSDAQ,중견기업부,2295,1,45,2.0,2375,2375,2255,7912,18126875,43346447595,18887341,KSQ
1984,056700,KR7056700008,신화인터텍,KOSDAQ,중견기업부,1479,2,-13,-0.87,1494,1497,1475,16536,24482019,43090799589,29135091,KSQ
1985,000910,KR7000910000,유니온,KOSPI,,2755,2,-30,-1.08,2785,2830,2730,34954,96819305,43010010345,15611619,STK
1986,0010V0,KR70010V0005,제이피아이헬스케어,KOSDAQ,벤처기업부,8420,1,120,1.45,8440,8510,8250,10195,85079260,42987468000,5105400,KSQ
1987,296160,KR7296160005,프로젠,KONEX,일반기업부,2795,2,-20,-0.71,2850,2850,2700,3518,9611960,42973345805,15375079,KNX
1988,097870,KR7097870000,효성오앤비,KOSDAQ,중견기업부,5060,2,-20,-0.39,5080,5080,4940,21301,106643440,42959400000,8490000,KSQ
1989,481850,KR7481850006,신한글로벌액티브리츠,KOSPI,,985,1,24,2.5,967,996,965,23341,22911059,42825499040,43477664,STK
1990,009835,KR7009831009,한화솔루션우,KOSPI,,16620,1,250,1.53,16990,17260,16620,5180,86763995,42802300380,2575349,STK
1991,190650,KR7190650002,코리아에셋투자증권,KOSDAQ,우량기업부,6680,1,40,0.6,6650,6710,6640,1629,10897000,42671840000,6388000,KSQ
1992,273060,KR7273060004,와이즈버즈,KOSDAQ,중견기업부,845,1,15,1.81,860,870,833,36913,31701194,42638346790,50459582,KSQ
1993,066130,KR7066130006,하츠,KOSDAQ,우량기업부,3330,1,30,0.91,3315,3355,3285,5601,18612345,42624000000,12800000,KSQ
1994,419080,KR7419080007,엔젯,KOSDAQ,기술성장기업부,3915,1,75,1.95,3810,4015,3810,12271,47985310,42563163555,10871817,KSQ
1995,008420,KR7008420002,문배철강,KOSPI,,2070,1,25,1.22,2055,2085,2045,13131,27193600,42442255350,20503505,STK
1996,178780,KR7178780003,일월지엠엘,KOSDAQ,벤처기업부,2270,1,15,0.67,2270,2315,2265,2214,5057190,42310972650,18639195,KSQ
1997,011390,KR7011390002,부산산업,KOSPI,,40050,2,-100,-0.25,40100,40550,39950,926,37208550,42292800000,1056000,STK
1998,133820,KR7133820001,화인베스틸,KOSPI,,1137,2,-42,-3.56,1219,1219,1122,136504,156367810,42199188774,37114502,STK
1999,270870,KR7270870009,뉴트리,KOSDAQ,중견기업부,4585,2,-35,-0.76,4650,4650,4565,5621,25994225,42183027040,9200224,KSQ
2000,159580,KR7159580000,제로투세븐,KOSDAQ,중견기업부,2105,2,-15,-0.71,2125,2155,2080,60375,126967520,42168698780,20032636,KSQ
2001,052220,KR7052220001,iMBC,KOSDAQ,중견기업부,1831,1,3,0.16,1828,1835,1802,9276,16866276,42113000000,23000000,KSQ
2002,263020,KR7263020000,디케이앤디,KOSDAQ,벤처기업부,3040,2,-15,-0.49,3055,3100,2990,45996,139197685,42061883840,13836146,KSQ
2003,024950,KR7024950008,삼천리자전거,KOSDAQ,중견기업부,3390,1,40,1.19,3350,3465,3350,22882,77633335,42036000000,12400000,KSQ
2004,222420,KR7222420002,쎄노텍,KOSDAQ,벤처기업부,867,1,26,3.09,849,881,849,49553,43152935,41978859441,48418523,KSQ
2005,262260,KR7262260003,에이프로,KOSDAQ,우량기업부,2780,1,40,1.46,2770,2890,2760,23789,66768935,41915894800,15077660,KSQ
2006,017180,KR7017180001,명문제약,KOSPI,,1232,2,-25,-1.99,1252,1264,1210,323148,396172154,41830655328,33953454,STK
2007,089790,KR7089790000,제이티,KOSDAQ,벤처기업부,4055,1,65,1.63,4070,4235,4005,16312,66339252,41829405215,10315513,KSQ
2008,060850,KR7060850005,영림원소프트랩,KOSDAQ,벤처기업부,5130,2,-30,-0.58,5120,5160,5040,660,3363960,41712030000,8131000,KSQ
2009,196450,KR7196450001,코아시아씨엠,KOSDAQ,중견기업부,920,1,29,3.25,891,938,886,26305,23842179,41694400000,45320000,KSQ
2010,026910,KR7026910000,광진실업,KOSDAQ,중견기업부,5250,2,-140,-2.6,5340,5570,5050,31970,173891030,41623711500,7928326,KSQ
2011,066900,KR7066900002,디에이피,KOSDAQ,관리종목(소속부없음),1830,2,-18,-0.97,1833,1855,1820,1195,2187479,41622440490,22744503,KSQ
2012,042940,KR7042940007,상지건설,KOSDAQ,중견기업부,6090,1,120,2.01,6100,6200,6000,53472,327071570,41586856080,6828712,KSQ
2013,068330,KR7068330000,일신바이오,KOSDAQ,중견기업부,940,1,10,1.08,926,950,926,18771,17597125,41563171600,44216140,KSQ
2014,238120,KR7238120000,얼라인드,KOSDAQ,기술성장기업부,2920,2,-25,-0.85,2925,2970,2900,5481,15944400,41517360080,14218274,KSQ
2015,215380,KR7215380007,우정바이오,KOSDAQ,벤처기업부,2465,2,-60,-2.38,2580,2580,2380,54559,135734870,41484904840,16829576,KSQ
2016,047400,KR7047400007,유니온머티리얼,KOSPI,,987,1,23,2.39,992,999,973,30502,30185846,41454000000,42000000,STK
2017,340360,KR7340360007,다보링크,KOSDAQ,투자주의환기종목(소속부없음),796,2,-54,-6.35,850,850,788,81258,65641256,41441966512,52062772,KSQ
2018,033540,KR7033540006,파라텍,KOSDAQ,중견기업부,792,2,-18,-2.22,820,821,760,114643,89267858,41379094152,52246331,KSQ
2019,019490,KR7019490002,엑시큐어하이트론,KOSPI,,541,0,0,0.0,0,0,0,0,0,41349858070,76432270,STK
2020,099410,KR7099410003,동방선기,KOSDAQ,벤처기업부,2950,1,85,2.97,2920,2985,2810,19249,56630600,41300000000,14000000,KSQ
2021,277070,KR7277070009,린드먼아시아,KOSDAQ,중견기업부,2995,1,40,1.35,2970,3010,2905,910,2691475,41007540000,13692000,KSQ
2022,140520,KR7140520008,대창스틸,KOSDAQ,중견기업부,1941,1,18,0.94,1933,1970,1930,13778,26730148,40973040663,21109243,KSQ
2023,276730,KR7276730009,한울앤제주,KOSDAQ,투자주의환기종목(소속부없음),17890,1,70,0.39,17680,18790,17155,2378,42223920,40873444010,2284709,KSQ
2024,037230,KR7037230000,한국팩키지,KOSDAQ,우량기업부,1367,2,-1,-0.07,1373,1393,1362,131516,180154659,40737047009,29800327,KSQ
2025,224110,KR7224110007,에이텍모빌리티,KOSDAQ,벤처기업부,8000,1,70,0.88,7970,8100,7930,6370,50649570,40643088000,5080386,KSQ
2026,014190,KR7014190003,원익큐브,KOSDAQ,우량기업부,1148,1,18,1.59,1136,1161,1126,45769,52459549,40633541508,35395071,KSQ
2027,200580,KR7200580009,메디쎄이,KONEX,일반기업부,10890,1,90,0.83,10910,10910,10890,827,9008120,40577000310,3726079,KNX
2028,037330,KR7037330008,인지디스플레,KOSDAQ,우량기업부,924,2,-8,-0.86,940,948,895,5888,5429097,40549946976,43885224,KSQ
2029,000890,KR7000890004,보해양조,KOSPI,,1467,1,1,0.07,1510,1510,1460,375564,557304801,40524444675,27624025,STK
2030,012280,KR7012280004,영화금속,KOSPI,,816,2,-4,-0.49,820,847,811,48439,39685880,40411996080,49524505,STK
2031,017040,KR7017040007,광명전기,KOSPI,,932,0,0,0.0,0,0,0,0,0,40390657180,43337615,STK
2032,038070,KR7038070009,서린바이오,KOSDAQ,중견기업부,4335,2,-20,-0.46,4355,4425,4335,9160,40006080,40318430460,9300676,KSQ
2033,002290,KR7002290005,삼일기업공사,KOSDAQ,우량기업부,3235,2,-20,-0.61,3275,3275,3235,14660,47487775,40114000000,12400000,KSQ
2034,153460,KR7153460001,네이블,KOSDAQ,중견기업부,6140,2,-100,-1.6,6400,6400,6070,1630,9970420,40094285960,6530014,KSQ
2035,263920,KR7263920001,휴엠앤씨,KOSDAQ,중견기업부,4080,1,95,2.38,3990,4160,3990,9541,38911260,40020826080,9809026,KSQ
2036,171010,KR7171010002,램테크놀러지,KOSDAQ,벤처기업부,2790,1,60,2.2,2795,2820,2710,28325,78671365,39893518080,14298752,KSQ
2037,299900,KR7299900001,위지윅스튜디오,KOSDAQ,중견기업부,233,0,0,0.0,0,0,0,0,0,39854389972,171048884,KSQ
2038,064090,KR7064090004,인크레더블버즈,KOSDAQ,관리종목(소속부없음),798,0,0,0.0,0,0,0,0,0,39694710510,49742745,KSQ
2039,424980,KR7424980001,마이크로투나노,KOSDAQ,기술성장기업부,6700,1,140,2.13,6830,7000,6690,7937,54202940,39656563000,5918890,KSQ
2040,263810,KR7263810004,상신전자,KOSDAQ,중견기업부,2485,1,35,1.43,2465,2545,2450,36072,90031665,39573190125,15924825,KSQ
2041,261200,KR7261200000,덴티스,KOSDAQ,중견기업부,2485,2,-45,-1.78,2535,2555,2425,9407,23224090,39287104500,15809700,KSQ
2042,114450,KR7114450000,그린생명과학,KOSDAQ,벤처기업부,1964,1,35,1.81,1969,1999,1902,127264,251065326,39280000000,20000000,KSQ
2043,050120,KR7050120005,ES큐브,KOSDAQ,중견기업부,2895,1,20,0.7,2880,2915,2815,2674,7682895,39268028970,13564086,KSQ
2044,134790,KR7134790005,시디즈,KOSPI,,19620,1,250,1.29,19350,20000,19350,754,14892630,39240000000,2000000,STK
2045,084870,KR7084870005,TBH글로벌,KOSPI,,1917,2,-23,-1.19,1942,1942,1850,5102,9788967,39218476752,20458256,STK
2046,361570,KR7361570005,알비더블유,KOSDAQ,중견기업부,1364,3,0,0.0,1364,1377,1358,3721,5079164,39205848924,28743291,KSQ
2047,026940,KR7026940007,부국철강,KOSPI,,1960,2,-19,-0.96,1984,2025,1960,251885,502460529,39200000000,20000000,STK
2048,004410,KR7004410007,서울식품,KOSPI,,991,1,3,0.3,988,1004,980,72501,71753571,39099917883,39455013,STK
2049,219420,KR7219420007,링크제니시스,KOSDAQ,기술성장기업부,3405,1,155,4.77,3270,3430,3270,15880,53553535,39053671335,11469507,KSQ
2050,177900,KR7177900008,쓰리에이로직스,KOSDAQ,기술성장기업부,4055,1,120,3.05,3960,4175,3960,6137,24782605,39039918000,9627600,KSQ
2051,215790,KR7215790007,이노인스트루먼트,KOSDAQ,중견기업부,969,4,223,29.89,820,969,787,4226704,3981642811,39034371381,40283149,KSQ
2052,005360,KR7005360003,모나미,KOSPI,,2065,2,-550,-21.03,2275,2295,2050,10196693,22067040928,39022938955,18897307,STK
2053,290670,KR7290670009,대보마그네틱,KOSDAQ,중견기업부,4965,2,-45,-0.9,4970,5200,4890,8256,40994320,39013281900,7857660,KSQ
2054,315640,KR7315640003,딥노이드,KOSDAQ,기술성장기업부,1327,1,36,2.79,1290,1333,1290,76093,99771281,38976951864,29372232,KSQ
2055,072770,KR7072770001,멤레이비티,KOSDAQ,중견기업부,938,2,-46,-4.67,976,1000,934,145379,139099370,38938347924,41512098,KSQ
2056,227950,KR7227950003,엔투텍,KOSDAQ,벤처기업부,1128,2,-12,-1.05,1130,1149,1106,20976,23571070,38925259752,34508209,KSQ
2057,234100,KR7234100006,폴라리스세원,KOSDAQ,우량기업부,2665,1,65,2.5,2605,2735,2605,20593,55242215,38913359940,14601636,KSQ
2058,191600,KR7191600006,블루탑,KONEX,일반기업부,13580,2,-30,-0.22,13580,13580,13580,1,13580,38824242240,2858928,KNX
2059,189860,KR7189860000,서전기전,KOSDAQ,벤처기업부,3995,1,195,5.13,3920,4045,3855,61130,243458569,38746626100,9698780,KSQ
2060,382150,KR7382150001,온코크로스,KOSDAQ,기술성장기업부,3175,1,85,2.75,3090,3275,3085,15887,50218620,38722163475,12195957,KSQ
2061,007530,KR7007530009,와이엠,KOSDAQ,중견기업부,1739,2,-28,-1.58,1800,1801,1705,15071,26155616,38700107709,22254231,KSQ
2062,049830,KR7049830003,승일,KOSDAQ,중견기업부,6310,2,-40,-0.63,6300,6390,6230,700,4392340,38693626720,6132112,KSQ
2063,051630,KR7051630002,진양화학,KOSPI,,1818,1,109,6.38,1702,1850,1673,270386,474044140,38541600000,21200000,STK
2064,008870,KR7008870008,금비,KOSPI,,38500,2,-800,-2.04,38500,39600,37850,405,15581700,38500000000,1000000,STK
2065,199550,KR7199550005,레이저옵텍,KOSDAQ,벤처기업부,2590,2,-40,-1.52,2630,2770,2590,24800,66173735,38450598690,14845791,KSQ
2066,480370,KR7480370006,씨케이솔루션,KOSPI,,1183,1,84,7.64,1099,1200,1099,68156,79015072,38425505664,32481408,STK
2067,221980,KR7221980006,케이디켐,KOSDAQ,우량기업부,9520,2,-30,-0.31,9570,9570,9520,243,2317675,38411296000,4034800,KSQ
2068,145270,KR7145270005,케이탑리츠,KOSPI,,799,1,6,0.76,810,810,777,34330,27290834,38400558426,48060774,STK
2069,204020,KR7204020002,그리티,KOSDAQ,우량기업부,1974,1,51,2.65,1926,1991,1916,5152,10023875,38395942368,19450832,KSQ
2070,360350,KR7360350003,코셈,KOSDAQ,기술성장기업부,7060,2,-160,-2.22,7480,7990,7010,52742,397544820,38392068200,5437970,KSQ
2071,044960,KR7044960003,이글벳,KOSDAQ,중견기업부,3030,1,15,0.5,3015,3055,3015,15440,46828990,38304905490,12641883,KSQ
2072,150900,KR7150900009,파수AI,KOSDAQ,벤처기업부,3265,1,45,1.4,3220,3340,3210,17124,55552000,38213305330,11703922,KSQ
2073,011420,KR7011420007,갤럭시아에스엠,KOSPI,,1382,2,-2,-0.14,1386,1400,1328,88187,119682427,38073608008,27549644,STK
2074,466410,KR7466410008,사이냅소프트,KOSDAQ,벤처기업부,7550,1,140,1.89,7570,7590,7400,5626,42006520,38029523650,5037023,KSQ
2075,050860,KR7050860006,아세아텍,KOSDAQ,우량기업부,1689,2,-12,-0.71,1698,1757,1684,7327,12563813,38002500000,22500000,KSQ
2076,340810,KR7340810001,시선AI,KOSDAQ,기술성장기업부,2785,1,440,18.76,2520,2900,2367,449236,1202126201,38001258160,13644976,KSQ
2077,051490,KR7051490001,나라엠앤디,KOSDAQ,우량기업부,2675,1,85,3.28,2580,2700,2580,8374,22094230,37985000000,14200000,KSQ
2078,900250,KYG2115T1076,크리스탈신소재,KOSDAQ,외국기업(소속부없음),1060,2,-1,-0.09,1070,1071,1036,56890,60212801,37963901060,35815001,KSQ
2079,122690,KR7122690001,서진오토모티브,KOSDAQ,중견기업부,1642,1,33,2.05,1591,1668,1591,25467,41896904,37895990572,23079166,KSQ
2080,023960,KR7023960008,에쓰씨엔지니어링,KOSPI,,990,2,-5,-0.5,995,1014,976,25455,25222869,37655615250,38035975,STK
2081,043340,KR7043340009,에쎈테크,KOSDAQ,중견기업부,792,1,12,1.54,800,809,778,47442,37543878,37620000000,47500000,KSQ
2082,229000,KR7229000005,젠큐릭스,KOSDAQ,기술성장기업부,1605,1,89,5.87,1516,1627,1510,111346,174861236,37602204825,23428165,KSQ
2083,256150,KR7256150004,한독크린텍,KOSDAQ,벤처기업부,4470,1,20,0.45,4450,4480,4400,492,2189770,37525650000,8395000,KSQ
2084,046310,KR7046310009,백금T&A,KOSDAQ,우량기업부,2285,1,15,0.66,2300,2305,2265,11489,26267780,37516594685,16418641,KSQ
2085,369370,KR7369370002,블리츠웨이엔터테인먼트,KOSDAQ,벤처기업부,750,0,0,0.0,0,0,0,0,0,37403933250,49871911,KSQ
2086,203450,KR7203450002,유니온바이오메트릭스,KOSDAQ,벤처기업부,2650,2,-55,-2.03,2685,2765,2615,13306,35104025,37309368550,14079007,KSQ
2087,100660,KR7100660000,서암기계공업,KOSDAQ,중견기업부,2960,1,75,2.6,3000,3010,2920,36639,108251995,37296000000,12600000,KSQ
2088,045060,KR7045060001,오공,KOSDAQ,우량기업부,2200,3,0,0.0,2200,2225,2185,10366,22800200,37272342800,16941974,KSQ
2089,104200,KR7104200001,NHN벅스,KOSDAQ,중견기업부,2510,1,15,0.6,2560,2595,2410,43255,107861917,37217150500,14827550,KSQ
2090,014570,KR7014570006,고려제약,KOSDAQ,중견기업부,3365,2,-25,-0.74,3365,3450,3365,9732,33394880,37015000000,11000000,KSQ
2091,123570,KR7123570004,이엠넷,KOSDAQ,중견기업부,1660,2,-5,-0.3,1665,1665,1649,509,845504,36978289480,22276078,KSQ
2092,263700,KR7263700007,케어랩스,KOSDAQ,중견기업부,1904,1,21,1.12,1909,2050,1889,27765,54001776,36964636800,19414200,KSQ
2093,307280,KR7307280008,원바이오젠,KOSDAQ,벤처기업부,5210,2,-10,-0.19,5340,5360,5000,49412,254025830,36963006670,7094627,KSQ
2094,012160,KR7012160008,영흥,KOSPI,,2365,1,35,1.5,2365,2490,2210,37457,87601090,36942962595,15620703,STK
2095,011330,KR7011330008,유니켐,KOSPI,,4095,1,90,2.25,4050,4250,4010,25226,103525135,36931916385,9018783,STK
2096,059100,KR7059100008,아이컴포넌트,KOSDAQ,벤처기업부,5210,1,20,0.39,5300,5430,5080,21408,112086870,36839180600,7070860,KSQ
2097,002870,KR7002870004,신풍,KOSPI,,1052,2,-18,-1.68,1070,1070,1042,59951,62918514,36776552400,34958700,STK
2098,065440,KR7065440000,이루온,KOSDAQ,벤처기업부,1348,1,29,2.2,1332,1399,1315,142255,193019756,36766726960,27275020,KSQ
2099,065500,KR7065500001,오리엔트정공,KOSDAQ,중견기업부,1104,1,13,1.19,1091,1113,1089,105585,116458785,36700174848,33242912,KSQ
2100,024120,KR7024120008,KB오토시스,KOSDAQ,중견기업부,3190,1,25,0.79,3165,3280,3155,2353,7471180,36685000000,11500000,KSQ
2101,258610,KR7258610005,케일럼,KOSDAQ,중견기업부,1005,2,-9,-0.89,1011,1030,997,40225,40509050,36667488315,36485063,KSQ
2102,065150,KR7065150005,대산F&B,KOSDAQ,중견기업부,2300,2,-595,-20.55,2895,2895,2085,937838,2214981558,36657952000,15938240,KSQ
2103,352700,KR7352700009,씨앤투스,KOSDAQ,벤처기업부,1392,2,-8,-0.57,1415,1416,1350,21303,29492347,36577443408,26276899,KSQ
2104,002880,KR7002880003,디와이에이,KOSPI,,782,2,-3,-0.38,799,799,772,254741,198674191,36577264090,46773995,STK
2105,290120,KR7290120005,DH오토리드,KOSDAQ,중견기업부,2300,1,10,0.44,2325,2325,2245,3211,7347770,36397907100,15825177,KSQ
2106,081580,KR7081580003,성우전자,KOSDAQ,중견기업부,2345,1,25,1.08,2325,2385,2320,25334,59552810,36366595335,15508143,KSQ
2107,013000,KR7013000005,세우글로벌,KOSPI,,1262,2,-31,-2.4,1282,1282,1248,32558,40946055,36225749122,28705031,STK
2108,105760,KR7105760003,포스뱅크,KOSDAQ,우량기업부,3540,1,105,3.06,3505,3550,3440,6964,24515745,36075739980,10190887,KSQ
2109,284620,KR7284620002,카이노스메드,KOSDAQ,투자주의환기종목(소속부없음),1087,0,0,0.0,0,0,0,0,0,35965517911,33086953,KSQ
2110,237820,KR7237820006,플레이디,KOSDAQ,중견기업부,2800,2,-30,-1.06,2835,2835,2760,14075,39397270,35915992000,12827140,KSQ
2111,019770,KR7019770007,서연탑메탈,KOSDAQ,우량기업부,3080,3,0,0.0,3020,3115,3020,5724,17550745,35882000000,11650000,KSQ
2112,021650,KR7021650007,한국큐빅,KOSDAQ,중견기업부,2190,3,0,0.0,2190,2220,2105,11908,26003240,35807732970,16350563,KSQ
2113,355690,KR7355690009,에이텀,KOSDAQ,기술성장기업부,3805,2,-115,-2.93,4245,4245,3730,63398,243114360,35785948900,9404980,KSQ
2114,049800,KR7049800006,우진플라임,KOSPI,,1789,1,72,4.19,1717,1823,1700,42835,74661107,35780000000,20000000,STK
2115,068940,KR7068940006,셀피글로벌,KOSDAQ,관리종목(소속부없음),778,0,0,0.0,0,0,0,0,0,35720093048,45912716,KSQ
2116,207760,KR7207760000,미스터블루,KOSDAQ,중견기업부,429,1,3,0.7,440,440,418,58250,25014007,35641226907,83079783,KSQ
2117,127980,KR7127980001,화인써키트,KOSDAQ,중견기업부,3005,2,-40,-1.31,3060,3185,2985,5584,16905795,35581255420,11840684,KSQ
2118,373200,KR7373200005,엑스플러스,KOSDAQ,벤처기업부,1418,1,68,5.04,1369,1470,1333,374456,523561233,35511310066,25043237,KSQ
2119,043910,KR7043910009,자연과환경,KOSDAQ,벤처기업부,3130,1,10,0.32,3210,3220,3100,15628,49142910,35491523850,11339145,KSQ
2120,250000,KR7250000007,보라티알,KOSDAQ,우량기업부,5250,3,0,0.0,5270,5290,5200,2600,13619750,35441348250,6750733,KSQ
2121,260660,KR7260660006,알리코제약,KOSDAQ,중견기업부,2310,1,5,0.22,2305,2350,2265,12654,29189860,35405418510,15327021,KSQ
2122,010400,KR7010400000,우진아이엔에스,KOSPI,,4645,1,190,4.26,4465,4690,4245,33800,150717240,35404190000,7622000,STK
2123,052600,KR7052600004,한네트,KOSDAQ,중견기업부,3060,1,15,0.49,3005,3075,3005,11167,33947925,35384922000,11563700,KSQ
2124,297570,KR7297570004,아틀라스링크,KOSDAQ,벤처기업부,1022,1,7,0.69,1025,1035,1000,14424,14665121,35382884796,34621218,KSQ
2125,263050,KR7263050007,유틸렉스,KOSDAQ,관리종목(소속부없음),959,0,0,0.0,0,0,0,0,0,35324626904,36834856,KSQ
2126,365590,KR7365590009,하이딥,KOSDAQ,기술성장기업부,959,1,16,1.7,952,990,938,21847,20897211,35305153450,36814550,KSQ
2127,305090,KR7305090003,마이크로디지탈,KOSDAQ,기술성장기업부,1891,1,18,0.96,1876,1970,1859,34396,65012554,35212029241,18620851,KSQ
2128,196300,KR7196300008,HLB펩,KOSDAQ,관리종목(소속부없음),3755,2,-15,-0.4,3770,3825,3550,14094,52170665,35208528445,9376439,KSQ
2129,112190,KR7112190004,KC산업,KONEX,일반기업부,1293,1,10,0.78,1293,1293,1293,1,1293,35175921477,27204889,KNX
2130,458350,KR7458350006,에스팀,KOSDAQ,중견기업부,4050,1,125,3.18,3900,4070,3900,8351,33499190,35166960000,8683200,KSQ
2131,000215,KR7000211003,DL우,KOSPI,,20850,1,400,1.96,20450,20950,20200,2017,41731750,35155497750,1686115,STK
2132,049470,KR7049470008,비트플래닛,KOSDAQ,중견기업부,1490,1,28,1.92,1505,1543,1452,11796,17612863,35081899510,23544899,KSQ
2133,263770,KR7263770000,유에스티,KOSDAQ,우량기업부,1477,2,-2,-0.14,1465,1510,1465,1108,1648313,35005154044,23700172,KSQ
2134,064520,KR7064520000,테크엘,KOSDAQ,중견기업부,1566,2,-7,-0.45,1615,1615,1558,300,470584,35001763092,22351062,KSQ
2135,128540,KR7128540002,에코캡,KOSDAQ,우량기업부,1310,1,52,4.13,1320,1320,1262,14531,18961144,34964502600,26690460,KSQ
2136,162120,KR7162120000,루켄테크놀러지스,KONEX,일반기업부,3130,1,120,3.99,3150,3150,3000,4291,13213840,34920164260,11156602,KNX
2137,450330,KR7450330006,하스,KOSDAQ,기술성장기업부,4255,2,-30,-0.7,4200,4350,4200,6233,26771764,34835016965,8186843,KSQ
2138,033340,KR7033340001,좋은사람들,KOSDAQ,중견기업부,359,2,-14,-3.75,374,394,355,2457282,906960050,34805250322,96950558,KSQ
2139,071850,KR7071850002,캐스텍코리아,KOSDAQ,투자주의환기종목(소속부없음),1429,1,2,0.14,1482,1482,1391,678,959373,34668880402,24260938,KSQ
2140,089140,KR7089140008,넥스턴앤롤코리아,KOSDAQ,벤처기업부,2255,1,105,4.88,2150,2285,2120,73268,160377570,34538107670,15316234,KSQ
2141,025440,KR7025440009,DH오토웨어,KOSDAQ,투자주의환기종목(소속부없음),3540,1,90,2.61,3500,3640,3435,6392,22677335,34537103760,9756244,KSQ
2142,221840,KR7221840002,하이즈항공,KOSDAQ,중견기업부,1846,1,11,0.6,1830,1879,1819,9771,17886815,34521235606,18700561,KSQ
2143,006920,KR7006920003,모헨즈,KOSDAQ,중견기업부,3160,1,30,0.96,3145,3400,3135,140539,450889997,34507200000,10920000,KSQ
2144,215090,KR7215090002,솔디펜스,KOSDAQ,벤처기업부,1490,2,-23,-1.52,1483,1540,1428,439594,647505257,34501934890,23155661,KSQ
2145,101240,KR7101240000,씨큐브,KOSDAQ,우량기업부,3030,1,60,2.02,2980,3065,2980,6229,18730300,34411867560,11357052,KSQ
2146,066910,KR7066910001,손오공,KOSDAQ,중견기업부,2570,2,-420,-14.05,2970,2985,2500,1246147,3314043182,34403644240,13386632,KSQ
2147,083550,KR7083550004,케이엠,KOSDAQ,중견기업부,2535,1,5,0.2,2490,2715,2490,11015,28239790,34364878275,13556165,KSQ
2148,246690,KR7246690002,TS인베스트먼트,KOSDAQ,중견기업부,1445,1,53,3.81,1395,1459,1395,35761,51445838,34359461430,23778174,KSQ
2149,122830,KR7122830003,원포유,KONEX,일반기업부,1045,1,68,6.96,977,1074,927,12088,11859569,34225824325,32751985,KNX
2150,200780,KR7200780005,비씨월드제약,KOSDAQ,중견기업부,3205,1,55,1.75,3100,3350,3100,6913,22069820,34183443505,10665661,KSQ
2151,184230,KR7184230001,SGA솔루션즈,KOSDAQ,벤처기업부,1808,1,11,0.61,1799,1884,1761,23230,41543347,34149466032,18887979,KSQ
2152,032960,KR7032960007,동일기연,KOSDAQ,관리종목(소속부없음),1939,2,-16,-0.82,1918,2040,1917,4039,7908232,34112778525,17592975,KSQ
2153,057030,KR7057030009,YBM넷,KOSDAQ,중견기업부,2090,2,-10,-0.48,2125,2140,2065,3329,7000440,34093536730,16312697,KSQ
2154,148930,KR7148930001,에이치와이티씨,KOSDAQ,중견기업부,3350,1,20,0.6,3360,3360,3260,38524,128623690,34086963550,10175213,KSQ
2155,376930,KR7376930004,노을,KOSDAQ,기술성장기업부,663,1,12,1.84,652,667,650,72650,47793533,34006147149,51291323,KSQ
2156,087600,KR7087600003,픽셀플러스,KOSDAQ,벤처기업부,4125,1,20,0.49,4095,4280,4065,2651,10912955,33687051750,8166558,KSQ
2157,465480,KR7465480002,인스피언,KOSDAQ,벤처기업부,3320,1,100,3.11,3185,3370,3185,5101,16743325,33657403040,10137772,KSQ
2158,239890,KR7239890007,피엔에이치테크,KOSDAQ,기술성장기업부,3385,1,10,0.3,3375,3465,3340,8149,27734020,33632530675,9935755,KSQ
2159,143210,KR7143210003,핸즈코퍼레이션,KOSPI,,1199,0,0,0.0,0,0,0,0,0,33571739817,27999783,STK
2160,009140,KR7009140005,경인전자,KOSPI,,21350,1,50,0.23,21700,22500,21350,2663,57669350,33536515950,1570797,STK
2161,038060,KR7038060000,루멘스,KOSDAQ,중견기업부,696,1,11,1.61,685,727,685,76410,53835381,33479736024,48103069,KSQ
2162,186230,KR7186230009,그린플러스,KOSDAQ,벤처기업부,3065,3,0,0.0,3065,3105,3005,4350,13423770,33470376220,10920188,KSQ
2163,321820,KR7321820003,아티스트컴퍼니,KOSDAQ,기술성장기업부,2140,1,40,1.9,2110,2215,2105,24014,52240015,33365544640,15591376,KSQ
2164,459550,KR7459550000,알트,KOSDAQ,중견기업부,1316,4,303,29.91,1014,1316,1014,3130681,3911021250,33190521476,25220761,KSQ
2165,159910,KR7159910009,에코글로우,KOSDAQ,중견기업부,3170,1,110,3.59,3070,3200,3025,19273,59699330,33180697490,10467097,KSQ
2166,004365,KR7004361002,세방우,KOSPI,,8990,1,90,1.01,8870,9160,8870,1140,10267570,33166357500,3689250,STK
2167,046390,KR7046390001,삼화네트웍스,KOSDAQ,중견기업부,1919,1,27,1.43,1894,1944,1870,12790,24151090,33139542987,17269173,KSQ
2168,086040,KR7086040003,바이오톡스텍,KOSDAQ,벤처기업부,2075,1,15,0.73,2095,2145,2060,3603,7527074,33113362525,15958247,KSQ
2169,033170,KR7033170002,시그네틱스,KOSDAQ,중견기업부,385,2,-6,-1.53,393,428,378,466059,183052046,33005402815,85728319,KSQ
2170,419120,KR7419120001,산돌,KOSDAQ,중견기업부,2320,2,-50,-2.11,2400,2415,2310,40121,93993746,32997566480,14223089,KSQ
2171,226330,KR7226330009,신테카바이오,KOSDAQ,기술성장기업부,1360,2,-45,-3.2,1430,1443,1341,170178,234305208,32991526000,24258475,KSQ
2172,432430,KR7432430007,와이랩,KOSDAQ,기술성장기업부,1998,2,-32,-1.58,2095,2095,1988,4290,8607349,32983623360,16508320,KSQ
2173,364950,KR7364950006,에이아이코리아,KOSDAQ,벤처기업부,3975,1,200,5.3,3820,4100,3820,15571,61811940,32978368875,8296445,KSQ
2174,495810,KR7495810004,유비씨,KONEX,일반기업부,13120,0,0,0.0,0,0,0,0,0,32800000000,2500000,KNX
2175,446070,KR7446070005,유니드비티플러스,KOSPI,,3090,2,-45,-1.44,3220,3220,3050,30482,95126280,32788654350,10611215,STK
2176,080520,KR7080520000,오디텍,KOSDAQ,벤처기업부,2890,2,-20,-0.69,2915,3090,2835,6122,17662750,32721785130,11322417,KSQ
2177,393210,KR7393210000,토마토시스템,KOSDAQ,기술성장기업부,2090,1,25,1.21,2070,2135,2000,20765,43372270,32634396960,15614544,KSQ
2178,408900,KR7408900009,스튜디오미르,KOSDAQ,중견기업부,996,1,1,0.1,1001,1042,981,58561,59277399,32621917284,32752929,KSQ
2179,009460,KR7009460007,한창제지,KOSPI,,2730,1,30,1.11,2730,2755,2650,13673,37177490,32578446810,11933497,STK
2180,318410,KR7318410008,비비씨,KOSDAQ,중견기업부,5860,1,70,1.21,5810,5930,5790,1655,9648500,32553723980,5555243,KSQ
2181,317870,KR7317870004,엔바이오니아,KOSDAQ,기술성장기업부,3680,2,-5,-0.14,3685,3910,3630,7819,28845165,32538173600,8841895,KSQ
2182,016600,KR7016600009,큐캐피탈,KOSDAQ,중견기업부,2325,1,55,2.42,2275,2490,2275,33199,78773300,32460722325,13961601,KSQ
2183,001070,KR7001070002,대한방직,KOSPI,,6120,2,-30,-0.49,6110,6260,6010,1896,11577500,32436000000,5300000,STK
2184,208860,KR7208860007,다산디엠씨,KOSDAQ,벤처기업부,955,2,-3,-0.31,936,978,936,9707,9274559,32422224215,33949973,KSQ
2185,066360,KR7066360009,체리부로,KOSDAQ,우량기업부,676,1,2,0.3,677,685,668,7232,4884619,32415562140,47952015,KSQ
2186,220180,KR7220180004,핸디소프트,KOSDAQ,벤처기업부,1349,1,7,0.52,1343,1353,1306,4046,5406867,32282705858,23930842,KSQ
2187,090410,KR7090410002,덕신이피씨,KOSDAQ,우량기업부,700,1,6,0.86,709,709,683,189964,131521356,32258866500,46084095,KSQ
2188,160550,KR7160550000,NEW,KOSDAQ,중견기업부,1154,1,64,5.87,1093,1217,1090,79602,91581486,32203646324,27906106,KSQ
2189,020180,KR7020180006,대신정보통신,KOSDAQ,중견기업부,837,2,-31,-3.57,862,890,830,269696,228605031,32165001855,38428915,KSQ
2190,000760,KR7000760009,이화산업,KOSPI,,11370,2,-370,-3.15,11330,11580,11300,967,11051030,31836000000,2800000,STK
2191,452160,KR7452160005,제이엔비,KOSDAQ,중견기업부,3310,1,35,1.07,3195,3380,3195,8030,26306720,31834014370,9617527,KSQ
2192,103840,KR7103840005,우양,KOSDAQ,중견기업부,1944,1,25,1.3,1919,1950,1910,9924,19176506,31816336032,16366428,KSQ
2193,036420,KR7036420008,콘텐트리중앙,KOSPI,,1650,2,-6,-0.36,1656,1795,1550,159563,265086508,31782808200,19262308,STK
2194,475460,KR7475460002,미트박스,KOSDAQ,벤처기업부,5620,1,70,1.26,5580,5790,5580,4701,26648495,31733470500,5646525,KSQ
2195,079000,KR7079000006,와토스코리아,KOSDAQ,중견기업부,4405,2,-55,-1.23,4400,4680,4400,20362,90851795,31716000000,7200000,KSQ
2196,068050,KR7068050004,팬엔터테인먼트,KOSDAQ,중견기업부,1144,2,-4,-0.35,1138,1159,1132,12782,14644794,31682022944,27694076,KSQ
2197,332290,KR7332290006,누보,KOSDAQ,벤처기업부,793,2,-10,-1.25,800,832,765,144556,114266972,31644192372,39904404,KSQ
2198,278650,KR7278650007,HLB바이오스텝,KOSDAQ,중견기업부,1811,2,-81,-4.28,1985,1985,1755,117630,209882217,31570069156,17432396,KSQ
2199,106240,KR7106240005,파인테크닉스,KOSDAQ,벤처기업부,1316,1,9,0.69,1320,1346,1279,28141,36692081,31422579440,23877340,KSQ
2200,452200,KR7452200009,민테크,KOSDAQ,기술성장기업부,1291,1,40,3.2,1263,1339,1263,88326,115405376,31413644800,24332800,KSQ
2201,008250,KR7008250003,이건산업,KOSPI,,2865,2,-35,-1.21,2850,2945,2850,5264,15219087,31379299275,10952635,STK
2202,388610,KR7388610008,지에프씨생명과학,KOSDAQ,기술성장기업부,5870,1,70,1.21,5800,6120,5800,1054,6140610,31259998210,5325383,KSQ
2203,337840,KR7337840003,유엑스엔,KONEX,일반기업부,6280,1,170,2.78,6200,6390,6000,77,477930,31258059440,4977398,KNX
2204,089150,KR7089150007,케이씨티,KOSDAQ,벤처기업부,1821,1,52,2.94,1761,1839,1761,38300,68730019,31230150000,17150000,KSQ
2205,258830,KR7258830009,세종메디칼,KOSDAQ,관리종목(소속부없음),412,0,0,0.0,0,0,0,0,0,31223976612,75786351,KSQ
2206,407400,KR7407400001,꿈비,KOSDAQ,벤처기업부,2130,1,85,4.16,2080,2200,2075,328012,700512477,31171557420,14634534,KSQ
2207,031510,KR7031510001,오스템,KOSDAQ,중견기업부,1113,1,4,0.36,1174,1174,1102,72484,80944821,31164000000,28000000,KSQ
2208,064480,KR7064480007,브리지텍,KOSDAQ,벤처기업부,2605,1,50,1.96,2580,2635,2555,25214,65427040,31136262500,11952500,KSQ
2209,027740,KR7027740000,마니커,KOSPI,,980,2,-14,-1.41,1010,1019,980,100767,99498424,31120501720,31755614,STK
2210,035460,KR7035460005,기산텔레콤,KOSDAQ,벤처기업부,2085,1,70,3.47,2055,2130,2050,34185,71574329,31108908900,14920340,KSQ
2211,105550,KR7105550008,엣지파운드리,KOSDAQ,중견기업부,397,0,0,0.0,0,0,0,0,0,31087899247,78307051,KSQ
2212,133750,KR7133750000,메가엠디,KOSDAQ,중견기업부,1326,3,0,0.0,1327,1327,1308,1655,2187026,31037784102,23407077,KSQ
2213,452300,KR7452300007,캡스톤파트너스,KOSDAQ,중견기업부,2190,1,85,4.04,2125,2200,2095,31702,68445021,31031215950,14169505,KSQ
2214,001380,KR7001380005,SG글로벌,KOSPI,,1380,1,5,0.36,1375,1443,1368,18067,24997201,31025257980,22482071,STK
2215,262840,KR7262840002,아이퀘스트,KOSDAQ,벤처기업부,2935,2,-55,-1.84,2990,3045,2935,4819,14267890,31014004120,10566952,KSQ
2216,351330,KR7351330006,이삭엔지니어링,KOSDAQ,벤처기업부,3735,1,230,6.56,3720,4080,3545,82286,318466396,30957622200,8288520,KSQ
2217,446840,KR7446840001,지슨,KOSDAQ,기술성장기업부,2810,2,-665,-19.14,3475,3480,2755,166437,502583934,30956690960,11016616,KSQ
2218,299660,KR7299660001,셀리드,KOSDAQ,기술성장기업부,1049,1,16,1.55,1035,1084,1015,192560,200956081,30948622873,29502977,KSQ
2219,002690,KR7002690006,동일제강,KOSPI,,1522,2,-16,-1.04,1516,1579,1510,33722,51517628,30897147920,20300360,STK
2220,173940,KR7173940008,에프엔씨엔터,KOSDAQ,중견기업부,2005,2,-30,-1.47,2040,2070,1995,24895,50084964,30862580040,15392808,KSQ
2221,006570,KR7006570006,대림통상,KOSPI,,2025,2,-5,-0.25,2035,2095,1978,9923,20308814,30830625000,15225000,STK
2222,075130,KR7075130005,플랜티넷,KOSDAQ,벤처기업부,1901,1,13,0.69,1889,1901,1880,18306,34631922,30648530320,16122320,KSQ
2223,363250,KR7363250002,진시스템,KOSDAQ,기술성장기업부,3600,2,-85,-2.31,3700,3710,3500,17757,64071490,30630175200,8508382,KSQ
2224,002420,KR7002420008,세기상사,KOSPI,,5130,2,-120,-2.29,5280,5500,5110,11818,61593270,30625833240,5969948,STK
2225,006490,KR7006490007,프리티,KOSPI,,1034,2,-62,-5.66,1087,1087,1025,41569,43254477,30582848582,29577223,STK
2226,010640,KR7010640001,진양폴리,KOSPI,,1829,1,10,0.55,1811,1860,1789,19418,35288604,30544300000,16700000,STK
2227,005820,KR7005820006,원림,KOSPI,,13270,1,130,0.99,13490,13500,13150,191,2530110,30494061900,2297970,STK
2228,308170,KR7308170000,씨티알모빌리티,KOSPI,,3540,1,90,2.61,3500,3700,3450,6969,24545080,30479400000,8610000,STK
2229,464280,KR7464280007,티디에스팜,KOSDAQ,중견기업부,5510,1,70,1.29,5500,5600,5470,2026,11222940,30470300000,5530000,KSQ
2230,007120,KR7007120009,미래아이앤지,KOSPI,,1115,2,-5,-0.45,1111,1140,1109,8323,9284900,30465272110,27323114,STK
2231,033830,KR7033830001,티비씨,KOSDAQ,중견기업부,1607,2,-6,-0.37,1613,1617,1602,10870,17497403,30383757910,18907130,KSQ
2232,023150,KR7023150006,MH에탄올,KOSPI,,4105,1,25,0.61,4245,4245,4055,3068,12561050,30288849230,7378526,STK
2233,246250,KR7246250005,에스엘에스바이오,KOSDAQ,관리종목(소속부없음),1969,0,0,0.0,0,0,0,0,0,30220617614,15348206,KSQ
2234,119500,KR7119500007,포메탈,KOSDAQ,중견기업부,2540,1,60,2.42,2485,2555,2470,42176,105977220,30091969280,11847232,KSQ
2235,038620,KR7038620001,위즈코프,KOSDAQ,벤처기업부,1982,2,-18,-0.9,1985,2050,1982,40440,80910200,30019159926,15145893,KSQ
2236,075970,KR7075970004,동국알앤에스,KOSDAQ,중견기업부,1624,2,-13,-0.79,1637,1692,1611,25915,42215308,29881600000,18400000,KSQ
2237,026040,KR7026040006,제이에스티나,KOSDAQ,중견기업부,1808,2,-21,-1.15,1819,1900,1755,58278,104568296,29838852320,16503790,KSQ
2238,206400,KR7206400004,베노티앤알,KOSDAQ,중견기업부,795,1,11,1.4,784,810,746,79104,61228444,29820575610,37510158,KSQ
2239,088790,KR7088790001,진도,KOSPI,,2395,2,-10,-0.42,2395,2500,2375,12673,30404395,29812346880,12447744,STK
2240,290090,KR7290090000,트윔,KOSDAQ,벤처기업부,4005,1,5,0.13,4060,4060,3975,643,2572110,29799474840,7440568,KSQ
2241,012620,KR7012620001,원일특강,KOSDAQ,우량기업부,6760,1,30,0.45,6790,6830,6430,2903,19678430,29744000000,4400000,KSQ
2242,038950,KR7038950002,파인디지털,KOSDAQ,중견기업부,2905,1,30,1.04,2880,2990,2880,328,951355,29662272325,10210765,KSQ
2243,065950,KR7065950008,웰크론,KOSDAQ,중견기업부,1047,1,20,1.95,1026,1098,1010,213387,220963207,29558173194,28231302,KSQ
2244,025750,KR7025750001,한솔홈데코,KOSPI,,1832,2,-18,-0.97,1835,1887,1821,23283,43637225,29519069128,16113029,STK
2245,091970,KR7091970004,LSK아이로봇,KOSDAQ,중견기업부,3915,1,5,0.13,3960,4200,3830,179095,717163750,29498663700,7534780,KSQ
2246,417860,KR7417860004,오브젠,KOSDAQ,벤처기업부,6260,1,240,3.99,6290,6380,6070,10302,64155920,29465231560,4706906,KSQ
2247,014990,KR7014990006,인디에프,KOSPI,,1959,1,82,4.37,1842,2030,1750,59308,111334702,29429271441,15022599,STK
2248,271830,KR7271830002,팸텍,KOSDAQ,벤처기업부,997,1,25,2.57,991,1035,983,232146,233245237,29401731394,29490202,KSQ
2249,239610,KR7239610009,에이치엘사이언스,KOSDAQ,벤처기업부,5450,1,50,0.93,5360,5520,5360,413,2251390,29387026750,5392115,KSQ
2250,109820,KR7109820001,진매트릭스,KOSDAQ,기술성장기업부,1436,1,34,2.43,1390,1500,1390,15921,22889567,29285267040,20393640,KSQ
2251,096630,KR7096630009,에스코넥,KOSDAQ,우량기업부,1842,1,28,1.54,1847,1849,1799,32272,58654592,29244186966,15876323,KSQ
2252,348030,KR7348030008,모비릭스,KOSDAQ,중견기업부,3040,1,140,4.83,2900,3055,2880,82094,244332960,29195552000,9603800,KSQ
2253,053290,KR7053290003,NE능률,KOSDAQ,중견기업부,1766,1,85,5.06,1667,1782,1667,30973,54662325,29185458162,16526307,KSQ
2254,335810,KR7335810008,프리시젼바이오,KOSDAQ,기술성장기업부,1329,1,14,1.06,1275,1336,1264,7040,9254977,29170893474,21949506,KSQ
2255,022220,KR7022220008,티케이지애강,KOSDAQ,중견기업부,563,1,15,2.74,549,579,545,6407,3599388,29160347977,51794579,KSQ
2256,148250,KR7148250004,알엔투테크놀로지,KOSDAQ,벤처기업부,2140,2,-10,-0.47,2150,2180,2055,57509,121330565,29126906560,13610704,KSQ
2257,118000,KR7118000009,메타케어,KOSPI,,1320,2,-1,-0.08,1340,1340,1300,7870,10307517,29113636200,22055785,STK
2258,311390,KR7311390009,네오크레마,KOSDAQ,벤처기업부,2300,1,55,2.45,2245,2415,2245,7913,18298744,29103714700,12653789,KSQ
2259,009810,KR7009810003,플레이그램,KOSPI,,1910,1,90,4.95,1822,2000,1820,4763,8889003,29010512500,15188750,STK
2260,003060,KR7003060001,에이프로젠바이오로직스,KOSPI,,2010,1,30,1.52,2000,2065,2000,27817,56584930,28968871740,14412374,STK
2261,024070,KR7024070005,WISCOM,KOSPI,,1889,1,58,3.17,1920,1947,1840,20158,38330086,28951641382,15326438,STK
2262,131090,KR7131090003,시큐브,KOSDAQ,벤처기업부,3780,2,-60,-1.56,3840,3845,3735,9614,36508765,28948075380,7658221,KSQ
2263,060540,KR7060540002,에스에이티,KOSDAQ,중견기업부,1106,1,57,5.43,1058,1108,1044,57483,62726604,28903025004,26132934,KSQ
2264,002820,KR7002820009,SUN&L,KOSPI,,2290,1,5,0.22,2255,2365,2200,10572,23891130,28872294810,12607989,STK
2265,318010,KR7318010006,팜스빌,KOSDAQ,벤처기업부,3640,2,-45,-1.22,3690,3690,3620,2304,8348790,28862790320,7929338,KSQ
2266,038880,KR7038880001,아이에이,KOSDAQ,투자주의환기종목(소속부없음),3840,2,-40,-1.03,3880,4160,3660,36991,143325886,28855384320,7514423,KSQ
2267,044480,KR7044480002,빌리언스,KOSDAQ,중견기업부,866,1,3,0.35,871,878,822,17865,15324877,28795293256,33250916,KSQ
2268,121890,KR7121890008,에스디시스템,KOSDAQ,중견기업부,2165,2,-45,-2.04,2210,2305,2150,36240,79845540,28775980590,13291446,KSQ
2269,095910,KR7095910006,에스에너지,KOSDAQ,중견기업부,771,1,20,2.66,769,789,759,189138,146986110,28755916839,37296909,KSQ
2270,058110,KR7058110008,멕아이씨에스,KOSDAQ,기술성장기업부,1791,2,-19,-1.05,1807,1810,1744,24248,42940988,28746499230,16050530,KSQ
2271,351320,KR7351320007,넥사다이내믹스,KOSDAQ,중견기업부,967,2,-18,-1.83,985,996,925,8284,8096217,28718586814,29698642,KSQ
2272,069410,KR7069410009,엔텔스,KOSDAQ,벤처기업부,2800,1,75,2.75,2730,2875,2730,27066,76011735,28685507200,10244824,KSQ
2273,039290,KR7039290002,인포뱅크,KOSDAQ,중견기업부,3290,2,-80,-2.37,3370,3485,3260,2672,8905460,28603187620,8693978,KSQ
2274,131220,KR7131220006,대한과학,KOSDAQ,벤처기업부,3830,2,-65,-1.67,3900,3935,3775,7895,30244085,28550696700,7454490,KSQ
2275,090370,KR7090370008,메타랩스,KOSPI,,1045,3,0,0.0,1045,1073,1032,34687,36105829,28533400005,27304689,STK
2276,288980,KR7288980006,모아데이타,KOSDAQ,기술성장기업부,784,2,-2,-0.25,786,800,751,82289,64149821,28523001136,36381379,KSQ
2277,068100,KR7068100007,케이웨더,KOSDAQ,기술성장기업부,2390,2,-35,-1.44,2425,2450,2335,8891,21196304,28506811040,11927536,KSQ
2278,348080,KR7348080003,큐라티스,KOSDAQ,중견기업부,2215,2,-485,-17.96,2700,2710,2050,105916,248529620,28413472895,12827753,KSQ
2279,336060,KR7336060009,웨이버스,KOSDAQ,벤처기업부,590,0,0,0.0,0,0,0,0,0,28411568000,48155200,KSQ
2280,088340,KR7088340005,유라클,KOSDAQ,벤처기업부,6480,1,280,4.52,6240,6590,6240,11701,75532100,28281104640,4364368,KSQ
2281,123750,KR7123750002,알톤,KOSDAQ,중견기업부,2045,2,-100,-4.66,2145,2200,1987,110490,231015876,28260384655,13819259,KSQ
2282,187270,KR7187270004,신화콘텍,KOSDAQ,벤처기업부,2785,3,0,0.0,2790,2820,2740,8795,24343640,28250608325,10143845,KSQ
2283,043220,KR7043220003,티에스넥스젠,KOSDAQ,관리종목(소속부없음),1710,0,0,0.0,0,0,0,0,0,28191099330,16486023,KSQ
2284,288620,KR7288620008,에스프리즘,KOSDAQ,벤처기업부,4035,1,15,0.37,3965,4195,3965,11820,47860250,28161540060,6979316,KSQ
2285,227610,KR7227610003,아우딘퓨쳐스,KOSDAQ,벤처기업부,1453,1,22,1.54,1322,1531,1322,138891,197925832,28151251663,19374571,KSQ
2286,006345,KR7006341002,대원전선우,KOSPI,,10730,1,540,5.3,10290,11650,10290,266229,2898763320,28125476000,2621200,STK
2287,310870,KR7310870001,디와이씨,KOSDAQ,벤처기업부,1280,1,24,1.91,1281,1319,1256,48648,62631434,28060930560,21922602,KSQ
2288,004870,KR7004870002,티웨이홀딩스,KOSPI,,247,0,0,0.0,0,0,0,0,0,27951383018,113163494,STK
2289,476080,KR7476080007,M83,KOSDAQ,중견기업부,3450,1,120,3.6,3330,3545,3330,14828,51395980,27865650000,8077000,KSQ
2290,005320,KR7005320007,온타이드,KOSPI,,813,2,-15,-1.81,848,848,801,14539,11812754,27794717985,34187845,STK
2291,003535,KR7003531001,한화투자증권우,KOSPI,,5790,1,170,3.02,5720,5900,5620,27760,160315380,27792000000,4800000,STK
2292,014130,KR7014130009,한익스프레스,KOSPI,,2315,1,25,1.09,2310,2390,2300,48581,113202695,27780000000,12000000,STK
2293,045510,KR7045510005,정원엔시스,KOSDAQ,중견기업부,862,2,-16,-1.82,860,879,824,185243,157359232,27764409704,32209292,KSQ
2294,038870,KR7038870002,에코심플렉스,KOSDAQ,중견기업부,1980,1,41,2.11,1938,2010,1820,21009,41368946,27749599020,14014949,KSQ
2295,050110,KR7050110006,캠시스,KOSDAQ,중견기업부,949,1,8,0.85,950,1017,935,352098,341757437,27734357027,29224823,KSQ
2296,462310,KR7462310004,뉴키즈온,KOSDAQ,중견기업부,3510,2,-20,-0.57,3495,3590,3350,8849,31307520,27724103550,7898605,KSQ
2297,434480,KR7434480000,모니터랩,KOSDAQ,기술성장기업부,2250,1,50,2.27,2250,2275,2200,11794,26342766,27698175000,12310300,KSQ
2298,057680,KR7057680001,티사이언티픽,KOSDAQ,벤처기업부,1753,1,15,0.86,1738,1785,1731,12150,21402417,27684969477,15792909,KSQ
2299,446440,KR7446440000,에피바이오텍,KONEX,일반기업부,12000,2,-380,-3.07,12000,12000,12000,5,60000,27682548000,2306879,KNX
2300,130500,KR7130500002,GH신소재,KOSDAQ,중견기업부,1900,1,152,8.7,1751,1994,1742,333885,631589622,27635598800,14545052,KSQ
2301,093240,KR7093240000,형지엘리트,KOSPI,,450,1,12,2.74,440,483,440,1821015,837622440,27625616550,61390259,STK
2302,187220,KR7187220009,디티앤씨,KOSDAQ,중견기업부,2395,2,-25,-1.03,2420,2445,2335,13876,33068040,27602214535,11524933,KSQ
2303,197140,KR7197140007,디지캡,KOSDAQ,벤처기업부,2120,1,20,0.95,2100,2120,2060,9558,20165705,27587886480,13013154,KSQ
2304,206560,KR7206560005,덱스터,KOSDAQ,기술성장기업부,1083,1,51,4.94,1032,1083,1031,45601,47971391,27520910088,25411736,KSQ
2305,289220,KR7289220006,자이언트스텝,KOSDAQ,기술성장기업부,1232,1,22,1.82,1210,1270,1200,29683,36345393,27488656272,22312221,KSQ
2306,475660,KR7475660007,에스켐,KOSDAQ,기술성장기업부,3460,1,5,0.14,3455,3480,3400,1060,3640490,27437229100,7929835,KSQ
2307,227420,KR7227420007,도부,KONEX,일반기업부,721,1,93,14.81,721,721,721,1,721,27430091710,38044510,KNX
2308,291230,KR7291230001,엔피,KOSDAQ,중견기업부,621,2,-27,-4.17,640,669,615,292536,186021398,27383476275,44095775,KSQ
2309,199480,KR7199480005,뱅크웨어글로벌,KOSDAQ,기술성장기업부,2685,2,-15,-0.56,2725,2725,2665,4794,12898570,27377838780,10196588,KSQ
2310,198940,KR7198940009,한주라이트메탈,KOSDAQ,중견기업부,1375,1,51,3.85,1324,1425,1290,74008,101160591,27375920000,19909760,KSQ
2311,115160,KR7115160004,휴맥스,KOSDAQ,중견기업부,6320,1,230,3.78,7000,7000,6040,11074,70589320,27252737440,4312142,KSQ
2312,444530,KR7444530000,심플랫폼,KOSDAQ,기술성장기업부,4230,2,-20,-0.47,4305,4415,4185,29080,125622425,27150864120,6418644,KSQ
2313,177830,KR7177830007,파버나인,KOSDAQ,벤처기업부,2385,1,20,0.85,2380,2400,2310,6986,16288370,27012493305,11325993,KSQ
2314,016920,KR7016920001,카스,KOSDAQ,중견기업부,1019,1,11,1.09,1011,1020,990,56083,56421635,26996915222,26493538,KSQ
2315,188260,KR7188260004,세니젠,KOSDAQ,투자주의환기종목(소속부없음),2035,2,-65,-3.1,2055,2080,2010,5286,10766275,26991167555,13263473,KSQ
2316,900070,KYG3931T1076,글로벌에스엠,KOSDAQ,외국기업(소속부없음),1004,1,4,0.4,1019,1028,997,19800,19905481,26979471936,26871984,KSQ
2317,083640,KR7083640003,인콘,KOSDAQ,벤처기업부,1175,1,52,4.63,1118,1225,1113,71616,83501976,26976053025,22958343,KSQ
2318,030720,KR7030720007,동원수산,KOSPI,,5790,1,60,1.05,5730,5880,5670,47651,274601250,26945530950,4653805,STK
2319,069140,KR7069140002,누리플랜,KOSDAQ,벤처기업부,1781,1,66,3.85,1705,1856,1700,40515,72157944,26885626924,15095804,KSQ
2320,465770,KR7465770006,STX그린로지스,KOSPI,,3735,2,-255,-6.39,3750,4200,3415,1650039,6321232551,26783804520,7171032,STK
2321,080530,KR7080530009,코디,KOSDAQ,중견기업부,2415,2,-45,-1.83,2440,2480,2385,6439,15544450,26738116860,11071684,KSQ
2322,311060,KR7311060008,엘에이티,KONEX,일반기업부,3375,1,95,2.9,3395,3395,3375,56,189020,26568452250,7872134,KNX
2323,017000,KR7017000001,신원종합개발,KOSDAQ,우량기업부,2270,1,20,0.89,2250,2380,2235,71791,162747360,26486421290,11668027,KSQ
2324,093380,KR7093380004,풍강,KOSDAQ,중견기업부,2680,1,15,0.56,2665,2760,2610,47547,125775190,26476558840,9879313,KSQ
2325,031310,KR7031310006,아이즈비전,KOSDAQ,중견기업부,890,2,-4,-0.45,894,907,880,44634,39801598,26474519390,29746651,KSQ
2326,005110,KR7005110002,한창,KOSPI,,1254,0,0,0.0,0,0,0,0,0,26467434378,21106407,STK
2327,450520,KR7450520002,인스웨이브,KOSDAQ,벤처기업부,1798,1,94,5.52,1745,1799,1672,12520,21524377,26438831244,14704578,KSQ
2328,146060,KR7146060009,율촌,KOSDAQ,중견기업부,1097,1,35,3.3,1054,1099,1029,75587,81219778,26345107715,24015595,KSQ
2329,097780,KR7097780001,에코볼트,KOSDAQ,중견기업부,1295,2,-25,-1.89,1361,1372,1295,20199,26492458,26279550255,20293089,KSQ
2330,013720,KR7013720008,청보,KOSDAQ,중견기업부,431,0,0,0.0,0,0,0,0,0,26216929633,60828143,KSQ
2331,138070,KR7138070008,신진에스엠,KOSDAQ,중견기업부,1497,2,-19,-1.25,1516,1549,1457,28129,42244625,26202296388,17503204,KSQ
2332,032750,KR7032750002,삼진,KOSDAQ,우량기업부,2895,1,10,0.35,2875,2915,2875,2566,7437472,26145098190,9031122,KSQ
2333,001810,KR7001810001,무림SP,KOSDAQ,중견기업부,1181,1,3,0.25,1179,1194,1162,8503,9923560,26144387500,22137500,KSQ
2334,099390,KR7099390007,브레인즈컴퍼니,KOSDAQ,벤처기업부,3185,1,55,1.76,3105,3250,3105,7807,24848460,26143381355,8208283,KSQ
2335,023790,KR7023790009,동일스틸럭스,KOSDAQ,중견기업부,1991,2,-229,-10.32,2440,2585,1980,5616497,12543451796,26021987728,13069808,KSQ
2336,356890,KR7356890004,싸이버원,KOSDAQ,벤처기업부,2170,1,40,1.88,2125,2200,2125,8028,17531980,25939800250,11953825,KSQ
2337,237750,KR7237750005,피앤씨테크,KOSDAQ,벤처기업부,3990,2,-5,-0.13,4000,4060,3945,4708,18687690,25921434000,6496600,KSQ
2338,33637K,KR733637K010,솔루스첨단소재1우,KOSPI,,1533,1,13,0.86,1530,1567,1530,4250,6588755,25921138278,16908766,STK
2339,078590,KR7078590007,휴림에이텍,KOSDAQ,중견기업부,2590,4,597,29.95,2190,2590,2080,98047,244473980,25878811210,9991819,KSQ
2340,340440,KR7340440007,세림B&G,KOSDAQ,벤처기업부,910,1,29,3.29,896,944,872,461577,415274823,25824311240,28378364,KSQ
2341,267790,KR7267790004,배럴,KOSDAQ,중견기업부,3355,1,315,10.36,3065,3465,3065,38805,127408885,25797631695,7689309,KSQ
2342,045300,KR7045300001,성우테크론,KOSDAQ,중견기업부,2445,1,20,0.82,2465,2490,2425,9978,24436159,25787444340,10547012,KSQ
2343,333050,KR7333050003,이노테나,KOSDAQ,벤처기업부,5220,2,-10,-0.19,5250,5400,5150,1365,7108470,25705472400,4924420,KSQ
2344,037370,KR7037370004,EG,KOSDAQ,벤처기업부,2975,1,35,1.19,3030,3185,2955,3879,11831065,25659291700,8624972,KSQ
2345,318000,KR7318000007,KBG,KOSDAQ,벤처기업부,2935,1,45,1.56,2870,2980,2870,2597,7605075,25652554505,8740223,KSQ
2346,900310,HK0000341732,컬러레이,KOSDAQ,외국기업(소속부없음),1996,2,-24,-1.19,2020,2020,1995,389,779500,25565436660,12808335,KSQ
2347,290560,KR7290560002,파라택시스이더리움,KOSDAQ,벤처기업부,1143,1,17,1.51,1126,1260,1126,56561,66772545,25560600390,22362730,KSQ
2348,002355,KR7002351005,넥센타이어1우B,KOSPI,,3925,1,15,0.38,3935,3950,3895,3651,14257955,25512500000,6500000,STK
2349,355390,KR7355390006,크라우드웍스,KOSDAQ,기술성장기업부,1607,1,114,7.64,1503,1625,1503,75702,119786484,25510070808,15874344,KSQ
2350,406820,KR7406820001,뷰티스킨,KOSDAQ,벤처기업부,1800,1,123,7.33,1730,2050,1680,1033378,1911584181,25445082600,14136157,KSQ
2351,016670,KR7016670002,디모아,KOSDAQ,중견기업부,2485,1,165,7.11,2345,2485,2310,3619,8650155,25332671490,10194234,KSQ
2352,354390,KR7354390007,바스칸바이오제약,KONEX,일반기업부,3595,2,-5,-0.14,3305,3595,3305,2,6900,25230597965,7018247,KNX
2353,013810,KR7013810007,스페코,KOSDAQ,중견기업부,1721,1,13,0.76,1717,1815,1684,11062,19176196,25222063870,14655470,KSQ
2354,054940,KR7054940002,엑사이엔씨,KOSDAQ,중견기업부,760,0,0,0.0,0,0,0,0,0,25211896480,33173548,KSQ
2355,233990,KR7233990001,질경이,KONEX,일반기업부,1559,1,199,14.63,1562,1562,1559,9,14034,25144384506,16128534,KNX
2356,219750,KR7219750007,한국비티비,KOSDAQ,중견기업부,1920,2,-9,-0.47,1929,2370,1820,12343,24278343,25123923840,13085377,KSQ
2357,298060,KR7298060005,풍전약품,KOSDAQ,관리종목(소속부없음),2605,1,60,2.36,2600,2625,2525,1953,5045165,25105549435,9637447,KSQ
2358,047080,KR7047080007,한빛소프트,KOSDAQ,중견기업부,1010,2,-31,-2.98,1041,1080,997,211458,214193876,25070585620,24822362,KSQ
2359,036480,KR7036480002,대성미생물,KOSDAQ,중견기업부,6590,1,140,2.17,6480,6590,6440,8184,53566195,25042000000,3800000,KSQ
2360,027040,KR7027040005,서울전자통신,KOSDAQ,중견기업부,1799,2,-30,-1.64,1835,1839,1700,49111,86800207,25038066431,13917769,KSQ
2361,033050,KR7033050006,제이엠아이,KOSDAQ,중견기업부,786,1,3,0.38,814,814,776,6399,5052231,25025711808,31839328,KSQ
2362,195500,KR7195500004,마니커에프앤지,KOSDAQ,중견기업부,1565,2,-10,-0.63,1575,1630,1547,23519,36727714,25005570000,15978000,KSQ
2363,091340,KR7091340000,S&K폴리텍,KOSDAQ,중견기업부,2135,1,5,0.23,2175,2180,2115,6063,12921045,24987444335,11703721,KSQ
2364,376180,KR7376180006,피코그램,KOSDAQ,벤처기업부,1346,2,-39,-2.82,1372,1400,1333,45207,61321483,24983157148,18561038,KSQ
2365,462980,KR7462980004,아이지넷,KOSDAQ,기술성장기업부,1370,1,54,4.1,1320,1370,1318,14758,19764787,24981178690,18234437,KSQ
2366,208350,KR7208350009,지란지교시큐리티,KOSDAQ,벤처기업부,3080,1,45,1.48,3100,3140,3050,5892,18203385,24952835600,8101570,KSQ
2367,290270,KR7290270008,휴네시온,KOSDAQ,벤처기업부,2595,1,65,2.57,2545,2630,2520,1750,4533015,24931908840,9607672,KSQ
2368,007720,KR7007720006,소노스퀘어,KOSDAQ,중견기업부,1235,2,-32,-2.53,1276,1295,1216,39679,48890613,24897711150,20160090,KSQ
2369,238490,KR7238490007,힘스,KOSDAQ,벤처기업부,2200,1,45,2.09,2170,2215,2085,52448,113308779,24886919200,11312236,KSQ
2370,225220,KR7225220003,제놀루션,KOSDAQ,벤처기업부,1296,1,7,0.54,1289,1341,1289,12152,15759329,24870267216,19190021,KSQ
2371,025890,KR7025890005,한국주강,KOSPI,,2230,1,5,0.22,2225,2235,2200,3898,8640635,24852493680,11144616,STK
2372,053060,KR7053060000,세동,KOSDAQ,중견기업부,1404,2,-7,-0.5,1416,1422,1402,46043,64998042,24791016276,17657419,KSQ
2373,257370,KR7257370007,피엔티엠에스,KOSDAQ,벤처기업부,1978,1,29,1.49,1935,1981,1895,10768,20946819,24734615058,12504861,KSQ
2374,464580,KR7464580000,닷밀,KOSDAQ,기술성장기업부,1342,2,-29,-2.12,1380,1380,1324,7577,10134888,24700971438,18406089,KSQ
2375,052300,KR7052300001,오션인더블유,KOSDAQ,중견기업부,1519,1,19,1.27,1480,1550,1473,6214,9369014,24674830432,16244128,KSQ
2376,109960,KR7109960005,앱토크롬,KOSDAQ,투자주의환기종목(소속부없음),1630,2,-50,-2.98,1596,1678,1596,26419,42726373,24665539790,15132233,KSQ
2377,367000,KR7367000007,플래티어,KOSDAQ,벤처기업부,2940,1,30,1.03,2945,3100,2815,48484,143065990,24661328580,8388207,KSQ
2378,254120,KR7254120009,자비스,KOSDAQ,기술성장기업부,801,2,-2,-0.25,800,829,800,23890,19413007,24634170270,30754270,KSQ
2379,378800,KR7378800007,샤페론,KOSDAQ,기술성장기업부,532,1,14,2.7,519,550,515,306534,163473244,24601292492,46243031,KSQ
2380,019175,KR7019171008,신풍제약우,KOSPI,,12350,1,70,0.57,12280,12350,12250,721,8866910,24591690500,1991230,STK
2381,032860,KR7032860009,더라미,KOSDAQ,중견기업부,608,2,-13,-2.09,639,649,591,12034,7357983,24560684704,40395863,KSQ
2382,462510,KR7462510009,라메디텍,KOSDAQ,기술성장기업부,2790,2,-80,-2.79,2850,2970,2745,60335,168839025,24560272350,8802965,KSQ
2383,048470,KR7048470009,대동스틸,KOSDAQ,중견기업부,2545,1,30,1.19,2520,2600,2520,12783,32717270,24559250000,9650000,KSQ
2384,083660,KR7083660001,CSA 코스믹,KOSDAQ,중견기업부,230,0,0,0.0,0,0,0,0,0,24526966090,106638983,KSQ
2385,035200,KR7035200005,프럼파스트,KOSDAQ,벤처기업부,2660,2,-10,-0.37,2700,2735,2620,30422,80964692,24525149460,9219981,KSQ
2386,296640,KR7296640006,이노에이엑스,KOSDAQ,벤처기업부,4730,1,175,3.84,4590,4750,4520,2604,11978930,24493131960,5178252,KSQ
2387,053950,KR7053950002,경남제약,KOSDAQ,중견기업부,1567,1,28,1.82,1539,1572,1538,17871,27747568,24491381057,15629471,KSQ
2388,270210,KR7270210008,에스알바이오텍,KONEX,일반기업부,14300,1,10,0.07,14500,14500,14300,5,71900,24473706400,1711448,KNX
2389,024890,KR7024890006,대원화성,KOSPI,,2965,2,-35,-1.17,3015,3245,2905,20231,60302675,24460745950,8249830,STK
2390,169330,KR7169330008,엠브레인,KOSDAQ,중견기업부,1332,2,-101,-7.05,1450,1485,1306,28781,38469103,24398134776,18316918,KSQ
2391,039740,KR7039740006,한국정보공학,KOSDAQ,벤처기업부,3040,3,0,0.0,3030,3140,2995,9010,27318945,24375926880,8018397,KSQ
2392,208710,KR7208710004,포톤,KOSDAQ,중견기업부,1848,1,28,1.54,1834,1884,1833,28273,52301487,24356883936,13180132,KSQ
2393,003495,KR7003491008,대한항공우,KOSPI,,21900,2,-200,-0.9,22000,22000,21700,1016,22207950,24326388600,1110794,STK
2394,376980,KR7376980009,원티드랩,KOSDAQ,기술성장기업부,2485,1,60,2.47,2440,2545,2440,11157,27779175,24269489090,9766394,KSQ
2395,114630,KR7114630007,폴라리스우노,KOSDAQ,우량기업부,1408,2,-14,-0.98,1424,1484,1391,105479,149033202,24267229184,17235248,KSQ
2396,079170,KR7079170007,한창산업,KOSDAQ,우량기업부,4660,1,40,0.87,4620,4680,4620,2222,10350870,24232000000,5200000,KSQ
2397,0010F0,KR70010F0005,보원케미칼,KOSDAQ,벤처기업부,2170,1,70,3.33,2090,2250,2090,43773,95309425,24181614170,11143601,KSQ
2398,054780,KR7054780002,키이스트,KOSDAQ,중견기업부,1230,2,-48,-3.76,1278,1300,1200,91963,114111587,24179085390,19657793,KSQ
2399,304840,KR7304840002,피플바이오,KOSDAQ,벤처기업부,994,1,120,13.73,839,1108,760,4549379,4593195796,24174736040,24320660,KSQ
2400,318020,KR7318020005,포인트모바일,KOSDAQ,벤처기업부,1964,1,14,0.72,1976,2035,1905,14528,29146226,24159698208,12301272,KSQ
2401,019660,KR7019660000,글로본,KOSDAQ,중견기업부,1732,2,-86,-4.73,1818,1837,1710,3806,6607892,24151584756,13944333,KSQ
2402,033200,KR7033200007,모아텍,KOSDAQ,투자주의환기종목(소속부없음),2620,1,45,1.75,2560,2640,2505,4408,11348475,24115865980,9204529,KSQ
2403,222980,KR7222980005,한국맥널티,KOSDAQ,벤처기업부,2185,3,0,0.0,2185,2215,2155,3604,7823530,24103790355,11031483,KSQ
2404,021880,KR7021880000,메이슨캐피탈,KOSDAQ,중견기업부,1135,2,-5,-0.44,1143,1164,1131,34789,39798633,24082929400,21218440,KSQ
2405,043200,KR7043200005,파루,KOSDAQ,벤처기업부,575,1,28,5.12,547,600,541,155767,89290376,24037481125,41804315,KSQ
2406,290520,KR7290520006,신도기연,KOSDAQ,벤처기업부,1525,1,7,0.46,1578,1578,1496,12785,19477386,23997650100,15736164,KSQ
2407,073540,KR7073540007,에프알텍,KOSDAQ,벤처기업부,2100,1,30,1.45,2070,2110,2060,19446,40575020,23940000000,11400000,KSQ
2408,430690,KR7430690008,한싹,KOSDAQ,벤처기업부,2190,1,95,4.53,2270,2270,2125,18782,40964980,23860715760,10895304,KSQ
2409,018680,KR7018680009,서울제약,KOSDAQ,벤처기업부,2045,2,-5,-0.24,2040,2050,2010,862,1760985,23843307355,11659319,KSQ
2410,063760,KR7063760003,이엘피,KOSDAQ,벤처기업부,2550,2,-10,-0.39,2570,2645,2510,11138,28320285,23779081500,9325130,KSQ
2411,033250,KR7033250002,체시스,KOSPI,,3710,2,-30,-0.8,3580,3800,3580,42852,159003990,23744000000,6400000,STK
2412,243870,KR7243870003,아이티센코어,KONEX,일반기업부,8200,3,0,0.0,8000,8200,8000,2,16200,23719574200,2892631,KNX
2413,373170,KR7373170000,엠아이큐브솔루션,KOSDAQ,벤처기업부,1563,2,-7,-0.45,1554,1624,1494,9644,14944687,23622853770,15113790,KSQ
2414,085810,KR7085810000,알티캐스트,KOSDAQ,중견기업부,1666,2,-53,-3.08,1721,1745,1620,11825,19678699,23552163698,14136953,KSQ
2415,193250,KR7193250008,링크드,KOSDAQ,중견기업부,1759,2,-86,-4.66,1830,1831,1736,17101,30276455,23515953147,13368933,KSQ
2416,051380,KR7051380004,피씨디렉트,KOSDAQ,중견기업부,1532,1,22,1.46,1511,1550,1511,8258,12658560,23500990304,15340072,KSQ
2417,363260,KR7363260001,모비데이즈,KOSDAQ,벤처기업부,730,1,11,1.53,724,748,724,18031,13177091,23479551370,32163769,KSQ
2418,317240,KR7317240000,TS트릴리온,KOSDAQ,벤처기업부,804,1,2,0.25,803,820,761,75238,60643596,23458075644,29176711,KSQ
2419,009310,KR7009310004,참엔지니어링,KOSPI,,5330,0,0,0.0,0,0,0,0,0,23329484620,4377014,STK
2420,398120,KR7398120006,에스지헬스케어,KOSDAQ,벤처기업부,1970,1,30,1.55,1946,1988,1931,7140,13940122,23282466670,11818511,KSQ
2421,464500,KR7464500008,아이언디바이스,KOSDAQ,기술성장기업부,1662,1,40,2.47,1665,1706,1590,29229,48062158,23256803106,13993263,KSQ
2422,131100,KR7131100000,티엔엔터테인먼트,KOSDAQ,중견기업부,719,2,-26,-3.49,745,745,701,1357,978016,23185394556,32246724,KSQ
2423,067010,KR7067010009,이씨에스,KOSDAQ,벤처기업부,2120,2,-20,-0.93,2140,2175,2115,2198,4667905,23083620000,10888500,KSQ
2424,044780,KR7044780005,에이치케이,KOSDAQ,벤처기업부,1247,1,29,2.38,1224,1250,1224,29097,36161678,23076716389,18505787,KSQ
2425,207490,KR7207490004,에이펙스인텍,KONEX,일반기업부,6410,0,0,0.0,0,0,0,0,0,23076000000,3600000,KNX
2426,300120,KR7300120003,라온피플,KOSDAQ,벤처기업부,466,1,5,1.08,458,478,458,50668,23734737,23068871456,49504016,KSQ
2427,000040,KR7000040006,KR모터스,KOSPI,,267,0,0,0.0,0,0,0,0,0,23062174128,86375184,STK
2428,397810,KR7397810003,애드포러스,KOSDAQ,벤처기업부,4460,2,-40,-0.89,4500,4590,4405,2736,12230535,23017034200,5160770,KSQ
2429,059180,KR7059180000,엔더블유시,KONEX,일반기업부,4325,2,-15,-0.35,4325,4325,4325,250,1081250,22983439250,5314090,KNX
2430,019570,KR7019570001,플루토스,KOSDAQ,중견기업부,481,0,0,0.0,0,0,0,0,0,22955735101,47725021,KSQ
2431,054090,KR7054090006,삼진엘앤디,KOSDAQ,중견기업부,918,1,28,3.15,909,939,909,51053,47162139,22912574976,24959232,KSQ
2432,007770,KR7007770001,한일화학,KOSDAQ,중견기업부,6520,1,50,0.77,6590,6590,6500,517,3362020,22885200000,3510000,KSQ
2433,060380,KR7060380003,동양에스텍,KOSDAQ,중견기업부,1160,1,20,1.75,1176,1176,1149,29159,33665465,22852000000,19700000,KSQ
2434,056730,KR7056730005,CNT85,KOSDAQ,중견기업부,1534,1,64,4.35,1422,1545,1422,3520,5420182,22737311558,14822237,KSQ
2435,134060,KR7134060003,이퓨쳐,KOSDAQ,벤처기업부,4765,1,15,0.32,4715,4810,4700,4451,21276885,22725476250,4769250,KSQ
2436,032080,KR7032080004,아즈텍WB,KOSDAQ,중견기업부,1057,1,33,3.22,1030,1075,1030,8293,8592452,22716017653,21491029,KSQ
2437,140430,KR7140430000,카티스,KOSDAQ,중견기업부,2125,4,490,29.97,1635,2125,1635,320529,638547435,22715202375,10689507,KSQ
2438,065370,KR7065370009,위세아이텍,KOSDAQ,벤처기업부,3075,2,-40,-1.28,3085,3150,3050,13787,42593910,22705658550,7383954,KSQ
2439,232830,KR7232830000,아이티센피엔에스,KOSDAQ,벤처기업부,1373,1,18,1.33,1355,1394,1353,18243,24977265,22700805798,16533726,KSQ
2440,071950,KR7071950000,코아스,KOSPI,,1818,1,68,3.89,1750,1875,1717,55235,99231241,22650816510,12459195,STK
2441,359090,KR7359090008,씨엔알리서치,KOSDAQ,중견기업부,1967,1,68,3.58,1899,1970,1880,21424,40870732,22608979281,11494143,KSQ
2442,429270,KR7429270002,시지트로닉스,KOSDAQ,기술성장기업부,3505,1,80,2.34,3485,3620,3355,22930,80788672,22604554655,6449231,KSQ
2443,153490,KR7153490008,우리이앤엘하루틴,KOSDAQ,우량기업부,439,2,-1,-0.23,440,440,429,20402,8888907,22599720000,51480000,KSQ
2444,432980,KR7432980001,엠에프씨,KOSDAQ,기술성장기업부,2625,2,-65,-2.42,2690,2690,2575,2330,6126209,22553322750,8591742,KSQ
2445,179720,KR7179720008,머니무브,KONEX,일반기업부,8200,0,0,0.0,0,0,0,0,0,22550147600,2750018,KNX
2446,210120,KR7210120002,캔버스엔,KOSDAQ,중견기업부,930,0,0,0.0,0,0,0,0,0,22540854540,24237478,KSQ
2447,130740,KR7130740004,티피씨글로벌,KOSDAQ,중견기업부,1992,1,53,2.73,1977,2020,1955,32631,65093966,22463144568,11276679,KSQ
2448,353190,KR7353190002,휴럼,KOSDAQ,중견기업부,2850,3,0,0.0,2860,2860,2810,627,1767395,22445699400,7875684,KSQ
2449,008775,KR7008771008,호텔신라우,KOSPI,,29850,1,200,0.67,29800,30200,29400,386,11574950,22443588150,751879,STK
2450,188040,KR7188040000,바이오포트,KOSDAQ,벤처기업부,4785,2,-315,-6.18,5340,5340,4665,14367,69012700,22390488780,4679308,KSQ
2451,342870,KR7342870003,오아,KOSDAQ,중견기업부,4105,1,55,1.36,4020,4140,4005,1662,6770175,22373058685,5450197,KSQ
2452,383930,KR7383930005,디티앤씨알오,KOSDAQ,중견기업부,1750,1,40,2.34,1712,1855,1700,28039,49590312,22372224000,12784128,KSQ
2453,070590,KR7070590005,인티큐브,KOSDAQ,중견기업부,1608,2,-31,-1.89,1641,1641,1598,2436,3913493,22318269768,13879521,KSQ
2454,102950,KR7102950003,아하,KONEX,일반기업부,1700,1,50,3.03,1895,1895,1700,121,205895,22307235100,13121903,KNX
2455,004270,KR7004270005,남성,KOSPI,,6160,2,-80,-1.28,6230,6250,5960,12269,74251440,22306690560,3621216,STK
2456,347770,KR7347770000,핌스,KOSDAQ,중견기업부,974,2,-45,-4.42,1011,1019,958,65534,63938438,22262758908,22857042,KSQ
2457,109670,KR7109670000,씨싸이트,KOSDAQ,중견기업부,3810,1,55,1.46,4225,4225,3775,3788,14446885,22237453620,5836602,KSQ
2458,006200,KR7006200000,한국전자홀딩스,KOSPI,,2375,1,65,2.81,2420,2420,2310,12126,28613200,22231489125,9360627,STK
2459,403490,KR7403490006,우듬지팜,KOSDAQ,벤처기업부,484,2,-15,-3.01,513,513,484,58649,28578069,22231312576,45932464,KSQ
2460,069640,KR7069640001,한세엠케이,KOSPI,,987,2,-4,-0.4,1029,1029,945,13745,13239622,22112008737,22403251,STK
2461,014100,KR7014100002,메디앙스,KOSDAQ,중견기업부,1873,2,-16,-0.85,1888,1890,1751,51971,96623886,22101400000,11800000,KSQ
2462,331660,KR7331660001,한국미라클피플사,KONEX,일반기업부,4010,1,160,4.16,3970,4010,3970,9,35930,22055000000,5500000,KNX
2463,058450,KR7058450008,한주에이알티,KOSDAQ,투자주의환기종목(소속부없음),4385,2,-230,-4.98,4615,4615,4310,2490,11096165,21983636220,5013372,KSQ
2464,002360,KR7002360006,SH에너지화학,KOSPI,,1976,1,78,4.11,1898,2045,1876,33389,64579104,21960025048,11113373,STK
2465,387570,KR7387570005,파인메딕스,KOSDAQ,기술성장기업부,3900,3,0,0.0,3755,3995,3755,7279,27854875,21941010000,5625900,KSQ
2466,415380,KR7415380005,스튜디오삼익,KOSDAQ,중견기업부,1912,3,0,0.0,1940,1940,1855,5385,10159627,21878968200,11442975,KSQ
2467,065650,KR7065650004,하이퍼코퍼레이션,KOSDAQ,중견기업부,1996,1,36,1.84,1960,2045,1960,15625,31581678,21848190052,10945987,KSQ
2468,131180,KR7131180002,딜리,KOSDAQ,벤처기업부,3710,2,-10,-0.27,3790,3875,3675,1019,3785570,21777700000,5870000,KSQ
2469,032790,KR7032790008,엠젠솔루션,KOSDAQ,벤처기업부,848,1,48,6.0,808,878,797,38347,31517178,21776729888,25680106,KSQ
2470,352940,KR7352940001,인바이오,KOSDAQ,벤처기업부,2003,1,9,0.45,2035,2035,1990,2434,4864961,21768063190,10867730,KSQ
2471,258790,KR7258790005,소프트캠프,KOSDAQ,벤처기업부,4335,1,150,3.58,4310,4450,4180,6107,26338135,21667439760,4998256,KSQ
2472,139670,KR7139670004,키네마스터,KOSDAQ,중견기업부,1534,1,2,0.13,1517,1538,1501,6681,10175320,21658254540,14118810,KSQ
2473,317860,KR7317860005,노드메이슨,KONEX,일반기업부,4795,1,5,0.1,4790,4795,4790,150,718750,21640865925,4513215,KNX
2474,469750,KR7469750004,아이비젼웍스,KOSDAQ,벤처기업부,628,1,26,4.32,590,679,590,362708,228710538,21638670068,34456481,KSQ
2475,405920,KR7405920000,나라셀라,KOSDAQ,중견기업부,1676,1,13,0.78,1665,1796,1625,7585,12851591,21583655376,12878076,KSQ
2476,080720,KR7080720006,한국유니온제약,KOSDAQ,관리종목(소속부없음),2725,0,0,0.0,0,0,0,0,0,21562456300,7912828,KSQ
2477,115480,KR7115480006,씨유메디칼,KOSDAQ,중견기업부,1776,1,24,1.37,1741,1900,1741,5146,9139862,21533841936,12124911,KSQ
2478,001420,KR7001420009,태원물산,KOSPI,,2830,3,0,0.0,2830,3000,2830,13007,37358525,21508000000,7600000,STK
2479,403360,KR7403360001,라피치,KONEX,일반기업부,5990,3,0,0.0,6200,6600,5400,308,1800130,21479043830,3585817,KNX
2480,224060,KR7224060004,더코디,KOSDAQ,투자주의환기종목(소속부없음),4160,2,-130,-3.03,4290,4485,4025,18638,77662130,21468603520,5160722,KSQ
2481,076340,KR7076340009,지에이이노더스,KONEX,일반기업부,4370,0,0,0.0,0,0,0,0,0,21288280200,4871460,KNX
2482,054410,KR7054410006,케이피티유,KOSDAQ,중견기업부,3715,1,125,3.48,3595,3780,3595,19678,73094715,21273739460,5726444,KSQ
2483,015260,KR7015260003,에이엔피,KOSPI,,450,2,-59,-11.59,512,554,440,3085494,1482839791,21202602300,47116894,STK
2484,275630,KR7275630002,에스에스알,KOSDAQ,벤처기업부,4035,1,5,0.12,4160,4160,3940,3071,12293100,21199115280,5253808,KSQ
2485,354200,KR7354200008,엔젠바이오,KOSDAQ,기술성장기업부,2370,4,545,29.86,1850,2370,1838,1858958,4168304403,21179701710,8936583,KSQ
2486,017250,KR7017250002,인터엠,KOSDAQ,중견기업부,1006,2,-8,-0.79,1030,1030,1006,14034,14297447,21171739802,21045467,KSQ
2487,377030,KR7377030002,비트맥스,KOSDAQ,관리종목(소속부없음),1481,1,1,0.07,1480,1507,1466,8726,12924562,21166010662,14291702,KSQ
2488,33626L,KR733626K021,두산퓨얼셀2우B,KOSPI,,7080,1,290,4.27,7160,7160,6790,3106,21262140,21143004000,2986300,STK
2489,206950,KR7206950008,볼빅,KONEX,일반기업부,1499,3,0,0.0,1499,1499,1499,1,1499,21101820235,14077265,KNX
2490,080470,KR7080470008,성창오토텍,KOSDAQ,벤처기업부,2885,2,-40,-1.37,2930,2935,2865,11528,33345515,21060500000,7300000,KSQ
2491,034940,KR7034940007,조아제약,KOSDAQ,중견기업부,679,3,0,0.0,683,777,617,10144202,7090322346,21035302533,30979827,KSQ
2492,006740,KR7006740005,블루산업개발,KOSPI,,885,1,11,1.26,892,918,860,12707,11282468,21009745125,23739825,STK
2493,024940,KR7024940009,PN풍년,KOSDAQ,벤처기업부,2100,2,-35,-1.64,2155,2210,2070,278309,591851850,21000000000,10000000,KSQ
2494,241840,KR7241840008,에이스토리,KOSDAQ,중견기업부,2200,2,-35,-1.57,2220,2260,2165,4406,9712500,20987986800,9539994,KSQ
2495,278990,KR7278990007,EMB,KONEX,일반기업부,2600,3,0,0.0,2600,2600,2600,1,2600,20968420200,8064777,KNX
2496,090150,KR7090150004,아이윈,KOSDAQ,중견기업부,499,0,0,0.0,0,0,0,0,0,20895771207,41875293,KSQ
2497,032280,KR7032280000,삼일,KOSDAQ,중견기업부,1284,2,-10,-0.77,1310,1310,1279,15807,20446517,20818249560,16213590,KSQ
2498,277410,KR7277410007,인산가,KOSDAQ,벤처기업부,5410,2,-170,-3.05,5580,5640,5060,10325,56098090,20780621500,3841150,KSQ
2499,032680,KR7032680001,소프트센,KOSDAQ,중견기업부,996,2,-7,-0.7,1003,1007,945,28504,27990364,20772457476,20855881,KSQ
2500,403810,KR7403810005,아이엘로보틱스,KONEX,일반기업부,2085,1,155,8.03,2210,2210,1800,215,432460,20719366410,9937346,KNX
2501,076080,KR7076080001,웰크론한텍,KOSDAQ,중견기업부,917,2,-34,-3.58,998,998,902,32047,29424085,20718841052,22594156,KSQ
2502,067730,KR7067730002,로지시스,KOSDAQ,중견기업부,2135,2,-25,-1.16,2160,2205,2100,21505,45757805,20653823470,9673922,KSQ
2503,096690,KR7096690003,에이루트,KOSDAQ,중견기업부,5130,1,30,0.59,5100,5290,5000,993,5117170,20637179460,4022842,KSQ
2504,023770,KR7023770001,플레이위드,KOSDAQ,중견기업부,2295,2,-25,-1.08,2395,2395,2205,3145,7235810,20532206025,8946495,KSQ
2505,195990,KR7195990007,루트K,KOSDAQ,관리종목(소속부없음),630,0,0,0.0,0,0,0,0,0,20522721240,32575748,KSQ
2506,016100,KR7016100000,리더스코스메틱,KOSDAQ,중견기업부,1069,1,3,0.28,1088,1088,997,12582,13323075,20418855686,19100894,KSQ
2507,192390,KR7192390003,윈하이텍,KOSDAQ,벤처기업부,1850,1,16,0.87,1836,1938,1831,6398,11831838,20409623650,11032229,KSQ
2508,049120,KR7049120009,파인디앤씨,KOSDAQ,벤처기업부,1920,1,16,0.84,1910,1930,1900,6264,11970254,20355192960,10601663,KSQ
2509,362990,KR7362990004,드림인사이트,KOSDAQ,벤처기업부,1211,2,-9,-0.74,1220,1223,1196,4636,5590373,20345495114,16800574,KSQ
2510,373110,KR7373110006,엑셀세라퓨틱스,KOSDAQ,기술성장기업부,1171,1,9,0.77,1199,1199,1135,26306,30856492,20251735374,17294394,KSQ
2511,317120,KR7317120004,라닉스,KOSDAQ,기술성장기업부,1327,1,62,4.9,1265,1348,1265,43432,57080777,20250020000,15260000,KSQ
2512,021040,KR7021040001,대호특수강,KOSDAQ,중견기업부,931,1,15,1.64,916,943,902,22562,20862383,20207144594,21704774,KSQ
2513,238200,KR7238200000,비피도,KOSDAQ,벤처기업부,2465,1,25,1.02,2500,2525,2425,8047,20082105,20163700000,8180000,KSQ
2514,424760,KR7424760007,벨로크,KOSDAQ,벤처기업부,2005,1,226,12.7,1777,2005,1743,48071,89256790,20159007840,10054368,KSQ
2515,455180,KR7455180000,케이지에이,KOSDAQ,벤처기업부,1444,1,128,9.73,1390,1550,1328,123521,178455989,20155808304,13958316,KSQ
2516,331520,KR7331520007,밸로프,KOSDAQ,중견기업부,1980,2,-13,-0.65,1993,2025,1953,10109,19874211,20142298440,10172878,KSQ
2517,115570,KR7115570004,스타플렉스,KOSDAQ,중견기업부,2515,2,-15,-0.59,2560,2560,2480,1711,4285745,20081037620,7984508,KSQ
2518,223310,KR7223310004,사토시홀딩스,KOSDAQ,중견기업부,3850,2,-40,-1.03,3890,3940,3655,6013,23071210,20037871700,5204642,KSQ
2519,372800,KR7372800003,아이티아이즈,KOSDAQ,벤처기업부,2845,1,25,0.89,2940,2940,2725,6074,17067962,20020802705,7037189,KSQ
2520,065690,KR7065690000,파커스,KOSDAQ,투자주의환기종목(소속부없음),1419,1,119,9.15,1351,1448,1351,165828,233478953,19936000689,14049331,KSQ
2521,322780,KR7322780008,코퍼스코리아,KOSDAQ,중견기업부,2220,2,-10,-0.45,2200,2295,2070,78784,171788030,19924122600,8974830,KSQ
2522,365900,KR7365900000,브이씨,KOSDAQ,벤처기업부,2720,2,-20,-0.73,2860,2860,2645,3209,8713065,19884016000,7310300,KSQ
2523,015020,KR7015020001,이스타코,KOSPI,,928,0,0,0.0,0,0,0,0,0,19883142400,21425800,STK
2524,039310,KR7039310008,세중,KOSDAQ,중견기업부,1093,2,-65,-5.61,1158,1187,1076,82175,90997833,19806982031,18121667,KSQ
2525,440320,KR7440320000,오픈놀,KOSDAQ,기술성장기업부,1971,2,-27,-1.35,1982,2090,1883,28220,54784992,19670580000,9980000,KSQ
2526,368970,KR7368970000,오에스피,KOSDAQ,관리종목(소속부없음),2245,1,10,0.45,2220,2260,2175,9994,22268030,19621874720,8740256,KSQ
2527,353590,KR7353590003,오토앤,KOSDAQ,중견기업부,1523,2,-7,-0.46,1517,1528,1490,3681,5555464,19609493110,12875570,KSQ
2528,096870,KR7096870001,엘디티,KOSDAQ,벤처기업부,2345,1,110,4.92,2290,2355,2240,37028,85045245,19576057655,8347999,KSQ
2529,073570,KR7073570004,리튬포어스,KOSDAQ,관리종목(소속부없음),1620,1,16,1.0,1624,1783,1573,84745,141660791,19500471360,12037328,KSQ
2530,065060,KR7065060006,지엔코,KOSDAQ,중견기업부,3255,1,75,2.36,3175,3260,3040,9287,29191648,19498706430,5990386,KSQ
2531,377330,KR7377330006,이지트로닉스,KOSDAQ,기술성장기업부,2395,1,130,5.74,2280,2445,2265,3561,8298515,19495189830,8139954,KSQ
2532,101680,KR7101680007,한국정밀기계,KOSDAQ,중견기업부,2315,1,70,3.12,2240,2360,2230,21403,49777790,19455260000,8404000,KSQ
2533,043360,KR7043360007,디지아이,KOSDAQ,벤처기업부,2160,1,55,2.61,2120,2235,2105,3550,7544060,19440000000,9000000,KSQ
2534,361670,KR7361670003,삼영에스앤씨,KOSDAQ,기술성장기업부,3415,1,20,0.59,3470,3470,3300,7432,25212165,19355052070,5667658,KSQ
2535,001000,KR7001000009,신라섬유,KOSDAQ,중견기업부,796,2,-10,-1.24,806,819,753,161931,128586344,19324921840,24277540,KSQ
2536,252500,KR7252500004,세화피앤씨,KOSDAQ,중견기업부,463,1,5,1.09,475,475,450,64662,29620078,19208198570,41486390,KSQ
2537,214610,KR7214610008,롤링스톤,KOSDAQ,관리종목(소속부없음),2290,0,0,0.0,0,0,0,0,0,19197807380,8383322,KSQ
2538,001685,KR7001681006,대상우,KOSPI,,14010,1,20,0.14,14220,14220,14000,835,11742650,19196824230,1370223,STK
2539,322970,KR7322970005,무진메디,KONEX,일반기업부,1901,2,-19,-0.99,1931,1980,1863,254,490294,19172894789,10085689,KNX
2540,306040,KR7306040007,에스제이그룹,KOSDAQ,중견기업부,1940,1,192,10.98,1737,2240,1737,548128,1100835572,19139706320,9865828,KSQ
2541,115610,KR7115610008,이미지스,KOSDAQ,벤처기업부,1619,1,204,14.42,1460,1837,1373,1427885,2418874269,19134587011,11818769,KSQ
2542,301300,KR7301300000,바이브컴퍼니,KOSDAQ,기술성장기업부,1448,1,73,5.31,1375,1460,1375,20378,28890185,19048022976,13154712,KSQ
2543,006050,KR7006050009,국영지앤엠,KOSDAQ,중견기업부,545,2,-15,-2.68,555,565,519,200503,109366799,19017907435,34895243,KSQ
2544,357430,KR7357430008,마스턴프리미어리츠,KOSPI,,622,1,2,0.32,627,630,600,19842,12333059,18974300954,30505307,STK
2545,032800,KR7032800005,판타지오,KOSDAQ,중견기업부,1521,2,-29,-1.87,1553,1580,1500,20525,31120232,18953974962,12461522,KSQ
2546,438700,KR7438700007,버넥트,KOSDAQ,기술성장기업부,1699,1,33,1.98,1687,1744,1687,11085,18946647,18935168110,11144890,KSQ
2547,154030,KR7154030001,아시아종묘,KOSDAQ,벤처기업부,1569,1,30,1.95,1556,1595,1521,11496,17833625,18925069323,12061867,KSQ
2548,101400,KR7101400000,엔시트론,KOSDAQ,중견기업부,1607,2,-63,-3.77,1658,1658,1600,80478,130489903,18869053316,11741788,KSQ
2549,031860,KR7031860000,디에이치엑스컴퍼니,KOSDAQ,관리종목(소속부없음),693,0,0,0.0,0,0,0,0,0,18714758139,27005423,KSQ
2550,222670,KR7222670002,플럼라인생명과학,KONEX,일반기업부,4635,0,0,0.0,0,0,0,0,0,18692639820,4032932,KNX
2551,274400,KR7274400001,이노시뮬레이션,KOSDAQ,기술성장기업부,2050,1,134,6.99,1916,2050,1850,33475,65358115,18627310650,9086493,KSQ
2552,098660,KR7098660004,에스티오,KOSDAQ,중견기업부,1482,2,-4,-0.27,1486,1486,1460,280,414417,18526446432,12500976,KSQ
2553,054220,KR7054220009,비츠로시스,KOSDAQ,벤처기업부,1463,2,-17,-1.15,1480,1505,1424,30327,44343890,18420071208,12590616,KSQ
2554,048830,KR7048830004,엔피케이,KOSDAQ,중견기업부,983,2,-8,-0.81,985,1004,960,29538,29067656,18405616309,18723923,KSQ
2555,060260,KR7060260007,뉴보텍,KOSDAQ,벤처기업부,1377,2,-1,-0.07,1366,1416,1366,45792,63288695,18372424212,13342356,KSQ
2556,084440,KR7084440007,유비온,KOSDAQ,기술성장기업부,957,2,-19,-1.95,969,1049,941,11047,10649415,18309726897,19132421,KSQ
2557,037400,KR7037400009,우리엔터프라이즈,KOSDAQ,중견기업부,698,1,31,4.65,671,700,665,88264,60348942,18303895508,26223346,KSQ
2558,208640,KR7208640003,썸에이지,KOSDAQ,중견기업부,1309,1,81,6.6,1316,1496,1000,5379119,6909727227,18226548725,13924025,KSQ
2559,351870,KR7351870001,차이커뮤니케이션,KOSDAQ,중견기업부,1632,1,24,1.49,1596,1892,1553,89771,149502336,18214167744,11160642,KSQ
2560,200350,KR7200350007,아티스트스튜디오,KOSDAQ,기술성장기업부,1820,1,86,4.96,1740,1894,1740,16856,30703716,18192765500,9996025,KSQ
2561,038530,KR7038530002,케이바이오랩스,KOSDAQ,중견기업부,783,1,30,3.98,758,800,751,53845,41821565,18120866427,23142869,KSQ
2562,00499K,KR700499K014,롯데지주우,KOSPI,,22450,1,250,1.13,22200,24500,22050,156,3505900,18085787350,805603,STK
2563,431190,KR7431190008,케이쓰리아이,KOSDAQ,기술성장기업부,2405,1,150,6.65,2255,2465,2215,30966,71905435,18004893010,7486442,KSQ
2564,020400,KR7020400008,대동금속,KOSDAQ,중견기업부,2820,2,-55,-1.91,2885,2975,2795,27048,77041280,17986896240,6378332,KSQ
2565,303530,KR7303530000,이노뎁,KOSDAQ,벤처기업부,2440,2,-50,-2.01,2510,2515,2420,13042,31993795,17907889560,7339299,KSQ
2566,069330,KR7069330009,유아이디,KOSDAQ,벤처기업부,1050,2,-13,-1.22,1099,1130,1025,211189,229548656,17800202700,16952574,KSQ
2567,043590,KR7043590009,웰킵스하이텍,KOSDAQ,중견기업부,1310,2,-100,-7.09,1443,1443,1300,214854,292548446,17774579110,13568381,KSQ
2568,196700,KR7196700009,웹스,KOSDAQ,벤처기업부,1235,1,55,4.66,1182,1280,1182,159518,197871107,17739717840,14364144,KSQ
2569,088290,KR7088290002,이원컴포텍,KOSDAQ,관리종목(소속부없음),2215,2,-125,-5.34,2340,2340,2215,2494,5574405,17666999480,7976072,KSQ
2570,002070,KR7002070001,비비안,KOSPI,,7340,2,-80,-1.08,7900,8680,7240,192565,1476347150,17647884960,2404344,STK
2571,008600,KR7008600009,윌비스,KOSPI,,2620,0,0,0.0,0,0,0,0,0,17615839860,6723603,STK
2572,009440,KR7009440009,KC그린홀딩스,KOSPI,,756,0,0,0.0,0,0,0,0,0,17568790596,23239141,STK
2573,328380,KR7328380001,솔트웨어,KOSDAQ,벤처기업부,2560,2,-30,-1.16,2595,2595,2495,11494,29181142,17542540800,6852555,KSQ
2574,476710,KR7476710009,타조이엔터테인먼트,KONEX,일반기업부,17500,0,0,0.0,0,0,0,0,0,17500000000,1000000,KNX
2575,303030,KR7303030001,지니틱스,KOSDAQ,벤처기업부,1910,2,-495,-20.58,2200,2255,1902,552601,1127549347,17490779160,9157476,KSQ
2576,215480,KR7215480005,토박스코리아,KOSDAQ,중견기업부,1954,2,-8,-0.41,1946,1977,1923,12989,25351174,17488300000,8950000,KSQ
2577,060900,KR7060900008,에이전트AI,KOSDAQ,중견기업부,4365,1,170,4.05,4200,4465,4175,18979,82055850,17421033645,3991073,KSQ
2578,110020,KR7110020005,전진바이오팜,KOSDAQ,기술성장기업부,1923,1,73,3.95,1890,2200,1793,61184,122977145,17419999326,9058762,KSQ
2579,405000,KR7405000001,플라즈맵,KOSDAQ,벤처기업부,4520,2,-490,-9.78,5010,5220,4250,226030,1060649261,17349766880,3838444,KSQ
2580,236810,KR7236810008,엔비티,KOSDAQ,기술성장기업부,1020,1,16,1.59,1015,1040,1015,18575,19173887,17314934520,16975426,KSQ
2581,078860,KR7078860004,아이오케이이엔엠,KOSDAQ,투자주의환기종목(소속부없음),2795,2,-70,-2.44,2845,2850,2765,5466,15267660,17265240460,6177188,KSQ
2582,051780,KR7051780005,큐로홀딩스,KOSDAQ,중견기업부,2725,1,5,0.18,2720,2790,2715,4800,13122495,17264550875,6335615,KSQ
2583,279600,KR7279600001,미디어젠,KOSDAQ,벤처기업부,3685,2,-105,-2.77,3790,3995,3415,6402,24223895,17263417985,4684781,KSQ
2584,419540,KR7419540000,비스토스,KOSDAQ,벤처기업부,2895,1,15,0.52,2880,2950,2820,14080,40483385,17249142435,5958253,KSQ
2585,050760,KR7050760008,에스폴리텍,KOSDAQ,중견기업부,1048,2,-5,-0.47,1044,1093,1020,159867,167090096,17118742544,16334678,KSQ
2586,137940,KR7137940003,넥스트아이,KOSDAQ,중견기업부,1998,1,74,3.85,2100,2100,1947,8875,17618844,17056724202,8536899,KSQ
2587,482680,KR7482680006,미래에셋비전스팩7호,KOSDAQ,SPAC(소속부없음),2055,0,0,0.0,0,0,0,0,0,16881825000,8215000,KSQ
2588,027580,KR7027580000,상보,KOSDAQ,중견기업부,1423,1,7,0.49,1416,1488,1416,11030,15884891,16842990865,11836255,KSQ
2589,241820,KR7241820000,피씨엘,KOSDAQ,관리종목(소속부없음),6040,0,0,0.0,0,0,0,0,0,16803871920,2782098,KSQ
2590,108675,KR7108671009,LX하우시스우,KOSPI,,16260,1,20,0.12,16310,16430,16040,788,12785705,16785685800,1032330,STK
2591,477380,KR7477380000,미래에셋비전스팩4호,KOSDAQ,SPAC(소속부없음),2065,1,5,0.24,2065,2065,2060,1941,4007110,16726500000,8100000,KSQ
2592,045520,KR7045520004,크린앤사이언스,KOSDAQ,중견기업부,2570,2,-140,-5.17,2710,2710,2545,17161,44302505,16705000000,6500000,KSQ
2593,018620,KR7018620005,우진비앤지,KOSDAQ,벤처기업부,2400,2,-75,-3.03,2520,2600,2390,13139,32077517,16639156800,6932982,KSQ
2594,103230,KR7103230009,에스앤더블류,KOSDAQ,중견기업부,2305,2,-115,-4.75,2420,2440,2265,12057,28497835,16596000000,7200000,KSQ
2595,335870,KR7335870002,윙스풋,KOSDAQ,중견기업부,985,2,-26,-2.57,1016,1063,951,11653,11525831,16499215905,16750473,KSQ
2596,154040,KR7154040000,다산솔루에타,KOSDAQ,중견기업부,763,1,3,0.39,760,770,732,41481,30886651,16492713482,21615614,KSQ
2597,177350,KR7177350006,베셀,KOSDAQ,투자주의환기종목(소속부없음),830,1,46,5.87,812,855,786,295374,245424321,16460312660,19831702,KSQ
2598,239340,KR7239340003,이스트에이드,KOSDAQ,중견기업부,608,2,-32,-5.0,640,650,588,140388,86366445,16403617472,26979634,KSQ
2599,052960,KR7052960002,태양3C,KONEX,일반기업부,3340,2,-35,-1.04,3340,3340,3340,73,243820,16322840520,4887078,KNX
2600,225590,KR7225590009,패션플랫폼,KOSDAQ,우량기업부,3160,2,-75,-2.32,3230,3450,3145,26527,84435060,16183548160,5121376,KSQ
2601,011090,KR7011090008,에넥스,KOSPI,,1363,2,-95,-6.52,1660,1855,1359,3303568,5337222315,16161164602,11857054,STK
2602,285800,KR7285800009,진영,KOSDAQ,벤처기업부,918,2,-76,-7.65,920,1024,900,1190399,1115349184,16044133860,17477270,KSQ
2603,309930,KR7309930006,조이웍스앤코,KOSDAQ,중견기업부,831,1,19,2.34,812,876,800,29923,24728440,16001643759,19255889,KSQ
2604,254160,KR7254160005,제이엠멀티,KONEX,일반기업부,3100,2,-100,-3.13,3100,3100,3100,2,6200,15996000000,5160000,KNX
2605,012170,KR7012170007,아센디오,KOSPI,,786,1,28,3.69,761,885,759,166308,134187508,15916652484,20250194,STK
2606,344860,KR7344860002,이노진,KOSDAQ,기술성장기업부,1321,2,-14,-1.05,1322,1334,1307,8337,11015392,15891630000,12030000,KSQ
2607,065770,KR7065770000,CS,KOSDAQ,벤처기업부,1636,1,49,3.09,1590,1700,1555,164397,268072003,15878304340,9705565,KSQ
2608,379390,KR7379390008,이성씨엔아이,KONEX,일반기업부,5580,0,0,0.0,0,0,0,0,0,15855346800,2841460,KNX
2609,060230,KR7060230000,제이케이시냅스,KOSDAQ,중견기업부,1394,2,-1,-0.07,1345,1479,1301,268978,375295863,15696576612,11260098,KSQ
2610,0072Z0,KR70072Z0006,KB제33호스팩,KOSDAQ,SPAC(소속부없음),1981,2,-1,-0.05,1976,1983,1975,28164,55755391,15620185000,7885000,KSQ
2611,012340,KR7012340006,뉴인텍,KOSDAQ,투자주의환기종목(소속부없음),831,1,34,4.27,788,831,781,319756,257906611,15539959272,18700312,KSQ
2612,240600,KR7240600007,유진테크놀로지,KOSDAQ,벤처기업부,2240,1,70,3.23,2200,2240,2120,16307,35312360,15519058240,6928151,KSQ
2613,469880,KR7469880009,하나30호스팩,KOSDAQ,관리종목(소속부없음),2110,3,0,0.0,2110,2110,2110,254429,536845190,15413550000,7305000,KSQ
2614,0101C0,KR70101C0008,하나36호스팩,KOSDAQ,SPAC(소속부없음),1991,2,-4,-0.2,1994,1996,1984,407,810588,15410340000,7740000,KSQ
2615,0130H0,KR70130H0008,엔에이치스팩33호,KOSDAQ,SPAC(소속부없음),1999,2,-1,-0.05,1990,2005,1990,14375,28699859,15392300000,7700000,KSQ
2616,900340,HK0000449303,윙입푸드,KOSDAQ,외국기업(소속부없음),1220,2,-12,-0.97,1235,1262,1198,21098,25743213,15350933040,12582732,KSQ
2617,067770,KR7067770008,세진티에스,KOSDAQ,관리종목(소속부없음),1826,1,55,3.11,1771,1980,1738,126479,236582224,15332178818,8396593,KSQ
2618,477340,KR7477340004,에이치엠씨제7호스팩,KOSDAQ,SPAC(소속부없음),2040,1,5,0.25,2030,2040,2030,6269,12736970,15320400000,7510000,KSQ
2619,005725,KR7005721006,넥센우,KOSPI,,4245,2,-5,-0.12,4245,4245,4245,120,509400,15284547000,3600600,STK
2620,368600,KR7368600003,아이씨에이치,KOSDAQ,기술성장기업부,592,2,-19,-3.11,611,616,576,59978,35611483,15270885680,25795415,KSQ
2621,142760,KR7142760008,모아라이프플러스,KOSDAQ,기술성장기업부,361,2,-14,-3.73,387,395,359,60004,22327019,15222279780,42166980,KSQ
2622,113810,KR7113810006,디젠스,KOSDAQ,중견기업부,465,0,0,0.0,0,0,0,0,0,15172043715,32628051,KSQ
2623,030350,KR7030350003,드래곤플라이,KOSDAQ,관리종목(소속부없음),973,0,0,0.0,0,0,0,0,0,15171092867,15592079,KSQ
2624,336040,KR7336040001,타스컴,KONEX,일반기업부,2600,1,15,0.58,2600,2600,2600,1,2600,15053815400,5789929,KNX
2625,18064K,KR718064K016,한진칼우,KOSPI,,28000,1,200,0.72,27850,28950,27250,1725,47734650,15029448000,536766,STK
2626,0044K0,KR70044K0008,삼성스팩10호,KOSDAQ,SPAC(소속부없음),1985,2,-3,-0.15,1997,1997,1982,7783,15488822,14927200000,7520000,KSQ
2627,200230,KR7200230001,텔콘RF제약,KOSDAQ,중견기업부,2065,1,55,2.74,2010,2145,2000,15410,31685070,14769608945,7152353,KSQ
2628,434190,KR7434190005,탈로스,KONEX,일반기업부,1990,1,91,4.79,1898,2010,1898,381,739750,14665173660,7369434,KNX
2629,0115H0,KR70115H0007,삼성스팩13호,KOSDAQ,SPAC(소속부없음),1990,2,-7,-0.35,1997,2000,1990,6714,13384352,14626500000,7350000,KSQ
2630,473050,KR7473050003,유안타제15호스팩,KOSDAQ,SPAC(소속부없음),2080,3,0,0.0,2080,2085,2080,470,978493,14580800000,7010000,KSQ
2631,377220,KR7377220009,프롬바이오,KOSDAQ,기술성장기업부,513,0,0,0.0,0,0,0,0,0,14523030000,28310000,KSQ
2632,351020,KR7351020003,미쥬,KONEX,일반기업부,6990,0,0,0.0,0,0,0,0,0,14504250000,2075000,KNX
2633,079950,KR7079950002,인베니아,KOSDAQ,관리종목(소속부없음),1047,2,-18,-1.69,1125,1125,950,149180,154718240,14447657700,13799100,KSQ
2634,131760,KR7131760001,파인텍,KOSDAQ,벤처기업부,1658,1,38,2.35,1620,1676,1600,83119,136025315,14401911928,8686316,KSQ
2635,148780,KR7148780000,비큐AI,KOSDAQ,기술성장기업부,457,0,0,0.0,0,0,0,0,0,14370696325,31445725,KSQ
2636,044380,KR7044380004,주연테크,KOSPI,,1113,2,-239,-17.68,1029,1306,961,2028566,2195836036,14353599708,12896316,STK
2637,008470,KR7008470007,부스타,KOSDAQ,벤처기업부,1707,1,27,1.61,1680,1795,1680,71680,122511714,14346993600,8404800,KSQ
2638,900300,HK0000312568,오가닉티코스메틱,KOSDAQ,외국기업(소속부없음),1839,1,13,0.71,1826,1918,1826,50710,94252718,14307598383,7780097,KSQ
2639,083470,KR7083470005,이엠앤아이,KOSDAQ,벤처기업부,669,2,-30,-4.29,705,734,650,313437,211107948,14276680101,21340329,KSQ
2640,115530,KR7115530008,씨엔플러스,KOSDAQ,중견기업부,1808,2,-98,-5.14,1908,1910,1780,17332,31354344,14254960848,7884381,KSQ
2641,028080,KR7028080000,휴맥스홀딩스,KOSDAQ,중견기업부,5610,1,110,2.0,5500,5980,5500,1220,6939640,14207465250,2532525,KSQ
2642,002025,KR7002021004,코오롱우,KOSPI,,12240,2,-60,-0.49,12300,13000,12160,36005,449266825,14203748880,1160437,STK
2643,478440,KR7478440001,미래에셋비전스팩6호,KOSDAQ,SPAC(소속부없음),2040,3,0,0.0,2030,2045,2025,34427,69799710,14137200000,6930000,KSQ
2644,0203K0,KR70203K0005,송우인포텍,KONEX,일반기업부,4700,0,0,0.0,0,0,0,0,0,14100000000,3000000,KNX
2645,0165X0,KR70165X0006,메리츠제2호스팩,KOSDAQ,SPAC(소속부없음),1947,2,-1,-0.05,1948,1949,1943,27077,52703684,14096280000,7240000,KSQ
2646,479880,KR7479880007,한국제15호스팩,KOSDAQ,SPAC(소속부없음),2045,2,-5,-0.24,2055,2055,2045,1929,3949525,14049150000,6870000,KSQ
2647,009620,KR7009620006,삼보산업,KOSDAQ,투자주의환기종목(소속부없음),803,1,13,1.65,797,819,766,114101,88980886,14030857544,17473048,KSQ
2648,0099W0,KR70099W0008,미래에셋비전스팩11호,KOSDAQ,SPAC(소속부없음),1997,2,-3,-0.15,2000,2000,1997,2218,4432250,13979000000,7000000,KSQ
2649,060480,KR7060480001,국일신동,KOSDAQ,중견기업부,1251,2,-67,-5.08,1318,1352,1208,58544,72971849,13873590000,11090000,KSQ
2650,417180,KR7417180007,핑거스토리,KOSDAQ,중견기업부,3950,2,-10,-0.25,3965,3970,3880,11203,43911425,13863409800,3509724,KSQ
2651,000087,KR7000082008,하이트진로2우B,KOSPI,,12260,2,-40,-0.33,12300,12470,12200,2153,26459860,13855491880,1130138,STK
2652,019685,KR7019681006,대교우B,KOSPI,,713,2,-31,-4.17,758,758,707,13232,9584428,13851443870,19426990,STK
2653,018700,KR7018700005,졸스,KOSDAQ,투자주의환기종목(소속부없음),1183,1,30,2.6,1153,1188,1130,8998,10441707,13848891238,11706586,KSQ
2654,900110,HK0000057197,딥커머스,KOSDAQ,외국기업(소속부없음),1113,2,-108,-8.85,1223,1275,1100,404393,467132113,13680529653,12291581,KSQ
2655,352770,KR7352770002,셀레스트라,KOSDAQ,관리종목(소속부없음),5250,0,0,0.0,0,0,0,0,0,13610136750,2592407,KSQ
2656,001795,KR7001791003,대한제당우,KOSPI,,2085,2,-15,-0.71,2095,2190,2035,40691,85692880,13516554600,6482760,STK
2657,389680,KR7389680000,유디엠텍,KOSDAQ,기술성장기업부,1622,1,164,11.25,1451,1895,1451,777330,1364524459,13496164046,8320693,KSQ
2658,002680,KR7002680007,한탑,KOSDAQ,중견기업부,2085,2,-125,-5.66,2280,2285,2055,295017,634737729,13476103515,6463359,KSQ
2659,244460,KR7244460002,올리패스,KOSDAQ,관리종목(소속부없음),1651,0,0,0.0,0,0,0,0,0,13415218661,8125511,KSQ
2660,0134X0,KR70134X0004,대신밸런스제20호스팩,KOSDAQ,SPAC(소속부없음),1980,1,8,0.41,1972,1983,1972,12831,25396599,13345200000,6740000,KSQ
2661,489480,KR7489480004,키움제11호스팩,KOSDAQ,SPAC(소속부없음),2020,2,-5,-0.25,2025,2025,2020,409,828220,13332000000,6600000,KSQ
2662,208850,KR7208850008,이비테크,KONEX,일반기업부,4700,3,0,0.0,4700,4700,4700,1,4700,13255175000,2820250,KNX
2663,456190,KR7456190008,큐라켐,KONEX,일반기업부,7210,0,0,0.0,0,0,0,0,0,13225202060,1834286,KNX
2664,035620,KR7035620004,바른손이앤에이,KOSDAQ,중견기업부,710,3,0,0.0,720,730,708,30120,21502003,13213041780,18609918,KSQ
2665,0164H0,KR70164H0007,한국제16호스팩,KOSDAQ,SPAC(소속부없음),1952,1,3,0.15,1949,1954,1946,23812,46432612,13176000000,6750000,KSQ
2666,481890,KR7481890002,엔에이치스팩31호,KOSDAQ,SPAC(소속부없음),2070,2,-5,-0.24,2075,2075,2065,3958,8176965,13134150000,6345000,KSQ
2667,005257,KR7005252002,녹십자홀딩스2우,KOSPI,,15510,2,-210,-1.34,15730,15730,15500,524,8156320,13121304900,845990,STK
2668,291810,KR7291810000,핀텔,KOSDAQ,기술성장기업부,1152,5,-493,-29.97,1645,1649,1152,1718415,2195629621,13096756224,11368712,KSQ
2669,0096B0,KR70096B0006,삼성스팩12호,KOSDAQ,SPAC(소속부없음),1982,2,-6,-0.3,1988,1995,1982,3068,6101223,13041560000,6580000,KSQ
2670,0099X0,KR70099X0007,IBKS제25호스팩,KOSDAQ,SPAC(소속부없음),2180,0,0,0.0,0,0,0,0,0,13036400000,5980000,KSQ
2671,00806K,KR700806K010,대덕1우,KOSPI,,10740,1,10,0.09,10900,10950,10700,1738,18777370,13020714180,1212357,STK
2672,008290,KR7008290009,원풍물산,KOSDAQ,관리종목(소속부없음),639,1,69,12.11,741,741,501,11367926,7133930251,13001630121,20346839,KSQ
2673,0097F0,KR70097F0001,미래에셋비전스팩10호,KOSDAQ,SPAC(소속부없음),1997,2,-2,-0.1,1999,2000,1991,11075,22109282,12980500000,6500000,KSQ
2674,101000,KR7101000008,KS인더스트리,KOSDAQ,중견기업부,327,2,-35,-9.67,355,382,324,401246,138148603,12962916996,39641948,KSQ
2675,418620,KR7418620001,E8,KOSDAQ,기술성장기업부,648,2,-38,-5.54,686,701,648,103485,68783908,12863109096,19850477,KSQ
2676,489730,KR7489730002,디비금융제13호스팩,KOSDAQ,SPAC(소속부없음),2020,3,0,0.0,2020,2022,2015,7993,16138193,12790640000,6332000,KSQ
2677,900120,KYG2114A1094,씨엑스아이,KOSDAQ,외국기업(소속부없음),1141,1,17,1.51,1130,1198,960,137771,150257634,12744582060,11169660,KSQ
2678,0093G0,KR70093G0004,미래에셋비전스팩8호,KOSDAQ,SPAC(소속부없음),1991,1,5,0.25,1975,1993,1975,3915,7781331,12742400000,6400000,KSQ
2679,471050,KR7471050005,대신밸런스제17호스팩,KOSDAQ,관리종목(소속부없음),2095,2,-5,-0.24,2100,2100,2095,25380,53173588,12695700000,6060000,KSQ
2680,478390,KR7478390008,KB제29호스팩,KOSDAQ,SPAC(소속부없음),2040,3,0,0.0,2040,2045,2040,565,1152665,12688800000,6220000,KSQ
2681,054180,KR7054180005,메디콕스,KOSDAQ,관리종목(소속부없음),2295,0,0,0.0,0,0,0,0,0,12686716395,5527981,KSQ
2682,0037T0,KR70037T0008,KB제32호스팩,KOSDAQ,SPAC(소속부없음),1986,2,-5,-0.25,1991,1991,1981,15549,30906515,12571380000,6330000,KSQ
2683,123840,KR7123840001,뉴온,KOSDAQ,투자주의환기종목(소속부없음),1969,2,-8,-0.4,1977,1977,1945,5767,11337360,12533531670,6365430,KSQ
2684,0054V0,KR70054V0002,엔에이치스팩32호,KOSDAQ,SPAC(소속부없음),2005,3,0,0.0,2005,2015,2005,10813,21700635,12464082500,6216500,KSQ
2685,492220,KR7492220009,KB제31호스팩,KOSDAQ,SPAC(소속부없음),2005,2,-5,-0.25,2015,2015,2000,33836,67802450,12451050000,6210000,KSQ
2686,0131D0,KR70131D0001,키움히어로제2호스팩,KOSDAQ,SPAC(소속부없음),1970,2,-2,-0.1,1972,1975,1968,14874,29312298,12430700000,6310000,KSQ
2687,145995,KR7145991006,삼양사우,KOSPI,,33550,1,450,1.36,34000,34000,33550,180,6041650,12415848500,370070,STK
2688,482520,KR7482520004,교보16호스팩,KOSDAQ,SPAC(소속부없음),2035,3,0,0.0,2035,2035,2035,30,61050,12413500000,6100000,KSQ
2689,191410,KR7191410000,육일씨엔에쓰,KOSDAQ,관리종목(소속부없음),1101,2,-9,-0.81,1032,1182,1022,412753,451482782,12335884755,11204255,KSQ
2690,0088D0,KR70088D0004,메리츠제1호스팩,KOSDAQ,SPAC(소속부없음),2125,1,5,0.24,2125,2130,2100,10352,21758435,12314375000,5795000,KSQ
2691,065570,KR7065570004,삼영이엔씨,KOSDAQ,관리종목(소속부없음),764,0,0,0.0,0,0,0,0,0,12295692232,16093838,KSQ
2692,250930,KR7250930005,예선테크,KOSDAQ,벤처기업부,370,0,0,0.0,0,0,0,0,0,12210162800,33000440,KSQ
2693,226340,KR7226340008,본느,KOSDAQ,중견기업부,1447,2,-5,-0.34,1465,1549,1415,41535,60177968,12141030348,8390484,KSQ
2694,0091W0,KR70091W0006,신영스팩11호,KOSDAQ,SPAC(소속부없음),2000,2,-5,-0.25,2005,2005,1984,10335,20594685,12136000000,6068000,KSQ
2695,0041L0,KR70041L0000,하나35호스팩,KOSDAQ,SPAC(소속부없음),1997,2,-8,-0.4,2005,2005,1986,2227,4453415,12041910000,6030000,KSQ
2696,009730,KR7009730003,이렘,KOSDAQ,투자주의환기종목(소속부없음),1508,1,18,1.21,1495,1642,1495,32714,50092025,12027058524,7975503,KSQ
2697,477760,KR7477760003,DB금융스팩12호,KOSDAQ,SPAC(소속부없음),2055,3,0,0.0,2060,2060,2050,1753,3602375,12001200000,5840000,KSQ
2698,247660,KR7247660004,나노씨엠에스,KOSDAQ,기술성장기업부,2755,2,-40,-1.43,2810,2890,2740,9595,26800660,11967499600,4343920,KSQ
2699,0132G0,KR70132G0007,교보20호스팩,KOSDAQ,SPAC(소속부없음),1995,1,4,0.2,1991,1996,1991,391,779565,11910150000,5970000,KSQ
2700,233250,KR7233250000,메디안디노스틱,KONEX,일반기업부,6800,1,10,0.15,6800,6800,5800,55,339720,11876431200,1746534,KNX
2701,289010,KR7289010001,아이스크림에듀,KOSDAQ,중견기업부,849,2,-13,-1.51,862,879,827,42935,36765844,11839522344,13945256,KSQ
2702,065420,KR7065420002,에스아이리소스,KOSDAQ,중견기업부,165,4,38,29.92,156,165,150,1846780,298017269,11810254335,71577299,KSQ
2703,469900,KR7469900005,하나31호스팩,KOSDAQ,SPAC(소속부없음),2080,2,-5,-0.24,2080,2085,2080,29717,61812141,11658400000,5605000,KSQ
2704,482690,KR7482690005,대신밸런스제19호스팩,KOSDAQ,SPAC(소속부없음),2065,2,-5,-0.24,2085,2085,2055,1569,3226365,11594975000,5615000,KSQ
2705,092600,KR7092600006,앤씨앤,KOSDAQ,벤처기업부,2300,2,-80,-3.36,2565,2565,2285,29003,67294735,11538416900,5016703,KSQ
2706,0071M0,KR70071M0002,삼성스팩11호,KOSDAQ,SPAC(소속부없음),2000,3,0,0.0,2000,2005,1986,1407,2815314,11520000000,5760000,KSQ
2707,474660,KR7474660008,신한제12호스팩,KOSDAQ,SPAC(소속부없음),2065,1,5,0.24,2060,2070,2060,8645,17853365,11398800000,5520000,KSQ
2708,308100,KR7308100007,형지글로벌,KOSDAQ,중견기업부,473,1,24,5.35,449,520,449,584006,280277464,11362882784,24023008,KSQ
2709,474490,KR7474490000,유안타제16호스팩,KOSDAQ,SPAC(소속부없음),2060,1,5,0.24,2055,2060,2050,31938,65476485,11350600000,5510000,KSQ
2710,0105P0,KR70105P0009,유진스팩12호,KOSDAQ,SPAC(소속부없음),2000,2,-5,-0.25,1997,2005,1996,77,153926,11320000000,5660000,KSQ
2711,45226K,KR745226K018,한화갤러리아우,KOSPI,,3895,1,75,1.96,4000,4000,3850,1539,6116860,11312910650,2904470,STK
2712,487360,KR7487360000,신한제14호스팩,KOSDAQ,SPAC(소속부없음),2005,2,-5,-0.25,2010,2010,2005,999,2004691,11308200000,5640000,KSQ
2713,477470,KR7477470009,미래에셋비전스팩5호,KOSDAQ,SPAC(소속부없음),2060,2,-25,-1.2,2085,2085,2050,2150,4436060,11288800000,5480000,KSQ
2714,069920,KR7069920007,엑시온그룹,KOSDAQ,관리종목(소속부없음),1210,2,-392,-24.47,1498,1683,1122,3388531,4458859761,11248790410,9296521,KSQ
2715,496070,KR7496070004,신한제16호스팩,KOSDAQ,SPAC(소속부없음),2000,3,0,0.0,2000,2005,1995,47924,95848355,11240000000,5620000,KSQ
2716,0129K0,KR70129K0006,신한제18호스팩,KOSDAQ,SPAC(소속부없음),1987,1,5,0.25,1981,1999,1978,8088,16049327,11166940000,5620000,KSQ
2717,0070X0,KR70070X0000,에스테크엠,KONEX,일반기업부,7300,1,200,2.82,7440,7440,6160,398,2469940,11023000000,1510000,KNX
2718,289170,KR7289170003,바이오텐,KONEX,일반기업부,3080,1,395,14.71,3080,3080,3080,1,3080,11016202120,3576689,KNX
2719,0096D0,KR70096D0004,미래에셋비전스팩9호,KOSDAQ,SPAC(소속부없음),1991,1,8,0.4,1975,1994,1974,7101,14143197,10950500000,5500000,KSQ
2720,079190,KR7079190005,케스피온,KOSDAQ,벤처기업부,571,0,0,0.0,0,0,0,0,0,10950499247,19177757,KSQ
2721,149010,KR7149010001,아이케이세미콘,KONEX,일반기업부,3470,0,0,0.0,0,0,0,0,0,10826400000,3120000,KNX
2722,486630,KR7486630007,KB제30호스팩,KOSDAQ,SPAC(소속부없음),2030,3,0,0.0,2045,2045,2025,319,647170,10779300000,5310000,KSQ
2723,0098T0,KR70098T0004,교보19호스팩,KOSDAQ,SPAC(소속부없음),1995,1,4,0.2,1991,1995,1991,9,17951,10773000000,5400000,KSQ
2724,900270,HK0000214814,헝셩그룹,KOSDAQ,외국기업(소속부없음),420,0,0,0.0,0,0,0,0,0,10735805220,25561441,KSQ
2725,493790,KR7493790000,유안타제17호스팩,KOSDAQ,SPAC(소속부없음),2015,3,0,0.0,2010,2015,2010,229,461355,10699650000,5310000,KSQ
2726,900100,USU652221081,파이온엑스,KOSDAQ,외국기업(소속부없음),2025,1,26,1.3,2165,2170,2025,6060,12734675,10684001250,5276050,KSQ
2727,00781K,KR700781K015,코리아써키트2우B,KOSPI,,13600,2,-390,-2.79,13990,13990,13550,3670,50381920,10658306400,783699,STK
2728,0004Y0,KR70004Y0000,디비금융제14호스팩,KOSDAQ,SPAC(소속부없음),2005,1,5,0.25,2000,2010,2000,1167,2340325,10656575000,5315000,KSQ
2729,073190,KR7073190001,듀오백,KOSDAQ,관리종목(소속부없음),890,1,202,29.36,690,890,690,52806,42309385,10651555600,11968040,KSQ
2730,0130D0,KR70130D0002,신한제17호스팩,KOSDAQ,SPAC(소속부없음),1988,1,3,0.15,1985,1990,1978,4199,8345767,10615920000,5340000,KSQ
2731,169670,KR7169670007,코스텍시스템,KONEX,일반기업부,3700,3,0,0.0,3700,3700,3700,1801,6663700,10613083700,2868401,KNX
2732,217320,KR7217320001,썬테크,KONEX,일반기업부,10000,0,0,0.0,0,0,0,0,0,10500000000,1050000,KNX
2733,489210,KR7489210005,교보17호스팩,KOSDAQ,SPAC(소속부없음),2020,3,0,0.0,2020,2020,2010,2369,4776390,10463600000,5180000,KSQ
2734,38380K,KR738380K012,LX홀딩스1우,KOSPI,,7140,3,0,0.0,7230,7230,7100,406,2898410,10462134900,1465285,STK
2735,043100,KR7043100007,알파AI,KOSDAQ,관리종목(소속부없음),520,0,0,0.0,0,0,0,0,0,10457241600,20110080,KSQ
2736,042040,KR7042040006,케이피엠테크,KOSDAQ,중견기업부,4225,1,175,4.32,4070,4250,4050,18786,78178520,10439704600,2470936,KSQ
2737,004255,KR7004251005,NPC우,KOSPI,,1963,1,19,0.98,1944,1968,1940,4302,8438771,10364640000,5280000,STK
2738,466690,KR7466690005,키움히어로제1호스팩,KOSDAQ,SPAC(소속부없음),2015,1,5,0.25,2010,2015,1986,1601,3213726,10266425000,5095000,KSQ
2739,084695,KR7084691005,대상홀딩스우,KOSPI,,11200,2,-280,-2.44,11880,11880,11160,499,5582810,10230998400,913482,STK
2740,478110,KR7478110000,이베스트스팩6호,KOSDAQ,SPAC(소속부없음),2035,3,0,0.0,2035,2035,2025,50,101725,10215700000,5020000,KSQ
2741,217880,KR7217880004,틸론,KONEX,일반기업부,952,2,-37,-3.74,1029,1029,930,12962,12271560,10212380080,10727290,KNX
2742,0041B0,KR70041B0002,교보18호스팩,KOSDAQ,SPAC(소속부없음),2025,1,5,0.25,2025,2025,2025,1839,3723975,10206000000,5040000,KSQ
2743,103660,KR7103660007,씨앗,KONEX,일반기업부,1686,1,46,2.8,1695,1695,1394,317,449210,10145456106,6017471,KNX
2744,498390,KR7498390004,한화플러스제5호스팩,KOSDAQ,SPAC(소속부없음),2040,1,10,0.49,2030,2040,2010,33205,67217948,10118400000,4960000,KSQ
2745,238500,KR7238500003,솔루믹스,KONEX,일반기업부,475,0,0,0.0,0,0,0,0,0,9883469400,20807304,KNX
2746,472220,KR7472220003,신영스팩10호,KOSDAQ,SPAC(소속부없음),2095,3,0,0.0,2100,2100,2085,23399,48793765,9825550000,4690000,KSQ
2747,004105,KR7004101002,태양금속우,KOSPI,,2930,2,-50,-1.68,3055,3055,2910,9745,28579830,9669000000,3300000,STK
2748,488060,KR7488060005,유진스팩11호,KOSDAQ,SPAC(소속부없음),2035,3,0,0.0,2035,2035,2035,260,529100,9605200000,4720000,KSQ
2749,106080,KR7106080005,케이이엠텍,KOSDAQ,관리종목(소속부없음),1650,0,0,0.0,0,0,0,0,0,9506998050,5761817,KSQ
2750,145210,KR7145210001,다이나믹디자인,KOSPI,,224,0,0,0.0,0,0,0,0,0,9461013632,42236668,STK
2751,001755,KR7001751007,한양증권우,KOSPI,,19920,1,330,1.68,19740,20250,19740,47,931200,9419570400,472870,STK
2752,176590,KR7176590008,코나솔,KONEX,일반기업부,1605,1,5,0.31,1600,1658,1600,3788,6079395,9367394715,5836383,KNX
2753,185190,KR7185190006,수프로,KONEX,일반기업부,999,1,10,1.01,999,999,841,22,20398,9229386375,9238625,KNX
2754,484130,KR7484130000,하나34호스팩,KOSDAQ,SPAC(소속부없음),2030,2,-5,-0.25,2035,2035,2025,157,318235,9175600000,4520000,KSQ
2755,253610,KR7253610000,루트락,KONEX,일반기업부,894,5,-157,-14.94,894,894,894,42,37548,9170715474,10258071,KNX
2756,003075,KR7003071008,코오롱글로벌우,KOSPI,,12310,1,20,0.16,12220,12370,12040,91,1116620,9118472470,740737,STK
2757,224760,KR7224760009,엔에스컴퍼니,KONEX,일반기업부,2305,0,0,0.0,0,0,0,0,0,9081008500,3939700,KNX
2758,469480,KR7469480008,IBKS제24호스팩,KOSDAQ,SPAC(소속부없음),2130,0,0,0.0,0,0,0,0,0,9009900000,4230000,KSQ
2759,473950,KR7473950004,에스케이증권제13호스팩,KOSDAQ,SPAC(소속부없음),2030,2,-5,-0.25,2030,2035,2030,825,1677255,8972600000,4420000,KSQ
2760,084180,KR7084180009,수성웹툰,KOSDAQ,관리종목(소속부없음),495,2,-6,-1.2,530,548,492,143573,72601600,8946770085,18074283,KSQ
2761,467930,KR7467930004,IBKS제23호스팩,KOSDAQ,관리종목(소속부없음),2110,3,0,0.0,2105,2110,2105,116522,245581420,8925300000,4230000,KSQ
2762,224810,KR7224810002,엄지하우스,KONEX,일반기업부,2125,1,261,14.0,1585,2125,1585,5441,8624525,8925000000,4200000,KNX
2763,199150,KR7199150004,데이터스트림즈,KONEX,일반기업부,2085,3,0,0.0,2085,2085,2085,1,2085,8900058105,4268613,KNX
2764,465320,KR7465320000,교보15호스팩,KOSDAQ,SPAC(소속부없음),2335,0,0,0.0,0,0,0,0,0,8896350000,3810000,KSQ
2765,050090,KR7050090000,비케이홀딩스,KOSDAQ,투자주의환기종목(소속부없음),378,1,5,1.34,373,484,343,1728506,692057567,8896129830,23534735,KSQ
2766,468760,KR7468760004,유진스팩10호,KOSDAQ,SPAC(소속부없음),2080,0,0,0.0,0,0,0,0,0,8819200000,4240000,KSQ
2767,011080,KR7011080009,형지I&C,KOSDAQ,중견기업부,2045,1,5,0.25,2095,2200,2035,126676,265155215,8785855790,4296262,KSQ
2768,487830,KR7487830002,신한제15호스팩,KOSDAQ,SPAC(소속부없음),2017,1,2,0.1,2020,2020,2015,709,1430600,8773950000,4350000,KSQ
2769,001067,KR7001062009,JW중외제약2우B,KOSPI,,41750,3,0,0.0,41300,41750,41300,11,454750,8766372750,209973,STK
2770,472230,KR7472230002,에스케이증권제11호스팩,KOSDAQ,SPAC(소속부없음),2080,3,0,0.0,2080,2085,2080,35399,73630701,8642400000,4155000,KSQ
2771,189350,KR7189350002,코셋,KONEX,일반기업부,1800,0,0,0.0,0,0,0,0,0,8640000000,4800000,KNX
2772,0068Y0,KR70068Y0003,비엔케이제3호스팩,KOSDAQ,SPAC(소속부없음),1991,1,3,0.15,1988,1992,1988,551,1097280,8581210000,4310000,KSQ
2773,244880,KR7244880001,나눔테크,KONEX,일반기업부,1700,2,-22,-1.28,1740,1745,1700,53,90294,8534000000,5020000,KNX
2774,487720,KR7487720005,키움제10호스팩,KOSDAQ,SPAC(소속부없음),2010,2,-5,-0.25,2020,2020,2010,524,1055860,8502300000,4230000,KSQ
2775,114920,KR7114920002,대주이엔티,KONEX,일반기업부,2445,2,-345,-12.37,2375,2820,2375,1063,2541635,8482927500,3469500,KNX
2776,000225,KR7000221002,유유제약1우,KOSPI,,3615,1,65,1.83,3595,3780,3550,2918,10483160,8194951950,2266930,STK
2777,0041J0,KR70041J0004,엘에스스팩1호,KOSDAQ,SPAC(소속부없음),1990,1,4,0.2,1989,1992,1989,369,734310,8178900000,4110000,KSQ
2778,03481K,KR703481K019,해성산업1우,KOSDAQ,중견기업부,5920,1,10,0.17,5910,5930,5860,225,1320400,8154521760,1377453,KSQ
2779,199730,KR7199730003,바이오인프라,KOSDAQ,벤처기업부,1670,1,10,0.6,1679,1787,1665,21710,36665928,8123492890,4864367,KSQ
2780,312610,KR7312610009,에이에프더블류,KOSDAQ,관리종목(소속부없음),397,2,-23,-5.48,405,424,381,75737,29842708,8041984536,20256888,KSQ
2781,087260,KR7087260006,모바일어플라이언스,KOSDAQ,벤처기업부,247,0,0,0.0,0,0,0,0,0,8040556667,32552861,KSQ
2782,086220,KR7086220001,광동헬스바이오,KONEX,일반기업부,630,1,30,5.0,677,677,620,128,81304,7993354950,12687865,KNX
2783,225430,KR7225430008,케이엠제약,KOSDAQ,관리종목(소속부없음),1423,1,38,2.74,1385,1482,1385,17132,24494734,7936654430,5577410,KSQ
2784,025870,KR7025870007,신라에스지,KOSDAQ,관리종목(소속부없음),1982,2,-188,-8.66,2760,2760,1800,393257,809747654,7928000000,4000000,KSQ
2785,001770,KR7001770007,SHD,KOSPI,,6500,1,510,8.51,5980,7340,5860,18600,120062670,7896707000,1214878,STK
2786,236340,KR7236340006,메디젠휴먼케어,KONEX,일반기업부,2600,1,100,4.0,2500,2600,2300,33,82600,7838082200,3014647,KNX
2787,001515,KR7001511005,SK증권우,KOSPI,,4000,1,70,1.78,4050,4060,4000,5048,20293580,7825028000,1956257,STK
2788,035290,KR7035290006,골드앤에스,KOSDAQ,관리종목(소속부없음),1633,1,63,4.01,1548,1675,1532,12021,19284995,7785569184,4767648,KSQ
2789,012205,KR7012201000,계양전기우,KOSPI,,6620,1,110,1.69,6860,6930,6620,12155,82845140,7739302980,1169079,STK
2790,33637L,KR733637K028,솔루스첨단소재2우B,KOSPI,,2035,1,20,0.99,2015,2075,1999,688,1405529,7688832360,3778296,STK
2791,079970,KR7079970000,투비소프트,KOSDAQ,관리종목(소속부없음),596,0,0,0.0,0,0,0,0,0,7646223464,12829234,KSQ
2792,475250,KR7475250007,하나33호스팩,KOSDAQ,SPAC(소속부없음),2055,2,-5,-0.24,2060,2060,2055,506,1042140,7603500000,3700000,KSQ
2793,474930,KR7474930005,신한제13호스팩,KOSDAQ,SPAC(소속부없음),2095,1,10,0.48,2085,2100,2085,536,1121450,7583900000,3620000,KSQ
2794,178600,KR7178600003,대동고려삼,KONEX,일반기업부,1700,3,0,0.0,1881,1881,1700,2,3581,7564320000,4449600,KNX
2795,212310,KR7212310007,오건에코텍,KONEX,일반기업부,635,0,0,0.0,0,0,0,0,0,7514663025,11834115,KNX
2796,318660,KR7318660008,타임기술,KONEX,일반기업부,3485,3,0,0.0,3485,3485,3485,1,3485,7500071985,2152101,KNX
2797,066830,KR7066830001,제노텍,KONEX,일반기업부,1290,2,-10,-0.77,1200,1290,1200,27,33930,7310662200,5667180,KNX
2798,121850,KR7121850002,코이즈,KOSDAQ,관리종목(소속부없음),1430,1,30,2.14,1400,1750,1400,104830,161296393,7231508570,5056999,KSQ
2799,276040,KR7276040003,스코넥,KOSDAQ,관리종목(소속부없음),327,0,0,0.0,0,0,0,0,0,7073119545,21630335,KSQ
2800,001065,KR7001061001,JW중외제약우,KOSPI,,20650,3,0,0.0,20650,20650,20650,15,309750,7061288150,341951,STK
2801,473000,KR7473000008,에스케이증권제12호스팩,KOSDAQ,SPAC(소속부없음),2055,1,5,0.24,2055,2060,2050,10641,21868915,6802050000,3310000,KSQ
2802,475240,KR7475240008,하나32호스팩,KOSDAQ,SPAC(소속부없음),2090,1,5,0.24,2090,2090,2075,14,29140,6688000000,3200000,KSQ
2803,002995,KR7002991008,금호건설우,KOSPI,,22600,2,-150,-0.66,22000,25000,22000,26894,634678800,6605211600,292266,STK
2804,299480,KR7299480004,지앤이헬스케어,KONEX,일반기업부,585,2,-10,-1.68,585,585,585,1,585,6493934655,11100743,KNX
2805,311960,KR7311960009,인터로이드,KONEX,일반기업부,2095,1,98,4.91,2000,2290,1801,108,221155,6416281080,3062664,KNX
2806,251280,KR7251280004,안지오랩,KONEX,일반기업부,1835,2,-65,-3.42,1900,1900,1623,827,1383232,6407581450,3491870,KNX
2807,234070,KR7234070001,에이원큐브텍,KONEX,일반기업부,915,1,15,1.67,915,915,915,1,915,6369043245,6960703,KNX
2808,004985,KR7004981007,성신양회우,KOSPI,,8290,1,30,0.36,8260,8380,8210,2494,20632405,6098497050,735645,STK
2809,276240,KR7276240009,엘리비젼,KONEX,일반기업부,490,1,59,13.69,495,495,490,6001,2945495,6033437620,12313138,KNX
2810,000325,KR7000321000,노루홀딩스우,KOSPI,,24000,1,100,0.42,24400,24400,24000,4,96800,5845416000,243559,STK
2811,267080,KR7267080000,세븐브로이맥주,KONEX,일반기업부,486,0,0,0.0,0,0,0,0,0,5769504288,11871408,KNX
2812,447690,KR7447690009,아이오바이오,KONEX,일반기업부,2045,2,-350,-14.61,2440,2440,2045,603,1233925,5670286020,2772756,KNX
2813,004835,KR7004831004,덕성우,KOSPI,,4000,1,15,0.38,3980,4075,3925,4529,18277235,5568000000,1392000,STK
2814,236030,KR7236030003,씨알푸드,KONEX,일반기업부,2700,2,-100,-3.57,2600,2700,2600,11,28700,5489996400,2033332,KNX
2815,044180,KR7044180008,KD,KOSDAQ,관리종목(소속부없음),205,0,0,0.0,0,0,0,0,0,5477148795,26717799,KSQ
2816,26490K,KR726490K013,크라운제과우,KOSPI,,7080,2,-40,-0.56,7230,7230,7030,713,5047850,5476804800,773560,STK
2817,199290,KR7199290008,바이오프로테크,KONEX,일반기업부,325,4,42,14.84,300,325,300,15,4625,5305687400,16325192,KNX
2818,313760,KR7313760001,캐리,KOSDAQ,관리종목(소속부없음),468,0,0,0.0,0,0,0,0,0,5244963048,11207186,KSQ
2819,266350,KR7266350008,팡스카이,KONEX,일반기업부,398,0,0,0.0,0,0,0,0,0,5026568860,12629570,KNX
2820,258050,KR7258050004,테크트랜스,KONEX,일반기업부,449,0,0,0.0,0,0,0,0,0,5004531101,11145949,KNX
2821,327610,KR7327610002,펨토바이오메드,KONEX,일반기업부,585,0,0,0.0,0,0,0,0,0,4993610310,8536086,KNX
2822,215570,KR7215570003,크로넥스,KONEX,일반기업부,800,3,0,0.0,800,800,800,1,800,4985955200,6232444,KNX
2823,092590,KR7092590009,럭스피아,KONEX,일반기업부,679,5,-119,-14.91,679,679,679,1,679,4950655542,7291098,KNX
2824,346010,KR7346010002,타이드,KONEX,일반기업부,1000,0,0,0.0,0,0,0,0,0,4860062000,4860062,KNX
2825,090355,KR7090351008,노루페인트우,KOSPI,,10370,1,120,1.17,10400,10400,10370,67,695300,4802616620,463126,STK
2826,043090,KR7043090000,더테크놀로지,KOSDAQ,투자주의환기종목(소속부없음),1140,0,0,0.0,0,0,0,0,0,4718944500,4139425,KSQ
2827,116100,KR7116100009,태양기계,KONEX,일반기업부,629,3,0,0.0,640,640,629,7,4455,4679751194,7439986,KNX
2828,121060,KR7121060008,유니포인트,KONEX,일반기업부,898,1,104,13.1,910,910,898,2,1808,4664017134,5193783,KNX
2829,052770,KR7052770005,아이톡시,KOSDAQ,관리종목(소속부없음),312,0,0,0.0,0,0,0,0,0,4545457488,14568774,KSQ
2830,009415,KR7009411000,태영건설우,KOSPI,,6880,1,270,4.08,6800,6880,6740,653,4406020,4471821120,649974,STK
2831,000145,KR7000141002,하이트진로홀딩스우,KOSPI,,9290,1,90,0.98,9200,9290,9100,406,3708300,4373824900,470810,STK
2832,266470,KR7266470004,바이오인프라생명과학,KONEX,일반기업부,148,1,13,9.63,135,150,115,139,19111,4124170812,27866019,KNX
2833,000545,KR7000541003,흥국화재우,KOSPI,,5280,2,-70,-1.31,5220,5340,5220,426,2225810,4055040000,768000,STK
2834,332190,KR7332190008,오션스바이오,KONEX,일반기업부,2710,0,0,0.0,0,0,0,0,0,4004943690,1477839,KNX
2835,341170,KR7341170009,퓨쳐메디신,KONEX,일반기업부,380,1,40,11.76,353,385,289,12116,3563185,4002617900,10533205,KNX
2836,402420,KR7402420004,켈스,KONEX,일반기업부,1698,1,98,6.13,1500,1839,1360,103,161737,3988199574,2348763,KNX
2837,202960,KR7202960001,판도라티비,KONEX,일반기업부,332,1,14,4.4,345,345,280,510,143768,3955973224,11915582,KNX
2838,217910,KR7217910009,에스제이켐,KONEX,일반기업부,272,5,-48,-15.0,320,329,272,832,227046,3805421984,13990522,KNX
2839,005965,KR7005961008,동부건설우,KOSPI,,16130,1,20,0.12,16150,16400,16130,95,1537880,3641057160,225732,STK
2840,093510,KR7093510006,엔지브이아이,KONEX,일반기업부,600,1,74,14.07,600,600,600,1,600,3612000000,6020000,KNX
2841,208890,KR7208890004,미래엔에듀파트너,KONEX,일반기업부,900,0,0,0.0,0,0,0,0,0,3604968000,4005520,KNX
2842,014825,KR7014821003,동원시스템즈우,KOSPI,,13390,1,360,2.76,13150,13390,13150,9,119590,3536446290,264111,STK
2843,136660,KR7136660008,큐엠씨,KONEX,일반기업부,1400,2,-90,-6.04,1480,1480,1400,11,15480,3305330000,2360950,KNX
2844,007575,KR7007571003,일양약품우,KOSPI,,7180,1,60,0.84,7110,7180,7110,178,1277850,3195674400,445080,STK
2845,014285,KR7014281000,금강공업우,KOSPI,,5280,2,-110,-2.04,5220,5390,5220,2179,11668200,3114540000,589875,STK
2846,005745,KR7005741004,크라운해태홀딩스우,KOSPI,,5050,1,55,1.1,4990,5060,4990,346,1737730,3033666300,600726,STK
2847,413300,KR7413300005,티엘엔지니어링,KONEX,일반기업부,2230,1,260,13.2,2230,2230,2230,1,2230,3013878450,1351515,KNX
2848,296520,KR7296520000,가이아코퍼레이션,KONEX,일반기업부,610,0,0,0.0,0,0,0,0,0,2846874880,4667008,KNX
2849,36328K,KR736328K013,티와이홀딩스우,KOSPI,,2370,1,45,1.94,2365,2860,2290,65397,165533427,2784629130,1174949,STK
2850,014915,KR7014911002,성문전자우,KOSPI,,4550,2,-250,-5.21,4750,4750,4550,793,3713175,2730000000,600000,STK
2851,000227,KR7000222000,유유제약2우B,KOSPI,,7990,2,-110,-1.36,8300,8300,7950,2983,24103690,2580450400,322960,STK
2852,245450,KR7245450002,씨앤에스링크,KONEX,일반기업부,1599,3,0,0.0,1599,1599,1599,1,1599,2526356040,1579960,KNX
2853,216400,KR7216400002,인바이츠바이오코아,KONEX,일반기업부,297,1,37,14.23,292,298,222,51564,12139488,2290260555,7711315,KNX
2854,008355,KR7008351009,남선알미우,KOSPI,,6900,2,-60,-0.86,7700,7700,6720,215,1479160,2124441000,307890,STK
2855,448780,KR7448780007,마이크로엔엑스,KONEX,일반기업부,763,1,6,0.79,765,765,645,135,87433,2043069840,2677680,KNX
2856,140660,KR7140660002,위월드,KONEX,일반기업부,793,4,103,14.93,793,793,793,1,793,1972390836,2487252,KNX
2857,001525,KR7001521004,동양우,KOSPI,,7490,2,-310,-3.97,7780,7780,7490,81,606980,1966986350,262615,STK
2858,021045,KR7021041009,대호특수강우,KOSDAQ,중견기업부,2300,2,-235,-9.27,2535,2535,2300,800,1913090,1951531600,848492,KSQ
2859,302920,KR7302920004,더콘텐츠온,KONEX,일반기업부,410,2,-10,-2.38,410,410,410,1,410,1866467190,4552359,KNX
2860,004545,KR7004541009,깨끗한나라우,KOSPI,,4215,2,-85,-1.98,4300,4300,4215,3210,13618455,1543364400,366160,STK
2861,001527,KR7001522002,동양2우B,KOSPI,,7240,2,-560,-7.18,7840,7840,7230,249,1834610,1489304200,205705,STK
2862,266170,KR7266170000,레드우즈,KONEX,일반기업부,1050,0,0,0.0,0,0,0,0,0,1366092000,1301040,KNX
2863,223220,KR7223220005,로지스몬,KONEX,일반기업부,233,5,-41,-14.96,315,315,233,57908,13493925,1328780127,5702919,KNX
2864,279060,KR7279060008,이노벡스,KONEX,일반기업부,115,0,0,0.0,0,0,0,0,0,1127904590,9807866,KNX
2865,002785,KR7002781003,진흥기업우B,KOSPI,,1310,1,26,2.02,1350,1350,1300,6246,8287845,1122955580,857218,STK
2866,004415,KR7004411005,서울식품우,KOSPI,,3915,2,-135,-3.33,3930,3930,3900,942,3695455,870891750,222450,STK
2867,011155,KR7011151008,CJ씨푸드1우,KOSPI,,4330,2,-160,-3.56,4450,4450,4330,3651,15997160,866000000,200000,STK
2868,002787,KR7002782001,진흥기업2우B,KOSPI,,2690,1,125,4.87,2735,2735,2585,2306,6087560,793033520,294808,STK
2869,390110,KR7390110005,애니메디솔루션,KONEX,일반기업부,81,4,10,14.08,81,81,81,3010,243810,785460807,9697047,KNX
2870,060240,KR7060240009,스타코링크,KOSDAQ,관리종목(소속부없음),65,2,-30,-31.58,77,88,63,1278755,91031788,378368900,5821060,KSQ
2871,032685,KR7032681009,소프트센우,KOSDAQ,중견기업부,5300,2,-1630,-23.52,6350,6350,4885,41135,216661920,378218600,71362,KSQ
