,Code,ISU_CD,Name,Market,Dept,Close,ChangeCode,Changes,ChagesRatio,Open,High,Low,Volume,Amount,Marcap,Stocks,MarketId
0,005930,KR7005930003,삼성전자,KOSPI,,297500,2,-2000,-0.67,300000,300500,296500,2025417,605430538500,1739267885880000,5846278608,STK
1,000660,KR7000660001,SK하이닉스,KOSPI,,1940000,3,0,0.0,1942000,1952000,1933000,390373,758161503500,1382642588100000,712702365,STK
2,402340,KR7402340004,SK스퀘어,KOSPI,,1189000,1,10000,0.85,1180000,1198000,1175000,92634,109945590000,156898520954000,131958386,STK
3,005935,KR7005931001,삼성전자우,KOSPI,,186900,2,-900,-0.48,189300,189700,186000,377549,71109938300,149963177840700,802371203,STK
4,005380,KR7005380001,현대차,KOSPI,,658000,2,-8000,-1.2,666000,667000,651000,98279,64802810500,134730610028000,204757766,STK
5,373220,KR7373220003,LG에너지솔루션,KOSPI,,412000,1,11000,2.74,411500,413000,405000,18195,7452032750,96408000000000,234000000,STK
6,009150,KR7009150004,삼성전기,KOSPI,,1255000,1,51000,4.24,1240000,1259000,1204000,122700,151581022000,93740588480000,74693696,STK
7,034020,KR7034020008,두산에너빌리티,KOSPI,,114200,1,5800,5.35,117000,117000,112600,536796,61734326500,73152082873200,640561146,STK
8,032830,KR7032830002,삼성생명,KOSPI,,356500,1,1500,0.42,355000,358000,352500,13791,4899729250,71300000000000,200000000,STK
9,329180,KR7329180004,HD현대중공업,KOSPI,,677000,1,5000,0.74,685000,687000,672000,22200,15120211500,71058749325000,104961225,STK
10,028260,KR7028260008,삼성물산,KOSPI,,419500,1,1000,0.24,425000,426000,415500,28498,11993273500,68029300229500,162167581,STK
11,012450,KR7012450003,한화에어로스페이스,KOSPI,,1269000,1,21000,1.68,1252000,1276000,1241000,18133,22800366500,65433955869000,51563401,STK
12,000270,KR7000270009,기아,KOSPI,,166000,2,-1900,-1.13,169500,169800,165600,64035,10757536350,64808557668000,390412998,STK
13,207940,KR7207940008,삼성바이오로직스,KOSPI,,1394000,2,-1000,-0.07,1402000,1412000,1387000,3798,5321924000,64529585694000,46290951,STK
14,105560,KR7105560007,KB금융,KOSPI,,156800,1,1000,0.64,158000,158100,156200,70134,11044380700,58462951344000,372850455,STK
15,012330,KR7012330007,현대모비스,KOSPI,,634000,2,-36000,-5.37,654000,663000,634000,109626,70476011500,57524457622000,90732583,STK
16,006400,KR7006400006,삼성SDI,KOSPI,,642000,1,26000,4.22,640000,644000,627000,60494,38370541000,51735910260000,80585530,STK
17,055550,KR7055550008,신한지주,KOSPI,,95700,1,900,0.95,96900,96900,95700,61174,5894969050,45424422347700,474654361,STK
18,068270,KR7068270008,셀트리온,KOSPI,,197600,1,8000,4.22,193900,199900,193200,104127,20541442350,43891374581600,222122341,STK
19,034730,KR7034730002,SK,KOSPI,,597000,1,21000,3.65,581000,599000,581000,20108,11881604000,43284113691000,72502703,STK
20,267260,KR7267260008,HD현대일렉트릭,KOSPI,,1179000,1,43000,3.79,1193000,1208000,1168000,14883,17637461000,42499572165000,36047135,STK
21,010120,KR7010120004,LS ELECTRIC,KOSPI,,281000,1,9500,3.5,282000,285000,274000,161279,45078826000,42150000000000,150000000,STK
22,006800,KR7006800007,미래에셋증권,KOSPI,,68100,1,1600,2.41,68700,68700,67600,171409,11679236000,38106504528000,559566880,STK
23,066570,KR7066570003,LG전자,KOSPI,,232000,2,-3000,-1.28,241000,247500,229500,831388,197915389000,37789236016000,162884638,STK
24,042660,KR7042660001,한화오션,KOSPI,,120600,1,7000,6.16,117400,121100,115800,153010,18147015500,36953455316400,306413394,STK
25,298040,KR7298040007,효성중공업,KOSPI,,3963000,1,34000,0.87,4050000,4071000,3960000,3150,12641777500,36953183724000,9324548,STK
26,005490,KR7005490008,POSCO홀딩스,KOSPI,,452000,1,8500,1.92,453500,455500,445500,35916,16189544750,35817170204000,79241527,STK
27,086790,KR7086790003,하나금융지주,KOSPI,,120000,1,600,0.5,121800,121800,119900,28683,3471524750,32924129760000,274367748,STK
28,035420,KR7035420009,NAVER,KOSPI,,201000,1,1500,0.75,201500,203500,201000,48618,9820382000,31531628976000,156873776,STK
29,042700,KR7042700005,한미반도체,KOSPI,,325500,2,-7000,-2.11,326500,329500,320000,93979,30458236500,31024121100000,95312200,STK
30,010130,KR7010130003,고려아연,KOSPI,,1434000,1,29000,2.06,1446000,1446000,1425000,421,604930000,29931837546000,20872969,STK
31,009540,KR7009540006,HD한국조선해양,KOSPI,,416500,1,1500,0.36,423000,423500,412500,14314,5978663000,29477002814000,70773116,STK
32,000810,KR7000810002,삼성화재,KOSPI,,580000,1,14000,2.47,578000,590000,574000,11855,6880951500,25895534340000,44647473,STK
33,000150,KR7000150003,두산,KOSPI,,1593000,2,-7000,-0.44,1636000,1639000,1590000,3260,5262999000,25796779155000,16193835,STK
34,015760,KR7015760002,한국전력,KOSPI,,40150,1,750,1.9,41000,41000,39700,222933,9002659025,25774857691550,641964077,STK
35,010140,KR7010140002,삼성중공업,KOSPI,,29200,1,550,1.92,29150,29350,28800,426649,12391516750,25696000000000,880000000,STK
36,051910,KR7051910008,LG화학,KOSPI,,359000,1,11000,3.16,357000,362000,354500,18443,6610355500,25342651137000,70592343,STK
37,017670,KR7017670001,SK텔레콤,KOSPI,,106800,1,4000,3.89,110300,111500,106500,286379,31264371750,22939577660400,214790053,STK
38,064350,KR7064350002,현대로템,KOSPI,,208500,1,13000,6.65,198000,209000,197800,63504,12924445350,22756168090500,109142293,STK
39,316140,KR7316140003,우리금융지주,KOSPI,,30900,1,500,1.64,31150,31200,30750,105603,3277603000,22682958288000,734076320,STK
40,267250,KR7267250009,HD현대,KOSPI,,277500,3,0,0.0,282500,283000,276000,6268,1752157750,21920581087500,78993085,STK
41,003670,KR7003670007,포스코퓨처엠,KOSPI,,242000,1,10000,4.31,239000,242500,234500,16847,4009034500,21524985240000,88946220,STK
42,272210,KR7272210006,한화시스템,KOSPI,,111900,1,8100,7.8,106800,112100,105400,74726,8186177550,21140079629100,188919389,STK
43,096770,KR7096770003,SK이노베이션,KOSPI,,124000,1,5200,4.38,122000,124700,121300,51498,6334025300,20962545712000,169052788,STK
44,247540,KR7247540008,에코프로비엠,KOSDAQ GLOBAL,중견기업부,213000,1,18000,9.23,200000,213500,200000,152558,31740775750,20837882442000,97830434,KSQ
45,079550,KR7079550000,LIG디펜스앤에어로스페이스,KOSPI,,921500,1,59500,6.9,872000,926000,872000,31534,28702982000,20273000000000,22000000,STK
46,011070,KR7011070000,LG이노텍,KOSPI,,845000,1,7000,0.84,857000,857000,830000,29722,25084371000,19998705415000,23667107,STK
47,196170,KR7196170005,알테오젠,KOSDAQ GLOBAL,우량기업부,371000,1,19500,5.55,356500,371500,356000,81825,29860427000,19880533253000,53586343,KSQ
48,011200,KR7011200003,HMM,KOSPI,,20500,1,250,1.23,20350,20650,20300,151484,3103389650,19336378385000,943237970,STK
49,033780,KR7033780008,KT&G,KOSPI,,183600,1,2600,1.44,182700,186000,182000,10923,2006245650,19059599721600,103810456,STK
50,086520,KR7086520004,에코프로,KOSDAQ GLOBAL,중견기업부,140300,1,10500,8.09,133800,140500,132100,224888,30823586100,19049394125600,135776152,KSQ
51,035720,KR7035720002,카카오,KOSPI,,41650,2,-150,-0.36,42000,42450,41600,129673,5449145500,18396414073100,441690614,STK
52,138040,KR7138040001,메리츠금융지주,KOSPI,,109500,1,600,0.55,109900,110700,109400,10191,1121983200,18324526393500,167347273,STK
53,003550,KR7003550001,LG,KOSPI,,117700,2,-5300,-4.31,119300,120000,117000,93558,11066560100,18151880554500,154221585,STK
54,006260,KR7006260004,LS,KOSPI,,575000,1,54000,10.36,549000,587000,547000,69662,39763391000,17940000000000,31200000,STK
55,086280,KR7086280005,현대글로비스,KOSPI,,233000,2,-500,-0.21,233500,236000,231500,20877,4880051000,17475000000000,75000000,STK
56,307950,KR7307950006,현대오토에버,KOSPI,,616000,2,-13000,-2.07,621000,632000,612000,15267,9445106500,16893172912000,27423982,STK
57,000720,KR7000720003,현대건설,KOSPI,,150300,1,3200,2.18,154300,154600,149400,61402,9339419200,16736771479500,111355765,STK
58,024110,KR7024110009,기업은행,KOSPI,,20700,1,300,1.47,20650,20800,20550,68916,1425709600,16506715488300,797425869,STK
59,047810,KR7047810007,한국항공우주,KOSPI,,168900,1,4400,2.67,163500,169100,163300,55319,9208671400,16463545572300,97475107,STK
60,278470,KR7278470000,에이피알,KOSPI,,412500,1,13000,3.25,411000,427000,410000,23039,9612281750,15443238937500,37438155,STK
61,277810,KR7277810008,레인보우로보틱스,KOSDAQ,기술성장기업부,758000,1,15000,2.02,760000,767000,743000,21404,16154368000,14705092364000,19399858,KSQ
62,018260,KR7018260000,삼성에스디에스,KOSPI,,185800,1,500,0.27,187000,190000,184500,24601,4583307500,14376795240000,77377800,STK
63,030200,KR7030200000,KT,KOSPI,,56000,1,300,0.54,56400,56400,55900,13349,749107000,14113214360000,252021685,STK
64,071050,KR7071050009,한국금융지주,KOSPI,,252500,1,3000,1.2,253500,256000,251000,10628,2693860500,14070812980000,55725992,STK
65,0126Z0,KR70126Z0002,삼성에피스홀딩스,KOSPI,,503000,1,18000,3.71,490500,504000,490500,5176,2580207750,12516173647000,24883049,STK
66,047050,KR7047050000,포스코인터내셔널,KOSPI,,70700,1,3700,5.52,69000,70900,68300,72222,5035795750,12437741111600,175922788,STK
67,010950,KR7010950004,S-Oil,KOSPI,,109400,1,2100,1.96,108300,110000,108000,36866,4021813650,12316557444800,112582792,STK
68,259960,KR7259960003,크래프톤,KOSPI,,261000,1,3000,1.16,259500,262000,259500,7446,1943128000,12040554573000,46132393,STK
69,047040,KR7047040001,대우건설,KOSPI,,28800,1,450,1.59,29850,29900,28400,1614408,46956127650,11834139974400,410907638,STK
70,005940,KR7005940002,NH투자증권,KOSPI,,32600,1,700,2.19,32450,32800,32300,30585,994421400,11616826429400,356344369,STK
71,016360,KR7016360000,삼성증권,KOSPI,,125900,1,3500,2.86,128300,128300,124200,66058,8363861150,11242870000000,89300000,STK
72,001440,KR7001440007,대한전선,KOSPI,,55700,2,-300,-0.54,57600,57600,54800,450815,25343719300,10916787597200,195992596,STK
73,323410,KR7323410001,카카오뱅크,KOSPI,,22700,1,200,0.89,22750,22800,22650,23563,535521850,10830633919900,477120437,STK
74,443060,KR7443060009,HD현대마린솔루션,KOSPI,,241000,1,11000,4.78,242000,247000,237000,13829,3352896750,10804863860000,44833460,STK
75,039490,KR7039490008,키움증권,KOSPI,,407000,2,-3000,-0.73,409000,414500,403000,9434,3852565750,10674924612000,26228316,STK
76,028050,KR7028050003,삼성E&A,KOSPI,,52600,1,1300,2.53,54300,54400,52000,328725,17433006100,10309600000000,196000000,STK
77,005830,KR7005830005,DB손해보험,KOSPI,,157300,1,1900,1.22,158000,158000,155600,5515,867303100,10303204897700,65500349,STK
78,352820,KR7352820005,하이브,KOSPI,,236500,1,5500,2.38,232500,237000,232000,15947,3749490000,10193681888500,43102249,STK
79,003230,KR7003230000,삼양식품,KOSPI,,1320000,1,1000,0.08,1329000,1350000,1315000,2904,3878894000,9943579800000,7533015,STK
80,003490,KR7003490000,대한항공,KOSPI,,26500,1,50,0.19,26850,26950,26500,80545,2152934975,9757847516500,368220661,STK
81,000880,KR7000880005,한화,KOSPI,,137800,1,3200,2.38,137000,139000,135600,10739,1471045950,9715991238200,70507919,STK
82,005387,KR7005382007,현대차2우B,KOSPI,,267000,1,1000,0.38,269000,270000,264500,12770,3414371500,9335369310000,34963930,STK
83,036930,KR7036930006,주성엔지니어링,KOSDAQ GLOBAL,우량기업부,200500,1,15300,8.26,185300,215000,185200,770828,157389571700,9319464760500,46481121,KSQ
84,007660,KR7007660004,이수페타시스,KOSPI,,126950,2,-850,-0.67,128200,128200,126300,38433,4887386350,9319300352050,73409219,STK
85,950160,KR8840120008,코오롱티슈진,KOSDAQ,외국기업(소속부없음),108200,1,5200,5.05,103300,108400,103200,45743,4869761500,9168440610000,84736050,KSQ
86,000250,KR7000250001,삼천당제약,KOSDAQ,중견기업부,370500,1,15500,4.37,362000,371500,359000,17179,6325205750,8690993376000,23457472,KSQ
87,062040,KR7062040001,산일전기,KOSPI,,283000,1,7000,2.54,291500,295000,280000,48390,13917220750,8664285550000,30615850,STK
88,058470,KR7058470006,리노공업,KOSDAQ GLOBAL,우량기업부,104800,1,800,0.77,104700,105600,102800,47397,4960233850,7987001880000,76211850,KSQ
89,000990,KR7000990002,DB하이텍,KOSPI,,181300,1,300,0.17,178800,181700,178000,14284,2560504100,7887381804400,43504588,STK
90,267270,KR7267270007,HD건설기계,KOSPI,,162800,1,3500,2.2,168400,168600,161800,43325,7115536900,7801684831600,47921897,STK
91,180640,KR7180640005,한진칼,KOSPI,,115700,2,-2000,-1.7,119200,119400,115100,3206,375401500,7724395680300,66762279,STK
92,009830,KR7009830001,한화솔루션,KOSPI,,44650,1,4050,9.98,42150,44700,42150,427270,18742961425,7675001732400,171892536,STK
93,161390,KR7161390000,한국타이어앤테크놀로지,KOSPI,,61900,1,100,0.16,62700,63000,61900,11263,704367000,7667866771100,123875069,STK
94,353200,KR7353200009,대덕전자,KOSPI,,153200,1,6800,4.64,147500,155400,146900,77171,11745197500,7570672910000,49416925,STK
95,326030,KR7326030004,SK바이오팜,KOSPI,,95300,1,700,0.74,95300,96300,94600,10128,964793400,7463252725000,78313250,STK
96,064400,KR7064400005,LG씨엔에스,KOSPI,,77000,2,-3200,-3.99,78600,78700,76300,172987,13397075550,7460217996000,96885948,STK
97,000500,KR7000500009,가온전선,KOSPI,,432500,1,23500,5.75,415500,443500,415500,14691,6328928750,7154897237500,16543115,STK
98,034220,KR7034220004,LG디스플레이,KOSPI,,14270,2,-470,-3.19,14740,14750,14070,1168997,16797343320,7135000000000,500000000,STK
99,078930,KR7078930005,GS,KOSPI,,76400,1,1000,1.33,76200,76600,75500,4034,306958000,7098734879200,92915378,STK
100,090430,KR7090430000,아모레퍼시픽,KOSPI,,119900,1,2600,2.22,119200,122300,119200,14143,1704006600,7013281804100,58492759,STK
101,454910,KR7454910001,두산로보틱스,KOSPI,,107500,2,-100,-0.09,106200,108200,105300,110460,11805823650,6968147850000,64819980,STK
102,000100,KR7000100008,유한양행,KOSPI,,87400,1,3300,3.92,85700,87800,85000,32739,2850401300,6961200327400,79647601,STK
103,039030,KR7039030002,이오테크닉스,KOSDAQ GLOBAL,우량기업부,556000,1,7000,1.28,548000,566000,546000,10392,5764487000,6849669800000,12319550,KSQ
104,032640,KR7032640005,LG유플러스,KOSPI,,15790,1,150,0.96,16170,16190,15730,50278,799831450,6786989725450,429828355,STK
105,066970,KR7066970005,엘앤에프,KOSPI,,166700,1,11600,7.48,161600,167400,158000,61779,10087414250,6743929682900,40455487,STK
106,028300,KR7028300002,HLB,KOSDAQ,중견기업부,50500,1,3700,7.91,48000,50600,47600,122486,6060711075,6726510261500,133198223,KSQ
107,298380,KR7298380007,에이비엘바이오,KOSDAQ,기술성장기업부,118300,1,8400,7.64,113600,118300,113000,94635,10980917450,6623316872900,55987463,KSQ
108,021240,KR7021240007,코웨이,KOSPI,,93400,2,-300,-0.32,96100,96300,92700,11957,1136629600,6609677588400,70767426,STK
109,377300,KR7377300009,카카오페이,KOSPI,,48450,1,650,1.36,48300,49050,48250,10397,505215700,6553166523750,135256275,STK
110,241560,KR7241560002,두산밥캣,KOSPI,,68300,1,1300,1.94,70000,70000,68300,8962,619136100,6546969239500,95856065,STK
111,005385,KR7005381009,현대차우,KOSPI,,270500,1,1000,0.37,272000,282500,269250,15157,4153991500,6313729680000,23340960,STK
112,336260,KR7336260005,두산퓨얼셀,KOSPI,,96300,1,12800,15.33,94100,97200,92000,120622,11522211450,6307045813800,65493726,STK
113,240810,KR7240810002,원익IPS,KOSDAQ GLOBAL,우량기업부,125600,1,300,0.24,126800,127500,123300,52927,6649972250,6164937965600,49083901,KSQ
114,082740,KR7082740002,한화엔진,KOSPI,,73100,1,500,0.69,74600,74700,73000,21039,1554880250,6099986080200,83447142,STK
115,440110,KR7440110005,파두,KOSDAQ,기술성장기업부,121700,1,5000,4.28,117900,123800,116400,286838,34706716900,6096783845900,50096827,KSQ
116,010060,KR7010060002,OCI홀딩스,KOSPI,,324250,1,43750,15.6,319500,335000,319500,85164,27861745500,6053822726000,18670232,STK
117,087010,KR7087010005,펩트론,KOSDAQ,기술성장기업부,256000,1,17000,7.11,245500,256500,245000,18906,4792903000,5969241600000,23317350,KSQ
118,036570,KR7036570000,NC,KOSPI,,273500,1,10500,3.99,265000,274500,264500,10495,2848808750,5892290017000,21544022,STK
119,128940,KR7128940004,한미약품,KOSPI,,457500,1,21000,4.81,446500,457500,445000,5445,2468201250,5861028382500,12810991,STK
120,141080,KR7141080002,리가켐바이오,KOSDAQ GLOBAL,기술성장기업부,154400,1,14900,10.68,145200,154400,145100,85903,12987649150,5715798139200,37019418,KSQ
121,052690,KR7052690005,한전기술,KOSPI,,147400,1,4900,3.44,148500,149000,145500,11835,1740720300,5633628000000,38220000,STK
122,029780,KR7029780004,삼성카드,KOSPI,,48300,1,400,0.84,48150,48500,48100,7839,378845850,5595984435300,115858891,STK
123,271560,KR7271560005,오리온,KOSPI,,138100,1,1700,1.25,138200,141300,137400,7319,1019560000,5459939829200,39536132,STK
124,004020,KR7004020004,현대제철,KOSPI,,40350,1,1150,2.93,40000,41000,39700,72681,2929752075,5384537424750,133445785,STK
125,088980,KR7088980008,맥쿼리인프라,KOSPI,,11160,1,120,1.09,11050,11170,11050,122237,1359794825,5344769441880,478921993,STK
126,138930,KR7138930003,BNK금융지주,KOSPI,,17130,2,-50,-0.29,17340,17400,17110,18054,311046110,5315902075290,310327033,STK
127,103590,KR7103590006,일진전기,KOSPI,,110900,1,500,0.45,114500,114600,110400,45965,5155835950,5288309751000,47685390,STK
128,011790,KR7011790003,SKC,KOSPI,,137400,1,800,0.59,138500,138600,135100,27067,3715869200,5203104145200,37868298,STK
129,004170,KR7004170007,신세계,KOSPI,,540000,2,-38000,-6.57,567000,568000,538000,5694,3129066000,5100397740000,9445181,STK
130,310210,KR7310210000,보로노이,KOSDAQ,기술성장기업부,275500,1,20500,8.04,264500,276500,261500,12861,3499873250,5069798110500,18402171,KSQ
131,001040,KR7001040005,CJ,KOSPI,,173400,1,3200,1.88,173500,174400,173200,2221,385976700,5059291453200,29176998,STK
132,018880,KR7018880005,한온시스템,KOSPI,,4880,1,45,0.93,4835,4890,4770,1035240,5002408332,5008161253760,1026262552,STK
133,022100,KR7022100002,포스코DX,KOSPI,,32550,1,600,1.88,32200,32600,31900,23031,740259600,4948730428950,152034729,STK
134,178320,KR7178320008,서진시스템,KOSDAQ,중견기업부,76200,1,4000,5.54,72700,77200,72300,322173,24200680500,4844624321400,63577747,KSQ
135,088350,KR7088350004,한화생명,KOSPI,,5550,1,100,1.83,5520,5630,5470,697061,3869089570,4820341500000,868530000,STK
136,214370,KR7214370009,케어젠,KOSDAQ,벤처기업부,89000,1,5000,5.95,86000,89000,85400,17764,1554500200,4780635000000,53715000,KSQ
137,222800,KR7222800005,심텍,KOSDAQ GLOBAL,중견기업부,127600,1,2100,1.67,122700,127800,120600,92347,11613319400,4780397595600,37463931,KSQ
138,450080,KR7450080007,에코프로머티,KOSPI,,67450,1,2850,4.41,66000,67500,65000,69605,4616684300,4769093192150,70705607,STK
139,175330,KR7175330000,JB금융지주,KOSPI,,25100,1,50,0.2,25600,25600,25100,5283,134018550,4725164958400,188253584,STK
140,095340,KR7095340006,ISC,KOSDAQ GLOBAL,우량기업부,217500,2,-2000,-0.91,217500,221000,215500,10972,2392545000,4610360115000,21197058,KSQ
141,002380,KR7002380004,KCC,KOSPI,,532000,1,2000,0.38,530000,535000,530000,493,262018500,4571420672000,8592896,STK
142,023530,KR7023530009,롯데쇼핑,KOSPI,,160800,2,-2300,-1.41,165000,165300,156700,4991,797179350,4548831804000,28288755,STK
143,108490,KR7108490004,로보티즈,KOSDAQ,기술성장기업부,305500,1,2000,0.66,304000,310500,301000,29273,8939509000,4477722054000,14657028,KSQ
144,403870,KR7403870009,HPSP,KOSDAQ GLOBAL,우량기업부,53600,1,200,0.37,53500,54900,52500,192584,10383144950,4411280000000,82300000,KSQ
145,080220,KR7080220007,제주반도체,KOSDAQ,우량기업부,122800,1,5000,4.24,119900,125900,117900,764697,93035843150,4229579892400,34442833,KSQ
146,319400,KR7319400008,현대무벡스,KOSDAQ,우량기업부,37250,2,-1250,-3.25,37700,38150,37050,244227,9155177350,4148757452750,111376039,KSQ
147,051900,KR7051900009,LG생활건강,KOSPI,,255500,1,3500,1.39,253000,257000,253000,5274,1347839000,3906917441000,15291262,STK
148,111770,KR7111770004,영원무역,KOSPI,,86900,1,2200,2.6,86100,88700,85500,2236,194608900,3850666569200,44311468,STK
149,010170,KR7010170009,대한광통신,KOSDAQ,중견기업부,24600,1,1500,6.49,24000,24600,23150,2053159,49012586425,3824947236000,155485660,KSQ
150,012510,KR7012510004,더존비즈온,KOSPI,,120000,3,0,0.0,120000,120300,120000,288,34567800,3777359160000,31477993,STK
151,489790,KR7489790006,한화비전,KOSPI,,73000,1,300,0.41,73200,74200,72100,16573,1214521900,3685652470000,50488390,STK
152,004800,KR7004800009,효성,KOSPI,,220000,1,1000,0.46,223000,223000,216500,2079,457798000,3682889540000,16740407,STK
153,011170,KR7011170008,롯데케미칼,KOSPI,,84600,1,2800,3.42,83900,84800,83700,10216,859973250,3618800447400,42775419,STK
154,011780,KR7011780004,금호석유화학,KOSPI,,142300,1,1800,1.28,141000,142800,140900,1868,264828500,3579887347500,25157325,STK
155,036460,KR7036460004,한국가스공사,KOSPI,,38150,1,350,0.93,38000,38300,38000,9359,356175950,3521740950000,92313000,STK
156,067310,KR7067310003,하나마이크론,KOSDAQ,중견기업부,52300,2,-2200,-4.04,52800,53000,51300,291979,15221156700,3476079019800,66464226,KSQ
157,251270,KR7251270005,넷마블,KOSPI,,42400,1,500,1.19,41950,42450,41950,10953,462284750,3474025810400,81934571,STK
158,064760,KR7064760002,티씨케이,KOSDAQ GLOBAL,우량기업부,309000,1,7000,2.32,307000,310500,304500,3812,1172589500,3454439544000,11179416,KSQ
159,035250,KR7035250000,강원랜드,KOSPI,,15600,1,210,1.36,15570,15650,15560,19646,306563920,3337471800000,213940500,STK
160,014680,KR7014680003,한솔케미칼,KOSPI,,292000,1,5500,1.92,291500,294000,291000,2462,719615000,3320096940000,11370195,STK
161,357780,KR7357780006,솔브레인,KOSDAQ GLOBAL,우량기업부,426500,2,-2500,-0.58,435000,435000,423500,2021,865751000,3317558399000,7778566,KSQ
162,145020,KR7145020004,휴젤,KOSDAQ GLOBAL,우량기업부,268500,1,9500,3.67,263500,268500,262000,5059,1344748500,3303632860500,12304033,KSQ
163,226950,KR7226950004,올릭스,KOSDAQ,기술성장기업부,162600,1,16400,11.22,152500,162800,152400,61707,9828686600,3300874795800,20300583,KSQ
164,214150,KR7214150005,클래시스,KOSDAQ GLOBAL,우량기업부,50300,1,2350,4.9,49000,50400,48700,21773,1086755000,3281353647700,65235659,KSQ
165,001450,KR7001450006,현대해상,KOSPI,,38400,1,500,1.32,37550,38650,37500,27845,1060103450,3273532800000,85248250,STK
166,005850,KR7005850003,에스엘,KOSPI,,69700,1,1200,1.75,68600,70000,68000,14814,1020730000,3237461844000,46448520,STK
167,097950,KR7097950000,CJ제일제당,KOSPI,,215000,1,2500,1.18,212500,216000,212500,2761,591938500,3236649990000,15054186,STK
168,017800,KR7017800004,현대엘리베이터,KOSPI,,82700,2,-400,-0.48,84100,84850,82100,13197,1097458200,3232940239500,39092385,STK
169,302440,KR7302440003,SK바이오사이언스,KOSPI,,41200,1,1400,3.52,40150,41300,40150,28914,1181406800,3232409983600,78456553,STK
170,131970,KR7131970006,두산테스나,KOSDAQ GLOBAL,우량기업부,167000,2,-3500,-2.05,172100,173400,165200,32255,5406008500,3227648746000,19327238,KSQ
171,031210,KR7031210008,서울보증보험,KOSPI,,46200,1,350,0.76,45850,46350,45850,1140,52604900,3225757827600,69821598,STK
172,319660,KR7319660007,피에스케이,KOSDAQ GLOBAL,우량기업부,110000,1,200,0.18,109400,111500,108000,22853,2505746300,3186338540000,28966714,KSQ
173,375500,KR7375500006,DL이앤씨,KOSPI,,82200,1,1500,1.86,84700,84800,82000,66477,5525800100,3180615810600,38693623,STK
174,214450,KR7214450009,파마리서치,KOSDAQ GLOBAL,우량기업부,303500,1,10000,3.41,297000,304000,297000,7424,2235006250,3153258168000,10389648,KSQ
175,005290,KR7005290002,동진쎄미켐,KOSDAQ,우량기업부,61600,2,-400,-0.65,61200,62100,60400,57828,3551274950,3139759761600,50970126,KSQ
176,020150,KR7020150009,롯데에너지머티리얼즈,KOSPI,,59300,1,1600,2.77,59700,59800,57100,24738,1447653700,3105271955900,52365463,STK
177,028670,KR7028670008,팬오션,KOSPI,,5790,2,-50,-0.86,5860,5970,5790,184527,1086163790,3095157474480,534569512,STK
178,457190,KR7457190007,이수스페셜티케미컬,KOSPI,,101700,1,5200,5.39,100600,102300,99100,16369,1649511850,3073259282400,30218872,STK
179,084370,KR7084370006,유진테크,KOSDAQ,우량기업부,132700,1,3200,2.47,129500,134000,129500,11895,1570989050,3040958773400,22916042,KSQ
180,001720,KR7001720002,신영증권,KOSPI,,184300,1,4200,2.33,181200,184400,181200,1073,196187750,3029892000000,16440000,STK
181,043260,KR7043260009,성호전자,KOSDAQ,우량기업부,42450,1,3350,8.57,41000,43150,39500,723844,30081963175,3010673836350,70922823,KSQ
182,347850,KR7347850000,디앤디파마텍,KOSDAQ,기술성장기업부,68400,1,7700,12.69,63900,68600,63500,117003,7815758850,2996203654800,43804147,KSQ
183,100790,KR7100790005,미래에셋벤처투자,KOSDAQ,우량기업부,56300,3,0,0.0,56300,57200,55200,261005,14651586800,2990916894200,53124634,KSQ
184,032820,KR7032820003,우리기술,KOSDAQ,벤처기업부,17280,1,580,3.47,17440,17450,16880,819500,14137906430,2965337614080,171605186,KSQ
185,139130,KR7139130009,iM금융지주,KOSPI,,18390,2,-100,-0.54,18750,18750,18390,9158,169851290,2953886081370,160624583,STK
186,383220,KR7383220001,F&F,KOSPI,,77000,2,-400,-0.52,78200,78200,76700,1228,95234700,2949644775000,38307075,STK
187,263750,KR7263750002,펄어비스,KOSDAQ GLOBAL,우량기업부,45650,1,200,0.44,45300,45950,45100,61658,2813410650,2932914580750,64247855,KSQ
188,237690,KR7237690003,에스티팜,KOSDAQ GLOBAL,우량기업부,136200,1,9400,7.41,130500,136200,130000,14935,1999459950,2840985857400,20858927,KSQ
189,204320,KR7204320006,HL만도,KOSPI,,60400,3,0,0.0,61000,61800,60400,30335,1849504450,2836210048000,46957120,STK
190,031980,KR7031980006,피에스케이홀딩스,KOSDAQ,우량기업부,130900,1,1300,1.0,129300,132500,128600,9306,1220132500,2822517505500,21562395,KSQ
191,058610,KR7058610007,에스피지,KOSDAQ,우량기업부,124800,2,-1100,-0.87,126400,129600,124200,40159,5067613100,2767734528000,22177360,KSQ
192,218410,KR7218410009,RFHIC,KOSDAQ,우량기업부,103400,1,4300,4.34,101400,103800,100400,41330,4238721750,2745625902800,26553442,KSQ
193,009420,KR7009420001,한올바이오파마,KOSPI,,52300,1,1400,2.75,53800,54900,48850,326705,16938913600,2732185367400,52240638,STK
194,004990,KR7004990008,롯데지주,KOSPI,,27400,1,400,1.48,27300,27550,27150,8499,232247850,2730787462400,99663776,STK
195,009970,KR7009970005,영원무역홀딩스,KOSPI,,201500,1,4300,2.18,199200,202000,199200,852,170982400,2720096255500,13499237,STK
196,229640,KR7229640008,LS에코에너지,KOSPI,,88400,2,-1000,-1.12,91700,92300,88000,28255,2537945600,2707239303600,30624879,STK
197,439260,KR7439260001,대한조선,KOSPI,,70900,1,2900,4.26,70000,71300,69400,7320,512956600,2700490957000,38088730,STK
198,006360,KR7006360002,GS건설,KOSPI,,31550,1,550,1.77,32300,32300,31200,149769,4744322150,2700096009500,85581490,STK
199,012750,KR7012750006,에스원,KOSPI,,70800,1,900,1.29,71200,71300,70400,952,67548300,2690341802400,37999178,STK
200,483650,KR7483650008,달바글로벌,KOSPI,,215000,1,2500,1.18,216000,222000,214000,10088,2198690250,2670631100000,12421540,STK
201,071970,KR7071970008,HD현대마린엔진,KOSPI,,78100,1,1600,2.09,78300,78400,77000,15203,1186812100,2649268759500,33921495,STK
202,098460,KR7098460009,고영,KOSDAQ,우량기업부,38000,1,500,1.33,37550,38100,37100,156423,5898904875,2608880690000,68654755,KSQ
203,007340,KR7007340003,DN오토모티브,KOSPI,,44550,1,250,0.56,44650,44700,44100,4785,212611900,2606659035750,58510865,STK
204,003690,KR7003690005,코리안리,KOSPI,,14510,2,-30,-0.21,14310,14560,14310,7894,113908080,2564222159810,176721031,STK
205,026960,KR7026960005,동서,KOSPI,,25700,1,150,0.59,25350,25750,25350,6883,176291175,2562290000000,99700000,STK
206,131290,KR7131290009,티에스이,KOSDAQ,우량기업부,231500,1,5000,2.21,232000,239000,227000,10938,2544424500,2560720813500,11061429,KSQ
207,139480,KR7139480008,이마트,KOSPI,,92400,2,-1400,-1.49,92800,93300,92000,9877,915963350,2549853675600,27595819,STK
208,083650,KR7083650002,비에이치아이,KOSDAQ,우량기업부,81600,1,3100,3.95,82200,83300,80000,46504,3800570100,2525061000000,30944375,KSQ
209,257720,KR7257720003,실리콘투,KOSDAQ,우량기업부,38050,1,500,1.33,38000,38850,37750,67088,2571448500,2495176388600,65576252,KSQ
210,051600,KR7051600005,한전KPS,KOSPI,,55100,1,1000,1.85,55600,55700,54800,14273,789412400,2479500000000,45000000,STK
211,103140,KR7103140000,풍산,KOSPI,,88400,1,2900,3.39,86000,88800,86000,12711,1113297500,2477346175200,28024278,STK
212,00680K,KR700680K019,미래에셋증권2우B,KOSPI,,18100,1,330,1.86,17990,18440,17980,50448,921464395,2470650000000,136500000,STK
213,000155,KR7000151001,두산우,KOSPI,,617000,2,-10000,-1.59,631000,638000,616000,2414,1513045000,2465817054000,3996462,STK
214,011210,KR7011210002,현대위아,KOSPI,,89200,2,-1100,-1.22,89500,90300,87800,17523,1562962950,2425801403600,27195083,STK
215,004370,KR7004370003,농심,KOSPI,,395500,1,2000,0.51,394500,400000,394500,830,329076000,2405684911000,6082642,STK
216,069960,KR7069960003,현대백화점,KOSPI,,111100,2,-8700,-7.26,118600,118700,111000,7378,842304100,2395861723200,21564912,STK
217,007810,KR7007810005,코리아써키트,KOSPI,,99400,1,3200,3.33,96200,99500,96200,16958,1671408850,2383872428000,23982620,STK
218,018670,KR7018670000,SK가스,KOSPI,,257000,1,5500,2.19,255000,259000,255000,645,165719500,2379111708000,9257244,STK
219,120110,KR7120110002,코오롱인더,KOSPI,,78600,1,2100,2.75,77600,79800,77200,7764,608740600,2353758115200,29946032,STK
220,0009K0,KR70009K0001,에임드바이오,KOSDAQ,기술성장기업부,36350,1,2650,7.86,35400,36450,34900,48106,1727984900,2350796702350,64671161,KSQ
221,322000,KR7322000001,HD현대에너지솔루션,KOSPI,,207500,1,21100,11.32,196700,214000,196700,138050,28551339950,2324000000000,11200000,STK
222,095610,KR7095610002,테스,KOSDAQ,우량기업부,120000,2,-100,-0.08,121000,122000,116500,22208,2652682250,2323200000000,19360000,KSQ
223,082920,KR7082920000,비츠로셀,KOSDAQ,우량기업부,51100,2,-900,-1.73,51800,52400,50800,41066,2110680900,2316847274700,45339477,KSQ
224,140410,KR7140410002,메지온,KOSDAQ,투자주의환기종목(소속부없음),76200,1,3700,5.1,72500,76500,72500,22310,1679625700,2315883125400,30392167,KSQ
225,078600,KR7078600004,대주전자재료,KOSDAQ,우량기업부,148450,1,15950,12.04,135000,148450,135000,76442,10840931400,2312475124600,15577468,KSQ
226,007070,KR7007070006,GS리테일,KOSPI,,27500,1,100,0.36,27650,27700,27400,3828,105406950,2299203912500,83607415,STK
227,000240,KR7000240002,한국앤컴퍼니,KOSPI,,24200,1,350,1.47,24200,24250,23950,1688,40719050,2297432808000,94935240,STK
228,282330,KR7282330000,BGF리테일,KOSPI,,132800,1,300,0.23,133700,135100,132600,5389,721645800,2295302716800,17283906,STK
229,001430,KR7001430008,세아베스틸지주,KOSPI,,63400,2,-1200,-1.86,62900,64400,62100,25013,1577448100,2273658344600,35862119,STK
230,068760,KR7068760008,셀트리온제약,KOSDAQ,우량기업부,50900,1,2500,5.17,49200,51000,49200,15874,798171650,2260078698800,44402332,KSQ
231,008930,KR7008930000,한미사이언스,KOSPI,,33000,1,900,2.8,32500,33250,32500,20189,665153900,2256921150000,68391550,STK
232,005440,KR7005440003,현대지에프홀딩스,KOSPI,,14420,1,320,2.27,14260,14460,14230,7774,111533650,2248140020420,155904301,STK
233,112610,KR7112610001,씨에스윈드,KOSPI,,53100,1,2100,4.12,52700,53800,52500,17765,945405000,2239301499300,42171403,STK
234,008770,KR7008770000,호텔신라,KOSPI,,56900,2,-500,-0.87,57500,58500,56700,21682,1250763200,2233218084900,39248121,STK
235,035900,KR7035900000,JYP Ent.,KOSDAQ GLOBAL,우량기업부,61900,1,1000,1.64,60800,62100,60800,11704,720980600,2199461254800,35532492,KSQ
236,030000,KR7030000004,제일기획,KOSPI,,19100,1,230,1.22,19030,19200,18980,31360,598707520,2197287397500,115041225,STK
237,161890,KR7161890009,한국콜마,KOSPI,,92000,1,2800,3.14,92800,94900,91500,17434,1617444550,2171667084000,23605077,STK
238,279570,KR7279570006,케이뱅크,KOSPI,,5340,1,50,0.95,5310,5370,5310,43519,232591545,2166412106340,405695151,STK
239,347700,KR7347700007,스피어,KOSDAQ,기술성장기업부,42600,2,-50,-0.12,42050,44600,41950,251760,10938699225,2164689393000,50814305,KSQ
240,030530,KR7030530000,원익홀딩스,KOSDAQ,중견기업부,27500,2,-100,-0.36,27500,27950,27250,87977,2424648750,2124044477500,77237981,KSQ
241,323280,KR7323280008,태성,KOSDAQ,중견기업부,69000,1,2700,4.07,65700,69000,65700,34435,2322857050,2107120620000,30537980,KSQ
242,081660,KR7081660003,미스토홀딩스,KOSPI,,39550,1,500,1.28,40000,40000,39300,1010,40032550,2099782272000,53091840,STK
243,097230,KR7097230007,HJ중공업,KOSPI,,22950,1,900,4.08,22550,23100,22350,57599,1308417950,2072278144800,90295344,STK
244,000120,KR7000120006,CJ대한통운,KOSPI,,90300,1,1300,1.46,90300,90900,90100,2016,182439600,2059954663200,22812344,STK
245,192820,KR7192820009,코스맥스,KOSPI,,181200,1,4700,2.66,180000,184000,179600,6396,1162638600,2056531030800,11349509,STK
246,060370,KR7060370004,LS마린솔루션,KOSDAQ,우량기업부,38400,1,4400,12.94,37350,38700,36000,132295,4975896125,2005971993600,52238854,KSQ
247,085620,KR7085620003,미래에셋생명,KOSPI,,14800,1,240,1.65,14610,14800,14600,2231,32817520,2000664000000,135180000,STK
248,041510,KR7041510009,에스엠,KOSDAQ GLOBAL,우량기업부,87300,1,2500,2.95,85500,87400,85500,8816,763308400,1998706437000,22894690,KSQ
249,089030,KR7089030001,테크윙,KOSDAQ,중견기업부,53400,1,700,1.33,53100,54100,52200,89825,4795467350,1978664643000,37053645,KSQ
250,476830,KR7476830005,알지노믹스,KOSDAQ,기술성장기업부,141400,1,11400,8.77,134700,141600,134200,47762,6628448750,1970245258800,13933842,KSQ
251,017960,KR7017960006,한국카본,KOSPI,,37475,1,1725,4.83,36900,37500,36400,31419,1163173850,1959140535000,52278600,STK
252,027360,KR7027360007,아주IB투자,KOSDAQ,중견기업부,15970,2,-50,-0.31,15740,16290,15660,835381,13362741315,1934692133820,121145406,KSQ
253,140860,KR7140860008,파크시스템스,KOSDAQ GLOBAL,우량기업부,273500,1,7500,2.82,273500,274500,269500,2711,739378500,1915175271500,7002469,KSQ
254,023590,KR7023590003,다우기술,KOSPI,,44150,1,750,1.73,43500,44300,43500,765,33696000,1911134824800,43287312,STK
255,002790,KR7002790004,아모레퍼시픽홀딩스,KOSPI,,24500,1,400,1.66,24450,25000,24450,5907,145565950,1873225410000,76458180,STK
256,077970,KR7077970002,STX엔진,KOSPI,,45900,1,600,1.32,46000,46300,43700,29021,1317536550,1842796091700,40148063,STK
257,298020,KR7298020009,효성티앤씨,KOSPI,,421000,1,26000,6.58,403500,423000,403500,1403,585165500,1821954122000,4327682,STK
258,290650,KR7290650001,엘앤씨바이오,KOSDAQ,우량기업부,65500,1,2300,3.64,64600,65600,63900,15776,1021943050,1766515612000,26969704,KSQ
259,001120,KR7001120005,LX인터내셔널,KOSPI,,45100,1,1100,2.5,44350,45400,44350,7157,322574450,1748076000000,38760000,STK
260,005070,KR7005070008,코스모신소재,KOSPI,,52300,1,2000,3.98,51500,52300,50700,11519,591391600,1737122063300,33214571,STK
261,183300,KR7183300003,코미코,KOSDAQ GLOBAL,우량기업부,165700,1,4500,2.79,161200,168700,160400,16929,2782859200,1733335338800,10460684,KSQ
262,462870,KR7462870007,시프트업,KOSPI,,29400,1,550,1.91,28850,29550,28850,3169,92118275,1724437596000,58654340,STK
263,491000,KR7491000006,리브스메드,KOSDAQ,기술성장기업부,68200,1,400,0.59,68500,70300,67900,58372,4048299700,1705299466200,25004391,KSQ
264,101490,KR7101490001,에스앤에스텍,KOSDAQ,우량기업부,79500,1,1100,1.4,79000,79800,78500,12778,1013188700,1696122880500,21334879,KSQ
265,437730,KR7437730005,삼현,KOSDAQ,기술성장기업부,53100,2,-1200,-2.21,53600,54200,52800,16065,857294100,1683671807700,31707567,KSQ
266,096530,KR7096530001,씨젠,KOSDAQ,우량기업부,32200,1,1500,4.89,30850,32300,30600,48040,1518592350,1681677006800,52225994,KSQ
267,003540,KR7003540002,대신증권,KOSPI,,34100,1,1050,3.18,34000,34250,33650,8282,281434825,1678393918300,49219763,STK
268,361610,KR7361610009,SK아이이테크놀로지,KOSPI,,20500,1,300,1.49,20650,20650,20400,5336,109522050,1676635550000,81787100,STK
269,099320,KR7099320004,쎄트렉아이,KOSDAQ,우량기업부,152100,1,4100,2.77,149400,155500,149400,8964,1371121400,1665689383800,10951278,KSQ
270,001740,KR7001740000,SK네트웍스,KOSPI,,8260,1,90,1.1,8300,8330,8080,626443,5145762350,1656905523140,200593889,STK
271,395400,KR7395400005,SK리츠,KOSPI,,5440,1,50,0.93,5350,5440,5350,16324,87935920,1637535852800,301017620,STK
272,439960,KR7439960006,코스모로보틱스,KOSDAQ,기술성장기업부,50400,2,-4000,-7.35,54700,55300,49800,796127,40975657250,1618288862400,32108906,KSQ
273,417200,KR7417200003,LS머트리얼즈,KOSDAQ,중견기업부,23850,1,1350,6.0,23100,23950,22900,434151,10166455850,1613515917150,67652659,KSQ
274,006040,KR7006040000,동원산업,KOSPI,,36450,1,100,0.28,36750,36800,36450,570,20917350,1608932852550,44140819,STK
275,189300,KR7189300007,인텔리안테크,KOSDAQ,우량기업부,149300,1,8300,5.89,141000,150100,140900,30633,4486995600,1603108302100,10737497,KSQ
276,039200,KR7039200001,오스코텍,KOSDAQ,벤처기업부,41800,1,2750,7.04,39700,41800,39700,24986,1025477650,1599191756800,38258176,KSQ
277,089970,KR7089970008,브이엠,KOSDAQ,우량기업부,64400,1,4500,7.51,60800,66000,60800,110452,7091204700,1595316478000,24771995,KSQ
278,001800,KR7001800002,오리온홀딩스,KOSPI,,25150,1,450,1.82,25000,25300,25000,7650,191671050,1575532363300,62645422,STK
279,232140,KR7232140004,와이씨,KOSDAQ,우량기업부,19170,1,720,3.9,18290,19280,18290,158354,2980764075,1572809359500,82045350,KSQ
280,069620,KR7069620003,대웅제약,KOSPI,,135400,1,300,0.22,135000,137000,134700,1115,151015150,1568822255000,11586575,STK
281,006280,KR7006280002,녹십자,KOSPI,,133200,1,1300,0.99,131900,133700,131900,1838,243818400,1556646861600,11686538,STK
282,420770,KR7420770000,기가비스,KOSDAQ,우량기업부,122500,2,-3100,-2.47,124300,126500,122200,6952,863558000,1552780355000,12675758,KSQ
283,036540,KR7036540003,SFA반도체,KOSDAQ,중견기업부,9400,1,450,5.03,8920,9790,8760,3471506,32879164885,1545926848200,164460303,KSQ
284,475150,KR7475150009,SK이터닉스,KOSPI,,45200,1,2950,6.98,44200,45250,43550,88395,3934939800,1539828580800,34067004,STK
285,003570,KR7003570009,SNT다이내믹스,KOSPI,,46200,1,850,1.87,45550,46250,45550,2196,100672800,1536274601400,33252697,STK
286,475830,KR7475830006,오름테라퓨틱,KOSDAQ,기술성장기업부,71300,1,5800,8.85,66700,71500,66700,23356,1630080000,1533900072500,21513325,KSQ
287,020560,KR7020560009,아시아나항공,KOSPI,,7430,1,150,2.06,7520,7540,7350,10912,81594950,1530510982730,205990711,STK
288,032500,KR7032500001,케이엠더블유,KOSDAQ,중견기업부,35900,1,4000,12.54,32900,35950,32750,238202,8308658575,1513360012500,42154875,KSQ
289,031330,KR7031330004,에스에이엠티,KOSDAQ,우량기업부,15080,1,290,1.96,15050,15150,14460,185027,2745904780,1507925610360,99995067,KSQ
290,445680,KR7445680002,큐리옥스바이오시스템즈,KOSDAQ,기술성장기업부,86900,1,4400,5.33,84200,87300,83300,8851,758510200,1494962859500,17203255,KSQ
291,166090,KR7166090001,하나머티리얼즈,KOSDAQ GLOBAL,우량기업부,75400,1,2900,4.0,74700,75600,73500,17628,1321328200,1491236619600,19777674,KSQ
292,032350,KR7032350001,롯데관광개발,KOSPI,,18540,1,230,1.26,18600,18830,18540,18594,347335160,1475811327960,79601474,STK
293,003530,KR7003530003,한화투자증권,KOSPI,,6860,1,130,1.93,6830,6870,6760,148551,1013625330,1471797736500,214547775,STK
294,030610,KR7030610000,교보증권,KOSPI,,12730,1,180,1.43,12800,12800,12720,4323,55230250,1450748493530,113962961,STK
295,007390,KR7007390008,네이처셀,KOSDAQ,중견기업부,22500,4,5190,29.98,22500,22500,22500,53264,1198440000,1449788760000,64435056,KSQ
296,038500,KR7038500005,삼표시멘트,KOSDAQ,우량기업부,13330,1,550,4.3,12800,13490,12800,234039,3089597780,1438524358980,107916306,KSQ
297,192080,KR7192080000,더블유게임즈,KOSPI,,67800,1,2800,4.31,66800,68000,66200,4465,300490950,1435561130400,21173468,STK
298,073240,KR7073240004,금호타이어,KOSPI,,4940,1,70,1.44,4905,4950,4890,24167,119023830,1419065817780,287260287,STK
299,004000,KR7004000006,롯데정밀화학,KOSPI,,55000,1,2200,4.17,55400,55400,54800,4117,227161600,1419000000000,25800000,STK
300,294870,KR7294870001,IPARK현대산업개발,KOSPI,,21500,1,400,1.9,21350,21800,21300,6651,143485900,1417007595000,65907330,STK
301,195870,KR7195870001,해성디에스,KOSPI,,83200,1,2000,2.46,81600,83700,80500,11485,947742800,1414400000000,17000000,STK
302,458870,KR7458870003,씨어스,KOSDAQ,기술성장기업부,37050,1,2750,8.02,35050,37150,34600,38334,1395299125,1410113367000,38059740,KSQ
303,066575,KR7066571001,LG전자우,KOSPI,,82000,2,-4000,-4.65,86200,86400,81000,87561,7369395250,1408866518000,17181299,STK
304,281820,KR7281820001,케이씨텍,KOSPI,,71000,2,-100,-0.14,71400,73000,70700,6560,467892600,1405704931000,19798661,STK
305,007310,KR7007310006,오뚜기,KOSPI,,345500,1,3500,1.02,347000,347500,345500,48,16644000,1384705265000,4007830,STK
306,090710,KR7090710005,휴림로봇,KOSDAQ,중견기업부,11585,2,-35,-0.3,11690,11830,11430,636416,7384097055,1383911627245,119457197,KSQ
307,012630,KR7012630000,HDC,KOSPI,,23050,1,250,1.1,23000,23200,22900,4169,95932500,1377046669050,59741721,STK
308,003380,KR7003380003,하림지주,KOSDAQ GLOBAL,우량기업부,12190,1,130,1.08,12060,12340,12060,48689,592619475,1365348519990,112005621,KSQ
309,093370,KR7093370005,후성,KOSPI,,12720,1,340,2.75,12270,12840,12240,212312,2680998210,1364287797600,107255330,STK
310,065350,KR7065350001,신성델타테크,KOSDAQ,우량기업부,49300,1,3750,8.23,47350,49400,47350,38848,1888682075,1354958636400,27483948,KSQ
311,006110,KR7006110001,삼아알미늄,KOSPI,,88500,1,5400,6.5,85900,89000,85700,10680,935145150,1338425767500,15123455,STK
312,295310,KR7295310007,에이치브이엠,KOSDAQ,기술성장기업부,110800,2,-100,-0.09,106800,114000,106400,43995,4864635100,1332623842800,12027291,KSQ
313,195940,KR7195940002,HK이노엔,KOSDAQ GLOBAL,우량기업부,46900,1,2350,5.27,45500,46950,45500,18826,874175950,1328671887900,28329891,KSQ
314,051915,KR7051911006,LG화학우,KOSPI,,172800,1,5300,3.16,170500,173000,170500,1758,301680300,1328624640000,7688800,STK
315,034230,KR7034230003,파라다이스,KOSPI,,14340,1,90,0.63,14440,14550,14310,10928,157686340,1328305337880,92629382,STK
316,085660,KR7085660009,차바이오텍,KOSDAQ,중견기업부,14240,1,790,5.87,13630,14240,13590,64137,899709110,1323889211520,92969748,KSQ
317,397030,KR7397030008,에이프릴바이오,KOSDAQ,기술성장기업부,56300,1,4500,8.69,53000,56400,53000,38472,2125954400,1318198403800,23413826,KSQ
318,281740,KR7281740001,레이크머티리얼즈,KOSDAQ,우량기업부,19940,1,1100,5.84,19300,19950,19280,71758,1416071805,1310667127120,65730548,KSQ
319,477850,KR7477850002,마키나락스,KOSDAQ,기술성장기업부,73900,2,-4100,-5.26,81000,83600,68500,1381151,105657459250,1296327196000,17541640,KSQ
320,009155,KR7009151002,삼성전기우,KOSPI,,445500,1,12000,2.77,451000,455500,445000,4885,2207122750,1295061372000,2906984,STK
321,181710,KR7181710005,NHN,KOSPI,,38600,1,400,1.05,38600,39000,38400,1531,59238150,1264271165400,32753139,STK
322,127120,KR7127120004,제이에스링크,KOSDAQ,벤처기업부,36250,1,1000,2.84,35300,36650,35250,10928,391636300,1255012917500,34621046,KSQ
323,000210,KR7000210005,DL,KOSPI,,58800,1,1700,2.98,58900,59000,58100,4393,256831700,1232205979200,20955884,STK
324,490470,KR7490470002,세미파이브,KOSDAQ,기술성장기업부,36050,1,1000,2.85,34750,36250,34450,99184,3502259100,1225696034500,33999890,KSQ
325,048410,KR7048410005,현대바이오,KOSDAQ,중견기업부,12670,1,1460,13.02,11300,13100,11300,824959,10344150485,1222725597240,96505572,KSQ
326,415640,KR7415640002,KB발해인프라,KOSPI,,9970,2,-10,-0.1,9980,9980,9970,574,5725800,1221779113560,122545548,STK
327,126340,KR7126340009,비나텍,KOSDAQ,벤처기업부,169100,1,27200,19.17,159600,172500,159600,92836,15699175400,1207970584800,7143528,KSQ
328,003090,KR7003090008,대웅,KOSPI,,20750,1,450,2.22,20700,20900,20550,2929,60915350,1206446085000,58141980,STK
329,082640,KR7082640004,동양생명,KOSPI,,7610,1,120,1.6,7480,7640,7480,966,7320870,1187636241410,156062581,STK
330,100090,KR7100090000,SK오션플랜트,KOSPI,,18960,1,610,3.32,18760,19180,18680,36631,694110670,1184585325840,62478129,STK
331,204270,KR7204270003,제이앤티씨,KOSDAQ,중견기업부,20450,3,0,0.0,20500,20650,20200,21598,441272625,1183001129700,57848466,KSQ
332,124500,KR7124500000,아이티센글로벌,KOSDAQ,우량기업부,50900,1,2800,5.82,50400,51100,49150,17208,862890750,1181110424300,23204527,KSQ
333,000815,KR7000811000,삼성화재우,KOSPI,,392000,1,2000,0.51,394000,394000,390500,606,238352250,1178751840000,3007020,STK
334,003470,KR7003470002,유안타증권,KOSPI,,5870,1,100,1.73,5840,6010,5840,125814,744520340,1171631901120,199596576,STK
335,006340,KR7006340004,대원전선,KOSPI,,14920,2,-300,-1.97,15420,15430,14800,955013,14437787570,1169943086720,78414416,STK
336,089860,KR7089860001,롯데렌탈,KOSPI,,32100,1,300,0.94,31850,32300,31850,451,14477550,1165531354800,36309388,STK
337,000080,KR7000080002,하이트진로,KOSPI,,16610,1,150,0.91,16540,16640,16510,5618,93162790,1164919278710,70133611,STK
338,090460,KR7090460007,비에이치,KOSPI,,34550,1,850,2.52,33700,34700,33400,30885,1051417225,1164733637900,33711538,STK
339,161580,KR7161580006,필옵틱스,KOSDAQ,중견기업부,49550,1,350,0.71,49700,49950,48750,25415,1256256925,1161563338850,23442247,KSQ
340,388720,KR7388720005,유일로보틱스,KOSDAQ,벤처기업부,97800,1,100,0.1,97100,99400,96800,5021,491676700,1152215541000,11781345,KSQ
341,036830,KR7036830008,솔브레인홀딩스,KOSDAQ GLOBAL,우량기업부,55900,1,1200,2.19,55900,56900,55200,8715,489130100,1146172537900,20503981,KSQ
342,388210,KR7388210007,씨엠티엑스,KOSDAQ,벤처기업부,118500,1,3400,2.95,117100,118700,115600,5269,619511900,1141680903000,9634438,KSQ
343,456040,KR7456040005,OCI,KOSPI,,127000,1,10300,8.83,123500,128800,123100,8634,1089494900,1136966865000,8952495,STK
344,003240,KR7003240009,태광산업,KOSPI,,1020000,1,7000,0.69,1033000,1035000,1020000,11,11339000,1135668000000,1113400,STK
345,300720,KR7300720000,한일시멘트,KOSPI,,15320,1,100,0.66,15220,15340,15220,2463,37698480,1126712601880,73545209,STK
346,213420,KR7213420003,덕산네오룩스,KOSDAQ GLOBAL,우량기업부,45300,1,850,1.91,45300,45350,43000,13857,617964300,1124852408700,24831179,KSQ
347,056190,KR7056190002,에스에프에이,KOSDAQ GLOBAL,우량기업부,31300,1,850,2.79,31200,31500,31000,13964,436447675,1123944188000,35908760,KSQ
348,160190,KR7160190005,하이젠알앤엠,KOSDAQ,투자주의환기종목(소속부없음),36250,3,0,0.0,36900,37300,36150,12794,469412650,1119690000000,30888000,KSQ
349,137400,KR7137400008,피엔티,KOSDAQ GLOBAL,우량기업부,47150,1,2150,4.78,46850,47250,45800,24938,1164767250,1117017825200,23690728,KSQ
350,330590,KR7330590001,롯데리츠,KOSPI,,3852,1,72,1.9,3780,3855,3780,12036,45918939,1113108141168,288968884,STK
351,083450,KR7083450007,GST,KOSDAQ,우량기업부,59900,1,2400,4.17,59600,61400,59400,45785,2759547100,1103957000000,18430000,KSQ
352,280360,KR7280360009,롯데웰푸드,KOSPI,,119700,1,2700,2.31,118800,120000,118700,468,55869400,1101787507800,9204574,STK
353,185750,KR7185750007,종근당,KOSPI,,79500,1,1400,1.79,78900,79500,78200,736,58116100,1097321010000,13802780,STK
354,033100,KR7033100009,제룡전기,KOSDAQ,우량기업부,68000,1,1000,1.49,69100,69200,67200,48040,3261778850,1092243812000,16062409,KSQ
355,050890,KR7050890003,쏠리드,KOSDAQ,우량기업부,17920,1,2180,13.85,16500,17950,16440,2358394,40352871855,1088757089280,60756534,KSQ
356,356860,KR7356860007,티엘비,KOSDAQ,우량기업부,110200,1,4200,3.96,108000,114400,106100,40202,4482138200,1083555826000,9832630,KSQ
357,115180,KR7115180002,큐리언트,KOSDAQ,벤처기업부,28900,1,1450,5.28,27900,28900,27900,8317,237702200,1078114124300,37304987,KSQ
358,466100,KR7466100005,클로봇,KOSDAQ,기술성장기업부,42100,1,200,0.48,42200,42450,41200,31849,1335201675,1071833961900,25459239,KSQ
359,222080,KR7222080004,씨아이에스,KOSDAQ GLOBAL,우량기업부,13760,1,820,6.34,13280,13800,13220,490937,6629143435,1070254781440,77780144,KSQ
360,005300,KR7005300009,롯데칠성,KOSPI,,114400,2,-100,-0.09,113800,114900,113800,212,24264100,1061504329600,9278884,STK
361,009450,KR7009450008,경동나비엔,KOSPI,,72500,1,1400,1.97,71500,72900,71200,3865,280158200,1056222920000,14568592,STK
362,033790,KR7033790007,피노,KOSDAQ,중견기업부,12700,1,980,8.36,11990,12700,11820,406111,4931007025,1045613707600,82331788,KSQ
363,052020,KR7052020005,에스티큐브,KOSDAQ,투자주의환기종목(소속부없음),15310,2,-50,-0.33,15000,15650,14700,43203,650805760,1040824185210,67983291,KSQ
364,496320,KR7496320003,본시스템즈,KONEX,일반기업부,1023000,0,0,0.0,0,0,0,0,0,1039340379000,1015973,KNX
365,033240,KR7033240003,자화전자,KOSPI,,47700,1,700,1.49,46650,47900,46650,9269,437390900,1030582445400,21605502,STK
366,456160,KR7456160001,지투지바이오,KOSDAQ,기술성장기업부,62100,1,5300,9.33,57800,62200,57800,73605,4485999400,1027466793900,16545359,KSQ
367,365550,KR7365550003,ESR켄달스퀘어리츠,KOSPI,,4145,1,20,0.48,4100,4155,4080,34473,141476028,1020038905000,246089000,STK
368,000670,KR7000670000,영풍,KOSPI,,55100,1,1100,2.04,55200,55300,54600,228,12520800,1014428633300,18410683,STK
369,057050,KR7057050007,현대홈쇼핑,KOSPI,,84100,1,1100,1.33,84400,84400,83300,19,1599500,1009200000000,12000000,STK
370,005690,KR7005690003,파미셀,KOSPI,,16700,1,920,5.83,16150,16760,16150,65366,1082215680,1002067033800,60004014,STK
371,071055,KR7071051007,한국금융지주우,KOSPI,,170900,1,2000,1.18,169000,171300,169000,1271,216963100,1001175095900,5858251,STK
372,298050,KR7298050006,HS효성첨단소재,KOSPI,,223000,1,9500,4.45,218500,223500,218500,1676,371102500,999028404000,4479948,STK
373,074600,KR7074600008,원익QnC,KOSDAQ GLOBAL,우량기업부,37450,1,700,1.9,37550,37850,37050,52922,1984950725,984485600000,26288000,KSQ
374,086450,KR7086450004,동국제약,KOSDAQ GLOBAL,우량기업부,21750,1,850,4.07,21050,21800,21050,46188,993480450,983761635000,45230420,KSQ
375,476060,KR7476060009,온코닉테라퓨틱스,KOSDAQ,기술성장기업부,21650,1,900,4.34,22500,23200,21500,224790,5019991800,983079736000,45407840,KSQ
376,00088K,KR700088K015,한화3우B,KOSPI,,50600,1,2000,4.12,49300,50900,48750,10923,550230700,981864714600,19404441,STK
377,137310,KR7137310009,에스디바이오센서,KOSPI,,8100,1,140,1.76,8050,8140,8030,4396,35543620,978067726200,120749102,STK
378,023160,KR7023160005,태광,KOSDAQ,우량기업부,37400,1,1200,3.31,37200,38250,36750,25364,952044150,967434850800,25867242,KSQ
379,014620,KR7014620009,성광벤드,KOSDAQ,우량기업부,35700,1,1500,4.39,35500,36050,35100,19992,712626600,948097894800,26557364,KSQ
380,010780,KR7010780005,아이에스동서,KOSPI,,31400,1,1400,4.67,31000,31500,30650,7264,226426075,947871046400,30186976,STK
381,192400,KR7192400000,쿠쿠홀딩스,KOSPI,,26450,1,250,0.95,26450,26550,26200,404,10692800,940619793250,35562185,STK
382,248070,KR7248070005,솔루엠,KOSPI,,19530,1,30,0.15,19420,19710,19420,8227,161020320,933851089080,47816236,STK
383,056080,KR7056080005,유진로봇,KOSDAQ,중견기업부,24750,1,150,0.61,24650,25000,24050,54880,1347789625,928425762000,37512152,KSQ
384,108320,KR7108320003,LX세미콘,KOSPI,,57000,1,1000,1.79,56000,57100,55500,4054,228472000,927065100000,16264300,STK
385,075580,KR7075580001,세진중공업,KOSPI,,16290,1,550,3.49,16070,16300,15950,7197,116005410,926077638240,56849456,STK
386,001510,KR7001510007,SK증권,KOSPI,,3985,1,60,1.53,4050,4070,3925,701754,2810385682,921710913725,231295085,STK
387,293490,KR7293490009,카카오게임즈,KOSDAQ GLOBAL,중견기업부,10260,1,290,2.91,10050,10320,10050,26550,271045490,921213706860,89786911,KSQ
388,100840,KR7100840008,SNT에너지,KOSPI,,44350,1,950,2.19,44750,44850,43450,11909,524192800,917192726050,20680783,STK
389,035760,KR7035760008,CJ ENM,KOSDAQ GLOBAL,중견기업부,41800,1,1450,3.59,40600,41800,40550,10975,451847150,916638637200,21929154,KSQ
390,006120,KR7006120000,SK디스커버리,KOSPI,,52400,1,1300,2.54,52300,52400,52100,128,6690300,912480552400,17413751,STK
391,499790,KR7499790004,GS피앤엘,KOSPI,,45950,2,-300,-0.65,47500,47650,45650,4123,193574800,911227143950,19830841,STK
392,094170,KR7094170008,동운아나텍,KOSDAQ,우량기업부,43500,2,-500,-1.14,43250,43700,42700,8498,367173400,909582216000,20909936,KSQ
393,003160,KR7003160009,디아이,KOSPI,,32100,3,0,0.0,31500,32200,31200,28519,903402375,908430000000,28300000,STK
394,030190,KR7030190003,NICE평가정보,KOSPI,,15410,1,420,2.8,14990,15410,14990,3532,53598660,907826631070,58911527,STK
395,122870,KR7122870009,와이지엔터테인먼트,KOSDAQ,우량기업부,48350,1,1300,2.76,47100,48500,47050,13464,645683875,903712219150,18691049,KSQ
396,171090,KR7171090004,선익시스템,KOSDAQ,우량기업부,88500,1,7500,9.26,85400,89000,84400,20525,1785407250,894082401000,10102626,KSQ
397,046890,KR7046890000,서울반도체,KOSDAQ GLOBAL,중견기업부,15260,2,-410,-2.62,15470,15470,14810,156454,2386971745,889740404000,58305400,KSQ
398,079900,KR7079900007,전진건설로봇,KOSPI,,60900,1,1800,3.05,62200,62200,60500,12689,779595700,888685990500,14592545,STK
399,006650,KR7006650006,대한유화,KOSPI,,136300,1,2400,1.79,137000,139000,135100,1700,232509200,885950000000,6500000,STK
400,121600,KR7121600001,나노신소재,KOSDAQ,우량기업부,72300,1,2800,4.03,71200,72300,69400,16293,1158610550,885941859300,12253691,KSQ
401,052400,KR7052400009,코나아이,KOSDAQ,우량기업부,60800,1,400,0.66,60500,61000,59900,8095,491329650,885448092800,14563291,KSQ
402,252990,KR7252990007,샘씨엔에스,KOSDAQ,우량기업부,14670,1,1590,12.16,13440,14900,13350,602504,8609229980,883396431630,60217889,KSQ
403,451800,KR7451800007,한화리츠,KOSPI,,4905,1,65,1.34,4835,4905,4835,10323,50105640,880938000000,179600000,STK
404,053610,KR7053610002,프로텍,KOSDAQ,우량기업부,97500,1,1100,1.14,95000,98500,94600,6735,654203000,877500000000,9000000,KSQ
405,376900,KR7376900007,로킷헬스케어,KOSDAQ,기술성장기업부,55000,1,2900,5.57,50800,55300,50800,88201,4728315700,873058395000,15873789,KSQ
406,002020,KR7002020006,코오롱,KOSPI,,67600,1,3200,4.97,65900,67700,65700,4251,284087400,872559168000,12907680,STK
407,064960,KR7064960008,SNT모티브,KOSPI,,32800,2,-300,-0.91,32900,33200,32750,4248,139820200,870520921600,26540272,STK
408,036530,KR7036530004,SNT홀딩스,KOSPI,,52800,1,900,1.73,52300,53100,52300,345,18196100,860845180800,16303886,STK
409,000370,KR7000370007,한화손해보험,KOSPI,,7360,1,240,3.37,7110,7370,7110,157087,1144180105,859198414400,116738915,STK
410,348370,KR7348370008,엔켐,KOSDAQ,중견기업부,39050,1,4250,12.21,39000,39350,38000,33503,1296250475,855624276650,21910993,KSQ
411,033160,KR7033160003,엠케이전자,KOSDAQ,중견기업부,35350,1,1350,3.97,34100,36550,33050,207463,7267444825,854942471950,24185077,KSQ
412,071320,KR7071320006,지역난방공사,KOSPI,,73500,1,600,0.82,73100,74000,73100,258,18953800,851037684000,11578744,STK
413,253450,KR7253450001,스튜디오드래곤,KOSDAQ GLOBAL,우량기업부,28250,1,1200,4.44,27400,28300,27400,10850,303000400,849152568500,30058498,KSQ
414,025540,KR7025540006,한국단자,KOSPI,,83900,1,200,0.24,84200,84200,83000,424,35488400,848648500000,10115000,STK
415,001820,KR7001820000,삼화콘덴서,KOSPI,,80900,1,2400,3.06,82000,83300,79900,91494,7471211100,840955500000,10395000,STK
416,365340,KR7365340009,성일하이텍,KOSDAQ,기술성장기업부,68400,1,4200,6.54,67700,70000,66400,8955,612286500,839452748400,12272701,KSQ
417,358570,KR7358570000,지아이이노베이션,KOSDAQ,기술성장기업부,13050,1,1530,13.28,13110,13400,12930,181161,2379477095,838298722500,64237450,KSQ
418,174900,KR7174900001,앱클론,KOSDAQ,벤처기업부,42000,1,2300,5.79,40100,42100,40000,41385,1707374050,837989418000,19952129,KSQ
419,214320,KR7214320004,이노션,KOSPI,,20850,2,-150,-0.71,20850,20900,20700,3055,63612350,834000000000,40000000,STK
420,090360,KR7090360009,로보스타,KOSDAQ,중견기업부,85400,2,-4200,-4.69,86400,87100,84500,64688,5548870500,832650000000,9750000,KSQ
421,032190,KR7032190001,다우데이타,KOSDAQ,우량기업부,21600,1,400,1.89,21350,21600,21300,6419,137932300,827280000000,38300000,KSQ
422,003850,KR7003850005,보령,KOSPI,,9640,1,230,2.44,9470,9690,9470,12636,121607740,826988675480,85787207,STK
423,033640,KR7033640004,네패스,KOSDAQ,중견기업부,35850,1,400,1.13,35300,36250,34100,46828,1654353125,826672391700,23059202,KSQ
424,044490,KR7044490001,태웅,KOSDAQ,우량기업부,41250,1,2100,5.36,41000,41850,40600,23363,961951400,825304466250,20007381,KSQ
425,004490,KR7004490009,세방전지,KOSPI,,58700,1,1000,1.73,58300,58700,58200,2188,127996100,813582000000,13860000,STK
426,005880,KR7005880000,대한해운,KOSPI,,2520,1,65,2.65,2475,2535,2465,430530,1079758220,813323296800,322747340,STK
427,077360,KR7077360006,덕산하이메탈,KOSDAQ,벤처기업부,17800,1,800,4.71,17000,18050,16760,123318,2175168960,808778635600,45437002,KSQ
428,336570,KR7336570007,원텍,KOSDAQ,우량기업부,8920,1,20,0.22,8620,8930,8500,511005,4457966695,799059362320,89580646,KSQ
429,241710,KR7241710003,코스메카코리아,KOSDAQ,우량기업부,74800,1,2000,2.75,75000,77100,74200,4773,358022850,798864000000,10680000,KSQ
430,348340,KR7348340001,뉴로메카,KOSDAQ,기술성장기업부,64600,2,-1700,-2.56,66000,67300,64100,53905,3520598400,798594954600,12362151,KSQ
431,079160,KR7079160008,CJ CGV,KOSPI,,4820,1,80,1.69,4745,4835,4745,17665,85078765,798107095700,165582385,STK
432,484870,KR7484870001,엠앤씨솔루션,KOSPI,,86800,1,3100,3.7,83700,87500,83700,716,61218900,794558520000,9153900,STK
433,285130,KR7285130001,SK케미칼,KOSPI,,45750,1,1700,3.86,45200,45800,45000,6519,296379650,791418544500,17298766,STK
434,336370,KR7336370002,솔루스첨단소재,KOSPI,,11250,1,510,4.75,11080,11400,10910,27732,307061410,789945120000,70217344,STK
435,178920,KR7178920005,PI첨단소재,KOSPI,,26850,1,350,1.32,26850,26950,26750,4124,110700600,788485745700,29366322,STK
436,036810,KR7036810000,에프에스티,KOSDAQ,중견기업부,36200,1,1250,3.58,35800,36600,35250,11976,432167750,783722361800,21649789,KSQ
437,037460,KR7037460003,삼지전자,KOSDAQ,우량기업부,47700,1,500,1.06,47200,48500,46350,55732,2649703775,778393499400,16318522,KSQ
438,082270,KR7082270000,젬백스,KOSDAQ,벤처기업부,17550,1,890,5.34,16660,17590,16640,38728,664784040,776924512650,44269203,KSQ
439,425420,KR7425420007,티에프이,KOSDAQ,우량기업부,62800,1,2700,4.49,61900,63400,60700,18604,1162011700,775402966800,12347181,KSQ
440,327260,KR7327260006,RF머트리얼즈,KOSDAQ,벤처기업부,91100,1,3000,3.41,92000,92700,89200,35270,3226633600,773906798500,8495135,KSQ
441,009240,KR7009240003,한샘,KOSPI,,32650,1,850,2.67,32000,32800,32000,2181,70698975,768382749200,23533928,STK
442,006730,KR7006730006,서부T&D,KOSDAQ,우량기업부,11750,2,-120,-1.01,12100,12230,11720,48155,575227270,762891345250,64926923,KSQ
443,005090,KR7005090006,SGC에너지,KOSPI,,52400,1,3350,6.83,51000,52400,51000,3139,161621300,755049049200,14409333,STK
444,017900,KR7017900002,광전자,KOSPI,,13030,2,-670,-4.89,13710,13900,12810,956052,12629763955,755007231890,57943763,STK
445,383800,KR7383800000,LX홀딩스,KOSPI,,9870,1,120,1.23,9750,10030,9710,48769,481720560,752890410300,76280690,STK
446,003620,KR7003620002,KG모빌리티,KOSPI,,3690,1,65,1.79,3655,3710,3655,45285,166990275,746763425280,202374912,STK
447,399720,KR7399720002,가온칩스,KOSDAQ,벤처기업부,62900,1,300,0.48,63100,63700,62500,6280,396402850,744663287600,11838844,KSQ
448,086900,KR7086900008,메디톡스,KOSDAQ,우량기업부,101700,1,4300,4.41,98700,102000,98600,6821,687283100,742257144900,7298497,KSQ
449,009520,KR7009520008,포스코엠텍,KOSDAQ GLOBAL,중견기업부,17760,1,660,3.86,17600,17850,17500,16071,283954860,739574405280,41642703,KSQ
450,317450,KR7317450005,명인제약,KOSPI,,50600,1,1500,3.05,49550,51200,49400,2606,131322100,738760000000,14600000,STK
451,225570,KR7225570001,넥슨게임즈,KOSDAQ,중견기업부,11130,1,80,0.72,11000,11210,10810,20914,231720560,733023736620,65860174,KSQ
452,060250,KR7060250008,NHN KCP,KOSDAQ,우량기업부,18100,1,780,4.5,17550,18100,17550,40686,726676040,726907059100,40160611,KSQ
453,003030,KR7003030004,세아제강지주,KOSPI,,174300,1,3400,1.99,172000,175100,171000,629,109101700,721890815100,4141657,STK
454,102940,KR7102940004,코오롱생명과학,KOSDAQ,중견기업부,55100,1,2300,4.36,53500,55100,53500,2241,121621000,721292225300,13090603,KSQ
455,114090,KR7114090004,GKL,KOSPI,,11660,1,100,0.87,11600,11700,11600,5626,65515510,721237112200,61855670,STK
456,161000,KR7161000005,애경케미칼,KOSPI,,14780,1,90,0.61,14840,14860,14500,50528,743525380,719027919020,48648709,STK
457,005250,KR7005250006,녹십자홀딩스,KOSPI,,15200,1,10,0.07,15230,15370,15140,39972,608891635,714828792000,47028210,STK
458,253590,KR7253590004,네오셈,KOSDAQ,우량기업부,16270,1,870,5.65,15690,16280,15590,124661,2001031830,713751298280,43869164,KSQ
459,007700,KR7007700008,F&F홀딩스,KOSPI,,18240,1,390,2.18,18240,18240,18000,24,436800,713446054080,39114367,STK
460,069260,KR7069260008,TKG휴켐스,KOSPI,,17450,1,230,1.34,17380,17470,17260,1946,33910720,713331360600,40878588,STK
461,059090,KR7059090001,미코,KOSDAQ,벤처기업부,21200,1,1230,6.16,21600,21650,20850,68714,1458368860,708435693600,33416778,KSQ
462,249420,KR7249420001,일동제약,KOSPI,,22250,1,1000,4.71,21350,22400,21350,14670,323505950,703951107000,31638252,STK
463,093050,KR7093050003,LF,KOSPI,,24050,1,400,1.69,23700,24200,23700,306,7332350,703222000000,29240000,STK
464,053800,KR7053800009,안랩,KOSDAQ,우량기업부,62900,1,3200,5.36,60800,63300,60800,15292,954528400,699857227400,11126506,KSQ
465,000400,KR7000400002,롯데손해보험,KOSPI,,2245,1,55,2.51,2180,2255,2180,80311,178960725,696705038400,310336320,STK
466,368770,KR7368770004,파이버프로,KOSDAQ,벤처기업부,21200,1,1330,6.69,20700,21800,20350,86444,1833271415,696509570000,32854225,KSQ
467,019210,KR7019210004,와이지-원,KOSDAQ,우량기업부,18710,1,540,2.97,18180,19070,18180,75490,1418770720,695894650880,37193728,KSQ
468,002960,KR7002960003,한국쉘석유,KOSPI,,535000,1,13000,2.49,523000,540000,523000,83,44356000,695500000000,1300000,STK
469,102710,KR7102710001,이엔에프테크놀로지,KOSDAQ,우량기업부,48200,1,300,0.63,48700,48700,47900,4934,238574150,688673695200,14287836,KSQ
470,001060,KR7001060003,JW중외제약,KOSPI,,29500,1,800,2.79,28900,29800,28900,6469,190755350,686934935000,23285930,STK
471,001270,KR7001270008,부국증권,KOSPI,,66200,1,1500,2.32,64700,66500,64700,1724,113464300,686486453200,10369886,STK
472,033500,KR7033500000,동성화인텍,KOSDAQ,우량기업부,22850,1,800,3.63,22700,23050,22600,16816,384156200,685259937900,29989494,KSQ
473,016380,KR7016380008,KG스틸,KOSPI,,6830,1,80,1.19,6810,6930,6810,16907,116268090,683060766510,100008897,STK
474,389470,KR7389470006,인벤티지랩,KOSDAQ,기술성장기업부,51400,1,3250,6.75,48600,51400,48600,26199,1322664400,682860102400,13285216,KSQ
475,001680,KR7001680008,대상,KOSPI,,19700,1,190,0.97,19650,19750,19650,2615,51510660,682566092500,34648025,STK
476,112040,KR7112040001,위메이드,KOSDAQ,중견기업부,20100,1,360,1.82,19930,20200,19930,7301,146404800,682364508300,33948483,KSQ
477,089890,KR7089890008,코세스,KOSDAQ,우량기업부,41050,1,2350,6.07,40000,42300,39750,41614,1714944900,680812690100,16584962,KSQ
478,005180,KR7005180005,빙그레,KOSPI,,73400,1,300,0.41,73300,73700,73300,407,29923600,680346875400,9269031,STK
479,014820,KR7014820005,동원시스템즈,KOSPI,,23450,1,150,0.64,23350,23500,23350,264,6176900,679845562900,28991282,STK
480,348210,KR7348210006,넥스틴,KOSDAQ GLOBAL,우량기업부,64700,2,-200,-0.31,65900,65900,64400,3348,217285800,677862223500,10477005,KSQ
481,452280,KR7452280001,한선엔지니어링,KOSDAQ,우량기업부,35050,1,2200,6.7,34000,36900,34000,113643,4027453400,674587021000,19246420,KSQ
482,008060,KR7008060006,대덕,KOSPI,,21500,1,350,1.65,21200,21850,21100,8004,171455150,672672607000,31287098,STK
483,092190,KR7092190008,서울바이오시스,KOSDAQ,투자주의환기종목(소속부없음),14610,2,-1040,-6.65,15210,15290,14500,132735,1969909970,670137075630,45868383,KSQ
484,058650,KR7058650003,세아홀딩스,KOSPI,,156600,1,1100,0.71,156000,157200,156000,317,49708200,664334157600,4242236,STK
485,001500,KR7001500008,현대차증권,KOSPI,,10740,1,260,2.48,10700,10770,10660,11263,120692200,664086892560,61833044,STK
486,217590,KR7217590009,티엠씨,KOSPI,,27300,1,700,2.63,27250,27500,26800,47928,1300052125,657772342500,24094225,STK
487,00104K,KR700104K010,CJ4우(전환),KOSPI,,155600,1,2500,1.63,153800,156800,153800,151,23420400,657645267200,4226512,STK
488,328130,KR7328130000,루닛,KOSDAQ,기술성장기업부,17680,1,1130,6.83,17050,17690,17050,64492,1121646560,657542502240,37191318,KSQ
489,002350,KR7002350007,넥센타이어,KOSPI,,6690,1,90,1.36,6660,6780,6650,5589,37706370,653398097130,97667877,STK
490,272290,KR7272290008,이녹스첨단소재,KOSDAQ GLOBAL,우량기업부,32600,1,550,1.72,32350,32600,31550,21852,706030700,649962793400,19937509,KSQ
491,293940,KR7293940003,신한알파리츠,KOSPI,,5310,1,60,1.14,5220,5310,5220,21307,111988755,642192053130,120940123,STK
492,376300,KR7376300000,디어유,KOSDAQ,우량기업부,27050,1,950,3.64,26300,27100,26300,5282,141190900,642123882300,23738406,KSQ
493,015750,KR7015750003,성우하이텍,KOSDAQ,우량기업부,8020,1,80,1.01,8010,8050,7930,40094,321306830,641600000000,80000000,KSQ
494,089010,KR7089010003,켐트로닉스,KOSDAQ,우량기업부,38250,2,-50,-0.13,38700,39150,38100,30642,1182050750,641453532750,16770027,KSQ
495,0011T0,KR70011T0008,채비,KOSDAQ,기술성장기업부,13700,2,-60,-0.44,13700,13830,13350,49510,674733900,640958336000,46785280,KSQ
496,017940,KR7017940008,E1,KOSPI,,93300,1,1100,1.19,92900,93400,92600,95,8827200,640038000000,6860000,STK
497,001570,KR7001570001,금양,KOSPI,,9900,0,0,0.0,0,0,0,0,0,633275240400,63967196,STK
498,356680,KR7356680009,엑스게이트,KOSDAQ,벤처기업부,22100,1,5030,29.47,21000,22150,20500,2701688,59054562985,630811173200,28543492,KSQ
499,278280,KR7278280003,천보,KOSDAQ,중견기업부,51500,1,2800,5.75,50800,51700,49900,6438,328137125,627305020000,12180680,KSQ
500,214430,KR7214430001,아이쓰리시스템,KOSDAQ,우량기업부,85400,1,2500,3.02,82600,85800,81100,3152,264993800,624036161000,7307215,KSQ
501,486990,KR7486990005,노타,KOSDAQ,기술성장기업부,29150,1,1450,5.23,28700,29300,28600,17924,518334425,622242604500,21346230,KSQ
502,041830,KR7041830001,인바디,KOSDAQ,우량기업부,46150,1,3800,8.97,42700,46200,42700,10095,455962300,622142704300,13480882,KSQ
503,024850,KR7024850000,HLB이노베이션,KOSDAQ,중견기업부,19570,1,1890,10.69,17900,19570,17900,58389,1109438630,621016727860,31733098,KSQ
504,475960,KR7475960001,토모큐브,KOSDAQ,기술성장기업부,46400,1,2800,6.42,44500,46500,44350,10258,469720800,620983913600,13383274,KSQ
505,460930,KR7460930001,현대힘스,KOSDAQ,우량기업부,17430,1,50,0.29,17430,17560,17320,18612,324867840,618950995530,35510671,KSQ
506,425040,KR7425040003,티이엠씨,KOSDAQ,우량기업부,28950,1,3000,11.56,26750,29050,26500,640951,18021401900,618797043900,21374682,KSQ
507,383310,KR7383310000,에코프로에이치엔,KOSDAQ,우량기업부,29500,1,1600,5.73,28350,29600,28350,28941,840827300,618760494000,20974932,KSQ
508,011930,KR7011930005,신성이엔지,KOSPI,,30050,1,1250,4.34,29050,30400,29050,96063,2862026400,618573690750,20584815,STK
509,006380,KR7006380000,카프로,KOSPI,,3660,0,0,0.0,0,0,0,0,0,618539985360,168999996,STK
510,460860,KR7460860000,동국제강,KOSPI,,12370,1,590,5.01,12040,12400,12040,25600,312595595,613651170290,49608017,STK
511,000640,KR7000640003,동아쏘시오홀딩스,KOSPI,,90400,1,400,0.44,89900,91300,89900,159,14360400,608620440800,6732527,STK
512,078350,KR7078350006,한양디지텍,KOSDAQ,우량기업부,39850,1,2400,6.41,39400,40500,38800,93309,3678861475,607488622700,15244382,KSQ
513,005389,KR7005383005,현대차3우B,KOSPI,,258000,2,-1000,-0.39,259000,259500,257500,962,248817000,600482616000,2327452,STK
514,003280,KR7003280005,흥아해운,KOSPI,,2490,1,40,1.63,2435,2495,2430,1222739,2998594942,598657998510,240424899,STK
515,002840,KR7002840007,미원상사,KOSPI,,126000,1,200,0.16,129800,129800,126000,9,1153500,598500000000,4750000,STK
516,199800,KR7199800004,툴젠,KOSDAQ,기술성장기업부,66500,2,-3200,-4.59,66000,66900,63100,10681,702150300,598089628500,8993829,KSQ
517,200710,KR7200710002,에이디테크놀로지,KOSDAQ,중견기업부,44300,1,150,0.34,43900,44650,43200,10382,456055950,596366910100,13462007,KSQ
518,001530,KR7001530005,DI동일,KOSPI,,28750,1,150,0.52,28500,28800,28500,1489,42633000,595574103750,20715621,STK
519,067160,KR7067160002,SOOP,KOSDAQ GLOBAL,우량기업부,51700,1,2400,4.87,49950,51800,49900,10460,534705350,594279453900,11494767,KSQ
520,039130,KR7039130000,하나투어,KOSPI,,38350,1,700,1.86,37950,38650,37950,2474,94699500,594038892200,15489932,STK
521,005810,KR7005810007,풍산홀딩스,KOSPI,,41150,1,650,1.6,40500,41150,40500,2160,88254950,593271565800,14417292,STK
522,448900,KR7448900001,한국피아이엠,KOSDAQ,기술성장기업부,97200,2,-800,-0.82,98100,99800,91000,24411,2338556600,590437220400,6074457,KSQ
523,452260,KR7452260003,한화갤러리아,KOSPI,,3045,1,5,0.16,3045,3095,3010,196323,597931485,590302512450,193859610,STK
524,069540,KR7069540003,빛과전자,KOSDAQ,벤처기업부,6000,1,910,17.88,5220,6020,5130,3131562,17428897030,587409234000,97901539,KSQ
525,453340,KR7453340002,현대그린푸드,KOSPI,,18010,1,40,0.22,18000,18140,17980,628,11315760,584813281870,32471587,STK
526,005420,KR7005420005,코스모화학,KOSPI,,15200,1,500,3.4,14920,15250,14830,12160,182665165,583805065600,38408228,STK
527,002240,KR7002240000,고려제강,KOSPI,,21500,1,550,2.63,21100,21500,21100,1297,27569750,580500000000,27000000,STK
528,104830,KR7104830005,원익머트리얼즈,KOSDAQ,우량기업부,45850,2,-750,-1.61,47650,47650,45850,2043,95160250,578076800000,12608000,KSQ
529,041960,KR7041960006,코미팜,KOSDAQ,벤처기업부,7780,1,230,3.05,7590,7780,7590,20694,159401980,574836931100,73886495,KSQ
530,122640,KR7122640006,예스티,KOSDAQ,벤처기업부,26750,1,1000,3.88,26300,27200,25750,16222,428988150,572945115750,21418509,KSQ
531,019170,KR7019170000,신풍제약,KOSPI,,10930,1,330,3.11,10670,11010,10670,37112,404694140,572934445460,52418522,STK
532,332570,KR7332570001,PS일렉트로닉스,KOSDAQ,우량기업부,12210,1,310,2.61,12010,12350,11900,337434,4089794680,570348184230,46711563,KSQ
533,372320,KR7372320002,큐로셀,KOSDAQ,기술성장기업부,37200,1,2050,5.83,35250,37250,35250,26706,967705125,566404149600,15225918,KSQ
534,093320,KR7093320000,케이아이엔엑스,KOSDAQ,우량기업부,116000,1,4700,4.22,112800,117200,112800,525,60846300,566080000000,4880000,KSQ
535,009900,KR7009900002,명신산업,KOSPI,,10780,1,120,1.13,10790,10840,10720,6957,74840440,565628033740,52470133,STK
536,125490,KR7125490003,한라캐스트,KOSDAQ,벤처기업부,15430,2,-150,-0.96,15590,15800,15270,78045,1208488815,563231291360,36502352,KSQ
537,493280,KR7493280002,아이엠바이오로직스,KOSDAQ,기술성장기업부,38000,1,2000,5.56,36500,38200,36500,7611,287161900,562553824000,14804048,KSQ
538,010820,KR7010820009,퍼스텍,KOSPI,,11490,1,430,3.89,11060,11490,11020,97563,1097329025,560389567620,48771938,STK
539,393890,KR7393890009,더블유씨피,KOSDAQ GLOBAL,기술성장기업부,16470,1,1100,7.16,15650,16650,15510,74753,1203862770,557396581680,33843144,KSQ
540,015860,KR7015860000,일진홀딩스,KOSPI,,11290,1,120,1.07,11490,11500,11280,5178,58802640,557133083070,49347483,STK
541,045100,KR7045100005,한양이엔지,KOSDAQ,우량기업부,31700,1,700,2.26,31200,32000,31000,13303,419993250,554750000000,17500000,KSQ
542,271940,KR7271940009,일진하이솔루스,KOSPI,,15200,1,650,4.47,15280,15490,15030,900,13730690,551960488000,36313190,STK
543,025980,KR7025980004,아난티,KOSDAQ,우량기업부,5670,1,270,5.0,5500,5740,5480,244799,1384910165,551696613300,97300990,KSQ
544,003545,KR7003541000,대신증권우,KOSPI,,21850,1,200,0.92,21650,21850,21650,1054,22875050,550437923950,25191667,STK
545,389500,KR7389500000,에스비비테크,KOSDAQ,기술성장기업부,82300,2,-2800,-3.29,87100,87700,81300,21341,1817634600,548403745600,6663472,KSQ
546,099190,KR7099190001,아이센스,KOSDAQ,중견기업부,19040,1,1040,5.78,18080,19130,18050,22477,422810890,547539163360,28757309,KSQ
547,060280,KR7060280005,큐렉소,KOSDAQ,중견기업부,13270,1,250,1.92,13290,13440,13120,29601,392162540,547517413300,41259790,KSQ
548,078160,KR7078160009,메디포스트,KOSDAQ,벤처기업부,13870,1,740,5.64,13110,13990,13100,95374,1295378520,543767843610,39204603,KSQ
549,003000,KR7003000007,부광약품,KOSPI,,5500,1,230,4.36,5310,5500,5290,59260,320626910,542655690500,98664671,STK
550,006910,KR7006910004,보성파워텍,KOSDAQ,우량기업부,11040,1,260,2.41,11220,11330,10920,448479,4992316360,542393256960,49129824,KSQ
551,330860,KR7330860008,네패스아크,KOSDAQ,중견기업부,44200,1,1850,4.37,42800,45100,42000,41546,1844512450,538534789000,12184045,KSQ
552,020000,KR7020000006,한섬,KOSPI,,25000,1,350,1.42,25000,25000,24700,464,11539550,536924850000,21476994,STK
553,354320,KR7354320004,알멕,KOSDAQ,기술성장기업부,83800,2,-200,-0.24,84000,85500,83000,13964,1176008250,535597727800,6391381,KSQ
554,008730,KR7008730004,율촌화학,KOSPI,,21500,1,150,0.7,21450,21600,21400,2104,45289075,533200000000,24800000,STK
555,268280,KR7268280005,미원에스씨,KOSPI,,106400,1,200,0.19,107200,107200,106200,57,6087300,532000000000,5000000,STK
556,094800,KR7094800000,맵스리얼티,KOSPI,,5720,2,-30,-0.52,5760,5760,5590,1868,10578270,531012373320,92834331,STK
557,138080,KR7138080007,오이솔루션,KOSDAQ,벤처기업부,42450,1,4250,11.13,40150,42550,39850,192176,7947348750,525435827100,12377758,KSQ
558,009410,KR7009410002,태영건설,KOSPI,,1761,1,30,1.73,1734,1763,1734,24331,42621109,524056127358,297590078,STK
559,042000,KR7042000000,카페24,KOSDAQ,우량기업부,21550,1,700,3.36,20850,21550,20850,13651,290186400,522653313700,24253054,KSQ
560,101930,KR7101930006,인화정공,KOSDAQ,우량기업부,11290,2,-60,-0.53,11350,11430,11290,1117,12641770,521196188900,46164410,KSQ
561,290550,KR7290550003,디케이티,KOSDAQ,우량기업부,26000,1,850,3.38,25750,26450,25300,20259,527085550,520031980000,20001230,KSQ
562,041190,KR7041190000,우리기술투자,KOSDAQ,우량기업부,6190,1,100,1.64,6130,6240,6130,106507,660151220,519960000000,84000000,KSQ
563,284740,KR7284740008,쿠쿠홈시스,KOSPI,,23150,1,200,0.87,22950,23250,22950,326,7546350,519424189500,22437330,STK
564,340570,KR7340570001,티앤엘,KOSDAQ,우량기업부,63900,1,500,0.79,63400,64600,63400,4576,292569900,519379200000,8128000,KSQ
565,031430,KR7031430002,신세계인터내셔날,KOSPI,,14690,2,-240,-1.61,14930,14940,14540,10426,153078500,513944340000,34986000,STK
566,001200,KR7001200005,유진투자증권,KOSPI,,5290,1,70,1.34,5330,5360,5270,58129,308613200,512423351220,96866418,STK
567,016610,KR7016610008,DB증권,KOSPI,,12070,1,140,1.17,12060,12160,11930,1546,18670780,512327915230,42446389,STK
568,377740,KR7377740006,바이오노트,KOSPI,,5000,2,-10,-0.2,5010,5020,5000,2423,12138550,509430240000,101886048,STK
569,006405,KR7006401004,삼성SDI우,KOSPI,,314500,1,7000,2.28,313500,315000,311000,704,220610750,508828292000,1617896,STK
570,003300,KR7003300001,한일홀딩스,KOSPI,,16500,1,90,0.55,16410,16540,16370,155,2548100,508742586000,30832884,STK
571,130660,KR7130660004,한전산업,KOSPI,,15560,1,200,1.3,15720,15920,15520,30358,478421250,507256000000,32600000,STK
572,018290,KR7018290007,브이티,KOSDAQ,우량기업부,14420,1,390,2.78,14100,14440,14100,24962,356134910,503861303960,34941838,KSQ
573,064260,KR7064260003,다날,KOSDAQ,중견기업부,6660,1,150,2.3,6580,6700,6580,132665,880750290,503798743620,75645457,KSQ
574,468530,KR7468530001,프로티나,KOSDAQ,기술성장기업부,45650,1,3850,9.21,42500,46000,42500,11915,529958200,503757245200,11035208,KSQ
575,014830,KR7014830004,유니드,KOSPI,,74200,1,1600,2.2,73600,74400,73600,370,27350800,502155920000,6767600,STK
576,030520,KR7030520001,한글과컴퓨터,KOSDAQ GLOBAL,우량기업부,20700,1,1360,7.03,20050,20750,20000,26681,543313300,500520700800,24179744,KSQ
577,211050,KR7211050000,인카금융서비스,KOSDAQ,우량기업부,10110,1,210,2.12,9910,10130,9910,11146,112264650,498055572270,49263657,KSQ
578,230360,KR7230360000,에코마케팅,KOSDAQ,우량기업부,16000,2,-10,-0.06,16000,16100,16000,2038,32738000,495980128000,30998758,KSQ
579,110990,KR7110990009,디아이티,KOSDAQ,우량기업부,26150,1,1150,4.6,25500,26500,25300,32240,838990850,494235000000,18900000,KSQ
580,482630,KR7482630001,삼양엔씨켐,KOSDAQ,중견기업부,22450,1,150,0.67,22200,22650,21450,129045,2854821400,491391886000,21888280,KSQ
581,005945,KR7005941000,NH투자증권우,KOSPI,,25900,1,250,0.97,25850,26100,25850,2197,56942800,488758071200,18870968,STK
582,254490,KR7254490006,미래반도체,KOSDAQ,우량기업부,33800,2,-500,-1.46,34300,34400,33050,39371,1327619025,488004400000,14438000,KSQ
583,035890,KR7035890003,서희건설,KOSDAQ,중견기업부,2105,1,90,4.47,2055,2125,2050,144072,300806590,483746801985,229808457,KSQ
584,034310,KR7034310003,NICE,KOSPI,,13150,1,10,0.08,13100,13150,13090,289,3792330,483356614550,36757157,STK
585,381970,KR7381970003,케이카,KOSPI,,9850,1,70,0.72,9790,9980,9790,2314,22740510,480885352800,48820848,STK
586,025900,KR7025900002,동화기업,KOSDAQ GLOBAL,중견기업부,9460,1,550,6.17,9220,9460,9120,15169,141571260,478271916100,50557285,KSQ
587,107640,KR7107640005,한중엔시에스,KOSDAQ,기술성장기업부,52600,1,2100,4.16,52500,53500,51600,12166,639212300,476816159600,9064946,KSQ
588,025320,KR7025320003,시노펙스,KOSDAQ,우량기업부,5170,1,200,4.02,5010,5180,5010,88933,454606450,476479882010,92162453,KSQ
589,034950,KR7034950006,한국기업평가,KOSDAQ,우량기업부,104300,1,100,0.1,106900,106900,104200,31,3275200,473575610200,4540514,KSQ
590,187660,KR7187660006,페니트리움바이오,KOSDAQ,중견기업부,8530,1,380,4.66,8210,8870,8210,239767,2068024520,473127138090,55466253,KSQ
591,251970,KR7251970000,펌텍코리아,KOSDAQ,우량기업부,38100,1,750,2.01,37350,38100,37350,3281,124039600,472440000000,12400000,KSQ
592,002030,KR7002030005,아세아,KOSPI,,228500,2,-4000,-1.72,232500,232500,228500,10,2301000,470447682000,2058852,STK
593,170920,KR7170920003,엘티씨,KOSDAQ,벤처기업부,44500,1,500,1.14,43950,46100,43200,17645,780130475,470103607000,10564126,KSQ
594,168360,KR7168360006,펨트론,KOSDAQ,벤처기업부,21650,1,100,0.46,21600,21850,21350,9038,195453050,469968825550,21707567,KSQ
595,287840,KR7287840003,인투셀,KOSDAQ,기술성장기업부,31200,1,1800,6.12,29500,31250,29500,8616,264059600,468685152000,15021960,KSQ
596,013030,KR7013030002,하이록코리아,KOSDAQ,우량기업부,39750,1,500,1.27,39900,40025,39350,3609,143684225,467783724000,11768144,KSQ
597,092790,KR7092790005,넥스틸,KOSPI,,17890,1,440,2.52,17830,18080,17830,14859,266247780,465175780000,26002000,STK
598,0120G0,KR70120G0001,삼양바이오팜,KOSPI,,62500,1,3500,5.93,59500,62900,59500,4060,250241900,464741875000,7435870,STK
599,000070,KR7000070003,삼양홀딩스,KOSPI,,59700,1,900,1.53,58800,60000,58800,1382,82200900,463462502700,7763191,STK
600,448730,KR7448730002,삼성FN리츠,KOSPI,,5090,1,60,1.19,5030,5100,5030,3088,15546810,463444500000,91050000,STK
601,036620,KR7036620003,감성코퍼레이션,KOSDAQ,우량기업부,5120,1,120,2.4,5070,5130,5020,42347,215180910,463379307520,90503771,KSQ
602,004690,KR7004690004,삼천리,KOSPI,,127400,1,2000,1.59,126600,127400,124500,286,36306700,462051389800,3626777,STK
603,092870,KR7092870005,엑시콘,KOSDAQ,우량기업부,35400,1,3900,12.38,32200,35400,32000,88101,2979267950,461998213800,13050797,KSQ
604,004710,KR7004710000,한솔테크닉스,KOSPI,,14700,2,-100,-0.68,14800,15000,14400,43199,633688720,461837499900,31417517,STK
605,039440,KR7039440003,에스티아이,KOSDAQ,우량기업부,29750,1,100,0.34,29750,30100,29400,8091,241159250,461334648250,15507047,KSQ
606,027410,KR7027410000,BGF,KOSPI,,4815,1,40,0.84,4760,4880,4750,8433,40620730,460876348665,95716791,STK
607,101160,KR7101160000,월덱스,KOSDAQ,우량기업부,27800,1,500,1.83,27900,28100,27350,6028,168077150,459005605400,16510993,KSQ
608,119850,KR7119850006,지엔씨에너지,KOSDAQ,우량기업부,27750,1,750,2.78,27100,28150,27100,10937,301229700,456457224750,16448909,KSQ
609,046970,KR7046970000,우리로,KOSDAQ,벤처기업부,10410,1,1750,20.21,9910,10770,9750,4527904,46643766060,456218239590,43824999,KSQ
610,950210,KR8702070002,프레스티지바이오파마,KOSPI,,7580,1,320,4.41,7270,7580,7270,10763,80340010,455528854900,60096155,STK
611,000157,KR7000152009,두산2우B,KOSPI,,509000,1,2000,0.39,517000,522000,508000,290,150200500,454556342000,893038,STK
612,080580,KR7080580004,오킨스전자,KOSDAQ,벤처기업부,21550,1,550,2.62,21050,21600,20750,42416,898557000,454510080250,21090955,KSQ
613,145990,KR7145990008,삼양사,KOSPI,,44000,1,450,1.03,44000,44000,44000,2,88000,453791756000,10313449,STK
614,005950,KR7005950001,이수화학,KOSPI,,17230,1,1380,8.71,15750,17490,15730,524869,8807576585,453048531870,26294169,STK
615,105840,KR7105840003,우진,KOSPI,,22400,1,1000,4.67,22500,22700,22000,42098,938484400,452427808000,20197670,STK
616,095660,KR7095660007,네오위즈,KOSDAQ,우량기업부,20750,1,800,4.01,20250,20850,20200,4801,98714650,448956524250,21636459,KSQ
617,306200,KR7306200007,세아제강,KOSPI,,158000,1,6200,4.08,155000,158000,153400,702,109968500,448135400000,2836300,STK
618,230240,KR7230240004,에치에프알,KOSDAQ,중견기업부,33600,1,3350,11.07,30550,33600,30550,106715,3458812775,447182400000,13309000,KSQ
619,215600,KR7215600008,신라젠,KOSDAQ,중견기업부,3225,1,210,6.97,3080,3335,3080,407217,1316811202,446835243900,138553564,KSQ
620,015360,KR7015360001,INVENI,KOSPI,,16380,1,280,1.74,16110,16450,16110,1483,24274980,446355000000,27250000,STK
621,002710,KR7002710002,TCC스틸,KOSPI,,16980,1,1170,7.4,16810,17140,16530,34155,574570990,445108575060,26213697,STK
622,317330,KR7317330009,덕산테코피아,KOSDAQ,중견기업부,21700,1,600,2.84,21500,21850,21350,19607,424632550,444341872800,20476584,KSQ
623,488900,KR7488900002,비츠로넥스텍,KOSDAQ,기술성장기업부,15320,2,-50,-0.33,15420,15670,15260,16498,254484050,443919106760,28976443,KSQ
624,215200,KR7215200007,메가스터디교육,KOSDAQ GLOBAL,우량기업부,42550,1,850,2.04,42000,43050,41700,2101,89415250,441039940800,10365216,KSQ
625,084110,KR7084110006,휴온스글로벌,KOSDAQ,우량기업부,34800,1,800,2.35,34300,35150,34050,8699,301371450,440561457600,12659812,KSQ
626,179900,KR7179900006,유티아이,KOSDAQ,투자주의환기종목(소속부없음),22250,2,-750,-3.26,23000,23350,21900,57001,1280742650,440336667000,19790412,KSQ
627,403550,KR7403550007,쏘카,KOSPI,,13310,1,780,6.23,14510,14510,13280,61252,848559855,437125715620,32841902,STK
628,072710,KR7072710007,농심홀딩스,KOSPI,,93900,1,500,0.54,93100,94000,93100,202,18917000,435488481000,4637790,STK
629,016590,KR7016590002,신대양제지,KOSPI,,10800,1,300,2.86,10670,10860,10640,278,2974720,435216456000,40297820,STK
630,079370,KR7079370003,제우스,KOSDAQ,우량기업부,14000,1,460,3.4,13800,14000,13560,27797,385424440,434237860000,31016990,KSQ
631,047920,KR7047920004,HLB제약,KOSDAQ,기술성장기업부,13200,1,860,6.97,12390,13300,12390,36327,469417940,432951499200,32799356,KSQ
632,114810,KR7114810005,한솔아이원스,KOSDAQ,우량기업부,15140,1,120,0.8,15390,15390,14910,15185,231071010,432900654360,28593174,KSQ
633,394280,KR7394280002,오픈엣지테크놀로지,KOSDAQ,기술성장기업부,16410,1,100,0.61,16690,16690,16310,15862,260872960,432346557300,26346530,KSQ
634,455900,KR7455900001,엔젤로보틱스,KOSDAQ,기술성장기업부,28200,1,350,1.26,28400,28400,27800,6356,178291300,431511634200,15301831,KSQ
635,357120,KR7357120005,코람코라이프인프라리츠,KOSPI,,4430,1,35,0.8,4395,4450,4375,2932,12914400,431195618220,97335354,STK
636,010690,KR7010690006,화신,KOSPI,,12260,1,60,0.49,12490,12490,12080,46617,572969680,428124226600,34920410,STK
637,126720,KR7126720002,수산인더스트리,KOSPI,,29950,1,1050,3.63,29850,30150,29700,1684,50222400,427865700000,14286000,STK
638,079940,KR7079940003,가비아,KOSDAQ,우량기업부,31850,1,650,2.08,31650,33500,31650,2125,68285800,427448785400,13420684,KSQ
639,117730,KR7117730002,티로보틱스,KOSDAQ,벤처기업부,18870,2,-330,-1.72,19030,19180,18700,14817,280225430,425670271410,22558043,KSQ
640,090435,KR7090431008,아모레퍼시픽우,KOSPI,,40300,1,300,0.75,40500,40700,40100,454,18380500,425480549000,10557830,STK
641,145720,KR7145720009,덴티움,KOSPI,,49050,1,800,1.66,48650,49200,48450,866,42314950,423001853550,8623891,STK
642,424870,KR7424870004,이뮨온시아,KOSDAQ,기술성장기업부,5670,1,360,6.78,5420,5710,5420,66099,370841620,422086531230,74442069,KSQ
643,144960,KR7144960002,뉴파워프라즈마,KOSDAQ,우량기업부,9650,1,130,1.37,9610,9920,9480,153787,1498833345,421633821600,43692624,KSQ
644,344820,KR7344820006,KCC글라스,KOSPI,,26350,1,150,0.57,26300,26400,26150,617,16251700,420822991200,15970512,STK
645,078130,KR7078130002,국일제지,KOSDAQ,중견기업부,3725,2,-200,-5.1,3905,3905,3580,46460,173147310,419958686575,112740587,KSQ
646,060980,KR7060980000,HL홀딩스,KOSPI,,46200,1,750,1.65,45850,46650,45850,1817,83930750,419442731400,9078847,STK
647,067630,KR7067630004,HLB생명과학,KOSDAQ,투자주의환기종목(소속부없음),3430,1,235,7.36,3210,3450,3210,54970,184417015,418175508940,121917058,KSQ
648,017810,KR7017810003,풀무원,KOSPI,,10960,1,90,0.83,11020,11020,10940,497,5457550,417801140320,38120542,STK
649,029530,KR7029530003,신도리코,KOSPI,,42900,1,600,1.42,42650,42900,42350,500,21345300,416804774100,9715729,STK
650,243070,KR7243070000,휴온스,KOSDAQ,우량기업부,34700,2,-350,-1.0,34700,34700,34700,1522,52813400,415694375500,11979665,KSQ
651,456010,KR7456010008,아이씨티케이,KOSDAQ,기술성장기업부,29650,1,5700,23.8,28200,29900,27250,1511020,43512619475,415423007100,14010894,KSQ
652,417310,KR7417310000,코람코더원리츠,KOSPI,,10280,1,40,0.39,10240,10290,10200,3657,37475840,415312000000,40400000,STK
653,376270,KR7376270005,HEM파마,KOSDAQ,기술성장기업부,57500,1,1700,3.05,57500,58400,57000,3914,226542700,413205752500,7186187,KSQ
654,042520,KR7042520007,한스바이오메드,KOSDAQ,벤처기업부,28900,1,1850,6.84,28400,29250,27900,57454,1652632775,412153506300,14261367,KSQ
655,006220,KR7006220008,제주은행,KOSPI,,10900,1,110,1.02,10790,11070,10790,4008,43829720,412004271300,37798557,STK
656,265520,KR7265520007,AP시스템,KOSDAQ,우량기업부,27350,1,1200,4.59,26750,27400,26500,14134,382943550,411639954350,15050821,KSQ
657,012030,KR7012030003,DB,KOSPI,,2040,1,30,1.49,2010,2095,2010,36420,74190660,410394823320,201173933,STK
658,004700,KR7004700001,조광피혁,KOSPI,,61500,0,0,0.0,0,0,0,0,0,408921987000,6649138,STK
659,089590,KR7089590004,제주항공,KOSPI,,5060,1,90,1.81,5030,5070,5000,49806,251366190,408043384100,80640985,STK
660,206650,KR7206650004,유바이오로직스,KOSDAQ,우량기업부,11110,1,480,4.52,10680,11110,10680,47480,520253020,407995940770,36723307,KSQ
661,234340,KR7234340008,헥토파이낸셜,KOSDAQ,우량기업부,29150,1,900,3.19,28550,29500,28500,31164,899980025,407244622400,13970656,KSQ
662,170900,KR7170900005,동아에스티,KOSPI,,41650,1,1150,2.84,41300,41650,41250,813,33673300,405163661350,9727819,STK
663,441270,KR7441270006,파인엠텍,KOSDAQ,벤처기업부,9700,3,0,0.0,9710,9740,9520,21444,206556260,404792756400,41731212,KSQ
664,219130,KR7219130002,타이거일렉,KOSDAQ,벤처기업부,64000,2,-3800,-5.6,67500,67500,64000,3872,251936400,404114560000,6314290,KSQ
665,417840,KR7417840006,저스템,KOSDAQ,벤처기업부,17820,2,-290,-1.6,18310,18750,17780,219161,3976543090,403871250420,22663931,KSQ
666,098070,KR7098070006,한텍,KOSDAQ,중견기업부,36100,1,450,1.26,36200,36600,36050,2493,90461400,401473190100,11121141,KSQ
667,058430,KR7058430000,포스코스틸리온,KOSPI,,6680,1,220,3.41,6600,6730,6590,33663,224698750,400800000000,60000000,STK
668,078020,KR7078020005,LS증권,KOSDAQ,우량기업부,7200,1,70,0.98,7180,7250,7130,7129,51503785,399464568000,55481190,KSQ
669,389650,KR7389650003,넥스트바이오메디컬,KOSDAQ,기술성장기업부,48200,1,2200,4.78,46050,48300,46050,9608,459327200,398965185200,8277286,KSQ
670,484590,KR7484590005,삼양컴텍,KOSDAQ,벤처기업부,9680,1,230,2.43,9490,9770,9490,17813,172104300,398917156000,41210450,KSQ
671,203650,KR7203650007,드림시큐리티,KOSDAQ,중견기업부,3905,1,760,24.17,3800,3960,3710,6269276,24208566709,394785034600,101097320,KSQ
672,452430,KR7452430002,사피엔반도체,KOSDAQ,기술성장기업부,47725,2,-1025,-2.1,49350,49450,46600,17030,820676575,393989967225,8255421,KSQ
673,002810,KR7002810000,삼영무역,KOSPI,,21300,1,300,1.43,21150,21350,21150,364,7731350,393345992400,18466948,STK
674,192650,KR7192650000,드림텍,KOSPI,,5690,1,130,2.34,5550,5690,5550,10188,57397250,392463192310,68974199,STK
675,025860,KR7025860008,남해화학,KOSPI,,7895,1,75,0.96,7910,7980,7860,57597,456417850,392214465485,49678843,STK
676,042370,KR7042370007,비츠로테크,KOSDAQ,우량기업부,14960,1,610,4.25,14700,15150,14560,70832,1054346930,391952374000,26200025,KSQ
677,097520,KR7097520001,엠씨넥스,KOSPI,,22500,1,550,2.51,22200,22550,22200,2434,54403750,391533750000,17401500,STK
678,160980,KR7160980009,싸이맥스,KOSDAQ,우량기업부,35550,1,900,2.6,34650,36000,34650,4267,150846100,388356838650,10924243,KSQ
679,005610,KR7005610001,삼립,KOSPI,,44900,1,950,2.16,44600,44950,44600,86,3841350,387442504100,8629009,STK
680,029460,KR7029460003,케이씨,KOSPI,,35150,1,700,2.03,34900,35150,34550,496,17310150,387371805250,11020535,STK
681,200880,KR7200880003,서연이화,KOSPI,,14300,2,-20,-0.14,14200,14480,14120,8054,114950720,386506649100,27028437,STK
682,064820,KR7064820004,케이프,KOSDAQ,우량기업부,12510,1,70,0.56,12550,12660,12500,13845,174156430,386061289650,30860215,KSQ
683,091810,KR7091810002,트리니티항공,KOSPI,,929,1,24,2.65,920,936,920,76726,71389658,383648651565,412969485,STK
684,304360,KR7304360001,에스바이오메딕스,KOSDAQ,벤처기업부,30950,1,2450,8.6,29800,30950,29250,10876,329224150,383319711600,12385128,KSQ
685,241770,KR7241770007,메카로,KOSDAQ,우량기업부,37250,2,-250,-0.67,36900,38200,36900,469,17550700,379675840000,10192640,KSQ
686,105630,KR7105630008,한세실업,KOSPI,,9450,1,120,1.29,9350,9450,9160,8068,75524100,378000000000,40000000,STK
687,009290,KR7009290008,광동제약,KOSPI,,7590,1,320,4.4,7320,7640,7320,33062,249305550,377980542720,49799808,STK
688,011760,KR7011760006,현대코퍼레이션,KOSPI,,28550,1,1250,4.58,27700,28800,27700,2957,84020800,377686979300,13228966,STK
689,085910,KR7085910008,네오티스,KOSDAQ,중견기업부,27050,1,600,2.27,26500,27700,26500,11825,319557500,376936826900,13934818,KSQ
690,220100,KR7220100002,퓨쳐켐,KOSDAQ,기술성장기업부,16740,1,1140,7.31,15800,16760,15800,20315,332360130,375435010800,22427420,KSQ
691,183190,KR7183190008,아세아시멘트,KOSPI,,10270,1,100,0.98,10260,10380,10220,2166,22279620,374921015560,36506428,STK
692,101730,KR7101730000,위메이드맥스,KOSDAQ,중견기업부,4435,1,150,3.5,4350,4435,4325,6843,30044985,371667573410,83803286,KSQ
693,036890,KR7036890002,진성티이씨,KOSDAQ,우량기업부,16820,1,530,3.25,16870,17200,16710,31556,536508895,370588718860,22032623,KSQ
694,204620,KR7204620009,글로벌텍스프리,KOSDAQ,우량기업부,5240,1,20,0.38,5220,5330,5210,39553,208414385,368284649200,70283330,KSQ
695,065680,KR7065680001,우주일렉트로,KOSDAQ,우량기업부,39800,1,300,0.76,39650,40250,39550,257,10232700,367770745800,9240471,KSQ
696,086390,KR7086390002,유니테스트,KOSDAQ,중견기업부,17300,1,740,4.47,17000,17510,16940,26783,462445330,365620379800,21134126,KSQ
697,091700,KR7091700005,파트론,KOSDAQ GLOBAL,우량기업부,7290,1,250,3.55,7090,7290,7090,40399,292455280,364500000000,50000000,KSQ
698,089980,KR7089980007,상아프론테크,KOSDAQ,우량기업부,22750,1,850,3.88,22400,22850,22250,7724,174941950,363750591750,15989037,KSQ
699,003800,KR7003800000,에이스침대,KOSDAQ,우량기업부,32750,3,0,0.0,32700,32750,32700,3,98200,363197500000,11090000,KSQ
700,001230,KR7001230002,동국홀딩스,KOSPI,,11400,0,0,0.0,0,0,0,0,0,362525506200,31800483,STK
701,094360,KR7094360005,칩스앤미디어,KOSDAQ,벤처기업부,16990,1,330,1.98,17000,17060,16870,9735,165358220,362467616260,21334174,KSQ
702,298830,KR7298830001,슈어소프트테크,KOSDAQ,우량기업부,6760,1,110,1.65,6760,6880,6650,53736,363302705,361379453240,53458499,KSQ
703,099430,KR7099430001,바이오플러스,KOSDAQ,우량기업부,5860,2,-20,-0.34,5830,5930,5830,30443,178967580,361214630920,61640722,KSQ
704,073490,KR7073490005,LIG아큐버,KOSDAQ,우량기업부,47500,1,4500,10.47,43800,47700,43500,37835,1742226600,361182685000,7603846,KSQ
705,009160,KR7009160003,SIMPAC,KOSPI,,5520,1,120,2.22,5400,5570,5400,10177,56149980,360847743360,65370968,STK
706,064290,KR7064290000,인텍플러스,KOSDAQ,중견기업부,28050,2,-250,-0.88,28000,28450,27550,26967,753301925,360834134100,12863962,KSQ
707,092230,KR7092230002,KPX홀딩스,KOSPI,,85400,1,1300,1.55,84200,85400,84200,69,5861700,360784768400,4224646,STK
708,378340,KR7378340004,필에너지,KOSDAQ,중견기업부,16680,1,770,4.84,16210,17000,16210,12523,209149420,360711371760,21625382,KSQ
709,025770,KR7025770009,한국정보통신,KOSDAQ,우량기업부,9610,1,350,3.78,9790,9820,9360,83613,807905770,359839444310,37444271,KSQ
710,0082N0,KR70082N0008,카나프테라퓨틱스,KOSDAQ,기술성장기업부,27150,1,1650,6.47,25700,27300,25700,11475,309061700,358835577000,13216780,KSQ
711,0001A0,KR70001A0001,덕양에너젠,KOSDAQ,중견기업부,14450,1,800,5.86,13790,14520,13790,63455,904480190,358232767750,24791195,KSQ
712,003720,KR7003720000,삼영,KOSPI,,10530,1,280,2.73,10250,10530,10250,30829,320282770,358020000000,34000000,STK
713,241520,KR7241520006,DSC인베스트먼트,KOSDAQ,중견기업부,13440,1,330,2.52,13120,13520,13120,46406,620550500,357504000000,26600000,KSQ
714,034830,KR7034830000,한국토지신탁,KOSPI,,1412,1,17,1.22,1396,1413,1396,26427,37033649,356514792760,252489230,STK
715,475400,KR7475400008,씨메스로보틱스,KOSDAQ,기술성장기업부,30100,3,0,0.0,30450,30750,29950,6105,184550650,353857466200,11756062,KSQ
716,036170,KR7036170009,에이치엠넥스,KOSDAQ,중견기업부,5750,1,580,11.22,5230,5750,5200,421461,2336350730,352852349500,61365626,KSQ
717,450950,KR7450950001,아스테라시스,KOSDAQ,벤처기업부,9360,1,30,0.32,9350,9360,9330,366,3422360,352194261120,37627592,KSQ
718,005720,KR7005720008,넥센,KOSPI,,6690,1,50,0.75,6650,6830,6650,1018,6855770,351519206130,52543977,STK
719,194370,KR7194370003,제이에스코퍼레이션,KOSPI,,12100,1,170,1.42,11970,12260,11970,1437,17466130,351102771800,29016758,STK
720,228760,KR7228760005,지노믹트리,KOSDAQ,기술성장기업부,14110,1,510,3.75,13650,14120,13650,12591,175256740,350763340220,24859202,KSQ
721,200470,KR7200470003,에이팩트,KOSDAQ,중견기업부,8280,1,100,1.22,8260,8340,8220,16870,139718820,350758130040,42362093,KSQ
722,078150,KR7078150000,HB테크놀러지,KOSDAQ,우량기업부,3780,2,-30,-0.79,3850,3945,3750,241989,934619565,350466162480,92715916,KSQ
723,001390,KR7001390004,KG케미칼,KOSPI,,5210,1,60,1.17,5160,5250,5160,6560,34237800,350284086300,67233030,STK
724,084010,KR7084010008,대한제강,KOSPI,,10160,1,190,1.91,10130,10160,10080,540,5464370,349215415360,34371596,STK
725,035810,KR7035810001,이지홀딩스,KOSDAQ,우량기업부,5400,1,30,0.56,5330,5430,5330,19386,104541400,348387399000,64516185,KSQ
726,016800,KR7016800005,퍼시스,KOSPI,,30250,0,0,0.0,0,0,0,0,0,347875000000,11500000,STK
727,084990,KR7084990001,헬릭스미스,KOSDAQ,기술성장기업부,7500,1,410,5.78,7100,7570,7100,42380,314734320,345695977500,46092797,KSQ
728,125020,KR7125020008,티씨머티리얼즈,KOSDAQ,중견기업부,9860,1,230,2.39,10010,10410,9710,4556150,46102359445,345480103000,35038550,KSQ
729,274090,KR7274090000,켄코아에어로스페이스,KOSDAQ,기술성장기업부,25000,2,-550,-2.15,24900,25950,24300,213391,5392260700,343239450000,13729578,KSQ
730,026890,KR7026890004,스틱인베스트먼트,KOSPI,,8850,1,200,2.31,8740,8890,8740,1695,14982560,343121907450,38770837,STK
731,036200,KR7036200004,유니셈,KOSDAQ,우량기업부,11180,1,180,1.64,11100,11290,11030,34175,381489670,342826013140,30664223,KSQ
732,078340,KR7078340007,컴투스,KOSDAQ GLOBAL,중견기업부,28350,1,850,3.09,27850,28350,27850,5220,147090350,342788723550,12091313,KSQ
733,092460,KR7092460005,한라IMS,KOSDAQ,우량기업부,19970,1,70,0.35,19890,20350,19890,8972,180775610,341680309600,17109680,KSQ
734,078520,KR7078520004,에이블씨엔씨,KOSPI,,13130,1,320,2.5,13000,13200,12980,7128,93423070,341565933930,26014161,STK
735,084690,KR7084690007,대상홀딩스,KOSPI,,9430,2,-50,-0.53,9550,9630,9430,3205,30535650,341484233340,36212538,STK
736,180400,KR7180400004,DXVX,KOSDAQ,관리종목(소속부없음),3465,1,240,7.44,3330,3495,3300,25308,85707370,341057981880,98429432,KSQ
737,448280,KR7448280008,에코아이,KOSDAQ,중견기업부,11470,1,40,0.35,11340,11600,11320,2261,26042190,339869049630,29631129,KSQ
738,200670,KR7200670008,휴메딕스,KOSDAQ,우량기업부,30250,1,750,2.54,29650,30550,29650,2964,89431050,339705382500,11229930,KSQ
739,049070,KR7049070006,인탑스,KOSDAQ,우량기업부,19720,2,-220,-1.1,19870,19880,19660,8354,165130015,339184000000,17200000,KSQ
740,054210,KR7054210000,이랜텍,KOSDAQ,우량기업부,13410,2,-40,-0.3,13430,13720,13290,62878,847818030,339155126100,25291210,KSQ
741,002900,KR7002900009,TYM,KOSPI,,8190,1,120,1.49,8150,8240,8150,14212,116347120,339066000000,41400000,STK
742,02826K,KR702826K016,삼성물산우B,KOSPI,,231000,1,3000,1.32,233500,233500,228000,505,116634500,339013290000,1467590,STK
743,104700,KR7104700000,한국철강,KOSPI,,9300,1,170,1.86,9170,9600,9170,948,8744640,338985000000,36450000,STK
744,200130,KR7200130003,콜마비앤에이치,KOSDAQ GLOBAL,우량기업부,11520,1,350,3.13,11160,11530,11160,9924,113143800,338867228160,29415558,KSQ
745,018250,KR7018250001,애경산업,KOSPI,,12800,1,240,1.91,12600,12800,12600,378,4774020,338047168000,26409935,STK
746,061970,KR7061970000,LB세미콘,KOSDAQ,중견기업부,5820,1,40,0.69,5900,5950,5750,110406,646788795,338043094920,58083006,KSQ
747,069080,KR7069080000,웹젠,KOSDAQ GLOBAL,우량기업부,10840,1,290,2.75,10650,10840,10650,8608,92695530,335677673000,30966575,KSQ
748,092200,KR7092200005,디아이씨,KOSPI,,8620,1,1240,16.8,7960,8660,7700,1235668,10262830375,335219464780,38888569,STK
749,308430,KR7308430008,셀비온,KOSDAQ,기술성장기업부,26100,2,-750,-2.79,26600,27000,25350,19892,518470550,334902411000,12831510,KSQ
750,459510,KR7459510004,나우로보틱스,KOSDAQ,기술성장기업부,25700,2,-900,-3.38,26200,26300,25450,25798,665294875,333544417400,12978382,KSQ
751,114190,KR7114190002,강원에너지,KOSDAQ,중견기업부,12690,1,660,5.49,12700,12790,12500,18670,235717280,331501352220,26123038,KSQ
752,024720,KR7024720005,콜마홀딩스,KOSPI,,9650,1,340,3.65,9510,9860,9510,2598,25170020,330958899350,34296259,STK
753,007690,KR7007690001,국도화학,KOSPI,,35700,1,600,1.71,35350,35750,35350,1017,36041300,330611702400,9260832,STK
754,494120,KR7494120009,큐리오시스,KOSDAQ,기술성장기업부,43400,1,2350,5.72,41500,43600,41500,4418,189194900,330555318800,7616482,KSQ
755,462350,KR7462350000,이노스페이스,KOSDAQ,기술성장기업부,15800,1,270,1.74,15560,16100,15560,52283,829022225,329724859600,20868662,KSQ
756,002310,KR7002310001,아세아제지,KOSPI,,8350,1,130,1.58,8220,8370,8220,3633,30223120,329403408500,39449510,STK
757,144510,KR7144510005,지씨셀,KOSDAQ,중견기업부,20800,1,900,4.52,19920,20800,19920,1994,40751360,328647155200,15800344,KSQ
758,126560,KR7126560002,현대퓨처넷,KOSPI,,3005,1,35,1.18,2975,3010,2975,4459,13341105,328149125200,109201040,STK
759,084850,KR7084850007,아이티엠반도체,KOSDAQ GLOBAL,중견기업부,14450,1,270,1.9,14230,14450,14100,2909,41461190,327768396300,22682934,KSQ
760,0008Z0,KR70008Z0005,에스엔시스,KOSDAQ,벤처기업부,34700,1,750,2.21,34800,35600,34500,5280,184385750,327448770800,9436564,KSQ
761,108670,KR7108670001,LX하우시스,KOSPI,,36450,1,650,1.82,36450,37050,36300,3132,114992950,326871571500,8967670,STK
762,001940,KR7001940006,KISCO홀딩스,KOSPI,,23000,1,250,1.1,23250,23250,22500,184,4213350,326056740000,14176380,STK
763,478340,KR7478340003,나라스페이스테크놀로지,KOSDAQ,기술성장기업부,28250,1,450,1.62,27800,29150,27700,26626,758326100,325823945750,11533591,KSQ
764,236200,KR7236200002,슈프리마,KOSDAQ,우량기업부,46650,1,2000,4.48,45200,47050,45200,7211,333787250,325351608150,6974311,KSQ
765,046120,KR7046120002,오르비텍,KOSDAQ,중견기업부,9580,2,-40,-0.42,9930,10400,9570,99953,984314410,324335048140,33855433,KSQ
766,098120,KR7098120009,마이크로컨텍솔,KOSDAQ,우량기업부,39000,1,4100,11.75,36000,39000,35050,80653,3031898100,324197874000,8312766,KSQ
767,005010,KR7005010004,휴스틸,KOSPI,,5750,1,250,4.55,5550,5780,5550,59759,339436830,323081431250,56188075,STK
768,389260,KR7389260001,대명에너지,KOSDAQ,우량기업부,17990,1,740,4.29,17800,18300,17630,22431,404308600,322314686750,17916325,KSQ
769,012860,KR7012860003,모베이스전자,KOSDAQ,우량기업부,4385,2,-115,-2.56,4490,4500,4330,258849,1136744061,321128708945,73233457,KSQ
770,394800,KR7394800007,쓰리빌리언,KOSDAQ,기술성장기업부,10110,1,790,8.48,9580,10150,9570,34603,340276310,321108522360,31761476,KSQ
771,000650,KR7000650002,천일고속,KOSPI,,224500,1,4000,1.81,224500,225500,220000,1437,320419000,320859890000,1429220,STK
772,136480,KR7136480001,하림,KOSDAQ,우량기업부,3015,1,25,0.84,2990,3025,2990,43853,132079106,320222251530,106209702,KSQ
773,272450,KR7272450008,진에어,KOSPI,,6130,1,70,1.16,6080,6170,6080,11990,73610590,319986000000,52200000,STK
774,187870,KR7187870001,디바이스,KOSDAQ,우량기업부,23200,1,200,0.87,22450,23550,21150,209352,4742493625,319465392000,13770060,KSQ
775,243840,KR7243840006,신흥에스이씨,KOSDAQ,우량기업부,8270,1,270,3.38,8180,8280,8030,59495,485845325,318876603450,38558235,KSQ
776,418550,KR7418550000,제이오,KOSDAQ,기술성장기업부,9920,1,300,3.12,9790,10000,9620,15626,154684080,317615316160,32017673,KSQ
777,286940,KR7286940002,롯데이노베이트,KOSPI,,20900,1,250,1.21,20900,21050,20250,1159,24212000,316203770300,15129367,STK
778,088800,KR7088800008,에이스테크,KOSDAQ,중견기업부,4185,1,265,6.76,3980,4185,3980,79384,326222465,315994426290,75506434,KSQ
779,041920,KR7041920000,메디아나,KOSDAQ,우량기업부,16990,1,620,3.79,16920,17000,16580,3556,60087080,315983808770,18598223,KSQ
780,091580,KR7091580001,상신이디피,KOSDAQ,우량기업부,23700,1,500,2.16,23800,24000,23100,20736,490174375,315878790300,13328219,KSQ
781,394420,KR7394420004,리센스메디컬,KOSDAQ,기술성장기업부,28750,1,1450,5.31,27450,29050,27350,19150,544278700,314379467500,10934938,KSQ
782,018310,KR7018310003,삼목에스폼,KOSDAQ,우량기업부,21350,2,-150,-0.7,21400,21550,21350,8169,174757550,313845000000,14700000,KSQ
783,053030,KR7053030003,바이넥스,KOSDAQ,중견기업부,9600,1,680,7.62,8930,9640,8930,51122,474329210,313768204800,32684188,KSQ
784,001750,KR7001750009,한양증권,KOSPI,,24650,1,550,2.28,24300,24700,24250,542,13244200,313758363100,12728534,STK
785,355150,KR7355150004,코스텍시스,KOSDAQ,벤처기업부,40200,1,400,1.01,39900,41900,38300,52072,2123506925,313453470000,7797350,KSQ
786,064850,KR7064850001,에프앤가이드,KOSDAQ,벤처기업부,27400,1,550,2.05,27250,27450,26550,5524,149315800,312643096800,11410332,KSQ
787,445090,KR7445090004,에이직랜드,KOSDAQ,벤처기업부,28600,2,-50,-0.17,28900,29100,28250,8780,252402650,312473818800,10925658,KSQ
788,011500,KR7011500006,한농화성,KOSPI,,19980,1,790,4.12,19600,19980,19600,13273,262518340,312428099160,15637042,STK
789,199820,KR7199820002,제일일렉트릭,KOSDAQ,우량기업부,14050,3,0,0.0,14470,14490,13850,102421,1459092445,312191000000,22220000,KSQ
790,307180,KR7307180000,아이엘,KOSDAQ,벤처기업부,8980,1,430,5.03,8900,9550,8750,1396834,12804877655,311726987540,34713473,KSQ
791,017860,KR7017860008,DS단석,KOSPI,,17450,1,560,3.32,17260,17590,17250,21030,366423960,309896975550,17759139,STK
792,065660,KR7065660003,안트로젠,KOSDAQ,기술성장기업부,30750,1,1450,4.95,29750,30750,29750,2313,70217600,307687575000,10006100,KSQ
793,217730,KR7217730001,강스템바이오텍,KOSDAQ,기술성장기업부,3265,1,205,6.7,3060,3305,3060,106883,344907345,307086796485,94054149,KSQ
794,024840,KR7024840001,KBI메탈,KOSDAQ,중견기업부,7620,1,730,10.6,7580,8180,7450,5029118,39273789505,306542351100,40228655,KSQ
795,033270,KR7033270000,유나이티드제약,KOSPI,,19250,1,220,1.16,19050,19250,19050,300,5720280,306282418750,15910775,STK
796,194700,KR7194700001,노바렉스,KOSDAQ,우량기업부,16750,1,80,0.48,16670,17250,16670,9228,156286300,305768704000,18254848,KSQ
797,314930,KR7314930009,바이오다인,KOSDAQ,기술성장기업부,10250,1,520,5.34,9740,10280,9740,4772,47889340,305082055750,29764103,KSQ
798,001250,KR7001250000,GS글로벌,KOSPI,,3685,1,125,3.51,3585,3700,3585,96870,353585389,304136920340,82533764,STK
799,043150,KR7043150002,바텍,KOSDAQ,우량기업부,20400,1,400,2.0,20350,20500,20300,1005,20524500,303026822400,14854256,KSQ
800,005500,KR7005500004,삼진제약,KOSPI,,22700,1,200,0.89,22950,23100,22500,48451,1103672450,302364000000,13320000,STK
801,318060,KR7318060001,그래피,KOSDAQ,기술성장기업부,27050,1,850,3.24,26200,27100,26150,8739,235132050,302234437850,11173177,KSQ
802,000680,KR7000680009,LS네트웍스,KOSPI,,3825,1,50,1.32,3815,3965,3815,115811,450018625,301421536200,78803016,STK
803,014940,KR7014940001,오리엔탈정공,KOSDAQ,우량기업부,6610,1,60,0.92,6670,6720,6600,26364,175232590,301241899210,45573661,KSQ
804,036710,KR7036710002,심텍홀딩스,KOSDAQ,중견기업부,5690,1,590,11.57,5190,5700,5000,1100852,5908557960,300589920260,52827754,KSQ
805,418420,KR7418420006,라온텍,KOSDAQ,기술성장기업부,9740,1,540,5.87,9520,9830,9330,133533,1286821790,299027087420,30700933,KSQ
806,0015G0,KR70015G0009,그린광학,KOSDAQ,기술성장기업부,25550,1,1050,4.29,25050,25800,24850,24026,613157900,298999922550,11702541,KSQ
807,017390,KR7017390006,서울가스,KOSPI,,60400,1,400,0.67,60100,60400,60000,106,6376500,298980000000,4950000,STK
808,060720,KR7060720000,KH바텍,KOSDAQ,중견기업부,12610,1,110,0.88,12520,12660,12500,10117,127336760,298572543620,23677442,KSQ
809,108860,KR7108860008,셀바스AI,KOSDAQ,벤처기업부,11080,1,540,5.12,11200,11200,10920,43464,481233395,298215873200,26914790,KSQ
810,058970,KR7058970005,엠로,KOSDAQ,기술성장기업부,24050,1,1550,6.89,23050,24100,22950,8149,192585600,297325195700,12362794,KSQ
811,402490,KR7402490007,그린리소스,KOSDAQ,기술성장기업부,17470,1,830,4.99,17300,17510,17000,152663,2642664950,295858240990,16935217,KSQ
812,151860,KR7151860004,KG에코솔루션,KOSDAQ,우량기업부,6200,1,20,0.32,6180,6270,6180,4946,30708860,295138612400,47603002,KSQ
813,123890,KR7123890006,한국자산신탁,KOSPI,,2405,1,40,1.69,2365,2410,2365,23020,54647355,294309292030,122373926,STK
814,051500,KR7051500007,CJ프레시웨이,KOSDAQ,우량기업부,24700,1,500,2.07,24250,24700,24250,438,10763150,293228174200,11871586,KSQ
815,451760,KR7451760003,컨텍,KOSDAQ,기술성장기업부,18320,1,500,2.81,18060,18720,18060,23630,434900165,292969849280,15991804,KSQ
816,004380,KR7004380002,삼익THK,KOSPI,,14140,1,40,0.28,14090,14170,13890,23982,336663160,292698000000,20700000,STK
817,092730,KR7092730001,네오팜,KOSDAQ,우량기업부,18250,1,250,1.39,18010,18250,18010,1895,34260285,292510799250,16027989,KSQ
818,382800,KR7382800001,지앤비에스 에코,KOSDAQ,우량기업부,9170,1,850,10.22,8500,9440,8500,498886,4542378720,291890645970,31831041,KSQ
819,900140,KYG5307W1015,엘브이엠씨홀딩스,KOSPI,,1510,2,-15,-0.98,1541,1562,1510,12253,18856619,291793052320,193240432,STK
820,128820,KR7128820008,대성산업,KOSPI,,6450,1,150,2.38,6350,6470,6350,18435,118189980,291768833100,45235478,STK
821,112290,KR7112290002,와이씨켐,KOSDAQ,기술성장기업부,14410,2,-150,-1.03,14730,14730,14330,45990,667999465,291385906900,20221090,KSQ
822,474650,KR7474650009,링크솔루션,KOSDAQ,기술성장기업부,50500,2,-100,-0.2,51200,51700,49900,7866,397394600,290228903500,5747107,KSQ
823,036800,KR7036800001,나이스정보통신,KOSDAQ,우량기업부,29000,1,800,2.84,28750,29200,28700,4032,116316000,290000000000,10000000,KSQ
824,051360,KR7051360006,토비스,KOSDAQ,우량기업부,19430,1,150,0.78,19440,19580,19330,4465,86855590,289853689490,14917843,KSQ
825,389020,KR7389020009,자람테크놀로지,KOSDAQ,기술성장기업부,41800,1,1250,3.08,42000,42550,41300,11690,490735225,288632427600,6905082,KSQ
826,416180,KR7416180008,신성에스티,KOSDAQ,벤처기업부,31900,1,1000,3.24,31650,32000,31150,4516,143598200,288368918200,9039778,KSQ
827,093520,KR7093520005,매커스,KOSDAQ,우량기업부,24200,1,250,1.04,24250,24400,24200,711,17278300,288024455400,11901837,KSQ
828,096760,KR7096760004,JW홀딩스,KOSPI,,3895,1,70,1.83,3865,3915,3800,6249,24125275,287937649090,73924942,STK
829,003920,KR7003920006,남양유업,KOSPI,,47850,1,50,0.1,47850,47850,47850,13,622050,287100000000,6000000,STK
830,338840,KR7338840002,와이바이오로직스,KOSDAQ,기술성장기업부,18670,1,610,3.38,17750,18670,17750,30146,551530500,286895934270,15366681,KSQ
831,023410,KR7023410004,유진기업,KOSDAQ,중견기업부,3705,1,30,0.82,3675,3750,3675,3983,14761760,286436747415,77310863,KSQ
832,035600,KR7035600006,KG이니시스,KOSDAQ,우량기업부,10350,1,210,2.07,10240,10400,10240,8916,92298030,285188391900,27554434,KSQ
833,472850,KR7472850007,폰드그룹,KOSDAQ,중견기업부,4945,1,35,0.71,4910,4990,4910,119,590410,284691819140,57571652,KSQ
834,004430,KR7004430005,송원산업,KOSPI,,11840,1,210,1.81,11850,11970,11740,10588,125720330,284160000000,24000000,STK
835,365270,KR7365270008,큐라클,KOSDAQ,기술성장기업부,12940,2,-60,-0.46,13010,13180,12750,27089,349513960,283703884040,21924566,KSQ
836,095500,KR7095500005,미래나노텍,KOSDAQ,우량기업부,9130,1,320,3.63,9020,9170,8980,14701,133469320,283121290870,31009999,KSQ
837,232530,KR7232530006,이엠티,KONEX,일반기업부,11020,1,870,8.57,10140,11020,10140,1351,14796820,282269630080,25614304,KNX
838,052710,KR7052710001,아모텍,KOSDAQ,중견기업부,19290,2,-230,-1.18,19790,20200,18850,91784,1787030465,281876012340,14612546,KSQ
839,215000,KR7215000001,골프존,KOSDAQ GLOBAL,우량기업부,44800,1,650,1.47,44300,44800,44300,2493,110972050,281138592000,6275415,KSQ
840,488280,KR7488280009,에스투더블유,KOSDAQ,기술성장기업부,25950,1,2450,10.43,26050,26050,24800,84671,2149727900,280350461700,10803486,KSQ
841,352480,KR7352480008,씨앤씨인터내셔널,KOSDAQ,우량기업부,20550,1,550,2.75,20100,20750,20100,6247,127973950,280094465550,13629901,KSQ
842,432720,KR7432720001,퀄리타스반도체,KOSDAQ,기술성장기업부,19740,1,660,3.46,19210,19930,19160,110534,2168232020,280062671280,14187572,KSQ
843,049630,KR7049630007,재영솔루텍,KOSDAQ,우량기업부,11970,1,170,1.44,11810,11980,11650,63271,748667650,279852758640,23379512,KSQ
844,054950,KR7054950001,제이브이엠,KOSDAQ,우량기업부,23000,3,0,0.0,23000,23150,22950,1596,36709700,278067516000,12089892,KSQ
845,037710,KR7037710001,광주신세계,KOSPI,,36450,1,150,0.41,36000,36500,36000,252,9152900,278010419400,7627172,STK
846,272110,KR7272110008,케이엔제이,KOSDAQ,우량기업부,34550,1,950,2.83,34300,34700,33800,6496,223548350,277277397250,8025395,KSQ
847,334890,KR7334890001,이지스밸류플러스리츠,KOSPI,,3990,1,55,1.4,3950,3990,3940,1526,6032495,277100245170,69448683,STK
848,322310,KR7322310004,오로스테크놀로지,KOSDAQ,벤처기업부,29550,1,700,2.43,28900,30450,28500,80380,2391162150,276781316100,9366542,KSQ
849,321550,KR7321550006,티움바이오,KOSDAQ,기술성장기업부,9210,2,-340,-3.56,10230,10700,9210,101818,1011798430,276654354750,30038475,KSQ
850,000490,KR7000490003,대동,KOSPI,,9590,1,190,2.02,9450,9660,9450,21769,209320280,276449635350,28826865,STK
851,000050,KR7000050005,경방,KOSPI,,10070,1,160,1.61,9940,10100,9940,6404,64277000,276071768900,27415270,STK
852,002320,KR7002320000,한진,KOSPI,,17750,1,240,1.37,17650,18230,17650,1075,19060240,275455434000,15518616,STK
853,094480,KR7094480001,갤럭시아머니트리,KOSDAQ,우량기업부,7010,1,190,2.79,6860,7050,6860,15755,109939210,275001164380,39229838,KSQ
854,001340,KR7001340009,PKC,KOSPI,,6110,1,300,5.16,5820,6120,5810,26879,161682280,274786545280,44973248,STK
855,244920,KR7244920005,에이플러스에셋,KOSPI,,12130,1,200,1.68,12230,12230,11850,5817,70114340,274231316090,22607693,STK
856,006805,KR7006801005,미래에셋증권우,KOSPI,,19480,1,310,1.62,19900,19900,19400,4185,82088690,274195610000,14075750,STK
857,088260,KR7088260005,이리츠코크렙,KOSPI,,4325,1,75,1.76,4255,4345,4255,1803,7793450,273952376750,63341590,STK
858,004360,KR7004360004,세방,KOSPI,,14330,1,160,1.13,14280,14330,14250,2254,32228340,273926590990,19115603,STK
859,012210,KR7012210001,삼미금속,KOSDAQ,중견기업부,12340,1,160,1.31,12360,12530,12220,32740,406055980,273849428080,22192012,KSQ
860,000430,KR7000430009,대원강업,KOSPI,,4407,1,122,2.85,4325,4420,4325,23206,101531309,273234000000,62000000,STK
861,357550,KR7357550003,석경에이티,KOSDAQ,기술성장기업부,50000,1,700,1.42,49350,50100,49350,271,13442700,272750000000,5455000,KSQ
862,439090,KR7439090002,마녀공장,KOSDAQ,우량기업부,16620,1,110,0.67,16800,16860,16560,31061,517024170,272455981200,16393260,KSQ
863,043370,KR7043370006,피에이치에이,KOSDAQ,우량기업부,12940,1,40,0.31,13040,13090,12330,2001,25691710,271740000000,21000000,KSQ
864,003520,KR7003520004,영진약품,KOSPI,,1480,1,50,3.5,1431,1480,1431,31477,45902120,270681241880,182892731,STK
865,067390,KR7067390005,아스트,KOSDAQ,중견기업부,649,1,16,2.53,635,651,635,214090,137813531,269437268771,415157579,KSQ
866,003120,KR7003120003,일성아이에스,KOSPI,,20250,1,200,1.0,20250,20250,20250,4,81000,269325000000,13300000,STK
867,475560,KR7475560009,더본코리아,KOSPI,,18160,1,110,0.61,18100,18180,18100,697,12651790,269275935200,14827970,STK
868,100120,KR7100120005,뷰웍스,KOSDAQ,우량기업부,30000,1,1100,3.81,29300,30150,29300,8956,266898050,269142330000,8971411,KSQ
869,0088M0,KR70088M0003,메쥬,KOSDAQ,기술성장기업부,27200,1,1650,6.46,26550,27350,26400,32404,871819250,268783600000,9881750,KSQ
870,309710,KR7309710002,아이티켐,KOSDAQ,관리종목(소속부없음),21000,0,0,0.0,0,0,0,0,0,268443021000,12783001,KSQ
871,900290,HK0000307485,GRT,KOSDAQ,외국기업(소속부없음),3280,1,105,3.31,3175,3285,3165,44513,145052205,268304000000,81800000,KSQ
872,051370,KR7051370005,인터플렉스,KOSDAQ,우량기업부,11460,1,130,1.15,11340,11560,11210,6706,76625910,267332829120,23327472,KSQ
873,267980,KR7267980001,매일유업,KOSDAQ,우량기업부,34800,1,450,1.31,34700,35000,34700,389,13531050,266694602400,7663638,KSQ
874,190510,KR7190510008,나무가,KOSDAQ,우량기업부,18880,1,530,2.89,18510,18940,18460,5428,101621220,265930784960,14085317,KSQ
875,001460,KR7001460005,BYC,KOSPI,,42550,1,750,1.79,42100,42550,42100,42,1771400,265773682500,6246150,STK
876,182400,KR7182400002,엔케이젠바이오텍코리아,KOSDAQ,관리종목(소속부없음),3670,0,0,0.0,0,0,0,0,0,265496721770,72342431,KSQ
877,005680,KR7005680004,삼영전자,KOSPI,,13250,1,440,3.43,12820,13380,12820,1744,22979290,265000000000,20000000,STK
878,0007C0,KR70007C0003,아크릴,KOSDAQ,기술성장기업부,32950,1,1550,4.94,31900,33200,31400,31892,1035294725,264599175800,8030324,KSQ
879,037270,KR7037270006,YG PLUS,KOSPI,,4150,1,45,1.1,4105,4220,4105,62313,259887195,264201906500,63663110,STK
880,003960,KR7003960002,사조대림,KOSPI,,28800,1,300,1.05,28800,29150,28800,252,7289050,263936649600,9164467,STK
881,008490,KR7008490005,서흥,KOSPI,,22800,1,400,1.79,22550,22900,22550,1257,28608000,263775776400,11569113,STK
882,251370,KR7251370003,와이엠티,KOSDAQ,벤처기업부,14640,1,110,0.76,14770,14800,14530,16214,237231790,263713438320,18013213,KSQ
883,138610,KR7138610001,나이벡,KOSDAQ,기술성장기업부,23150,1,750,3.35,22400,23200,22400,6279,144024150,263164407950,11367793,KSQ
884,004560,KR7004560009,현대비앤지스틸,KOSPI,,17430,1,430,2.53,17110,17740,17110,12963,225222730,262823675730,15078811,STK
885,099440,KR7099440000,스맥,KOSDAQ,중견기업부,3850,2,-20,-0.52,3870,3900,3840,83446,321412715,262737066900,68243394,KSQ
886,023760,KR7023760002,한국캐피탈,KOSDAQ,우량기업부,832,2,-4,-0.48,836,840,831,17813,14837120,262587167232,315609576,KSQ
887,419530,KR7419530001,SAMG엔터,KOSDAQ,기술성장기업부,26150,1,1800,7.39,24650,26200,24650,25021,637117000,262271085050,10029487,KSQ
888,019010,KR7019010008,베뉴지,KOSDAQ,중견기업부,5440,2,-80,-1.45,5470,5530,5430,7688,41986280,262208000000,48200000,KSQ
889,290690,KR7290690007,소룩스,KOSDAQ,중견기업부,5300,1,120,2.32,5330,5340,5010,415235,2141002170,261487393200,49337244,KSQ
890,012610,KR7012610002,경인양행,KOSPI,,6280,1,480,8.28,5900,6390,5890,355585,2212814365,261350772200,41616365,STK
891,101360,KR7101360006,에코앤드림,KOSDAQ,벤처기업부,14690,1,750,5.38,14000,14690,14000,12291,177828230,261278014660,17786114,KSQ
892,115450,KR7115450009,HLB테라퓨틱스,KOSDAQ,중견기업부,2945,1,150,5.37,2830,2950,2830,75555,219970150,260868421005,88580109,KSQ
893,017890,KR7017890005,한국알콜,KOSDAQ,우량기업부,12200,1,220,1.84,12100,12250,11970,1774,21436120,259536773200,21273506,KSQ
894,000540,KR7000540005,흥국화재,KOSPI,,4030,1,85,2.15,4000,4060,4000,5608,22527825,258897859350,64242645,STK
895,054450,KR7054450002,텔레칩스,KOSDAQ,중견기업부,17055,1,535,3.24,16850,17360,16700,43680,744520810,258284893815,15144233,KSQ
896,226320,KR7226320000,잇츠한불,KOSPI,,11740,1,270,2.35,11680,11740,11680,1834,21464270,257450158100,21929315,STK
897,294570,KR7294570007,쿠콘,KOSDAQ,우량기업부,25500,1,300,1.19,25500,25650,25500,1474,37610800,257339166000,10091732,KSQ
898,092070,KR7092070002,디엔에프,KOSDAQ,중견기업부,22200,1,800,3.74,21450,22200,21450,4745,104454550,256895247600,11571858,KSQ
899,003070,KR7003070000,코오롱글로벌,KOSPI,,10100,1,250,2.54,9920,10180,9920,1682,16998710,256781985900,25423959,STK
900,003200,KR7003200003,일신방직,KOSPI,,11180,1,140,1.27,11050,11220,11050,321,3582580,256692800000,22960000,STK
901,034120,KR7034120006,SBS,KOSPI,,13830,1,110,0.8,13750,13830,13750,183,2522560,256563621540,18551238,STK
902,121800,KR7121800007,비덴트,KOSDAQ,관리종목(소속부없음),3320,0,0,0.0,0,0,0,0,0,256309348520,77201611,KSQ
903,053690,KR7053690004,한미글로벌,KOSPI,,23350,1,750,3.32,23150,23450,23050,20070,466006800,255858792500,10957550,STK
904,000320,KR7000320002,노루홀딩스,KOSPI,,19230,1,280,1.48,19440,19440,19220,36,693050,255588833730,13291151,STK
905,134380,KR7134380005,미원화학,KOSPI,,11580,3,0,0.0,11580,11580,11580,2,23160,254675234400,21992680,STK
906,950170,KR8392080006,JTC,KOSDAQ,외국기업(소속부없음),4920,1,90,1.86,4840,4920,4840,3565,17457110,254592032160,51746348,KSQ
907,119610,KR7119610004,인터로조,KOSDAQ,우량기업부,22300,1,350,1.59,21500,22550,21200,18136,400264875,254526558100,11413747,KSQ
908,136490,KR7136490000,선진,KOSPI,,10700,2,-10,-0.09,10680,10830,10680,2417,26009940,254441762800,23779604,STK
909,044450,KR7044450005,KSS해운,KOSPI,,10980,1,200,1.86,10760,10980,10630,7350,79376270,253482962400,23085880,STK
910,377460,KR7377460001,큐에이드,KOSDAQ,관리종목(소속부없음),4080,0,0,0.0,0,0,0,0,0,253187202960,62055687,KSQ
911,083310,KR7083310003,엘오티베큠,KOSDAQ,우량기업부,14190,1,460,3.35,13770,14470,13760,18794,267536800,252724368270,17810033,KSQ
912,067080,KR7067080002,대화제약,KOSDAQ,중견기업부,13570,1,370,2.8,13250,13680,13250,8770,118842570,252627940500,18616650,KSQ
913,484810,KR7484810007,티엑스알로보틱스,KOSDAQ,벤처기업부,16340,2,-230,-1.39,16570,16570,16340,4634,76158070,252467951100,15450915,KSQ
914,211270,KR7211270004,AP위성,KOSDAQ,우량기업부,16720,1,560,3.47,16170,16910,16170,44057,733294360,252176122880,15082304,KSQ
915,064550,KR7064550007,바이오니아,KOSDAQ,중견기업부,9770,1,320,3.39,9590,9860,9580,40017,390101170,252166543070,25810291,KSQ
916,001780,KR7001780006,알루코,KOSPI,,2600,1,75,2.97,2575,2610,2550,61009,157610560,251758343200,96830132,STK
917,018000,KR7018000000,유니슨,KOSDAQ,중견기업부,1007,1,38,3.92,979,1037,979,742203,754048173,251005417151,249260593,KSQ
918,0030R0,KR70030R0007,대신밸류리츠,KOSPI,,4190,2,-10,-0.24,4200,4200,4190,44,184790,250478200000,59780000,STK
919,382900,KR7382900009,범한퓨얼셀,KOSDAQ,벤처기업부,28550,1,2200,8.35,28950,29200,28450,29057,837713375,250126550000,8761000,KSQ
920,446540,KR7446540007,메가터치,KOSDAQ,중견기업부,8600,1,120,1.42,8480,8900,8200,104818,908564340,250080354600,29079111,KSQ
921,045390,KR7045390002,대아티아이,KOSDAQ,우량기업부,3540,1,180,5.36,3450,3560,3450,192406,674547655,249475754580,70473377,KSQ
922,138360,KR7138360003,앤로보틱스,KOSDAQ,벤처기업부,3235,2,-10,-0.31,3245,3320,3200,148896,485618175,249068220670,76991722,KSQ
923,011560,KR7011560000,세보엠이씨,KOSDAQ,우량기업부,24000,1,100,0.42,23850,24700,23850,1635,39628700,248400000000,10350000,KSQ
924,009470,KR7009470006,삼화전기,KOSPI,,37400,1,1100,3.03,36900,37450,36750,11934,442369050,247356868000,6613820,STK
925,030210,KR7030210009,다올투자증권,KOSPI,,4040,1,65,1.64,3980,4040,3980,2081,8385050,246080868240,60911106,STK
926,314130,KR7314130006,지놈앤컴퍼니,KOSDAQ,기술성장기업부,5470,1,270,5.19,5220,5500,5220,139573,747709520,244552130950,44707885,KSQ
927,122900,KR7122900004,아이마켓코리아,KOSPI,,7300,1,30,0.41,7300,7300,7260,496,3612800,244030532000,33428840,STK
928,255220,KR7255220006,SG,KOSDAQ,중견기업부,2225,1,40,1.83,2220,2260,2200,115716,257954285,243778346950,109563302,KSQ
929,078070,KR7078070000,유비쿼스홀딩스,KOSDAQ,중견기업부,13820,1,440,3.29,13640,13820,13500,4149,56820880,243297949040,17604772,KSQ
930,206640,KR7206640005,바디텍메드,KOSDAQ,우량기업부,11090,1,330,3.07,10870,11110,10870,1933,21369640,242958843890,21907921,KSQ
931,094820,KR7094820008,일진파워,KOSDAQ,우량기업부,16110,1,560,3.6,16040,16380,16040,64599,1043791545,242918001990,15078709,KSQ
932,461300,KR7461300006,아이스크림미디어,KOSDAQ,벤처기업부,18150,3,0,0.0,18390,18390,18000,1664,30247370,241829383950,13323933,KSQ
933,013890,KR7013890009,지누스,KOSPI,,11010,1,150,1.38,11030,11030,10900,251,2743730,241403201130,21925813,STK
934,432320,KR7432320000,KB스타리츠,KOSPI,,1598,1,41,2.63,1565,1604,1560,27109,43050367,240921327430,150764285,STK
935,033530,KR7033530007,SJG세종,KOSPI,,8650,2,-40,-0.46,8730,8750,8580,19685,170733110,240651312650,27820961,STK
936,061090,KR7061090007,세나테크놀로지,KOSDAQ,중견기업부,43050,1,2200,5.39,42100,43050,42100,3846,164423750,240522502500,5587050,KSQ
937,012200,KR7012200002,계양전기,KOSPI,,8820,2,-120,-1.34,8940,9200,8670,313257,2802455455,240105351780,27222829,STK
938,004310,KR7004310009,현대약품,KOSPI,,7500,1,210,2.88,7290,7590,7290,26590,198613180,240000000000,32000000,STK
939,464080,KR7464080001,에스오에스랩,KOSDAQ,기술성장기업부,13370,1,550,4.29,13390,13450,13220,39727,529884250,239951991650,17947045,KSQ
940,053300,KR7053300000,한국정보인증,KOSDAQ,우량기업부,5910,1,330,5.91,5910,6010,5800,152413,900861685,239893377360,40591096,KSQ
941,304100,KR7304100001,솔트룩스,KOSDAQ,기술성장기업부,19030,1,740,4.05,18630,19030,18630,9551,180294080,239661060650,12593855,KSQ
942,007160,KR7007160005,사조산업,KOSPI,,47850,1,650,1.38,47200,47850,47200,179,8506500,239250000000,5000000,STK
943,123860,KR7123860009,아나패스,KOSDAQ,우량기업부,19730,1,1010,5.4,19450,20500,19430,92484,1847390750,239194977950,12123415,KSQ
944,005710,KR7005710009,대원산업,KOSDAQ,우량기업부,11930,1,340,2.93,11800,12000,11800,3146,37407440,239048568000,20037600,KSQ
945,372170,KR7372170001,윤성에프앤씨,KOSDAQ,우량기업부,29900,1,1150,4.0,29950,29950,29400,675,19983850,238573535200,7979048,KSQ
946,036030,KR7036030005,케이티알파,KOSDAQ,우량기업부,4865,1,10,0.21,4855,4865,4845,100,485200,238478811795,49019283,KSQ
947,361390,KR7361390008,제노코,KOSDAQ,벤처기업부,24450,1,200,0.82,24350,24800,24250,6742,165305100,238054515450,9736381,KSQ
948,209640,KR7209640002,와이제이링크,KOSDAQ,중견기업부,8350,2,-120,-1.42,8450,8460,8200,67460,560687825,237500269100,28443146,KSQ
949,042600,KR7042600007,새로닉스,KOSDAQ,중견기업부,19100,1,1360,7.67,18000,19300,18000,5264,99101780,237290263400,12423574,KSQ
950,102120,KR7102120003,어보브반도체,KOSDAQ,벤처기업부,13270,1,270,2.08,13120,13310,12980,47076,620276490,235950592310,17780753,KSQ
951,126600,KR7126600006,BGF에코머티리얼즈,KOSDAQ,우량기업부,3755,1,80,2.18,3670,3775,3670,19909,74117160,235689705745,62766899,KSQ
952,405100,KR7405100009,큐알티,KOSDAQ,중견기업부,19160,1,170,0.9,18990,19300,18850,5491,105039900,235463007160,12289301,KSQ
953,010580,KR7010580009,에스엠벡셀,KOSPI,,2115,1,35,1.68,2065,2115,2065,7772,16267801,235297472400,111251760,STK
954,092220,KR7092220003,KEC,KOSPI,,5860,1,30,0.51,5880,5930,5630,226396,1314043515,235294400080,40152628,STK
955,232680,KR7232680009,라온로보틱스,KOSDAQ,기술성장기업부,17935,2,-365,-1.99,18310,18700,17820,494541,9020322785,235234545315,13115949,KSQ
956,004980,KR7004980009,성신양회,KOSPI,,9580,1,280,3.01,9400,9620,9400,16306,155486010,234863979340,24516073,STK
957,241590,KR7241590009,화승엔터프라이즈,KOSPI,,3875,1,115,3.06,3790,3875,3785,22010,84306285,234783444500,60589276,STK
958,035510,KR7035510007,신세계 I&C,KOSPI,,16790,1,420,2.57,16500,16890,16500,19447,326087790,234739311000,13980900,STK
959,126700,KR7126700004,하이비젼시스템,KOSDAQ,우량기업부,15700,1,310,2.01,15400,15890,15400,2256,35290780,234591158400,14942112,KSQ
960,001790,KR7001790005,대한제당,KOSPI,,2710,1,55,2.07,2670,2710,2670,22205,59913490,233715589650,86241915,STK
961,005430,KR7005430004,한국공항,KOSPI,,73700,1,300,0.41,72000,74300,72000,789,57842000,233360363500,3166355,STK
962,348950,KR7348950007,제이알글로벌리츠,KOSPI,,1182,0,0,0.0,0,0,0,0,0,233298432000,197376000,STK
963,199430,KR7199430000,케이엔알시스템,KOSDAQ,기술성장기업부,20900,1,350,1.7,21500,21500,20000,9032,189390225,232910498700,11144043,KSQ
964,489500,KR7489500009,엘케이켐,KOSDAQ,벤처기업부,36350,1,850,2.39,36200,36650,35300,28530,1025892700,232321501300,6391238,KSQ
965,159010,KR7159010008,아스플로,KOSDAQ,벤처기업부,17410,1,610,3.63,16850,17460,16850,11373,196091125,232157805990,13334739,KSQ
966,226590,KR7226590008,엠디바이스,KOSDAQ,기술성장기업부,21600,1,500,2.37,21450,21750,21000,19629,420375325,231482534400,10716784,KSQ
967,377190,KR7377190004,디앤디플랫폼리츠,KOSPI,,2615,1,20,0.77,2570,2625,2570,9539,24724350,231166000000,88400000,STK
968,256840,KR7256840000,한국비엔씨,KOSDAQ,우량기업부,3370,1,145,4.5,3230,3380,3230,82172,274297330,230490765820,68394886,KSQ
969,013120,KR7013120001,동원개발,KOSDAQ,우량기업부,2530,1,25,1.0,2515,2555,2515,3633,9191255,229744493000,90808100,KSQ
970,032580,KR7032580003,피델릭스,KOSDAQ,중견기업부,6930,1,420,6.45,7030,7440,6420,1254277,8812971130,229605203520,33132064,KSQ
971,474170,KR7474170008,루미르,KOSDAQ,기술성장기업부,12880,1,250,1.98,12640,13130,12550,41103,528306740,229491924480,17817696,KSQ
972,033920,KR7033920000,무학,KOSPI,,8050,1,40,0.5,8080,8080,8010,1180,9482160,229425000000,28500000,STK
973,003555,KR7003551009,LG우,KOSPI,,76000,2,-1000,-1.3,76900,76900,74900,3415,259100000,228851124000,3011199,STK
974,210980,KR7210980009,SK디앤디,KOSPI,,12290,1,70,0.57,12190,12290,12180,1560,19069310,228807624780,18617382,STK
975,457550,KR7457550002,우진엔텍,KOSDAQ,중견기업부,24500,1,700,2.94,24300,25000,24300,8821,217632750,228314471000,9318958,KSQ
976,353810,KR7353810005,이지바이오,KOSDAQ,우량기업부,6890,2,-40,-0.58,7000,7000,6860,12443,85776680,227934428800,33081920,KSQ
977,214180,KR7214180002,헥토이노베이션,KOSDAQ,우량기업부,17540,1,320,1.86,17490,17590,17350,3719,65161360,227903657180,12993367,KSQ
978,357880,KR7357880004,SKAI,KOSDAQ,기술성장기업부,4380,2,-125,-2.77,4505,4570,4375,416190,1855959413,227749505520,51997604,KSQ
979,298690,KR7298690009,에어부산,KOSPI,,1951,1,41,2.15,1950,1955,1922,6154,11986448,227564640000,116640000,STK
980,001630,KR7001630003,종근당홀딩스,KOSPI,,45400,1,250,0.55,45150,45950,45150,100,4533750,227447689400,5009861,STK
981,009680,KR7009680000,모토닉,KOSPI,,10460,1,90,0.87,10510,10510,10400,43,449860,227328163240,21733094,STK
982,404990,KR7404990004,신한서부티엔디리츠,KOSPI,,3710,1,40,1.09,3770,3845,3655,1240,4590265,227172886640,61232584,STK
983,084680,KR7084680008,이월드,KOSPI,,1595,1,35,2.24,1560,1598,1560,59236,94069051,226180877835,141806193,STK
984,108380,KR7108380007,대양전기공업,KOSDAQ,우량기업부,23600,1,500,2.16,23500,23800,23500,1747,41350250,225789058800,9567333,KSQ
985,000480,KR7000480004,CR홀딩스,KOSPI,,4815,1,40,0.84,4800,4835,4800,377,1817115,225777709350,46890490,STK
986,035150,KR7035150002,백산,KOSPI,,11260,1,20,0.18,11400,11400,11260,104,1173470,225524749660,20028841,STK
987,068930,KR7068930007,디지털대성,KOSDAQ,우량기업부,8140,3,0,0.0,8210,8220,8140,1327,10877280,225277283880,27675342,KSQ
988,025000,KR7025000001,KPX케미칼,KOSPI,,51400,1,200,0.39,50900,51600,50900,60,3060200,225065642600,4378709,STK
989,03473K,KR703473K016,SK우,KOSPI,,395500,1,1500,0.38,394500,399000,394500,141,55866000,223906392500,566135,STK
990,122990,KR7122990005,와이솔,KOSDAQ,중견기업부,8400,3,0,0.0,8440,8520,8350,41007,345934010,223768280400,26639081,KSQ
991,176750,KR7176750008,듀켐바이오,KOSDAQ,기술성장기업부,7840,1,220,2.89,7650,7990,7650,501,3892710,223351564800,28488720,KSQ
992,011690,KR7011690005,와이투솔루션,KOSPI,,6080,1,110,1.84,6100,6150,6030,30087,183214040,223162715520,36704394,STK
993,102460,KR7102460003,이연제약,KOSPI,,12000,1,260,2.21,11770,12280,11770,18129,219119350,223041732000,18586811,STK
994,086820,KR7086820008,바이오솔루션,KOSDAQ,기술성장기업부,8600,1,200,2.38,8530,8670,8310,10021,85249290,222947131000,25924085,KSQ
995,308080,KR7308080001,바이젠셀,KOSDAQ,기술성장기업부,10860,1,1190,12.31,9900,11270,9890,280855,3013130680,222621963600,20499260,KSQ
996,264850,KR7264850009,이랜시스,KOSDAQ,중견기업부,7310,2,-30,-0.41,7330,7490,7270,174982,1286351155,221453613720,30294612,KSQ
997,003650,KR7003650009,미창석유,KOSPI,,127000,1,1000,0.79,126000,127000,126000,197,24834200,220938344000,1739672,STK
998,034810,KR7034810002,해성산업,KOSDAQ,중견기업부,6960,1,70,1.02,6910,6990,6910,3919,27275130,219797857920,31580152,KSQ
999,388050,KR7388050007,지투파워,KOSDAQ,우량기업부,11730,1,400,3.53,11700,11900,11520,117714,1379260155,219461696010,18709437,KSQ
1000,187790,KR7187790001,나노,KOSDAQ,벤처기업부,7100,1,350,5.19,6880,7120,6880,68888,482640620,218969893000,30840830,KSQ
1001,484120,KR7484120001,도우인시스,KOSDAQ,중견기업부,19970,1,210,1.06,19740,20350,19740,829,16404840,218819717340,10957422,KSQ
1002,010955,KR7010951002,S-Oil우,KOSPI,,54400,1,1100,2.06,53300,55200,53300,993,53884300,218792828800,4021927,STK
1003,051905,KR7051901007,LG생활건강우,KOSPI,,104300,1,600,0.58,103700,104900,103700,264,27517900,218639813700,2096259,STK
1004,487570,KR7487570004,HS효성,KOSPI,,58400,1,1500,2.64,57200,58400,57200,587,33765800,217594136800,3725927,STK
1005,117580,KR7117580001,대성에너지,KOSPI,,7900,1,60,0.77,7850,7920,7850,3941,31025630,217250000000,27500000,STK
1006,452450,KR7452450000,피아이이,KOSDAQ,벤처기업부,6010,1,180,3.09,5880,6120,5880,19093,114531620,216531285000,36028500,KSQ
1007,402030,KR7402030001,코난테크놀로지,KOSDAQ,기술성장기업부,17270,1,240,1.41,17520,17520,17210,1467,25501910,216177017760,12517488,KSQ
1008,119830,KR7119830008,아이텍,KOSDAQ,중견기업부,8200,2,-10,-0.12,8400,8460,8040,222674,1832887675,216061988600,26349023,KSQ
1009,008350,KR7008350001,남선알미늄,KOSPI,,1673,1,42,2.58,1638,1681,1633,534885,890319431,215949317570,129079090,STK
1010,041020,KR7041020009,폴라리스오피스,KOSDAQ,벤처기업부,4335,3,0,0.0,4300,4410,4300,97420,422608634,215379242655,49683793,KSQ
1011,053210,KR7053210001,스카이라이프,KOSPI,,4530,1,115,2.6,4415,4530,4415,794,3536390,215278986150,47522955,STK
1012,095570,KR7095570008,AJ네트웍스,KOSPI,,4740,1,40,0.85,4690,4780,4665,36157,171328500,214498077660,45252759,STK
1013,237880,KR7237880000,클리오,KOSDAQ,우량기업부,11850,1,50,0.42,11930,11940,11300,3682,43390710,214145533050,18071353,KSQ
1014,083930,KR7083930008,아바코,KOSDAQ,우량기업부,14590,1,150,1.04,14450,14640,14450,4114,59804160,214141062910,14677249,KSQ
1015,065710,KR7065710006,서호전기,KOSDAQ,우량기업부,41550,1,750,1.84,41000,41750,41000,1179,48836900,213982500000,5150000,KSQ
1016,115500,KR7115500001,케이씨에스,KOSDAQ,중견기업부,17820,4,4110,29.98,16820,17820,16680,433800,7604585795,213840000000,12000000,KSQ
1017,462860,KR7462860008,더즌,KOSDAQ,벤처기업부,2975,1,50,1.71,2995,3005,2950,20572,61164590,213475655925,71756523,KSQ
1018,000390,KR7000390005,SP삼화,KOSPI,,7830,1,200,2.62,7630,7830,7630,5084,39313810,213003162270,27203469,STK
1019,007860,KR7007860000,서연,KOSPI,,9070,1,20,0.22,9050,9170,9050,1955,17813080,212962185080,23479844,STK
1020,039840,KR7039840004,디오,KOSDAQ,중견기업부,15840,1,250,1.6,15590,15900,15560,942,14840750,212506715520,13415828,KSQ
1021,481070,KR7481070001,에이유브랜즈,KOSDAQ,중견기업부,14800,2,-110,-0.74,14750,14940,14750,281,4172990,212087700000,14330250,KSQ
1022,028100,KR7028100006,동아지질,KOSPI,,15790,1,230,1.48,15590,15820,15590,2358,36893490,211420236580,13389502,STK
1023,458650,KR7458650009,성우,KOSDAQ,벤처기업부,14040,1,130,0.93,13920,14290,13920,11426,160898730,211241206800,15045670,KSQ
1024,194480,KR7194480000,데브시스터즈,KOSDAQ,벤처기업부,17390,1,650,3.88,16730,17500,16730,10453,180216960,210925918500,12129150,KSQ
1025,001130,KR7001130004,대한제분,KOSPI,,12480,1,140,1.13,12790,12790,12470,549,6945570,210912000000,16900000,STK
1026,146320,KR7146320007,비씨엔씨,KOSDAQ,벤처기업부,16450,1,450,2.81,16020,16630,16020,3623,59618670,210525833350,12797923,KSQ
1027,024060,KR7024060006,흥구석유,KOSDAQ,중견기업부,14010,1,140,1.01,13800,14180,13760,118546,1660550655,210150000000,15000000,KSQ
1028,036560,KR7036560001,KZ정밀,KOSDAQ,우량기업부,13320,1,270,2.07,13210,13320,13140,97,1286510,209790000000,15750000,KSQ
1029,058820,KR7058820002,CMG제약,KOSDAQ,중견기업부,1414,1,56,4.12,1360,1415,1360,398789,550385456,209048846762,147842183,KSQ
1030,417010,KR7417010006,나노팀,KOSDAQ,벤처기업부,10350,1,200,1.97,10260,10550,10200,29079,303283480,208787734800,20172728,KSQ
1031,102260,KR7102260007,동성케미컬,KOSPI,,4120,1,35,0.86,4085,4140,4085,3583,14703785,208758714920,50669591,STK
1032,001080,KR7001080001,만호제강,KOSPI,,5030,1,10,0.2,5030,5240,5030,496,2512260,208745000000,41500000,STK
1033,380550,KR7380550004,뉴로핏,KOSDAQ,기술성장기업부,17090,1,540,3.26,16570,17340,16550,53520,898192800,208478619940,12198866,KSQ
1034,013580,KR7013580006,계룡건설,KOSPI,,23300,1,650,2.87,22650,23400,22600,8915,204995000,208090133100,8930907,STK
1035,052330,KR7052330008,코텍,KOSDAQ,우량기업부,11710,1,260,2.27,11510,11840,11510,3554,41651850,207988207190,17761589,KSQ
1036,216080,KR7216080002,제테마,KOSDAQ,벤처기업부,5570,1,130,2.39,5440,5650,5390,9687,53469410,207689141430,37287099,KSQ
1037,039860,KR7039860002,나노엔텍,KOSDAQ,중견기업부,5450,1,230,4.41,5300,5450,5280,35560,192083905,207607138850,38093053,KSQ
1038,003350,KR7003350006,한국화장품제조,KOSPI,,9160,1,110,1.22,9050,9170,9050,8023,72990520,207565600000,22660000,STK
1039,264450,KR7264450008,유비쿼스,KOSDAQ,우량기업부,14120,1,520,3.82,13750,14120,13750,28396,397604490,207076761160,14665493,KSQ
1040,270660,KR7270660004,에브리봇,KOSDAQ,벤처기업부,16310,1,40,0.25,16500,16500,16140,2693,43881800,206983408730,12690583,KSQ
1041,380540,KR7380540005,옵티코어,KOSDAQ,관리종목(소속부없음),8450,0,0,0.0,0,0,0,0,0,206658126350,24456583,KSQ
1042,039570,KR7039570007,HDC랩스,KOSPI,,7950,1,140,1.79,7810,7950,7810,306,2393460,206362927950,25957601,STK
1043,003220,KR7003220001,대원제약,KOSPI,,9190,1,80,0.88,9140,9190,9140,358,3273460,206109487770,22427583,STK
1044,339770,KR7339770000,교촌에프앤비,KOSPI,,4120,1,30,0.73,4105,4200,4105,7692,31687480,205856129600,49965080,STK
1045,016580,KR7016580003,환인제약,KOSPI,,11050,1,230,2.13,10850,11050,10850,2411,26481510,205530773500,18600070,STK
1046,285490,KR7285490009,노바텍,KOSDAQ,벤처기업부,19330,1,320,1.68,19250,19460,19080,3571,68852545,204430813230,10575831,KSQ
1047,003547,KR7003542008,대신증권2우B,KOSPI,,20850,1,150,0.72,20800,20850,20700,940,19542000,204399493050,9803333,STK
1048,293580,KR7293580007,나우IB,KOSDAQ,중견기업부,2140,1,55,2.64,2160,2180,2115,149861,321592414,203150093000,94929950,KSQ
1049,118990,KR7118990001,모트렉스,KOSDAQ,우량기업부,8240,2,-40,-0.48,8280,8280,8230,7510,62053660,202187937040,24537371,KSQ
1050,950140,KR8840110108,잉글우드랩,KOSDAQ,외국기업(소속부없음),10170,1,220,2.21,10160,10250,10000,1369,13953010,202056197220,19867866,KSQ
1051,147830,KR7147830004,제룡산업,KOSDAQ,벤처기업부,10100,1,80,0.8,10180,10210,9980,64170,646993360,202000000000,20000000,KSQ
1052,140670,KR7140670001,알에스오토메이션,KOSDAQ,중견기업부,15710,3,0,0.0,15710,16110,15640,20023,316519080,201713886400,12839840,KSQ
1053,002150,KR7002150001,도화엔지니어링,KOSPI,,5980,1,80,1.36,5970,6010,5950,12729,76076310,201645600000,33720000,STK
1054,000140,KR7000140004,하이트진로홀딩스,KOSPI,,8630,1,20,0.23,8610,8670,8610,382,3296170,200274381950,23206765,STK
1055,036190,KR7036190007,금화피에스시,KOSDAQ,우량기업부,33350,1,450,1.37,33200,33850,33100,1170,39073200,200100000000,6000000,KSQ
1056,121440,KR7121440002,골프존홀딩스,KOSDAQ,우량기업부,4635,3,0,0.0,4650,4650,4620,253,1174080,198548651430,42836818,KSQ
1057,445180,KR7445180003,퓨릿,KOSDAQ,우량기업부,11540,2,-260,-2.2,11980,12350,11540,46323,561910740,198363229520,17189188,KSQ
1058,007610,KR7007610009,선도전기,KOSPI,,11010,2,-490,-4.26,11000,11770,10700,1088149,12152133430,198180000000,18000000,STK
1059,0011A0,KR70011A0009,액스비스,KOSDAQ,벤처기업부,21200,1,350,1.68,21500,21900,21100,13984,299609600,197875288000,9333740,KSQ
1060,487580,KR7487580003,폴레드,KOSDAQ,벤처기업부,7850,1,40,0.51,7760,7920,7520,225992,1748366990,197685458850,25182861,KSQ
1061,288180,KR7288180003,케이피항공산업,KOSDAQ,중견기업부,26700,2,-600,-2.2,28000,28050,26350,177135,4792073750,197400095400,7393262,KSQ
1062,192440,KR7192440006,슈피겐코리아,KOSDAQ,우량기업부,31600,1,300,0.96,31000,31850,31000,2192,69229275,196437070800,6216363,KSQ
1063,289080,KR7289080004,SV인베스트먼트,KOSDAQ,중견기업부,3265,3,0,0.0,3290,3350,3265,107092,352478527,196351330745,60138233,KSQ
1064,125210,KR7125210005,아모그린텍,KOSDAQ,우량기업부,11890,1,580,5.13,11480,12130,11420,46894,558220590,196146833100,16496790,KSQ
1065,104480,KR7104480009,티케이케미칼,KOSDAQ,중견기업부,2155,1,50,2.38,2120,2180,2120,32098,69087345,195879660270,90895434,KSQ
1066,234690,KR7234690006,녹십자웰빙,KOSDAQ,우량기업부,10880,1,650,6.35,10450,10890,10310,35563,381080550,195440595200,17963290,KSQ
1067,221800,KR7221800006,지구홀딩스,KOSDAQ,기술성장기업부,12030,2,-90,-0.74,12640,12880,11850,29685,363682640,195276662220,16232474,KSQ
1068,271980,KR7271980005,제일약품,KOSPI,,13270,1,150,1.14,13230,13470,13190,10008,133358010,195133651440,14704872,STK
1069,289930,KR7289930000,웨이비스,KOSDAQ,기술성장기업부,14840,1,710,5.02,14140,15120,14140,19846,294314790,195131308400,13149010,KSQ
1070,000860,KR7000860007,강남제비스코,KOSPI,,15010,1,30,0.2,15100,15100,14890,76,1144620,195130000000,13000000,STK
1071,371950,KR7371950007,풍원정밀,KOSDAQ,기술성장기업부,8590,1,370,4.5,8240,8590,8240,11178,94452320,194671287320,22662548,KSQ
1072,166480,KR7166480004,코아스템켐온,KOSDAQ,벤처기업부,3680,1,155,4.4,3525,3705,3525,63813,231749230,194562983680,52870376,KSQ
1073,071200,KR7071200000,인피니트헬스케어,KOSDAQ,중견기업부,7960,1,150,1.92,7850,8100,7810,5628,44548000,194195805680,24396458,KSQ
1074,123410,KR7123410003,코리아에프티,KOSDAQ,우량기업부,6970,1,300,4.5,7000,7150,6930,127771,896284770,194052216080,27841064,KSQ
1075,003610,KR7003610003,방림,KOSPI,,5350,1,50,0.94,5300,5350,5300,1706,9085690,193681545300,36202158,STK
1076,031440,KR7031440001,신세계푸드,KOSPI,,49800,1,1750,3.64,55000,55100,49700,38077,2035059350,192849504000,3872480,STK
1077,083500,KR7083500009,에프엔에스테크,KOSDAQ,우량기업부,22450,1,850,3.94,21750,22600,21500,53521,1189540875,192524958900,8575722,KSQ
1078,025820,KR7025820002,이구산업,KOSPI,,5750,1,110,1.95,5670,5780,5650,29995,171303000,192291500000,33442000,STK
1079,100250,KR7100250000,진양홀딩스,KOSPI,,3005,1,20,0.67,3000,3020,3000,204,612775,192019500000,63900000,STK
1080,016880,KR7016880007,웅진,KOSPI,,2400,3,0,0.0,2380,2440,2380,14068,33810655,191824992000,79927080,STK
1081,474610,KR7474610003,RF시스템즈,KOSDAQ,벤처기업부,13360,1,770,6.12,12590,13470,12590,55536,733541615,191150177280,14307648,KSQ
1082,293780,KR7293780003,압타바이오,KOSDAQ,기술성장기업부,6800,1,310,4.78,6550,6820,6550,5538,37057670,191035154000,28093405,KSQ
1083,044820,KR7044820009,코스맥스비티아이,KOSPI,,19830,1,1020,5.42,18820,19940,18820,106,2064780,190445753430,9603921,STK
1084,079960,KR7079960001,동양이엔피,KOSDAQ,우량기업부,24200,1,450,1.89,23900,24300,23900,4178,101011000,190212000000,7860000,KSQ
1085,234080,KR7234080000,JW생명과학,KOSPI,,12000,1,290,2.48,11710,12030,11710,5204,62109060,190014648000,15834554,STK
1086,321370,KR7321370009,센서뷰,KOSDAQ,기술성장기업부,3675,2,-25,-0.68,3715,3860,3620,824449,3076159007,189868529550,51664906,KSQ
1087,267320,KR7267320000,나인테크,KOSDAQ,벤처기업부,3300,1,100,3.13,3270,3315,3210,107701,353730695,189470473500,57415295,KSQ
1088,054920,KR7054920004,한컴위드,KOSDAQ,중견기업부,6710,1,840,14.31,6440,7040,6430,1312554,8889428680,189336613510,28217081,KSQ
1089,403850,KR7403850001,더핑크퐁컴퍼니,KOSDAQ,중견기업부,13170,1,260,2.01,13040,13210,13040,764,10040560,189002801700,14351010,KSQ
1090,080160,KR7080160005,모두투어,KOSDAQ,우량기업부,10000,1,110,1.11,9920,10180,9920,5839,58735035,189000000000,18900000,KSQ
1091,126730,KR7126730001,코칩,KOSDAQ,벤처기업부,21550,2,-150,-0.69,21450,22000,21200,81471,1759333775,188996215300,8770126,KSQ
1092,007570,KR7007570005,일양약품,KOSPI,,9900,1,90,0.92,9820,9970,9810,731,7222180,188948073600,19085664,STK
1093,039560,KR7039560008,다산네트웍스,KOSDAQ,중견기업부,4405,1,135,3.16,4315,4415,4310,69674,305309935,188923701540,42888468,KSQ
1094,042420,KR7042420000,네오위즈홀딩스,KOSDAQ,우량기업부,23150,1,250,1.09,23400,23400,22950,329,7575850,188493851450,8142283,KSQ
1095,059120,KR7059120006,아진엑스텍,KOSDAQ,벤처기업부,10290,2,-210,-2.0,10500,10700,10060,78655,807685205,188410579140,18310066,KSQ
1096,260870,KR7260870001,SK시그넷,KONEX,일반기업부,8650,2,-320,-3.57,8970,9150,8650,1349,11940840,187486561550,21674747,KNX
1097,016790,KR7016790008,현대사료,KOSDAQ,관리종목(소속부없음),994,0,0,0.0,0,0,0,0,0,187340898626,188471729,KSQ
1098,095700,KR7095700001,제넥신,KOSDAQ,기술성장기업부,4110,1,200,5.12,3950,4110,3945,45605,184042255,187171430340,45540494,KSQ
1099,032620,KR7032620007,GC메디아이,KOSDAQ,우량기업부,3585,1,45,1.27,3530,3585,3530,7442,26474335,187126743315,52197139,KSQ
1100,101170,KR7101170009,우림피티에스,KOSDAQ,벤처기업부,13860,2,-140,-1.0,14050,14140,13860,15333,214621460,187110000000,13500000,KSQ
1101,060150,KR7060150000,인선이엔티,KOSDAQ,중견기업부,4015,1,50,1.26,3960,4030,3880,14195,56262900,186952902180,46563612,KSQ
1102,047310,KR7047310008,파워로직스,KOSDAQ,우량기업부,5090,1,170,3.46,4980,5180,4935,32746,166501715,186348742950,36610755,KSQ
1103,158430,KR7158430009,아톤,KOSDAQ,벤처기업부,7610,1,1080,16.54,7230,7760,7100,864150,6443581780,186308720120,24482092,KSQ
1104,377450,KR7377450002,리파인,KOSDAQ,우량기업부,10750,3,0,0.0,10660,10920,10660,5230,56143410,186297500000,17330000,KSQ
1105,299030,KR7299030007,하나기술,KOSDAQ,벤처기업부,23300,1,550,2.42,22950,23450,22850,1797,41446750,186281403000,7994910,KSQ
1106,163730,KR7163730005,핑거,KOSDAQ,벤처기업부,19740,1,840,4.44,18900,20150,18840,24933,489114740,185685652320,9406568,KSQ
1107,073010,KR7073010001,케이에스피,KOSDAQ,우량기업부,4620,2,-35,-0.75,4670,4795,4620,37586,176640530,185683575000,40191250,KSQ
1108,101530,KR7101530004,해태제과식품,KOSPI,,6350,1,20,0.32,6330,6380,6330,1109,7043270,184891819700,29116822,STK
1109,260970,KR7260970009,에스앤디,KOSDAQ,우량기업부,63700,2,-200,-0.31,63900,64800,63500,3455,221186300,184268429800,2892754,KSQ
1110,001045,KR7001041003,CJ우,KOSPI,,81400,1,700,0.87,81700,81700,81400,4,326400,183982152200,2260223,STK
1111,051980,KR7051980001,중앙첨단소재,KOSDAQ,중견기업부,1655,1,120,7.82,1649,1688,1620,379264,626248796,183856778395,111091709,KSQ
1112,018470,KR7018470005,조일알미늄,KOSPI,,1449,1,39,2.77,1420,1451,1420,143817,206821771,183489363729,126631721,STK
1113,003460,KR7003460003,유화증권,KOSPI,,3230,1,50,1.57,3235,3250,3220,3739,12094610,183148800450,56702415,STK
1114,264660,KR7264660002,씨앤지하이테크,KOSDAQ,우량기업부,18800,1,160,0.86,18650,19010,18650,4901,91864390,182758033600,9721172,KSQ
1115,259630,KR7259630002,엠플러스,KOSDAQ,우량기업부,14930,1,470,3.25,14620,14980,14620,15398,229041430,182480372280,12222396,KSQ
1116,220260,KR7220260004,켐트로스,KOSDAQ,벤처기업부,5680,1,130,2.34,5550,5720,5550,14661,83298330,182169272400,32072055,KSQ
1117,017510,KR7017510009,세명전기,KOSDAQ,벤처기업부,11920,1,150,1.27,11940,12040,11800,74534,889685015,181732320000,15246000,KSQ
1118,002100,KR7002100006,경농,KOSPI,,9300,1,80,0.87,9250,9370,9250,4041,37782380,181559947500,19522575,STK
1119,203400,KR7203400007,에이비온,KOSDAQ,기술성장기업부,2015,1,107,5.61,1971,2030,1953,54228,108238007,181554127560,90101304,KSQ
1120,101970,KR7101970002,우양에이치씨,KOSDAQ,중견기업부,12270,1,410,3.46,11900,12520,11900,306,3782590,181473410430,14790009,KSQ
1121,460850,KR7460850001,동국씨엠,KOSPI,,6060,1,150,2.54,5930,6070,5930,2162,13022460,181185855360,29898656,STK
1122,066620,KR7066620006,국보디자인,KOSDAQ,우량기업부,24150,1,400,1.68,24000,24400,24000,219,5272050,181125000000,7500000,KSQ
1123,062970,KR7062970009,한국첨단소재,KOSDAQ,중견기업부,3170,1,570,21.92,2890,3175,2870,4025302,12298725067,180970906380,57088614,KSQ
1124,222040,KR7222040008,코스맥스엔비티,KOSDAQ,중견기업부,8770,1,820,10.31,8050,8900,8050,79246,683251410,180907560000,20628000,KSQ
1125,039830,KR7039830005,오로라,KOSDAQ,우량기업부,16790,1,490,3.01,16270,16800,16270,5885,97861610,180708923100,10762890,KSQ
1126,037030,KR7037030004,파워넷,KOSDAQ,우량기업부,7070,1,540,8.27,6740,7140,6710,315987,2197436015,180376853440,25512992,KSQ
1127,149950,KR7149950008,아바텍,KOSDAQ,우량기업부,13170,1,390,3.05,13190,13290,12980,4572,60130210,180003648510,13667703,KSQ
1128,017550,KR7017550005,수산세보틱스,KOSPI,,2880,1,130,4.73,2885,2950,2850,337193,974442683,179709494400,62399130,STK
1129,242040,KR7242040004,나무기술,KOSDAQ,기술성장기업부,5180,1,505,10.8,4700,5250,4700,571957,2895235770,179260447520,34606264,KSQ
1130,452190,KR7452190002,한빛레이저,KOSDAQ,벤처기업부,7490,2,-90,-1.19,7620,7640,7350,127364,950750820,179164971930,23920557,KSQ
1131,015230,KR7015230006,대창단조,KOSPI,,6580,1,140,2.17,6530,6630,6530,2597,17053960,178605019600,27143620,STK
1132,172670,KR7172670002,에이엘티,KOSDAQ,벤처기업부,19900,1,550,2.84,19950,20475,19810,38665,776324835,178309154100,8960259,KSQ
1133,078890,KR7078890001,가온그룹,KOSDAQ,중견기업부,9650,1,700,7.82,9130,9740,9120,315155,2993114995,177800699950,18424943,KSQ
1134,297890,KR7297890006,HB솔루션,KOSDAQ,우량기업부,2430,1,40,1.67,2430,2440,2395,9828,23894905,177732421020,73140914,KSQ
1135,081000,KR7081000002,일진다이아,KOSPI,,12500,1,250,2.04,12280,12500,12280,225,2764040,177537187500,14202975,STK
1136,011785,KR7011781002,금호석유화학우,KOSPI,,58700,1,600,1.03,58000,59400,57100,1491,87779200,177478628200,3023486,STK
1137,025560,KR7025560004,미래산업,KOSPI,,34800,1,7200,26.09,28150,34800,28150,132888,4253105150,177160814400,5090828,STK
1138,293480,KR7293480000,하나제약,KOSPI,,9950,2,-60,-0.6,10010,10010,9920,1809,17984270,176840812700,17772946,STK
1139,282880,KR7282880004,코윈테크,KOSDAQ,우량기업부,15100,1,210,1.41,14910,15180,14910,4151,62582800,176580638200,11694082,KSQ
1140,142210,KR7142210004,유니트론텍,KOSDAQ,우량기업부,8500,2,-110,-1.28,8120,8740,8120,1473094,12362294085,176386925500,20751403,KSQ
1141,143160,KR7143160000,아이디스,KOSDAQ,우량기업부,16420,1,80,0.49,16540,16540,16350,121,1984700,175963123800,10716390,KSQ
1142,140610,KR7140610007,엔솔바이오사이언스,KONEX,일반기업부,12600,1,20,0.16,12580,12790,12580,64,805530,175002319800,13889073,KNX
1143,396270,KR7396270001,넥스트칩,KOSDAQ,벤처기업부,5310,1,10,0.19,5420,5490,5210,41690,222669110,174632258610,32887431,KSQ
1144,000300,KR7000300004,DH오토넥스,KOSPI,,4200,0,0,0.0,0,0,0,0,0,174035631000,41437055,STK
1145,007330,KR7007330004,푸른저축은행,KOSDAQ,투자주의환기종목(소속부없음),11510,1,40,0.35,11370,11510,11370,468,5342460,173603028000,15082800,KSQ
1146,092130,KR7092130004,이크레더블,KOSDAQ,중견기업부,14395,1,75,0.52,14320,14440,14310,433,6237200,173367622000,12043600,KSQ
1147,357580,KR7357580000,아모센스,KOSDAQ,기술성장기업부,14700,1,980,7.14,14540,15300,14380,53471,788948130,173309501400,11789762,KSQ
1148,192410,KR7192410009,오늘이엔엠,KOSDAQ,중견기업부,6860,1,130,1.93,6850,6920,6730,19380,132583590,172775335740,25185909,KSQ
1149,179290,KR7179290002,엠아이텍,KOSDAQ,우량기업부,5330,1,130,2.5,5200,5370,5200,8838,46863080,172509063740,32365678,KSQ
1150,114840,KR7114840002,아이패밀리에스씨,KOSDAQ,우량기업부,9960,1,310,3.21,9900,10030,9890,4722,46914840,172506204000,17319900,KSQ
1151,049430,KR7049430002,코메론,KOSDAQ,우량기업부,19060,1,60,0.32,18990,19200,18990,2310,44044470,172454880000,9048000,KSQ
1152,097955,KR7097951008,CJ제일제당 우,KOSPI,,129900,1,500,0.39,129500,129900,129500,237,30755100,172433546700,1327433,STK
1153,240550,KR7240550004,동방메디컬,KOSDAQ,중견기업부,8230,1,120,1.48,8140,8330,8140,18844,155140530,172286326200,20933940,KSQ
1154,469610,KR7469610000,이노테크,KOSDAQ,중견기업부,19230,1,410,2.18,18610,19330,18610,12634,240103510,171818127000,8934900,KSQ
1155,016450,KR7016450009,한세예스24홀딩스,KOSPI,,4280,1,40,0.94,4240,4285,4240,687,2937805,171200000000,40000000,STK
1156,004090,KR7004090007,한국석유,KOSPI,,13480,1,20,0.15,13450,13580,13450,9790,131912390,171116737600,12694120,STK
1157,143240,KR7143240000,사람인,KOSDAQ,우량기업부,15940,1,170,1.08,15720,15940,15720,464,7322680,171079732140,10732731,KSQ
1158,307750,KR7307750000,국전,KOSDAQ,중견기업부,3155,1,80,2.6,3075,3170,3075,35708,112350920,170326738640,53986288,KSQ
1159,086980,KR7086980000,쇼박스,KOSDAQ,중견기업부,2710,1,135,5.24,2600,2715,2600,230852,613125060,169748980000,62638000,KSQ
1160,106190,KR7106190002,하이텍팜,KOSDAQ,우량기업부,15960,1,150,0.95,15810,16000,15810,1110,17714810,169705441080,10633173,KSQ
1161,024800,KR7024800005,유성티엔에스,KOSDAQ,우량기업부,4580,1,50,1.1,4580,4580,4530,3725,16992410,169697298960,37051812,KSQ
1162,005960,KR7005960000,동부건설,KOSPI,,7390,2,-30,-0.4,7450,7520,7370,7791,58123210,169575839570,22946663,STK
1163,000020,KR7000020008,동화약품,KOSPI,,6070,1,90,1.51,5980,6080,5980,6380,38423370,169544022900,27931470,STK
1164,037560,KR7037560000,LG헬로비전,KOSPI,,2180,1,5,0.23,2190,2190,2175,1094,2389005,168834165700,77446865,STK
1165,462520,KR7462520008,조선내화,KOSPI,,14220,1,10,0.07,14350,14350,14220,17,243300,168580488960,11855168,STK
1166,038390,KR7038390001,레드캡투어,KOSDAQ,우량기업부,10080,3,0,0.0,10080,10180,10080,1185,11978820,168545885760,16720822,KSQ
1167,046440,KR7046440004,KG파이낸셜,KOSDAQ,우량기업부,4420,1,40,0.91,4430,4450,4410,2561,11328850,168007744840,38010802,KSQ
1168,115310,KR7115310005,인포바인,KOSDAQ,벤처기업부,10520,3,0,0.0,10310,10690,10310,706,7431195,167945645800,15964415,KSQ
1169,002170,KR7002170009,SYTS,KOSPI,,55900,0,0,0.0,0,0,0,0,0,167700000000,3000000,STK
1170,115440,KR7115440000,우리넷,KOSDAQ,우량기업부,15510,1,2590,20.05,14900,16380,14870,530603,8201106745,167419468920,10794292,KSQ
1171,008970,KR7008970006,KBI동양철관,KOSPI,,1605,1,61,3.95,1544,1614,1544,69871,111114561,166545885735,103766907,STK
1172,006060,KR7006060008,화승인더,KOSPI,,3010,1,50,1.69,2970,3030,2970,2703,8098260,166513200000,55320000,STK
1173,053080,KR7053080008,케이엔솔,KOSDAQ,중견기업부,12790,1,450,3.65,12360,12930,12360,30257,386882700,166267531530,12999807,KSQ
1174,400760,KR7400760005,NH올원리츠,KOSPI,,3025,1,10,0.33,3015,3035,3015,6204,18781309,166161056875,54929275,STK
1175,023910,KR7023910003,대한약품,KOSDAQ,우량기업부,27650,1,250,0.91,27350,27650,27350,588,16152800,165900000000,6000000,KSQ
1176,204610,KR7204610000,티쓰리,KOSDAQ,벤처기업부,3015,1,90,3.08,2945,3035,2940,6681,19862754,165830185800,55001720,KSQ
1177,013990,KR7013990007,아가방컴퍼니,KOSDAQ,우량기업부,5040,1,40,0.8,5000,5080,5000,10324,52141270,165753181440,32887536,KSQ
1178,056090,KR7056090004,시지메드텍,KOSDAQ,벤처기업부,1604,1,65,4.22,1540,1619,1540,307595,488342343,165627493744,103259036,KSQ
1179,340450,KR7340450006,지씨지놈,KOSDAQ,기술성장기업부,7000,1,230,3.4,6800,7000,6800,16410,114598530,165555551000,23650793,KSQ
1180,049960,KR7049960008,쎌바이오텍,KOSDAQ,벤처기업부,17580,3,0,0.0,17450,17690,17400,7634,133945990,165252000000,9400000,KSQ
1181,213500,KR7213500002,한솔제지,KOSPI,,6920,1,70,1.02,6860,6960,6860,7394,51147750,164699985920,23800576,STK
1182,040160,KR7040160004,누리플렉스,KOSDAQ,중견기업부,13660,1,260,1.94,13400,14410,13400,3954,54854290,164678608100,12055535,KSQ
1183,123330,KR7123330003,제닉,KOSDAQ,우량기업부,20650,1,400,1.98,20250,20700,20250,5748,117956750,164553242000,7968680,KSQ
1184,003480,KR7003480001,한진중공업홀딩스,KOSPI,,5570,1,30,0.54,5540,5610,5520,2451,13584090,164481052840,29529812,STK
1185,054800,KR7054800008,아이디스홀딩스,KOSDAQ,중견기업부,15890,1,230,1.47,15660,15930,15660,1062,16872740,164425842840,10347756,KSQ
1186,002990,KR7002990000,금호건설,KOSPI,,4405,1,105,2.44,4310,4405,4310,2908,12725129,164130185470,37259974,STK
1187,412350,KR7412350001,레이저쎌,KOSDAQ,기술성장기업부,11370,2,-140,-1.22,11510,11900,11270,108925,1244267615,164129156340,14435282,KSQ
1188,011040,KR7011040003,경동제약,KOSDAQ,중견기업부,5330,1,30,0.57,5300,5350,5300,5680,30198370,163997522780,30768766,KSQ
1189,071840,KR7071840003,롯데하이마트,KOSPI,,6940,1,40,0.58,6910,6940,6910,224,1549340,163837521280,23607712,STK
1190,008830,KR7008830002,대동기어,KOSDAQ,중견기업부,18200,1,250,1.39,18440,18500,18190,8226,150849770,163572864000,8987520,KSQ
1191,090350,KR7090350000,노루페인트,KOSPI,,8150,1,80,0.99,8080,8190,8080,253,2064970,163000000000,20000000,STK
1192,322180,KR7322180001,LS티라유텍,KOSDAQ,벤처기업부,7790,1,100,1.3,7790,7800,7640,15752,121854140,162982255360,20921984,KSQ
1193,037350,KR7037350006,성도이엔지,KOSDAQ,우량기업부,10690,1,650,6.47,10250,10720,10250,56151,592770670,162594900000,15210000,KSQ
1194,297090,KR7297090003,씨에스베어링,KOSDAQ,투자주의환기종목(소속부없음),5950,1,230,4.02,5810,6060,5810,37273,223096265,162256500000,27270000,KSQ
1195,473980,KR7473980001,노머스,KOSDAQ,기술성장기업부,14640,1,280,1.95,14330,14650,14330,5676,82455500,161908474080,11059322,KSQ
1196,068790,KR7068790005,DMS,KOSDAQ,우량기업부,7170,1,220,3.17,6990,7180,6970,7603,53651720,161828506080,22570224,KSQ
1197,002780,KR7002780005,진흥기업,KOSPI,,1111,1,26,2.4,1110,1116,1051,189304,208677182,161619108695,145471745,STK
1198,048870,KR7048870000,시너지이노베이션,KOSDAQ,중견기업부,1833,1,45,2.52,1788,1850,1788,29961,54377642,161500063179,88106963,KSQ
1199,077500,KR7077500007,유니퀘스트,KOSPI,,7450,1,150,2.05,7300,7680,7300,21532,160353270,160920759900,21600102,STK
1200,000520,KR7000520007,삼일제약,KOSPI,,7410,1,380,5.41,7100,7430,7100,38158,279546590,160736319510,21691811,STK
1201,950250,KR8826050005,테라뷰,KOSDAQ,기술성장기업부,4525,1,75,1.69,4450,4565,4380,26803,120017931,160717732775,35517731,KSQ
1202,082800,KR7082800004,비보존 제약,KOSDAQ,중견기업부,2645,1,20,0.76,2620,2665,2495,31482,82255520,160603516570,60719666,KSQ
1203,066410,KR7066410002,버킷스튜디오,KOSDAQ,투자주의환기종목(소속부없음),1153,0,0,0.0,0,0,0,0,0,159637252154,138453818,KSQ
1204,475230,KR7475230009,엔알비,KOSDAQ,벤처기업부,14620,1,330,2.31,14650,14650,14380,8321,121026830,159338745460,10898683,KSQ
1205,009070,KR7009070004,KCTC,KOSPI,,5310,1,110,2.12,5200,5330,5200,4524,23761830,159300000000,30000000,STK
1206,046070,KR7046070009,코다코,KOSDAQ,관리종목(소속부없음),10280,0,0,0.0,0,0,0,0,0,159196994920,15486089,KSQ
1207,108230,KR7108230004,톱텍,KOSDAQ,우량기업부,4180,1,85,2.08,4100,4190,4095,14803,61672185,158937164100,38023245,KSQ
1208,095190,KR7095190005,신화프리텍,KOSDAQ,중견기업부,2435,1,55,2.31,2375,2500,2375,38797,94415135,158909224970,65260462,KSQ
1209,212560,KR7212560007,네오오토,KOSDAQ,우량기업부,13450,2,-330,-2.39,14070,14380,13450,57063,798920605,158874641450,11812241,KSQ
1210,323350,KR7323350009,다원넥스뷰,KOSDAQ,기술성장기업부,19780,2,-420,-2.08,20150,20150,19590,9877,194947620,158453070160,8010772,KSQ
1211,001520,KR7001520006,동양,KOSPI,,662,1,4,0.61,660,668,658,48794,32200706,158008849706,238684063,STK
1212,33626K,KR733626K013,두산퓨얼셀1우,KOSPI,,11760,1,1140,10.73,11580,11770,11240,14735,171027920,157162992000,13364200,STK
1213,005160,KR7005160007,동국산업,KOSDAQ,중견기업부,2890,1,75,2.66,2840,2910,2840,7045,20358875,156766552980,54244482,KSQ
1214,214420,KR7214420002,토니모리,KOSPI,,6500,2,-10,-0.15,6510,6610,6480,11856,77411450,156356193500,24054799,STK
1215,290740,KR7290740000,액트로,KOSDAQ,벤처기업부,15480,1,460,3.06,15020,15940,15020,2924,45203980,155806370280,10065011,KSQ
1216,000970,KR7000970004,한국주철관,KOSPI,,6830,3,0,0.0,6890,6910,6830,701,4828470,155727415000,22800500,STK
1217,306620,KR7306620006,지아이에스,KOSDAQ,벤처기업부,3245,1,80,2.53,3195,3350,3150,283239,924947199,155572387080,47942184,KSQ
1218,396300,KR7396300006,세아메카닉스,KOSDAQ,우량기업부,5870,2,-110,-1.84,5890,5950,5710,114197,668814890,155493365000,26489500,KSQ
1219,105330,KR7105330005,케이엔더블유,KOSDAQ,중견기업부,9690,1,40,0.41,9650,9690,9380,986,9429070,155229148800,16019520,KSQ
1220,453450,KR7453450009,그리드위즈,KOSDAQ,중견기업부,19540,1,720,3.83,18820,19590,18820,7188,139625440,155201335000,7942750,KSQ
1221,001360,KR7001360007,삼성제약,KOSPI,,1647,1,43,2.68,1610,1658,1610,51513,84491901,155084944113,94162079,STK
1222,086890,KR7086890001,이수앱지스,KOSDAQ,중견기업부,3800,1,165,4.54,3635,3820,3635,34378,128104410,154943654800,40774646,KSQ
1223,210540,KR7210540001,디와이파워,KOSPI,,14020,1,200,1.45,14100,14180,13900,3539,49724960,154804746160,11041708,STK
1224,004150,KR7004150009,한솔홀딩스,KOSPI,,3760,1,95,2.59,3690,3770,3690,35553,132961550,154260091200,41026620,STK
1225,072870,KR7072870009,메가스터디,KOSDAQ,우량기업부,12910,1,60,0.47,12800,12910,12800,1177,15145520,153899580690,11920959,KSQ
1226,381620,KR7381620004,제닉스로보틱스,KOSDAQ,중견기업부,11710,2,-290,-2.42,11990,11990,11680,62743,741052400,153610843200,13117920,KSQ
1227,317400,KR7317400000,자이에스앤디,KOSPI,,3960,1,55,1.41,3910,3970,3910,3851,15176010,153578779200,38782520,STK
1228,041440,KR7041440009,현대에버다임,KOSDAQ,우량기업부,8570,1,230,2.76,8590,8630,8400,42978,367765410,153539640080,17915944,KSQ
1229,334970,KR7334970001,프레스티지바이오로직스,KOSDAQ,기술성장기업부,1973,1,87,4.61,1886,1973,1886,14935,28951953,153405952801,77752637,KSQ
1230,086670,KR7086670007,비엠티,KOSDAQ,우량기업부,15450,1,280,1.85,15010,15460,15010,5606,86217740,153354923250,9925885,KSQ
1231,041520,KR7041520008,이엘씨,KOSDAQ,투자주의환기종목(소속부없음),12580,1,80,0.64,12500,12820,12490,3936,49508550,153334223400,12188730,KSQ
1232,0004V0,KR70004V0003,엔비알모션,KOSDAQ,기술성장기업부,14700,2,-210,-1.41,15170,15210,14500,55825,820698570,152945679600,10404468,KSQ
1233,003830,KR7003830007,대한화섬,KOSPI,,115000,2,-400,-0.35,114400,115000,114400,5,572800,152720000000,1328000,STK
1234,088130,KR7088130000,동아엘텍,KOSDAQ,우량기업부,8720,1,240,2.83,8520,8730,8520,33945,294037175,152471938080,17485314,KSQ
1235,002230,KR7002230001,피에스텍,KOSDAQ,우량기업부,8120,1,280,3.57,7840,8150,7840,12796,102938220,151887198400,18705320,KSQ
1236,272550,KR7272550005,삼양패키징,KOSPI,,10030,1,70,0.7,9970,10100,9970,401,4016700,151136112180,15068406,STK
1237,003100,KR7003100005,선광,KOSDAQ,우량기업부,22850,1,550,2.47,22500,22950,22400,5492,124664600,150810000000,6600000,KSQ
1238,038290,KR7038290003,마크로젠,KOSDAQ,중견기업부,13910,1,290,2.13,13630,13990,13620,2758,38146770,150803874000,10841400,KSQ
1239,032940,KR7032940009,원익,KOSDAQ,우량기업부,8270,1,100,1.22,8360,8360,8200,7130,58850450,150458012100,18193230,KSQ
1240,004960,KR7004960001,한신공영,KOSPI,,13000,1,150,1.17,12910,13160,12900,1244,16312910,150419126000,11570702,STK
1241,365330,KR7365330000,에스와이스틸텍,KOSDAQ,우량기업부,2995,1,80,2.74,2950,3050,2950,72242,216338545,150262145000,50171000,KSQ
1242,067280,KR7067280008,멀티캠퍼스,KOSDAQ,우량기업부,25300,1,250,1.0,25100,25300,25000,1209,30391850,149947508700,5926779,KSQ
1243,107600,KR7107600009,새빗켐,KOSDAQ,벤처기업부,26550,1,1000,3.91,26400,26550,26000,1229,32263500,149767328700,5640954,KSQ
1244,217270,KR7217270008,넵튠,KOSDAQ,중견기업부,3195,1,80,2.57,3115,3210,3115,4961,15533820,149320379385,46735643,KSQ
1245,00279K,KR700279K010,아모레퍼시픽홀딩스3우C,KOSPI,,21050,1,50,0.24,21450,21450,20900,1357,28773500,149290810000,7092200,STK
1246,014280,KR7014280002,금강공업,KOSPI,,5090,1,80,1.6,5010,5110,5010,2969,14972000,149286427130,29329357,STK
1247,148150,KR7148150006,세경하이테크,KOSDAQ,우량기업부,4200,1,170,4.22,4040,4215,4040,14670,61360365,149279835600,35542818,KSQ
1248,000700,KR7000700005,유수홀딩스,KOSPI,,5730,1,60,1.06,5730,5740,5700,473,2701320,149219582760,26041812,STK
1249,214390,KR7214390007,경보제약,KOSPI,,6240,1,190,3.14,6050,6250,6050,8456,52397700,149178806400,23906860,STK
1250,066430,KR7066430000,아이로보틱스,KOSDAQ,중견기업부,3810,1,235,6.57,3750,4000,3725,985741,3797218185,149174743560,39153476,KSQ
1251,023600,KR7023600000,삼보판지,KOSDAQ,우량기업부,9290,1,50,0.54,9240,9290,9240,235,2177900,148717107000,16008300,KSQ
1252,013520,KR7013520002,화승코퍼레이션,KOSPI,,2970,2,-15,-0.5,2990,3030,2970,1807,5392640,148652218440,50051252,STK
1253,408920,KR7408920007,메쎄이상,KOSDAQ,우량기업부,3435,1,35,1.03,3380,3440,3370,2587,8771670,148503482925,43232455,KSQ
1254,263860,KR7263860009,지니언스,KOSDAQ,벤처기업부,16340,1,1110,7.29,15650,16500,15570,38801,626847210,148360664000,9079600,KSQ
1255,093190,KR7093190007,빅솔론,KOSDAQ,우량기업부,7690,1,60,0.79,7560,7800,7560,227,1739640,147947179450,19238905,KSQ
1256,093640,KR7093640001,케이알엠,KOSDAQ,벤처기업부,4520,2,-20,-0.44,4540,4585,4405,3869,17575235,147693015920,32675446,KSQ
1257,298000,KR7298000001,효성화학,KOSPI,,38900,0,0,0.0,0,0,0,0,0,147501447900,3791811,STK
1258,388790,KR7388790008,라이콤,KOSDAQ,벤처기업부,4815,1,205,4.45,4610,4845,4600,84693,401250275,147407180400,30614160,KSQ
1259,333430,KR7333430007,일승,KOSDAQ,중견기업부,4780,1,80,1.7,4720,4835,4720,13801,65924083,146873850660,30726747,KSQ
1260,086960,KR7086960002,MDS테크,KOSDAQ,우량기업부,3570,2,-90,-2.46,3570,3705,3535,542677,1952352238,146644775760,41076968,KSQ
1261,004970,KR7004970000,신라교역,KOSPI,,9160,1,110,1.22,9050,9160,9050,533,4865590,146560000000,16000000,STK
1262,021080,KR7021080007,에이티넘인베스트,KOSDAQ,우량기업부,3050,1,5,0.16,3045,3065,3045,7362,22537695,146400000000,48000000,KSQ
1263,300080,KR7300080009,플리토,KOSDAQ,기술성장기업부,8860,1,280,3.26,8800,8980,8750,6953,61664770,146238295860,16505451,KSQ
1264,037070,KR7037070000,파세코,KOSDAQ,중견기업부,7290,1,210,2.97,7190,7290,7130,10228,73945140,145800000000,20000000,KSQ
1265,005990,KR7005990007,매일홀딩스,KOSDAQ,우량기업부,10950,1,10,0.09,11280,11280,10800,271,2954080,145616428800,13298304,KSQ
1266,323990,KR7323990002,박셀바이오,KOSDAQ,기술성장기업부,6240,1,210,3.48,6010,6250,5920,15950,97752900,145125832800,23257345,KSQ
1267,015890,KR7015890007,태경산업,KOSPI,,4960,1,60,1.22,4890,4980,4870,2469,12089625,144974600000,29228750,STK
1268,085670,KR7085670008,뉴프렉스,KOSDAQ,우량기업부,5900,1,240,4.24,5690,5930,5690,66165,388249320,144554489900,24500761,KSQ
1269,136540,KR7136540002,윈스테크넷,KOSDAQ,우량기업부,11760,1,410,3.61,11600,11780,11600,3889,45561240,144409812960,12279746,KSQ
1270,217950,KR7217950005,파마리서치바이오,KONEX,일반기업부,34450,2,-150,-0.43,34450,34450,34450,1,34450,144112618000,4183240,KNX
1271,225190,KR7225190008,LK삼양,KOSDAQ,중견기업부,2045,1,81,4.12,2000,2050,1983,108008,219625162,144107959800,70468440,KSQ
1272,012800,KR7012800009,대창,KOSPI,,1579,1,20,1.28,1551,1586,1551,129144,202241030,143910847921,91140499,STK
1273,089470,KR7089470009,HDC현대EP,KOSPI,,4510,1,80,1.81,4490,4525,4475,2309,10388140,143869000000,31900000,STK
1274,001540,KR7001540004,안국약품,KOSDAQ,우량기업부,11020,1,230,2.13,10610,11080,10600,24171,261873930,143727468400,13042420,KSQ
1275,069510,KR7069510006,에스텍,KOSDAQ,우량기업부,13140,1,170,1.31,13200,13200,13060,1807,23712060,143357400000,10910000,KSQ
1276,094280,KR7094280005,효성ITX,KOSPI,,12400,1,140,1.14,12370,12400,12350,249,3079580,143321680000,11558200,STK
1277,417500,KR7417500006,제이아이테크,KOSDAQ,우량기업부,4360,1,145,3.44,4255,4430,4215,20658,89241440,142941483840,32784744,KSQ
1278,338220,KR7338220007,뷰노,KOSDAQ,기술성장기업부,10190,1,270,2.72,9870,10200,9870,9680,97308500,142678576370,14001823,KSQ
1279,027710,KR7027710003,팜스토리,KOSDAQ,우량기업부,1280,1,19,1.51,1269,1285,1266,49122,62704641,142613248000,111416600,KSQ
1280,042510,KR7042510008,라온시큐어,KOSDAQ,벤처기업부,12720,1,1760,16.06,12420,12990,12240,446445,5632836945,142529813280,11205174,KSQ
1281,067990,KR7067990002,도이치모터스,KOSDAQ,우량기업부,4880,1,55,1.14,4895,4915,4850,17358,84769554,142405964000,29181550,KSQ
1282,129920,KR7129920005,대성하이텍,KOSDAQ,벤처기업부,8760,1,50,0.57,8710,8870,8670,10713,93571560,142338576960,16248696,KSQ
1283,049720,KR7049720006,고려신용정보,KOSDAQ,우량기업부,9950,1,130,1.32,9960,9960,9910,1383,13734730,142285000000,14300000,KSQ
1284,047560,KR7047560008,이스트소프트,KOSDAQ,중견기업부,12100,1,400,3.42,11620,12140,11620,3646,43604780,142212292200,11753082,KSQ
1285,217820,KR7217820000,원익피앤이,KOSDAQ,중견기업부,2995,1,105,3.63,2900,3000,2900,13924,41503605,142126404205,47454559,KSQ
1286,262260,KR7262260003,에이프로,KOSDAQ,우량기업부,9410,1,1430,17.92,8300,9900,8210,268473,2532442595,141880780600,15077660,KSQ
1287,223250,KR7223250002,드림씨아이에스,KOSDAQ,벤처기업부,5760,1,170,3.04,5600,5830,5590,107039,613115430,141698557440,24600444,KSQ
1288,009580,KR7009580002,무림P&P,KOSPI,,2270,1,65,2.95,2275,2480,2260,606621,1445768900,141576095480,62368324,STK
1289,307930,KR7307930008,컴퍼니케이,KOSDAQ,중견기업부,9060,1,240,2.72,8790,9060,8790,6829,61190980,141426600000,15610000,KSQ
1290,052420,KR7052420007,오성첨단소재,KOSDAQ,우량기업부,1448,0,0,0.0,0,0,0,0,0,141064299008,97420096,KSQ
1291,235980,KR7235980000,메드팩토,KOSDAQ,기술성장기업부,4090,1,195,5.01,3895,4090,3895,14300,57740660,140185244890,34275121,KSQ
1292,013310,KR7013310008,아진산업,KOSDAQ,우량기업부,3610,1,145,4.18,3600,3700,3560,437150,1585880807,140091761020,38806582,KSQ
1293,010100,KR7010100006,한국무브넥스,KOSPI,,4580,2,-70,-1.51,4675,4750,4550,40953,190616925,139462923600,30450420,STK
1294,052900,KR7052900008,KX하이텍,KOSDAQ,우량기업부,2005,2,-15,-0.74,2040,2050,1982,765957,1538832779,139309870160,69481232,KSQ
1295,080420,KR7080420003,모다이노칩,KOSDAQ,중견기업부,1747,1,24,1.39,1747,1747,1746,106,185091,139273673634,79721622,KSQ
1296,016740,KR7016740003,두올,KOSPI,,4850,1,65,1.36,4790,4850,4790,6490,31340410,139069016400,28674024,STK
1297,054540,KR7054540000,삼영엠텍,KOSDAQ,우량기업부,10630,1,350,3.4,10450,10700,10410,26232,277265130,138190000000,13000000,KSQ
1298,020120,KR7020120002,키다리스튜디오,KOSPI,,3720,1,110,3.05,3625,3725,3625,5296,19596625,137877209520,37063766,STK
1299,040300,KR7040300006,YTN,KOSDAQ,중견기업부,2890,1,5,0.17,2875,2905,2875,5974,17271685,137786472200,47676980,KSQ
1300,071280,KR7071280002,로체시스템즈,KOSDAQ,우량기업부,8960,1,50,0.56,9100,9290,8960,13584,124384850,137057562880,15296603,KSQ
1301,027970,KR7027970003,한국제지,KOSPI,,720,1,5,0.7,716,721,715,4059,2917537,136908518400,190150720,STK
1302,066310,KR7066310004,큐에스아이,KOSDAQ,벤처기업부,14730,1,2160,17.18,14770,14900,14200,261379,3818901535,136570977330,9271621,KSQ
1303,002620,KR7002620003,제일파마홀딩스,KOSPI,,8530,1,80,0.95,8600,8600,8530,146,1252450,136252718150,15973355,STK
1304,234030,KR7234030005,싸이닉솔루션,KOSDAQ,중견기업부,5770,1,170,3.04,5610,5800,5610,5683,32439260,136200850000,23605000,KSQ
1305,214680,KR7214680001,디알텍,KOSDAQ,벤처기업부,1628,1,37,2.33,1587,1633,1587,2349,3767153,135900647168,83477056,KSQ
1306,336680,KR7336680004,탑런토탈솔루션,KOSDAQ,중견기업부,3460,1,20,0.58,3405,3460,3405,9087,31170330,135443630680,39145558,KSQ
1307,007540,KR7007540008,샘표,KOSPI,,46950,2,-50,-0.11,47000,47400,46950,51,2397300,135018810000,2875800,STK
1308,122450,KR7122450000,KX,KOSDAQ,중견기업부,3010,1,40,1.35,3050,3050,3005,5760,17396525,134907700340,44819834,KSQ
1309,079430,KR7079430005,현대리바트,KOSPI,,6700,1,80,1.21,6680,6730,6670,1941,13008770,134765153400,20114202,STK
1310,156100,KR7156100000,엘앤케이바이오,KOSDAQ,벤처기업부,6020,1,210,3.61,5800,6030,5800,16702,98956340,134553941060,22351153,KSQ
1311,063570,KR7063570006,NICE인프라,KOSDAQ,우량기업부,3940,1,20,0.51,3930,3970,3930,2848,11266055,134542048320,34147728,KSQ
1312,255440,KR7255440000,야스,KOSDAQ,벤처기업부,10300,1,220,2.18,10200,10350,10000,2483,25245990,134497400000,13058000,KSQ
1313,250060,KR7250060001,모비스,KOSDAQ,기술성장기업부,4170,1,180,4.51,4045,4250,4035,75396,314245586,134154379380,32171314,KSQ
1314,053700,KR7053700001,삼보모터스,KOSDAQ,우량기업부,5270,2,-60,-1.13,5300,5380,5260,10560,56041110,134088657360,25443768,KSQ
1315,084670,KR7084670009,동양고속,KOSPI,,46300,1,1200,2.66,45750,46750,45550,33753,1555511625,134064844700,2895569,STK
1316,070960,KR7070960000,모나용평,KOSPI,,2785,1,5,0.18,2765,2850,2765,3620,10128815,134051332405,48133333,STK
1317,049950,KR7049950009,미래컴퍼니,KOSDAQ,중견기업부,15190,1,270,1.81,15300,15300,14920,2296,34733840,133943657960,8817884,KSQ
1318,123040,KR7123040008,엠에스오토텍,KOSDAQ,중견기업부,2130,2,-25,-1.16,2125,2140,2110,5639,11976030,133398276870,62628299,KSQ
1319,078000,KR7078000007,텔코웨어,KOSPI,,14420,2,-120,-0.83,14540,14550,14420,314,4551970,133241910340,9240077,STK
1320,282720,KR7282720002,금양그린파워,KOSDAQ,중견기업부,10990,1,400,3.78,10750,11120,10720,25385,277376530,133193305000,12119500,KSQ
1321,006620,KR7006620009,동구바이오제약,KOSDAQ,우량기업부,4670,1,120,2.64,4560,4670,4560,7324,33948605,132931512640,28464992,KSQ
1322,107590,KR7107590002,미원홀딩스,KOSPI,,57100,3,0,0.0,57100,57100,57100,5,285500,132472000000,2320000,STK
1323,256940,KR7256940008,킵스파마,KOSDAQ,벤처기업부,6580,1,170,2.65,6460,6580,6280,5802,37608490,132114207260,20078147,KSQ
1324,389030,KR7389030008,지니너스,KOSDAQ,기술성장기업부,3940,1,290,7.95,3650,3980,3650,79111,303601400,132090253300,33525445,KSQ
1325,269620,KR7269620001,시스웍,KOSDAQ,관리종목(소속부없음),889,0,0,0.0,0,0,0,0,0,132090012299,148582691,KSQ
1326,215100,KR7215100009,로보로보,KOSDAQ,벤처기업부,6490,2,-30,-0.46,6520,6590,6420,25923,168051485,132061466460,20348454,KSQ
1327,267290,KR7267290005,경동도시가스,KOSPI,,22400,2,-50,-0.22,22450,22450,22400,388,8695600,132057094400,5895406,STK
1328,396470,KR7396470007,워트,KOSDAQ,중견기업부,8190,1,130,1.61,8110,8240,8100,23531,192305130,132022800000,16120000,KSQ
1329,009270,KR7009270000,신원,KOSPI,,1150,1,22,1.95,1135,1155,1131,33383,38098104,131985951950,114770393,STK
1330,100590,KR7100590009,머큐리,KOSDAQ,중견기업부,7690,1,470,6.51,7460,7750,7410,292023,2219339430,131803101050,17139545,KSQ
1331,012320,KR7012320008,경동인베스트,KOSPI,,55700,1,300,0.54,55100,55900,52600,671,36789800,131731781100,2365023,STK
1332,024090,KR7024090003,디씨엠,KOSPI,,11540,2,-30,-0.26,11600,11600,11540,146,1688930,131556000000,11400000,STK
1333,089600,KR7089600001,KT나스미디어,KOSDAQ,우량기업부,11340,1,100,0.89,11230,11360,11230,357,4015900,131182968420,11568163,KSQ
1334,090850,KR7090850009,현대이지웰,KOSDAQ,우량기업부,5510,1,160,2.99,5350,5510,5350,3783,20653500,130842449110,23746361,KSQ
1335,025620,KR7025620006,차AI헬스케어,KOSPI,,7180,1,40,0.56,7140,7190,7140,121,868280,130704526140,18203973,STK
1336,331920,KR7331920009,셀레믹스,KOSDAQ,기술성장기업부,16000,1,840,5.54,15240,16350,15240,22168,356431380,130626368000,8164148,KSQ
1337,021320,KR7021320007,KCC건설,KOSDAQ,우량기업부,6100,1,130,2.18,6080,6160,6060,3696,22581540,130540000000,21400000,KSQ
1338,019180,KR7019180009,티에이치엔,KOSPI,,7250,1,30,0.42,7220,7310,7220,4771,34672430,130500000000,18000000,STK
1339,475580,KR7475580007,에이럭스,KOSDAQ,벤처기업부,9570,1,530,5.86,9130,9600,9110,25804,242932695,130390293000,13624900,KSQ
1340,014710,KR7014710008,사조씨푸드,KOSPI,,7550,1,170,2.3,7380,7550,7380,313,2342620,129999999650,17218543,STK
1341,008040,KR7008040008,사조동아원,KOSPI,,918,1,22,2.46,895,918,895,65150,58942641,129570742800,141144600,STK
1342,456070,KR7456070002,이엔셀,KOSDAQ,기술성장기업부,11730,1,930,8.61,11190,11740,11140,24766,285388870,129366850410,11028717,KSQ
1343,004080,KR7004080008,신흥,KOSPI,,13750,2,-70,-0.51,13750,13750,13750,3,41250,129250000000,9400000,STK
1344,141000,KR7141000000,비아트론,KOSDAQ,벤처기업부,10650,1,200,1.91,10640,10700,10480,4451,47209100,129021661500,12114710,KSQ
1345,021820,KR7021820006,세원정공,KOSPI,,12900,2,-700,-5.15,13460,13470,12900,717,9408390,129000000000,10000000,STK
1346,011280,KR7011280005,태림포장,KOSPI,,1820,1,19,1.05,1802,1839,1802,1268,2290017,128866810800,70805940,STK
1347,205100,KR7205100001,엑셈,KOSDAQ,벤처기업부,1823,1,44,2.47,1790,1835,1790,37736,68656916,128861349129,70686423,KSQ
1348,005800,KR7005800008,신영와코루,KOSPI,,14290,1,370,2.66,14290,14290,14290,1,14290,128610000000,9000000,STK
1349,016710,KR7016710006,대성홀딩스,KOSPI,,7990,1,80,1.01,7920,7990,7920,527,4174950,128554777410,16089459,STK
1350,493330,KR7493330005,지에프아이,KOSDAQ,벤처기업부,16730,1,100,0.6,16700,17430,16700,1153,19634820,128522302580,7682146,KSQ
1351,131030,KR7131030009,옵투스제약,KOSDAQ,우량기업부,7270,1,170,2.39,7100,7290,7100,6826,49288015,128290709300,17646590,KSQ
1352,366030,KR7366030005,공구우먼,KOSDAQ,중견기업부,5640,1,40,0.71,5600,5660,5580,3413,19241910,127767714000,22653850,KSQ
1353,263720,KR7263720005,디앤씨미디어,KOSDAQ,우량기업부,10270,1,80,0.79,10110,10290,10110,869,8847300,127477309570,12412591,KSQ
1354,083420,KR7083420000,그린케미칼,KOSPI,,5310,1,140,2.71,5180,5320,5180,4162,21897600,127440000000,24000000,STK
1355,005860,KR7005860002,한일사료,KOSDAQ,우량기업부,3230,1,40,1.25,3190,3250,3190,78900,253946295,127273902550,39403685,KSQ
1356,350520,KR7350520003,이지스레지던스리츠,KOSPI,,3445,1,20,0.58,3425,3495,3425,106,363860,127004065890,36866202,STK
1357,310200,KR7310200001,애니플러스,KOSDAQ,중견기업부,2430,1,60,2.53,2370,2430,2370,10288,24694355,126755691480,52162836,KSQ
1358,360070,KR7360070007,탑머티리얼,KOSDAQ,중견기업부,15470,1,420,2.79,15060,15500,15060,1798,27547815,126641179210,8186243,KSQ
1359,065450,KR7065450009,빅텍,KOSDAQ,벤처기업부,4290,1,40,0.94,4265,4350,4260,55445,238569325,126536994870,29495803,KSQ
1360,072950,KR7072950009,빛샘전자,KOSDAQ,벤처기업부,15700,1,1600,11.35,14510,15890,14500,242137,3652094100,126425977000,8052610,KSQ
1361,004250,KR7004250007,NPC,KOSPI,,3440,1,50,1.47,3390,3445,3390,100,339655,126316800000,36720000,STK
1362,002390,KR7002390003,한독,KOSPI,,9170,1,200,2.23,8970,9180,8970,264,2392190,126211597610,13763533,STK
1363,322510,KR7322510009,제이엘케이,KOSDAQ,기술성장기업부,4905,1,225,4.81,4680,4905,4680,28175,136968950,126185500260,25725892,KSQ
1364,047770,KR7047770003,코데즈컴바인,KOSDAQ,중견기업부,3330,1,195,6.22,3255,3375,3250,607105,2003110743,126015864660,37842602,KSQ
1365,067900,KR7067900001,와이엔텍,KOSDAQ,우량기업부,6920,1,120,1.76,6850,6920,6850,291,2005930,125941640280,18199659,KSQ
1366,036690,KR7036690006,코맥스,KOSDAQ,관리종목(소속부없음),2885,0,0,0.0,0,0,0,0,0,125692107675,43567455,KSQ
1367,142280,KR7142280007,녹십자엠에스,KOSDAQ,중견기업부,5780,1,160,2.85,5650,6000,5650,872843,5086302275,125668332280,21741926,KSQ
1368,0007J0,KR70007J0006,인벤테라,KOSDAQ,기술성장기업부,15950,1,230,1.46,15700,16060,15700,3268,51778530,125458138300,7865714,KSQ
1369,123690,KR7123690000,한국화장품,KOSPI,,7790,1,110,1.43,7720,7850,7640,7151,55481345,125169720000,16068000,STK
1370,036010,KR7036010007,아비코전자,KOSDAQ,중견기업부,9400,1,330,3.64,9070,9430,9050,26949,250259495,124953579600,13292934,KSQ
1371,014580,KR7014580005,태경비케이,KOSPI,,4530,1,90,2.03,4455,4530,4440,5959,26752130,124951443000,27583100,STK
1372,039980,KR7039980008,폴라리스AI,KOSDAQ,중견기업부,8660,1,200,2.36,8590,9060,8570,100779,885397440,124541313240,14381214,KSQ
1373,002220,KR7002220002,한일철강,KOSPI,,4660,1,110,2.42,4550,4675,4550,15319,70635230,124410163600,26697460,STK
1374,014530,KR7014530000,극동유화,KOSPI,,3560,1,30,0.85,3520,3570,3520,8808,31228780,124135135200,34869420,STK
1375,047820,KR7047820006,초록뱀미디어,KOSDAQ,중견기업부,5070,1,175,3.58,5100,5100,4985,1507,7546835,123981425100,24453930,KSQ
1376,001290,KR7001290006,상상인증권,KOSPI,,1144,1,7,0.62,1140,1160,1140,34398,39434431,123937665280,108337120,STK
1377,033340,KR7033340001,좋은사람들,KOSDAQ,중견기업부,1276,1,55,4.5,1212,1284,1212,159420,201767818,123708912008,96950558,KSQ
1378,002460,KR7002460004,HS화성,KOSPI,,12180,1,70,0.58,12300,12380,12180,95,1167750,123627000000,10150000,STK
1379,029480,KR7029480001,광무,KOSDAQ,중견기업부,2070,1,55,2.73,2040,2070,2015,12002,24518040,123618603240,59719132,KSQ
1380,059270,KR7059270009,해성에어로보틱스,KOSDAQ,기술성장기업부,11070,2,-220,-1.95,11540,11540,11000,85021,959696635,123599859930,11165299,KSQ
1381,330730,KR7330730003,스톤브릿지벤처스,KOSDAQ,벤처기업부,6780,3,0,0.0,6790,6860,6720,8345,56607450,123516887400,18217830,KSQ
1382,092040,KR7092040005,아미코젠,KOSDAQ,기술성장기업부,1748,1,38,2.22,1710,1774,1710,45306,79257383,123505616476,70655387,KSQ
1383,011700,KR7011700002,한신기계,KOSPI,,3800,1,80,2.15,3850,3850,3790,15982,61169115,123295373800,32446151,STK
1384,382840,KR7382840007,원준,KOSDAQ,중견기업부,8070,1,220,2.8,7840,8080,7840,15581,124505530,123241658670,15271581,KSQ
1385,109740,KR7109740001,디에스케이,KOSDAQ,벤처기업부,4780,1,80,1.7,4700,4795,4620,1973,9246095,122895664200,25710390,KSQ
1386,339950,KR7339950008,아이비김영,KOSDAQ,우량기업부,2725,1,5,0.18,2805,2805,2725,3994,10965580,122479634875,44946655,KSQ
1387,950130,KR8840090003,엑세스바이오,KOSDAQ,외국기업(소속부없음),3480,1,90,2.65,3350,3480,3340,35413,120760735,122404942320,35173834,KSQ
1388,052260,KR7052260007,현대바이오랜드,KOSDAQ,우량기업부,4070,1,55,1.37,4015,4085,4015,4251,17284580,122100000000,30000000,KSQ
1389,317770,KR7317770006,엑스페릭스,KOSDAQ,벤처기업부,3345,1,120,3.72,3250,3385,3250,27958,92828445,122047493025,36486545,KSQ
1390,045970,KR7045970001,코아시아,KOSDAQ,중견기업부,4635,1,105,2.32,4535,4690,4535,13714,63382400,121969450260,26314876,KSQ
1391,109610,KR7109610006,에스와이,KOSDAQ,중견기업부,2480,1,80,3.33,2440,2510,2440,15464,38321295,121290352000,48907400,KSQ
1392,413630,KR7413630005,씨피시스템,KOSDAQ,벤처기업부,3320,1,85,2.63,3235,3355,3235,30900,102606110,120969598320,36436626,KSQ
1393,025950,KR7025950007,동신건설,KOSDAQ,우량기업부,14390,1,140,0.98,14210,14550,14210,5056,72953330,120876000000,8400000,KSQ
1394,357230,KR7357230002,에이치피오,KOSDAQ,우량기업부,2920,1,40,1.39,2880,2920,2860,17588,50722205,120576949920,41293476,KSQ
1395,331740,KR7331740001,아우토크립트,KOSDAQ,기술성장기업부,12360,1,730,6.28,12440,12440,11820,7880,96593510,120506180760,9749691,KSQ
1396,076610,KR7076610005,해성옵틱스,KOSDAQ,벤처기업부,2265,2,-125,-5.23,2270,2320,2250,342175,776774247,120442371600,53175440,KSQ
1397,038110,KR7038110003,에코플라스틱,KOSDAQ,우량기업부,2925,1,30,1.04,2900,2935,2900,22947,66950855,120420407250,41169370,KSQ
1398,001020,KR7001020007,페이퍼코리아,KOSPI,,674,0,0,0.0,0,0,0,0,0,119960752962,177983313,STK
1399,139990,KR7139990006,아주스틸,KOSPI,,3090,1,70,2.32,3075,3150,3030,14185,43726565,119754229260,38755414,STK
1400,049080,KR7049080005,기가레인,KOSDAQ,벤처기업부,1410,1,51,3.75,1303,1449,1302,2426210,3356488112,119685519270,84883347,KSQ
1401,002450,KR7002450005,삼익악기,KOSPI,,1321,2,-10,-0.75,1345,1345,1318,2379,3159777,119591338715,90530915,STK
1402,013570,KR7013570007,디와이,KOSPI,,4520,1,50,1.12,4475,4540,4475,1134,5125405,118964741160,26319633,STK
1403,253840,KR7253840003,수젠텍,KOSDAQ,중견기업부,7100,1,130,1.87,7040,7220,7030,226632,1612675185,118876720000,16743200,KSQ
1404,009780,KR7009780008,엠에스씨,KOSDAQ,우량기업부,6750,1,40,0.6,6750,6760,6740,1233,8324160,118800000000,17600000,KSQ
1405,309960,KR7309960003,LB인베스트먼트,KOSDAQ,중견기업부,5110,1,50,0.99,5140,5180,5100,3901,20059920,118640091290,23217239,KSQ
1406,054050,KR7054050000,NH농우바이오,KOSDAQ,우량기업부,7390,1,80,1.09,7320,7390,7320,3669,26994090,118465845790,16030561,KSQ
1407,464490,KR7464490002,쿼드메디슨,KOSDAQ,기술성장기업부,10310,1,430,4.35,9970,10400,9970,12443,126793750,118380585030,11482113,KSQ
1408,443670,KR7443670005,에스피소프트,KOSDAQ,중견기업부,4770,1,300,6.71,4550,4850,4550,98288,466680560,118016439840,24741392,KSQ
1409,227840,KR7227840006,현대코퍼레이션홀딩스,KOSPI,,12930,1,130,1.02,12800,12930,12800,70,900340,117673809480,9100836,STK
1410,035000,KR7035000009,HS애드,KOSPI,,7260,2,-100,-1.36,7360,7360,7260,2700,19632410,117667495440,16207644,STK
1411,049520,KR7049520000,유아이엘,KOSDAQ,우량기업부,3800,1,60,1.6,3800,3820,3785,9032,34347565,117201975000,30842625,KSQ
1412,408470,KR7408470003,한패스,KOSDAQ,중견기업부,11070,1,190,1.75,11080,11080,10920,1646,18152570,117032040000,10572000,KSQ
1413,182360,KR7182360008,큐브엔터,KOSDAQ,우량기업부,7520,1,110,1.48,7440,7740,7440,5079,38317700,116934864480,15549849,KSQ
1414,136150,KR7136150000,원일티엔아이,KOSDAQ,벤처기업부,13950,1,250,1.82,14200,14200,13940,6431,91128690,116915368500,8381030,KSQ
1415,036420,KR7036420008,콘텐트리중앙,KOSPI,,6060,1,180,3.06,5880,6090,5870,7318,43952880,116729586480,19262308,STK
1416,100130,KR7100130004,동국S&C,KOSDAQ,중견기업부,2035,1,5,0.25,2035,2040,2010,4393,8925745,116286005000,57143000,KSQ
1417,120030,KR7120030002,조선선재,KOSPI,,92400,1,900,0.98,91950,92400,91950,8,738150,116206952400,1257651,STK
1418,0015S0,KR70015S0005,페스카로,KOSDAQ,기술성장기업부,11770,1,230,1.99,11540,11790,11540,6094,71149100,116131412100,9866730,KSQ
1419,041590,KR7041590001,플래스크,KOSDAQ,관리종목(소속부없음),2370,0,0,0.0,0,0,0,0,0,116064014460,48972158,KSQ
1420,311320,KR7311320006,지오엘리먼트,KOSDAQ,기술성장기업부,9200,1,290,3.25,9000,9200,8990,2901,26401630,116053952000,12614560,KSQ
1421,014790,KR7014790000,HL D&I,KOSPI,,3065,1,340,12.48,2880,3100,2850,47064,141549377,116036612065,37858601,STK
1422,248170,KR7248170003,샘표식품,KOSPI,,25400,1,200,0.79,25450,25450,25400,161,4096850,116034464400,4568286,STK
1423,007210,KR7007210008,벽산,KOSPI,,1775,1,22,1.25,1778,1778,1771,13758,24407467,116014000000,65360000,STK
1424,096250,KR7096250006,와이즈넛,KOSDAQ,기술성장기업부,8850,1,150,1.72,8700,8850,8700,2981,26153560,115982294400,13105344,KSQ
1425,024880,KR7024880007,케이피에프,KOSDAQ,우량기업부,5750,1,130,2.31,5620,5750,5620,19826,113224380,115935835500,20162754,KSQ
1426,073560,KR7073560005,우리손에프앤지,KOSDAQ,우량기업부,1670,2,-6,-0.36,1676,1684,1670,6157,10312353,115626863810,69237643,KSQ
1427,035080,KR7035080001,그래디언트,KOSDAQ,중견기업부,10110,1,60,0.6,10050,10270,10050,367,3751600,115570281240,11431284,KSQ
1428,051160,KR7051160000,지어소프트,KOSDAQ,중견기업부,7460,3,0,0.0,7470,7490,7420,170,1264050,115439247800,15474430,KSQ
1429,417970,KR7417970001,모델솔루션,KOSDAQ,우량기업부,18040,1,150,0.84,17890,18080,17780,1535,27476060,115396468000,6396700,KSQ
1430,038540,KR7038540001,상상인,KOSDAQ,중견기업부,2085,3,0,0.0,2085,2095,2080,8349,17395870,115359532605,55328313,KSQ
1431,034590,KR7034590000,인천도시가스,KOSPI,,26300,2,-100,-0.38,26400,26550,26300,142,3738400,115056030200,4374754,STK
1432,067830,KR7067830000,세이브존I&C,KOSPI,,2800,1,70,2.56,2770,2800,2770,3994,11101440,114914506000,41040895,STK
1433,149980,KR7149980005,하이로닉,KOSDAQ,중견기업부,5410,3,0,0.0,5410,5540,5310,3440,18518010,114661503830,21194363,KSQ
1434,023900,KR7023900004,풍국주정,KOSDAQ,우량기업부,9090,1,280,3.18,8810,9090,8810,7202,64712980,114534000000,12600000,KSQ
1435,229500,KR7229500004,노브메타파마,KONEX,일반기업부,8900,3,0,0.0,8900,9000,8900,976,8686900,114289830600,12841554,KNX
1436,018120,KR7018120006,진로발효,KOSDAQ,우량기업부,17260,1,20,0.12,17240,17280,17240,165,2845360,114280531200,6621120,KSQ
1437,226400,KR7226400000,오스테오닉,KOSDAQ,기술성장기업부,5530,1,130,2.41,5490,5530,5480,7232,39832730,114258653530,20661601,KSQ
1438,267850,KR7267850006,아시아나IDT,KOSPI,,10270,1,200,1.99,10080,10280,10080,650,6651150,113997000000,11100000,STK
1439,011000,KR7011000007,진원생명과학,KOSPI,,1253,2,-68,-5.15,1392,1392,1253,746462,1000486000,113876282471,90882907,STK
1440,117670,KR7117670000,알파칩스,KOSDAQ,벤처기업부,17060,1,880,5.44,16500,17150,16500,1510,25440060,113649318520,6661742,KSQ
1441,104460,KR7104460001,디와이피엔에프,KOSDAQ,우량기업부,10800,1,400,3.85,10400,10850,10400,2366,25294300,113595490800,10518101,KSQ
1442,000440,KR7000440008,중앙에너비스,KOSDAQ,중견기업부,18230,1,160,0.89,18070,18240,18000,2981,53945530,113520579900,6227130,KSQ
1443,290720,KR7290720002,푸드나무,KOSDAQ,중견기업부,3230,2,-10,-0.31,3240,3280,3230,647,2099480,113444518660,35122142,KSQ
1444,032300,KR7032300006,한국파마,KOSDAQ,중견기업부,10370,1,220,2.17,10230,10370,10230,992,10202200,113102489370,10906701,KSQ
1445,090470,KR7090470006,제이스로보틱스,KOSDAQ,벤처기업부,6470,1,130,2.05,6340,6490,6340,1598,10307840,113073563180,17476594,KSQ
1446,004100,KR7004100004,태양금속,KOSPI,,3080,1,90,3.01,2990,3085,2965,114896,349292052,113036000000,36700000,STK
1447,044990,KR7044990000,에이치엔에스하이텍,KOSDAQ,기술성장기업부,14680,1,310,2.16,14480,14800,14480,1507,22091130,112822039000,7685425,KSQ
1448,023800,KR7023800006,인지컨트롤스,KOSPI,,7130,1,10,0.14,7170,7170,7100,7039,50258220,112719574610,15809197,STK
1449,451220,KR7451220008,아이엠티,KOSDAQ,기술성장기업부,14290,1,290,2.07,14000,14300,13920,13448,189354500,112528191190,7874611,KSQ
1450,004140,KR7004140000,동방,KOSPI,,2340,1,55,2.41,2285,2365,2285,30023,69845564,112253932440,47971766,STK
1451,041930,KR7041930009,SY동아,KOSDAQ,우량기업부,7380,1,50,0.68,7490,7490,7330,49677,367808710,112176000000,15200000,KSQ
1452,131370,KR7131370009,알서포트,KOSDAQ,벤처기업부,2105,1,45,2.18,2055,2115,2055,14523,30457105,112127209715,53267083,KSQ
1453,015590,KR7015590003,DKME,KOSPI,,2365,1,60,2.6,2305,2380,2260,82993,192563245,112092268420,47396308,STK
1454,321260,KR7321260002,프로이천,KOSDAQ,벤처기업부,3975,2,-20,-0.5,3995,4050,3830,171142,678153395,112063533900,28192084,KSQ
1455,052860,KR7052860004,아이앤씨,KOSDAQ,벤처기업부,6250,1,150,2.46,6200,6250,6130,2800,17423730,111642837500,17862854,KSQ
1456,067000,KR7067000000,조이시티,KOSDAQ,중견기업부,1596,1,35,2.24,1561,1615,1561,16211,25759426,111565899816,69903446,KSQ
1457,246710,KR7246710008,티앤알바이오팹,KOSDAQ,기술성장기업부,2340,1,125,5.64,2215,2355,2215,33617,77713605,111534939360,47664504,KSQ
1458,042500,KR7042500009,링네트,KOSDAQ,우량기업부,5000,1,190,3.95,4880,5030,4875,71727,356158100,111455720000,22291144,KSQ
1459,217330,KR7217330000,싸이토젠,KOSDAQ,기술성장기업부,4810,1,210,4.57,4610,4840,4610,20660,98633795,111253121070,23129547,KSQ
1460,205470,KR7205470008,휴마시스,KOSDAQ,중견기업부,4290,1,25,0.59,4210,4320,4210,10586,45277170,111003754290,25875001,KSQ
1461,363280,KR7363280009,티와이홀딩스,KOSPI,,2430,1,10,0.41,2430,2440,2430,3288,7989855,110558519190,45497333,STK
1462,036220,KR7036220002,오상헬스케어,KOSDAQ,우량기업부,7720,1,300,4.04,7440,7720,7440,7132,54082460,110468691520,14309416,KSQ
1463,476040,KR7476040001,오가노이드사이언스,KOSDAQ,기술성장기업부,16740,1,200,1.21,16540,16890,16540,3502,58567030,110245622400,6585760,KSQ
1464,100700,KR7100700004,세운메디칼,KOSDAQ,우량기업부,2515,1,80,3.29,2435,2525,2435,22664,55989415,110157000000,43800000,KSQ
1465,078140,KR7078140001,대봉엘에스,KOSDAQ,우량기업부,9930,1,100,1.02,9730,9970,9730,3272,32128800,110089729470,11086579,KSQ
1466,063170,KR7063170005,서울옥션,KOSDAQ,중견기업부,6190,1,150,2.48,6060,6200,6050,10022,61560665,110022712730,17774267,KSQ
1467,014160,KR7014160006,대영포장,KOSPI,,1013,1,13,1.3,1000,1017,1000,44749,45087979,109803678137,108394549,STK
1468,011810,KR7011810009,STX,KOSPI,,3530,0,0,0.0,0,0,0,0,0,109493282310,31017927,STK
1469,265740,KR7265740001,엔에프씨,KOSDAQ,벤처기업부,6090,1,150,2.53,5920,6150,5920,13205,80063700,108789324000,17863600,KSQ
1470,460940,KR7460940000,피앤에스로보틱스,KOSDAQ,기술성장기업부,8060,1,120,1.51,7910,8250,7900,16419,130944850,108449556800,13455280,KSQ
1471,101330,KR7101330009,모베이스,KOSDAQ,중견기업부,4680,1,30,0.65,4605,4680,4510,26145,121028280,108328095720,23147029,KSQ
1472,079810,KR7079810008,APS이노베이션,KOSDAQ,우량기업부,5030,1,130,2.65,4915,5070,4910,21490,107293950,108286312820,21528094,KSQ
1473,059210,KR7059210005,메타바이오메드,KOSDAQ,우량기업부,3985,1,100,2.57,3890,3995,3890,54056,214245160,108278208325,27171445,KSQ
1474,004590,KR7004590006,한국가구,KOSDAQ,중견기업부,7210,2,-20,-0.28,7230,7230,7010,28046,200574300,108150000000,15000000,KSQ
1475,074430,KR7074430000,아미노로직스,KOSDAQ,중견기업부,1230,1,19,1.57,1211,1238,1199,34660,42277890,108027018120,87826844,KSQ
1476,094840,KR7094840006,슈프리마에이치큐,KOSDAQ,벤처기업부,10990,1,280,2.61,10820,11000,10820,695,7602450,107769137910,9806109,KSQ
1477,228850,KR7228850004,레이언스,KOSDAQ,우량기업부,6490,2,-150,-2.26,6680,6680,6460,2035,13251340,107675680860,16591014,KSQ
1478,089230,KR7089230007,THE E&M,KOSDAQ,중견기업부,2870,1,15,0.53,2880,2920,2835,25861,74257055,107399285980,37421354,KSQ
1479,411080,KR7411080005,샌즈랩,KOSDAQ,기술성장기업부,7030,1,680,10.71,6750,7130,6550,104630,726330350,107331495140,15267638,KSQ
1480,058850,KR7058850009,KTcs,KOSPI,,2590,1,25,0.97,2560,2590,2560,6798,17499050,107237525500,41404450,STK
1481,294630,KR7294630009,서남,KOSDAQ,기술성장기업부,4065,1,185,4.77,4000,4070,3900,102083,406699678,107179086735,26366319,KSQ
1482,086710,KR7086710001,선진뷰티사이언스,KOSDAQ,우량기업부,8780,1,90,1.04,8690,8890,8690,4368,38511660,107144798400,12203280,KSQ
1483,228670,KR7228670006,레이,KOSDAQ,벤처기업부,6850,1,190,2.85,6870,6920,6700,3824,25959300,107134143850,15640021,KSQ
1484,091120,KR7091120006,이엠텍,KOSDAQ,중견기업부,6200,1,40,0.65,6160,6230,6160,2745,16970685,106224203200,17132936,KSQ
1485,225530,KR7225530005,HC보광산업,KOSDAQ,우량기업부,2910,1,10,0.34,2975,2975,2810,4304,12482300,105745695570,36338727,KSQ
1486,37550L,KR737550K029,DL이앤씨2우(전환),KOSPI,,49900,1,1300,2.67,50000,50000,49900,305,15249900,105386354900,2111951,STK
1487,088390,KR7088390000,이녹스,KOSDAQ,중견기업부,11200,1,490,4.58,10710,11280,10710,5443,60460140,105121452800,9385844,KSQ
1488,096240,KR7096240007,크레버스,KOSDAQ,우량기업부,9760,2,-30,-0.31,9780,9790,9740,1357,13257000,104804636800,10738180,KSQ
1489,036630,KR7036630002,세종텔레콤,KOSDAQ,우량기업부,10440,1,200,1.95,10240,10600,10240,206,2164620,104400000000,10000000,KSQ
1490,432470,KR7432470003,케이엔에스,KOSDAQ,벤처기업부,11880,1,190,1.63,11700,11930,11700,1203,14266180,104206085280,8771556,KSQ
1491,023450,KR7023450000,동남합성,KOSPI,,29750,3,0,0.0,29750,30050,29750,118,3515050,104125000000,3500000,STK
1492,053580,KR7053580007,웹케시,KOSDAQ,우량기업부,8020,1,30,0.38,7990,8070,7960,1336,10680080,103894576720,12954436,KSQ
1493,389140,KR7389140005,포바이포,KOSDAQ,벤처기업부,7280,1,220,3.12,7070,7290,7000,9396,67218880,103883670800,14269735,KSQ
1494,039340,KR7039340005,한국경제TV,KOSDAQ,우량기업부,4720,2,-15,-0.32,4720,4720,4715,193,910180,103840000000,22000000,KSQ
1495,101670,KR7101670008,하이드로리튬,KOSDAQ,중견기업부,1826,1,66,3.75,1782,1849,1782,70078,128409079,103675143462,56777187,KSQ
1496,298540,KR7298540006,더네이쳐홀딩스,KOSDAQ,우량기업부,7150,2,-30,-0.42,7290,7290,7120,84,609220,103577659900,14486386,KSQ
1497,424960,KR7424960003,스마트레이더시스템,KOSDAQ,기술성장기업부,6280,1,120,1.95,6330,6330,6210,2374,14966190,103526490800,16485110,KSQ
1498,382480,KR7382480002,지아이텍,KOSDAQ,벤처기업부,2630,1,50,1.94,2580,2665,2580,15695,41278190,103509278200,39357140,KSQ
1499,019550,KR7019550003,SBI인베스트먼트,KOSDAQ,중견기업부,638,0,0,0.0,0,0,0,0,0,103398474850,162066575,KSQ
1500,006840,KR7006840003,AK홀딩스,KOSPI,,7800,2,-80,-1.02,8040,8040,7790,688,5418680,103330975800,13247561,STK
1501,273640,KR7273640003,와이엠텍,KOSDAQ,벤처기업부,9420,1,310,3.4,9290,9500,9250,5974,55981020,103299720000,10966000,KSQ
1502,317830,KR7317830008,에스피시스템스,KOSDAQ,벤처기업부,9580,1,60,0.63,9530,9660,9520,7469,71392840,103213176440,10773818,KSQ
1503,185490,KR7185490000,아이진,KOSDAQ,벤처기업부,2385,1,70,3.02,2435,2630,2365,1556926,3823980625,103103034840,43229784,KSQ
1504,264900,KR7264900002,크라운제과,KOSPI,,8220,2,-50,-0.6,8390,8390,8210,797,6582010,102946047000,12523850,STK
1505,054620,KR7054620000,APS,KOSDAQ,중견기업부,5590,1,220,4.1,5500,5650,5430,10694,59658425,102823695390,18394221,KSQ
1506,009300,KR7009300005,삼아제약,KOSDAQ,우량기업부,16050,1,350,2.23,15650,16100,15630,249,3921370,102238500000,6370000,KSQ
1507,348350,KR7348350000,위드텍,KOSDAQ,벤처기업부,10240,1,130,1.29,10410,10410,10130,4441,45413930,102180864000,9978600,KSQ
1508,370090,KR7370090003,퓨런티어,KOSDAQ,기술성장기업부,11940,1,440,3.83,11520,12120,11520,8721,103981600,102168550200,8556830,KSQ
1509,088280,KR7088280003,쏘닉스,KOSDAQ,기술성장기업부,5880,1,1205,25.78,5880,6070,5630,783159,4670495795,101762161200,17306490,KSQ
1510,123010,KR7123010001,알엔티엑스,KOSDAQ,기술성장기업부,3025,1,405,15.46,2995,3135,2860,767251,2297275545,101707357675,33622267,KSQ
1511,032560,KR7032560005,황금에스티,KOSPI,,5980,1,40,0.67,5940,6040,5920,1704,10180390,101660000000,17000000,STK
1512,019680,KR7019680008,대교,KOSPI,,1200,3,0,0.0,1190,1200,1187,1910,2277380,101643420000,84702850,STK
1513,007110,KR7007110000,일신석재,KOSPI,,1311,1,47,3.72,1267,1319,1267,24078,31209158,101545615710,77456610,STK
1514,063080,KR7063080006,컴투스홀딩스,KOSDAQ,중견기업부,15360,1,500,3.36,14860,15500,14860,696,10518110,101302149120,6595192,KSQ
1515,173130,KR7173130006,오파스넷,KOSDAQ,중견기업부,7750,1,220,2.92,7590,7760,7590,20489,157829220,101110165750,13046473,KSQ
1516,040910,KR7040910002,아이씨디,KOSDAQ,중견기업부,5560,1,270,5.1,5300,5560,5300,5146,28106910,101048969000,18174275,KSQ
1517,489460,KR7489460006,바이오비쥬,KOSDAQ,벤처기업부,6710,1,160,2.44,6510,6760,6510,7837,52352970,100948125300,15044430,KSQ
1518,066980,KR7066980004,한성크린텍,KOSDAQ,벤처기업부,1943,1,45,2.37,1920,1995,1872,819396,1593389481,100909947875,51935125,KSQ
1519,337930,KR7337930002,젝시믹스,KOSDAQ,우량기업부,3400,1,50,1.49,3350,3500,3350,41974,141960825,100900015000,29676475,KSQ
1520,078935,KR7078931003,GS우,KOSPI,,56500,1,300,0.53,56600,56700,56400,128,7234200,100842669000,1784826,STK
1521,119650,KR7119650000,KC코트렐,KOSPI,,918,0,0,0.0,0,0,0,0,0,100782913662,109785309,STK
1522,094940,KR7094940004,푸른기술,KOSDAQ,벤처기업부,12050,1,300,2.55,11740,12110,11590,59223,705087485,100754701300,8361386,KSQ
1523,330350,KR7330350000,위더스제약,KOSDAQ,우량기업부,7630,1,190,2.55,7460,7780,7400,2796,21336200,100732320570,13202139,KSQ
1524,053260,KR7053260006,금강철강,KOSDAQ,우량기업부,5380,1,120,2.28,5320,5550,5270,11961,65004850,100713600000,18720000,KSQ
1525,066700,KR7066700006,테라젠이텍스,KOSDAQ,중견기업부,2710,1,60,2.26,2650,2715,2650,14453,38663915,100682938960,37152376,KSQ
1526,056360,KR7056360001,코위버,KOSDAQ,벤처기업부,10240,1,1580,18.24,9720,10450,9720,319026,3221929665,100319232000,9796800,KSQ
1527,352090,KR7352090005,스톰테크,KOSDAQ,우량기업부,3730,1,20,0.54,3710,3730,3705,95,352725,100236282540,26872998,KSQ
1528,005870,KR7005870001,휴니드,KOSPI,,7100,1,130,1.87,6970,7180,6970,11756,83333300,100223706500,14116015,STK
1529,033290,KR7033290008,로젠,KOSDAQ,우량기업부,1783,1,4,0.22,1779,1790,1779,722,1284861,100126684683,56156301,KSQ
1530,005740,KR7005740006,크라운해태홀딩스,KOSPI,,6740,1,160,2.43,6640,6960,6630,3614,24442440,100071118780,14847347,STK
1531,251120,KR7251120002,바이오에프디엔씨,KOSDAQ,기술성장기업부,11500,1,300,2.68,11140,11610,11140,5470,61768710,100000550000,8695700,KSQ
1532,003310,KR7003310000,대주산업,KOSDAQ,우량기업부,2825,1,65,2.36,2750,2865,2750,74401,210495785,99983388750,35392350,KSQ
1533,002200,KR7002200004,한국수출포장,KOSPI,,2625,1,25,0.96,2620,2640,2620,302,792355,99750000000,38000000,STK
1534,377480,KR7377480009,마음AI,KOSDAQ,기술성장기업부,14020,1,590,4.39,13970,14190,13510,5542,77991905,99686055500,7110275,KSQ
1535,007820,KR7007820004,엠엑스로보틱스,KOSDAQ,중견기업부,4975,1,125,2.58,4995,5050,4910,22713,113403525,99668881350,20033946,KSQ
1536,246720,KR7246720007,아스타,KOSDAQ,관리종목(소속부없음),6070,0,0,0.0,0,0,0,0,0,99434491000,16381300,KSQ
1537,036580,KR7036580009,팜스코,KOSPI,,2700,2,-15,-0.55,2740,2780,2700,3841,10491615,99165446100,36727943,STK
1538,251630,KR7251630000,브이원텍,KOSDAQ,벤처기업부,6220,1,180,2.98,6170,6280,6090,11532,71402780,99164750920,15942886,KSQ
1539,008700,KR7008700007,아남전자,KOSPI,,1280,1,24,1.91,1272,1289,1272,5846,7459324,98719769600,77124820,STK
1540,208370,KR7208370007,셀바스헬스케어,KOSDAQ,벤처기업부,3835,1,105,2.82,3830,3855,3755,6703,25634270,98715062940,25740564,KSQ
1541,041910,KR7041910001,폴라리스AI파마,KOSDAQ,우량기업부,7430,1,150,2.06,7320,7530,7310,16226,120233130,98695290500,13283350,KSQ
1542,006140,KR7006140008,피제이전자,KOSDAQ,우량기업부,6630,1,100,1.53,6540,6740,6540,3446,22756280,98554950000,14865000,KSQ
1543,048550,KR7048550008,SM C&C,KOSDAQ,중견기업부,1019,2,-3,-0.29,1010,1028,1010,21722,22050299,98552197780,96714620,KSQ
1544,163560,KR7163560006,동일고무벨트,KOSPI,,7090,1,110,1.58,7080,7190,7010,5061,35770410,98551000000,13900000,STK
1545,099750,KR7099750002,이지케어텍,KOSDAQ,벤처기업부,7200,1,120,1.69,7030,7210,7030,6664,47221020,98346045600,13659173,KSQ
1546,303810,KR7303810006,동국생명과학,KOSDAQ,중견기업부,3070,1,40,1.32,3050,3085,3035,6485,19832560,98191309800,31984140,KSQ
1547,212710,KR7212710008,아이에스티이,KOSDAQ,기술성장기업부,10200,1,100,0.99,10110,10390,10100,7244,74655570,98154375600,9622978,KSQ
1548,277880,KR7277880001,티에스아이,KOSDAQ,우량기업부,4945,1,85,1.75,4970,4970,4875,4003,19758740,98124683340,19843212,KSQ
1549,120240,KR7120240007,대정화금,KOSDAQ,우량기업부,13590,1,180,1.34,13490,13600,13460,41,555470,97717413690,7190391,KSQ
1550,063160,KR7063160006,종근당바이오,KOSPI,,17800,1,150,0.85,17660,17870,17660,908,16075970,97650123600,5485962,STK
1551,008260,KR7008260002,NI스틸,KOSPI,,3410,1,50,1.49,3370,3420,3370,1421,4814250,97526398970,28600117,STK
1552,035610,KR7035610005,솔본,KOSDAQ,투자주의환기종목(소속부없음),3565,3,0,0.0,3565,3565,3530,1339,4762620,97488479305,27345997,KSQ
1553,084650,KR7084650001,랩지노믹스,KOSDAQ,중견기업부,1313,1,12,0.92,1297,1331,1297,130362,171513972,97477106870,74239990,KSQ
1554,066790,KR7066790007,씨씨에스,KOSDAQ,관리종목(소속부없음),1493,0,0,0.0,0,0,0,0,0,97271994227,65152039,KSQ
1555,448710,KR7448710004,코츠테크놀로지,KOSDAQ,벤처기업부,18330,1,480,2.69,17850,18430,17850,2081,37922740,96879402360,5285292,KSQ
1556,001275,KR7001271006,부국증권우,KOSPI,,32200,1,100,0.31,32200,32200,32200,33,1062600,96600000000,3000000,STK
1557,068240,KR7068240001,다원시스,KOSDAQ,관리종목(소속부없음),2530,0,0,0.0,0,0,0,0,0,96553495610,38163437,KSQ
1558,081180,KR7081180002,쎄크,KOSDAQ,기술성장기업부,10940,1,420,3.99,10510,10940,10490,29038,312917630,96551352900,8825535,KSQ
1559,006660,KR7006660005,삼성공조,KOSPI,,11810,1,180,1.55,11700,11880,11700,3221,37912545,95971768340,8126314,STK
1560,950190,KR8344390008,고스트스튜디오,KOSDAQ,외국기업(소속부없음),7370,1,170,2.36,7260,7370,7260,179,1305090,95935724830,13017059,KSQ
1561,175140,KR7175140003,휴먼테크놀로지,KOSDAQ,투자주의환기종목(소속부없음),3840,1,110,2.95,3730,3850,3730,1153,4395515,95785931520,24944253,KSQ
1562,091440,KR7091440008,한울소재과학,KOSDAQ,투자주의환기종목(소속부없음),2945,1,155,5.56,3000,3000,2855,24139,70858645,95627215745,32471041,KSQ
1563,048530,KR7048530000,인트론바이오,KOSDAQ,기술성장기업부,3095,1,110,3.69,2985,3095,2985,20988,64384440,95609991010,30891758,KSQ
1564,066590,KR7066590001,스모트로닉,KOSDAQ,중견기업부,2470,1,25,1.02,2455,2470,2445,3500,8608165,95534504390,38677937,KSQ
1565,010280,KR7010280006,아이티센엔텍,KOSDAQ,우량기업부,7330,2,-10,-0.14,7500,7500,7330,2424,17889470,95471468810,13024757,KSQ
1566,000230,KR7000230003,일동홀딩스,KOSPI,,8260,1,230,2.86,8160,8280,8070,2485,20303860,95323704000,11540400,STK
1567,205500,KR7205500002,넥써쓰,KOSDAQ,중견기업부,1486,1,3,0.2,1492,1524,1478,11307,16860569,95270579114,64112099,KSQ
1568,065440,KR7065440000,이루온,KOSDAQ,벤처기업부,3490,1,180,5.44,3315,3525,3315,242623,834220890,95189819800,27275020,KSQ
1569,010660,KR7010660009,화천기계,KOSPI,,4325,1,125,2.98,4180,4345,4180,44259,189856564,95150000000,22000000,STK
1570,463020,KR7463020008,뉴엔AI,KOSDAQ,기술성장기업부,10710,1,200,1.9,10510,10790,10510,5933,63334095,95096232000,8879200,KSQ
1571,131400,KR7131400004,이브이첨단소재,KOSDAQ,벤처기업부,1594,1,35,2.25,1561,1596,1550,72065,114014930,94989459908,59591882,KSQ
1572,095720,KR7095720009,웅진씽크빅,KOSPI,,1663,2,-3,-0.18,1666,1666,1663,1121,1867243,94503442355,56827085,STK
1573,043610,KR7043610005,KT지니뮤직,KOSDAQ,중견기업부,1624,1,9,0.56,1620,1624,1620,439,711515,94379471312,58115438,KSQ
1574,058860,KR7058860008,KTis,KOSPI,,2710,1,15,0.56,2695,2710,2695,2883,7785955,94313420000,34802000,STK
1575,002210,KR7002210003,동성제약,KOSPI,,973,0,0,0.0,0,0,0,0,0,94010780311,96619507,STK
1576,347890,KR7347890006,엠엑스온,KOSDAQ,벤처기업부,5530,1,110,2.03,5420,5550,5420,2467,13497470,93806518120,16963204,KSQ
1577,362320,KR7362320004,청담글로벌,KOSDAQ,중견기업부,4430,1,5,0.11,4410,4460,4405,7047,31208140,93700214700,21151290,KSQ
1578,024740,KR7024740003,한일단조,KOSDAQ,우량기업부,2845,1,40,1.43,2790,2870,2785,21051,59898800,93592104405,32897049,KSQ
1579,002700,KR7002700003,신일전자,KOSPI,,1335,1,20,1.52,1318,1338,1318,41107,54646672,93513440535,70047521,STK
1580,081150,KR7081150005,티플랙스,KOSDAQ,중견기업부,3850,1,165,4.48,3710,3855,3710,56841,216601966,93433347700,24268402,KSQ
1581,265560,KR7265560003,영화테크,KOSDAQ,우량기업부,8740,1,80,0.92,8710,8820,8710,2648,23241850,93432173200,10690180,KSQ
1582,017370,KR7017370008,우신시스템,KOSPI,,5100,1,140,2.82,4960,5100,4960,9290,47095795,93401675400,18314054,STK
1583,299660,KR7299660001,셀리드,KOSDAQ,기술성장기업부,3160,1,110,3.61,3060,3190,3060,58888,185112755,93229407320,29502977,KSQ
1584,093920,KR7093920007,서원인텍,KOSDAQ,우량기업부,5010,1,30,0.6,4980,5010,4980,1027,5123820,93186000000,18600000,KSQ
1585,030960,KR7030960009,양지사,KOSDAQ,중견기업부,5830,1,80,1.39,5680,5840,5680,3612,20674350,93163400000,15980000,KSQ
1586,0015N0,KR70015N0000,아로마티카,KOSDAQ,벤처기업부,7320,1,270,3.83,7150,7320,7100,5549,40248250,93074166000,12715050,KSQ
1587,302550,KR7302550009,리메드,KOSDAQ,기술성장기업부,3010,1,20,0.67,3000,3010,2980,4024,12065630,93030521500,30907150,KSQ
1588,011370,KR7011370004,서한,KOSDAQ,우량기업부,922,1,2,0.22,927,927,922,4397,4060116,93025065530,100894865,KSQ
1589,019540,KR7019540004,일지테크,KOSDAQ,우량기업부,6870,1,140,2.08,6800,6890,6760,14151,96640640,92837745000,13513500,KSQ
1590,026150,KR7026150003,특수건설,KOSDAQ,중견기업부,5290,1,240,4.75,5090,5310,5090,12601,66061480,92820090990,17546331,KSQ
1591,038460,KR7038460002,바이오스마트,KOSDAQ,우량기업부,3670,1,55,1.52,3595,3685,3595,40808,149212950,92757569140,25274542,KSQ
1592,058630,KR7058630005,엠게임,KOSDAQ,우량기업부,4830,1,110,2.33,4725,4830,4725,5434,26074340,92748432420,19202574,KSQ
1593,302430,KR7302430004,이노메트리,KOSDAQ,벤처기업부,9430,1,190,2.06,9240,9620,9240,9692,91530380,92727151440,9833208,KSQ
1594,014440,KR7014440002,영보화학,KOSPI,,4635,1,35,0.76,4600,4640,4600,690,3187820,92700000000,20000000,STK
1595,072020,KR7072020001,중앙백신,KOSDAQ,벤처기업부,9800,1,60,0.62,9710,9800,9700,1809,17643460,92695132600,9458687,KSQ
1596,096350,KR7096350004,대창솔루션,KOSDAQ,벤처기업부,2515,1,65,2.65,2455,2560,2455,45097,113915165,92689726430,36854762,KSQ
1597,004840,KR7004840005,DRB동일,KOSPI,,4800,1,25,0.52,4780,4900,4780,73,355375,92507347200,19272364,STK
1598,031820,KR7031820004,아이티센씨티에스,KOSPI,,7640,1,220,2.96,7550,7680,7540,5533,42186000,92483315440,12105146,STK
1599,048770,KR7048770002,TPC로보틱스,KOSDAQ,벤처기업부,5870,2,-150,-2.49,6020,6140,5810,185530,1102385185,92147207170,15697991,KSQ
1600,082850,KR7082850009,우리바이오,KOSDAQ,중견기업부,1901,1,15,0.8,1887,1901,1887,7863,14930047,92115954778,48456578,KSQ
1601,419050,KR7419050000,삼기에너지솔루션즈,KOSDAQ,중견기업부,1608,1,19,1.2,1614,1625,1600,7150,11516996,91971553920,57196240,KSQ
1602,014970,KR7014970008,삼륭물산,KOSDAQ,중견기업부,6190,1,130,2.15,6060,6220,6060,1153,7072260,91766750000,14825000,KSQ
1603,290660,KR7290660000,다이나믹솔루션,KOSDAQ,기술성장기업부,1082,2,-31,-2.79,1121,1137,1025,227945,249728662,91482036394,84549017,KSQ
1604,040420,KR7040420002,정상제이엘에스,KOSDAQ,우량기업부,5820,2,-10,-0.17,5830,5830,5810,1678,9759250,91243352640,15677552,KSQ
1605,067290,KR7067290007,JW신약,KOSDAQ,중견기업부,1625,1,42,2.65,1584,1638,1584,22478,36443221,91060292375,56037103,KSQ
1606,418470,KR7418470001,KT밀리의서재,KOSDAQ,우량기업부,10630,1,100,0.95,10540,10650,10530,851,9000020,91054337070,8565789,KSQ
1607,079980,KR7079980009,휴비스,KOSPI,,2635,1,95,3.74,2580,2730,2575,13221,34818775,90907500000,34500000,STK
1608,413390,KR7413390006,엠오티,KOSDAQ,중견기업부,7850,1,140,1.82,7860,7950,7810,13427,105837970,90904413000,11580180,KSQ
1609,147760,KR7147760003,피엠티,KOSDAQ,벤처기업부,8400,1,340,4.22,8060,8700,8020,48897,402775840,90886874400,10819866,KSQ
1610,201490,KR7201490000,미투온,KOSDAQ,중견기업부,2785,1,65,2.39,2735,2805,2735,33596,93291805,90773760850,32593810,KSQ
1611,023000,KR7023000003,삼원강재,KOSPI,,2280,1,30,1.33,2285,2285,2280,9,20525,90607099680,39739956,STK
1612,006890,KR7006890008,태경케미컬,KOSPI,,7810,1,80,1.03,7730,7810,7680,4068,31569120,90596000000,11600000,STK
1613,096775,KR7096771001,SK이노베이션우,KOSPI,,72500,1,1800,2.55,71000,72500,71000,510,36634700,90510885000,1248426,STK
1614,025550,KR7025550005,한국선재,KOSDAQ,중견기업부,3540,1,90,2.61,3465,3565,3465,46236,163394955,90319574160,25514004,KSQ
1615,215790,KR7215790007,이노인스트루먼트,KOSDAQ,중견기업부,2240,1,140,6.67,2175,2275,2100,2295763,5044052283,90234253760,40283149,KSQ
1616,060590,KR7060590007,씨티씨바이오,KOSDAQ,중견기업부,3725,1,105,2.9,3700,3750,3640,18420,68142995,90074299500,24181020,KSQ
1617,170030,KR7170030001,현대공업,KOSDAQ,우량기업부,5870,1,40,0.69,5830,5890,5830,3637,21262760,90045800000,15340000,KSQ
1618,388870,KR7388870008,파로스아이바이오,KOSDAQ,기술성장기업부,6950,1,390,5.95,6560,6950,6550,16245,109422330,89974227400,12945932,KSQ
1619,217190,KR7217190008,제너셈,KOSDAQ,벤처기업부,6830,1,170,2.55,6880,6920,6700,41973,285184170,89840187630,13153761,KSQ
1620,054670,KR7054670005,대한뉴팜,KOSDAQ,우량기업부,6250,1,180,2.97,6070,6250,6070,11504,71462690,89718250000,14354920,KSQ
1621,003580,KR7003580008,HLB글로벌,KOSPI,,1768,1,36,2.08,1728,1800,1728,6563,11560456,89573076840,50663505,STK
1622,105740,KR7105740005,디케이락,KOSDAQ,우량기업부,8800,1,70,0.8,8740,8890,8730,7964,70218380,89482914400,10168513,KSQ
1623,203690,KR7203690003,아크솔루션스,KOSDAQ,관리종목(소속부없음),4425,0,0,0.0,0,0,0,0,0,89196141000,20157320,KSQ
1624,004650,KR7004650008,창해에탄올,KOSDAQ,우량기업부,9700,1,120,1.25,9520,9750,9520,2595,25120950,89151584500,9190885,KSQ
1625,007980,KR7007980006,TP,KOSPI,,1900,1,11,0.58,1899,1900,1889,4551,8630124,89104965000,46897350,STK
1626,004890,KR7004890000,동일산업,KOSPI,,36700,1,500,1.38,36700,36700,36700,98,3596600,89005390500,2425215,STK
1627,007460,KR7007460009,에이프로젠,KOSPI,,3960,1,80,2.06,3810,3990,3810,42628,165710420,88793503920,22422602,STK
1628,191420,KR7191420009,테고사이언스,KOSDAQ,벤처기업부,10910,1,340,3.22,10570,10910,10570,116,1246080,88467378940,8108834,KSQ
1629,315640,KR7315640003,딥노이드,KOSDAQ,기술성장기업부,3010,1,175,6.17,2835,3020,2835,26106,77550075,88410418320,29372232,KSQ
1630,000590,KR7000590000,CS홀딩스,KOSPI,,76400,0,0,0.0,0,0,0,0,0,88202424800,1154482,STK
1631,055490,KR7055490007,테이팩스,KOSPI,,18470,1,170,0.93,18800,18900,18390,9124,170635520,88095435500,4769650,STK
1632,061040,KR7061040002,알에프텍,KOSDAQ,중견기업부,1937,0,0,0.0,0,0,0,0,0,87632039755,45241115,KSQ
1633,475430,KR7475430005,키스트론,KOSDAQ,중견기업부,4900,1,135,2.83,4825,4935,4810,27203,132781695,87455739000,17848110,KSQ
1634,054040,KR7054040001,한국컴퓨터,KOSDAQ,우량기업부,5440,1,120,2.26,5360,5480,5360,10769,58484400,87427817600,16071290,KSQ
1635,024830,KR7024830002,세원물산,KOSDAQ,관리종목(소속부없음),10460,1,160,1.55,10550,10550,10280,318,3269870,87341000000,8350000,KSQ
1636,263600,KR7263600009,덕우전자,KOSDAQ,중견기업부,5480,1,70,1.29,5450,5480,5380,1768,9575205,87298098800,15930310,KSQ
1637,171120,KR7171120009,라이온켐텍,KOSDAQ,우량기업부,2430,1,25,1.04,2415,2450,2405,28197,68587235,87241276800,35901760,KSQ
1638,067170,KR7067170001,오텍,KOSDAQ,중견기업부,3475,2,-90,-2.52,3460,3485,3370,166471,569887187,86857096800,24994848,KSQ
1639,234300,KR7234300002,에스트래픽,KOSDAQ,우량기업부,3190,1,100,3.24,3100,3190,3100,11288,35564600,86792818200,27207780,KSQ
1640,227950,KR7227950003,엔투텍,KOSDAQ,벤처기업부,503,0,0,0.0,0,0,0,0,0,86788146641,172541047,KSQ
1641,085310,KR7085310001,엔케이,KOSPI,,1169,0,0,0.0,0,0,0,0,0,86717288567,74180743,STK
1642,000105,KR7000101006,유한양행우,KOSPI,,73400,1,2300,3.23,73600,74000,71500,440,32307000,86680996000,1180940,STK
1643,439580,KR7439580002,블루엠텍,KOSDAQ,기술성장기업부,2560,1,50,1.99,2520,2625,2510,23017,58981360,86647160320,33846547,KSQ
1644,382150,KR7382150001,온코크로스,KOSDAQ,기술성장기업부,7100,1,250,3.65,6850,7140,6850,5139,36190300,86591294700,12195957,KSQ
1645,391710,KR7391710001,코닉오토메이션,KOSDAQ,벤처기업부,2030,1,15,0.74,2015,2070,2015,17487,35714412,86519554100,42620470,KSQ
1646,065530,KR7065530008,와이어블,KOSDAQ,우량기업부,1807,1,66,3.79,1741,1808,1735,36562,64845733,86444637513,47838759,KSQ
1647,049480,KR7049480007,오픈베이스,KOSDAQ,우량기업부,2750,1,175,6.8,2720,2800,2685,357531,983497848,86411553250,31422383,KSQ
1648,084730,KR7084730001,팅크웨어,KOSDAQ,중견기업부,7770,1,70,0.91,7880,7880,7690,1534,11853500,86320224480,11109424,KSQ
1649,002600,KR7002600005,조흥,KOSPI,,143300,0,0,0.0,0,0,0,0,0,85980000000,600000,STK
1650,261780,KR7261780001,차백신연구소,KOSDAQ,기술성장기업부,3185,1,35,1.11,3145,3250,3105,188017,597812610,85717892260,26912996,KSQ
1651,443250,KR7443250006,레뷰코퍼레이션,KOSDAQ,벤처기업부,7670,1,30,0.39,7680,7680,7570,378,2879600,85426619200,11137760,KSQ
1652,020710,KR7020710000,시공테크,KOSDAQ,우량기업부,4260,1,215,5.32,4110,4390,4110,173451,743008989,85404352200,20047970,KSQ
1653,095270,KR7095270005,웨이브일렉트로,KOSDAQ,벤처기업부,5940,1,160,2.77,5790,5990,5790,42520,252398430,85372091640,14372406,KSQ
1654,011150,KR7011150000,CJ씨푸드,KOSPI,,2375,1,35,1.5,2340,2380,2340,4075,9578450,85335585875,35930773,STK
1655,463480,KR7463480004,모티브링크,KOSDAQ,중견기업부,6880,1,10,0.15,6880,6980,6880,3681,25410020,85245663040,12390358,KSQ
1656,033230,KR7033230004,인성정보,KOSDAQ,중견기업부,1686,1,50,3.06,1634,1693,1601,59864,99964602,85168930680,50515380,KSQ
1657,002720,KR7002720001,국제약품,KOSPI,,4020,1,70,1.77,3950,4030,3950,5047,20095160,85062524640,21159832,STK
1658,338100,KR7338100001,NH프라임리츠,KOSPI,,4555,1,80,1.79,4500,4555,4495,32878,148083595,84996300000,18660000,STK
1659,299170,KR7299170001,더블유에스아이,KOSDAQ,중견기업부,2045,1,35,1.74,2030,2060,2030,24397,49865450,84890583960,41511288,KSQ
1660,000180,KR7000180000,성창기업지주,KOSPI,,6080,1,130,2.18,6000,6080,5990,674,4040280,84817945600,13950320,STK
1661,012700,KR7012700001,리드코프,KOSDAQ,우량기업부,3235,1,40,1.25,3215,3260,3215,8869,28699345,84740346220,26194852,KSQ
1662,005750,KR7005750005,대림바스,KOSPI,,5100,1,70,1.39,5220,5220,5100,354,1826620,84620424000,16592240,STK
1663,452200,KR7452200009,민테크,KOSDAQ,기술성장기업부,3485,2,-105,-2.92,3650,3745,3350,84686,295578508,84451308000,24232800,KSQ
1664,35320K,KR735320K011,대덕전자1우,KOSPI,,40300,1,800,2.03,39650,40700,39650,2267,91480200,84449415700,2095519,STK
1665,124560,KR7124560004,태웅로직스,KOSDAQ,우량기업부,2180,1,35,1.63,2150,2185,2150,18620,40386050,84411367980,38720811,KSQ
1666,130580,KR7130580004,나이스디앤비,KOSDAQ,우량기업부,5480,1,40,0.74,5440,5480,5430,1474,8018840,84392000000,15400000,KSQ
1667,038680,KR7038680005,에스넷,KOSDAQ,우량기업부,4235,1,235,5.88,4090,4240,4090,50833,211841040,84330038870,19912642,KSQ
1668,217500,KR7217500008,러셀,KOSDAQ,벤처기업부,2650,2,-30,-1.12,2680,2725,2600,29023,77173105,84301800000,31812000,KSQ
1669,013870,KR7013870001,지엠비코리아,KOSPI,,4420,1,35,0.8,4460,4460,4405,292,1289595,84299477600,19072280,STK
1670,137950,KR7137950002,제이씨케미칼,KOSDAQ,우량기업부,3785,1,155,4.27,3640,3790,3640,32911,123640230,84283675990,22267814,KSQ
1671,111380,KR7111380002,동인기연,KOSPI,,13720,2,-140,-1.01,13860,13860,13720,47,650600,84076160000,6128000,STK
1672,459100,KR7459100004,위츠,KOSDAQ,중견기업부,6240,1,190,3.14,6020,6290,5930,23204,140146920,84028464000,13466100,KSQ
1673,950220,KR8840140006,네오이뮨텍,KOSDAQ,기술성장기업부,501,0,0,0.0,0,0,0,0,0,83987339400,167639400,KSQ
1674,049180,KR7049180003,셀루메드,KOSDAQ,투자주의환기종목(소속부없음),1009,0,0,0.0,0,0,0,0,0,83975227728,83226192,KSQ
1675,241690,KR7241690007,유니테크노,KOSDAQ,우량기업부,3425,1,35,1.03,3395,3440,3395,5887,20155370,83812168050,24470706,KSQ
1676,183490,KR7183490002,엔지켐생명과학,KOSDAQ,관리종목(소속부없음),990,0,0,0.0,0,0,0,0,0,83793832650,84640235,KSQ
1677,348150,KR7348150004,고바이오랩,KOSDAQ,기술성장기업부,4305,1,180,4.36,4130,4360,4100,13362,56996175,83598317145,19418889,KSQ
1678,067570,KR7067570002,엔브이에이치코리아,KOSDAQ,중견기업부,1981,1,4,0.2,1977,2010,1977,4155,8237208,83538770000,42170000,KSQ
1679,001260,KR7001260009,남광토건,KOSPI,,8490,1,140,1.68,8340,8490,8240,1373,11379180,83478536280,9832572,STK
1680,013360,KR7013360003,일성건설,KOSPI,,1545,1,43,2.86,1518,1547,1516,11339,17363033,83468439600,54024880,STK
1681,010960,KR7010960003,삼호개발,KOSPI,,3460,1,40,1.17,3460,3460,3460,382,1321720,83455200000,24120000,STK
1682,140070,KR7140070004,서플러스글로벌,KOSDAQ,벤처기업부,2255,2,-20,-0.88,2290,2315,2245,3680,8411170,83407940000,36988000,KSQ
1683,017650,KR7017650003,대림제지,KOSDAQ,우량기업부,9490,1,10,0.11,9490,9490,9490,1,9490,83369650000,8785000,KSQ
1684,009180,KR7009180001,한솔로지스틱스,KOSPI,,2960,1,45,1.54,2960,2975,2945,8550,25354575,83341242000,28155825,STK
1685,192250,KR7192250009,케이사인,KOSDAQ,벤처기업부,11790,1,1080,10.08,11350,11970,11350,50371,583475650,83321403750,7067125,KSQ
1686,044340,KR7044340008,위닉스,KOSDAQ,중견기업부,4655,1,40,0.87,4585,4655,4585,2998,13866215,83200793375,17873425,KSQ
1687,109070,KR7109070003,주성코퍼레이션,KOSPI,,1575,1,66,4.37,1518,1575,1515,13015,19997698,83176112250,52810230,STK
1688,065510,KR7065510000,휴비츠,KOSDAQ,우량기업부,7230,1,50,0.7,7180,7230,7180,1054,7613350,83042789490,11485863,KSQ
1689,095910,KR7095910006,에스에너지,KOSDAQ,중견기업부,2225,1,165,8.01,2165,2300,2150,594997,1332537305,82985622525,37296909,KSQ
1690,039610,KR7039610001,화성밸브,KOSDAQ,우량기업부,7950,1,170,2.19,7850,8050,7850,2842,22772540,82762680000,10410400,KSQ
1691,238090,KR7238090005,앤디포스,KOSDAQ,벤처기업부,2710,1,10,0.37,2700,2785,2700,1162,3156415,82629092400,30490440,KSQ
1692,307870,KR7307870006,비투엔,KOSDAQ,벤처기업부,1109,2,-6,-0.54,1129,1198,1089,60384,67936913,82397907065,74299285,KSQ
1693,011320,KR7011320009,유니크,KOSDAQ,우량기업부,4260,1,85,2.04,4145,4295,4145,1384,5774850,82306160700,19320695,KSQ
1694,039010,KR7039010004,현대에이치티,KOSDAQ,우량기업부,9490,1,140,1.5,9350,9620,9350,2621,24692460,81851250000,8625000,KSQ
1695,083790,KR7083790006,CG인바이츠,KOSDAQ,벤처기업부,1064,2,-4,-0.37,1098,1098,1064,5038,5414304,81815409648,76894182,KSQ
1696,040350,KR7040350001,크레오에스지,KOSDAQ,벤처기업부,4185,1,340,8.84,3855,4185,3855,12679,50823964,81693426420,19520532,KSQ
1697,048430,KR7048430003,유라테크,KOSDAQ,우량기업부,7090,1,120,1.72,6970,7140,6970,792,5591160,81676800000,11520000,KSQ
1698,001560,KR7001560002,제일연마,KOSPI,,10740,1,490,4.78,10700,10740,10700,3,32180,81624000000,7600000,STK
1699,036640,KR7036640001,HRS,KOSDAQ,우량기업부,4990,1,20,0.4,4975,5000,4975,128,637260,81610452000,16354800,KSQ
1700,175250,KR7175250000,아이큐어,KOSDAQ,관리종목(소속부없음),2170,0,0,0.0,0,0,0,0,0,81501658560,37558368,KSQ
1701,478560,KR7478560006,블랙야크아이앤씨,KOSDAQ,벤처기업부,3155,1,15,0.48,3160,3200,3145,1250,3952320,81494590190,25830298,KSQ
1702,007590,KR7007590003,동방아그로,KOSPI,,5980,0,0,0.0,0,0,0,0,0,81433110460,13617577,STK
1703,002800,KR7002800001,신신제약,KOSDAQ,우량기업부,5360,1,60,1.13,5330,5360,5250,2875,15241230,81313880000,15170500,KSQ
1704,058400,KR7058400003,KNN,KOSDAQ,우량기업부,614,1,11,1.82,603,619,603,67308,41135834,81311848080,132429720,KSQ
1705,110790,KR7110790003,크리스에프앤씨,KOSDAQ,우량기업부,3470,2,-10,-0.29,3515,3515,3470,59,205625,81305431200,23430960,KSQ
1706,412540,KR7412540007,제일엠앤에스,KOSDAQ,관리종목(소속부없음),3935,0,0,0.0,0,0,0,0,0,81063616775,20600665,KSQ
1707,168330,KR7168330009,내츄럴엔도텍,KOSDAQ,투자주의환기종목(소속부없음),2540,1,20,0.79,2525,2610,2525,12890,32869410,80657446000,31754900,KSQ
1708,067370,KR7067370007,선바이오,KOSDAQ,기술성장기업부,6610,1,210,3.28,6400,6790,6400,2572,16852640,80599398550,12193555,KSQ
1709,092300,KR7092300003,현우산업,KOSDAQ,우량기업부,4200,2,-60,-1.41,4230,4250,4135,33488,140339490,80537696400,19175642,KSQ
1710,065170,KR7065170003,비엘팜텍,KOSDAQ,투자주의환기종목(소속부없음),2885,1,195,7.25,2900,3085,2615,2458518,7025081015,80531292805,27913793,KSQ
1711,453860,KR7453860009,에이에스텍,KOSDAQ,벤처기업부,12480,2,-90,-0.72,12570,12590,12480,60,749770,80426399040,6444423,KSQ
1712,311690,KR7311690002,CJ 바이오사이언스,KOSDAQ,기술성장기업부,6150,1,170,2.84,5980,6150,5980,6786,41248140,80352591300,13065462,KSQ
1713,037440,KR7037440005,희림,KOSDAQ,우량기업부,5750,1,80,1.41,5930,6020,5710,215893,1267572990,80054231250,13922475,KSQ
1714,347860,KR7347860009,알체라,KOSDAQ,중견기업부,1936,1,35,1.84,1901,1960,1901,27114,52485323,79958645008,41300953,KSQ
1715,071090,KR7071090005,하이스틸,KOSPI,,3950,1,110,2.86,3855,3970,3855,14596,57185858,79756310450,20191471,STK
1716,013700,KR7013700000,까뮤이앤씨,KOSPI,,1334,1,14,1.06,1334,1343,1333,4186,5590448,79707607220,59750830,STK
1717,071670,KR7071670004,에이테크솔루션,KOSDAQ,중견기업부,7970,1,170,2.18,7820,8050,7820,1213,9694360,79700000000,10000000,KSQ
1718,001470,KR7001470004,삼부토건,KOSPI,,347,0,0,0.0,0,0,0,0,0,79699592928,229681824,STK
1719,109080,KR7109080002,옵티시스,KOSDAQ,벤처기업부,14120,1,1760,14.24,13180,14130,13160,52063,706389615,79580320000,5636000,KSQ
1720,222160,KR7222160004,NPX,KOSDAQ,관리종목(소속부없음),8040,0,0,0.0,0,0,0,0,0,79551289560,9894439,KSQ
1721,037760,KR7037760006,쎄니트,KOSDAQ,중견기업부,2350,1,35,1.51,2315,2350,2315,1035,2412945,79507364350,33832921,KSQ
1722,187420,KR7187420005,HLB제넥스,KOSDAQ,기술성장기업부,2435,1,105,4.51,2335,2435,2335,1895,4553945,79269686410,32554286,KSQ
1723,004720,KR7004720009,팜젠사이언스,KOSPI,,3610,1,35,0.98,3550,3635,3550,1337,4789165,79255752220,21954502,STK
1724,019990,KR7019990001,에너토크,KOSDAQ,중견기업부,8120,1,280,3.57,8180,8260,8000,16084,130867780,79219434560,9756088,KSQ
1725,018500,KR7018500009,동원금속,KOSPI,,1694,1,15,0.89,1696,1705,1693,5969,10153902,79202856502,46754933,STK
1726,340360,KR7340360007,다보링크,KOSDAQ,투자주의환기종목(소속부없음),1520,1,5,0.33,1516,1551,1516,10043,15429518,79135413440,52062772,KSQ
1727,060310,KR7060310000,3S,KOSDAQ,벤처기업부,1490,1,47,3.26,1477,1494,1453,31871,47179583,79057969600,53059040,KSQ
1728,102370,KR7102370004,케이옥션,KOSDAQ,기술성장기업부,2900,2,-55,-1.86,2955,2955,2895,2393,6956663,78964709000,27229210,KSQ
1729,451250,KR7451250005,삐아,KOSDAQ,벤처기업부,7720,1,70,0.92,7700,7770,7640,2869,22058560,78943770440,10225877,KSQ
1730,347000,KR7347000002,센코,KOSDAQ,기술성장기업부,2085,1,45,2.21,2050,2085,2050,4741,9746260,78835613910,37810846,KSQ
1731,128660,KR7128660008,피제이메탈,KOSDAQ,우량기업부,3175,1,65,2.09,3110,3195,3110,8140,25667080,78750696575,24803369,KSQ
1732,216050,KR7216050005,인크로스,KOSDAQ,중견기업부,6130,1,20,0.33,6110,6190,6110,1038,6398260,78728950860,12843222,KSQ
1733,320000,KR7320000003,한울반도체,KOSDAQ,중견기업부,11800,1,170,1.46,11600,12090,11540,7062,83503610,78691958000,6668810,KSQ
1734,069730,KR7069730000,DSR제강,KOSPI,,5460,1,90,1.68,5380,5460,5380,713,3855340,78624000000,14400000,STK
1735,100220,KR7100220003,비상교육,KOSPI,,6030,1,30,0.5,6030,6140,6000,2404,14524530,78370348230,12996741,STK
1736,080010,KR7080010002,이상네트웍스,KOSDAQ,중견기업부,7960,2,-80,-1.0,8050,8050,7960,772,6205860,78287165160,9835071,KSQ
1737,215360,KR7215360009,우리산업,KOSDAQ,우량기업부,8570,3,0,0.0,8510,8750,8510,3869,33054840,78262636910,9132163,KSQ
1738,004440,KR7004440004,삼일씨엔에스,KOSPI,,6140,1,200,3.37,5920,6180,5920,1328,8042720,78174154580,12731947,STK
1739,208140,KR7208140004,정다운,KOSDAQ,우량기업부,2385,3,0,0.0,2385,2395,2385,2536,6053113,77951926710,32684246,KSQ
1740,263800,KR7263800005,데이타솔루션,KOSDAQ,중견기업부,4800,1,130,2.78,4720,4800,4695,11239,53459950,77881824000,16225380,KSQ
1741,155650,KR7155650005,와이엠씨,KOSDAQ,우량기업부,4100,1,80,1.99,4030,4110,4025,3792,15499765,77794867800,18974358,KSQ
1742,145170,KR7145170007,노브랜드,KOSDAQ,중견기업부,4595,1,115,2.57,4490,4685,4490,19956,91618330,77694120975,16908405,KSQ
1743,461030,KR7461030009,아이엠비디엑스,KOSDAQ,기술성장기업부,5420,1,220,4.23,5200,5420,5200,3860,20729050,77693082140,14334517,KSQ
1744,033320,KR7033320003,제이씨현시스템,KOSDAQ,벤처기업부,4060,1,130,3.31,3930,4060,3930,5008,20185415,77604593920,19114432,KSQ
1745,003010,KR7003010006,혜인,KOSPI,,6090,1,220,3.75,6020,6130,6000,43888,266706475,77420629230,12712747,STK
1746,032850,KR7032850000,비트컴퓨터,KOSDAQ,벤처기업부,4655,1,65,1.42,4605,4675,4605,4454,20698205,77381428915,16623293,KSQ
1747,014470,KR7014470009,부방,KOSDAQ,벤처기업부,1288,1,31,2.47,1270,1305,1270,17771,22976617,77347310880,60052260,KSQ
1748,126880,KR7126880004,제이엔케이글로벌,KOSDAQ,우량기업부,3330,1,180,5.71,3250,3370,3245,36525,121005745,77272326990,23204903,KSQ
1749,053280,KR7053280004,예스24,KOSDAQ,중견기업부,3090,1,20,0.65,3040,3090,3040,3718,11350280,77250000000,25000000,KSQ
1750,006090,KR7006090005,사조오양,KOSPI,,8170,3,0,0.0,8170,8170,8170,29,236930,76983777630,9422739,STK
1751,120115,KR7120111000,코오롱인더우,KOSPI,,27800,1,950,3.54,26950,27800,26950,1213,33257400,76946508000,2767860,STK
1752,017480,KR7017480005,삼현철강,KOSDAQ,우량기업부,4900,1,30,0.62,4900,4905,4875,1362,6671940,76944161000,15702890,KSQ
1753,111710,KR7111710000,남화산업,KOSDAQ,중견기업부,3720,1,40,1.09,3750,3795,3690,838,3141625,76587360000,20588000,KSQ
1754,189330,KR7189330004,씨이랩,KOSDAQ,기술성장기업부,8150,1,560,7.38,7700,8400,7700,67542,549376335,76465614600,9382284,KSQ
1755,291650,KR7291650000,압타머사이언스,KOSDAQ,기술성장기업부,1247,1,64,5.41,1183,1270,1174,15007,18444536,76115934774,61039242,KSQ
1756,048910,KR7048910004,대원미디어,KOSDAQ,우량기업부,6050,1,150,2.54,5890,6050,5890,4665,27918220,76102623300,12578946,KSQ
1757,038060,KR7038060000,루멘스,KOSDAQ,중견기업부,1580,1,122,8.37,1503,1588,1500,283331,437757736,76002849020,48103069,KSQ
1758,241790,KR7241790005,티이엠씨씨엔에스,KOSDAQ,우량기업부,7590,1,140,1.88,7450,7670,7450,711,5358640,75919992060,10002634,KSQ
1759,232830,KR7232830000,아이티센피엔에스,KOSDAQ,벤처기업부,4575,1,355,8.41,4360,4745,4360,48354,219922970,75641796450,16533726,KSQ
1760,046210,KR7046210001,HLB파나진,KOSDAQ,벤처기업부,1660,1,70,4.4,1590,1660,1590,13131,21443377,75576413600,45527960,KSQ
1761,046940,KR7046940003,우원개발,KOSDAQ,우량기업부,4165,1,75,1.83,4100,4245,4090,26748,111777480,75279667750,18074350,KSQ
1762,010040,KR7010040004,한국내화,KOSPI,,1833,1,61,3.44,1836,1836,1804,108,196258,75275924646,41067062,STK
1763,424980,KR7424980001,마이크로투나노,KOSDAQ,기술성장기업부,12690,1,340,2.75,12350,12700,12200,5678,71245770,75110714100,5918890,KSQ
1764,900260,HK0000295359,로스웰,KOSDAQ,외국기업(소속부없음),1629,1,41,2.58,1610,1629,1599,83,134480,74982391074,46029706,KSQ
1765,045660,KR7045660008,에이텍,KOSDAQ,우량기업부,9070,1,190,2.14,8890,9180,8890,5041,45588140,74918200000,8260000,KSQ
1766,094860,KR7094860004,네오리진,KOSDAQ,중견기업부,1408,2,-22,-1.54,1425,1425,1390,31943,44750065,74778899712,53110014,KSQ
1767,000850,KR7000850008,화천기공,KOSPI,,33950,2,-550,-1.59,34500,34550,33950,413,14104300,74690000000,2200000,STK
1768,053450,KR7053450003,세코닉스,KOSDAQ,우량기업부,5040,1,105,2.13,4950,5070,4950,5857,29319655,74555727120,14792803,KSQ
1769,007280,KR7007280001,한국특강,KOSPI,,2450,1,60,2.51,2400,2450,2400,161,386600,74496304750,30406655,STK
1770,234100,KR7234100006,폴라리스세원,KOSDAQ,우량기업부,1020,0,0,0.0,0,0,0,0,0,74468346660,73008183,KSQ
1771,222110,KR7222110009,팬젠,KOSDAQ,기술성장기업부,5480,1,120,2.24,5360,5480,5360,3025,16406230,74059509320,13514509,KSQ
1772,134580,KR7134580000,탑코미디어,KOSDAQ,중견기업부,1500,2,-19,-1.25,1519,1569,1475,4576,6903670,73941223500,49294149,KSQ
1773,003925,KR7003921004,남양유업우,KOSPI,,36950,1,450,1.23,36500,36950,36500,85,3137400,73900000000,2000000,STK
1774,123420,KR7123420002,위메이드플레이,KOSDAQ,우량기업부,7000,1,90,1.3,6900,7010,6760,2464,17086930,73866338000,10552334,KSQ
1775,032540,KR7032540007,TJ미디어,KOSDAQ,우량기업부,3530,2,-5,-0.14,3550,3550,3530,32,113155,73767867890,20897413,KSQ
1776,250030,KR7250030004,진코스텍,KONEX,일반기업부,25450,1,2100,8.99,25500,25500,23100,102,2360950,73599694850,2891933,KNX
1777,043710,KR7043710003,코스리거글로벌,KOSDAQ,중견기업부,4245,1,200,4.94,4045,4245,4045,392,1643980,73491570990,17312502,KSQ
1778,016090,KR7016090003,대현,KOSPI,,1659,2,-2,-0.12,1657,1679,1657,3967,6608626,73464352290,44282310,STK
1779,060560,KR7060560000,HC홈센타,KOSDAQ,중견기업부,2890,2,-30,-1.03,2895,2920,2890,824,2385970,73371322890,25388001,KSQ
1780,333620,KR7333620003,엔시스,KOSDAQ,벤처기업부,6670,1,100,1.52,6580,6790,6500,3668,24008970,73356059700,10997910,KSQ
1781,444530,KR7444530000,심플랫폼,KOSDAQ,기술성장기업부,11420,1,70,0.62,11350,11580,11270,3370,38546850,73300914480,6418644,KSQ
1782,014950,KR7014950000,삼익제약,KOSDAQ,벤처기업부,7320,1,140,1.95,7290,7360,7240,4685,34261200,73255544160,10007588,KSQ
1783,153710,KR7153710009,옵티팜,KOSDAQ,기술성장기업부,4990,1,60,1.22,4950,4990,4915,840,4145785,73203090420,14669958,KSQ
1784,012690,KR7012690004,모나리자,KOSPI,,2000,1,15,0.76,2000,2010,1985,5798,11573997,73142510000,36571255,STK
1785,009200,KR7009200007,무림페이퍼,KOSPI,,1756,1,35,2.03,1724,1770,1724,9724,17047504,73065948360,41609310,STK
1786,452400,KR7452400005,이닉스,KOSDAQ,우량기업부,8040,1,280,3.61,7840,8040,7840,741,5893270,72934281120,9071428,KSQ
1787,196450,KR7196450001,코아시아씨엠,KOSDAQ,중견기업부,1609,1,181,12.68,1429,1670,1429,227987,356786485,72919207438,45319582,KSQ
1788,184230,KR7184230001,SGA솔루션즈,KOSDAQ,벤처기업부,3860,4,890,29.97,3245,3860,3200,1003865,3787777985,72907598940,18887979,KSQ
1789,417790,KR7417790003,트루엔,KOSDAQ,벤처기업부,6950,1,200,2.96,6760,6950,6760,1984,13620605,72755317450,10468391,KSQ
1790,027830,KR7027830009,대성창투,KOSDAQ,중견기업부,1347,1,23,1.74,1321,1347,1314,10129,13445308,72738000000,54000000,KSQ
1791,204840,KR7204840003,지엘팜텍,KOSDAQ,기술성장기업부,936,1,6,0.65,939,939,916,4302,4016835,72585869616,77549006,KSQ
1792,021050,KR7021050000,서원,KOSPI,,1528,1,33,2.21,1503,1528,1503,33865,51183702,72541173520,47474590,STK
1793,099220,KR7099220006,SDN,KOSDAQ,중견기업부,1115,1,29,2.67,1090,1135,1086,87905,97942609,72412950250,64944350,KSQ
1794,041460,KR7041460007,한국전자인증,KOSDAQ,중견기업부,3800,1,120,3.26,3745,3805,3700,5279,19898745,72200000000,19000000,KSQ
1795,014910,KR7014910004,성문전자,KOSPI,,3295,1,105,3.29,3090,3345,3000,513099,1636008697,72019661815,21857257,STK
1796,068290,KR7068290006,삼성출판사,KOSPI,,7200,1,110,1.55,7090,7200,7090,526,3745830,72000000000,10000000,STK
1797,234920,KR7234920007,자이글,KOSDAQ,관리종목(소속부없음),5310,0,0,0.0,0,0,0,0,0,71849132100,13530910,KSQ
1798,214260,KR7214260002,라파스,KOSDAQ,기술성장기업부,8040,1,240,3.08,7800,8200,7800,2576,20366310,71736602520,8922463,KSQ
1799,061250,KR7061250007,화일약품,KOSDAQ,우량기업부,8510,2,-20,-0.23,8500,8560,8500,3,25570,71633639840,8417584,KSQ
1800,024910,KR7024910002,경창산업,KOSDAQ,중견기업부,1998,1,61,3.15,2025,2065,1986,43249,87363064,71566371990,35819005,KSQ
1801,006880,KR7006880009,신송홀딩스,KOSPI,,6050,1,10,0.17,6040,6100,6040,1746,10599890,71564590900,11828858,STK
1802,104620,KR7104620000,노랑풍선,KOSDAQ,중견기업부,4250,1,80,1.92,4180,4265,4180,2373,10056430,71444846000,16810552,KSQ
1803,290670,KR7290670009,대보마그네틱,KOSDAQ,중견기업부,9080,1,290,3.3,8790,9140,8790,2415,21745640,71347552800,7857660,KSQ
1804,900250,KYG2115T1076,크리스탈신소재,KOSDAQ,외국기업(소속부없음),498,1,7,1.43,491,499,490,70143,34631334,71343481992,143260004,KSQ
1805,360350,KR7360350003,코셈,KOSDAQ,기술성장기업부,12410,1,180,1.47,12230,12570,12140,4193,52354820,71208207700,5737970,KSQ
1806,189860,KR7189860000,서전기전,KOSDAQ,벤처기업부,7320,1,220,3.1,7380,7590,7260,35673,263662855,70995069600,9698780,KSQ
1807,180060,KR7180060006,탑선,KONEX,일반기업부,7580,1,190,2.57,7580,7580,7580,1,7580,70855308280,9347666,KNX
1808,003780,KR7003780004,진양산업,KOSPI,,5450,1,160,3.02,5380,5470,5340,26107,141839150,70850000000,13000000,STK
1809,332370,KR7332370006,아이디피,KOSDAQ,벤처기업부,5320,3,0,0.0,5320,5320,5320,20,106400,70616222320,13273726,KSQ
1810,155660,KR7155660004,DSR,KOSPI,,4410,3,0,0.0,4410,4410,4400,354,1561130,70560000000,16000000,STK
1811,043650,KR7043650001,국순당,KOSDAQ,중견기업부,3935,2,-5,-0.13,3940,3945,3935,1561,6150345,70272426240,17858304,KSQ
1812,104040,KR7104040001,디에스엠,KOSDAQ,벤처기업부,2620,1,110,4.38,2510,2685,2510,6525,16901765,70251540300,26813565,KSQ
1813,016250,KR7016250003,SGC E&C,KOSDAQ,중견기업부,13940,1,140,1.01,13800,14260,13800,168,2344510,70215584840,5036986,KSQ
1814,352910,KR7352910004,오비고,KOSDAQ,기술성장기업부,5550,1,90,1.65,5460,5600,5460,1778,9838030,70139801100,12637802,KSQ
1815,479960,KR7479960007,위너스일렉,KOSDAQ,중견기업부,10220,1,240,2.4,10100,10280,10100,1398,14299830,70017220000,6851000,KSQ
1816,009770,KR7009770009,삼정펄프,KOSPI,,28000,2,-300,-1.06,28300,28300,28000,103,2887900,69999188000,2499971,STK
1817,089850,KR7089850002,유비벨록스,KOSDAQ,우량기업부,4750,2,-40,-0.84,4750,4790,4750,2563,12174350,69968445250,14730199,KSQ
1818,094850,KR7094850005,참좋은여행,KOSDAQ,우량기업부,4995,1,95,1.94,4955,5000,4955,1644,8205500,69930000000,14000000,KSQ
1819,002795,KR7002791002,아모레퍼시픽홀딩스우,KOSPI,,10940,1,110,1.02,11030,11030,10940,29,319690,69810021680,6381172,STK
1820,036000,KR7036000008,예림당,KOSDAQ,중견기업부,3030,1,25,0.83,3005,3060,3005,684,2067775,69793859310,23034277,KSQ
1821,067920,KR7067920009,이글루,KOSDAQ,우량기업부,6330,1,240,3.94,6100,6340,6100,19862,123601780,69605433270,10996119,KSQ
1822,042110,KR7042110007,에스씨디,KOSDAQ,우량기업부,1440,1,20,1.41,1420,1448,1381,22932,32477185,69594572160,48329564,KSQ
1823,073640,KR7073640005,테라사이언스,KOSDAQ,관리종목(소속부없음),654,0,0,0.0,0,0,0,0,0,69571715580,106378770,KSQ
1824,027050,KR7027050004,코리아나,KOSDAQ,중견기업부,1739,1,30,1.76,1709,1739,1709,28851,49667841,69560000000,40000000,KSQ
1825,196490,KR7196490007,디에이테크놀로지,KOSDAQ,투자주의환기종목(소속부없음),6090,0,0,0.0,0,0,0,0,0,69131518050,11351645,KSQ
1826,060570,KR7060570009,드림어스컴퍼니,KOSDAQ,중견기업부,931,1,34,3.79,900,932,887,3424,3081383,68988564463,74101573,KSQ
1827,305090,KR7305090003,마이크로디지탈,KOSDAQ,기술성장기업부,3705,1,115,3.2,3590,3750,3590,24036,88709125,68894678775,18595055,KSQ
1828,000725,KR7000721001,현대건설우,KOSPI,,65100,1,2100,3.33,64000,65400,64000,459,29783200,68660514300,1054693,STK
1829,317690,KR7317690006,퀀타매트릭스,KOSDAQ,기술성장기업부,3410,1,185,5.74,3250,3410,3250,5113,17086374,68660448890,20135029,KSQ
1830,408900,KR7408900009,스튜디오미르,KOSDAQ,중견기업부,2095,1,95,4.75,2035,2110,2030,23750,49493960,68617386255,32752929,KSQ
1831,089790,KR7089790000,제이티,KOSDAQ,벤처기업부,6620,1,170,2.64,6450,6620,6450,27789,181583610,68288696060,10315513,KSQ
1832,004540,KR7004540001,깨끗한나라,KOSPI,,1833,1,15,0.83,1818,1833,1816,1229,2240550,68262190269,37240693,STK
1833,348080,KR7348080003,큐라티스,KOSDAQ,중견기업부,591,1,31,5.54,538,591,538,52611,29925120,68230820571,115449781,KSQ
1834,065130,KR7065130007,탑엔지니어링,KOSDAQ,중견기업부,4255,1,65,1.55,4200,4270,4135,19432,81567805,68097020000,16004000,KSQ
1835,039240,KR7039240007,경남스틸,KOSDAQ,우량기업부,2520,1,40,1.61,2470,2530,2470,3533,8797110,67988602080,26979604,KSQ
1836,278650,KR7278650007,HLB바이오스텝,KOSDAQ,중견기업부,3900,1,120,3.17,3785,3940,3785,8780,34328185,67986344400,17432396,KSQ
1837,321820,KR7321820003,아티스트컴퍼니,KOSDAQ,기술성장기업부,4355,1,55,1.28,4260,4400,4205,13383,57012995,67900442480,15591376,KSQ
1838,163280,KR7163280001,에어레인,KOSDAQ,기술성장기업부,4985,1,35,0.71,4950,5040,4950,3959,19687665,67811343830,13603078,KSQ
1839,036090,KR7036090009,위지트,KOSDAQ,중견기업부,1718,2,-48,-2.72,1700,1740,1700,186528,321170417,67799315210,39464095,KSQ
1840,039020,KR7039020003,이건홀딩스,KOSDAQ,중견기업부,3000,3,0,0.0,3060,3065,3000,1591,4779415,67754127000,22584709,KSQ
1841,378850,KR7378850002,화승알앤에이,KOSPI,,3560,3,0,0.0,3560,3620,3560,18313,65717555,67617297880,18993623,STK
1842,012790,KR7012790002,신일제약,KOSDAQ,우량기업부,5640,1,30,0.53,5570,5640,5560,3942,22035730,67603380600,11986415,KSQ
1843,111110,KR7111110003,호전실업,KOSPI,,7180,2,-20,-0.28,7230,7230,7180,1783,12827660,67319680000,9376000,STK
1844,010470,KR7010470003,오리콤,KOSDAQ,우량기업부,5620,1,80,1.44,5690,5690,5570,1454,8158850,67299781000,11975050,KSQ
1845,033130,KR7033130006,디지틀조선,KOSDAQ,중견기업부,1812,2,-69,-3.67,1898,1898,1811,17811,32607271,67252863804,37115267,KSQ
1846,004060,KR7004060000,SG세계물산,KOSPI,,3320,1,90,2.79,3200,3360,3200,20703,68106245,67205086720,20242496,STK
1847,122310,KR7122310006,제노레이,KOSDAQ,우량기업부,4605,1,85,1.88,4620,4625,4530,510,2333670,67020451620,14553844,KSQ
1848,296160,KR7296160005,프로젠,KONEX,일반기업부,4355,1,75,1.75,4280,4370,4100,80,336685,66958469045,15375079,KNX
1849,373200,KR7373200005,엑스플러스,KOSDAQ,벤처기업부,2975,2,-55,-1.82,3030,3035,2910,8438,25171665,66925945100,22496116,KSQ
1850,162300,KR7162300008,신스틸,KOSDAQ,우량기업부,1613,1,26,1.64,1574,1620,1574,4128,6537591,66893339166,41471382,KSQ
1851,214330,KR7214330003,금호에이치티,KOSPI,,3065,1,55,1.83,3010,3090,3000,9619,29299700,66831255315,21804651,STK
1852,198080,KR7198080004,캐프,KOSDAQ,우량기업부,3100,1,80,2.65,3025,3100,3025,5871,17960760,66759073500,21535185,KSQ
1853,207760,KR7207760000,미스터블루,KOSDAQ,중견기업부,803,1,29,3.75,774,804,774,36924,28947939,66713065749,83079783,KSQ
1854,288620,KR7288620008,에스프리즘,KOSDAQ,벤처기업부,9550,1,540,5.99,9250,9790,9180,18143,170326990,66652467800,6979316,KSQ
1855,109860,KR7109860007,동일금속,KOSDAQ,우량기업부,7320,2,-70,-0.95,7310,7320,7310,140,1023420,66612000000,9100000,KSQ
1856,456570,KR7456570001,아이엠지티,KONEX,일반기업부,12290,0,0,0.0,0,0,0,0,0,66547122560,5264804,KNX
1857,317850,KR7317850006,대모,KOSDAQ,벤처기업부,7990,1,240,3.1,7990,8050,7930,14302,114165300,66512115800,8324420,KSQ
1858,000220,KR7000220004,유유제약,KOSPI,,3900,1,65,1.69,3840,3900,3840,6553,25409125,66426168900,17032351,STK
1859,005670,KR7005670005,푸드웰,KOSDAQ,우량기업부,6640,1,90,1.37,6680,6690,6560,1139,7575420,66400000000,10000000,KSQ
1860,101140,KR7101140002,인바이오젠,KOSPI,,6600,2,-80,-1.2,6680,6680,6600,39,258600,66291825600,10044216,STK
1861,033310,KR7033310004,엠투엔,KOSDAQ,중견기업부,1658,1,31,1.91,1626,1658,1625,23894,39007771,66274332048,39972456,KSQ
1862,010240,KR7010240000,흥국,KOSDAQ,우량기업부,5660,1,20,0.35,5620,5690,5620,372,2103715,66255960000,11706000,KSQ
1863,039420,KR7039420005,케이엘넷,KOSDAQ,중견기업부,2885,1,30,1.05,2865,2890,2860,1278,3677705,66202077690,22946994,KSQ
1864,460470,KR7460470008,아이빔테크놀로지,KOSDAQ,기술성장기업부,4375,1,75,1.74,4380,4425,4305,4768,20872690,66147243750,15119370,KSQ
1865,136410,KR7136410008,아셈스,KOSDAQ,벤처기업부,6000,1,90,1.52,5940,6000,5930,3965,23597710,66114636000,11019106,KSQ
1866,049550,KR7049550007,잉크테크,KOSDAQ,우량기업부,3370,1,30,0.9,3335,3440,3300,2863,9555380,66073153490,19606277,KSQ
1867,143540,KR7143540003,영우디에스피,KOSDAQ,벤처기업부,1481,1,8,0.54,1469,1544,1469,77651,116087333,66052444495,44599895,KSQ
1868,054930,KR7054930003,유신,KOSDAQ,우량기업부,22000,1,550,2.56,21700,22050,21650,1697,37144300,66000000000,3000000,KSQ
1869,222420,KR7222420002,쎄노텍,KOSDAQ,벤처기업부,1363,1,37,2.79,1331,1369,1331,15235,20467622,65994446849,48418523,KSQ
1870,214270,KR7214270001,FSN,KOSDAQ,중견기업부,1458,1,20,1.39,1439,1478,1438,8457,12215337,65981184930,45254585,KSQ
1871,053050,KR7053050001,지에스이,KOSDAQ,우량기업부,2200,1,35,1.62,2170,2210,2165,45587,99976235,65972713400,29987597,KSQ
1872,159580,KR7159580000,제로투세븐,KOSDAQ,중견기업부,3290,1,35,1.08,3300,3325,3280,2918,9631050,65907372440,20032636,KSQ
1873,092780,KR7092780006,DYP,KOSPI,,5000,1,45,0.91,4955,5030,4955,723,3617255,65842300000,13168460,STK
1874,010770,KR7010770006,평화홀딩스,KOSPI,,4500,2,-80,-1.75,4630,4635,4480,22394,102474640,65814597000,14625466,STK
1875,480370,KR7480370006,씨케이솔루션,KOSPI,,2025,1,45,2.27,1981,2025,1981,8307,16675431,65774851200,32481408,STK
1876,072470,KR7072470008,우리산업홀딩스,KOSDAQ,중견기업부,3465,2,-20,-0.57,3520,3525,3455,11156,38970180,65444636565,18887341,KSQ
1877,001550,KR7001550003,조비,KOSPI,,12590,2,-30,-0.24,12620,12730,12490,4465,56185400,65370289010,5192239,STK
1878,347740,KR7347740003,피엔케이피부임상연구센타,KOSDAQ,벤처기업부,2175,1,35,1.64,2140,2190,2140,1047,2273930,65273002800,30010576,KSQ
1879,446840,KR7446840001,지슨,KOSDAQ,기술성장기업부,1184,1,11,0.94,1173,1194,1170,4136,4855075,65218370272,55083083,KSQ
1880,129260,KR7129260006,인터지스,KOSPI,,2185,1,5,0.23,2170,2190,2170,3933,8554250,64999104690,29747874,STK
1881,023810,KR7023810005,인팩,KOSPI,,6490,1,180,2.85,6420,6540,6410,1610,10379490,64900000000,10000000,STK
1882,054300,KR7054300009,팬스타엔터프라이즈,KOSDAQ,벤처기업부,1120,1,8,0.72,1120,1133,1072,20645,22690831,64815458400,57870945,KSQ
1883,040610,KR7040610008,SG&G,KOSDAQ,중견기업부,3800,1,25,0.66,3840,3840,3800,182,697515,64765672400,17043598,KSQ
1884,033170,KR7033170002,시그네틱스,KOSDAQ,중견기업부,753,1,16,2.17,737,759,733,29288,21663157,64553424207,85728319,KSQ
1885,024900,KR7024900003,디와이덕양,KOSPI,,1982,2,-1,-0.05,1977,2005,1970,3875,7666706,64543790360,32564980,STK
1886,099410,KR7099410003,동방선기,KOSDAQ,벤처기업부,4610,1,80,1.77,4530,4615,4510,11471,52640965,64540000000,14000000,KSQ
1887,004830,KR7004830006,덕성,KOSPI,,4115,1,45,1.11,4110,4115,4070,1681,6885210,64523200000,15680000,STK
1888,199550,KR7199550005,레이저옵텍,KOSDAQ,벤처기업부,4345,1,90,2.12,4215,4385,4120,7680,32540015,64504961895,14845791,KSQ
1889,372910,KR7372910000,한컴라이프케어,KOSPI,,2330,1,55,2.42,2325,2330,2300,19855,45993993,64481365980,27674406,STK
1890,001465,KR7001461003,BYC우,KOSPI,,29850,1,200,0.67,29900,29900,29850,11,328850,64292422500,2153850,STK
1891,457370,KR7457370005,한켐,KOSDAQ,중견기업부,7970,1,40,0.5,7750,8050,7750,3333,26237560,64255207980,8062134,KSQ
1892,064800,KR7064800006,포니링크,KOSDAQ,중견기업부,2510,1,25,1.01,2480,2600,2425,9774,24387265,64159262090,25561459,KSQ
1893,009835,KR7009831009,한화솔루션우,KOSPI,,24900,1,1450,6.18,23550,25450,23550,2886,71738000,64126190100,2575349,STK
1894,036120,KR7036120004,서울평가정보,KOSDAQ,중견기업부,1820,1,38,2.13,1791,1820,1791,1749,3148788,63963900000,35145000,KSQ
1895,006980,KR7006980007,우성,KOSPI,,20700,3,0,0.0,20800,20800,20550,115,2372350,63963000000,3090000,STK
1896,053350,KR7053350005,이니텍,KOSDAQ,중견기업부,2895,1,70,2.48,2825,2895,2805,7794,22083225,63750983175,22021065,KSQ
1897,460870,KR7460870009,에스엠씨지,KOSDAQ,벤처기업부,3175,1,110,3.59,3040,3175,3040,6474,20151935,63732740200,20073304,KSQ
1898,064240,KR7064240005,홈캐스트,KOSDAQ,벤처기업부,1835,1,64,3.61,1788,1837,1773,25462,46083616,63663950585,34694251,KSQ
1899,177900,KR7177900008,쓰리에이로직스,KOSDAQ,기술성장기업부,6600,1,170,2.64,6450,6600,6450,1954,12762950,63542160000,9627600,KSQ
1900,260930,KR7260930003,씨티케이,KOSDAQ,중견기업부,3285,2,-20,-0.61,3370,3370,3285,1517,5080125,63537126435,19341591,KSQ
1901,007370,KR7007370000,진양제약,KOSDAQ,우량기업부,4495,1,75,1.7,4490,4495,4440,1392,6221785,63534968565,14134587,KSQ
1902,126640,KR7126640002,화신정공,KOSDAQ,우량기업부,1812,2,-13,-0.71,1869,1869,1798,38904,71171321,63521308920,35055910,KSQ
1903,0013V0,KR70013V0002,삼진식품,KOSDAQ,중견기업부,6400,1,120,1.91,6280,6420,6280,3856,24470610,63479398400,9918656,KSQ
1904,465480,KR7465480002,인스피언,KOSDAQ,벤처기업부,6260,1,260,4.33,6060,6300,6000,19338,119762140,63462452720,10137772,KSQ
1905,036670,KR7036670008,삼양케이씨아이,KOSDAQ,우량기업부,5630,1,40,0.72,5600,5630,5600,1487,8345960,63450100000,11270000,KSQ
1906,127980,KR7127980001,화인써키트,KOSDAQ,중견기업부,5350,2,-50,-0.93,5340,5420,5250,14492,76921890,63347659400,11840684,KSQ
1907,373160,KR7373160001,데이원컴퍼니,KOSDAQ,기술성장기업부,4580,1,80,1.78,4510,4580,4510,168,764830,63238208020,13807469,KSQ
1908,246690,KR7246690002,TS인베스트먼트,KOSDAQ,중견기업부,1329,1,35,2.7,1307,1337,1294,16893,22333332,63045559176,47438344,KSQ
1909,047400,KR7047400007,유니온머티리얼,KOSPI,,1501,1,29,1.97,1472,1502,1472,23165,34567323,63042000000,42000000,STK
1910,294140,KR7294140009,레몬,KOSDAQ,관리종목(소속부없음),2810,1,40,1.44,2750,2825,2750,4570,12763315,62985638580,22414818,KSQ
1911,331380,KR7331380006,포커스에이아이,KOSDAQ,투자주의환기종목(소속부없음),1936,1,96,5.22,1914,1998,1884,3605,6957417,62748642704,32411489,KSQ
1912,100030,KR7100030006,인지소프트,KOSDAQ,중견기업부,19070,2,-170,-0.88,19250,19400,19070,6630,127044880,62620425980,3283714,KSQ
1913,001840,KR7001840008,이화공영,KOSDAQ,관리종목(소속부없음),2215,0,0,0.0,0,0,0,0,0,62588831935,28256809,KSQ
1914,198440,KR7198440000,강동씨앤엘,KOSDAQ,중견기업부,1026,1,3,0.29,1023,1026,1015,3924,4009761,62516125296,60931896,KSQ
1915,104540,KR7104540000,코렌텍,KOSDAQ,기술성장기업부,4875,1,65,1.35,4775,4875,4775,11974,57947170,62330482500,12785740,KSQ
1916,294090,KR7294090006,이오플로우,KOSDAQ,관리종목(소속부없음),1490,0,0,0.0,0,0,0,0,0,62295566450,41809105,KSQ
1917,384470,KR7384470001,코어라인소프트,KOSDAQ,기술성장기업부,3470,1,75,2.21,3355,3495,3330,13927,47668685,62275021240,17946692,KSQ
1918,053620,KR7053620001,태양,KOSDAQ,우량기업부,7230,1,60,0.84,7170,7230,7170,466,3366960,62178000000,8600000,KSQ
1919,378800,KR7378800007,샤페론,KOSDAQ,기술성장기업부,1340,1,50,3.88,1315,1354,1300,73059,97595063,61965661540,46243031,KSQ
1920,072130,KR7072130008,유엔젤,KOSPI,,4880,3,0,0.0,4880,4920,4870,460,2245235,61953815520,12695454,STK
1921,004780,KR7004780003,대륙제관,KOSDAQ,우량기업부,3890,1,40,1.04,3890,3890,3840,5886,22690435,61863444110,15903199,KSQ
1922,246960,KR7246960009,SCL사이언스,KOSDAQ,기술성장기업부,1816,1,12,0.67,1850,1850,1803,751,1357996,61774957352,34017047,KSQ
1923,170790,KR7170790000,파이오링크,KOSDAQ,우량기업부,9630,1,400,4.33,9500,9660,9340,17925,170612030,61606336050,6397335,KSQ
1924,037230,KR7037230000,한국팩키지,KOSDAQ,우량기업부,2065,3,0,0.0,2070,2085,2060,3637,7508885,61537675255,29800327,KSQ
1925,011390,KR7011390002,부산산업,KOSPI,,58200,1,1400,2.46,57600,58200,57500,477,27591700,61459200000,1056000,STK
1926,420570,KR7420570004,제이투케이바이오,KOSDAQ,벤처기업부,10510,1,160,1.55,10350,10510,10240,15506,160485050,61457046330,5847483,KSQ
1927,053270,KR7053270005,구영테크,KOSDAQ,우량기업부,2240,1,5,0.22,2285,2285,2235,6565,14931510,61399307200,27410405,KSQ
1928,263690,KR7263690000,디알젬,KOSDAQ,우량기업부,5420,1,100,1.88,5320,5430,5320,837,4493790,61384806200,11325610,KSQ
1929,065500,KR7065500001,오리엔트정공,KOSDAQ,중견기업부,1839,1,19,1.04,1820,1860,1815,10398,19099068,61133715168,33242912,KSQ
1930,000910,KR7000910000,유니온,KOSPI,,3900,1,60,1.56,3880,3920,3845,3105,12034185,60885314100,15611619,STK
1931,005305,KR7005301007,롯데칠성우,KOSPI,,78500,2,-100,-0.13,78600,78600,78500,9,707300,60861835000,775310,STK
1932,015710,KR7015710007,코콤,KOSDAQ,우량기업부,3465,1,45,1.32,3490,3490,3465,256,892790,60743182500,17530500,KSQ
1933,045340,KR7045340007,토탈소프트,KOSDAQ,벤처기업부,7090,1,60,0.85,7000,7090,7000,1132,7956740,60676503600,8558040,KSQ
1934,261520,KR7261520001,이지스,KOSDAQ,기술성장기업부,5900,1,70,1.2,5840,5930,5840,2576,15161950,60639020000,10277800,KSQ
1935,008370,KR7008370009,원풍,KOSDAQ,우량기업부,5050,2,-50,-0.98,5100,5100,5050,119,603770,60600000000,12000000,KSQ
1936,002760,KR7002760007,보락,KOSPI,,1011,1,1,0.1,1009,1018,1009,921,929348,60558900000,59900000,STK
1937,001620,KR7001620004,케이비아이동국실업,KOSPI,,2720,2,-10,-0.37,2730,2730,2720,437,1190265,60543408320,22258606,STK
1938,219550,KR7219550001,디와이디,KOSDAQ,관리종목(소속부없음),1563,2,-5,-0.32,1568,1582,1540,2368,3704700,60444737691,38672257,KSQ
1939,052220,KR7052220001,iMBC,KOSDAQ,중견기업부,2625,1,30,1.16,2605,2630,2600,2811,7351685,60375000000,23000000,KSQ
1940,317530,KR7317530004,에피소드컴퍼니,KOSDAQ,기술성장기업부,3450,1,65,1.92,3420,3475,3385,11918,41031630,60357342900,17494882,KSQ
1941,082210,KR7082210006,옵트론텍,KOSDAQ,중견기업부,1725,1,25,1.47,1750,1751,1691,7484,12801449,60311744250,34963330,KSQ
1942,950200,KR8840150005,소마젠,KOSDAQ,외국기업(소속부없음),3130,1,85,2.79,3040,3130,3040,4510,13785295,60208845890,19236053,KSQ
1943,396690,KR7396690000,미래에셋글로벌리츠,KOSPI,,1520,1,11,0.73,1509,1520,1509,3172,4792505,60201028800,39605940,STK
1944,229000,KR7229000005,젠큐릭스,KOSDAQ,기술성장기업부,2565,1,145,5.99,2390,2795,2385,266928,699664545,60093243225,23428165,KSQ
1945,303360,KR7303360002,프로티아,KOSDAQ,기술성장기업부,4665,1,105,2.3,4670,4670,4660,18,83935,60083870475,12879715,KSQ
1946,088910,KR7088910005,동우팜투테이블,KOSDAQ,우량기업부,2325,1,25,1.09,2320,2330,2295,11392,26400035,60058851300,25831764,KSQ
1947,004770,KR7004770004,써니전자,KOSPI,,1686,1,68,4.2,1618,1690,1618,8362,13843158,59865540468,35507438,STK
1948,092440,KR7092440007,기신정기,KOSPI,,2050,1,25,1.23,2040,2050,2035,4411,8991630,59860000000,29200000,STK
1949,351330,KR7351330006,이삭엔지니어링,KOSDAQ,벤처기업부,7220,1,170,2.41,7000,7240,7000,5074,35970290,59843114400,8288520,KSQ
1950,058730,KR7058730003,다스코,KOSPI,,2995,1,45,1.53,3000,3000,2970,637,1906010,59744921895,19948221,STK
1951,435570,KR7435570007,에르코스,KOSDAQ,벤처기업부,7830,1,60,0.77,7770,8000,7770,761,5939490,59640976890,7616983,KSQ
1952,318160,KR7318160009,셀바이오휴먼텍,KOSDAQ,벤처기업부,6380,1,70,1.11,6490,6490,6320,217,1398570,59596862380,9341201,KSQ
1953,042940,KR7042940007,상지건설,KOSDAQ,중견기업부,8700,1,320,3.82,8710,8990,8600,27767,244073840,59409794400,6828712,KSQ
1954,114450,KR7114450000,그린생명과학,KOSDAQ,벤처기업부,2970,1,90,3.13,2880,2985,2880,127575,375515520,59400000000,20000000,KSQ
1955,070300,KR7070300009,엑스큐어,KOSDAQ,벤처기업부,2095,1,90,4.49,2015,2210,2015,105881,221309685,59347323410,28328078,KSQ
1956,458350,KR7458350006,에스팀,KOSDAQ,중견기업부,6830,1,250,3.8,6560,6840,6560,5404,36437810,59306256000,8683200,KSQ
1957,007815,KR7007811003,코리아써우,KOSPI,,19990,0,0,0.0,0,0,0,0,0,59264153100,2964690,STK
1958,273060,KR7273060004,와이즈버즈,KOSDAQ,중견기업부,1170,1,8,0.69,1168,1185,1161,13239,15441837,59037710940,50459582,KSQ
1959,002140,KR7002140002,고려산업,KOSPI,,2350,1,15,0.64,2340,2365,2340,12643,29757430,58607648750,24939425,STK
1960,072990,KR7072990005,에이치시티,KOSDAQ,우량기업부,4030,1,30,0.75,4030,4100,4015,9893,39959870,58427770180,14498206,KSQ
1961,037330,KR7037330008,인지디스플레,KOSDAQ,우량기업부,1331,1,22,1.68,1322,1336,1320,937,1239862,58411233144,43885224,KSQ
1962,226330,KR7226330009,신테카바이오,KOSDAQ,기술성장기업부,2405,1,95,4.11,2310,2445,2310,26436,63331130,58341632375,24258475,KSQ
1963,063440,KR7063440002,SM Life Design,KOSDAQ,중견기업부,1285,1,8,0.63,1295,1295,1282,8883,11439406,58235382740,45319364,KSQ
1964,099520,KR7099520009,DGI,KOSDAQ,관리종목(소속부없음),1284,0,0,0.0,0,0,0,0,0,58141862016,45281824,KSQ
1965,050960,KR7050960004,수산아이앤티,KOSDAQ,벤처기업부,8610,1,110,1.29,8510,8760,8510,1947,16992000,58126110000,6751000,KSQ
1966,004450,KR7004450003,삼화왕관,KOSPI,,26950,0,0,0.0,0,0,0,0,0,58060514050,2154379,STK
1967,393210,KR7393210000,토마토시스템,KOSDAQ,기술성장기업부,3710,1,60,1.64,3620,3750,3620,2649,9759385,57929958240,15614544,KSQ
1968,038010,KR7038010005,제일테크노스,KOSDAQ,우량기업부,6420,1,40,0.63,6390,6470,6370,645,4130670,57780000000,9000000,KSQ
1969,094970,KR7094970001,제이엠티,KOSDAQ,벤처기업부,3445,1,85,2.53,3390,3445,3390,29988,102687085,57697686800,16748240,KSQ
1970,003465,KR7003461001,유화증권우,KOSPI,,3300,1,5,0.15,3300,3300,3300,1,3300,57672202500,17476425,STK
1971,245620,KR7245620000,EDGC,KOSDAQ,관리종목(소속부없음),415,0,0,0.0,0,0,0,0,0,57474989665,138493951,KSQ
1972,003475,KR7003471000,유안타증권우,KOSPI,,4450,1,35,0.79,4420,4450,4420,2751,12211560,57459343400,12912212,STK
1973,002630,KR7002630002,오리엔트바이오,KOSPI,,483,0,0,0.0,0,0,0,0,0,57275591415,118583005,STK
1974,137080,KR7137080008,나래나노텍,KOSDAQ,중견기업부,5170,1,90,1.77,5080,5280,5080,897,4632240,57177211740,11059422,KSQ
1975,219420,KR7219420007,링크제니시스,KOSDAQ,기술성장기업부,4960,1,160,3.33,4810,4975,4810,11565,57040540,56888754720,11469507,KSQ
1976,37550K,KR737550K011,DL이앤씨우,KOSPI,,26900,1,1300,5.08,26000,27100,26000,1708,45574075,56863506500,2113885,STK
1977,123700,KR7123700007,SJM,KOSPI,,3625,3,0,0.0,3625,3625,3625,1,3625,56567755250,15604898,STK
1978,009190,KR7009190000,대양금속,KOSPI,,1309,1,38,2.99,1271,1310,1271,14450,18804138,56539146125,43192625,STK
1979,068330,KR7068330000,일신바이오,KOSDAQ,중견기업부,1277,1,29,2.32,1248,1280,1248,4519,5727431,56464010780,44216140,KSQ
1980,150900,KR7150900009,파수AI,KOSDAQ,벤처기업부,4815,1,375,8.45,4665,4950,4665,183775,887230966,56354384430,11703922,KSQ
1981,196300,KR7196300008,HLB펩,KOSDAQ,관리종목(소속부없음),6000,1,140,2.39,6000,6000,5990,141,845430,56258634000,9376439,KSQ
1982,075180,KR7075180000,새론오토모티브,KOSPI,,2930,1,20,0.69,2930,2930,2930,106,310580,56256000000,19200000,STK
1983,173940,KR7173940008,에프엔씨엔터,KOSDAQ,중견기업부,3645,2,-45,-1.22,3785,3785,3645,595,2185890,56106785160,15392808,KSQ
1984,179530,KR7179530001,애드바이오텍,KOSDAQ,기술성장기업부,2845,2,-165,-5.48,3010,3010,2800,26527,75654315,55988547350,19679630,KSQ
1985,419080,KR7419080007,엔젯,KOSDAQ,기술성장기업부,5230,1,240,4.81,5050,5230,5050,2536,13031260,55883266510,10685137,KSQ
1986,413640,KR7413640004,비아이매트릭스,KOSDAQ,벤처기업부,7750,1,380,5.16,7410,7750,7410,4260,32629850,55853785000,7206940,KSQ
1987,004410,KR7004410007,서울식품,KOSPI,,1413,2,-23,-1.6,1436,1456,1413,47464,68084922,55749933369,39455013,STK
1988,006370,KR7006370001,대구백화점,KOSPI,,5140,3,0,0.0,5140,5220,5140,225,1164490,55623080540,10821611,STK
1989,104200,KR7104200001,NHN벅스,KOSDAQ,중견기업부,3750,2,-40,-1.06,3765,3780,3750,2263,8528620,55603312500,14827550,KSQ
1990,340930,KR7340930007,유일에너테크,KOSDAQ,관리종목(소속부없음),806,0,0,0.0,0,0,0,0,0,55513882710,68875785,KSQ
1991,033560,KR7033560004,블루콤,KOSDAQ,중견기업부,3245,3,0,0.0,3245,3245,3195,3466,11098410,55489500000,17100000,KSQ
1992,189980,KR7189980006,흥국에프엔비,KOSDAQ,우량기업부,1379,1,8,0.58,1370,1389,1368,32382,44375210,55350063433,40137827,KSQ
1993,097800,KR7097800007,윈팩,KOSDAQ,중견기업부,2025,1,77,3.95,2075,2075,1950,29036,58253835,55262341125,27290045,KSQ
1994,023350,KR7023350002,한국종합기술,KOSPI,,5040,1,30,0.6,5040,5080,5040,1291,6525790,55188000000,10950000,STK
1995,041650,KR7041650003,상신브레이크,KOSPI,,2565,2,-35,-1.35,2600,2600,2560,1466,3778785,55074269250,21471450,STK
1996,440290,KR7440290005,HB인베스트먼트,KOSDAQ,중견기업부,1997,1,34,1.73,1991,2005,1985,6251,12478688,54930340710,27506430,KSQ
1997,238120,KR7238120000,얼라인드,KOSDAQ,기술성장기업부,3820,2,-50,-1.29,3870,3870,3755,2431,9242440,54927382720,14378896,KSQ
1998,171010,KR7171010002,램테크놀러지,KOSDAQ,벤처기업부,3840,1,80,2.13,3820,3845,3785,6119,23364475,54907207680,14298752,KSQ
1999,053980,KR7053980009,오상자이엘,KOSDAQ,우량기업부,2890,1,15,0.52,2890,2895,2870,2973,8586195,54860242870,18982783,KSQ
2000,035460,KR7035460005,기산텔레콤,KOSDAQ,벤처기업부,3675,1,150,4.26,3525,3740,3525,94688,347500595,54832249500,14920340,KSQ
2001,217480,KR7217480003,에스디생명공학,KOSDAQ,투자주의환기종목(소속부없음),499,0,0,0.0,0,0,0,0,0,54756837359,109733141,KSQ
2002,072770,KR7072770001,멤레이비티,KOSDAQ,중견기업부,1319,2,-95,-6.72,1415,1450,1274,74127,102629568,54754457262,41512098,KSQ
2003,256630,KR7256630005,포인트엔지니어링,KOSDAQ,벤처기업부,4720,3,0,0.0,4720,4720,4720,235,1109200,54749234080,11599414,KSQ
2004,025530,KR7025530007,SJM홀딩스,KOSPI,,3655,2,-5,-0.14,3665,3680,3650,484,1773545,54583799240,14934008,STK
2005,004920,KR7004920005,씨아이테크,KOSPI,,1046,1,1,0.1,1038,1046,1038,1153,1198619,54580146112,52179872,STK
2006,021880,KR7021880000,메이슨캐피탈,KOSDAQ,중견기업부,257,1,6,2.39,252,263,245,1781760,451916577,54531392856,212184408,KSQ
2007,369370,KR7369370002,블리츠웨이엔터테인먼트,KOSDAQ,벤처기업부,1093,2,-26,-2.32,1119,1119,1078,23342,25606674,54509998723,49871911,KSQ
2008,261200,KR7261200000,덴티스,KOSDAQ,중견기업부,3440,1,130,3.93,3410,3440,3320,9105,30845010,54385368000,15809700,KSQ
2009,038070,KR7038070009,서린바이오,KOSDAQ,중견기업부,5840,1,40,0.69,5800,5850,5800,479,2790950,54315947840,9300676,KSQ
2010,471820,KR7471820001,셀로맥스사이언스,KOSDAQ,벤처기업부,4805,3,0,0.0,4805,4805,4805,396,1902780,54310333595,11302879,KSQ
2011,105760,KR7105760003,포스뱅크,KOSDAQ,우량기업부,5320,2,-50,-0.93,5370,5410,5320,910,4899750,54143698840,10177387,KSQ
2012,309930,KR7309930006,조이웍스앤코,KOSDAQ,중견기업부,2210,0,0,0.0,0,0,0,0,0,54116376080,24487048,KSQ
2013,317870,KR7317870004,엔바이오니아,KOSDAQ,기술성장기업부,6120,1,50,0.82,6050,6170,6050,2917,17784540,54112397400,8841895,KSQ
2014,024950,KR7024950008,삼천리자전거,KOSDAQ,중견기업부,4355,1,40,0.93,4320,4450,4315,5770,25200490,54002000000,12400000,KSQ
2015,277070,KR7277070009,린드먼아시아,KOSDAQ,중견기업부,3940,2,-15,-0.38,3955,3960,3930,290,1146050,53946480000,13692000,KSQ
2016,007680,KR7007680002,대원,KOSDAQ,중견기업부,4010,1,20,0.5,3990,4010,3990,650,2602685,53920360740,13446474,KSQ
2017,429270,KR7429270002,시지트로닉스,KOSDAQ,기술성장기업부,8360,1,1490,21.69,7650,8900,7420,284568,2352372600,53915571160,6449231,KSQ
2018,105550,KR7105550008,엣지파운드리,KOSDAQ,중견기업부,688,1,18,2.69,670,700,670,41453,28496472,53875251088,78307051,KSQ
2019,073110,KR7073110009,엘엠에스,KOSDAQ,벤처기업부,6050,1,10,0.17,6030,6130,6030,2212,13363860,53819317750,8895755,KSQ
2020,153460,KR7153460001,네이블,KOSDAQ,중견기업부,8220,1,290,3.66,7910,8260,7910,9079,73590770,53676715080,6530014,KSQ
2021,014190,KR7014190003,원익큐브,KOSDAQ,우량기업부,1514,1,21,1.41,1522,1522,1501,1241,1878295,53595457684,35399906,KSQ
2022,376930,KR7376930004,노을,KOSDAQ,기술성장기업부,1044,1,36,3.57,1008,1059,1006,75642,78223409,53548141212,51291323,KSQ
2023,017180,KR7017180001,명문제약,KOSPI,,1576,1,10,0.64,1566,1576,1564,3869,6066607,53510643504,33953454,STK
2024,223310,KR7223310004,사토시홀딩스,KOSDAQ,중견기업부,10250,1,520,5.34,10310,10360,9400,33768,342202320,53347580500,5204642,KSQ
2025,002410,KR7002410009,범양건영,KOSPI,,1935,0,0,0.0,0,0,0,0,0,53173451700,27479820,STK
2026,090080,KR7090080003,평화산업,KOSPI,,963,1,3,0.31,960,968,959,2711,2606635,52870875417,54902259,STK
2027,450330,KR7450330006,하스,KOSDAQ,기술성장기업부,6450,1,140,2.22,6390,6450,6320,1289,8254360,52805137350,8186843,KSQ
2028,037950,KR7037950003,엘컴텍,KOSDAQ,중견기업부,3120,2,-5,-0.16,3125,3125,3040,1294,4031090,52695249360,16889503,KSQ
2029,218150,KR7218150001,미래생명자원,KOSDAQ,벤처기업부,2575,1,25,0.98,2550,2580,2540,5576,14252790,52570690150,20415802,KSQ
2030,078590,KR7078590007,휴림에이텍,KOSDAQ,중견기업부,525,0,0,0.0,0,0,0,0,0,52457053425,99918197,KSQ
2031,090410,KR7090410002,덕신이피씨,KOSDAQ,우량기업부,1136,1,15,1.34,1121,1149,1121,10145,11473133,52351531920,46084095,KSQ
2032,052790,KR7052790003,액토즈소프트,KOSDAQ,중견기업부,4785,1,40,0.84,4745,4790,4745,1005,4802070,52273957395,10924547,KSQ
2033,006490,KR7006490007,인스코비,KOSPI,,358,2,-2,-0.56,360,363,356,7967,2863721,52227229886,145886117,STK
2034,016600,KR7016600009,큐캐피탈,KOSDAQ,중견기업부,293,0,0,0.0,0,0,0,0,0,52226403816,178247112,KSQ
2035,299900,KR7299900001,위지윅스튜디오,KOSDAQ,중견기업부,305,1,1,0.33,305,309,305,35631,10892056,52169909620,171048884,KSQ
2036,106240,KR7106240005,파인테크닉스,KOSDAQ,벤처기업부,2215,2,-30,-1.34,2210,2225,2175,11798,25942715,52058837115,23502861,KSQ
2037,066670,KR7066670001,디티씨,KOSDAQ,중견기업부,2785,1,50,1.83,2745,2785,2745,1637,4523235,52056991630,18691918,KSQ
2038,357250,KR7357250000,미래에셋맵스리츠,KOSPI,,2075,1,10,0.48,2065,2080,2065,239,496710,51864842875,24995105,STK
2039,314140,KR7314140005,알피바이오,KOSDAQ,우량기업부,5980,2,-20,-0.33,6080,6080,5940,720,4296460,51824838780,8666361,KSQ
2040,100660,KR7100660000,서암기계공업,KOSDAQ,중견기업부,4105,1,5,0.12,4070,4105,4065,447,1830630,51723000000,12600000,KSQ
2041,190650,KR7190650002,코리아에셋투자증권,KOSDAQ,우량기업부,8080,1,100,1.25,8000,8080,7980,782,6248230,51615040000,6388000,KSQ
2042,096610,KR7096610001,알에프세미,KOSDAQ,투자주의환기종목(소속부없음),2965,0,0,0.0,0,0,0,0,0,51550708615,17386411,KSQ
2043,466410,KR7466410008,사이냅소프트,KOSDAQ,벤처기업부,10220,1,180,1.79,10050,10360,10050,842,8566340,51478375060,5037023,KSQ
2044,004910,KR7004910006,조광페인트,KOSPI,,4020,3,0,0.0,4020,4020,4015,611,2456200,51456000000,12800000,STK
2045,051390,KR7051390003,YW,KOSDAQ,중견기업부,4530,1,15,0.33,4515,4565,4515,74,334985,51439817040,11355368,KSQ
2046,089150,KR7089150007,케이씨티,KOSDAQ,벤처기업부,2995,1,115,3.99,2885,3005,2885,7205,21393039,51364250000,17150000,KSQ
2047,060850,KR7060850005,영림원소프트랩,KOSDAQ,벤처기업부,6280,1,60,0.96,6260,6280,6230,1248,7803260,51062680000,8131000,KSQ
2048,189690,KR7189690001,포시에스,KOSDAQ,벤처기업부,1868,2,-10,-0.53,1888,1888,1850,12670,23499673,51037438092,27321969,KSQ
2049,419120,KR7419120001,산돌,KOSDAQ,중견기업부,3467,1,62,1.82,3425,3520,3425,204,710799,51028561054,14718362,KSQ
2050,131760,KR7131760001,파인텍,KOSDAQ,벤처기업부,5870,1,690,13.32,6160,6480,5770,975397,5913025900,50988674920,8686316,KSQ
2051,020760,KR7020760005,일진디스플,KOSPI,,902,0,0,0.0,0,0,0,0,0,50984432422,56523761,STK
2052,093240,KR7093240000,형지엘리트,KOSPI,,830,1,19,2.34,824,833,816,88073,72673457,50953914970,61390259,STK
2053,097870,KR7097870000,효성오앤비,KOSDAQ,중견기업부,6000,1,40,0.67,5890,6000,5890,6426,38198530,50940000000,8490000,KSQ
2054,28513K,KR728513K010,SK케미칼우,KOSPI,,23900,1,300,1.27,24850,24850,23900,119,2903450,50558753100,2115429,STK
2055,002420,KR7002420008,세기상사,KOSPI,,8460,4,1950,29.95,8300,8460,8000,64872,546223080,50505760080,5969948,STK
2056,361570,KR7361570005,알비더블유,KOSDAQ,중견기업부,1757,1,11,0.63,1746,1760,1738,5842,10201741,50501962287,28743291,KSQ
2057,0010V0,KR70010V0005,제이피아이헬스케어,KOSDAQ,벤처기업부,9880,1,230,2.38,9650,9900,9650,589,5805490,50441352000,5105400,KSQ
2058,393970,KR7393970009,대진첨단소재,KOSDAQ,관리종목(소속부없음),2825,0,0,0.0,0,0,0,0,0,50428566500,17850820,KSQ
2059,051490,KR7051490001,나라엠앤디,KOSDAQ,우량기업부,3550,1,50,1.43,3500,3550,3500,987,3465155,50410000000,14200000,KSQ
2060,049470,KR7049470008,비트플래닛,KOSDAQ,중견기업부,2140,1,144,7.21,1996,2165,1996,25180,52613613,50386083860,23544899,KSQ
2061,009320,KR7009320003,아진전자부품,KOSPI,,1022,1,37,3.76,1079,1079,991,15940,16779518,50384364940,49299770,STK
2062,127710,KR7127710002,아시아경제,KOSDAQ,중견기업부,1140,2,-13,-1.13,1160,1222,1140,6177,7073108,50216099400,44049210,KSQ
2063,364950,KR7364950006,에이아이코리아,KOSDAQ,벤처기업부,6030,1,190,3.25,5990,6040,5950,4721,28332420,50027563350,8296445,KSQ
2064,237820,KR7237820006,플레이디,KOSDAQ,중견기업부,3895,1,25,0.65,3840,3895,3840,278,1073535,49961710300,12827140,KSQ
2065,365590,KR7365590009,하이딥,KOSDAQ,기술성장기업부,1611,3,0,0.0,1611,1653,1579,2172,3452873,49950318024,31005784,KSQ
2066,033830,KR7033830001,티비씨,KOSDAQ,중견기업부,499,2,-6,-1.19,490,505,490,70955,35082340,49900000000,100000000,KSQ
2067,011330,KR7011330008,유니켐,KOSPI,,552,1,4,0.73,555,555,547,3541,1946059,49783686024,90187837,STK
2068,307280,KR7307280008,원바이오젠,KOSDAQ,벤처기업부,7000,3,0,0.0,7180,7180,6990,1319,9261510,49662389000,7094627,KSQ
2069,066130,KR7066130006,하츠,KOSDAQ,우량기업부,3875,1,55,1.44,3820,3900,3800,739,2837275,49600000000,12800000,KSQ
2070,452300,KR7452300007,캡스톤파트너스,KOSDAQ,중견기업부,3500,2,-10,-0.28,3500,3592,3500,19949,70559920,49593267500,14169505,KSQ
2071,451700,KR7451700009,엔에이치스팩29호,KOSDAQ,SPAC(소속부없음),3440,0,0,0.0,0,0,0,0,0,49364000000,14350000,KSQ
2072,430690,KR7430690008,한싹,KOSDAQ,벤처기업부,4530,1,490,12.13,4390,4825,4340,285174,1323473906,49355831310,10895327,KSQ
2073,406820,KR7406820001,뷰티스킨,KOSDAQ,벤처기업부,3490,1,30,0.87,3505,3700,3400,138646,486001774,49335187930,14136157,KSQ
2074,006125,KR7006121008,SK디스커버리우,KOSPI,,40050,2,-150,-0.37,40400,40400,40050,101,4045400,49329785250,1231705,STK
2075,007530,KR7007530009,와이엠,KOSDAQ,중견기업부,2195,2,-10,-0.45,2220,2220,2180,426,934615,48848037045,22254231,KSQ
2076,263020,KR7263020000,디케이앤디,KOSDAQ,벤처기업부,3530,1,90,2.62,3445,3560,3440,65148,228298820,48841595380,13836146,KSQ
2077,096630,KR7096630009,에스코넥,KOSDAQ,우량기업부,3075,1,160,5.49,2920,3195,2920,73489,226991160,48819693225,15876323,KSQ
2078,215090,KR7215090002,솔디펜스,KOSDAQ,벤처기업부,2105,1,70,3.44,2035,2125,2035,7606,15933215,48742666405,23155661,KSQ
2079,288980,KR7288980006,모아데이타,KOSDAQ,기술성장기업부,1339,1,150,12.62,1308,1386,1250,1000587,1308727990,48714666481,36381379,KSQ
2080,012280,KR7012280004,영화금속,KOSPI,,941,1,9,0.97,933,974,932,13205,12375177,48616299205,51664505,STK
2081,250000,KR7250000007,보라티알,KOSDAQ,우량기업부,7200,3,0,0.0,7210,7210,7200,441,3175790,48605277600,6750733,KSQ
2082,352700,KR7352700009,씨앤투스,KOSDAQ,벤처기업부,1846,2,-2,-0.11,1847,1850,1846,1380,2549958,48507155554,26276899,KSQ
2083,069410,KR7069410009,엔텔스,KOSDAQ,벤처기업부,4730,1,180,3.96,4575,4735,4575,1621,7564225,48458017520,10244824,KSQ
2084,027740,KR7027740000,마니커,KOSPI,,1525,1,4,0.26,1520,1560,1520,7161,10964870,48427311350,31755614,STK
2085,006345,KR7006341002,대원전선우,KOSPI,,18450,1,90,0.49,18910,19990,18320,439783,8505884715,48361140000,2621200,STK
2086,260660,KR7260660006,알리코제약,KOSDAQ,중견기업부,3155,1,65,2.1,3090,3170,3090,1033,3211835,48356751255,15327021,KSQ
2087,003080,KR7003080009,SB성보,KOSPI,,2415,1,5,0.21,2410,2425,2410,44,106210,48348300000,20020000,STK
2088,257990,KR7257990002,나우코스,KONEX,일반기업부,8200,0,0,0.0,0,0,0,0,0,48309414400,5891392,KNX
2089,053160,KR7053160008,프리엠스,KOSDAQ,중견기업부,8050,1,180,2.29,7980,8050,7980,243,1952830,48300000000,6000000,KSQ
2090,239890,KR7239890007,피엔에이치테크,KOSDAQ,기술성장기업부,4850,1,45,0.94,4810,4930,4810,5584,27344268,48188411750,9935755,KSQ
2091,286750,KR7286750005,나노실리칸첨단소재,KOSDAQ,투자주의환기종목(소속부없음),1495,1,74,5.21,1421,1517,1421,1886,2820098,47883141215,32028857,KSQ
2092,082660,KR7082660002,코스나인,KOSDAQ,관리종목(소속부없음),480,0,0,0.0,0,0,0,0,0,47827617120,99640869,KSQ
2093,008420,KR7008420002,문배철강,KOSPI,,2330,1,60,2.64,2275,2335,2275,13509,31185465,47773166650,20503505,STK
2094,122350,KR7122350002,삼기,KOSDAQ,중견기업부,1245,1,19,1.55,1226,1245,1226,4968,6145691,47732587860,38339428,KSQ
2095,086040,KR7086040003,바이오톡스텍,KOSDAQ,벤처기업부,2990,1,35,1.18,2960,3020,2960,3467,10302970,47715158530,15958247,KSQ
2096,418250,KR7418250007,시큐레터,KOSDAQ,관리종목(소속부없음),6550,0,0,0.0,0,0,0,0,0,47629012750,7271605,KSQ
2097,056700,KR7056700008,신화인터텍,KOSDAQ,중견기업부,1633,2,-16,-0.97,1635,1635,1618,1842,2997416,47577603603,29135091,KSQ
2098,004870,KR7004870002,티웨이홀딩스,KOSPI,,420,2,-51,-10.83,449,449,398,2062170,856955578,47528667480,113163494,STK
2099,215380,KR7215380007,우정바이오,KOSDAQ,벤처기업부,2820,1,130,4.83,2690,2835,2690,16595,46461195,47459404320,16829576,KSQ
2100,057540,KR7057540007,옴니시스템,KOSDAQ,중견기업부,799,1,18,2.3,782,820,780,31675,24907493,47456020132,59394268,KSQ
2101,459550,KR7459550000,알트,KOSDAQ,중견기업부,1893,1,51,2.77,1824,1893,1824,62476,116241161,47453286717,25067769,KSQ
2102,464500,KR7464500008,아이언디바이스,KOSDAQ,기술성장기업부,3380,1,170,5.3,3360,3435,3305,21124,71369389,47297228940,13993263,KSQ
2103,000950,KR7000950006,전방,KOSPI,,28150,1,50,0.18,28150,28150,28150,1,28150,47292000000,1680000,STK
2104,206560,KR7206560005,덱스터,KOSDAQ,기술성장기업부,1860,1,40,2.2,1849,1885,1824,9196,17097336,47265828960,25411736,KSQ
2105,200350,KR7200350007,아티스트스튜디오,KOSDAQ,기술성장기업부,4725,1,40,0.85,4730,4800,4590,10638,49689985,47231218125,9996025,KSQ
2106,297570,KR7297570004,알로이스,KOSDAQ,벤처기업부,1361,2,-14,-1.02,1375,1382,1312,6313,8531331,47119477698,34621218,KSQ
2107,122690,KR7122690001,서진오토모티브,KOSDAQ,중견기업부,2040,1,10,0.49,2030,2070,2030,2716,5558075,47081498640,23079166,KSQ
2108,023440,KR7023440001,제이스코홀딩스,KOSDAQ,관리종목(소속부없음),521,0,0,0.0,0,0,0,0,0,46964378481,90142761,KSQ
2109,434480,KR7434480000,모니터랩,KOSDAQ,기술성장기업부,3815,1,350,10.1,3595,3815,3595,59889,223688630,46963794500,12310300,KSQ
2110,088340,KR7088340005,유라클,KOSDAQ,벤처기업부,10760,1,170,1.61,10590,10760,10480,1327,14127580,46960599680,4364368,KSQ
2111,002920,KR7002920007,유성기업,KOSPI,,1807,1,17,0.95,1791,1807,1791,2040,3653998,46887132500,25947500,STK
2112,026940,KR7026940007,부국철강,KOSPI,,2340,1,60,2.63,2280,2355,2280,8730,20186465,46800000000,20000000,STK
2113,452160,KR7452160005,제이엔비,KOSDAQ,중견기업부,4860,1,5,0.1,4820,4970,4820,1061,5207575,46741181220,9617527,KSQ
2114,376290,KR7376290003,씨유테크,KOSDAQ,벤처기업부,2645,1,5,0.19,2640,2700,2640,2135,5644170,46704087500,17657500,KSQ
2115,064480,KR7064480007,브리지텍,KOSDAQ,벤처기업부,3905,1,110,2.9,3820,3915,3820,2525,9817630,46674512500,11952500,KSQ
2116,407400,KR7407400001,꿈비,KOSDAQ,벤처기업부,3180,1,100,3.25,3080,3180,3080,10298,32313055,46537818120,14634534,KSQ
2117,031310,KR7031310006,아이즈비전,KOSDAQ,중견기업부,1562,1,51,3.38,1511,1578,1511,52274,81299600,46464268862,29746651,KSQ
2118,044960,KR7044960003,이글벳,KOSDAQ,중견기업부,3665,1,55,1.52,3620,3700,3620,8225,30173265,46332501195,12641883,KSQ
2119,069460,KR7069460004,대호에이엘,KOSPI,,532,0,0,0.0,0,0,0,0,0,46322278464,87071952,STK
2120,050110,KR7050110006,캠시스,KOSDAQ,중견기업부,1584,1,47,3.06,1538,1595,1538,22139,34912047,46292119632,29224823,KSQ
2121,002290,KR7002290005,삼일기업공사,KOSDAQ,우량기업부,3730,1,20,0.54,3700,3795,3700,3210,11911770,46252000000,12400000,KSQ
2122,081580,KR7081580003,성우전자,KOSDAQ,중견기업부,2980,1,65,2.23,2890,2985,2885,17829,52443560,46214266140,15508143,KSQ
2123,119500,KR7119500007,포메탈,KOSDAQ,중견기업부,3900,2,-50,-1.27,3920,3930,3820,30780,119890510,46204204800,11847232,KSQ
2124,065650,KR7065650004,하이퍼코퍼레이션,KOSDAQ,중견기업부,2110,0,0,0.0,0,0,0,0,0,46192067250,21891975,KSQ
2125,011420,KR7011420007,갤럭시아에스엠,KOSPI,,1675,1,15,0.9,1670,1675,1670,146,244315,46145653700,27549644,STK
2126,263770,KR7263770000,유에스티,KOSDAQ,우량기업부,1946,2,-17,-0.87,1963,1963,1945,335,653569,46120534712,23700172,KSQ
2127,178780,KR7178780003,일월지엠엘,KOSDAQ,벤처기업부,2470,1,25,1.02,2450,2470,2450,514,1262465,46038811650,18639195,KSQ
2128,001210,KR7001210004,금호전기,KOSPI,,744,2,-6,-0.8,750,763,730,34321,25684901,46038781752,61880083,STK
2129,049800,KR7049800006,우진플라임,KOSPI,,2295,1,35,1.55,2260,2310,2260,207,470580,45900000000,20000000,STK
2130,133820,KR7133820001,화인베스틸,KOSPI,,1235,1,17,1.4,1248,1248,1235,520,648798,45836409970,37114502,STK
2131,129890,KR7129890000,앱코,KOSDAQ,벤처기업부,1006,1,25,2.55,981,1025,969,3276,3229615,45818875612,45545602,KSQ
2132,311390,KR7311390009,네오크레마,KOSDAQ,벤처기업부,3620,1,120,3.43,3555,3670,3505,5138,18550520,45806716180,12653789,KSQ
2133,464280,KR7464280007,티디에스팜,KOSDAQ,중견기업부,8270,1,170,2.1,8230,8270,8120,925,7605880,45733100000,5530000,KSQ
2134,335810,KR7335810008,프리시젼바이오,KOSDAQ,기술성장기업부,2080,1,50,2.46,2105,2105,2035,509,1055375,45654972480,21949506,KSQ
2135,032790,KR7032790008,엠젠솔루션,KOSDAQ,벤처기업부,887,0,0,0.0,0,0,0,0,0,45556508044,51360212,KSQ
2136,020180,KR7020180006,대신정보통신,KOSDAQ,중견기업부,1185,1,33,2.86,1160,1186,1160,53426,62811840,45538264275,38428915,KSQ
2137,221840,KR7221840002,하이즈항공,KOSDAQ,중견기업부,2435,1,20,0.83,2490,2490,2370,1243,2987950,45535866035,18700561,KSQ
2138,066910,KR7066910001,손오공,KOSDAQ,중견기업부,680,0,0,0.0,0,0,0,0,0,45514551520,66933164,KSQ
2139,476080,KR7476080007,M83,KOSDAQ,중견기업부,5610,1,130,2.37,5600,5640,5500,2435,13553240,45311970000,8077000,KSQ
2140,263810,KR7263810004,상신전자,KOSDAQ,중견기업부,2840,1,30,1.07,2815,2880,2815,3891,11032995,45226503000,15924825,KSQ
2141,005030,KR7005030002,부산주공,KOSPI,,486,0,0,0.0,0,0,0,0,0,45092532168,92782988,STK
2142,049830,KR7049830003,승일,KOSDAQ,관리종목(소속부없음),7340,1,220,3.09,7180,7340,7180,7,50890,45009702080,6132112,KSQ
2143,289220,KR7289220006,자이언트스텝,KOSDAQ,기술성장기업부,2015,1,20,1.0,2055,2055,2010,11245,22801585,44959125315,22312221,KSQ
2144,003060,KR7003060001,에이프로젠바이오로직스,KOSPI,,3115,2,-60,-1.89,3150,3180,3100,16510,51984015,44894545010,14412374,STK
2145,103840,KR7103840005,우양,KOSDAQ,중견기업부,2740,1,35,1.29,2715,2760,2705,25418,69248535,44844012720,16366428,KSQ
2146,074610,KR7074610007,이엔플러스,KOSPI,,5110,0,0,0.0,0,0,0,0,0,44815400070,8770137,STK
2147,340440,KR7340440007,세림B&G,KOSDAQ,벤처기업부,1575,1,30,1.94,1600,1600,1553,24277,38321262,44695923300,28378364,KSQ
2148,186230,KR7186230009,그린플러스,KOSDAQ,벤처기업부,4090,2,-40,-0.97,4130,4135,4060,1559,6374236,44663568920,10920188,KSQ
2149,025880,KR7025880006,케이씨피드,KOSDAQ,우량기업부,2670,1,25,0.95,2635,2705,2635,19188,51189095,44631340860,16715858,KSQ
2150,0010F0,KR70010F0005,보원케미칼,KOSDAQ,벤처기업부,4005,1,155,4.03,3860,4075,3860,47558,190239585,44630122005,11143601,KSQ
2151,026040,KR7026040006,제이에스티나,KOSDAQ,중견기업부,2700,1,125,4.85,2610,2730,2605,13375,35635220,44560233000,16503790,KSQ
2152,091590,KR7091590000,남화토건,KOSDAQ,중견기업부,3790,1,50,1.34,3655,3805,3655,6334,23448585,44494600000,11740000,KSQ
2153,200580,KR7200580009,메디쎄이,KONEX,일반기업부,11920,0,0,0.0,0,0,0,0,0,44414861680,3726079,KNX
2154,052460,KR7052460003,아이크래프트,KOSDAQ,벤처기업부,3040,1,75,2.53,2965,3040,2965,14401,43232535,44408125440,14607936,KSQ
2155,032960,KR7032960007,동일기연,KOSDAQ,관리종목(소속부없음),12610,1,710,5.97,11920,12610,11920,76,951160,44369482950,3518595,KSQ
2156,083550,KR7083550004,케이엠,KOSDAQ,중견기업부,3270,2,-20,-0.61,3300,3300,3270,69,227580,44328659550,13556165,KSQ
2157,008870,KR7008870008,금비,KOSPI,,44300,3,0,0.0,44300,44300,44300,1,44300,44300000000,1000000,STK
2158,332290,KR7332290006,누보,KOSDAQ,벤처기업부,1109,1,16,1.46,1100,1120,1100,9863,10912033,44253984036,39904404,KSQ
2159,263700,KR7263700007,케어랩스,KOSDAQ,중견기업부,2275,1,45,2.02,2345,2345,2240,2647,6128350,44167305000,19414200,KSQ
2160,432430,KR7432430007,와이랩,KOSDAQ,기술성장기업부,2675,2,-55,-2.01,2730,2735,2660,3756,10121275,44159756000,16508320,KSQ
2161,288330,KR7288330004,파라택시스코리아,KOSDAQ,관리종목(소속부없음),416,0,0,0.0,0,0,0,0,0,44129674368,106080948,KSQ
2162,355390,KR7355390006,크라우드웍스,KOSDAQ,기술성장기업부,2770,1,85,3.17,2800,2800,2730,3875,10751555,43971932880,15874344,KSQ
2163,033540,KR7033540006,파라텍,KOSDAQ,중견기업부,840,1,24,2.94,821,840,821,2196,1839068,43886918040,52246331,KSQ
2164,204020,KR7204020002,그리티,KOSDAQ,우량기업부,2255,1,20,0.89,2220,2260,2220,2709,6104140,43861626160,19450832,KSQ
2165,128540,KR7128540002,에코캡,KOSDAQ,우량기업부,1642,1,21,1.3,1622,1702,1622,4248,7008127,43825735320,26690460,KSQ
2166,290090,KR7290090000,트윔,KOSDAQ,벤처기업부,5880,1,10,0.17,5930,5950,5870,90,531930,43748775840,7440268,KSQ
2167,023960,KR7023960008,에쓰씨엔지니어링,KOSPI,,1148,1,17,1.5,1131,1159,1131,4836,5497434,43665299300,38035975,STK
2168,256150,KR7256150004,한독크린텍,KOSDAQ,벤처기업부,5200,1,30,0.58,5160,5230,5130,1494,7719070,43654000000,8395000,KSQ
2169,200780,KR7200780005,비씨월드제약,KOSDAQ,중견기업부,4090,1,95,2.38,4100,4100,4025,9,36790,43622553490,10665661,KSQ
2170,087600,KR7087600003,픽셀플러스,KOSDAQ,벤처기업부,5340,1,30,0.56,5340,5340,5250,179,945130,43609419720,8166558,KSQ
2171,019770,KR7019770007,서연탑메탈,KOSDAQ,우량기업부,3740,1,25,0.67,3715,3765,3700,5221,19487185,43571000000,11650000,KSQ
2172,101240,KR7101240000,씨큐브,KOSDAQ,우량기업부,3835,1,45,1.19,3800,3860,3800,5352,20477780,43554294420,11357052,KSQ
2173,481850,KR7481850006,신한글로벌액티브리츠,KOSPI,,1000,1,5,0.5,995,1000,995,840,836959,43477664000,43477664,STK
2174,014990,KR7014990006,인디에프,KOSPI,,578,1,8,1.4,572,578,570,20886,11958902,43415311110,75112995,STK
2175,219750,KR7219750007,한국비티비,KOSDAQ,중견기업부,663,1,2,0.3,661,663,651,4486,2960292,43378024755,65426885,KSQ
2176,000215,KR7000211003,DL우,KOSPI,,25700,1,450,1.78,25750,25850,25600,23,592600,43333155500,1686115,STK
2177,051630,KR7051630002,진양화학,KOSPI,,2040,1,111,5.75,1974,2125,1974,68608,142935845,43248000000,21200000,STK
2178,475460,KR7475460002,미트박스,KOSDAQ,벤처기업부,7700,1,10,0.13,7660,7950,7660,80,616350,43220292500,5613025,KSQ
2179,000890,KR7000890004,보해양조,KOSPI,,1564,2,-23,-1.45,1574,1615,1563,7421,11728408,43203975100,27624025,STK
2180,006920,KR7006920003,모헨즈,KOSDAQ,중견기업부,3955,1,100,2.59,3865,3965,3850,18475,71787156,43188600000,10920000,KSQ
2181,046310,KR7046310009,백금T&A,KOSDAQ,우량기업부,2630,1,40,1.54,2630,2630,2605,1481,3882225,43181025830,16418641,KSQ
2182,050860,KR7050860006,아세아텍,KOSDAQ,우량기업부,1910,1,13,0.69,1903,1910,1902,2076,3951733,42975000000,22500000,KSQ
2183,258790,KR7258790005,소프트캠프,KOSDAQ,벤처기업부,1718,0,0,0.0,0,0,0,0,0,42935025912,24991284,KSQ
2184,011230,KR7011230000,삼화전자,KOSPI,,2240,1,175,8.47,2190,2345,2125,15911,35261450,42931358400,19165785,STK
2185,140520,KR7140520008,대창스틸,KOSDAQ,중견기업부,2030,1,10,0.5,2020,2030,2015,1837,3723670,42851763290,21109243,KSQ
2186,290120,KR7290120005,DH오토리드,KOSDAQ,중견기업부,2705,1,25,0.93,2680,2740,2680,549,1476920,42804593545,15824249,KSQ
2187,046390,KR7046390001,삼화네트웍스,KOSDAQ,중견기업부,991,0,0,0.0,0,0,0,0,0,42784376603,43172933,KSQ
2188,355690,KR7355690009,에이텀,KOSDAQ,기술성장기업부,4545,2,-5,-0.11,4505,4580,4480,20694,93703785,42745634100,9404980,KSQ
2189,351320,KR7351320007,넥사다이내믹스,KOSDAQ,중견기업부,1438,1,22,1.55,1408,1500,1407,1990,2878402,42706647196,29698642,KSQ
2190,059100,KR7059100008,아이컴포넌트,KOSDAQ,벤처기업부,6030,2,-20,-0.33,6050,6140,6030,3211,19494860,42637285800,7070860,KSQ
2191,199480,KR7199480005,뱅크웨어글로벌,KOSDAQ,기술성장기업부,4180,1,5,0.12,4175,4180,4100,5446,22722760,42621737840,10196588,KSQ
2192,079000,KR7079000006,와토스코리아,KOSDAQ,중견기업부,5900,2,-180,-2.96,6080,6080,5870,1353,8055180,42480000000,7200000,KSQ
2193,440320,KR7440320000,오픈놀,KOSDAQ,기술성장기업부,4320,1,60,1.41,4340,4340,4265,6491,28036580,42465600000,9830000,KSQ
2194,043340,KR7043340009,에쎈테크,KOSDAQ,중견기업부,894,1,24,2.76,870,900,870,4288,3825556,42465000000,47500000,KSQ
2195,024120,KR7024120008,KB오토시스,KOSDAQ,중견기업부,3650,1,25,0.69,3625,3680,3625,388,1415680,41975000000,11500000,KSQ
2196,224110,KR7224110007,에이텍모빌리티,KOSDAQ,벤처기업부,8260,1,80,0.98,8180,8260,8180,145,1188300,41963988360,5080386,KSQ
2197,258610,KR7258610005,케일럼,KOSDAQ,중견기업부,1148,1,40,3.61,1155,1155,1111,1238,1385877,41884852324,36485063,KSQ
2198,220180,KR7220180004,핸디소프트,KOSDAQ,벤처기업부,1749,1,64,3.8,1691,1756,1691,443,753640,41855042658,23930842,KSQ
2199,340810,KR7340810001,시선AI,KOSDAQ,기술성장기업부,3065,1,10,0.33,3120,3120,3050,8456,25933780,41821851440,13644976,KSQ
2200,376180,KR7376180006,피코그램,KOSDAQ,벤처기업부,2250,2,-25,-1.1,2260,2290,2250,3004,6798820,41762335500,18561038,KSQ
2201,044480,KR7044480002,빌리언스,KOSDAQ,중견기업부,1255,2,-25,-1.95,1289,1289,1252,2633,3362503,41729899580,33250916,KSQ
2202,043910,KR7043910009,자연과환경,KOSDAQ,벤처기업부,3680,1,200,5.75,3455,3685,3420,34565,122648365,41728053600,11339145,KSQ
2203,336060,KR7336060009,웨이버스,KOSDAQ,벤처기업부,862,1,15,1.77,850,880,850,9305,7982073,41509782400,48155200,KSQ
2204,123570,KR7123570004,이엠넷,KOSDAQ,중견기업부,1862,3,0,0.0,1872,1872,1862,352,658486,41478057236,22276078,KSQ
2205,019490,KR7019490002,엑시큐어하이트론,KOSPI,,541,0,0,0.0,0,0,0,0,0,41349858070,76432270,STK
2206,009140,KR7009140005,경인전자,KOSPI,,26300,1,300,1.15,26000,26400,26000,312,8186650,41311961100,1570797,STK
2207,066900,KR7066900002,디에이피,KOSDAQ,관리종목(소속부없음),1815,0,0,0.0,0,0,0,0,0,41281272945,22744503,KSQ
2208,013000,KR7013000005,세우글로벌,KOSPI,,1438,1,37,2.64,1408,1445,1408,587,836583,41277834578,28705031,STK
2209,160550,KR7160550000,NEW,KOSDAQ,중견기업부,1479,1,9,0.61,1480,1487,1479,3970,5887330,41273130774,27906106,KSQ
2210,000760,KR7000760009,이화산업,KOSPI,,14730,2,-20,-0.14,14730,14730,14730,2,29460,41244000000,2800000,STK
2211,080520,KR7080520000,오디텍,KOSDAQ,벤처기업부,3640,1,60,1.68,3610,3700,3610,1565,5706275,41213597880,11322417,KSQ
2212,084870,KR7084870005,TBH글로벌,KOSPI,,2010,1,24,1.21,1986,2030,1986,642,1289795,41121094560,20458256,STK
2213,007120,KR7007120009,미래아이앤지,KOSPI,,1423,1,48,3.49,1385,1433,1385,2386,3364623,41094259184,28878608,STK
2214,109820,KR7109820001,진매트릭스,KOSDAQ,기술성장기업부,2015,1,19,0.95,1996,2015,1996,12819,25625597,41093184600,20393640,KSQ
2215,002870,KR7002870004,신풍,KOSPI,,1174,1,32,2.8,1142,1175,1142,12578,14688224,41041513800,34958700,STK
2216,148250,KR7148250004,알엔투테크놀로지,KOSDAQ,벤처기업부,3010,1,10,0.33,3005,3020,2990,8289,24944385,40968219040,13610704,KSQ
2217,306040,KR7306040007,에스제이그룹,KOSDAQ,중견기업부,4145,1,65,1.59,4055,4240,4055,9857,40994625,40893857060,9865828,KSQ
2218,388610,KR7388610008,지에프씨생명과학,KOSDAQ,기술성장기업부,7700,3,0,0.0,7640,7700,7550,1266,9662110,40838559300,5303709,KSQ
2219,221980,KR7221980006,케이디켐,KOSDAQ,우량기업부,10100,2,-50,-0.49,10100,10100,10100,200,2020000,40751480000,4034800,KSQ
2220,203450,KR7203450002,유니온바이오메트릭스,KOSDAQ,벤처기업부,2885,1,15,0.52,2850,2890,2850,868,2487180,40617935195,14079007,KSQ
2221,014570,KR7014570006,고려제약,KOSDAQ,중견기업부,3685,1,45,1.24,3655,3790,3655,1430,5253485,40535000000,11000000,KSQ
2222,052600,KR7052600004,한네트,KOSDAQ,중견기업부,3500,1,80,2.34,3495,3515,3490,4600,16095505,40472950000,11563700,KSQ
2223,017040,KR7017040007,광명전기,KOSPI,,932,0,0,0.0,0,0,0,0,0,40390657180,43337615,STK
2224,347770,KR7347770000,핌스,KOSDAQ,중견기업부,1766,1,75,4.44,1710,1779,1710,6108,10583266,40365536172,22857042,KSQ
2225,195500,KR7195500004,마니커에프앤지,KOSDAQ,중견기업부,2525,3,0,0.0,2535,2570,2525,2370,6021645,40344450000,15978000,KSQ
2226,001380,KR7001380005,SG글로벌,KOSPI,,1790,1,13,0.73,1777,1790,1775,5945,10563524,40242907090,22482071,STK
2227,140430,KR7140430000,카티스,KOSDAQ,중견기업부,752,0,0,0.0,0,0,0,0,0,40192549328,53447539,KSQ
2228,356890,KR7356890004,싸이버원,KOSDAQ,벤처기업부,3360,1,215,6.84,3225,3400,3225,51574,171712015,40164852000,11953825,KSQ
2229,058110,KR7058110008,멕아이씨에스,KOSDAQ,기술성장기업부,2500,1,80,3.31,2400,2500,2400,3083,7533155,40126325000,16050530,KSQ
2230,450520,KR7450520002,인스웨이브,KOSDAQ,벤처기업부,2725,2,-25,-0.91,2765,2765,2715,3921,10744910,40069975050,14704578,KSQ
2231,228340,KR7228340006,동양파일,KOSDAQ,중견기업부,2000,2,-5,-0.25,2000,2000,2000,1,2000,40000000000,20000000,KSQ
2232,254120,KR7254120009,자비스,KOSDAQ,기술성장기업부,1300,1,10,0.78,1290,1312,1289,31156,40542030,39980551000,30754270,KSQ
2233,469750,KR7469750004,아이비젼웍스,KOSDAQ,벤처기업부,1160,1,32,2.84,1129,1220,1129,45893,52346836,39969517960,34456481,KSQ
2234,054780,KR7054780002,키이스트,KOSDAQ,중견기업부,2030,1,25,1.25,2005,2035,2005,1352,2733930,39905319790,19657793,KSQ
2235,066360,KR7066360009,체리부로,KOSDAQ,우량기업부,832,2,-3,-0.36,844,859,823,24561,20374607,39896076480,47952015,KSQ
2236,403490,KR7403490006,우듬지팜,KOSDAQ,벤처기업부,868,1,28,3.33,860,877,850,25302,21771675,39869378752,45932464,KSQ
2237,318410,KR7318410008,비비씨,KOSDAQ,중견기업부,7170,2,-40,-0.55,7210,7210,7170,317,2285460,39831092310,5555243,KSQ
2238,239610,KR7239610009,에이치엘사이언스,KOSDAQ,벤처기업부,7370,2,-130,-1.73,7500,7500,7350,588,4402960,39739887550,5392115,KSQ
2239,022220,KR7022220008,티케이지애강,KOSDAQ,중견기업부,767,1,26,3.51,733,767,733,302,229660,39726442093,51794579,KSQ
2240,057030,KR7057030009,YBM넷,KOSDAQ,중견기업부,2435,2,-25,-1.02,2460,2460,2430,2066,5060685,39721417195,16312697,KSQ
2241,002880,KR7002880003,디와이에이,KOSPI,,849,1,18,2.17,832,849,832,6751,5710756,39711121755,46773995,STK
2242,064090,KR7064090004,인크레더블버즈,KOSDAQ,관리종목(소속부없음),798,0,0,0.0,0,0,0,0,0,39694710510,49742745,KSQ
2243,363260,KR7363260001,모비데이즈,KOSDAQ,벤처기업부,1233,1,5,0.41,1218,1233,1218,7051,8653734,39657927177,32163769,KSQ
2244,073540,KR7073540007,에프알텍,KOSDAQ,벤처기업부,3465,1,180,5.48,3285,3465,3285,5395,18299995,39501000000,11400000,KSQ
2245,032860,KR7032860009,더라미,KOSDAQ,중견기업부,975,1,4,0.41,987,991,973,6023,5870920,39385966425,40395863,KSQ
2246,317120,KR7317120004,라닉스,KOSDAQ,기술성장기업부,2575,1,305,13.44,2550,2630,2430,352860,906108859,39294500000,15260000,KSQ
2247,308170,KR7308170000,씨티알모빌리티,KOSPI,,4560,1,10,0.22,4530,4575,4500,585,2648645,39261600000,8610000,STK
2248,122830,KR7122830003,원포유,KONEX,일반기업부,1198,1,114,10.52,1198,1198,1198,5,5990,39236878030,32751985,KNX
2249,290520,KR7290520006,신도기연,KOSDAQ,벤처기업부,2450,1,45,1.87,2495,2495,2410,4148,10115195,39026936900,15929362,KSQ
2250,145270,KR7145270005,케이탑리츠,KOSPI,,812,2,-3,-0.37,812,812,812,1005,816060,39025348488,48060774,STK
2251,133750,KR7133750000,메가엠디,KOSDAQ,중견기업부,1666,2,-8,-0.48,1674,1675,1666,1322,2213330,38996190282,23407077,KSQ
2252,900300,HK0000312568,오가닉티코스메틱,KOSDAQ,외국기업(소속부없음),100,3,0,0.0,100,102,98,4389329,438568843,38900487600,389004876,KSQ
2253,153490,KR7153490008,우리이앤엘하루틴,KOSDAQ,우량기업부,754,1,12,1.62,750,754,747,904,678711,38815920000,51480000,KSQ
2254,045060,KR7045060001,오공,KOSDAQ,우량기업부,2290,1,10,0.44,2280,2305,2280,436,997785,38797120460,16941974,KSQ
2255,011300,KR7011300001,우성머티리얼스,KOSPI,,2445,2,-15,-0.61,2460,2460,2390,510,1236965,38768851545,15856381,STK
2256,064520,KR7064520000,테크엘,KOSDAQ,중견기업부,1734,1,19,1.11,1712,1734,1693,1046,1774125,38756741508,22351062,KSQ
2257,300120,KR7300120003,라온피플,KOSDAQ,벤처기업부,780,1,48,6.56,735,808,735,119110,93716151,38613132480,49504016,KSQ
2258,003535,KR7003531001,한화투자증권우,KOSPI,,8040,1,170,2.16,7890,8040,7890,1362,10798430,38592000000,4800000,STK
2259,33626L,KR733626K021,두산퓨얼셀2우B,KOSPI,,12890,1,1140,9.7,12460,13370,12460,7479,97002150,38493407000,2986300,STK
2260,039740,KR7039740006,한국정보공학,KOSDAQ,벤처기업부,4800,1,205,4.46,4615,4900,4595,12396,59423185,38488305600,8018397,KSQ
2261,241840,KR7241840008,에이스토리,KOSDAQ,중견기업부,4030,1,90,2.28,3940,4040,3940,964,3842480,38446175820,9539994,KSQ
2262,016670,KR7016670002,디모아,KOSDAQ,중견기업부,3755,1,25,0.67,3750,3770,3690,137,514295,38279348670,10194234,KSQ
2263,310870,KR7310870001,디와이씨,KOSDAQ,벤처기업부,1849,2,-1,-0.05,1905,1905,1803,61907,114633053,38250764079,20687271,KSQ
2264,037370,KR7037370004,EG,KOSDAQ,벤처기업부,4425,1,35,0.8,4410,4440,4380,4467,19704305,38165501100,8624972,KSQ
2265,208860,KR7208860007,다산디엠씨,KOSDAQ,벤처기업부,1121,1,21,1.91,1124,1124,1121,2,2245,38057919733,33949973,KSQ
2266,053950,KR7053950002,경남제약,KOSDAQ,중견기업부,2435,2,-245,-9.14,2235,2515,2230,84491,199128767,38057761885,15629471,KSQ
2267,134790,KR7134790005,시디즈,KOSPI,,19020,2,-160,-0.83,18990,19180,18650,105,1984050,38040000000,2000000,STK
2268,038870,KR7038870002,에코심플렉스,KOSDAQ,중견기업부,2710,1,10,0.37,2790,2790,2705,255,694495,37980511790,14014949,KSQ
2269,050120,KR7050120005,ES큐브,KOSDAQ,중견기업부,2800,1,5,0.18,2800,2800,2795,484,1353510,37979440800,13564086,KSQ
2270,025440,KR7025440009,DH오토웨어,KOSDAQ,투자주의환기종목(소속부없음),777,1,7,0.91,799,799,774,4525,3540803,37903011048,48781224,KSQ
2271,383930,KR7383930005,디티앤씨알오,KOSDAQ,중견기업부,2960,1,90,3.14,2835,2990,2795,54169,155291385,37841018880,12784128,KSQ
2272,075130,KR7075130005,플랜티넷,KOSDAQ,벤처기업부,2275,1,105,4.84,2160,2275,2160,8369,18631930,37815778000,16622320,KSQ
2273,005320,KR7005320007,온타이드,KOSPI,,1100,1,36,3.38,1060,1122,1060,7234,8014748,37606629500,34187845,STK
2274,060540,KR7060540002,에스에이티,KOSDAQ,중견기업부,1437,1,9,0.63,1421,1440,1421,2719,3875475,37553560722,26133306,KSQ
2275,075970,KR7075970004,동국알앤에스,KOSDAQ,중견기업부,2040,1,35,1.75,2015,2080,2015,2998,6098413,37536000000,18400000,KSQ
2276,008250,KR7008250003,이건산업,KOSPI,,3425,1,70,2.09,3355,3470,3355,52,177395,37512774875,10952635,STK
2277,206400,KR7206400004,베노티앤알,KOSDAQ,중견기업부,999,2,-13,-1.28,1001,1006,981,1221,1214561,37472647842,37510158,KSQ
2278,071850,KR7071850002,캐스텍코리아,KOSDAQ,투자주의환기종목(소속부없음),1541,1,12,0.78,1541,1541,1541,3,4623,37386105458,24260938,KSQ
2279,043200,KR7043200005,파루,KOSDAQ,벤처기업부,894,1,39,4.56,855,895,854,17641,15301123,37373057610,41804315,KSQ
2280,900340,HK0000449303,윙입푸드,KOSDAQ,외국기업(소속부없음),742,0,0,0.0,0,0,0,0,0,37345548576,50330928,KSQ
2281,387570,KR7387570005,파인메딕스,KOSDAQ,기술성장기업부,6610,3,0,0.0,6610,6610,6550,98,645580,37187199000,5625900,KSQ
2282,363250,KR7363250002,진시스템,KOSDAQ,기술성장기업부,4370,1,70,1.63,4300,4435,4300,685,2993375,37181629340,8508382,KSQ
2283,277410,KR7277410007,인산가,KOSDAQ,벤처기업부,964,1,19,2.01,951,965,951,15120,14486448,37028690820,38411505,KSQ
2284,065950,KR7065950008,웰크론,KOSDAQ,중견기업부,1300,3,0,0.0,1300,1300,1287,2345,3031965,36700692600,28231302,KSQ
2285,270870,KR7270870009,뉴트리,KOSDAQ,중견기업부,3985,1,40,1.01,3945,4025,3945,114,451130,36662892640,9200224,KSQ
2286,373170,KR7373170000,엠아이큐브솔루션,KOSDAQ,벤처기업부,2425,2,-60,-2.41,2485,2595,2425,395,972440,36650940750,15113790,KSQ
2287,073570,KR7073570004,리튬포어스,KOSDAQ,관리종목(소속부없음),3040,1,60,2.01,2920,3190,2920,23947,74415050,36593477120,12037328,KSQ
2288,271830,KR7271830002,팸텍,KOSDAQ,벤처기업부,1240,1,10,0.81,1221,1290,1221,13500,16774364,36567850480,29490202,KSQ
2289,475660,KR7475660007,에스켐,KOSDAQ,기술성장기업부,4610,2,-40,-0.86,4650,4740,4610,4087,18846560,36556539350,7929835,KSQ
2290,025750,KR7025750001,한솔홈데코,KOSPI,,2265,3,0,0.0,2280,2280,2265,3478,7912157,36496010685,16113029,STK
2291,005820,KR7005820006,원림,KOSPI,,15870,1,810,5.38,15060,16870,14860,54,844820,36468783900,2297970,STK
2292,33637K,KR733637K010,솔루스첨단소재1우,KOSPI,,2155,1,25,1.17,2210,2210,2150,3120,6834375,36438390730,16908766,STK
2293,262840,KR7262840002,아이퀘스트,KOSDAQ,벤처기업부,3440,1,40,1.18,3370,3442,3370,1141,3868659,36350314880,10566952,KSQ
2294,462510,KR7462510009,라메디텍,KOSDAQ,기술성장기업부,4120,1,40,0.98,4080,4155,4080,1034,4235975,36268215800,8802965,KSQ
2295,351870,KR7351870001,차이커뮤니케이션,KOSDAQ,중견기업부,3245,1,80,2.53,3185,3320,3185,2725,8896285,36216283290,11160642,KSQ
2296,007720,KR7007720006,소노스퀘어,KOSDAQ,중견기업부,359,2,-1,-0.28,360,362,350,52801,18763581,36187361550,100800450,KSQ
2297,417860,KR7417860004,오브젠,KOSDAQ,벤처기업부,7700,1,340,4.62,7860,7860,7500,1541,11741140,36166176200,4696906,KSQ
2298,195990,KR7195990007,에이비프로바이오,KOSDAQ,관리종목(소속부없음),1110,1,18,1.65,1092,1114,1092,6492,7100223,36159080280,32575748,KSQ
2299,089140,KR7089140008,넥스턴앤롤코리아,KOSDAQ,벤처기업부,2360,1,90,3.96,2270,2395,2270,57562,135875835,36146312240,15316234,KSQ
2300,002360,KR7002360006,SH에너지화학,KOSPI,,3250,2,-330,-9.22,3200,3290,3200,44464,142778030,36118462250,11113373,STK
2301,131100,KR7131100000,티엔엔터테인먼트,KOSDAQ,중견기업부,1120,2,-9,-0.8,1135,1135,1120,2185,2454804,36116330880,32246724,KSQ
2302,424760,KR7424760007,벨로크,KOSDAQ,벤처기업부,3650,1,400,12.31,3330,3655,3260,110225,381531580,36095426700,9889158,KSQ
2303,159910,KR7159910009,에코글로우,KOSDAQ,중견기업부,3445,2,-155,-4.31,3600,3615,3365,4960,17286810,36059149165,10467097,KSQ
2304,208710,KR7208710004,포톤,KOSDAQ,중견기업부,2730,4,630,30.0,2300,2730,2240,735012,1961535650,35981760360,13180132,KSQ
2305,284620,KR7284620002,카이노스메드,KOSDAQ,투자주의환기종목(소속부없음),1087,0,0,0.0,0,0,0,0,0,35965517911,33086953,KSQ
2306,047080,KR7047080007,한빛소프트,KOSDAQ,중견기업부,1445,1,3,0.21,1490,1494,1424,78501,115059944,35868313090,24822362,KSQ
2307,045300,KR7045300001,성우테크론,KOSDAQ,중견기업부,3400,1,10,0.29,3450,3450,3395,2890,9905985,35859840800,10547012,KSQ
2308,187270,KR7187270004,신화콘텍,KOSDAQ,벤처기업부,3535,1,35,1.0,3510,3535,3510,416,1468160,35858492075,10143845,KSQ
2309,002025,KR7002021004,코오롱우,KOSPI,,30900,1,600,1.98,30400,30900,30400,58,1776250,35857503300,1160437,STK
2310,290270,KR7290270008,휴네시온,KOSDAQ,벤처기업부,3730,1,230,6.57,3585,3820,3585,44639,164663835,35836616560,9607672,KSQ
2311,019570,KR7019570001,플루토스,KOSDAQ,중견기업부,406,1,9,2.27,397,413,397,31575,12800250,35748317052,88050042,KSQ
2312,238490,KR7238490007,힘스,KOSDAQ,벤처기업부,3160,2,-5,-0.16,3180,3180,3160,4,12660,35746665760,11312236,KSQ
2313,010640,KR7010640001,진양폴리,KOSPI,,2140,1,45,2.15,2095,2140,2095,2485,5212170,35738000000,16700000,STK
2314,068940,KR7068940006,셀피글로벌,KOSDAQ,관리종목(소속부없음),778,0,0,0.0,0,0,0,0,0,35720093048,45912716,KSQ
2315,169330,KR7169330008,엠브레인,KOSDAQ,중견기업부,1949,2,-1,-0.05,1950,2030,1949,1213,2378082,35699673182,18316918,KSQ
2316,068050,KR7068050004,팬엔터테인먼트,KOSDAQ,중견기업부,1289,2,-1,-0.08,1268,1289,1268,5713,7250616,35697663964,27694076,KSQ
2317,033200,KR7033200007,모아텍,KOSDAQ,투자주의환기종목(소속부없음),3865,1,65,1.71,3950,3950,3800,5445,20905210,35575504585,9204529,KSQ
2318,039290,KR7039290002,인포뱅크,KOSDAQ,중견기업부,4085,1,95,2.38,3990,4095,3990,56,224725,35514900130,8693978,KSQ
2319,318020,KR7318020005,포인트모바일,KOSDAQ,벤처기업부,2880,2,-75,-2.54,2955,3020,2805,2282,6662067,35427663360,12301272,KSQ
2320,112190,KR7112190004,KC산업,KONEX,일반기업부,1300,1,12,0.93,1300,1300,1300,1,1300,35366355700,27204889,KNX
2321,045510,KR7045510005,정원엔시스,KOSDAQ,중견기업부,1097,1,86,8.51,1011,1097,1011,28095,29480350,35333593324,32209292,KSQ
2322,263050,KR7263050007,유틸렉스,KOSDAQ,관리종목(소속부없음),959,0,0,0.0,0,0,0,0,0,35324626904,36834856,KSQ
2323,455180,KR7455180000,케이지에이,KOSDAQ,벤처기업부,2525,1,35,1.41,2580,2580,2500,157,396200,35244747900,13958316,KSQ
2324,006050,KR7006050009,국영지앤엠,KOSDAQ,중견기업부,1010,1,9,0.9,1001,1010,1000,24676,24752427,35244195430,34895243,KSQ
2325,000040,KR7000040006,KR모터스,KOSPI,,408,1,24,6.25,384,408,384,6930,2700567,35241075072,86375184,STK
2326,296640,KR7296640006,이노에이엑스,KOSDAQ,벤처기업부,6770,1,30,0.45,7010,7010,6740,393,2672340,35056766040,5178252,KSQ
2327,086060,KR7086060001,진바이오텍,KOSDAQ,중견기업부,4070,3,0,0.0,4050,4170,4040,968,3921645,35045089090,8610587,KSQ
2328,004365,KR7004361002,세방우,KOSPI,,9490,2,-50,-0.52,9490,9490,9490,3,28470,35010982500,3689250,STK
2329,114630,KR7114630007,폴라리스우노,KOSDAQ,우량기업부,2020,2,-10,-0.49,2000,2025,2000,17648,35355705,34815200960,17235248,KSQ
2330,243870,KR7243870003,아이티센코어,KONEX,일반기업부,12000,1,160,1.35,12990,12990,11840,34,423270,34711572000,2892631,KNX
2331,088790,KR7088790001,진도,KOSPI,,2785,3,0,0.0,2850,2850,2760,1037,2883690,34666967040,12447744,STK
2332,225220,KR7225220003,제놀루션,KOSDAQ,벤처기업부,1806,2,-3,-0.17,1809,1810,1805,3281,5935089,34657177926,19190021,KSQ
2333,318000,KR7318000007,KBG,KOSDAQ,벤처기업부,3960,2,-25,-0.63,3985,3985,3955,1350,5353570,34611283080,8740223,KSQ
2334,446440,KR7446440000,에피바이오텍,KONEX,일반기업부,15000,1,100,0.67,15000,15000,15000,5,75000,34603185000,2306879,KNX
2335,317240,KR7317240000,TS트릴리온,KOSDAQ,벤처기업부,1183,1,1,0.08,1182,1209,1159,12816,15175741,34516049113,29176711,KSQ
2336,057680,KR7057680001,티사이언티픽,KOSDAQ,벤처기업부,2420,1,70,2.98,2350,2420,2350,768,1824795,34484274000,14249700,KSQ
2337,012620,KR7012620001,원일특강,KOSDAQ,우량기업부,7830,1,40,0.51,7790,8210,7790,133,1047960,34452000000,4400000,KSQ
2338,130500,KR7130500002,GH신소재,KOSDAQ,중견기업부,2365,1,40,1.72,2325,2375,2320,5358,12602720,34399047980,14545052,KSQ
2339,200230,KR7200230001,텔콘RF제약,KOSDAQ,중견기업부,479,1,29,6.44,450,483,450,87244,41077898,34259772307,71523533,KSQ
2340,359090,KR7359090008,씨엔알리서치,KOSDAQ,중견기업부,596,1,16,2.76,585,596,583,1971,1162667,34252547332,57470717,KSQ
2341,087260,KR7087260006,모바일어플라이언스,KOSDAQ,벤처기업부,1046,1,52,5.23,996,1050,981,271008,272511334,34050292606,32552861,KSQ
2342,038880,KR7038880001,아이에이,KOSDAQ,투자주의환기종목(소속부없음),906,1,10,1.12,896,954,896,11011,10209198,34040338002,37572117,KSQ
2343,021650,KR7021650007,한국큐빅,KOSDAQ,중견기업부,2080,2,-25,-1.19,2105,2105,2060,1621,3378600,34009171040,16350563,KSQ
2344,464580,KR7464580000,닷밀,KOSDAQ,기술성장기업부,1847,2,-1,-0.05,1848,1859,1820,1783,3290931,33996046383,18406089,KSQ
2345,019175,KR7019171008,신풍제약우,KOSPI,,17040,1,10,0.06,17040,17040,17040,196,3339840,33930559200,1991230,STK
2346,013810,KR7013810007,스페코,KOSDAQ,중견기업부,2315,1,60,2.66,2265,2345,2265,3552,8180490,33927413050,14655470,KSQ
2347,038950,KR7038950002,파인디지털,KOSDAQ,중견기업부,3320,1,40,1.22,3315,3320,3315,5,16580,33899739800,10210765,KSQ
2348,035200,KR7035200005,프럼파스트,KOSDAQ,벤처기업부,3475,1,70,2.06,3405,3485,3405,7579,26278040,33813800250,9730590,KSQ
2349,177830,KR7177830007,파버나인,KOSDAQ,벤처기업부,2505,2,-15,-0.6,2585,2585,2500,3713,9382090,33802347255,13493951,KSQ
2350,109960,KR7109960005,앱토크롬,KOSDAQ,투자주의환기종목(소속부없음),153,0,0,0.0,0,0,0,0,0,33780758157,220789269,KSQ
2351,063760,KR7063760003,이엘피,KOSDAQ,벤처기업부,3620,1,5,0.14,3615,3690,3615,19041,68933105,33756970600,9325130,KSQ
2352,097780,KR7097780001,에코볼트,KOSDAQ,중견기업부,664,0,0,0.0,0,0,0,0,0,33686528072,50732723,KSQ
2353,099390,KR7099390007,브레인즈컴퍼니,KOSDAQ,벤처기업부,4100,1,80,1.99,4145,4145,4075,42,173435,33653960300,8208283,KSQ
2354,006740,KR7006740005,블루산업개발,KOSPI,,589,0,0,0.0,0,0,0,0,0,33558621332,56975588,STK
2355,001000,KR7001000009,신라섬유,KOSDAQ,중견기업부,1382,1,27,1.99,1369,1398,1369,9373,12967185,33551560280,24277540,KSQ
2356,162120,KR7162120000,루켄테크놀러지스,KONEX,일반기업부,3005,1,45,1.52,3000,3090,3000,35,105230,33525589010,11156602,KNX
2357,342870,KR7342870003,오아,KOSDAQ,중견기업부,6140,1,90,1.49,6170,6170,6050,104,640210,33464209580,5450197,KSQ
2358,027040,KR7027040005,서울전자통신,KOSDAQ,중견기업부,480,0,0,0.0,0,0,0,0,0,33402646560,69588847,KSQ
2359,398120,KR7398120006,에스지헬스케어,KOSDAQ,벤처기업부,2825,1,10,0.36,2765,2860,2765,76049,213433099,33387293575,11818511,KSQ
2360,900310,HK0000341732,컬러레이,KOSDAQ,외국기업(소속부없음),520,0,0,0.0,0,0,0,0,0,33301671000,64041675,KSQ
2361,121890,KR7121890008,에스디시스템,KOSDAQ,중견기업부,2500,1,15,0.6,2540,2540,2465,11614,29044315,33228615000,13291446,KSQ
2362,257370,KR7257370007,피엔티엠에스,KOSDAQ,벤처기업부,2655,1,45,1.72,2610,2655,2585,3512,9174250,33200405955,12504861,KSQ
2363,304840,KR7304840002,피플바이오,KOSDAQ,벤처기업부,1364,2,-54,-3.81,1440,1451,1328,715785,984057788,33173380240,24320660,KSQ
2364,333050,KR7333050003,이노테나,KOSDAQ,벤처기업부,6730,2,-40,-0.59,6760,6760,6450,1109,7246140,33129535450,4922665,KSQ
2365,013720,KR7013720008,THE CUBE&,KOSDAQ,중견기업부,544,1,7,1.3,537,544,537,1026,553667,33090509792,60828143,KSQ
2366,263920,KR7263920001,휴엠앤씨,KOSDAQ,중견기업부,3370,1,5,0.15,3370,3375,3365,1022,3445075,33056417620,9809026,KSQ
2367,065370,KR7065370009,위세아이텍,KOSDAQ,벤처기업부,4470,1,235,5.55,4235,4475,4100,3090,13088245,33006274380,7383954,KSQ
2368,115160,KR7115160004,휴맥스,KOSDAQ,중견기업부,7620,1,190,2.56,7420,7620,7420,279,2084455,32858522040,4312142,KSQ
2369,353590,KR7353590003,오토앤,KOSDAQ,중견기업부,2550,1,30,1.19,2520,2630,2520,1101,2777050,32832703500,12875570,KSQ
2370,495810,KR7495810004,유비씨,KONEX,일반기업부,13120,0,0,0.0,0,0,0,0,0,32800000000,2500000,KNX
2371,900070,KYG3931T1076,글로벌에스엠,KOSDAQ,외국기업(소속부없음),610,0,0,0.0,0,0,0,0,0,32783820480,53743968,KSQ
2372,024890,KR7024890006,대원화성,KOSPI,,3970,2,-110,-2.7,4010,4040,3930,5656,22542345,32751825100,8249830,STK
2373,462980,KR7462980004,아이지넷,KOSDAQ,기술성장기업부,1795,1,31,1.76,1751,1803,1751,12903,22686634,32730814415,18234437,KSQ
2374,131220,KR7131220006,대한과학,KOSDAQ,벤처기업부,4380,1,15,0.34,4330,4380,4300,1160,5021830,32650666200,7454490,KSQ
2375,023790,KR7023790009,동일스틸럭스,KOSDAQ,중견기업부,1249,0,0,0.0,0,0,0,0,0,32648381633,26139617,KSQ
2376,051380,KR7051380004,피씨디렉트,KOSDAQ,중견기업부,2120,1,50,2.42,2070,2130,2070,2810,5844095,32520952640,15340072,KSQ
2377,012160,KR7012160008,영흥,KOSPI,,416,1,10,2.46,420,420,414,368,153624,32491063072,78103517,STK
2378,017000,KR7017000001,신원종합개발,KOSDAQ,우량기업부,2780,1,65,2.39,2720,2850,2720,429,1188500,32437115060,11668027,KSQ
2379,290560,KR7290560002,파라택시스이더리움,KOSDAQ,벤처기업부,1448,1,63,4.55,1385,1450,1385,11284,15907851,32381233040,22362730,KSQ
2380,001070,KR7001070002,대한방직,KOSPI,,6100,1,60,0.99,6100,6100,6050,163,994100,32330000000,5300000,STK
2381,187220,KR7187220009,디티앤씨,KOSDAQ,중견기업부,2805,1,5,0.18,2910,2910,2745,4764,13387300,32327437065,11524933,KSQ
2382,252500,KR7252500004,세화피앤씨,KOSDAQ,중견기업부,776,2,-3,-0.39,779,781,771,4810,3747384,32193438640,41486390,KSQ
2383,024070,KR7024070005,WISCOM,KOSPI,,2090,2,-10,-0.48,2150,2150,2090,563,1182670,32032255420,15326438,STK
2384,303530,KR7303530000,이노뎁,KOSDAQ,벤처기업부,4355,1,20,0.46,4360,4360,4310,1006,4385130,31962647145,7339299,KSQ
2385,079170,KR7079170007,한창산업,KOSDAQ,우량기업부,6120,2,-10,-0.16,6140,6140,6110,459,2816440,31824000000,5200000,KSQ
2386,031510,KR7031510001,오스템,KOSDAQ,중견기업부,1136,1,13,1.16,1125,1150,1123,45744,52059682,31808000000,28000000,KSQ
2387,237750,KR7237750005,피앤씨테크,KOSDAQ,벤처기업부,4890,1,130,2.73,4780,4950,4780,1923,9398460,31768374000,6496600,KSQ
2388,090370,KR7090370008,메타랩스,KOSPI,,1274,1,18,1.43,1310,1310,1274,1597,2064772,31728573786,24904689,STK
2389,367000,KR7367000007,플래티어,KOSDAQ,벤처기업부,3745,1,95,2.6,3745,3745,3745,1,3745,31413835215,8388207,KSQ
2390,405920,KR7405920000,나라셀라,KOSDAQ,중견기업부,2435,1,5,0.21,2430,2435,2420,1387,3370400,31358115060,12878076,KSQ
2391,056730,KR7056730005,CNT85,KOSDAQ,중견기업부,2115,3,0,0.0,2115,2145,2110,667,1409665,31349031255,14822237,KSQ
2392,048470,KR7048470009,대동스틸,KOSDAQ,중견기업부,3240,1,110,3.51,3135,3250,3135,2602,8383360,31266000000,9650000,KSQ
2393,354200,KR7354200008,엔젠바이오,KOSDAQ,기술성장기업부,1166,1,17,1.48,1155,1179,1150,6553,7577385,31260168500,26809750,KSQ
2394,002690,KR7002690006,동일제강,KOSPI,,1539,2,-17,-1.09,1613,1613,1539,117,181668,31242254040,20300360,STK
2395,258830,KR7258830009,세종메디칼,KOSDAQ,관리종목(소속부없음),412,0,0,0.0,0,0,0,0,0,31223976612,75786351,KSQ
2396,009810,KR7009810003,플레이그램,KOSPI,,2055,2,-20,-0.96,1991,2070,1991,2218,4442674,31212881250,15188750,STK
2397,227420,KR7227420007,도부,KONEX,일반기업부,820,1,99,13.73,613,820,613,102,62733,31196498200,38044510,KNX
2398,033050,KR7033050006,제이엠아이,KOSDAQ,중견기업부,955,2,-4,-0.42,964,964,955,2367,2277145,31113271610,32579342,KSQ
2399,354390,KR7354390007,바스칸바이오제약,KONEX,일반기업부,4400,0,0,0.0,0,0,0,0,0,30880286800,7018247,KNX
2400,274400,KR7274400001,이노시뮬레이션,KOSDAQ,기술성장기업부,3395,1,35,1.04,3405,3410,3360,688,2323600,30848643735,9086493,KSQ
2401,438700,KR7438700007,버넥트,KOSDAQ,기술성장기업부,2760,1,20,0.73,2825,2825,2740,455,1265590,30759896400,11144890,KSQ
2402,001810,KR7001810001,무림SP,KOSDAQ,중견기업부,1389,1,14,1.02,1375,1394,1375,402,556283,30748987500,22137500,KSQ
2403,142760,KR7142760008,모아라이프플러스,KOSDAQ,기술성장기업부,729,1,29,4.14,703,739,703,13285,9530594,30739728420,42166980,KSQ
2404,431190,KR7431190008,케이쓰리아이,KOSDAQ,기술성장기업부,4065,1,150,3.83,3935,4070,3935,3675,14813710,30432386730,7486442,KSQ
2405,008470,KR7008470007,부스타,KOSDAQ,벤처기업부,3620,1,55,1.54,3585,3625,3585,21,75725,30425376000,8404800,KSQ
2406,373110,KR7373110006,엑셀세라퓨틱스,KOSDAQ,기술성장기업부,1759,1,162,10.14,1896,1996,1720,1425170,2672588532,30420839046,17294394,KSQ
2407,118000,KR7118000009,메타케어,KOSPI,,1768,1,8,0.45,1750,1768,1750,925,1624725,30370237248,17177736,STK
2408,018680,KR7018680009,서울제약,KOSDAQ,벤처기업부,2595,2,-20,-0.76,2545,2600,2545,3488,8908480,30255932805,11659319,KSQ
2409,246250,KR7246250005,에스엘에스바이오,KOSDAQ,관리종목(소속부없음),1969,0,0,0.0,0,0,0,0,0,30220617614,15348206,KSQ
2410,227610,KR7227610003,아우딘퓨쳐스,KOSDAQ,벤처기업부,794,0,0,0.0,0,0,0,0,0,30209513324,38047246,KSQ
2411,080530,KR7080530009,코디,KOSDAQ,중견기업부,2710,2,-160,-5.57,2870,2895,2700,20784,58348940,30086894250,11102175,KSQ
2412,003680,KR7003680006,한성기업,KOSPI,,4845,1,5,0.1,4855,4925,4845,602,2931445,30085100175,6209515,STK
2413,016100,KR7016100000,리더스코스메틱,KOSDAQ,중견기업부,1565,1,74,4.96,1491,1567,1491,1863,2895726,29892899110,19100894,KSQ
2414,298060,KR7298060005,풍전약품,KOSDAQ,관리종목(소속부없음),3380,1,100,3.05,3280,3395,3280,603,2020260,29881346300,8840635,KSQ
2415,015260,KR7015260003,에이엔피,KOSPI,,634,1,11,1.77,632,635,632,1052,664869,29872110796,47116894,STK
2416,239340,KR7239340003,이스트에이드,KOSDAQ,중견기업부,1106,1,25,2.31,1081,1129,1081,2876,3164948,29839475204,26979634,KSQ
2417,038620,KR7038620001,위즈코프,KOSDAQ,벤처기업부,1968,1,15,0.77,1937,1980,1928,5358,10467984,29807117424,15145893,KSQ
2418,376980,KR7376980009,원티드랩,KOSDAQ,기술성장기업부,3050,1,55,1.84,3040,3080,3020,3248,9892370,29787501700,9766394,KSQ
2419,053290,KR7053290003,NE능률,KOSDAQ,중견기업부,1799,1,81,4.71,1732,1802,1732,990,1721244,29730826293,16526307,KSQ
2420,091340,KR7091340000,S&K폴리텍,KOSDAQ,중견기업부,2535,1,15,0.6,2520,2550,2520,2325,5872995,29668932735,11703721,KSQ
2421,090150,KR7090150004,아이윈,KOSDAQ,중견기업부,708,1,10,1.43,702,709,702,3646,2572263,29647707444,41875293,KSQ
2422,276730,KR7276730009,한울앤제주,KOSDAQ,투자주의환기종목(소속부없음),13370,2,-120,-0.89,13200,13490,13200,215,2871710,29614336080,2214984,KSQ
2423,131090,KR7131090003,시큐브,KOSDAQ,벤처기업부,3865,1,225,6.18,3720,3905,3720,13211,50682195,29599024165,7658221,KSQ
2424,068100,KR7068100007,케이웨더,KOSDAQ,기술성장기업부,2475,1,25,1.02,2485,2550,2430,3299,8245730,29520651600,11927536,KSQ
2425,138070,KR7138070008,신진에스엠,KOSDAQ,중견기업부,1683,1,6,0.36,1653,1685,1653,291,488375,29457892332,17503204,KSQ
2426,006570,KR7006570006,대림통상,KOSPI,,1932,2,-60,-3.01,1986,1987,1929,2627,5090923,29414700000,15225000,STK
2427,023150,KR7023150006,MH에탄올,KOSPI,,3980,1,10,0.25,3970,3980,3970,473,1878105,29366533480,7378526,STK
2428,010400,KR7010400000,우진아이엔에스,KOSPI,,3850,1,120,3.22,3730,3850,3730,86,320900,29344700000,7622000,STK
2429,335870,KR7335870002,윙스풋,KOSDAQ,중견기업부,1746,1,57,3.37,1747,1747,1746,17,29689,29246325858,16750473,KSQ
2430,377220,KR7377220009,프롬바이오,KOSDAQ,기술성장기업부,1027,1,31,3.11,1001,1029,1001,9321,9490603,29074370000,28310000,KSQ
2431,032750,KR7032750002,삼진,KOSDAQ,우량기업부,3205,1,10,0.31,3360,3360,3195,4363,14199250,28944746010,9031122,KSQ
2432,146060,KR7146060009,율촌,KOSDAQ,중견기업부,1205,1,30,2.55,1185,1205,1180,4853,5778148,28938791975,24015595,KSQ
2433,462310,KR7462310004,뉴키즈온,KOSDAQ,중견기업부,3535,1,35,1.0,3500,3535,3475,858,3009615,28934402735,8185121,KSQ
2434,014130,KR7014130009,한익스프레스,KOSPI,,2410,2,-30,-1.23,2440,2455,2340,2082,4985080,28920000000,12000000,STK
2435,148930,KR7148930001,에이치와이티씨,KOSDAQ,중견기업부,2840,1,5,0.18,2850,2850,2800,1080,3057990,28897604920,10175213,KSQ
2436,096690,KR7096690003,에이루트,KOSDAQ,중견기업부,7170,2,-230,-3.11,7240,7320,6820,4409,31377190,28843777140,4022842,KSQ
2437,002820,KR7002820009,SUN&L,KOSPI,,2280,0,0,0.0,0,0,0,0,0,28746214920,12607989,STK
2438,067730,KR7067730002,로지시스,KOSDAQ,중견기업부,2955,1,105,3.68,2860,2960,2825,13866,40270200,28586439510,9673922,KSQ
2439,446070,KR7446070005,유니드비티플러스,KOSPI,,2690,1,90,3.46,2575,2690,2575,286,741355,28544168350,10611215,STK
2440,091970,KR7091970004,나노캠텍,KOSDAQ,중견기업부,757,0,0,0.0,0,0,0,0,0,28519144571,37673903,KSQ
2441,069640,KR7069640001,한세엠케이,KOSPI,,1271,2,-45,-3.42,1316,1316,1255,8958,11574624,28474532021,22403251,STK
2442,006200,KR7006200000,한국전자홀딩스,KOSPI,,3035,1,80,2.71,2955,3035,2900,5282,15757885,28409502945,9360627,STK
2443,005360,KR7005360003,모나미,KOSPI,,1503,2,-2,-0.13,1505,1506,1490,6406,9569563,28402652421,18897307,STK
2444,318010,KR7318010006,팜스빌,KOSDAQ,벤처기업부,3565,1,30,0.85,3570,3570,3565,35,124940,28268089970,7929338,KSQ
2445,019660,KR7019660000,글로본,KOSDAQ,중견기업부,2025,1,15,0.75,2050,2050,1989,124,248251,28237274325,13944333,KSQ
2446,291230,KR7291230001,엔피,KOSDAQ,중견기업부,639,3,0,0.0,639,648,620,8688,5526699,28177200225,44095775,KSQ
2447,101000,KR7101000008,KS인더스트리,KOSDAQ,중견기업부,709,1,20,2.9,719,719,696,2277,1594098,28106141132,39641948,KSQ
2448,058450,KR7058450008,한주에이알티,KOSDAQ,투자주의환기종목(소속부없음),5600,1,70,1.27,5680,5710,5350,4227,23086890,28074883200,5013372,KSQ
2449,080470,KR7080470008,성창오토텍,KOSDAQ,벤처기업부,3845,1,10,0.26,3865,3865,3845,851,3281470,28068500000,7300000,KSQ
2450,198940,KR7198940009,한주라이트메탈,KOSDAQ,중견기업부,1442,2,-53,-3.55,1495,1503,1428,38973,56784021,28063467138,19461489,KSQ
2451,206950,KR7206950008,볼빅,KONEX,일반기업부,1987,1,190,10.57,1987,1987,1987,1,1987,27971525555,14077265,KNX
2452,032680,KR7032680001,소프트센,KOSDAQ,중견기업부,268,0,0,0.0,0,0,0,0,0,27946881344,104279408,KSQ
2453,030720,KR7030720007,동원수산,KOSPI,,6000,1,90,1.52,5950,6000,5950,498,2970700,27922830000,4653805,STK
2454,038530,KR7038530002,케이바이오랩스,KOSDAQ,중견기업부,1206,1,16,1.34,1190,1220,1190,2631,3172592,27910300014,23142869,KSQ
2455,009460,KR7009460007,한창제지,KOSPI,,2335,3,0,0.0,2335,2335,2335,144,336240,27864715495,11933497,STK
2456,024940,KR7024940009,PN풍년,KOSDAQ,벤처기업부,2765,2,-5,-0.18,2770,2785,2765,9795,27142940,27650000000,10000000,KSQ
2457,267790,KR7267790004,배럴,KOSDAQ,중견기업부,3595,1,105,3.01,3455,3595,3445,468,1630115,27643065855,7689309,KSQ
2458,115480,KR7115480006,씨유메디칼,KOSDAQ,중견기업부,2275,1,95,4.36,2190,2280,2190,4803,10627695,27584172525,12124911,KSQ
2459,311060,KR7311060008,엘에이티,KONEX,일반기업부,3500,1,30,0.86,3500,3500,3500,2010,7035000,27552469000,7872134,KNX
2460,032080,KR7032080004,아즈텍WB,KOSDAQ,중견기업부,1282,1,7,0.55,1266,1282,1266,323,412793,27551499178,21491029,KSQ
2461,337840,KR7337840003,유엑스엔,KONEX,일반기업부,5790,1,240,4.32,5790,5790,5790,1,5790,27488233440,4747536,KNX
2462,008775,KR7008771008,호텔신라우,KOSPI,,36350,3,0,0.0,36350,36350,36300,30,1090350,27330801650,751879,STK
2463,418620,KR7418620001,E8,KOSDAQ,기술성장기업부,1375,2,-11,-0.79,1417,1420,1371,8892,12352259,27294405875,19850477,KSQ
2464,434190,KR7434190005,탈로스,KONEX,일반기업부,3695,1,25,0.68,3695,3695,3695,1,3695,27230058630,7369434,KNX
2465,043220,KR7043220003,티에스넥스젠,KOSDAQ,관리종목(소속부없음),1710,0,0,0.0,0,0,0,0,0,27227331360,15922416,KSQ
2466,464680,KR7464680008,KB제27호스팩,KOSDAQ,관리종목(소속부없음),2105,3,0,0.0,2105,2105,2105,1500,3157500,27165025000,12905000,KSQ
2467,226340,KR7226340008,본느,KOSDAQ,중견기업부,647,0,0,0.0,0,0,0,0,0,27143215740,41952420,KSQ
2468,054220,KR7054220009,비츠로시스,KOSDAQ,벤처기업부,2155,1,60,2.86,2105,2155,2100,15893,33963910,27132777480,12590616,KSQ
2469,210120,KR7210120002,캔버스엔,KOSDAQ,중견기업부,1117,1,12,1.09,1107,1119,1105,15907,17651902,27073262926,24237478,KSQ
2470,123840,KR7123840001,뉴온,KOSDAQ,투자주의환기종목(소속부없음),4250,1,165,4.04,4085,4250,4085,197,807370,27053077500,6365430,KSQ
2471,270520,KR7270520000,앱튼,KOSDAQ,투자주의환기종목(소속부없음),1375,1,36,2.69,1340,1379,1331,8286,11201947,27031006750,19658914,KSQ
2472,233990,KR7233990001,질경이,KONEX,일반기업부,1673,2,-5,-0.3,1674,1674,1673,80,133841,26983037382,16128534,KNX
2473,397810,KR7397810003,애드포러스,KOSDAQ,벤처기업부,5210,1,70,1.36,5140,5210,5140,152,783640,26887611700,5160770,KSQ
2474,069140,KR7069140002,누리플랜,KOSDAQ,벤처기업부,1777,1,1,0.06,1776,1777,1763,4785,8473754,26825243708,15095804,KSQ
2475,093380,KR7093380004,풍강,KOSDAQ,중견기업부,2705,1,20,0.74,2685,2745,2680,734,1978225,26723541665,9879313,KSQ
2476,054090,KR7054090006,삼진엘앤디,KOSDAQ,중견기업부,1070,1,15,1.42,1055,1081,1055,6389,6836353,26706378240,24959232,KSQ
2477,044780,KR7044780005,에이치케이,KOSDAQ,벤처기업부,1440,1,15,1.05,1460,1460,1426,7758,11153303,26648333280,18505787,KSQ
2478,331520,KR7331520007,밸로프,KOSDAQ,중견기업부,2615,1,5,0.19,2620,2620,2595,1370,3575790,26602075970,10172878,KSQ
2479,224060,KR7224060004,더코디,KOSDAQ,투자주의환기종목(소속부없음),5150,2,-60,-1.15,5230,5230,5100,1057,5429180,26577718300,5160722,KSQ
2480,002355,KR7002351005,넥센타이어1우B,KOSPI,,4080,2,-50,-1.21,4195,4195,4045,1824,7436795,26520000000,6500000,STK
2481,115530,KR7115530008,씨엔플러스,KOSDAQ,중견기업부,336,0,0,0.0,0,0,0,0,0,26491522848,78843818,KSQ
2482,005110,KR7005110002,한창,KOSPI,,1254,0,0,0.0,0,0,0,0,0,26467434378,21106407,STK
2483,301300,KR7301300000,바이브컴퍼니,KOSDAQ,기술성장기업부,2000,1,16,0.81,1985,2030,1984,2770,5557284,26309424000,13154712,KSQ
2484,377030,KR7377030002,비트맥스,KOSDAQ,관리종목(소속부없음),2460,1,80,3.36,2380,2465,2380,4206,10208335,26308125600,10694360,KSQ
2485,900110,HK0000057197,딥커머스,KOSDAQ,외국기업(소속부없음),713,0,0,0.0,0,0,0,0,0,26291693185,36874745,KSQ
2486,060380,KR7060380003,동양에스텍,KOSDAQ,중견기업부,1333,1,12,0.91,1310,1333,1310,3697,4882631,26260100000,19700000,KSQ
2487,143210,KR7143210003,핸즈코퍼레이션,KOSPI,,1199,0,0,0.0,0,0,0,0,0,26229020653,21875747,STK
2488,236810,KR7236810008,엔비티,KOSDAQ,기술성장기업부,1544,2,-22,-1.4,1553,1562,1535,4126,6377353,26210057744,16975426,KSQ
2489,131180,KR7131180002,딜리,KOSDAQ,벤처기업부,4465,2,-10,-0.22,4580,4580,4425,439,1963595,26209550000,5870000,KSQ
2490,065770,KR7065770000,CS,KOSDAQ,벤처기업부,2700,3,0,0.0,2615,2815,2510,178022,470150646,26205025500,9705565,KSQ
2491,007770,KR7007770001,한일화학,KOSDAQ,중견기업부,7450,1,60,0.81,7450,7460,7370,339,2501290,26149500000,3510000,KSQ
2492,285800,KR7285800009,진영,KOSDAQ,벤처기업부,1493,3,0,0.0,1493,1512,1493,2175,3249914,26093564110,17477270,KSQ
2493,357430,KR7357430008,마스턴프리미어리츠,KOSPI,,854,2,-2,-0.23,856,856,851,91,77757,26051532178,30505307,STK
2494,208350,KR7208350009,지란지교시큐리티,KOSDAQ,벤처기업부,3215,1,80,2.55,3135,3410,3135,11077,35830785,26046547550,8101570,KSQ
2495,036480,KR7036480002,대성미생물,KOSDAQ,중견기업부,6850,1,200,3.01,6660,6850,6660,2952,19963020,26030000000,3800000,KSQ
2496,362990,KR7362990004,드림인사이트,KOSDAQ,벤처기업부,1546,1,3,0.19,1559,1603,1546,1102,1723646,25973687404,16800574,KSQ
2497,188040,KR7188040000,바이오포트,KOSDAQ,벤처기업부,5530,1,160,2.98,5370,5530,5240,769,4105530,25876573240,4679308,KSQ
2498,039310,KR7039310008,세중,KOSDAQ,중견기업부,1427,1,47,3.41,1380,1429,1380,1968,2773046,25859618809,18121667,KSQ
2499,043360,KR7043360007,디지아이,KOSDAQ,벤처기업부,2870,1,5,0.17,2865,2870,2850,1412,4047655,25830000000,9000000,KSQ
2500,191600,KR7191600006,블루탑,KONEX,일반기업부,9030,1,880,10.8,9030,9030,9030,1,9030,25816119840,2858928,KNX
2501,004270,KR7004270005,남성,KOSPI,,7120,1,20,0.28,7100,7120,7100,138,979860,25783057920,3621216,STK
2502,003495,KR7003491008,대한항공우,KOSPI,,23050,3,0,0.0,23050,23200,23000,250,5756900,25603801700,1110794,STK
2503,059180,KR7059180000,엔더블유시,KONEX,일반기업부,4810,0,0,0.0,0,0,0,0,0,25560772900,5314090,KNX
2504,377330,KR7377330006,이지트로닉스,KOSDAQ,기술성장기업부,3140,1,10,0.32,3170,3200,3140,421,1329680,25559455560,8139954,KSQ
2505,016920,KR7016920001,카스,KOSDAQ,중견기업부,964,2,-5,-0.52,969,969,959,1878,1810682,25539770632,26493538,KSQ
2506,432980,KR7432980001,엠에프씨,KOSDAQ,기술성장기업부,2970,1,75,2.59,2980,2980,2905,3382,10008210,25517473740,8591742,KSQ
2507,123750,KR7123750002,알톤,KOSDAQ,중견기업부,1839,1,27,1.49,1822,1849,1822,571,1047399,25413617301,13819259,KSQ
2508,103230,KR7103230009,에스앤더블류,KOSDAQ,중견기업부,3515,2,-15,-0.42,3500,3530,3475,888,3108465,25308000000,7200000,KSQ
2509,465770,KR7465770006,STX그린로지스,KOSPI,,3520,1,20,0.57,3510,3585,3510,1335,4697615,25242032640,7171032,STK
2510,033250,KR7033250002,체시스,KOSPI,,3930,2,-10,-0.25,3940,3940,3905,3571,14036660,25152000000,6400000,STK
2511,078860,KR7078860004,아이오케이이엔엠,KOSDAQ,투자주의환기종목(소속부없음),4235,1,95,2.29,4345,4385,4175,532,2292440,25139912875,5936225,KSQ
2512,088290,KR7088290002,이원컴포텍,KOSDAQ,관리종목(소속부없음),630,0,0,0.0,0,0,0,0,0,25124629320,39880364,KSQ
2513,403360,KR7403360001,라피치,KONEX,일반기업부,7000,0,0,0.0,0,0,0,0,0,25100719000,3585817,KNX
2514,322970,KR7322970005,무진메디,KONEX,일반기업부,2475,0,0,0.0,0,0,0,0,0,25062937165,10085689,KNX
2515,053060,KR7053060000,세동,KOSDAQ,중견기업부,1417,1,16,1.14,1404,1418,1402,15795,22196325,25020562723,17657419,KSQ
2516,052300,KR7052300001,오션인더블유,KOSDAQ,중견기업부,1538,1,138,9.86,1400,1820,1400,215217,382395588,24983468864,16244128,KSQ
2517,020400,KR7020400008,대동금속,KOSDAQ,중견기업부,3910,1,80,2.09,3830,3930,3795,2092,8053235,24939278120,6378332,KSQ
2518,115610,KR7115610008,이미지스,KOSDAQ,벤처기업부,2105,2,-5,-0.24,2120,2145,2055,12081,25314225,24878508745,11818769,KSQ
2519,457600,KR7457600005,벡트,KOSDAQ,벤처기업부,1814,1,103,6.02,1755,1815,1750,3507,6244839,24865405000,13707500,KSQ
2520,197140,KR7197140007,디지캡,KOSDAQ,벤처기업부,1910,1,41,2.19,1910,1910,1910,2,3820,24855124140,13013154,KSQ
2521,139670,KR7139670004,키네마스터,KOSDAQ,중견기업부,1759,3,0,0.0,1759,1788,1732,2202,3847107,24834986790,14118810,KSQ
2522,037400,KR7037400009,우리엔터프라이즈,KOSDAQ,중견기업부,947,2,-2,-0.21,937,947,937,519,491063,24833508662,26223346,KSQ
2523,270210,KR7270210008,에스알바이오텍,KONEX,일반기업부,14500,1,100,0.69,14500,15000,14500,6,87500,24815996000,1711448,KNX
2524,049120,KR7049120009,파인디앤씨,KOSDAQ,벤처기업부,2340,2,-20,-0.85,2335,2340,2330,584,1362530,24807891420,10601663,KSQ
2525,027580,KR7027580000,상보,KOSDAQ,중견기업부,2095,2,-45,-2.1,2125,2125,2085,3247,6836395,24796954225,11836255,KSQ
2526,034940,KR7034940007,조아제약,KOSDAQ,중견기업부,800,2,-3,-0.37,803,818,800,15235,12278415,24783861600,30979827,KSQ
2527,179720,KR7179720008,머니무브,KONEX,일반기업부,9000,0,0,0.0,0,0,0,0,0,24750162000,2750018,KNX
2528,085810,KR7085810000,알티캐스트,KOSDAQ,중견기업부,1887,1,70,3.85,1831,1890,1817,5106,9426560,24737071722,13109206,KSQ
2529,372800,KR7372800003,아이티아이즈,KOSDAQ,벤처기업부,3515,1,65,1.88,3450,3595,3450,973,3423900,24735719335,7037189,KSQ
2530,070590,KR7070590005,인티큐브,KOSDAQ,중견기업부,1766,2,-3,-0.17,1771,1771,1756,3805,6720684,24511234086,13879521,KSQ
2531,018700,KR7018700005,졸스,KOSDAQ,투자주의환기종목(소속부없음),2090,2,-25,-1.18,2115,2145,2020,71203,146074985,24466764740,11706586,KSQ
2532,148780,KR7148780000,비큐AI,KOSDAQ,기술성장기업부,778,2,-222,-22.2,804,873,777,695284,559996988,24464774050,31445725,KSQ
2533,415380,KR7415380005,스튜디오삼익,KOSDAQ,중견기업부,2135,1,5,0.23,2130,2155,2130,3062,6551065,24430751625,11442975,KSQ
2534,403810,KR7403810005,아이엘로보틱스,KONEX,일반기업부,2455,2,-5,-0.2,2455,2460,2310,3340,8061085,24396184430,9937346,KNX
2535,021040,KR7021040001,대호특수강,KOSDAQ,중견기업부,1119,1,3,0.27,1116,1144,1116,1735,1942367,24287642106,21704774,KSQ
2536,054940,KR7054940002,엑사이엔씨,KOSDAQ,중견기업부,731,3,0,0.0,731,738,729,28628,20928534,24249863588,33173548,KSQ
2537,352940,KR7352940001,인바이오,KOSDAQ,벤처기업부,2230,3,0,0.0,2230,2230,2230,1234,2751820,24235037900,10867730,KSQ
2538,079650,KR7079650008,서산,KOSDAQ,중견기업부,1209,2,-20,-1.63,1209,1229,1209,38,45987,24180000000,20000000,KSQ
2539,083470,KR7083470005,이엠앤아이,KOSDAQ,벤처기업부,1133,2,-42,-3.57,1176,1180,1130,67376,78357165,24178592757,21340329,KSQ
2540,042040,KR7042040006,케이피엠테크,KOSDAQ,중견기업부,973,1,9,0.93,964,1013,960,3752,3740753,24042209226,24709362,KSQ
2541,109670,KR7109670000,씨싸이트,KOSDAQ,중견기업부,4115,1,85,2.11,4030,4180,4030,723,2925260,24017617230,5836602,KSQ
2542,083640,KR7083640003,인콘,KOSDAQ,벤처기업부,1545,1,31,2.05,1514,1574,1512,13471,20660611,24015588150,15544070,KSQ
2543,102950,KR7102950003,아하,KONEX,일반기업부,1820,2,-128,-6.57,1900,2095,1810,49,90753,23881863460,13121903,KNX
2544,101680,KR7101680007,한국정밀기계,KOSDAQ,중견기업부,2840,1,65,2.34,2800,2850,2795,3251,9139175,23867360000,8404000,KSQ
2545,207490,KR7207490004,에이펙스인텍,KONEX,일반기업부,6600,0,0,0.0,0,0,0,0,0,23760000000,3600000,KNX
2546,405000,KR7405000001,플라즈맵,KOSDAQ,벤처기업부,6170,2,-90,-1.44,6220,6220,6140,72,445720,23683199480,3838444,KSQ
2547,044380,KR7044380004,주연테크,KOSPI,,1836,1,56,3.15,1780,1840,1780,5513,9963474,23677636176,12896316,STK
2548,196700,KR7196700009,웹스,KOSDAQ,벤처기업부,1642,1,17,1.05,1634,1655,1625,12640,20674433,23585924448,14364144,KSQ
2549,208640,KR7208640003,썸에이지,KOSDAQ,중견기업부,169,1,4,2.42,166,170,166,93436,15662242,23531602926,139240254,KSQ
2550,060230,KR7060230000,제이케이시냅스,KOSDAQ,중견기업부,419,1,3,0.72,416,422,412,43747,18211172,23406134005,55861895,KSQ
2551,023770,KR7023770001,플레이위드,KOSDAQ,중견기업부,2615,2,-5,-0.19,2620,2620,2585,149,388620,23395084425,8946495,KSQ
2552,017250,KR7017250002,인터엠,KOSDAQ,중견기업부,1111,1,11,1.0,1111,1138,1107,7424,8341227,23381513837,21045467,KSQ
2553,076340,KR7076340009,지에이이노더스,KONEX,일반기업부,4795,0,0,0.0,0,0,0,0,0,23358650700,4871460,KNX
2554,238200,KR7238200000,비피도,KOSDAQ,벤처기업부,2855,2,-80,-2.73,2950,3065,2820,796,2297380,23353900000,8180000,KSQ
2555,900270,HK0000214814,헝셩그룹,KOSDAQ,외국기업(소속부없음),956,1,12,1.27,931,979,931,716,673484,23330897024,24404704,KSQ
2556,009310,KR7009310004,참엔지니어링,KOSPI,,5330,0,0,0.0,0,0,0,0,0,23329484620,4377014,STK
2557,222980,KR7222980005,한국맥널티,KOSDAQ,벤처기업부,2110,1,45,2.18,2065,2110,2065,2286,4762135,23276429130,11031483,KSQ
2558,115570,KR7115570004,스타플렉스,KOSDAQ,중견기업부,2910,1,30,1.04,2900,2910,2880,1329,3843100,23234918280,7984508,KSQ
2559,067010,KR7067010009,이씨에스,KOSDAQ,벤처기업부,2130,1,5,0.24,2145,2145,2125,1568,3340615,23192505000,10888500,KSQ
2560,065150,KR7065150005,대산F&B,KOSDAQ,관리종목(소속부없음),145,0,0,0.0,0,0,0,0,0,23110448725,159382405,KSQ
2561,303030,KR7303030001,지니틱스,KOSDAQ,벤처기업부,2490,1,75,3.11,2420,2500,2420,232,577295,22802115240,9157476,KSQ
2562,130740,KR7130740004,티피씨글로벌,KOSDAQ,중견기업부,2020,3,0,0.0,2060,2060,1995,11391,23014131,22778891580,11276679,KSQ
2563,275630,KR7275630002,에스에스알,KOSDAQ,벤처기업부,4315,1,115,2.74,4200,4410,4200,3630,15596420,22670181520,5253808,KSQ
2564,278990,KR7278990007,EMB,KONEX,일반기업부,2800,0,0,0.0,0,0,0,0,0,22581375600,8064777,KNX
2565,336040,KR7336040001,타스컴,KONEX,일반기업부,3900,1,5,0.13,3900,3900,3900,1,3900,22580723100,5789929,KNX
2566,101400,KR7101400000,엔시트론,KOSDAQ,중견기업부,1920,1,13,0.68,1907,1940,1907,3374,6461338,22544232960,11741788,KSQ
2567,312610,KR7312610009,에이에프더블류,KOSDAQ,투자주의환기종목(소속부없음),1112,1,42,3.93,1070,1120,1067,3511,3808030,22525659456,20256888,KSQ
2568,368600,KR7368600003,아이씨에이치,KOSDAQ,기술성장기업부,882,1,14,1.61,899,899,868,10608,9323264,22524821172,25538346,KSQ
2569,137940,KR7137940003,넥스트아이,KOSDAQ,중견기업부,263,0,0,0.0,0,0,0,0,0,22452044896,85368992,KSQ
2570,193250,KR7193250008,링크드,KOSDAQ,중견기업부,1677,2,-303,-15.3,1980,2065,1655,64425,116446183,22419700641,13368933,KSQ
2571,289010,KR7289010001,아이스크림에듀,KOSDAQ,중견기업부,1605,1,5,0.31,1612,1612,1604,1054,1696936,22382135880,13945256,KSQ
2572,900100,USU652221081,파이온엑스,KOSDAQ,외국기업(소속부없음),423,1,9,2.17,414,423,414,377,157665,22317692346,52760502,KSQ
2573,216400,KR7216400002,인바이츠바이오코아,KONEX,일반기업부,2885,1,100,3.59,2900,2900,2700,12,32785,22247143775,7711315,KNX
2574,353190,KR7353190002,휴럼,KOSDAQ,중견기업부,2815,2,-10,-0.35,2825,2825,2755,4754,13311830,22170050460,7875684,KSQ
2575,050760,KR7050760008,에스폴리텍,KOSDAQ,중견기업부,1356,2,-9,-0.66,1361,1365,1356,1015,1382983,22149823368,16334678,KSQ
2576,001420,KR7001420009,태원물산,KOSPI,,2905,3,0,0.0,2905,2905,2905,339,984795,22078000000,7600000,STK
2577,348030,KR7348030008,모비릭스,KOSDAQ,중견기업부,2295,1,30,1.32,2265,2295,2265,86,195360,22040721000,9603800,KSQ
2578,225590,KR7225590009,패션플랫폼,KOSDAQ,우량기업부,4300,2,-100,-2.27,4350,4400,4255,14995,64275775,22021916800,5121376,KSQ
2579,00499K,KR700499K014,롯데지주우,KOSPI,,27300,3,0,0.0,27300,27300,27300,29,791700,21992961900,805603,STK
2580,154030,KR7154030001,아시아종묘,KOSDAQ,벤처기업부,1819,1,21,1.17,1807,1836,1807,656,1185845,21940536073,12061867,KSQ
2581,113810,KR7113810006,디젠스,KOSDAQ,중견기업부,672,1,13,1.97,658,677,658,18535,12261030,21926050272,32628051,KSQ
2582,084440,KR7084440007,유비온,KOSDAQ,기술성장기업부,1135,1,20,1.79,1121,1180,1121,1469,1661971,21715297835,19132421,KSQ
2583,002070,KR7002070001,비비안,KOSPI,,9030,1,130,1.46,8900,9340,8900,417,3854350,21711226320,2404344,STK
2584,191410,KR7191410000,육일씨엔에쓰,KOSDAQ,중견기업부,1935,1,32,1.68,1926,1963,1926,3256,6320375,21680233425,11204255,KSQ
2585,076080,KR7076080001,웰크론한텍,KOSDAQ,중견기업부,959,1,20,2.13,939,999,939,5032,4804184,21667795604,22594156,KSQ
2586,328380,KR7328380001,솔트웨어,KOSDAQ,벤처기업부,3160,1,50,1.61,3140,3355,3110,5716,18347735,21654073800,6852555,KSQ
2587,001685,KR7001681006,대상우,KOSPI,,15800,1,50,0.32,15800,15800,15800,11,173800,21649523400,1370223,STK
2588,025890,KR7025890005,한국주강,KOSPI,,1942,1,9,0.47,1933,1959,1933,1180,2290508,21642844272,11144616,STK
2589,417180,KR7417180007,핑거스토리,KOSDAQ,중견기업부,6160,1,100,1.65,6060,6220,6060,2208,13557060,21619899840,3509724,KSQ
2590,080720,KR7080720006,한국유니온제약,KOSDAQ,관리종목(소속부없음),2725,0,0,0.0,0,0,0,0,0,21562456300,7912828,KSQ
2591,215480,KR7215480005,토박스코리아,KOSDAQ,중견기업부,2395,1,30,1.27,2375,2425,2365,5033,12054150,21435250000,8950000,KSQ
2592,279600,KR7279600001,미디어젠,KOSDAQ,벤처기업부,4575,1,30,0.66,4545,4575,4545,505,2297955,21432873075,4684781,KSQ
2593,230980,KR7230980005,비유테크놀러지,KOSDAQ,관리종목(소속부없음),229,0,0,0.0,0,0,0,0,0,21370407553,93320557,KSQ
2594,032280,KR7032280000,삼일,KOSDAQ,중견기업부,1316,1,15,1.15,1321,1327,1302,871,1145054,21337084440,16213590,KSQ
2595,005257,KR7005252002,녹십자홀딩스2우,KOSPI,,25100,2,-50,-0.2,25100,25100,25100,187,4694200,21234349000,845990,STK
2596,060900,KR7060900008,에이전트AI,KOSDAQ,중견기업부,5280,1,210,4.14,5070,5340,5070,4242,22364100,21072865440,3991073,KSQ
2597,247660,KR7247660004,나노씨엠에스,KOSDAQ,기술성장기업부,4845,1,10,0.21,5050,5050,4830,531,2603570,21046292400,4343920,KSQ
2598,065690,KR7065690000,파커스,KOSDAQ,투자주의환기종목(소속부없음),1487,2,-25,-1.65,1512,1512,1487,3140,4711256,20891355197,14049331,KSQ
2599,012170,KR7012170007,아센디오,KOSPI,,1075,1,1,0.09,1074,1094,1074,6090,6540688,20847793200,19393296,STK
2600,011090,KR7011090008,에넥스,KOSPI,,1733,1,106,6.52,1627,1734,1612,8583,14062670,20793102424,11998328,STK
2601,317860,KR7317860005,노드메이슨,KONEX,일반기업부,4600,0,0,0.0,0,0,0,0,0,20760789000,4513215,KNX
2602,365900,KR7365900000,브이씨,KOSDAQ,벤처기업부,2835,3,0,0.0,2835,3080,2835,4525,12831795,20724700500,7310300,KSQ
2603,054410,KR7054410006,케이피티유,KOSDAQ,중견기업부,3615,3,0,0.0,3615,3710,3615,394,1430440,20701095060,5726444,KSQ
2604,389680,KR7389680000,유디엠텍,KOSDAQ,기술성장기업부,2485,2,-20,-0.8,2535,2535,2450,10730,26495565,20671455105,8318493,KSQ
2605,322780,KR7322780008,코퍼스코리아,KOSDAQ,중견기업부,458,0,0,0.0,0,0,0,0,0,20552362532,44874154,KSQ
2606,331660,KR7331660001,한국미라클피플사,KONEX,일반기업부,3720,0,0,0.0,0,0,0,0,0,20460000000,5500000,KNX
2607,098660,KR7098660004,에스티오,KOSDAQ,중견기업부,1636,2,-14,-0.85,1650,1650,1633,4424,7292999,20451596736,12500976,KSQ
2608,002680,KR7002680007,한탑,KOSDAQ,중견기업부,625,1,106,20.42,519,625,519,117303,65675503,20197999375,32316799,KSQ
2609,419540,KR7419540000,비스토스,KOSDAQ,벤처기업부,877,0,0,0.0,0,0,0,0,0,20164432147,22992511,KSQ
2610,169670,KR7169670007,코스텍시스템,KONEX,일반기업부,7000,1,500,7.69,6800,7000,6800,65,453000,20078807000,2868401,KNX
2611,177350,KR7177350006,베셀,KOSDAQ,투자주의환기종목(소속부없음),1021,2,-13,-1.26,1118,1118,1003,92792,95475753,20066496107,19653767,KSQ
2612,45226K,KR745226K018,한화갤러리아우,KOSPI,,6900,3,0,0.0,6900,6900,6900,743,5126700,20040843000,2904470,STK
2613,476710,KR7476710009,타조이엔터테인먼트,KONEX,일반기업부,20000,0,0,0.0,0,0,0,0,0,20000000000,1000000,KNX
2614,308100,KR7308100007,형지글로벌,KOSDAQ,중견기업부,829,1,52,6.69,800,829,794,61050,49485284,19915073632,24023008,KSQ
2615,192390,KR7192390003,윈하이텍,KOSDAQ,벤처기업부,1803,1,10,0.56,1820,1820,1793,2245,4037218,19891108887,11032229,KSQ
2616,015020,KR7015020001,이스타코,KOSPI,,464,0,0,0.0,0,0,0,0,0,19883142400,42851600,STK
2617,071950,KR7071950000,코아스,KOSPI,,1589,1,39,2.52,1590,1590,1589,247,392485,19797660855,12459195,STK
2618,035620,KR7035620004,바른손이앤에이,KOSDAQ,중견기업부,1057,1,47,4.65,1018,1102,1017,127807,133919580,19670683326,18609918,KSQ
2619,060480,KR7060480001,국일신동,KOSDAQ,중견기업부,1763,1,45,2.62,1800,1800,1718,964,1674137,19551670000,11090000,KSQ
2620,240600,KR7240600007,유진테크놀로지,KOSDAQ,벤처기업부,2815,1,65,2.36,2750,2940,2730,2901,8217825,19502745065,6928151,KSQ
2621,048830,KR7048830004,엔피케이,KOSDAQ,중견기업부,1040,1,28,2.77,1012,1050,1012,3228,3321953,19472879920,18723923,KSQ
2622,134060,KR7134060003,이퓨쳐,KOSDAQ,벤처기업부,4035,1,160,4.13,3895,4055,3895,42,164465,19243923750,4769250,KSQ
2623,214610,KR7214610008,롤링스톤,KOSDAQ,관리종목(소속부없음),2290,0,0,0.0,0,0,0,0,0,19197807380,8383322,KSQ
2624,014100,KR7014100002,메디앙스,KOSDAQ,중견기업부,1621,1,25,1.57,1595,1621,1511,11896,18576658,19127800000,11800000,KSQ
2625,083660,KR7083660001,CSA 코스믹,KOSDAQ,중견기업부,304,1,10,3.4,282,304,282,106190,30368109,19100155536,62829459,KSQ
2626,018620,KR7018620005,우진비앤지,KOSDAQ,벤처기업부,3300,2,-100,-2.94,3400,3400,3300,6837,22901216,19066931400,5777858,KSQ
2627,154040,KR7154040000,다산솔루에타,KOSDAQ,중견기업부,1059,1,9,0.86,1050,1079,1050,1978,2089095,19009149546,17950094,KSQ
2628,001770,KR7001770007,SHD,KOSPI,,15630,1,210,1.36,15420,15660,15420,41,633510,18988543140,1214878,STK
2629,019685,KR7019681006,대교우B,KOSPI,,970,1,51,5.55,915,972,913,1146,1052031,18844180300,19426990,STK
2630,031860,KR7031860000,디에이치엑스컴퍼니,KOSDAQ,관리종목(소속부없음),693,0,0,0.0,0,0,0,0,0,18714758139,27005423,KSQ
2631,222670,KR7222670002,플럼라인생명과학,KONEX,일반기업부,4635,0,0,0.0,0,0,0,0,0,18692639820,4032932,KNX
2632,084180,KR7084180009,수성웹툰,KOSDAQ,중견기업부,1034,1,13,1.27,1019,1058,1016,4382,4476111,18688808622,18074283,KSQ
2633,009730,KR7009730003,이렘,KOSDAQ,투자주의환기종목(소속부없음),259,3,0,0.0,259,265,258,76406,19827900,18590897234,71779526,KSQ
2634,092600,KR7092600006,앤씨앤,KOSDAQ,벤처기업부,3685,2,-25,-0.67,3725,3775,3555,22516,82373030,18486550555,5016703,KSQ
2635,096870,KR7096870001,엘디티,KOSDAQ,벤처기업부,2205,1,120,5.76,2090,2235,2090,4410,9416460,18407337795,8347999,KSQ
2636,199730,KR7199730003,바이오인프라,KOSDAQ,벤처기업부,3775,1,150,4.14,3630,3845,3630,862,3205710,18362985425,4864367,KSQ
2637,032980,KR7032980005,바이온,KOSDAQ,관리종목(소속부없음),604,0,0,0.0,0,0,0,0,0,18354952980,30388995,KSQ
2638,079190,KR7079190005,케스피온,KOSDAQ,벤처기업부,950,2,-1,-0.11,965,977,943,65556,62891594,18218869150,19177757,KSQ
2639,032800,KR7032800005,판타지오,KOSDAQ,중견기업부,1981,1,3,0.15,1940,1989,1940,16823,32941677,18208185191,9191411,KSQ
2640,035290,KR7035290006,골드앤에스,KOSDAQ,중견기업부,761,0,0,0.0,0,0,0,0,0,18140900640,23838240,KSQ
2641,028080,KR7028080000,휴맥스홀딩스,KOSDAQ,중견기업부,7900,1,200,2.6,7810,8060,7780,310,2474680,18074733900,2287941,KSQ
2642,254160,KR7254160005,제이엠멀티,KONEX,일반기업부,3490,0,0,0.0,0,0,0,0,0,18008400000,5160000,KNX
2643,344860,KR7344860002,이노진,KOSDAQ,기술성장기업부,1491,2,-9,-0.6,1495,1495,1470,15629,23114212,17936730000,12030000,KSQ
2644,067770,KR7067770008,세진티에스,KOSDAQ,중견기업부,2135,2,-25,-1.16,2205,2260,2135,148,319675,17926726055,8396593,KSQ
2645,110020,KR7110020005,전진바이오팜,KOSDAQ,기술성장기업부,1959,1,7,0.36,1986,1986,1919,1060,2066434,17746114758,9058762,KSQ
2646,086220,KR7086220001,광동헬스바이오,KONEX,일반기업부,1399,0,0,0.0,0,0,0,0,0,17623444485,12687865,KNX
2647,008600,KR7008600009,윌비스,KOSPI,,2620,0,0,0.0,0,0,0,0,0,17615839860,6723603,STK
2648,361670,KR7361670003,삼영에스앤씨,KOSDAQ,기술성장기업부,3105,2,-35,-1.11,3140,3140,3085,628,1970060,17598078090,5667658,KSQ
2649,368970,KR7368970000,오에스피,KOSDAQ,벤처기업부,1925,0,0,0.0,0,0,0,0,0,17586157050,9135666,KSQ
2650,045520,KR7045520004,크린앤사이언스,KOSDAQ,중견기업부,2705,1,40,1.5,2665,2720,2665,814,2184575,17582500000,6500000,KSQ
2651,009440,KR7009440009,KC그린홀딩스,KOSPI,,756,0,0,0.0,0,0,0,0,0,17568790596,23239141,STK
2652,108675,KR7108671009,LX하우시스우,KOSPI,,17000,0,0,0.0,0,0,0,0,0,17549610000,1032330,STK
2653,069330,KR7069330009,유아이디,KOSDAQ,벤처기업부,1154,1,7,0.61,1147,1155,1141,7340,8424815,17412294022,15088643,KSQ
2654,005725,KR7005721006,넥센우,KOSPI,,4800,1,55,1.16,4800,4800,4800,2,9600,17282880000,3600600,STK
2655,0070X0,KR70070X0000,에스테크엠,KONEX,일반기업부,11440,4,1490,14.97,11440,11440,11440,1,11440,17274400000,1510000,KNX
2656,052960,KR7052960002,태양3C,KONEX,일반기업부,3500,0,0,0.0,0,0,0,0,0,17104773000,4887078,KNX
2657,482680,KR7482680006,미래에셋비전스팩7호,KOSDAQ,SPAC(소속부없음),2055,0,0,0.0,0,0,0,0,0,16881825000,8215000,KSQ
2658,241820,KR7241820000,피씨엘,KOSDAQ,관리종목(소속부없음),6040,0,0,0.0,0,0,0,0,0,16803871920,2782098,KSQ
2659,012205,KR7012201000,계양전기우,KOSPI,,14340,2,-1050,-6.82,14510,14970,14050,69437,1003462905,16764592860,1169079,STK
2660,043590,KR7043590009,웰킵스하이텍,KOSDAQ,중견기업부,1233,2,-357,-22.45,1315,1315,1200,219910,282067064,16729813773,13568381,KSQ
2661,477380,KR7477380000,미래에셋비전스팩4호,KOSDAQ,SPAC(소속부없음),2065,3,0,0.0,2065,2065,2065,2,4130,16726500000,8100000,KSQ
2662,217320,KR7217320001,썬테크,KONEX,일반기업부,15910,0,0,0.0,0,0,0,0,0,16705500000,1050000,KNX
2663,060260,KR7060260007,뉴보텍,KOSDAQ,벤처기업부,1239,1,46,3.86,1193,1249,1193,10688,12999610,16531179084,13342356,KSQ
2664,051780,KR7051780005,큐로홀딩스,KOSDAQ,중견기업부,3000,2,-100,-3.23,3180,3325,2865,45555,140524645,16393608000,5464536,KSQ
2665,18064K,KR718064K016,한진칼우,KOSPI,,30500,1,400,1.33,30500,30500,30450,3,91450,16371363000,536766,STK
2666,176590,KR7176590008,코나솔,KONEX,일반기업부,2695,0,0,0.0,0,0,0,0,0,16341872400,5836383,KNX
2667,204210,KR7204210009,JK리버스톤리츠,KOSPI,,2035,0,0,0.0,0,0,0,0,0,15927568525,7826815,STK
2668,106520,KR7106520000,노블엠앤비,KOSDAQ,투자주의환기종목(소속부없음),411,0,0,0.0,0,0,0,0,0,15904036272,38695952,KSQ
2669,0072Z0,KR70072Z0006,KB제33호스팩,KOSDAQ,SPAC(소속부없음),1999,3,0,0.0,1999,1999,1999,70,139930,15762115000,7885000,KSQ
2670,00806K,KR700806K010,대덕1우,KOSPI,,12960,1,40,0.31,12950,12960,12920,81,1048660,15712146720,1212357,STK
2671,000087,KR7000082008,하이트진로2우B,KOSPI,,13700,2,-40,-0.29,13700,13710,13700,217,2973750,15482890600,1130138,STK
2672,0101C0,KR70101C0008,하나36호스팩,KOSDAQ,SPAC(소속부없음),1993,0,0,0.0,0,0,0,0,0,15425820000,7740000,KSQ
2673,0130H0,KR70130H0008,엔에이치스팩33호,KOSDAQ,SPAC(소속부없음),2000,0,0,0.0,0,0,0,0,0,15384600000,7700000,KSQ
2674,291810,KR7291810000,핀텔,KOSDAQ,기술성장기업부,1348,1,31,2.35,1319,1382,1319,23524,31649346,15325023776,11368712,KSQ
2675,469880,KR7469880009,하나30호스팩,KOSDAQ,SPAC(소속부없음),2095,1,5,0.24,2095,2095,2090,5238,10948920,15303975000,7305000,KSQ
2676,079950,KR7079950002,인베니아,KOSDAQ,관리종목(소속부없음),1108,1,9,0.82,1160,1264,1108,365998,427702280,15289402800,13799100,KSQ
2677,025870,KR7025870007,신라에스지,KOSDAQ,중견기업부,3820,3,0,0.0,3820,3835,3820,402,1537104,15280000000,4000000,KSQ
2678,001795,KR7001791003,대한제당우,KOSPI,,2355,1,40,1.73,2320,2360,2310,3067,7135595,15266899800,6482760,STK
2679,065420,KR7065420002,에스아이리소스,KOSDAQ,중견기업부,213,1,2,0.95,212,215,208,248671,52781353,15245964687,71577299,KSQ
2680,477340,KR7477340004,에이치엠씨제7호스팩,KOSDAQ,SPAC(소속부없음),2030,2,-5,-0.25,2030,2030,2030,138,280140,15245300000,7510000,KSQ
2681,030350,KR7030350003,드래곤플라이,KOSDAQ,관리종목(소속부없음),973,0,0,0.0,0,0,0,0,0,15171092867,15592079,KSQ
2682,0044K0,KR70044K0008,삼성스팩10호,KOSDAQ,SPAC(소속부없음),2000,3,0,0.0,2000,2000,2000,1556,3112000,15040000000,7520000,KSQ
2683,233250,KR7233250000,메디안디노스틱,KONEX,일반기업부,8600,0,0,0.0,0,0,0,0,0,15020192400,1746534,KNX
2684,250930,KR7250930005,예선테크,KOSDAQ,벤처기업부,453,1,14,3.19,439,459,436,45181,20218062,14949199320,33000440,KSQ
2685,00781K,KR700781K015,코리아써키트2우B,KOSPI,,19050,2,-40,-0.21,19050,19050,19050,1,19050,14929465950,783699,STK
2686,351020,KR7351020003,미쥬,KONEX,일반기업부,7190,0,0,0.0,0,0,0,0,0,14919250000,2075000,KNX
2687,227100,KR7227100005,프로브잇,KOSDAQ,관리종목(소속부없음),612,0,0,0.0,0,0,0,0,0,14770119384,24134182,KSQ
2688,001515,KR7001511005,SK증권우,KOSPI,,7540,1,250,3.43,7540,7540,7540,1119,8437260,14750177780,1956257,STK
2689,0115H0,KR70115H0007,삼성스팩13호,KOSDAQ,SPAC(소속부없음),2005,3,0,0.0,2005,2005,2000,914,1830070,14736750000,7350000,KSQ
2690,069920,KR7069920007,엑시온그룹,KOSDAQ,투자주의환기종목(소속부없음),1577,1,78,5.2,1499,1602,1485,7572,11795192,14660613617,9296521,KSQ
2691,900120,KYG2114A1094,씨엑스아이,KOSDAQ,외국기업(소속부없음),391,0,0,0.0,0,0,0,0,0,14603186473,37348303,KSQ
2692,473050,KR7473050003,유안타제15호스팩,KOSDAQ,SPAC(소속부없음),2070,0,0,0.0,0,0,0,0,0,14510700000,7010000,KSQ
2693,009620,KR7009620006,삼보산업,KOSDAQ,투자주의환기종목(소속부없음),828,1,1,0.12,827,832,803,9920,8139524,14467683744,17473048,KSQ
2694,012340,KR7012340006,뉴인텍,KOSDAQ,투자주의환기종목(소속부없음),1275,2,-11,-0.86,1350,1350,1268,9653,12483652,14407897800,11300312,KSQ
2695,217880,KR7217880004,틸론,KONEX,일반기업부,1330,1,78,6.23,1391,1391,1150,1108,1384332,14267295700,10727290,KNX
2696,225430,KR7225430008,케이엠제약,KOSDAQ,벤처기업부,2555,1,115,4.71,2510,2640,2500,34514,88606795,14250282550,5577410,KSQ
2697,379390,KR7379390008,이성씨엔아이,KONEX,일반기업부,5000,0,0,0.0,0,0,0,0,0,14207300000,2841460,KNX
2698,478440,KR7478440001,미래에셋비전스팩6호,KOSDAQ,SPAC(소속부없음),2050,2,-10,-0.49,2050,2050,2050,5,10250,14206500000,6930000,KSQ
2699,208850,KR7208850008,이비테크,KONEX,일반기업부,5020,0,0,0.0,0,0,0,0,0,14157655000,2820250,KNX
2700,026910,KR7026910000,광진실업,KOSDAQ,관리종목(소속부없음),2210,1,155,7.54,2070,2365,2070,27278,63973710,14155945050,6405405,KSQ
2701,479880,KR7479880007,한국제15호스팩,KOSDAQ,SPAC(소속부없음),2060,0,0,0.0,0,0,0,0,0,14152200000,6870000,KSQ
2702,188260,KR7188260004,세니젠,KOSDAQ,관리종목(소속부없음),1955,1,5,0.26,1950,2000,1950,383,764308,14131658850,7228470,KSQ
2703,140910,KR7140910001,에이리츠,KOSPI,,3130,0,0,0.0,0,0,0,0,0,13969290160,4463032,STK
2704,0099W0,KR70099W0008,미래에셋비전스팩11호,KOSDAQ,SPAC(소속부없음),1993,2,-5,-0.25,1993,1993,1993,210,418530,13951000000,7000000,KSQ
2705,050090,KR7050090000,비케이홀딩스,KOSDAQ,투자주의환기종목(소속부없음),703,1,14,2.03,695,703,693,7429,5177570,13908668705,19784735,KSQ
2706,065060,KR7065060006,지엔코,KOSDAQ,중견기업부,2900,1,160,5.84,2745,2900,2740,11516,32200030,13804464000,4760160,KSQ
2707,008290,KR7008290009,원풍물산,KOSDAQ,투자주의환기종목(소속부없음),672,2,-5,-0.74,650,674,650,40940,26674103,13673075808,20346839,KSQ
2708,352770,KR7352770002,셀레스트라,KOSDAQ,관리종목(소속부없음),5250,0,0,0.0,0,0,0,0,0,13610136750,2592407,KSQ
2709,481890,KR7481890002,엔에이치스팩31호,KOSDAQ,SPAC(소속부없음),2140,1,15,0.71,2140,2140,2140,2,4280,13578300000,6345000,KSQ
2710,489480,KR7489480004,키움제11호스팩,KOSDAQ,SPAC(소속부없음),2035,0,0,0.0,0,0,0,0,0,13431000000,6600000,KSQ
2711,244460,KR7244460002,올리패스,KOSDAQ,관리종목(소속부없음),1651,0,0,0.0,0,0,0,0,0,13415218661,8125511,KSQ
2712,149010,KR7149010001,아이케이세미콘,KONEX,일반기업부,4285,0,0,0.0,0,0,0,0,0,13369200000,3120000,KNX
2713,004105,KR7004101002,태양금속우,KOSPI,,4030,2,-10,-0.25,4035,4245,4015,7948,32582705,13299000000,3300000,STK
2714,0096B0,KR70096B0006,삼성스팩12호,KOSDAQ,SPAC(소속부없음),1998,3,0,0.0,1996,1998,1996,515,1027948,13146840000,6580000,KSQ
2715,477760,KR7477760003,DB금융스팩12호,KOSDAQ,SPAC(소속부없음),2230,0,0,0.0,0,0,0,0,0,13023200000,5840000,KSQ
2716,489730,KR7489730002,디비금융제13호스팩,KOSDAQ,SPAC(소속부없음),2040,0,0,0.0,0,0,0,0,0,12948940000,6332000,KSQ
2717,0097F0,KR70097F0001,미래에셋비전스팩10호,KOSDAQ,SPAC(소속부없음),1991,2,-9,-0.45,1991,1991,1991,680,1353880,12941500000,6500000,KSQ
2718,011080,KR7011080009,형지I&C,KOSDAQ,중견기업부,2990,1,120,4.18,2870,3095,2870,16343,48827713,12845823380,4296262,KSQ
2719,478390,KR7478390008,KB제29호스팩,KOSDAQ,SPAC(소속부없음),2060,2,-5,-0.24,2060,2060,2060,997,2053820,12813200000,6220000,KSQ
2720,0093G0,KR70093G0004,미래에셋비전스팩8호,KOSDAQ,SPAC(소속부없음),1996,3,0,0.0,1996,1996,1996,13,25948,12774400000,6400000,KSQ
2721,302920,KR7302920004,더콘텐츠온,KONEX,일반기업부,2800,1,100,3.7,2800,2800,2800,1,2800,12746605200,4552359,KNX
2722,492220,KR7492220009,KB제31호스팩,KOSDAQ,SPAC(소속부없음),2060,0,0,0.0,0,0,0,0,0,12730500000,6210000,KSQ
2723,471050,KR7471050005,대신밸런스제17호스팩,KOSDAQ,SPAC(소속부없음),2100,3,0,0.0,2100,2100,2100,117,245700,12726000000,6060000,KSQ
2724,0037T0,KR70037T0008,KB제32호스팩,KOSDAQ,SPAC(소속부없음),2010,0,0,0.0,0,0,0,0,0,12723300000,6330000,KSQ
2725,0099X0,KR70099X0007,IBKS제25호스팩,KOSDAQ,SPAC(소속부없음),2130,0,0,0.0,0,0,0,0,0,12707500000,5980000,KSQ
2726,054180,KR7054180005,메디콕스,KOSDAQ,관리종목(소속부없음),2295,0,0,0.0,0,0,0,0,0,12686716395,5527981,KSQ
2727,001755,KR7001751007,한양증권우,KOSPI,,24150,2,-250,-1.02,24300,24300,24000,101,2443150,12678750000,525000,STK
2728,482690,KR7482690005,대신밸런스제19호스팩,KOSDAQ,SPAC(소속부없음),2255,1,110,5.13,2255,2255,2255,5,11275,12661825000,5615000,KSQ
2729,0054V0,KR70054V0002,엔에이치스팩32호,KOSDAQ,SPAC(소속부없음),2035,3,0,0.0,2035,2035,2035,26,52910,12650577500,6216500,KSQ
2730,121850,KR7121850002,코이즈,KOSDAQ,투자주의환기종목(소속부없음),2500,1,90,3.73,2450,2530,2415,11777,29162439,12642497500,5056999,KSQ
2731,0131D0,KR70131D0001,키움히어로제2호스팩,KOSDAQ,SPAC(소속부없음),1987,1,2,0.1,1985,1987,1985,3672,7290164,12537970000,6310000,KSQ
2732,0088D0,KR70088D0004,메리츠제1호스팩,KOSDAQ,SPAC(소속부없음),2160,0,0,0.0,0,0,0,0,0,12517200000,5795000,KSQ
2733,0091W0,KR70091W0006,신영스팩11호,KOSDAQ,SPAC(소속부없음),2065,0,0,0.0,0,0,0,0,0,12500080000,6068000,KSQ
2734,482520,KR7482520004,교보16호스팩,KOSDAQ,SPAC(소속부없음),2045,0,0,0.0,0,0,0,0,0,12474500000,6100000,KSQ
2735,084695,KR7084691005,대상홀딩스우,KOSPI,,13600,3,0,0.0,13600,13880,13560,388,5304460,12423355200,913482,STK
2736,38380K,KR738380K012,LX홀딩스1우,KOSPI,,8400,3,0,0.0,8400,8400,8400,2,16800,12308394000,1465285,STK
2737,065570,KR7065570004,삼영이엔씨,KOSDAQ,관리종목(소속부없음),764,0,0,0.0,0,0,0,0,0,12295692232,16093838,KSQ
2738,456190,KR7456190008,큐라켐,KONEX,일반기업부,7000,0,0,0.0,0,0,0,0,0,12280002000,1754286,KNX
2739,33637L,KR733637K028,솔루스첨단소재2우B,KOSPI,,3250,1,130,4.17,3135,3250,3135,928,2959715,12279462000,3778296,STK
2740,073190,KR7073190001,듀오백,KOSDAQ,투자주의환기종목(소속부없음),1023,2,-5,-0.49,1028,1050,1018,4577,4687500,12243304920,11968040,KSQ
2741,004255,KR7004251005,NPC우,KOSPI,,2300,1,10,0.44,2300,2300,2300,4,9200,12144000000,5280000,STK
2742,0041L0,KR70041L0000,하나35호스팩,KOSDAQ,SPAC(소속부없음),2000,3,0,0.0,2000,2000,2000,450,900000,12060000000,6030000,KSQ
2743,0132G0,KR70132G0007,교보20호스팩,KOSDAQ,SPAC(소속부없음),1995,3,0,0.0,1994,1995,1994,31,61837,11910150000,5970000,KSQ
2744,145995,KR7145991006,삼양사우,KOSPI,,31700,3,0,0.0,31700,31700,31700,9,285300,11731219000,370070,STK
2745,008500,KR7008500001,일정실업,KOSPI,,1939,2,-11,-0.56,1951,2055,1939,7709,15038735,11634000000,6000000,STK
2746,224760,KR7224760009,엔에스컴퍼니,KONEX,일반기업부,2950,1,230,8.46,2950,2950,2950,1,2950,11622115000,3939700,KNX
2747,469900,KR7469900005,하나31호스팩,KOSDAQ,SPAC(소속부없음),2065,2,-5,-0.24,2070,2070,2065,3211,6644715,11574325000,5605000,KSQ
2748,0071M0,KR70071M0002,삼성스팩11호,KOSDAQ,SPAC(소속부없음),2010,0,0,0.0,0,0,0,0,0,11548800000,5760000,KSQ
2749,060240,KR7060240009,스타코링크,KOSDAQ,관리종목(소속부없음),1976,0,0,0.0,0,0,0,0,0,11502414560,5821060,KSQ
2750,487360,KR7487360000,신한제14호스팩,KOSDAQ,SPAC(소속부없음),2030,0,0,0.0,0,0,0,0,0,11449200000,5640000,KSQ
2751,0105P0,KR70105P0009,유진스팩12호,KOSDAQ,SPAC(소속부없음),2005,0,0,0.0,0,0,0,0,0,11348300000,5660000,KSQ
2752,477470,KR7477470009,미래에셋비전스팩5호,KOSDAQ,SPAC(소속부없음),2060,2,-10,-0.48,2090,2090,2060,3,6240,11288800000,5480000,KSQ
2753,474660,KR7474660008,신한제12호스팩,KOSDAQ,SPAC(소속부없음),2045,2,-5,-0.24,2045,2045,2045,120,245400,11288400000,5520000,KSQ
2754,496070,KR7496070004,신한제16호스팩,KOSDAQ,SPAC(소속부없음),2005,3,0,0.0,2005,2005,2005,1826,3661130,11268100000,5620000,KSQ
2755,474490,KR7474490000,유안타제16호스팩,KOSDAQ,SPAC(소속부없음),2045,0,0,0.0,0,0,0,0,0,11267950000,5510000,KSQ
2756,0129K0,KR70129K0006,신한제18호스팩,KOSDAQ,SPAC(소속부없음),1991,2,-3,-0.15,1990,1992,1990,1170,2328792,11189420000,5620000,KSQ
2757,0096D0,KR70096D0004,미래에셋비전스팩9호,KOSDAQ,SPAC(소속부없음),1995,0,0,0.0,0,0,0,0,0,10972500000,5500000,KSQ
2758,0098T0,KR70098T0004,교보19호스팩,KOSDAQ,SPAC(소속부없음),2020,0,0,0.0,0,0,0,0,0,10962000000,5400000,KSQ
2759,486630,KR7486630007,KB제30호스팩,KOSDAQ,SPAC(소속부없음),2055,3,0,0.0,2050,2055,2050,478,982240,10912050000,5310000,KSQ
2760,003075,KR7003071008,코오롱글로벌우,KOSPI,,14680,3,0,0.0,14680,14680,14680,2,29360,10874019160,740737,STK
2761,0004Y0,KR70004Y0000,디비금융제14호스팩,KOSDAQ,SPAC(소속부없음),2030,1,10,0.5,2030,2030,2030,95,192850,10789450000,5315000,KSQ
2762,489210,KR7489210005,교보17호스팩,KOSDAQ,SPAC(소속부없음),2080,3,0,0.0,2070,2080,2070,155,320900,10774400000,5180000,KSQ
2763,253610,KR7253610000,루트락,KONEX,일반기업부,1050,2,-55,-4.98,1050,1050,1050,1,1050,10770974550,10258071,KNX
2764,341170,KR7341170009,퓨쳐메디신,KONEX,일반기업부,1021,5,-180,-14.99,1021,1021,1021,274,279754,10754402305,10533205,KNX
2765,493790,KR7493790000,유안타제17호스팩,KOSDAQ,SPAC(소속부없음),2025,0,0,0.0,0,0,0,0,0,10726200000,5310000,KSQ
2766,001067,KR7001062009,JW중외제약2우B,KOSPI,,51000,0,0,0.0,0,0,0,0,0,10708623000,209973,STK
2767,0130D0,KR70130D0002,신한제17호스팩,KOSDAQ,SPAC(소속부없음),1996,3,0,0.0,1996,1996,1996,100,199600,10658640000,5340000,KSQ
2768,236340,KR7236340006,메디젠휴먼케어,KONEX,일반기업부,3390,0,0,0.0,0,0,0,0,0,10551264500,3014647,KNX
2769,469480,KR7469480008,IBKS제24호스팩,KOSDAQ,SPAC(소속부없음),2475,1,10,0.41,2445,2480,2445,8,19655,10469250000,4230000,KSQ
2770,043100,KR7043100007,알파AI,KOSDAQ,관리종목(소속부없음),520,0,0,0.0,0,0,0,0,0,10457241600,20110080,KSQ
2771,289170,KR7289170003,바이오텐,KONEX,일반기업부,2910,5,-510,-14.91,2910,2910,2910,1,2910,10408164990,3576689,KNX
2772,478110,KR7478110000,이베스트스팩6호,KOSDAQ,SPAC(소속부없음),2040,0,0,0.0,0,0,0,0,0,10240800000,5020000,KSQ
2773,472220,KR7472220003,신영스팩10호,KOSDAQ,SPAC(소속부없음),2180,1,5,0.23,2210,2210,2180,32,69820,10224200000,4690000,KSQ
2774,466690,KR7466690005,키움히어로제1호스팩,KOSDAQ,SPAC(소속부없음),2005,1,5,0.25,2005,2005,2000,3084,6182895,10215475000,5095000,KSQ
2775,0041B0,KR70041B0002,교보18호스팩,KOSDAQ,SPAC(소속부없음),2020,3,0,0.0,2020,2020,2020,3713,7500260,10180800000,5040000,KSQ
2776,498390,KR7498390004,한화플러스제5호스팩,KOSDAQ,SPAC(소속부없음),2050,3,0,0.0,2050,2050,2050,100,205000,10168000000,4960000,KSQ
2777,244880,KR7244880001,나눔테크,KONEX,일반기업부,1990,1,11,0.56,1990,1990,1990,1,1990,9989800000,5020000,KNX
2778,238500,KR7238500003,솔루믹스,KONEX,일반기업부,475,0,0,0.0,0,0,0,0,0,9883469400,20807304,KNX
2779,488060,KR7488060005,유진스팩11호,KOSDAQ,SPAC(소속부없음),2050,0,0,0.0,0,0,0,0,0,9723200000,4720000,KSQ
2780,106080,KR7106080005,케이이엠텍,KOSDAQ,관리종목(소속부없음),1650,0,0,0.0,0,0,0,0,0,9506998050,5761817,KSQ
2781,114920,KR7114920002,대주이엔티,KONEX,일반기업부,2740,1,305,12.53,2740,2740,2740,1,2740,9506430000,3469500,KNX
2782,145210,KR7145210001,다이나믹디자인,KOSPI,,224,0,0,0.0,0,0,0,0,0,9461013632,42236668,STK
2783,03481K,KR703481K019,해성산업1우,KOSDAQ,중견기업부,6800,1,170,2.56,6640,6830,6640,576,3891100,9366680400,1377453,KSQ
2784,484130,KR7484130000,하나34호스팩,KOSDAQ,SPAC(소속부없음),2045,0,0,0.0,0,0,0,0,0,9243400000,4520000,KSQ
2785,185190,KR7185190006,수프로,KONEX,일반기업부,999,1,2,0.2,999,999,999,1,999,9229386375,9238625,KNX
2786,000225,KR7000221002,유유제약1우,KOSPI,,4030,1,35,0.88,4035,4055,3995,556,2242455,9135727900,2266930,STK
2787,464440,KR7464440007,한국제13호스팩,KOSDAQ,관리종목(소속부없음),2105,3,0,0.0,2105,2105,2105,1200,2526000,9093600000,4320000,KSQ
2788,473950,KR7473950004,에스케이증권제13호스팩,KOSDAQ,SPAC(소속부없음),2030,0,0,0.0,0,0,0,0,0,8972600000,4420000,KSQ
2789,465320,KR7465320000,교보15호스팩,KOSDAQ,SPAC(소속부없음),2335,0,0,0.0,0,0,0,0,0,8896350000,3810000,KSQ
2790,487830,KR7487830002,신한제15호스팩,KOSDAQ,SPAC(소속부없음),2040,3,0,0.0,2040,2040,2040,1,2040,8874000000,4350000,KSQ
2791,467930,KR7467930004,IBKS제23호스팩,KOSDAQ,SPAC(소속부없음),2090,0,0,0.0,0,0,0,0,0,8840700000,4230000,KSQ
2792,468760,KR7468760004,유진스팩10호,KOSDAQ,SPAC(소속부없음),2085,3,0,0.0,2085,2085,2085,2,4170,8840400000,4240000,KSQ
2793,178600,KR7178600003,대동고려삼,KONEX,일반기업부,1940,5,-340,-14.91,1940,1940,1940,1,1940,8632224000,4449600,KNX
2794,472230,KR7472230002,에스케이증권제11호스팩,KOSDAQ,SPAC(소속부없음),2070,0,0,0.0,0,0,0,0,0,8621625000,4155000,KSQ
2795,004835,KR7004831004,덕성우,KOSPI,,6190,3,0,0.0,6190,6190,6190,1,6190,8616480000,1392000,STK
2796,0068Y0,KR70068Y0003,비엔케이제3호스팩,KOSDAQ,SPAC(소속부없음),1996,2,-3,-0.15,1996,1996,1996,27,53892,8602760000,4310000,KSQ
2797,189350,KR7189350002,코셋,KONEX,일반기업부,1786,1,97,5.74,1786,1786,1786,1,1786,8572800000,4800000,KNX
2798,001065,KR7001061001,JW중외제약우,KOSPI,,25000,1,250,1.01,25000,25000,25000,3,75000,8548775000,341951,STK
2799,487720,KR7487720005,키움제10호스팩,KOSDAQ,SPAC(소속부없음),2020,2,-5,-0.25,2020,2020,2020,7010,14160200,8544600000,4230000,KSQ
2800,103660,KR7103660007,씨앗,KONEX,일반기업부,1399,1,167,13.56,1399,1399,1399,1,1399,8418441929,6017471,KNX
2801,0041J0,KR70041J0004,엘에스스팩1호,KOSDAQ,SPAC(소속부없음),2000,3,0,0.0,2000,2005,2000,204,408010,8220000000,4110000,KSQ
2802,004985,KR7004981007,성신양회우,KOSPI,,10770,1,150,1.41,10630,10770,10630,37,393750,7922896650,735645,STK
2803,447690,KR7447690009,아이오바이오,KONEX,일반기업부,2950,1,375,14.56,2950,2950,2950,1,2950,7759255200,2630256,KNX
2804,475250,KR7475250007,하나33호스팩,KOSDAQ,SPAC(소속부없음),2080,0,0,0.0,0,0,0,0,0,7696000000,3700000,KSQ
2805,199150,KR7199150004,데이터스트림즈,KONEX,일반기업부,1799,0,0,0.0,0,0,0,0,0,7679234787,4268613,KNX
2806,079970,KR7079970000,투비소프트,KOSDAQ,관리종목(소속부없음),596,0,0,0.0,0,0,0,0,0,7646223464,12829234,KSQ
2807,474930,KR7474930005,신한제13호스팩,KOSDAQ,SPAC(소속부없음),2085,2,-15,-0.71,2100,2100,2085,6,12540,7547700000,3620000,KSQ
2808,212310,KR7212310007,오건에코텍,KONEX,일반기업부,635,0,0,0.0,0,0,0,0,0,7514663025,11834115,KNX
2809,066830,KR7066830001,제노텍,KONEX,일반기업부,1300,0,0,0.0,0,0,0,0,0,7367334000,5667180,KNX
2810,276040,KR7276040003,스코넥,KOSDAQ,관리종목(소속부없음),327,0,0,0.0,0,0,0,0,0,7073119545,21630335,KSQ
2811,26490K,KR726490K013,크라운제과우,KOSPI,,9130,1,190,2.13,8940,9130,8940,55,491890,7062602800,773560,STK
2812,000325,KR7000321000,노루홀딩스우,KOSPI,,28700,0,0,0.0,0,0,0,0,0,6990143300,243559,STK
2813,224810,KR7224810002,엄지하우스,KONEX,일반기업부,1639,5,-289,-14.99,1639,1639,1639,10,16390,6883800000,4200000,KNX
2814,251280,KR7251280004,안지오랩,KONEX,일반기업부,1962,3,0,0.0,1962,1962,1962,14,27468,6851048940,3491870,KNX
2815,473000,KR7473000008,에스케이증권제12호스팩,KOSDAQ,SPAC(소속부없음),2055,1,5,0.24,2055,2055,2055,1,2055,6802050000,3310000,KSQ
2816,318660,KR7318660008,타임기술,KONEX,일반기업부,3145,1,260,9.01,3200,3300,3145,875,2879950,6768357645,2152101,KNX
2817,236030,KR7236030003,씨알푸드,KONEX,일반기업부,3300,0,0,0.0,0,0,0,0,0,6709995600,2033332,KNX
2818,199290,KR7199290008,바이오프로테크,KONEX,일반기업부,411,5,-72,-14.91,411,411,411,2500,1027500,6709653912,16325192,KNX
2819,101390,KR7101390003,아이엠,KOSDAQ,관리종목(소속부없음),396,0,0,0.0,0,0,0,0,0,6698084184,16914354,KSQ
2820,475240,KR7475240008,하나32호스팩,KOSDAQ,SPAC(소속부없음),2080,0,0,0.0,0,0,0,0,0,6656000000,3200000,KSQ
2821,215570,KR7215570003,크로넥스,KONEX,일반기업부,1047,0,0,0.0,0,0,0,0,0,6519136424,6232444,KNX
2822,332190,KR7332190008,오션스바이오,KONEX,일반기업부,4385,0,0,0.0,0,0,0,0,0,6480324015,1477839,KNX
2823,009415,KR7009411000,태영건설우,KOSPI,,9500,1,10,0.11,9500,9500,9500,8545,81177480,6174753000,649974,STK
2824,202960,KR7202960001,판도라티비,KONEX,일반기업부,499,0,0,0.0,0,0,0,0,0,5945875418,11915582,KNX
2825,092590,KR7092590009,럭스피아,KONEX,일반기업부,810,3,0,0.0,770,810,770,6,4660,5905789380,7291098,KNX
2826,223220,KR7223220005,로지스몬,KONEX,일반기업부,1028,1,131,14.6,763,1028,763,100,76565,5862600732,5702919,KNX
2827,311960,KR7311960009,인터로이드,KONEX,일반기업부,2000,0,0,0.0,0,0,0,0,0,5819061600,3062664,KNX
2828,267080,KR7267080000,세븐브로이맥주,KONEX,일반기업부,486,0,0,0.0,0,0,0,0,0,5769504288,11871408,KNX
2829,090355,KR7090351008,노루페인트우,KOSPI,,12200,0,0,0.0,0,0,0,0,0,5650137200,463126,STK
2830,234070,KR7234070001,에이원큐브텍,KONEX,일반기업부,799,0,0,0.0,0,0,0,0,0,5561601697,6960703,KNX
2831,044180,KR7044180008,KD,KOSDAQ,관리종목(소속부없음),205,0,0,0.0,0,0,0,0,0,5477148795,26717799,KSQ
2832,313760,KR7313760001,캐리,KOSDAQ,관리종목(소속부없음),468,0,0,0.0,0,0,0,0,0,5244963048,11207186,KSQ
2833,276240,KR7276240009,엘리비젼,KONEX,일반기업부,422,0,0,0.0,0,0,0,0,0,5196144236,12313138,KNX
2834,116100,KR7116100009,태양기계,KONEX,일반기업부,620,0,0,0.0,0,0,0,0,0,5185670242,7439986,KNX
2835,000545,KR7000541003,흥국화재우,KOSPI,,6650,1,40,0.61,6650,6650,6650,2,13300,5107200000,768000,STK
2836,266350,KR7266350008,팡스카이,KONEX,일반기업부,398,0,0,0.0,0,0,0,0,0,5026568860,12629570,KNX
2837,258050,KR7258050004,테크트랜스,KONEX,일반기업부,449,0,0,0.0,0,0,0,0,0,5004531101,11145949,KNX
2838,327610,KR7327610002,펨토바이오메드,KONEX,일반기업부,585,0,0,0.0,0,0,0,0,0,4993610310,8536086,KNX
2839,000145,KR7000141002,하이트진로홀딩스우,KOSPI,,10600,1,110,1.05,10600,10600,10600,1,10600,4990586000,470810,STK
2840,346010,KR7346010002,타이드,KONEX,일반기업부,1000,0,0,0.0,0,0,0,0,0,4860062000,4860062,KNX
2841,043090,KR7043090000,더테크놀로지,KOSDAQ,투자주의환기종목(소속부없음),1140,0,0,0.0,0,0,0,0,0,4718944500,4139425,KSQ
2842,121060,KR7121060008,유니포인트,KONEX,일반기업부,789,0,0,0.0,0,0,0,0,0,4669210917,5193783,KNX
2843,052770,KR7052770005,아이톡시,KOSDAQ,관리종목(소속부없음),312,0,0,0.0,0,0,0,0,0,4545457488,14568774,KSQ
2844,36328K,KR736328K013,티와이홀딩스우,KOSPI,,3835,1,75,1.99,3835,3835,3835,5,19175,4505929415,1174949,STK
2845,136660,KR7136660008,큐엠씨,KONEX,일반기업부,1900,1,100,5.56,1900,1900,1900,1,1900,4485805000,2360950,KNX
2846,002995,KR7002991008,금호건설우,KOSPI,,14790,1,230,1.58,14790,14790,14790,253,3737270,4322614140,292266,STK
2847,005745,KR7005741004,크라운해태홀딩스우,KOSPI,,7100,0,0,0.0,0,0,0,0,0,4265154600,600726,STK
2848,299480,KR7299480004,지앤이헬스케어,KONEX,일반기업부,384,1,10,2.67,384,384,384,1,384,4262685312,11100743,KNX
2849,014825,KR7014821003,동원시스템즈우,KOSPI,,16120,0,0,0.0,0,0,0,0,0,4257469320,264111,STK
2850,014285,KR7014281000,금강공업우,KOSPI,,7130,1,110,1.57,7130,7130,7130,150,1069500,4205808750,589875,STK
2851,217910,KR7217910009,에스제이켐,KONEX,일반기업부,300,1,20,7.14,300,300,300,1,300,4197156600,13990522,KNX
2852,005965,KR7005961008,동부건설우,KOSPI,,18510,1,100,0.54,18510,18510,18510,1,18510,4178299320,225732,STK
2853,008355,KR7008351009,남선알미우,KOSPI,,13070,0,0,0.0,0,0,0,0,0,4024122300,307890,STK
2854,007575,KR7007571003,일양약품우,KOSPI,,9000,3,0,0.0,9000,9000,9000,235,2115000,4005720000,445080,STK
2855,093510,KR7093510006,엔지브이아이,KONEX,일반기업부,628,0,0,0.0,0,0,0,0,0,3780560000,6020000,KNX
2856,004545,KR7004541009,깨끗한나라우,KOSPI,,9990,3,0,0.0,9990,9990,9990,145,1448550,3657938400,366160,STK
2857,208890,KR7208890004,미래엔에듀파트너,KONEX,일반기업부,900,0,0,0.0,0,0,0,0,0,3604968000,4005520,KNX
2858,000227,KR7000222000,유유제약2우B,KOSPI,,10800,1,180,1.69,10800,10800,10800,1,10800,3516048000,325560,STK
2859,014915,KR7014911002,성문전자우,KOSPI,,5340,2,-350,-6.15,5340,5340,5340,7214,38522760,3204000000,600000,STK
2860,266470,KR7266470004,바이오인프라생명과학,KONEX,일반기업부,110,3,0,0.0,110,110,110,1,110,3065262090,27866019,KNX
2861,390110,KR7390110005,애니메디솔루션,KONEX,일반기업부,309,2,-11,-3.44,310,310,309,898,277501,2996387523,9697047,KNX
2862,001525,KR7001521004,동양우,KOSPI,,4750,0,0,0.0,0,0,0,0,0,2934222250,617731,STK
2863,402420,KR7402420004,켈스,KONEX,일반기업부,1200,1,100,9.09,1200,1200,1200,1,1200,2818515600,2348763,KNX
2864,413300,KR7413300005,티엘엔지니어링,KONEX,일반기업부,2030,1,55,2.78,1970,2035,1970,24,47415,2743575450,1351515,KNX
2865,002785,KR7002781003,진흥기업우B,KOSPI,,3160,2,-25,-0.78,3160,3160,3160,2180,6888800,2708808880,857218,STK
2866,011155,KR7011151008,CJ씨푸드1우,KOSPI,,12910,0,0,0.0,0,0,0,0,0,2582000000,200000,STK
2867,448780,KR7448780007,마이크로엔엑스,KONEX,일반기업부,948,1,115,13.81,948,948,948,1,948,2538440640,2677680,KNX
2868,004415,KR7004411005,서울식품우,KOSPI,,11400,0,0,0.0,0,0,0,0,0,2535930000,222450,STK
2869,001527,KR7001522002,동양2우B,KOSPI,,7770,1,60,0.78,7770,7770,7770,3,23310,2397581130,308569,STK
2870,245450,KR7245450002,씨앤에스링크,KONEX,일반기업부,1500,3,0,0.0,1500,1500,1500,2,3000,2369940000,1579960,KNX
2871,002787,KR7002782001,진흥기업2우B,KOSPI,,7930,2,-70,-0.88,7930,7930,7930,176,1395680,2337827440,294808,STK
2872,021045,KR7021041009,대호특수강우,KOSDAQ,중견기업부,2650,1,15,0.57,2650,2650,2650,1,2650,2248503800,848492,KSQ
2873,140660,KR7140660002,위월드,KONEX,일반기업부,900,0,0,0.0,0,0,0,0,0,2238526800,2487252,KNX
2874,032685,KR7032681009,소프트센우,KOSDAQ,중견기업부,6270,0,0,0.0,0,0,0,0,0,2237217510,356813,KSQ
2875,296520,KR7296520000,가이아코퍼레이션,KONEX,일반기업부,355,0,0,0.0,0,0,0,0,0,1656787840,4667008,KNX
2876,266170,KR7266170000,레드우즈,KONEX,일반기업부,1050,0,0,0.0,0,0,0,0,0,1366092000,1301040,KNX
2877,279060,KR7279060008,이노벡스,KONEX,일반기업부,115,0,0,0.0,0,0,0,0,0,1127904590,9807866,KNX
