,Code,ISU_CD,Name,Market,Dept,Close,ChangeCode,Changes,ChagesRatio,Open,High,Low,Volume,Amount,Marcap,Stocks,MarketId
0,005930,KR7005930003,삼성전자,KOSPI,,268500,2,-27500,-9.29,291000,296500,268000,31885983,8997063164250,1569725806248000,5846278608,STK
1,000660,KR7000660001,SK하이닉스,KOSPI,,1838000,2,-132000,-6.7,1950000,1995000,1825000,5613713,10739828183500,1309946946870000,712702365,STK
2,402340,KR7402340004,SK스퀘어,KOSPI,,1109000,2,-62000,-5.29,1181000,1190000,1091000,849135,978916095000,146341850074000,131958386,STK
3,005935,KR7005931001,삼성전자우,KOSPI,,182000,2,-11700,-6.04,190200,193700,180000,3642459,680222058050,146031558946000,802371203,STK
4,005380,KR7005380001,현대차,KOSPI,,706000,2,-6000,-0.84,725000,774500,694000,3678473,2693038463500,144558982796000,204757766,STK
5,373220,KR7373220003,LG에너지솔루션,KOSPI,,413000,2,-29000,-6.56,450000,470000,412500,671427,292839238750,96642000000000,234000000,STK
6,009150,KR7009150004,삼성전기,KOSPI,,997000,2,-27000,-2.64,1061000,1133000,996000,1181096,1261865797000,74469614912000,74693696,STK
7,034020,KR7034020008,두산에너빌리티,KOSPI,,111000,2,-6100,-5.21,118800,118900,110100,4170160,474045227050,71102287206000,640561146,STK
8,329180,KR7329180004,HD현대중공업,KOSPI,,640000,2,-31000,-4.62,678000,679000,630000,449037,293477577000,67175184000000,104961225,STK
9,207940,KR7207940008,삼성바이오로직스,KOSPI,,1409000,2,-40000,-2.76,1443000,1469000,1408000,68759,98938452000,65223949959000,46290951,STK
10,000270,KR7000270009,기아,KOSPI,,167000,2,-11100,-6.23,178200,184200,167000,2560144,448177562050,65198970666000,390412998,STK
11,028260,KR7028260008,삼성물산,KOSPI,,395000,2,-47000,-10.63,435000,439500,394500,577581,238427977750,64056747495000,162168981,STK
12,012450,KR7012450003,한화에어로스페이스,KOSPI,,1232000,2,-74000,-5.67,1300000,1304000,1223000,145619,181686256500,63526110032000,51563401,STK
13,032830,KR7032830002,삼성생명,KOSPI,,302000,2,-28000,-8.48,332000,339500,301500,557718,175441414000,60400000000000,200000000,STK
14,105560,KR7105560007,KB금융,KOSPI,,156400,1,400,0.26,157500,159700,155000,1170807,184017508200,58313811162000,372850455,STK
15,012330,KR7012330007,현대모비스,KOSPI,,616000,2,-34000,-5.23,671000,685000,616000,896968,582374032000,55891271128000,90732583,STK
16,006400,KR7006400006,삼성SDI,KOSPI,,623000,2,-13000,-2.04,629000,668000,620000,815705,528025359500,50204785190000,80585530,STK
17,055550,KR7055550008,신한지주,KOSPI,,95000,2,-1800,-1.86,96600,97300,93100,955396,90718706950,45092164295000,474654361,STK
18,068270,KR7068270008,셀트리온,KOSPI,,190000,2,-5100,-2.61,195500,195500,189000,560403,107241109350,42168269590000,221938261,STK
19,267260,KR7267260008,HD현대일렉트릭,KOSPI,,1160000,2,-107000,-8.45,1267000,1276000,1160000,161373,193866516500,41814676600000,36047135,STK
20,066570,KR7066570003,LG전자,KOSPI,,241500,1,24500,11.29,256000,266500,233000,5003797,1234521312250,39336640077000,162884638,STK
21,006800,KR7006800007,미래에셋증권,KOSPI,,69600,2,-2700,-3.73,75000,77400,69000,3647697,263977338050,38945854848000,559566880,STK
22,010120,KR7010120004,LS ELECTRIC,KOSPI,,255000,2,-25000,-8.93,278000,278500,255000,1334223,352084575750,38250000000000,150000000,STK
23,005490,KR7005490008,POSCO홀딩스,KOSPI,,470500,2,-16000,-3.29,487500,505000,468000,530299,257734052000,37283138453500,79241527,STK
24,034730,KR7034730002,SK,KOSPI,,496500,2,-44500,-8.23,541000,558000,495500,204415,106361221750,35997592039500,72502703,STK
25,042660,KR7042660001,한화오션,KOSPI,,117300,2,-3100,-2.57,121600,124300,117300,2389966,289079232350,35942291116200,306413394,STK
26,298040,KR7298040007,효성중공업,KOSPI,,3777000,2,-248000,-6.16,3982000,3985000,3750000,53123,204057998000,35218817796000,9324548,STK
27,042700,KR7042700005,한미반도체,KOSPI,,368500,2,-41000,-10.01,405000,406000,368000,825242,321028143000,35122545700000,95312200,STK
28,086790,KR7086790003,하나금융지주,KOSPI,,120000,2,-6500,-5.14,125100,126000,118600,801122,96850347650,32924129760000,274367748,STK
29,035420,KR7035420009,NAVER,KOSPI,,205000,2,-8000,-3.76,215000,216500,204000,796444,167171328000,32159124080000,156873776,STK
30,010130,KR7010130003,고려아연,KOSPI,,1405000,2,-106000,-7.02,1513000,1514000,1405000,26118,38032217000,29326521445000,20872969,STK
31,009540,KR7009540006,HD한국조선해양,KOSPI,,409000,2,-28500,-6.51,438500,440000,409000,275675,116839618500,28946204444000,70773116,STK
32,051910,KR7051910008,LG화학,KOSPI,,375000,2,-17500,-4.46,393000,409500,374000,297712,115736879000,26472128625000,70592343,STK
33,010140,KR7010140002,삼성중공업,KOSPI,,29625,2,-525,-1.74,30850,30850,29100,6111606,182279863350,26070000000000,880000000,STK
34,000150,KR7000150003,두산,KOSPI,,1590000,2,-113000,-6.64,1697000,1814000,1590000,105081,181172389500,25748197650000,16193835,STK
35,015760,KR7015760002,한국전력,KOSPI,,38900,2,-750,-1.89,39900,40400,38600,2362849,92832345750,24972402595300,641964077,STK
36,000810,KR7000810002,삼성화재,KOSPI,,555000,1,17000,3.16,550000,570000,542000,183382,101907939000,24779347515000,44647473,STK
37,316140,KR7316140003,우리금융지주,KOSPI,,31000,2,-800,-2.52,31750,32500,30950,1712473,53981397525,22756365920000,734076320,STK
38,064350,KR7064350002,현대로템,KOSPI,,198700,2,-13800,-6.49,213500,213500,198700,432411,88864825700,21686573619100,109142293,STK
39,017670,KR7017670001,SK텔레콤,KOSPI,,100600,2,-2100,-2.04,103000,105200,100400,839982,86115690950,21607879331800,214790053,STK
40,267250,KR7267250009,HD현대,KOSPI,,266000,2,-13000,-4.66,282500,295000,266000,198142,55625282000,21012160610000,78993085,STK
41,096770,KR7096770003,SK이노베이션,KOSPI,,122800,2,-3900,-3.08,130000,136400,122500,1047696,136695428750,20759682366400,169052788,STK
42,003670,KR7003670007,포스코퓨처엠,KOSPI,,232500,2,-18000,-7.19,252500,263000,232500,399060,98059235500,20679996150000,88946220,STK
43,272210,KR7272210006,한화시스템,KOSPI,,105200,2,-10900,-9.39,115000,115100,104300,883232,95254491750,19874319722800,188919389,STK
44,003550,KR7003550001,LG,KOSPI,,126300,1,9300,7.95,151400,152100,124200,2339037,321673667200,19478186185500,154221585,STK
45,196170,KR7196170005,알테오젠,KOSDAQ GLOBAL,우량기업부,363000,2,-22000,-5.71,396500,405000,362000,651899,249735954750,19432785009000,53533843,KSQ
46,035720,KR7035720002,카카오,KOSPI,,43500,2,-2450,-5.33,46400,46400,43450,2023101,90823444050,19275343159500,443111337,STK
47,079550,KR7079550000,LIG디펜스앤에어로스페이스,KOSPI,,858000,2,-20000,-2.28,874000,881000,831000,172355,147084981500,18876000000000,22000000,STK
48,033780,KR7033780008,KT&G,KOSPI,,180550,2,-8450,-4.47,187200,188700,178300,218623,39621604550,18742977830800,103810456,STK
49,011200,KR7011200003,HMM,KOSPI,,19740,2,-360,-1.79,20150,20400,19590,1520541,30361497520,18619517527800,943237970,STK
50,247540,KR7247540008,에코프로비엠,KOSDAQ GLOBAL,중견기업부,189400,2,-19600,-9.38,208000,215500,189100,698984,139425723050,18529084199600,97830434,KSQ
51,307950,KR7307950006,현대오토에버,KOSPI,,659000,2,-30000,-4.35,693000,723000,648000,286957,195240575500,18072404138000,27423982,STK
52,086280,KR7086280005,현대글로비스,KOSPI,,240500,2,-22500,-8.56,268500,271500,240000,748673,190683944750,18037500000000,75000000,STK
53,138040,KR7138040001,메리츠금융지주,KOSPI,,106000,2,-4100,-3.72,110500,111500,104500,346100,36747245750,17738810938000,167347273,STK
54,086520,KR7086520004,에코프로,KOSDAQ GLOBAL,중견기업부,127400,2,-14900,-10.47,140600,144800,127100,1635216,220808124550,17297881764800,135776152,KSQ
55,000720,KR7000720003,현대건설,KOSPI,,155100,2,-14200,-8.39,167500,167500,154100,969048,154013496700,17271279151500,111355765,STK
56,011070,KR7011070000,LG이노텍,KOSPI,,719000,2,-41000,-5.39,798000,818000,719000,361310,279058250000,17016649933000,23667107,STK
57,024110,KR7024110009,기업은행,KOSPI,,21050,2,-250,-1.17,21300,21500,20600,1138686,23843023475,16785814542450,797425869,STK
58,047810,KR7047810007,한국항공우주,KOSPI,,163400,2,-8800,-5.11,170100,174100,162700,481764,80641366250,15927432483800,97475107,STK
59,277810,KR7277810008,레인보우로보틱스,KOSDAQ,기술성장기업부,791000,2,-50000,-5.95,847000,915000,790000,350648,300854977000,15345287678000,19399858,KSQ
60,278470,KR7278470000,에이피알,KOSPI,,398500,2,-26500,-6.24,428000,437000,398500,206569,85302950500,14919104767500,37438155,STK
61,030200,KR7030200000,KT,KOSPI,,58050,2,-3550,-5.76,60600,60700,58000,574704,33924019650,14629858814250,252021685,STK
62,006260,KR7006260004,LS,KOSPI,,465000,2,-40000,-7.92,501000,502000,461000,286864,137220406250,14508000000000,31200000,STK
63,018260,KR7018260000,삼성에스디에스,KOSPI,,186900,1,4000,2.19,185500,212000,181900,1717358,340298469600,14461910820000,77377800,STK
64,071050,KR7071050009,한국금융지주,KOSPI,,255500,2,-2500,-0.97,270500,283000,255000,574066,154803774250,14237990956000,55725992,STK
65,259960,KR7259960003,크래프톤,KOSPI,,280000,2,-13500,-4.6,296500,296500,279000,128960,37018594250,13274328480000,47408316,STK
66,047050,KR7047050000,포스코인터내셔널,KOSPI,,72600,2,-2000,-2.68,75100,76500,71900,455815,33706725500,12771994408800,175922788,STK
67,010950,KR7010950004,S-Oil,KOSPI,,111350,2,-3650,-3.17,114100,118200,111000,384432,43915695200,12536093889200,112582792,STK
68,0126Z0,KR70126Z0002,삼성에피스홀딩스,KOSPI,,501000,2,-26000,-4.93,528000,529000,500000,45627,23430994500,12466407549000,24883049,STK
69,047040,KR7047040001,대우건설,KOSPI,,27900,2,-4700,-14.42,33100,33200,27800,13548556,400615286775,11464323100200,410907638,STK
70,005940,KR7005940002,NH투자증권,KOSPI,,32100,2,-2900,-8.29,35450,35900,32100,925078,30951708325,11438654244900,356344369,STK
71,001440,KR7001440007,대한전선,KOSPI,,59000,2,-6500,-9.92,65500,65600,59000,6229834,380152575950,11000390700000,186447300,STK
72,005830,KR7005830005,DB손해보험,KOSPI,,166100,2,-6900,-3.99,172000,174500,158300,215782,35616251900,10879607968900,65500349,STK
73,016360,KR7016360000,삼성증권,KOSPI,,121700,2,-8300,-6.38,131900,134400,121500,822482,103502238350,10867810000000,89300000,STK
74,003230,KR7003230000,삼양식품,KOSPI,,1428000,2,-11000,-0.76,1452000,1484000,1408000,80088,115950809500,10757145420000,7533015,STK
75,323410,KR7323410001,카카오뱅크,KOSPI,,22325,2,-1275,-5.4,23250,23350,22300,864572,19558322675,10651713756025,477120437,STK
76,039490,KR7039490008,키움증권,KOSPI,,399000,2,-21000,-5.0,430000,435500,398500,129415,53447195750,10465098084000,26228316,STK
77,352820,KR7352820005,하이브,KOSPI,,242000,2,-5000,-2.02,250000,255000,241500,350532,87557645750,10430744258000,43102249,STK
78,005387,KR7005382007,현대차2우B,KOSPI,,283000,2,-3000,-1.05,288500,307750,280000,350221,102996315500,9894792190000,34963930,STK
79,000880,KR7000880005,한화,KOSPI,,138600,2,-6600,-4.55,149500,166400,138500,687142,104873046800,9772397573400,70507919,STK
80,028050,KR7028050003,삼성E&A,KOSPI,,49800,2,-4900,-8.96,55500,55600,49700,2600763,135441636575,9760800000000,196000000,STK
81,003490,KR7003490000,대한항공,KOSPI,,26150,2,-1150,-4.21,27050,27100,25900,1916989,50670547225,9628970285150,368220661,STK
82,443060,KR7443060009,HD현대마린솔루션,KOSPI,,214000,2,-8000,-3.6,223500,230000,208500,348248,75898163000,9594360440000,44833460,STK
83,007660,KR7007660004,이수페타시스,KOSPI,,130300,2,-2200,-1.66,139100,142800,130200,1356402,185242010700,9565221235700,73409219,STK
84,950160,KR8840120008,코오롱티슈진,KOSDAQ,외국기업(소속부없음),109900,2,-4400,-3.85,115600,116100,108200,522488,58778151850,9312491895000,84736050,KSQ
85,000250,KR7000250001,삼천당제약,KOSDAQ,중견기업부,378500,2,-26500,-6.54,400500,404500,378500,190125,74066180750,8878653152000,23457472,KSQ
86,064400,KR7064400005,LG씨엔에스,KOSPI,,85300,2,-800,-0.93,93700,99400,85000,6873116,630678831550,8264371364400,96885948,STK
87,062040,KR7062040001,산일전기,KOSPI,,263000,2,-30500,-10.39,290000,291500,261500,538727,146877920250,8051968550000,30615850,STK
88,454910,KR7454910001,두산로보틱스,KOSPI,,123900,1,17100,16.01,110600,138800,109500,7475316,959000124700,8031195522000,64819980,STK
89,180640,KR7180640005,한진칼,KOSPI,,119600,2,-3500,-2.84,119500,122100,116100,131994,15727228700,7984768568400,66762279,STK
90,267270,KR7267270007,HD건설기계,KOSPI,,164900,2,-7000,-4.07,174500,175000,163700,241834,40358641250,7910932058200,47974118,STK
91,058470,KR7058470006,리노공업,KOSDAQ GLOBAL,우량기업부,100700,2,-13500,-11.82,112400,112500,100200,993567,105024796150,7674533295000,76211850,KSQ
92,161390,KR7161390000,한국타이어앤테크놀로지,KOSPI,,61400,2,-400,-0.65,61800,63300,61100,502752,31323285050,7605929236600,123875069,STK
93,326030,KR7326030004,SK바이오팜,KOSPI,,96300,2,-6100,-5.96,102100,102200,96200,271365,26795389500,7541565975000,78313250,STK
94,078930,KR7078930005,GS,KOSPI,,77600,1,2900,3.88,75500,86700,75500,740475,60510183400,7210233332800,92915378,STK
95,000990,KR7000990002,DB하이텍,KOSPI,,164100,2,-18700,-10.23,181000,184000,162500,627124,106911726750,7139102890800,43504588,STK
96,090430,KR7090430000,아모레퍼시픽,KOSPI,,121900,2,-8300,-6.37,128700,128700,121400,276152,34083361000,7130267322100,58492759,STK
97,032640,KR7032640005,LG유플러스,KOSPI,,16260,2,-340,-2.05,16900,16900,16040,872993,14332063550,6989009052300,429828355,STK
98,009830,KR7009830001,한화솔루션,KOSPI,,40450,2,-7350,-15.38,46850,46900,40400,4074993,171771347275,6953053081200,171892536,STK
99,141080,KR7141080002,리가켐바이오,KOSDAQ GLOBAL,기술성장기업부,186800,2,-9100,-4.65,198200,203500,186800,368456,72296642100,6915227282400,37019418,KSQ
100,034220,KR7034220004,LG디스플레이,KOSPI,,13830,2,-1510,-9.84,15910,16800,13810,34423273,537067931155,6915000000000,500000000,STK
101,377300,KR7377300009,카카오페이,KOSPI,,50900,2,-6900,-11.94,55800,55800,50700,633552,33156366100,6884544397500,135256275,STK
102,028300,KR7028300002,HLB,KOSDAQ,중견기업부,51100,2,-2100,-3.95,54400,54500,51000,616663,32209375000,6805665454700,133183277,KSQ
103,000100,KR7000100008,유한양행,KOSPI,,85300,2,-4100,-4.59,90200,90500,85200,342024,29875654600,6793940365300,79647601,STK
104,241560,KR7241560002,두산밥캣,KOSPI,,70300,2,-1200,-1.68,71700,72300,68700,346931,24576060650,6738681369500,95856065,STK
105,021240,KR7021240007,코웨이,KOSPI,,94700,2,-1500,-1.56,96200,97400,94400,228973,21986614200,6701675242200,70767426,STK
106,005385,KR7005381009,현대차우,KOSPI,,282000,2,-2000,-0.7,287500,306500,278500,235385,68991712500,6582150720000,23340960,STK
107,298380,KR7298380007,에이비엘바이오,KOSDAQ,기술성장기업부,117100,2,-8500,-6.77,126000,126900,117000,497285,60271275500,6556131917300,55987463,KSQ
108,353200,KR7353200009,대덕전자,KOSPI,,131700,2,-12900,-8.92,145000,147400,130200,586741,81469732200,6508209022500,49416925,STK
109,066970,KR7066970005,엘앤에프,KOSPI,,160600,2,-11100,-6.46,171500,176600,159200,508814,84692782850,6497151212200,40455487,STK
110,001040,KR7001040005,CJ,KOSPI,,219500,1,6500,3.05,213500,232500,213500,204819,46107261500,6404351061000,29176998,STK
111,036930,KR7036930006,주성엔지니어링,KOSDAQ GLOBAL,우량기업부,137400,2,-30600,-18.21,177500,183500,136100,3221057,482054735550,6386506025400,46481121,KSQ
112,004020,KR7004020004,현대제철,KOSPI,,45700,2,-250,-0.54,46050,50200,44750,3477298,166197097550,6098472374500,133445785,STK
113,128940,KR7128940004,한미약품,KOSPI,,471500,1,22000,4.89,455000,506000,451000,259672,125934050500,6040382256500,12810991,STK
114,087010,KR7087010005,펩트론,KOSDAQ,기술성장기업부,255000,2,-11500,-4.32,266000,266500,255000,128295,33441364250,5945924250000,23317350,KSQ
115,029780,KR7029780004,삼성카드,KOSPI,,51100,1,100,0.2,50700,52000,49350,223327,11325959600,5920389330100,115858891,STK
116,082740,KR7082740002,한화엔진,KOSPI,,70900,2,-6500,-8.4,78400,78500,70600,861814,63255148550,5916402367800,83447142,STK
117,036570,KR7036570000,NC,KOSPI,,274500,2,-4500,-1.61,276500,282500,270000,91707,25295169000,5913834039000,21544022,STK
118,103590,KR7103590006,일진전기,KOSPI,,117500,2,-15800,-11.85,132200,133200,117500,765024,93405296000,5603033325000,47685390,STK
119,240810,KR7240810002,원익IPS,KOSDAQ GLOBAL,우량기업부,114000,2,-13400,-10.52,127800,128300,113500,500631,60441964750,5595564714000,49083901,KSQ
120,039030,KR7039030002,이오테크닉스,KOSDAQ GLOBAL,우량기업부,453500,2,-25500,-5.32,479500,482000,451000,100129,47247614500,5586915925000,12319550,KSQ
121,336260,KR7336260005,두산퓨얼셀,KOSPI,,85300,2,-6700,-7.28,90300,94700,84400,529014,46992407850,5586614827800,65493726,STK
122,271560,KR7271560005,오리온,KOSPI,,140600,2,-2600,-1.82,143200,145300,139600,89984,12763667600,5558780159200,39536132,STK
123,052690,KR7052690005,한전기술,KOSPI,,145100,2,-9800,-6.33,157600,157700,145000,233328,34833548150,5545722000000,38220000,STK
124,010060,KR7010060002,OCI홀딩스,KOSPI,,292500,2,-72000,-19.75,364500,365000,282000,956027,285996069500,5461042860000,18670232,STK
125,088980,KR7088980008,맥쿼리인프라,KOSPI,,11200,2,-50,-0.44,11250,11300,11190,1354160,15200474575,5363926321600,478921993,STK
126,138930,KR7138930003,BNK금융지주,KOSPI,,17240,2,-260,-1.49,17440,17700,17110,1357378,23648052590,5350038048920,310327033,STK
127,000500,KR7000500009,가온전선,KOSPI,,318500,2,-80500,-20.18,399000,402000,308000,319695,108388310750,5268982127500,16543115,STK
128,022100,KR7022100002,포스코DX,KOSPI,,33950,2,-1700,-4.77,36200,38000,33800,2022457,73962860900,5161579049550,152034729,STK
129,018880,KR7018880005,한온시스템,KOSPI,,5000,3,0,0.0,5120,5590,4995,58997576,314221131380,5131312760000,1026262552,STK
130,214370,KR7214370009,케어젠,KOSDAQ,벤처기업부,94900,2,-6900,-6.78,102400,102500,94600,83412,8242823200,5097553500000,53715000,KSQ
131,004170,KR7004170007,신세계,KOSPI,,537000,1,2000,0.37,573000,580000,530000,131152,72554273500,5072062197000,9445181,STK
132,011790,KR7011790003,SKC,KOSPI,,132500,2,-13700,-9.37,149900,150000,132100,534786,75234456400,5017549485000,37868298,STK
133,440110,KR7440110005,파두,KOSDAQ,기술성장기업부,99400,2,-4100,-3.96,104200,110800,99000,1956362,207494784600,4979624603800,50096827,KSQ
134,023530,KR7023530009,롯데쇼핑,KOSPI,,170300,2,-5400,-3.07,176500,178000,168400,123418,21482503250,4817574976500,28288755,STK
135,310210,KR7310210000,보로노이,KOSDAQ,기술성장기업부,259000,2,-8000,-3.0,265500,270000,255000,84891,22377131000,4766162289000,18402171,KSQ
136,002380,KR7002380004,KCC,KOSPI,,536000,2,-41000,-7.11,577000,592000,531000,41199,22787449500,4763148456000,8886471,STK
137,095340,KR7095340006,ISC,KOSDAQ GLOBAL,우량기업부,224500,2,-23000,-9.29,246500,255500,224000,186668,44754766750,4758739521000,21197058,KSQ
138,175330,KR7175330000,JB금융지주,KOSPI,,25100,2,-550,-2.14,25450,26100,24850,709042,17918063950,4725164958400,188253584,STK
139,108490,KR7108490004,로보티즈,KOSDAQ,기술성장기업부,321000,2,-20000,-5.87,348000,371000,320500,490045,171796013500,4704905988000,14657028,KSQ
140,450080,KR7450080007,에코프로머티,KOSPI,,65300,2,-3700,-5.36,68300,70750,64900,801067,53777063400,4617076137100,70705607,STK
141,088350,KR7088350004,한화생명,KOSPI,,5300,2,-190,-3.46,5500,5990,5300,21653204,122775948790,4603209000000,868530000,STK
142,319400,KR7319400008,현대무벡스,KOSDAQ,우량기업부,40200,2,-3650,-8.32,43500,47300,40150,6420500,286415475300,4477316767800,111376039,KSQ
143,051900,KR7051900009,LG생활건강,KOSPI,,269000,2,-14000,-4.95,282000,282000,267500,63621,17324359000,4113349478000,15291262,STK
144,403870,KR7403870009,HPSP,KOSDAQ GLOBAL,우량기업부,49200,2,-5500,-10.05,54900,56350,49000,1991347,105321859925,4049160000000,82300000,KSQ
145,111770,KR7111770004,영원무역,KOSPI,,90400,1,10100,12.58,85900,92100,83700,167201,14899114200,4005756707200,44311468,STK
146,178320,KR7178320008,서진시스템,KOSDAQ,중견기업부,66200,2,-500,-0.75,66800,71300,64300,1934904,132470482950,3942269646200,59550901,KSQ
147,222800,KR7222800005,심텍,KOSDAQ GLOBAL,중견기업부,100000,2,-9800,-8.93,111100,111400,99700,662299,69333326250,3746393100000,37463931,KSQ
148,004800,KR7004800009,효성,KOSPI,,222250,2,-23750,-9.65,243000,244000,222000,71032,16342082750,3720555455750,16740407,STK
149,011170,KR7011170008,롯데케미칼,KOSPI,,85800,2,-5800,-6.33,90400,93100,85700,206956,18276258350,3670130950200,42775419,STK
150,012510,KR7012510004,더존비즈온,KOSPI,,120050,1,50,0.04,120000,120600,120000,5231,629183650,3648898141000,30394820,STK
151,014680,KR7014680003,한솔케미칼,KOSPI,,320000,2,-16000,-4.76,326500,326500,310000,134726,42863914250,3638462400000,11370195,STK
152,011780,KR7011780004,금호석유화학,KOSPI,,144100,2,-5100,-3.42,150000,153000,143700,185613,27385482000,3625170532500,25157325,STK
153,489790,KR7489790006,한화비전,KOSPI,,71000,2,-7200,-9.21,78800,79100,71000,701528,51949497600,3584675690000,50488390,STK
154,251270,KR7251270005,넷마블,KOSPI,,43550,2,-500,-1.14,44050,44800,43300,221149,9726125100,3568250567050,81934571,STK
155,017800,KR7017800004,현대엘리베이터,KOSPI,,90000,2,-3100,-3.33,93300,94700,88500,572587,51973189850,3518314650000,39092385,STK
156,035250,KR7035250000,강원랜드,KOSPI,,16400,1,180,1.11,16170,16560,15960,909302,14825044860,3508624200000,213940500,STK
157,036460,KR7036460004,한국가스공사,KOSPI,,37450,2,-300,-0.79,37800,38900,37450,547651,20939402250,3457121850000,92313000,STK
158,010170,KR7010170009,대한광통신,KOSDAQ,중견기업부,22225,2,-2525,-10.2,24750,24950,22150,12940308,298086994775,3455668793500,155485660,KSQ
159,067310,KR7067310003,하나마이크론,KOSDAQ,중견기업부,51800,1,7200,16.14,48000,55500,46300,12398349,651301142725,3442846906800,66464226,KSQ
160,145020,KR7145020004,휴젤,KOSDAQ GLOBAL,우량기업부,279000,2,-6500,-2.28,288000,288500,278500,64989,18496000750,3432825207000,12304033,KSQ
161,064760,KR7064760002,티씨케이,KOSDAQ GLOBAL,우량기업부,307000,2,-41500,-11.91,348000,348000,305500,92588,29893505500,3432080712000,11179416,KSQ
162,097950,KR7097950000,CJ제일제당,KOSPI,,227000,2,-3500,-1.52,229500,237000,226500,82741,19081758250,3417300222000,15054186,STK
163,131970,KR7131970006,두산테스나,KOSDAQ GLOBAL,우량기업부,175400,2,-14700,-7.73,189300,194500,175100,355110,65944022750,3389997545200,19327238,KSQ
164,214450,KR7214450009,파마리서치,KOSDAQ GLOBAL,우량기업부,324000,2,-27000,-7.69,347500,348500,322000,123755,41390595250,3366245952000,10389648,KSQ
165,226950,KR7226950004,올릭스,KOSDAQ,기술성장기업부,164350,1,3850,2.4,161900,173400,155500,438701,73817068150,3336400816050,20300583,KSQ
166,302440,KR7302440003,SK바이오사이언스,KOSPI,,41750,2,-1450,-3.36,42900,43200,41700,123515,5212968000,3275561087750,78456553,STK
167,214150,KR7214150005,클래시스,KOSDAQ GLOBAL,우량기업부,50000,2,-5000,-9.09,54100,54200,49900,279684,14394367150,3261782950000,65235659,KSQ
168,028670,KR7028670008,팬오션,KOSPI,,6070,2,-50,-0.82,6120,6360,5980,3764594,23149309660,3244836937840,534569512,STK
169,383220,KR7383220001,F&F,KOSPI,,83600,3,0,0.0,84400,86900,82500,93709,7909145500,3202471470000,38307075,STK
170,031210,KR7031210008,서울보증보험,KOSPI,,45700,2,-700,-1.51,46200,46650,44800,42889,1947695150,3190847028600,69821598,STK
171,005850,KR7005850003,에스엘,KOSPI,,68500,1,600,0.88,69800,70300,63800,496534,33800306350,3181723620000,46448520,STK
172,357780,KR7357780006,솔브레인,KOSDAQ GLOBAL,우량기업부,407500,2,-74000,-15.37,482500,482500,406500,68983,29952285750,3169765645000,7778566,KSQ
173,020150,KR7020150009,롯데에너지머티리얼즈,KOSPI,,60400,2,-6500,-9.72,68200,72000,60000,397692,26018117550,3162873965200,52365463,STK
174,457190,KR7457190007,이수스페셜티케미컬,KOSPI,,101600,2,-7200,-6.62,110500,111900,101100,248973,26473058200,3070237395200,30218872,STK
175,375500,KR7375500006,DL이앤씨,KOSPI,,79300,2,-5700,-6.71,87200,87500,79200,658040,54015108250,3068404303900,38693623,STK
176,263750,KR7263750002,펄어비스,KOSDAQ GLOBAL,우량기업부,46550,2,-4050,-8.0,50100,50100,46550,1167474,56094499950,2990737650250,64247855,KSQ
177,007340,KR7007340003,DN오토모티브,KOSPI,,51000,1,2700,5.59,48250,53500,46800,695237,35556021400,2984054115000,58510865,STK
178,001720,KR7001720002,신영증권,KOSPI,,181300,2,-7500,-3.97,192500,193800,181000,15972,2961418950,2980572000000,16440000,STK
179,347850,KR7347850000,디앤디파마텍,KOSDAQ,기술성장기업부,68000,2,-1700,-2.44,71600,73000,68000,384853,27092447600,2978681996000,43804147,KSQ
180,483650,KR7483650008,달바글로벌,KOSPI,,233500,2,-26500,-10.19,257000,260000,229500,278844,66130391000,2900429590000,12421540,STK
181,032820,KR7032820003,우리기술,KOSDAQ,벤처기업부,16890,2,-1310,-7.2,18380,18390,16880,6082411,106432390415,2889816202980,171096282,KSQ
182,139130,KR7139130009,iM금융지주,KOSPI,,17950,2,-1330,-6.9,19080,19140,17830,627373,11486662555,2883211264850,160624583,STK
183,012750,KR7012750006,에스원,KOSPI,,75700,2,-300,-0.39,76000,76200,73700,49823,3738976000,2876537774600,37999178,STK
184,319660,KR7319660007,피에스케이,KOSDAQ GLOBAL,우량기업부,98400,2,-11400,-10.38,111500,111800,98100,346257,35941637450,2850324657600,28966714,KSQ
185,100790,KR7100790005,미래에셋벤처투자,KOSDAQ,우량기업부,53600,2,-6300,-10.52,60600,63400,53400,2199993,127631207950,2847480382400,53124634,KSQ
186,004990,KR7004990008,롯데지주,KOSPI,,28550,2,-800,-2.73,29650,30250,28400,236672,6886106825,2845400804800,99663776,STK
187,139480,KR7139480008,이마트,KOSPI,,103100,2,-15600,-13.14,112300,112700,103000,450806,48080152200,2845128938900,27595819,STK
188,204320,KR7204320006,HL만도,KOSPI,,60500,2,-2400,-3.82,63100,68000,60500,2090934,135056277000,2840905760000,46957120,STK
189,043260,KR7043260009,성호전자,KOSDAQ,우량기업부,39950,2,-2850,-6.66,43000,44500,39900,846456,35442449200,2833366778850,70922823,KSQ
190,084370,KR7084370006,유진테크,KOSDAQ,우량기업부,122000,2,-23200,-15.98,143100,143100,122000,161795,21391815450,2795757124000,22916042,KSQ
191,080220,KR7080220007,제주반도체,KOSDAQ,우량기업부,80700,1,5100,6.75,76000,89100,71100,10154256,841007652450,2779536623100,34442833,KSQ
192,001450,KR7001450006,현대해상,KOSPI,,32500,2,-250,-0.76,32800,34000,31550,1100978,36103023700,2770568125000,85248250,STK
193,058610,KR7058610007,에스피지,KOSDAQ,우량기업부,124500,2,-6200,-4.74,131500,140300,124200,670697,90272388700,2761081320000,22177360,KSQ
194,009970,KR7009970005,영원무역홀딩스,KOSPI,,204000,2,-2500,-1.21,212500,221000,203500,76051,15806065750,2753844348000,13499237,STK
195,006360,KR7006360002,GS건설,KOSPI,,32150,2,-2700,-7.75,35600,35650,31950,1506622,49965199050,2751444903500,85581490,STK
196,071970,KR7071970008,HD현대마린엔진,KOSPI,,80000,2,-4200,-4.99,86400,86600,79400,235394,19234627900,2713719600000,33921495,STK
197,237690,KR7237690003,에스티팜,KOSDAQ GLOBAL,우량기업부,129700,2,-12800,-8.98,142600,142600,129700,228142,30624603450,2703976131900,20847927,KSQ
198,018670,KR7018670000,SK가스,KOSPI,,289000,1,8000,2.85,290000,302000,280000,43632,12707343250,2675343516000,9257244,STK
199,439260,KR7439260001,대한조선,KOSPI,,69200,2,-3800,-5.21,74100,74100,69200,140488,9962426450,2666020790400,38526312,STK
200,005290,KR7005290002,동진쎄미켐,KOSDAQ,우량기업부,52200,2,-5800,-10.0,57800,58100,52100,549833,30058813750,2660640577200,50970126,KSQ
201,069960,KR7069960003,현대백화점,KOSPI,,120400,2,-4600,-3.68,126000,128000,118600,196332,24140169600,2596415404800,21564912,STK
202,000155,KR7000151001,두산우,KOSPI,,648000,2,-26000,-3.86,674000,708000,647000,22067,15096338000,2589707376000,3996462,STK
203,00680K,KR700680K019,미래에셋증권2우B,KOSPI,,18970,2,-840,-4.24,20200,20700,18850,877696,17141413255,2589405000000,136500000,STK
204,031980,KR7031980006,피에스케이홀딩스,KOSDAQ,우량기업부,119100,2,-11800,-9.01,135500,135500,118800,175460,21999587000,2568081244500,21562395,KSQ
205,051600,KR7051600005,한전KPS,KOSPI,,56500,2,-400,-0.7,58300,58400,56000,151433,8631212550,2542500000000,45000000,STK
206,218410,KR7218410009,RFHIC,KOSDAQ,우량기업부,95300,2,-13500,-12.41,107000,107000,95000,552401,54968166650,2530543022600,26553442,KSQ
207,026960,KR7026960005,동서,KOSPI,,25300,2,-600,-2.32,25550,25800,24750,77913,1963347650,2522410000000,99700000,STK
208,011210,KR7011210002,현대위아,KOSPI,,92300,2,-4700,-4.85,98500,103500,91500,539480,52655325950,2510106160900,27195083,STK
209,0009K0,KR70009K0001,에임드바이오,KOSDAQ,기술성장기업부,38700,2,-2300,-5.61,41950,42100,38650,219711,8782059050,2502773930700,64671161,KSQ
210,257720,KR7257720003,실리콘투,KOSDAQ,우량기업부,38100,2,-3050,-7.41,41150,41300,38100,615996,24384317050,2498455201200,65576252,KSQ
211,083650,KR7083650002,비에이치아이,KOSDAQ,우량기업부,80500,2,-500,-0.62,83500,86400,77600,644787,52492785950,2491022187500,30944375,KSQ
212,229640,KR7229640008,LS에코에너지,KOSPI,,80900,2,-10600,-11.58,91500,92000,79000,452455,38099786450,2477552711100,30624879,STK
213,001430,KR7001430008,세아베스틸지주,KOSPI,,68800,2,-3700,-5.1,72400,78500,68700,539522,40369660250,2467313787200,35862119,STK
214,098460,KR7098460009,고영,KOSDAQ,우량기업부,35650,2,-4500,-11.21,39600,40250,35650,2919554,111097925850,2447542015750,68654755,KSQ
215,007070,KR7007070006,GS리테일,KOSPI,,29175,1,375,1.3,28300,29950,28100,682871,20032202525,2439246332625,83607415,STK
216,008770,KR7008770000,호텔신라,KOSPI,,61850,2,-4150,-6.29,66600,67200,61800,394218,25246544750,2427496283850,39248121,STK
217,103140,KR7103140000,풍산,KOSPI,,86500,2,-6300,-6.79,92800,92800,86300,232220,20751265550,2424100047000,28024278,STK
218,282330,KR7282330000,BGF리테일,KOSPI,,140000,2,-6000,-4.11,144800,145000,138000,48313,6829420050,2419746840000,17283906,STK
219,008930,KR7008930000,한미사이언스,KOSPI,,35300,2,-50,-0.14,35700,37000,35150,159933,5754112475,2414221715000,68391550,STK
220,009420,KR7009420001,한올바이오파마,KOSPI,,46100,2,-400,-0.86,46600,48050,45450,392176,18457360200,2408293411800,52240638,STK
221,004370,KR7004370003,농심,KOSPI,,394500,1,5000,1.28,389500,407500,378000,74045,29153564250,2399602269000,6082642,STK
222,120110,KR7120110002,코오롱인더,KOSPI,,79700,2,-7900,-9.02,88200,89800,78300,504706,41195932250,2386698750400,29946032,STK
223,082920,KR7082920000,비츠로셀,KOSDAQ,우량기업부,52600,2,-7700,-12.77,58100,58700,52300,888240,48552655550,2384856490200,45339477,KSQ
224,000240,KR7000240002,한국앤컴퍼니,KOSPI,,25100,1,700,2.87,24450,25900,24000,417156,10480925500,2382874524000,94935240,STK
225,005440,KR7005440003,현대지에프홀딩스,KOSPI,,15070,2,-200,-1.31,15190,15800,14900,452611,6957631350,2349477816070,155904301,STK
226,003690,KR7003690005,코리안리,KOSPI,,13100,1,900,7.38,12080,13600,11810,1068082,13578046590,2315045506100,176721031,STK
227,078600,KR7078600004,대주전자재료,KOSDAQ,우량기업부,147800,2,-7700,-4.95,162100,168100,147500,638997,101801293600,2295788189400,15533073,KSQ
228,161890,KR7161890009,한국콜마,KOSPI,,96000,2,-4800,-4.76,102100,102200,95600,206758,20365484400,2266087392000,23605077,STK
229,095610,KR7095610002,테스,KOSDAQ,우량기업부,116400,2,-7500,-6.05,126700,133100,116000,363453,45025563400,2253504000000,19360000,KSQ
230,112610,KR7112610001,씨에스윈드,KOSPI,,53100,2,-2200,-3.98,56200,56200,52400,334457,17804130850,2239301499300,42171403,STK
231,068760,KR7068760008,셀트리온제약,KOSDAQ,우량기업부,50400,2,-2100,-4.0,52800,52900,50300,108999,5609960200,2237877532800,44402332,KSQ
232,322000,KR7322000001,HD현대에너지솔루션,KOSPI,,199500,2,-44500,-18.24,240500,243000,196100,1086712,227635151550,2234400000000,11200000,STK
233,030000,KR7030000004,제일기획,KOSPI,,19410,3,0,0.0,19260,19920,18960,1057779,20699354605,2232950177250,115041225,STK
234,035900,KR7035900000,JYP Ent.,KOSDAQ GLOBAL,우량기업부,62600,1,3600,6.1,60300,64900,59200,782152,49207199750,2224333999200,35532492,KSQ
235,140410,KR7140410002,메지온,KOSDAQ,투자주의환기종목(소속부없음),73000,2,-2900,-3.82,76000,76000,72800,194372,14371774100,2218628191000,30392167,KSQ
236,279570,KR7279570006,케이뱅크,KOSPI,,5410,2,-140,-2.52,5600,5610,5370,2327985,12648289915,2194810766910,405695151,STK
237,007810,KR7007810005,코리아써키트,KOSPI,,91400,2,-6600,-6.73,98200,101600,90900,220679,21347582100,2192011468000,23982620,STK
238,030530,KR7030530000,원익홀딩스,KOSDAQ,중견기업부,27950,2,-2300,-7.6,30350,31900,27950,1485581,44859517050,2158801568950,77237981,KSQ
239,000120,KR7000120006,CJ대한통운,KOSPI,,93500,2,-1300,-1.37,95500,96500,92300,68427,6423716300,2132954164000,22812344,STK
240,097230,KR7097230007,HJ중공업,KOSPI,,23550,2,-1150,-4.66,25200,25200,23550,1143886,27772340325,2126455351200,90295344,STK
241,192820,KR7192820009,코스맥스,KOSPI,,184300,2,-9600,-4.95,192000,192200,184300,86047,16223174600,2091714508700,11349509,STK
242,081660,KR7081660003,미스토홀딩스,KOSPI,,39000,1,1000,2.63,38550,40500,38100,235119,9272813425,2070581760000,53091840,STK
243,041510,KR7041510009,에스엠,KOSDAQ GLOBAL,우량기업부,90400,2,-3100,-3.32,93700,95600,90200,132004,12298728150,2069679976000,22894690,KSQ
244,017960,KR7017960006,한국카본,KOSPI,,39100,2,-1850,-4.52,40550,41050,38550,699405,27349481125,2044093260000,52278600,STK
245,347700,KR7347700007,스피어,KOSDAQ,기술성장기업부,40000,2,-3500,-8.05,42850,44200,39700,928912,39418206100,2032572200000,50814305,KSQ
246,476830,KR7476830005,알지노믹스,KOSDAQ,기술성장기업부,145000,2,-9400,-6.09,155200,156300,145000,235811,35692675300,2020407090000,13933842,KSQ
247,131290,KR7131290009,티에스이,KOSDAQ,우량기업부,180200,2,-9900,-5.21,192000,195400,180100,81248,15350930950,1993269505800,11061429,KSQ
248,085620,KR7085620003,미래에셋생명,KOSPI,,14710,2,-130,-0.88,15210,15580,14150,155982,2334104280,1988497800000,135180000,STK
249,323280,KR7323280008,태성,KOSDAQ,중견기업부,63600,2,-8300,-11.54,74500,75400,63500,439811,30150148500,1942215528000,30537980,KSQ
250,002790,KR7002790004,아모레퍼시픽홀딩스,KOSPI,,25400,2,-1100,-4.15,26200,26350,25300,141002,3618694975,1942037772000,76458180,STK
251,298020,KR7298020009,효성티앤씨,KOSPI,,440000,2,-25000,-5.38,469000,475000,437000,23409,10509062000,1904180080000,4327682,STK
252,023590,KR7023590003,다우기술,KOSPI,,43200,2,-1150,-2.59,44950,46150,43050,74686,3302871650,1870011878400,43287312,STK
253,089030,KR7089030001,테크윙,KOSDAQ,중견기업부,49650,2,-5250,-9.56,55100,55300,49600,802797,42125908300,1839713474250,37053645,KSQ
254,060370,KR7060370004,LS마린솔루션,KOSDAQ,우량기업부,35200,2,-3800,-9.74,38950,39500,35200,372140,13698041550,1838807660800,52238854,KSQ
255,140860,KR7140860008,파크시스템스,KOSDAQ GLOBAL,우량기업부,260000,2,-28500,-9.88,292500,294500,258000,81222,21629216500,1819364820000,6997557,KSQ
256,077970,KR7077970002,STX엔진,KOSPI,,45100,2,-2650,-5.55,50100,50100,44900,523361,24717671425,1810677641300,40148063,STK
257,001740,KR7001740000,SK네트웍스,KOSPI,,8890,1,990,12.53,8250,9900,7400,65309318,572325742565,1783279673210,200593889,STK
258,001800,KR7001800002,오리온홀딩스,KOSPI,,28100,1,3300,13.31,24800,29950,24050,1421133,40063137375,1760336358200,62645422,STK
259,001120,KR7001120005,LX인터내셔널,KOSPI,,45400,2,-950,-2.05,46350,46850,45100,115226,5276277225,1759704000000,38760000,STK
260,462870,KR7462870007,시프트업,KOSPI,,29950,2,-1050,-3.39,31000,31300,29850,61199,1883178225,1756697483000,58654340,STK
261,395400,KR7395400005,SK리츠,KOSPI,,5830,1,50,0.87,5800,6000,5780,336811,1982473950,1754932724600,301017620,STK
262,361610,KR7361610009,SK아이이테크놀로지,KOSPI,,21450,2,-2250,-9.49,22900,23100,21400,293506,6465986875,1754333295000,81787100,STK
263,005070,KR7005070008,코스모신소재,KOSPI,,52400,2,-4000,-7.09,56300,57700,52000,253500,13679252800,1740443520400,33214571,STK
264,039200,KR7039200001,오스코텍,KOSDAQ,벤처기업부,45450,2,-2250,-4.72,48050,48250,44550,427847,19907081825,1738834099200,38258176,KSQ
265,027360,KR7027360007,아주IB투자,KOSDAQ,중견기업부,14060,2,-1840,-11.57,16330,17000,14060,5312818,81764927900,1703304408360,121145406,KSQ
266,189300,KR7189300007,인텔리안테크,KOSDAQ,우량기업부,158600,2,-3100,-1.92,163100,173700,158000,232761,38958508800,1702967024200,10737497,KSQ
267,290650,KR7290650001,엘앤씨바이오,KOSDAQ,우량기업부,63100,2,-2800,-4.25,68700,69500,62400,282755,18341083400,1701788322400,26969704,KSQ
268,006040,KR7006040000,동원산업,KOSPI,,38350,2,-900,-2.29,39350,39400,37650,74862,2872790375,1693075263100,44147986,STK
269,099320,KR7099320004,쎄트렉아이,KOSDAQ,우량기업부,154100,2,-5000,-3.14,161200,169000,154000,192330,31130035200,1687591939800,10951278,KSQ
270,437730,KR7437730005,삼현,KOSDAQ,기술성장기업부,52300,2,-2800,-5.08,55700,58700,52100,519690,29249542450,1658305754100,31707567,KSQ
271,003540,KR7003540002,대신증권,KOSPI,,33650,2,-2100,-5.87,36850,37250,33400,508510,17521350850,1656245024950,49219763,STK
272,101490,KR7101490001,에스앤에스텍,KOSDAQ,우량기업부,77500,2,-9000,-10.4,86000,86300,77500,271348,21952869900,1653453122500,21334879,KSQ
273,069620,KR7069620003,대웅제약,KOSPI,,142600,2,-2300,-1.59,144700,145800,140500,30591,4390686750,1652245595000,11586575,STK
274,475830,KR7475830006,오름테라퓨틱,KOSDAQ,기술성장기업부,76100,2,-3900,-4.88,82000,82000,76000,126809,9825331000,1637164032500,21513325,KSQ
275,183300,KR7183300003,코미코,KOSDAQ GLOBAL,우량기업부,155300,2,-23700,-13.24,179000,179200,154700,202524,33226894800,1624544225200,10460684,KSQ
276,006280,KR7006280002,녹십자,KOSPI,,137600,2,-7200,-4.97,144100,144100,137300,53833,7593919500,1608067628800,11686538,STK
277,096530,KR7096530001,씨젠,KOSDAQ,우량기업부,30650,2,-1350,-4.22,31350,32050,30150,728459,22649681500,1600726716100,52225994,KSQ
278,032350,KR7032350001,롯데관광개발,KOSPI,,20100,1,260,1.31,20400,20750,19640,894956,18171345975,1599989627400,79601474,STK
279,491000,KR7491000006,리브스메드,KOSDAQ,기술성장기업부,63200,2,-3800,-5.67,67900,68400,62000,313240,20608086300,1580277511200,25004391,KSQ
280,003570,KR7003570009,SNT다이내믹스,KOSPI,,47200,2,-3300,-6.53,50500,50500,47050,71947,3472581175,1569527298400,33252697,STK
281,445680,KR7445680002,큐리옥스바이오시스템즈,KOSDAQ,기술성장기업부,90800,2,-4000,-4.22,96400,97000,90500,81199,7648342700,1562055554000,17203255,KSQ
282,030610,KR7030610000,교보증권,KOSPI,,13510,2,-440,-3.15,14240,14570,13450,121819,1716358695,1539639603110,113962961,STK
283,475150,KR7475150009,SK이터닉스,KOSPI,,44750,2,-6650,-12.94,50900,50900,44500,913315,42762621875,1524498429000,34067004,STK
284,090710,KR7090710005,휴림로봇,KOSDAQ,중견기업부,12760,1,130,1.03,12710,14690,12710,49057784,680378845325,1524273833720,119457197,KSQ
285,020560,KR7020560009,아시아나항공,KOSPI,,7390,2,-480,-6.1,7730,7730,7270,270352,2013363020,1522271354290,205990711,STK
286,294870,KR7294870001,IPARK현대산업개발,KOSPI,,22950,2,-500,-2.13,23250,23400,22700,301557,6938388200,1512573223500,65907330,STK
287,420770,KR7420770000,기가비스,KOSDAQ,우량기업부,119300,2,-6700,-5.32,126600,133000,118100,117714,14916237900,1512217929400,12675758,KSQ
288,195870,KR7195870001,해성디에스,KOSPI,,88600,1,300,0.34,93800,96900,86200,370953,34361572850,1506200000000,17000000,STK
289,003530,KR7003530003,한화투자증권,KOSPI,,7010,2,-330,-4.5,7560,7720,6970,3670815,26885337045,1503979902750,214547775,STK
290,417200,KR7417200003,LS머트리얼즈,KOSDAQ,중견기업부,22100,2,-1700,-7.14,24000,24250,22000,1564064,35699057325,1495123763900,67652659,KSQ
291,038500,KR7038500005,삼표시멘트,KOSDAQ,우량기업부,13830,2,-920,-6.24,14680,14680,13360,3150683,43969951955,1492482511980,107916306,KSQ
292,232140,KR7232140004,와이씨,KOSDAQ,우량기업부,18150,2,-1570,-7.96,19900,20450,18120,764751,14719098610,1489123102500,82045350,KSQ
293,073240,KR7073240004,금호타이어,KOSPI,,5080,2,-80,-1.55,5200,5230,4970,1163244,5911453695,1459282257960,287260287,STK
294,007310,KR7007310006,오뚜기,KOSPI,,361000,2,-3000,-0.82,360000,369000,355500,8476,3069711000,1446826630000,4007830,STK
295,034230,KR7034230003,파라다이스,KOSPI,,15560,2,-420,-2.63,15950,16220,15450,599046,9506739635,1441313183920,92629382,STK
296,031330,KR7031330004,에스에이엠티,KOSDAQ,우량기업부,14300,4,3300,30.0,11200,14300,11200,6491080,83261204150,1429929458100,99995067,KSQ
297,012630,KR7012630000,HDC,KOSPI,,23900,2,-400,-1.65,24500,24800,23600,124241,3012859450,1427827131900,59741721,STK
298,004000,KR7004000006,롯데정밀화학,KOSPI,,55200,2,-3500,-5.96,59500,59900,54800,116487,6556991350,1424160000000,25800000,STK
299,281820,KR7281820001,케이씨텍,KOSPI,,71300,2,-10500,-12.84,80900,80900,70500,170762,12838885250,1411644529300,19798661,STK
300,003380,KR7003380003,하림지주,KOSDAQ GLOBAL,우량기업부,12570,2,-830,-6.19,13390,13390,12470,1615294,20569209770,1407910655970,112005621,KSQ
301,066575,KR7066571001,LG전자우,KOSPI,,81600,2,-1700,-2.04,89000,94100,81300,1752925,156170342750,1401993998400,17181299,STK
302,036540,KR7036540003,SFA반도체,KOSDAQ,중견기업부,8490,1,210,2.54,8420,9850,8310,29504257,272200993935,1396267972470,164460303,KSQ
303,397030,KR7397030008,에이프릴바이오,KOSDAQ,기술성장기업부,59600,2,-3600,-5.7,63100,64000,59300,189662,11655616000,1395464029600,23413826,KSQ
304,166090,KR7166090001,하나머티리얼즈,KOSDAQ GLOBAL,우량기업부,70000,2,-9100,-11.5,80000,81200,69800,288398,21329540600,1384437180000,19777674,KSQ
305,458870,KR7458870003,씨어스,KOSDAQ,기술성장기업부,36100,2,-4800,-11.74,40900,41150,35950,930570,34843849400,1373956614000,38059740,KSQ
306,195940,KR7195940002,HK이노엔,KOSDAQ GLOBAL,우량기업부,48350,2,-2250,-4.45,50800,50800,48300,243095,12024393175,1369750229850,28329891,KSQ
307,085660,KR7085660009,차바이오텍,KOSDAQ,중견기업부,14720,2,-670,-4.35,15610,15680,14710,365352,5514886980,1368514690560,92969748,KSQ
308,051915,KR7051911006,LG화학우,KOSPI,,177400,2,-8400,-4.52,186500,192000,177000,37486,6848111000,1363993120000,7688800,STK
309,439960,KR7439960006,코스모로보틱스,KOSDAQ,기술성장기업부,41900,2,-10800,-20.49,63100,68500,39500,27336799,1506135591375,1345363161400,32108906,KSQ
310,089970,KR7089970008,브이엠,KOSDAQ,우량기업부,53600,2,-6000,-10.07,59500,61400,53600,334046,18789582300,1327778932000,24771995,KSQ
311,065350,KR7065350001,신성델타테크,KOSDAQ,우량기업부,48175,2,-3725,-7.18,51900,52000,48050,174134,8702533300,1324039194900,27483948,KSQ
312,093370,KR7093370005,후성,KOSPI,,11980,2,-1640,-12.04,13200,13200,11890,1877949,23117719235,1284918853400,107255330,STK
313,281740,KR7281740001,레이크머티리얼즈,KOSDAQ,우량기업부,19210,2,-1390,-6.75,20700,21300,19200,653479,13259538545,1262683827080,65730548,KSQ
314,006110,KR7006110001,삼아알미늄,KOSPI,,83300,2,-13000,-13.5,94300,98000,83100,345807,31068608350,1259783801500,15123455,STK
315,032500,KR7032500001,케이엠더블유,KOSDAQ,중견기업부,29800,2,-2700,-8.31,32650,33600,29700,463108,14401306050,1256215275000,42154875,KSQ
316,003470,KR7003470002,유안타증권,KOSPI,,6290,2,-160,-2.48,6620,6770,6250,2298157,14876327860,1255462463040,199596576,STK
317,192080,KR7192080000,더블유게임즈,KOSPI,,59200,2,-500,-0.84,60200,61000,58900,137329,8235525450,1253469305600,21173468,STK
318,000210,KR7000210005,DL,KOSPI,,59600,2,-3600,-5.7,63500,63900,59600,66493,4079767400,1248970686400,20955884,STK
319,082640,KR7082640004,동양생명,KOSPI,,7710,2,-250,-3.14,7940,8050,7700,132400,1034253560,1244074690350,161358585,STK
320,181710,KR7181710005,NHN,KOSPI,,37850,2,-200,-0.53,38450,39750,37700,111760,4343585400,1239706311150,32753139,STK
321,415640,KR7415640002,KB발해인프라,KOSPI,,9940,1,30,0.3,9910,9960,9900,48750,483955225,1218102747120,122545548,STK
322,100090,KR7100090000,SK오션플랜트,KOSPI,,19470,2,-1430,-6.84,20750,20850,19370,659487,13074009815,1216449171630,62478129,STK
323,003090,KR7003090008,대웅,KOSPI,,20850,2,-750,-3.47,21500,21700,20850,61568,1307615550,1212260283000,58141980,STK
324,388210,KR7388210007,씨엠티엑스,KOSDAQ,벤처기업부,125300,2,-7700,-5.79,135500,138600,125300,115136,15300041800,1207195081400,9634438,KSQ
325,127120,KR7127120004,제이에스링크,KOSDAQ,벤처기업부,34850,2,-5650,-13.95,39900,40150,34550,534700,19493375250,1204894525350,34573731,KSQ
326,033790,KR7033790007,피노,KOSDAQ,중견기업부,14600,2,-500,-3.31,15000,15680,14250,2623787,38892359540,1202044104800,82331788,KSQ
327,300720,KR7300720000,한일시멘트,KOSPI,,16320,2,-550,-3.26,16870,16870,16250,109912,1802005625,1200257810880,73545209,STK
328,000080,KR7000080002,하이트진로,KOSPI,,16895,2,-395,-2.28,17120,17200,16680,250178,4237084290,1184907357845,70133611,STK
329,330590,KR7330590001,롯데리츠,KOSPI,,4095,1,55,1.36,4040,4175,4035,265961,1094361695,1183327579980,288968884,STK
330,033240,KR7033240003,자화전자,KOSPI,,54600,1,6800,14.23,47850,60000,47500,1413666,80210220750,1179660409200,21605502,STK
331,490470,KR7490470002,세미파이브,KOSDAQ,기술성장기업부,34800,2,-3450,-9.02,38500,38850,34700,788233,29056403275,1178286240000,33858800,KSQ
332,124500,KR7124500000,아이티센글로벌,KOSDAQ,우량기업부,50400,2,-2700,-5.08,57600,57700,50300,279479,14914821200,1169508160800,23204527,KSQ
333,089860,KR7089860001,롯데렌탈,KOSPI,,32150,2,-750,-2.28,32750,33000,31600,36679,1183608625,1167346824200,36309388,STK
334,009155,KR7009151002,삼성전기우,KOSPI,,400000,1,8000,2.04,404000,461000,397000,116826,50237835500,1162793600000,2906984,STK
335,052020,KR7052020005,에스티큐브,KOSDAQ,투자주의환기종목(소속부없음),17100,2,-360,-2.06,17800,17800,16630,289015,4948788580,1162514276100,67983291,KSQ
336,213420,KR7213420003,덕산네오룩스,KOSDAQ GLOBAL,우량기업부,46700,2,-5300,-10.19,52100,53200,46600,293545,14388336050,1159616059300,24831179,KSQ
337,000815,KR7000811000,삼성화재우,KOSPI,,385000,1,3000,0.79,383000,392000,381000,35254,13624860000,1157702700000,3007020,STK
338,160190,KR7160190005,하이젠알앤엠,KOSDAQ,투자주의환기종목(소속부없음),37450,2,-2750,-6.84,40300,43150,37250,269159,10992506850,1156755600000,30888000,KSQ
339,036830,KR7036830008,솔브레인홀딩스,KOSDAQ GLOBAL,우량기업부,55900,2,-6300,-10.13,63100,63900,55900,127633,7481484100,1146172537900,20503981,KSQ
340,295310,KR7295310007,에이치브이엠,KOSDAQ,기술성장기업부,94700,2,-300,-0.32,94500,105400,93700,483278,47967760200,1138984457700,12027291,KSQ
341,388720,KR7388720005,유일로보틱스,KOSDAQ,벤처기업부,96600,2,-2800,-2.82,101000,110000,96400,255480,26877723300,1138077927000,11781345,KSQ
342,003240,KR7003240009,태광산업,KOSPI,,1021000,2,-58000,-5.38,1070000,1078000,1010000,3095,3206115000,1136781400000,1113400,STK
343,161580,KR7161580006,필옵틱스,KOSDAQ,중견기업부,48100,2,-5400,-10.09,54500,54500,48050,366867,18673101500,1127572080700,23442247,KSQ
344,007390,KR7007390008,네이처셀,KOSDAQ,중견기업부,17440,2,-820,-4.49,18290,18430,17430,278131,4970238990,1123747376640,64435056,KSQ
345,000670,KR7000670000,영풍,KOSPI,,60800,2,-3300,-5.15,65900,65900,60800,25306,1581129150,1119369526400,18410683,STK
346,185750,KR7185750007,종근당,KOSPI,,80800,2,-2000,-2.42,82500,82900,80800,28868,2359123400,1115264624000,13802780,STK
347,090460,KR7090460007,비에이치,KOSPI,,33050,2,-4450,-11.87,36600,37150,33050,1147227,40088004025,1114166330900,33711538,STK
348,466100,KR7466100005,클로봇,KOSDAQ,기술성장기업부,43700,2,-1900,-4.17,46300,49600,43650,724438,34326997200,1112568744300,25459239,KSQ
349,280360,KR7280360009,롯데웰푸드,KOSPI,,120700,2,-800,-0.66,122300,124300,119400,22726,2762804950,1110992081800,9204574,STK
350,456040,KR7456040005,OCI,KOSPI,,123300,2,-14700,-10.65,140300,142400,117800,153601,19297995450,1103842633500,8952495,STK
351,126340,KR7126340009,비나텍,KOSDAQ,벤처기업부,154500,2,-17800,-10.33,170600,171300,154000,154885,24628812150,1103675076000,7143528,KSQ
352,005300,KR7005300009,롯데칠성,KOSPI,,118800,2,-300,-0.25,119100,120600,116000,20735,2454383850,1102331419200,9278884,STK
353,137400,KR7137400008,피엔티,KOSDAQ GLOBAL,우량기업부,46450,2,-3500,-7.01,50400,51500,46300,199427,9708386650,1100434315600,23690728,KSQ
354,006340,KR7006340004,대원전선,KOSPI,,13930,2,-1660,-10.65,15590,15790,13610,4595930,65682555500,1092312814880,78414416,STK
355,033100,KR7033100009,제룡전기,KOSDAQ,우량기업부,67900,2,-7400,-9.83,76000,76500,67900,405298,28815995350,1090637571100,16062409,KSQ
356,083450,KR7083450007,GST,KOSDAQ,우량기업부,58400,2,-6200,-9.6,64000,64000,58300,494136,29989209500,1076312000000,18430000,KSQ
357,456160,KR7456160001,지투지바이오,KOSDAQ,기술성장기업부,65000,2,-5800,-8.19,70900,72000,65000,252774,17046334250,1075448335000,16545359,KSQ
358,048410,KR7048410005,현대바이오,KOSDAQ,중견기업부,11010,2,-1140,-9.38,12300,12300,10960,2270536,25691091390,1062526347720,96505572,KSQ
359,376900,KR7376900007,로킷헬스케어,KOSDAQ,기술성장기업부,66400,2,-5700,-7.91,71300,71300,66400,148802,10270487800,1054019589600,15873789,KSQ
360,365550,KR7365550003,ESR켄달스퀘어리츠,KOSPI,,4235,2,-25,-0.59,4260,4315,4205,181040,770150596,1042186915000,246089000,STK
361,496320,KR7496320003,본시스템즈,KONEX,일반기업부,1023000,0,0,0.0,0,0,0,0,0,1039340379000,1015973,KNX
362,222080,KR7222080004,씨아이에스,KOSDAQ GLOBAL,우량기업부,13350,2,-1370,-9.31,14740,14900,13300,2352391,33083308930,1038364922400,77780144,KSQ
363,057050,KR7057050007,현대홈쇼핑,KOSPI,,86400,2,-800,-0.92,86400,90500,86200,23439,2068281300,1036800000000,12000000,STK
364,204270,KR7204270003,제이앤티씨,KOSDAQ,중견기업부,17920,2,-2180,-10.85,20350,20500,17910,347047,6614506875,1036644510720,57848466,KSQ
365,00088K,KR700088K015,한화3우B,KOSPI,,53100,1,3100,6.2,50200,58100,50200,384091,21185366800,1030375817100,19404441,STK
366,071055,KR7071051007,한국금융지주우,KOSPI,,175500,3,0,0.0,178500,185000,174100,28868,5194916300,1028123050500,5858251,STK
367,499790,KR7499790004,GS피앤엘,KOSPI,,51800,2,-2700,-4.95,54600,56100,51800,93258,5077587300,1027237563800,19830841,STK
368,056190,KR7056190002,에스에프에이,KOSDAQ GLOBAL,우량기업부,28500,2,-2150,-7.01,30650,30800,28400,127407,3772952450,1023399660000,35908760,KSQ
369,115180,KR7115180002,큐리언트,KOSDAQ,벤처기업부,27400,2,-2550,-8.51,29950,29950,27000,241610,6792535050,1022156643800,37304987,KSQ
370,298050,KR7298050006,HS효성첨단소재,KOSPI,,227000,2,-12000,-5.02,248500,249000,227000,17992,4236483750,1016948196000,4479948,STK
371,005690,KR7005690003,파미셀,KOSPI,,16900,2,-1290,-7.09,18120,18310,16890,953198,16622052005,1014286691600,60016964,STK
372,009450,KR7009450008,경동나비엔,KOSPI,,69300,2,-9200,-11.72,77800,78500,69200,188333,13549200300,1009603425600,14568592,STK
373,248070,KR7248070005,솔루엠,KOSPI,,21100,2,-750,-3.43,22000,22250,20500,604787,12953844225,1008922579600,47816236,STK
374,086450,KR7086450004,동국제약,KOSDAQ GLOBAL,우량기업부,22300,2,-100,-0.45,22750,23750,22000,562393,12869590475,1008638366000,45230420,KSQ
375,192400,KR7192400000,쿠쿠홀딩스,KOSPI,,28350,1,150,0.53,28250,29100,27400,79859,2266431000,1008187944750,35562185,STK
376,052400,KR7052400009,코나아이,KOSDAQ,우량기업부,68400,1,7000,11.4,62000,72500,59700,833362,56911020550,996129104400,14563291,KSQ
377,056080,KR7056080005,유진로봇,KOSDAQ,중견기업부,26550,1,350,1.34,26000,30350,26000,3018770,86530525050,995947635600,37512152,KSQ
378,108320,KR7108320003,LX세미콘,KOSPI,,61100,2,-2800,-4.38,64100,64500,60200,118214,7279298350,993748730000,16264300,STK
379,293490,KR7293490009,카카오게임즈,KOSDAQ GLOBAL,중견기업부,10930,2,-470,-4.12,11340,11370,10910,316895,3518437090,981370937230,89786911,KSQ
380,451800,KR7451800007,한화리츠,KOSPI,,5430,1,50,0.93,5380,5690,5380,90580,496755150,975228000000,179600000,STK
381,094170,KR7094170008,동운아나텍,KOSDAQ,우량기업부,46500,2,-3800,-7.55,50500,50500,46350,298893,14398114150,972312024000,20909936,KSQ
382,356860,KR7356860007,티엘비,KOSDAQ,우량기업부,98500,2,-11500,-10.45,109400,111600,98500,215415,22561785800,968514055000,9832630,KSQ
383,137310,KR7137310009,에스디바이오센서,KOSPI,,8020,2,-400,-4.75,8230,8290,7850,145143,1155004765,968407798040,120749102,STK
384,100840,KR7100840008,SNT에너지,KOSPI,,46750,2,-2500,-5.08,50200,50300,46000,214703,10178956375,966826605250,20680783,STK
385,001510,KR7001510007,SK증권,KOSPI,,4130,2,-345,-7.71,4595,4750,4120,12795479,56194681883,955248701050,231295085,STK
386,075580,KR7075580001,세진중공업,KOSPI,,16720,2,-760,-4.35,17740,17740,16600,274957,4661950160,950522904320,56849456,STK
387,035760,KR7035760008,CJ ENM,KOSDAQ GLOBAL,중견기업부,43250,2,-1000,-2.26,44700,45150,43100,168752,7413054950,948435910500,21929154,KSQ
388,006120,KR7006120000,SK디스커버리,KOSPI,,54200,2,-300,-0.55,55900,56900,52200,39325,2111477300,943825304200,17413751,STK
389,050890,KR7050890003,쏠리드,KOSDAQ,우량기업부,15510,2,-750,-4.61,16260,16440,15505,2480293,39214871395,942333842340,60756534,KSQ
390,010780,KR7010780005,아이에스동서,KOSPI,,30850,1,1550,5.29,28800,31300,27600,343758,10434158300,931268209600,30186976,STK
391,046890,KR7046890000,서울반도체,KOSDAQ GLOBAL,중견기업부,15870,2,-2410,-13.18,17780,17780,15810,2458403,41305597870,925306698000,58305400,KSQ
392,074600,KR7074600008,원익QnC,KOSDAQ GLOBAL,우량기업부,35100,2,-2400,-6.4,37850,39700,35050,407596,15224953075,922708800000,26288000,KSQ
393,122870,KR7122870009,와이지엔터테인먼트,KOSDAQ,우량기업부,49150,2,-1550,-3.06,51000,51100,49150,117856,5921010250,918665058350,18691049,KSQ
394,014620,KR7014620009,성광벤드,KOSDAQ,우량기업부,34400,2,-150,-0.43,35000,35450,33400,354947,12210920200,913573321600,26557364,KSQ
395,253450,KR7253450001,스튜디오드래곤,KOSDAQ GLOBAL,우량기업부,30100,2,-1550,-4.9,31400,32000,30100,67068,2065168850,904760789800,30058498,KSQ
396,006650,KR7006650006,대한유화,KOSPI,,138500,2,-9400,-6.36,148700,152000,138200,48910,6971105750,900250000000,6500000,STK
397,023160,KR7023160005,태광,KOSDAQ,우량기업부,34750,2,-1100,-3.07,36850,36850,34350,761451,27184669075,898886659500,25867242,KSQ
398,241710,KR7241710003,코스메카코리아,KOSDAQ,우량기업부,83900,2,-2800,-3.23,87300,88000,83900,39000,3325087250,896052000000,10680000,KSQ
399,476060,KR7476060009,온코닉테라퓨틱스,KOSDAQ,기술성장기업부,19430,2,-1370,-6.59,20800,20850,19420,541470,10824486200,882274331200,45407840,KSQ
400,071320,KR7071320006,지역난방공사,KOSPI,,76000,2,-800,-1.04,77100,77700,74700,18666,1429577550,879984544000,11578744,STK
401,064960,KR7064960008,SNT모티브,KOSPI,,33050,1,200,0.61,33150,33450,32550,84550,2787257500,877155989600,26540272,STK
402,079900,KR7079900007,전진건설로봇,KOSPI,,60100,2,-3600,-5.65,64200,64500,59900,94467,5832280550,877011954500,14592545,STK
403,030190,KR7030190003,NICE평가정보,KOSPI,,14860,1,810,5.77,14200,15020,13960,194036,2838479800,875425291220,58911527,STK
404,036530,KR7036530004,SNT홀딩스,KOSPI,,53600,2,-400,-0.74,55100,56000,52900,51074,2782329000,873888289600,16303886,STK
405,025540,KR7025540006,한국단자,KOSPI,,86300,2,-2100,-2.38,88800,90100,85900,24164,2112244350,872924500000,10115000,STK
406,171090,KR7171090004,선익시스템,KOSDAQ,우량기업부,85800,2,-10600,-11.0,97100,97100,85800,166356,14943784300,866805310800,10102626,KSQ
407,214320,KR7214320004,이노션,KOSPI,,21450,1,1000,4.89,20100,22650,19720,1175634,25166267915,858000000000,40000000,STK
408,006730,KR7006730006,서부T&D,KOSDAQ,우량기업부,13190,2,-820,-5.85,14100,14190,13170,755473,10285790780,856386114370,64926923,KSQ
409,002020,KR7002020006,코오롱,KOSPI,,66100,2,-4200,-5.97,70500,72300,65400,88729,6013154250,853197648000,12907680,STK
410,121600,KR7121600001,나노신소재,KOSDAQ,우량기업부,69500,2,-6300,-8.31,76700,77600,69500,137284,10142640700,851631524500,12253691,KSQ
411,011930,KR7011930005,신성이엔지,KOSPI,,41250,1,1300,3.25,49000,49000,40000,4421302,196320953725,849123618750,20584815,STK
412,327260,KR7327260006,RF머트리얼즈,KOSDAQ,벤처기업부,99400,2,-11000,-9.96,110100,117100,99100,230388,24640725500,844416419000,8495135,KSQ
413,285130,KR7285130001,SK케미칼,KOSPI,,48750,2,-2750,-5.34,51300,51400,48750,113404,5599162425,843314842500,17298766,STK
414,090360,KR7090360009,로보스타,KOSDAQ,중견기업부,86400,1,5600,6.93,88000,97900,85100,1978090,182883283200,842400000000,9750000,KSQ
415,004490,KR7004490009,세방전지,KOSPI,,60700,2,-1700,-2.72,62000,62200,59700,67376,4100619300,841302000000,13860000,STK
416,199800,KR7199800004,툴젠,KOSDAQ,기술성장기업부,93500,2,-31900,-25.44,111000,111700,91200,186347,18766438750,840923011500,8993829,KSQ
417,003160,KR7003160009,디아이,KOSPI,,29600,2,-2350,-7.36,32250,32250,28850,525355,15641247775,837680000000,28300000,STK
418,003850,KR7003850005,보령,KOSPI,,9750,2,-130,-1.32,9960,10040,9710,165220,1628989470,836425268250,85787207,STK
419,044490,KR7044490001,태웅,KOSDAQ,우량기업부,41150,2,-4700,-10.25,46500,46500,41100,254335,10864123775,823303728150,20007381,KSQ
420,484870,KR7484870001,엠앤씨솔루션,KOSPI,,89900,2,-12700,-12.38,101500,104900,89700,42075,3962217400,822935610000,9153900,STK
421,032190,KR7032190001,다우데이타,KOSDAQ,우량기업부,21450,2,-700,-3.16,22700,22800,21400,132320,2909199875,821535000000,38300000,KSQ
422,009240,KR7009240003,한샘,KOSPI,,34900,2,-1550,-4.25,37000,37150,34850,80221,2840344450,821334087200,23533928,STK
423,348340,KR7348340001,뉴로메카,KOSDAQ,기술성장기업부,66100,2,-7100,-9.7,72200,76900,66000,992812,71969844300,817138181100,12362151,KSQ
424,178920,KR7178920005,PI첨단소재,KOSPI,,27700,2,-2500,-8.28,30150,30150,27700,167098,4772565050,813447119400,29366322,STK
425,079160,KR7079160008,CJ CGV,KOSPI,,4905,2,-65,-1.31,4970,5040,4825,512170,2511311077,812181598425,165582385,STK
426,037460,KR7037460003,삼지전자,KOSDAQ,우량기업부,49650,4,11450,29.97,38550,49650,37000,1650970,76680464400,810214617300,16318522,KSQ
427,069260,KR7069260008,TKG휴켐스,KOSPI,,19820,1,2010,11.29,17540,20100,17140,922797,17641895450,810213614160,40878588,STK
428,365340,KR7365340009,성일하이텍,KOSDAQ,기술성장기업부,66000,2,-1700,-2.51,73000,73000,65900,82967,5666526700,809998266000,12272701,KSQ
429,00104K,KR700104K010,CJ4우(전환),KOSPI,,190800,1,5300,2.86,185500,200000,182100,19786,3832419200,806418489600,4226512,STK
430,358570,KR7358570000,지아이이노베이션,KOSDAQ,기술성장기업부,12540,2,-810,-6.07,13580,13580,12510,361146,4648881170,805537623000,64237450,KSQ
431,348370,KR7348370008,엔켐,KOSDAQ,중견기업부,36500,2,-2900,-7.36,39850,41000,36450,187960,7275548625,799751244500,21910993,KSQ
432,003030,KR7003030004,세아제강지주,KOSPI,,192300,1,4200,2.23,187300,198800,183600,44917,8529887050,796440641100,4141657,STK
433,005880,KR7005880000,대한해운,KOSPI,,2465,2,-85,-3.33,2555,2595,2460,7732010,19537290644,795572193100,322747340,STK
434,077360,KR7077360006,덕산하이메탈,KOSDAQ,벤처기업부,17440,2,-960,-5.22,18480,18980,17440,940285,17225489155,792421314880,45437002,KSQ
435,003620,KR7003620002,KG모빌리티,KOSPI,,3905,2,-5,-0.13,3910,4010,3870,1104108,4356752769,790274031360,202374912,STK
436,082270,KR7082270000,젬백스,KOSDAQ,벤처기업부,17780,2,-1320,-6.91,18900,19000,17770,365590,6711475915,787106429340,44269203,KSQ
437,174900,KR7174900001,앱클론,KOSDAQ,벤처기업부,39100,2,-1850,-4.52,41250,41500,38900,269484,10714412750,780128243900,19952129,KSQ
438,002960,KR7002960003,한국쉘석유,KOSPI,,599000,1,116000,24.02,481000,620000,474000,61600,34475461750,778700000000,1300000,STK
439,114090,KR7114090004,GKL,KOSPI,,12560,1,80,0.64,12460,12810,12360,461069,5821261995,776907215200,61855670,STK
440,336370,KR7336370002,솔루스첨단소재,KOSPI,,10840,2,-1220,-10.12,11900,12220,10840,389574,4438581400,761156008960,70217344,STK
441,317450,KR7317450005,명인제약,KOSPI,,51900,2,-700,-1.33,53400,53800,51700,17874,936908100,757740000000,14600000,STK
442,005090,KR7005090006,SGC에너지,KOSPI,,52500,1,1100,2.14,52600,54400,50300,136969,7111922700,756489982500,14409333,STK
443,000370,KR7000370007,한화손해보험,KOSPI,,6470,2,-380,-5.55,6870,7270,6460,1214221,8379992765,755300780050,116738915,STK
444,0011T0,KR70011T0008,채비,KOSDAQ,기술성장기업부,16080,2,-1720,-9.66,17800,17890,16030,1483725,24779914875,752307302400,46785280,KSQ
445,016380,KR7016380008,KG스틸,KOSPI,,7490,1,290,4.03,7210,7900,6840,4176633,31563956430,749066638530,100008897,STK
446,007700,KR7007700008,F&F홀딩스,KOSPI,,19080,1,470,2.53,18890,19520,18450,25103,475522610,746302122360,39114367,STK
447,009520,KR7009520008,포스코엠텍,KOSDAQ GLOBAL,중견기업부,17890,2,-1590,-8.16,19370,19660,17880,298323,5606468570,744987956670,41642703,KSQ
448,053610,KR7053610002,프로텍,KOSDAQ,우량기업부,82000,2,-6700,-7.55,90000,92800,79700,117440,9839930450,738000000000,9000000,KSQ
449,086900,KR7086900008,메디톡스,KOSDAQ,우량기업부,101000,2,-5300,-4.99,106400,106600,100700,32545,3354432400,737148197000,7298497,KSQ
450,425420,KR7425420007,티에프이,KOSDAQ,우량기업부,59700,2,-2700,-4.33,62600,63500,58800,232932,14355701750,737126705700,12347181,KSQ
451,059090,KR7059090001,미코,KOSDAQ,벤처기업부,21950,2,-2100,-8.73,24150,24650,21900,499846,11429484525,733498277100,33416778,KSQ
452,036810,KR7036810000,에프에스티,KOSDAQ,중견기업부,33800,2,-3800,-10.11,37400,37500,33750,248951,8782567500,731762868200,21649789,KSQ
453,093050,KR7093050003,LF,KOSPI,,25000,2,-300,-1.19,25450,25800,24500,28478,716584000,731000000000,29240000,STK
454,399720,KR7399720002,가온칩스,KOSDAQ,벤처기업부,61000,2,-6300,-9.36,67700,67700,61000,100702,6433478850,722169484000,11838844,KSQ
455,225570,KR7225570001,넥슨게임즈,KOSDAQ,중견기업부,10950,1,150,1.39,11010,11300,10770,225752,2474234830,721168905300,65860174,KSQ
456,033640,KR7033640004,네패스,KOSDAQ,중견기업부,31250,1,100,0.32,31150,33150,30600,372937,11911530550,720600062500,23059202,KSQ
457,060250,KR7060250008,NHN KCP,KOSDAQ,우량기업부,17920,2,-1830,-9.27,20450,21000,17920,846352,16044607025,719678149120,40160611,KSQ
458,078160,KR7078160009,메디포스트,KOSDAQ,벤처기업부,18170,1,560,3.18,18390,18980,17650,598035,10907361745,712347636510,39204603,KSQ
459,014820,KR7014820005,동원시스템즈,KOSPI,,24550,2,-1050,-4.1,25750,26300,24500,73801,1851364500,711735973100,28991282,STK
460,102940,KR7102940004,코오롱생명과학,KOSDAQ,중견기업부,54300,2,-2900,-5.07,57800,57800,54300,48397,2694849250,710819742900,13090603,KSQ
461,001680,KR7001680008,대상,KOSPI,,20500,2,-600,-2.84,20950,21100,20400,112628,2336537325,710284512500,34648025,STK
462,005180,KR7005180005,빙그레,KOSPI,,76600,1,2500,3.37,74200,78300,72200,238541,18186957700,710007774600,9269031,STK
463,383800,KR7383800000,LX홀딩스,KOSPI,,9270,1,700,8.17,8750,9320,8280,867367,7772552275,707121996300,76280690,STK
464,092190,KR7092190008,서울바이오시스,KOSDAQ,투자주의환기종목(소속부없음),15380,2,-1600,-9.42,16980,17670,15000,1446478,23181344240,705455730540,45868383,KSQ
465,017940,KR7017940008,E1,KOSPI,,102700,1,2300,2.29,100300,104400,99600,27591,2812494050,704522000000,6860000,STK
466,336570,KR7336570007,원텍,KOSDAQ,우량기업부,7850,2,-20,-0.25,8090,8350,7850,2378942,19123740685,703208071100,89580646,KSQ
467,389470,KR7389470006,인벤티지랩,KOSDAQ,기술성장기업부,52900,2,-1400,-2.58,55000,55200,51600,84969,4529380800,702369963500,13277315,KSQ
468,252990,KR7252990007,샘씨엔에스,KOSDAQ,우량기업부,11620,2,-1180,-9.22,12960,13280,11610,839834,10221305410,699731870180,60217889,KSQ
469,249420,KR7249420001,일동제약,KOSPI,,22100,2,-1000,-4.33,23500,23500,22000,281612,6346809300,699205369200,31638252,STK
470,005250,KR7005250006,녹십자홀딩스,KOSPI,,14850,2,-1950,-11.61,16070,16180,14810,467796,7253961165,698368918500,47028210,STK
471,001060,KR7001060003,JW중외제약,KOSPI,,29950,2,-1350,-4.31,31300,31300,29850,51736,1580372300,697413603500,23285930,STK
472,001820,KR7001820000,삼화콘덴서,KOSPI,,66800,2,-300,-0.45,69100,72900,66400,421266,29517003700,694386000000,10395000,STK
473,112040,KR7112040001,위메이드,KOSDAQ,중견기업부,20450,2,-1450,-6.62,22500,22500,20450,179526,3794736025,694246477350,33948483,KSQ
474,001270,KR7001270008,부국증권,KOSPI,,66800,2,-6100,-8.37,73500,75400,66200,50411,3501210100,692708384800,10369886,STK
475,053800,KR7053800009,안랩,KOSDAQ,우량기업부,61700,2,-2800,-4.34,65400,65400,61600,55510,3485343700,686505420200,11126506,KSQ
476,001500,KR7001500008,현대차증권,KOSPI,,11060,2,-300,-2.64,11720,12010,11010,361413,4140599910,683873466640,61833044,STK
477,089890,KR7089890008,코세스,KOSDAQ,우량기업부,40650,2,-1450,-3.44,42500,44050,40000,175471,7289093675,674178705300,16584962,KSQ
478,293940,KR7293940003,신한알파리츠,KOSPI,,5560,2,-20,-0.36,5550,5640,5520,254889,1422913535,672427083880,120940123,STK
479,002840,KR7002840007,미원상사,KOSPI,,141400,1,500,0.35,140900,143300,137400,3662,514025000,671650000000,4750000,STK
480,033160,KR7033160003,엠케이전자,KOSDAQ,중견기업부,27750,2,-1900,-6.41,30400,30400,27400,734431,20818548725,671135886750,24185077,KSQ
481,328130,KR7328130000,루닛,KOSDAQ,기술성장기업부,18030,2,-480,-2.59,19000,19180,18010,274665,5098736180,670559463540,37191318,KSQ
482,002350,KR7002350007,넥센타이어,KOSPI,,6860,2,-100,-1.44,6940,7030,6780,138069,950156200,670001636220,97667877,STK
483,024850,KR7024850000,HLB이노베이션,KOSDAQ,중견기업부,21050,2,-2050,-8.87,23200,23250,21050,284283,6226092650,667981712900,31733098,KSQ
484,003280,KR7003280005,흥아해운,KOSPI,,2770,1,40,1.47,2730,3070,2630,80164597,231170570963,665976970230,240424899,STK
485,348210,KR7348210006,넥스틴,KOSDAQ GLOBAL,우량기업부,62800,2,-11200,-15.14,71900,72900,62800,118050,7876429500,657955914000,10477005,KSQ
486,015750,KR7015750003,성우하이텍,KOSDAQ,우량기업부,8220,2,-500,-5.73,8790,8970,8210,1013617,8752795725,657600000000,80000000,KSQ
487,033500,KR7033500000,동성화인텍,KOSDAQ,우량기업부,21900,2,-2050,-8.56,24550,24600,21850,742852,16729690050,656769918600,29989494,KSQ
488,161000,KR7161000005,애경케미칼,KOSPI,,13430,2,-1230,-8.39,14630,14750,13400,444746,6242949910,653352161870,48648709,STK
489,460860,KR7460860000,동국제강,KOSPI,,13150,2,-550,-4.01,13700,13980,13060,364177,4866946280,652345423550,49608017,STK
490,102710,KR7102710001,이엔에프테크놀로지,KOSDAQ,우량기업부,45550,2,-6650,-12.74,52500,52600,45550,408334,19610497950,650810929800,14287836,KSQ
491,452260,KR7452260003,한화갤러리아,KOSPI,,3355,1,15,0.45,3450,3700,3285,28240680,99556551033,650398991550,193859610,STK
492,372320,KR7372320002,큐로셀,KOSDAQ,기술성장기업부,42700,1,2100,5.17,45350,45350,41050,327822,14031357775,650146698600,15225918,KSQ
493,253590,KR7253590004,네오셈,KOSDAQ,우량기업부,14760,2,-1430,-8.83,16390,16600,14760,879599,13745820205,647508860640,43869164,KSQ
494,368770,KR7368770004,파이버프로,KOSDAQ,벤처기업부,19700,2,-2450,-11.06,22150,22350,19700,608351,12697674905,647228232500,32854225,KSQ
495,019210,KR7019210004,와이지-원,KOSDAQ,우량기업부,17380,3,0,0.0,17390,18200,16950,1249965,22002786420,646426992640,37193728,KSQ
496,000400,KR7000400002,롯데손해보험,KOSPI,,2080,2,-10,-0.48,2115,2210,2070,883992,1896779460,645499545600,310336320,STK
497,448900,KR7448900001,한국피아이엠,KOSDAQ,기술성장기업부,106000,2,-10300,-8.86,116300,120700,105800,170480,19653871600,643892442000,6074457,KSQ
498,486990,KR7486990005,노타,KOSDAQ,기술성장기업부,29900,2,-2250,-7.0,32400,32400,29800,129654,3998993850,638252277000,21346230,KSQ
499,475960,KR7475960001,토모큐브,KOSDAQ,기술성장기업부,47600,2,-4600,-8.81,53300,53300,47600,154816,7695414525,637043842400,13383274,KSQ
500,000640,KR7000640003,동아쏘시오홀딩스,KOSPI,,94600,2,-2100,-2.17,97300,97700,94400,17646,1692775700,636897054200,6732527,STK
501,001570,KR7001570001,금양,KOSPI,,9900,0,0,0.0,0,0,0,0,0,633275240400,63967196,STK
502,376300,KR7376300000,디어유,KOSDAQ,우량기업부,26500,2,-1550,-5.53,28500,28500,26500,77623,2133086825,629067759000,23738406,KSQ
503,278280,KR7278280003,천보,KOSDAQ,중견기업부,51200,2,-3800,-6.91,56100,57400,51200,111594,5929484300,623650816000,12180680,KSQ
504,058650,KR7058650003,세아홀딩스,KOSPI,,146300,2,-4700,-3.11,150400,153500,146300,3608,536011900,620639126800,4242236,STK
505,017900,KR7017900002,광전자,KOSPI,,10710,2,-1160,-9.77,11700,11700,10360,1850712,20300351555,620577701730,57943763,STK
506,015860,KR7015860000,일진홀딩스,KOSPI,,12540,2,-1420,-10.17,13950,13960,12450,343361,4422806000,618817436820,49347483,STK
507,006380,KR7006380000,카프로,KOSPI,,3660,0,0,0.0,0,0,0,0,0,618539985360,168999996,STK
508,039130,KR7039130000,하나투어,KOSPI,,39750,2,-400,-1.0,40500,40650,39700,72558,2898443200,615724797000,15489932,STK
509,005389,KR7005383005,현대차3우B,KOSPI,,264500,2,-8000,-2.94,273500,290500,262500,50715,14108930500,615611054000,2327452,STK
510,002240,KR7002240000,고려제강,KOSPI,,22650,1,600,2.72,23000,23150,22150,60400,1360487275,611550000000,27000000,STK
511,493280,KR7493280002,아이엠바이오로직스,KOSDAQ,기술성장기업부,41300,2,-2950,-6.67,44250,45000,41000,129953,5578941425,611407182400,14804048,KSQ
512,089010,KR7089010003,켐트로닉스,KOSDAQ,우량기업부,36400,2,-3400,-8.54,40850,40850,36300,322161,12300379650,610428982800,16770027,KSQ
513,460930,KR7460930001,현대힘스,KOSDAQ,우량기업부,17130,2,-1010,-5.57,18240,18240,17110,218845,3865037125,608297794230,35510671,KSQ
514,020000,KR7020000006,한섬,KOSPI,,27100,2,-850,-3.04,28300,28750,26600,171768,4682009075,608062943700,22437747,STK
515,067160,KR7067160002,SOOP,KOSDAQ GLOBAL,우량기업부,52300,2,-2400,-4.39,55500,55500,52300,51032,2728013600,601176314100,11494767,KSQ
516,272290,KR7272290008,이녹스첨단소재,KOSDAQ GLOBAL,우량기업부,30150,2,-3200,-9.6,33400,33750,30150,354021,11172781750,601115896350,19937509,KSQ
517,041960,KR7041960006,코미팜,KOSDAQ,벤처기업부,8110,2,-520,-6.03,8680,8680,8110,425488,3573690185,599219474450,73886495,KSQ
518,214430,KR7214430001,아이쓰리시스템,KOSDAQ,우량기업부,81900,2,-6000,-6.83,88900,88900,81500,70650,5934944600,598460908500,7307215,KSQ
519,005810,KR7005810007,풍산홀딩스,KOSPI,,41500,2,-2000,-4.6,43500,43500,41500,72532,3059594900,598317618000,14417292,STK
520,453340,KR7453340002,현대그린푸드,KOSPI,,18360,2,-150,-0.81,18530,18900,18270,98613,1824988030,596735177760,32501916,STK
521,200710,KR7200710002,에이디테크놀로지,KOSDAQ,중견기업부,44250,2,-4750,-9.69,50300,50600,44100,189896,8831594175,595693809750,13462007,KSQ
522,041830,KR7041830001,인바디,KOSDAQ,우량기업부,44100,2,-1950,-4.23,45900,45900,44000,57120,2571379775,594506896200,13480882,KSQ
523,001530,KR7001530005,DI동일,KOSPI,,28450,2,-2100,-6.87,29700,30350,28150,105657,3062528525,589359417450,20715621,STK
524,008060,KR7008060006,대덕,KOSPI,,18830,2,-590,-3.04,19230,20300,18500,176454,3389098540,589136055340,31287098,STK
525,009900,KR7009900002,명신산업,KOSPI,,11210,2,-640,-5.4,12160,12170,11200,585959,6767965135,588190190930,52470133,STK
526,005420,KR7005420005,코스모화학,KOSPI,,15150,2,-930,-5.78,16020,16260,15100,225986,3516915540,581884654200,38408228,STK
527,104830,KR7104830005,원익머트리얼즈,KOSDAQ,우량기업부,46050,2,-3300,-6.69,50500,50500,46000,118940,5688649350,580598400000,12608000,KSQ
528,008730,KR7008730004,율촌화학,KOSPI,,23350,2,-800,-3.31,24000,24400,23150,77307,1835860450,579080000000,24800000,STK
529,254490,KR7254490006,미래반도체,KOSDAQ,우량기업부,40050,2,-2950,-6.86,45000,47300,40000,1431496,62441718150,578241900000,14438000,KSQ
530,271940,KR7271940009,일진하이솔루스,KOSPI,,15900,2,-450,-2.75,16370,16680,15890,54755,881102515,577379721000,36313190,STK
531,019170,KR7019170000,신풍제약,KOSPI,,11010,2,-340,-3.0,11360,11370,10990,254149,2824972740,577127927220,52418522,STK
532,125490,KR7125490003,한라캐스트,KOSDAQ,벤처기업부,15810,2,-510,-3.13,16350,17750,15800,3052997,51717584015,577102185120,36502352,KSQ
533,010820,KR7010820009,퍼스텍,KOSPI,,11810,2,-390,-3.2,12200,12200,11590,1106543,13114751985,575996587780,48771938,STK
534,217590,KR7217590009,티엠씨,KOSPI,,23700,2,-2500,-9.54,26550,26600,23600,305978,7628812825,571033132500,24094225,STK
535,389500,KR7389500000,에스비비테크,KOSDAQ,기술성장기업부,85400,2,-8800,-9.34,95200,104700,84900,520842,48927417350,568375173800,6655447,KSQ
536,003300,KR7003300001,한일홀딩스,KOSPI,,18420,1,540,3.02,18000,18790,17920,44400,816609810,567941723280,30832884,STK
537,001200,KR7001200005,유진투자증권,KOSPI,,5860,2,-370,-5.94,6300,6920,5820,8017333,51685911805,567637209480,96866418,STK
538,383310,KR7383310000,에코프로에이치엔,KOSDAQ,우량기업부,27000,2,-1950,-6.74,28950,29300,27000,224239,6251308375,566323164000,20974932,KSQ
539,025980,KR7025980004,아난티,KOSDAQ,우량기업부,5800,2,-760,-11.59,6480,6480,5770,3123049,18786434980,564345742000,97300990,KSQ
540,031430,KR7031430002,신세계인터내셔날,KOSPI,,16040,2,-860,-5.09,16950,17130,15260,196129,3205400775,561175440000,34986000,STK
541,093320,KR7093320000,케이아이엔엑스,KOSDAQ,우량기업부,114800,2,-3800,-3.2,118700,120800,113000,8625,997571400,560224000000,4880000,KSQ
542,284740,KR7284740008,쿠쿠홈시스,KOSPI,,24900,1,150,0.61,24950,25600,23950,32762,810848475,558689517000,22437330,STK
543,332570,KR7332570001,PS일렉트로닉스,KOSDAQ,우량기업부,11950,2,-1270,-9.61,13500,14780,11900,7533577,100694780480,558203177850,46711563,KSQ
544,003000,KR7003000007,부광약품,KOSPI,,5640,2,-260,-4.41,5910,5990,5640,834873,4807067905,556468744440,98664671,STK
545,060280,KR7060280005,큐렉소,KOSDAQ,중견기업부,13420,2,-410,-2.96,13840,14730,13400,742478,10487927685,553706381800,41259790,KSQ
546,006910,KR7006910004,보성파워텍,KOSDAQ,우량기업부,11260,2,-980,-8.01,12240,12270,11200,2707196,31518867805,553201818240,49129824,KSQ
547,330860,KR7330860008,네패스아크,KOSDAQ,중견기업부,45400,2,-4900,-9.74,50300,51400,45200,374812,17873645500,553155643000,12184045,KSQ
548,101930,KR7101930006,인화정공,KOSDAQ,우량기업부,11970,2,-390,-3.16,12400,12500,11910,62223,757979240,552587987700,46164410,KSQ
549,268280,KR7268280005,미원에스씨,KOSPI,,110300,1,1500,1.38,111400,113100,108400,3314,364528200,551500000000,5000000,STK
550,290550,KR7290550003,디케이티,KOSDAQ,우량기업부,27500,2,-5500,-16.67,33050,34950,26500,782855,23589879300,550033825000,20001230,KSQ
551,003545,KR7003541000,대신증권우,KOSPI,,21800,2,-450,-2.02,22500,22750,21750,120696,2666204000,549178340600,25191667,STK
552,016610,KR7016610008,DB증권,KOSPI,,12890,2,-990,-7.13,14120,14560,12830,246472,3369912620,547133954210,42446389,STK
553,452280,KR7452280001,한선엔지니어링,KOSDAQ,우량기업부,28350,1,4100,16.91,24400,29300,23600,2047982,56389653925,545636007000,19246420,KSQ
554,092790,KR7092790005,넥스틸,KOSPI,,20850,1,2380,12.89,18370,21500,17320,3097912,62141880215,542141700000,26002000,STK
555,354320,KR7354320004,알멕,KOSDAQ,기술성장기업부,84300,1,2000,2.43,84900,94300,83200,323749,29257272400,538793418300,6391381,KSQ
556,122640,KR7122640006,예스티,KOSDAQ,벤처기업부,25100,2,-1850,-6.86,27150,27450,24900,216265,5671534675,535880507100,21349821,KSQ
557,009410,KR7009410002,태영건설,KOSPI,,1800,2,-35,-1.91,1837,1860,1798,323194,585421885,535662140400,297590078,STK
558,014830,KR7014830004,유니드,KOSPI,,79100,2,-2400,-2.94,81400,81400,78300,34664,2749375950,535317160000,6767600,STK
559,468530,KR7468530001,프로티나,KOSDAQ,기술성장기업부,48150,2,-2850,-5.59,51000,51000,48150,56253,2779581875,531345265200,11035208,KSQ
560,045100,KR7045100005,한양이엔지,KOSDAQ,우량기업부,30150,2,-3450,-10.27,34800,34850,30050,264730,8572998475,527625000000,17500000,KSQ
561,119850,KR7119850006,지엔씨에너지,KOSDAQ,우량기업부,31850,2,-2800,-8.08,34900,34900,31800,160338,5317623025,523897751650,16448909,KSQ
562,042000,KR7042000000,카페24,KOSDAQ,우량기업부,21600,2,-1600,-6.9,23450,23600,21550,150210,3344546575,523865966400,24253054,KSQ
563,094800,KR7094800000,맵스리얼티,KOSPI,,5630,1,20,0.36,5700,5810,5580,42926,243239930,522657283530,92834331,STK
564,377740,KR7377740006,바이오노트,KOSPI,,5050,2,-100,-1.94,5150,5150,4995,45560,230118040,514524542400,101886048,STK
565,018290,KR7018290007,브이티,KOSDAQ,우량기업부,14700,2,-870,-5.59,15550,15610,14700,221946,3328015605,513645018600,34941838,KSQ
566,041190,KR7041190000,우리기술투자,KOSDAQ,우량기업부,6090,2,-50,-0.81,6470,7000,6050,4028383,26540286990,511560000000,84000000,KSQ
567,078350,KR7078350006,한양디지텍,KOSDAQ,우량기업부,33550,2,-2000,-5.63,34800,37850,33450,541579,19454865000,511449016100,15244382,KSQ
568,099190,KR7099190001,아이센스,KOSDAQ,중견기업부,17750,2,-630,-3.43,18380,18510,17730,120449,2172650305,510442234750,28757309,KSQ
569,130660,KR7130660004,한전산업,KOSPI,,15630,2,-870,-5.27,16700,16750,15600,320690,5142996845,509538000000,32600000,STK
570,403550,KR7403550007,쏘카,KOSPI,,15490,2,-2510,-13.94,16900,16900,15300,291345,4654186985,508721061980,32841902,STK
571,211050,KR7211050000,인카금융서비스,KOSDAQ,우량기업부,10310,2,-250,-2.37,10430,10920,10250,132450,1401239770,507908303670,49263657,KSQ
572,035890,KR7035890003,서희건설,KOSDAQ,중견기업부,2210,2,-145,-6.16,2365,2440,2190,2055853,4667131788,507876689970,229808457,KSQ
573,381970,KR7381970003,케이카,KOSPI,,10270,1,120,1.18,10200,10400,9910,450361,4590080565,501390108960,48820848,STK
574,004690,KR7004690004,삼천리,KOSPI,,138200,1,1400,1.02,138800,140800,135600,12918,1780490400,501220581400,3626777,STK
575,168360,KR7168360006,펨트론,KOSDAQ,벤처기업부,23050,2,-2650,-10.31,25100,25500,23050,173707,4214711125,500359419350,21707567,KSQ
576,064260,KR7064260003,다날,KOSDAQ,중견기업부,6610,2,-560,-7.81,7450,7540,6600,2525484,17775006515,500016470770,75645457,KSQ
577,000650,KR7000650002,천일고속,KOSPI,,349500,1,54500,18.47,303500,376500,271500,488183,161605045250,499512390000,1429220,STK
578,069540,KR7069540003,빛과전자,KOSDAQ,벤처기업부,5100,2,-670,-11.61,5980,5990,5080,4101906,22182436610,499297848900,97901539,KSQ
579,448730,KR7448730002,삼성FN리츠,KOSPI,,5470,2,-50,-0.91,5580,5700,5470,83845,470087260,498043500000,91050000,STK
580,230360,KR7230360000,에코마케팅,KOSDAQ,우량기업부,16000,2,-10,-0.06,16000,16030,16000,60108,961778130,495980128000,30998758,KSQ
581,317330,KR7317330009,덕산테코피아,KOSDAQ,중견기업부,24200,2,-2150,-8.16,26500,26750,24050,305366,7783217225,495533332800,20476584,KSQ
582,340570,KR7340570001,티앤엘,KOSDAQ,우량기업부,60900,1,5900,10.73,55100,65200,53400,308911,19087888600,494995200000,8128000,KSQ
583,138080,KR7138080007,오이솔루션,KOSDAQ,벤처기업부,39900,2,-6200,-13.45,46300,47200,39750,1025888,43294972550,493872544200,12377758,KSQ
584,078130,KR7078130002,국일제지,KOSDAQ,중견기업부,436,0,0,0.0,0,0,0,0,0,491548959756,1127405871,KSQ
585,034310,KR7034310003,NICE,KOSPI,,13340,1,110,0.83,13280,13640,13100,53818,718790070,490340474380,36757157,STK
586,006405,KR7006401004,삼성SDI우,KOSPI,,303000,2,-8500,-2.73,311500,333000,301500,27099,8654418500,490222488000,1617896,STK
587,393890,KR7393890009,더블유씨피,KOSDAQ GLOBAL,기술성장기업부,14480,2,-1260,-8.01,15740,16140,14450,629390,9497464860,490048725120,33843144,KSQ
588,005945,KR7005941000,NH투자증권우,KOSPI,,25925,2,-975,-3.62,27050,27450,25850,77724,2058571475,489229845400,18870968,STK
589,036620,KR7036620003,감성코퍼레이션,KOSDAQ,우량기업부,5400,2,-160,-2.88,5670,5720,5400,558055,3095530020,488720363400,90503771,KSQ
590,025900,KR7025900002,동화기업,KOSDAQ GLOBAL,중견기업부,9620,2,-1020,-9.59,10470,10480,9600,199048,1987055900,486361081700,50557285,KSQ
591,027410,KR7027410000,BGF,KOSPI,,5060,1,85,1.71,4975,5140,4825,536795,2684618463,484326962460,95716791,STK
592,107640,KR7107640005,한중엔시에스,KOSDAQ,기술성장기업부,53400,2,-5600,-9.49,60000,61500,53300,178432,10155272050,484068116400,9064946,KSQ
593,0120G0,KR70120G0001,삼양바이오팜,KOSPI,,64900,2,-3700,-5.39,68900,69000,64500,35151,2323068750,482587963000,7435870,STK
594,000157,KR7000152009,두산2우B,KOSPI,,538000,2,-23000,-4.1,577000,594000,538000,1575,892526000,480454444000,893038,STK
595,034950,KR7034950006,한국기업평가,KOSDAQ,우량기업부,105400,2,-400,-0.38,106700,110000,103800,2919,311940500,478570175600,4540514,KSQ
596,144960,KR7144960002,뉴파워프라즈마,KOSDAQ,우량기업부,10930,2,-700,-6.02,11600,11930,10930,790059,9082418330,477560380320,43692624,KSQ
597,251970,KR7251970000,펌텍코리아,KOSDAQ,우량기업부,38500,2,-1450,-3.63,40000,40400,38050,70223,2739983275,477400000000,12400000,KSQ
598,287840,KR7287840003,인투셀,KOSDAQ,기술성장기업부,31750,2,-1550,-4.65,32800,33100,31000,94747,3032640950,476947230000,15021960,KSQ
599,000070,KR7000070003,삼양홀딩스,KOSPI,,61000,2,-1900,-3.02,63900,63900,60900,20490,1265763600,473554651000,7763191,STK
600,084110,KR7084110006,휴온스글로벌,KOSDAQ,우량기업부,37200,2,-3450,-8.49,40650,41250,37200,168457,6495870550,470945006400,12659812,KSQ
601,145990,KR7145990008,삼양사,KOSPI,,45550,2,-350,-0.76,45350,46350,45150,6407,292430050,469777601950,10313449,STK
602,025320,KR7025320003,시노펙스,KOSDAQ,우량기업부,5070,2,-250,-4.7,5370,5450,5050,474852,2462012975,467223330210,92154503,KSQ
603,950210,KR8702070002,프레스티지바이오파마,KOSPI,,7750,2,-140,-1.77,8100,8100,7700,94534,737826865,465745201250,60096155,STK
604,016590,KR7016590002,신대양제지,KOSPI,,11510,2,-320,-2.7,11830,11950,11430,13759,159143700,463827908200,40297820,STK
605,039440,KR7039440003,에스티아이,KOSDAQ,우량기업부,29900,2,-4150,-12.19,34000,36500,29800,379518,12115661575,463660705300,15507047,KSQ
606,030520,KR7030520001,한글과컴퓨터,KOSDAQ GLOBAL,우량기업부,19130,2,-1020,-5.06,20400,20450,19120,197058,3879718700,462558502720,24179744,KSQ
607,015360,KR7015360001,INVENI,KOSPI,,16960,1,10,0.06,16950,17190,16620,58710,987099685,462160000000,27250000,STK
608,306200,KR7306200007,세아제강,KOSPI,,162700,2,-400,-0.25,166000,166000,157400,12842,2077363400,461466010000,2836300,STK
609,072710,KR7072710007,농심홀딩스,KOSPI,,99500,1,4600,4.85,94600,101100,94600,16775,1648179350,461460105000,4637790,STK
610,425040,KR7425040003,티이엠씨,KOSDAQ,우량기업부,21600,2,-2450,-10.19,24050,24650,21000,1532650,34476874375,460708171200,21329082,KSQ
611,110990,KR7110990009,디아이티,KOSDAQ,우량기업부,24350,2,-1400,-5.44,27150,27600,23500,601689,15360098325,460215000000,18900000,KSQ
612,356680,KR7356680009,엑스게이트,KOSDAQ,벤처기업부,16100,2,-2930,-15.4,18480,18560,16010,1311812,22401016750,459550221200,28543492,KSQ
613,488900,KR7488900002,비츠로넥스텍,KOSDAQ,기술성장기업부,15800,2,-1050,-6.23,17010,17100,15790,90766,1495923680,457827799400,28976443,KSQ
614,215200,KR7215200007,메가스터디교육,KOSDAQ GLOBAL,우량기업부,44050,2,-500,-1.12,45850,45900,43900,36679,1629588350,456587764800,10365216,KSQ
615,090435,KR7090431008,아모레퍼시픽우,KOSPI,,43100,2,-2000,-4.43,44600,47150,42900,13953,606685975,455042473000,10557830,STK
616,187660,KR7187660006,페니트리움바이오,KOSDAQ,중견기업부,8200,2,-500,-5.75,8710,8800,8100,1309763,10983566335,454823274600,55466253,KSQ
617,080580,KR7080580004,오킨스전자,KOSDAQ,벤처기업부,21500,2,-2800,-11.52,24850,24850,21350,578774,13127770575,453455532500,21090955,KSQ
618,047920,KR7047920004,HLB제약,KOSDAQ,기술성장기업부,13820,2,-920,-6.24,14870,14980,13800,215257,3037423120,453287099920,32799356,KSQ
619,013030,KR7013030002,하이록코리아,KOSDAQ,우량기업부,38400,2,-1100,-2.78,40200,40300,38350,70318,2769418525,451896729600,11768144,KSQ
620,010690,KR7010690006,화신,KOSPI,,12930,2,-1770,-12.04,14850,15010,12910,1133891,15625229290,451520901300,34920410,STK
621,101160,KR7101160000,월덱스,KOSDAQ,우량기업부,27250,2,-3700,-11.95,31550,32350,27250,411892,11851577375,449924559250,16510993,KSQ
622,029530,KR7029530003,신도리코,KOSPI,,46100,2,-1250,-2.64,47000,47750,45650,14975,692476100,447895106900,9715729,STK
623,002030,KR7002030005,아세아,KOSPI,,216500,2,-4000,-1.81,219500,224000,210500,3064,657595250,445741458000,2058852,STK
624,095660,KR7095660007,네오위즈,KOSDAQ,우량기업부,20600,2,-250,-1.2,21250,21350,20500,65185,1365927225,445711055400,21636459,KSQ
625,117730,KR7117730002,티로보틱스,KOSDAQ,벤처기업부,19730,2,-1220,-5.82,21350,22300,19730,447463,9536843370,445070188390,22558043,KSQ
626,145720,KR7145720009,덴티움,KOSPI,,51400,2,-2500,-4.64,54300,54300,51300,56139,2950112100,443267997400,8623891,STK
627,455900,KR7455900001,엔젤로보틱스,KOSDAQ,기술성장기업부,29050,2,-900,-3.01,30700,31800,29050,340411,10496598275,442929155550,15247131,KSQ
628,067630,KR7067630004,HLB생명과학,KOSDAQ,투자주의환기종목(소속부없음),3615,2,-100,-2.69,3730,3790,3600,334397,1220836070,440730164670,121917058,KSQ
629,424870,KR7424870004,이뮨온시아,KOSDAQ,기술성장기업부,5910,1,150,2.6,6170,6280,5870,440907,2659539725,439490229390,74363829,KSQ
630,126720,KR7126720002,수산인더스트리,KOSPI,,30700,3,0,0.0,31050,31350,29400,105228,3159292700,438580200000,14286000,STK
631,192650,KR7192650000,드림텍,KOSPI,,6350,2,-150,-2.31,6520,6760,6290,454661,2942638400,437986163650,68974199,STK
632,204620,KR7204620009,글로벌텍스프리,KOSDAQ,우량기업부,6200,3,0,0.0,6170,6540,6100,2898186,18571784575,435756646000,70283330,KSQ
633,234340,KR7234340008,헥토파이낸셜,KOSDAQ,우량기업부,31150,2,-5050,-13.95,37800,38650,31050,1093621,36771545375,435185934400,13970656,KSQ
634,012030,KR7012030003,DB,KOSPI,,2160,2,-105,-4.64,2265,2335,2095,1995077,4380931883,434535695280,201173933,STK
635,002710,KR7002710002,TCC스틸,KOSPI,,16560,2,-1120,-6.33,17910,18160,16550,192832,3343077665,434098822320,26213697,STK
636,484590,KR7484590005,삼양컴텍,KOSDAQ,벤처기업부,10520,2,-550,-4.97,11250,11270,10470,167829,1820946735,433533934000,41210450,KSQ
637,079370,KR7079370003,제우스,KOSDAQ,우량기업부,13930,2,-1170,-7.75,15100,15530,13920,489870,7185296175,432066670700,31016990,KSQ
638,394280,KR7394280002,오픈엣지테크놀로지,KOSDAQ,기술성장기업부,16370,2,-1600,-8.9,18110,18200,16350,309660,5323606645,431292696100,26346530,KSQ
639,079940,KR7079940003,가비아,KOSDAQ,우량기업부,32100,2,-1800,-5.31,33400,34100,32100,37678,1245501850,430803956400,13420684,KSQ
640,357120,KR7357120005,코람코라이프인프라리츠,KOSPI,,4415,1,10,0.23,4405,4520,4405,117252,522231301,429735587910,97335354,STK
641,114810,KR7114810005,한솔아이원스,KOSDAQ,우량기업부,15010,2,-990,-6.19,16070,16090,15000,353747,5449420705,429183541740,28593174,KSQ
642,006220,KR7006220008,제주은행,KOSPI,,11340,2,-560,-4.71,11910,12050,11330,170439,1981847140,428635636380,37798557,STK
643,389650,KR7389650003,넥스트바이오메디컬,KOSDAQ,기술성장기업부,52200,2,-3300,-5.95,55600,55900,52000,53020,2838579850,428242849200,8203886,KSQ
644,058430,KR7058430000,포스코스틸리온,KOSPI,,7130,2,-230,-3.13,7450,7670,7070,1280315,9373978435,427800000000,60000000,STK
645,009160,KR7009160003,SIMPAC,KOSPI,,6540,1,40,0.62,6500,6650,6330,174561,1130433660,427526130720,65370968,STK
646,060980,KR7060980000,HL홀딩스,KOSPI,,46975,1,425,0.91,46900,48250,46650,41257,1953015275,426478837825,9078847,STK
647,215600,KR7215600008,신라젠,KOSDAQ,중견기업부,3075,2,-150,-4.65,3225,3265,3075,947703,2967891131,426052209300,138553564,KSQ
648,105630,KR7105630008,한세실업,KOSPI,,10640,1,190,1.82,10550,10880,10390,55595,592047620,425600000000,40000000,STK
649,344820,KR7344820006,KCC글라스,KOSPI,,26500,2,-50,-0.19,26550,27250,26400,28121,753373825,423218568000,15970512,STK
650,376270,KR7376270005,HEM파마,KOSDAQ,기술성장기업부,58800,2,-6000,-9.26,65100,65100,58800,32181,1955067350,422547795600,7186187,KSQ
651,017810,KR7017810003,풀무원,KOSPI,,11080,2,-150,-1.34,11300,11460,11080,55872,627917160,422375605360,38120542,STK
652,105840,KR7105840003,우진,KOSPI,,20900,2,-1950,-8.53,23050,23200,20850,689574,14973929800,422131303000,20197670,STK
653,029460,KR7029460003,케이씨,KOSPI,,38100,2,-2100,-5.22,40100,40600,37750,30693,1191874550,419882383500,11020535,STK
654,452430,KR7452430002,사피엔반도체,KOSDAQ,기술성장기업부,50900,1,2050,4.2,48950,55900,47800,331620,17574770300,418298541400,8218046,KSQ
655,206650,KR7206650004,유바이오로직스,KOSDAQ,우량기업부,11340,2,-510,-4.3,11790,11790,11250,328886,3763486510,416442301380,36723307,KSQ
656,004710,KR7004710000,한솔테크닉스,KOSPI,,13220,2,-900,-6.37,14120,14150,12770,1230469,16283977380,415339574740,31417517,STK
657,170920,KR7170920003,엘티씨,KOSDAQ,벤처기업부,39300,2,-5550,-12.37,48800,50000,39200,390436,17476052025,415170151800,10564126,KSQ
658,004700,KR7004700001,조광피혁,KOSPI,,62300,2,-600,-0.95,62700,63000,61300,1915,119138100,414241297400,6649138,STK
659,025860,KR7025860008,남해화학,KOSPI,,8310,2,-690,-7.67,9010,9030,8300,2034170,17437942745,412831185330,49678843,STK
660,482630,KR7482630001,삼양엔씨켐,KOSDAQ,중견기업부,18830,2,-2020,-9.69,21000,21350,18770,479723,9491871590,412156312400,21888280,KSQ
661,230240,KR7230240004,에치에프알,KOSDAQ,중견기업부,30850,2,-1950,-5.95,33600,33900,30750,288812,9220476850,410582650000,13309000,KSQ
662,085910,KR7085910008,네오티스,KOSDAQ,중견기업부,29200,2,-2800,-8.75,32050,32500,28700,130997,3928876500,406896685600,13934818,KSQ
663,417310,KR7417310000,코람코더원리츠,KOSPI,,10030,2,-80,-0.79,10200,10200,9930,264481,2659689115,405212000000,40400000,STK
664,005610,KR7005610001,삼립,KOSPI,,46950,1,300,0.64,46000,47450,46000,5369,250800150,405131972550,8629009,STK
665,243070,KR7243070000,휴온스,KOSDAQ,우량기업부,33800,2,-1050,-3.01,35200,37600,33700,95943,3423800300,404912677000,11979665,KSQ
666,441270,KR7441270006,파인엠텍,KOSDAQ,벤처기업부,9700,2,-800,-7.62,10570,10660,9690,533360,5330548550,404792756400,41731212,KSQ
667,170900,KR7170900005,동아에스티,KOSPI,,41550,2,-1100,-2.58,42800,42800,41500,12536,525362800,404190879450,9727819,STK
668,098070,KR7098070006,한텍,KOSDAQ,중견기업부,36100,2,-650,-1.77,37150,39050,36050,90167,3393618975,401473190100,11121141,KSQ
669,078020,KR7078020005,LS증권,KOSDAQ,우량기업부,7230,2,-170,-2.3,7700,7990,7220,438744,3358654535,401129003700,55481190,KSQ
670,089590,KR7089590004,제주항공,KOSPI,,4970,2,-140,-2.74,5110,5150,4965,403806,2025944160,400785695450,80640985,STK
671,097520,KR7097520001,엠씨넥스,KOSPI,,22850,2,-950,-3.99,24300,24500,22850,100468,2370460400,397624275000,17401500,STK
672,241770,KR7241770007,메카로,KOSDAQ,우량기업부,38800,2,-1600,-3.96,41000,41000,38750,28339,1132245150,395474432000,10192640,KSQ
673,101730,KR7101730000,위메이드맥스,KOSDAQ,중견기업부,4700,2,-100,-2.08,4860,4860,4690,100336,477381045,393875444200,83803286,KSQ
674,265520,KR7265520007,AP시스템,KOSDAQ,우량기업부,26100,2,-2050,-7.28,27850,28250,26050,138759,3740167100,392826428100,15050821,KSQ
675,160980,KR7160980009,싸이맥스,KOSDAQ,우량기업부,35750,2,-900,-2.46,36650,38700,35500,159992,5932506400,390541687250,10924243,KSQ
676,183190,KR7183190008,아세아시멘트,KOSPI,,10670,2,-260,-2.38,11040,11040,10610,63697,683266945,389523586760,36506428,STK
677,065680,KR7065680001,우주일렉트로,KOSDAQ,우량기업부,42150,2,-2100,-4.75,44550,45300,42150,29033,1266604450,389485852650,9240471,KSQ
678,064820,KR7064820004,케이프,KOSDAQ,우량기업부,12620,2,-580,-4.39,13200,13320,12600,157751,2029404395,389455913300,30860215,KSQ
679,034830,KR7034830000,한국토지신탁,KOSPI,,1541,1,26,1.72,1515,1583,1498,871090,1341926306,389085903430,252489230,STK
680,002810,KR7002810000,삼영무역,KOSPI,,21050,2,-700,-3.22,21600,21750,21000,23021,488008975,388729255400,18466948,STK
681,419530,KR7419530001,SAMG엔터,KOSDAQ,기술성장기업부,38500,2,-1000,-2.53,40300,41800,38150,156522,6330926825,386135249500,10029487,KSQ
682,194370,KR7194370003,제이에스코퍼레이션,KOSPI,,13290,2,-310,-2.28,13790,13980,13250,93151,1268117820,385632713820,29016758,STK
683,078520,KR7078520004,에이블씨엔씨,KOSPI,,14770,2,-1080,-6.81,15610,15800,14690,161206,2466174970,384229157970,26014161,STK
684,003720,KR7003720000,삼영,KOSPI,,11240,2,-1140,-9.21,12410,12460,11100,1442462,16619087730,382160000000,34000000,STK
685,298830,KR7298830001,슈어소프트테크,KOSDAQ,우량기업부,7130,2,-570,-7.4,7750,8010,7100,1196776,8978753080,381159097870,53458499,KSQ
686,086390,KR7086390002,유니테스트,KOSDAQ,중견기업부,17940,2,-3110,-14.77,20650,20700,17930,908527,17575654415,379146220440,21134126,KSQ
687,009290,KR7009290008,광동제약,KOSPI,,7580,2,-260,-3.32,7870,7880,7500,288116,2192636760,377482544640,49799808,STK
688,0001A0,KR70001A0001,덕양에너젠,KOSDAQ,중견기업부,15220,2,-1230,-7.48,16820,17170,15210,364523,5844728180,377321987900,24791195,KSQ
689,036170,KR7036170009,에이치엠넥스,KOSDAQ,중견기업부,6140,2,-940,-13.28,7000,7000,6100,2199876,14273116050,376784943640,61365626,KSQ
690,084010,KR7084010008,대한제강,KOSPI,,10950,2,-350,-3.1,11230,11390,10850,56718,627523270,376368976200,34371596,STK
691,355150,KR7355150004,코스텍시스,KOSDAQ,벤처기업부,48150,2,-7350,-13.24,54200,58500,46700,294179,15094151800,375442402500,7797350,KSQ
692,092870,KR7092870005,엑시콘,KOSDAQ,우량기업부,28550,2,-3850,-11.88,32600,33350,28450,403418,12246011925,372600254350,13050797,KSQ
693,179900,KR7179900006,유티아이,KOSDAQ,투자주의환기종목(소속부없음),18780,2,-970,-4.91,20150,20200,18380,156066,2993243145,371663937360,19790412,KSQ
694,220100,KR7220100002,퓨쳐켐,KOSDAQ,기술성장기업부,16530,2,-1210,-6.82,17850,17890,16530,91157,1556258945,370725252600,22427420,KSQ
695,003800,KR7003800000,에이스침대,KOSDAQ,우량기업부,33400,2,-250,-0.74,33400,33950,32800,7167,238816900,370406000000,11090000,KSQ
696,475400,KR7475400008,씨메스로보틱스,KOSDAQ,기술성장기업부,31400,2,-450,-1.41,32800,34200,31350,184939,6123439300,369140346800,11756062,KSQ
697,001390,KR7001390004,KG케미칼,KOSPI,,5490,2,-70,-1.26,5600,5770,5390,422458,2342259775,369109334700,67233030,STK
698,036890,KR7036890002,진성티이씨,KOSDAQ,우량기업부,16750,2,-440,-2.56,17970,18350,16750,207049,3603448195,369046435250,22032623,KSQ
699,092220,KR7092220003,KEC,KOSPI,,1838,0,0,0.0,0,0,0,0,0,369002653158,200763141,STK
700,180400,KR7180400004,DXVX,KOSDAQ,관리종목(소속부없음),3740,2,-115,-2.98,3825,4030,3710,109033,415878971,368126075680,98429432,KSQ
701,011760,KR7011760006,현대코퍼레이션,KOSPI,,27800,2,-650,-2.28,28500,28600,27650,60032,1688891800,367765254800,13228966,STK
702,094360,KR7094360005,칩스앤미디어,KOSDAQ,벤처기업부,17210,2,-1200,-6.52,18500,18640,17210,140582,2526198100,367161134540,21334174,KSQ
703,494120,KR7494120009,큐리오시스,KOSDAQ,기술성장기업부,48200,2,-2400,-4.74,50300,54400,47950,101741,5172745125,367114432400,7616482,KSQ
704,025770,KR7025770009,한국정보통신,KOSDAQ,우량기업부,9800,2,-450,-4.39,10490,10500,9800,170210,1715968550,366953855800,37444271,KSQ
705,200880,KR7200880003,서연이화,KOSPI,,13520,2,-380,-2.73,14220,14380,13460,120529,1686248530,365424468240,27028437,STK
706,378340,KR7378340004,필에너지,KOSDAQ,중견기업부,16890,2,-1970,-10.45,18570,18730,16860,157346,2783882960,365252701980,21625382,KSQ
707,0082N0,KR70082N0008,카나프테라퓨틱스,KOSDAQ,기술성장기업부,27600,2,-2550,-8.46,30150,30300,27500,104481,3012340950,364783128000,13216780,KSQ
708,042370,KR7042370007,비츠로테크,KOSDAQ,우량기업부,13920,2,-1390,-9.08,15300,15300,13910,802778,11596972790,364704348000,26200025,KSQ
709,005720,KR7005720008,넥센,KOSPI,,6910,2,-220,-3.09,7160,7230,6850,78443,545411560,363078881070,52543977,STK
710,0008Z0,KR70008Z0005,에스엔시스,KOSDAQ,벤처기업부,38450,2,-5000,-11.51,44550,44550,38400,212718,8532710200,362835885800,9436564,KSQ
711,001230,KR7001230002,동국홀딩스,KOSPI,,11400,0,0,0.0,0,0,0,0,0,362525506200,31800483,STK
712,089980,KR7089980007,상아프론테크,KOSDAQ,우량기업부,22600,2,-1400,-5.83,25500,25500,22600,106673,2541761625,361352236200,15989037,KSQ
713,091810,KR7091810002,트리니티항공,KOSPI,,875,2,-31,-3.42,905,905,874,1319529,1167934375,361348299375,412969485,STK
714,450950,KR7450950001,아스테라시스,KOSDAQ,벤처기업부,9600,2,-400,-4.0,10050,10050,9560,80345,782046705,361224883200,37627592,KSQ
715,417840,KR7417840006,저스템,KOSDAQ,벤처기업부,15920,2,-1330,-7.71,17940,18790,15740,1819089,31591100495,360809781520,22663931,KSQ
716,219130,KR7219130002,타이거일렉,KOSDAQ,벤처기업부,57100,2,-2200,-3.71,59700,66000,57000,63020,3862607200,360545959000,6314290,KSQ
717,241520,KR7241520006,DSC인베스트먼트,KOSDAQ,중견기업부,13550,2,-1140,-7.76,14730,15200,13540,791644,11239521645,360430000000,26600000,KSQ
718,091700,KR7091700005,파트론,KOSDAQ GLOBAL,우량기업부,7180,2,-150,-2.05,7330,7460,7170,266092,1941228240,359000000000,50000000,KSQ
719,092230,KR7092230002,KPX홀딩스,KOSPI,,84900,1,300,0.35,84500,85000,82600,2696,225309700,358672445400,4224646,STK
720,459510,KR7459510004,나우로보틱스,KOSDAQ,기술성장기업부,27600,2,-300,-1.08,29050,30650,27600,534979,15726758625,358203343200,12978382,KSQ
721,389260,KR7389260001,대명에너지,KOSDAQ,우량기업부,19960,2,-840,-4.04,22150,22150,19950,161432,3392658805,357609847000,17916325,KSQ
722,018250,KR7018250001,애경산업,KOSPI,,13490,2,-90,-0.66,13700,13750,13400,29630,400403925,356270023150,26409935,STK
723,078150,KR7078150000,HB테크놀러지,KOSDAQ,우량기업부,3840,2,-200,-4.95,4100,4175,3730,4456400,17463501545,356029117440,92715916,KSQ
724,007690,KR7007690001,국도화학,KOSPI,,38350,2,-1350,-3.4,39800,39950,38050,20857,811646550,355152907200,9260832,STK
725,487580,KR7487580003,폴레드,KOSDAQ,벤처기업부,14000,5,-6000,-30.0,24750,26000,14000,36439200,683016776335,352560054000,25182861,KSQ
726,200670,KR7200670008,휴메딕스,KOSDAQ,우량기업부,31350,2,-2400,-7.11,34300,34350,31300,69787,2274785375,352058305500,11229930,KSQ
727,304360,KR7304360001,에스바이오메딕스,KOSDAQ,벤처기업부,28400,2,-2850,-9.12,31250,31300,28300,102625,3055514475,351737635200,12385128,KSQ
728,084990,KR7084990001,헬릭스미스,KOSDAQ,기술성장기업부,7620,2,-360,-4.51,7970,8020,7530,311450,2429527305,351227113140,46092797,KSQ
729,042520,KR7042520007,한스바이오메드,KOSDAQ,벤처기업부,24450,2,-3450,-12.37,28800,28800,24300,471325,11988666250,348690423150,14261367,KSQ
730,228760,KR7228760005,지노믹트리,KOSDAQ,기술성장기업부,14020,2,-540,-3.71,14580,14740,14020,120100,1721551920,348526012040,24859202,KSQ
731,001940,KR7001940006,KISCO홀딩스,KOSPI,,24550,1,100,0.41,24550,25750,24200,10458,256084775,348030129000,14176380,STK
732,104700,KR7104700000,한국철강,KOSPI,,9540,2,-60,-0.63,9600,9750,9470,57773,553653205,347733000000,36450000,STK
733,002900,KR7002900009,TYM,KOSPI,,8390,2,-220,-2.56,8610,8840,8250,270416,2288474440,347346000000,41400000,STK
734,092460,KR7092460005,한라IMS,KOSDAQ,우량기업부,20250,2,-450,-2.17,21100,21100,19800,218497,4457315230,346471020000,17109680,KSQ
735,026890,KR7026890004,스틱인베스트먼트,KOSPI,,8930,2,-180,-1.98,9200,9370,8920,91675,840845605,346223574410,38770837,STK
736,016800,KR7016800005,퍼시스,KOSPI,,30050,2,-650,-2.12,31200,31200,30000,1352,40979400,345575000000,11500000,STK
737,078340,KR7078340007,컴투스,KOSDAQ GLOBAL,중견기업부,28550,2,-900,-3.06,29850,29850,28450,61069,1769164825,345206986150,12091313,KSQ
738,126560,KR7126560002,현대퓨처넷,KOSPI,,3130,2,-30,-0.95,3160,3180,3095,97829,306224712,344935217850,110202945,STK
739,073490,KR7073490005,LIG아큐버,KOSDAQ,우량기업부,45300,2,-2550,-5.33,47850,48850,45200,218451,10280182100,344454223800,7603846,KSQ
740,108670,KR7108670001,LX하우시스,KOSPI,,38350,2,-450,-1.16,39700,39800,37700,63934,2468160850,343910144500,8967670,STK
741,144510,KR7144510005,지씨셀,KOSDAQ,중견기업부,21750,2,-1250,-5.43,22850,23300,21700,60286,1348693075,343657482000,15800344,KSQ
742,200470,KR7200470003,에이팩트,KOSDAQ,중견기업부,8100,2,-710,-8.06,9080,9120,8080,626735,5397596460,343132953300,42362093,KSQ
743,005010,KR7005010004,휴스틸,KOSPI,,6090,1,50,0.83,6030,6410,5830,2749551,16796197655,342185376750,56188075,STK
744,064290,KR7064290000,인텍플러스,KOSDAQ,중견기업부,26600,2,-2600,-8.9,29200,29400,26400,457109,12553761100,342181389200,12863962,KSQ
745,069080,KR7069080000,웹젠,KOSDAQ GLOBAL,우량기업부,11040,2,-220,-1.95,11380,11400,11000,91864,1025769275,341870988000,30966575,KSQ
746,046970,KR7046970000,우리로,KOSDAQ,벤처기업부,7780,2,-1030,-11.69,8820,8850,7760,1877246,15336141610,340958492220,43824999,KSQ
747,099430,KR7099430001,바이오플러스,KOSDAQ,우량기업부,5520,2,-240,-4.17,5760,5860,5520,484402,2782981520,340256785440,61640722,KSQ
748,200130,KR7200130003,콜마비앤에이치,KOSDAQ GLOBAL,우량기업부,11480,2,-300,-2.55,11870,12080,11480,122183,1439388215,337690605840,29415558,KSQ
749,012860,KR7012860003,모베이스전자,KOSDAQ,우량기업부,4610,2,-590,-11.35,5150,5350,4610,7393419,36590726219,337606236770,73233457,KSQ
750,084690,KR7084690007,대상홀딩스,KOSPI,,9310,2,-270,-2.82,9670,9670,9220,61437,572109445,337138728780,36212538,STK
751,418420,KR7418420006,라온텍,KOSDAQ,기술성장기업부,10970,2,-440,-3.86,11650,12500,10860,4973898,58452940840,336789235010,30700933,KSQ
752,017860,KR7017860008,DS단석,KOSPI,,18960,2,-870,-4.39,20200,20500,18960,188061,3682990930,336713275440,17759139,STK
753,001750,KR7001750009,한양증권,KOSPI,,26400,2,-1000,-3.65,27950,28250,25200,28316,759870200,336033297600,12728534,STK
754,128820,KR7128820008,대성산업,KOSPI,,7420,2,-670,-8.28,8000,8140,7220,3350019,25481073000,335647246760,45235478,STK
755,286940,KR7286940002,롯데이노베이트,KOSPI,,22150,1,200,0.91,22350,23450,22000,109454,2495934225,335115479050,15129367,STK
756,036200,KR7036200004,유니셈,KOSDAQ,우량기업부,10920,2,-1070,-8.92,11950,12200,10920,531519,6136464325,334853315160,30664223,KSQ
757,308430,KR7308430008,셀비온,KOSDAQ,기술성장기업부,26050,2,-1600,-5.79,27900,27900,26000,140474,3763302075,334260835500,12831510,KSQ
758,024720,KR7024720005,콜마홀딩스,KOSPI,,9730,2,-400,-3.95,10150,10230,9690,109082,1073641920,333702600070,34296259,STK
759,114190,KR7114190002,강원에너지,KOSDAQ,중견기업부,12690,2,-1420,-10.06,13920,13920,12690,169751,2247431130,331501352220,26123038,KSQ
760,02826K,KR702826K016,삼성물산우B,KOSPI,,225500,2,-23000,-9.26,247000,250000,225000,10235,2425613000,330941545000,1467590,STK
761,035810,KR7035810001,이지홀딩스,KOSDAQ,우량기업부,5120,2,-100,-1.92,5230,5280,5110,251105,1300155555,330322867200,64516185,KSQ
762,448280,KR7448280008,에코아이,KOSDAQ,중견기업부,11100,2,-240,-2.12,11310,11710,11090,49272,559358735,328905531900,29631129,KSQ
763,002310,KR7002310001,아세아제지,KOSPI,,8330,2,-150,-1.77,8480,8510,8120,159942,1335583980,328614418300,39449510,STK
764,053030,KR7053030003,바이넥스,KOSDAQ,중견기업부,10040,2,-140,-1.38,10280,10480,9910,291227,2976881725,328149247520,32684188,KSQ
765,065660,KR7065660003,안트로젠,KOSDAQ,기술성장기업부,32750,1,300,0.92,33800,35700,31050,58690,1976538550,327699775000,10006100,KSQ
766,136480,KR7136480001,하림,KOSDAQ,우량기업부,3075,2,-85,-2.69,3160,3170,3070,711278,2212029361,326594833650,106209702,KSQ
767,046120,KR7046120002,오르비텍,KOSDAQ,중견기업부,9570,2,-1000,-9.46,10580,10630,9560,463049,4628209030,323996493810,33855433,KSQ
768,478340,KR7478340003,나라스페이스테크놀로지,KOSDAQ,기술성장기업부,27900,2,-1100,-3.79,29000,30550,27850,222869,6552762300,321787188900,11533591,KSQ
769,418550,KR7418550000,제이오,KOSDAQ,기술성장기업부,10050,2,-540,-5.1,10500,10800,9995,222252,2315554435,321777613650,32017673,KSQ
770,394800,KR7394800007,쓰리빌리언,KOSDAQ,기술성장기업부,10130,2,-530,-4.97,11010,11010,10000,178478,1871584375,321743751880,31761476,KSQ
771,041920,KR7041920000,메디아나,KOSDAQ,우량기업부,17260,2,-1040,-5.68,18150,18490,17260,110420,1944587840,321005328980,18598223,KSQ
772,084850,KR7084850007,아이티엠반도체,KOSDAQ GLOBAL,중견기업부,14110,2,-2210,-13.54,15930,16030,14010,145520,2145854555,320056198740,22682934,KSQ
773,272450,KR7272450008,진에어,KOSPI,,6120,2,-240,-3.77,6360,6400,6110,216312,1348434600,319464000000,52200000,STK
774,049070,KR7049070006,인탑스,KOSDAQ,우량기업부,18560,2,-750,-3.88,19540,20350,18560,251927,4911367700,319232000000,17200000,KSQ
775,900140,KYG5307W1015,엘브이엠씨홀딩스,KOSPI,,1647,2,-35,-2.08,1682,1739,1640,954098,1595483265,318266991504,193240432,STK
776,001250,KR7001250000,GS글로벌,KOSPI,,3835,2,-170,-4.24,4005,4040,3805,2248829,8710590464,316516984940,82533764,STK
777,243840,KR7243840006,신흥에스이씨,KOSDAQ,우량기업부,8200,2,-730,-8.17,8920,9050,8170,636908,5400731570,316177527000,38558235,KSQ
778,043150,KR7043150002,바텍,KOSDAQ,우량기업부,21250,2,-1100,-4.92,22550,22550,21200,68412,1477749125,315652940000,14854256,KSQ
779,199820,KR7199820002,제일일렉트릭,KOSDAQ,우량기업부,14160,2,-1700,-10.72,15630,15810,14150,944469,14040148290,314635200000,22220000,KSQ
780,352480,KR7352480008,씨앤씨인터내셔널,KOSDAQ,우량기업부,23000,2,-800,-3.36,23800,24100,22900,27606,647243000,313487723000,13629901,KSQ
781,064850,KR7064850001,에프앤가이드,KOSDAQ,벤처기업부,27400,2,-1200,-4.2,28600,29350,27400,116539,3315039675,312643096800,11410332,KSQ
782,232530,KR7232530006,이엠티,KONEX,일반기업부,12160,1,260,2.18,11000,12700,11000,18456,217642150,311469936640,25614304,KNX
783,033270,KR7033270000,유나이티드제약,KOSPI,,19550,2,-300,-1.51,19880,19920,19510,37471,734569710,311055651250,15910775,STK
784,194700,KR7194700001,노바렉스,KOSDAQ,우량기업부,17020,1,1910,12.64,15640,18450,15590,1051167,18421997480,310697512960,18254848,KSQ
785,151860,KR7151860004,KG에코솔루션,KOSDAQ,우량기업부,6510,1,70,1.09,6450,6750,6400,229697,1507178005,309895543020,47603002,KSQ
786,236200,KR7236200002,슈프리마,KOSDAQ,우량기업부,44400,2,-3400,-7.11,47300,47700,44400,52100,2374822675,309659408400,6974311,KSQ
787,011500,KR7011500006,한농화성,KOSPI,,19800,2,-1550,-7.26,21650,21950,19710,196242,4040120070,309613431600,15637042,STK
788,365270,KR7365270008,큐라클,KOSDAQ,기술성장기업부,14100,2,-1050,-6.93,15240,15240,14100,327663,4786068030,309136380600,21924566,KSQ
789,051500,KR7051500007,CJ프레시웨이,KOSDAQ,우량기업부,26000,2,-850,-3.17,26900,26900,25500,41443,1080136175,308661236000,11871586,KSQ
790,061970,KR7061970000,LB세미콘,KOSDAQ,중견기업부,5270,2,-450,-7.87,5710,5890,5260,1135570,6392113905,306097441620,58083006,KSQ
791,203650,KR7203650007,드림시큐리티,KOSDAQ,중견기업부,3025,2,-240,-7.35,3265,3385,3000,4509355,14147803618,305819393000,101097320,KSQ
792,014940,KR7014940001,오리엔탈정공,KOSDAQ,우량기업부,6710,2,-400,-5.63,7140,7200,6700,238568,1651326995,305799265310,45573661,KSQ
793,091580,KR7091580001,상신이디피,KOSDAQ,우량기업부,22900,2,-1700,-6.91,25000,25325,22900,258588,6066663525,305216215100,13328219,KSQ
794,017390,KR7017390006,서울가스,KOSPI,,61600,3,0,0.0,61900,62800,60900,7562,468000300,304920000000,4950000,STK
795,138360,KR7138360003,앤로보틱스,KOSDAQ,벤처기업부,3950,1,35,0.89,4060,4980,3770,16762505,74142889794,304117301900,76991722,KSQ
796,217730,KR7217730001,강스템바이오텍,KOSDAQ,기술성장기업부,3230,2,-205,-5.97,3390,3390,3200,894779,2969794829,303794901270,94054149,KSQ
797,003920,KR7003920006,남양유업,KOSPI,,50400,2,-900,-1.75,52100,52100,50000,7056,356376900,302400000000,6000000,STK
798,389020,KR7389020009,자람테크놀로지,KOSDAQ,기술성장기업부,43750,2,-6100,-12.24,49950,50700,43700,158759,7313526100,302097337500,6905082,KSQ
799,088800,KR7088800008,에이스테크,KOSDAQ,중견기업부,3985,2,-160,-3.86,4170,4270,3985,531572,2166364825,300893139490,75506434,KSQ
800,318060,KR7318060001,그래피,KOSDAQ,기술성장기업부,26900,2,-2100,-7.24,29000,29600,26900,181056,5094476825,300558461300,11173177,KSQ
801,0015G0,KR70015G0009,그린광학,KOSDAQ,기술성장기업부,25650,2,-2550,-9.04,28200,28400,25600,199449,5368840825,300170176650,11702541,KSQ
802,474650,KR7474650009,링크솔루션,KOSDAQ,기술성장기업부,52200,2,-4000,-7.12,56200,60800,52100,148232,8443771000,299998985400,5747107,KSQ
803,338840,KR7338840002,와이바이오로직스,KOSDAQ,기술성장기업부,19520,2,-1180,-5.7,20700,20800,19500,67754,1356427470,299957613120,15366681,KSQ
804,462350,KR7462350000,이노스페이스,KOSDAQ,기술성장기업부,14370,2,-670,-4.45,15040,15650,14370,297892,4442390145,299882672940,20868662,KSQ
805,314930,KR7314930009,바이오다인,KOSDAQ,기술성장기업부,10070,2,-680,-6.33,10750,10800,10050,102667,1056767300,299724517210,29764103,KSQ
806,123890,KR7123890006,한국자산신탁,KOSPI,,2445,1,40,1.66,2405,2480,2390,309455,752659928,299204249070,122373926,STK
807,058970,KR7058970005,엠로,KOSDAQ,기술성장기업부,24200,2,-1600,-6.2,26250,27000,24200,102969,2665357100,299179614800,12362794,KSQ
808,092730,KR7092730001,네오팜,KOSDAQ,우량기업부,18640,2,-790,-4.07,19210,19380,18640,45432,858052805,298761714960,16027989,KSQ
809,108860,KR7108860008,셀바스AI,KOSDAQ,벤처기업부,11060,2,-710,-6.03,11850,11940,11040,263695,3022747180,297677577400,26914790,KSQ
810,215000,KR7215000001,골프존,KOSDAQ GLOBAL,우량기업부,47400,2,-850,-1.76,48450,48700,47050,39713,1892614525,297454671000,6275415,KSQ
811,096760,KR7096760004,JW홀딩스,KOSPI,,3995,2,-10,-0.25,3995,4100,3945,169176,677618106,295330143290,73924942,STK
812,037710,KR7037710001,광주신세계,KOSPI,,38600,1,200,0.52,38650,39400,38000,13141,504677650,294408839200,7627172,STK
813,394420,KR7394420004,리센스메디컬,KOSDAQ,기술성장기업부,26900,2,-1250,-4.44,26800,29800,24700,669780,18331830300,294149832200,10934938,KSQ
814,037270,KR7037270006,YG PLUS,KOSPI,,4620,2,-15,-0.32,4635,4745,4540,398017,1846288543,294123568200,63663110,STK
815,004430,KR7004430005,송원산업,KOSPI,,12250,2,-110,-0.89,12400,12800,12190,422940,5289760025,294000000000,24000000,STK
816,445090,KR7445090004,에이직랜드,KOSDAQ,벤처기업부,26900,2,-2900,-9.73,29950,30450,26900,100164,2845081700,293900200200,10925658,KSQ
817,060720,KR7060720000,KH바텍,KOSDAQ,중견기업부,12410,2,-930,-6.97,13260,13490,12400,352417,4546200140,293837055220,23677442,KSQ
818,321550,KR7321550006,티움바이오,KOSDAQ,기술성장기업부,9700,2,-290,-2.9,10130,10130,9610,315871,3097780090,291373207500,30038475,KSQ
819,000430,KR7000430009,대원강업,KOSPI,,4680,1,430,10.12,4365,4935,4365,2427327,11420627530,290160000000,62000000,STK
820,451760,KR7451760003,컨텍,KOSDAQ,기술성장기업부,18140,2,-870,-4.58,19050,19820,18100,388689,7362399130,290091324560,15991804,KSQ
821,382800,KR7382800001,지앤비에스 에코,KOSDAQ,우량기업부,9110,1,240,2.71,8810,10150,8630,3301057,31327420870,289980783510,31831041,KSQ
822,000490,KR7000490003,대동,KOSPI,,10050,2,-480,-4.56,10530,10820,10050,690540,7234376435,289709993250,28826865,STK
823,036800,KR7036800001,나이스정보통신,KOSDAQ,우량기업부,28900,1,450,1.58,29850,30400,28900,72007,2123514525,289000000000,10000000,KSQ
824,416180,KR7416180008,신성에스티,KOSDAQ,벤처기업부,31900,2,-1850,-5.48,33900,34350,31900,48031,1577684750,288368918200,9039778,KSQ
825,054950,KR7054950001,제이브이엠,KOSDAQ,우량기업부,23800,2,-750,-3.05,24600,24600,23750,24696,594939875,287739429600,12089892,KSQ
826,093520,KR7093520005,매커스,KOSDAQ,우량기업부,24150,2,-1750,-6.76,26100,26200,24050,46312,1154573750,287429363550,11901837,KSQ
827,006805,KR7006801005,미래에셋증권우,KOSPI,,20400,2,-950,-4.45,21800,22350,20150,191678,4030255825,287145300000,14075750,STK
828,472850,KR7472850007,폰드그룹,KOSDAQ,중견기업부,4980,2,-120,-2.35,5190,5190,4975,39619,199204235,286706826960,57571652,KSQ
829,035600,KR7035600006,KG이니시스,KOSDAQ,우량기업부,10400,2,-240,-2.26,10780,10880,10370,89170,939048770,286566113600,27554434,KSQ
830,002320,KR7002320000,한진,KOSPI,,18410,2,-40,-0.22,18530,18660,18120,45355,832387895,285697720560,15518616,STK
831,003520,KR7003520004,영진약품,KOSPI,,1562,1,11,0.71,1551,1585,1520,400490,618731555,285678445822,182892731,STK
832,190510,KR7190510008,나무가,KOSDAQ,우량기업부,20200,2,-2100,-9.42,22900,22900,20150,515004,10941349800,284523403400,14085317,KSQ
833,100120,KR7100120005,뷰웍스,KOSDAQ,우량기업부,31700,2,-1250,-3.79,33300,34350,31350,130701,4272637525,284393728700,8971411,KSQ
834,054210,KR7054210000,이랜텍,KOSDAQ,우량기업부,11230,2,-220,-1.92,11490,12270,11230,564851,6623945765,284020288300,25291210,KSQ
835,475560,KR7475560009,더본코리아,KOSPI,,19120,2,-120,-0.62,19280,19490,19100,17452,336371455,283510786400,14827970,STK
836,049630,KR7049630007,재영솔루텍,KOSDAQ,우량기업부,12120,2,-650,-5.09,12790,13300,12100,488581,6221808100,283359685440,23379512,KSQ
837,112290,KR7112290002,와이씨켐,KOSDAQ,기술성장기업부,13970,2,-840,-5.67,14800,16270,13770,1852888,28025914160,282488627300,20221090,KSQ
838,023410,KR7023410004,유진기업,KOSDAQ,중견기업부,3650,2,-125,-3.31,3775,3805,3650,162616,603148515,282184649950,77310863,KSQ
839,095500,KR7095500005,미래나노텍,KOSDAQ,우량기업부,9090,2,-670,-6.86,9750,9860,8950,156633,1482698650,281880890910,31009999,KSQ
840,334890,KR7334890001,이지스밸류플러스리츠,KOSPI,,4050,1,5,0.12,4105,4155,4020,159037,648042044,281267166150,69448683,STK
841,052710,KR7052710001,아모텍,KOSDAQ,중견기업부,19170,2,-1530,-7.39,20850,21250,19000,366797,7371096575,280171639530,14615109,KSQ
842,051370,KR7051370005,인터플렉스,KOSDAQ,우량기업부,11990,2,-1000,-7.7,12990,13380,11980,265806,3336795290,279696389280,23327472,KSQ
843,023760,KR7023760002,한국캐피탈,KOSDAQ,우량기업부,886,2,-45,-4.83,935,936,866,713718,644625382,279630084336,315609576,KSQ
844,000680,KR7000680009,LS네트웍스,KOSPI,,3545,2,-295,-7.68,3895,3980,3510,526239,1935409179,279356691720,78803016,STK
845,004360,KR7004360004,세방,KOSPI,,14570,2,-240,-1.62,14810,15030,14560,113671,1674062630,278514335710,19115603,STK
846,067390,KR7067390005,아스트,KOSDAQ,중견기업부,680,2,-18,-2.58,719,719,670,2768154,1914746698,278227153720,409157579,KSQ
847,092200,KR7092200005,디아이씨,KOSPI,,7150,2,-760,-9.61,7910,8380,7150,1561591,12011437175,278053268350,38888569,STK
848,094480,KR7094480001,갤럭시아머니트리,KOSDAQ,우량기업부,7080,2,-410,-5.47,7720,7780,7050,516457,3774699390,277747253040,39229838,KSQ
849,035510,KR7035510007,신세계 I&C,KOSPI,,19860,1,260,1.33,19960,21600,19770,771381,16087893270,277660674000,13980900,STK
850,003960,KR7003960002,사조대림,KOSPI,,30200,2,-450,-1.47,30450,30800,29950,4653,140890100,276766903400,9164467,STK
851,051360,KR7051360006,토비스,KOSDAQ,우량기업부,18550,1,20,0.11,18600,19050,18000,67293,1241937715,276725987650,14917843,KSQ
852,001460,KR7001460005,BYC,KOSPI,,44300,2,-2450,-5.24,46750,46750,44200,6984,320140750,276704445000,6246150,STK
853,088260,KR7088260005,이리츠코크렙,KOSPI,,4355,2,-45,-1.02,4410,4480,4305,142934,621447645,275852624450,63341590,STK
854,034120,KR7034120006,SBS,KOSPI,,14860,2,-150,-1.0,15000,15040,14860,48779,729058165,275671396680,18551238,STK
855,136490,KR7136490000,선진,KOSPI,,11580,2,-20,-0.17,11910,12180,11260,379018,4434981920,275367814320,23779604,STK
856,000050,KR7000050005,경방,KOSPI,,10030,1,310,3.19,9800,10450,9520,207394,2084808815,274975158100,27415270,STK
857,290690,KR7290690007,소룩스,KOSDAQ,중견기업부,5570,4,1280,29.84,5570,5570,5030,10411904,57245061640,274808449080,49337244,KSQ
858,019010,KR7019010008,베뉴지,KOSDAQ,중견기업부,5690,2,-280,-4.69,5950,6100,5630,185802,1093827950,274258000000,48200000,KSQ
859,272110,KR7272110008,케이엔제이,KOSDAQ,우량기업부,34100,2,-3700,-9.79,38100,38100,34000,165632,5939567575,273665969500,8025395,KSQ
860,294570,KR7294570007,쿠콘,KOSDAQ,우량기업부,27050,2,-650,-2.35,31150,31150,27050,143040,4163710825,272981350600,10091732,KSQ
861,134380,KR7134380005,미원화학,KOSPI,,12410,2,-40,-0.32,12450,12450,12390,2931,36356810,272929158800,21992680,STK
862,005680,KR7005680004,삼영전자,KOSPI,,13620,2,-480,-3.4,14440,14440,13300,82531,1141291240,272400000000,20000000,STK
863,003120,KR7003120003,일성아이에스,KOSPI,,20450,2,-200,-0.97,21450,21450,20350,3386,69696200,271985000000,13300000,STK
864,101360,KR7101360006,에코앤드림,KOSDAQ,벤처기업부,15280,2,-1290,-7.79,16500,16980,15260,122994,1960261100,271771821920,17786114,KSQ
865,017890,KR7017890005,한국알콜,KOSDAQ,우량기업부,12770,2,-170,-1.31,13060,13200,12730,109857,1424244205,271662671620,21273506,KSQ
866,432720,KR7432720001,퀄리타스반도체,KOSDAQ,기술성장기업부,19140,2,-2210,-10.35,21600,21650,19100,869140,17524115825,271550128080,14187572,KSQ
867,0088M0,KR70088M0003,메쥬,KOSDAQ,기술성장기업부,27450,2,-2300,-7.73,29950,30300,27350,182654,5194566375,271254037500,9881750,KSQ
868,012210,KR7012210001,삼미금속,KOSDAQ,중견기업부,12220,2,-1060,-7.98,13290,13360,12010,182510,2278638840,271186386640,22192012,KSQ
869,043370,KR7043370006,피에이치에이,KOSDAQ,우량기업부,12900,2,-460,-3.44,13500,13620,12900,78617,1038293320,270900000000,21000000,KSQ
870,357550,KR7357550003,석경에이티,KOSDAQ,기술성장기업부,49650,2,-3850,-7.2,53600,53600,49650,14649,747909500,270840750000,5455000,KSQ
871,900290,HK0000307485,GRT,KOSDAQ,외국기업(소속부없음),3300,2,-85,-2.51,3405,3410,3230,363962,1198679426,269940000000,81800000,KSQ
872,003200,KR7003200003,일신방직,KOSPI,,11730,2,-520,-4.24,12250,12330,11730,34184,409949970,269320800000,22960000,STK
873,115450,KR7115450009,HLB테라퓨틱스,KOSDAQ,중견기업부,3040,2,-145,-4.55,3185,3260,3040,474919,1470505596,269283531360,88580109,KSQ
874,274090,KR7274090000,켄코아에어로스페이스,KOSDAQ,기술성장기업부,19600,2,-1400,-6.67,21600,22050,19600,368868,7703862770,269099728800,13729578,KSQ
875,402490,KR7402490007,그린리소스,KOSDAQ,기술성장기업부,16120,2,-2030,-11.18,18150,18230,16100,719674,12233121420,269092191680,16693064,KSQ
876,226320,KR7226320000,잇츠한불,KOSPI,,12270,1,30,0.25,12500,12710,12030,96727,1200758825,269072695050,21929315,STK
877,307180,KR7307180000,아이엘,KOSDAQ,벤처기업부,7750,2,-160,-2.02,8000,8510,7710,1226678,9880523205,269029415750,34713473,KSQ
878,309710,KR7309710002,아이티켐,KOSDAQ,관리종목(소속부없음),21000,0,0,0.0,0,0,0,0,0,268443021000,12783001,KSQ
879,267980,KR7267980001,매일유업,KOSDAQ,우량기업부,35000,2,-500,-1.41,35550,35800,34750,8323,292678400,268227330000,7663638,KSQ
880,488280,KR7488280009,에스투더블유,KOSDAQ,기술성장기업부,24800,2,-4350,-14.92,28300,28350,24750,348100,9221075800,267926452800,10803486,KSQ
881,251370,KR7251370003,와이엠티,KOSDAQ,벤처기업부,14650,2,-1160,-7.34,15790,15810,14610,288657,4388107790,267880480050,18285357,KSQ
882,241590,KR7241590009,화승엔터프라이즈,KOSPI,,4420,1,30,0.68,4390,4600,4330,136403,605860907,267804599920,60589276,STK
883,003070,KR7003070000,코오롱글로벌,KOSPI,,10510,2,-480,-4.37,10750,10990,10380,71588,758779100,267205809090,25423959,STK
884,001340,KR7001340009,PKC,KOSPI,,5940,2,-270,-4.35,6210,6220,5940,389956,2339984445,266815337580,44918407,STK
885,004380,KR7004380002,삼익THK,KOSPI,,12870,1,20,0.16,12990,14280,12610,932941,12662603775,266409000000,20700000,STK
886,067080,KR7067080002,대화제약,KOSDAQ,중견기업부,14310,2,-1650,-10.34,15550,15550,14260,201336,2998415315,266404261500,18616650,KSQ
887,382900,KR7382900009,범한퓨얼셀,KOSDAQ,벤처기업부,30350,2,-1250,-3.96,32300,33350,30300,98598,3141441350,265896350000,8761000,KSQ
888,182400,KR7182400002,엔케이젠바이오텍코리아,KOSDAQ,관리종목(소속부없음),3670,0,0,0.0,0,0,0,0,0,265496721770,72342431,KSQ
889,0007C0,KR70007C0003,아크릴,KOSDAQ,기술성장기업부,33000,2,-1750,-5.04,36550,38750,32950,521641,19008355850,265000692000,8030324,KSQ
890,000320,KR7000320002,노루홀딩스,KOSPI,,19910,2,-490,-2.4,20600,21300,19900,22352,453591515,264626816410,13291151,STK
891,001130,KR7001130004,대한제분,KOSPI,,156500,0,0,0.0,0,0,0,0,0,264485000000,1690000,STK
892,439090,KR7439090002,마녀공장,KOSDAQ,우량기업부,16080,2,-1500,-8.53,17500,17500,16050,272152,4538828365,263603620800,16393260,KSQ
893,484810,KR7484810007,티엑스알로보틱스,KOSDAQ,벤처기업부,17000,2,-490,-2.8,17520,18450,17000,188894,3383048585,262665555000,15450915,KSQ
894,000540,KR7000540005,흥국화재,KOSPI,,4075,2,-105,-2.51,4180,4325,4045,87480,362585480,261788778375,64242645,STK
895,044450,KR7044450005,KSS해운,KOSPI,,11330,2,-190,-1.65,11350,11800,10920,214177,2465224480,261563020400,23085880,STK
896,005500,KR7005500004,삼진제약,KOSPI,,19630,2,-3620,-15.57,23750,23800,19520,1330803,27561745095,261471600000,13320000,STK
897,456010,KR7456010008,아이씨티케이,KOSDAQ,기술성장기업부,18800,2,-1550,-7.62,20400,21550,18750,607465,12136703360,261354855200,13901854,KSQ
898,005950,KR7005950001,이수화학,KOSPI,,9910,2,-350,-3.41,10270,11990,9700,4982915,54606040895,260575214790,26294169,STK
899,464080,KR7464080001,에스오에스랩,KOSDAQ,기술성장기업부,14500,2,-1420,-8.92,15990,16315,14500,511405,7881316890,260232152500,17947045,KSQ
900,001780,KR7001780006,알루코,KOSPI,,2675,2,-225,-7.76,2905,2905,2655,3180635,8757358671,259020603100,96830132,STK
901,099440,KR7099440000,스맥,KOSDAQ,중견기업부,3785,2,-175,-4.42,3965,4140,3775,1182820,4716944113,258301246290,68243394,KSQ
902,092070,KR7092070002,디엔에프,KOSDAQ,중견기업부,22250,2,-2300,-9.37,24650,25100,22200,148973,3437891575,257473840500,11571858,KSQ
903,432320,KR7432320000,KB스타리츠,KOSPI,,1707,1,25,1.49,1695,1755,1600,828552,1406390934,257354634495,150764285,STK
904,045390,KR7045390002,대아티아이,KOSDAQ,우량기업부,3640,2,-455,-11.11,4065,4065,3640,2759353,10431316415,256523092280,70473377,KSQ
905,053690,KR7053690004,한미글로벌,KOSPI,,23400,2,-1200,-4.88,25000,25100,23250,213353,5090016325,256406670000,10957550,STK
906,018000,KR7018000000,유니슨,KOSDAQ,중견기업부,1031,2,-68,-6.19,1100,1111,1030,2397269,2512152730,256368455876,248659996,KSQ
907,121800,KR7121800007,비덴트,KOSDAQ,관리종목(소속부없음),3320,0,0,0.0,0,0,0,0,0,256309348520,77201611,KSQ
908,007160,KR7007160005,사조산업,KOSPI,,51200,1,100,0.2,51300,51700,50400,6779,346244800,256000000000,5000000,STK
909,008490,KR7008490005,서흥,KOSPI,,22100,1,2300,11.62,23000,24250,21600,231974,5245351525,255677397300,11569113,STK
910,322310,KR7322310004,오로스테크놀로지,KOSDAQ,벤처기업부,27250,2,-2750,-9.17,30550,30550,27200,308440,8796680425,255238269500,9366542,KSQ
911,094820,KR7094820008,일진파워,KOSDAQ,우량기업부,16880,2,-1430,-7.81,18370,18700,16770,587661,10317701725,254528607920,15078709,KSQ
912,054450,KR7054450002,텔레칩스,KOSDAQ,중견기업부,16790,2,-480,-2.78,17440,18200,16740,724037,12723910400,254271672070,15144233,KSQ
913,005710,KR7005710009,대원산업,KOSDAQ,우량기업부,12650,2,-720,-5.39,13600,13600,12650,47466,618736590,253475640000,20037600,KSQ
914,377460,KR7377460001,큐에이드,KOSDAQ,관리종목(소속부없음),4080,0,0,0.0,0,0,0,0,0,253187202960,62055687,KSQ
915,061090,KR7061090007,세나테크놀로지,KOSDAQ,중견기업부,45250,2,-4350,-8.77,49500,49500,44050,139492,6429990175,252814012500,5587050,KSQ
916,098120,KR7098120009,마이크로컨텍솔,KOSDAQ,우량기업부,30100,2,-9600,-24.18,33000,33350,29450,1268292,39643671725,250214256600,8312766,KSQ
917,950170,KR8392080006,JTC,KOSDAQ,외국기업(소속부없음),4835,2,-40,-0.82,4885,4970,4830,118648,579633765,250193592580,51746348,KSQ
918,0030R0,KR70030R0007,대신밸류리츠,KOSPI,,4185,2,-45,-1.06,4230,4300,4185,40621,171074023,250179300000,59780000,STK
919,083310,KR7083310003,엘오티베큠,KOSDAQ,우량기업부,14030,2,-910,-6.09,15210,15220,13990,201738,2921940175,249874762990,17810033,KSQ
920,122900,KR7122900004,아이마켓코리아,KOSPI,,7470,2,-20,-0.27,7500,7550,7390,53675,400987865,249713434800,33428840,STK
921,084680,KR7084680008,이월드,KOSPI,,1758,1,35,2.03,1710,1798,1663,528826,929978704,249295287294,141806193,STK
922,255220,KR7255220006,SG,KOSDAQ,중견기업부,2275,2,-60,-2.57,2350,2365,2275,1368805,3165275692,249256512050,109563302,KSQ
923,078070,KR7078070000,유비쿼스홀딩스,KOSDAQ,중견기업부,14140,2,-990,-6.54,15130,15190,14140,75301,1098837575,248931476080,17604772,KSQ
924,126600,KR7126600006,BGF에코머티리얼즈,KOSDAQ,우량기업부,3965,1,85,2.19,3885,4455,3830,2836201,11712212441,248870754535,62766899,KSQ
925,018310,KR7018310003,삼목에스폼,KOSDAQ,우량기업부,16910,2,-750,-4.25,17560,17670,16910,25238,434236150,248577000000,14700000,KSQ
926,013890,KR7013890009,지누스,KOSPI,,11310,2,-60,-0.53,11380,11650,11290,24587,281045140,247980945030,21925813,STK
927,001790,KR7001790005,대한제당,KOSPI,,2760,2,-65,-2.3,2810,2835,2735,510266,1419562652,247562560800,89696580,STK
928,024840,KR7024840001,KBI메탈,KOSDAQ,중견기업부,6630,2,-1150,-14.78,7820,8000,6450,6110708,42602542070,247204701510,37285777,KSQ
929,012200,KR7012200002,계양전기,KOSPI,,9080,2,-1240,-12.02,10320,10650,9010,4149761,40396356360,247183287320,27222829,STK
930,126700,KR7126700004,하이비젼시스템,KOSDAQ,우량기업부,16530,2,-930,-5.33,17510,17620,16460,175324,2953960045,246993111360,14942112,KSQ
931,481070,KR7481070001,에이유브랜즈,KOSDAQ,중견기업부,17250,2,-50,-0.29,17480,18200,17120,33539,591579060,245985000000,14260000,KSQ
932,004560,KR7004560009,현대비앤지스틸,KOSPI,,16300,2,-700,-4.12,17100,18060,16120,252063,4365777415,245784619300,15078811,STK
933,361390,KR7361390008,제노코,KOSDAQ,벤처기업부,25200,2,-1600,-5.97,27000,27600,25200,136999,3633472625,245356801200,9736381,KSQ
934,030210,KR7030210009,다올투자증권,KOSPI,,4005,2,-240,-5.65,4250,4380,3995,396634,1641479663,243948979530,60911106,STK
935,036030,KR7036030005,케이티알파,KOSDAQ,우량기업부,4975,2,-75,-1.49,5060,5060,4945,59172,295199410,243870932925,49019283,KSQ
936,206640,KR7206640005,바디텍메드,KOSDAQ,우량기업부,11130,2,-400,-3.47,11550,11560,11100,70088,788102310,243835160730,21907921,KSQ
937,033920,KR7033920000,무학,KOSPI,,8550,2,-100,-1.16,8610,8790,8540,166251,1438082455,243675000000,28500000,STK
938,377190,KR7377190004,디앤디플랫폼리츠,KOSPI,,2755,2,-55,-1.96,2810,2845,2715,229893,635331920,243542000000,88400000,STK
939,004310,KR7004310009,현대약품,KOSPI,,7580,2,-290,-3.68,7870,7900,7550,273662,2090405935,242560000000,32000000,STK
940,053300,KR7053300000,한국정보인증,KOSDAQ,우량기업부,5700,2,-190,-3.23,6010,6150,5680,313903,1846488830,241915757700,42441361,KSQ
941,004980,KR7004980009,성신양회,KOSPI,,9860,2,-400,-3.9,10270,10360,9850,176044,1759642400,241728479780,24516073,STK
942,304100,KR7304100001,솔트룩스,KOSDAQ,기술성장기업부,19130,2,-1320,-6.45,20650,20900,19130,131469,2592224770,240920446150,12593855,KSQ
943,372170,KR7372170001,윤성에프앤씨,KOSDAQ,우량기업부,30150,2,-2300,-7.09,32350,32850,30150,24422,766867675,240568297200,7979048,KSQ
944,108380,KR7108380007,대양전기공업,KOSDAQ,우량기업부,25100,2,-1800,-6.69,27150,27150,25050,45661,1179374050,240140058300,9567333,KSQ
945,404990,KR7404990004,신한서부티엔디리츠,KOSPI,,3915,3,0,0.0,3940,3970,3860,185670,725767430,239725566360,61232584,STK
946,138610,KR7138610001,나이벡,KOSDAQ,기술성장기업부,21050,2,-1700,-7.47,23350,23650,21050,91921,2030686525,239292042650,11367793,KSQ
947,009470,KR7009470006,삼화전기,KOSPI,,36100,2,-2850,-7.32,39000,39600,36050,207410,7759864850,238758902000,6613820,STK
948,199430,KR7199430000,케이엔알시스템,KOSDAQ,기술성장기업부,21350,2,-1700,-7.38,23600,24450,21350,95085,2202098375,237925318050,11144043,KSQ
949,176750,KR7176750008,듀켐바이오,KOSDAQ,기술성장기업부,8340,2,-570,-6.4,8840,8940,8320,67232,573267060,237595924800,28488720,KSQ
950,003555,KR7003551009,LG우,KOSPI,,78900,1,2900,3.82,93400,98700,78100,215987,19287712150,237583601100,3011199,STK
951,011690,KR7011690005,와이투솔루션,KOSPI,,6450,2,-810,-11.16,7400,7400,6450,1293147,8756911135,236743341300,36704394,STK
952,461300,KR7461300006,아이스크림미디어,KOSDAQ,벤처기업부,17750,1,530,3.08,17220,18270,17220,86904,1546266800,236499810750,13323933,KSQ
953,001630,KR7001630003,종근당홀딩스,KOSPI,,47150,1,450,0.96,46900,48400,46500,8806,418764950,236214946150,5009861,STK
954,034810,KR7034810002,해성산업,KOSDAQ,중견기업부,7250,2,-150,-2.03,7410,7660,7230,69317,514649315,236037213250,32556857,KSQ
955,244920,KR7244920005,에이플러스에셋,KOSPI,,10420,2,-70,-0.67,10640,10930,10300,25600,268270570,235572161060,22607693,STK
956,388050,KR7388050007,지투파워,KOSDAQ,우량기업부,12580,2,-920,-6.81,13700,13810,12570,754711,9802662280,235364717460,18709437,KSQ
957,013120,KR7013120001,동원개발,KOSDAQ,우량기업부,2590,2,-50,-1.89,2665,2665,2575,70127,181908385,235192979000,90808100,KSQ
958,214180,KR7214180002,헥토이노베이션,KOSDAQ,우량기업부,18100,2,-1180,-6.12,19710,19940,18100,141997,2678389410,235179942700,12993367,KSQ
959,064550,KR7064550007,바이오니아,KOSDAQ,중견기업부,9110,2,-360,-3.8,9590,9590,9110,119696,1111466060,235131751010,25810291,KSQ
960,314130,KR7314130006,지놈앤컴퍼니,KOSDAQ,기술성장기업부,6500,2,-690,-9.6,7200,7210,6490,379687,2566973645,235033038500,36158929,KSQ
961,226590,KR7226590008,엠디바이스,KOSDAQ,기술성장기업부,21800,2,-6450,-22.83,25500,25850,21700,764156,18275785650,233625891200,10716784,KSQ
962,348950,KR7348950007,제이알글로벌리츠,KOSPI,,1182,0,0,0.0,0,0,0,0,0,233298432000,197376000,STK
963,008350,KR7008350001,남선알미늄,KOSPI,,1807,2,-228,-11.2,2030,2030,1806,9668213,18292184603,233245915630,129079090,STK
964,125020,KR7125020008,티씨머티리얼즈,KOSDAQ,중견기업부,6650,1,90,1.37,7340,7660,6500,4142982,29584781710,233006357500,35038550,KSQ
965,003350,KR7003350006,한국화장품제조,KOSPI,,10260,1,220,2.19,9830,10950,9590,1156323,12086942455,232491600000,22660000,STK
966,051905,KR7051901007,LG생활건강우,KOSPI,,110900,2,-4200,-3.65,115100,115200,110700,6875,772706450,232475123100,2096259,STK
967,011560,KR7011560000,세보엠이씨,KOSDAQ,우량기업부,22450,1,850,3.94,22000,23600,21900,138177,3158213750,232357500000,10350000,KSQ
968,012610,KR7012610002,경인양행,KOSPI,,5570,1,130,2.39,5600,6430,5530,3484484,20613704675,231803153050,41616365,STK
969,035150,KR7035150002,백산,KOSPI,,11560,2,-90,-0.77,11800,11850,11540,30751,358461920,231533401960,20028841,STK
970,210980,KR7210980009,SK디앤디,KOSPI,,12420,2,-50,-0.4,12550,12550,12360,36873,458599445,231227884440,18617382,STK
971,086820,KR7086820008,바이오솔루션,KOSDAQ,기술성장기업부,8910,2,-540,-5.71,9410,9410,8850,250724,2273309190,230983597350,25924085,KSQ
972,001080,KR7001080001,만호제강,KOSPI,,5550,1,30,0.54,5520,5700,5360,53926,296844910,230325000000,41500000,STK
973,010580,KR7010580009,에스엠벡셀,KOSPI,,2070,2,-25,-1.19,2095,2120,2025,140293,290901210,230291143200,111251760,STK
974,068930,KR7068930007,디지털대성,KOSDAQ,우량기업부,8320,2,-220,-2.58,8550,8580,8210,46232,389106900,230258845440,27675342,KSQ
975,009680,KR7009680000,모토닉,KOSPI,,10590,1,30,0.28,10550,10840,10510,38196,405816030,230153465460,21733094,STK
976,211270,KR7211270004,AP위성,KOSDAQ,우량기업부,15230,2,-970,-5.99,16290,16570,15150,253679,4050090635,229703489920,15082304,KSQ
977,308080,KR7308080001,바이젠셀,KOSDAQ,기술성장기업부,11140,2,-860,-7.17,11700,11890,11100,508461,5824485925,228361756400,20499260,KSQ
978,405100,KR7405100009,큐알티,KOSDAQ,중견기업부,18570,2,-1930,-9.41,20600,20700,18570,121881,2389598525,228212319570,12289301,KSQ
979,256840,KR7256840000,한국비엔씨,KOSDAQ,우량기업부,3335,2,-190,-5.39,3530,3550,3325,733506,2509701416,228096944810,68394886,KSQ
980,000480,KR7000480004,CR홀딩스,KOSPI,,4855,1,5,0.1,4860,4965,4815,69972,340885145,227653328950,46890490,STK
981,036710,KR7036710002,심텍홀딩스,KOSDAQ,중견기업부,4300,2,-560,-11.52,4860,4875,4300,728257,3301054260,227159342200,52827754,KSQ
982,209640,KR7209640002,와이제이링크,KOSDAQ,중견기업부,7980,2,-660,-7.64,8640,8640,7910,793888,6527887635,226976305080,28443146,KSQ
983,484120,KR7484120001,도우인시스,KOSDAQ,중견기업부,20600,2,-1400,-6.36,21900,22100,20350,25242,536533025,225722893200,10957422,KSQ
984,025000,KR7025000001,KPX케미칼,KOSPI,,51500,2,-500,-0.96,52500,52800,51000,4595,237513400,225503513500,4378709,STK
985,010955,KR7010951002,S-Oil우,KOSPI,,56000,2,-1300,-2.27,57000,58500,56000,15360,879484950,225227912000,4021927,STK
986,024060,KR7024060006,흥구석유,KOSDAQ,중견기업부,14980,1,380,2.6,14500,15770,14330,3899434,58731898370,224700000000,15000000,KSQ
987,117580,KR7117580001,대성에너지,KOSPI,,8140,2,-150,-1.81,8280,8280,8100,178691,1461539705,223850000000,27500000,STK
988,013580,KR7013580006,계룡건설,KOSPI,,25050,2,-400,-1.57,25500,25800,24500,80704,2023852125,223719220350,8930907,STK
989,353810,KR7353810005,이지바이오,KOSDAQ,우량기업부,6760,2,-510,-7.02,7270,7270,6740,395921,2733331610,223633779200,33081920,KSQ
990,102120,KR7102120003,어보브반도체,KOSDAQ,벤처기업부,12570,2,-700,-5.28,13290,14130,12570,869810,11674718895,223504065210,17780753,KSQ
991,003220,KR7003220001,대원제약,KOSPI,,9950,1,50,0.51,9960,10040,9730,28809,285365620,223154450850,22427583,STK
992,474170,KR7474170008,루미르,KOSDAQ,기술성장기업부,12450,2,-770,-5.82,13250,13690,12450,244983,3185893005,221830315200,17817696,KSQ
993,298690,KR7298690009,에어부산,KOSPI,,1900,2,-86,-4.33,2000,2020,1893,205435,405601887,221616000000,116640000,STK
994,457550,KR7457550002,우진엔텍,KOSDAQ,중견기업부,23750,2,-1400,-5.57,25400,25400,23350,144744,3512359225,221325252500,9318958,KSQ
995,402030,KR7402030001,코난테크놀로지,KOSDAQ,기술성장기업부,17670,2,-1180,-6.26,18850,18860,17660,37009,673663120,221184012960,12517488,KSQ
996,194480,KR7194480000,데브시스터즈,KOSDAQ,벤처기업부,18220,2,-850,-4.46,19070,19120,18110,56883,1047891280,220993113000,12129150,KSQ
997,270660,KR7270660004,에브리봇,KOSDAQ,벤처기업부,17320,2,-310,-1.76,17690,18620,17300,98744,1782475695,219800897560,12690583,KSQ
998,065710,KR7065710006,서호전기,KOSDAQ,우량기업부,42650,2,-900,-2.07,43550,44000,42450,29310,1265044400,219647500000,5150000,KSQ
999,033530,KR7033530007,SJG세종,KOSPI,,7880,1,60,0.77,8040,8530,7790,463172,3784272375,219229172680,27820961,STK
1000,237880,KR7237880000,클리오,KOSDAQ,우량기업부,12110,2,-260,-2.1,12370,12650,12110,51661,636127805,218844084830,18071353,KSQ
1001,462860,KR7462860008,더즌,KOSDAQ,벤처기업부,3040,2,-250,-7.6,3375,3430,3040,540731,1711368534,218562399040,71895526,KSQ
1002,950140,KR8840110108,잉글우드랩,KOSDAQ,외국기업(소속부없음),11000,2,-450,-3.93,11590,11590,11000,59230,661496265,218546526000,19867866,KSQ
1003,005430,KR7005430004,한국공항,KOSPI,,68900,2,-3500,-4.83,72000,72000,68100,34070,2370820000,218161859500,3166355,STK
1004,028100,KR7028100006,동아지질,KOSPI,,16290,2,-170,-1.03,16480,16830,16230,53540,885841580,218114987580,13389502,STK
1005,053210,KR7053210001,스카이라이프,KOSPI,,4575,2,-5,-0.11,4580,4670,4535,62521,287569750,217417519125,47522955,STK
1006,487570,KR7487570004,HS효성,KOSPI,,58100,2,-2200,-3.65,60600,61700,58100,17741,1050159300,216476358700,3725927,STK
1007,102260,KR7102260007,동성케미컬,KOSPI,,4270,1,55,1.3,4270,4405,4215,336138,1448673925,216359153570,50669591,STK
1008,095700,KR7095700001,제넥신,KOSDAQ,기술성장기업부,4750,2,-260,-5.19,5070,5070,4700,422464,2032906835,216317346500,45540494,KSQ
1009,119610,KR7119610004,인터로조,KOSDAQ,우량기업부,18900,2,-200,-1.05,19190,19800,18730,70901,1361329485,215719818300,11413747,KSQ
1010,042600,KR7042600007,새로닉스,KOSDAQ,중견기업부,17350,2,-2400,-12.15,19750,19980,17320,50546,941544630,215549008900,12423574,KSQ
1011,000390,KR7000390005,SP삼화,KOSPI,,7910,2,-290,-3.54,8100,8300,7840,253046,2015400185,215179439790,27203469,STK
1012,293580,KR7293580007,나우IB,KOSDAQ,중견기업부,2265,2,-145,-6.02,2435,2475,2265,900174,2130480585,215016336750,94929950,KSQ
1013,016580,KR7016580003,환인제약,KOSPI,,11540,1,90,0.79,11510,11740,11330,43371,498544400,214644807800,18600070,STK
1014,264850,KR7264850009,이랜시스,KOSDAQ,중견기업부,7080,2,-700,-9.0,7840,8180,7050,2278600,17630772430,214485852960,30294612,KSQ
1015,339770,KR7339770000,교촌에프앤비,KOSPI,,4285,1,140,3.38,4150,4340,4140,137574,581491871,214100367800,49965080,STK
1016,058820,KR7058820002,CMG제약,KOSDAQ,중견기업부,1445,2,-64,-4.24,1516,1530,1445,1145045,1690264837,213631954435,147842183,KSQ
1017,003650,KR7003650009,미창석유,KOSPI,,122700,1,1300,1.07,122500,125700,120700,3964,487179250,213457754400,1739672,STK
1018,264660,KR7264660002,씨앤지하이테크,KOSDAQ,우량기업부,21900,2,-1650,-7.01,24250,24350,21850,143711,3280972225,212893666800,9721172,KSQ
1019,039840,KR7039840004,디오,KOSDAQ,중견기업부,15860,2,-370,-2.28,16230,16400,15750,41028,656616390,212775032080,13415828,KSQ
1020,052330,KR7052330008,코텍,KOSDAQ,우량기업부,11970,2,-380,-3.08,12370,12450,11860,63252,762571080,212606220330,17761589,KSQ
1021,036560,KR7036560001,KZ정밀,KOSDAQ,우량기업부,13460,2,-110,-0.81,13600,13710,13420,9947,134566360,211995000000,15750000,KSQ
1022,007860,KR7007860000,서연,KOSPI,,9010,2,-190,-2.07,9200,9330,8950,100300,914862895,211553394440,23479844,STK
1023,452450,KR7452450000,피아이이,KOSDAQ,벤처기업부,5870,2,-480,-7.56,6350,6440,5870,443660,2716796915,211487295000,36028500,KSQ
1024,221800,KR7221800006,지구홀딩스,KOSDAQ,기술성장기업부,13020,2,-860,-6.2,13950,14160,12990,175804,2353578845,211346811480,16232474,KSQ
1025,216080,KR7216080002,제테마,KOSDAQ,벤처기업부,5660,2,-250,-4.23,5860,5920,5660,172402,1002091500,211044980340,37287099,KSQ
1026,095570,KR7095570008,AJ네트웍스,KOSPI,,4655,2,-10,-0.21,4665,4745,4550,295598,1366799942,210651593145,45252759,STK
1027,371950,KR7371950007,풍원정밀,KOSDAQ,기술성장기업부,9250,2,-510,-5.23,9760,10000,9240,97214,923325995,209628569000,22662548,KSQ
1028,0011A0,KR70011A0009,액스비스,KOSDAQ,벤처기업부,22450,2,-400,-1.75,23500,24050,22450,158860,3697642025,209542463000,9333740,KSQ
1029,102460,KR7102460003,이연제약,KOSPI,,11230,2,-170,-1.49,11400,11670,11200,72620,825726975,208729887530,18586811,STK
1030,403850,KR7403850001,더핑크퐁컴퍼니,KOSDAQ,중견기업부,14460,2,-660,-4.37,15300,15320,14410,39115,579588585,207515604600,14351010,KSQ
1031,000140,KR7000140004,하이트진로홀딩스,KOSPI,,8940,2,-80,-0.89,9030,9030,8830,24258,215680150,207468479100,23206765,STK
1032,260870,KR7260870001,SK시그넷,KONEX,일반기업부,9570,2,-30,-0.31,9600,9830,9520,6952,67502650,207427328790,21674747,KNX
1033,002150,KR7002150001,도화엔지니어링,KOSPI,,6150,2,-150,-2.38,6270,6360,6140,99583,619740005,207378000000,33720000,STK
1034,264450,KR7264450008,유비쿼스,KOSDAQ,우량기업부,14110,2,-510,-3.49,14620,15100,14100,177703,2597524745,206930106230,14665493,KSQ
1035,285490,KR7285490009,노바텍,KOSDAQ,벤처기업부,19550,2,-1150,-5.56,20750,20800,19550,125822,2523510510,206757496050,10575831,KSQ
1036,380540,KR7380540005,옵티코어,KOSDAQ,관리종목(소속부없음),4225,0,0,0.0,0,0,0,0,0,206658130575,48913167,KSQ
1037,163730,KR7163730005,핑거,KOSDAQ,벤처기업부,21950,2,-1750,-7.38,24900,25650,21650,369569,8445975725,206474167600,9406568,KSQ
1038,083930,KR7083930008,아바코,KOSDAQ,우량기업부,14050,2,-1190,-7.81,15270,15270,14040,245012,3574422210,206215348450,14677249,KSQ
1039,118990,KR7118990001,모트렉스,KOSDAQ,우량기업부,8400,2,-650,-7.18,9050,9100,8380,279471,2442107905,206113916400,24537371,KSQ
1040,039570,KR7039570007,HDC랩스,KOSPI,,7920,2,-50,-0.63,7970,8080,7890,25840,206079865,205584199920,25957601,STK
1041,03473K,KR703473K016,SK우,KOSPI,,363000,2,-18500,-4.85,381500,390000,360000,5447,2022747250,205507005000,566135,STK
1042,140670,KR7140670001,알에스오토메이션,KOSDAQ,중견기업부,15990,2,-960,-5.66,17200,18260,15980,800428,13859461075,205309041600,12839840,KSQ
1043,271980,KR7271980005,제일약품,KOSPI,,13950,2,-230,-1.62,14190,14340,13910,67540,953191690,205132964400,14704872,STK
1044,079960,KR7079960001,동양이엔피,KOSDAQ,우량기업부,26050,2,-7600,-22.59,30900,30900,25800,450702,12393067475,204753000000,7860000,KSQ
1045,003547,KR7003542008,대신증권2우B,KOSPI,,20850,2,-450,-2.11,21700,21750,20800,34944,738977200,204399493050,9803333,STK
1046,121440,KR7121440002,골프존홀딩스,KOSDAQ,우량기업부,4765,2,-135,-2.76,4895,4915,4765,90123,435973705,204117437770,42836818,KSQ
1047,396270,KR7396270001,넥스트칩,KOSDAQ,벤처기업부,6200,2,-960,-13.41,7160,7360,5900,1167190,7889486125,203902072200,32887431,KSQ
1048,016880,KR7016880007,웅진,KOSPI,,2550,1,55,2.2,2500,2690,2375,797213,2038962148,203814054000,79927080,STK
1049,039860,KR7039860002,나노엔텍,KOSDAQ,중견기업부,5350,2,-240,-4.29,5620,5750,5350,432136,2401610985,203797833550,38093053,KSQ
1050,380550,KR7380550004,뉴로핏,KOSDAQ,기술성장기업부,16850,2,-1840,-9.84,18690,19110,16830,353212,6236906100,203747419750,12091835,KSQ
1051,125210,KR7125210005,아모그린텍,KOSDAQ,우량기업부,12350,2,-720,-5.51,13270,13380,12350,271079,3495990375,203735356500,16496790,KSQ
1052,489500,KR7489500009,엘케이켐,KOSDAQ,벤처기업부,31850,2,-1250,-3.78,37450,38250,31400,190142,6675767050,203560930300,6391238,KSQ
1053,104480,KR7104480009,티케이케미칼,KOSDAQ,중견기업부,2230,2,-10,-0.45,2255,2310,2185,786045,1763481629,202696817820,90895434,KSQ
1054,146320,KR7146320007,비씨엔씨,KOSDAQ,벤처기업부,15800,2,-1890,-10.68,17690,17690,15750,76504,1268922690,202207183400,12797923,KSQ
1055,232680,KR7232680009,라온로보틱스,KOSDAQ,기술성장기업부,15410,2,-890,-5.46,16310,17530,15410,459614,7620258620,202116774090,13115949,KSQ
1056,101170,KR7101170009,우림피티에스,KOSDAQ,벤처기업부,14970,2,-1260,-7.76,16380,17280,14910,686876,11155776450,202095000000,13500000,KSQ
1057,122990,KR7122990005,와이솔,KOSDAQ,중견기업부,7535,1,155,2.1,7480,8090,7480,408064,3204474590,200725475335,26639081,KSQ
1058,031440,KR7031440001,신세계푸드,KOSPI,,51700,2,-5000,-8.82,56400,56400,51300,16759,884081350,200207216000,3872480,STK
1059,147830,KR7147830004,제룡산업,KOSDAQ,벤처기업부,10010,2,-1080,-9.74,11090,11190,9990,861848,8996914475,200200000000,20000000,KSQ
1060,123860,KR7123860009,아나패스,KOSDAQ,우량기업부,16510,2,-470,-2.77,16990,17090,16400,61959,1032106835,200157581650,12123415,KSQ
1061,025820,KR7025820002,이구산업,KOSPI,,5950,2,-590,-9.02,6500,6640,5850,4019296,24935247320,198979900000,33442000,STK
1062,084670,KR7084670009,동양고속,KOSPI,,68700,1,12500,22.24,66100,72100,52500,3513860,228196928150,198925590300,2895569,STK
1063,041020,KR7041020009,폴라리스오피스,KOSDAQ,벤처기업부,4000,2,-285,-6.65,4295,4300,3995,587478,2430052103,198735172000,49683793,KSQ
1064,000860,KR7000860007,강남제비스코,KOSPI,,15260,2,-90,-0.59,15470,15550,14330,14114,212688450,198380000000,13000000,STK
1065,044820,KR7044820009,코스맥스비티아이,KOSPI,,20650,2,-650,-3.05,22800,23900,20500,77610,1681599750,198320968650,9603921,STK
1066,299030,KR7299030007,하나기술,KOSDAQ,벤처기업부,24700,2,-900,-3.52,26350,26350,24700,39198,989686025,197474277000,7994910,KSQ
1067,445180,KR7445180003,퓨릿,KOSDAQ,우량기업부,11480,2,-830,-6.74,12300,12485,11480,256992,3052106855,197331878240,17189188,KSQ
1068,001045,KR7001041003,CJ우,KOSPI,,87100,2,-400,-0.46,87500,90900,84900,6686,595995550,196865423300,2260223,STK
1069,101530,KR7101530004,해태제과식품,KOSPI,,6750,1,50,0.75,6620,6880,6590,185809,1250657050,196538548500,29116822,STK
1070,036190,KR7036190007,금화피에스시,KOSDAQ,우량기업부,32750,2,-2250,-6.43,35000,35100,32650,31563,1059283900,196500000000,6000000,KSQ
1071,417010,KR7417010006,나노팀,KOSDAQ,벤처기업부,9710,2,-930,-8.74,10640,10800,9700,257950,2625718295,195877188880,20172728,KSQ
1072,187870,KR7187870001,디바이스,KOSDAQ,우량기업부,27750,1,900,3.35,26800,29700,25000,813337,22850770750,195265899750,7036609,KSQ
1073,159010,KR7159010008,아스플로,KOSDAQ,벤처기업부,14610,2,-560,-3.69,15300,16690,14570,262752,4170072790,194820536790,13334739,KSQ
1074,032620,KR7032620007,GC메디아이,KOSDAQ,우량기업부,3725,2,-85,-2.23,3830,3830,3710,119937,450669168,194434342775,52197139,KSQ
1075,100250,KR7100250000,진양홀딩스,KOSPI,,3030,3,0,0.0,3015,3315,3000,626931,1957380545,193617000000,63900000,STK
1076,234080,KR7234080000,JW생명과학,KOSPI,,12180,2,-220,-1.77,12400,12450,12010,60127,729806990,192864867720,15834554,STK
1077,003610,KR7003610003,방림,KOSPI,,5320,2,-30,-0.56,5300,5440,5270,156007,836904870,192595480560,36202158,STK
1078,293780,KR7293780003,압타바이오,KOSDAQ,기술성장기업부,6850,2,-190,-2.7,7040,7340,6850,113734,794804865,192439824250,28093405,KSQ
1079,323350,KR7323350009,다원넥스뷰,KOSDAQ,기술성장기업부,24000,1,350,1.48,23650,28100,22000,476387,11642941450,192258528000,8010772,KSQ
1080,006060,KR7006060008,화승인더,KOSPI,,3475,1,210,6.43,3290,3500,3145,763049,2573614745,192237000000,55320000,STK
1081,458650,KR7458650009,성우,KOSDAQ,벤처기업부,12770,2,-430,-3.26,13210,13940,12770,120725,1615998935,192133205900,15045670,KSQ
1082,080160,KR7080160005,모두투어,KOSDAQ,우량기업부,10155,2,-185,-1.79,10340,10510,10150,107747,1107085095,191929500000,18900000,KSQ
1083,357880,KR7357880004,SKAI,KOSDAQ,기술성장기업부,3700,2,-325,-8.07,4090,4095,3695,1991281,7612375250,191912521300,51868249,KSQ
1084,040160,KR7040160004,누리플렉스,KOSDAQ,중견기업부,15910,2,-1820,-10.27,17840,18180,15400,99593,1652608315,191803561850,12055535,KSQ
1085,073010,KR7073010001,케이에스피,KOSDAQ,우량기업부,4765,2,-365,-7.12,5130,5180,4765,525594,2575276820,191511306250,40191250,KSQ
1086,234690,KR7234690006,녹십자웰빙,KOSDAQ,우량기업부,10630,2,-600,-5.34,11230,11350,10630,189912,2083292445,190949772700,17963290,KSQ
1087,289930,KR7289930000,웨이비스,KOSDAQ,기술성장기업부,14520,2,-1580,-9.81,16440,16440,14500,423564,6425113920,190923625200,13149010,KSQ
1088,007570,KR7007570005,일양약품,KOSPI,,10000,1,100,1.01,9900,10210,9860,89371,894518215,190856640000,19085664,STK
1089,377450,KR7377450002,리파인,KOSDAQ,우량기업부,11010,2,-240,-2.13,11050,11450,10920,30095,333679165,190803300000,17330000,KSQ
1090,060150,KR7060150000,인선이엔티,KOSDAQ,중견기업부,4080,2,-55,-1.33,4155,4175,4050,143256,588331576,189979536960,46563612,KSQ
1091,289080,KR7289080004,SV인베스트먼트,KOSDAQ,중견기업부,3480,2,-295,-7.81,3775,3855,3480,1027236,3701509343,189020800560,54316322,KSQ
1092,002100,KR7002100006,경농,KOSPI,,9680,2,-110,-1.12,9790,9860,9610,100775,975942390,188978526000,19522575,STK
1093,259630,KR7259630002,엠플러스,KOSDAQ,우량기업부,15590,1,250,1.63,15300,16500,14780,538917,8470508550,188791532560,12109784,KSQ
1094,039560,KR7039560008,다산네트웍스,KOSDAQ,중견기업부,4425,2,-210,-4.53,4635,4800,4405,660503,3007370376,188437593975,42584767,KSQ
1095,059120,KR7059120006,아진엑스텍,KOSDAQ,벤처기업부,10260,2,-60,-0.58,10500,11120,10050,1155596,12180179900,187861277160,18310066,KSQ
1096,016790,KR7016790008,현대사료,KOSDAQ,관리종목(소속부없음),994,0,0,0.0,0,0,0,0,0,187340898626,188471729,KSQ
1097,037030,KR7037030004,파워넷,KOSDAQ,우량기업부,7330,2,-680,-8.49,7850,8140,7300,1889881,14352709220,187010231360,25512992,KSQ
1098,260970,KR7260970009,에스앤디,KOSDAQ,우량기업부,64600,1,6800,11.76,58700,68000,56600,210275,13282923500,186871908400,2892754,KSQ
1099,003460,KR7003460003,유화증권,KOSPI,,3295,2,-100,-2.95,3415,3505,3285,123515,416542713,186834457425,56702415,STK
1100,473980,KR7473980001,노머스,KOSDAQ,기술성장기업부,16880,2,-320,-1.86,17220,17570,16230,63860,1086724565,186681355360,11059322,KSQ
1101,071200,KR7071200000,인피니트헬스케어,KOSDAQ,중견기업부,7650,1,930,13.84,7060,8300,7060,748665,5861571005,186632903700,24396458,KSQ
1102,101970,KR7101970002,우양에이치씨,KOSDAQ,중견기업부,12610,2,-530,-4.03,13030,13210,12610,14375,185886580,186502013490,14790009,KSQ
1103,179290,KR7179290002,엠아이텍,KOSDAQ,우량기업부,5750,2,-220,-3.69,5970,5970,5680,279004,1608925545,186102648500,32365678,KSQ
1104,143160,KR7143160000,아이디스,KOSDAQ,우량기업부,17300,1,110,0.64,17200,17660,17070,19883,343860230,185393547000,10716390,KSQ
1105,018470,KR7018470005,조일알미늄,KOSPI,,1464,2,-84,-5.43,1552,1552,1462,3120258,4665003299,185388839544,126631721,STK
1106,015230,KR7015230006,대창단조,KOSPI,,6800,2,-160,-2.3,7010,7050,6760,71623,492050150,184576616000,27143620,STK
1107,460850,KR7460850001,동국씨엠,KOSPI,,6150,2,-40,-0.65,6200,6280,6020,147861,908977400,183876734400,29898656,STK
1108,166480,KR7166480004,코아스템켐온,KOSDAQ,벤처기업부,3470,2,-275,-7.34,3750,3805,3380,1010552,3600631242,183460204720,52870376,KSQ
1109,051980,KR7051980001,중앙첨단소재,KOSDAQ,중견기업부,1650,2,-145,-8.08,1794,1827,1650,1607136,2825717717,183301319850,111091709,KSQ
1110,203400,KR7203400007,에이비온,KOSDAQ,기술성장기업부,2030,2,-115,-5.36,2145,2215,2020,760559,1576524890,182905647120,90101304,KSQ
1111,066620,KR7066620006,국보디자인,KOSDAQ,우량기업부,24350,2,-100,-0.41,24650,25150,24250,10019,246611400,182625000000,7500000,KSQ
1112,004090,KR7004090007,한국석유,KOSPI,,14340,2,-30,-0.21,14380,14800,14100,441532,6387189750,182033680800,12694120,STK
1113,005960,KR7005960000,동부건설,KOSPI,,7920,2,-390,-4.69,8350,8370,7910,75061,605143925,181737570960,22946663,STK
1114,115310,KR7115310005,인포바인,KOSDAQ,벤처기업부,11380,2,-430,-3.64,11690,11690,11140,18722,211822440,181675042700,15964415,KSQ
1115,446540,KR7446540007,메가터치,KOSDAQ,중견기업부,6980,2,-530,-7.06,7510,7740,6960,373921,2736184070,181226968020,25963749,KSQ
1116,187790,KR7187790001,나노,KOSDAQ,벤처기업부,5870,1,10,0.17,5790,6120,5500,894415,5267000905,181035672100,30840830,KSQ
1117,123410,KR7123410003,코리아에프티,KOSDAQ,우량기업부,6490,2,-370,-5.39,6810,6940,6480,175855,1177359790,180688505360,27841064,KSQ
1118,267320,KR7267320000,나인테크,KOSDAQ,벤처기업부,3140,2,-220,-6.55,3350,3380,3135,1118791,3640484034,180284026300,57415295,KSQ
1119,081000,KR7081000002,일진다이아,KOSPI,,12690,2,-590,-4.44,13380,13410,12660,49243,635274395,180235752750,14202975,STK
1120,000520,KR7000520007,삼일제약,KOSPI,,8300,2,-310,-3.6,8610,8660,8300,281793,2382770165,180042031300,21691811,STK
1121,0004V0,KR70004V0003,엔비알모션,KOSDAQ,기술성장기업부,17290,2,-640,-3.57,18360,19300,17190,710263,13081942830,179893251720,10404468,KSQ
1122,357580,KR7357580000,아모센스,KOSDAQ,기술성장기업부,15320,2,-1580,-9.35,16900,16900,15260,289476,4592341420,179513126440,11717567,KSQ
1123,002170,KR7002170009,SYTS,KOSPI,,59800,2,-100,-0.17,59500,60200,58600,1094,64746300,179400000000,3000000,STK
1124,097955,KR7097951008,CJ제일제당 우,KOSPI,,134800,2,-1100,-0.81,135700,136200,130300,5575,749808100,178937968400,1327433,STK
1125,024800,KR7024800005,유성티엔에스,KOSDAQ,우량기업부,4815,2,-50,-1.03,4830,4895,4740,63085,303554430,178404474780,37051812,KSQ
1126,011785,KR7011781002,금호석유화학우,KOSPI,,59000,2,-900,-1.5,59900,60500,58800,6064,360969900,178385674000,3023486,STK
1127,047310,KR7047310008,파워로직스,KOSDAQ,우량기업부,4865,2,-445,-8.38,5370,5430,4860,467604,2417182745,178111323075,36610755,KSQ
1128,007610,KR7007610009,선도전기,KOSPI,,9880,2,-1850,-15.77,11520,11520,9870,2939450,31021114970,177840000000,18000000,STK
1129,119830,KR7119830008,아이텍,KOSDAQ,중견기업부,6740,2,-430,-6.0,7100,7150,6630,246753,1703836425,177592415020,26349023,KSQ
1130,007330,KR7007330004,푸른저축은행,KOSDAQ,투자주의환기종목(소속부없음),11770,2,-170,-1.42,11990,12820,11700,54028,653162120,177524556000,15082800,KSQ
1131,017510,KR7017510009,세명전기,KOSDAQ,벤처기업부,11600,2,-1790,-13.37,13270,13320,11600,1076704,13212534125,176853600000,15246000,KSQ
1132,123330,KR7123330003,제닉,KOSDAQ,우량기업부,22100,2,-2350,-9.61,22950,24250,21550,341987,7751023750,176107828000,7968680,KSQ
1133,140610,KR7140610007,엔솔바이오사이언스,KONEX,일반기업부,13000,3,0,0.0,13000,13140,12520,24612,318011240,176098260000,13546020,KNX
1134,003480,KR7003480001,한진중공업홀딩스,KOSPI,,5960,1,340,6.05,5670,6280,5580,347747,2071953200,175997679520,29529812,STK
1135,092130,KR7092130004,이크레더블,KOSDAQ,중견기업부,14590,1,190,1.32,14550,14840,14350,13025,188708150,175716124000,12043600,KSQ
1136,192440,KR7192440006,슈피겐코리아,KOSDAQ,우량기업부,28250,2,-600,-2.08,29000,29000,28100,12600,359423325,175612254750,6216363,KSQ
1137,220260,KR7220260004,켐트로스,KOSDAQ,벤처기업부,5470,2,-580,-9.59,6070,6200,5470,545675,3186650780,175434140850,32072055,KSQ
1138,017550,KR7017550005,수산세보틱스,KOSPI,,2810,2,-140,-4.75,3055,3065,2800,2170257,6310500900,175341555300,62399130,STK
1139,143240,KR7143240000,사람인,KOSDAQ,우량기업부,16330,1,60,0.37,16370,16590,16150,6223,101288790,175265497230,10732731,KSQ
1140,086980,KR7086980000,쇼박스,KOSDAQ,중견기업부,2795,2,-225,-7.45,3030,3200,2760,3571694,10839217042,175073210000,62638000,KSQ
1141,297890,KR7297890006,HB솔루션,KOSDAQ,우량기업부,2390,2,-155,-6.09,2580,2580,2370,612541,1498145553,174806784460,73140914,KSQ
1142,213500,KR7213500002,한솔제지,KOSPI,,7340,2,-80,-1.08,7430,7460,7210,95871,700674865,174696227840,23800576,STK
1143,039830,KR7039830005,오로라,KOSDAQ,우량기업부,16230,2,-870,-5.09,17110,17200,16050,165036,2729288630,174681704700,10762890,KSQ
1144,307750,KR7307750000,국전,KOSDAQ,중견기업부,3235,2,-205,-5.96,3520,3520,3230,293439,973593940,174645641680,53986288,KSQ
1145,016450,KR7016450009,한세예스24홀딩스,KOSPI,,4360,3,0,0.0,4360,4500,4345,33213,146211430,174400000000,40000000,STK
1146,462520,KR7462520008,조선내화,KOSPI,,14690,1,20,0.14,14670,14960,14530,25541,378306375,174152417920,11855168,STK
1147,038390,KR7038390001,레드캡투어,KOSDAQ,우량기업부,10410,2,-150,-1.42,10650,10770,10410,38613,408491110,174063757020,16720822,KSQ
1148,000300,KR7000300004,DH오토넥스,KOSPI,,4200,0,0,0.0,0,0,0,0,0,174035631000,41437055,STK
1149,129920,KR7129920005,대성하이텍,KOSDAQ,벤처기업부,10690,1,150,1.42,10830,11910,10610,634450,7177793390,173698560240,16248696,KSQ
1150,046440,KR7046440004,KG파이낸셜,KOSDAQ,우량기업부,4565,2,-110,-2.35,4690,4725,4565,138449,637959627,173519311130,38010802,KSQ
1151,037070,KR7037070000,파세코,KOSDAQ,중견기업부,8670,1,30,0.35,8790,8980,8600,107417,948301590,173400000000,20000000,KSQ
1152,400760,KR7400760005,NH올원리츠,KOSPI,,3150,1,30,0.96,3120,3220,3085,120202,378437292,173027216250,54929275,STK
1153,049430,KR7049430002,코메론,KOSDAQ,우량기업부,19080,2,-70,-0.37,19150,19560,18780,30328,577784040,172635840000,9048000,KSQ
1154,474610,KR7474610003,RF시스템즈,KOSDAQ,벤처기업부,12050,1,400,3.43,11650,12700,11600,566286,6981495240,172407158400,14307648,KSQ
1155,204610,KR7204610000,티쓰리,KOSDAQ,벤처기업부,3130,1,70,2.29,3095,3270,3035,569734,1814788466,172155383600,55001720,KSQ
1156,077500,KR7077500007,유니퀘스트,KOSPI,,7970,1,120,1.53,7850,9110,7680,7469512,64354845455,172152812940,21600102,STK
1157,054920,KR7054920004,한컴위드,KOSDAQ,중견기업부,6100,2,-420,-6.44,6650,6780,6100,868814,5529183615,172124194100,28217081,KSQ
1158,037560,KR7037560000,LG헬로비전,KOSPI,,2222,1,27,1.23,2205,2420,2165,900430,2068691309,172086934030,77446865,STK
1159,297090,KR7297090003,씨에스베어링,KOSDAQ,투자주의환기종목(소속부없음),6300,2,-540,-7.89,6850,6850,6300,211502,1385193535,171801000000,27270000,KSQ
1160,071840,KR7071840003,롯데하이마트,KOSPI,,7260,1,70,0.97,7090,7330,7040,31056,223076985,171391989120,23607712,STK
1161,082800,KR7082800004,비보존 제약,KOSDAQ,중견기업부,2820,2,-230,-7.54,2970,3030,2800,645034,1876921486,171229458120,60719666,KSQ
1162,282880,KR7282880004,코윈테크,KOSDAQ,우량기업부,14620,2,-880,-5.68,15500,15590,14600,93590,1412119440,170967478840,11694082,KSQ
1163,056090,KR7056090004,시지메드텍,KOSDAQ,벤처기업부,1654,2,-44,-2.59,1698,1750,1630,1692160,2851148572,170790445544,103259036,KSQ
1164,322180,KR7322180001,LS티라유텍,KOSDAQ,벤처기업부,8150,2,-400,-4.68,8550,9080,8140,660935,5710586720,170514169600,20921984,KSQ
1165,002990,KR7002990000,금호건설,KOSPI,,4565,2,-90,-1.93,4665,4840,4550,220541,1032044863,170091781310,37259974,STK
1166,053080,KR7053080008,케이엔솔,KOSDAQ,중견기업부,13070,2,-1150,-8.09,14220,14300,13070,339604,4601149905,169907477490,12999807,KSQ
1167,005160,KR7005160007,동국산업,KOSDAQ,중견기업부,3130,2,-45,-1.42,3175,3220,3110,122430,386202317,169785228660,54244482,KSQ
1168,115500,KR7115500001,케이씨에스,KOSDAQ,중견기업부,14130,2,-3040,-17.71,17230,17240,14080,756539,11465247120,169560000000,12000000,KSQ
1169,008970,KR7008970006,KBI동양철관,KOSPI,,1628,1,18,1.12,1620,1697,1570,1981914,3193588447,168932524596,103766907,STK
1170,469610,KR7469610000,이노테크,KOSDAQ,중견기업부,18900,2,-1100,-5.5,20100,20200,18900,94136,1822115270,168869610000,8934900,KSQ
1171,011040,KR7011040003,경동제약,KOSDAQ,중견기업부,5480,2,-10,-0.18,5520,5580,5480,42406,233699630,168612837680,30768766,KSQ
1172,293480,KR7293480000,하나제약,KOSPI,,9470,2,-410,-4.15,9790,9870,9380,69506,660594820,168309798620,17772946,STK
1173,158430,KR7158430009,아톤,KOSDAQ,벤처기업부,6870,2,-500,-6.78,7430,7650,6860,740756,5297574900,168191972040,24482092,KSQ
1174,214420,KR7214420002,토니모리,KOSPI,,6990,2,-250,-3.45,7280,7280,6940,153627,1085744860,168143045010,24054799,STK
1175,008830,KR7008830002,대동기어,KOSDAQ,중견기업부,18690,2,-1410,-7.01,20150,20500,18690,224919,4396581335,167976748800,8987520,KSQ
1176,023910,KR7023910003,대한약품,KOSDAQ,우량기업부,27950,2,-500,-1.76,28550,28550,27700,12939,362814500,167700000000,6000000,KSQ
1177,149950,KR7149950008,아바텍,KOSDAQ,우량기업부,12250,2,-860,-6.56,13110,13790,12200,105266,1358728530,167429361750,13667703,KSQ
1178,000020,KR7000020008,동화약품,KOSPI,,5990,2,-40,-0.66,6040,6040,5800,122400,730915460,167309505300,27931470,STK
1179,452190,KR7452190002,한빛레이저,KOSDAQ,벤처기업부,6990,2,-750,-9.69,7740,7740,6990,739545,5425931145,167204693430,23920557,KSQ
1180,242040,KR7242040004,나무기술,KOSDAQ,기술성장기업부,4830,1,255,5.57,4710,5410,4625,6485158,32914335021,167148255120,34606264,KSQ
1181,095190,KR7095190005,신화프리텍,KOSDAQ,중견기업부,2555,1,195,8.26,2360,2570,2320,820631,2023031957,166740480410,65260462,KSQ
1182,048870,KR7048870000,시너지이노베이션,KOSDAQ,중견기업부,1891,2,-79,-4.01,1970,1975,1891,371565,712610112,166610267033,88106963,KSQ
1183,004960,KR7004960001,한신공영,KOSPI,,14380,2,-320,-2.18,14800,15500,14260,75308,1106727815,166386694760,11570702,STK
1184,106190,KR7106190002,하이텍팜,KOSDAQ,우량기업부,15560,2,-590,-3.65,16080,16360,15410,73110,1140624915,165452171880,10633173,KSQ
1185,003100,KR7003100005,선광,KOSDAQ,우량기업부,25050,2,-400,-1.57,25800,26150,24600,35299,892607350,165330000000,6600000,KSQ
1186,300080,KR7300080009,플리토,KOSDAQ,기술성장기업부,10010,2,-760,-7.06,10770,10910,9990,95121,981862050,165219564510,16505451,KSQ
1187,086890,KR7086890001,이수앱지스,KOSDAQ,중견기업부,4045,2,-260,-6.04,4315,4370,4000,291958,1196058754,164915580350,40770230,KSQ
1188,223250,KR7223250002,드림씨아이에스,KOSDAQ,벤처기업부,6700,2,-230,-3.32,6800,7060,6680,388593,2663900280,164822974800,24600444,KSQ
1189,950250,KR8826050005,테라뷰,KOSDAQ,기술성장기업부,4640,2,-590,-11.28,5230,5280,4610,1112884,5370206630,164802271840,35517731,KSQ
1190,042420,KR7042420000,네오위즈홀딩스,KOSDAQ,우량기업부,20200,2,-650,-3.12,20650,20900,20150,8337,170789850,164474116600,8142283,KSQ
1191,334970,KR7334970001,프레스티지바이오로직스,KOSDAQ,기술성장기업부,2110,1,10,0.48,2110,2160,2020,143154,297532025,164058064070,77752637,KSQ
1192,083500,KR7083500009,에프엔에스테크,KOSDAQ,우량기업부,19110,2,-2190,-10.28,21300,21850,19110,328864,6779040700,163882047420,8575722,KSQ
1193,365330,KR7365330000,에스와이스틸텍,KOSDAQ,우량기업부,3265,2,-175,-5.09,3470,3495,3255,614846,2056591224,163808315000,50171000,KSQ
1194,002780,KR7002780005,진흥기업,KOSPI,,1126,2,-54,-4.58,1180,1185,1080,2556849,2941885542,163801184870,145471745,STK
1195,054800,KR7054800008,아이디스홀딩스,KOSDAQ,중견기업부,15780,2,-210,-1.31,16300,16320,15750,8535,136702925,163287589680,10347756,KSQ
1196,013520,KR7013520002,화승코퍼레이션,KOSPI,,3260,2,-75,-2.25,3335,3545,3210,409114,1397252119,163167081520,50051252,STK
1197,396300,KR7396300006,세아메카닉스,KOSDAQ,우량기업부,6140,1,370,6.41,5810,7340,5680,11416041,76050396555,162645530000,26489500,KSQ
1198,340450,KR7340450006,지씨지놈,KOSDAQ,기술성장기업부,6870,2,-300,-4.18,7190,7230,6870,166526,1173315460,162480947910,23650793,KSQ
1199,013990,KR7013990007,아가방컴퍼니,KOSDAQ,우량기업부,4935,2,-235,-4.55,5170,5170,4925,515363,2578780435,162299990160,32887536,KSQ
1200,00279K,KR700279K010,아모레퍼시픽홀딩스3우C,KOSPI,,22850,2,-150,-0.65,23000,23200,22800,12601,289455450,162056770000,7092200,STK
1201,090350,KR7090350000,노루페인트,KOSPI,,8100,2,-120,-1.46,8230,8280,8050,101487,823950915,162000000000,20000000,STK
1202,317400,KR7317400000,자이에스앤디,KOSPI,,4175,2,-195,-4.46,4370,4395,4150,150855,634706390,161917021000,38782520,STK
1203,475230,KR7475230009,엔알비,KOSDAQ,벤처기업부,14850,2,-2050,-12.13,16920,17200,14820,235270,3668462585,161845442550,10898683,KSQ
1204,412350,KR7412350001,레이저쎌,KOSDAQ,기술성장기업부,11180,2,-410,-3.54,11930,12700,10810,2187278,25482889285,161386452760,14435282,KSQ
1205,222040,KR7222040008,코스맥스엔비티,KOSDAQ,중견기업부,7820,2,-210,-2.62,7960,8165,7600,279871,2196279025,161310960000,20628000,KSQ
1206,240550,KR7240550004,동방메디컬,KOSDAQ,중견기업부,7700,2,-160,-2.04,7880,8120,7660,451038,3558606320,161191338000,20933940,KSQ
1207,001360,KR7001360007,삼성제약,KOSPI,,1710,2,-58,-3.28,1769,1792,1699,975775,1685784058,161017155090,94162079,STK
1208,088130,KR7088130000,동아엘텍,KOSDAQ,우량기업부,9180,2,-1220,-11.73,10400,10480,9150,550220,5307931435,160515182520,17485314,KSQ
1209,000970,KR7000970004,한국주철관,KOSPI,,7020,1,50,0.72,6970,7090,6940,67120,470951655,160059510000,22800500,STK
1210,001520,KR7001520006,동양,KOSPI,,669,2,-35,-4.97,710,711,666,908599,619228467,159679638147,238684063,STK
1211,066410,KR7066410002,버킷스튜디오,KOSDAQ,투자주의환기종목(소속부없음),1153,0,0,0.0,0,0,0,0,0,159637252154,138453818,KSQ
1212,338220,KR7338220007,뷰노,KOSDAQ,기술성장기업부,11400,2,-640,-5.32,12220,12240,11370,106139,1240420700,159620782200,14001823,KSQ
1213,032940,KR7032940009,원익,KOSDAQ,우량기업부,8770,2,-520,-5.6,9350,9470,8730,111793,1014218880,159554627100,18193230,KSQ
1214,049960,KR7049960008,쎌바이오텍,KOSDAQ,벤처기업부,16950,2,-260,-1.51,17200,17480,16410,35613,601767545,159330000000,9400000,KSQ
1215,172670,KR7172670002,에이엘티,KOSDAQ,벤처기업부,17780,2,-1650,-8.49,19390,19390,17500,197970,3658178930,159313405020,8960259,KSQ
1216,069510,KR7069510006,에스텍,KOSDAQ,우량기업부,14600,2,-340,-2.28,14940,15070,14530,14081,207666590,159286000000,10910000,KSQ
1217,453450,KR7453450009,그리드위즈,KOSDAQ,중견기업부,20050,2,-1700,-7.82,21650,21750,19960,147541,3036704465,159252137500,7942750,KSQ
1218,046070,KR7046070009,코다코,KOSDAQ,관리종목(소속부없음),10280,0,0,0.0,0,0,0,0,0,159196994920,15486089,KSQ
1219,114840,KR7114840002,아이패밀리에스씨,KOSDAQ,우량기업부,9150,2,-240,-2.56,9480,9600,9140,67112,622916085,158477085000,17319900,KSQ
1220,038290,KR7038290003,마크로젠,KOSDAQ,중견기업부,14610,2,-450,-2.99,15100,15100,14520,49957,741344620,158392854000,10841400,KSQ
1221,290740,KR7290740000,액트로,KOSDAQ,벤처기업부,15730,2,-540,-3.32,16400,16880,15550,93770,1528621025,158322623030,10065011,KSQ
1222,023600,KR7023600000,삼보판지,KOSDAQ,우량기업부,9890,1,210,2.17,9680,10070,9655,113110,1121809215,158322087000,16008300,KSQ
1223,068790,KR7068790005,DMS,KOSDAQ,우량기업부,6980,2,-590,-7.79,7600,7600,6900,363892,2588533405,157540163520,22570224,KSQ
1224,272550,KR7272550005,삼양패키징,KOSPI,,10450,2,-190,-1.79,10640,10700,10260,57638,600294330,157464842700,15068406,STK
1225,067280,KR7067280008,멀티캠퍼스,KOSDAQ,우량기업부,26500,3,0,0.0,26550,27150,26400,12043,321461675,157059643500,5926779,KSQ
1226,217270,KR7217270008,넵튠,KOSDAQ,중견기업부,3360,2,-115,-3.31,3450,3515,3330,84703,288902757,157031760480,46735643,KSQ
1227,037350,KR7037350006,성도이엔지,KOSDAQ,우량기업부,10310,2,-590,-5.41,11290,11650,10310,475506,5176257745,156815100000,15210000,KSQ
1228,093190,KR7093190007,빅솔론,KOSDAQ,우량기업부,8150,2,-250,-2.98,8400,8400,8090,32292,263333605,156797075750,19238905,KSQ
1229,010100,KR7010100006,한국무브넥스,KOSPI,,5140,1,180,3.63,5050,5540,5010,2041328,10856347395,156515158800,30450420,STK
1230,210540,KR7210540001,디와이파워,KOSPI,,14170,2,-60,-0.42,14690,14850,13690,102919,1471948680,156461002360,11041708,STK
1231,009070,KR7009070004,KCTC,KOSPI,,5210,2,-260,-4.75,5500,5500,5200,156395,831994750,156300000000,30000000,STK
1232,142210,KR7142210004,유니트론텍,KOSDAQ,우량기업부,7530,1,30,0.4,7600,7980,7200,643322,4905622630,156258064590,20751403,KSQ
1233,072870,KR7072870009,메가스터디,KOSDAQ,우량기업부,13080,1,140,1.08,12940,13330,12760,50491,662078960,155926143720,11920959,KSQ
1234,041440,KR7041440009,현대에버다임,KOSDAQ,우량기업부,8680,2,-480,-5.24,9300,9400,8675,485068,4325334445,155510393920,17915944,KSQ
1235,003830,KR7003830007,대한화섬,KOSPI,,117100,2,-1300,-1.1,121100,121100,117100,148,17479700,155508800000,1328000,STK
1236,333430,KR7333430007,일승,KOSDAQ,중견기업부,5050,2,-220,-4.17,5300,5350,4995,175410,903660355,155170072350,30726747,KSQ
1237,192410,KR7192410009,오늘이엔엠,KOSDAQ,중견기업부,6650,2,-370,-5.27,7200,7200,6630,274041,1880828980,155149726900,23330786,KSQ
1238,000700,KR7000700005,유수홀딩스,KOSPI,,5940,1,60,1.02,5930,6080,5910,36130,215068930,154688363280,26041812,STK
1239,062970,KR7062970009,한국첨단소재,KOSDAQ,중견기업부,2705,2,-295,-9.83,3000,3060,2705,3740206,10624080823,154424700870,57088614,KSQ
1240,321370,KR7321370009,센서뷰,KOSDAQ,기술성장기업부,2980,2,-160,-5.1,3205,3315,2950,1999248,6320343638,153961419880,51664906,KSQ
1241,108230,KR7108230004,톱텍,KOSDAQ,우량기업부,4035,2,-180,-4.27,4215,4245,4000,123029,502384410,153423793575,38023245,KSQ
1242,002230,KR7002230001,피에스텍,KOSDAQ,우량기업부,8200,2,-400,-4.65,8620,8850,8200,238016,2021156175,153383624000,18705320,KSQ
1243,009580,KR7009580002,무림P&P,KOSPI,,2450,2,-90,-3.54,2525,2540,2415,430675,1056678655,152802393800,62368324,STK
1244,086670,KR7086670007,비엠티,KOSDAQ,우량기업부,15380,2,-420,-2.66,15770,15890,15290,97966,1522767455,152660111300,9925885,KSQ
1245,014280,KR7014280002,금강공업,KOSPI,,5190,2,-30,-0.57,5240,5640,5070,488379,2620551340,152219362830,29329357,STK
1246,093640,KR7093640001,케이알엠,KOSDAQ,벤처기업부,4650,2,-420,-8.28,5070,5080,4580,131817,632017863,151940823900,32675446,KSQ
1247,089470,KR7089470009,HDC현대EP,KOSPI,,4760,2,-235,-4.7,5020,5100,4710,155847,765339552,151844000000,31900000,STK
1248,004150,KR7004150009,한솔홀딩스,KOSPI,,3685,2,-115,-3.03,3820,3925,3575,617144,2289017080,151183094700,41026620,STK
1249,417500,KR7417500006,제이아이테크,KOSDAQ,우량기업부,4600,2,-830,-15.29,5490,5560,4545,2035579,10121962370,150809822400,32784744,KSQ
1250,408920,KR7408920007,메쎄이상,KOSDAQ,우량기업부,3475,2,-5,-0.14,3445,3595,3350,68196,234524553,150232781125,43232455,KSQ
1251,027710,KR7027710003,팜스토리,KOSDAQ,우량기업부,1344,2,-39,-2.82,1383,1390,1338,1062120,1439448746,149743910400,111416600,KSQ
1252,217820,KR7217820000,원익피앤이,KOSDAQ,중견기업부,3155,2,-195,-5.82,3350,3380,3150,224090,735119018,149719133645,47454559,KSQ
1253,33626K,KR733626K013,두산퓨얼셀1우,KOSPI,,11190,2,-510,-4.36,11730,11950,11000,63661,724952095,149545398000,13364200,STK
1254,136540,KR7136540002,윈스테크넷,KOSDAQ,우량기업부,12150,2,-120,-0.98,12270,12480,12120,53390,655279760,149198913900,12279746,KSQ
1255,008040,KR7008040008,사조동아원,KOSPI,,1057,1,6,0.57,1043,1067,1028,255625,265327524,149189842200,141144600,STK
1256,078890,KR7078890001,가온그룹,KOSDAQ,중견기업부,8080,2,-450,-5.28,8510,8620,8020,703641,5782649820,148873539440,18424943,KSQ
1257,021080,KR7021080007,에이티넘인베스트,KOSDAQ,우량기업부,3095,2,-260,-7.75,3370,3410,3080,579188,1850195400,148560000000,48000000,KSQ
1258,148150,KR7148150006,세경하이테크,KOSDAQ,우량기업부,4175,2,-210,-4.79,4360,4390,4175,200771,855165921,148391265150,35542818,KSQ
1259,067990,KR7067990002,도이치모터스,KOSDAQ,우량기업부,5080,2,-230,-4.33,5310,5310,5010,295320,1518261725,148242274000,29181550,KSQ
1260,214390,KR7214390007,경보제약,KOSPI,,6180,2,-220,-3.44,6350,6450,6080,93453,582825520,147744394800,23906860,STK
1261,094280,KR7094280005,효성ITX,KOSPI,,12780,1,20,0.16,12760,12880,12600,22721,289594890,147713796000,11558200,STK
1262,323990,KR7323990002,박셀바이오,KOSDAQ,기술성장기업부,6350,2,-230,-3.5,6580,6690,6350,186083,1197205250,147684140750,23257345,KSQ
1263,298000,KR7298000001,효성화학,KOSPI,,38900,0,0,0.0,0,0,0,0,0,147501447900,3791811,STK
1264,013310,KR7013310008,아진산업,KOSDAQ,우량기업부,3800,2,-90,-2.31,3900,4055,3735,1309999,5120062633,147465011600,38806582,KSQ
1265,235980,KR7235980000,메드팩토,KOSDAQ,기술성장기업부,4290,2,-260,-5.71,4570,4575,4285,174281,765802753,147040269090,34275121,KSQ
1266,115440,KR7115440000,우리넷,KOSDAQ,우량기업부,13610,2,-1710,-11.16,15040,15320,13540,593216,8431240925,146910314120,10794292,KSQ
1267,105330,KR7105330005,케이엔더블유,KOSDAQ,중견기업부,9150,2,-850,-8.5,10100,10150,9100,99676,949519445,146578608000,16019520,KSQ
1268,004970,KR7004970000,신라교역,KOSPI,,9150,2,-230,-2.45,9380,9400,9100,13156,120399860,146400000000,16000000,STK
1269,381620,KR7381620004,제닉스로보틱스,KOSDAQ,중견기업부,11150,2,-1450,-11.51,12470,13270,11150,963421,11938959945,146264808000,13117920,KSQ
1270,388790,KR7388790008,라이콤,KOSDAQ,벤처기업부,4775,2,-685,-12.55,5460,5530,4775,682406,3456958675,146182614000,30614160,KSQ
1271,217950,KR7217950005,파마리서치바이오,KONEX,일반기업부,34750,3,0,0.0,34750,35000,34150,2950,102776100,145367590000,4183240,KNX
1272,212560,KR7212560007,네오오토,KOSDAQ,우량기업부,12300,3,0,0.0,12430,14100,12170,773419,10187523815,145290564300,11812241,KSQ
1273,126730,KR7126730001,코칩,KOSDAQ,벤처기업부,16540,2,-1400,-7.8,18490,18570,16540,98245,1726714185,145057884040,8770126,KSQ
1274,047560,KR7047560008,이스트소프트,KOSDAQ,중견기업부,12320,2,-620,-4.79,13100,13240,12300,58300,743044220,144614402240,11738182,KSQ
1275,021820,KR7021820006,세원정공,KOSPI,,14460,2,-120,-0.82,14580,15310,14440,10356,151723600,144600000000,10000000,STK
1276,040300,KR7040300006,YTN,KOSDAQ,중견기업부,3030,2,-75,-2.42,3090,3165,3015,143175,438680665,144461249400,47676980,KSQ
1277,215100,KR7215100009,로보로보,KOSDAQ,벤처기업부,7080,1,210,3.06,7050,8600,7050,6871031,55032990170,144067054320,20348454,KSQ
1278,282720,KR7282720002,금양그린파워,KOSDAQ,중견기업부,11790,2,-1190,-9.17,12990,13130,11790,173764,2116531505,142888905000,12119500,KSQ
1279,262260,KR7262260003,에이프로,KOSDAQ,우량기업부,9850,2,-1120,-10.21,10990,11330,9850,135588,1431680035,142511297200,14468152,KSQ
1280,024090,KR7024090003,디씨엠,KOSPI,,12490,1,210,1.71,12290,12630,12290,28885,359636950,142386000000,11400000,STK
1281,007540,KR7007540008,샘표,KOSPI,,49500,2,-700,-1.39,51000,51000,49050,7942,393537000,142352100000,2875800,STK
1282,012800,KR7012800009,대창,KOSPI,,1561,2,-229,-12.79,1790,1790,1550,6543063,10848930234,142270318939,91140499,STK
1283,015890,KR7015890007,태경산업,KOSPI,,4865,2,-15,-0.31,4885,4910,4780,71343,344488630,142197868750,29228750,STK
1284,366030,KR7366030005,공구우먼,KOSDAQ,중견기업부,6270,2,-100,-1.57,6420,6440,6220,97776,620674415,142039639500,22653850,KSQ
1285,107600,KR7107600009,새빗켐,KOSDAQ,벤처기업부,25150,2,-2050,-7.54,27250,27850,25150,34608,909346175,141869993100,5640954,KSQ
1286,054540,KR7054540000,삼영엠텍,KOSDAQ,우량기업부,10900,2,-920,-7.78,11900,12060,10870,292809,3307653825,141700000000,13000000,KSQ
1287,015590,KR7015590003,DKME,KOSPI,,2985,5,-1275,-29.93,4260,4260,2985,6383206,21170957683,141477979380,47396308,STK
1288,336680,KR7336680004,탑런토탈솔루션,KOSDAQ,중견기업부,3605,2,-70,-1.9,3675,3775,3605,57609,212490933,141119736590,39145558,KSQ
1289,052420,KR7052420007,오성첨단소재,KOSDAQ,우량기업부,1448,0,0,0.0,0,0,0,0,0,141064299008,97420096,KSQ
1290,079430,KR7079430005,현대리바트,KOSPI,,7010,2,-180,-2.5,7220,7230,6990,92426,655550080,141000556020,20114202,STK
1291,049720,KR7049720006,고려신용정보,KOSDAQ,우량기업부,9860,2,-100,-1.0,9960,10000,9860,53563,531511330,140998000000,14300000,KSQ
1292,041520,KR7041520008,이엘씨,KOSDAQ,투자주의환기종목(소속부없음),11560,2,-920,-7.37,12250,12600,11470,77527,929730780,140901718800,12188730,KSQ
1293,071280,KR7071280002,로체시스템즈,KOSDAQ,우량기업부,9180,2,-340,-3.57,9550,9740,9180,132851,1253058305,140422815540,15296603,KSQ
1294,012320,KR7012320008,경동인베스트,KOSPI,,59300,2,-1300,-2.15,61000,61000,59000,12374,737624200,140245863900,2365023,STK
1295,078000,KR7078000007,텔코웨어,KOSPI,,15170,2,-280,-1.81,15330,15440,15160,6539,99863100,140171968090,9240077,STK
1296,005990,KR7005990007,매일홀딩스,KOSDAQ,우량기업부,10540,2,-310,-2.86,10850,11120,10210,3596,38203750,140164124160,13298304,KSQ
1297,085670,KR7085670008,뉴프렉스,KOSDAQ,우량기업부,5700,2,-530,-8.51,6230,6290,5690,391740,2305998780,139654337700,24500761,KSQ
1298,070960,KR7070960000,모나용평,KOSPI,,2900,2,-5,-0.17,2905,2980,2845,102922,297416817,139586665700,48133333,STK
1299,021320,KR7021320007,KCC건설,KOSDAQ,우량기업부,6520,2,-230,-3.41,6750,6780,6410,32297,211617600,139528000000,21400000,KSQ
1300,063570,KR7063570006,NICE인프라,KOSDAQ,우량기업부,4085,2,-30,-0.73,4115,4200,4065,82610,339738170,139493468880,34147728,KSQ
1301,047820,KR7047820006,초록뱀미디어,KOSDAQ,중견기업부,5700,3,0,0.0,5700,5870,5600,132772,762909820,139387401000,24453930,KSQ
1302,009270,KR7009270000,신원,KOSPI,,1214,2,-38,-3.04,1257,1280,1208,864462,1058079304,139331257102,114770393,STK
1303,263860,KR7263860009,지니언스,KOSDAQ,벤처기업부,15290,2,-60,-0.39,16300,17600,15170,400922,6650100265,138827084000,9079600,KSQ
1304,104460,KR7104460001,디와이피엔에프,KOSDAQ,우량기업부,13190,2,-350,-2.58,13550,13580,13110,51402,685627320,138733752190,10518101,KSQ
1305,322510,KR7322510009,제이엘케이,KOSDAQ,기술성장기업부,5370,2,-550,-9.29,5920,5920,5370,296913,1659552690,138148040040,25725892,KSQ
1306,234030,KR7234030005,싸이닉솔루션,KOSDAQ,중견기업부,5850,2,-650,-10.0,6500,6510,5840,249424,1532859505,138089250000,23605000,KSQ
1307,049080,KR7049080005,기가레인,KOSDAQ,벤처기업부,1619,2,-265,-14.07,1887,1920,1610,4829187,8305500990,137426138793,84883347,KSQ
1308,053700,KR7053700001,삼보모터스,KOSDAQ,우량기업부,5400,2,-270,-4.76,5740,5900,5400,318195,1793421795,137396347200,25443768,KSQ
1309,002620,KR7002620003,제일파마홀딩스,KOSPI,,8600,2,-80,-0.92,8670,8790,8540,23656,205145860,137370853000,15973355,STK
1310,080420,KR7080420003,모다이노칩,KOSDAQ,중견기업부,1721,2,-34,-1.94,1839,1839,1683,8437,14823616,137200911462,79721622,KSQ
1311,107590,KR7107590002,미원홀딩스,KOSPI,,59000,1,300,0.51,58700,59000,58300,699,40857600,136880000000,2320000,STK
1312,122450,KR7122450000,KX,KOSDAQ,중견기업부,3045,2,-5,-0.16,3085,3085,2995,132733,403436033,136476394530,44819834,KSQ
1313,019180,KR7019180009,티에이치엔,KOSPI,,7570,2,-460,-5.73,8210,8220,7500,324476,2556083880,136260000000,18000000,STK
1314,016740,KR7016740003,두올,KOSPI,,4750,2,-45,-0.94,4730,4855,4710,180360,860298424,136201614000,28674024,STK
1315,131030,KR7131030009,옵투스제약,KOSDAQ,우량기업부,7710,2,-380,-4.7,8090,8120,7600,171644,1340833100,136055208900,17646590,KSQ
1316,027970,KR7027970003,한국제지,KOSPI,,715,1,5,0.7,710,724,710,82538,59160437,135977439455,190178237,STK
1317,006620,KR7006620009,동구바이오제약,KOSDAQ,우량기업부,4775,2,-165,-3.34,4970,4970,4775,98153,473482572,135920336800,28464992,KSQ
1318,0007J0,KR70007J0006,인벤테라,KOSDAQ,기술성장기업부,17270,2,-2590,-13.04,19530,19770,17110,229338,4192011530,135840880780,7865714,KSQ
1319,141000,KR7141000000,비아트론,KOSDAQ,벤처기업부,11190,2,-580,-4.93,11770,11980,11100,152362,1731926715,135563604900,12114710,KSQ
1320,032580,KR7032580003,피델릭스,KOSDAQ,중견기업부,4085,1,220,5.69,4040,4775,3865,9843589,41784857606,135344481440,33132064,KSQ
1321,214680,KR7214680001,디알텍,KOSDAQ,벤처기업부,1620,2,-59,-3.51,1678,1699,1620,286810,476451815,135232830720,83477056,KSQ
1322,250060,KR7250060001,모비스,KOSDAQ,기술성장기업부,4200,2,-285,-6.35,4490,4560,4200,622746,2719476283,135119518800,32171314,KSQ
1323,065450,KR7065450009,빅텍,KOSDAQ,벤처기업부,4575,2,-100,-2.14,4675,4690,4505,546832,2507482605,134943298725,29495803,KSQ
1324,005860,KR7005860002,한일사료,KOSDAQ,우량기업부,3420,2,-95,-2.7,3560,3560,3415,619443,2142488945,134760602700,39403685,KSQ
1325,307930,KR7307930008,컴퍼니케이,KOSDAQ,중견기업부,8630,2,-640,-6.9,9190,9300,8530,118717,1060985195,134714300000,15610000,KSQ
1326,263720,KR7263720005,디앤씨미디어,KOSDAQ,우량기업부,10850,2,-370,-3.3,11070,11200,10850,28139,308164270,134676612350,12412591,KSQ
1327,020120,KR7020120002,키다리스튜디오,KOSPI,,3625,2,-115,-3.07,3740,3755,3620,132985,488312280,134356151750,37063766,STK
1328,011280,KR7011280005,태림포장,KOSPI,,1896,2,-14,-0.73,1910,1947,1872,133672,253097297,134248062240,70805940,STK
1329,123040,KR7123040008,엠에스오토텍,KOSDAQ,중견기업부,2140,2,-135,-5.93,2275,2300,2135,258582,568679158,134024559860,62628299,KSQ
1330,123690,KR7123690000,한국화장품,KOSPI,,8340,2,-150,-1.77,8500,8850,8250,272322,2319083400,134007120000,16068000,STK
1331,310200,KR7310200001,애니플러스,KOSDAQ,중견기업부,2565,2,-65,-2.47,2630,2650,2560,162444,421545400,133797674340,52162836,KSQ
1332,456070,KR7456070002,이엔셀,KOSDAQ,기술성장기업부,12110,2,-940,-7.2,13050,13100,12110,100468,1254099020,133557762870,11028717,KSQ
1333,350520,KR7350520003,이지스레지던스리츠,KOSPI,,3620,1,5,0.14,3655,3700,3590,67964,246867325,133455651240,36866202,STK
1334,009780,KR7009780008,엠에스씨,KOSDAQ,우량기업부,7580,1,410,5.72,7170,7990,7080,310861,2386292690,133408000000,17600000,KSQ
1335,267290,KR7267290005,경동도시가스,KOSPI,,22600,1,500,2.26,22300,22750,21900,11499,256481700,133236175600,5895406,STK
1336,182360,KR7182360008,큐브엔터,KOSDAQ,우량기업부,8560,2,-160,-1.83,8720,8900,8400,22664,194839610,133106707440,15549849,KSQ
1337,089600,KR7089600001,KT나스미디어,KOSDAQ,우량기업부,11500,2,-40,-0.35,11530,11700,11440,25183,291295240,133033874500,11568163,KSQ
1338,255440,KR7255440000,야스,KOSDAQ,벤처기업부,10160,2,-170,-1.65,10440,11000,10050,91012,943747110,132669280000,13058000,KSQ
1339,225190,KR7225190008,LK삼양,KOSDAQ,중견기업부,1882,2,-34,-1.77,1920,2055,1881,1223663,2388704055,132621604080,70468440,KSQ
1340,049950,KR7049950009,미래컴퍼니,KOSDAQ,중견기업부,15030,2,-670,-4.27,15690,15990,14790,50106,778356925,132532796520,8817884,KSQ
1341,005800,KR7005800008,신영와코루,KOSPI,,14710,2,-290,-1.93,15000,15150,14510,4936,72931360,132390000000,9000000,STK
1342,045970,KR7045970001,코아시아,KOSDAQ,중견기업부,5030,2,-430,-7.88,5470,5840,5000,281332,1552929890,132363826280,26314876,KSQ
1343,269620,KR7269620001,시스웍,KOSDAQ,관리종목(소속부없음),889,0,0,0.0,0,0,0,0,0,132090012299,148582691,KSQ
1344,067900,KR7067900001,와이엔텍,KOSDAQ,우량기업부,7250,2,-100,-1.36,7360,7480,7100,135639,989932780,131947527750,18199659,KSQ
1345,396470,KR7396470007,워트,KOSDAQ,중견기업부,8170,2,-570,-6.52,8770,8910,8120,333390,2836727810,131700400000,16120000,KSQ
1346,389030,KR7389030008,지니너스,KOSDAQ,기술성장기업부,3925,2,-15,-0.38,3940,4175,3820,570232,2279891012,131587371625,33525445,KSQ
1347,016710,KR7016710006,대성홀딩스,KOSPI,,8170,2,-220,-2.62,8310,8390,8170,16987,140071700,131450880030,16089459,STK
1348,025620,KR7025620006,차AI헬스케어,KOSPI,,7220,2,-220,-2.96,7440,7600,7190,11618,84182950,131432685060,18203973,STK
1349,363280,KR7363280009,티와이홀딩스,KOSPI,,2605,2,-50,-1.88,2680,2680,2590,45195,117700157,131368243140,50429268,STK
1350,090850,KR7090850009,현대이지웰,KOSDAQ,우량기업부,5530,2,-210,-3.66,5740,5740,5530,73721,412415100,131317376330,23746361,KSQ
1351,475580,KR7475580007,에이럭스,KOSDAQ,벤처기업부,9620,2,-480,-4.75,10130,10270,9610,243075,2393876885,131071538000,13624900,KSQ
1352,002390,KR7002390003,한독,KOSPI,,9520,2,-110,-1.14,9630,9680,9350,19287,183855200,131028834160,13763533,STK
1353,256940,KR7256940008,킵스파마,KOSDAQ,벤처기업부,6520,2,-70,-1.06,6740,6750,6330,114210,745018730,130909518440,20078147,KSQ
1354,083420,KR7083420000,그린케미칼,KOSPI,,5450,2,-150,-2.68,5600,5650,5420,84301,463684700,130800000000,24000000,STK
1355,002460,KR7002460004,HS화성,KOSPI,,12870,2,-650,-4.81,13420,13520,12830,7221,94470190,130630500000,10150000,STK
1356,139990,KR7139990006,아주스틸,KOSPI,,3365,2,-100,-2.89,3600,3600,3355,87221,296656134,130411968110,38755414,STK
1357,360070,KR7360070007,탑머티리얼,KOSDAQ,중견기업부,15890,2,-230,-1.43,16010,16890,15700,58245,928097695,130079401270,8186243,KSQ
1358,042510,KR7042510008,라온시큐어,KOSDAQ,벤처기업부,11600,2,-200,-1.69,11880,12730,11540,230439,2792936005,129980018400,11205174,KSQ
1359,156100,KR7156100000,엘앤케이바이오,KOSDAQ,벤처기업부,5780,2,-400,-6.47,6180,6260,5760,173923,1026418730,129189664340,22351153,KSQ
1360,306620,KR7306620006,지아이에스,KOSDAQ,벤처기업부,2680,2,-300,-10.07,3015,3150,2625,1074578,3048300244,128485053120,47942184,KSQ
1361,004080,KR7004080008,신흥,KOSPI,,13660,2,-140,-1.01,13790,13890,13610,7112,97393420,128404000000,9400000,STK
1362,004250,KR7004250007,NPC,KOSPI,,3485,2,-35,-0.99,3520,3545,3455,52266,182338182,127969200000,36720000,STK
1363,205100,KR7205100001,엑셈,KOSDAQ,벤처기업부,1809,2,-59,-3.16,1879,1885,1808,349975,643458040,127871739207,70686423,KSQ
1364,033340,KR7033340001,좋은사람들,KOSDAQ,중견기업부,1316,2,-154,-10.48,1465,1469,1311,2079871,2815150812,127586934328,96950558,KSQ
1365,086960,KR7086960002,MDS테크,KOSDAQ,우량기업부,3100,2,-335,-9.75,3400,3525,3065,3276983,10808759247,127338600800,41076968,KSQ
1366,109610,KR7109610006,에스와이,KOSDAQ,중견기업부,2595,2,-75,-2.81,2710,2710,2585,296115,777789324,126914703000,48907400,KSQ
1367,013570,KR7013570007,디와이,KOSPI,,4785,2,-15,-0.31,4890,4925,4680,213402,1023157499,125939443905,26319633,STK
1368,036690,KR7036690006,코맥스,KOSDAQ,관리종목(소속부없음),2885,0,0,0.0,0,0,0,0,0,125692107675,43567455,KSQ
1369,025950,KR7025950007,동신건설,KOSDAQ,우량기업부,14940,2,-80,-0.53,15100,15300,14890,24835,373855850,125496000000,8400000,KSQ
1370,002220,KR7002220002,한일철강,KOSPI,,4700,2,-80,-1.67,4800,4900,4500,149552,702498645,125478062000,26697460,STK
1371,001540,KR7001540004,안국약품,KOSDAQ,우량기업부,9620,2,-580,-5.69,10700,10870,9360,2451346,24845263715,125468080400,13042420,KSQ
1372,052260,KR7052260007,현대바이오랜드,KOSDAQ,우량기업부,4170,2,-100,-2.34,4215,4265,4170,77384,325293290,125100000000,30000000,KSQ
1373,417970,KR7417970001,모델솔루션,KOSDAQ,우량기업부,19540,2,-660,-3.27,20300,21400,19330,135012,2742730200,124991518000,6396700,KSQ
1374,047770,KR7047770003,코데즈컴바인,KOSDAQ,중견기업부,3300,2,-440,-11.76,3700,3705,3285,2058391,7001552773,124880586600,37842602,KSQ
1375,100590,KR7100590009,머큐리,KOSDAQ,중견기업부,7280,2,-1130,-13.44,8370,8450,7270,1623338,12357634540,124775887600,17139545,KSQ
1376,011700,KR7011700002,한신기계,KOSPI,,3845,2,-235,-5.76,4080,4120,3835,708115,2794264956,124755450595,32446151,STK
1377,339950,KR7339950008,아이비김영,KOSDAQ,우량기업부,2775,1,75,2.78,2700,2835,2700,261266,725516097,124726967625,44946655,KSQ
1378,443670,KR7443670005,에스피소프트,KOSDAQ,중견기업부,5040,2,-270,-5.08,5390,5560,5030,334860,1782921440,124696615680,24741392,KSQ
1379,014580,KR7014580005,태경비케이,KOSPI,,4520,2,-20,-0.44,4540,4610,4445,202360,914493505,124675612000,27583100,STK
1380,413630,KR7413630005,씨피시스템,KOSDAQ,벤처기업부,3410,2,-175,-4.88,3585,3730,3370,339937,1211487820,124248894660,36436626,KSQ
1381,014710,KR7014710008,사조씨푸드,KOSPI,,7200,2,-260,-3.49,7460,7460,7030,26626,192530695,123973509600,17218543,STK
1382,226400,KR7226400000,오스테오닉,KOSDAQ,기술성장기업부,6000,1,270,4.71,6070,6350,5840,560984,3457657175,123969606000,20661601,KSQ
1383,408470,KR7408470003,한패스,KOSDAQ,중견기업부,11720,2,-790,-6.31,12590,12800,11720,119273,1442018035,123903840000,10572000,KSQ
1384,014530,KR7014530000,극동유화,KOSPI,,3552,2,-53,-1.47,3585,3630,3500,280546,998406868,123856179840,34869420,STK
1385,493330,KR7493330005,지에프아이,KOSDAQ,벤처기업부,16100,2,-1220,-7.04,17300,17470,15850,97879,1624288850,123682550600,7682146,KSQ
1386,136150,KR7136150000,원일티엔아이,KOSDAQ,벤처기업부,14710,2,-910,-5.83,15770,15770,14700,43253,654862895,123284951300,8381030,KSQ
1387,464490,KR7464490002,쿼드메디슨,KOSDAQ,기술성장기업부,10730,2,-690,-6.04,11420,11540,10560,165743,1805356695,123203072490,11482113,KSQ
1388,036220,KR7036220002,오상헬스케어,KOSDAQ,우량기업부,8600,2,-580,-6.32,9180,9180,8600,122836,1075357200,123060977600,14309416,KSQ
1389,035000,KR7035000009,HS애드,KOSPI,,7590,2,-40,-0.52,7700,7720,7550,109804,837219405,123016017960,16207644,STK
1390,054050,KR7054050000,NH농우바이오,KOSDAQ,우량기업부,7670,2,-110,-1.41,7780,7780,7610,56102,431254260,122954402870,16030561,KSQ
1391,038110,KR7038110003,에코플라스틱,KOSDAQ,우량기업부,2985,2,-125,-4.02,3115,3155,2980,766581,2340781072,122890569450,41169370,KSQ
1392,001290,KR7001290006,상상인증권,KOSPI,,1132,2,-63,-5.27,1207,1251,1126,740032,876451202,122637619840,108337120,STK
1393,382840,KR7382840007,원준,KOSDAQ,중견기업부,7990,2,-570,-6.66,8590,8860,7980,137477,1141625795,122019932190,15271581,KSQ
1394,109740,KR7109740001,디에스케이,KOSDAQ,벤처기업부,4735,2,-105,-2.17,4840,4965,4680,56236,268695200,121738696650,25710390,KSQ
1395,007210,KR7007210008,벽산,KOSPI,,1861,2,-31,-1.64,1895,1900,1840,302514,565325734,121634960000,65360000,STK
1396,023800,KR7023800006,인지컨트롤스,KOSPI,,7680,2,-320,-4.0,8000,8130,7660,148813,1178366470,121414632960,15809197,STK
1397,309960,KR7309960003,LB인베스트먼트,KOSDAQ,중견기업부,5210,2,-240,-4.4,5470,5610,5210,58350,314218925,120961815190,23217239,KSQ
1398,090470,KR7090470006,제이스로보틱스,KOSDAQ,벤처기업부,6920,2,-250,-3.49,7180,7290,6910,108286,765949495,120938030480,17476594,KSQ
1399,086710,KR7086710001,선진뷰티사이언스,KOSDAQ,우량기업부,9900,2,-580,-5.53,10470,10470,9860,61019,613276010,120812472000,12203280,KSQ
1400,0015S0,KR70015S0005,페스카로,KOSDAQ,기술성장기업부,12240,2,-1050,-7.9,13260,13690,12230,101511,1293563460,120768775200,9866730,KSQ
1401,066430,KR7066430000,아이로보틱스,KOSDAQ,중견기업부,3080,4,710,29.96,2400,3080,2325,4296206,12535735819,120592706080,39153476,KSQ
1402,067830,KR7067830000,세이브존I&C,KOSPI,,2935,2,-130,-4.24,3020,3040,2910,134781,398033855,120455026825,41040895,STK
1403,072950,KR7072950009,빛샘전자,KOSDAQ,벤처기업부,14940,2,-2760,-15.59,17700,18320,14870,1270603,20310223840,120305993400,8052610,KSQ
1404,039980,KR7039980008,폴라리스AI,KOSDAQ,중견기업부,8250,2,-890,-9.74,9150,9410,8210,908197,8096596975,120084978750,14555755,KSQ
1405,029480,KR7029480001,광무,KOSDAQ,중견기업부,2010,2,-90,-4.29,2100,2160,2005,253154,532836581,120035455320,59719132,KSQ
1406,001020,KR7001020007,페이퍼코리아,KOSPI,,674,0,0,0.0,0,0,0,0,0,119960752962,177983313,STK
1407,261780,KR7261780001,차백신연구소,KOSDAQ,기술성장기업부,4445,1,735,19.81,4450,4775,3625,32680122,143110766072,119628267220,26912996,KSQ
1408,092040,KR7092040005,아미코젠,KOSDAQ,기술성장기업부,1693,2,-1,-0.06,1694,1745,1648,545686,922639804,119619570191,70655387,KSQ
1409,227840,KR7227840006,현대코퍼레이션홀딩스,KOSPI,,13130,1,150,1.16,12960,13260,12760,47954,620066425,119493976680,9100836,STK
1410,317770,KR7317770006,엑스페릭스,KOSDAQ,벤처기업부,3265,2,-235,-6.71,3510,3590,3235,508367,1697441310,119128569425,36486545,KSQ
1411,036010,KR7036010007,아비코전자,KOSDAQ,중견기업부,8960,2,-730,-7.53,9690,9900,8910,232310,2159621160,119104688640,13292934,KSQ
1412,073560,KR7073560005,우리손에프앤지,KOSDAQ,우량기업부,1720,2,-12,-0.69,1733,1755,1695,155430,267564163,119088745960,69237643,KSQ
1413,091120,KR7091120006,이엠텍,KOSDAQ,중견기업부,6950,2,-640,-8.43,7590,7600,6910,116955,836046320,119073905200,17132936,KSQ
1414,023900,KR7023900004,풍국주정,KOSDAQ,우량기업부,9450,2,-110,-1.15,9670,9670,9310,57231,541457645,119070000000,12600000,KSQ
1415,149980,KR7149980005,하이로닉,KOSDAQ,중견기업부,5610,2,-360,-6.03,5970,5980,5580,111258,633963575,118900376430,21194363,KSQ
1416,096250,KR7096250006,와이즈넛,KOSDAQ,기술성장기업부,9070,2,-480,-5.03,9470,9500,9070,66980,619303470,118865470080,13105344,KSQ
1417,228670,KR7228670006,레이,KOSDAQ,벤처기업부,7600,2,-420,-5.24,7990,8410,7570,148930,1183965445,118864159600,15640021,KSQ
1418,049520,KR7049520000,유아이엘,KOSDAQ,우량기업부,3850,2,-70,-1.79,3920,3935,3835,109990,426575025,118744106250,30842625,KSQ
1419,066310,KR7066310004,큐에스아이,KOSDAQ,벤처기업부,12750,2,-780,-5.76,13540,13750,12700,319773,4182837990,118213167750,9271621,KSQ
1420,246710,KR7246710008,티앤알바이오팹,KOSDAQ,기술성장기업부,2480,2,-245,-8.99,2730,2745,2450,634291,1596774879,118207969920,47664504,KSQ
1421,217330,KR7217330000,싸이토젠,KOSDAQ,기술성장기업부,5100,2,-50,-0.97,5170,5500,5100,343005,1829133110,117960689700,23129547,KSQ
1422,035080,KR7035080001,그래디언트,KOSDAQ,중견기업부,10310,2,-290,-2.74,10610,10640,10300,39668,412450415,117856538040,11431284,KSQ
1423,120030,KR7120030002,조선선재,KOSPI,,93700,2,-1000,-1.06,94700,94800,93100,1951,183213450,117841898700,1257651,STK
1424,337930,KR7337930002,젝시믹스,KOSDAQ,우량기업부,3970,1,60,1.53,3875,4135,3840,282814,1133630617,117815605750,29676475,KSQ
1425,002450,KR7002450005,삼익악기,KOSPI,,1301,2,-32,-2.4,1335,1344,1284,371265,485718907,117780720415,90530915,STK
1426,004140,KR7004140000,동방,KOSPI,,2455,2,-55,-2.19,2525,2525,2320,634311,1554588662,117770685530,47971766,STK
1427,357230,KR7357230002,에이치피오,KOSDAQ,우량기업부,2845,2,-115,-3.89,2960,2960,2840,374905,1077889878,117479939220,41293476,KSQ
1428,100130,KR7100130004,동국S&C,KOSDAQ,중견기업부,2055,2,-75,-3.52,2130,2170,2030,367982,768769485,117428865000,57143000,KSQ
1429,067000,KR7067000000,조이시티,KOSDAQ,중견기업부,1679,2,-140,-7.7,1826,1857,1676,580710,1008305903,117367885834,69903446,KSQ
1430,044990,KR7044990000,에이치엔에스하이텍,KOSDAQ,기술성장기업부,15270,2,-810,-5.04,16160,16500,15200,85058,1334401855,117356439750,7685425,KSQ
1431,460940,KR7460940000,피앤에스로보틱스,KOSDAQ,기술성장기업부,8720,2,-350,-3.86,9100,10250,8670,1352823,13103905260,117330041600,13455280,KSQ
1432,000440,KR7000440008,중앙에너비스,KOSDAQ,중견기업부,18740,2,-210,-1.11,18950,19500,18600,86248,1638309620,116696416200,6227130,KSQ
1433,311320,KR7311320006,지오엘리먼트,KOSDAQ,기술성장기업부,9250,2,-980,-9.58,10210,10210,9230,165945,1595702615,116684680000,12614560,KSQ
1434,038540,KR7038540001,상상인,KOSDAQ,중견기업부,2105,1,25,1.2,2115,2145,2065,73159,153080634,116466098865,55328313,KSQ
1435,950130,KR8840090003,엑세스바이오,KOSDAQ,외국기업(소속부없음),3310,2,-515,-13.46,3720,3790,3265,744202,2607390993,116425390540,35173834,KSQ
1436,041590,KR7041590001,플래스크,KOSDAQ,관리종목(소속부없음),2370,0,0,0.0,0,0,0,0,0,116064014460,48972158,KSQ
1437,034590,KR7034590000,인천도시가스,KOSPI,,26500,2,-100,-0.38,26800,26800,26400,1842,48875200,115930981000,4374754,STK
1438,076610,KR7076610005,해성옵틱스,KOSDAQ,벤처기업부,2180,2,-250,-10.29,2380,2480,2130,2791910,6322407133,115922459200,53175440,KSQ
1439,248170,KR7248170003,샘표식품,KOSPI,,25350,2,-500,-1.93,26150,26150,25200,24443,626904325,115806050100,4568286,STK
1440,331740,KR7331740001,아우토크립트,KOSDAQ,기술성장기업부,11860,2,-1040,-8.06,12700,12930,11600,114848,1410610925,115631335260,9749691,KSQ
1441,267850,KR7267850006,아시아나IDT,KOSPI,,10410,2,-370,-3.43,10660,10760,10120,57352,603038445,115551000000,11100000,STK
1442,018120,KR7018120006,진로발효,KOSDAQ,우량기업부,17440,3,0,0.0,17550,17590,17300,6852,119238260,115472332800,6621120,KSQ
1443,052860,KR7052860004,아이앤씨,KOSDAQ,벤처기업부,6460,2,-550,-7.85,7010,7190,6400,146407,987531890,115394036840,17862854,KSQ
1444,131370,KR7131370009,알서포트,KOSDAQ,벤처기업부,2165,2,-65,-2.91,2230,2280,2150,166325,365327759,115323234695,53267083,KSQ
1445,273640,KR7273640003,와이엠텍,KOSDAQ,벤처기업부,10490,2,-670,-6.0,11130,11280,10480,108701,1183225485,115033340000,10966000,KSQ
1446,051160,KR7051160000,지어소프트,KOSDAQ,중견기업부,7420,2,-380,-4.87,7720,7900,7370,92639,700287895,114820270600,15474430,KSQ
1447,225530,KR7225530005,HC보광산업,KOSDAQ,우량기업부,3150,1,155,5.18,3045,3300,3020,115879,366538544,114466990050,36338727,KSQ
1448,432470,KR7432470003,케이엔에스,KOSDAQ,벤처기업부,12930,2,-370,-2.78,13300,13980,12900,78328,1055809865,113416219080,8771556,KSQ
1449,014160,KR7014160006,대영포장,KOSPI,,1046,2,-15,-1.41,1065,1077,1040,879672,925809027,113380698254,108394549,STK
1450,476040,KR7476040001,오가노이드사이언스,KOSDAQ,기술성장기업부,17210,2,-1730,-9.13,19000,19100,17200,63239,1128273355,113340929600,6585760,KSQ
1451,036580,KR7036580009,팜스코,KOSPI,,3085,2,-175,-5.37,3235,3305,3085,163472,518645740,113305704155,36727943,STK
1452,079810,KR7079810008,APS이노베이션,KOSDAQ,우량기업부,5260,2,-410,-7.23,5800,5900,5230,364623,2011386110,113237774440,21528094,KSQ
1453,063170,KR7063170005,서울옥션,KOSDAQ,중견기업부,6350,2,-200,-3.05,6630,6980,6350,137448,908270725,112866595450,17774267,KSQ
1454,014790,KR7014790000,HL D&I,KOSPI,,2980,2,-75,-2.45,3055,3070,2970,56691,169936046,112818630980,37858601,STK
1455,096240,KR7096240007,크레버스,KOSDAQ,우량기업부,10500,1,280,2.74,10230,12000,10020,91098,971556155,112750890000,10738180,KSQ
1456,095720,KR7095720009,웅진씽크빅,KOSPI,,1984,2,-326,-14.11,2150,2225,1958,445685,909638744,112744936640,56827085,STK
1457,024880,KR7024880007,케이피에프,KOSDAQ,우량기업부,5590,2,-150,-2.61,5750,5810,5550,173795,982749540,112709794860,20162754,KSQ
1458,330730,KR7330730003,스톤브릿지벤처스,KOSDAQ,벤처기업부,6180,2,-220,-3.44,6520,6520,6180,105434,666958860,112586189400,18217830,KSQ
1459,042500,KR7042500009,링네트,KOSDAQ,우량기업부,5040,2,-140,-2.7,5260,5325,5020,636329,3263275855,112347365760,22291144,KSQ
1460,253840,KR7253840003,수젠텍,KOSDAQ,중견기업부,6700,2,-250,-3.6,6770,7440,6380,3798469,26228014630,112179440000,16743200,KSQ
1461,078140,KR7078140001,대봉엘에스,KOSDAQ,우량기업부,10100,2,-130,-1.27,10230,10260,10030,17311,175026020,111974447900,11086579,KSQ
1462,101330,KR7101330009,모베이스,KOSDAQ,중견기업부,4825,2,-265,-5.21,5090,5170,4815,699674,3486644436,111684414925,23147029,KSQ
1463,059210,KR7059210005,메타바이오메드,KOSDAQ,우량기업부,4110,2,-180,-4.2,4300,4330,4085,350645,1461336768,111674638950,27171445,KSQ
1464,089230,KR7089230007,THE E&M,KOSDAQ,중견기업부,2980,2,-495,-14.24,3470,3645,2790,1367639,4207935538,111515634920,37421354,KSQ
1465,059270,KR7059270009,해성에어로보틱스,KOSDAQ,기술성장기업부,9980,1,140,1.42,9930,11100,9900,1193482,12504606010,111429684020,11165299,KSQ
1466,032300,KR7032300006,한국파마,KOSDAQ,중견기업부,10200,2,-420,-3.95,10800,10800,10200,41660,430991500,111248350200,10906701,KSQ
1467,100700,KR7100700004,세운메디칼,KOSDAQ,우량기업부,2535,2,-30,-1.17,2575,2625,2515,176623,451537105,111033000000,43800000,KSQ
1468,278650,KR7278650007,HLB바이오스텝,KOSDAQ,중견기업부,1272,0,0,0.0,0,0,0,0,0,110870043648,87161984,KSQ
1469,348350,KR7348350000,위드텍,KOSDAQ,벤처기업부,11090,2,-160,-1.42,11280,11760,10600,127271,1440871125,110662674000,9978600,KSQ
1470,048770,KR7048770002,TPC로보틱스,KOSDAQ,벤처기업부,7040,2,-2330,-24.87,9760,10690,6970,2599718,22176795140,110513856640,15697991,KSQ
1471,265740,KR7265740001,엔에프씨,KOSDAQ,벤처기업부,6170,2,-430,-6.52,6590,6630,6160,296528,1863205490,110218412000,17863600,KSQ
1472,424960,KR7424960003,스마트레이더시스템,KOSDAQ,기술성장기업부,6660,2,-450,-6.33,7110,7160,6650,327245,2224192805,109790832600,16485110,KSQ
1473,011810,KR7011810009,STX,KOSPI,,3530,0,0,0.0,0,0,0,0,0,109493282310,31017927,STK
1474,298540,KR7298540006,더네이쳐홀딩스,KOSDAQ,우량기업부,7530,1,110,1.48,7350,7560,7100,54768,399785315,109082486580,14486386,KSQ
1475,007110,KR7007110000,일신석재,KOSPI,,1404,2,-61,-4.16,1465,1465,1395,2022850,2885073677,108749080440,77456610,STK
1476,058850,KR7058850009,KTcs,KOSPI,,2625,2,-10,-0.38,2635,2665,2605,307920,809520075,108686681250,41404450,STK
1477,228850,KR7228850004,레이언스,KOSDAQ,우량기업부,6520,2,-260,-3.83,6780,6850,6500,41239,274823160,108173411280,16591014,KSQ
1478,264900,KR7264900002,크라운제과,KOSPI,,8630,1,20,0.23,8610,8700,8260,37401,318615525,108080825500,12523850,STK
1479,006140,KR7006140008,피제이전자,KOSDAQ,우량기업부,7260,2,-360,-4.72,7690,8060,7230,330574,2539987135,107919900000,14865000,KSQ
1480,004590,KR7004590006,한국가구,KOSDAQ,중견기업부,7160,1,110,1.56,7220,7590,6920,318548,2311967120,107400000000,15000000,KSQ
1481,290720,KR7290720002,푸드나무,KOSDAQ,중견기업부,3055,2,-70,-2.24,3150,3290,2990,19818,61399750,107298143810,35122142,KSQ
1482,370090,KR7370090003,퓨런티어,KOSDAQ,기술성장기업부,12510,2,-980,-7.26,13490,13790,12500,116196,1513006120,107045943300,8556830,KSQ
1483,094940,KR7094940004,푸른기술,KOSDAQ,벤처기업부,12800,1,750,6.22,12120,14050,12090,1767658,23331033580,107025740800,8361386,KSQ
1484,094840,KR7094840006,슈프리마에이치큐,KOSDAQ,벤처기업부,10910,2,-450,-3.96,11360,11500,10600,71715,788613610,106984649190,9806109,KSQ
1485,007820,KR7007820004,엠엑스로보틱스,KOSDAQ,중견기업부,5340,1,20,0.38,5430,6000,5300,1409322,8031526245,106981271640,20033946,KSQ
1486,033290,KR7033290008,로젠,KOSDAQ,우량기업부,1904,2,-27,-1.4,1936,1948,1900,29717,57132166,106921597104,56156301,KSQ
1487,005740,KR7005740006,크라운해태홀딩스,KOSPI,,7190,2,-150,-2.04,7350,7360,6930,44248,319012070,106752424930,14847347,STK
1488,331920,KR7331920009,셀레믹스,KOSDAQ,기술성장기업부,13070,2,-170,-1.28,13250,14000,13050,89714,1217743295,106705414360,8164148,KSQ
1489,451220,KR7451220008,아이엠티,KOSDAQ,기술성장기업부,13520,2,-1250,-8.46,14770,15090,13500,131846,1847757280,106464740720,7874611,KSQ
1490,117670,KR7117670000,알파칩스,KOSDAQ,벤처기업부,15900,2,-2310,-12.69,18210,18210,15900,36897,627856470,105921697800,6661742,KSQ
1491,099750,KR7099750002,이지케어텍,KOSDAQ,벤처기업부,7740,2,-290,-3.61,8100,8100,7740,23745,186629480,105721999020,13659173,KSQ
1492,251120,KR7251120002,바이오에프디엔씨,KOSDAQ,기술성장기업부,12150,2,-890,-6.83,13020,13190,12150,71496,894225220,105652755000,8695700,KSQ
1493,054620,KR7054620000,APS,KOSDAQ,중견기업부,5740,2,-250,-4.17,5980,6170,5650,268931,1572309660,105582828540,18394221,KSQ
1494,053580,KR7053580007,웹케시,KOSDAQ,우량기업부,8150,1,30,0.37,8220,8700,8080,145628,1210938210,105578653400,12954436,KSQ
1495,088390,KR7088390000,이녹스,KOSDAQ,중견기업부,11230,2,-900,-7.42,12130,12140,10920,40939,475132165,105403028120,9385844,KSQ
1496,008260,KR7008260002,NI스틸,KOSPI,,3685,2,-50,-1.34,3760,3810,3620,226704,843947105,105391431145,28600117,STK
1497,074430,KR7074430000,아미노로직스,KOSDAQ,중견기업부,1198,2,-63,-5.0,1261,1261,1198,338521,412851310,105216559112,87826844,KSQ
1498,023450,KR7023450000,동남합성,KOSPI,,30050,1,100,0.33,31150,31150,29950,1465,44151525,105175000000,3500000,STK
1499,317830,KR7317830008,에스피시스템스,KOSDAQ,벤처기업부,9750,2,-740,-7.05,10340,11020,9750,341689,3614081830,105044725500,10773818,KSQ
1500,078935,KR7078931003,GS우,KOSPI,,58800,1,2000,3.52,56900,61100,55500,25460,1515922150,104947768800,1784826,STK
1501,063080,KR7063080006,컴투스홀딩스,KOSDAQ,중견기업부,15910,2,-360,-2.21,16270,17890,15730,107714,1772094075,104929504720,6595192,KSQ
1502,005870,KR7005870001,휴니드,KOSPI,,7430,2,-770,-9.39,8000,8080,7250,661729,4986860090,104881991450,14116015,STK
1503,066700,KR7066700006,테라젠이텍스,KOSDAQ,중견기업부,2800,2,-140,-4.76,2900,2940,2790,197288,561041968,104026652800,37152376,KSQ
1504,009300,KR7009300005,삼아제약,KOSDAQ,우량기업부,16280,2,-40,-0.25,16320,16440,16000,8446,136664550,103703600000,6370000,KSQ
1505,036630,KR7036630002,세종텔레콤,KOSDAQ,우량기업부,10370,1,230,2.27,10110,10390,9860,19793,202177300,103700000000,10000000,KSQ
1506,019680,KR7019680008,대교,KOSPI,,1224,2,-85,-6.49,1303,1303,1198,354849,437794534,103676288400,84702850,STK
1507,053260,KR7053260006,금강철강,KOSDAQ,우량기업부,5530,2,-30,-0.54,5560,5910,5330,404072,2265758290,103521600000,18720000,KSQ
1508,019550,KR7019550003,SBI인베스트먼트,KOSDAQ,중견기업부,638,0,0,0.0,0,0,0,0,0,103398474850,162066575,KSQ
1509,330350,KR7330350000,위더스제약,KOSDAQ,우량기업부,7830,2,-350,-4.28,8180,8180,7750,86605,685959660,103372748370,13202139,KSQ
1510,003310,KR7003310000,대주산업,KOSDAQ,우량기업부,2920,2,-135,-4.42,3020,3070,2910,758791,2263179893,103345662000,35392350,KSQ
1511,036420,KR7036420008,콘텐트리중앙,KOSPI,,5360,2,-90,-1.65,5450,5500,5280,38543,206455855,103245970880,19262308,STK
1512,006840,KR7006840003,AK홀딩스,KOSPI,,7790,2,-130,-1.64,7850,7920,7760,7073,55207610,103198500190,13247561,STK
1513,377480,KR7377480009,마음AI,KOSDAQ,기술성장기업부,14500,2,-1350,-8.52,15870,16210,14500,134102,2061937615,103098987500,7110275,KSQ
1514,007460,KR7007460009,에이프로젠,KOSPI,,4695,2,-985,-17.34,5550,5820,4540,1509590,7724184943,103072471260,21953668,STK
1515,389140,KR7389140005,포바이포,KOSDAQ,벤처기업부,7220,2,-570,-7.32,7800,7880,7220,166829,1256344010,103027486700,14269735,KSQ
1516,205470,KR7205470008,휴마시스,KOSDAQ,중견기업부,3980,2,-275,-6.46,4140,4200,3960,223405,900158233,102982503980,25875001,KSQ
1517,039340,KR7039340005,한국경제TV,KOSDAQ,우량기업부,4680,2,-115,-2.4,4795,4795,4595,28621,133247750,102960000000,22000000,KSQ
1518,37550L,KR737550K029,DL이앤씨2우(전환),KOSPI,,48650,2,-1350,-2.7,50800,50900,48050,22533,1107849875,102746416150,2111951,STK
1519,382480,KR7382480002,지아이텍,KOSDAQ,벤처기업부,2610,2,-235,-8.26,2880,2950,2605,1468563,4101924580,102722135400,39357140,KSQ
1520,040910,KR7040910002,아이씨디,KOSDAQ,중견기업부,5530,2,-320,-5.47,5960,5960,5510,80780,456663560,102715740750,18574275,KSQ
1521,101670,KR7101670008,하이드로리튬,KOSDAQ,중견기업부,1809,2,-105,-5.49,1914,1937,1807,1003081,1863698295,102709931283,56777187,KSQ
1522,294630,KR7294630009,서남,KOSDAQ,기술성장기업부,3895,2,-290,-6.93,4180,4180,3885,574523,2290650076,102696812505,26366319,KSQ
1523,052900,KR7052900008,KX하이텍,KOSDAQ,우량기업부,1478,2,-308,-17.25,1709,1870,1451,10498554,18112185669,102693260896,69481232,KSQ
1524,032560,KR7032560005,황금에스티,KOSPI,,6040,1,140,2.37,5900,6380,5780,176756,1076866700,102680000000,17000000,STK
1525,001275,KR7001271006,부국증권우,KOSPI,,34200,2,-300,-0.87,34950,34950,34200,2011,69307600,102600000000,3000000,STK
1526,008700,KR7008700007,아남전자,KOSPI,,1330,2,-28,-2.06,1348,1359,1320,615891,823319724,102576010600,77124820,STK
1527,463020,KR7463020008,뉴엔AI,KOSDAQ,기술성장기업부,11540,2,-990,-7.9,12530,12530,11510,74196,883615995,102465968000,8879200,KSQ
1528,017370,KR7017370008,우신시스템,KOSPI,,5580,2,-160,-2.79,5750,5840,5550,43287,245059925,102192421320,18314054,STK
1529,064800,KR7064800006,포니링크,KOSDAQ,중견기업부,799,0,0,0.0,0,0,0,0,0,102118031102,127807298,KSQ
1530,238090,KR7238090005,앤디포스,KOSDAQ,벤처기업부,3345,1,175,5.52,3170,3390,3000,248001,801564090,101990521800,30490440,KSQ
1531,063160,KR7063160006,종근당바이오,KOSPI,,18570,2,-230,-1.22,18870,18870,18560,18561,346422970,101874314340,5485962,STK
1532,002200,KR7002200004,한국수출포장,KOSPI,,2675,2,-35,-1.29,2705,2710,2640,126995,337828065,101650000000,38000000,STK
1533,321260,KR7321260002,프로이천,KOSDAQ,벤처기업부,3600,2,-670,-15.69,4195,4200,3600,2013947,7866211742,101491502400,28192084,KSQ
1534,030960,KR7030960009,양지사,KOSDAQ,중견기업부,6350,2,-230,-3.5,6600,6600,6260,31483,200307860,101473000000,15980000,KSQ
1535,352090,KR7352090005,스톰테크,KOSDAQ,우량기업부,3770,2,-65,-1.69,3835,3860,3765,52900,200485826,101311202460,26872998,KSQ
1536,004100,KR7004100004,태양금속,KOSPI,,2760,1,45,1.66,2750,2810,2670,442914,1218111337,101292000000,36700000,STK
1537,006660,KR7006660005,삼성공조,KOSPI,,12450,2,-400,-3.11,12850,13310,12400,113785,1457502085,101172609300,8126314,STK
1538,119650,KR7119650000,KC코트렐,KOSPI,,918,0,0,0.0,0,0,0,0,0,100782913662,109785309,STK
1539,212710,KR7212710008,아이에스티이,KOSDAQ,기술성장기업부,10470,2,-210,-1.97,10680,10940,10330,157405,1659413700,100752579660,9622978,KSQ
1540,011370,KR7011370004,서한,KOSDAQ,우량기업부,998,2,-17,-1.67,1019,1022,998,315485,317791278,100693075270,100894865,KSQ
1541,205500,KR7205500002,넥써쓰,KOSDAQ,중견기업부,1570,2,-97,-5.82,1633,1633,1500,243838,383181263,100655995430,64112099,KSQ
1542,251630,KR7251630000,브이원텍,KOSDAQ,벤처기업부,6310,2,-500,-7.34,6810,6960,6290,280458,1840378300,100599610660,15942886,KSQ
1543,411080,KR7411080005,샌즈랩,KOSDAQ,기술성장기업부,6580,2,-630,-8.74,7210,7310,6580,207679,1423124005,100461058040,15267638,KSQ
1544,081150,KR7081150005,티플랙스,KOSDAQ,중견기업부,4130,2,-660,-13.78,4895,4965,4090,3526366,16145469869,100228500260,24268402,KSQ
1545,229500,KR7229500004,노브메타파마,KONEX,일반기업부,7800,2,-950,-10.86,8010,9000,7800,3390,27613780,100164121200,12841554,KNX
1546,035610,KR7035610005,솔본,KOSDAQ,투자주의환기종목(소속부없음),3660,1,10,0.27,3685,3755,3650,69779,257185660,100086349020,27345997,KSQ
1547,246720,KR7246720007,아스타,KOSDAQ,관리종목(소속부없음),6070,0,0,0.0,0,0,0,0,0,99434491000,16381300,KSQ
1548,277880,KR7277880001,티에스아이,KOSDAQ,우량기업부,5010,2,-310,-5.83,5300,5430,5010,111738,578299520,99414492120,19843212,KSQ
1549,489460,KR7489460006,바이오비쥬,KOSDAQ,벤처기업부,6600,2,-240,-3.51,6800,7060,6600,66643,454097760,99293238000,15044430,KSQ
1550,303810,KR7303810006,동국생명과학,KOSDAQ,중견기업부,3100,2,-30,-0.96,3135,3200,3095,181979,567608688,99150834000,31984140,KSQ
1551,084650,KR7084650001,랩지노믹스,KOSDAQ,중견기업부,1332,2,-78,-5.53,1406,1423,1328,2352648,3197323070,98887666680,74239990,KSQ
1552,950190,KR8344390008,고스트스튜디오,KOSDAQ,외국기업(소속부없음),7560,2,-90,-1.18,7650,7700,7490,17004,128749050,98408966040,13017059,KSQ
1553,079980,KR7079980009,휴비스,KOSPI,,2850,2,-55,-1.89,2910,2925,2840,233581,672642056,98325000000,34500000,STK
1554,002700,KR7002700003,신일전자,KOSPI,,1400,2,-13,-0.92,1414,1434,1384,951149,1337980711,98066529400,70047521,STK
1555,058860,KR7058860008,KTis,KOSPI,,2805,2,-5,-0.18,2810,2840,2775,157276,440591515,97619610000,34802000,STK
1556,173130,KR7173130006,오파스넷,KOSDAQ,중견기업부,7470,3,0,0.0,7500,7670,7280,157330,1173248835,97457153310,13046473,KSQ
1557,025560,KR7025560004,미래산업,KOSPI,,19140,2,-2560,-11.8,21500,21500,18740,243375,4849158015,97438447920,5090828,STK
1558,043610,KR7043610005,KT지니뮤직,KOSDAQ,중견기업부,1675,1,5,0.3,1665,1701,1665,90834,152448723,97343358650,58115438,KSQ
1559,066790,KR7066790007,씨씨에스,KOSDAQ,관리종목(소속부없음),1493,0,0,0.0,0,0,0,0,0,97271994227,65152039,KSQ
1560,362320,KR7362320004,청담글로벌,KOSDAQ,중견기업부,4585,2,-160,-3.37,4700,4745,4570,77727,360266450,96978664650,21151290,KSQ
1561,120240,KR7120240007,대정화금,KOSDAQ,우량기업부,13450,2,-50,-0.37,13580,13670,13250,28304,381603315,96710758950,7190391,KSQ
1562,208370,KR7208370007,셀바스헬스케어,KOSDAQ,벤처기업부,3755,2,-150,-3.84,3905,4190,3750,199870,781056870,96655817820,25740564,KSQ
1563,068240,KR7068240001,다원시스,KOSDAQ,관리종목(소속부없음),2530,0,0,0.0,0,0,0,0,0,96553495610,38163437,KSQ
1564,026150,KR7026150003,특수건설,KOSDAQ,중견기업부,5500,2,-280,-4.84,5840,5840,5500,104612,585096865,96504820500,17546331,KSQ
1565,048530,KR7048530000,인트론바이오,KOSDAQ,기술성장기업부,3120,2,-160,-4.88,3280,3300,3120,212370,674218929,96382284960,30891758,KSQ
1566,163560,KR7163560006,동일고무벨트,KOSPI,,6920,2,-80,-1.14,7090,7090,6730,25448,175472050,96188000000,13900000,STK
1567,024740,KR7024740003,한일단조,KOSDAQ,우량기업부,2920,2,-100,-3.31,2995,3025,2915,329570,972955492,96059383080,32897049,KSQ
1568,010660,KR7010660009,화천기계,KOSPI,,4365,2,-105,-2.35,4475,4500,4210,314152,1371691495,96030000000,22000000,STK
1569,448710,KR7448710004,코츠테크놀로지,KOSDAQ,벤처기업부,18150,2,-1520,-7.73,19670,19710,18110,106851,2010263225,95928049800,5285292,KSQ
1570,003580,KR7003580008,HLB글로벌,KOSPI,,1893,2,-61,-3.12,1954,1974,1790,221102,418210012,95906014965,50663505,STK
1571,007980,KR7007980006,TP,KOSPI,,2045,1,45,2.25,2035,2090,1995,630431,1284293608,95905080750,46897350,STK
1572,031820,KR7031820004,아이티센씨티에스,KOSPI,,7910,1,160,2.06,8320,8440,7780,292581,2355229315,95751704860,12105146,STK
1573,048550,KR7048550008,SM C&C,KOSDAQ,중견기업부,990,2,-17,-1.69,1008,1016,984,302277,300982289,95747473800,96714620,KSQ
1574,065440,KR7065440000,이루온,KOSDAQ,벤처기업부,3510,2,-610,-14.81,4110,4115,3500,2600834,9661956418,95735320200,27275020,KSQ
1575,010280,KR7010280006,아이티센엔텍,KOSDAQ,우량기업부,7350,1,430,6.21,7790,7950,7020,526458,3980077485,95731963950,13024757,KSQ
1576,058630,KR7058630005,엠게임,KOSDAQ,우량기업부,4980,2,-290,-5.5,5320,5530,4915,302757,1529121780,95628818520,19202574,KSQ
1577,004840,KR7004840005,DRB동일,KOSPI,,4955,2,-45,-0.9,5000,5110,4940,13165,65527164,95494563620,19272364,STK
1578,0015N0,KR70015N0000,아로마티카,KOSDAQ,벤처기업부,7510,2,-640,-7.85,8150,8210,7490,208194,1610712635,95490025500,12715050,KSQ
1579,082850,KR7082850009,우리바이오,KOSDAQ,중견기업부,1970,2,-65,-3.19,2035,2055,1957,274808,545872084,95459458660,48456578,KSQ
1580,000230,KR7000230003,일동홀딩스,KOSPI,,8270,2,-250,-2.93,8690,8690,8190,48651,404164985,95439108000,11540400,STK
1581,091440,KR7091440008,한울소재과학,KOSDAQ,투자주의환기종목(소속부없음),2935,2,-95,-3.14,3065,3090,2890,278436,822137860,95302505335,32471041,KSQ
1582,419050,KR7419050000,삼기에너지솔루션즈,KOSDAQ,중견기업부,1662,2,-120,-6.73,1783,1820,1659,398133,687376647,95060150880,57196240,KSQ
1583,452200,KR7452200009,민테크,KOSDAQ,기술성장기업부,3920,2,-580,-12.89,4500,4500,3920,562572,2315441600,94992576000,24232800,KSQ
1584,418470,KR7418470001,KT밀리의서재,KOSDAQ,우량기업부,11070,2,-590,-5.06,11680,11780,11070,153494,1730148180,94823284230,8565789,KSQ
1585,019540,KR7019540004,일지테크,KOSDAQ,우량기업부,7000,1,160,2.34,6940,7440,6730,223886,1593184410,94594500000,13513500,KSQ
1586,041930,KR7041930009,SY동아,KOSDAQ,우량기업부,6220,2,-210,-3.27,6480,6500,6220,47460,300629485,94544000000,15200000,KSQ
1587,072020,KR7072020001,중앙백신,KOSDAQ,벤처기업부,9990,2,-140,-1.38,10200,10230,9950,39219,392703140,94492283130,9458687,KSQ
1588,014440,KR7014440002,영보화학,KOSPI,,4720,2,-5,-0.11,4740,4750,4650,66395,312138390,94400000000,20000000,STK
1589,067290,KR7067290007,JW신약,KOSDAQ,중견기업부,1684,2,-71,-4.05,1798,1798,1675,376536,644986953,94366481452,56037103,KSQ
1590,014970,KR7014970008,삼륭물산,KOSDAQ,중견기업부,6360,2,-340,-5.07,6750,6750,6300,80178,513580650,94287000000,14825000,KSQ
1591,002210,KR7002210003,동성제약,KOSPI,,973,0,0,0.0,0,0,0,0,0,94010780311,96619507,STK
1592,060590,KR7060590007,씨티씨바이오,KOSDAQ,중견기업부,3880,2,-120,-3.0,4040,4150,3875,153790,612441241,93822357600,24181020,KSQ
1593,041910,KR7041910001,폴라리스AI파마,KOSDAQ,우량기업부,7050,2,-490,-6.5,7550,7620,7050,310997,2280783115,93647617500,13283350,KSQ
1594,054670,KR7054670005,대한뉴팜,KOSDAQ,우량기업부,6520,2,-30,-0.46,6580,6630,6420,47494,308603970,93594078400,14354920,KSQ
1595,023000,KR7023000003,삼원강재,KOSPI,,2335,3,0,0.0,2335,2355,2305,45528,105836528,93400000000,40000000,STK
1596,347890,KR7347890006,엠엑스온,KOSDAQ,벤처기업부,5500,2,-110,-1.96,5610,5680,5400,41086,229410300,93297622000,16963204,KSQ
1597,093920,KR7093920007,서원인텍,KOSDAQ,우량기업부,5010,2,-90,-1.76,5180,5180,5000,30355,152982450,93186000000,18600000,KSQ
1598,025550,KR7025550005,한국선재,KOSDAQ,중견기업부,3650,2,-85,-2.28,3710,3825,3560,626057,2291333676,93126114600,25514004,KSQ
1599,006890,KR7006890008,태경케미컬,KOSPI,,8020,2,-110,-1.35,8130,8370,7990,61580,495588175,93032000000,11600000,STK
1600,265560,KR7265560003,영화테크,KOSDAQ,우량기업부,8700,2,-600,-6.45,9340,9480,8680,91108,828418685,93004566000,10690180,KSQ
1601,066590,KR7066590001,스모트로닉,KOSDAQ,중견기업부,2400,2,-80,-3.23,2480,2590,2400,219570,536424832,92827048800,38677937,KSQ
1602,201490,KR7201490000,미투온,KOSDAQ,중견기업부,2845,2,-165,-5.48,3100,3150,2835,392469,1165901450,92729389450,32593810,KSQ
1603,056360,KR7056360001,코위버,KOSDAQ,벤처기업부,9440,2,-1260,-11.78,10680,10710,9380,445665,4412323705,92481792000,9796800,KSQ
1604,191420,KR7191420009,테고사이언스,KOSDAQ,벤처기업부,11370,2,-630,-5.25,11910,11910,11250,25178,288658520,92197442580,8108834,KSQ
1605,058400,KR7058400003,KNN,KOSDAQ,우량기업부,696,2,-7,-1.0,698,708,696,177251,123798969,92171085120,132429720,KSQ
1606,142280,KR7142280007,녹십자엠에스,KOSDAQ,중견기업부,4235,2,-465,-9.89,4570,4670,4200,2072963,9153733094,92077056610,21741926,KSQ
1607,439580,KR7439580002,블루엠텍,KOSDAQ,기술성장기업부,2720,2,-150,-5.23,2870,2920,2720,253402,704173492,92062607840,33846547,KSQ
1608,170030,KR7170030001,현대공업,KOSDAQ,우량기업부,6000,2,-140,-2.28,6200,6300,6000,389477,2402819785,92040000000,15340000,KSQ
1609,040420,KR7040420002,정상제이엘에스,KOSDAQ,우량기업부,5870,1,20,0.34,5830,5900,5810,34783,203501335,92027230240,15677552,KSQ
1610,175140,KR7175140003,휴먼테크놀로지,KOSDAQ,투자주의환기종목(소속부없음),3685,2,-120,-3.15,3810,3820,3620,73903,272251012,91919572305,24944253,KSQ
1611,413390,KR7413390006,엠오티,KOSDAQ,중견기업부,7930,2,-590,-6.92,8530,8690,7900,114660,945836510,91830827400,11580180,KSQ
1612,263600,KR7263600009,덕우전자,KOSDAQ,중견기업부,5760,2,-400,-6.49,6150,6300,5750,132954,789801140,91758585600,15930310,KSQ
1613,105740,KR7105740005,디케이락,KOSDAQ,우량기업부,8980,2,-400,-4.26,9420,9550,8980,160144,1478903525,91313246740,10168513,KSQ
1614,234300,KR7234300002,에스트래픽,KOSDAQ,우량기업부,3350,2,-75,-2.19,3425,3485,3345,100649,340554550,91146063000,27207780,KSQ
1615,096775,KR7096771001,SK이노베이션우,KOSPI,,73000,2,-1000,-1.35,74100,77500,72600,6869,513083250,91135098000,1248426,STK
1616,095270,KR7095270005,웨이브일렉트로,KOSDAQ,벤처기업부,6340,2,-340,-5.09,6820,6850,6200,795364,5135513415,91121054040,14372406,KSQ
1617,004650,KR7004650008,창해에탄올,KOSDAQ,우량기업부,9900,2,-100,-1.0,10000,10280,9820,53867,534492615,90989761500,9190885,KSQ
1618,388870,KR7388870008,파로스아이바이오,KOSDAQ,기술성장기업부,7020,2,-380,-5.14,7500,7540,7010,122933,881038440,90880442640,12945932,KSQ
1619,104040,KR7104040001,디에스엠,KOSDAQ,벤처기업부,677,0,0,0.0,0,0,0,0,0,90763918202,134067826,KSQ
1620,011150,KR7011150000,CJ씨푸드,KOSPI,,2525,2,-15,-0.59,2540,2555,2495,150206,377911889,90725201825,35930773,STK
1621,065530,KR7065530008,와이어블,KOSDAQ,우량기업부,1888,2,-81,-4.11,1979,1979,1888,425810,812794980,90319576992,47838759,KSQ
1622,054040,KR7054040001,한국컴퓨터,KOSDAQ,우량기업부,5600,1,20,0.36,5590,5780,5470,163023,922516850,89999224000,16071290,KSQ
1623,131400,KR7131400004,이브이첨단소재,KOSDAQ,벤처기업부,1510,2,-103,-6.39,1610,1639,1509,672515,1040638326,89983741820,59591882,KSQ
1624,137950,KR7137950002,제이씨케미칼,KOSDAQ,우량기업부,4040,2,-175,-4.15,4215,4215,4020,203931,830089108,89961968560,22267814,KSQ
1625,096350,KR7096350004,대창솔루션,KOSDAQ,벤처기업부,2440,2,-125,-4.87,2580,2700,2430,562469,1400982689,89925619280,36854762,KSQ
1626,002720,KR7002720001,국제약품,KOSPI,,4245,2,-105,-2.41,4355,4370,4170,102267,434230994,89823486840,21159832,STK
1627,012700,KR7012700001,리드코프,KOSDAQ,우량기업부,3425,2,-35,-1.01,3460,3495,3390,81426,279086977,89717368100,26194852,KSQ
1628,299660,KR7299660001,셀리드,KOSDAQ,기술성장기업부,3040,2,-185,-5.74,3220,3220,2980,736188,2267943190,89689050080,29502977,KSQ
1629,039610,KR7039610001,화성밸브,KOSDAQ,우량기업부,8600,2,-70,-0.81,8670,8820,8410,122479,1052026640,89529440000,10410400,KSQ
1630,391710,KR7391710001,코닉오토메이션,KOSDAQ,벤처기업부,2100,2,-70,-3.23,2185,2365,2100,576667,1297330027,89502987000,42620470,KSQ
1631,038460,KR7038460002,바이오스마트,KOSDAQ,우량기업부,3540,2,-40,-1.12,3780,3780,3540,446644,1639701776,89471878680,25274542,KSQ
1632,463480,KR7463480004,모티브링크,KOSDAQ,중견기업부,7220,2,-520,-6.72,7750,7960,7190,117253,894413210,89458384760,12390358,KSQ
1633,044340,KR7044340008,위닉스,KOSDAQ,중견기업부,5000,2,-100,-1.96,5100,5160,4965,57881,290873858,89367125000,17873425,KSQ
1634,222110,KR7222110009,팬젠,KOSDAQ,기술성장기업부,6610,1,440,7.13,6170,7080,6120,397191,2667492765,89330904490,13514509,KSQ
1635,046940,KR7046940003,우원개발,KOSDAQ,우량기업부,4940,2,-220,-4.26,5190,5240,4785,332723,1682105600,89287289000,18074350,KSQ
1636,203690,KR7203690003,아크솔루션스,KOSDAQ,관리종목(소속부없음),4425,0,0,0.0,0,0,0,0,0,89196141000,20157320,KSQ
1637,241690,KR7241690007,유니테크노,KOSDAQ,우량기업부,3645,2,-140,-3.7,3785,3825,3645,89081,333184659,89195723370,24470706,KSQ
1638,140070,KR7140070004,서플러스글로벌,KOSDAQ,벤처기업부,2410,2,-120,-4.74,2530,2555,2410,318214,784426115,89141080000,36988000,KSQ
1639,004890,KR7004890000,동일산업,KOSPI,,36750,2,-550,-1.47,37900,37900,36750,1462,54534550,89126651250,2425215,STK
1640,217500,KR7217500008,러셀,KOSDAQ,벤처기업부,2795,2,-155,-5.25,3010,3275,2790,2057554,6259345135,88914540000,31812000,KSQ
1641,348150,KR7348150004,고바이오랩,KOSDAQ,기술성장기업부,4550,2,-160,-3.4,4800,4950,4525,155703,729731575,88355944950,19418889,KSQ
1642,000590,KR7000590000,CS홀딩스,KOSPI,,76100,2,-1700,-2.19,77700,77700,75700,283,21542700,87856080200,1154482,STK
1643,024830,KR7024830002,세원물산,KOSDAQ,관리종목(소속부없음),10510,2,-180,-1.68,10790,10790,10310,1215,12637500,87758500000,8350000,KSQ
1644,011000,KR7011000007,진원생명과학,KOSPI,,965,2,-49,-4.83,1014,1052,960,2403116,2391807239,87702005255,90882907,STK
1645,061040,KR7061040002,알에프텍,KOSDAQ,중견기업부,1937,0,0,0.0,0,0,0,0,0,87632039755,45241115,KSQ
1646,009180,KR7009180001,한솔로지스틱스,KOSPI,,3105,3,0,0.0,3105,3185,3045,172010,533790711,87423836625,28155825,STK
1647,020710,KR7020710000,시공테크,KOSDAQ,우량기업부,4360,2,-125,-2.79,4480,4520,4290,303045,1327989521,87409149200,20047970,KSQ
1648,088280,KR7088280003,쏘닉스,KOSDAQ,기술성장기업부,5050,2,-560,-9.98,5680,5680,5000,704527,3668116770,87397774500,17306490,KSQ
1649,124560,KR7124560004,태웅로직스,KOSDAQ,우량기업부,2255,2,-95,-4.04,2365,2365,2250,194346,442946594,87315428805,38720811,KSQ
1650,067570,KR7067570002,엔브이에이치코리아,KOSDAQ,중견기업부,2070,2,-10,-0.48,2105,2130,2060,130393,273197941,87291900000,42170000,KSQ
1651,013360,KR7013360003,일성건설,KOSPI,,1615,2,-62,-3.7,1700,1700,1615,213861,349329766,87250181200,54024880,STK
1652,002600,KR7002600005,조흥,KOSPI,,145400,2,-600,-0.41,145000,145500,144100,211,30547900,87240000000,600000,STK
1653,000105,KR7000101006,유한양행우,KOSPI,,73700,2,-1400,-1.86,75100,75400,73000,2501,185637500,87035278000,1180940,STK
1654,111380,KR7111380002,동인기연,KOSPI,,14200,1,880,6.61,13330,14660,13290,79564,1128292835,87017600000,6128000,STK
1655,168330,KR7168330009,내츄럴엔도텍,KOSDAQ,투자주의환기종목(소속부없음),2740,1,345,14.41,2405,3100,2350,1360297,3814302454,87008426000,31754900,KSQ
1656,302430,KR7302430004,이노메트리,KOSDAQ,벤처기업부,8830,2,-410,-4.44,9250,9600,8800,87677,802185925,86827226640,9833208,KSQ
1657,227950,KR7227950003,엔투텍,KOSDAQ,벤처기업부,503,0,0,0.0,0,0,0,0,0,86788146641,172541047,KSQ
1658,085310,KR7085310001,엔케이,KOSPI,,1169,0,0,0.0,0,0,0,0,0,86717288567,74180743,STK
1659,083790,KR7083790006,CG인바이츠,KOSDAQ,벤처기업부,1126,2,-64,-5.38,1199,1199,1124,141127,160693503,86582848932,76894182,KSQ
1660,010960,KR7010960003,삼호개발,KOSPI,,3575,2,-135,-3.64,3710,3710,3575,89743,325466308,86229000000,24120000,STK
1661,084730,KR7084730001,팅크웨어,KOSDAQ,중견기업부,7740,2,-320,-3.97,8060,8060,7600,25865,201720310,85986941760,11109424,KSQ
1662,302550,KR7302550009,리메드,KOSDAQ,기술성장기업부,2775,2,-95,-3.31,2885,2885,2775,56943,159928832,85767341250,30907150,KSQ
1663,475430,KR7475430005,키스트론,KOSDAQ,중견기업부,4805,2,-425,-8.13,5240,5300,4800,581834,2887679197,85760168550,17848110,KSQ
1664,315640,KR7315640003,딥노이드,KOSDAQ,기술성장기업부,2915,2,-130,-4.27,3045,3110,2900,312325,931851369,85620056280,29372232,KSQ
1665,000180,KR7000180000,성창기업지주,KOSPI,,6130,2,-190,-3.01,6330,6400,6100,23337,144884430,85515461600,13950320,STK
1666,347860,KR7347860009,알체라,KOSDAQ,중견기업부,2070,2,-95,-4.39,2190,2225,2050,469449,993886968,85492972710,41300953,KSQ
1667,039010,KR7039010004,현대에이치티,KOSDAQ,우량기업부,9900,2,-510,-4.9,10420,10460,9880,60938,614937730,85387500000,8625000,KSQ
1668,005750,KR7005750005,대림바스,KOSPI,,5120,2,-200,-3.76,5320,5320,5080,56179,290055210,85361868800,16672240,STK
1669,081180,KR7081180002,쎄크,KOSDAQ,기술성장기업부,9650,2,-1590,-14.15,11240,11240,9560,452915,4596354185,85166412750,8825535,KSQ
1670,130580,KR7130580004,나이스디앤비,KOSDAQ,우량기업부,5530,1,150,2.79,5380,5690,5360,27275,151102375,85162000000,15400000,KSQ
1671,001260,KR7001260009,남광토건,KOSPI,,8640,2,-260,-2.92,9160,9160,8590,31540,276452755,84953422080,9832572,STK
1672,033230,KR7033230004,인성정보,KOSDAQ,중견기업부,1681,2,-57,-3.28,1730,1766,1681,547887,939902948,84916353780,50515380,KSQ
1673,338100,KR7338100001,NH프라임리츠,KOSPI,,4550,2,-50,-1.09,4600,4680,4545,91110,417065705,84903000000,18660000,STK
1674,017650,KR7017650003,대림제지,KOSDAQ,우량기업부,9640,2,-60,-0.62,9700,9750,9600,63857,618325360,84687400000,8785000,KSQ
1675,451250,KR7451250005,삐아,KOSDAQ,벤처기업부,8280,1,40,0.49,8350,8830,8130,64950,546936555,84670261560,10225877,KSQ
1676,311690,KR7311690002,CJ 바이오사이언스,KOSDAQ,기술성장기업부,6470,2,-390,-5.69,6860,6880,6460,60213,396395845,84533539140,13065462,KSQ
1677,049480,KR7049480007,오픈베이스,KOSDAQ,우량기업부,2690,2,-115,-4.1,2825,2825,2690,621883,1699144355,84526210270,31422383,KSQ
1678,110790,KR7110790003,크리스에프앤씨,KOSDAQ,우량기업부,3605,2,-150,-3.99,3755,3755,3555,57119,208426998,84468610800,23430960,KSQ
1679,217190,KR7217190008,제너셈,KOSDAQ,벤처기업부,6420,2,-1080,-14.4,7500,7500,6390,445987,3043828930,84447145620,13153761,KSQ
1680,048430,KR7048430003,유라테크,KOSDAQ,우량기업부,7330,2,-70,-0.95,7450,7800,7300,61051,456306950,84441600000,11520000,KSQ
1681,232830,KR7232830000,아이티센피엔에스,KOSDAQ,벤처기업부,5090,2,-60,-1.17,5430,5450,5010,202012,1055981135,84156665340,16533726,KSQ
1682,067370,KR7067370007,선바이오,KOSDAQ,기술성장기업부,6900,2,-380,-5.22,7200,7240,6730,39192,271174440,84135529500,12193555,KSQ
1683,109070,KR7109070003,주성코퍼레이션,KOSPI,,1593,2,-140,-8.08,1751,1751,1592,622287,1014949131,84126696390,52810230,STK
1684,013870,KR7013870001,지엠비코리아,KOSPI,,4410,2,-105,-2.33,4515,4600,4400,45731,204665370,84108754800,19072280,STK
1685,018500,KR7018500009,동원금속,KOSPI,,1798,1,10,0.56,1804,1835,1755,286873,511402970,84065369534,46754933,STK
1686,036090,KR7036090009,위지트,KOSDAQ,중견기업부,710,0,0,0.0,0,0,0,0,0,84058521640,118392284,KSQ
1687,950220,KR8840140006,네오이뮨텍,KOSDAQ,기술성장기업부,501,0,0,0.0,0,0,0,0,0,83987339400,167639400,KSQ
1688,067170,KR7067170001,오텍,KOSDAQ,중견기업부,3455,2,-725,-17.34,4090,4100,3455,1273068,4689482015,83969670460,24303812,KSQ
1689,065510,KR7065510000,휴비츠,KOSDAQ,우량기업부,7310,2,-170,-2.27,7620,7620,7280,62892,463966950,83961658530,11485863,KSQ
1690,049180,KR7049180003,셀루메드,KOSDAQ,투자주의환기종목(소속부없음),1009,0,0,0.0,0,0,0,0,0,83948814126,83200014,KSQ
1691,071670,KR7071670004,에이테크솔루션,KOSDAQ,중견기업부,8390,2,-650,-7.19,9050,9110,8380,67158,585472555,83900000000,10000000,KSQ
1692,183490,KR7183490002,엔지켐생명과학,KOSDAQ,관리종목(소속부없음),990,0,0,0.0,0,0,0,0,0,83793832650,84640235,KSQ
1693,299170,KR7299170001,더블유에스아이,KOSDAQ,중견기업부,2010,2,-85,-4.06,2095,2145,2010,715581,1489800580,83437688880,41511288,KSQ
1694,055490,KR7055490007,테이팩스,KOSPI,,17490,2,-110,-0.63,18270,18270,16500,90879,1586206145,83421178500,4769650,STK
1695,013700,KR7013700000,까뮤이앤씨,KOSPI,,1396,1,151,12.13,1245,1486,1210,2862971,4016113844,83412158680,59750830,STK
1696,048910,KR7048910004,대원미디어,KOSDAQ,우량기업부,6620,2,-320,-4.61,6960,6960,6570,259622,1733258545,83272622520,12578946,KSQ
1697,037760,KR7037760006,쎄니트,KOSDAQ,중견기업부,2460,1,60,2.5,2380,2475,2350,59895,146611585,83228985660,33832921,KSQ
1698,071090,KR7071090005,하이스틸,KOSPI,,4120,1,55,1.35,4070,4215,3930,542891,2221862198,83188860520,20191471,STK
1699,004440,KR7004440004,삼일씨엔에스,KOSPI,,6530,2,-40,-0.61,6580,6590,6250,36983,236409855,83139613910,12731947,STK
1700,453860,KR7453860009,에이에스텍,KOSDAQ,벤처기업부,12900,2,-400,-3.01,13300,13470,12810,22332,289136250,83133056700,6444423,KSQ
1701,038680,KR7038680005,에스넷,KOSDAQ,우량기업부,4170,2,-210,-4.79,4455,4540,4155,411154,1775442181,83035717140,19912642,KSQ
1702,171120,KR7171120009,라이온켐텍,KOSDAQ,우량기업부,2310,2,-90,-3.75,2415,2415,2290,433713,1009683566,82933065600,35901760,KSQ
1703,290660,KR7290660000,다이나믹솔루션,KOSDAQ,기술성장기업부,985,1,69,7.53,960,1008,917,2436962,2355673929,82864584770,84126482,KSQ
1704,001560,KR7001560002,제일연마,KOSPI,,10900,1,50,0.46,10850,11370,10850,6383,70038245,82840000000,7600000,STK
1705,382150,KR7382150001,온코크로스,KOSDAQ,기술성장기업부,6750,2,-340,-4.8,7300,7300,6710,72269,500103980,82322709750,12195957,KSQ
1706,35320K,KR735320K011,대덕전자1우,KOSPI,,39250,2,-4700,-10.69,44400,45900,38100,65606,2717337400,82249120750,2095519,STK
1707,459100,KR7459100004,위츠,KOSDAQ,중견기업부,6100,2,-490,-7.44,6590,6650,6100,99030,627752155,82143210000,13466100,KSQ
1708,036640,KR7036640001,HRS,KOSDAQ,우량기업부,5010,2,-40,-0.79,5040,5120,4995,75464,381021100,81937548000,16354800,KSQ
1709,002800,KR7002800001,신신제약,KOSDAQ,우량기업부,5380,2,-120,-2.18,5500,5530,5360,53826,292444390,81617290000,15170500,KSQ
1710,155650,KR7155650005,와이엠씨,KOSDAQ,우량기업부,4300,2,-195,-4.34,4415,4485,4300,177965,779830846,81589739400,18974358,KSQ
1711,461030,KR7461030009,아이엠비디엑스,KOSDAQ,기술성장기업부,5690,2,-470,-7.63,6140,6190,5670,95091,559964195,81563401730,14334517,KSQ
1712,004720,KR7004720009,팜젠사이언스,KOSPI,,3715,2,-125,-3.26,3840,3845,3700,59926,224066325,81560974930,21954502,STK
1713,192250,KR7192250009,케이사인,KOSDAQ,벤처기업부,11540,2,-570,-4.71,12160,12210,11470,55114,646851540,81554622500,7067125,KSQ
1714,092300,KR7092300003,현우산업,KOSDAQ,우량기업부,4280,2,-135,-3.06,4490,4972,4120,1821986,8339594862,81533726080,19049936,KSQ
1715,175250,KR7175250000,아이큐어,KOSDAQ,관리종목(소속부없음),2170,0,0,0.0,0,0,0,0,0,81501658560,37558368,KSQ
1716,145170,KR7145170007,노브랜드,KOSDAQ,중견기업부,4820,2,-280,-5.49,5120,5470,4820,835569,4290261130,81498512100,16908405,KSQ
1717,100220,KR7100220003,비상교육,KOSPI,,6270,1,40,0.64,6240,6350,6130,46042,286715305,81489566070,12996741,STK
1718,060310,KR7060310000,3S,KOSDAQ,벤처기업부,1535,2,-159,-9.39,1694,1720,1533,1475215,2350532530,81445626400,53059040,KSQ
1719,128660,KR7128660008,피제이메탈,KOSDAQ,우량기업부,3280,2,-60,-1.8,3360,3440,3260,249628,828937072,81355050320,24803369,KSQ
1720,007590,KR7007590003,동방아그로,KOSPI,,5965,2,-5,-0.08,6020,6090,5940,10532,63201520,81228846805,13617577,STK
1721,412540,KR7412540007,제일엠앤에스,KOSDAQ,관리종목(소속부없음),3935,0,0,0.0,0,0,0,0,0,81063616775,20600665,KSQ
1722,347000,KR7347000002,센코,KOSDAQ,기술성장기업부,2140,2,-125,-5.52,2255,2255,2140,413763,907864460,80915210440,37810846,KSQ
1723,216050,KR7216050005,인크로스,KOSDAQ,중견기업부,6290,2,-90,-1.41,6410,6440,6210,85059,537186750,80783866380,12843222,KSQ
1724,011320,KR7011320009,유니크,KOSDAQ,우량기업부,4170,2,-220,-5.01,4335,4375,4160,89992,382893125,80567298150,19320695,KSQ
1725,208140,KR7208140004,정다운,KOSDAQ,우량기업부,2465,3,0,0.0,2465,2485,2430,77760,190570575,80566666390,32684246,KSQ
1726,443250,KR7443250006,레뷰코퍼레이션,KOSDAQ,벤처기업부,7230,1,180,2.55,7030,7250,6940,43693,309586560,80526004800,11137760,KSQ
1727,053280,KR7053280004,예스24,KOSDAQ,중견기업부,3220,2,-30,-0.92,3260,3285,3120,38862,124932149,80500000000,25000000,KSQ
1728,033320,KR7033320003,제이씨현시스템,KOSDAQ,벤처기업부,4205,2,-170,-3.89,4375,4405,4200,170443,729868569,80376186560,19114432,KSQ
1729,046210,KR7046210001,HLB파나진,KOSDAQ,벤처기업부,1762,2,-71,-3.87,1833,1849,1740,143209,255070352,80220265520,45527960,KSQ
1730,032850,KR7032850000,비트컴퓨터,KOSDAQ,벤처기업부,4815,2,-195,-3.89,5020,5080,4815,219842,1078618279,80041155795,16623293,KSQ
1731,001470,KR7001470004,삼부토건,KOSPI,,347,0,0,0.0,0,0,0,0,0,79699592928,229681824,STK
1732,037440,KR7037440005,희림,KOSDAQ,우량기업부,5720,2,-380,-6.23,6200,6330,5590,742508,4373798085,79636557000,13922475,KSQ
1733,222160,KR7222160004,NPX,KOSDAQ,관리종목(소속부없음),8040,0,0,0.0,0,0,0,0,0,79551289560,9894439,KSQ
1734,126880,KR7126880004,제이엔케이글로벌,KOSDAQ,우량기업부,3420,2,-80,-2.29,3560,3580,3420,149825,519987535,79360768260,23204903,KSQ
1735,134580,KR7134580000,탑코미디어,KOSDAQ,중견기업부,1608,2,-72,-4.29,1700,1785,1600,92144,152246999,79264991592,49294149,KSQ
1736,111710,KR7111710000,남화산업,KOSDAQ,중견기업부,3845,2,-40,-1.03,3865,3885,3845,648,2502480,79160860000,20588000,KSQ
1737,215360,KR7215360009,우리산업,KOSDAQ,우량기업부,8660,2,-270,-3.02,9090,9270,8590,72358,650208645,79084531580,9132163,KSQ
1738,215790,KR7215790007,이노인스트루먼트,KOSDAQ,중견기업부,1961,2,-349,-15.11,2185,2240,1960,4256756,9031560556,78995255189,40283149,KSQ
1739,214330,KR7214330003,금호에이치티,KOSPI,,3620,2,-150,-3.98,3750,3800,3600,38540,141379759,78932836620,21804651,STK
1740,478560,KR7478560006,블랙야크아이앤씨,KOSDAQ,벤처기업부,3055,2,-210,-6.43,3240,3255,3050,133481,416183597,78911560390,25830298,KSQ
1741,102370,KR7102370004,케이옥션,KOSDAQ,기술성장기업부,2895,2,-30,-1.03,2960,3000,2855,83032,243011040,78828562950,27229210,KSQ
1742,003010,KR7003010006,혜인,KOSPI,,6200,2,-280,-4.32,6520,6590,6170,258178,1623513865,78819031400,12712747,STK
1743,241790,KR7241790005,티이엠씨씨엔에스,KOSDAQ,우량기업부,7870,2,-680,-7.95,8770,8770,7770,136358,1098386425,78720729580,10002634,KSQ
1744,009200,KR7009200007,무림페이퍼,KOSPI,,1887,1,16,0.86,1871,1895,1870,167227,313521943,78516767970,41609310,STK
1745,060560,KR7060560000,HC홈센타,KOSDAQ,중견기업부,3080,3,0,0.0,3080,3355,3035,40654,128067410,78195043080,25388001,KSQ
1746,012690,KR7012690004,모나리자,KOSPI,,2130,2,-90,-4.05,2225,2225,2100,294044,627457211,77896773150,36571255,STK
1747,006090,KR7006090005,사조오양,KOSPI,,8260,1,30,0.36,8230,8310,8170,1664,13732760,77831824140,9422739,STK
1748,014470,KR7014470009,부방,KOSDAQ,벤처기업부,1296,1,12,0.93,1285,1318,1270,124903,160645810,77827728960,60052260,KSQ
1749,095910,KR7095910006,에스에너지,KOSDAQ,중견기업부,2085,2,-400,-16.1,2480,2480,2050,3284378,7395027869,77764055265,37296909,KSQ
1750,291650,KR7291650000,압타머사이언스,KOSDAQ,기술성장기업부,1274,2,-21,-1.62,1295,1343,1221,173287,221573494,77763994308,61039242,KSQ
1751,000850,KR7000850008,화천기공,KOSPI,,35250,1,550,1.59,34800,35500,34200,12445,432357250,77550000000,2200000,STK
1752,007280,KR7007280001,한국특강,KOSPI,,2550,2,-30,-1.16,2620,2705,2525,25368,65474225,77536970250,30406655,STK
1753,068290,KR7068290006,삼성출판사,KOSPI,,7750,2,-50,-0.64,7800,8000,7630,26524,206084785,77500000000,10000000,STK
1754,320000,KR7320000003,한울반도체,KOSDAQ,중견기업부,11600,2,-1900,-14.07,13500,13560,11600,318339,3864273965,77358196000,6668810,KSQ
1755,023810,KR7023810005,인팩,KOSPI,,7730,2,-300,-3.74,8040,8190,7730,34513,273836740,77300000000,10000000,STK
1756,016090,KR7016090003,대현,KOSPI,,1745,2,-12,-0.68,1760,1786,1739,162320,284484448,77272630950,44282310,STK
1757,019990,KR7019990001,에너토크,KOSDAQ,중견기업부,7920,2,-850,-9.69,8810,8960,7900,276420,2276541280,77268216960,9756088,KSQ
1758,123010,KR7123010001,알엔티엑스,KOSDAQ,기술성장기업부,2290,2,-260,-10.2,2550,2590,2260,1739887,4152975957,76994991430,33622267,KSQ
1759,223310,KR7223310004,사토시홀딩스,KOSDAQ,중견기업부,14790,4,3410,29.96,14790,14790,14790,172414,2550003060,76976655180,5204642,KSQ
1760,187420,KR7187420005,HLB제넥스,KOSDAQ,기술성장기업부,2370,2,-50,-2.07,2435,2505,2340,113275,270927770,76882802370,32440001,KSQ
1761,480370,KR7480370006,씨케이솔루션,KOSPI,,2365,2,-135,-5.4,2500,2650,2350,316674,794260249,76818529920,32481408,STK
1762,305090,KR7305090003,마이크로디지탈,KOSDAQ,기술성장기업부,4130,2,-170,-3.95,4350,4390,3920,198147,826842504,76797577150,18595055,KSQ
1763,014950,KR7014950000,삼익제약,KOSDAQ,벤처기업부,7620,2,-530,-6.5,8300,8300,7590,65413,509705370,76257820560,10007588,KSQ
1764,109080,KR7109080002,옵티시스,KOSDAQ,벤처기업부,13520,2,-930,-6.44,14500,14740,13520,109592,1541142215,76198720000,5636000,KSQ
1765,123420,KR7123420002,위메이드플레이,KOSDAQ,우량기업부,7190,2,-230,-3.1,7500,7690,7140,31352,232674260,75871281460,10552334,KSQ
1766,120115,KR7120111000,코오롱인더우,KOSPI,,27400,2,-950,-3.35,28350,28650,27300,11297,313916600,75839364000,2767860,STK
1767,080010,KR7080010002,이상네트웍스,KOSDAQ,중견기업부,7700,1,80,1.05,7620,8150,7500,13910,107243610,75730046700,9835071,KSQ
1768,066980,KR7066980004,한성크린텍,KOSDAQ,벤처기업부,1458,2,-156,-9.67,1613,1630,1456,730964,1116146628,75721412250,51935125,KSQ
1769,017480,KR7017480005,삼현철강,KOSDAQ,우량기업부,4815,2,-15,-0.31,4830,4925,4785,88199,427448257,75609415350,15702890,KSQ
1770,004060,KR7004060000,SG세계물산,KOSPI,,3735,2,-115,-2.99,3870,3870,3600,404799,1508198678,75605722560,20242496,STK
1771,263800,KR7263800005,데이타솔루션,KOSDAQ,중견기업부,4650,2,-285,-5.78,4985,5040,4650,142947,689493895,75448017000,16225380,KSQ
1772,027830,KR7027830009,대성창투,KOSDAQ,중견기업부,1397,2,-41,-2.85,1440,1440,1397,243562,343215649,75438000000,54000000,KSQ
1773,006880,KR7006880009,신송홀딩스,KOSPI,,6370,2,-100,-1.55,6510,6520,6300,63660,407186850,75349825460,11828858,STK
1774,189330,KR7189330004,씨이랩,KOSDAQ,기술성장기업부,8000,2,-1140,-12.47,9280,9510,7910,713853,6232485755,75058272000,9382284,KSQ
1775,016250,KR7016250003,SGC E&C,KOSDAQ,중견기업부,14890,2,-460,-3.0,15350,15590,14890,16295,245919010,75000721540,5036986,KSQ
1776,033130,KR7033130006,디지틀조선,KOSDAQ,중견기업부,2020,2,-70,-3.35,2090,2115,1992,420386,853558148,74972839340,37115267,KSQ
1777,043710,KR7043710003,코스리거글로벌,KOSDAQ,중견기업부,4325,1,140,3.35,4185,4480,4185,18500,80203340,74876571150,17312502,KSQ
1778,290670,KR7290670009,대보마그네틱,KOSDAQ,중견기업부,9480,2,-700,-6.88,10100,10170,9460,61255,596947945,74490616800,7857660,KSQ
1779,234100,KR7234100006,폴라리스세원,KOSDAQ,우량기업부,1020,0,0,0.0,0,0,0,0,0,74468346660,73008183,KSQ
1780,069730,KR7069730000,DSR제강,KOSPI,,5160,2,-20,-0.39,5180,5250,5020,30735,157166940,74304000000,14400000,STK
1781,032540,KR7032540007,TJ미디어,KOSDAQ,우량기업부,3550,2,-50,-1.39,3600,3615,3540,6463,23038685,74185816150,20897413,KSQ
1782,045660,KR7045660008,에이텍,KOSDAQ,우량기업부,8980,2,-220,-2.39,9200,9220,8970,62580,568061720,74174800000,8260000,KSQ
1783,040610,KR7040610008,SG&G,KOSDAQ,중견기업부,2175,0,0,0.0,0,0,0,0,0,74139651300,34087196,KSQ
1784,053450,KR7053450003,세코닉스,KOSDAQ,우량기업부,5010,2,-270,-5.11,5300,5400,5000,143201,731772275,74111943030,14792803,KSQ
1785,214260,KR7214260002,라파스,KOSDAQ,기술성장기업부,8290,2,-340,-3.94,8630,8920,8240,31291,262883945,73967218270,8922463,KSQ
1786,452400,KR7452400005,이닉스,KOSDAQ,우량기업부,8130,2,-370,-4.35,8500,8510,8120,15020,124561820,73750709640,9071428,KSQ
1787,204840,KR7204840003,지엘팜텍,KOSDAQ,기술성장기업부,951,2,-27,-2.76,978,978,951,269968,259397555,73749104706,77549006,KSQ
1788,417790,KR7417790003,트루엔,KOSDAQ,벤처기업부,7040,2,-410,-5.5,7450,7450,7030,71181,514520535,73697472640,10468391,KSQ
1789,009770,KR7009770009,삼정펄프,KOSPI,,29450,2,-50,-0.17,29650,29775,29100,1219,36009100,73624145950,2499971,STK
1790,010040,KR7010040004,한국내화,KOSPI,,1790,2,-1,-0.06,1796,1865,1790,39006,70339085,73510040980,41067062,STK
1791,163280,KR7163280001,에어레인,KOSDAQ,기술성장기업부,5400,2,-80,-1.46,5500,5650,5360,142383,776264280,73456621200,13603078,KSQ
1792,027050,KR7027050004,코리아나,KOSDAQ,중견기업부,1836,2,-7,-0.38,1843,1945,1795,333833,614273557,73440000000,40000000,KSQ
1793,024910,KR7024910002,경창산업,KOSDAQ,중견기업부,2050,2,-120,-5.53,2190,2285,2050,1004177,2191577735,73428960250,35819005,KSQ
1794,900260,HK0000295359,로스웰,KOSDAQ,외국기업(소속부없음),1591,1,13,0.82,1578,1591,1569,29683,47138456,73233262246,46029706,KSQ
1795,214270,KR7214270001,FSN,KOSDAQ,중견기업부,1618,2,-20,-1.22,1697,1697,1516,595136,925415375,73221918530,45254585,KSQ
1796,104620,KR7104620000,노랑풍선,KOSDAQ,중견기업부,4350,2,-190,-4.19,4595,4700,4350,147475,652041250,73125901200,16810552,KSQ
1797,089850,KR7089850002,유비벨록스,KOSDAQ,우량기업부,4955,2,-95,-1.88,5050,5160,4950,35656,179264915,72988136045,14730199,KSQ
1798,900250,KYG2115T1076,크리스탈신소재,KOSDAQ,외국기업(소속부없음),509,2,-12,-2.3,529,541,508,1174668,612558168,72919342036,143260004,KSQ
1799,333620,KR7333620003,엔시스,KOSDAQ,벤처기업부,6880,2,-560,-7.53,7430,7440,6880,82666,587595145,72627646720,10556344,KSQ
1800,207760,KR7207760000,미스터블루,KOSDAQ,중견기업부,872,2,-25,-2.79,879,897,859,265406,232444675,72445570776,83079783,KSQ
1801,479960,KR7479960007,위너스일렉,KOSDAQ,중견기업부,10570,2,-470,-4.26,10950,11090,10440,47108,502802290,72415070000,6851000,KSQ
1802,153710,KR7153710009,옵티팜,KOSDAQ,기술성장기업부,4935,2,-20,-0.4,5050,5050,4925,25056,124142395,72396242730,14669958,KSQ
1803,094850,KR7094850005,참좋은여행,KOSDAQ,우량기업부,5170,2,-40,-0.77,5300,5300,5120,32562,169434520,72380000000,14000000,KSQ
1804,373200,KR7373200005,엑스플러스,KOSDAQ,벤처기업부,643,0,0,0.0,0,0,0,0,0,72325014869,112480583,KSQ
1805,424980,KR7424980001,마이크로투나노,KOSDAQ,기술성장기업부,12200,2,-660,-5.13,12860,14690,12130,114695,1537937020,72210458000,5918890,KSQ
1806,189860,KR7189860000,서전기전,KOSDAQ,벤처기업부,7440,2,-660,-8.15,8100,8110,7380,356571,2730885840,72158923200,9698780,KSQ
1807,180060,KR7180060006,탑선,KONEX,일반기업부,7710,2,-550,-6.66,8000,8200,7510,4158,31998130,72070504860,9347666,KNX
1808,352910,KR7352910004,오비고,KOSDAQ,기술성장기업부,5700,2,-100,-1.72,5800,5970,5690,55389,322334830,72035471400,12637802,KSQ
1809,003780,KR7003780004,진양산업,KOSPI,,5540,2,-80,-1.42,5650,5750,5490,166522,930034195,72020000000,13000000,STK
1810,002795,KR7002791002,아모레퍼시픽홀딩스우,KOSPI,,11270,2,-200,-1.74,11470,11490,11150,15703,176823720,71915808440,6381172,STK
1811,234920,KR7234920007,자이글,KOSDAQ,관리종목(소속부없음),5310,0,0,0.0,0,0,0,0,0,71849132100,13530910,KSQ
1812,111110,KR7111110003,호전실업,KOSPI,,7650,1,130,1.73,7530,7770,7520,52239,399490610,71726400000,9376000,STK
1813,041460,KR7041460007,한국전자인증,KOSDAQ,중견기업부,3770,2,-75,-1.95,3855,3880,3770,106074,404720175,71630000000,19000000,KSQ
1814,001620,KR7001620004,케이비아이동국실업,KOSPI,,642,0,0,0.0,0,0,0,0,0,71450125902,111293031,STK
1815,099220,KR7099220006,SDN,KOSDAQ,중견기업부,1100,2,-111,-9.17,1208,1208,1100,943847,1067789874,71438785000,64944350,KSQ
1816,408900,KR7408900009,스튜디오미르,KOSDAQ,중견기업부,2180,2,-90,-3.96,2270,2275,2150,141607,313156180,71401385220,32752929,KSQ
1817,042110,KR7042110007,에스씨디,KOSDAQ,우량기업부,1475,1,7,0.48,1474,1516,1443,409361,600876805,71286106900,48329564,KSQ
1818,184230,KR7184230001,SGA솔루션즈,KOSDAQ,벤처기업부,754,0,0,0.0,0,0,0,0,0,71207681584,94439896,KSQ
1819,003925,KR7003921004,남양유업우,KOSPI,,35500,2,-800,-2.2,36300,36950,35500,9210,333069200,71000000000,2000000,STK
1820,340360,KR7340360007,다보링크,KOSDAQ,투자주의환기종목(소속부없음),1363,2,-59,-4.15,1422,1436,1340,256473,353932378,70961558236,52062772,KSQ
1821,122310,KR7122310006,제노레이,KOSDAQ,우량기업부,4865,2,-50,-1.02,4915,5170,4865,68327,342959615,70804451060,14553844,KSQ
1822,004540,KR7004540001,깨끗한나라,KOSPI,,1899,1,11,0.58,1890,1935,1882,88289,168391713,70720076007,37240693,STK
1823,043650,KR7043650001,국순당,KOSDAQ,중견기업부,3945,2,-110,-2.71,4015,4055,3940,36713,145782200,70451009280,17858304,KSQ
1824,348080,KR7348080003,큐라티스,KOSDAQ,중견기업부,610,2,-47,-7.15,657,658,585,628652,385940219,70424366410,115449781,KSQ
1825,317690,KR7317690006,퀀타매트릭스,KOSDAQ,기술성장기업부,3495,2,-100,-2.78,3595,3630,3460,143546,504245950,70371926355,20135029,KSQ
1826,040350,KR7040350001,크레오에스지,KOSDAQ,벤처기업부,3600,1,85,2.42,3450,3735,3360,101403,358783035,70273915200,19520532,KSQ
1827,039240,KR7039240007,경남스틸,KOSDAQ,우량기업부,2600,2,-65,-2.44,2665,2670,2510,149653,391268769,70146970400,26979604,KSQ
1828,061250,KR7061250007,화일약품,KOSDAQ,우량기업부,8330,2,-90,-1.07,8270,8600,8230,19834,167152680,70118474720,8417584,KSQ
1829,012790,KR7012790002,신일제약,KOSDAQ,우량기업부,5830,2,-100,-1.69,5950,5960,5810,67942,399561465,69880799450,11986415,KSQ
1830,332370,KR7332370006,아이디피,KOSDAQ,벤처기업부,5260,2,-20,-0.38,5300,5480,5220,19651,105392520,69819798760,13273726,KSQ
1831,155660,KR7155660004,DSR,KOSPI,,4360,1,175,4.18,4200,4400,4125,40422,170957237,69760000000,16000000,STK
1832,127980,KR7127980001,화인써키트,KOSDAQ,중견기업부,5890,2,-440,-6.95,6330,6360,5640,68676,406897110,69741628760,11840684,KSQ
1833,039420,KR7039420005,케이엘넷,KOSDAQ,중견기업부,3035,2,-20,-0.65,3060,3090,3005,52128,158569275,69644126790,22946994,KSQ
1834,073640,KR7073640005,테라사이언스,KOSDAQ,관리종목(소속부없음),654,0,0,0.0,0,0,0,0,0,69571715580,106378770,KSQ
1835,036000,KR7036000008,예림당,KOSDAQ,중견기업부,3020,2,-110,-3.51,3215,3215,3000,103321,314680670,69563516540,23034277,KSQ
1836,049550,KR7049550007,잉크테크,KOSDAQ,우량기업부,3545,2,-15,-0.42,3560,3705,3525,47264,170368060,69504251965,19606277,KSQ
1837,072470,KR7072470008,우리산업홀딩스,KOSDAQ,중견기업부,3670,2,-140,-3.67,3755,3910,3560,116205,441203887,69316541470,18887341,KSQ
1838,360350,KR7360350003,코셈,KOSDAQ,기술성장기업부,12100,1,30,0.25,12080,13240,11870,91841,1134229250,69308437000,5727970,KSQ
1839,446840,KR7446840001,지슨,KOSDAQ,기술성장기업부,1256,2,-44,-3.38,1280,1355,1255,100575,128357570,69184352248,55083083,KSQ
1840,456570,KR7456570001,아이엠지티,KONEX,일반기업부,13140,2,-50,-0.38,13490,13490,12010,1110,14268560,69179524560,5264804,KNX
1841,159580,KR7159580000,제로투세븐,KOSDAQ,중견기업부,3450,2,-180,-4.96,3590,3630,3445,59495,209038530,69112594200,20032636,KSQ
1842,109860,KR7109860007,동일금속,KOSDAQ,우량기업부,7580,2,-30,-0.39,7610,7650,7520,5765,43802680,68978000000,9100000,KSQ
1843,000725,KR7000721001,현대건설우,KOSPI,,65400,2,-5100,-7.23,70500,70500,65400,15617,1051501700,68976922200,1054693,STK
1844,435570,KR7435570007,에르코스,KOSDAQ,벤처기업부,9050,2,-250,-2.69,9820,9820,9050,25069,230889240,68933696150,7616983,KSQ
1845,021050,KR7021050000,서원,KOSPI,,1452,2,-168,-10.37,1620,1620,1444,1407061,2126997863,68933104680,47474590,STK
1846,288620,KR7288620008,에스프리즘,KOSDAQ,벤처기업부,9850,2,-560,-5.38,10410,10680,9840,67910,684392215,68746262600,6979316,KSQ
1847,010470,KR7010470003,오리콤,KOSDAQ,우량기업부,5740,1,30,0.53,5740,5880,5650,31478,181877950,68736787000,11975050,KSQ
1848,053050,KR7053050001,지에스이,KOSDAQ,우량기업부,2290,2,-35,-1.51,2310,2327,2275,213829,491474315,68671597130,29987597,KSQ
1849,005670,KR7005670005,푸드웰,KOSDAQ,우량기업부,6850,1,30,0.44,6780,7300,6660,90941,623383225,68500000000,10000000,KSQ
1850,347740,KR7347740003,피엔케이피부임상연구센타,KOSDAQ,벤처기업부,2280,2,-95,-4.0,2375,2440,2195,183582,423180793,68424113280,30010576,KSQ
1851,001550,KR7001550003,조비,KOSPI,,13170,2,-330,-2.44,13510,13690,13030,69770,925975460,68381787630,5192239,STK
1852,006980,KR7006980007,우성,KOSPI,,22100,2,-350,-1.56,22450,22500,21550,7714,169229775,68289000000,3090000,STK
1853,001465,KR7001461003,BYC우,KOSPI,,31700,2,-1100,-3.35,32700,32700,31500,1600,51620150,68277045000,2153850,STK
1854,024900,KR7024900003,디와이덕양,KOSPI,,2095,2,-20,-0.95,2115,2165,2075,121047,254522250,68223633100,32564980,STK
1855,256630,KR7256630005,포인트엔지니어링,KOSDAQ,벤처기업부,1175,0,0,0.0,0,0,0,0,0,68146559600,57997072,KSQ
1856,067920,KR7067920009,이글루,KOSDAQ,우량기업부,6190,2,-60,-0.96,6330,6450,6070,91776,571500275,68065976610,10996119,KSQ
1857,129260,KR7129260006,인터지스,KOSPI,,2285,2,-15,-0.65,2295,2325,2270,67663,155046452,67973892090,29747874,STK
1858,047400,KR7047400007,유니온머티리얼,KOSPI,,1618,2,-195,-10.76,1796,1800,1617,1637875,2728544515,67956000000,42000000,STK
1859,054930,KR7054930003,유신,KOSDAQ,우량기업부,22650,2,-750,-3.21,23550,23550,22550,16876,386211425,67950000000,3000000,KSQ
1860,136410,KR7136410008,아셈스,KOSDAQ,벤처기업부,6160,2,-330,-5.08,6560,6560,6120,69035,430777210,67877692960,11019106,KSQ
1861,162300,KR7162300008,신스틸,KOSDAQ,우량기업부,1636,2,-81,-4.72,1715,1715,1600,137103,227940393,67847180952,41471382,KSQ
1862,396690,KR7396690000,미래에셋글로벌리츠,KOSPI,,1711,3,0,0.0,1779,1779,1705,157875,271044087,67765763340,39605940,STK
1863,000220,KR7000220004,유유제약,KOSPI,,3975,2,-75,-1.85,4055,4080,3970,73833,295072774,67703595225,17032351,STK
1864,036120,KR7036120004,서울평가정보,KOSDAQ,중견기업부,1923,1,28,1.48,1900,1952,1872,115728,221618540,67583835000,35145000,KSQ
1865,099410,KR7099410003,동방선기,KOSDAQ,벤처기업부,4825,2,-295,-5.76,5140,5250,4750,329427,1646434065,67550000000,14000000,KSQ
1866,331380,KR7331380006,포커스에이아이,KOSDAQ,투자주의환기종목(소속부없음),2080,2,-30,-1.42,2170,2195,1950,333598,693698854,67415897120,32411489,KSQ
1867,064240,KR7064240005,홈캐스트,KOSDAQ,벤처기업부,1942,2,-73,-3.62,2015,2040,1931,247916,485817142,67376235442,34694251,KSQ
1868,222420,KR7222420002,쎄노텍,KOSDAQ,벤처기업부,1390,2,-170,-10.9,1580,1580,1388,848619,1235502912,67301746970,48418523,KSQ
1869,296160,KR7296160005,프로젠,KONEX,일반기업부,4370,2,-175,-3.85,4400,4570,4260,10755,46804860,67189095230,15375079,KNX
1870,039020,KR7039020003,이건홀딩스,KOSDAQ,중견기업부,2970,2,-40,-1.33,3010,3065,2955,96470,289385610,67076585730,22584709,KSQ
1871,011390,KR7011390002,부산산업,KOSPI,,63500,2,-4000,-5.93,67000,67400,63000,14084,903280400,67056000000,1056000,STK
1872,317850,KR7317850006,대모,KOSDAQ,벤처기업부,8020,2,-310,-3.72,8340,8430,8010,141351,1150839640,66761848400,8324420,KSQ
1873,378850,KR7378850002,화승알앤에이,KOSPI,,3505,2,-245,-6.53,3750,3760,3480,339145,1217836913,66572648615,18993623,STK
1874,101140,KR7101140002,인바이오젠,KOSPI,,6620,2,-310,-4.47,6930,6950,6540,7457,49635705,66492709920,10044216,STK
1875,378800,KR7378800007,샤페론,KOSDAQ,기술성장기업부,1436,2,-143,-9.06,1579,1582,1420,1271763,1894970254,66404992516,46243031,KSQ
1876,457370,KR7457370005,한켐,KOSDAQ,중견기업부,8230,2,-450,-5.18,8890,8890,8220,49197,417339745,66351362820,8062134,KSQ
1877,007815,KR7007811003,코리아써우,KOSPI,,22350,2,-850,-3.66,23500,23550,21500,1703,38543800,66260821500,2964690,STK
1878,246690,KR7246690002,TS인베스트먼트,KOSDAQ,중견기업부,1413,2,-139,-8.96,1550,1573,1412,719251,1054854707,66055897557,46748689,KSQ
1879,294140,KR7294140009,레몬,KOSDAQ,관리종목(소속부없음),2945,2,-135,-4.38,3080,3080,2925,77729,230937835,66011639010,22414818,KSQ
1880,307870,KR7307870006,비투엔,KOSDAQ,벤처기업부,888,2,-86,-8.83,974,990,852,993827,892210340,65977765080,74299285,KSQ
1881,250030,KR7250030004,진코스텍,KONEX,일반기업부,22800,2,-2850,-11.11,26000,26000,22800,9340,227372550,65936072400,2891933,KNX
1882,033170,KR7033170002,시그네틱스,KOSDAQ,중견기업부,769,2,-53,-6.45,821,855,769,711432,573633846,65925077311,85728319,KSQ
1883,010240,KR7010240000,흥국,KOSDAQ,우량기업부,5630,1,90,1.62,5680,5850,5540,95263,543119570,65904780000,11706000,KSQ
1884,092780,KR7092780006,DYP,KOSPI,,5000,2,-100,-1.96,5230,5260,4995,62716,315118520,65842300000,13168460,STK
1885,0013V0,KR70013V0002,삼진식품,KOSDAQ,중견기업부,6630,2,-220,-3.21,6870,7350,6630,318610,2227330385,65760689280,9918656,KSQ
1886,260930,KR7260930003,씨티케이,KOSDAQ,중견기업부,3395,2,-105,-3.0,3500,3555,3325,59595,202306710,65664701445,19341591,KSQ
1887,126640,KR7126640002,화신정공,KOSDAQ,우량기업부,1871,2,-50,-2.6,1911,2045,1820,2454614,4737107761,65589607610,35055910,KSQ
1888,033310,KR7033310004,엠투엔,KOSDAQ,중견기업부,1634,2,-40,-2.39,1674,1674,1626,125143,205363085,65314993104,39972456,KSQ
1889,198080,KR7198080004,캐프,KOSDAQ,우량기업부,3030,2,-250,-7.62,3290,3445,3000,301003,956316121,65251610550,21535185,KSQ
1890,097800,KR7097800007,윈팩,KOSDAQ,중견기업부,477,0,0,0.0,0,0,0,0,0,65086759233,136450229,KSQ
1891,317530,KR7317530004,에피소드컴퍼니,KOSDAQ,기술성장기업부,3720,1,35,0.95,3900,3900,3515,18054,67295341,65080961040,17494882,KSQ
1892,007370,KR7007370000,진양제약,KOSDAQ,우량기업부,4600,2,-95,-2.02,4660,4715,4600,26014,120679375,65019100200,14134587,KSQ
1893,143540,KR7143540003,영우디에스피,KOSDAQ,벤처기업부,1457,1,35,2.46,1422,1520,1350,733156,1058823440,64982047015,44599895,KSQ
1894,014910,KR7014910004,성문전자,KOSPI,,2970,2,-395,-11.74,3190,3630,2855,8453410,27896701728,64916053290,21857257,STK
1895,060570,KR7060570009,드림어스컴퍼니,KOSDAQ,중견기업부,876,2,-48,-5.19,924,953,863,288177,254701828,64912977948,74101573,KSQ
1896,229000,KR7229000005,젠큐릭스,KOSDAQ,기술성장기업부,2770,2,-320,-10.36,3070,3070,2765,1158489,3302226583,64896017050,23428165,KSQ
1897,199550,KR7199550005,레이저옵텍,KOSDAQ,벤처기업부,4370,2,-250,-5.41,4620,4695,4370,165460,741145525,64876106670,14845791,KSQ
1898,000910,KR7000910000,유니온,KOSPI,,4145,2,-240,-5.47,4385,4400,4130,262731,1110175319,64710160755,15611619,STK
1899,004830,KR7004830006,덕성,KOSPI,,4125,2,-145,-3.4,4275,4285,4125,155402,647382196,64680000000,15680000,STK
1900,036670,KR7036670008,삼양케이씨아이,KOSDAQ,우량기업부,5730,2,-150,-2.55,5880,5940,5700,83856,484194960,64577100000,11270000,KSQ
1901,372910,KR7372910000,한컴라이프케어,KOSPI,,2330,2,-10,-0.43,2355,2405,2300,61594,143817360,64481365980,27674406,STK
1902,104540,KR7104540000,코렌텍,KOSDAQ,기술성장기업부,5020,2,-150,-2.9,5170,5170,5010,48193,244291030,64184414800,12785740,KSQ
1903,092440,KR7092440007,기신정기,KOSPI,,2195,2,-15,-0.68,2200,2210,2170,36539,79611910,64094000000,29200000,STK
1904,088910,KR7088910005,동우팜투테이블,KOSDAQ,우량기업부,2470,1,20,0.82,2460,2525,2400,207548,513741965,63804457080,25831764,KSQ
1905,373160,KR7373160001,데이원컴퍼니,KOSDAQ,기술성장기업부,4620,2,-20,-0.43,4640,4710,4555,45996,214320970,63790506780,13807469,KSQ
1906,094970,KR7094970001,제이엠티,KOSDAQ,벤처기업부,3800,2,-295,-7.2,4105,4275,3790,320169,1264449815,63643312000,16748240,KSQ
1907,261520,KR7261520001,이지스,KOSDAQ,기술성장기업부,6180,2,-430,-6.51,6550,6740,6070,157129,982841400,63516804000,10277800,KSQ
1908,450330,KR7450330006,하스,KOSDAQ,기술성장기업부,7750,1,660,9.31,7150,7920,6980,205730,1558983760,63448033250,8186843,KSQ
1909,299900,KR7299900001,위지윅스튜디오,KOSDAQ,중견기업부,370,2,-9,-2.37,395,396,368,390404,147146994,63288087080,171048884,KSQ
1910,384470,KR7384470001,코어라인소프트,KOSDAQ,기술성장기업부,3520,2,-250,-6.63,3775,3795,3520,129858,471362130,63172355840,17946692,KSQ
1911,058730,KR7058730003,다스코,KOSPI,,3165,2,-135,-4.09,3300,3430,3160,71546,230305325,63136119465,19948221,STK
1912,072990,KR7072990005,에이치시티,KOSDAQ,우량기업부,4350,2,-200,-4.4,4515,4570,4330,115328,509730722,63067196100,14498206,KSQ
1913,089790,KR7089790000,제이티,KOSDAQ,벤처기업부,6110,2,-230,-3.63,6710,7000,6070,643050,4247635720,63027784430,10315513,KSQ
1914,037230,KR7037230000,한국팩키지,KOSDAQ,우량기업부,2115,2,-20,-0.94,2135,2175,2080,165827,348967747,63027691605,29800327,KSQ
1915,082210,KR7082210006,옵트론텍,KOSDAQ,중견기업부,1802,1,77,4.46,1880,1880,1731,266995,484450002,63003920660,34963330,KSQ
1916,219550,KR7219550001,디와이디,KOSDAQ,관리종목(소속부없음),1629,2,-30,-1.81,1710,1748,1604,115658,190169486,62997106653,38672257,KSQ
1917,444530,KR7444530000,심플랫폼,KOSDAQ,기술성장기업부,9810,2,-640,-6.12,10450,10450,9550,52897,522575950,62966897640,6418644,KSQ
1918,460470,KR7460470008,아이빔테크놀로지,KOSDAQ,기술성장기업부,4160,1,135,3.35,4200,4445,4010,273746,1172642955,62896579200,15119370,KSQ
1919,198440,KR7198440000,강동씨앤엘,KOSDAQ,중견기업부,1031,2,-15,-1.43,1050,1099,1030,60619,63261569,62820784776,60931896,KSQ
1920,263690,KR7263690000,디알젬,KOSDAQ,우량기업부,5540,2,-150,-2.64,6180,6180,5520,151721,881550310,62743879400,11325610,KSQ
1921,100030,KR7100030006,인지소프트,KOSDAQ,중견기업부,19090,2,-720,-3.63,20050,20100,19020,18054,353258640,62686100260,3283714,KSQ
1922,053270,KR7053270005,구영테크,KOSDAQ,우량기업부,2285,2,-50,-2.14,2335,2395,2275,386996,906094363,62632775425,27410405,KSQ
1923,185490,KR7185490000,아이진,KOSDAQ,벤처기업부,1448,2,-32,-2.16,1480,1504,1418,268554,386533146,62596727232,43229784,KSQ
1924,246960,KR7246960009,SCL사이언스,KOSDAQ,기술성장기업부,1840,2,-48,-2.54,1949,1949,1835,91171,168833941,62591366480,34017047,KSQ
1925,001840,KR7001840008,이화공영,KOSDAQ,관리종목(소속부없음),2215,0,0,0.0,0,0,0,0,0,62588831935,28256809,KSQ
1926,038060,KR7038060000,루멘스,KOSDAQ,중견기업부,1300,2,-70,-5.11,1415,1419,1255,680948,881959264,62533989700,48103069,KSQ
1927,303360,KR7303360002,프로티아,KOSDAQ,기술성장기업부,4855,1,60,1.25,4795,4915,4730,21588,104699460,62531016325,12879715,KSQ
1928,065500,KR7065500001,오리엔트정공,KOSDAQ,중견기업부,1880,2,-44,-2.29,1922,1959,1880,203071,388933448,62496674560,33242912,KSQ
1929,037330,KR7037330008,인지디스플레,KOSDAQ,우량기업부,1423,2,-25,-1.73,1448,1460,1405,50750,72227638,62448673752,43885224,KSQ
1930,052220,KR7052220001,iMBC,KOSDAQ,중견기업부,2715,2,-70,-2.51,2785,2810,2715,148236,407355830,62445000000,23000000,KSQ
1931,147760,KR7147760003,피엠티,KOSDAQ,벤처기업부,5770,2,-700,-10.82,6470,6620,5340,136740,837568995,62430626820,10819866,KSQ
1932,004410,KR7004410007,서울식품,KOSPI,,158,0,0,0.0,0,0,0,0,0,62338921488,394550136,STK
1933,294090,KR7294090006,이오플로우,KOSDAQ,관리종목(소속부없음),1490,0,0,0.0,0,0,0,0,0,62295566450,41809105,KSQ
1934,004780,KR7004780003,대륙제관,KOSDAQ,우량기업부,3915,2,-45,-1.14,3975,3975,3890,14098,55250420,62261024085,15903199,KSQ
1935,460870,KR7460870009,에스엠씨지,KOSDAQ,벤처기업부,3090,2,-115,-3.59,3205,3295,3090,180914,572423002,62026509360,20073304,KSQ
1936,351330,KR7351330006,이삭엔지니어링,KOSDAQ,벤처기업부,7480,2,-290,-3.73,7660,8420,7480,181593,1464709680,61998129600,8288520,KSQ
1937,002760,KR7002760007,보락,KOSPI,,1032,2,-41,-3.82,1070,1070,1028,702447,731975420,61816800000,59900000,STK
1938,196450,KR7196450001,코아시아씨엠,KOSDAQ,중견기업부,1363,2,-119,-8.03,1500,1699,1331,5311730,7974357810,61770590266,45319582,KSQ
1939,008370,KR7008370009,원풍,KOSDAQ,우량기업부,5140,1,20,0.39,5120,5190,5120,4925,25321910,61680000000,12000000,KSQ
1940,053350,KR7053350005,이니텍,KOSDAQ,중견기업부,2800,3,0,0.0,2795,2870,2745,71517,198875485,61658982000,22021065,KSQ
1941,170790,KR7170790000,파이오링크,KOSDAQ,우량기업부,9630,2,-350,-3.51,10180,10220,9540,72155,703073650,61606336050,6397335,KSQ
1942,458350,KR7458350006,에스팀,KOSDAQ,중견기업부,7090,2,-600,-7.8,7820,7820,7030,101558,738530035,61563888000,8683200,KSQ
1943,054300,KR7054300009,팬스타엔터프라이즈,KOSDAQ,벤처기업부,1062,2,-65,-5.77,1130,1138,1050,511849,552467636,61458943590,57870945,KSQ
1944,015710,KR7015710007,코콤,KOSDAQ,우량기업부,3505,2,-70,-1.96,3610,3610,3505,52135,184272857,61444402500,17530500,KSQ
1945,002140,KR7002140002,고려산업,KOSPI,,2455,2,-70,-2.77,2525,2545,2415,266001,655237444,61226288375,24939425,STK
1946,177900,KR7177900008,쓰리에이로직스,KOSDAQ,기술성장기업부,6330,2,-740,-10.47,7330,7330,6100,283515,1903153250,60942708000,9627600,KSQ
1947,009835,KR7009831009,한화솔루션우,KOSPI,,23650,2,-3400,-12.57,27050,27050,23650,32037,787162500,60907003850,2575349,STK
1948,053620,KR7053620001,태양,KOSDAQ,우량기업부,7080,1,120,1.72,7010,7270,6930,29300,208805550,60888000000,8600000,KSQ
1949,137080,KR7137080008,나래나노텍,KOSDAQ,중견기업부,5500,1,270,5.16,5230,5970,5230,88230,504116130,60826821000,11059422,KSQ
1950,072130,KR7072130008,유엔젤,KOSPI,,4780,1,20,0.42,4760,4900,4690,73697,349626875,60684270120,12695454,STK
1951,042940,KR7042940007,상지건설,KOSDAQ,중견기업부,8850,2,-520,-5.55,9370,9490,8850,151888,1370593925,60434101200,6828712,KSQ
1952,238120,KR7238120000,얼라인드,KOSDAQ,기술성장기업부,4200,2,-25,-0.59,4385,4385,4120,30020,125740670,60391363200,14378896,KSQ
1953,010770,KR7010770006,평화홀딩스,KOSPI,,4115,1,25,0.61,4085,4180,4040,56209,230555820,60183792590,14625466,STK
1954,005305,KR7005301007,롯데칠성우,KOSPI,,77600,2,-2000,-2.51,79500,80100,77300,2251,176226700,60164056000,775310,STK
1955,196300,KR7196300008,HLB펩,KOSDAQ,관리종목(소속부없음),6400,2,-190,-2.88,6590,6610,6300,14277,91619730,60009209600,9376439,KSQ
1956,950200,KR8840150005,소마젠,KOSDAQ,외국기업(소속부없음),3115,2,-125,-3.86,3240,3250,3060,104503,326449365,59920305095,19236053,KSQ
1957,465480,KR7465480002,인스피언,KOSDAQ,벤처기업부,5900,2,-330,-5.3,6220,6300,5810,110715,665192720,59812854800,10137772,KSQ
1958,004770,KR7004770004,써니전자,KOSPI,,1678,2,-45,-2.61,1723,1730,1672,345330,586838393,59581480964,35507438,STK
1959,050960,KR7050960004,수산아이앤티,KOSDAQ,벤처기업부,8800,2,-350,-3.83,8930,9060,8790,18343,162288010,59408800000,6751000,KSQ
1960,063440,KR7063440002,SM Life Design,KOSDAQ,중견기업부,1310,2,-27,-2.02,1321,1347,1305,119053,157700770,59368366840,45319364,KSQ
1961,226330,KR7226330009,신테카바이오,KOSDAQ,기술성장기업부,2440,2,-210,-7.92,2635,2700,2420,345025,859695275,59190679000,24258475,KSQ
1962,420570,KR7420570004,제이투케이바이오,KOSDAQ,벤처기업부,10100,1,710,7.56,9060,11850,8870,1645656,17853558805,59059578300,5847483,KSQ
1963,045340,KR7045340007,토탈소프트,KOSDAQ,벤처기업부,6890,2,-210,-2.96,7020,7100,6800,70068,488214810,58964895600,8558040,KSQ
1964,393210,KR7393210000,토마토시스템,KOSDAQ,기술성장기업부,3775,2,-90,-2.33,3865,3975,3775,95154,369526464,58944903600,15614544,KSQ
1965,038010,KR7038010005,제일테크노스,KOSDAQ,우량기업부,6540,2,-20,-0.3,6590,6640,6450,19944,130046125,58860000000,9000000,KSQ
1966,068330,KR7068330000,일신바이오,KOSDAQ,중견기업부,1331,2,-55,-3.97,1390,1398,1331,214008,290673283,58851682340,44216140,KSQ
1967,004450,KR7004450003,삼화왕관,KOSPI,,27250,1,50,0.18,27350,27350,26950,2163,58523050,58706827750,2154379,STK
1968,072770,KR7072770001,멤레이비티,KOSDAQ,중견기업부,707,0,0,0.0,0,0,0,0,0,58698106572,83024196,KSQ
1969,189980,KR7189980006,흥국에프엔비,KOSDAQ,우량기업부,1462,2,-33,-2.21,1495,1495,1459,193025,283224201,58681503074,40137827,KSQ
1970,376930,KR7376930004,노을,KOSDAQ,기술성장기업부,1140,2,-35,-2.98,1177,1197,1130,462939,532760603,58472108220,51291323,KSQ
1971,009190,KR7009190000,대양금속,KOSPI,,1350,2,-45,-3.23,1397,1399,1345,349171,476570059,58310043750,43192625,STK
1972,000890,KR7000890004,보해양조,KOSPI,,422,0,0,0.0,0,0,0,0,0,58286694438,138120129,STK
1973,261200,KR7261200000,덴티스,KOSDAQ,중견기업부,3685,2,-205,-5.27,3850,4000,3685,71035,270708120,58258744500,15809700,KSQ
1974,099520,KR7099520009,DGI,KOSDAQ,관리종목(소속부없음),1284,0,0,0.0,0,0,0,0,0,58141862016,45281824,KSQ
1975,003465,KR7003461001,유화증권우,KOSPI,,3320,2,-30,-0.9,3350,3350,3310,13625,45150410,58021731000,17476425,STK
1976,123700,KR7123700007,SJM,KOSPI,,3700,2,-40,-1.07,3705,3760,3700,20231,75195900,57738122600,15604898,STK
1977,318160,KR7318160009,셀바이오휴먼텍,KOSDAQ,벤처기업부,6180,2,-1790,-22.46,7400,7450,6130,597229,3994581795,57728622180,9341201,KSQ
1978,033560,KR7033560004,블루콤,KOSDAQ,중견기업부,3375,2,-5,-0.15,3380,3500,3345,44582,150795850,57712500000,17100000,KSQ
1979,053980,KR7053980009,오상자이엘,KOSDAQ,우량기업부,3035,2,-45,-1.46,3100,3100,3025,105309,321362649,57612746405,18982783,KSQ
1980,065130,KR7065130007,탑엔지니어링,KOSDAQ,중견기업부,3595,1,30,0.84,3565,3855,3560,411506,1520986625,57534380000,16004000,KSQ
1981,245620,KR7245620000,EDGC,KOSDAQ,관리종목(소속부없음),415,0,0,0.0,0,0,0,0,0,57474989665,138493951,KSQ
1982,003475,KR7003471000,유안타증권우,KOSPI,,4450,2,-100,-2.2,4600,4710,4450,125047,571568606,57459343400,12912212,STK
1983,317870,KR7317870004,엔바이오니아,KOSDAQ,기술성장기업부,6490,2,-100,-1.52,6590,6850,6430,26060,172362910,57383898550,8841895,KSQ
1984,419080,KR7419080007,엔젯,KOSDAQ,기술성장기업부,5370,2,-170,-3.07,5500,5720,5310,68482,375502945,57379185690,10685137,KSQ
1985,002630,KR7002630002,오리엔트바이오,KOSPI,,483,2,-10,-2.03,490,496,472,523800,250721310,57275591415,118583005,STK
1986,219420,KR7219420007,링크제니시스,KOSDAQ,기술성장기업부,4990,2,-20,-0.4,5010,5450,4970,354178,1866697035,57232839930,11469507,KSQ
1987,150900,KR7150900009,파수AI,KOSDAQ,벤처기업부,4890,2,-95,-1.91,4885,5190,4650,437316,2171665640,57232178580,11703922,KSQ
1988,075180,KR7075180000,새론오토모티브,KOSPI,,2980,2,-20,-0.67,3000,3000,2970,2296,6861740,57216000000,19200000,STK
1989,024950,KR7024950008,삼천리자전거,KOSDAQ,중견기업부,4600,2,-265,-5.45,4865,4920,4600,96265,452475198,57040000000,12400000,KSQ
1990,065170,KR7065170003,비엘팜텍,KOSDAQ,투자주의환기종목(소속부없음),2040,2,-100,-4.67,2170,2225,2020,830293,1744185277,56944137720,27913793,KSQ
1991,041650,KR7041650003,상신브레이크,KOSPI,,2650,2,-35,-1.3,2685,2695,2640,33402,88806915,56899342500,21471450,STK
1992,239890,KR7239890007,피엔에이치테크,KOSDAQ,기술성장기업부,5700,2,-220,-3.72,6030,6100,5530,99392,576675520,56633803500,9935755,KSQ
1993,066670,KR7066670001,디티씨,KOSDAQ,중견기업부,3025,2,-85,-2.73,3110,3200,3015,76275,232953120,56543051950,18691918,KSQ
1994,004920,KR7004920005,씨아이테크,KOSPI,,1079,2,-24,-2.18,1106,1110,1069,193281,210151335,56302081888,52179872,STK
1995,049470,KR7049470008,비트플래닛,KOSDAQ,중견기업부,2385,2,-975,-29.02,3500,3700,2370,618562,1808357651,56154584115,23544899,KSQ
1996,321820,KR7321820003,아티스트컴퍼니,KOSDAQ,기술성장기업부,3595,2,-95,-2.57,3740,3915,3530,89474,327823065,56050996720,15591376,KSQ
1997,017180,KR7017180001,명문제약,KOSPI,,1650,2,-42,-2.48,1692,1704,1645,52111,86459473,56023199100,33953454,STK
1998,153460,KR7153460001,네이블,KOSDAQ,중견기업부,8570,2,-330,-3.71,8960,9030,8470,28935,250589525,55962219980,6530014,KSQ
1999,052790,KR7052790003,액토즈소프트,KOSDAQ,중견기업부,5120,2,-110,-2.1,5230,5250,5050,24331,124720610,55933680640,10924547,KSQ
2000,105550,KR7105550008,엣지파운드리,KOSDAQ,중견기업부,714,2,-109,-13.24,823,824,714,1352929,1005066971,55911234414,78307051,KSQ
2001,043910,KR7043910009,자연과환경,KOSDAQ,벤처기업부,493,0,0,0.0,0,0,0,0,0,55901988301,113391457,KSQ
2002,440290,KR7440290005,HB인베스트먼트,KOSDAQ,중견기업부,2030,2,-30,-1.46,2060,2075,2010,150932,307318340,55838052900,27506430,KSQ
2003,273060,KR7273060004,와이즈버즈,KOSDAQ,중견기업부,1105,2,-92,-7.69,1210,1210,1105,276774,321825699,55757838110,50459582,KSQ
2004,025530,KR7025530007,SJM홀딩스,KOSPI,,3725,2,-25,-0.67,3750,3785,3700,18783,70078965,55629179800,14934008,STK
2005,006490,KR7006490007,인스코비,KOSPI,,381,2,-22,-5.46,405,408,381,817646,317382325,55582610577,145886117,STK
2006,340930,KR7340930007,유일에너테크,KOSDAQ,관리종목(소속부없음),806,0,0,0.0,0,0,0,0,0,55513882710,68875785,KSQ
2007,033830,KR7033830001,티비씨,KOSDAQ,중견기업부,555,1,5,0.91,567,567,552,72768,40532776,55500000000,100000000,KSQ
2008,173940,KR7173940008,에프엔씨엔터,KOSDAQ,중견기업부,3600,2,-260,-6.74,3900,3900,3515,40698,147017686,55414108800,15392808,KSQ
2009,114450,KR7114450000,그린생명과학,KOSDAQ,벤처기업부,2770,2,-275,-9.03,3055,3100,2750,1648780,4846800381,55400000000,20000000,KSQ
2010,014190,KR7014190003,원익큐브,KOSDAQ,우량기업부,1561,2,-14,-0.89,1610,1629,1534,302126,474305656,55259253266,35399906,KSQ
2011,127710,KR7127710002,아시아경제,KOSDAQ,중견기업부,1254,2,-41,-3.17,1295,1307,1230,34069,42283716,55237709340,44049210,KSQ
2012,37550K,KR737550K011,DL이앤씨우,KOSPI,,26050,2,-1150,-4.23,27700,27700,25850,21871,582264975,55066704250,2113885,STK
2013,218150,KR7218150001,미래생명자원,KOSDAQ,벤처기업부,2695,2,-145,-5.11,2825,2850,2685,217173,596791495,55020586390,20415802,KSQ
2014,038070,KR7038070009,서린바이오,KOSDAQ,중견기업부,5910,2,-170,-2.8,6130,6130,5910,51271,305359300,54966995160,9300676,KSQ
2015,471820,KR7471820001,셀로맥스사이언스,KOSDAQ,벤처기업부,4860,2,-160,-3.19,4985,5050,4855,58009,286279482,54931991940,11302879,KSQ
2016,413640,KR7413640004,비아이매트릭스,KOSDAQ,벤처기업부,7600,2,-290,-3.68,7890,7920,7600,39391,302990650,54772744000,7206940,KSQ
2017,217480,KR7217480003,에스디생명공학,KOSDAQ,투자주의환기종목(소속부없음),499,0,0,0.0,0,0,0,0,0,54756837359,109733141,KSQ
2018,023350,KR7023350002,한국종합기술,KOSPI,,5000,2,-40,-0.79,5050,5130,4950,46264,231343300,54750000000,10950000,STK
2019,007680,KR7007680002,대원,KOSDAQ,중견기업부,4055,2,-60,-1.46,4110,4110,4055,7327,29907030,54525452070,13446474,KSQ
2020,171010,KR7171010002,램테크놀러지,KOSDAQ,벤처기업부,3810,2,-180,-4.51,4000,4265,3805,770187,3089238326,54478245120,14298752,KSQ
2021,090410,KR7090410002,덕신이피씨,KOSDAQ,우량기업부,1181,2,-29,-2.4,1201,1219,1180,226499,269382660,54425316195,46084095,KSQ
2022,277070,KR7277070009,린드먼아시아,KOSDAQ,중견기업부,3970,2,-115,-2.82,4085,4085,3930,7269,28863019,54357240000,13692000,KSQ
2023,419120,KR7419120001,산돌,KOSDAQ,중견기업부,3690,2,-50,-1.34,3740,3790,3640,85537,314829964,54310755780,14718362,KSQ
2024,357250,KR7357250000,미래에셋맵스리츠,KOSPI,,2170,2,-30,-1.36,2205,2205,2160,54839,119713115,54239377850,24995105,STK
2025,309930,KR7309930006,조이웍스앤코,KOSDAQ,중견기업부,2210,0,0,0.0,0,0,0,0,0,54116376080,24487048,KSQ
2026,006370,KR7006370001,대구백화점,KOSPI,,4985,1,35,0.71,4910,5180,4820,44452,222777553,53945730835,10821611,STK
2027,289220,KR7289220006,자이언트스텝,KOSDAQ,기술성장기업부,2405,2,-145,-5.69,2510,2625,2405,101429,251710266,53660891505,22312221,KSQ
2028,035460,KR7035460005,기산텔레콤,KOSDAQ,벤처기업부,3600,2,-125,-3.36,3725,3742,3545,514820,1858638518,53652024000,14903340,KSQ
2029,466410,KR7466410008,사이냅소프트,KOSDAQ,벤처기업부,10640,2,-450,-4.06,11190,11210,10560,51024,553446370,53593924720,5037023,KSQ
2030,104200,KR7104200001,NHN벅스,KOSDAQ,중견기업부,3610,2,-35,-0.96,3630,3690,3560,72617,262090840,53527455500,14827550,KSQ
2031,215090,KR7215090002,솔디펜스,KOSDAQ,벤처기업부,2310,2,-125,-5.13,2430,2430,2295,277704,654629381,53489576910,23155661,KSQ
2032,070300,KR7070300009,엑스큐어,KOSDAQ,벤처기업부,2290,2,-40,-1.72,2360,2360,2160,219869,502222602,53373208620,23307078,KSQ
2033,237820,KR7237820006,플레이디,KOSDAQ,중견기업부,4160,2,-75,-1.77,4235,4265,4160,16976,71222967,53360902400,12827140,KSQ
2034,004910,KR7004910006,조광페인트,KOSPI,,4165,2,-15,-0.36,4180,4200,4125,19643,81635525,53312000000,12800000,STK
2035,090080,KR7090080003,평화산업,KOSPI,,970,2,-5,-0.51,996,996,959,377110,365324354,53255191230,54902259,STK
2036,28513K,KR728513K010,SK케미칼우,KOSPI,,25150,2,-800,-3.08,25900,25900,25150,8614,218735800,53203039350,2115429,STK
2037,002410,KR7002410009,범양건영,KOSPI,,1935,0,0,0.0,0,0,0,0,0,53173451700,27479820,STK
2038,189690,KR7189690001,포시에스,KOSDAQ,벤처기업부,1940,2,-18,-0.92,1958,1958,1937,39101,75987161,53004619860,27321969,KSQ
2039,073110,KR7073110009,엘엠에스,KOSDAQ,벤처기업부,5940,1,10,0.17,5890,6000,5840,17287,102577300,52840784700,8895755,KSQ
2040,100660,KR7100660000,서암기계공업,KOSDAQ,중견기업부,4190,2,-20,-0.48,4210,4350,4170,50367,214411555,52794000000,12600000,KSQ
2041,051390,KR7051390003,YW,KOSDAQ,중견기업부,4640,2,-30,-0.64,4670,4700,4575,25705,119130705,52688907520,11355368,KSQ
2042,003060,KR7003060001,에이프로젠바이오로직스,KOSPI,,3970,2,-1130,-22.16,5100,5250,3920,1078328,4736153111,52511940330,13227189,STK
2043,078590,KR7078590007,휴림에이텍,KOSDAQ,중견기업부,525,0,0,0.0,0,0,0,0,0,52457053425,99918197,KSQ
2044,093240,KR7093240000,형지엘리트,KOSPI,,854,2,-5,-0.58,860,888,851,917932,798720408,52427281186,61390259,STK
2045,190650,KR7190650002,코리아에셋투자증권,KOSDAQ,우량기업부,8190,2,-210,-2.5,8410,8540,8190,13461,112352075,52317720000,6388000,KSQ
2046,089150,KR7089150007,케이씨티,KOSDAQ,벤처기업부,3050,2,-155,-4.84,3210,3325,3045,171075,539464079,52307500000,17150000,KSQ
2047,016600,KR7016600009,큐캐피탈,KOSDAQ,중견기업부,293,0,0,0.0,0,0,0,0,0,52226403816,178247112,KSQ
2048,051490,KR7051490001,나라엠앤디,KOSDAQ,우량기업부,3675,2,-35,-0.94,3715,4005,3670,306413,1187999658,52185000000,14200000,KSQ
2049,043340,KR7043340009,에쎈테크,KOSDAQ,중견기업부,549,0,0,0.0,0,0,0,0,0,52155000000,95000000,KSQ
2050,027740,KR7027740000,마니커,KOSPI,,821,0,0,0.0,0,0,0,0,0,52142718188,63511228,STK
2051,0010V0,KR70010V0005,제이피아이헬스케어,KOSDAQ,벤처기업부,10210,2,-560,-5.2,10700,10770,10170,35485,368403485,52126134000,5105400,KSQ
2052,459550,KR7459550000,알트,KOSDAQ,중견기업부,2075,2,-135,-6.11,2210,2265,2070,322139,685486355,52015620675,25067769,KSQ
2053,105760,KR7105760003,포스뱅크,KOSDAQ,우량기업부,5110,2,-150,-2.85,5260,5260,5090,46561,240377030,52006447570,10177387,KSQ
2054,050110,KR7050110006,캠시스,KOSDAQ,중견기업부,1777,2,-86,-4.62,1834,1877,1777,510873,928595334,51932510471,29224823,KSQ
2055,407400,KR7407400001,꿈비,KOSDAQ,벤처기업부,3545,2,-275,-7.2,3790,3800,3545,140589,517821165,51879423030,14634534,KSQ
2056,037950,KR7037950003,엘컴텍,KOSDAQ,중견기업부,3060,2,-195,-5.99,3255,3340,3055,114660,356164550,51681879180,16889503,KSQ
2057,263020,KR7263020000,디케이앤디,KOSDAQ,벤처기업부,3735,1,60,1.63,3720,3925,3660,739758,2800795905,51678005310,13836146,KSQ
2058,314140,KR7314140005,알피바이오,KOSDAQ,우량기업부,5960,2,-120,-1.97,6080,6100,5920,11522,68822370,51651511560,8666361,KSQ
2059,361570,KR7361570005,알비더블유,KOSDAQ,중견기업부,1796,2,-32,-1.75,1838,1838,1793,31116,56503927,51622950636,28743291,KSQ
2060,406820,KR7406820001,뷰티스킨,KOSDAQ,벤처기업부,3650,2,-450,-10.98,4100,4100,3650,254893,1004717940,51596973050,14136157,KSQ
2061,096610,KR7096610001,알에프세미,KOSDAQ,투자주의환기종목(소속부없음),2965,0,0,0.0,0,0,0,0,0,51550708615,17386411,KSQ
2062,011330,KR7011330008,유니켐,KOSPI,,571,2,-11,-1.89,582,582,562,245331,139660691,51497254927,90187837,STK
2063,206560,KR7206560005,덱스터,KOSDAQ,기술성장기업부,2020,2,-75,-3.58,2095,2115,2015,107513,220715701,51331706720,25411736,KSQ
2064,066130,KR7066130006,하츠,KOSDAQ,우량기업부,4010,2,-65,-1.6,4080,4125,3995,24292,98319455,51328000000,12800000,KSQ
2065,466910,KR7466910007,엔에이치스팩30호,KOSDAQ,SPAC(소속부없음),5640,0,0,0.0,0,0,0,0,0,51324000000,9100000,KSQ
2066,009320,KR7009320003,아진전자부품,KOSPI,,1041,2,-24,-2.25,1065,1081,1031,249460,261078586,51321060570,49299770,STK
2067,012280,KR7012280004,영화금속,KOSPI,,992,2,-22,-2.17,1019,1021,990,247860,248588893,51251188960,51664505,STK
2068,452160,KR7452160005,제이엔비,KOSDAQ,중견기업부,5320,2,-180,-3.27,5370,5460,5270,30299,161687690,51165243640,9617527,KSQ
2069,452300,KR7452300007,캡스톤파트너스,KOSDAQ,중견기업부,3600,2,-305,-7.81,3830,3920,3600,226930,841752150,51010218000,14169505,KSQ
2070,086040,KR7086040003,바이오톡스텍,KOSDAQ,벤처기업부,3195,2,-115,-3.47,3215,3275,3135,100815,321104770,50986599165,15958247,KSQ
2071,020760,KR7020760005,일진디스플,KOSPI,,902,0,0,0.0,0,0,0,0,0,50984432422,56523761,STK
2072,097870,KR7097870000,효성오앤비,KOSDAQ,중견기업부,5970,2,-110,-1.81,6080,6120,5910,86769,520914380,50685300000,8490000,KSQ
2073,369370,KR7369370002,블리츠웨이엔터테인먼트,KOSDAQ,벤처기업부,1016,2,-14,-1.36,1031,1061,1008,80510,82443031,50669861576,49871911,KSQ
2074,429270,KR7429270002,시지트로닉스,KOSDAQ,기술성장기업부,7840,2,-710,-8.3,8550,8800,7810,258535,2122932810,50561971040,6449231,KSQ
2075,393970,KR7393970009,대진첨단소재,KOSDAQ,관리종목(소속부없음),2825,0,0,0.0,0,0,0,0,0,50428566500,17850820,KSQ
2076,122350,KR7122350002,삼기,KOSDAQ,중견기업부,1310,2,-30,-2.24,1340,1398,1309,163360,221109857,50224650680,38339428,KSQ
2077,008420,KR7008420002,문배철강,KOSPI,,2440,2,-75,-2.98,2515,2560,2350,338173,835226843,50028552200,20503505,STK
2078,006125,KR7006121008,SK디스커버리우,KOSPI,,40550,3,0,0.0,41950,42500,40100,3675,151279200,49945637750,1231705,STK
2079,057540,KR7057540007,옴니시스템,KOSDAQ,중견기업부,839,2,-18,-2.1,856,880,833,652186,555624085,49831790852,59394268,KSQ
2080,364950,KR7364950006,에이아이코리아,KOSDAQ,벤처기업부,5990,2,-200,-3.23,6250,6250,5960,45520,277323950,49695705550,8296445,KSQ
2081,260660,KR7260660006,알리코제약,KOSDAQ,중견기업부,3225,2,-140,-4.16,3355,3400,3225,53048,174052845,49429642725,15327021,KSQ
2082,073570,KR7073570004,리튬포어스,KOSDAQ,관리종목(소속부없음),821,0,0,0.0,0,0,0,0,0,49413232261,60186641,KSQ
2083,451700,KR7451700009,엔에이치스팩29호,KOSDAQ,SPAC(소속부없음),3440,2,-390,-10.18,3875,3875,3305,980111,3484874544,49364000000,14350000,KSQ
2084,087260,KR7087260006,모바일어플라이언스,KOSDAQ,벤처기업부,1516,2,-322,-17.52,1965,1965,1470,6590227,10672941976,49350137276,32552861,KSQ
2085,119500,KR7119500007,포메탈,KOSDAQ,중견기업부,4165,2,-100,-2.34,4265,4395,4165,153139,655799865,49343721280,11847232,KSQ
2086,056700,KR7056700008,신화인터텍,KOSDAQ,중견기업부,1692,2,-65,-3.7,1742,1774,1690,165857,283714051,49296573972,29135091,KSQ
2087,290520,KR7290520006,신도기연,KOSDAQ,벤처기업부,3090,1,200,6.92,2890,3515,2750,1234733,3960997119,49221728580,15929362,KSQ
2088,096630,KR7096630009,에스코넥,KOSDAQ,우량기업부,3100,2,-240,-7.19,3295,3360,3005,234819,745893592,49216601300,15876323,KSQ
2089,069410,KR7069410009,엔텔스,KOSDAQ,벤처기업부,4800,2,-130,-2.64,4940,4940,4785,52230,253172295,49175155200,10244824,KSQ
2090,311390,KR7311390009,네오크레마,KOSDAQ,벤처기업부,3885,2,-175,-4.31,4040,4125,3880,85835,339554335,49159970265,12653789,KSQ
2091,122690,KR7122690001,서진오토모티브,KOSDAQ,중견기업부,2130,2,-120,-5.33,2250,2325,2125,113385,250857841,49158623580,23079166,KSQ
2092,031310,KR7031310006,아이즈비전,KOSDAQ,중견기업부,1649,2,-81,-4.68,1757,1757,1628,539460,900149053,49052227499,29746651,KSQ
2093,060850,KR7060850005,영림원소프트랩,KOSDAQ,벤처기업부,6030,2,-180,-2.9,6210,6210,6000,32943,199916460,49029930000,8131000,KSQ
2094,352700,KR7352700009,씨앤투스,KOSDAQ,벤처기업부,1865,2,-25,-1.32,1935,1935,1864,29519,55340807,49006416635,26276899,KSQ
2095,286750,KR7286750005,나노실리칸첨단소재,KOSDAQ,투자주의환기종목(소속부없음),1528,2,-152,-9.05,1680,1684,1501,195155,307699570,48940093496,32028857,KSQ
2096,001210,KR7001210004,금호전기,KOSPI,,790,2,-38,-4.59,828,835,788,703167,565246646,48885265570,61880083,STK
2097,355390,KR7355390006,크라우드웍스,KOSDAQ,기술성장기업부,3135,2,-225,-6.7,3360,3365,3115,165903,532374773,48834142665,15577079,KSQ
2098,103840,KR7103840005,우양,KOSDAQ,중견기업부,2975,2,-75,-2.46,3050,3090,2975,93364,282090935,48690123300,16366428,KSQ
2099,464500,KR7464500008,아이언디바이스,KOSDAQ,기술성장기업부,3475,2,-220,-5.95,3730,3830,3450,265441,975134020,48626588925,13993263,KSQ
2100,133820,KR7133820001,화인베스틸,KOSPI,,1309,2,-36,-2.68,1368,1368,1295,134240,175616377,48582883118,37114502,STK
2101,049800,KR7049800006,우진플라임,KOSPI,,2425,2,-100,-3.96,2560,2570,2415,93480,230772015,48500000000,20000000,STK
2102,0010F0,KR70010F0005,보원케미칼,KOSDAQ,벤처기업부,4350,2,-750,-14.71,5190,5200,4345,592920,2764404814,48474664350,11143601,KSQ
2103,052460,KR7052460003,아이크래프트,KOSDAQ,벤처기업부,3315,2,-130,-3.77,3445,3645,3310,435002,1495083231,48425307840,14607936,KSQ
2104,179530,KR7179530001,애드바이오텍,KOSDAQ,기술성장기업부,2460,2,-25,-1.01,2490,2560,2435,95475,237559280,48411889800,19679630,KSQ
2105,257990,KR7257990002,나우코스,KONEX,일반기업부,8200,0,0,0.0,0,0,0,0,0,48309414400,5891392,KNX
2106,007530,KR7007530009,와이엠,KOSDAQ,중견기업부,2170,2,-30,-1.36,2240,2240,2150,18971,41493660,48291681270,22254231,KSQ
2107,106240,KR7106240005,파인테크닉스,KOSDAQ,벤처기업부,2110,2,-120,-5.38,2215,2230,2090,149286,318176148,48252169970,22868327,KSQ
2108,053160,KR7053160008,프리엠스,KOSDAQ,중견기업부,8040,2,-320,-3.83,8380,8420,7960,30154,246883950,48240000000,6000000,KSQ
2109,297570,KR7297570004,알로이스,KOSDAQ,벤처기업부,1391,2,-35,-2.45,1458,1473,1371,156304,221566916,48158114238,34621218,KSQ
2110,003080,KR7003080009,SB성보,KOSPI,,2405,3,0,0.0,2405,2435,2380,11098,26545543,48148100000,20020000,STK
2111,000950,KR7000950006,전방,KOSPI,,28650,2,-1250,-4.18,29900,29900,28250,3177,91574000,48132000000,1680000,STK
2112,011420,KR7011420007,갤럭시아에스엠,KOSPI,,1741,2,-21,-1.19,1760,1810,1725,104374,185080991,47963930204,27549644,STK
2113,307280,KR7307280008,원바이오젠,KOSDAQ,벤처기업부,6760,2,-300,-4.25,7060,7090,6740,36530,251929810,47959678520,7094627,KSQ
2114,082660,KR7082660002,코스나인,KOSDAQ,관리종목(소속부없음),480,0,0,0.0,0,0,0,0,0,47827617120,99640869,KSQ
2115,026940,KR7026940007,부국철강,KOSPI,,2390,2,-75,-3.04,2475,2495,2350,329098,797697962,47800000000,20000000,STK
2116,088340,KR7088340005,유라클,KOSDAQ,벤처기업부,10940,2,-360,-3.19,11670,12200,10940,84313,966552690,47746185920,4364368,KSQ
2117,418250,KR7418250007,시큐레터,KOSDAQ,관리종목(소속부없음),6550,0,0,0.0,0,0,0,0,0,47629012750,7271605,KSQ
2118,044960,KR7044960003,이글벳,KOSDAQ,중견기업부,3765,2,-135,-3.46,3885,3900,3765,92291,351616975,47596689495,12641883,KSQ
2119,476080,KR7476080007,M83,KOSDAQ,중견기업부,5890,2,-310,-5.0,6090,6240,5800,41713,250037070,47573530000,8077000,KSQ
2120,002290,KR7002290005,삼일기업공사,KOSDAQ,우량기업부,3835,1,10,0.26,3825,3900,3770,46525,177697380,47554000000,12400000,KSQ
2121,128540,KR7128540002,에코캡,KOSDAQ,우량기업부,1780,2,-85,-4.56,1890,1907,1750,200370,363569877,47509018800,26690460,KSQ
2122,033540,KR7033540006,파라텍,KOSDAQ,중견기업부,908,2,-34,-3.61,942,957,897,388464,351988300,47439668548,52246331,KSQ
2123,250000,KR7250000007,보라티알,KOSDAQ,우량기업부,7020,2,-40,-0.57,7000,7070,6930,9240,64503675,47390145660,6750733,KSQ
2124,365590,KR7365590009,하이딥,KOSDAQ,기술성장기업부,1528,2,-139,-8.34,1667,1667,1501,126750,197906353,47301718416,30956622,KSQ
2125,376290,KR7376290003,씨유테크,KOSDAQ,벤처기업부,2670,2,-85,-3.09,2755,2755,2655,18488,49557525,47145525000,17657500,KSQ
2126,432430,KR7432430007,와이랩,KOSDAQ,기술성장기업부,2855,2,-235,-7.61,3090,3195,2850,132402,385993511,47131253600,16508320,KSQ
2127,221840,KR7221840002,하이즈항공,KOSDAQ,중견기업부,2515,2,-255,-9.21,2700,2730,2510,119903,316114960,47031910915,18700561,KSQ
2128,002920,KR7002920007,유성기업,KOSPI,,1812,1,4,0.22,1808,1843,1796,60174,109311399,47016870000,25947500,STK
2129,023440,KR7023440001,제이스코홀딩스,KOSDAQ,관리종목(소속부없음),521,0,0,0.0,0,0,0,0,0,46964378481,90142761,KSQ
2130,340440,KR7340440007,세림B&G,KOSDAQ,벤처기업부,1650,2,-50,-2.94,1700,1741,1633,1322687,2223744937,46824300600,28378364,KSQ
2131,219750,KR7219750007,한국비티비,KOSDAQ,중견기업부,713,2,-9,-1.25,722,722,700,20053,14221053,46649369005,65426885,KSQ
2132,025880,KR7025880006,케이씨피드,KOSDAQ,우량기업부,2790,2,-45,-1.59,2795,2825,2720,272634,751736375,46637243820,16715858,KSQ
2133,066360,KR7066360009,체리부로,KOSDAQ,우량기업부,971,2,-39,-3.86,1010,1018,950,498257,493345118,46561406565,47952015,KSQ
2134,014990,KR7014990006,인디에프,KOSPI,,619,2,-19,-2.98,638,640,603,422667,260801064,46494943905,75112995,STK
2135,351320,KR7351320007,넥사다이내믹스,KOSDAQ,중견기업부,1562,1,70,4.69,1495,1630,1495,606512,951677505,46389278804,29698642,KSQ
2136,069460,KR7069460004,대호에이엘,KOSPI,,532,0,0,0.0,0,0,0,0,0,46322278464,87071952,STK
2137,215380,KR7215380007,우정바이오,KOSDAQ,벤처기업부,2750,2,-95,-3.34,2920,2920,2750,176945,495472349,46281334000,16829576,KSQ
2138,430690,KR7430690008,한싹,KOSDAQ,벤처기업부,4240,2,-360,-7.83,4575,4655,4240,144499,627974103,46196186480,10895327,KSQ
2139,065650,KR7065650004,하이퍼코퍼레이션,KOSDAQ,중견기업부,2110,0,0,0.0,0,0,0,0,0,46192067250,21891975,KSQ
2140,263770,KR7263770000,유에스티,KOSDAQ,우량기업부,1948,2,-29,-1.47,1978,1978,1921,17916,34827002,46167935056,23700172,KSQ
2141,446440,KR7446440000,에피바이오텍,KONEX,일반기업부,20000,2,-900,-4.31,19500,20900,17810,166,3076840,46137580000,2306879,KNX
2142,403490,KR7403490006,우듬지팜,KOSDAQ,벤처기업부,1004,2,-36,-3.46,1040,1050,998,163644,165968789,46116193856,45932464,KSQ
2143,053950,KR7053950002,경남제약,KOSDAQ,중견기업부,2945,2,-130,-4.23,3075,3100,2900,114471,340216295,46028792095,15629471,KSQ
2144,335810,KR7335810008,프리시젼바이오,KOSDAQ,기술성장기업부,2095,2,-5,-0.24,2305,2305,2052,37541,78734542,45984215070,21949506,KSQ
2145,263810,KR7263810004,상신전자,KOSDAQ,중견기업부,2880,2,-135,-4.48,3020,3025,2855,133126,388294930,45863496000,15924825,KSQ
2146,064480,KR7064480007,브리지텍,KOSDAQ,벤처기업부,3825,2,-120,-3.04,3950,4210,3820,84013,331273557,45718312500,11952500,KSQ
2147,300120,KR7300120003,라온피플,KOSDAQ,벤처기업부,923,2,-24,-2.53,948,1005,902,436710,413945109,45692206768,49504016,KSQ
2148,332290,KR7332290006,누보,KOSDAQ,벤처기업부,1142,2,-55,-4.59,1197,1197,1140,394227,455439986,45570829368,39904404,KSQ
2149,032790,KR7032790008,엠젠솔루션,KOSDAQ,벤처기업부,887,0,0,0.0,0,0,0,0,0,45556508044,51360212,KSQ
2150,066910,KR7066910001,손오공,KOSDAQ,중견기업부,680,0,0,0.0,0,0,0,0,0,45514551520,66933164,KSQ
2151,186230,KR7186230009,그린플러스,KOSDAQ,벤처기업부,4160,2,-135,-3.14,4260,4275,4120,32575,137285749,45427982080,10920188,KSQ
2152,007120,KR7007120009,미래아이앤지,KOSPI,,1573,1,21,1.35,1589,1589,1504,136350,210107237,45426050384,28878608,STK
2153,044480,KR7044480002,빌리언스,KOSDAQ,중견기업부,1366,2,-29,-2.08,1408,1422,1312,410142,561694999,45420751256,33250916,KSQ
2154,464280,KR7464280007,티디에스팜,KOSDAQ,중견기업부,8210,2,-240,-2.84,8450,8470,8150,39360,325648170,45401300000,5530000,KSQ
2155,019770,KR7019770007,서연탑메탈,KOSDAQ,우량기업부,3890,1,30,0.78,3910,4020,3845,73454,287632020,45318500000,11650000,KSQ
2156,080530,KR7080530009,코디,KOSDAQ,중견기업부,815,0,0,0.0,0,0,0,0,0,45241363125,55510875,KSQ
2157,290090,KR7290090000,트윔,KOSDAQ,벤처기업부,6080,2,-260,-4.1,6380,6500,6050,7468,46215640,45236829440,7440268,KSQ
2158,046310,KR7046310009,백금T&A,KOSDAQ,우량기업부,2755,2,-50,-1.78,2805,2855,2755,208432,586848370,45233355955,16418641,KSQ
2159,087600,KR7087600003,픽셀플러스,KOSDAQ,벤처기업부,5530,2,-210,-3.66,5770,5920,5510,13986,78227230,45161065740,8166558,KSQ
2160,129890,KR7129890000,앱코,KOSDAQ,벤처기업부,991,2,-26,-2.56,1030,1030,989,429344,431282134,45135691582,45545602,KSQ
2161,005030,KR7005030002,부산주공,KOSPI,,486,0,0,0.0,0,0,0,0,0,45092532168,92782988,STK
2162,254120,KR7254120009,자비스,KOSDAQ,기술성장기업부,1465,2,-114,-7.22,1591,1602,1465,990648,1495101880,45055005550,30754270,KSQ
2163,336060,KR7336060009,웨이버스,KOSDAQ,벤처기업부,935,1,19,2.07,916,980,909,327300,306538028,45025112000,48155200,KSQ
2164,023960,KR7023960008,에쓰씨엔지니어링,KOSPI,,1183,2,-27,-2.23,1210,1214,1176,191946,228704346,44996558425,38035975,STK
2165,131760,KR7131760001,파인텍,KOSDAQ,벤처기업부,1036,0,0,0.0,0,0,0,0,0,44995119988,43431583,KSQ
2166,091590,KR7091590000,남화토건,KOSDAQ,중견기업부,3820,2,-55,-1.42,3875,3955,3710,17439,66387865,44846800000,11740000,KSQ
2167,074610,KR7074610007,이엔플러스,KOSPI,,5110,0,0,0.0,0,0,0,0,0,44815400070,8770137,STK
2168,434480,KR7434480000,모니터랩,KOSDAQ,기술성장기업부,3635,2,-300,-7.62,3935,3960,3545,307910,1126428960,44747940500,12310300,KSQ
2169,079000,KR7079000006,와토스코리아,KOSDAQ,중견기업부,6210,2,-190,-2.97,6470,6470,6030,20837,129121540,44712000000,7200000,KSQ
2170,050860,KR7050860006,아세아텍,KOSDAQ,우량기업부,1986,2,-9,-0.45,2030,2055,1971,33278,66013019,44685000000,22500000,KSQ
2171,081580,KR7081580003,성우전자,KOSDAQ,중견기업부,2880,1,70,2.49,2810,3060,2810,332904,968241622,44663451840,15508143,KSQ
2172,101240,KR7101240000,씨큐브,KOSDAQ,우량기업부,3920,2,-55,-1.38,3975,4020,3900,78051,307597659,44519643840,11357052,KSQ
2173,475460,KR7475460002,미트박스,KOSDAQ,벤처기업부,7930,2,-110,-1.37,8020,8250,7930,34181,276767650,44511288250,5613025,KSQ
2174,160550,KR7160550000,NEW,KOSDAQ,중견기업부,1594,2,-11,-0.69,1631,1631,1591,58449,93682583,44482332964,27906106,KSQ
2175,140520,KR7140520008,대창스틸,KOSDAQ,중견기업부,2105,2,-45,-2.09,2150,2160,2100,93913,198940725,44434956515,21109243,KSQ
2176,263700,KR7263700007,케어랩스,KOSDAQ,중견기업부,2285,2,-105,-4.39,2390,2390,2265,55198,127202715,44361447000,19414200,KSQ
2177,288330,KR7288330004,파라택시스코리아,KOSDAQ,관리종목(소속부없음),416,0,0,0.0,0,0,0,0,0,44129674368,106080948,KSQ
2178,032960,KR7032960007,동일기연,KOSDAQ,관리종목(소속부없음),12510,2,-220,-1.73,12550,12880,12460,1316,16650420,44017623450,3518595,KSQ
2179,000215,KR7000211003,DL우,KOSPI,,26100,2,-550,-2.06,27150,27150,25750,8538,223517250,44007601500,1686115,STK
2180,200580,KR7200580009,메디쎄이,KONEX,일반기업부,11790,1,100,0.86,11680,12000,11230,6702,77630360,43930471410,3726079,KNX
2181,008870,KR7008870008,금비,KOSPI,,43900,2,-600,-1.35,44500,45000,43700,1502,66237200,43900000000,1000000,STK
2182,051630,KR7051630002,진양화학,KOSPI,,2070,2,-35,-1.66,2150,2155,2010,263175,545282916,43884000000,21200000,STK
2183,306040,KR7306040007,에스제이그룹,KOSDAQ,중견기업부,4445,2,-220,-4.72,4665,4700,4375,166907,750347788,43853605460,9865828,KSQ
2184,256150,KR7256150004,한독크린텍,KOSDAQ,벤처기업부,5210,2,-30,-0.57,5410,5410,5150,8018,41639830,43737950000,8395000,KSQ
2185,083550,KR7083550004,케이엠,KOSDAQ,중견기업부,3225,2,-95,-2.86,3320,3395,3220,32877,107384551,43718632125,13556165,KSQ
2186,012160,KR7012160008,영흥,KOSPI,,431,2,-18,-4.01,445,457,430,174963,76458819,43664770332,101310372,STK
2187,481850,KR7481850006,신한글로벌액티브리츠,KOSPI,,1004,1,5,0.5,1011,1018,993,70812,70855094,43651574656,43477664,STK
2188,178780,KR7178780003,일월지엠엘,KOSDAQ,벤처기업부,2335,2,-20,-0.85,2355,2355,2300,16967,39533930,43522520325,18639195,KSQ
2189,199480,KR7199480005,뱅크웨어글로벌,KOSDAQ,기술성장기업부,4250,2,-235,-5.24,4550,4575,4250,57780,253707940,43335499000,10196588,KSQ
2190,363260,KR7363260001,모비데이즈,KOSDAQ,벤처기업부,1347,2,-66,-4.67,1412,1420,1344,293781,402420249,43324596843,32163769,KSQ
2191,026040,KR7026040006,제이에스티나,KOSDAQ,중견기업부,2625,2,-95,-3.49,2730,2730,2540,908791,2370830159,43322448750,16503790,KSQ
2192,200780,KR7200780005,비씨월드제약,KOSDAQ,중견기업부,4050,2,-15,-0.37,4110,4110,4010,19586,79432495,43195927050,10665661,KSQ
2193,220180,KR7220180004,핸디소프트,KOSDAQ,벤처기업부,1805,2,-55,-2.96,1860,1860,1800,10083,18264721,43195169810,23930842,KSQ
2194,049830,KR7049830003,승일,KOSDAQ,관리종목(소속부없음),7040,2,-140,-1.95,7150,7240,7040,1062,7520590,43170068480,6132112,KSQ
2195,006920,KR7006920003,모헨즈,KOSDAQ,중견기업부,3950,2,-160,-3.89,4110,4430,3920,199875,810469451,43134000000,10920000,KSQ
2196,351870,KR7351870001,차이커뮤니케이션,KOSDAQ,중견기업부,3860,2,-140,-3.5,3940,4080,3695,22265,86629030,43080078120,11160642,KSQ
2197,013000,KR7013000005,세우글로벌,KOSPI,,1500,2,-26,-1.7,1548,1562,1490,147918,224676176,43057546500,28705031,STK
2198,080520,KR7080520000,오디텍,KOSDAQ,벤처기업부,3800,2,-220,-5.47,4105,4105,3795,64998,251656056,43025184600,11322417,KSQ
2199,123570,KR7123570004,이엠넷,KOSDAQ,중견기업부,1929,2,-14,-0.72,1947,1950,1909,30549,58469349,42970554462,22276078,KSQ
2200,290120,KR7290120005,DH오토리드,KOSDAQ,중견기업부,2715,2,-40,-1.45,2755,2765,2665,65551,177057395,42962836035,15824249,KSQ
2201,258790,KR7258790005,소프트캠프,KOSDAQ,벤처기업부,1718,0,0,0.0,0,0,0,0,0,42935025912,24991284,KSQ
2202,204020,KR7204020002,그리티,KOSDAQ,우량기업부,2205,2,-150,-6.37,2330,2390,2200,203235,465419607,42889084560,19450832,KSQ
2203,046390,KR7046390001,삼화네트웍스,KOSDAQ,중견기업부,991,0,0,0.0,0,0,0,0,0,42784376603,43172933,KSQ
2204,239610,KR7239610009,에이치엘사이언스,KOSDAQ,벤처기업부,7930,2,-90,-1.12,8060,8060,7700,2238,17581060,42759471950,5392115,KSQ
2205,000760,KR7000760009,이화산업,KOSPI,,15270,2,-70,-0.46,15360,15730,14890,1246,18995580,42756000000,2800000,STK
2206,002870,KR7002870004,신풍,KOSPI,,1222,2,-20,-1.61,1244,1320,1199,1220913,1549984943,42719531400,34958700,STK
2207,224110,KR7224110007,에이텍모빌리티,KOSDAQ,벤처기업부,8400,2,-50,-0.59,8450,8670,8380,36086,304470890,42675242400,5080386,KSQ
2208,024120,KR7024120008,KB오토시스,KOSDAQ,중견기업부,3710,2,-60,-1.59,3770,3790,3670,46955,174358315,42665000000,11500000,KSQ
2209,376180,KR7376180006,피코그램,KOSDAQ,벤처기업부,2285,2,-110,-4.59,2395,2425,2280,105084,243934337,42411971830,18561038,KSQ
2210,258610,KR7258610005,케일럼,KOSDAQ,중견기업부,1162,2,-42,-3.49,1204,1234,1156,57953,68460562,42395643206,36485063,KSQ
2211,469750,KR7469750004,아이비젼웍스,KOSDAQ,벤처기업부,1230,2,-91,-6.89,1325,1325,1225,520052,666810196,42381471630,34456481,KSQ
2212,241840,KR7241840008,에이스토리,KOSDAQ,중견기업부,4440,2,-80,-1.77,4520,4575,4410,12339,55156559,42357573360,9539994,KSQ
2213,011230,KR7011230000,삼화전자,KOSPI,,2210,2,-75,-3.28,2350,2350,2185,52123,115509585,42356384850,19165785,STK
2214,037370,KR7037370004,EG,KOSDAQ,벤처기업부,4905,2,-155,-3.06,5150,5150,4855,36236,178016220,42305487660,8624972,KSQ
2215,388610,KR7388610008,지에프씨생명과학,KOSDAQ,기술성장기업부,7970,2,-500,-5.9,8470,8470,7970,34252,278805615,42270560730,5303709,KSQ
2216,440320,KR7440320000,오픈놀,KOSDAQ,기술성장기업부,4300,1,135,3.24,4115,4385,3965,304852,1293282959,42269000000,9830000,KSQ
2217,011300,KR7011300001,우성머티리얼스,KOSPI,,2665,2,-285,-9.66,3015,3015,2610,75414,207186359,42257255365,15856381,STK
2218,006345,KR7006341002,대원전선우,KOSPI,,16120,2,-4580,-22.13,20700,20750,15530,1356462,23848048560,42253744000,2621200,STK
2219,203450,KR7203450002,유니온바이오메트릭스,KOSDAQ,벤처기업부,3000,2,-65,-2.12,3065,3080,2960,22927,68426290,42237021000,14079007,KSQ
2220,084870,KR7084870005,TBH글로벌,KOSPI,,2015,1,5,0.25,2010,2040,1997,17843,35815355,42026490285,20856819,STK
2221,014570,KR7014570006,고려제약,KOSDAQ,중견기업부,3820,2,-15,-0.39,3835,3850,3775,13288,50631992,42020000000,11000000,KSQ
2222,054780,KR7054780002,키이스트,KOSDAQ,중견기업부,2130,2,-55,-2.52,2160,2190,2130,39366,84337125,41871099090,19657793,KSQ
2223,450520,KR7450520002,인스웨이브,KOSDAQ,벤처기업부,2845,2,-80,-2.74,2975,2975,2840,81208,234254279,41834524410,14704578,KSQ
2224,020180,KR7020180006,대신정보통신,KOSDAQ,중견기업부,1084,2,-36,-3.21,1121,1130,1084,785385,861923695,41656943860,38428915,KSQ
2225,002880,KR7002880003,디와이에이,KOSPI,,890,2,-5,-0.56,895,915,888,152399,136536387,41628855550,46773995,STK
2226,009140,KR7009140005,경인전자,KOSPI,,26450,2,-1500,-5.37,28400,28400,25650,16322,438086350,41547580650,1570797,STK
2227,057030,KR7057030009,YBM넷,KOSDAQ,중견기업부,2545,2,-25,-0.97,2570,2600,2525,16944,43312853,41515813865,16312697,KSQ
2228,058110,KR7058110008,멕아이씨에스,KOSDAQ,기술성장기업부,2585,2,-120,-4.44,2705,2705,2440,154566,398947514,41490620050,16050530,KSQ
2229,066900,KR7066900002,디에이피,KOSDAQ,관리종목(소속부없음),1822,2,-13,-0.71,1830,1830,1791,11916,21516990,41440484466,22744503,KSQ
2230,019490,KR7019490002,엑시큐어하이트론,KOSPI,,541,0,0,0.0,0,0,0,0,0,41349858070,76432270,STK
2231,221980,KR7221980006,케이디켐,KOSDAQ,우량기업부,10240,2,-70,-0.68,10310,10310,10190,1025,10493345,41316352000,4034800,KSQ
2232,052600,KR7052600004,한네트,KOSDAQ,중견기업부,3567,2,-128,-3.46,3680,3695,3535,108925,391658680,41247717900,11563700,KSQ
2233,298060,KR7298060005,풍전약품,KOSDAQ,관리종목(소속부없음),927,0,0,0.0,0,0,0,0,0,40976344152,44203176,KSQ
2234,308170,KR7308170000,씨티알모빌리티,KOSPI,,4745,2,-250,-5.01,4955,4990,4740,32595,158426115,40854450000,8610000,STK
2235,001380,KR7001380005,SG글로벌,KOSPI,,1816,1,28,1.57,1788,1875,1756,207754,378562115,40827440936,22482071,STK
2236,347770,KR7347770000,핌스,KOSDAQ,중견기업부,1786,1,36,2.06,1750,1850,1750,96862,171981546,40822677012,22857042,KSQ
2237,153490,KR7153490008,우리이앤엘하루틴,KOSDAQ,우량기업부,792,2,-12,-1.49,804,810,770,120604,94779586,40772160000,51480000,KSQ
2238,271830,KR7271830002,팸텍,KOSDAQ,벤처기업부,1379,2,-46,-3.23,1411,1456,1379,151833,213747448,40666988558,29490202,KSQ
2239,195500,KR7195500004,마니커에프앤지,KOSDAQ,중견기업부,2545,2,-55,-2.12,2630,2630,2545,55981,143884320,40664010000,15978000,KSQ
2240,032860,KR7032860009,더라미,KOSDAQ,중견기업부,1004,2,-15,-1.47,1079,1079,963,136709,136294707,40557446452,40395863,KSQ
2241,145270,KR7145270005,케이탑리츠,KOSPI,,842,1,5,0.6,838,850,838,37187,31388681,40467171708,48060774,STK
2242,133750,KR7133750000,메가엠디,KOSDAQ,중견기업부,1727,2,-1,-0.06,1755,1755,1700,24899,42642561,40424021979,23407077,KSQ
2243,017040,KR7017040007,광명전기,KOSPI,,932,0,0,0.0,0,0,0,0,0,40390657180,43337615,STK
2244,064520,KR7064520000,테크엘,KOSDAQ,중견기업부,1805,2,-20,-1.1,1806,1824,1759,16995,30416642,40343666910,22351062,KSQ
2245,073540,KR7073540007,에프알텍,KOSDAQ,벤처기업부,3535,2,-195,-5.23,3725,3730,3530,106453,381333155,40299000000,11400000,KSQ
2246,462510,KR7462510009,라메디텍,KOSDAQ,기술성장기업부,4570,2,-1440,-23.96,5410,5700,4550,1034855,5323209702,40229550050,8802965,KSQ
2247,005320,KR7005320007,온타이드,KOSPI,,588,0,0,0.0,0,0,0,0,0,40204905720,68375690,STK
2248,228340,KR7228340006,동양파일,KOSDAQ,중견기업부,2010,1,40,2.03,1970,2020,1907,47665,93902260,40200000000,20000000,KSQ
2249,140430,KR7140430000,카티스,KOSDAQ,중견기업부,752,0,0,0.0,0,0,0,0,0,40192549328,53447539,KSQ
2250,109820,KR7109820001,진매트릭스,KOSDAQ,기술성장기업부,1962,2,-63,-3.11,2025,2045,1938,128813,253573304,40012321680,20393640,KSQ
2251,002360,KR7002360006,SH에너지화학,KOSPI,,358,0,0,0.0,0,0,0,0,0,39785875340,111133730,STK
2252,200350,KR7200350007,아티스트스튜디오,KOSDAQ,기술성장기업부,3980,2,-55,-1.36,4030,4300,3905,71217,284609022,39784179500,9996025,KSQ
2253,318410,KR7318410008,비비씨,KOSDAQ,중견기업부,7150,2,-160,-2.19,7300,7320,7120,14019,100694160,39719987450,5555243,KSQ
2254,064090,KR7064090004,인크레더블버즈,KOSDAQ,관리종목(소속부없음),798,0,0,0.0,0,0,0,0,0,39694710510,49742745,KSQ
2255,022220,KR7022220008,티케이지애강,KOSDAQ,중견기업부,766,2,-12,-1.54,777,825,765,30039,23352729,39674647514,51794579,KSQ
2256,340810,KR7340810001,시선AI,KOSDAQ,기술성장기업부,2900,2,-45,-1.53,3085,3085,2850,152110,443125739,39570430400,13644976,KSQ
2257,356890,KR7356890004,싸이버원,KOSDAQ,벤처기업부,3305,2,-185,-5.3,3525,3580,3180,159693,540136150,39507391625,11953825,KSQ
2258,148250,KR7148250004,알엔투테크놀로지,KOSDAQ,벤처기업부,2900,2,-130,-4.29,3050,3180,2890,116451,346600620,39471041600,13610704,KSQ
2259,025440,KR7025440009,DH오토웨어,KOSDAQ,투자주의환기종목(소속부없음),809,2,-4,-0.49,814,850,799,211526,171477769,39464010216,48781224,KSQ
2260,003535,KR7003531001,한화투자증권우,KOSPI,,8220,2,-410,-4.75,8880,8960,8200,52593,450874320,39456000000,4800000,STK
2261,363250,KR7363250002,진시스템,KOSDAQ,기술성장기업부,4625,2,-300,-6.09,5180,5180,4505,48660,226148620,39351266750,8508382,KSQ
2262,075970,KR7075970004,동국알앤에스,KOSDAQ,중견기업부,2135,2,-120,-5.32,2260,2265,2135,135443,296301097,39284000000,18400000,KSQ
2263,277410,KR7277410007,인산가,KOSDAQ,벤처기업부,1022,2,-26,-2.48,1049,1058,1022,123011,127215967,39256558110,38411505,KSQ
2264,122830,KR7122830003,원포유,KONEX,일반기업부,1192,2,-27,-2.21,1297,1300,1087,25135,28817795,39040366120,32751985,KNX
2265,008250,KR7008250003,이건산업,KOSPI,,3545,2,-60,-1.66,3685,3685,3520,24299,86516155,38827091075,10952635,STK
2266,200230,KR7200230001,텔콘RF제약,KOSDAQ,중견기업부,540,2,-7,-1.28,559,559,530,430970,230685081,38622707820,71523533,KSQ
2267,114630,KR7114630007,폴라리스우노,KOSDAQ,우량기업부,2195,2,-65,-2.88,2255,2255,2175,58856,129616240,38608972255,17589509,KSQ
2268,045060,KR7045060001,오공,KOSDAQ,우량기업부,2275,2,-65,-2.78,2335,2340,2275,30025,69052500,38542990850,16941974,KSQ
2269,059100,KR7059100008,아이컴포넌트,KOSDAQ,벤처기업부,5450,2,-100,-1.8,5550,5650,5340,52389,286981880,38536187000,7070860,KSQ
2270,068050,KR7068050004,팬엔터테인먼트,KOSDAQ,중견기업부,1381,2,-17,-1.22,1398,1435,1373,62178,86738279,38245518956,27694076,KSQ
2271,417860,KR7417860004,오브젠,KOSDAQ,벤처기업부,8140,2,-580,-6.65,8720,8740,8080,59665,491153830,38232814840,4696906,KSQ
2272,318020,KR7318020005,포인트모바일,KOSDAQ,벤처기업부,3105,2,-95,-2.97,3200,3220,3090,47725,149901319,38195449560,12301272,KSQ
2273,039290,KR7039290002,인포뱅크,KOSDAQ,중견기업부,4390,2,-25,-0.57,4415,4500,4355,17905,79268300,38166563420,8693978,KSQ
2274,006050,KR7006050009,국영지앤엠,KOSDAQ,중견기업부,1093,2,-34,-3.02,1127,1129,1075,326611,359520401,38140500599,34895243,KSQ
2275,238490,KR7238490007,힘스,KOSDAQ,벤처기업부,3370,1,160,4.98,3210,3840,3210,191567,668830110,38122235320,11312236,KSQ
2276,206400,KR7206400004,베노티앤알,KOSDAQ,중견기업부,1016,2,-17,-1.65,1026,1032,950,153802,152557788,38110320528,37510158,KSQ
2277,169330,KR7169330008,엠브레인,KOSDAQ,중견기업부,2080,1,65,3.23,2040,2080,2015,52804,107971669,38099189440,18316918,KSQ
2278,056730,KR7056730005,CNT85,KOSDAQ,중견기업부,514,0,0,0.0,0,0,0,0,0,38093149604,74111186,KSQ
2279,270870,KR7270870009,뉴트리,KOSDAQ,중견기업부,4140,1,30,0.73,4080,4235,3870,26941,110189177,38088927360,9200224,KSQ
2280,387570,KR7387570005,파인메딕스,KOSDAQ,기술성장기업부,6750,2,-260,-3.71,7280,7280,6750,13906,95005570,37974825000,5625900,KSQ
2281,016670,KR7016670002,디모아,KOSDAQ,중견기업부,3725,2,-75,-1.97,3700,3860,3700,19946,75851435,37973521650,10194234,KSQ
2282,131100,KR7131100000,티엔엔터테인먼트,KOSDAQ,중견기업부,1177,2,-28,-2.32,1205,1205,1134,135610,157050728,37954394148,32246724,KSQ
2283,038870,KR7038870002,에코심플렉스,KOSDAQ,중견기업부,2705,1,15,0.56,2635,2735,2630,43794,116502530,37910437045,14014949,KSQ
2284,195990,KR7195990007,에이비프로바이오,KOSDAQ,관리종목(소속부없음),1162,2,-50,-4.13,1200,1234,1160,155035,183218890,37853019176,32575748,KSQ
2285,050120,KR7050120005,ES큐브,KOSDAQ,중견기업부,2785,2,-50,-1.76,2835,2900,2645,24004,67194210,37775979510,13564086,KSQ
2286,065950,KR7065950008,웰크론,KOSDAQ,중견기업부,1336,2,-18,-1.33,1354,1377,1331,59093,80227426,37717019472,28231302,KSQ
2287,475660,KR7475660007,에스켐,KOSDAQ,기술성장기업부,4755,2,-140,-2.86,5000,5000,4730,18705,89955110,37706365425,7929835,KSQ
2288,007720,KR7007720006,소노스퀘어,KOSDAQ,중견기업부,374,2,-16,-4.1,386,389,362,487067,179803755,37699368300,100800450,KSQ
2289,359090,KR7359090008,씨엔알리서치,KOSDAQ,중견기업부,655,2,-12,-1.8,667,675,610,182497,117198543,37643319635,57470717,KSQ
2290,317240,KR7317240000,TS트릴리온,KOSDAQ,벤처기업부,1290,2,-6,-0.46,1368,1460,1273,417807,565394551,37637957190,29176711,KSQ
2291,025750,KR7025750001,한솔홈데코,KOSPI,,2335,2,-125,-5.08,2475,2480,2315,80539,189346423,37623922715,16113029,STK
2292,006200,KR7006200000,한국전자홀딩스,KOSPI,,801,0,0,0.0,0,0,0,0,0,37489311936,46803136,STK
2293,024890,KR7024890006,대원화성,KOSPI,,906,0,0,0.0,0,0,0,0,0,37371731712,41249152,STK
2294,354200,KR7354200008,엔젠바이오,KOSDAQ,기술성장기업부,1393,1,143,11.44,1250,1618,1202,7126083,10572915256,37345981750,26809750,KSQ
2295,900340,HK0000449303,윙입푸드,KOSDAQ,외국기업(소속부없음),742,0,0,0.0,0,0,0,0,0,37345548576,50330928,KSQ
2296,208860,KR7208860007,다산디엠씨,KOSDAQ,벤처기업부,1100,2,-36,-3.17,1136,1164,1094,56013,62889433,37344970300,33949973,KSQ
2297,424760,KR7424760007,벨로크,KOSDAQ,벤처기업부,1887,0,0,0.0,0,0,0,0,0,37321684179,19778317,KSQ
2298,075130,KR7075130005,플랜티넷,KOSDAQ,벤처기업부,2235,2,-75,-3.25,2310,2310,2225,27714,62521815,37150885200,16622320,KSQ
2299,021880,KR7021880000,메이슨캐피탈,KOSDAQ,중견기업부,175,2,-40,-18.6,230,250,170,24180590,4884125352,37132271400,212184408,KSQ
2300,033200,KR7033200007,모아텍,KOSDAQ,투자주의환기종목(소속부없음),4030,2,-85,-2.07,4115,4290,3975,32302,130711017,37094251870,9204529,KSQ
2301,257370,KR7257370007,피엔티엠에스,KOSDAQ,벤처기업부,2960,2,-55,-1.82,3030,3030,2900,57989,170356055,37014388560,12504861,KSQ
2302,060540,KR7060540002,에스에이티,KOSDAQ,중견기업부,1416,1,28,2.02,1388,1465,1388,370385,529685441,37004761296,26133306,KSQ
2303,262840,KR7262840002,아이퀘스트,KOSDAQ,벤처기업부,3500,2,-130,-3.58,3635,3640,3495,51253,182108050,36984332000,10566952,KSQ
2304,373170,KR7373170000,엠아이큐브솔루션,KOSDAQ,벤처기업부,2445,2,-235,-8.77,2640,2680,2250,116168,290885760,36953216550,15113790,KSQ
2305,398120,KR7398120006,에스지헬스케어,KOSDAQ,벤처기업부,3115,2,-265,-7.84,3395,3395,3110,76052,243937940,36814661765,11818511,KSQ
2306,004365,KR7004361002,세방우,KOSPI,,9970,2,-200,-1.97,10170,10250,9950,1337,13418010,36781822500,3689250,STK
2307,094860,KR7094860004,네오리진,KOSDAQ,중견기업부,1463,1,19,1.32,1444,1479,1423,260224,377970788,36735950482,25110014,KSQ
2308,001000,KR7001000009,신라섬유,KOSDAQ,중견기업부,1513,1,27,1.82,1486,1558,1484,51599,78821272,36731918020,24277540,KSQ
2309,177830,KR7177830007,파버나인,KOSDAQ,벤처기업부,2720,2,-45,-1.63,2745,2765,2700,22193,60367045,36703546720,13493951,KSQ
2310,010640,KR7010640001,진양폴리,KOSPI,,2190,2,-55,-2.45,2270,2275,2160,39110,86619164,36573000000,16700000,STK
2311,134790,KR7134790005,시디즈,KOSPI,,18230,2,-340,-1.83,18580,18580,18110,1562,28615730,36460000000,2000000,STK
2312,33626L,KR733626K021,두산퓨얼셀2우B,KOSPI,,12160,2,-350,-2.8,12500,12510,12040,20432,248957755,36313408000,2986300,STK
2313,288980,KR7288980006,모아데이타,KOSDAQ,기술성장기업부,998,1,2,0.2,1048,1059,976,446479,452095527,36308616242,36381379,KSQ
2314,196490,KR7196490007,디에이테크놀로지,KOSDAQ,투자주의환기종목(소속부없음),6090,0,0,0.0,0,0,0,0,0,36245518050,5951645,KSQ
2315,043200,KR7043200005,파루,KOSDAQ,벤처기업부,867,2,-66,-7.07,975,975,865,389730,347401880,36244341105,41804315,KSQ
2316,019175,KR7019171008,신풍제약우,KOSPI,,18200,2,-820,-4.31,18910,18910,18200,3266,60266520,36240386000,1991230,STK
2317,012620,KR7012620001,원일특강,KOSDAQ,우량기업부,8230,2,-350,-4.08,8660,8660,8230,6141,51253130,36212000000,4400000,KSQ
2318,002025,KR7002021004,코오롱우,KOSPI,,31200,2,-1400,-4.29,32500,32500,31200,5439,172762725,36205634400,1160437,STK
2319,005820,KR7005820006,원림,KOSPI,,15740,2,-440,-2.72,16330,16330,15520,3298,51967940,36170047800,2297970,STK
2320,069640,KR7069640001,한세엠케이,KOSPI,,1613,4,372,29.98,1249,1613,1245,1459866,2213773061,36136443863,22403251,STK
2321,462980,KR7462980004,아이지넷,KOSDAQ,기술성장기업부,1980,2,-80,-3.88,2060,2125,1974,85936,172042273,36104185260,18234437,KSQ
2322,187270,KR7187270004,신화콘텍,KOSDAQ,벤처기업부,3550,2,-140,-3.79,3815,3820,3500,56137,201620205,36010649750,10143845,KSQ
2323,284620,KR7284620002,카이노스메드,KOSDAQ,투자주의환기종목(소속부없음),1087,0,0,0.0,0,0,0,0,0,35965517911,33086953,KSQ
2324,317120,KR7317120004,라닉스,KOSDAQ,기술성장기업부,2350,2,-105,-4.28,2455,2475,2350,332277,797175762,35861000000,15260000,KSQ
2325,045300,KR7045300001,성우테크론,KOSDAQ,중견기업부,3400,2,-150,-4.23,3535,3695,3375,166161,580807760,35859840800,10547012,KSQ
2326,009810,KR7009810003,플레이그램,KOSPI,,1178,0,0,0.0,0,0,0,0,0,35784695000,30377500,STK
2327,118000,KR7118000009,메타케어,KOSPI,,208,0,0,0.0,0,0,0,0,0,35729691712,171777364,STK
2328,068940,KR7068940006,셀피글로벌,KOSDAQ,관리종목(소속부없음),778,0,0,0.0,0,0,0,0,0,35720093048,45912716,KSQ
2329,342870,KR7342870003,오아,KOSDAQ,중견기업부,6550,2,-90,-1.36,6690,6780,6300,7037,45517760,35698790350,5450197,KSQ
2330,071850,KR7071850002,캐스텍코리아,KOSDAQ,투자주의환기종목(소속부없음),1471,2,-16,-1.08,1499,1499,1448,6571,9646966,35687839798,24260938,KSQ
2331,263920,KR7263920001,휴엠앤씨,KOSDAQ,중견기업부,3635,2,-135,-3.58,3770,3770,3610,13951,50881415,35655809510,9809026,KSQ
2332,159910,KR7159910009,에코글로우,KOSDAQ,중견기업부,3405,2,-20,-0.58,3600,3940,3320,42798,154696021,35640465285,10467097,KSQ
2333,038880,KR7038880001,아이에이,KOSDAQ,투자주의환기종목(소속부없음),948,2,-28,-2.87,977,990,940,229486,218862885,35618366916,37572117,KSQ
2334,33637K,KR733637K010,솔루스첨단소재1우,KOSPI,,2100,2,-120,-5.41,2220,2240,2100,14464,31015202,35508408600,16908766,STK
2335,035200,KR7035200005,프럼파스트,KOSDAQ,벤처기업부,3640,2,-80,-2.15,3700,3775,3630,84507,311740590,35419347600,9730590,KSQ
2336,027580,KR7027580000,상보,KOSDAQ,중견기업부,598,0,0,0.0,0,0,0,0,0,35390404842,59181279,KSQ
2337,038950,KR7038950002,파인디지털,KOSDAQ,중견기업부,3460,2,-90,-2.54,3550,3625,3435,7310,25894375,35329246900,10210765,KSQ
2338,263050,KR7263050007,유틸렉스,KOSDAQ,관리종목(소속부없음),959,0,0,0.0,0,0,0,0,0,35324626904,36834856,KSQ
2339,455180,KR7455180000,케이지에이,KOSDAQ,벤처기업부,2530,2,-140,-5.24,2670,2675,2510,72028,185484915,35314539480,13958316,KSQ
2340,039740,KR7039740006,한국정보공학,KOSDAQ,벤처기업부,4385,1,90,2.1,4295,4535,4135,92243,403216897,35160670845,8018397,KSQ
2341,021650,KR7021650007,한국큐빅,KOSDAQ,중견기업부,2150,2,-20,-0.92,2170,2170,2120,11721,25178205,35153710450,16350563,KSQ
2342,318000,KR7318000007,KBG,KOSDAQ,벤처기업부,4005,2,-110,-2.67,4090,4175,3990,32613,132600810,35004593115,8740223,KSQ
2343,013810,KR7013810007,스페코,KOSDAQ,중견기업부,2380,2,-80,-3.25,2540,2540,2375,88266,212637594,34880018600,14655470,KSQ
2344,464580,KR7464580000,닷밀,KOSDAQ,기술성장기업부,1895,2,-55,-2.82,1955,1958,1883,24708,46903448,34879538655,18406089,KSQ
2345,086060,KR7086060001,진바이오텍,KOSDAQ,중견기업부,4050,2,-25,-0.61,4050,4190,4010,22116,89524496,34872877350,8610587,KSQ
2346,130500,KR7130500002,GH신소재,KOSDAQ,중견기업부,2385,2,-65,-2.65,2430,2450,2385,36529,88271565,34689949020,14545052,KSQ
2347,290270,KR7290270008,휴네시온,KOSDAQ,벤처기업부,3595,2,-170,-4.52,3795,3795,3595,163281,598473440,34539580840,9607672,KSQ
2348,225220,KR7225220003,제놀루션,KOSDAQ,벤처기업부,1798,1,64,3.69,1720,1800,1712,78110,137204936,34503657758,19190021,KSQ
2349,353590,KR7353590003,오토앤,KOSDAQ,중견기업부,2677,2,-153,-5.41,2830,2980,2650,31821,88153351,34467900890,12875570,KSQ
2350,162120,KR7162120000,루켄테크놀러지스,KONEX,일반기업부,3085,2,-5,-0.16,3100,3100,3010,386,1184300,34418117170,11156602,KNX
2351,019570,KR7019570001,플루토스,KOSDAQ,중견기업부,419,2,-20,-4.56,438,439,410,849351,359992422,34295167598,81850042,KSQ
2352,333050,KR7333050003,이노테나,KOSDAQ,벤처기업부,1393,0,0,0.0,0,0,0,0,0,34286363118,24613326,KSQ
2353,001070,KR7001070002,대한방직,KOSPI,,6460,2,-190,-2.86,6700,6700,6260,17718,115486080,34238000000,5300000,STK
2354,310870,KR7310870001,디와이씨,KOSDAQ,벤처기업부,1654,1,228,15.99,1470,1853,1405,8179479,14125674754,34216746234,20687271,KSQ
2355,013720,KR7013720008,THE CUBE&,KOSDAQ,중견기업부,562,2,-18,-3.1,580,590,560,215910,123290163,34185416366,60828143,KSQ
2356,290560,KR7290560002,파라택시스이더리움,KOSDAQ,벤처기업부,1523,2,-44,-2.81,1567,1599,1510,57169,88535000,34058437790,22362730,KSQ
2357,054220,KR7054220009,비츠로시스,KOSDAQ,벤처기업부,548,0,0,0.0,0,0,0,0,0,33950288388,61953081,KSQ
2358,296640,KR7296640006,이노에이엑스,KOSDAQ,벤처기업부,6540,2,-130,-1.95,6670,6870,6440,21889,143700730,33865768080,5178252,KSQ
2359,063760,KR7063760003,이엘피,KOSDAQ,벤처기업부,3625,2,-80,-2.16,3705,3705,3520,121182,434283667,33803596250,9325130,KSQ
2360,109960,KR7109960005,앱토크롬,KOSDAQ,투자주의환기종목(소속부없음),153,0,0,0.0,0,0,0,0,0,33780758157,220789269,KSQ
2361,239340,KR7239340003,이스트에이드,KOSDAQ,중견기업부,1252,2,-18,-1.42,1254,1309,1191,77369,94676723,33778501768,26979634,KSQ
2362,057680,KR7057680001,티사이언티픽,KOSDAQ,벤처기업부,2370,2,-160,-6.32,2530,2545,2370,45227,110329602,33771789000,14249700,KSQ
2363,097780,KR7097780001,에코볼트,KOSDAQ,중견기업부,664,0,0,0.0,0,0,0,0,0,33686528072,50732723,KSQ
2364,045510,KR7045510005,정원엔시스,KOSDAQ,중견기업부,1043,2,-15,-1.42,1058,1073,1036,315343,332058151,33594291556,32209292,KSQ
2365,006740,KR7006740005,블루산업개발,KOSPI,,589,0,0,0.0,0,0,0,0,0,33558621332,56975588,STK
2366,198940,KR7198940009,한주라이트메탈,KOSDAQ,중견기업부,861,0,0,0.0,0,0,0,0,0,33512684058,38922978,KSQ
2367,112190,KR7112190004,KC산업,KONEX,일반기업부,1230,2,-47,-3.68,1332,1332,1230,3717,4623902,33462013470,27204889,KNX
2368,099390,KR7099390007,브레인즈컴퍼니,KOSDAQ,벤처기업부,4070,2,-145,-3.44,4230,4235,4070,23570,97893025,33407711810,8208283,KSQ
2369,027040,KR7027040005,서울전자통신,KOSDAQ,중견기업부,480,0,0,0.0,0,0,0,0,0,33402646560,69588847,KSQ
2370,900310,HK0000341732,컬러레이,KOSDAQ,외국기업(소속부없음),520,0,0,0.0,0,0,0,0,0,33301671000,64041675,KSQ
2371,065370,KR7065370009,위세아이텍,KOSDAQ,벤처기업부,4500,2,-135,-2.91,4635,4815,4450,36988,169075300,33227793000,7383954,KSQ
2372,115480,KR7115480006,씨유메디칼,KOSDAQ,중견기업부,548,0,0,0.0,0,0,0,0,0,33222257784,60624558,KSQ
2373,090370,KR7090370008,메타랩스,KOSPI,,1328,2,-58,-4.18,1418,1436,1328,33910,45985532,33073426992,24904689,STK
2374,131220,KR7131220006,대한과학,KOSDAQ,벤처기업부,4430,2,-125,-2.74,4555,4555,4430,15056,67395605,33023390700,7454490,KSQ
2375,243870,KR7243870003,아이티센코어,KONEX,일반기업부,11370,2,-510,-4.29,12140,12140,10510,594,7015180,32889214470,2892631,KNX
2376,000040,KR7000040006,KR모터스,KOSPI,,380,2,-18,-4.52,398,400,380,302211,117926844,32822569920,86375184,STK
2377,495810,KR7495810004,유비씨,KONEX,일반기업부,13120,0,0,0.0,0,0,0,0,0,32800000000,2500000,KNX
2378,900070,KYG3931T1076,글로벌에스엠,KOSDAQ,외국기업(소속부없음),610,0,0,0.0,0,0,0,0,0,32783820480,53743968,KSQ
2379,303530,KR7303530000,이노뎁,KOSDAQ,벤처기업부,4465,2,-180,-3.88,4645,4645,4445,22882,102709415,32769970035,7339299,KSQ
2380,148780,KR7148780000,비큐AI,KOSDAQ,기술성장기업부,1042,2,-57,-5.19,1150,1150,1041,160824,171187426,32766445450,31445725,KSQ
2381,376980,KR7376980009,원티드랩,KOSDAQ,기술성장기업부,3355,2,-125,-3.59,3500,3525,3355,74213,253582192,32766251870,9766394,KSQ
2382,023790,KR7023790009,동일스틸럭스,KOSDAQ,중견기업부,1249,0,0,0.0,0,0,0,0,0,32648381633,26139617,KSQ
2383,088790,KR7088790001,진도,KOSPI,,2620,1,180,7.38,2440,2705,2420,120469,310864175,32613089280,12447744,STK
2384,009460,KR7009460007,한창제지,KOSPI,,544,0,0,0.0,0,0,0,0,0,32459112384,59667486,STK
2385,438700,KR7438700007,버넥트,KOSDAQ,기술성장기업부,2910,2,-145,-4.75,3055,3070,2900,49788,147328405,32431629900,11144890,KSQ
2386,024070,KR7024070005,WISCOM,KOSPI,,2115,2,-85,-3.86,2190,2270,2045,101955,216633213,32415416370,15326438,STK
2387,096690,KR7096690003,에이루트,KOSDAQ,중견기업부,1337,0,0,0.0,0,0,0,0,0,32271239861,24137053,KSQ
2388,187220,KR7187220009,디티앤씨,KOSDAQ,중견기업부,2800,2,-30,-1.06,2805,2880,2735,89136,249730740,32269812400,11524933,KSQ
2389,017000,KR7017000001,신원종합개발,KOSDAQ,우량기업부,2760,2,-120,-4.17,2880,2945,2760,58384,162991220,32203754520,11668027,KSQ
2390,237750,KR7237750005,피앤씨테크,KOSDAQ,벤처기업부,4955,2,-145,-2.84,5110,5260,4850,86102,430704097,32190653000,6496600,KSQ
2391,079170,KR7079170007,한창산업,KOSDAQ,우량기업부,6190,2,-200,-3.13,6400,6400,6190,23549,147292580,32188000000,5200000,KSQ
2392,383930,KR7383930005,디티앤씨알오,KOSDAQ,중견기업부,2510,2,-20,-0.79,2535,2640,2410,262195,661557240,32088161280,12784128,KSQ
2393,115160,KR7115160004,휴맥스,KOSDAQ,중견기업부,7440,2,-30,-0.4,7470,7800,7300,47378,357874240,32082336480,4312142,KSQ
2394,001810,KR7001810001,무림SP,KOSDAQ,중견기업부,1446,2,-56,-3.73,1480,1514,1445,38314,55883961,32010825000,22137500,KSQ
2395,033050,KR7033050006,제이엠아이,KOSDAQ,중견기업부,981,1,4,0.41,986,1002,977,36089,35733941,31960334502,32579342,KSQ
2396,047080,KR7047080007,한빛소프트,KOSDAQ,중견기업부,1286,1,8,0.63,1273,1349,1201,412707,521844464,31921557532,24822362,KSQ
2397,092600,KR7092600006,앤씨앤,KOSDAQ,벤처기업부,6340,1,1405,28.47,5830,6410,5200,882957,5424294790,31805897020,5016703,KSQ
2398,252500,KR7252500004,세화피앤씨,KOSDAQ,중견기업부,766,2,-4,-0.52,774,786,763,84867,65930981,31778574740,41486390,KSQ
2399,051380,KR7051380004,피씨디렉트,KOSDAQ,중견기업부,2065,2,-165,-7.4,2230,2235,2060,86513,185095900,31677248680,15340072,KSQ
2400,367000,KR7367000007,플래티어,KOSDAQ,벤처기업부,3770,2,-60,-1.57,3830,3925,3700,5245,19790375,31623540390,8388207,KSQ
2401,089140,KR7089140008,넥스턴앤롤코리아,KOSDAQ,벤처기업부,2060,2,-75,-3.51,2135,2200,2055,81228,170652530,31551442040,15316234,KSQ
2402,431190,KR7431190008,케이쓰리아이,KOSDAQ,기술성장기업부,4205,2,-40,-0.94,4255,4300,4165,26802,113574290,31480488610,7486442,KSQ
2403,048470,KR7048470009,대동스틸,KOSDAQ,중견기업부,3255,2,-95,-2.84,3350,3420,3215,85141,281883255,31410750000,9650000,KSQ
2404,002690,KR7002690006,동일제강,KOSPI,,1546,2,-31,-1.97,1580,1594,1539,91527,143115964,31384356560,20300360,STK
2405,405920,KR7405920000,나라셀라,KOSDAQ,중견기업부,2425,2,-160,-6.19,2635,2635,2415,8330,20510755,31229334300,12878076,KSQ
2406,258830,KR7258830009,세종메디칼,KOSDAQ,관리종목(소속부없음),412,0,0,0.0,0,0,0,0,0,31223976612,75786351,KSQ
2407,018680,KR7018680009,서울제약,KOSDAQ,벤처기업부,2665,1,20,0.76,2675,2675,2580,10089,26577900,31072085135,11659319,KSQ
2408,002420,KR7002420008,세기상사,KOSPI,,5200,1,40,0.78,5160,5270,5080,10502,54201530,31043729600,5969948,STK
2409,291230,KR7291230001,엔피,KOSDAQ,중견기업부,702,2,-22,-3.04,724,737,702,122920,87774951,30955234050,44095775,KSQ
2410,462310,KR7462310004,뉴키즈온,KOSDAQ,중견기업부,3775,2,-190,-4.79,3935,3935,3775,18692,72113162,30898831775,8185121,KSQ
2411,016100,KR7016100000,리더스코스메틱,KOSDAQ,중견기업부,1614,2,-45,-2.71,1645,1682,1593,20430,33204635,30828842916,19100894,KSQ
2412,090150,KR7090150004,아이윈,KOSDAQ,중견기업부,736,2,-33,-4.29,790,790,720,253004,187930255,30820215648,41875293,KSQ
2413,014130,KR7014130009,한익스프레스,KOSPI,,2565,2,-65,-2.47,2630,2630,2545,25672,66379265,30780000000,12000000,STK
2414,065770,KR7065770000,CS,KOSDAQ,벤처기업부,1584,0,0,0.0,0,0,0,0,0,30747229920,19411130,KSQ
2415,008470,KR7008470007,부스타,KOSDAQ,벤처기업부,3650,2,-45,-1.22,3740,3780,3650,7515,27817655,30677520000,8404800,KSQ
2416,276730,KR7276730009,한울앤제주,KOSDAQ,투자주의환기종목(소속부없음),13780,1,60,0.44,13720,14190,13110,11818,161685050,30522479520,2214984,KSQ
2417,274400,KR7274400001,이노시뮬레이션,KOSDAQ,기술성장기업부,3355,2,-170,-4.82,3500,3545,3350,29792,102069470,30485184015,9086493,KSQ
2418,142760,KR7142760008,모아라이프플러스,KOSDAQ,기술성장기업부,721,2,-82,-10.21,827,827,717,286231,211072010,30402392580,42166980,KSQ
2419,003680,KR7003680006,한성기업,KOSPI,,4895,2,-135,-2.68,5050,5050,4895,48641,240399945,30395575925,6209515,STK
2420,354390,KR7354390007,바스칸바이오제약,KONEX,일반기업부,4325,2,-605,-12.27,4800,4890,4195,11886,50579890,30353918275,7018247,KNX
2421,357430,KR7357430008,마스턴프리미어리츠,KOSPI,,991,2,-101,-9.25,1094,1094,988,204490,211393372,30230759237,30505307,STK
2422,246250,KR7246250005,에스엘에스바이오,KOSDAQ,관리종목(소속부없음),1969,0,0,0.0,0,0,0,0,0,30220617614,15348206,KSQ
2423,227610,KR7227610003,아우딘퓨쳐스,KOSDAQ,벤처기업부,794,0,0,0.0,0,0,0,0,0,30209513324,38047246,KSQ
2424,138070,KR7138070008,신진에스엠,KOSDAQ,중견기업부,1725,2,-20,-1.15,1745,1778,1690,24567,42101382,30193026900,17503204,KSQ
2425,208710,KR7208710004,포톤,KOSDAQ,중견기업부,2280,2,-95,-4.0,2420,2420,2280,106365,248666343,30050700960,13180132,KSQ
2426,377220,KR7377220009,프롬바이오,KOSDAQ,기술성장기업부,1060,2,-53,-4.76,1113,1113,1060,223361,239674757,30008600000,28310000,KSQ
2427,227420,KR7227420007,도부,KONEX,일반기업부,787,2,-10,-1.25,910,910,787,3,2607,29941029370,38044510,KNX
2428,032750,KR7032750002,삼진,KOSDAQ,우량기업부,3315,2,-40,-1.19,3355,3375,3315,24107,80491519,29938169430,9031122,KSQ
2429,146060,KR7146060009,율촌,KOSDAQ,중견기업부,1246,2,-45,-3.49,1292,1414,1246,113991,148676120,29923431370,24015595,KSQ
2430,131090,KR7131090003,시큐브,KOSDAQ,벤처기업부,3905,2,-100,-2.5,4005,4040,3905,28623,113311405,29905353005,7658221,KSQ
2431,101000,KR7101000008,KS인더스트리,KOSDAQ,중견기업부,754,2,-30,-3.83,784,785,753,166861,128047690,29890028792,39641948,KSQ
2432,015260,KR7015260003,에이엔피,KOSPI,,633,2,-18,-2.76,662,681,630,211314,135434180,29824993902,47116894,STK
2433,019660,KR7019660000,글로본,KOSDAQ,중견기업부,2130,1,10,0.47,2105,2150,2075,19868,41806580,29701429290,13944333,KSQ
2434,023150,KR7023150006,MH에탄올,KOSPI,,4020,2,-100,-2.43,4160,4160,4020,12870,52116074,29661674520,7378526,STK
2435,038530,KR7038530002,케이바이오랩스,KOSDAQ,중견기업부,1279,2,-108,-7.79,1385,1385,1279,539893,707204822,29599729451,23142869,KSQ
2436,053290,KR7053290003,NE능률,KOSDAQ,중견기업부,1790,2,-75,-4.02,1865,1919,1770,26691,48540530,29582089530,16526307,KSQ
2437,038620,KR7038620001,위즈코프,KOSDAQ,벤처기업부,1952,2,-53,-2.64,2005,2010,1945,78116,154270384,29564783136,15145893,KSQ
2438,148930,KR7148930001,에이치와이티씨,KOSDAQ,중견기업부,2905,2,-105,-3.49,3020,3025,2870,36119,106116380,29558993765,10175213,KSQ
2439,335870,KR7335870002,윙스풋,KOSDAQ,중견기업부,1762,2,-46,-2.54,1807,1807,1745,32839,58039164,29514333426,16750473,KSQ
2440,006570,KR7006570006,대림통상,KOSPI,,1937,2,-6,-0.31,1943,1998,1918,29015,56246184,29490825000,15225000,STK
2441,337840,KR7337840003,유엑스엔,KONEX,일반기업부,6190,2,-160,-2.52,6760,6760,6000,3067,19006260,29387247840,4747536,KNX
2442,210120,KR7210120002,캔버스엔,KOSDAQ,중견기업부,1211,2,-107,-8.12,1288,1315,1100,831556,994087586,29351585858,24237478,KSQ
2443,270520,KR7270520000,앱튼,KOSDAQ,투자주의환기종목(소속부없음),1492,2,-153,-9.3,1574,1597,1492,265287,405521705,29331099688,19658914,KSQ
2444,030720,KR7030720007,동원수산,KOSPI,,6300,2,-100,-1.56,6420,6460,6210,43697,275624820,29318971500,4653805,STK
2445,002820,KR7002820009,SUN&L,KOSPI,,2325,2,-15,-0.64,2400,2400,2315,10606,24935460,29313574425,12607989,STK
2446,080470,KR7080470008,성창오토텍,KOSDAQ,벤처기업부,4000,2,-30,-0.74,4030,4065,3990,21432,86165055,29200000000,7300000,KSQ
2447,123840,KR7123840001,뉴온,KOSDAQ,투자주의환기종목(소속부없음),4585,2,-75,-1.61,4660,4675,4450,7768,35299330,29185496550,6365430,KSQ
2448,068100,KR7068100007,케이웨더,KOSDAQ,기술성장기업부,2445,2,-40,-1.61,2515,2600,2425,42213,106001532,29162825520,11927536,KSQ
2449,005360,KR7005360003,모나미,KOSPI,,1543,2,-14,-0.9,1544,1574,1542,44789,69400133,29158544701,18897307,STK
2450,091340,KR7091340000,S&K폴리텍,KOSDAQ,중견기업부,2490,2,-20,-0.8,2510,2565,2480,59214,148700520,29142265290,11703721,KSQ
2451,432980,KR7432980001,엠에프씨,KOSDAQ,기술성장기업부,3390,2,-55,-1.6,3500,3500,3340,6854,23303981,29126005380,8591742,KSQ
2452,130740,KR7130740004,티피씨글로벌,KOSDAQ,중견기업부,2580,4,595,29.97,2020,2580,2020,2616341,6383462020,29093831820,11276679,KSQ
2453,224060,KR7224060004,더코디,KOSDAQ,투자주의환기종목(소속부없음),5630,2,-220,-3.76,5850,6300,5470,39602,226430810,29054864860,5160722,KSQ
2454,102950,KR7102950003,아하,KONEX,일반기업부,2210,2,-20,-0.9,2220,2350,2135,2094,4618750,28999405630,13121903,KNX
2455,446070,KR7446070005,유니드비티플러스,KOSPI,,2730,2,-55,-1.97,2795,2810,2690,32662,88913012,28968616950,10611215,STK
2456,008775,KR7008771008,호텔신라우,KOSPI,,38200,2,-1800,-4.5,40000,40000,38050,4215,163911850,28721777800,751879,STK
2457,031510,KR7031510001,오스템,KOSDAQ,중견기업부,1025,1,18,1.79,1007,1035,1007,59253,60757006,28700000000,28000000,KSQ
2458,091970,KR7091970004,나노캠텍,KOSDAQ,중견기업부,757,0,0,0.0,0,0,0,0,0,28519144571,37673903,KSQ
2459,397810,KR7397810003,애드포러스,KOSDAQ,벤처기업부,5500,2,-180,-3.17,5600,5650,5480,12080,66711580,28384235000,5160770,KSQ
2460,900300,HK0000312568,오가닉티코스메틱,KOSDAQ,외국기업(소속부없음),113,2,-9,-7.38,124,125,112,21173855,2455779078,28363550988,251004876,KSQ
2461,052300,KR7052300001,오션인더블유,KOSDAQ,중견기업부,1741,0,0,0.0,0,0,0,0,0,28281026848,16244128,KSQ
2462,318010,KR7318010006,팜스빌,KOSDAQ,벤처기업부,3560,2,-20,-0.56,3545,3850,3540,59341,214958160,28228443280,7929338,KSQ
2463,024940,KR7024940009,PN풍년,KOSDAQ,벤처기업부,2815,2,-40,-1.4,2905,2905,2805,81981,233041370,28150000000,10000000,KSQ
2464,058450,KR7058450008,한주에이알티,KOSDAQ,투자주의환기종목(소속부없음),5610,2,-260,-4.43,5800,6030,5320,70804,401524990,28125016920,5013372,KSQ
2465,236810,KR7236810008,엔비티,KOSDAQ,기술성장기업부,1656,2,-119,-6.7,1775,1775,1627,78906,132556455,28111305456,16975426,KSQ
2466,067730,KR7067730002,로지시스,KOSDAQ,중견기업부,2905,2,-75,-2.52,3040,3100,2875,114232,334919325,28102743410,9673922,KSQ
2467,304840,KR7304840002,피플바이오,KOSDAQ,벤처기업부,1197,2,-31,-2.52,1228,1232,1181,61465,73923677,28099140489,23474637,KSQ
2468,060230,KR7060230000,제이케이시냅스,KOSDAQ,중견기업부,502,1,31,6.58,462,598,459,13674773,7307102741,28042671290,55861895,KSQ
2469,233990,KR7233990001,질경이,KONEX,일반기업부,1735,1,14,0.81,1799,1799,1729,728,1270448,27983006490,16128534,KNX
2470,032680,KR7032680001,소프트센,KOSDAQ,중견기업부,268,0,0,0.0,0,0,0,0,0,27946881344,104279408,KSQ
2471,900110,HK0000057197,딥커머스,KOSDAQ,외국기업(소속부없음),755,2,-29,-3.7,784,784,750,92421,70866565,27840432475,36874745,KSQ
2472,010400,KR7010400000,우진아이엔에스,KOSPI,,3650,2,-420,-10.32,4070,4195,3645,132149,508517735,27820300000,7622000,STK
2473,434190,KR7434190005,탈로스,KONEX,일반기업부,3775,2,-120,-3.08,3595,3800,3595,392,1420325,27819613350,7369434,KNX
2474,049120,KR7049120009,파인디앤씨,KOSDAQ,벤처기업부,2620,2,-145,-5.24,2765,2780,2605,29985,79760330,27776357060,10601663,KSQ
2475,044380,KR7044380004,주연테크,KOSPI,,430,0,0,0.0,0,0,0,0,0,27727080260,64481582,STK
2476,417180,KR7417180007,핑거스토리,KOSDAQ,중견기업부,1579,0,0,0.0,0,0,0,0,0,27709275717,17548623,KSQ
2477,377330,KR7377330006,이지트로닉스,KOSDAQ,기술성장기업부,3400,2,-125,-3.55,3525,3550,3350,12862,43841735,27675843600,8139954,KSQ
2478,131180,KR7131180002,딜리,KOSDAQ,벤처기업부,941,0,0,0.0,0,0,0,0,0,27618350000,29350000,KSQ
2479,002355,KR7002351005,넥센타이어1우B,KOSPI,,4245,2,-20,-0.47,4330,4330,4210,3482,14805258,27592500000,6500000,STK
2480,311060,KR7311060008,엘에이티,KONEX,일반기업부,3490,1,20,0.58,3470,3490,3470,200,694060,27473747660,7872134,KNX
2481,270210,KR7270210008,에스알바이오텍,KONEX,일반기업부,16500,3,0,0.0,16000,17000,15800,88,1407340,27463474500,1664453,KNX
2482,377030,KR7377030002,비트맥스,KOSDAQ,관리종목(소속부없음),2560,2,-330,-11.42,2890,3030,2545,101690,271888538,27377561600,10694360,KSQ
2483,076340,KR7076340009,지에이이노더스,KONEX,일반기업부,5610,0,0,0.0,0,0,0,0,0,27328890600,4871460,KNX
2484,044780,KR7044780005,에이치케이,KOSDAQ,벤처기업부,1476,2,-67,-4.34,1543,1564,1467,332769,501273769,27314541612,18505787,KSQ
2485,043220,KR7043220003,티에스넥스젠,KOSDAQ,관리종목(소속부없음),1710,0,0,0.0,0,0,0,0,0,27227331360,15922416,KSQ
2486,123750,KR7123750002,알톤,KOSDAQ,중견기업부,1970,2,-17,-0.86,1987,2010,1920,54750,106976387,27223940230,13819259,KSQ
2487,331520,KR7331520007,밸로프,KOSDAQ,중견기업부,2675,2,-100,-3.6,2750,2770,2650,149458,402789315,27212448650,10172878,KSQ
2488,301300,KR7301300000,바이브컴퍼니,KOSDAQ,기술성장기업부,2065,2,-60,-2.82,2125,2205,2065,44037,93437553,27164480280,13154712,KSQ
2489,226340,KR7226340008,본느,KOSDAQ,중견기업부,647,0,0,0.0,0,0,0,0,0,27143215740,41952420,KSQ
2490,285800,KR7285800009,진영,KOSDAQ,벤처기업부,1551,2,-53,-3.3,1688,1688,1507,211377,327508793,27107245770,17477270,KSQ
2491,464680,KR7464680008,KB제27호스팩,KOSDAQ,관리종목(소속부없음),2100,3,0,0.0,2095,2100,2095,123908,260017036,27100500000,12905000,KSQ
2492,007770,KR7007770001,한일화학,KOSDAQ,중견기업부,7720,2,-20,-0.26,7740,7760,7700,2384,18416885,27097200000,3510000,KSQ
2493,115610,KR7115610008,이미지스,KOSDAQ,벤처기업부,2290,2,-300,-11.58,2570,2570,2240,257943,615640822,27064981010,11818769,KSQ
2494,039310,KR7039310008,세중,KOSDAQ,중견기업부,1493,1,77,5.44,1417,1517,1368,211250,309170395,27055648831,18121667,KSQ
2495,179720,KR7179720008,머니무브,KONEX,일반기업부,9800,2,-1190,-10.83,9600,9800,9350,50,471600,26950176400,2750018,KNX
2496,004870,KR7004870002,티웨이홀딩스,KOSPI,,238,2,-1,-0.42,239,243,236,149354,35474998,26932911572,113163494,STK
2497,033250,KR7033250002,체시스,KOSPI,,4200,2,-140,-3.23,4340,4510,4185,21837,93872931,26880000000,6400000,STK
2498,322970,KR7322970005,무진메디,KONEX,일반기업부,2665,2,-135,-4.82,2880,2880,2520,7894,20815790,26788521370,10051978,KNX
2499,034940,KR7034940007,조아제약,KOSDAQ,중견기업부,864,2,-11,-1.26,875,889,850,88487,76202462,26766570528,30979827,KSQ
2500,267790,KR7267790004,배럴,KOSDAQ,중견기업부,3470,2,-30,-0.86,3500,3500,3445,19688,68245870,26681902230,7689309,KSQ
2501,032080,KR7032080004,아즈텍WB,KOSDAQ,중견기업부,1238,2,-19,-1.51,1258,1258,1200,33935,41823514,26605893902,21491029,KSQ
2502,060380,KR7060380003,동양에스텍,KOSDAQ,중견기업부,1350,2,-57,-4.05,1395,1401,1350,132682,181955194,26595000000,19700000,KSQ
2503,121890,KR7121890008,에스디시스템,KOSDAQ,중견기업부,2000,2,-220,-9.91,2220,2220,2000,120955,251896806,26582892000,13291446,KSQ
2504,115530,KR7115530008,씨엔플러스,KOSDAQ,중견기업부,336,0,0,0.0,0,0,0,0,0,26491522848,78843818,KSQ
2505,193250,KR7193250008,링크드,KOSDAQ,중견기업부,396,0,0,0.0,0,0,0,0,0,26470488132,66844667,KSQ
2506,005110,KR7005110002,한창,KOSPI,,1254,0,0,0.0,0,0,0,0,0,26467434378,21106407,STK
2507,368600,KR7368600003,아이씨에이치,KOSDAQ,기술성장기업부,1034,2,-39,-3.63,1073,1083,1010,222247,230568203,26406649764,25538346,KSQ
2508,016920,KR7016920001,카스,KOSDAQ,중견기업부,994,2,-26,-2.55,1020,1020,980,94714,94101180,26334576772,26493538,KSQ
2509,143210,KR7143210003,핸즈코퍼레이션,KOSPI,,1199,0,0,0.0,0,0,0,0,0,26229020653,21875747,STK
2510,021040,KR7021040001,대호특수강,KOSDAQ,중견기업부,1208,2,-39,-3.13,1260,1278,1201,112048,137610038,26219366992,21704774,KSQ
2511,003495,KR7003491008,대한항공우,KOSPI,,23400,2,-400,-1.68,23800,24000,23350,5399,126803900,25992579600,1110794,STK
2512,103230,KR7103230009,에스앤더블류,KOSDAQ,중견기업부,3610,2,-180,-4.75,3730,3800,3605,35851,131242545,25992000000,7200000,KSQ
2513,101400,KR7101400000,엔시트론,KOSDAQ,중견기업부,2210,2,-285,-11.42,2495,2740,2135,260497,631186336,25949351480,11741788,KSQ
2514,465770,KR7465770006,STX그린로지스,KOSPI,,3615,2,-310,-7.9,3925,4090,3585,327565,1256675633,25923280680,7171032,STK
2515,069140,KR7069140002,누리플랜,KOSDAQ,벤처기업부,1716,2,-61,-3.43,1777,1777,1705,82948,143663285,25904399664,15095804,KSQ
2516,004270,KR7004270005,남성,KOSPI,,7140,2,-150,-2.06,7300,7320,7140,7216,51901540,25855482240,3621216,STK
2517,078860,KR7078860004,아이오케이이엔엠,KOSDAQ,투자주의환기종목(소속부없음),4350,2,-330,-7.05,4720,4720,4350,19920,89357275,25822578750,5936225,KSQ
2518,418620,KR7418620001,E8,KOSDAQ,기술성장기업부,1300,2,-114,-8.06,1414,1470,1290,212890,292154701,25805620100,19850477,KSQ
2519,405000,KR7405000001,플라즈맵,KOSDAQ,벤처기업부,6710,2,-220,-3.17,6760,6900,6710,3976,26760380,25755959240,3838444,KSQ
2520,372800,KR7372800003,아이티아이즈,KOSDAQ,벤처기업부,3650,2,-65,-1.75,3735,3850,3610,25046,92785290,25685739850,7037189,KSQ
2521,011090,KR7011090008,에넥스,KOSPI,,428,0,0,0.0,0,0,0,0,0,25676422348,59991641,STK
2522,037400,KR7037400009,우리엔터프라이즈,KOSDAQ,중견기업부,978,2,-4,-0.41,980,983,971,61825,60398100,25646432388,26223346,KSQ
2523,208350,KR7208350009,지란지교시큐리티,KOSDAQ,벤처기업부,3155,2,-50,-1.56,3205,3250,3105,56190,178812660,25560453350,8101570,KSQ
2524,054090,KR7054090006,삼진엘앤디,KOSDAQ,중견기업부,1024,2,-76,-6.91,1100,1112,1018,353485,371546320,25558253568,24959232,KSQ
2525,054940,KR7054940002,엑사이엔씨,KOSDAQ,중견기업부,770,2,-11,-1.41,784,795,766,285102,221590940,25543631960,33173548,KSQ
2526,139670,KR7139670004,키네마스터,KOSDAQ,중견기업부,1808,2,-92,-4.84,1886,1988,1800,27590,50826995,25526808480,14118810,KSQ
2527,059180,KR7059180000,엔더블유시,KONEX,일반기업부,4800,2,-80,-1.64,4880,4880,4800,500,2420000,25507632000,5314090,KNX
2528,085810,KR7085810000,알티캐스트,KOSDAQ,중견기업부,1943,2,-127,-6.14,2070,2100,1917,41659,82959763,25471187258,13109206,KSQ
2529,216400,KR7216400002,인바이츠바이오코아,KONEX,일반기업부,3295,2,-140,-4.08,3100,3400,3100,739,2399245,25408782925,7711315,KNX
2530,093380,KR7093380004,풍강,KOSDAQ,중견기업부,2570,2,-25,-0.96,2630,2630,2565,29643,77049360,25389834410,9879313,KSQ
2531,457600,KR7457600005,벡트,KOSDAQ,벤처기업부,1851,2,-99,-5.08,1950,1950,1850,36155,68472517,25372582500,13707500,KSQ
2532,362990,KR7362990004,드림인사이트,KOSDAQ,벤처기업부,1508,2,-54,-3.46,1570,1580,1472,71189,107614841,25335265592,16800574,KSQ
2533,206950,KR7206950008,볼빅,KONEX,일반기업부,1799,1,116,6.89,1927,1927,1500,468,702726,25324999735,14077265,KNX
2534,238200,KR7238200000,비피도,KOSDAQ,벤처기업부,3095,2,-35,-1.12,3130,3130,3050,20449,63237000,25317100000,8180000,KSQ
2535,188040,KR7188040000,바이오포트,KOSDAQ,벤처기업부,5380,2,-340,-5.94,5720,5720,5380,22056,120587930,25174677040,4679308,KSQ
2536,088290,KR7088290002,이원컴포텍,KOSDAQ,관리종목(소속부없음),630,0,0,0.0,0,0,0,0,0,25124629320,39880364,KSQ
2537,020400,KR7020400008,대동금속,KOSDAQ,중견기업부,3920,2,-215,-5.2,4145,4230,3900,103273,416553860,25003061440,6378332,KSQ
2538,042040,KR7042040006,케이피엠테크,KOSDAQ,중견기업부,1008,2,-30,-2.89,1040,1040,1007,84005,85331109,24907036896,24709362,KSQ
2539,415380,KR7415380005,스튜디오삼익,KOSDAQ,중견기업부,2170,2,-5,-0.23,2175,2235,2130,50265,109570960,24831255750,11442975,KSQ
2540,403360,KR7403360001,라피치,KONEX,일반기업부,6890,3,0,0.0,6600,6890,6600,11,73890,24706279130,3585817,KNX
2541,036480,KR7036480002,대성미생물,KOSDAQ,중견기업부,6500,2,-300,-4.41,6800,6800,6500,33878,224528190,24700000000,3800000,KSQ
2542,352940,KR7352940001,인바이오,KOSDAQ,벤처기업부,2265,2,-30,-1.31,2275,2355,2235,12016,27534355,24615408450,10867730,KSQ
2543,083640,KR7083640003,인콘,KOSDAQ,벤처기업부,1583,2,-81,-4.87,1729,1729,1530,213486,338722309,24606262810,15544070,KSQ
2544,196700,KR7196700009,웹스,KOSDAQ,벤처기업부,1713,2,-87,-4.83,1800,1810,1621,116469,198137923,24605778672,14364144,KSQ
2545,043360,KR7043360007,디지아이,KOSDAQ,벤처기업부,2730,2,-30,-1.09,2760,2800,2675,13574,36982520,24570000000,9000000,KSQ
2546,197140,KR7197140007,디지캡,KOSDAQ,벤처기업부,1885,1,3,0.16,1902,1907,1884,9975,18909056,24529795290,13013154,KSQ
2547,207490,KR7207490004,에이펙스인텍,KONEX,일반기업부,6800,0,0,0.0,0,0,0,0,0,24480000000,3600000,KNX
2548,389680,KR7389680000,유디엠텍,KOSDAQ,기술성장기업부,2935,2,-645,-18.02,3560,3565,2840,890936,2772743515,24414776955,8318493,KSQ
2549,109670,KR7109670000,씨싸이트,KOSDAQ,중견기업부,4180,2,-270,-6.07,4415,4450,4180,14315,61165005,24396996360,5836602,KSQ
2550,225590,KR7225590009,패션플랫폼,KOSDAQ,우량기업부,950,0,0,0.0,0,0,0,0,0,24326537900,25606882,KSQ
2551,053060,KR7053060000,세동,KOSDAQ,중견기업부,1368,2,-37,-2.63,1392,1417,1355,201839,278903132,24155349192,17657419,KSQ
2552,222980,KR7222980005,한국맥널티,KOSDAQ,벤처기업부,2185,1,55,2.58,2130,2240,2130,26536,58115005,24103790355,11031483,KSQ
2553,208640,KR7208640003,썸에이지,KOSDAQ,중견기업부,173,2,-5,-2.81,180,182,172,1279991,223758464,24088563942,139240254,KSQ
2554,900270,HK0000214814,헝셩그룹,KOSDAQ,외국기업(소속부없음),987,2,-23,-2.28,1009,1011,982,131953,130989124,24087442848,24404704,KSQ
2555,002070,KR7002070001,비비안,KOSPI,,9990,2,-800,-7.41,10790,10790,9960,17998,182425260,24019396560,2404344,STK
2556,303030,KR7303030001,지니틱스,KOSDAQ,벤처기업부,2590,2,-360,-12.2,2950,2960,2555,78704,215258427,23717862840,9157476,KSQ
2557,079650,KR7079650008,서산,KOSDAQ,중견기업부,1184,2,-51,-4.13,1270,1270,1181,28729,34593556,23680000000,20000000,KSQ
2558,067010,KR7067010009,이씨에스,KOSDAQ,벤처기업부,2170,2,-10,-0.46,2190,2240,2150,35059,76469830,23628045000,10888500,KSQ
2559,023770,KR7023770001,플레이위드,KOSDAQ,중견기업부,2625,2,-10,-0.38,2660,2730,2590,15925,42442980,23484549375,8946495,KSQ
2560,328380,KR7328380001,솔트웨어,KOSDAQ,벤처기업부,3405,2,-175,-4.89,3550,3790,3400,39127,139055796,23332949775,6852555,KSQ
2561,009310,KR7009310004,참엔지니어링,KOSPI,,5330,0,0,0.0,0,0,0,0,0,23329484620,4377014,STK
2562,403810,KR7403810005,아이엘로보틱스,KONEX,일반기업부,2340,1,35,1.52,2500,2500,2270,3191,7448800,23253389640,9937346,KNX
2563,373110,KR7373110006,엑셀세라퓨틱스,KOSDAQ,기술성장기업부,1343,2,-87,-6.08,1430,1430,1342,140263,192614952,23226371142,17294394,KSQ
2564,070590,KR7070590005,인티큐브,KOSDAQ,중견기업부,1671,2,-43,-2.51,1714,1719,1647,33733,56499681,23192679591,13879521,KSQ
2565,336040,KR7336040001,타스컴,KONEX,일반기업부,4000,3,0,0.0,3900,4000,3900,2,7900,23159716000,5789929,KNX
2566,279600,KR7279600001,미디어젠,KOSDAQ,벤처기업부,4935,1,60,1.23,4875,5100,4875,3269,16374115,23119394235,4684781,KSQ
2567,312610,KR7312610009,에이에프더블류,KOSDAQ,투자주의환기종목(소속부없음),1141,2,-43,-3.63,1166,1200,1130,43879,50819222,23113109208,20256888,KSQ
2568,065150,KR7065150005,대산F&B,KOSDAQ,관리종목(소속부없음),145,0,0,0.0,0,0,0,0,0,23110448725,159382405,KSQ
2569,025890,KR7025890005,한국주강,KOSPI,,2070,2,-70,-3.27,2140,2145,2050,30280,63254460,23069355120,11144616,STK
2570,191410,KR7191410000,육일씨엔에쓰,KOSDAQ,중견기업부,2055,2,-15,-0.72,2070,2150,2050,89198,185748980,23024744025,11204255,KSQ
2571,900100,USU652221081,애머릿지,KOSDAQ,외국기업(소속부없음),435,2,-43,-9.0,485,487,430,596408,268981703,22950818370,52760502,KSQ
2572,00499K,KR700499K014,롯데지주우,KOSPI,,28050,1,50,0.18,28000,28300,27450,1370,38367150,22597164150,805603,STK
2573,115570,KR7115570004,스타플렉스,KOSDAQ,중견기업부,2830,2,-10,-0.35,2840,2840,2775,12049,33713060,22596157640,7984508,KSQ
2574,355690,KR7355690009,에이텀,KOSDAQ,기술성장기업부,4175,2,-25,-0.6,4200,4300,4055,163631,682280233,22565791500,5404980,KSQ
2575,331660,KR7331660001,한국미라클피플사,KONEX,일반기업부,4100,1,140,3.54,3955,4100,3955,3002,12023200,22550000000,5500000,KNX
2576,137940,KR7137940003,넥스트아이,KOSDAQ,중견기업부,263,0,0,0.0,0,0,0,0,0,22452044896,85368992,KSQ
2577,101680,KR7101680007,한국정밀기계,KOSDAQ,중견기업부,2670,1,55,2.1,2640,2890,2635,119215,326865842,22438680000,8404000,KSQ
2578,001420,KR7001420009,태원물산,KOSPI,,2930,2,-90,-2.98,3120,3120,2895,10233,30260640,22268000000,7600000,STK
2579,348030,KR7348030008,모비릭스,KOSDAQ,중견기업부,2310,2,-25,-1.07,2380,2390,2270,30248,70398655,22184778000,9603800,KSQ
2580,154030,KR7154030001,아시아종묘,KOSDAQ,벤처기업부,1831,2,-53,-2.81,1884,1884,1781,56540,104602771,22085278477,12061867,KSQ
2581,001685,KR7001681006,대상우,KOSPI,,16100,2,-10,-0.06,16110,16290,16040,5007,80622080,22060590300,1370223,STK
2582,017250,KR7017250002,인터엠,KOSDAQ,중견기업부,1048,2,-19,-1.78,1067,1085,1044,37415,39460674,22055649416,21045467,KSQ
2583,353190,KR7353190002,휴럼,KOSDAQ,중견기업부,2800,2,-130,-4.44,2930,2950,2760,27233,77737575,22051915200,7875684,KSQ
2584,289010,KR7289010001,아이스크림에듀,KOSDAQ,중견기업부,1580,1,25,1.61,1555,1619,1553,118609,188737117,22033504480,13945256,KSQ
2585,275630,KR7275630002,에스에스알,KOSDAQ,벤처기업부,4170,1,75,1.83,4095,4345,4095,53077,221686965,21908379360,5253808,KSQ
2586,278990,KR7278990007,EMB,KONEX,일반기업부,2700,2,-285,-9.55,2700,2700,2700,11,29700,21774897900,8064777,KNX
2587,032280,KR7032280000,삼일,KOSDAQ,중견기업부,1336,2,-15,-1.11,1360,1364,1328,46121,61816149,21661356240,16213590,KSQ
2588,043590,KR7043590009,웰킵스하이텍,KOSDAQ,중견기업부,795,0,0,0.0,0,0,0,0,0,21573725790,27136762,KSQ
2589,080720,KR7080720006,한국유니온제약,KOSDAQ,관리종목(소속부없음),2725,0,0,0.0,0,0,0,0,0,21562456300,7912828,KSQ
2590,018620,KR7018620005,우진비앤지,KOSDAQ,벤처기업부,746,0,0,0.0,0,0,0,0,0,21551412578,28889293,KSQ
2591,113810,KR7113810006,디젠스,KOSDAQ,중견기업부,660,2,-19,-2.8,738,738,656,348051,234606821,21534513660,32628051,KSQ
2592,230980,KR7230980005,비유테크놀러지,KOSDAQ,관리종목(소속부없음),229,0,0,0.0,0,0,0,0,0,21370407553,93320557,KSQ
2593,079190,KR7079190005,케스피온,KOSDAQ,벤처기업부,1114,4,257,29.99,857,1114,840,7161674,7487904215,21364021298,19177757,KSQ
2594,098660,KR7098660004,에스티오,KOSDAQ,중견기업부,1708,2,-12,-0.7,1719,1719,1669,7049,12015173,21351667008,12500976,KSQ
2595,365900,KR7365900000,브이씨,KOSDAQ,벤처기업부,2910,2,-15,-0.51,2925,3110,2855,10532,31040480,21272973000,7310300,KSQ
2596,317860,KR7317860005,노드메이슨,KONEX,일반기업부,4700,0,0,0.0,0,0,0,0,0,21212110500,4513215,KNX
2597,45226K,KR745226K018,한화갤러리아우,KOSPI,,7300,2,-100,-1.35,7640,7640,7000,72924,540245130,21202631000,2904470,STK
2598,476710,KR7476710009,타조이엔터테인먼트,KONEX,일반기업부,21200,0,0,0.0,0,0,0,0,0,21200000000,1000000,KNX
2599,060900,KR7060900008,에이전트AI,KOSDAQ,중견기업부,5250,2,-370,-6.58,5620,5630,5250,34894,184468790,20953133250,3991073,KSQ
2600,012170,KR7012170007,아센디오,KOSPI,,1080,2,-48,-4.26,1131,1131,1080,121153,132659599,20944759680,19393296,STK
2601,169670,KR7169670007,코스텍시스템,KONEX,일반기업부,7300,2,-70,-0.95,7400,7460,6280,1827,13006200,20939327300,2868401,KNX
2602,083470,KR7083470005,이엠앤아이,KOSDAQ,벤처기업부,978,2,-44,-4.31,1022,1026,978,54049,53720149,20870841762,21340329,KSQ
2603,076080,KR7076080001,웰크론한텍,KOSDAQ,중견기업부,916,2,-69,-7.01,985,985,916,143656,133898237,20696246896,22594156,KSQ
2604,154040,KR7154040000,다산솔루에타,KOSDAQ,중견기업부,1150,1,12,1.05,1138,1171,1115,52537,59527458,20642608100,17950094,KSQ
2605,018700,KR7018700005,졸스,KOSDAQ,투자주의환기종목(소속부없음),1761,1,109,6.6,1707,1950,1671,610235,1097560389,20615297946,11706586,KSQ
2606,191600,KR7191600006,블루탑,KONEX,일반기업부,7190,2,-100,-1.37,7190,7190,7190,1,7190,20555692320,2858928,KNX
2607,322780,KR7322780008,코퍼스코리아,KOSDAQ,중견기업부,458,0,0,0.0,0,0,0,0,0,20552362532,44874154,KSQ
2608,048830,KR7048830004,엔피케이,KOSDAQ,중견기업부,1095,2,-15,-1.35,1110,1118,1089,57561,63358491,20502695685,18723923,KSQ
2609,054410,KR7054410006,케이피티유,KOSDAQ,중견기업부,3570,2,-50,-1.38,3620,3620,3565,5294,19006250,20443405080,5726444,KSQ
2610,240600,KR7240600007,유진테크놀로지,KOSDAQ,벤처기업부,2950,2,-115,-3.75,3100,3150,2945,41433,123805007,20438045450,6928151,KSQ
2611,215480,KR7215480005,토박스코리아,KOSDAQ,중견기업부,2282,2,-28,-1.21,2320,2390,2280,61234,143066633,20423900000,8950000,KSQ
2612,002680,KR7002680007,한탑,KOSDAQ,중견기업부,629,2,-11,-1.72,640,645,623,134888,84875687,20327266571,32316799,KSQ
2613,050760,KR7050760008,에스폴리텍,KOSDAQ,중견기업부,1243,1,28,2.3,1225,1343,1215,91373,113793631,20304004754,16334678,KSQ
2614,065690,KR7065690000,파커스,KOSDAQ,투자주의환기종목(소속부없음),1444,2,-18,-1.23,1486,1500,1424,52211,76520198,20287233964,14049331,KSQ
2615,084440,KR7084440007,유비온,KOSDAQ,기술성장기업부,1060,2,-23,-2.12,1149,1149,1058,16398,17634946,20280366260,19132421,KSQ
2616,419540,KR7419540000,비스토스,KOSDAQ,벤처기업부,877,0,0,0.0,0,0,0,0,0,20164432147,22992511,KSQ
2617,005257,KR7005252002,녹십자홀딩스2우,KOSPI,,23700,2,-2800,-10.57,25200,25200,23600,6386,155960750,20049963000,845990,STK
2618,341170,KR7341170009,퓨쳐메디신,KONEX,일반기업부,1898,2,-31,-1.61,1800,1900,1800,31,56898,19992023090,10533205,KNX
2619,015020,KR7015020001,이스타코,KOSPI,,464,0,0,0.0,0,0,0,0,0,19883142400,42851600,STK
2620,192390,KR7192390003,윈하이텍,KOSDAQ,벤처기업부,1800,2,-17,-0.94,1836,1854,1800,20560,37289195,19858012200,11032229,KSQ
2621,308100,KR7308100007,형지글로벌,KOSDAQ,중견기업부,826,2,-48,-5.49,894,894,824,419790,355291576,19843004608,24023008,KSQ
2622,084180,KR7084180009,수성웹툰,KOSDAQ,중견기업부,1090,2,-94,-7.94,1200,1200,1090,76261,85965268,19700968470,18074283,KSQ
2623,060480,KR7060480001,국일신동,KOSDAQ,중견기업부,1776,2,-49,-2.68,1810,1829,1770,133908,240172301,19695840000,11090000,KSQ
2624,083660,KR7083660001,CSA 코스믹,KOSDAQ,중견기업부,313,2,-13,-3.99,325,338,313,417912,132652628,19665620667,62829459,KSQ
2625,134060,KR7134060003,이퓨쳐,KOSDAQ,벤처기업부,4100,2,-80,-1.91,4180,4180,4000,3997,16164350,19553925000,4769250,KSQ
2626,035620,KR7035620004,바른손이앤에이,KOSDAQ,중견기업부,1033,1,2,0.19,1031,1065,1008,146949,151996268,19224045294,18609918,KSQ
2627,001770,KR7001770007,SHD,KOSPI,,15810,2,-610,-3.71,16420,16420,15440,2973,47038070,19207221180,1214878,STK
2628,214610,KR7214610008,롤링스톤,KOSDAQ,관리종목(소속부없음),2290,0,0,0.0,0,0,0,0,0,19197807380,8383322,KSQ
2629,071950,KR7071950000,코아스,KOSPI,,1522,2,-61,-3.85,1583,1596,1506,96016,147507285,18962894790,12459195,STK
2630,009730,KR7009730003,이렘,KOSDAQ,투자주의환기종목(소속부없음),263,2,-13,-4.71,275,280,261,640051,170540125,18878015338,71779526,KSQ
2631,247660,KR7247660004,나노씨엠에스,KOSDAQ,기술성장기업부,4340,2,-320,-6.87,4625,4655,4340,14679,65585225,18852612800,4343920,KSQ
2632,199730,KR7199730003,바이오인프라,KOSDAQ,벤처기업부,3870,2,-115,-2.89,3985,3985,3805,3973,15491887,18825100290,4864367,KSQ
2633,014100,KR7014100002,메디앙스,KOSDAQ,중견기업부,1594,2,-6,-0.38,1595,1632,1565,79946,127575622,18809200000,11800000,KSQ
2634,019685,KR7019681006,대교우B,KOSPI,,966,2,-21,-2.13,987,987,965,16517,16041916,18766472340,19426990,STK
2635,031860,KR7031860000,디에이치엑스컴퍼니,KOSDAQ,관리종목(소속부없음),693,0,0,0.0,0,0,0,0,0,18714758139,27005423,KSQ
2636,222670,KR7222670002,플럼라인생명과학,KONEX,일반기업부,4635,0,0,0.0,0,0,0,0,0,18692639820,4032932,KNX
2637,108675,KR7108671009,LX하우시스우,KOSPI,,17940,2,-450,-2.45,18440,18440,17810,4165,75164700,18520000200,1032330,STK
2638,051780,KR7051780005,큐로홀딩스,KOSDAQ,중견기업부,3570,2,-595,-14.29,4105,4130,3450,598431,2185309271,18429228930,5162249,KSQ
2639,032980,KR7032980005,바이온,KOSDAQ,관리종목(소속부없음),604,0,0,0.0,0,0,0,0,0,18354952980,30388995,KSQ
2640,045520,KR7045520004,크린앤사이언스,KOSDAQ,중견기업부,2815,2,-85,-2.93,2900,2980,2810,25517,72830750,18297500000,6500000,KSQ
2641,096870,KR7096870001,엘디티,KOSDAQ,벤처기업부,2185,2,-55,-2.46,2225,2400,2135,34849,76943345,18240377815,8347999,KSQ
2642,035290,KR7035290006,골드앤에스,KOSDAQ,중견기업부,761,0,0,0.0,0,0,0,0,0,18140900640,23838240,KSQ
2643,110020,KR7110020005,전진바이오팜,KOSDAQ,기술성장기업부,1997,2,-93,-4.45,2090,2120,1990,27205,55253373,18090347714,9058762,KSQ
2644,254160,KR7254160005,제이엠멀티,KONEX,일반기업부,3500,1,260,8.02,3600,3725,2755,382,1186925,18060000000,5160000,KNX
2645,052960,KR7052960002,태양3C,KONEX,일반기업부,3685,1,340,10.16,3685,3685,3685,1,3685,18008882430,4887078,KNX
2646,291810,KR7291810000,핀텔,KOSDAQ,기술성장기업부,1560,2,-142,-8.34,1685,1685,1560,43056,69371100,17735190720,11368712,KSQ
2647,028080,KR7028080000,휴맥스홀딩스,KOSDAQ,중견기업부,7730,2,-440,-5.39,8170,8170,7730,14288,113740290,17685783930,2287941,KSQ
2648,008600,KR7008600009,윌비스,KOSPI,,2620,0,0,0.0,0,0,0,0,0,17615839860,6723603,STK
2649,067770,KR7067770008,세진티에스,KOSDAQ,중견기업부,2095,1,25,1.21,2070,2110,2045,8633,17872890,17590862335,8396593,KSQ
2650,368970,KR7368970000,오에스피,KOSDAQ,벤처기업부,1925,0,0,0.0,0,0,0,0,0,17586157050,9135666,KSQ
2651,009440,KR7009440009,KC그린홀딩스,KOSPI,,756,0,0,0.0,0,0,0,0,0,17568790596,23239141,STK
2652,032800,KR7032800005,판타지오,KOSDAQ,중견기업부,1905,2,-170,-8.19,2065,2125,1868,430609,837895610,17509637955,9191411,KSQ
2653,060260,KR7060260007,뉴보텍,KOSDAQ,벤처기업부,1301,2,-44,-3.27,1345,1362,1290,79308,104127143,17358405156,13342356,KSQ
2654,361670,KR7361670003,삼영에스앤씨,KOSDAQ,기술성장기업부,3060,2,-20,-0.65,3080,3225,3025,2713,8392320,17343033480,5667658,KSQ
2655,086220,KR7086220001,광동헬스바이오,KONEX,일반기업부,1359,2,-170,-11.12,1300,1399,1300,1340,1744313,17242808535,12687865,KNX
2656,18064K,KR718064K016,한진칼우,KOSPI,,31550,2,-250,-0.79,32400,32400,30850,3634,112972700,16934967300,536766,STK
2657,208850,KR7208850008,이비테크,KONEX,일반기업부,6000,2,-120,-1.96,5400,6200,5400,305,1789360,16921500000,2820250,KNX
2658,344860,KR7344860002,이노진,KOSDAQ,기술성장기업부,1406,2,-7,-0.5,1413,1465,1398,26021,36671187,16914180000,12030000,KSQ
2659,482680,KR7482680006,미래에셋비전스팩7호,KOSDAQ,SPAC(소속부없음),2055,0,0,0.0,0,0,0,0,0,16881825000,8215000,KSQ
2660,241820,KR7241820000,피씨엘,KOSDAQ,관리종목(소속부없음),6040,0,0,0.0,0,0,0,0,0,16803871920,2782098,KSQ
2661,065420,KR7065420002,에스아이리소스,KOSDAQ,중견기업부,234,2,-8,-3.31,244,254,227,2639018,628681639,16749087966,71577299,KSQ
2662,477380,KR7477380000,미래에셋비전스팩4호,KOSDAQ,SPAC(소속부없음),2055,3,0,0.0,2060,2060,2040,36633,75088875,16645500000,8100000,KSQ
2663,005725,KR7005721006,넥센우,KOSPI,,4580,1,80,1.78,4595,4595,4495,7277,32731900,16490748000,3600600,STK
2664,001515,KR7001511005,SK증권우,KOSPI,,8290,2,-280,-3.27,8850,8850,8230,24859,208856470,16217370530,1956257,STK
2665,012205,KR7012201000,계양전기우,KOSPI,,13850,2,-4450,-24.32,18800,18900,13760,1352183,22071149970,16191744150,1169079,STK
2666,177350,KR7177350006,베셀,KOSDAQ,투자주의환기종목(소속부없음),819,2,-33,-3.87,848,900,806,310500,259735601,16096435173,19653767,KSQ
2667,204210,KR7204210009,스타에스엠리츠,KOSPI,,2035,0,0,0.0,0,0,0,0,0,15927568525,7826815,STK
2668,106520,KR7106520000,노블엠앤비,KOSDAQ,투자주의환기종목(소속부없음),411,0,0,0.0,0,0,0,0,0,15904036272,38695952,KSQ
2669,0072Z0,KR70072Z0006,KB제33호스팩,KOSDAQ,SPAC(소속부없음),1997,2,-2,-0.1,1995,2000,1995,7241,14464922,15746345000,7885000,KSQ
2670,233250,KR7233250000,메디안디노스틱,KONEX,일반기업부,8990,0,0,0.0,0,0,0,0,0,15701340660,1746534,KNX
2671,000087,KR7000082008,하이트진로2우B,KOSPI,,13880,2,-20,-0.14,13940,13990,13860,1998,27746065,15686315440,1130138,STK
2672,176590,KR7176590008,코나솔,KONEX,일반기업부,2675,2,-125,-4.46,2700,2900,2500,929,2349130,15612324525,5836383,KNX
2673,001795,KR7001791003,대한제당우,KOSPI,,2405,1,20,0.84,2385,2405,2335,66450,157543505,15591037800,6482760,STK
2674,00806K,KR700806K010,대덕1우,KOSPI,,12840,2,-190,-1.46,13100,13360,12660,22474,291410330,15566663880,1212357,STK
2675,025870,KR7025870007,신라에스지,KOSDAQ,중견기업부,3885,2,-100,-2.51,3985,3985,3885,8310,32504325,15540000000,4000000,KSQ
2676,0101C0,KR70101C0008,하나36호스팩,KOSDAQ,SPAC(소속부없음),1991,2,-8,-0.4,1999,1999,1990,21824,43449041,15410340000,7740000,KSQ
2677,0130H0,KR70130H0008,엔에이치스팩33호,KOSDAQ,SPAC(소속부없음),2000,1,2,0.1,1997,2000,1995,39408,78742453,15400000000,7700000,KSQ
2678,477340,KR7477340004,에이치엠씨제7호스팩,KOSDAQ,SPAC(소속부없음),2045,1,10,0.49,2035,2050,2035,49903,101901068,15357950000,7510000,KSQ
2679,351020,KR7351020003,미쥬,KONEX,일반기업부,7400,2,-220,-2.89,7400,7400,7400,10,74000,15355000000,2075000,KNX
2680,012340,KR7012340006,뉴인텍,KOSDAQ,투자주의환기종목(소속부없음),1356,1,11,0.82,1530,1570,1316,818063,1173696407,15323223072,11300312,KSQ
2681,00781K,KR700781K015,코리아써키트2우B,KOSPI,,19460,2,-840,-4.14,20300,20650,19360,1188,23668980,15250782540,783699,STK
2682,469880,KR7469880009,하나30호스팩,KOSDAQ,SPAC(소속부없음),2085,2,-5,-0.24,2085,2090,2085,2764,5762980,15230925000,7305000,KSQ
2683,030350,KR7030350003,드래곤플라이,KOSDAQ,관리종목(소속부없음),973,0,0,0.0,0,0,0,0,0,15171092867,15592079,KSQ
2684,0044K0,KR70044K0008,삼성스팩10호,KOSDAQ,SPAC(소속부없음),2005,2,-5,-0.25,2005,2010,2000,33847,67861585,15077600000,7520000,KSQ
2685,0070X0,KR70070X0000,에스테크엠,KONEX,일반기업부,9980,1,980,10.89,9000,9980,9000,4,38940,15069800000,1510000,KNX
2686,217880,KR7217880004,틸론,KONEX,일반기업부,1397,1,47,3.48,1485,1485,1307,674,953298,14986024130,10727290,KNX
2687,227100,KR7227100005,프로브잇,KOSDAQ,관리종목(소속부없음),612,0,0,0.0,0,0,0,0,0,14770119384,24134182,KSQ
2688,069920,KR7069920007,엑시온그룹,KOSDAQ,투자주의환기종목(소속부없음),1587,2,-7,-0.44,1594,1686,1541,53883,85722118,14753578827,9296521,KSQ
2689,0115H0,KR70115H0007,삼성스팩13호,KOSDAQ,SPAC(소속부없음),2000,2,-5,-0.25,2005,2010,2000,60298,120657070,14700000000,7350000,KSQ
2690,900120,KYG2114A1094,씨엑스아이,KOSDAQ,외국기업(소속부없음),391,0,0,0.0,0,0,0,0,0,14603186473,37348303,KSQ
2691,069330,KR7069330009,유아이디,KOSDAQ,벤처기업부,1025,1,18,1.79,1007,1073,968,83071,83337422,14545868275,14191091,KSQ
2692,473050,KR7473050003,유안타제15호스팩,KOSDAQ,SPAC(소속부없음),2060,2,-5,-0.24,2065,2065,2060,28207,58195765,14440600000,7010000,KSQ
2693,225430,KR7225430008,케이엠제약,KOSDAQ,벤처기업부,517,0,0,0.0,0,0,0,0,0,14417604850,27887050,KSQ
2694,065060,KR7065060006,지엔코,KOSDAQ,중견기업부,3000,2,-165,-5.21,3165,3165,2935,69630,211096725,14280480000,4760160,KSQ
2695,379390,KR7379390008,이성씨엔아이,KONEX,일반기업부,5010,0,0,0.0,0,0,0,0,0,14235714600,2841460,KNX
2696,250930,KR7250930005,예선테크,KOSDAQ,벤처기업부,431,2,-19,-4.22,450,490,428,320652,143608631,14223189640,33000440,KSQ
2697,478440,KR7478440001,미래에셋비전스팩6호,KOSDAQ,SPAC(소속부없음),2045,2,-5,-0.24,2050,2050,2045,12108,24797755,14171850000,6930000,KSQ
2698,479880,KR7479880007,한국제15호스팩,KOSDAQ,SPAC(소속부없음),2060,3,0,0.0,2050,2060,2050,7746,15953660,14152200000,6870000,KSQ
2699,001755,KR7001751007,한양증권우,KOSPI,,26700,2,-150,-0.56,27250,27700,26150,2112,56301250,14017500000,525000,STK
2700,188260,KR7188260004,세니젠,KOSDAQ,관리종목(소속부없음),1938,2,-67,-3.34,1968,1969,1850,74532,142739846,14008774860,7228470,KSQ
2701,050090,KR7050090000,비케이홀딩스,KOSDAQ,투자주의환기종목(소속부없음),708,2,-2,-0.28,703,718,585,188514,124121658,14007592380,19784735,KSQ
2702,011080,KR7011080009,형지I&C,KOSDAQ,중견기업부,3255,2,-265,-7.53,3495,3660,3200,113859,391110226,13984332810,4296262,KSQ
2703,140910,KR7140910001,에이리츠,KOSPI,,3130,0,0,0.0,0,0,0,0,0,13969290160,4463032,STK
2704,026910,KR7026910000,광진실업,KOSDAQ,관리종목(소속부없음),2180,2,-130,-5.63,2230,2315,2090,65052,141239185,13963782900,6405405,KSQ
2705,0099W0,KR70099W0008,미래에셋비전스팩11호,KOSDAQ,SPAC(소속부없음),1993,2,-1,-0.05,1992,1996,1992,13189,26274038,13951000000,7000000,KSQ
2706,008500,KR7008500001,일정실업,KOSPI,,2300,2,-85,-3.56,2385,2390,2295,15256,35428115,13800000000,6000000,STK
2707,009620,KR7009620006,삼보산업,KOSDAQ,투자주의환기종목(소속부없음),838,2,-9,-1.06,847,899,816,290043,242427946,13731544258,16386091,KSQ
2708,079950,KR7079950002,인베니아,KOSDAQ,관리종목(소속부없음),990,2,-129,-11.53,1120,1121,987,459851,477822211,13661109000,13799100,KSQ
2709,352770,KR7352770002,셀레스트라,KOSDAQ,관리종목(소속부없음),5250,0,0,0.0,0,0,0,0,0,13610136750,2592407,KSQ
2710,244460,KR7244460002,올리패스,KOSDAQ,관리종목(소속부없음),1651,0,0,0.0,0,0,0,0,0,13415218661,8125511,KSQ
2711,008290,KR7008290009,원풍물산,KOSDAQ,투자주의환기종목(소속부없음),656,2,-28,-4.09,698,713,655,327629,221691132,13347526384,20346839,KSQ
2712,489480,KR7489480004,키움제11호스팩,KOSDAQ,SPAC(소속부없음),2020,3,0,0.0,2020,2020,2015,5143,10373565,13332000000,6600000,KSQ
2713,481890,KR7481890002,엔에이치스팩31호,KOSDAQ,SPAC(소속부없음),2100,2,-25,-1.18,2145,2145,2095,25198,52942105,13324500000,6345000,KSQ
2714,149010,KR7149010001,아이케이세미콘,KONEX,일반기업부,4255,2,-195,-4.38,4300,4445,4250,415,1770395,13275600000,3120000,KNX
2715,302920,KR7302920004,더콘텐츠온,KONEX,일반기업부,2900,0,0,0.0,0,0,0,0,0,13201841100,4552359,KNX
2716,0096B0,KR70096B0006,삼성스팩12호,KOSDAQ,SPAC(소속부없음),1998,2,-7,-0.35,2005,2005,1998,26614,53199991,13146840000,6580000,KSQ
2717,477760,KR7477760003,DB금융스팩12호,KOSDAQ,SPAC(소속부없음),2230,0,0,0.0,0,0,0,0,0,13023200000,5840000,KSQ
2718,0097F0,KR70097F0001,미래에셋비전스팩10호,KOSDAQ,SPAC(소속부없음),1991,2,-7,-0.35,1998,2000,1991,20836,41518391,12941500000,6500000,KSQ
2719,478390,KR7478390008,KB제29호스팩,KOSDAQ,SPAC(소속부없음),2080,1,15,0.73,2065,2090,2065,29627,61386189,12937600000,6220000,KSQ
2720,489730,KR7489730002,디비금융제13호스팩,KOSDAQ,SPAC(소속부없음),2040,3,0,0.0,2040,2050,2035,4446,9067330,12917280000,6332000,KSQ
2721,0093G0,KR70093G0004,미래에셋비전스팩8호,KOSDAQ,SPAC(소속부없음),1997,1,2,0.1,1995,2000,1991,14440,28833499,12780800000,6400000,KSQ
2722,0088D0,KR70088D0004,메리츠제1호스팩,KOSDAQ,SPAC(소속부없음),2195,2,-25,-1.13,2215,2215,2185,2625,5749230,12720025000,5795000,KSQ
2723,492220,KR7492220009,KB제31호스팩,KOSDAQ,SPAC(소속부없음),2045,1,5,0.25,2050,2050,2030,37445,76448375,12699450000,6210000,KSQ
2724,054180,KR7054180005,메디콕스,KOSDAQ,관리종목(소속부없음),2295,0,0,0.0,0,0,0,0,0,12686716395,5527981,KSQ
2725,0037T0,KR70037T0008,KB제32호스팩,KOSDAQ,SPAC(소속부없음),2000,2,-10,-0.5,2005,2005,1995,7813,15611485,12660000000,6330000,KSQ
2726,0099X0,KR70099X0007,IBKS제25호스팩,KOSDAQ,SPAC(소속부없음),2115,2,-25,-1.17,2140,2140,2115,12105,25696260,12647700000,5980000,KSQ
2727,471050,KR7471050005,대신밸런스제17호스팩,KOSDAQ,SPAC(소속부없음),2087,1,7,0.34,2085,2090,2070,73838,153764656,12647220000,6060000,KSQ
2728,0054V0,KR70054V0002,엔에이치스팩32호,KOSDAQ,SPAC(소속부없음),2030,2,-5,-0.25,2030,2040,2030,14129,28738485,12619495000,6216500,KSQ
2729,0131D0,KR70131D0001,키움히어로제2호스팩,KOSDAQ,SPAC(소속부없음),1987,1,1,0.05,1986,1989,1983,140793,279480646,12537970000,6310000,KSQ
2730,0091W0,KR70091W0006,신영스팩11호,KOSDAQ,SPAC(소속부없음),2060,2,-5,-0.24,2065,2065,2060,1096,2258520,12500080000,6068000,KSQ
2731,482520,KR7482520004,교보16호스팩,KOSDAQ,SPAC(소속부없음),2045,3,0,0.0,2045,2045,2040,1087,2219555,12474500000,6100000,KSQ
2732,073190,KR7073190001,듀오백,KOSDAQ,투자주의환기종목(소속부없음),1035,1,26,2.58,990,1095,985,66731,67212771,12386921400,11968040,KSQ
2733,33637L,KR733637K028,솔루스첨단소재2우B,KOSPI,,3275,2,-105,-3.11,3360,3395,3245,4276,14166348,12373919400,3778296,STK
2734,482690,KR7482690005,대신밸런스제19호스팩,KOSDAQ,SPAC(소속부없음),2200,1,80,3.77,2130,2300,2130,62518,139797130,12353000000,5615000,KSQ
2735,065570,KR7065570004,삼영이엔씨,KOSDAQ,관리종목(소속부없음),764,0,0,0.0,0,0,0,0,0,12295692232,16093838,KSQ
2736,456190,KR7456190008,큐라켐,KONEX,일반기업부,7000,0,0,0.0,0,0,0,0,0,12280002000,1754286,KNX
2737,004255,KR7004251005,NPC우,KOSPI,,2325,2,-15,-0.64,2340,2345,2310,21215,49457415,12276000000,5280000,STK
2738,38380K,KR738380K012,LX홀딩스1우,KOSPI,,8300,1,20,0.24,8540,8540,8050,12675,103933570,12161865500,1465285,STK
2739,0041L0,KR70041L0000,하나35호스팩,KOSDAQ,SPAC(소속부없음),2000,2,-5,-0.25,2000,2010,2000,5259,10531435,12060000000,6030000,KSQ
2740,004105,KR7004101002,태양금속우,KOSPI,,3650,2,-20,-0.54,3680,3730,3610,62797,229825415,12045000000,3300000,STK
2741,0132G0,KR70132G0007,교보20호스팩,KOSDAQ,SPAC(소속부없음),2005,1,6,0.3,1999,2005,1991,54577,109155223,11969850000,5970000,KSQ
2742,084695,KR7084691005,대상홀딩스우,KOSPI,,13040,2,-640,-4.68,13410,13570,13040,13559,179792910,11911805280,913482,STK
2743,145995,KR7145991006,삼양사우,KOSPI,,32100,3,0,0.0,32050,32100,31850,553,17645450,11879247000,370070,STK
2744,224760,KR7224760009,엔에스컴퍼니,KONEX,일반기업부,2950,1,5,0.17,2940,3100,2940,1001,2980835,11622115000,3939700,KNX
2745,469900,KR7469900005,하나31호스팩,KOSDAQ,SPAC(소속부없음),2060,3,0,0.0,2060,2065,2060,2001,4122065,11546300000,5605000,KSQ
2746,0071M0,KR70071M0002,삼성스팩11호,KOSDAQ,SPAC(소속부없음),2000,2,-5,-0.25,2000,2005,2000,5372,10757125,11520000000,5760000,KSQ
2747,060240,KR7060240009,스타코링크,KOSDAQ,관리종목(소속부없음),1976,0,0,0.0,0,0,0,0,0,11502414560,5821060,KSQ
2748,477470,KR7477470009,미래에셋비전스팩5호,KOSDAQ,SPAC(소속부없음),2080,1,5,0.24,2075,2085,2060,11302,23316485,11398400000,5480000,KSQ
2749,487360,KR7487360000,신한제14호스팩,KOSDAQ,SPAC(소속부없음),2015,2,-10,-0.49,2015,2020,2015,3375,6800635,11364600000,5640000,KSQ
2750,001067,KR7001062009,JW중외제약2우B,KOSPI,,54000,2,-1000,-1.82,54900,54900,54000,4,216900,11338542000,209973,STK
2751,0105P0,KR70105P0009,유진스팩12호,KOSDAQ,SPAC(소속부없음),1999,2,-6,-0.3,1992,2005,1992,1744,3475879,11314340000,5660000,KSQ
2752,496070,KR7496070004,신한제16호스팩,KOSDAQ,SPAC(소속부없음),2010,2,-5,-0.25,2015,2015,2010,9,18125,11296200000,5620000,KSQ
2753,474490,KR7474490000,유안타제16호스팩,KOSDAQ,SPAC(소속부없음),2045,2,-5,-0.24,2050,2050,2045,10203,20865150,11267950000,5510000,KSQ
2754,474660,KR7474660008,신한제12호스팩,KOSDAQ,SPAC(소속부없음),2040,2,-5,-0.24,2040,2045,2040,25914,52971415,11260800000,5520000,KSQ
2755,0129K0,KR70129K0006,신한제18호스팩,KOSDAQ,SPAC(소속부없음),1994,2,-3,-0.15,1998,1999,1988,119042,237396325,11206280000,5620000,KSQ
2756,0096D0,KR70096D0004,미래에셋비전스팩9호,KOSDAQ,SPAC(소속부없음),2005,1,10,0.5,1995,2005,1991,37561,75191880,11027500000,5500000,KSQ
2757,121850,KR7121850002,코이즈,KOSDAQ,투자주의환기종목(소속부없음),2165,2,-125,-5.46,2290,2440,2125,64895,143212281,10948402835,5056999,KSQ
2758,486630,KR7486630007,KB제30호스팩,KOSDAQ,SPAC(소속부없음),2060,3,0,0.0,2060,2060,2055,4522,9307740,10938600000,5310000,KSQ
2759,0098T0,KR70098T0004,교보19호스팩,KOSDAQ,SPAC(소속부없음),2020,2,-10,-0.49,2025,2025,2015,1897,3824090,10908000000,5400000,KSQ
2760,003075,KR7003071008,코오롱글로벌우,KOSPI,,14700,2,-450,-2.97,15050,15170,14620,2510,37048175,10888833900,740737,STK
2761,489210,KR7489210005,교보17호스팩,KOSDAQ,SPAC(소속부없음),2080,3,0,0.0,2080,2100,2070,1060,2195875,10774400000,5180000,KSQ
2762,493790,KR7493790000,유안타제17호스팩,KOSDAQ,SPAC(소속부없음),2010,1,5,0.25,2005,2010,2005,3922,7871775,10673100000,5310000,KSQ
2763,0004Y0,KR70004Y0000,디비금융제14호스팩,KOSDAQ,SPAC(소속부없음),2005,2,-15,-0.74,2020,2020,2005,13216,26531620,10656575000,5315000,KSQ
2764,0130D0,KR70130D0002,신한제17호스팩,KOSDAQ,SPAC(소속부없음),1992,1,1,0.05,1991,1993,1990,16378,32608319,10637280000,5340000,KSQ
2765,236340,KR7236340006,메디젠휴먼케어,KONEX,일반기업부,3495,4,455,14.97,2800,3495,2800,1984,6854920,10536191265,3014647,KNX
2766,043100,KR7043100007,알파AI,KOSDAQ,관리종목(소속부없음),520,0,0,0.0,0,0,0,0,0,10457241600,20110080,KSQ
2767,472220,KR7472220003,신영스팩10호,KOSDAQ,SPAC(소속부없음),2185,1,60,2.82,2150,2190,2130,31137,67335989,10247650000,4690000,KSQ
2768,466690,KR7466690005,키움히어로제1호스팩,KOSDAQ,SPAC(소속부없음),2010,2,-5,-0.25,2005,2015,2000,3651,7323460,10240950000,5095000,KSQ
2769,478110,KR7478110000,이베스트스팩6호,KOSDAQ,SPAC(소속부없음),2032,1,2,0.1,2032,2035,2032,8252,16769690,10200640000,5020000,KSQ
2770,469480,KR7469480008,IBKS제24호스팩,KOSDAQ,SPAC(소속부없음),2410,2,-45,-1.83,2405,2445,2335,22541,54299885,10194300000,4230000,KSQ
2771,0041B0,KR70041B0002,교보18호스팩,KOSDAQ,SPAC(소속부없음),2010,3,0,0.0,2005,2015,2005,7576,15224995,10130400000,5040000,KSQ
2772,498390,KR7498390004,한화플러스제5호스팩,KOSDAQ,SPAC(소속부없음),2030,2,-35,-1.69,2065,2065,2025,47911,97776405,10068800000,4960000,KSQ
2773,238500,KR7238500003,솔루믹스,KONEX,일반기업부,475,0,0,0.0,0,0,0,0,0,9883469400,20807304,KNX
2774,000225,KR7000221002,유유제약1우,KOSPI,,4340,2,-35,-0.8,4375,4380,4320,4862,21212800,9838476200,2266930,STK
2775,03481K,KR703481K019,해성산업1우,KOSDAQ,중견기업부,7030,2,-280,-3.83,7310,7390,6930,18428,130755500,9764121660,1388922,KSQ
2776,244880,KR7244880001,나눔테크,KONEX,일반기업부,1940,1,37,1.94,1900,1940,1900,11,20940,9738800000,5020000,KNX
2777,488060,KR7488060005,유진스팩11호,KOSDAQ,SPAC(소속부없음),2035,2,-10,-0.49,2045,2045,2025,23468,47734930,9605200000,4720000,KSQ
2778,217320,KR7217320001,썬테크,KONEX,일반기업부,9110,4,1180,14.88,7930,9110,7930,14,114520,9565500000,1050000,KNX
2779,106080,KR7106080005,케이이엠텍,KOSDAQ,관리종목(소속부없음),1650,0,0,0.0,0,0,0,0,0,9506998050,5761817,KSQ
2780,145210,KR7145210001,다이나믹디자인,KOSPI,,224,0,0,0.0,0,0,0,0,0,9461013632,42236668,STK
2781,484130,KR7484130000,하나34호스팩,KOSDAQ,SPAC(소속부없음),2035,2,-15,-0.73,2050,2050,2035,334,679715,9198200000,4520000,KSQ
2782,462020,KR7462020009,에이치엠씨제6호스팩,KOSDAQ,관리종목(소속부없음),2115,1,5,0.24,2110,2115,2110,152534,322195305,9189675000,4345000,KSQ
2783,253610,KR7253610000,루트락,KONEX,일반기업부,888,2,-98,-9.94,1130,1130,839,6369,5431042,9109167048,10258071,KNX
2784,464440,KR7464440007,한국제13호스팩,KOSDAQ,관리종목(소속부없음),2095,1,5,0.24,2090,2095,2090,56459,118119376,9050400000,4320000,KSQ
2785,473950,KR7473950004,에스케이증권제13호스팩,KOSDAQ,SPAC(소속부없음),2030,3,0,0.0,2030,2030,2025,178,361255,8972600000,4420000,KSQ
2786,467930,KR7467930004,IBKS제23호스팩,KOSDAQ,SPAC(소속부없음),2110,2,-20,-0.94,2125,2125,2090,28204,59211120,8925300000,4230000,KSQ
2787,468760,KR7468760004,유진스팩10호,KOSDAQ,SPAC(소속부없음),2100,1,20,0.96,2090,2120,2080,47926,100945830,8904000000,4240000,KSQ
2788,465320,KR7465320000,교보15호스팩,KOSDAQ,SPAC(소속부없음),2335,0,0,0.0,0,0,0,0,0,8896350000,3810000,KSQ
2789,487830,KR7487830002,신한제15호스팩,KOSDAQ,SPAC(소속부없음),2040,2,-15,-0.73,2035,2055,2035,177,360785,8874000000,4350000,KSQ
2790,185190,KR7185190006,수프로,KONEX,일반기업부,959,1,112,13.22,900,969,800,6818,5789225,8859841375,9238625,KNX
2791,114920,KR7114920002,대주이엔티,KONEX,일반기업부,2495,1,45,1.84,2775,2775,2115,476,1069840,8656402500,3469500,KNX
2792,0068Y0,KR70068Y0003,비엔케이제3호스팩,KOSDAQ,SPAC(소속부없음),1996,3,0,0.0,1996,2000,1994,2231,4454939,8602760000,4310000,KSQ
2793,001065,KR7001061001,JW중외제약우,KOSPI,,25050,2,-250,-0.99,25300,25300,25050,68,1705900,8565872550,341951,STK
2794,472230,KR7472230002,에스케이증권제11호스팩,KOSDAQ,SPAC(소속부없음),2060,3,0,0.0,2060,2065,2060,5048,10398885,8559300000,4155000,KSQ
2795,004835,KR7004831004,덕성우,KOSPI,,6140,2,-100,-1.6,6300,6300,5940,10712,64328900,8546880000,1392000,STK
2796,487720,KR7487720005,키움제10호스팩,KOSDAQ,SPAC(소속부없음),2020,2,-20,-0.98,2030,2030,2020,4296,8707085,8544600000,4230000,KSQ
2797,103660,KR7103660007,씨앗,KONEX,일반기업부,1400,1,40,2.94,1400,1400,1400,11,15400,8424459400,6017471,KNX
2798,0041J0,KR70041J0004,엘에스스팩1호,KOSDAQ,SPAC(소속부없음),2005,2,-5,-0.25,2000,2010,2000,16244,32640410,8240550000,4110000,KSQ
2799,189350,KR7189350002,코셋,KONEX,일반기업부,1679,2,-216,-11.4,1957,2170,1616,2253,4008298,8059200000,4800000,KNX
2800,004985,KR7004981007,성신양회우,KOSPI,,10930,2,-180,-1.62,11060,11090,10930,4453,49006820,8040599850,735645,STK
2801,199150,KR7199150004,데이터스트림즈,KONEX,일반기업부,1870,2,-79,-4.05,2045,2045,1821,2128,3987868,7982306310,4268613,KNX
2802,289170,KR7289170003,바이오텐,KONEX,일반기업부,2170,1,5,0.23,2140,2170,2000,1405,2940580,7761415130,3576689,KNX
2803,178600,KR7178600003,대동고려삼,KONEX,일반기업부,1736,2,-263,-13.16,2190,2190,1730,133,235778,7724505600,4449600,KNX
2804,475250,KR7475250007,하나33호스팩,KOSDAQ,SPAC(소속부없음),2075,2,-15,-0.72,2090,2090,2075,6387,13277635,7677500000,3700000,KSQ
2805,474930,KR7474930005,신한제13호스팩,KOSDAQ,SPAC(소속부없음),2115,3,0,0.0,2140,2140,2080,5684,11944335,7656300000,3620000,KSQ
2806,079970,KR7079970000,투비소프트,KOSDAQ,관리종목(소속부없음),596,0,0,0.0,0,0,0,0,0,7646223464,12829234,KSQ
2807,212310,KR7212310007,오건에코텍,KONEX,일반기업부,635,0,0,0.0,0,0,0,0,0,7514663025,11834115,KNX
2808,199290,KR7199290008,바이오프로테크,KONEX,일반기업부,445,1,5,1.14,375,445,374,4012,1503092,7264710440,16325192,KNX
2809,224810,KR7224810002,엄지하우스,KONEX,일반기업부,1718,1,119,7.44,1797,1797,1360,180,250442,7215600000,4200000,KNX
2810,276040,KR7276040003,스코넥,KOSDAQ,관리종목(소속부없음),327,0,0,0.0,0,0,0,0,0,7073119545,21630335,KSQ
2811,000325,KR7000321000,노루홀딩스우,KOSPI,,29000,2,-800,-2.68,29950,29950,28300,401,11553350,7063211000,243559,STK
2812,26490K,KR726490K013,크라운제과우,KOSPI,,9130,1,50,0.55,9270,9270,8940,52,471765,7062602800,773560,STK
2813,473000,KR7473000008,에스케이증권제12호스팩,KOSDAQ,SPAC(소속부없음),2055,1,5,0.24,2045,2055,2045,10,20470,6802050000,3310000,KSQ
2814,447690,KR7447690009,아이오바이오,KONEX,일반기업부,2580,2,-120,-4.44,2985,2985,2295,3593,8596490,6786060480,2630256,KNX
2815,251280,KR7251280004,안지오랩,KONEX,일반기업부,1939,1,39,2.05,1800,2000,1705,785,1523657,6770735930,3491870,KNX
2816,475240,KR7475240008,하나32호스팩,KOSDAQ,SPAC(소속부없음),2115,1,10,0.48,2105,2115,2090,24,50610,6768000000,3200000,KSQ
2817,101390,KR7101390003,아이엠,KOSDAQ,관리종목(소속부없음),396,0,0,0.0,0,0,0,0,0,6698084184,16914354,KSQ
2818,202960,KR7202960001,판도라티비,KONEX,일반기업부,538,1,39,7.82,450,566,450,489,225476,6410583116,11915582,KNX
2819,009415,KR7009411000,태영건설우,KOSPI,,9600,2,-1260,-11.6,10860,10860,9600,28262,283998170,6239750400,649974,STK
2820,318660,KR7318660008,타임기술,KONEX,일반기업부,2880,1,115,4.16,2700,2900,2700,137,392555,6198050880,2152101,KNX
2821,066830,KR7066830001,제노텍,KONEX,일반기업부,1062,5,-187,-14.97,1062,1062,1062,282,299484,6018545160,5667180,KNX
2822,215570,KR7215570003,크로넥스,KONEX,일반기업부,951,2,-109,-10.28,1099,1099,950,2393,2276682,5927054244,6232444,KNX
2823,092590,KR7092590009,럭스피아,KONEX,일반기업부,810,3,0,0.0,810,810,810,1,810,5905789380,7291098,KNX
2824,236030,KR7236030003,씨알푸드,KONEX,일반기업부,2900,0,0,0.0,0,0,0,0,0,5896662800,2033332,KNX
2825,267080,KR7267080000,세븐브로이맥주,KONEX,일반기업부,486,0,0,0.0,0,0,0,0,0,5769504288,11871408,KNX
2826,090355,KR7090351008,노루페인트우,KOSPI,,12220,2,-310,-2.47,12320,12530,12220,3156,38773680,5659399720,463126,STK
2827,234070,KR7234070001,에이원큐브텍,KONEX,일반기업부,788,5,-139,-14.99,789,789,788,495,390510,5485033964,6960703,KNX
2828,044180,KR7044180008,KD,KOSDAQ,관리종목(소속부없음),205,0,0,0.0,0,0,0,0,0,5477148795,26717799,KSQ
2829,000545,KR7000541003,흥국화재우,KOSPI,,6840,2,-70,-1.01,6890,6890,6710,5046,34032210,5253120000,768000,STK
2830,223220,KR7223220005,로지스몬,KONEX,일반기업부,920,1,30,3.37,920,920,757,260,213193,5246685480,5702919,KNX
2831,313760,KR7313760001,캐리,KOSDAQ,관리종목(소속부없음),468,0,0,0.0,0,0,0,0,0,5244963048,11207186,KSQ
2832,000145,KR7000141002,하이트진로홀딩스우,KOSPI,,11130,2,-230,-2.02,11360,11360,11130,43,480930,5240115300,470810,STK
2833,276240,KR7276240009,엘리비젼,KONEX,일반기업부,420,3,0,0.0,420,420,420,242,101640,5171517960,12313138,KNX
2834,266350,KR7266350008,팡스카이,KONEX,일반기업부,398,0,0,0.0,0,0,0,0,0,5026568860,12629570,KNX
2835,258050,KR7258050004,테크트랜스,KONEX,일반기업부,449,0,0,0.0,0,0,0,0,0,5004531101,11145949,KNX
2836,327610,KR7327610002,펨토바이오메드,KONEX,일반기업부,585,0,0,0.0,0,0,0,0,0,4993610310,8536086,KNX
2837,36328K,KR736328K013,티와이홀딩스우,KOSPI,,3965,2,-15,-0.38,4105,4105,3885,2895,11378144,4928550510,1243014,STK
2838,311960,KR7311960009,인터로이드,KONEX,일반기업부,1598,2,-87,-5.16,1434,1599,1433,73,109899,4894137072,3062664,KNX
2839,346010,KR7346010002,타이드,KONEX,일반기업부,1000,0,0,0.0,0,0,0,0,0,4860062000,4860062,KNX
2840,043090,KR7043090000,더테크놀로지,KOSDAQ,투자주의환기종목(소속부없음),1140,0,0,0.0,0,0,0,0,0,4718944500,4139425,KSQ
2841,052770,KR7052770005,아이톡시,KOSDAQ,관리종목(소속부없음),312,0,0,0.0,0,0,0,0,0,4545457488,14568774,KSQ
2842,136660,KR7136660008,큐엠씨,KONEX,일반기업부,1900,2,-48,-2.46,2000,2000,1900,31,60000,4485805000,2360950,KNX
2843,116100,KR7116100009,태양기계,KONEX,일반기업부,592,1,50,9.23,621,623,592,3892,2390055,4404471712,7439986,KNX
2844,005745,KR7005741004,크라운해태홀딩스우,KOSPI,,7230,2,-120,-1.63,7350,7350,7200,1349,9868990,4343248980,600726,STK
2845,299480,KR7299480004,지앤이헬스케어,KONEX,일반기업부,389,3,0,0.0,390,390,331,118,39455,4318189027,11100743,KNX
2846,014825,KR7014821003,동원시스템즈우,KOSPI,,16200,2,-140,-0.86,16340,16340,16200,749,12134100,4278598200,264111,STK
2847,007575,KR7007571003,일양약품우,KOSPI,,9520,1,50,0.53,9470,9520,9450,852,8097270,4237161600,445080,STK
2848,005965,KR7005961008,동부건설우,KOSPI,,18730,2,-90,-0.48,18990,18990,18730,758,14213660,4227960360,225732,STK
2849,008355,KR7008351009,남선알미우,KOSPI,,13700,2,-490,-3.45,14120,14120,13670,6331,87629480,4218093000,307890,STK
2850,121060,KR7121060008,유니포인트,KONEX,일반기업부,701,0,0,0.0,0,0,0,0,0,4193150670,5981670,KNX
2851,014285,KR7014281000,금강공업우,KOSPI,,7100,1,20,0.28,7100,7100,7000,5881,41399860,4188112500,589875,STK
2852,217910,KR7217910009,에스제이켐,KONEX,일반기업부,299,2,-1,-0.33,319,320,263,783,221645,4183166078,13990522,KNX
2853,002995,KR7002991008,금호건설우,KOSPI,,14140,2,-670,-4.52,14680,14680,14140,3502,50711410,4132641240,292266,STK
2854,093510,KR7093510006,엔지브이아이,KONEX,일반기업부,637,3,0,0.0,637,637,637,1,637,3834740000,6020000,KNX
2855,332190,KR7332190008,오션스바이오,KONEX,일반기업부,2515,3,0,0.0,2890,2890,2515,21,53190,3716765085,1477839,KNX
2856,004545,KR7004541009,깨끗한나라우,KOSPI,,10100,1,110,1.1,9990,10100,9920,825,8235400,3698216000,366160,STK
2857,208890,KR7208890004,미래엔에듀파트너,KONEX,일반기업부,900,0,0,0.0,0,0,0,0,0,3604968000,4005520,KNX
2858,000227,KR7000222000,유유제약2우B,KOSPI,,10730,3,0,0.0,10900,10900,10730,621,6711880,3493258800,325560,STK
2859,014915,KR7014911002,성문전자우,KOSPI,,5410,2,-750,-12.18,5800,5800,5410,90157,504453990,3246000000,600000,STK
2860,002785,KR7002781003,진흥기업우B,KOSPI,,3480,2,-50,-1.42,3445,3480,3445,410,1415790,2983118640,857218,STK
2861,402420,KR7402420004,켈스,KONEX,일반기업부,1199,2,-65,-5.14,1200,1200,1100,22,25399,2816166837,2348763,KNX
2862,413300,KR7413300005,티엘엔지니어링,KONEX,일반기업부,2070,1,83,4.18,2050,2100,1706,117,231568,2797636050,1351515,KNX
2863,001525,KR7001521004,동양우,KOSPI,,4505,2,-130,-2.8,4635,4635,4505,1922,8666175,2782878155,617731,STK
2864,266470,KR7266470004,바이오인프라생명과학,KONEX,일반기업부,99,5,-17,-14.66,101,114,99,12420,1233821,2758735881,27866019,KNX
2865,390110,KR7390110005,애니메디솔루션,KONEX,일반기업부,300,1,20,7.14,300,300,300,1,300,2747114100,9157047,KNX
2866,011155,KR7011151008,CJ씨푸드1우,KOSPI,,13390,1,90,0.68,13390,13390,13050,829,10894970,2678000000,200000,STK
2867,004415,KR7004411005,서울식품우,KOSPI,,1193,0,0,0.0,0,0,0,0,0,2653828500,2224500,STK
2868,002787,KR7002782001,진흥기업2우B,KOSPI,,8340,0,0,0.0,0,0,0,0,0,2458698720,294808,STK
2869,245450,KR7245450002,씨앤에스링크,KONEX,일반기업부,1528,5,-269,-14.97,1549,1549,1528,100,152821,2414178880,1579960,KNX
2870,001527,KR7001522002,동양2우B,KOSPI,,7750,2,-100,-1.27,8010,8010,7660,759,5980420,2391409750,308569,STK
2871,021045,KR7021041009,대호특수강우,KOSDAQ,중견기업부,2730,2,-50,-1.8,2780,2780,2680,1524,4124120,2316383160,848492,KSQ
2872,296520,KR7296520000,가이아코퍼레이션,KONEX,일반기업부,491,0,0,0.0,0,0,0,0,0,2291500928,4667008,KNX
2873,448780,KR7448780007,마이크로엔엑스,KONEX,일반기업부,840,1,24,2.94,918,918,840,2,1758,2249251200,2677680,KNX
2874,140660,KR7140660002,위월드,KONEX,일반기업부,901,2,-101,-10.08,1002,1002,901,32,31930,2241014052,2487252,KNX
2875,032685,KR7032681009,소프트센우,KOSDAQ,중견기업부,6270,0,0,0.0,0,0,0,0,0,2237217510,356813,KSQ
2876,266170,KR7266170000,레드우즈,KONEX,일반기업부,1050,0,0,0.0,0,0,0,0,0,1366092000,1301040,KNX
2877,279060,KR7279060008,이노벡스,KONEX,일반기업부,115,0,0,0.0,0,0,0,0,0,1127904590,9807866,KNX
2878,149300,KR7149300006,아퓨어스,KONEX,일반기업부,10,1,1,11.11,10,10,9,1025198,9688841,454862520,45486252,KNX
