,Code,ISU_CD,Name,Market,Dept,Close,ChangeCode,Changes,ChagesRatio,Open,High,Low,Volume,Amount,Marcap,Stocks,MarketId,lateInfoMsgCd
0,005930,KR7005930003,삼성전자,KOSPI,,275750,2,-250,-0.09,273500,277000,271500,6411304,1764761549250,1612111326156000,5846278608,STK,ME005
1,000660,KR7000660001,SK하이닉스,KOSPI,,1846000,1,13000,0.71,1830000,1855000,1825000,1143071,2102532815500,1348488905790000,730492365,STK,ME005
2,005935,KR7005931001,삼성전자우,KOSPI,,200250,2,-4250,-2.08,200500,204500,199800,1360266,273378370400,160674833400750,802371203,STK,ME005
3,402340,KR7402340004,SK스퀘어,KOSPI,,1151000,2,-4000,-0.35,1151000,1164000,1142000,198788,228541738000,151844521698000,131923998,STK,ME005
4,009150,KR7009150004,삼성전기,KOSPI,,1572000,1,11000,0.7,1545000,1578000,1532000,266814,415049088500,117418490112000,74693696,STK,ME005
5,373220,KR7373220003,LG에너지솔루션,KOSPI,,363500,1,3000,0.83,360500,367000,357500,94366,34349754000,85059000000000,234000000,STK,ME005
6,005380,KR7005380001,현대차,KOSPI,,345500,2,-3500,-1.0,346500,348000,343500,217819,75306746500,70297672986000,203466492,STK,ME005
7,207940,KR7207940008,삼성바이오로직스,KOSPI,,1368000,2,-50000,-3.53,1428000,1429000,1366000,21534,29736942500,63326020968000,46290951,STK,ME005
8,105560,KR7105560007,KB금융,KOSPI,,167000,1,1000,0.6,167000,170100,166400,312455,52289723950,59232851578000,354687734,STK,ME005
9,032830,KR7032830002,삼성생명,KOSPI,,285000,1,1000,0.35,283000,287000,281000,86967,24660392500,57000000000000,200000000,STK,ME005
10,028260,KR7028260008,삼성물산,KOSPI,,344000,2,-3000,-0.86,342500,347000,338000,116800,39993699000,55785647864000,162167581,STK,ME005
11,012450,KR7012450003,한화에어로스페이스,KOSPI,,1054000,1,20000,1.93,1038000,1063000,1025000,44788,46849065000,54347824654000,51563401,STK,ME005
12,034020,KR7034020008,두산에너빌리티,KOSPI,,80800,2,-1300,-1.58,82100,82300,80400,948547,76994476800,51757340596800,640561146,STK,ME005
13,055550,KR7055550008,신한지주,KOSPI,,104500,1,700,0.67,103700,105300,103700,324807,33865324950,49057549975500,469450239,STK,ME005
14,329180,KR7329180004,HD현대중공업,KOSPI,,424500,2,-7000,-1.62,429500,431500,424000,112279,47830650250,44556040012500,104961225,STK,ME005
15,000270,KR7000270009,기아,KOSPI,,112100,2,-1200,-1.06,111800,113000,110600,417234,46778625700,43765297075800,390412998,STK,ME005
16,068270,KR7068270008,셀트리온,KOSPI,,182100,2,-1500,-0.82,183000,183750,180600,192183,34945152900,42359587749600,232617176,STK,ME005
17,006400,KR7006400006,삼성SDI,KOSPI,,524000,1,7000,1.35,512000,530000,508000,140172,73324315500,42226817720000,80585530,STK,ME005
18,034730,KR7034730002,SK,KOSPI,,576000,2,-11000,-1.87,585000,585000,567000,48317,27723230500,41761556928000,72502703,STK,ME005
19,086790,KR7086790003,하나금융지주,KOSPI,,128900,1,600,0.47,128800,130000,127200,220253,28353296050,34928021399000,270969910,STK,ME005
20,066570,KR7066570003,LG전자,KOSPI,,212750,1,1250,0.59,211500,214000,208500,175574,37141028250,34653706734500,162884638,STK,ME005
21,012330,KR7012330007,현대모비스,KOSPI,,381500,2,-500,-0.13,379000,384500,375000,84850,32290371250,34266553177500,89820585,STK,ME005
22,010120,KR7010120004,LS ELECTRIC,KOSPI,,208500,1,2500,1.21,208500,210500,205500,182882,38052304500,31275000000000,150000000,STK,ME005
23,035420,KR7035420009,NAVER,KOSPI,,191200,3,0,0.0,192800,193100,191000,237208,45496808850,29080443352800,152094369,STK,ME005
24,000810,KR7000810002,삼성화재,KOSPI,,623500,2,-2500,-0.4,628000,631000,619000,17753,11065143000,27837699415500,44647473,STK,ME005
25,042700,KR7042700005,한미반도체,KOSPI,,273500,1,5000,1.86,274500,281000,271500,443845,122760423000,26067886700000,95312200,STK,ME005
26,298040,KR7298040007,효성중공업,KOSPI,,2787000,2,-35000,-1.24,2802000,2810000,2765000,12543,34902813000,25987515276000,9324548,STK,ME005
27,096770,KR7096770003,SK이노베이션,KOSPI,,150700,1,11100,7.95,142100,150900,140700,706504,103931827500,25476255151600,169052788,STK,ME005
28,316140,KR7316140003,우리금융지주,KOSPI,,33650,1,400,1.2,33350,33750,33050,1585659,53080277950,24792867643050,736786557,STK,ME005
29,005490,KR7005490008,POSCO홀딩스,KOSPI,,309000,1,2500,0.82,306500,311500,304500,100111,30886199000,24485631843000,79241527,STK,ME005
30,267260,KR7267260008,HD현대일렉트릭,KOSPI,,672000,2,-1000,-0.15,664000,679000,659000,58217,38965911500,24223674720000,36047135,STK,ME005
31,042660,KR7042660001,한화오션,KOSPI,,77900,2,-600,-0.76,78600,78800,77900,269100,21054590950,23869603392600,306413394,STK,ME005
32,009540,KR7009540006,HD한국조선해양,KOSPI,,323500,2,-2000,-0.61,324500,326500,317000,58543,18891460250,22895103026000,70773116,STK,ME005
33,010130,KR7010130003,고려아연,KOSPI,,1075000,1,6000,0.56,1069000,1087000,1066000,4539,4903806000,22438441675000,20872969,STK,ME005
34,138040,KR7138040001,메리츠금융지주,KOSPI,,128450,1,1250,0.98,127800,129900,127200,53546,6877662650,21495757216850,167347273,STK,ME005
35,000150,KR7000150003,두산,KOSPI,,1296000,2,-88000,-6.36,1384000,1384000,1289000,90220,118652834500,20987210160000,16193835,STK,ME005
36,011200,KR7011200003,HMM,KOSPI,,21300,1,150,0.71,21100,21450,21100,358200,7616529575,20090968761000,943237970,STK,ME005
37,015760,KR7015760002,한국전력,KOSPI,,29900,2,-250,-0.83,30200,30250,29850,330687,9901189250,19194725902300,641964077,STK,ME005
38,017670,KR7017670001,SK텔레콤,KOSPI,,87800,1,1500,1.74,88200,89600,87500,397816,35234952500,18858566653400,214790053,STK,ME005
39,010950,KR7010950004,S-Oil,KOSPI,,164300,1,15500,10.42,153900,164500,153500,262758,42169355300,18497352725600,112582792,STK,ME005
40,033780,KR7033780008,KT&G,KOSPI,,176600,1,1900,1.09,175200,176800,174300,75357,13255282750,18332926529600,103810456,STK,ME005
41,051910,KR7051910008,LG화학,KOSPI,,258000,1,1000,0.39,255500,262000,252500,67713,17494574250,18212824494000,70592343,STK,ME005
42,196170,KR7196170005,알테오젠,KOSDAQ GLOBAL,우량기업부,259000,2,-6000,-2.26,263500,268000,257500,136336,35679027250,18040679447000,69655133,KSQ,ME005
43,010140,KR7010140002,삼성중공업,KOSPI,,19800,1,80,0.41,19760,19980,19640,1138952,22551899635,17424000000000,880000000,STK,ME005
44,006800,KR7006800007,미래에셋증권,KOSPI,,31450,2,-700,-2.18,31750,31750,31050,371183,11644116475,17078012053950,543021051,STK,ME005
45,018260,KR7018260000,삼성에스디에스,KOSPI,,218000,2,-5000,-2.24,221000,221500,215500,69222,15078709250,16868360400000,77377800,STK,ME005
46,003550,KR7003550001,LG,KOSPI,,110000,1,200,0.18,110500,110500,108800,48996,5382689500,16631120440000,151192004,STK,ME005
47,079550,KR7079550000,LIG디펜스앤에어로스페이스,KOSPI,,748000,1,24000,3.31,724000,755000,717000,43491,32313069500,16456000000000,22000000,STK,ME005
48,003670,KR7003670007,포스코퓨처엠,KOSPI,,184000,1,1300,0.71,182400,188500,180900,146878,27217281250,16366104480000,88946220,STK,ME005
49,024110,KR7024110009,기업은행,KOSPI,,20250,1,100,0.5,20200,20350,20150,343493,6950860175,16147873847250,797425869,STK,ME005
50,267250,KR7267250009,HD현대,KOSPI,,198500,1,1000,0.51,198700,201500,198000,69123,13784418700,15680127372500,78993085,STK,ME005
51,272210,KR7272210006,한화시스템,KOSPI,,80000,1,1100,1.39,78000,81700,77100,426935,33977503450,15113551120000,188919389,STK,ME005
52,086280,KR7086280005,현대글로비스,KOSPI,,198850,1,450,0.23,198400,201000,196700,38290,7628484250,14913750000000,75000000,STK,ME005
53,035720,KR7035720002,카카오,KOSPI,,33100,2,-450,-1.34,33550,33600,33050,675427,22443382750,14663296789300,442999903,STK,ME005
54,278470,KR7278470000,에이피알,KOSPI,,367500,1,1500,0.41,370500,376000,363500,109262,40203865750,13758521962500,37438155,STK,ME005
55,011070,KR7011070000,LG이노텍,KOSPI,,569000,2,-15000,-2.57,580000,580000,560000,95821,54335375000,13466583883000,23667107,STK,ME005
56,030200,KR7030200000,KT,KOSPI,,51900,1,100,0.19,51700,52200,51600,103217,5344949500,13079925451500,252021685,STK,ME005
57,000720,KR7000720003,현대건설,KOSPI,,114500,2,-2700,-2.3,116100,116200,114300,316288,36332212400,12750235092500,111355765,STK,ME005
58,047810,KR7047810007,한국항공우주,KOSPI,,130700,1,3600,2.83,127300,131900,126800,125678,16362754750,12739996484900,97475107,STK,ME005
59,064350,KR7064350002,현대로템,KOSPI,,114600,1,2100,1.87,112600,116400,112300,222184,25465146800,12507706777800,109142293,STK,ME005
60,086520,KR7086520004,에코프로,KOSDAQ GLOBAL,중견기업부,88100,1,3000,3.53,85200,90400,84900,795157,70276351250,11961878991200,135776152,KSQ,ME005
61,005830,KR7005830005,DB손해보험,KOSPI,,180700,2,-2400,-1.31,184400,184500,179600,206370,37279616300,11835913064300,65500349,STK,ME005
62,036930,KR7036930006,주성엔지니어링,KOSDAQ GLOBAL,우량기업부,241000,3,0,0.0,242000,254000,241000,851574,210845077750,11201950161000,46481121,KSQ,ME005
63,247540,KR7247540008,에코프로비엠,KOSDAQ GLOBAL,중견기업부,114200,2,-500,-0.44,114000,117800,113100,195988,22656253200,11172235562800,97830434,KSQ,ME005
64,003490,KR7003490000,대한항공,KOSPI,,30250,2,-950,-3.04,30900,31150,30250,1162787,35524427825,11138673422250,368220609,STK,ME005
65,443060,KR7443060009,HD현대마린솔루션,KOSPI,,232500,2,-4500,-1.9,236500,238500,231000,38309,8940419250,10423779450000,44833460,STK,ME005
66,307950,KR7307950006,현대오토에버,KOSPI,,379500,2,-500,-0.13,379000,385500,374000,19947,7582577000,10407401169000,27423982,STK,ME005
67,071050,KR7071050009,한국금융지주,KOSPI,,179600,1,100,0.06,179400,179800,176100,73087,13063146050,10008388163200,55725992,STK,ME005
68,047050,KR7047050000,포스코인터내셔널,KOSPI,,56400,1,1100,1.99,55800,57300,55500,271926,15391892250,9922045243200,175922788,STK,ME005
69,005940,KR7005940002,NH투자증권,KOSPI,,26700,1,200,0.75,26700,26750,26350,174724,4641088100,9857803003500,369206105,STK,ME005
70,000500,KR7000500009,가온전선,KOSPI,,327500,1,9500,2.99,326500,334000,317000,137431,44758158750,9752166292500,29777607,STK,ME005
71,078930,KR7078930005,GS,KOSPI,,104900,1,2700,2.64,103700,107000,103300,229281,24113123300,9744737425500,92895495,STK,ME005
72,323410,KR7323410001,카카오뱅크,KOSPI,,19650,2,-110,-0.56,19810,19830,19610,351002,6911342360,9375416587050,477120437,STK,ME005
73,028050,KR7028050003,삼성E&A,KOSPI,,47500,1,150,0.32,47500,47950,47150,638223,30348311850,9310000000000,196000000,STK,ME005
74,006260,KR7006260004,LS,KOSPI,,296000,2,-2000,-0.67,297500,300500,293000,63227,18739201500,9235200000000,31200000,STK,ME005
75,0126Z0,KR70126Z0002,삼성에피스홀딩스,KOSPI,,368500,2,-5000,-1.34,367500,380000,367500,16676,6239315750,9169403556500,24883049,STK,ME005
76,003230,KR7003230000,삼양식품,KOSPI,,1213000,2,-11000,-0.9,1233000,1245000,1211000,11307,13842143000,9137547195000,7533015,STK,ME005
77,259960,KR7259960003,크래프톤,KOSPI,,197100,2,-2600,-1.3,200000,200000,195800,38767,7647571300,9050080654800,45916188,STK,ME005
78,007660,KR7007660004,이수페타시스,KOSPI,,121100,2,-2300,-1.86,122800,123700,120700,262437,32055953450,8889856420900,73409219,STK,ME005
79,180640,KR7180640005,한진칼,KOSPI,,130400,2,-3400,-2.54,133100,133200,129500,27976,3652515850,8705800660000,66762275,STK,ME005
80,277810,KR7277810008,레인보우로보틱스,KOSDAQ,기술성장기업부,448500,1,9500,2.16,436000,451500,432500,39938,17810103750,8700836313000,19399858,KSQ,ME005
81,009830,KR7009830001,한화솔루션,KOSPI,,35650,1,1400,4.09,34250,36400,33700,3825940,136163013625,8017418908400,224892536,STK,ME005
82,016360,KR7016360000,삼성증권,KOSPI,,89700,2,-600,-0.66,90100,91000,89100,86822,7821668200,8010210000000,89300000,STK,ME005
83,090430,KR7090430000,아모레퍼시픽,KOSPI,,131900,2,-3800,-2.8,136000,136800,129300,122206,16081159050,7715194912100,58492759,STK,ME005
84,161390,KR7161390000,한국타이어앤테크놀로지,KOSPI,,59600,1,700,1.19,58800,60100,58200,62916,3747319000,7382954112400,123875069,STK,ME005
85,353200,KR7353200009,대덕전자,KOSPI,,147100,2,-2300,-1.54,149400,154200,146100,684554,102242167450,7269229667500,49416925,STK,ME005
86,021240,KR7021240007,코웨이,KOSPI,,102300,1,3000,3.02,99200,102300,98400,59482,5998518350,7239507679800,70767426,STK,ME005
87,047040,KR7047040001,대우건설,KOSPI,,17590,2,-170,-0.96,17760,17760,17450,2007807,35314687150,7227865352420,410907638,STK,ME005
88,064400,KR7064400005,LG씨엔에스,KOSPI,,71200,1,500,0.71,70200,71400,69500,193831,13721228050,6898279497600,96885948,STK,ME005
89,062040,KR7062040001,산일전기,KOSPI,,223000,1,9500,4.45,217500,227000,211500,273024,60157651250,6833355550000,30642850,STK,ME005
90,000880,KR7000880005,한화,KOSPI,,127300,1,3100,2.5,124500,128200,123400,36663,4627004400,6788768588100,53328897,STK,ME005
91,240810,KR7240810002,원익IPS,KOSDAQ GLOBAL,우량기업부,137700,2,-5800,-4.04,143200,145900,137600,807552,114293956450,6758853167700,49083901,KSQ,ME005
92,039490,KR7039490008,키움증권,KOSPI,,257250,2,-5250,-2.0,262000,262000,254500,29881,7671829250,6747234291000,26228316,STK,ME005
93,352820,KR7352820005,하이브,KOSPI,,153900,2,-2300,-1.47,157200,157600,153300,95125,14715309200,6634142060400,43106836,STK,ME005
94,039030,KR7039030002,이오테크닉스,KOSDAQ,우량기업부,535000,2,-29000,-5.14,561000,562000,534000,57746,31601980500,6590959250000,12319550,KSQ,ME005
95,058470,KR7058470006,리노공업,KOSDAQ GLOBAL,우량기업부,85200,1,3800,4.67,81800,86900,81100,1582489,134229251400,6493249620000,76211850,KSQ,ME005
96,128940,KR7128940004,한미약품,KOSPI,,502000,1,4500,0.9,501000,506000,492500,29360,14637133000,6431117482000,12810991,STK,ME005
97,222800,KR7222800005,심텍,KOSDAQ GLOBAL,중견기업부,166700,1,7000,4.38,161700,171000,159100,706041,117356922400,6415370484200,38484526,KSQ,ME005
98,032640,KR7032640005,LG유플러스,KOSPI,,14520,2,-20,-0.14,14460,14630,14450,162598,2362255790,6162690668640,424427732,STK,ME005
99,000990,KR7000990002,DB하이텍,KOSPI,,141200,2,-1300,-0.91,142000,144500,139100,214193,30382574800,6142847825600,43504588,STK,ME005
100,001440,KR7001440007,대한전선,KOSPI,,31050,1,900,2.99,30500,31800,30050,2436495,75511081825,6085570105800,195992596,STK,ME005
101,005387,KR7005382007,현대차2우B,KOSPI,,175400,3,0,0.0,176600,176700,174300,35492,6215599100,6008686043800,34257047,STK,ME005
102,326030,KR7326030004,SK바이오팜,KOSPI,,75400,2,-1300,-1.69,76700,76800,75100,37162,2810141300,5904819050000,78313250,STK,ME005
103,267270,KR7267270007,HD건설기계,KOSPI,,117500,2,-2100,-1.76,118700,118900,116300,164642,19344649150,5580942855000,47497386,STK,ME005
104,000100,KR7000100008,유한양행,KOSPI,,73600,2,-1200,-1.6,75200,75200,73500,64832,4788125050,5418121481600,73615781,STK,ME005
105,377300,KR7377300009,카카오페이,KOSPI,,39925,2,-125,-0.31,40200,40450,39700,46116,1847922725,5401877333350,135300622,STK,ME005
106,028300,KR7028300002,HLB,KOSDAQ,중견기업부,40550,3,0,0.0,39900,41050,39450,438117,17621506050,5401187942650,133198223,KSQ,ME005
107,403870,KR7403870009,HPSP,KOSDAQ GLOBAL,우량기업부,65600,2,-3400,-4.93,69000,69400,65600,2212345,148783234500,5398880000000,82300000,KSQ,ME005
108,175330,KR7175330000,JB금융지주,KOSPI,,28900,1,550,1.94,28350,29200,28350,156535,4514707250,5390480713600,186521824,STK,ME005
109,241560,KR7241560002,두산밥캣,KOSPI,,54800,1,100,0.18,54900,55400,54500,43324,2378261400,5252912362000,95856065,STK,ME005
110,011790,KR7011790003,SKC,KOSPI,,105300,1,500,0.48,104100,113800,103500,472468,51508734900,5222700779400,49598298,STK,ME005
111,036570,KR7036570000,NC,KOSPI,,238500,1,8500,3.7,232000,240000,229000,92314,21905880500,5138249247000,21544022,STK,ME005
112,138930,KR7138930003,BNK금융지주,KOSPI,,16040,1,220,1.39,15860,16180,15790,307294,4925067030,4921709606040,306839751,STK,ME005
113,029780,KR7029780004,삼성카드,KOSPI,,41825,2,-25,-0.06,41850,41950,41600,23650,988108650,4845798116075,115858891,STK,ME005
114,052690,KR7052690005,한전기술,KOSPI,,125600,2,-200,-0.16,125300,126500,124200,120223,15077571500,4800432000000,38220000,STK,ME005
115,000250,KR7000250001,삼천당제약,KOSDAQ,중견기업부,203500,1,4100,2.06,198000,219500,194300,205498,41711326850,4773595552000,23457472,KSQ,ME005
116,088980,KR7088980008,맥쿼리인프라,KOSPI,,9820,1,70,0.72,9750,9830,9750,256424,2511449880,4703013971260,478921993,STK,ME005
117,454910,KR7454910001,두산로보틱스,KOSPI,,72500,1,700,0.97,71500,73400,70700,247515,17982550300,4699448550000,64819980,STK,ME005
118,066970,KR7066970005,엘앤에프,KOSPI,,111800,2,-1600,-1.41,111900,115800,110100,244754,27722630650,4548715371200,40686184,STK,ME005
119,088350,KR7088350004,한화생명,KOSPI,,5230,2,-60,-1.13,5270,5320,5190,1235978,6473745920,4542411900000,868530000,STK,ME005
120,108490,KR7108490004,로보티즈,KOSDAQ,기술성장기업부,309000,1,12500,4.22,296500,316000,294000,215074,66303018000,4532111652000,14667028,KSQ,ME005
121,095340,KR7095340006,ISC,KOSDAQ,우량기업부,208000,2,-16500,-7.35,224500,225000,207000,136392,28920063500,4408988064000,21197058,KSQ,ME005
122,010060,KR7010060002,OCI홀딩스,KOSPI,,234000,1,13000,5.88,222000,237000,219500,258807,60082126500,4368834288000,18670232,STK,ME005
123,319660,KR7319660007,피에스케이,KOSDAQ,우량기업부,150400,2,-11500,-7.1,161900,162000,150400,273747,42668572000,4356593785600,28966714,KSQ,ME005
124,440110,KR7440110005,파두,KOSDAQ,기술성장기업부,86000,2,-3700,-4.12,89700,90700,85700,387335,33835784650,4309548322000,50111027,KSQ,ME005
125,034220,KR7034220004,LG디스플레이,KOSPI,,8510,2,-70,-0.82,8510,8640,8480,1032670,8828830595,4255000000000,500000000,STK,ME005
126,271560,KR7271560005,오리온,KOSPI,,105200,2,-900,-0.85,105900,107500,104550,51092,5368685350,4158428497600,39528788,STK,ME005
127,103590,KR7103590006,일진전기,KOSPI,,85900,1,3000,3.62,88500,88500,85500,462354,40055678350,4096175001000,47685390,STK,ME005
128,082740,KR7082740002,한화엔진,KOSPI,,48450,2,-50,-0.1,48750,49350,48000,248287,12067972475,4043014029900,83447142,STK,ME005
129,001450,KR7001450006,현대해상,KOSPI,,47200,2,-50,-0.11,47250,47600,46500,162668,7648738075,4023717400000,85248250,STK,ME005
130,002380,KR7002380004,KCC,KOSPI,,468000,2,-4500,-0.95,472000,473000,465000,5525,2588140250,4021475328000,8592896,STK,ME005
131,084370,KR7084370006,유진테크,KOSDAQ,우량기업부,175000,2,-10900,-5.86,184900,186200,174600,99625,17993360150,4010307350000,22916042,KSQ,ME005
132,051900,KR7051900009,LG생활건강,KOSPI,,267000,2,-4500,-1.66,273000,274000,263500,34434,9154853250,3998464641000,14975523,STK,ME005
133,005385,KR7005381009,현대차우,KOSPI,,174700,2,-200,-0.11,175700,175700,173000,15833,2760843550,3989979763900,22839037,STK,ME005
134,031980,KR7031980006,피에스케이홀딩스,KOSDAQ,우량기업부,184900,2,-9100,-4.69,194000,195500,184900,112306,21301544900,3986886835500,21562395,KSQ,ME005
135,004020,KR7004020004,현대제철,KOSPI,,29800,2,-550,-1.81,30100,30350,29700,249915,7477137775,3976684393000,133445785,STK,ME005
136,018880,KR7018880005,한온시스템,KOSPI,,3825,1,150,4.08,3650,3867,3610,14053676,53342893701,3925411383150,1026251342,STK,ME005
137,001040,KR7001040005,CJ,KOSPI,,131500,2,-100,-0.08,131700,132000,130400,19176,2518370750,3836775237000,29176998,STK,ME005
138,008930,KR7008930000,한미사이언스,KOSPI,,55100,1,2400,4.55,52600,55700,51000,106060,5709097800,3768374405000,68391550,STK,ME005
139,067310,KR7067310003,하나마이크론,KOSDAQ,중견기업부,52600,1,1400,2.73,51200,54400,50900,1357739,72130073150,3497419709400,66490869,KSQ,ME005
140,095610,KR7095610002,테스,KOSDAQ GLOBAL,우량기업부,180300,2,-3600,-1.96,183900,187400,180200,106237,19502574400,3490608000000,19360000,KSQ,ME005
141,036460,KR7036460004,한국가스공사,KOSPI,,36000,1,750,2.13,35050,36050,34800,116650,4158377350,3323268000000,92313000,STK,ME005
142,064760,KR7064760002,티씨케이,KOSDAQ GLOBAL,우량기업부,296000,2,-18000,-5.73,314500,316000,295000,35946,10872821500,3309107136000,11179416,KSQ,ME005
143,028670,KR7028670008,팬오션,KOSPI,,6180,1,300,5.1,5940,6250,5930,3137482,19204985920,3303639584160,534569512,STK,ME005
144,161890,KR7161890009,한국콜마,KOSPI,,138400,2,-8100,-5.53,146600,148700,132000,487041,66585459300,3266942656800,23605077,STK,ME005
145,357780,KR7357780006,솔브레인,KOSDAQ GLOBAL,우량기업부,417000,2,-13000,-3.02,430000,433500,416500,16581,7041840500,3243662022000,7778566,KSQ,ME005
146,131290,KR7131290009,티에스이,KOSDAQ,우량기업부,291500,2,-13500,-4.43,301500,305000,289000,73688,21696153000,3224406553500,11061429,KSQ,ME005
147,214450,KR7214450009,파마리서치,KOSDAQ GLOBAL,우량기업부,308500,2,-6000,-1.91,321000,325500,306000,69362,21781483000,3205206408000,10389648,KSQ,ME005
148,080220,KR7080220007,제주반도체,KOSDAQ,우량기업부,93000,1,4800,5.44,88800,95500,87300,3369505,310506327050,3203183469000,34442833,KSQ,ME005
149,012750,KR7012750006,에스원,KOSPI,,82800,2,-400,-0.48,83000,83700,82200,19702,1631249100,3146331938400,37999178,STK,ME005
150,022100,KR7022100002,포스코DX,KOSPI,,20650,1,150,0.73,20550,21150,20350,149790,3115724175,3139517153850,152034729,STK,ME005
151,004170,KR7004170007,신세계,KOSPI,,329000,2,-4500,-1.35,332500,333000,327000,22786,7511700250,3107464549000,9445181,STK,ME005
152,087010,KR7087010005,펩트론,KOSDAQ,기술성장기업부,132400,2,-10100,-7.09,142600,145200,130800,115625,15543417050,3087217140000,23317350,KSQ,ME005
153,192820,KR7192820009,코스맥스,KOSPI,,269000,2,-10000,-3.58,280500,285000,257000,83808,22331230500,3053017921000,11349509,STK,ME005
154,035250,KR7035250000,강원랜드,KOSPI,,14270,3,0,0.0,14300,14680,14200,120643,1722537565,3052930935000,213940500,STK,ME005
155,141080,KR7141080002,리가켐바이오,KOSDAQ GLOBAL,기술성장기업부,82200,2,-4000,-4.64,86000,87800,81700,145089,12117293750,3042996159600,37019418,KSQ,ME005
156,336260,KR7336260005,두산퓨얼셀,KOSPI,,45750,1,950,2.12,44800,46000,44250,259396,11768167025,2996337964500,65493726,STK,ME005
157,111770,KR7111770004,영원무역,KOSPI,,67100,2,-2200,-3.17,69600,69700,66100,40818,2742306250,2973299502800,44311468,STK,ME005
158,014680,KR7014680003,한솔케미칼,KOSPI,,274000,2,-5000,-1.79,276000,284000,270500,33450,9243570500,2957565864000,10794036,STK,ME005
159,139130,KR7139130009,iM금융지주,KOSPI,,18625,1,245,1.33,18400,18700,18290,116576,2161236760,2949518474000,158363408,STK,ME005
160,007340,KR7007340003,DN오토모티브,KOSPI,,50200,1,550,1.11,49650,51700,49300,66823,3388685000,2937245423000,58510865,STK,ME005
161,031210,KR7031210008,서울보증보험,KOSPI,,41950,2,-600,-1.41,42650,42650,39800,17175,717798525,2929016036100,69821598,STK,ME005
162,011780,KR7011780004,금호석유화학,KOSPI,,116300,1,500,0.43,117100,117900,116100,16049,1876968850,2925796897500,25157325,STK,ME005
163,251270,KR7251270005,넷마블,KOSPI,,35050,1,150,0.43,35250,35250,34550,62861,2189897625,2914702796250,83158425,STK,ME005
164,375500,KR7375500006,DL이앤씨,KOSPI,,75000,2,-1000,-1.32,75700,75800,73700,132838,9929502800,2902021725000,38693623,STK,ME005
165,023530,KR7023530009,롯데쇼핑,KOSPI,,101900,1,600,0.59,101200,102500,100000,32345,3270729800,2882624134500,28288755,STK,ME005
166,302440,KR7302440003,SK바이오사이언스,KOSPI,,36450,2,-350,-0.95,37100,37150,36100,26643,968882250,2859741356850,78456553,STK,ME005
167,298380,KR7298380007,에이비엘바이오,KOSDAQ GLOBAL,기술성장기업부,51000,2,-2600,-4.85,53600,54700,50000,191567,10002053850,2855360613000,55987463,KSQ,ME005
168,017800,KR7017800004,현대엘리베이터,KOSPI,,72600,1,500,0.69,72400,72900,71900,39580,2867848450,2838107151000,39092385,STK,ME005
169,006360,KR7006360002,GS건설,KOSPI,,33000,1,50,0.15,33000,33300,31750,847778,27657116275,2824189170000,85581490,STK,ME005
170,010170,KR7010170009,대한광통신,KOSDAQ,중견기업부,17815,1,815,4.79,17580,18280,17320,12253673,219015800775,2769977032900,155485660,KSQ,ME005
171,026960,KR7026960005,동서,KOSPI,,27650,1,1750,6.76,26100,27850,26050,171115,4670849525,2756705000000,99700000,STK,ME005
172,178320,KR7178320008,서진시스템,KOSDAQ,중견기업부,42750,1,2500,6.21,40300,43200,39700,1471274,61740820950,2724179154750,63723489,KSQ,ME005
173,097950,KR7097950000,CJ제일제당,KOSPI,,178100,1,100,0.06,179100,179100,177100,10590,1882992950,2681150526600,15054186,STK,ME005
174,020150,KR7020150009,롯데에너지머티리얼즈,KOSPI,,50900,1,7950,18.51,43500,51800,43200,1067080,52727431500,2665402066700,52365463,STK,ME005
175,450080,KR7450080007,에코프로머티,KOSPI,,37400,1,450,1.22,36700,39100,36350,381295,14462229925,2648438738000,70813870,STK,ME005
176,383220,KR7383220001,F&F,KOSPI,,69100,2,-100,-0.14,69200,69800,68600,11759,813226250,2647018882500,38307075,STK,ME005
177,310210,KR7310210000,보로노이,KOSDAQ,기술성장기업부,142000,2,-9700,-6.39,151600,154000,141700,34933,5109391100,2643551946000,18616563,KSQ,ME005
178,005290,KR7005290002,동진쎄미켐,KOSDAQ,우량기업부,51800,2,-1300,-2.45,53200,53800,51700,363013,19204099900,2640252526800,50970126,KSQ,ME005
179,004800,KR7004800009,효성,KOSPI,,157100,1,1500,0.96,158200,158300,153000,8867,1379667350,2629917939700,16740407,STK,ME005
180,085620,KR7085620003,미래에셋생명,KOSPI,,19380,2,-110,-0.56,19250,19680,19050,31677,616326395,2619788400000,135180000,STK,ME005
181,226950,KR7226950004,올릭스,KOSDAQ GLOBAL,기술성장기업부,114700,2,-2200,-1.88,116200,119200,113100,105046,12136426200,2609486823300,22750539,KSQ,ME005
182,489790,KR7489790006,한화비전,KOSPI,,51400,2,-900,-1.72,52400,53000,51300,133534,6977153350,2595103246000,50488390,STK,ME005
183,011170,KR7011170008,롯데케미칼,KOSPI,,59900,2,-400,-0.66,62000,62100,58800,76348,4591175050,2562247598100,42775419,STK,ME005
184,003690,KR7003690005,코리안리,KOSPI,,14360,1,40,0.28,14400,14400,14120,75153,1070766855,2537714005160,176721031,STK,ME005
185,004370,KR7004370003,농심,KOSPI,,401000,1,500,0.12,404000,404500,394500,6271,2499019750,2439139442000,6082642,STK,ME005
186,257720,KR7257720003,실리콘투,KOSDAQ,우량기업부,37150,2,-1150,-3.0,38600,39100,36950,537887,20234755500,2436157761800,65576252,KSQ,ME005
187,005850,KR7005850003,에스엘,KOSPI,,52000,2,-400,-0.76,52100,52500,50900,23898,1237399800,2415323040000,46448520,STK,ME005
188,457190,KR7457190007,이수스페셜티케미컬,KOSPI,,79900,1,1500,1.91,79300,81700,77400,255637,20413150900,2414487872800,30218872,STK,ME005
189,009420,KR7009420001,한올바이오파마,KOSPI,,46200,2,-2300,-4.74,48050,48850,45500,181589,8420830775,2413517475600,52240638,STK,ME005
190,000240,KR7000240002,한국앤컴퍼니,KOSPI,,25400,1,300,1.2,25250,25550,25050,16180,410465750,2411355096000,94935240,STK,ME005
191,004990,KR7004990008,롯데지주,KOSPI,,23700,3,0,0.0,23750,23850,23550,21564,511626550,2362031491200,99663776,STK,ME005
192,112610,KR7112610001,씨에스윈드,KOSPI,,55700,1,1100,2.01,54500,56800,54300,284472,15841013000,2348947147100,42171403,STK,ME005
193,005440,KR7005440003,현대지에프홀딩스,KOSPI,,12700,1,160,1.28,12600,12910,12440,297213,3784858370,2329144427300,183397199,STK,ME005
194,043260,KR7043260009,성호전자,KOSDAQ,우량기업부,30800,1,2300,8.07,29800,32900,29300,7841722,247039442900,2323916918400,75451848,KSQ,ME005
195,098460,KR7098460009,고영,KOSDAQ,우량기업부,34050,3,0,0.0,33800,34500,33150,1073561,36467117750,2322353452650,68204213,KSQ,ME005
196,214370,KR7214370009,케어젠,KOSDAQ,벤처기업부,42950,2,-200,-0.46,42900,43700,42450,29859,1286108750,2307059250000,53715000,KSQ,ME005
197,319400,KR7319400008,현대무벡스,KOSDAQ,우량기업부,20600,2,-100,-0.48,20600,20950,20400,428983,8910284650,2294346403400,111376039,KSQ,ME005
198,483650,KR7483650008,달바글로벌,KOSPI,,181700,2,-2300,-1.25,184700,186200,181000,31341,5725308650,2276185880500,12527165,STK,ME005
199,145020,KR7145020004,휴젤,KOSDAQ,우량기업부,181500,1,900,0.5,180600,183700,179400,28370,5115111950,2271503899500,12515173,KSQ,ME005
200,058610,KR7058610007,에스피지,KOSDAQ,우량기업부,102400,1,2300,2.3,99600,104300,99000,189284,19403213950,2270961664000,22177360,KSQ,ME005
201,001720,KR7001720002,신영증권,KOSPI,,137200,2,-2100,-1.51,139300,139900,137200,2758,380546000,2255568000000,16440000,STK,ME005
202,030530,KR7030530000,원익홀딩스,KOSDAQ,중견기업부,28750,1,750,2.68,28000,29800,27700,1279059,37178315925,2220591953750,77237981,KSQ,ME005
203,018670,KR7018670000,SK가스,KOSPI,,239500,2,-1000,-0.42,240500,244500,238000,4087,984672500,2219983938000,9269244,STK,ME005
204,282330,KR7282330000,BGF리테일,KOSPI,,127900,3,0,0.0,127300,130500,125500,19961,2541553350,2210611577400,17283906,STK,ME005
205,204320,KR7204320006,HL만도,KOSPI,,47050,1,350,0.75,46300,47300,46150,85689,4021657875,2209332496000,46957120,STK,ME005
206,032820,KR7032820003,우리기술,KOSDAQ,벤처기업부,12670,1,130,1.04,12540,12750,12360,1268763,15975211590,2189181034040,172784612,KSQ,ME005
207,103140,KR7103140000,풍산,KOSPI,,78100,1,200,0.26,78000,78700,77100,35914,2800178250,2188696111800,28024278,STK,ME005
208,279570,KR7279570006,케이뱅크,KOSPI,,5390,2,-10,-0.19,5400,5510,5370,214928,1161964280,2186696863890,405695151,STK,ME005
209,030000,KR7030000004,제일기획,KOSPI,,18770,1,30,0.16,18780,18990,18650,118263,2219577465,2159323793250,115041225,STK,ME005
210,140410,KR7140410002,메지온,KOSDAQ,투자주의환기종목(소속부없음),70100,2,-3500,-4.76,73000,74900,69400,78860,5599040950,2146579347400,30621674,KSQ,ME005
211,263750,KR7263750002,펄어비스,KOSDAQ,우량기업부,33450,2,-100,-0.3,33600,33800,33200,51245,1715966425,2102128789500,62843910,KSQ,ME005
212,140860,KR7140860008,파크시스템스,KOSDAQ GLOBAL,우량기업부,298000,2,-1500,-0.5,299000,307000,292500,17950,5384252750,2086735762000,7002469,KSQ,ME005
213,009970,KR7009970005,영원무역홀딩스,KOSPI,,160100,2,-1700,-1.05,162300,172800,158200,6578,1065549400,2073906101700,12953817,STK,ME005
214,131970,KR7131970006,두산테스나,KOSDAQ GLOBAL,우량기업부,107300,1,1500,1.42,108500,111500,107200,209913,22897556150,2073812637400,19327238,KSQ,ME005
215,089030,KR7089030001,테크윙,KOSDAQ,중견기업부,55200,2,-2100,-3.66,57300,57900,55100,592618,33476345500,2045361204000,37053645,KSQ,ME005
216,081660,KR7081660003,미스토홀딩스,KOSPI,,38450,1,1000,2.67,37750,39700,37350,46525,1780000150,2041381248000,53091840,STK,ME005
217,229640,KR7229640008,LS에코에너지,KOSPI,,66600,1,3400,5.38,66500,67400,64600,173170,11441701200,2039616941400,30624879,STK,ME005
218,051600,KR7051600005,한전KPS,KOSPI,,44900,1,750,1.7,44300,44900,44000,54979,2449968350,2020500000000,45000000,STK,ME005
219,214150,KR7214150005,클래시스,KOSDAQ GLOBAL,우량기업부,30750,2,-600,-1.91,31400,31600,30600,100709,3108345825,2005996514250,65235659,KSQ,ME005
220,073240,KR7073240004,금호타이어,KOSPI,,6940,1,60,0.87,6860,6980,6860,255377,1770456690,1993586391780,287260287,STK,ME005
221,347850,KR7347850000,디앤디파마텍,KOSDAQ,기술성장기업부,43200,2,-2050,-4.53,45300,45800,42750,283428,12402746975,1987035364800,45996189,KSQ,ME005
222,139480,KR7139480008,이마트,KOSPI,,72000,1,1100,1.55,71200,72000,70500,34955,2490303900,1986898968000,27595819,STK,ME005
223,237690,KR7237690003,에스티팜,KOSDAQ GLOBAL,우량기업부,92800,2,-2800,-2.93,95000,96000,92400,38031,3561217200,1937352006400,20876638,KSQ,ME005
224,007810,KR7007810005,코리아써키트,KOSPI,,80700,1,1700,2.15,82600,87800,80500,667856,55914813350,1935397434000,23982620,STK,ME005
225,069960,KR7069960003,현대백화점,KOSPI,,88700,2,-500,-0.56,89000,89800,88000,29819,2647014000,1912807694400,21564912,STK,ME005
226,002790,KR7002790004,아모레퍼시픽홀딩스,KOSPI,,25000,2,-900,-3.47,25850,26000,24600,93071,2322899600,1911454500000,76458180,STK,ME005
227,036540,KR7036540003,SFA반도체,KOSDAQ,중견기업부,11500,1,500,4.55,11000,11750,10880,5152614,59170498915,1891293484500,164460303,KSQ,ME005
228,181710,KR7181710005,NHN,KOSPI,,57300,1,1000,1.78,57000,58000,56100,78717,4498877800,1852449694500,32328965,STK,ME005
229,462870,KR7462870007,시프트업,KOSPI,,31250,1,50,0.16,31150,31300,30650,11754,364560600,1835684062500,58741890,STK,ME005
230,007070,KR7007070006,GS리테일,KOSPI,,21950,2,-150,-0.68,22200,22300,21750,39202,861117700,1835182759250,83607415,STK,ME005
231,089860,KR7089860001,롯데렌탈,KOSPI,,50300,2,-700,-1.37,50900,50900,49800,71865,3602360300,1826362216400,36309388,STK,ME005
232,083650,KR7083650002,비에이치아이,KOSDAQ,우량기업부,59000,2,-1300,-2.16,60100,60300,58700,125805,7456830900,1825718125000,30944375,KSQ,ME005
233,323280,KR7323280008,태성,KOSDAQ,중견기업부,59400,2,-1700,-2.78,61200,61400,59000,220974,13229235700,1813956012000,30537980,KSQ,ME005
234,183300,KR7183300003,코미코,KOSDAQ,우량기업부,34700,2,-1000,-2.8,35650,35650,34600,172381,6036572200,1782305642500,51363275,KSQ,ME005
235,281820,KR7281820001,케이씨텍,KOSPI,,89500,2,-3000,-3.24,91500,92800,89300,70279,6393757850,1771980159500,19798661,STK,ME005
236,089970,KR7089970008,브이엠,KOSDAQ,우량기업부,67300,2,-3500,-4.94,70800,72000,67300,440218,30632029350,1771791284500,26326765,KSQ,ME005
237,000155,KR7000151001,두산우,KOSPI,,441500,2,-25000,-5.36,471000,471000,439500,7737,3474139500,1764437973000,3996462,STK,ME005
238,439260,KR7439260001,대한조선,KOSPI,,45700,2,-250,-0.54,46000,46450,45650,10728,493375075,1740654961000,38088730,STK,ME005
239,060370,KR7060370004,LS마린솔루션,KOSDAQ,우량기업부,33300,1,600,1.83,33000,33400,32250,76614,2513008875,1739553838200,52238854,KSQ,ME005
240,096530,KR7096530001,씨젠,KOSDAQ GLOBAL,우량기업부,37050,2,-250,-0.67,37300,37650,36350,148403,5478814900,1731509594100,46734402,KSQ,ME005
241,093370,KR7093370005,후성,KOSPI,,16120,1,410,2.61,15650,16470,15390,3896796,62747816955,1728955919600,107255330,STK,ME005
242,041510,KR7041510009,에스엠,KOSDAQ GLOBAL,우량기업부,75300,2,-2400,-3.09,77400,78200,74700,64501,4876046250,1723970157000,22894690,KSQ,ME005
243,068760,KR7068760008,셀트리온제약,KOSDAQ,우량기업부,38300,2,-1350,-3.4,39500,39750,38250,74057,2857370900,1700609315600,44402332,KSQ,ME005
244,475150,KR7475150009,SK이터닉스,KOSPI,,49500,1,50,0.1,49450,50300,49100,375919,18730049425,1686316698000,34067004,STK,ME005
245,001120,KR7001120005,LX인터내셔널,KOSPI,,43450,1,1000,2.36,42050,43550,41750,65907,2835720600,1684122000000,38760000,STK,ME005
246,020560,KR7020560009,아시아나항공,KOSPI,,8150,2,-280,-3.32,8350,8350,8140,30871,253100985,1678824294650,205990711,STK,ME005
247,420770,KR7420770000,기가비스,KOSDAQ,우량기업부,132400,2,-1900,-1.41,134300,139700,130800,56025,7574244750,1678270359200,12675758,KSQ,ME005
248,078600,KR7078600004,대주전자재료,KOSDAQ,우량기업부,106700,1,9900,10.23,98100,110400,97200,440565,46993643750,1675631524600,15704138,KSQ,ME005
249,120110,KR7120110002,코오롱인더,KOSPI,,55700,1,600,1.09,55100,56300,54600,56931,3169582500,1667993982400,29946032,STK,ME005
250,001430,KR7001430008,세아베스틸지주,KOSPI,,46250,2,-750,-1.6,46950,47450,46200,39637,1848544900,1658623003750,35862119,STK,ME005
251,218410,KR7218410009,RFHIC,KOSDAQ,우량기업부,62100,1,2100,3.5,61700,63200,61000,563881,35184627650,1650334948200,26575442,KSQ,ME005
252,001820,KR7001820000,삼화콘덴서,KOSPI,,158100,2,-600,-0.38,158100,159900,154800,374694,59014935000,1643449500000,10395000,STK,ME005
253,071970,KR7071970008,HD현대마린엔진,KOSPI,,48400,1,200,0.41,48600,48950,48050,52765,2557824950,1641800358000,33921495,STK,ME005
254,023590,KR7023590003,다우기술,KOSPI,,37800,2,-700,-1.82,38500,38700,37650,17639,668336500,1636260393600,43287312,STK,ME005
255,437730,KR7437730005,삼현,KOSDAQ,기술성장기업부,51000,2,-300,-0.58,50200,52300,49600,217326,11187646900,1617085917000,31707567,KSQ,ME005
256,0009K0,KR70009K0001,에임드바이오,KOSDAQ,기술성장기업부,24700,2,-750,-2.95,25400,25900,24250,79986,1993821175,1608900226700,65137661,KSQ,ME005
257,007390,KR7007390008,네이처셀,KOSDAQ,중견기업부,24850,2,-250,-1.0,25350,25800,24600,142200,3568657850,1601211141600,64435056,KSQ,ME005
258,000120,KR7000120006,CJ대한통운,KOSPI,,69700,2,-100,-0.14,70400,70400,69600,11807,824496350,1590020376800,22812344,STK,ME005
259,395400,KR7395400005,SK리츠,KOSPI,,5280,1,30,0.57,5260,5320,5220,87084,459385970,1589373033600,301017620,STK,ME005
260,322000,KR7322000001,HD현대에너지솔루션,KOSPI,,139100,1,8000,6.1,131400,141600,130300,306309,42409958650,1557920000000,11200000,STK,ME005
261,006040,KR7006040000,동원산업,KOSPI,,35200,2,-200,-0.56,35400,35450,34900,9601,337065500,1553756828800,44140819,STK,ME005
262,008770,KR7008770000,호텔신라,KOSPI,,39200,3,0,0.0,39200,39350,38900,58278,2278390750,1538526343200,39248121,STK,ME005
263,009155,KR7009151002,삼성전기우,KOSPI,,526000,1,1000,0.19,522000,527000,515000,5166,2692503500,1529073584000,2906984,STK,ME005
264,290650,KR7290650001,엘앤씨바이오,KOSDAQ,우량기업부,56200,2,-100,-0.18,55600,56600,53000,197152,10836503950,1515697364800,26969704,KSQ,ME005
265,005070,KR7005070008,코스모신소재,KOSPI,,45575,1,975,2.19,44750,47000,44400,155735,7181906425,1513754073325,33214571,STK,ME005
266,294870,KR7294870001,IPARK현대산업개발,KOSPI,,22350,2,-300,-1.32,22700,22700,22250,27886,623515275,1473028825500,65907330,STK,ME005
267,006280,KR7006280002,녹십자,KOSPI,,125600,2,-3700,-2.86,129100,129800,124300,9099,1145830150,1467829172800,11686538,STK,ME005
268,011210,KR7011210002,현대위아,KOSPI,,52600,2,-100,-0.19,52600,53000,51800,17233,907413000,1430461365800,27195083,STK,ME005
269,012630,KR7012630000,HDC,KOSPI,,23750,2,-1000,-4.04,24550,24750,23650,71430,1713702450,1418865873750,59741721,STK,ME005
270,361610,KR7361610009,SK아이이테크놀로지,KOSPI,,17330,1,1100,6.78,16400,17340,16340,376725,6392380095,1417370443000,81787100,STK,ME005
271,950260,KR8840280000,인제니아테라퓨틱스(Reg.S),KOSDAQ,기술성장기업부,28600,2,-350,-1.21,28950,28950,27800,335660,9586676450,1414115760200,49444607,KSQ,ME005
272,039200,KR7039200001,오스코텍,KOSDAQ,벤처기업부,36950,2,-1050,-2.76,38350,38550,36800,45690,1706082975,1413639603200,38258176,KSQ,ME005
273,232140,KR7232140004,와이씨,KOSDAQ,우량기업부,16880,1,880,5.5,16130,17330,15950,3092895,51620300055,1384925508000,82045350,KSQ,ME005
274,097230,KR7097230007,HJ중공업,KOSPI,,15190,1,180,1.2,15000,15400,14920,150233,2282377550,1371586275360,90295344,STK,ME005
275,001800,KR7001800002,오리온홀딩스,KOSPI,,22800,2,-200,-0.87,22900,23150,22750,22754,519968925,1371571665600,60156652,STK,ME005
276,950160,KR8840120008,코오롱티슈진,KOSDAQ,외국기업(소속부없음),16040,2,-420,-2.55,16380,16500,15920,295526,4753219995,1362921366400,84970160,KSQ,ME005
277,035900,KR7035900000,JYP Ent.,KOSDAQ GLOBAL,우량기업부,37250,2,-500,-1.32,37700,37750,37000,94279,3511846450,1323585327000,35532492,KSQ,ME005
278,082920,KR7082920000,비츠로셀,KOSDAQ GLOBAL,우량기업부,29250,1,150,0.52,29250,29850,28900,126946,3740562375,1320329702250,45139477,KSQ,ME005
279,001740,KR7001740000,SK네트웍스,KOSPI,,6400,2,-50,-0.78,6460,6610,6360,548156,3552587135,1283800889600,200593889,STK,ME005
280,347700,KR7347700007,스피어,KOSDAQ,기술성장기업부,24850,1,1900,8.28,22650,25600,22500,1681158,41257709575,1281051345700,51551362,KSQ,ME005
281,00680K,KR700680K019,미래에셋증권2우B,KOSPI,,10000,2,-250,-2.44,10240,10250,9940,196158,1965629435,1272711500000,127271150,STK,ME005
282,066575,KR7066571001,LG전자우,KOSPI,,73800,1,700,0.96,73000,74400,73000,23307,1721116100,1267979866200,17181299,STK,ME005
283,007310,KR7007310006,오뚜기,KOSPI,,315500,1,2500,0.8,314500,328000,312500,1483,475636500,1264470365000,4007830,STK,ME005
284,204270,KR7204270003,제이앤티씨,KOSDAQ,중견기업부,21850,2,-100,-0.46,21750,22900,21400,597584,13329129175,1263988982100,57848466,KSQ,ME005
285,166090,KR7166090001,하나머티리얼즈,KOSDAQ,우량기업부,63500,3,0,0.0,63500,65000,62400,71767,4585704750,1255882299000,19777674,KSQ,ME005
286,003380,KR7003380003,하림지주,KOSDAQ GLOBAL,우량기업부,11120,1,180,1.65,10950,11180,10850,133609,1472697325,1245502505520,112005621,KSQ,ME005
287,069620,KR7069620003,대웅제약,KOSPI,,107300,2,-2300,-2.1,110900,110900,106900,6641,716340800,1243239497500,11586575,STK,ME005
288,192080,KR7192080000,더블유게임즈,KOSPI,,58400,1,200,0.34,58500,59000,57600,11067,643512050,1236530531200,21173468,STK,ME005
289,003160,KR7003160009,디아이,KOSPI,,43500,1,2000,4.82,41200,43900,40850,908406,38803143000,1231050000000,28300000,STK,ME005
290,415640,KR7415640002,KB발해인프라,KOSPI,,10000,2,-70,-0.7,10050,10050,9990,16192,162361430,1225455480000,122545548,STK,ME005
291,003540,KR7003540002,대신증권,KOSPI,,25400,1,50,0.2,25450,25550,25200,6947,176065400,1210719600400,47666126,STK,ME005
292,252990,KR7252990007,샘씨엔에스,KOSDAQ,우량기업부,19680,2,-470,-2.33,20000,20400,19500,330912,6596976155,1185088055520,60217889,KSQ,ME005
293,241710,KR7241710003,코스메카코리아,KOSDAQ GLOBAL,우량기업부,110900,2,-4500,-3.9,116500,116800,109000,119557,13242056800,1184412000000,10680000,KSQ,ME005
294,300720,KR7300720000,한일시멘트,KOSPI,,16040,2,-110,-0.68,16200,16200,16030,15088,242516865,1179665152360,73545209,STK,ME005
295,298020,KR7298020009,효성티앤씨,KOSPI,,272000,2,-2500,-0.91,275000,276000,270000,8643,2350728750,1177129504000,4327682,STK,ME005
296,000815,KR7000811000,삼성화재우,KOSPI,,389000,2,-2000,-0.51,395000,395000,386500,3548,1379924750,1169730780000,3007020,STK,ME005
297,330590,KR7330590001,롯데리츠,KOSPI,,4025,2,-105,-2.54,4000,4060,3960,99259,397267627,1163099758100,288968884,STK,ME005
298,006120,KR7006120000,SK디스커버리,KOSPI,,66700,1,400,0.6,65700,66800,65400,11140,739652950,1161497191700,17413751,STK,ME005
299,356860,KR7356860007,티엘비,KOSDAQ,우량기업부,48500,1,200,0.41,48600,50400,48000,409501,20118151225,1149511110000,23701260,KSQ,ME005
300,195940,KR7195940002,HK이노엔,KOSDAQ GLOBAL,우량기업부,40100,2,-500,-1.23,40600,40750,39700,23316,936013850,1136028629100,28329891,KSQ,ME005
301,030610,KR7030610000,교보증권,KOSPI,,9950,2,-20,-0.2,9970,10000,9880,6177,61471680,1133931461950,113962961,STK,ME005
302,056190,KR7056190002,SFA,KOSDAQ GLOBAL,우량기업부,31200,1,1250,4.17,30750,32000,30250,280392,8802330100,1120353312000,35908760,KSQ,ME005
303,101490,KR7101490001,에스앤에스텍,KOSDAQ GLOBAL,우량기업부,52500,1,400,0.77,53200,54200,51900,330475,17543307350,1120081147500,21334879,KSQ,ME005
304,195870,KR7195870001,해성디에스,KOSPI,,65100,2,-1400,-2.11,67100,69200,65100,115835,7778839900,1106700000000,17000000,STK,ME005
305,004000,KR7004000006,롯데정밀화학,KOSPI,,42600,3,0,0.0,42700,43000,42350,11543,491293875,1099080000000,25800000,STK,ME005
306,127120,KR7127120004,제이에스링크,KOSDAQ,벤처기업부,29300,2,-1050,-3.46,30400,30400,29250,95791,2841349650,1092683640100,37292957,KSQ,ME005
307,280360,KR7280360009,롯데웰푸드,KOSPI,,118500,2,-3200,-2.63,121100,122400,118200,7698,915734300,1090742019000,9204574,STK,ME005
308,003570,KR7003570009,SNT다이내믹스,KOSPI,,32500,1,2050,6.73,30450,32800,30000,105214,3317192350,1080712652500,33252697,STK,ME005
309,293490,KR7293490009,카카오게임즈,KOSDAQ GLOBAL,중견기업부,9910,2,-40,-0.4,9920,10170,9750,217802,2161023450,1057845576150,106745265,KSQ,ME005
310,017960,KR7017960006,한국카본,KOSPI,,20400,1,100,0.49,20350,20800,20250,70817,1456725450,1054200314400,51676486,STK,ME005
311,006340,KR7006340004,대원전선,KOSPI,,13370,1,270,2.06,13250,13500,13130,1424307,19031690950,1048400741920,78414416,STK,ME005
312,496320,KR7496320003,본시스템즈,KONEX,일반기업부,1023000,3,0,0.0,0,0,0,0,0,1039340379000,1015973,KNX,ME005
313,086450,KR7086450004,동국제약,KOSDAQ GLOBAL,우량기업부,22950,1,800,3.61,22800,23350,22200,498897,11440888300,1038038139000,45230420,KSQ,ME005
314,458870,KR7458870003,씨어스,KOSDAQ,기술성장기업부,27050,1,1000,3.84,27300,28050,26500,156765,4251131200,1037242042100,38345362,KSQ,ME005
315,000080,KR7000080002,하이트진로,KOSPI,,14750,2,-20,-0.14,14760,14820,14680,18821,277319170,1034470762250,70133611,STK,ME005
316,445680,KR7445680002,큐리옥스바이오시스템즈,KOSDAQ,기술성장기업부,58900,2,-300,-0.51,59300,60800,57900,30207,1788708750,1014534771100,17224699,KSQ,ME005
317,000210,KR7000210005,DL,KOSPI,,48150,2,-450,-0.93,48600,48850,47700,17417,838325075,1009025814600,20955884,STK,ME005
318,003530,KR7003530003,한화투자증권,KOSPI,,4645,1,10,0.22,4630,4750,4605,636309,2982017618,996574414875,214547775,STK,ME005
319,417200,KR7417200003,LS머트리얼즈,KOSDAQ,중견기업부,14530,1,610,4.38,14200,14800,14000,1366325,19715495520,982993135270,67652659,KSQ,ME005
320,003240,KR7003240009,태광산업,KOSPI,,878000,2,-22000,-2.44,905000,905000,878000,1037,918974000,977565200000,1113400,STK,ME005
321,083450,KR7083450007,GST,KOSDAQ,우량기업부,53000,2,-2000,-3.64,54700,54900,52800,130296,6996855550,976790000000,18430000,KSQ,ME005
322,036830,KR7036830008,솔브레인홀딩스,KOSDAQ GLOBAL,우량기업부,47300,1,2850,6.41,44500,49450,44100,150962,7199595800,969838301300,20503981,KSQ,ME005
323,192400,KR7192400000,쿠쿠홀딩스,KOSPI,,27000,1,100,0.37,26950,27150,26750,3090,83447550,960178995000,35562185,STK,ME005
324,030190,KR7030190003,NICE평가정보,KOSPI,,16470,1,260,1.6,16230,16500,16160,12412,203883650,959686164270,58268741,STK,ME005
325,161580,KR7161580006,필옵틱스,KOSDAQ,중견기업부,40900,1,200,0.49,40050,42250,39500,467449,19289100875,958787902300,23442247,KSQ,ME005
326,100790,KR7100790005,미래에셋벤처투자,KOSDAQ,우량기업부,18030,1,40,0.22,17980,18330,17630,326146,5895111675,957764021340,53120578,KSQ,ME005
327,451800,KR7451800007,한화리츠,KOSPI,,5330,3,0,0.0,5230,5640,5230,36009,193502320,957268000000,179600000,STK,ME005
328,327260,KR7327260006,RF머트리얼즈,KOSDAQ,벤처기업부,53100,1,3700,7.49,52300,57500,51900,1687987,92845302300,955131364800,17987408,KSQ,ME005
329,006110,KR7006110001,삼아알미늄,KOSPI,,61900,1,1700,2.82,60000,65300,59400,185989,11768662800,936141864500,15123455,STK,ME005
330,388210,KR7388210007,씨엠티엑스,KOSDAQ,벤처기업부,96300,1,1900,2.01,94900,98600,92600,113941,11008791000,929722379400,9654438,KSQ,ME005
331,009240,KR7009240003,한샘,KOSPI,,39450,1,450,1.15,39200,39450,38700,13307,520635450,928413459600,23533928,STK,ME005
332,115180,KR7115180002,큐리언트,KOSDAQ,벤처기업부,24500,2,-150,-0.61,25050,25200,24200,34539,848546325,919586699500,37534151,KSQ,ME005
333,071320,KR7071320006,지역난방공사,KOSPI,,78900,1,600,0.77,78500,79400,78300,6629,521771550,913562901600,11578744,STK,ME005
334,491000,KR7491000006,리브스메드,KOSDAQ,기술성장기업부,35850,2,-850,-2.32,36800,37750,35650,148871,5438022900,905401465350,25255271,KSQ,ME005
335,077970,KR7077970002,STX엔진,KOSPI,,22550,1,50,0.22,22600,22900,22350,49416,1119169025,905338820650,40148063,STK,ME005
336,185750,KR7185750007,종근당,KOSPI,,65100,2,-100,-0.15,65500,65500,64500,6915,448294100,898560978000,13802780,STK,ME005
337,425420,KR7425420007,티에프이,KOSDAQ,우량기업부,72400,2,-1800,-2.43,74200,76700,72300,53451,3964934400,893935904400,12347181,KSQ,ME005
338,065350,KR7065350001,신성델타테크,KOSDAQ,우량기업부,32450,1,500,1.56,32000,33500,31900,66766,2188407275,891854112600,27483948,KSQ,ME005
339,099320,KR7099320004,쎄트렉아이,KOSDAQ,우량기업부,81200,1,2300,2.92,79600,82600,79000,45788,3726157300,889243773600,10951278,KSQ,ME005
340,009450,KR7009450008,경동나비엔,KOSPI,,60900,2,-400,-0.65,61900,61900,60800,13705,838020000,887227252800,14568592,STK,ME005
341,032500,KR7032500001,케이엠더블유,KOSDAQ,중견기업부,21000,1,1560,8.02,20200,21650,19950,437278,9185988260,886025721000,42191701,KSQ,ME005
342,005300,KR7005300009,롯데칠성,KOSPI,,95400,1,200,0.21,95500,95500,94500,3039,288762550,885205533600,9278884,STK,ME005
343,003090,KR7003090008,대웅,KOSPI,,15220,2,-370,-2.37,15590,15780,15160,33615,515360280,884920935600,58141980,STK,ME005
344,285130,KR7285130001,SK케미칼,KOSPI,,51100,1,200,0.39,50900,51900,50600,13770,706827450,883966942600,17298766,STK,ME005
345,031330,KR7031330004,에스에이엠티,KOSDAQ,우량기업부,8840,1,30,0.34,8810,9000,8720,285546,2534923120,883956392280,99995067,KSQ,ME005
346,160190,KR7160190005,하이젠알앤엠,KOSDAQ,중견기업부,28550,3,0,0.0,28500,29200,28100,72967,2099718375,881852400000,30888000,KSQ,ME005
347,051915,KR7051911006,LG화학우,KOSPI,,114100,1,300,0.26,114400,115200,113600,6418,734640550,877292080000,7688800,STK,ME005
348,032350,KR7032350001,롯데관광개발,KOSPI,,10960,2,-790,-6.72,11590,11600,10610,914102,10008780980,873791019680,79725458,STK,ME005
349,034230,KR7034230003,파라다이스,KOSPI,,9310,2,-170,-1.79,9440,9580,9260,198280,1849559890,862379546420,92629382,STK,ME005
350,119850,KR7119850006,지엔씨에너지,KOSDAQ,우량기업부,52400,2,-2200,-4.03,54900,54900,52000,328243,17363425550,861922831600,16448909,KSQ,ME005
351,004490,KR7004490009,세방전지,KOSPI,,62000,1,400,0.65,61900,62600,61200,26964,1668080850,859320000000,13860000,STK,ME005
352,295310,KR7295310007,에이치브이엠,KOSDAQ,기술성장기업부,68900,1,4300,6.66,64000,69900,63500,164926,11240924450,856210791800,12426862,KSQ,ME005
353,074600,KR7074600008,원익QnC,KOSDAQ,우량기업부,32500,2,-100,-0.31,32650,33050,32150,127307,4154387475,854360000000,26288000,KSQ,ME005
354,053800,KR7053800009,안랩,KOSDAQ,우량기업부,76700,2,-1100,-1.41,78000,78600,76700,25518,1977851650,853403010200,11126506,KSQ,ME005
355,000370,KR7000370007,한화손해보험,KOSPI,,7210,2,-70,-0.96,7260,7280,7140,125547,905635810,841687577150,116738915,STK,ME005
356,003470,KR7003470002,유안타증권,KOSPI,,4335,2,-35,-0.8,4360,4380,4305,106665,462237602,835268242170,192680102,STK,ME005
357,071055,KR7071051007,한국금융지주우,KOSPI,,141600,2,-100,-0.07,142300,142300,141100,3109,439937700,829528341600,5858251,STK,ME005
358,388720,KR7388720005,유일로보틱스,KOSDAQ,벤처기업부,70200,1,400,0.57,69800,70800,69300,10401,731551900,827050419000,11781345,KSQ,ME005
359,281740,KR7281740001,레이크머티리얼즈,KOSDAQ,우량기업부,12490,1,380,3.14,12230,13030,11820,743736,9411110800,820974544520,65730548,KSQ,ME005
360,079160,KR7079160008,CJ CGV,KOSPI,,4945,2,-75,-1.49,5020,5040,4940,163583,812144255,818806931165,165582797,STK,ME005
361,033790,KR7033790007,피노,KOSDAQ,중견기업부,9470,1,460,5.11,9100,10070,9010,2152954,20806332500,814542664910,86012953,KSQ,ME005
362,248070,KR7248070005,솔루엠,KOSPI,,17000,1,1570,10.17,15730,17290,15520,978866,16371853260,812876012000,47816236,STK,ME005
363,014620,KR7014620009,성광벤드,KOSDAQ GLOBAL,우량기업부,30600,2,-300,-0.97,30800,30900,30350,56457,1726934600,812655338400,26557364,KSQ,ME005
364,033100,KR7033100009,제룡전기,KOSDAQ GLOBAL,우량기업부,49250,1,400,0.82,49600,49700,48800,60056,2959218850,791073643250,16062409,KSQ,ME005
365,059090,KR7059090001,미코,KOSDAQ,벤처기업부,23600,2,-50,-0.21,23350,23900,23100,168143,3966363325,788635960800,33416778,KSQ,ME005
366,328130,KR7328130000,루닛,KOSDAQ,기술성장기업부,10570,2,-530,-4.77,10930,11040,10530,370913,3975753505,787022962600,74458180,KSQ,ME005
367,085660,KR7085660009,차바이오텍,KOSDAQ,중견기업부,8460,2,-210,-2.42,8680,8720,8410,83933,715734480,786550277160,92972846,KSQ,ME005
368,064290,KR7064290000,인텍플러스,KOSDAQ,중견기업부,60600,1,2600,4.48,60900,62600,59500,306454,18786807450,785229226800,12957578,KSQ,ME005
369,189300,KR7189300007,인텔리안테크,KOSDAQ,우량기업부,72800,1,4300,6.28,69100,73800,68400,84758,6085098450,781689781600,10737497,KSQ,ME005
370,036810,KR7036810000,에프에스티,KOSDAQ,중견기업부,36050,1,1350,3.89,35250,36650,33500,254471,9127564325,780474893450,21649789,KSQ,ME005
371,476830,KR7476830005,알지노믹스,KOSDAQ,기술성장기업부,27700,2,-1950,-6.58,29800,30800,27600,282236,8104363550,777135577200,28055436,KSQ,ME005
372,090360,KR7090360009,로보스타,KOSDAQ,중견기업부,79100,1,800,1.02,78200,80200,77600,59174,4699088850,771225000000,9750000,KSQ,ME005
373,090710,KR7090710005,휴림로봇,KOSDAQ,중견기업부,6420,1,60,0.94,6370,6550,6300,887630,5733465310,767568966180,119559029,KSQ,ME005
374,053610,KR7053610002,프로텍,KOSDAQ,우량기업부,85100,2,-100,-0.12,84200,87300,83400,31891,2728780650,765900000000,9000000,KSQ,ME005
375,035760,KR7035760008,CJ ENM,KOSDAQ GLOBAL,중견기업부,34900,2,-850,-2.38,35500,35800,34300,49855,1732309600,765327474600,21929154,KSQ,ME005
376,171090,KR7171090004,선익시스템,KOSDAQ,우량기업부,75500,1,2700,3.71,72900,78200,72200,55917,4253964550,764635763000,10127626,KSQ,ME005
377,137310,KR7137310009,에스디바이오센서,KOSPI,,6300,2,-10,-0.16,6260,6330,6230,31197,195521390,760719342600,120749102,STK,ME005
378,365550,KR7365550003,ESR켄달스퀘어리츠,KOSPI,,3080,2,-5,-0.16,3095,3105,3060,65010,200599157,757954120000,246089000,STK,ME005
379,137400,KR7137400008,피엔티,KOSDAQ GLOBAL,우량기업부,31950,1,850,2.73,31350,32400,31150,144492,4611836625,756918759600,23690728,KSQ,ME005
380,044490,KR7044490001,태웅,KOSDAQ,우량기업부,37800,2,-450,-1.18,37750,38600,37500,52743,2005779325,756279001800,20007381,KSQ,ME005
381,499790,KR7499790004,GS피앤엘,KOSPI,,38100,2,-100,-0.26,38250,38250,37100,41201,1555413800,755555042100,19830841,STK,ME005
382,122870,KR7122870009,와이지엔터테인먼트,KOSDAQ GLOBAL,우량기업부,40100,2,-1150,-2.79,41600,41600,39900,45942,1857741675,749511064900,18691049,KSQ,ME005
383,100090,KR7100090000,SK오션플랜트,KOSPI,,11920,2,-50,-0.42,12070,12120,11900,228839,2751949000,744739297680,62478129,STK,ME005
384,251970,KR7251970000,펌텍코리아,KOSDAQ GLOBAL,우량기업부,59900,2,-3100,-4.92,63000,64500,59000,85085,5172734550,742760000000,12400000,KSQ,ME005
385,036530,KR7036530004,SNT홀딩스,KOSPI,,45350,2,-200,-0.44,45550,45650,45200,3076,139566875,739381230100,16303886,STK,ME005
386,005180,KR7005180005,빙그레,KOSPI,,83600,2,-1500,-1.76,83900,85300,82750,25900,2163664650,739174563600,8841801,STK,ME005
387,000670,KR7000670000,영풍,KOSPI,,40100,2,-500,-1.23,40300,40500,39900,12006,482838875,738268388300,18410683,STK,ME005
388,005690,KR7005690003,파미셀,KOSPI,,12290,2,-300,-2.38,12630,12710,12260,604780,7523686610,737449332060,60004014,STK,ME005
389,122640,KR7122640006,예스티,KOSDAQ,벤처기업부,34000,2,-500,-1.45,34500,34750,33850,137206,4704663100,736145050000,21651325,KSQ,ME005
390,038500,KR7038500005,삼표시멘트,KOSDAQ GLOBAL,우량기업부,6820,1,40,0.59,6750,6850,6700,133983,908561720,735989206920,107916306,KSQ,ME005
391,033640,KR7033640004,네패스,KOSDAQ,중견기업부,31900,1,200,0.63,31800,32750,31650,145935,4708205875,735588543800,23059202,KSQ,ME005
392,213420,KR7213420003,덕산네오룩스,KOSDAQ,우량기업부,29550,2,-650,-2.15,30250,30600,29550,50899,1520627525,733761339450,24831179,KSQ,ME005
393,041960,KR7041960006,코미팜,KOSDAQ,벤처기업부,9830,1,10,0.1,9820,9980,9790,52678,520645200,733496915830,74618201,KSQ,ME005
394,466100,KR7466100005,클로봇,KOSDAQ,기술성장기업부,23600,1,300,1.29,23100,23950,22950,150292,3549035750,730508240400,30953739,KSQ,ME005
395,094800,KR7094800000,맵스리얼티,KOSPI,,7840,2,-40,-0.51,7780,7870,7780,14078,110132980,727821155040,92834331,STK,ME005
396,023160,KR7023160005,태광,KOSDAQ GLOBAL,우량기업부,28050,2,-450,-1.58,28200,28300,27550,55020,1536545850,725576138100,25867242,KSQ,ME005
397,214320,KR7214320004,이노션,KOSPI,,18130,2,-50,-0.28,18290,18290,18090,21883,396699240,725200000000,40000000,STK,ME005
398,121600,KR7121600001,나노신소재,KOSDAQ,우량기업부,58900,1,1900,3.33,57200,59300,56900,57135,3353453750,722243049900,12262191,KSQ,ME005
399,298050,KR7298050006,HS효성첨단소재,KOSPI,,161200,2,-1100,-0.68,161600,162900,160500,3245,524559650,722167617600,4479948,STK,ME005
400,456160,KR7456160001,지투지바이오,KOSDAQ,기술성장기업부,43400,2,-100,-0.23,42800,44250,42400,171313,7445201425,721717088400,16629426,KSQ,ME005
401,032190,KR7032190001,다우데이타,KOSDAQ,우량기업부,18840,2,-630,-3.24,19480,19520,18830,60670,1152622375,721572000000,38300000,KSQ,ME005
402,003850,KR7003850005,보령,KOSPI,,8410,2,-50,-0.59,8420,8460,8340,24086,201816460,721470410870,85787207,STK,ME005
403,064960,KR7064960008,SNT모티브,KOSPI,,27100,1,450,1.69,26900,27150,26650,24603,663510000,719241371200,26540272,STK,ME005
404,006730,KR7006730006,서부T&D,KOSDAQ GLOBAL,우량기업부,11180,1,320,2.95,10970,11290,10880,222207,2474264870,718615999140,64276923,KSQ,ME005
405,476060,KR7476060009,온코닉테라퓨틱스,KOSDAQ,기술성장기업부,15710,2,-210,-1.32,16060,16160,15610,112545,1779488150,713357166400,45407840,KSQ,ME005
406,100840,KR7100840008,SNT에너지,KOSPI,,36000,2,-500,-1.37,36650,36700,35750,65643,2365996250,711399888000,19761108,STK,ME005
407,225570,KR7225570001,넥슨게임즈,KOSDAQ,중견기업부,10760,2,-100,-0.92,10860,10990,10690,39708,429515335,708655472240,65860174,KSQ,ME005
408,090460,KR7090460007,비에이치,KOSPI,,20800,1,50,0.24,20550,21050,20300,389175,8077949150,701199990400,33711538,STK,ME005
409,093050,KR7093050003,LF,KOSPI,,23950,1,450,1.91,23700,24050,23550,31090,742831550,700298000000,29240000,STK,ME005
410,092870,KR7092870005,엑시콘,KOSDAQ,우량기업부,53500,1,400,0.75,53000,54000,50600,224761,11751502200,698217639500,13050797,KSQ,ME005
411,490470,KR7490470002,세미파이브,KOSDAQ,기술성장기업부,20450,2,-100,-0.49,20300,21200,20100,1361009,28116155650,695820248000,34025440,KSQ,ME005
412,048410,KR7048410005,현대바이오,KOSDAQ,중견기업부,7170,1,120,1.7,7070,7370,7040,952285,6865609185,691944951240,96505572,KSQ,ME005
413,041830,KR7041830001,인바디,KOSDAQ,우량기업부,51300,2,-2100,-3.93,54200,54200,50800,49777,2561582900,691569246600,13480882,KSQ,ME005
414,102710,KR7102710001,이엔에프테크놀로지,KOSDAQ,우량기업부,48400,2,-1400,-2.81,49650,49800,48400,36109,1769378525,691531262400,14287836,KSQ,ME005
415,005880,KR7005880000,대한해운,KOSPI,,2135,1,35,1.67,2100,2150,2090,1089803,2320624490,689065570900,322747340,STK,ME005
416,005090,KR7005090006,SGC에너지,KOSPI,,47350,2,-1100,-2.27,47300,49000,47250,35758,1712811175,682281917550,14409333,STK,ME005
417,000400,KR7000400002,롯데손해보험,KOSPI,,2195,1,75,3.54,2135,2285,2130,794956,1773045036,681188222400,310336320,STK,ME005
418,253590,KR7253590004,네오셈,KOSDAQ,우량기업부,15460,1,910,6.25,14500,16030,14350,2025196,31437087340,678217275440,43869164,KSQ,ME005
419,126340,KR7126340009,비나텍,KOSDAQ,벤처기업부,93800,1,100,0.11,93700,96200,92000,57045,5372266250,673522833200,7180414,KSQ,ME005
420,002960,KR7002960003,한국쉘석유,KOSPI,,516000,2,-4000,-0.77,516000,520000,516000,78,40453000,670800000000,1300000,STK,ME005
421,293940,KR7293940003,신한알파리츠,KOSPI,,5530,2,-80,-1.43,5610,5610,5500,49379,272967740,668798880190,120940123,STK,ME005
422,124500,KR7124500000,아이티센글로벌,KOSDAQ,우량기업부,28800,2,-650,-2.21,29400,30000,28650,74728,2181404725,668290377600,23204527,KSQ,ME005
423,456040,KR7456040005,OCI,KOSPI,,72900,2,-400,-0.55,73600,74600,72700,22937,1685384350,652636885500,8952495,STK,ME005
424,069260,KR7069260008,TKG휴켐스,KOSPI,,15920,1,100,0.63,15830,15970,15730,16810,267294730,650787120960,40878588,STK,ME005
425,004710,KR7004710000,한솔테크닉스,KOSPI,,12200,1,370,3.13,11780,12250,11620,860338,10267141110,647130907400,53043517,STK,ME005
426,050890,KR7050890003,쏠리드,KOSDAQ,우량기업부,10610,1,610,6.1,10220,11050,10110,3535503,37814541595,644626825740,60756534,KSQ,ME005
427,317450,KR7317450005,명인제약,KOSPI,,43950,2,-850,-1.9,44750,45500,43900,5818,258927825,641670000000,14600000,STK,ME005
428,222080,KR7222080004,SFA넥셀,KOSDAQ GLOBAL,우량기업부,8240,1,190,2.36,8090,8400,7980,482846,3995521985,640908386560,77780144,KSQ,ME005
429,000640,KR7000640003,동아쏘시오홀딩스,KOSPI,,94800,2,-600,-0.63,94300,96000,93800,6246,591687300,638243559600,6732527,STK,ME005
430,077360,KR7077360006,덕산하이메탈,KOSDAQ,벤처기업부,13975,2,-115,-0.82,14090,14580,13840,536536,7631982335,634982102950,45437002,KSQ,ME005
431,001570,KR7001570001,금양,KOSPI,,9900,3,0,0.0,0,0,0,0,0,633275240400,63967196,STK,ME005
432,046890,KR7046890000,서울반도체,KOSDAQ GLOBAL,중견기업부,10830,2,-150,-1.37,10950,11090,10830,219389,2404521720,631447482000,58305400,KSQ,ME005
433,268280,KR7268280005,미원에스씨,KOSPI,,125900,2,-900,-0.71,126100,127400,124500,501,62787150,629500000000,5000000,STK,ME005
434,001060,KR7001060003,JW중외제약,KOSPI,,26800,2,-350,-1.29,27000,27400,26650,16162,434034950,624062924000,23285930,STK,ME005
435,253450,KR7253450001,스튜디오드래곤,KOSDAQ GLOBAL,우량기업부,20550,3,0,0.0,20500,20800,20300,16119,330358825,617702133900,30058498,KSQ,ME005
436,453340,KR7453340002,현대그린푸드,KOSPI,,19020,1,300,1.6,18820,19040,18650,9710,182673040,617609584740,32471587,STK,ME005
437,014820,KR7014820005,동원시스템즈,KOSPI,,21300,1,100,0.47,21050,21350,21050,9643,204700875,617514306600,28991282,STK,ME005
438,192650,KR7192650000,드림텍,KOSPI,,9370,1,260,2.85,9090,9450,8980,768072,7101520135,617359587730,65886829,STK,ME005
439,001680,KR7001680008,대상,KOSPI,,17690,2,-50,-0.28,17740,17830,17560,24205,427188530,612923562250,34648025,STK,ME005
440,383800,KR7383800000,LX홀딩스,KOSPI,,8030,2,-10,-0.12,8040,8090,8020,24043,193362180,612533940700,76280690,STK,ME005
441,045100,KR7045100005,한양이엔지,KOSDAQ,우량기업부,35000,2,-450,-1.27,35150,35650,34800,72359,2554343950,612500000000,17500000,KSQ,ME005
442,108320,KR7108320003,LX세미콘,KOSPI,,37650,2,-650,-1.7,38300,38350,37550,19819,751255250,612350895000,16264300,STK,ME005
443,017940,KR7017940008,E1,KOSPI,,88300,3,0,0.0,87500,88900,86600,5499,484320900,605738000000,6860000,STK,ME005
444,336370,KR7336370002,솔루스첨단소재,KOSPI,,8620,1,490,6.03,8140,8880,8090,238906,2058838185,605230008760,70212298,STK,ME005
445,093320,KR7093320000,케이아이엔엑스,KOSDAQ,우량기업부,123700,2,-900,-0.72,128000,128000,123000,2729,339966400,603656000000,4880000,KSQ,ME005
446,089890,KR7089890008,코세스,KOSDAQ,우량기업부,36350,1,50,0.14,36350,38300,35850,175654,6496486150,602863368700,16584962,KSQ,ME005
447,002840,KR7002840007,미원상사,KOSPI,,133800,2,-300,-0.22,132800,134600,132800,662,88577950,602100000000,4500000,STK,ME005
448,080580,KR7080580004,오킨스전자,KOSDAQ,벤처기업부,28200,1,2150,8.25,26500,28450,25950,730428,20182986525,594764931000,21090955,KSQ,ME005
449,033240,KR7033240003,자화전자,KOSPI,,27400,2,-100,-0.36,27750,28300,27350,47037,1310245650,591990754800,21605502,STK,ME005
450,079900,KR7079900007,전진건설로봇,KOSPI,,40150,2,-400,-0.99,40100,40700,40100,11228,453082700,585890681750,14592545,STK,ME005
451,178920,KR7178920005,PI첨단소재,KOSPI,,19860,1,370,1.9,19480,20400,19350,50305,1008685005,583215154920,29366322,STK,ME005
452,006650,KR7006650006,대한유화,KOSPI,,89500,1,800,0.9,90600,91500,88900,22451,2026511500,581750000000,6500000,STK,ME005
453,219130,KR7219130002,타이거일렉,KOSDAQ,벤처기업부,91700,3,0,0.0,91700,96600,88000,24283,2277954850,579020393000,6314290,KSQ,ME005
454,358570,KR7358570000,지아이이노베이션,KOSDAQ,기술성장기업부,8910,2,-630,-6.6,9460,9740,8870,269516,2483614960,574837613460,64516006,KSQ,ME005
455,144960,KR7144960002,뉴파워프라즈마,KOSDAQ,우량기업부,13110,2,-40,-0.3,13160,13390,13080,567760,7518947470,572810300640,43692624,KSQ,ME005
456,024850,KR7024850000,HLB이노베이션,KOSDAQ,중견기업부,16500,3,0,0.0,16410,16950,16070,81980,1351582775,569909521500,34539971,KSQ,ME005
457,399720,KR7399720002,가온칩스,KOSDAQ,벤처기업부,47950,2,-450,-0.93,48600,49450,47900,92923,4527341225,568631569800,11858844,KSQ,ME005
458,017900,KR7017900002,광전자,KOSPI,,9780,1,210,2.19,9820,10000,9730,1389600,13709223205,566690002140,57943763,STK,ME005
459,075580,KR7075580001,세진중공업,KOSPI,,9960,2,-10,-0.1,9980,10060,9910,39705,397275795,566220581760,56849456,STK,ME005
460,002350,KR7002350007,넥센타이어,KOSPI,,5780,1,70,1.23,5690,5820,5680,57511,332232000,564520329060,97667877,STK,ME005
461,025540,KR7025540006,한국단자,KOSPI,,55800,2,-200,-0.36,55700,56300,55600,3008,168094250,564417000000,10115000,STK,ME005
462,016380,KR7016380008,KG스틸,KOSPI,,5640,2,-10,-0.18,5640,5710,5550,203071,1143476900,564050179080,100008897,STK,ME005
463,00088K,KR700088K015,한화3우B,KOSPI,,38300,2,-200,-0.52,38700,38800,38000,6470,248499000,562114277900,14676613,STK,ME005
464,094170,KR7094170008,동운아나텍,KOSDAQ,우량기업부,26850,2,-550,-2.01,27250,27650,26800,34013,925544775,561431781600,20909936,KSQ,ME005
465,214430,KR7214430001,아이쓰리시스템,KOSDAQ,우량기업부,76800,1,3500,4.77,77800,79300,74100,54842,4184674000,561194112000,7307215,KSQ,ME005
466,174900,KR7174900001,앱클론,KOSDAQ,벤처기업부,28050,1,1150,4.28,27000,29700,26750,268468,7586946050,559657218450,19952129,KSQ,ME005
467,284740,KR7284740008,쿠쿠홈시스,KOSPI,,24650,2,-150,-0.6,24900,25000,24550,4345,107426075,553080184500,22437330,STK,ME005
468,078350,KR7078350006,한양디지텍,KOSDAQ,우량기업부,36250,1,250,0.69,34600,37600,34300,401937,14590177425,552608847500,15244382,KSQ,ME005
469,060250,KR7060250008,NHN KCP,KOSDAQ,우량기업부,13700,2,-10,-0.07,13630,13850,13540,76369,1046997225,550200370700,40160611,KSQ,ME005
470,052400,KR7052400009,코나아이,KOSDAQ GLOBAL,우량기업부,37650,2,-600,-1.57,38350,38650,37550,22068,836018725,548307906150,14563291,KSQ,ME005
471,468530,KR7468530001,프로티나,KOSDAQ,기술성장기업부,49250,2,-2050,-4.0,50000,52900,48150,87293,4342766725,546928539000,11105148,KSQ,ME005
472,037460,KR7037460003,삼지전자,KOSDAQ,우량기업부,33500,1,1250,3.88,32250,33500,32150,46547,1540565650,546670487000,16318522,KSQ,ME005
473,101160,KR7101160000,월덱스,KOSDAQ,우량기업부,33100,2,-100,-0.3,33250,33700,32800,31421,1045235400,546513868300,16510993,KSQ,ME005
474,00104K,KR700104K010,CJ4우(전환),KOSPI,,128300,2,-500,-0.39,127300,129100,126700,1439,183536400,542261489600,4226512,STK,ME005
475,009520,KR7009520008,포스코엠텍,KOSDAQ GLOBAL,중견기업부,13010,1,330,2.6,12750,13120,12630,243476,3165696980,541771566030,41642703,KSQ,ME005
476,001510,KR7001510007,SK증권,KOSPI,,2340,1,10,0.43,2315,2380,2315,1103967,2593027927,541230498900,231295085,STK,ME005
477,003300,KR7003300001,한일홀딩스,KOSPI,,17370,1,20,0.12,17400,17510,17350,1532,26646930,535542182280,30831444,STK,ME005
478,005810,KR7005810007,풍산홀딩스,KOSPI,,36700,2,-250,-0.68,37750,37750,36250,2793,102732525,529114616400,14417292,STK,ME005
479,079940,KR7079940003,가비아,KOSDAQ,우량기업부,39300,1,450,1.16,39200,39700,38750,4310,169681200,527432881200,13420684,KSQ,ME005
480,112040,KR7112040001,위메이드,KOSDAQ,중견기업부,15510,2,-220,-1.4,15730,15850,15460,38585,603593110,526540971330,33948483,KSQ,ME005
481,161000,KR7161000005,애경케미칼,KOSPI,,10810,1,620,6.08,10880,11040,10680,322133,3492469365,525892544290,48648709,STK,ME005
482,114090,KR7114090004,GKL,KOSPI,,8500,2,-210,-2.41,8720,8730,8480,124479,1063837130,525773195000,61855670,STK,ME005
483,356680,KR7356680009,엑스게이트,KOSDAQ,벤처기업부,18380,1,230,1.27,18300,18550,18070,844762,15502601815,524629382960,28543492,KSQ,ME005
484,052020,KR7052020005,에스티큐브,KOSDAQ,투자주의환기종목(소속부없음),7700,2,-410,-5.06,8110,8220,7660,109339,854780550,523471340700,67983291,KSQ,ME005
485,383310,KR7383310000,에코프로에이치엔,KOSDAQ,우량기업부,24950,2,-100,-0.4,24650,26200,24400,286092,7251128000,523324553400,20974932,KSQ,ME005
486,007700,KR7007700008,F&F홀딩스,KOSPI,,13340,2,-10,-0.07,13360,13430,13330,1555,20758270,521785655780,39114367,STK,ME005
487,104830,KR7104830005,원익머트리얼즈,KOSDAQ,우량기업부,41250,2,-750,-1.79,42050,44700,41150,59061,2466884325,520080000000,12608000,KSQ,ME005
488,001270,KR7001270008,부국증권,KOSPI,,50000,2,-300,-0.6,50500,51100,49900,582,29136600,518494300000,10369886,STK,ME005
489,001530,KR7001530005,DI동일,KOSPI,,25000,2,-700,-2.72,25350,26100,24950,8017,203827625,517890525000,20715621,STK,ME005
490,082270,KR7082270000,젬백스,KOSDAQ,벤처기업부,11360,1,150,1.34,11350,11730,11120,78990,903745170,516659468320,45480587,KSQ,ME005
491,348340,KR7348340001,뉴로메카,KOSDAQ,기술성장기업부,22050,1,1150,5.5,20950,22500,20250,442419,9687354025,516155749200,23408424,KSQ,ME005
492,009410,KR7009410002,태영건설,KOSPI,,1615,2,-23,-1.4,1645,1648,1612,112121,182347530,515916816255,319453137,STK,ME005
493,058650,KR7058650003,세아홀딩스,KOSPI,,126800,2,-2600,-2.01,130000,130200,126200,230,29218100,514203924800,4055236,STK,ME005
494,003620,KR7003620002,KG모빌리티,KOSPI,,2540,1,20,0.79,2510,2555,2500,144504,366511937,514032276480,202374912,STK,ME005
495,041190,KR7041190000,우리기술투자,KOSDAQ,우량기업부,6390,1,410,6.86,6040,6600,5950,7001980,44821601535,509922000000,79800000,KSQ,ME005
496,008060,KR7008060006,대덕,KOSPI,,16080,2,-30,-0.19,15940,16350,15500,89459,1438927985,503096535840,31287098,STK,ME005
497,452260,KR7452260003,한화갤러리아,KOSPI,,2580,2,-50,-1.9,2635,2655,2560,686662,1794936760,500157793800,193859610,STK,ME005
498,099190,KR7099190001,아이센스,KOSDAQ,중견기업부,16870,2,-390,-2.26,17140,17430,16800,13658,232041510,498906851310,29573613,KSQ,ME005
499,484870,KR7484870001,엠앤씨솔루션,KOSPI,,17980,1,830,4.84,17300,18380,17260,63975,1145144620,493761366000,27461700,STK,ME005
500,025980,KR7025980004,아난티,KOSDAQ,우량기업부,5070,1,10,0.2,5040,5090,4965,404222,2033675865,493316019300,97300990,KSQ,ME005
501,348370,KR7348370008,엔켐,KOSDAQ,중견기업부,22500,1,950,4.41,21900,23350,21600,187812,4265121800,492997365000,21910994,KSQ,ME005
502,460860,KR7460860000,동국제강,KOSPI,,9860,2,-20,-0.2,9740,9990,9540,295576,2898311650,489135047620,49608017,STK,ME005
503,033500,KR7033500000,동성화인텍,KOSDAQ,우량기업부,16310,1,180,1.12,16100,16440,16000,42451,692182505,489128647140,29989494,KSQ,ME005
504,003545,KR7003541000,대신증권우,KOSPI,,20050,1,70,0.35,20100,20100,19930,16070,321466705,488885846700,24383334,STK,ME005
505,033160,KR7033160003,엠케이전자,KOSDAQ,중견기업부,19880,1,1080,5.74,18800,20950,18640,1539968,30386101265,488333473040,24564058,KSQ,ME005
506,376900,KR7376900007,로킷헬스케어,KOSDAQ,기술성장기업부,27950,2,-700,-2.44,29150,29600,27800,53104,1512825650,487595855500,17445290,KSQ,ME005
507,086900,KR7086900008,메디톡스,KOSDAQ,우량기업부,66700,2,-700,-1.04,66900,67400,66600,8327,557186100,486809749900,7298497,KSQ,ME005
508,019170,KR7019170000,신풍제약,KOSPI,,9270,2,-110,-1.17,9350,9470,9230,77882,725615850,485919698940,52418522,STK,ME005
509,003030,KR7003030004,세아제강지주,KOSPI,,116700,1,5600,5.04,110100,117200,109000,15937,1816059100,483331371900,4141657,STK,ME005
510,397030,KR7397030008,에이프릴바이오,KOSDAQ,기술성장기업부,17530,2,-3770,-17.7,19560,19640,17500,1053459,19147827275,483105448460,27558782,KSQ,ME005
511,365340,KR7365340009,성일하이텍,KOSDAQ,기술성장기업부,37300,1,750,2.05,37100,38750,36600,37293,1413610375,481957589500,12921115,KSQ,ME005
512,069540,KR7069540003,빛과전자,KOSDAQ,벤처기업부,4270,1,130,3.14,4265,4300,4190,5813743,24762566888,481194400190,112691897,KSQ,ME005
513,001500,KR7001500008,현대차증권,KOSPI,,7780,2,-20,-0.26,7740,7830,7740,6500,50606845,481061082320,61833044,STK,ME005
514,029460,KR7029460003,케이씨,KOSPI,,43600,2,-1400,-3.11,44900,45350,43600,23900,1064851700,480495326000,11020535,STK,ME005
515,056080,KR7056080005,유진로봇,KOSDAQ,중견기업부,12500,1,270,2.21,12150,12700,12000,329405,4133495535,477943575000,38235486,KSQ,ME005
516,098120,KR7098120009,마이크로컨텍솔,KOSDAQ,우량기업부,57400,2,-100,-0.17,57600,58900,56500,64397,3716535900,477152768400,8312766,KSQ,ME005
517,290550,KR7290550003,디케이티,KOSDAQ,우량기업부,23850,1,1800,8.16,22500,24150,22050,456629,10726284900,477029335500,20001230,KSQ,ME005
518,145990,KR7145990008,삼양사,KOSPI,,46250,1,250,0.54,46000,46350,45550,919,42204500,476997016250,10313449,STK,ME005
519,368770,KR7368770004,파이버프로,KOSDAQ,벤처기업부,14470,1,800,5.85,13760,14950,13760,384747,5585472935,475400635750,32854225,KSQ,ME005
520,377740,KR7377740006,바이오노트,KOSPI,,4665,2,-30,-0.64,4695,4720,4640,20620,96208155,475298413920,101886048,STK,ME005
521,0220W0,KR70220W0000,한화머시너리앤서비스홀딩스,KOSPI,,5620,1,20,0.36,5600,5760,5560,498661,2821456300,474977306700,84515535,STK,ME005
522,027360,KR7027360007,아주IB투자,KOSDAQ,중견기업부,3915,1,50,1.29,3845,3965,3800,834766,3258107701,474284264490,121145406,KSQ,ME005
523,125490,KR7125490003,한라캐스트,KOSDAQ,벤처기업부,12990,1,840,6.91,12200,13710,12020,4400380,58016614515,474165552480,36502352,KSQ,ME005
524,015750,KR7015750003,성우하이텍,KOSDAQ,우량기업부,5925,1,55,0.94,5870,6010,5830,104922,624788585,474000000000,80000000,KSQ,ME005
525,211050,KR7211050000,인카금융서비스,KOSDAQ,우량기업부,9610,2,-390,-3.9,9950,9980,9530,30435,294748380,473423743770,49263657,KSQ,ME005
526,089010,KR7089010003,켐트로닉스,KOSDAQ,우량기업부,28100,1,150,0.54,28100,30450,27900,377836,11068966650,471237758700,16770027,KSQ,ME005
527,019210,KR7019210004,와이지-원,KOSDAQ,우량기업부,12620,2,-110,-0.86,12780,13140,12600,357785,4584198150,469384847360,37193728,KSQ,ME005
528,035890,KR7035890003,서희건설,KOSDAQ,중견기업부,2255,1,75,3.44,2200,2270,2175,139887,311699028,468112148680,207588536,KSQ,ME005
529,475960,KR7475960001,토모큐브,KOSDAQ,기술성장기업부,34700,2,-2250,-6.09,36900,36900,34700,42685,1522439375,467623237800,13476174,KSQ,ME005
530,034950,KR7034950006,한국기업평가,KOSDAQ,우량기업부,102900,2,-900,-0.87,104400,104400,102700,319,32887150,467218890600,4540514,KSQ,ME005
531,020000,KR7020000006,한섬,KOSPI,,21700,1,450,2.12,21300,21850,20900,104087,2227311800,466050769800,21476994,STK,ME005
532,460930,KR7460930001,현대힘스,KOSDAQ,우량기업부,13050,1,20,0.15,13030,13180,13000,32003,419298710,463414256550,35510671,KSQ,ME005
533,475830,KR7475830006,오름테라퓨틱,KOSDAQ,기술성장기업부,21300,2,-2050,-8.78,23200,23550,21250,303112,6646369950,463337110800,21752916,KSQ,ME005
534,278280,KR7278280003,천보,KOSDAQ,중견기업부,37800,1,400,1.07,37750,38950,37500,19805,758898075,463164345000,12253025,KSQ,ME005
535,039130,KR7039130000,하나투어,KOSPI,,29850,2,-200,-0.67,29950,30100,29800,12615,376833925,462374470200,15489932,STK,ME005
536,187660,KR7187660006,페니트리움바이오,KOSDAQ,중견기업부,7210,2,-330,-4.38,7470,7780,7110,872320,6432205505,461196684130,63966253,KSQ,ME005
537,249420,KR7249420001,일동제약,KOSPI,,14540,2,-30,-0.21,14630,14970,14430,103281,1512223275,460020184080,31638252,STK,ME005
538,004690,KR7004690004,삼천리,KOSPI,,126700,2,-600,-0.47,128600,128600,126100,1206,152714900,459512645900,3626777,STK,ME005
539,170920,KR7170920003,엘티씨,KOSDAQ,벤처기업부,43450,2,-650,-1.47,43700,44600,43200,69764,3064779375,459011274700,10564126,KSQ,ME005
540,002240,KR7002240000,고려제강,KOSPI,,16965,2,-415,-2.39,17090,17160,16910,20841,354317060,458055000000,27000000,STK,ME005
541,078340,KR7078340007,컴투스,KOSDAQ GLOBAL,중견기업부,37750,1,300,0.8,37800,37850,37200,43089,1621158150,456447065750,12091313,KSQ,ME005
542,002990,KR7002990000,금호건설,KOSPI,,12230,2,-30,-0.24,12340,12570,12170,687169,8508338905,455689482020,37259974,STK,ME005
543,336570,KR7336570007,원텍,KOSDAQ,우량기업부,5090,1,90,1.8,5010,5150,5000,299981,1524399245,454438488140,89280646,KSQ,ME005
544,448730,KR7448730002,삼성FN리츠,KOSPI,,4990,2,-40,-0.8,5040,5040,4965,15610,78019930,454339500000,91050000,STK,ME005
545,005250,KR7005250006,녹십자홀딩스,KOSPI,,9660,2,-80,-0.82,9740,9800,9650,21952,213014700,454292508600,47028210,STK,ME005
546,042000,KR7042000000,카페24,KOSDAQ,우량기업부,18690,2,-2510,-11.84,21200,21200,18610,498501,9682291930,451889978610,24178169,KSQ,ME005
547,009900,KR7009900002,명신산업,KOSPI,,8510,2,-20,-0.23,8460,8600,8460,103737,885625255,446520831830,52470133,STK,ME005
548,272290,KR7272290008,이녹스첨단소재,KOSDAQ GLOBAL,우량기업부,22350,2,-100,-0.45,22650,23050,22300,97052,2207752600,445603326150,19937509,KSQ,ME005
549,200470,KR7200470003,에이팩트,KOSDAQ,중견기업부,10160,2,-60,-0.59,10200,10480,10120,646850,6661915065,445247328960,43823556,KSQ,ME005
550,004700,KR7004700001,조광피혁,KOSPI,,66900,2,-800,-1.18,66300,67900,66300,479,32059700,444827332200,6649138,STK,ME005
551,217590,KR7217590009,티엠씨,KOSPI,,18440,1,4250,29.95,14570,18440,14310,5762733,98438272480,444297509000,24094225,STK,ME005
552,003280,KR7003280005,흥아해운,KOSPI,,1846,1,16,0.87,1834,1860,1832,1744533,3227925731,443824363554,240424899,STK,ME005
553,340570,KR7340570001,티앤엘,KOSDAQ,우량기업부,27550,3,0,0.0,28000,28000,27400,37398,1031538400,442731806000,16070120,KSQ,ME005
554,067630,KR7067630004,HLB생명과학,KOSDAQ,투자주의환기종목(소속부없음),3630,2,-85,-2.29,3630,3740,3550,335727,1216879600,442558920540,121917058,KSQ,ME005
555,016610,KR7016610008,DB증권,KOSPI,,10410,1,30,0.29,10420,10440,10350,10559,110072530,441866909490,42446389,STK,ME005
556,114810,KR7114810005,한솔아이원스,KOSDAQ,우량기업부,15700,1,30,0.19,15620,16110,15500,143625,2280966200,441847831800,28143174,KSQ,ME005
557,018290,KR7018290007,브이티,KOSDAQ,우량기업부,12610,1,20,0.16,12730,12840,12380,54167,682501090,440616577180,34941838,KSQ,ME005
558,000070,KR7000070003,삼양홀딩스,KOSPI,,56700,2,-900,-1.56,57600,57800,56000,19315,1092462900,440172929700,7763191,STK,ME005
559,079370,KR7079370003,제우스,KOSDAQ,우량기업부,14180,2,-290,-2.0,14600,14910,14180,401894,5832995165,439820918200,31016990,KSQ,ME005
560,376300,KR7376300000,디어유,KOSDAQ,우량기업부,18510,2,-370,-1.96,18970,19250,18400,56804,1062534335,439397895060,23738406,KSQ,ME005
561,306200,KR7306200007,세아제강,KOSPI,,154700,1,6400,4.32,147400,156000,146400,12936,1967666250,438775610000,2836300,STK,ME005
562,010780,KR7010780005,아이에스동서,KOSPI,,14620,2,-310,-2.08,15000,15000,14580,41605,609601065,434574646160,29724668,STK,ME005
563,486990,KR7486990005,노타,KOSDAQ,기술성장기업부,20300,2,-200,-0.98,20150,20500,20000,133424,2695092250,434266329000,21392430,KSQ,ME005
564,034310,KR7034310003,NICE,KOSPI,,11770,1,30,0.26,11770,11840,11730,3895,45870700,432631737890,36757157,STK,ME005
565,159010,KR7159010008,아스플로,KOSDAQ,벤처기업부,32150,3,0,0.0,32150,32550,31200,56251,1803900700,428711858850,13334739,KSQ,ME005
566,403550,KR7403550007,쏘카,KOSPI,,11260,1,400,3.68,10880,11350,10880,11517,128288520,427203746920,37939942,STK,ME005
567,417840,KR7417840006,저스템,KOSDAQ,벤처기업부,18615,2,-35,-0.19,18690,19540,18600,612734,11713768735,427152466815,22946681,KSQ,ME005
568,013030,KR7013030002,하이록코리아,KOSDAQ,우량기업부,36100,2,-250,-0.69,36750,36900,36100,8588,312654000,424829998400,11768144,KSQ,ME005
569,332570,KR7332570001,PS일렉트로닉스,KOSDAQ,우량기업부,9230,1,230,2.56,9000,9390,8950,1754186,16233898735,424031765690,45940603,KSQ,ME005
570,005945,KR7005941000,NH투자증권우,KOSPI,,22450,1,100,0.45,22400,22450,22250,11727,262080675,423653231600,18870968,STK,ME005
571,271940,KR7271940009,일진하이솔루스,KOSPI,,11570,1,370,3.3,11420,11590,11250,24737,283567305,420143608300,36313190,STK,ME005
572,090435,KR7090431008,아모레퍼시픽우,KOSPI,,39750,2,-1200,-2.93,40950,40950,39500,11067,443141925,419673742500,10557830,STK,ME005
573,030520,KR7030520001,한컴,KOSDAQ,우량기업부,17250,2,-170,-0.98,17580,17620,17210,23331,405652960,417100584000,24179744,KSQ,ME005
574,002030,KR7002030005,아세아,KOSPI,,202500,2,-6000,-2.88,206000,208000,202000,497,101610250,416917530000,2058852,STK,ME005
575,005420,KR7005420005,코스모화학,KOSPI,,10850,1,310,2.94,10560,11240,10540,106354,1168320040,416729273800,38408228,STK,ME005
576,014830,KR7014830004,유니드,KOSPI,,61000,1,1100,1.84,60200,61500,59800,4464,271475100,412823600000,6767600,STK,ME005
577,072710,KR7072710007,농심홀딩스,KOSPI,,88900,2,-300,-0.34,89100,89700,88700,393,34953100,412299531000,4637790,STK,ME005
578,241770,KR7241770007,메카로,KOSDAQ,우량기업부,40400,2,-2200,-5.16,42300,42750,40300,12388,513601950,411782656000,10192640,KSQ,ME005
579,204620,KR7204620009,글로벌텍스프리,KOSDAQ,우량기업부,5840,1,10,0.17,5880,5900,5720,308707,1794226000,410454647200,70283330,KSQ,ME005
580,092190,KR7092190008,서울바이오시스,KOSDAQ,투자주의환기종목(소속부없음),8910,2,-50,-0.56,8970,9510,8850,146746,1354266720,408687292530,45868383,KSQ,ME005
581,067160,KR7067160002,SOOP,KOSDAQ GLOBAL,우량기업부,36300,2,-200,-0.55,36500,36700,36150,14944,542703775,406138629600,11188392,KSQ,ME005
582,039440,KR7039440003,에스티아이,KOSDAQ,우량기업부,26100,2,-100,-0.38,26450,26500,26000,98454,2584131450,404733926700,15507047,KSQ,ME005
583,003000,KR7003000007,부광약품,KOSPI,,4100,2,-55,-1.32,4165,4230,4095,152296,631455512,404525151100,98664671,STK,ME005
584,012030,KR7012030003,DB,KOSPI,,2010,2,-10,-0.5,2020,2080,1989,661073,1341841689,404359605330,201173933,STK,ME005
585,477850,KR7477850002,마키나락스,KOSDAQ,기술성장기업부,22700,2,-100,-0.44,22550,23750,22300,236327,5449921900,403032507200,17754736,KSQ,ME005
586,130660,KR7130660004,한전산업,KOSPI,,12350,1,20,0.16,12350,12490,12280,81799,1011675625,402610000000,32600000,STK,ME005
587,011930,KR7011930005,신성이엔지,KOSPI,,19800,1,1030,5.49,18890,20250,18740,488088,9657750565,402062403600,20306182,STK,ME005
588,005389,KR7005383005,현대차3우B,KOSPI,,172900,3,0,0.0,173300,173500,171900,1409,243016600,401461005400,2321926,STK,ME005
589,348210,KR7348210006,넥스틴,KOSDAQ,우량기업부,38300,2,-250,-0.65,39900,40300,38200,52802,2076537850,401269291500,10477005,KSQ,ME005
590,468670,KR7468670005,브릴스,KOSDAQ,벤처기업부,35250,1,4800,15.76,32700,35950,32100,6780114,230240414500,400568627250,11363649,KSQ,ME005
591,078130,KR7078130002,국일제지,KOSDAQ,중견기업부,3545,3,0,0.0,3530,3565,3485,26794,94859290,399665380915,112740587,KSQ,ME005
592,330860,KR7330860008,네패스아크,KOSDAQ,중견기업부,32650,1,550,1.71,32300,33750,31900,198029,6520279050,397809069250,12184045,KSQ,ME005
593,200710,KR7200710002,에이디테크놀로지,KOSDAQ,중견기업부,29550,1,250,0.85,29700,30300,29200,114392,3406680125,397802306850,13462007,KSQ,ME005
594,357120,KR7357120005,코람코라이프인프라리츠,KOSPI,,4085,2,-10,-0.24,4095,4130,4055,24463,99684355,397614921090,97335354,STK,ME005
595,138080,KR7138080007,오이솔루션,KOSDAQ,벤처기업부,32050,1,2350,7.91,30900,34500,30450,1146662,37471362150,396707143900,12377758,KSQ,ME005
596,441270,KR7441270006,파인엠텍,KOSDAQ,벤처기업부,9360,2,-50,-0.53,9420,9550,9320,258736,2438966255,395858034000,42292525,KSQ,ME005
597,001200,KR7001200005,유진투자증권,KOSPI,,4075,2,-10,-0.24,4085,4110,4055,114100,465565430,394730653350,96866418,STK,ME005
598,215200,KR7215200007,메가스터디교육,KOSDAQ,우량기업부,38000,1,650,1.74,37400,38150,37300,22348,842013150,393878208000,10365216,KSQ,ME005
599,095660,KR7095660007,네오위즈,KOSDAQ,우량기업부,18040,2,-60,-0.33,18200,18200,17820,18253,328387520,390321720360,21636459,KSQ,ME005
600,052710,KR7052710001,아모텍,KOSDAQ,중견기업부,20800,2,-800,-3.7,21600,21650,20750,340572,7188883750,388560640000,18680800,KSQ,ME005
601,236200,KR7236200002,슈프리마,KOSDAQ,우량기업부,55700,2,-1900,-3.3,57200,57600,55400,10502,588147050,388469122700,6974311,KSQ,ME005
602,002810,KR7002810000,삼영무역,KOSPI,,21000,2,-650,-3.0,21650,21650,21000,21206,451243050,387805908000,18466948,STK,ME005
603,101730,KR7101730000,위메이드맥스,KOSDAQ,중견기업부,4620,2,-150,-3.14,4715,4720,4610,100185,468370345,387171181320,83803286,KSQ,ME005
604,015360,KR7015360001,INVENI,KOSPI,,14720,1,30,0.2,14700,14860,14690,7414,109395410,386400000000,26250000,STK,ME005
605,344820,KR7344820006,KCC글라스,KOSPI,,24100,1,400,1.69,23700,24250,23550,4664,111558550,384889339200,15970512,STK,ME005
606,317400,KR7317400000,자이에스앤디,KOSPI,,9910,1,260,2.69,9730,10000,9570,310596,3057503600,384334773200,38782520,STK,ME005
607,036800,KR7036800001,나이스정보통신,KOSDAQ,우량기업부,8420,1,510,6.45,7960,8750,7770,275087,2280431180,383110000000,45500000,KSQ,ME005
608,389470,KR7389470006,인벤티지랩,KOSDAQ,기술성장기업부,28550,2,-650,-2.23,28800,30400,28300,70438,2048067750,379935063400,13307708,KSQ,ME005
609,107640,KR7107640005,한중엔시에스,KOSDAQ,기술성장기업부,41750,1,50,0.12,42300,42650,41550,43521,1827777175,378461495500,9064946,KSQ,ME005
610,194370,KR7194370003,제이에스코퍼레이션,KOSPI,,13030,1,410,3.25,12560,13080,12510,23426,301371280,378088356740,29016758,STK,ME005
611,092230,KR7092230002,KPX홀딩스,KOSPI,,95400,2,-1100,-1.14,95800,96500,94200,727,69573100,376716378600,3948809,STK,ME005
612,029530,KR7029530003,신도리코,KOSPI,,38700,2,-700,-1.78,39100,39200,38650,2062,80134600,375998712300,9715729,STK,ME005
613,025900,KR7025900002,동화기업,KOSDAQ,중견기업부,7420,1,220,3.06,7320,7490,7250,49838,368718930,375135054700,50557285,KSQ,ME005
614,092730,KR7092730001,네오팜,KOSDAQ,우량기업부,23150,2,-150,-0.64,23500,23500,22500,43893,1005077275,371047945350,16027989,KSQ,ME005
615,126560,KR7126560002,현대퓨처넷,KOSPI,,3395,1,5,0.15,3395,3415,3380,19840,67338285,370737530800,109201040,STK,ME005
616,016590,KR7016590002,신대양제지,KOSPI,,9150,2,-60,-0.65,9360,9360,9050,6378,58053620,368725053000,40297820,STK,ME005
617,025320,KR7025320003,시노펙스,KOSDAQ,우량기업부,3980,1,45,1.14,4005,4080,3965,288162,1161835014,367038596940,92220753,KSQ,ME005
618,078160,KR7078160009,메디포스트,KOSDAQ,벤처기업부,9330,2,-20,-0.21,9470,9620,9240,18697,175563150,365778945990,39204603,KSQ,ME005
619,006220,KR7006220008,제주은행,KOSPI,,9670,1,120,1.26,9550,9700,9510,57927,558799450,365512046190,37798557,STK,ME005
620,008730,KR7008730004,율촌화학,KOSPI,,14720,2,-90,-0.61,14810,14970,14700,17020,252584530,365056000000,24800000,STK,ME005
621,089590,KR7089590004,제주항공,KOSPI,,4500,2,-75,-1.64,4575,4575,4480,114004,513079445,362884432500,80640985,STK,ME005
622,005610,KR7005610001,삼립,KOSPI,,42050,1,1300,3.19,41200,42450,41150,3578,149577600,362849828450,8629009,STK,ME005
623,183190,KR7183190008,아세아시멘트,KOSPI,,10080,2,-20,-0.2,10210,10220,10070,15552,157394265,362660981760,35978272,STK,ME005
624,950210,KR8702070002,프레스티지바이오파마,KOSPI,,6030,2,-120,-1.95,6100,6180,6000,10184,62193965,362379814650,60096155,STK,ME005
625,092790,KR7092790005,넥스틸,KOSPI,,13930,2,-70,-0.5,13890,14090,13790,227210,3169560310,362207860000,26002000,STK,ME005
626,031430,KR7031430002,신세계인터내셔날,KOSPI,,10350,2,-250,-2.36,10660,10660,10300,75629,785524190,362105100000,34986000,STK,ME005
627,006910,KR7006910004,보성파워텍,KOSDAQ,우량기업부,7360,1,160,2.22,7250,7450,7150,471585,3460136295,361595504640,49129824,KSQ,ME005
628,046970,KR7046970000,우리로,KOSDAQ,벤처기업부,8240,1,830,11.2,7700,8650,7510,9965251,81784858375,361117991760,43824999,KSQ,ME005
629,456010,KR7456010008,아이씨티케이,KOSDAQ,기술성장기업부,24900,1,1350,5.73,24950,25650,24150,752249,18600008725,361108515000,14502350,KSQ,ME005
630,110990,KR7110990009,디아이티,KOSDAQ,우량기업부,19100,1,160,0.84,19190,19670,18980,98193,1900307265,360990000000,18900000,KSQ,ME005
631,015860,KR7015860000,일진홀딩스,KOSPI,,7300,1,120,1.67,7220,7380,7220,66625,487218325,360236625900,49347483,STK,ME005
632,069080,KR7069080000,웹젠,KOSDAQ GLOBAL,우량기업부,11610,2,-60,-0.51,11720,11730,11560,35137,409909990,359521935750,30966575,KSQ,ME005
633,078020,KR7078020005,LS증권,KOSDAQ,우량기업부,6470,2,-60,-0.92,6540,6560,6460,20524,133137320,358963299300,55481190,KSQ,ME005
634,168360,KR7168360006,펨트론,KOSDAQ,벤처기업부,16030,1,1170,7.87,17000,17100,16010,653218,10683229250,358952688710,22392557,KSQ,ME005
635,060280,KR7060280005,큐렉소,KOSDAQ,중견기업부,8690,1,50,0.58,8640,8820,8530,171522,1496708920,358547575100,41259790,KSQ,ME005
636,393890,KR7393890009,더블유씨피,KOSDAQ,기술성장기업부,10580,1,170,1.63,10420,11060,10290,200032,2153726475,358060463520,33843144,KSQ,ME005
637,0120G0,KR70120G0001,삼양바이오팜,KOSPI,,48000,2,-1200,-2.44,49400,49700,47500,15307,737952200,356921760000,7435870,STK,ME005
638,027410,KR7027410000,BGF,KOSPI,,3720,1,25,0.68,3690,3745,3675,28539,105697735,356066462520,95716791,STK,ME005
639,003800,KR7003800000,에이스침대,KOSDAQ,우량기업부,32000,2,-150,-0.47,32200,32500,31850,1423,45599050,354880000000,11090000,KSQ,ME005
640,001940,KR7001940006,KISCO홀딩스,KOSPI,,25000,2,-350,-1.38,25750,25750,24900,1939,48588900,354409500000,14176380,STK,ME005
641,007690,KR7007690001,국도화학,KOSPI,,38100,2,-200,-0.52,37800,38450,37750,5292,201747500,352837699200,9260832,STK,ME005
642,002710,KR7002710002,TCC스틸,KOSPI,,13440,2,-510,-3.66,13600,13900,13380,320218,4370114930,352312087680,26213697,STK,ME005
643,010955,KR7010951002,S-Oil우,KOSPI,,87200,1,6600,8.19,82900,89500,81700,22767,1989986000,350712034400,4021927,STK,ME005
644,003350,KR7003350006,한국화장품제조,KOSPI,,15450,2,-1480,-8.74,16700,16880,15210,575883,9102483885,350097000000,22660000,STK,ME005
645,105630,KR7105630008,한세실업,KOSPI,,8740,1,110,1.27,8700,8830,8700,20700,181726150,349600000000,40000000,STK,ME005
646,093520,KR7093520005,매커스,KOSDAQ,우량기업부,29250,2,-550,-1.85,29550,30000,29200,6638,197708200,348128732250,11901837,KSQ,ME005
647,372320,KR7372320002,큐로셀,KOSDAQ,기술성장기업부,22750,2,-100,-0.44,23000,23450,22600,24032,552912200,346417708000,15227152,KSQ,ME005
648,448900,KR7448900001,한국피아이엠,KOSDAQ,기술성장기업부,56900,1,2000,3.64,55200,58200,54600,40981,2337893450,345636603300,6074457,KSQ,ME005
649,386380,KR7386380000,스카이랩스,KOSDAQ,기술성장기업부,18370,2,-330,-1.76,18280,18870,18070,422645,7791737085,344657517490,18761977,KSQ,ME005
650,482630,KR7482630001,삼양엔씨켐,KOSDAQ,중견기업부,15700,1,370,2.41,15470,16220,15260,389841,6153912235,343645996000,21888280,KSQ,ME005
651,104700,KR7104700000,한국철강,KOSPI,,9370,2,-80,-0.85,9490,9490,9320,18547,173537815,341536500000,36450000,STK,ME005
652,060980,KR7060980000,HL홀딩스,KOSPI,,38100,3,0,0.0,38300,38350,37950,4260,162399500,341236820700,8956347,STK,ME005
653,064260,KR7064260003,다날,KOSDAQ,중견기업부,4510,1,40,0.89,4475,4575,4415,499280,2261106771,341161011070,75645457,KSQ,ME005
654,170900,KR7170900005,동아에스티,KOSPI,,34950,3,0,0.0,35350,35500,34900,2872,100620300,339989440950,9727881,STK,ME005
655,006405,KR7006401004,삼성SDI우,KOSPI,,210000,1,2500,1.2,206000,211500,205500,1071,224345000,339758160000,1617896,STK,ME005
656,117730,KR7117730002,티로보틱스,KOSDAQ,벤처기업부,15000,2,-30,-0.2,14820,15220,14760,97470,1468767825,338370645000,22558043,KSQ,ME005
657,097520,KR7097520001,엠씨넥스,KOSPI,,19380,2,-100,-0.51,19500,19770,19330,28467,557305335,337241070000,17401500,STK,ME005
658,145720,KR7145720009,덴티움,KOSPI,,38950,1,1850,4.99,38250,39100,37850,16869,655086625,335900554450,8623891,STK,ME005
659,036200,KR7036200004,유니셈,KOSDAQ,우량기업부,10880,1,100,0.93,10650,11070,10640,243169,2650550140,333626746240,30664223,KSQ,ME005
660,047920,KR7047920004,HLB제약,KOSDAQ,기술성장기업부,10170,2,-980,-8.79,10240,10520,10000,1086987,11121175775,333569450520,32799356,KSQ,ME005
661,036620,KR7036620003,감성코퍼레이션,KOSDAQ,우량기업부,3710,2,-50,-1.33,3760,3780,3690,98595,366721410,333391522240,89862944,KSQ,ME005
662,455900,KR7455900001,엔젤로보틱스,KOSDAQ,기술성장기업부,21650,1,50,0.23,21750,22000,21350,18138,395243300,333258038650,15392981,KSQ,ME005
663,005720,KR7005720008,넥센,KOSPI,,6340,1,270,4.45,6140,6420,6100,80420,508360210,333128814180,52543977,STK,ME005
664,121440,KR7121440002,골프존홀딩스,KOSDAQ,우량기업부,7760,1,100,1.31,7700,7910,7680,13143,102076770,332413707680,42836818,KSQ,ME005
665,017810,KR7017810003,풀무원,KOSPI,,8710,1,50,0.58,8780,8800,8710,5290,46283530,332029920820,38120542,STK,ME005
666,011760,KR7011760006,현대코퍼레이션,KOSPI,,25050,2,-100,-0.4,25200,25400,24950,10004,251341900,331385598300,13228966,STK,ME005
667,061970,KR7061970000,LB세미콘,KOSDAQ,중견기업부,4715,2,-130,-2.68,4865,4905,4710,193126,930922567,330441373290,70083006,KSQ,ME005
668,234340,KR7234340008,헥토파이낸셜,KOSDAQ,우량기업부,23500,1,300,1.29,23200,24100,23000,279112,6610390625,328310416000,13970656,KSQ,ME005
669,018000,KR7018000000,유니슨,KOSDAQ,중견기업부,1123,1,2,0.18,1126,1128,1110,360637,403799244,327817262471,291912077,KSQ,ME005
670,009290,KR7009290008,광동제약,KOSPI,,6580,3,0,0.0,6570,6640,6480,103638,678784085,327682736640,49799808,STK,ME005
671,215600,KR7215600008,신라젠,KOSDAQ,중견기업부,2365,2,-15,-0.63,2380,2390,2350,234448,556001805,327679178860,138553564,KSQ,ME005
672,0035S0,KR70035S0001,빅웨이브로보틱스,KOSDAQ,기술성장기업부,31900,1,250,0.79,31350,34450,30650,3134434,102097617375,327626110900,10270411,KSQ,ME005
673,266690,KR7266690007,덕산넵코어스,KOSDAQ,기술성장기업부,17290,1,670,4.03,16900,17800,16000,5073975,86584158430,326675340810,18893889,KSQ,ME005
674,017890,KR7017890005,한국알콜,KOSDAQ,우량기업부,15780,2,-270,-1.68,16050,16140,15680,45505,721275400,326227924680,20673506,KSQ,ME005
675,425040,KR7425040003,티이엠씨,KOSDAQ,우량기업부,14860,2,-40,-0.27,15010,15200,14710,564623,8445399560,325774264280,21922898,KSQ,ME005
676,900290,HK0000307485,GRT,KOSDAQ,외국기업(소속부없음),3505,2,-130,-3.58,3635,3720,3485,185185,660637262,325094655925,92751685,KSQ,ME005
677,086390,KR7086390002,유니테스트,KOSDAQ,중견기업부,15370,1,450,3.02,15150,15680,14850,212375,3263980840,324831516620,21134126,KSQ,ME005
678,02826K,KR702826K016,삼성물산우B,KOSPI,,220000,2,-4500,-2.0,225500,225500,219000,1570,346275750,322869800000,1467590,STK,ME005
679,009160,KR7009160003,SIMPAC,KOSPI,,4925,2,-40,-0.81,4990,4990,4875,14790,72741905,321952017400,65370968,STK,ME005
680,488900,KR7488900002,비츠로넥스텍,KOSDAQ,기술성장기업부,11100,1,200,1.83,10750,11210,10500,69494,768078735,321638517300,28976443,KSQ,ME005
681,000157,KR7000152009,두산2우B,KOSPI,,358000,2,-11000,-2.98,369000,370000,357000,161,58501500,319707604000,893038,STK,ME005
682,096760,KR7096760004,JW홀딩스,KOSPI,,4290,2,-65,-1.49,4370,4395,4270,26160,112399332,317138001180,73924942,STK,ME005
683,486510,KR7486510001,글로벌테크놀로지,KOSDAQ,기술성장기업부,16120,2,-610,-3.65,16390,17210,15730,1789240,29403525720,316695841280,19646144,KSQ,ME005
684,010820,KR7010820009,퍼스텍,KOSPI,,6490,1,80,1.25,6430,6570,6400,226975,1475646250,316529877620,48771938,STK,ME005
685,424870,KR7424870004,이뮨온시아,KOSDAQ,기술성장기업부,3460,1,45,1.32,3560,3615,3445,947528,3330140898,316251850740,91402269,KSQ,ME005
686,446540,KR7446540007,메가터치,KOSDAQ,중견기업부,10830,2,-290,-2.61,11120,11250,10740,270927,2969837645,314926772130,29079111,KSQ,ME005
687,024720,KR7024720005,콜마홀딩스,KOSPI,,9170,2,-130,-1.4,9420,9430,9150,14705,135319600,314496695030,34296259,STK,ME005
688,160980,KR7160980009,싸이맥스,KOSDAQ,우량기업부,28700,2,-700,-2.38,29400,29600,28650,64791,1886076450,313525774100,10924243,KSQ,ME005
689,001230,KR7001230002,동국홀딩스,KOSPI,,2015,2,-10,-0.49,2020,2035,2000,117635,237299845,313348045725,155507715,STK,ME005
690,206650,KR7206650004,유바이오로직스,KOSDAQ,우량기업부,8510,2,-120,-1.39,8620,8680,8470,51959,446963490,312762132570,36752307,KSQ,ME005
691,005430,KR7005430004,한국공항,KOSPI,,98000,2,-1700,-1.71,100700,100700,97500,2978,293642900,310302790000,3166355,STK,ME005
692,265520,KR7265520007,AP시스템,KOSDAQ,우량기업부,20600,3,0,0.0,20600,21200,20500,42416,883216900,310046912600,15050821,KSQ,ME005
693,199800,KR7199800004,툴젠,KOSDAQ,기술성장기업부,34400,2,-1900,-5.23,35800,35900,34300,21673,750456175,309518437600,8997629,KSQ,ME005
694,002310,KR7002310001,아세아제지,KOSPI,,7840,3,0,0.0,7860,7880,7770,15809,123599270,309284158400,39449510,STK,ME005
695,042520,KR7042520007,한스바이오메드,KOSDAQ,벤처기업부,21650,2,-900,-3.99,22700,22700,21300,49598,1078973025,308758595550,14261367,KSQ,ME005
696,126720,KR7126720002,수산인더스트리,KOSPI,,21500,1,50,0.23,21400,21750,21400,10068,216851150,307149000000,14286000,STK,ME005
697,026890,KR7026890004,스틱인베스트먼트,KOSPI,,7920,1,30,0.38,7890,8140,7820,18709,147697320,307065029040,38770837,STK,ME005
698,381970,KR7381970003,KG모빌리티플랫폼,KOSPI,,6260,1,40,0.64,6250,6300,6220,7037,43994295,305618508480,48820848,STK,ME005
699,484590,KR7484590005,삼양컴텍,KOSDAQ,벤처기업부,7410,1,160,2.21,7250,7540,7220,194507,1447873330,305369434500,41210450,KSQ,ME005
700,272450,KR7272450008,진에어,KOSPI,,5840,2,-110,-1.85,5900,5960,5840,29035,170549790,304848000000,52200000,STK,ME005
701,020120,KR7020120002,키다리스튜디오,KOSPI,,8200,2,-210,-2.5,8540,8750,8120,208484,1732426335,303922881200,37063766,STK,ME005
702,002020,KR7002020006,코오롱,KOSPI,,23500,2,-650,-2.69,24000,24150,23400,14998,353949700,303330480000,12907680,STK,ME005
703,228760,KR7228760005,지노믹트리,KOSDAQ,기술성장기업부,12200,2,-530,-4.16,12560,12740,12200,34450,425724870,303282264400,24859202,KSQ,ME005
704,084010,KR7084010008,대한제강,KOSPI,,8780,2,-320,-3.52,8760,8930,8620,178404,1561013710,301782612880,34371596,STK,ME005
705,452430,KR7452430002,사피엔반도체,KOSDAQ,기술성장기업부,36550,2,-2650,-6.76,38800,39300,36550,56382,2126910400,301735637550,8255421,KSQ,ME005
706,005950,KR7005950001,이수화학,KOSPI,,11470,1,150,1.33,11380,11880,11290,300947,3507845110,301594118430,26294169,STK,ME005
707,200880,KR7200880003,서연이화,KOSPI,,11090,1,70,0.64,11050,11140,10950,10961,121493830,299745366330,27028437,STK,ME005
708,025860,KR7025860008,남해화학,KOSPI,,6020,2,-20,-0.33,6040,6070,5990,68880,414422840,299066634860,49678843,STK,ME005
709,091580,KR7091580001,상신이디피,KOSDAQ,우량기업부,22350,1,500,2.29,21600,22750,21600,138699,3104591300,297885694650,13328219,KSQ,ME005
710,018250,KR7018250001,애경산업,KOSPI,,11240,1,110,0.99,11170,11280,11170,15239,171050870,296847669400,26409935,STK,ME005
711,101930,KR7101930006,인화정공,KOSDAQ,우량기업부,6480,1,310,5.02,7000,7000,6440,112148,742810805,296101468080,45694671,KSQ,ME005
712,049070,KR7049070006,인탑스,KOSDAQ,우량기업부,18730,1,180,0.97,18580,18980,18480,52270,985635200,294853279000,15742300,KSQ,ME005
713,108670,KR7108670001,LX하우시스,KOSPI,,32850,2,-150,-0.45,33250,33300,32700,9770,321633250,294587959500,8967670,STK,ME005
714,123890,KR7123890006,한국자산신탁,KOSPI,,2395,2,-20,-0.83,2420,2430,2390,70510,169378079,293085552770,122373926,STK,ME005
715,025770,KR7025770009,한국정보통신,KOSDAQ,우량기업부,7820,1,60,0.77,7720,7860,7720,10862,84371950,292814199220,37444271,KSQ,ME005
716,042370,KR7042370007,비츠로테크,KOSDAQ,우량기업부,11170,1,170,1.55,11000,11330,10920,549970,6149404930,292654279250,26200025,KSQ,ME005
717,003120,KR7003120003,일성아이에스,KOSPI,,22000,2,-50,-0.23,22050,22250,21950,2349,51791450,292600000000,13300000,STK,ME005
718,054950,KR7054950001,제이브이엠,KOSDAQ,우량기업부,24150,1,300,1.26,24450,24500,24100,8080,196136275,291970891800,12089892,KSQ,ME005
719,035810,KR7035810001,이지홀딩스,KOSDAQ,우량기업부,4525,1,60,1.34,4450,4540,4445,46261,207687809,291935737125,64516185,KSQ,ME005
720,389500,KR7389500000,에스비비테크,KOSDAQ,기술성장기업부,43600,1,1400,3.32,42150,45000,41200,81674,3579044400,290527379200,6663472,KSQ,ME005
721,200670,KR7200670008,휴메딕스,KOSDAQ,우량기업부,25850,1,200,0.78,25800,26200,25750,5318,137807825,290293690500,11229930,KSQ,ME005
722,001750,KR7001750009,한양증권,KOSPI,,19180,1,20,0.1,19100,19190,19070,1126,21572800,289799941480,15109486,STK,ME005
723,203650,KR7203650007,드림시큐리티,KOSDAQ,중견기업부,2830,1,110,4.04,2775,2885,2745,2478864,6988655485,287823689720,101704484,KSQ,ME005
724,084110,KR7084110006,휴온스글로벌,KOSDAQ,우량기업부,22550,2,-400,-1.74,22850,23100,22500,8803,200351675,285478760600,12659812,KSQ,ME005
725,071200,KR7071200000,인피니트헬스케어,KOSDAQ,중견기업부,11680,1,40,0.34,11640,11890,11500,11703,137639320,284950629440,24396458,KSQ,ME005
726,092460,KR7092460005,한라IMS,KOSDAQ,우량기업부,16620,2,-170,-1.01,16760,16940,16600,4891,81755960,284362881600,17109680,KSQ,ME005
727,136480,KR7136480001,하림,KOSDAQ,우량기업부,2670,1,25,0.95,2660,2675,2645,38619,102904501,283579904340,106209702,KSQ,ME005
728,084690,KR7084690007,대상홀딩스,KOSPI,,7810,2,-10,-0.13,7860,7910,7770,8668,67978500,282819921780,36212538,STK,ME005
729,314130,KR7314130006,지놈앤컴퍼니,KOSDAQ,기술성장기업부,5400,1,10,0.19,5390,5550,5240,287811,1553603575,282416895000,52299425,KSQ,ME005
730,034830,KR7034830000,한국토지신탁,KOSPI,,1118,2,-2,-0.18,1130,1132,1117,138402,155047677,282282959140,252489230,STK,ME005
731,000430,KR7000430009,대원강업,KOSPI,,4545,2,-115,-2.47,4660,4660,4540,47518,217127631,281790000000,62000000,STK,ME005
732,352480,KR7352480008,씨앤씨인터내셔널,KOSDAQ,우량기업부,20650,2,-650,-3.05,21500,21500,20600,6097,127261175,281457455650,13629901,KSQ,ME005
733,033270,KR7033270000,유나이티드제약,KOSPI,,17620,2,-100,-0.56,17640,17790,17600,9509,167855990,280347855500,15910775,STK,ME005
734,001390,KR7001390004,KG케미칼,KOSPI,,4220,2,-20,-0.47,4220,4250,4190,27298,115513899,280223343920,66403636,STK,ME005
735,244920,KR7244920005,에이플러스에셋,KOSPI,,12350,1,80,0.65,12350,12550,12060,10244,125048230,279205008550,22607693,STK,ME005
736,016800,KR7016800005,퍼시스,KOSPI,,24150,2,-50,-0.21,24750,24800,23850,1095,26642450,277725000000,11500000,STK,ME005
737,378340,KR7378340004,필에너지,KOSDAQ,중견기업부,12830,1,370,2.97,12740,13090,12520,43700,562183810,277691006060,21643882,KSQ,ME005
738,024840,KR7024840001,KBI메탈,KOSDAQ,중견기업부,6380,1,10,0.16,6390,6570,6360,1239374,7991716430,277315421460,43466367,KSQ,ME005
739,354320,KR7354320004,알멕,KOSDAQ,기술성장기업부,43350,1,1050,2.48,42250,44200,41600,112654,4856159575,277066366350,6391381,KSQ,ME005
740,452280,KR7452280001,한선엔지니어링,KOSDAQ,우량기업부,14380,1,380,2.71,14000,14540,13670,639117,8986894760,276781494600,19247670,KSQ,ME005
741,012210,KR7012210001,삼미금속,KOSDAQ,중견기업부,11960,1,60,0.5,11850,12170,11520,578599,6891646905,275696884840,23051579,KSQ,ME005
742,078520,KR7078520004,에이블씨엔씨,KOSPI,,11030,2,-240,-2.13,11230,11350,10930,43290,478520225,275346588780,24963426,STK,ME005
743,448280,KR7448280008,에코아이,KOSDAQ,중견기업부,9290,3,0,0.0,9450,9480,9220,4217,39282250,275273188410,29631129,KSQ,ME005
744,004430,KR7004430005,송원산업,KOSPI,,11410,1,260,2.33,11210,11480,11150,50357,572756520,273840000000,24000000,STK,ME005
745,058430,KR7058430000,포스코스틸리온,KOSPI,,4560,2,-40,-0.87,4600,4655,4550,190621,877926552,273600000000,60000000,STK,ME005
746,294570,KR7294570007,쿠콘,KOSDAQ,우량기업부,27050,1,50,0.19,26950,27350,26700,27746,748587800,272981350600,10091732,KSQ,ME005
747,105840,KR7105840003,우진,KOSPI,,13500,2,-120,-0.88,13500,13720,13260,179785,2428588830,272668545000,20197670,STK,ME005
748,122900,KR7122900004,아이마켓코리아,KOSPI,,8150,2,-50,-0.61,8160,8220,8120,26724,217677210,272445046000,33428840,STK,ME005
749,394280,KR7394280002,오픈엣지테크놀로지,KOSDAQ,기술성장기업부,10320,2,-100,-0.96,10490,10520,10280,65385,679093075,271896189600,26346530,KSQ,ME005
750,094360,KR7094360005,칩스앤미디어,KOSDAQ,벤처기업부,12730,2,-50,-0.39,12850,13020,12700,68952,886343975,271852638020,21355274,KSQ,ME005
751,060720,KR7060720000,KH바텍,KOSDAQ,중견기업부,11450,1,350,3.15,11290,11790,11160,168411,1942192405,271106710900,23677442,KSQ,ME005
752,254490,KR7254490006,미래반도체,KOSDAQ,우량기업부,18760,1,280,1.52,18490,19280,18350,121939,2299361330,270856880000,14438000,KSQ,ME005
753,035600,KR7035600006,KG이니시스,KOSDAQ,우량기업부,9760,1,30,0.31,9800,9820,9740,8806,86119940,268931275840,27554434,KSQ,ME005
754,472850,KR7472850007,폰드그룹,KOSDAQ,중견기업부,4665,2,-120,-2.51,4790,4830,4640,18922,88664560,268571756580,57571652,KSQ,ME005
755,004310,KR7004310009,현대약품,KOSPI,,8390,2,-90,-1.06,8510,8560,8360,298780,2522001350,268480000000,32000000,STK,ME005
756,309710,KR7309710002,아이티켐,KOSDAQ,관리종목(소속부없음),21000,3,0,0.0,0,0,0,0,0,268443021000,12783001,KSQ,ME005
757,287840,KR7287840003,인투셀,KOSDAQ,기술성장기업부,17870,2,-450,-2.46,18560,18590,17870,11648,212155610,268442425200,15021960,KSQ,ME005
758,099440,KR7099440000,스맥,KOSDAQ,중견기업부,3915,1,75,1.95,3850,3985,3835,107429,421324042,267172887510,68243394,KSQ,ME005
759,017390,KR7017390006,서울가스,KOSPI,,53800,2,-400,-0.74,54400,54400,53700,2863,154172650,266310000000,4950000,STK,ME005
760,044450,KR7044450005,KSS해운,KOSPI,,11790,2,-200,-1.67,12000,12170,11760,84448,1003770655,266189019750,22577525,STK,ME005
761,073490,KR7073490005,LIG아큐버,KOSDAQ,우량기업부,35000,1,1100,3.24,34000,35850,33900,113280,3974801150,266134610000,7603846,KSQ,ME005
762,010690,KR7010690006,화신,KOSPI,,7620,1,70,0.93,7550,7800,7550,152930,1177731175,266093524200,34920410,STK,ME005
763,182400,KR7182400002,엔케이젠바이오텍코리아,KOSDAQ,관리종목(소속부없음),3670,3,0,0.0,0,0,0,0,0,265496721770,72342431,KSQ,ME005
764,317330,KR7317330009,덕산테코피아,KOSDAQ,중견기업부,12950,1,90,0.7,13270,13540,12910,79378,1053239240,265171762800,20476584,KSQ,ME005
765,043150,KR7043150002,바텍,KOSDAQ,우량기업부,17830,2,-20,-0.11,17960,17980,17760,7632,136313130,264851384480,14854256,KSQ,ME005
766,091810,KR7091810002,트리니티항공,KOSPI,,2590,1,10,0.39,2610,2615,2575,16235,42065608,264454775690,102106091,STK,ME005
767,002900,KR7002900009,TYM,KOSPI,,6380,2,-20,-0.31,6430,6440,6330,110960,709891280,264132000000,41400000,STK,ME005
768,439960,KR7439960006,코스모로보틱스,KOSDAQ,기술성장기업부,8120,2,-530,-6.13,8700,8880,8060,4644896,39160634455,263499083120,32450626,KSQ,ME005
769,232530,KR7232530006,이엠티,KONEX,일반기업부,10280,2,-20,-0.19,10290,10300,10280,643,6620610,263315045120,25614304,KNX,ME005
770,389650,KR7389650003,넥스트바이오메디컬,KOSDAQ,기술성장기업부,31800,2,-1400,-4.22,33100,33400,31750,14865,479565400,263217694800,8277286,KSQ,ME005
771,304360,KR7304360001,에스바이오메딕스,KOSDAQ,벤처기업부,21050,2,-550,-2.55,21600,21900,21000,9405,199426425,262727744400,12481128,KSQ,ME005
772,091700,KR7091700005,파트론,KOSDAQ,우량기업부,5240,1,30,0.58,5180,5290,5180,60880,319366215,262000000000,50000000,KSQ,ME005
773,286940,KR7286940002,롯데이노베이트,KOSPI,,17310,1,10,0.06,17390,17390,17270,4036,69850360,261889342770,15129367,STK,ME005
774,089980,KR7089980007,상아프론테크,KOSDAQ,우량기업부,16340,1,70,0.43,16380,16490,16250,17063,279645520,261260864580,15989037,KSQ,ME005
775,036710,KR7036710002,심텍홀딩스,KOSDAQ,중견기업부,4945,1,80,1.64,4800,5080,4720,458049,2281914206,261233243530,52827754,KSQ,ME005
776,267980,KR7267980001,매일유업,KOSDAQ,우량기업부,34000,1,800,2.41,33400,34150,32850,9015,304390550,260563692000,7663638,KSQ,ME005
777,098070,KR7098070006,한텍,KOSDAQ,중견기업부,23350,2,-350,-1.48,23700,23750,23350,22087,519502575,259678642350,11121141,KSQ,ME005
778,272110,KR7272110008,케이엔제이,KOSDAQ,우량기업부,32250,2,-300,-0.92,32400,32850,31750,63875,2051855350,258818988750,8025395,KSQ,ME005
779,051500,KR7051500007,CJ프레시웨이,KOSDAQ,우량기업부,21700,1,150,0.7,21550,21950,21450,1232,26617900,257613416200,11871586,KSQ,ME005
780,037710,KR7037710001,광주신세계,KOSPI,,33700,2,-50,-0.15,34000,34100,33650,8499,288209750,257035696400,7627172,STK,ME005
781,100120,KR7100120005,뷰웍스,KOSDAQ,우량기업부,28650,1,650,2.32,28000,28900,27850,10482,298837750,257030925150,8971411,KSQ,ME005
782,121800,KR7121800007,비덴트,KOSDAQ,관리종목(소속부없음),3320,3,0,0.0,0,0,0,0,0,256309348520,77201611,KSQ,ME005
783,068930,KR7068930007,디지털대성,KOSDAQ,우량기업부,9250,2,-130,-1.39,9380,9430,9250,30366,283332790,255996913500,27675342,KSQ,ME005
784,004360,KR7004360004,세방,KOSPI,,13390,1,150,1.13,13250,13430,13160,6672,89030080,255957924170,19115603,STK,ME005
785,032580,KR7032580003,피델릭스,KOSDAQ,중견기업부,7725,1,95,1.25,7810,7980,7620,421712,3301442705,255945194400,33132064,KSQ,ME005
786,112290,KR7112290002,와이씨켐,KOSDAQ,기술성장기업부,12620,2,-260,-2.02,12830,13110,12470,222301,2853651900,255190155800,20221090,KSQ,ME005
787,151860,KR7151860004,KG에코솔루션,KOSDAQ,우량기업부,5360,1,70,1.32,5310,5520,5280,184872,1002537985,255152090720,47603002,KSQ,ME005
788,493280,KR7493280002,아이엠바이오로직스,KOSDAQ,기술성장기업부,17160,2,-840,-4.67,17990,18150,17110,58337,1023288240,254756690760,14845961,KSQ,ME005
789,010580,KR7010580009,에스엠벡셀,KOSPI,,2280,3,0,0.0,2310,2310,2235,129453,294706989,253654012800,111251760,STK,ME005
790,377460,KR7377460001,큐에이드,KOSDAQ,관리종목(소속부없음),4080,3,0,0.0,0,0,0,0,0,253187202960,62055687,KSQ,ME005
791,011560,KR7011560000,세보엠이씨,KOSDAQ,우량기업부,25100,2,-850,-3.28,25800,25850,25050,43747,1107317675,253130287200,10084872,KSQ,ME005
792,005500,KR7005500004,삼진제약,KOSPI,,19000,2,-380,-1.96,19490,19490,18970,26796,515168360,253080000000,13320000,STK,ME005
793,484120,KR7484120001,도우인시스,KOSDAQ,중견기업부,23075,2,-1375,-5.62,24950,24950,23000,23322,548848425,252842512650,10957422,KSQ,ME005
794,023410,KR7023410004,유진기업,KOSDAQ,중견기업부,3270,1,10,0.31,3240,3320,3240,159313,522336636,252806522010,77310863,KSQ,ME005
795,0011T0,KR70011T0008,채비,KOSDAQ,기술성장기업부,5360,2,-30,-0.56,5310,5530,5280,81373,440771800,251649807760,46949591,KSQ,ME005
796,334890,KR7334890001,이지스밸류플러스리츠,KOSPI,,3615,2,-40,-1.09,3625,3645,3605,11962,43308305,251056989045,69448683,STK,ME005
797,036890,KR7036890002,진성티이씨,KOSDAQ,우량기업부,11350,2,-130,-1.13,11460,11470,11320,27087,308389490,250070271050,22032623,KSQ,ME005
798,376270,KR7376270005,HEM파마,KOSDAQ,기술성장기업부,34550,1,1600,4.86,33200,35350,32800,11922,404005450,249421528850,7219147,KSQ,ME005
799,005680,KR7005680004,삼영전자,KOSPI,,12470,2,-120,-0.95,12500,12740,12450,8828,110666340,249400000000,20000000,STK,ME005
800,003960,KR7003960002,사조대림,KOSPI,,27125,1,75,0.28,27450,27450,26900,1018,27577300,248586167375,9164467,STK,ME005
801,439090,KR7439090002,마녀공장,KOSDAQ,우량기업부,15100,2,-20,-0.13,15140,15210,15050,43541,658726420,247538226000,16393260,KSQ,ME005
802,432320,KR7432320000,KB스타리츠,KOSPI,,1637,1,2,0.12,1634,1677,1622,162845,267321269,246801134545,150764285,STK,ME005
803,003200,KR7003200003,일신방직,KOSPI,,10710,1,90,0.85,10660,10780,10660,13480,144453190,245901600000,22960000,STK,ME005
804,445090,KR7445090004,에이직랜드,KOSDAQ,벤처기업부,22500,2,-200,-0.88,22800,23300,22500,19712,450383450,245827305000,10925658,KSQ,ME005
805,377450,KR7377450002,리파인,KOSDAQ,우량기업부,14150,1,40,0.28,14380,14380,14010,7616,107195970,245219500000,17330000,KSQ,ME005
806,298690,KR7298690009,에어부산,KOSPI,,1503,2,-4,-0.27,1513,1515,1501,24592,36981540,244861052616,162914872,STK,ME005
807,036030,KR7036030005,케이티알파,KOSDAQ,우량기업부,4995,1,5,0.1,4995,5030,4975,22780,114218165,244850609295,49019141,KSQ,ME005
808,461300,KR7461300006,아이스크림미디어,KOSDAQ,벤처기업부,18300,1,120,0.66,18320,18470,18170,9101,166624270,244010973900,13333933,KSQ,ME005
809,044820,KR7044820009,코스맥스비티아이,KOSPI,,25400,1,500,2.01,25500,26000,23550,23807,580913650,243939593400,9603921,STK,ME005
810,064820,KR7064820004,케이프,KOSDAQ,우량기업부,7900,1,20,0.25,7910,8020,7870,15425,122617610,243795698500,30860215,KSQ,ME005
811,001250,KR7001250000,GS글로벌,KOSPI,,2950,1,130,4.61,2835,3030,2780,897365,2663388675,243474603800,82533764,STK,ME005
812,064850,KR7064850001,에프앤가이드,KOSDAQ,벤처기업부,21250,1,150,0.71,21150,21850,21000,18457,393713825,242469555000,11410332,KSQ,ME005
813,404990,KR7404990004,신한서부티엔디리츠,KOSPI,,3930,1,10,0.26,3925,3930,3850,9000,35089065,242197489800,61627860,STK,ME005
814,450950,KR7450950001,아스테라시스,KOSDAQ,벤처기업부,6420,1,200,3.22,6350,6440,6130,68280,429714150,241569140640,37627592,KSQ,ME005
815,001790,KR7001790005,대한제당,KOSPI,,2790,3,0,0.0,2790,2800,2765,31408,87393560,240614942850,86241915,STK,ME005
816,108860,KR7108860008,셀바스AI,KOSDAQ,벤처기업부,8920,2,-50,-0.56,8940,9050,8910,69578,625507300,240079926800,26914790,KSQ,ME005
817,003920,KR7003920006,남양유업,KOSPI,,42300,2,-50,-0.12,42100,43400,41950,1817,76633950,239986808100,5673447,STK,ME005
818,067390,KR7067390005,아스트,KOSDAQ,중견기업부,5680,2,-140,-2.41,5800,5850,5680,27994,161448135,239217499760,42115757,KSQ,ME005
819,136490,KR7136490000,선진,KOSPI,,10040,3,0,0.0,10050,10070,9960,18333,183917590,238747224160,23779604,STK,ME005
820,002320,KR7002320000,한진,KOSPI,,15350,1,120,0.79,15310,15480,15210,10987,168933970,238210755600,15518616,STK,ME005
821,416180,KR7416180008,신성에스티,KOSDAQ,벤처기업부,26350,1,450,1.74,25950,26900,25800,22756,603977525,238198150300,9039778,KSQ,ME005
822,389260,KR7389260001,대명에너지,KOSDAQ,우량기업부,13260,1,20,0.15,13090,13550,13090,65611,879631415,237570469500,17916325,KSQ,ME005
823,043370,KR7043370006,피에이치에이,KOSDAQ,우량기업부,11260,2,-140,-1.23,11450,11450,11230,15384,173712615,236460000000,21000000,KSQ,ME005
824,007160,KR7007160005,사조산업,KOSPI,,47100,2,-50,-0.11,48000,48200,46850,609,28717400,235500000000,5000000,STK,ME005
825,001340,KR7001340009,PKC,KOSPI,,5200,1,50,0.97,5150,5290,5110,100849,526923095,234146062800,45028089,STK,ME005
826,298830,KR7298830001,슈어소프트테크,KOSDAQ,우량기업부,4370,1,125,2.94,4250,4440,4235,187093,819433515,233613640630,53458499,KSQ,ME005
827,094480,KR7094480001,갤럭시아머니트리,KOSDAQ,우량기업부,5950,1,40,0.68,5910,6050,5870,174611,1040584370,233417536100,39229838,KSQ,ME005
828,348950,KR7348950007,제이알글로벌리츠,KOSPI,,1182,3,0,0.0,0,0,0,0,0,233298432000,197376000,STK,ME005
829,025000,KR7025000001,KPX케미칼,KOSPI,,56200,2,-400,-0.71,56100,56800,56100,2030,114225900,233046507000,4146735,STK,ME005
830,030210,KR7030210009,다올투자증권,KOSPI,,3825,2,-15,-0.39,3835,3855,3805,12855,49280707,232984980450,60911106,STK,ME005
831,226320,KR7226320000,잇츠한불,KOSPI,,10620,2,-40,-0.38,10650,10720,10580,5710,60676290,232889325300,21929315,STK,ME005
832,003070,KR7003070000,코오롱글로벌,KOSPI,,9150,2,-120,-1.29,9160,9280,9120,4795,43938750,232629224850,25423959,STK,ME005
833,008490,KR7008490005,서흥,KOSPI,,20100,3,0,0.0,20200,20250,19990,4112,82565375,232539171300,11569113,STK,ME005
834,085910,KR7085910008,네오티스,KOSDAQ,중견기업부,16810,2,-310,-1.81,17140,17290,16790,68516,1159688175,231890890580,13794818,KSQ,ME005
835,243070,KR7243070000,휴온스,KOSDAQ,우량기업부,19350,1,50,0.26,19380,19590,19310,6237,121119800,231806517750,11979665,KSQ,ME005
836,000680,KR7000680009,LS네트웍스,KOSPI,,2940,2,-30,-1.01,2975,2980,2930,50201,147795034,231680867040,78803016,STK,ME005
837,115450,KR7115450009,HLB테라퓨틱스,KOSDAQ,중견기업부,2445,2,-10,-0.41,2450,2450,2330,320208,763628933,231500653830,94683294,KSQ,ME005
838,114190,KR7114190002,강원에너지,KOSDAQ,중견기업부,8860,1,140,1.61,8740,9070,8690,129028,1152131365,231450116680,26123038,KSQ,ME005
839,099430,KR7099430001,바이오플러스,KOSDAQ,우량기업부,3750,1,15,0.4,3750,3795,3670,153377,574789465,231152707500,61640722,KSQ,ME005
840,200130,KR7200130003,콜마비앤에이치,KOSDAQ GLOBAL,우량기업부,8000,1,50,0.63,7990,8330,7950,68960,563402435,230204464000,28775558,KSQ,ME005
841,065680,KR7065680001,우주일렉트로,KOSDAQ,우량기업부,25450,2,-250,-0.97,25500,25900,25150,4008,102073750,230079986950,9040471,KSQ,ME005
842,011500,KR7011500006,한농화성,KOSPI,,14640,1,90,0.62,14550,15150,14400,124294,1847583750,228926294880,15637042,STK,ME005
843,025560,KR7025560004,미래산업,KOSPI,,8230,2,-170,-2.02,8300,8640,8140,314382,2613567105,228618519940,27778678,STK,ME005
844,900140,KYG5307W1015,엘브이엠씨홀딩스,KOSPI,,1183,2,-14,-1.17,1188,1199,1175,217978,258256820,228603431056,193240432,STK,ME005
845,144510,KR7144510005,지씨셀,KOSDAQ,중견기업부,14440,2,-290,-1.97,14590,14810,14420,20343,296682680,228156967360,15800344,KSQ,ME005
846,0030R0,KR70030R0007,대신밸류리츠,KOSPI,,3815,2,-30,-0.78,3845,3920,3760,1736,6699960,228060700000,59780000,STK,ME005
847,001470,KR7001470004,삼부토건,KOSPI,,5820,3,0,0.0,0,0,0,0,0,227794235460,39139903,STK,ME005
848,365270,KR7365270008,큐라클,KOSDAQ,기술성장기업부,10280,2,-100,-0.96,10460,10460,10120,21440,219441445,227773877760,22156992,KSQ,ME005
849,180400,KR7180400004,DXVX,KOSDAQ,관리종목(소속부없음),2310,2,-30,-1.28,2325,2425,2290,14390,33592795,227371987920,98429432,KSQ,ME005
850,083310,KR7083310003,엘오티베큠,KOSDAQ,우량기업부,12760,1,780,6.51,12190,13100,11930,228288,2900301315,227256021080,17810033,KSQ,ME005
851,241520,KR7241520006,DSC인베스트먼트,KOSDAQ,중견기업부,8500,1,20,0.24,8530,8620,8390,75428,642469370,226100000000,26600000,KSQ,ME005
852,053690,KR7053690004,한미글로벌,KOSPI,,20600,2,-700,-3.29,21600,21600,20600,72553,1507769375,225725530000,10957550,STK,ME005
853,005010,KR7005010004,휴스틸,KOSPI,,4010,2,-25,-0.62,3980,4095,3930,266624,1078056595,225314180750,56188075,STK,ME005
854,017860,KR7017860008,DS단석,KOSPI,,12750,1,320,2.57,12450,13120,12450,128587,1664157120,225083833500,17653634,STK,ME005
855,061090,KR7061090007,세나테크놀로지,KOSDAQ,벤처기업부,41150,1,700,1.73,41000,41600,40750,18140,748193000,224989682500,5467550,KSQ,ME005
856,190510,KR7190510008,나무가,KOSDAQ,우량기업부,15960,1,120,0.76,15810,16350,15810,50408,812936925,224801659320,14085317,KSQ,ME005
857,077500,KR7077500007,유니퀘스트,KOSPI,,10400,2,-300,-2.8,10680,10720,10220,218180,2274186535,224641060800,21600102,STK,ME005
858,216080,KR7216080002,제테마,KOSDAQ,벤처기업부,6020,1,40,0.67,5920,6330,5920,75432,458984280,224468335980,37287099,KSQ,ME005
859,215000,KR7215000001,골프존,KOSDAQ,우량기업부,35750,1,100,0.28,36350,36350,35450,3345,119243900,224346086250,6275415,KSQ,ME005
860,065710,KR7065710006,서호전기,KOSDAQ,우량기업부,43550,1,100,0.23,44100,44100,43300,2920,127201050,224282500000,5150000,KSQ,ME005
861,475400,KR7475400008,씨메스로보틱스,KOSDAQ,기술성장기업부,18950,1,20,0.11,18660,19580,18660,51530,989148750,223740641300,11806894,KSQ,ME005
862,001460,KR7001460005,BYC,KOSPI,,35750,2,-150,-0.42,35400,35750,35250,295,10470000,223299862500,6246150,STK,ME005
863,092200,KR7092200005,디아이씨,KOSPI,,5740,1,60,1.06,5710,5810,5620,109786,631258105,223220386060,38888569,STK,ME005
864,243840,KR7243840006,신흥에스이씨,KOSDAQ,우량기업부,5780,1,160,2.85,5720,5980,5600,208691,1220784695,222866598300,38558235,KSQ,ME005
865,293780,KR7293780003,압타바이오,KOSDAQ,기술성장기업부,7930,1,240,3.12,7610,7970,7610,83743,657272130,222780701650,28093405,KSQ,ME005
866,0008Z0,KR70008Z0005,에스엔시스,KOSDAQ,벤처기업부,23600,1,150,0.64,23800,23950,23400,6039,143130450,222702910400,9436564,KSQ,ME005
867,134380,KR7134380005,미원화학,KOSPI,,10120,1,60,0.6,10060,10130,10060,1673,16918440,222565921600,21992680,STK,ME005
868,023760,KR7023760002,한국캐피탈,KOSDAQ,우량기업부,1408,1,6,0.43,1402,1410,1399,13002,18300087,222189141504,157804788,KSQ,ME005
869,028100,KR7028100006,동아지질,KOSPI,,19700,2,-70,-0.35,19760,19900,19630,5984,117934430,221075704900,11222117,STK,ME005
870,003720,KR7003720000,삼영,KOSPI,,6480,1,10,0.15,6430,6660,6400,110384,723044735,220320000000,34000000,STK,ME005
871,064550,KR7064550007,바이오니아,KOSDAQ,중견기업부,8530,1,10,0.12,8500,8640,8430,59831,511790130,220161782230,25810291,KSQ,ME005
872,078150,KR7078150000,HB테크놀러지,KOSDAQ,우량기업부,2315,1,15,0.65,2330,2415,2290,1620763,3807383922,219743962370,94921798,KSQ,ME005
873,018310,KR7018310003,삼목에스폼,KOSDAQ,우량기업부,14930,2,-260,-1.71,15190,15240,14910,4740,71465270,219471000000,14700000,KSQ,ME005
874,382900,KR7382900009,범한퓨얼셀,KOSDAQ,벤처기업부,25000,2,-450,-1.77,24700,25150,24600,41647,1035592000,219025000000,8761000,KSQ,ME005
875,000490,KR7000490003,대동,KOSPI,,7590,1,40,0.53,7550,7660,7550,30828,234602570,218795905350,28826865,STK,ME005
876,009680,KR7009680000,모토닉,KOSPI,,10050,1,20,0.2,10050,10090,10030,6624,66658390,218417594700,21733094,STK,ME005
877,256840,KR7256840000,한국비엔씨,KOSDAQ,우량기업부,3190,2,-85,-2.6,3260,3275,3165,1072664,3433240846,218179686340,68394886,KSQ,ME005
878,000540,KR7000540005,흥국화재,KOSPI,,3395,1,40,1.19,3385,3695,3335,33359,115512599,218103779775,64242645,STK,ME005
879,035510,KR7035510007,신세계 I&C,KOSPI,,15560,1,210,1.37,15350,15640,15300,51946,805694210,217542804000,13980900,STK,ME005
880,000050,KR7000050005,경방,KOSPI,,7930,1,10,0.13,7950,7960,7900,3560,28243110,217403091100,27415270,STK,ME005
881,095500,KR7095500005,미래나노텍,KOSDAQ,우량기업부,7000,1,170,2.49,6810,7100,6810,125534,876278690,217069993000,31009999,KSQ,ME005
882,0001A0,KR70001A0001,덕양에너젠,KOSDAQ,중견기업부,8520,1,40,0.47,8480,8620,8440,24279,207245250,216995556240,25468962,KSQ,ME005
883,034120,KR7034120006,SBS,KOSPI,,11690,2,-10,-0.09,11710,11710,11590,923,10746700,216863972220,18551238,STK,ME005
884,045390,KR7045390002,대아티아이,KOSDAQ,우량기업부,3075,1,40,1.32,3035,3090,3025,239658,731735797,216705634275,70473377,KSQ,ME005
885,237880,KR7237880000,클리오,KOSDAQ,우량기업부,11970,2,-140,-1.16,12140,12270,11930,13428,161609720,216314095410,18071353,KSQ,ME005
886,067080,KR7067080002,대화제약,KOSDAQ,중견기업부,11580,2,-20,-0.17,11550,11680,11500,20384,236169210,215580807000,18616650,KSQ,ME005
887,019010,KR7019010008,베뉴지,KOSDAQ,중견기업부,4440,1,20,0.45,4415,4485,4400,27268,121231317,214008000000,48200000,KSQ,ME005
888,0161M0,KR70161M0003,네오사피엔스,KOSDAQ,기술성장기업부,17500,1,450,2.64,17050,18400,16960,1308406,23209470395,213777287500,12215845,KSQ,ME005
889,003650,KR7003650009,미창석유,KOSPI,,122600,2,-700,-0.57,123000,123000,121000,1792,218171750,213283787200,1739672,STK,ME005
890,125020,KR7125020008,티씨머티리얼즈,KOSDAQ,중견기업부,6080,1,50,0.83,6130,6240,6070,325963,2007210840,213034384000,35038550,KSQ,ME005
891,217730,KR7217730001,강스템바이오텍,KOSDAQ,기술성장기업부,2265,2,-10,-0.44,2275,2345,2235,163815,374721724,213032647485,94054149,KSQ,ME005
892,307180,KR7307180000,아이엘,KOSDAQ,벤처기업부,5750,2,-150,-2.54,5840,5910,5720,119356,692044655,212265137000,36915676,KSQ,ME005
893,475560,KR7475560009,더본코리아,KOSPI,,14280,2,-160,-1.11,14310,14400,14260,6149,87958745,211743411600,14827970,STK,ME005
894,03473K,KR703473K016,SK우,KOSPI,,374000,1,500,0.13,374000,374000,372000,78,29083000,211734490000,566135,STK,ME005
895,206640,KR7206640005,바디텍메드,KOSDAQ,우량기업부,9660,2,-40,-0.41,9620,9750,9620,10284,99543360,211630516860,21907921,KSQ,ME005
896,053030,KR7053030003,바이넥스,KOSDAQ,중견기업부,6450,2,-40,-0.62,6530,6590,6430,23368,152291550,210813012600,32684188,KSQ,ME005
897,340450,KR7340450006,지씨지놈,KOSDAQ,기술성장기업부,8910,2,-360,-3.88,9270,9320,8590,433629,3866046240,210728565630,23650793,KSQ,ME005
898,462860,KR7462860008,더즌,KOSDAQ,벤처기업부,2925,1,25,0.86,2895,2980,2885,502488,1472913965,209921701275,71768103,KSQ,ME005
899,126730,KR7126730001,코칩,KOSDAQ,벤처기업부,23900,2,-150,-0.62,24350,24450,23850,123462,2973215500,209606011400,8770126,KSQ,ME005
900,033920,KR7033920000,무학,KOSPI,,7350,2,-20,-0.27,7460,7460,7310,11218,82328440,209475000000,28500000,STK,ME005
901,176750,KR7176750008,듀켐바이오,KOSDAQ,기술성장기업부,7350,1,380,5.45,7440,7440,7240,117155,859560880,209392092000,28488720,KSQ,ME005
902,462350,KR7462350000,이노스페이스,KOSDAQ,기술성장기업부,6180,2,-20,-0.32,6190,6380,6130,88986,554422220,209388114960,33881572,KSQ,ME005
903,005710,KR7005710009,대원산업,KOSDAQ,우량기업부,10430,2,-70,-0.67,10400,10530,10400,3696,38603860,208992168000,20037600,KSQ,ME005
904,014940,KR7014940001,오리엔탈정공,KOSDAQ,우량기업부,4565,1,65,1.44,4490,4630,4490,85316,390243183,208043762465,45573661,KSQ,ME005
905,950170,KR8392080006,JTC,KOSDAQ,외국기업(소속부없음),4265,1,50,1.19,4330,4330,4215,1118,4760635,208017335475,48773115,KSQ,ME005
906,035150,KR7035150002,백산,KOSPI,,10500,1,40,0.38,10360,10560,10360,5495,57730840,207596329500,19771079,STK,ME005
907,058970,KR7058970005,엠로,KOSDAQ,기술성장기업부,16770,2,-30,-0.18,16810,17060,16750,9238,156040920,207324055380,12362794,KSQ,ME005
908,000320,KR7000320002,노루홀딩스,KOSPI,,15570,1,150,0.97,15530,15990,15510,1938,30378520,206943221070,13291151,STK,ME005
909,380540,KR7380540005,옵티코어,KOSDAQ,관리종목(소속부없음),8450,3,0,0.0,0,0,0,0,0,206658126350,24456583,KSQ,ME005
910,314930,KR7314930009,바이오다인,KOSDAQ,기술성장기업부,6900,2,-10,-0.14,6900,7050,6830,6298,43863330,205372310700,29764103,KSQ,ME005
911,053300,KR7053300000,한국정보인증,KOSDAQ,우량기업부,5190,1,30,0.58,5130,5215,5130,93940,486232615,205343107740,39565146,KSQ,ME005
912,088260,KR7088260005,이리츠코크렙,KOSPI,,3240,1,10,0.31,3245,3245,3185,16379,52697798,205226751600,63341590,STK,ME005
913,036190,KR7036190007,금화피에스시,KOSDAQ,우량기업부,34150,2,-150,-0.44,33950,34450,33950,1236,42114550,204900000000,6000000,KSQ,ME005
914,382800,KR7382800001,지앤비에스 에코,KOSDAQ,우량기업부,6390,1,230,3.73,6300,6650,6240,1753253,11359288460,203400351990,31831041,KSQ,ME005
915,459510,KR7459510004,나우로보틱스,KOSDAQ,기술성장기업부,15650,1,30,0.19,15600,15830,15500,19299,302851100,203111678300,12978382,KSQ,ME005
916,126600,KR7126600006,BGF에코머티리얼즈,KOSDAQ,우량기업부,3225,1,70,2.22,3150,3240,3125,35722,114285640,202423249275,62766899,KSQ,ME005
917,003555,KR7003551009,LG우,KOSPI,,67200,1,500,0.75,67600,67600,66700,885,59253200,202352572800,3011199,STK,ME005
918,000650,KR7000650002,천일고속,KOSPI,,141500,2,-100,-0.07,141600,144600,141400,609,86839850,202234630000,1429220,STK,ME005
919,481070,KR7481070001,에이유브랜즈,KOSDAQ,중견기업부,14070,2,-320,-2.22,14350,14570,13900,4183,58807950,202070526000,14361800,KSQ,ME005
920,405100,KR7405100009,큐알티,KOSDAQ,중견기업부,16410,2,-110,-0.67,16490,17160,16060,65947,1103422855,201667429410,12289301,KSQ,ME005
921,234690,KR7234690006,녹십자웰빙,KOSDAQ,우량기업부,11220,1,40,0.36,11200,11370,10670,329850,3643443390,201548113800,17963290,KSQ,ME005
922,298000,KR7298000001,효성화학,KOSPI,,53000,2,-300,-0.56,53100,54300,52700,6460,344757150,200965983000,3791811,STK,ME005
923,004980,KR7004980009,성신양회,KOSPI,,8190,2,-20,-0.24,8220,8290,8130,50190,411151850,200786637870,24516073,STK,ME005
924,000480,KR7000480004,CR홀딩스,KOSPI,,4275,2,-10,-0.23,4295,4295,4260,7396,31572225,200456844750,46890490,STK,ME005
925,199430,KR7199430000,케이엔알시스템,KOSDAQ,기술성장기업부,17850,1,50,0.28,17740,18050,17550,49669,886637100,199867217550,11197043,KSQ,ME005
926,353810,KR7353810005,이지바이오,KOSDAQ,우량기업부,6040,2,-50,-0.82,6100,6170,6030,27832,168790690,199814796800,33081920,KSQ,ME005
927,049430,KR7049430002,코메론,KOSDAQ,우량기업부,21950,2,-650,-2.88,22600,22800,21800,41595,929619850,198603600000,9048000,KSQ,ME005
928,037270,KR7037270006,YG PLUS,KOSPI,,3090,2,-5,-0.16,3110,3120,3060,44588,137779645,196719009900,63663110,STK,ME005
929,119610,KR7119610004,인터로조,KOSDAQ,우량기업부,17100,1,1540,9.9,15630,17260,15540,122147,2054914990,195175073700,11413747,KSQ,ME005
930,051905,KR7051901007,LG생활건강우,KOSPI,,92900,2,-400,-0.43,93300,94400,92100,4958,458896700,194742461100,2096259,STK,ME005
931,117580,KR7117580001,대성에너지,KOSPI,,7080,1,60,0.85,7020,7130,7020,30663,217501220,194700000000,27500000,STK,ME005
932,100250,KR7100250000,진양홀딩스,KOSPI,,3045,2,-35,-1.14,3075,3075,3030,12675,38647770,194575500000,63900000,STK,ME005
933,095570,KR7095570008,AJ네트웍스,KOSPI,,4290,1,45,1.06,4285,4300,4245,21332,91250320,194134336110,45252759,STK,ME005
934,304100,KR7304100001,솔트룩스,KOSDAQ,기술성장기업부,15380,1,130,0.85,15240,15650,15220,48070,743532965,193693489900,12593855,KSQ,ME005
935,039570,KR7039570007,HDC랩스,KOSPI,,7460,3,0,0.0,7400,7480,7380,299,2219090,193643703460,25957601,STK,ME005
936,339770,KR7339770000,교촌에프앤비,KOSPI,,3875,1,25,0.65,3865,3880,3840,16041,62042988,193614685000,49965080,STK,ME005
937,080720,KR7080720006,한국유니온제약,KOSDAQ,관리종목(소속부없음),2410,3,0,0.0,0,0,0,0,0,192441519730,79851253,KSQ,ME005
938,000390,KR7000390005,SP삼화,KOSPI,,7070,2,-20,-0.28,7100,7170,7040,17820,126110200,192328525830,27203469,STK,ME005
939,394800,KR7394800007,쓰리빌리언,KOSDAQ,기술성장기업부,6020,2,-470,-7.24,6360,6440,5990,790804,4882422470,191571769060,31822553,KSQ,ME005
940,003520,KR7003520004,영진약품,KOSPI,,1046,2,-11,-1.04,1050,1077,1045,119938,126839015,191305796626,182892731,STK,ME005
941,013580,KR7013580006,계룡건설,KOSPI,,21350,2,-100,-0.47,21400,21550,21200,19554,417864250,190674864450,8930907,STK,ME005
942,230240,KR7230240004,에치에프알,KOSDAQ,중견기업부,14290,1,460,3.33,14000,14830,14000,259856,3758850255,190185610000,13309000,KSQ,ME005
943,005960,KR7005960000,동부건설,KOSPI,,8280,1,50,0.61,8230,8340,8160,9673,79736155,189998369640,22946663,STK,ME005
944,452450,KR7452450000,피아이이,KOSDAQ,벤처기업부,5270,1,50,0.96,5230,5430,5210,129410,687602285,189870195000,36028500,KSQ,ME005
945,053210,KR7053210001,스카이라이프,KOSPI,,3985,2,-25,-0.62,4000,4030,3970,12908,51499800,189378975675,47522955,STK,ME005
946,013120,KR7013120001,동원개발,KOSDAQ,우량기업부,2085,2,-30,-1.42,2140,2140,2070,58439,122310070,189334888500,90808100,KSQ,ME005
947,041920,KR7041920000,메디아나,KOSDAQ,우량기업부,10170,1,40,0.39,10080,10290,10000,37558,379327810,189143927910,18598223,KSQ,ME005
948,464080,KR7464080001,에스오에스랩,KOSDAQ,기술성장기업부,10490,1,60,0.58,10430,10700,10330,73186,771315305,188962338810,18013569,KSQ,ME005
949,002420,KR7002420008,우양피앤엘,KOSPI,,6060,1,10,0.17,6300,6300,6000,2335,14092920,188877377040,31167884,STK,ME005
950,086670,KR7086670007,비엠티,KOSDAQ,우량기업부,19020,2,-30,-0.16,19220,19390,18760,19358,367848270,188790332700,9925885,KSQ,ME005
951,102940,KR7102940004,코오롱생명과학,KOSDAQ,중견기업부,14420,2,-380,-2.57,14750,14820,14370,50147,729714140,188766495260,13090603,KSQ,ME005
952,102260,KR7102260007,동성케미컬,KOSPI,,3725,1,10,0.27,3715,3750,3690,38723,143941320,188744226475,50669591,STK,ME005
953,308430,KR7308430008,셀비온,KOSDAQ,기술성장기업부,14600,1,290,2.03,14600,14960,14380,20733,305022340,188416664600,12905251,KSQ,ME005
954,036560,KR7036560001,KZ정밀,KOSDAQ,우량기업부,11960,2,-70,-0.58,12000,12040,11940,3268,39199970,188370000000,15750000,KSQ,ME005
955,034810,KR7034810002,해성산업,KOSDAQ,중견기업부,5960,3,0,0.0,5960,5960,5900,5559,32977200,188217705920,31580152,KSQ,ME005
956,484810,KR7484810007,티엑스알로보틱스,KOSDAQ,벤처기업부,12180,1,70,0.58,12010,12340,11970,54377,665413245,188192144700,15450915,KSQ,ME005
957,016580,KR7016580003,환인제약,KOSPI,,10110,2,-10,-0.1,10110,10190,10040,13311,134802855,188046707700,18600070,STK,ME005
958,128820,KR7128820008,대성산업,KOSPI,,4150,1,50,1.22,4090,4220,4085,39051,163089111,187727233700,45235478,STK,ME005
959,016790,KR7016790008,현대사료,KOSDAQ,관리종목(소속부없음),994,3,0,0.0,0,0,0,0,0,187340898626,188471729,KSQ,ME005
960,194700,KR7194700001,노바렉스,KOSDAQ,우량기업부,10260,1,30,0.29,10300,10490,10200,21009,216844750,187294740480,18254848,KSQ,ME005
961,004560,KR7004560009,현대비앤지스틸,KOSPI,,12420,1,70,0.57,12440,12540,12350,10063,125019300,187278832620,15078811,STK,ME005
962,143240,KR7143240000,사람인,KOSDAQ,우량기업부,17440,1,210,1.22,17400,17700,17250,3355,58483840,187178828640,10732731,KSQ,ME005
963,102460,KR7102460003,이연제약,KOSPI,,10060,2,-90,-0.89,10230,10230,10030,12979,131159200,186983318660,18586811,STK,ME005
964,388050,KR7388050007,지투파워,KOSDAQ,우량기업부,9990,2,-20,-0.2,10010,10120,9900,166107,1666635090,186907275630,18709437,KSQ,ME005
965,001130,KR7001130004,대한제분,KOSPI,,11030,2,-40,-0.36,11070,11150,10980,2548,28095150,186407000000,16900000,STK,ME005
966,163730,KR7163730005,핑거,KOSDAQ,벤처기업부,14600,1,100,0.69,14500,14980,13500,94901,1386088690,186379468200,12765717,KSQ,ME005
967,001630,KR7001630003,종근당홀딩스,KOSPI,,37200,2,-250,-0.67,37450,37450,37100,1127,41946000,186366829200,5009861,STK,ME005
968,0010S0,KR70010S0000,와이즈플래닛컴퍼니,KOSDAQ,중견기업부,18560,2,-460,-2.42,18510,19925,18460,445122,8531058885,185971756800,10020030,KSQ,ME005
969,355150,KR7355150004,코스텍시스,KOSDAQ,벤처기업부,23800,1,950,4.16,22850,24150,22550,143755,3400807175,185576930000,7797350,KSQ,ME005
970,260870,KR7260870001,SK시그넷,KONEX,일반기업부,8140,3,0,0.0,8130,8140,8130,2863,23302160,185432333900,22780385,KNX,ME005
971,0015G0,KR70015G0009,그린광학,KOSDAQ,기술성장기업부,15840,1,560,3.66,15420,16180,14980,82514,1303660570,185368249440,11702541,KSQ,ME005
972,003547,KR7003542008,대신증권2우B,KOSPI,,19250,1,50,0.26,19340,19340,19170,940,18083700,184928320500,9606666,STK,ME005
973,052330,KR7052330008,코텍,KOSDAQ,우량기업부,10380,2,-50,-0.48,10400,10520,10350,4129,42876180,184365293820,17761589,KSQ,ME005
974,083930,KR7083930008,아바코,KOSDAQ,우량기업부,12560,2,-20,-0.16,12610,12710,12370,29350,369857660,184346247440,14677249,KSQ,ME005
975,263860,KR7263860009,지니언스,KOSDAQ,벤처기업부,20300,1,830,4.26,19650,20450,19410,91181,1822851975,184315880000,9079600,KSQ,ME005
976,487570,KR7487570004,HS효성,KOSPI,,49450,2,-1050,-2.08,50500,50800,49450,1883,94008300,184247090150,3725927,STK,ME005
977,084850,KR7084850007,아이티엠반도체,KOSDAQ,중견기업부,8120,2,-20,-0.25,8140,8160,8100,1661,13512160,184185424080,22682934,KSQ,ME005
978,220100,KR7220100002,퓨쳐켐,KOSDAQ,기술성장기업부,7120,1,50,0.71,7170,7300,7040,43704,312902820,183818820000,25817250,KSQ,ME005
979,024060,KR7024060006,흥구석유,KOSDAQ,중견기업부,12250,1,270,2.25,12270,12440,12150,720056,8851777140,183750000000,15000000,KSQ,ME005
980,033530,KR7033530007,SJG세종,KOSPI,,6790,1,40,0.59,6750,6840,6700,16169,109880165,183685110210,27052299,STK,ME005
981,066620,KR7066620006,국보디자인,KOSDAQ,우량기업부,24450,2,-300,-1.21,25100,25100,24300,1953,48240900,183375000000,7500000,KSQ,ME005
982,419530,KR7419530001,SAMG엔터,KOSDAQ,기술성장기업부,17960,2,-330,-1.8,18380,18390,17900,13747,248225340,183323772520,10207337,KSQ,ME005
983,036170,KR7036170009,에이치엠넥스,KOSDAQ,중견기업부,2985,1,120,4.19,2870,3115,2870,254019,764080533,183176393610,61365626,KSQ,ME005
984,138610,KR7138610001,나이벡,KOSDAQ,기술성장기업부,16090,2,-220,-1.35,16280,16450,15960,21673,350130020,182907789370,11367793,KSQ,ME005
985,192440,KR7192440006,슈피겐코리아,KOSDAQ,우량기업부,29400,2,-100,-0.34,29500,29700,29200,630,18540150,182761072200,6216363,KSQ,ME005
986,042420,KR7042420000,네오위즈홀딩스,KOSDAQ,우량기업부,22400,2,-350,-1.54,22750,23000,22350,4029,90878400,182387139200,8142283,KSQ,ME005
987,088800,KR7088800008,에이스테크,KOSDAQ,중견기업부,2415,1,230,10.53,2235,2655,2185,3205703,7910063483,182348038110,75506434,KSQ,ME005
988,094820,KR7094820008,일진파워,KOSDAQ,우량기업부,12080,1,90,0.75,11980,12360,11960,53503,650511260,182150804720,15078709,KSQ,ME005
989,000140,KR7000140004,하이트진로홀딩스,KOSPI,,7820,2,-10,-0.13,7810,7890,7790,650,5076470,181476902300,23206765,STK,ME005
990,046120,KR7046120002,오르비텍,KOSDAQ,중견기업부,5360,2,-20,-0.37,5380,5470,5300,256449,1382750130,181465120880,33855433,KSQ,ME005
991,009470,KR7009470006,삼화전기,KOSPI,,27350,1,200,0.74,27250,27650,27150,29824,818634075,180887977000,6613820,STK,ME005
992,000520,KR7000520007,삼일제약,KOSPI,,8330,1,130,1.59,8230,8380,8150,38158,315978970,180692785630,21691811,STK,ME005
993,082800,KR7082800004,비보존 제약,KOSDAQ,중견기업부,2975,1,20,0.68,2960,3065,2935,81253,241860925,180641006350,60719666,KSQ,ME005
994,214180,KR7214180002,헥토이노베이션,KOSDAQ,우량기업부,13890,1,130,0.94,13740,13980,13590,11563,160026690,180477867630,12993367,KSQ,ME005
995,187870,KR7187870001,디바이스,KOSDAQ,우량기업부,12980,2,-230,-1.74,13310,13610,12920,88901,1183183480,179938780560,13862772,KSQ,ME005
996,274090,KR7274090000,켄코아에어로스페이스,KOSDAQ,기술성장기업부,13060,1,450,3.57,12590,13380,12470,628062,8205433965,179891143420,13774207,KSQ,ME005
997,007860,KR7007860000,서연,KOSPI,,7650,2,-60,-0.78,7750,7780,7630,5155,39573520,179620806600,23479844,STK,ME005
998,005160,KR7005160007,동국산업,KOSDAQ,중견기업부,3305,2,-35,-1.05,3365,3405,3260,177440,588664710,179278013010,54244482,KSQ,ME005
999,108380,KR7108380007,대양전기공업,KOSDAQ,우량기업부,18690,1,50,0.27,18460,18750,18460,3273,61174540,178813453770,9567333,KSQ,ME005
1000,012860,KR7012860003,모베이스전자,KOSDAQ,우량기업부,2435,1,70,2.96,2375,2540,2360,756734,1869262045,178323467795,73233457,KSQ,ME005
1001,068790,KR7068790005,DMS,KOSDAQ,우량기업부,8020,2,-80,-0.99,8100,8240,7970,20256,163117000,177916674480,22184124,KSQ,ME005
1002,318060,KR7318060001,그래피,KOSDAQ,기술성장기업부,15870,2,-410,-2.52,16390,16600,15870,72467,1173274030,177654762990,11194377,KSQ,ME005
1003,264850,KR7264850009,이랜시스,KOSDAQ,중견기업부,5860,1,80,1.38,5780,5940,5730,245782,1444041945,177526426320,30294612,KSQ,ME005
1004,003610,KR7003610003,방림,KOSPI,,5510,1,10,0.18,5450,5550,5440,10098,55225350,176930386780,32110778,STK,ME005
1005,003220,KR7003220001,대원제약,KOSPI,,7880,2,-10,-0.13,7840,7890,7820,3597,28297620,176729354040,22427583,STK,ME005
1006,002100,KR7002100006,경농,KOSPI,,9020,1,10,0.11,9000,9060,8970,7138,64403150,176093626500,19522575,STK,ME005
1007,377190,KR7377190004,디앤디플랫폼리츠,KOSPI,,1991,2,-6,-0.3,1997,1997,1979,52151,103514567,176004400000,88400000,STK,ME005
1008,357550,KR7357550003,석경에이티,KOSDAQ,기술성장기업부,32150,1,400,1.26,31500,33000,31500,3042,97594300,175378250000,5455000,KSQ,ME005
1009,260970,KR7260970009,에스앤디,KOSDAQ,우량기업부,60600,3,0,0.0,60000,61900,60000,3934,239647650,175300892400,2892754,KSQ,ME005
1010,199820,KR7199820002,제일일렉트릭,KOSDAQ,우량기업부,7880,1,110,1.42,7800,7970,7740,85758,675338045,175093600000,22220000,KSQ,ME005
1011,403850,KR7403850001,더핑크퐁컴퍼니,KOSDAQ,중견기업부,12190,2,-80,-0.65,12250,12290,12060,18510,224597170,174938811900,14351010,KSQ,ME005
1012,015230,KR7015230006,대창단조,KOSPI,,6440,2,-10,-0.16,6460,6570,6420,9416,61236240,174804912800,27143620,STK,ME005
1013,234080,KR7234080000,JW생명과학,KOSPI,,11030,2,-30,-0.27,11090,11100,10950,1754,19332320,174655130620,15834554,STK,ME005
1014,123330,KR7123330003,제닉,KOSDAQ,우량기업부,21900,2,-850,-3.74,22650,22950,21650,204689,4492430675,174514092000,7968680,KSQ,ME005
1015,417030,KR7417030004,니어스랩,KOSDAQ,기술성장기업부,30200,2,-650,-2.11,30500,32400,30050,83721,2597094250,174482191200,5777556,KSQ,ME005
1016,000300,KR7000300004,DH오토넥스,KOSPI,,4200,3,0,0.0,0,0,0,0,0,174035631000,41437055,STK,ME005
1017,051160,KR7051160000,지어소프트,KOSDAQ,중견기업부,12900,1,1220,10.45,11730,13140,11730,177465,2247545835,173926159200,13482648,KSQ,ME005
1018,000700,KR7000700005,유수홀딩스,KOSPI,,6670,1,70,1.06,6660,6780,6520,33195,222298800,173698886040,26041812,STK,ME005
1019,478340,KR7478340003,나라스페이스테크놀로지,KOSDAQ,기술성장기업부,14930,1,770,5.44,14360,15320,14120,927715,13765772140,173343495950,11610415,KSQ,ME005
1020,086820,KR7086820008,바이오솔루션,KOSDAQ,기술성장기업부,6680,2,-210,-3.05,6900,6990,6650,31955,217709340,173172887800,25924085,KSQ,ME005
1021,372170,KR7372170001,윤성에프앤씨,KOSDAQ,우량기업부,21700,1,250,1.17,21650,22400,21300,11681,257074775,173145341600,7979048,KSQ,ME005
1022,122990,KR7122990005,와이솔,KOSDAQ,중견기업부,6750,1,70,1.05,6760,6850,6700,53867,365481510,173124533250,25648079,KSQ,ME005
1023,255220,KR7255220006,SG,KOSDAQ,중견기업부,1149,1,1,0.09,1151,1180,1146,789972,919414584,172997233998,150563302,KSQ,ME005
1024,039860,KR7039860002,나노엔텍,KOSDAQ,중견기업부,4540,2,-55,-1.2,4600,4660,4520,116931,536441187,172942460620,38093053,KSQ,ME005
1025,119830,KR7119830008,아이텍,KOSDAQ,중견기업부,6515,2,-405,-5.85,6950,6990,6500,109146,738830540,172898562040,26538536,KSQ,ME005
1026,270660,KR7270660004,에브리봇,KOSDAQ,벤처기업부,13620,1,170,1.26,13410,13770,13410,21413,292312400,172845740460,12690583,KSQ,ME005
1027,126700,KR7126700004,하이비젼시스템,KOSDAQ,우량기업부,11540,1,60,0.52,11430,11700,11390,24517,283814320,172431972480,14942112,KSQ,ME005
1028,016450,KR7016450009,한세예스24홀딩스,KOSPI,,4310,2,-25,-0.58,4330,4330,4300,3121,13452825,172400000000,40000000,STK,ME005
1029,213500,KR7213500002,한솔제지,KOSPI,,7240,3,0,0.0,7290,7290,7210,15036,108645110,172316170240,23800576,STK,ME005
1030,388790,KR7388790008,라이콤,KOSDAQ,벤처기업부,5620,1,370,7.05,5360,5740,5360,1145504,6398594120,172051579200,30614160,KSQ,ME005
1031,143160,KR7143160000,아이디스,KOSDAQ,우량기업부,16050,1,60,0.38,16100,16330,15900,3886,62793360,171998059500,10716390,KSQ,ME005
1032,264450,KR7264450008,유비쿼스,KOSDAQ,우량기업부,11700,1,260,2.27,11520,12110,11520,127282,1510752015,171586268100,14665493,KSQ,ME005
1033,445180,KR7445180003,퓨릿,KOSDAQ,우량기업부,9980,2,-120,-1.19,10200,10420,9970,82611,842175000,171548096240,17189188,KSQ,ME005
1034,432720,KR7432720001,퀄리타스반도체,KOSDAQ,기술성장기업부,12070,1,120,1.0,12140,12340,11690,203424,2463909540,171243994040,14187572,KSQ,ME005
1035,092130,KR7092130004,이크레더블,KOSDAQ,중견기업부,14210,2,-50,-0.35,14260,14410,14200,660,9382450,171139556000,12043600,KSQ,ME005
1036,039830,KR7039830005,오로라,KOSDAQ,우량기업부,15900,2,-120,-0.75,16020,16420,15580,19680,314826540,171129951000,10762890,KSQ,ME005
1037,149950,KR7149950008,아바텍,KOSDAQ,우량기업부,12510,2,-40,-0.32,12600,13050,12510,74615,951435250,170982964530,13667703,KSQ,ME005
1038,054210,KR7054210000,이랜텍,KOSDAQ,우량기업부,6740,1,20,0.3,6720,6910,6680,94617,644677045,170462755400,25291210,KSQ,ME005
1039,194480,KR7194480000,데브시스터즈,KOSDAQ,중견기업부,13970,2,-300,-2.1,14280,14400,13970,25226,355701790,170003025500,12169150,KSQ,ME005
1040,003460,KR7003460003,유화증권,KOSPI,,2995,1,15,0.5,2990,3000,2970,3414,10189289,169823732925,56702415,STK,ME005
1041,251370,KR7251370003,와이엠티,KOSDAQ,벤처기업부,9420,1,400,4.43,9050,9520,8890,160958,1495739660,169684466460,18013213,KSQ,ME005
1042,049630,KR7049630007,재영솔루텍,KOSDAQ,우량기업부,7240,2,-20,-0.28,7260,7450,7150,142665,1044948970,169163606360,23365139,KSQ,ME005
1043,489460,KR7489460006,바이오비쥬,KOSDAQ,벤처기업부,11460,2,-60,-0.52,11500,11600,11370,15849,182530970,169072669020,14753287,KSQ,ME005
1044,0082N0,KR70082N0008,카나프테라퓨틱스,KOSDAQ,기술성장기업부,12670,2,-420,-3.21,13090,13090,12650,25870,331078870,168518348600,13300580,KSQ,ME005
1045,084990,KR7084990001,헬릭스미스,KOSDAQ,기술성장기업부,3655,2,-175,-4.57,3825,3825,3630,176137,652044685,168469173035,46092797,KSQ,ME005
1046,013990,KR7013990007,아가방컴퍼니,KOSDAQ,우량기업부,5120,2,-50,-0.97,5150,5230,5070,157828,815565395,168384184320,32887536,KSQ,ME005
1047,032620,KR7032620007,GC메디아이,KOSDAQ,우량기업부,3225,2,-5,-0.15,3205,3230,3200,15686,50425725,168335773275,52197139,KSQ,ME005
1048,002150,KR7002150001,도화엔지니어링,KOSPI,,4990,1,15,0.3,5010,5010,4960,3015,15026185,168262800000,33720000,STK,ME005
1049,092070,KR7092070002,디엔에프,KOSDAQ,중견기업부,14520,1,360,2.54,14750,14750,14080,55633,802290370,168023378160,11571858,KSQ,ME005
1050,032940,KR7032940009,원익,KOSDAQ,우량기업부,9230,1,210,2.33,9040,9430,8960,252576,2342962470,167923060630,18193181,KSQ,ME005
1051,418550,KR7418550000,제이오,KOSDAQ,기술성장기업부,5230,1,190,3.77,5090,5490,5020,110018,582994660,167452429790,32017673,KSQ,ME005
1052,474650,KR7474650009,링크솔루션,KOSDAQ,기술성장기업부,29100,1,700,2.46,28450,30400,28300,36458,1078475675,167420506200,5753282,KSQ,ME005
1053,123410,KR7123410003,코리아에프티,KOSDAQ,우량기업부,6010,1,40,0.67,6050,6050,5950,19556,117444660,167324794640,27841064,KSQ,ME005
1054,245620,KR7245620000,EDGC,KOSDAQ,관리종목(소속부없음),741,3,0,0.0,0,0,0,0,0,167118555474,225531114,KSQ,ME005
1055,038390,KR7038390001,레드캡투어,KOSDAQ,우량기업부,9960,1,10,0.1,9920,10010,9920,3077,30693720,166539387120,16720822,KSQ,ME005
1056,014710,KR7014710008,사조씨푸드,KOSPI,,9620,2,-250,-2.53,10010,10010,9610,3094,29931900,165642383660,17218543,STK,ME005
1057,067290,KR7067290007,JW신약,KOSDAQ,중견기업부,2955,2,-35,-1.17,2950,3010,2950,938947,2790742859,165589639365,56037103,KSQ,ME005
1058,289080,KR7289080004,SV인베스트먼트,KOSDAQ,중견기업부,2750,2,-50,-1.79,2800,2845,2740,440552,1223846300,165380140750,60138233,KSQ,ME005
1059,488280,KR7488280009,에스투더블유,KOSDAQ,기술성장기업부,15260,1,330,2.21,14990,15680,14850,626173,9606262510,165196916360,10825486,KSQ,ME005
1060,051370,KR7051370005,인터플렉스,KOSDAQ,우량기업부,7080,2,-100,-1.39,7230,7230,7040,159273,1140540730,165158501760,23327472,KSQ,ME005
1061,241590,KR7241590009,화승엔터프라이즈,KOSPI,,2725,1,45,1.68,2745,2745,2640,8433,22533765,165105777100,60589276,STK,ME005
1062,290690,KR7290690007,아리바이오홀딩스,KOSDAQ,중견기업부,3100,2,-70,-2.21,3140,3270,2950,839055,2586769694,164525695500,53072805,KSQ,ME005
1063,104480,KR7104480009,티케이케미칼,KOSDAQ,중견기업부,1802,2,-9,-0.5,1811,1829,1800,36080,65269068,163793572068,90895434,KSQ,ME005
1064,396300,KR7396300006,HT로보틱스,KOSDAQ,우량기업부,6160,1,60,0.98,6100,6480,6050,4434138,27689317430,163175320000,26489500,KSQ,ME005
1065,267320,KR7267320000,나인테크,KOSDAQ,벤처기업부,2825,1,5,0.18,2800,2885,2790,1904607,5404317469,162198208375,57415295,KSQ,ME005
1066,950140,KR8840110108,잉글우드랩,KOSDAQ,외국기업(소속부없음),8150,2,-110,-1.33,8260,8260,8110,14608,118895880,161923107900,19867866,KSQ,ME005
1067,004380,KR7004380002,삼익THK,KOSPI,,7810,1,140,1.83,7700,7940,7610,12192,95293550,161667000000,20700000,STK,ME005
1068,090350,KR7090350000,노루페인트,KOSPI,,8080,1,80,1.0,8000,8130,7990,29250,236276715,161600000000,20000000,STK,ME005
1069,475040,KR7475040002,스트라드비젼,KOSDAQ,기술성장기업부,3000,2,-20,-0.66,3005,3045,2985,128154,384729209,161475966000,53825322,KSQ,ME005
1070,101530,KR7101530004,해태제과식품,KOSPI,,5530,3,0,0.0,0,0,0,0,0,161016025660,29116822,STK,ME005
1071,402030,KR7402030001,코난테크놀로지,KOSDAQ,기술성장기업부,12800,1,10,0.08,12740,13130,12740,8965,116048030,160223846400,12517488,KSQ,ME005
1072,204610,KR7204610000,티쓰리,KOSDAQ,벤처기업부,2870,2,-25,-0.86,2895,2925,2860,25265,72751595,159934251400,55726220,KSQ,ME005
1073,093190,KR7093190007,빅솔론,KOSDAQ,우량기업부,8300,1,70,0.85,8440,8460,8210,1118,9319280,159682911500,19238905,KSQ,ME005
1074,460850,KR7460850001,동국씨엠,KOSPI,,5340,3,0,0.0,5320,5370,5290,8721,46583450,159658823040,29898656,STK,ME005
1075,066410,KR7066410002,버킷스튜디오,KOSDAQ,투자주의환기종목(소속부없음),1153,3,0,0.0,0,0,0,0,0,159637252154,138453818,KSQ,ME005
1076,226590,KR7226590008,엠디바이스,KOSDAQ,기술성장기업부,14860,2,-100,-0.67,14960,15260,14760,55568,836010725,159251410240,10716784,KSQ,ME005
1077,123860,KR7123860009,아나패스,KOSDAQ,우량기업부,13100,3,0,0.0,13190,13200,13030,1667,21816225,158816736500,12123415,KSQ,ME005
1078,041020,KR7041020009,폴라리스오피스,KOSDAQ,벤처기업부,3165,1,10,0.32,3130,3215,3130,115014,366467928,157249204845,49683793,KSQ,ME005
1079,118990,KR7118990001,모트렉스,KOSDAQ,우량기업부,6400,2,-10,-0.16,6410,6470,6390,13877,88974500,157039174400,24537371,KSQ,ME005
1080,102120,KR7102120003,어보브반도체,KOSDAQ,벤처기업부,8830,1,120,1.38,8840,9110,8710,327340,2927077805,157004048990,17780753,KSQ,ME005
1081,054450,KR7054450002,텔레칩스,KOSDAQ,중견기업부,10360,2,-20,-0.19,10380,10650,10300,66768,698951310,156894253880,15144233,KSQ,ME005
1082,072870,KR7072870009,메가스터디,KOSDAQ,우량기업부,13160,2,-70,-0.53,13380,13380,13110,7223,94952880,156879820440,11920959,KSQ,ME005
1083,101360,KR7101360006,에코앤드림,KOSDAQ,벤처기업부,8820,1,430,5.13,8710,8930,8610,81718,719279090,156873525480,17786114,KSQ,ME005
1084,041520,KR7041520008,이엘씨,KOSDAQ,투자주의환기종목(소속부없음),12870,2,-40,-0.31,12990,13060,12630,7105,91106680,156868955100,12188730,KSQ,ME005
1085,086890,KR7086890001,이수앱지스,KOSDAQ,중견기업부,3835,2,-45,-1.16,3880,3970,3770,29443,112336255,156372086650,40774990,KSQ,ME005
1086,002170,KR7002170009,SYTS,KOSPI,,52100,1,100,0.19,52600,52800,51400,751,38849100,156300000000,3000000,STK,ME005
1087,489500,KR7489500009,엘케이켐,KOSDAQ,벤처기업부,24450,2,-250,-1.01,24750,24950,24200,26366,646793350,156265769100,6391238,KSQ,ME005
1088,023910,KR7023910003,대한약품,KOSDAQ,우량기업부,26000,2,-350,-1.33,26350,26350,25900,4343,113238350,156000000000,6000000,KSQ,ME005
1089,078070,KR7078070000,유비쿼스홀딩스,KOSDAQ,중견기업부,9140,1,270,3.04,8880,9420,8840,34926,322536805,155917825020,17058843,KSQ,ME005
1090,067280,KR7067280008,멀티캠퍼스,KOSDAQ,우량기업부,26300,3,0,0.0,26450,26450,26000,2217,58092650,155874287700,5926779,KSQ,ME005
1091,001780,KR7001780006,알루코,KOSPI,,1609,1,18,1.13,1599,1635,1593,240701,389866694,155799682388,96830132,STK,ME005
1092,080160,KR7080160005,모두투어,KOSDAQ,우량기업부,8220,2,-90,-1.08,8250,8400,8210,20103,165435690,155358000000,18900000,KSQ,ME005
1093,000860,KR7000860007,강남제비스코,KOSPI,,11930,2,-270,-2.21,12060,12270,11920,7004,84202640,155090000000,13000000,STK,ME005
1094,007570,KR7007570005,일양약품,KOSPI,,8110,3,0,0.0,8050,8150,8050,5694,46118790,154784735040,19085664,STK,ME005
1095,322310,KR7322310004,오로스테크놀로지,KOSDAQ,벤처기업부,16500,1,520,3.25,16500,16850,16230,129782,2151300785,154547943000,9366542,KSQ,ME005
1096,011040,KR7011040003,경동제약,KOSDAQ,중견기업부,5020,1,10,0.2,5010,5050,5000,3704,18594370,154459205320,30768766,KSQ,ME005
1097,220260,KR7220260004,켐트로스,KOSDAQ,벤처기업부,4805,1,65,1.37,4740,4910,4680,160566,773897531,154106224275,32072055,KSQ,ME005
1098,351320,KR7351320007,넥사다이내믹스,KOSDAQ,중견기업부,4965,1,315,6.77,4745,5060,4700,480980,2367442724,153952446030,31007542,KSQ,ME005
1099,052260,KR7052260007,현대바이오랜드,KOSDAQ,우량기업부,5120,2,-80,-1.54,5160,5340,5030,1055768,5479862130,153600000000,30000000,KSQ,ME005
1100,093640,KR7093640001,케이알엠,KOSDAQ,벤처기업부,4675,1,35,0.75,4715,4740,4600,9477,44524078,153544372300,32843716,KSQ,ME005
1101,400760,KR7400760005,NH올원리츠,KOSPI,,2795,3,0,0.0,2820,2820,2795,43426,121946012,153527323625,54929275,STK,ME005
1102,024800,KR7024800005,유성티엔에스,KOSDAQ,우량기업부,4355,2,-80,-1.8,4575,4575,4345,7316,32061210,153406486350,35225370,KSQ,ME005
1103,212560,KR7212560007,네오오토,KOSDAQ,우량기업부,11360,1,930,8.92,10580,11940,10380,690515,7790139395,153204913280,13486348,KSQ,ME005
1104,413630,KR7413630005,씨피시스템,KOSDAQ,벤처기업부,4200,1,60,1.45,4140,4265,4115,389025,1635067371,153033741000,36436605,KSQ,ME005
1105,179290,KR7179290002,엠아이텍,KOSDAQ,우량기업부,4700,1,30,0.64,4670,4770,4650,11778,55590070,152118686600,32365678,KSQ,ME005
1106,205500,KR7205500002,넥써쓰,KOSDAQ,중견기업부,1819,2,-9,-0.49,1843,1843,1792,28839,52434796,151998908743,83561797,KSQ,ME005
1107,462520,KR7462520008,조선내화,KOSPI,,12800,1,30,0.23,12770,12830,12740,610,7802290,151746150400,11855168,STK,ME005
1108,004090,KR7004090007,한국석유,KOSPI,,11930,1,270,2.32,11840,12040,11800,98963,1182090730,151440851600,12694120,STK,ME005
1109,054800,KR7054800008,아이디스홀딩스,KOSDAQ,중견기업부,14630,2,-190,-1.28,14820,14820,14430,2415,35264410,151387670280,10347756,KSQ,ME005
1110,065660,KR7065660003,안트로젠,KOSDAQ,기술성장기업부,15110,1,40,0.27,15190,15380,14850,6958,104929050,151192171000,10006100,KSQ,ME005
1111,001045,KR7001041003,CJ우,KOSPI,,66700,1,200,0.3,66500,66900,66100,794,52732500,150756874100,2260223,STK,ME005
1112,494120,KR7494120009,큐리오시스,KOSDAQ,기술성장기업부,9870,2,-870,-8.1,10620,10710,9850,99603,1011014540,150613870680,15259764,KSQ,ME005
1113,013890,KR7013890009,지누스,KOSPI,,6840,1,50,0.74,6830,6900,6730,5863,39968355,149972560920,21925813,STK,ME005
1114,300080,KR7300080009,플리토,KOSDAQ,기술성장기업부,9070,2,-90,-0.98,9150,9280,9000,15413,140959300,149940260570,16531451,KSQ,ME005
1115,007330,KR7007330004,푸른저축은행,KOSDAQ,투자주의환기종목(소속부없음),9940,3,0,0.0,9940,10000,9930,2554,25404520,149923032000,15082800,KSQ,ME005
1116,000970,KR7000970004,한국주철관,KOSPI,,6570,3,0,0.0,6600,6610,6550,1153,7579030,149799285000,22800500,STK,ME005
1117,0007C0,KR70007C0003,아크릴,KOSDAQ,기술성장기업부,18620,2,-170,-0.9,19000,19000,18480,41356,774395665,149524632880,8030324,KSQ,ME005
1118,0039P0,KR70039P0000,매드업,KOSDAQ,기술성장기업부,7950,2,-30,-0.38,7990,8050,7900,249582,1988794265,149518830000,18807400,KSQ,ME005
1119,006805,KR7006801005,미래에셋증권우,KOSPI,,11100,2,-150,-1.33,11390,11390,11000,18665,206881275,149340876300,13454133,STK,ME005
1120,011785,KR7011781002,금호석유화학우,KOSPI,,49300,2,-50,-0.1,50200,50200,49200,2580,127579700,149057859800,3023486,STK,ME005
1121,004150,KR7004150009,한솔홀딩스,KOSPI,,3625,1,20,0.55,3610,3665,3590,60482,218856385,148721497500,41026620,STK,ME005
1122,293480,KR7293480000,하나제약,KOSPI,,8350,1,50,0.6,8320,8410,8280,7803,65130210,148404099100,17772946,STK,ME005
1123,00279K,KR700279K010,아모레퍼시픽홀딩스3우C,KOSPI,,20900,2,-400,-1.88,21150,21325,20600,5426,112990200,148226980000,7092200,STK,ME005
1124,272550,KR7272550005,삼양패키징,KOSPI,,9770,2,-100,-1.01,9790,9870,9760,5597,54965920,147218326620,15068406,STK,ME005
1125,264660,KR7264660002,씨앤지하이테크,KOSDAQ,우량기업부,15110,1,200,1.34,15050,15180,14825,29993,451758805,146886908920,9721172,KSQ,ME005
1126,271980,KR7271980005,제일약품,KOSPI,,9980,2,-50,-0.5,10090,10090,9950,2099,20939380,146754622560,14704872,STK,ME005
1127,049960,KR7049960008,쎌바이오텍,KOSDAQ,벤처기업부,15600,1,210,1.36,15400,15700,15300,7385,115084900,146640000000,9400000,KSQ,ME005
1128,046440,KR7046440004,KG파이낸셜,KOSDAQ,우량기업부,4035,2,-5,-0.12,4040,4050,4025,8569,34633930,146270307510,36250386,KSQ,ME005
1129,950250,KR8826050005,테라뷰,KOSDAQ,기술성장기업부,4095,3,0,0.0,4055,4220,3930,843407,3450509705,146178936540,35696932,KSQ,ME005
1130,452190,KR7452190002,한빛레이저,KOSDAQ,벤처기업부,6090,2,-160,-2.56,6170,6370,6060,1118088,6950963700,145676192130,23920557,KSQ,ME005
1131,232680,KR7232680009,라온로보틱스,KOSDAQ,기술성장기업부,10970,1,30,0.27,11000,11280,10820,76401,846331015,145434775000,13257500,KSQ,ME005
1132,069510,KR7069510006,에스텍,KOSDAQ,우량기업부,13310,1,120,0.91,13270,13470,13190,3987,52954640,145212100000,10910000,KSQ,ME005
1133,147830,KR7147830004,제룡산업,KOSDAQ,벤처기업부,7260,1,140,1.97,7150,7300,7100,130483,942204335,145200000000,20000000,KSQ,ME005
1134,097955,KR7097951008,CJ제일제당 우,KOSPI,,109300,1,300,0.28,109900,109900,108500,1296,141079050,145088426900,1327433,STK,ME005
1135,016880,KR7016880007,웅진,KOSPI,,1813,2,-30,-1.63,1835,1852,1806,19938,36334886,144907796040,79927080,STK,ME005
1136,387690,KR7387690001,레메디,KOSDAQ,기술성장기업부,18940,2,-270,-1.41,19100,19600,18860,339240,6495825900,144432481540,7625791,KSQ,ME005
1137,146320,KR7146320007,비씨엔씨,KOSDAQ,벤처기업부,11270,1,40,0.36,11100,11500,11100,11408,129472045,144232592210,12797923,KSQ,ME005
1138,025820,KR7025820002,이구산업,KOSPI,,4312,1,12,0.28,4260,4390,4260,49316,214521502,144201904000,33442000,STK,ME005
1139,059120,KR7059120006,아진엑스텍,KOSDAQ,벤처기업부,7840,1,130,1.69,7740,7970,7620,398328,3123205720,143550917440,18310066,KSQ,ME005
1140,023600,KR7023600000,삼보판지,KOSDAQ,우량기업부,8950,2,-80,-0.89,9020,9050,8900,4184,37608685,143274285000,16008300,KSQ,ME005
1141,004970,KR7004970000,신라교역,KOSPI,,8950,2,-100,-1.1,9020,9040,8930,3535,31660690,143200000000,16000000,STK,ME005
1142,101970,KR7101970002,우양에이치씨,KOSDAQ,중견기업부,9660,1,260,2.77,9560,10000,9380,2436,23440000,142871486940,14790009,KSQ,ME005
1143,000020,KR7000020008,동화약품,KOSPI,,5110,2,-20,-0.39,5150,5180,5090,13229,67756585,142729811700,27931470,STK,ME005
1144,115310,KR7115310005,인포바인,KOSDAQ,벤처기업부,9620,1,30,0.31,9600,9640,9480,1811,17372610,142679501380,14831549,KSQ,ME005
1145,148150,KR7148150006,세경하이테크,KOSDAQ,우량기업부,4000,2,-60,-1.48,4090,4090,3975,21142,84700435,142171272000,35542818,KSQ,ME005
1146,0088M0,KR70088M0003,메쥬,KOSDAQ,기술성장기업부,14380,2,-410,-2.77,14730,14800,14350,68052,991515010,142099565000,9881750,KSQ,ME005
1147,211270,KR7211270004,AP위성,KOSDAQ,우량기업부,9380,1,190,2.07,9190,9560,9150,58069,546676570,141472011520,15082304,KSQ,ME005
1148,012610,KR7012610002,경인양행,KOSPI,,3395,1,45,1.34,3360,3510,3345,174328,599273471,141287559175,41616365,STK,ME005
1149,005990,KR7005990007,매일홀딩스,KOSDAQ,우량기업부,10620,2,-70,-0.65,10680,10680,10430,617,6539910,141227988480,13298304,KSQ,ME005
1150,417500,KR7417500006,제이아이테크,KOSDAQ,우량기업부,4305,2,-40,-0.92,4320,4465,4285,256285,1120429638,141138322920,32784744,KSQ,ME005
1151,048870,KR7048870000,시너지이노베이션,KOSDAQ,중견기업부,1599,1,10,0.63,1589,1610,1581,34190,54610116,140883033837,88106963,KSQ,ME005
1152,003830,KR7003830007,대한화섬,KOSPI,,106000,2,-2500,-2.3,109700,109700,106000,111,11971900,140768000000,1328000,STK,ME005
1153,134580,KR7134580000,탑코미디어,KOSDAQ,중견기업부,2855,2,-90,-3.06,2970,2975,2835,101355,291760951,140734795395,49294149,KSQ,ME005
1154,071840,KR7071840003,롯데하이마트,KOSPI,,5960,3,0,0.0,5950,6000,5910,3572,21270190,140701963520,23607712,STK,ME005
1155,469610,KR7469610000,이노테크,KOSDAQ,중견기업부,15710,2,-140,-0.88,15700,15980,15640,21528,339683750,140492959000,8942900,KSQ,ME005
1156,156100,KR7156100000,엘앤케이바이오,KOSDAQ,벤처기업부,6280,1,20,0.32,6260,6490,6240,77843,496688740,140365240840,22351153,KSQ,ME005
1157,008970,KR7008970006,KBI동양철관,KOSPI,,1348,2,-102,-7.03,1417,1438,1344,4101291,5699614591,139877790636,103766907,STK,ME005
1158,228850,KR7228850004,레이언스,KOSDAQ,우량기업부,8430,2,-90,-1.06,8630,8630,8250,44260,374438880,139862248020,16591014,KSQ,ME005
1159,072950,KR7072950009,빛샘전자,KOSDAQ,벤처기업부,17360,1,2070,13.54,16590,18210,16580,8626325,151897605435,139793309600,8052610,KSQ,ME005
1160,003480,KR7003480001,한진중공업홀딩스,KOSPI,,4730,2,-10,-0.21,4735,4750,4720,3443,16278165,139676010760,29529812,STK,ME005
1161,001080,KR7001080001,만호제강,KOSPI,,3965,1,85,2.19,3855,4010,3855,13382,52597925,139230816400,35114960,STK,ME005
1162,107590,KR7107590002,미원홀딩스,KOSPI,,60000,2,-500,-0.83,60300,60300,59900,82,4923500,139200000000,2320000,STK,ME005
1163,451760,KR7451760003,컨텍,KOSDAQ,기술성장기업부,8430,1,30,0.36,8400,8700,8340,74671,636618280,139160534820,16507774,KSQ,ME005
1164,015890,KR7015890007,태경산업,KOSPI,,4755,1,10,0.21,4745,4780,4730,3667,17445895,138982706250,29228750,STK,ME005
1165,114840,KR7114840002,아이패밀리에스씨,KOSDAQ,우량기업부,8320,1,10,0.12,8320,8490,8300,9967,83920050,138789123200,16681385,KSQ,ME005
1166,256940,KR7256940008,킵스파마,KOSDAQ,벤처기업부,6900,1,70,1.02,6820,7090,6690,49070,340700095,138539214300,20078147,KSQ,ME005
1167,052860,KR7052860004,아이앤씨,KOSDAQ,벤처기업부,7750,1,60,0.78,7690,7800,7550,15326,117273530,138468118500,17866854,KSQ,ME005
1168,142210,KR7142210004,유니트론텍,KOSDAQ,우량기업부,6670,2,-10,-0.15,6680,6800,6640,118135,793160660,138411858010,20751403,KSQ,ME005
1169,094280,KR7094280005,효성ITX,KOSPI,,11930,1,30,0.25,12000,12000,11900,468,5595950,137889326000,11558200,STK,ME005
1170,047770,KR7047770003,코데즈컴바인,KOSDAQ,중견기업부,3640,1,40,1.11,3590,3645,3570,170154,615378077,137747071280,37842602,KSQ,ME005
1171,011690,KR7011690005,와이투솔루션,KOSPI,,3745,1,110,3.03,3590,3865,3590,267912,1010773564,137436863690,36698762,STK,ME005
1172,008350,KR7008350001,남선알미늄,KOSPI,,1064,2,-4,-0.37,1071,1071,1059,198908,211738792,137340151760,129079090,STK,ME005
1173,089600,KR7089600001,KT나스미디어,KOSDAQ,우량기업부,12040,2,-140,-1.15,12180,12300,12030,9363,113129080,137334982400,11406560,KSQ,ME005
1174,297090,KR7297090003,씨에스베어링,KOSDAQ,투자주의환기종목(소속부없음),5030,1,120,2.44,4910,5110,4850,65401,329389500,137168100000,27270000,KSQ,ME005
1175,321550,KR7321550006,티움바이오,KOSDAQ,기술성장기업부,4565,2,-330,-6.74,4935,4940,4500,138379,637738649,137125638375,30038475,KSQ,ME005
1176,126640,KR7126640002,화신정공,KOSDAQ,우량기업부,3900,1,65,1.69,3845,3945,3820,245544,956572181,136718049000,35055910,KSQ,ME005
1177,402490,KR7402490007,그린리소스,KOSDAQ,기술성장기업부,8060,1,30,0.37,8180,8250,7960,154986,1260427590,136497849020,16935217,KSQ,ME005
1178,140670,KR7140670001,알에스오토메이션,KOSDAQ,중견기업부,10630,2,-50,-0.47,10650,10930,10550,66125,713906100,136487499200,12839840,KSQ,ME005
1179,038290,KR7038290003,마크로젠,KOSDAQ,중견기업부,12560,2,-120,-0.95,12690,12690,12420,10949,136905740,136167984000,10841400,KSQ,ME005
1180,039840,KR7039840004,디오,KOSDAQ,중견기업부,10140,1,620,6.51,10580,10690,9880,267852,2785185885,136036495920,13415828,KSQ,ME005
1181,060150,KR7060150000,인선이엔티,KOSDAQ,중견기업부,2985,1,10,0.34,2910,3005,2910,24211,72276830,136007381820,45563612,KSQ,ME005
1182,053260,KR7053260006,금강철강,KOSDAQ,우량기업부,7230,2,-230,-3.08,7320,7500,7200,338342,2487975230,135345600000,18720000,KSQ,ME005
1183,037070,KR7037070000,파세코,KOSDAQ,중견기업부,6750,1,130,1.96,6600,6760,6560,38041,253601720,135000000000,20000000,KSQ,ME005
1184,003100,KR7003100005,선광,KOSDAQ,우량기업부,20450,2,-150,-0.73,20550,20800,20450,3319,68361100,134970000000,6600000,KSQ,ME005
1185,001360,KR7001360007,삼성제약,KOSPI,,1433,2,-31,-2.12,1466,1500,1410,620071,901215598,134934259207,94162079,STK,ME005
1186,054920,KR7054920004,한컴위드,KOSDAQ,중견기업부,4780,1,20,0.42,4810,4845,4760,263562,1265710107,134877647180,28217081,KSQ,ME005
1187,035610,KR7035610005,솔본,KOSDAQ,투자주의환기종목(소속부없음),4915,2,-35,-0.71,4950,4950,4855,9459,46189514,134405575255,27345997,KSQ,ME005
1188,081000,KR7081000002,일진다이아,KOSPI,,9460,1,270,2.94,9290,9470,9190,15743,146455520,134360143500,14202975,STK,ME005
1189,014280,KR7014280002,금강공업,KOSPI,,4575,2,-95,-2.03,4690,4700,4570,110893,513997890,134181808275,29329357,STK,ME005
1190,105330,KR7105330005,케이엔더블유,KOSDAQ,중견기업부,8360,2,-40,-0.48,8450,8500,8250,16178,135309870,133923187200,16019520,KSQ,ME005
1191,004080,KR7004080008,신흥,KOSPI,,14400,2,-50,-0.35,14500,14500,14300,1611,23159960,133920000000,9300000,STK,ME005
1192,042600,KR7042600007,새로닉스,KOSDAQ,중견기업부,10740,2,-1410,-11.6,12110,12110,10620,78187,864736855,133429184760,12423574,KSQ,ME005
1193,158430,KR7158430009,아톤,KOSDAQ,벤처기업부,5450,1,50,0.93,5440,5560,5420,336479,1846564370,133427401400,24482092,KSQ,ME005
1194,265740,KR7265740001,엔에프씨,KOSDAQ,벤처기업부,7460,1,10,0.13,7470,7610,7400,132685,993840875,133262456000,17863600,KSQ,ME005
1195,115440,KR7115440000,우리넷,KOSDAQ,우량기업부,12330,1,520,4.4,12300,13280,12230,2539770,32094150950,133093620360,10794292,KSQ,ME005
1196,240550,KR7240550004,동방메디컬,KOSDAQ,중견기업부,6350,2,-30,-0.47,6410,6430,6240,72432,461149355,132930519000,20933940,KSQ,ME005
1197,222040,KR7222040008,코스맥스엔비티,KOSDAQ,중견기업부,6440,2,-290,-4.31,6710,6780,6200,381251,2458646155,132844320000,20628000,KSQ,ME005
1198,140610,KR7140610007,엔솔바이오사이언스,KONEX,일반기업부,9240,2,-460,-4.74,9800,9990,9000,10142,94412730,132837954480,14376402,KNX,ME005
1199,285490,KR7285490009,노바텍,KOSDAQ,벤처기업부,12550,1,320,2.62,12230,12830,12230,41727,524101810,132726679050,10575831,KSQ,ME005
1200,073010,KR7073010001,케이에스피,KOSDAQ,우량기업부,3300,3,0,0.0,3290,3355,3265,101345,335475092,132631125000,40191250,KSQ,ME005
1201,018470,KR7018470005,조일알미늄,KOSPI,,5220,1,40,0.77,5190,5280,5110,28557,149363635,132203515680,25326344,STK,ME005
1202,322510,KR7322510009,제이엘케이,KOSDAQ,기술성장기업부,5120,2,-50,-0.97,5210,5240,5100,57509,296474690,131716567040,25725892,KSQ,ME005
1203,138360,KR7138360003,앤로보틱스,KOSDAQ,벤처기업부,1497,2,-40,-2.6,1530,1530,1497,632604,954496173,131696979198,87973934,KSQ,ME005
1204,141000,KR7141000000,비아트론,KOSDAQ,벤처기업부,10870,1,300,2.84,10600,11050,10500,49981,544292420,131686897700,12114710,KSQ,ME005
1205,457550,KR7457550002,우진엔텍,KOSDAQ,중견기업부,14130,3,0,0.0,0,0,0,0,0,131676876540,9318958,KSQ,ME005
1206,417010,KR7417010006,나노팀,KOSDAQ,벤처기업부,6520,1,310,4.99,6210,6610,6210,133390,861826540,131526186560,20172728,KSQ,ME005
1207,338840,KR7338840002,와이바이오로직스,KOSDAQ,기술성장기업부,8530,2,-60,-0.7,8530,8700,8430,12620,107857930,131394951390,15403863,KSQ,ME005
1208,136540,KR7136540002,윈스테크넷,KOSDAQ,우량기업부,10690,1,20,0.19,10660,10780,10660,3720,39839075,131270484740,12279746,KSQ,ME005
1209,418420,KR7418420006,라온텍,KOSDAQ,기술성장기업부,4260,1,5,0.12,4300,4450,4230,95016,413551576,131099617080,30774558,KSQ,ME005
1210,172670,KR7172670002,에이엘티,KOSDAQ,벤처기업부,14610,1,400,2.81,14210,14900,14120,95974,1400789630,130909383990,8960259,KSQ,ME005
1211,024090,KR7024090003,디씨엠,KOSPI,,11480,3,0,0.0,11470,11500,11420,982,11271470,130872000000,11400000,STK,ME005
1212,361390,KR7361390008,제노코,KOSDAQ,벤처기업부,13420,1,220,1.67,13280,13590,13200,14464,194173115,130662233020,9736381,KSQ,ME005
1213,009780,KR7009780008,엠에스씨,KOSDAQ,우량기업부,7410,1,360,5.11,7050,7500,7050,42752,314031970,130416000000,17600000,KSQ,ME005
1214,282880,KR7282880004,코윈로보틱스,KOSDAQ,우량기업부,11150,1,160,1.46,11080,11240,10900,29939,333256775,130389014300,11694082,KSQ,ME005
1215,071280,KR7071280002,로체시스템즈,KOSDAQ,우량기업부,8520,2,-230,-2.63,8790,8840,8460,68490,588931230,130327057560,15296603,KSQ,ME005
1216,049720,KR7049720006,고려신용정보,KOSDAQ,우량기업부,9100,2,-20,-0.22,9120,9160,9090,5549,50688385,130130000000,14300000,KSQ,ME005
1217,001540,KR7001540004,안국약품,KOSDAQ,우량기업부,9970,2,-30,-0.3,10100,10180,9960,15973,160091330,130032927400,13042420,KSQ,ME005
1218,092220,KR7092220003,KEC,KOSPI,,3225,1,10,0.31,3220,3340,3180,335112,1095796254,129492225300,40152628,STK,ME005
1219,015590,KR7015590003,DKME,KOSPI,,2425,1,15,0.62,2425,2440,2360,93706,224855240,129486046900,53396308,STK,ME005
1220,321370,KR7321370009,센서뷰,KOSDAQ,기술성장기업부,1832,1,113,6.57,1733,1848,1723,3544081,6424182109,129379963832,70622251,KSQ,ME005
1221,408920,KR7408920007,메쎄이상,KOSDAQ,우량기업부,2990,1,120,4.18,2840,3025,2840,25180,73720495,129265040450,43232455,KSQ,ME005
1222,094840,KR7094840006,슈프리마에이치큐,KOSDAQ,벤처기업부,13150,2,-150,-1.13,13300,13490,13000,4969,65355270,128950333350,9806109,KSQ,ME005
1223,214390,KR7214390007,경보제약,KOSPI,,5390,2,-50,-0.92,5440,5500,5380,20202,109551430,128857975400,23906860,STK,ME005
1224,474170,KR7474170008,루미르,KOSDAQ,기술성장기업부,7230,1,250,3.58,7090,7330,7030,40098,288863770,128821942080,17817696,KSQ,ME005
1225,0015N0,KR70015N0000,아로마티카,KOSDAQ,벤처기업부,10240,2,-320,-3.03,10610,10860,10240,115883,1215624955,128787681280,12576922,KSQ,ME005
1226,035080,KR7035080001,그래디언트,KOSDAQ,중견기업부,11515,2,-5,-0.04,11530,11630,11470,4693,54079425,128670095435,11174129,KSQ,ME005
1227,115500,KR7115500001,케이씨에스,KOSDAQ,중견기업부,10690,1,110,1.04,10620,10760,10550,105171,1122677150,128280000000,12000000,KSQ,ME005
1228,307750,KR7307750000,국전,KOSDAQ,중견기업부,2375,1,20,0.85,2350,2395,2345,115025,272692645,128217434000,53986288,KSQ,ME005
1229,079960,KR7079960001,동양이엔피,KOSDAQ,우량기업부,16970,1,190,1.13,16960,17230,16800,7884,134588690,128151636260,7551658,KSQ,ME005
1230,037350,KR7037350006,성도이엔지,KOSDAQ,우량기업부,8420,1,120,1.45,8360,8650,8300,198108,1680481280,128068200000,15210000,KSQ,ME005
1231,095700,KR7095700001,제넥신,KOSDAQ,기술성장기업부,2800,2,-5,-0.18,2805,2875,2780,50201,141730004,127513383200,45540494,KSQ,ME005
1232,013520,KR7013520002,화승코퍼레이션,KOSPI,,2530,1,25,1.0,2530,2615,2510,54835,141203535,126629667560,50051252,STK,ME005
1233,009270,KR7009270000,신원,KOSPI,,1102,2,-1,-0.09,1095,1111,1085,158110,173512611,126476973086,114770393,STK,ME005
1234,004960,KR7004960001,한신공영,KOSPI,,10910,2,-190,-1.71,10980,11060,10800,9712,105466940,126236358820,11570702,STK,ME005
1235,950190,KR8344390008,고스트스튜디오,KOSDAQ,외국기업(소속부없음),9670,2,-30,-0.31,9740,9780,9590,13277,128174170,125874960530,13017059,KSQ,ME005
1236,036690,KR7036690006,코맥스,KOSDAQ,관리종목(소속부없음),2885,3,0,0.0,0,0,0,0,0,125692107675,43567455,KSQ,ME005
1237,039560,KR7039560008,다산네트웍스,KOSDAQ,중견기업부,2925,1,335,12.93,2615,3120,2600,2237012,6589734596,125448768900,42888468,KSQ,ME005
1238,474610,KR7474610003,RF시스템즈,KOSDAQ,벤처기업부,8660,1,380,4.59,8310,8810,8190,124024,1068265000,124835805200,14415220,KSQ,ME005
1239,080420,KR7080420003,모다이노칩,KOSDAQ,중견기업부,1565,1,13,0.84,1565,1565,1551,258,403687,124764338430,79721622,KSQ,ME005
1240,078000,KR7078000007,텔코웨어,KOSPI,,13500,2,-20,-0.15,13520,13700,13380,397,5353430,124741039500,9240077,STK,ME005
1241,027710,KR7027710003,팜스토리,KOSDAQ,우량기업부,1117,1,4,0.36,1113,1121,1111,50507,56433442,124452342200,111416600,KSQ,ME005
1242,002210,KR7002210003,동성제약,KOSPI,,1285,2,-12,-0.93,1297,1305,1281,16464,21334395,124156066495,96619507,STK,ME005
1243,267290,KR7267290005,경동도시가스,KOSPI,,21050,2,-100,-0.47,21000,21400,20850,2202,46219800,124098296300,5895406,STK,ME005
1244,166480,KR7166480004,코아스템켐온,KOSDAQ,벤처기업부,2345,1,85,3.76,2260,2350,2235,120350,277135772,123981031720,52870376,KSQ,ME005
1245,053080,KR7053080008,케이엔솔,KOSDAQ,중견기업부,9520,1,290,3.14,9250,9800,9200,74777,717476400,123758162640,12999807,KSQ,ME005
1246,042510,KR7042510008,라온시큐어,KOSDAQ,벤처기업부,11130,1,140,1.27,11190,11320,10960,98213,1093005990,123607865640,11105828,KSQ,ME005
1247,009070,KR7009070004,KCTC,KOSPI,,4105,1,20,0.49,4085,4155,4085,77742,320565448,123150000000,30000000,STK,ME005
1248,006060,KR7006060008,화승인더,KOSPI,,2225,1,35,1.6,2220,2230,2205,11309,25076775,123087000000,55320000,STK,ME005
1249,108230,KR7108230004,톱텍,KOSDAQ,우량기업부,3235,2,-45,-1.37,3300,3345,3230,83892,276930755,123005197575,38023245,KSQ,ME005
1250,056090,KR7056090004,시지메드텍,KOSDAQ,벤처기업부,1190,3,0,0.0,0,0,0,0,0,122878252840,103259036,KSQ,ME005
1251,299030,KR7299030007,하나기술,KOSDAQ,벤처기업부,15360,1,510,3.43,15440,15650,15300,28567,442193010,122801817600,7994910,KSQ,ME005
1252,001210,KR7001210004,금호전기,KOSPI,,9720,1,270,2.86,9480,10420,9210,3231529,32247534320,122730542280,12626599,STK,ME005
1253,008830,KR7008830002,대동기어,KOSDAQ,중견기업부,6390,3,0,0.0,6390,6450,6330,100920,645082170,122572443240,19181916,KSQ,ME005
1254,210540,KR7210540001,디와이파워,KOSPI,,11090,2,-80,-0.72,11090,11160,11090,10091,112226940,122452541720,11041708,STK,ME005
1255,214420,KR7214420002,토니모리,KOSPI,,5080,2,-10,-0.2,5100,5160,5060,21237,108513270,122198378920,24054799,STK,ME005
1256,217950,KR7217950005,파마리서치바이오,KONEX,일반기업부,29200,2,-250,-0.85,29500,29500,28550,289,8329750,122150608000,4183240,KNX,ME005
1257,021320,KR7021320007,KCC건설,KOSDAQ,우량기업부,5700,1,10,0.18,5780,5780,5650,1914,10871400,121980000000,21400000,KSQ,ME005
1258,003010,KR7003010006,혜인,KOSPI,,9580,2,-440,-4.39,10020,10030,9520,244603,2362776855,121788116260,12712747,STK,ME005
1259,095190,KR7095190005,신화프리텍,KOSDAQ,중견기업부,1861,1,13,0.7,1848,1874,1848,14127,26331924,121449719782,65260462,KSQ,ME005
1260,293580,KR7293580007,나우IB,KOSDAQ,중견기업부,1279,2,-10,-0.78,1289,1295,1271,38749,49556119,121415406050,94929950,KSQ,ME005
1261,005800,KR7005800008,신영와코루,KOSPI,,13490,2,-30,-0.22,13580,13580,13360,1029,13871900,121410000000,9000000,STK,ME005
1262,297890,KR7297890006,HB솔루션,KOSDAQ,우량기업부,1657,1,12,0.73,1650,1687,1647,153159,255129225,121194494498,73140914,KSQ,ME005
1263,083500,KR7083500009,에프엔에스테크,KOSDAQ,우량기업부,14590,2,-190,-1.29,14760,14950,14540,43903,650073615,121190040430,8306377,KSQ,ME005
1264,089470,KR7089470009,HDC현대EP,KOSPI,,3785,1,20,0.53,3790,3790,3735,43320,162975205,120741500000,31900000,STK,ME005
1265,350520,KR7350520003,이지스레지던스리츠,KOSPI,,3270,2,-10,-0.3,3325,3325,3250,3562,11637270,120552480540,36866202,STK,ME005
1266,001520,KR7001520006,동양,KOSPI,,1125,1,3,0.27,1120,1135,1116,106447,119948858,120512286000,107122032,STK,ME005
1267,259630,KR7259630002,엠플러스,KOSDAQ,우량기업부,9840,2,-100,-1.01,9940,10190,9740,105358,1053384935,120268376640,12222396,KSQ,ME005
1268,333430,KR7333430007,일승,KOSDAQ,중견기업부,3910,1,5,0.13,3905,3975,3885,110141,431083611,120141580770,30726747,KSQ,ME005
1269,047310,KR7047310008,파워로직스,KOSDAQ,우량기업부,3280,1,80,2.5,3230,3315,3200,100603,329143460,120083276400,36610755,KSQ,ME005
1270,308080,KR7308080001,바이젠셀,KOSDAQ,기술성장기업부,5830,2,-20,-0.34,5850,6020,5700,29451,173339090,119510685800,20499260,KSQ,ME005
1271,017510,KR7017510009,세명전기,KOSDAQ,벤처기업부,7820,1,60,0.77,7800,7950,7790,140634,1103833705,119223720000,15246000,KSQ,ME005
1272,002620,KR7002620003,제일파마홀딩스,KOSPI,,7440,1,90,1.22,7300,7490,7300,1437,10539430,118841761200,15973355,STK,ME005
1273,037560,KR7037560000,LG헬로비전,KOSPI,,1525,1,6,0.39,1521,1541,1505,90881,138711551,118106469125,77446865,STK,ME005
1274,041440,KR7041440009,현대에버다임,KOSDAQ,우량기업부,6610,2,-10,-0.15,6620,6680,6600,34731,230017050,117933716320,17841712,KSQ,ME005
1275,002390,KR7002390003,한독,KOSPI,,8560,1,20,0.23,8540,8700,8520,1259,10826160,117815842480,13763533,STK,ME005
1276,101170,KR7101170009,우림피티에스,KOSDAQ,벤처기업부,8710,1,230,2.71,8500,8870,8420,29694,260153000,117585000000,13500000,KSQ,ME005
1277,129920,KR7129920005,대성하이텍,KOSDAQ,벤처기업부,7210,1,330,4.8,6890,7330,6770,121862,869112070,117153098160,16248696,KSQ,ME005
1278,004100,KR7004100004,태양금속,KOSPI,,3190,1,25,0.79,3165,3220,3160,135949,433260832,117073000000,36700000,STK,ME005
1279,389020,KR7389020009,자람테크놀로지,KOSDAQ,기술성장기업부,16900,1,780,4.84,16100,17470,15970,143238,2416596230,116695885800,6905082,KSQ,ME005
1280,014530,KR7014530000,극동유화,KOSPI,,3345,1,20,0.6,3365,3370,3335,21690,72649584,116638209900,34869420,STK,ME005
1281,041590,KR7041590001,플래스크,KOSDAQ,관리종목(소속부없음),2370,3,0,0.0,0,0,0,0,0,116064014460,48972158,KSQ,ME005
1282,238540,KR7238540009,나노솔루션,KONEX,일반기업부,103800,3,0,0.0,0,0,0,0,0,116011032000,1117640,KNX,ME005
1283,017550,KR7017550005,수산세보틱스,KOSPI,,1858,3,0,0.0,1840,1870,1840,55961,103874228,115937583540,62399130,STK,ME005
1284,336680,KR7336680004,탑런토탈솔루션,KOSDAQ,중견기업부,2950,2,-15,-0.51,2990,2995,2950,5686,16896025,115479396100,39145558,KSQ,ME005
1285,396470,KR7396470007,워트,KOSDAQ,중견기업부,7160,1,10,0.14,7150,7330,7110,92488,669636180,115419200000,16120000,KSQ,ME005
1286,458650,KR7458650009,성우,KOSDAQ,벤처기업부,7670,1,80,1.05,7720,7760,7600,7957,61189120,115400288900,15045670,KSQ,ME005
1287,054050,KR7054050000,NH농우바이오,KOSDAQ,우량기업부,7180,2,-100,-1.37,7250,7280,7160,7959,57458040,115099427980,16030561,KSQ,ME005
1288,227840,KR7227840006,현대코퍼레이션홀딩스,KOSPI,,12630,2,-100,-0.79,12730,12950,12600,6849,86713850,114943558680,9100836,STK,ME005
1289,242040,KR7242040004,나무AX,KOSDAQ,기술성장기업부,3320,1,90,2.79,3300,3420,3240,299578,1002289711,114892796480,34606264,KSQ,ME005
1290,049520,KR7049520000,유아이엘,KOSDAQ,우량기업부,3720,3,0,0.0,3730,3745,3690,22919,85013541,114734565000,30842625,KSQ,ME005
1291,290720,KR7290720002,푸드나무,KOSDAQ,중견기업부,3005,2,-45,-1.48,3010,3120,2940,22189,66804935,114638565365,38149273,KSQ,ME005
1292,034590,KR7034590000,인천도시가스,KOSPI,,26150,2,-250,-0.95,26350,26350,26000,2553,66658750,114399817100,4374754,STK,ME005
1293,217820,KR7217820000,원익피앤이,KOSDAQ,중견기업부,2410,1,65,2.77,2375,2425,2350,204396,489216138,114365487190,47454559,KSQ,ME005
1294,067990,KR7067990002,도이치모터스,KOSDAQ,우량기업부,3915,1,35,0.9,3880,3915,3880,16005,62356780,114245768250,29181550,KSQ,ME005
1295,097800,KR7097800007,윈팩,KOSDAQ,중견기업부,4180,1,355,9.28,3865,4535,3835,6729319,28322656727,114072388100,27290045,KSQ,ME005
1296,079650,KR7079650008,서산,KOSDAQ,중견기업부,5700,1,90,1.6,5680,6080,5540,767721,4430323885,114000000000,20000000,KSQ,ME005
1297,016740,KR7016740003,두올,KOSPI,,3970,2,-45,-1.12,4030,4030,3965,1069,4244545,113835875280,28674024,STK,ME005
1298,153890,KR7153890009,져스텍,KOSDAQ,기술성장기업부,9440,2,-300,-3.08,9730,9810,9430,105417,1011830770,113754879200,12050305,KSQ,ME005
1299,331920,KR7331920009,셀레믹스,KOSDAQ,기술성장기업부,10150,2,-90,-0.88,10080,10340,9930,18582,188063560,113492783250,11181555,KSQ,ME005
1300,310200,KR7310200001,애니플러스,KOSDAQ,중견기업부,2175,1,30,1.4,2130,2220,2115,213939,465161600,113454168300,52162836,KSQ,ME005
1301,443670,KR7443670005,에스피소프트,KOSDAQ,중견기업부,4725,2,-45,-0.94,4800,4870,4720,167143,801887239,113449914900,24010564,KSQ,ME005
1302,209640,KR7209640002,와이제이링크,KOSDAQ,중견기업부,3985,1,295,7.99,3670,4295,3630,1864199,7474175357,113345936810,28443146,KSQ,ME005
1303,079430,KR7079430005,현대리바트,KOSPI,,5630,1,70,1.26,5630,5630,5550,2554,14269780,113242957260,20114202,STK,ME005
1304,290740,KR7290740000,액트로,KOSDAQ,벤처기업부,11220,2,-220,-1.92,11820,11820,11150,23286,263524425,112929423420,10065011,KSQ,ME005
1305,051980,KR7051980001,중앙첨단소재,KOSDAQ,중견기업부,10160,2,-190,-1.84,10700,10740,9460,158910,1626703880,112869167200,11109170,KSQ,ME005
1306,063570,KR7063570006,NICE인프라,KOSDAQ,우량기업부,3305,1,5,0.15,3325,3330,3270,2008,6639845,112858241040,34147728,KSQ,ME005
1307,338220,KR7338220007,뷰노,KOSDAQ,기술성장기업부,8040,2,-230,-2.78,8260,8270,7980,149984,1208471205,112574656920,14001823,KSQ,ME005
1308,083420,KR7083420000,그린케미칼,KOSPI,,4690,1,15,0.32,4675,4730,4610,15254,71556570,112560000000,24000000,STK,ME005
1309,255440,KR7255440000,야스,KOSDAQ,벤처기업부,8610,1,30,0.35,8600,8920,8500,79112,692389340,112429380000,13058000,KSQ,ME005
1310,023450,KR7023450000,동남합성,KOSPI,,32050,2,-150,-0.47,32200,32350,32000,625,20126250,112175000000,3500000,STK,ME005
1311,122450,KR7122450000,KX,KOSDAQ,중견기업부,2500,2,-50,-1.96,2575,2575,2480,27944,70210565,112049585000,44819834,KSQ,ME005
1312,018120,KR7018120006,진로발효,KOSDAQ,우량기업부,16870,1,100,0.6,16890,16890,16680,138,2308120,111698294400,6621120,KSQ,ME005
1313,201490,KR7201490000,미투온,KOSDAQ,중견기업부,3410,2,-15,-0.44,3455,3455,3355,449221,1528189309,111587905660,32723726,KSQ,ME005
1314,002460,KR7002460004,HS화성,KOSPI,,10970,1,10,0.09,10910,10990,10850,2455,26758380,111345500000,10150000,STK,ME005
1315,334970,KR7334970001,프레스티지바이오로직스,KOSDAQ,기술성장기업부,1430,1,3,0.21,1412,1466,1412,39833,57354994,111186270910,77752637,KSQ,ME005
1316,311320,KR7311320006,지오엘리먼트,KOSDAQ,기술성장기업부,8800,2,-200,-2.22,9060,9170,8750,22633,202096935,111008128000,12614560,KSQ,ME005
1317,473980,KR7473980001,노머스,KOSDAQ,기술성장기업부,10200,2,-140,-1.35,10310,10420,10180,7436,76541070,111004070400,10882752,KSQ,ME005
1318,090850,KR7090850009,현대이지웰,KOSDAQ,우량기업부,4920,3,0,0.0,4930,4945,4905,7153,35216833,110591282760,22477903,KSQ,ME005
1319,051360,KR7051360006,토비스,KOSDAQ,우량기업부,11800,2,-100,-0.84,11980,11980,11690,3661,43162010,110455221600,9360612,KSQ,ME005
1320,012200,KR7012200002,계양전기,KOSPI,,3115,2,-5,-0.16,3140,3200,3105,367385,1160635899,110342112335,35422829,STK,ME005
1321,317770,KR7317770006,엑스페릭스,KOSDAQ,벤처기업부,2980,1,30,1.02,2945,3065,2895,191689,576275008,110251065960,36997002,KSQ,ME005
1322,016710,KR7016710006,대성홀딩스,KOSPI,,6850,2,-70,-1.01,6930,6930,6840,4186,28681890,110212794150,16089459,STK,ME005
1323,013570,KR7013570007,디와이,KOSPI,,4185,1,5,0.12,4200,4200,4135,19556,81579835,110147664105,26319633,STK,ME005
1324,289930,KR7289930000,웨이비스,KOSDAQ,기술성장기업부,8370,1,270,3.33,8190,8550,8140,56858,476324120,110057213700,13149010,KSQ,ME005
1325,012800,KR7012800009,대창,KOSPI,,1207,1,11,0.92,1194,1221,1194,253590,306902311,110006582293,91140499,STK,ME005
1326,040300,KR7040300006,YTN,KOSDAQ,중견기업부,2300,1,40,1.77,2285,2335,2260,69445,159347245,109657054000,47676980,KSQ,ME005
1327,246710,KR7246710008,티앤알바이오팹,KOSDAQ,기술성장기업부,2300,3,0,0.0,2310,2360,2265,101579,234674320,109628359200,47664504,KSQ,ME005
1328,131030,KR7131030009,옵투스제약,KOSDAQ,우량기업부,6210,2,-60,-0.96,6270,6460,6200,57721,363152960,109585323900,17646590,KSQ,ME005
1329,011810,KR7011810009,STX,KOSPI,,3530,3,0,0.0,0,0,0,0,0,109493282310,31017927,STK,ME005
1330,036010,KR7036010007,아비코전자,KOSDAQ,중견기업부,8200,1,50,0.61,8150,8380,8030,74307,614237285,109002058800,13292934,KSQ,ME005
1331,217270,KR7217270008,넵튠,KOSDAQ,중견기업부,2385,1,25,1.06,2360,2410,2360,13793,32952900,108885641445,45654357,KSQ,ME005
1332,009580,KR7009580002,무림P&P,KOSPI,,1738,1,22,1.28,1713,1754,1713,63041,109513969,108396147112,62368324,STK,ME005
1333,086980,KR7086980000,쇼박스,KOSDAQ,중견기업부,1733,2,-20,-1.14,1769,1769,1731,29481,51321052,108205054000,62438000,KSQ,ME005
1334,067900,KR7067900001,와이엔텍,KOSDAQ,우량기업부,5930,2,-20,-0.34,5980,5980,5890,6669,39593540,107923977870,18199659,KSQ,ME005
1335,217190,KR7217190008,제너셈,KOSDAQ,벤처기업부,8200,2,-50,-0.61,8340,8600,8170,154062,1293383205,107860840200,13153761,KSQ,ME005
1336,106190,KR7106190002,하이텍팜,KOSDAQ,우량기업부,10140,1,140,1.4,10010,10200,9960,14583,147695100,107820374220,10633173,KSQ,ME005
1337,036630,KR7036630002,세종텔레콤,KOSDAQ,우량기업부,7700,1,130,1.72,7570,7900,7570,2524,19412410,107800000000,14000000,KSQ,ME005
1338,105740,KR7105740005,디케이락,KOSDAQ,우량기업부,10550,1,430,4.25,10250,10600,10140,426165,4447178185,107277812150,10168513,KSQ,ME005
1339,136150,KR7136150000,원일티엔아이,KOSDAQ,벤처기업부,12800,1,1950,17.97,14100,14100,12510,1541249,20598882495,107277184000,8381030,KSQ,ME005
1340,039340,KR7039340005,한국경제TV,KOSDAQ,우량기업부,4875,2,-15,-0.31,4890,4900,4850,633,3087530,107250000000,22000000,KSQ,ME005
1341,130580,KR7130580004,나이스디앤비,KOSDAQ,우량기업부,6960,1,130,1.9,6850,6970,6850,15858,109772205,107184000000,15400000,KSQ,ME005
1342,100590,KR7100590009,머큐리,KOSDAQ,중견기업부,6250,1,1435,29.8,4950,6250,4940,3860816,23540584065,107122156250,17139545,KSQ,ME005
1343,006660,KR7006660005,삼성공조,KOSPI,,13140,1,50,0.38,13090,13310,13010,96040,1264971985,106779765960,8126314,STK,ME005
1344,339950,KR7339950008,아이비김영,KOSDAQ,우량기업부,2375,1,15,0.64,2400,2400,2355,3144,7452110,106748305625,44946655,KSQ,ME005
1345,120240,KR7120240007,대정화금,KOSDAQ,우량기업부,14840,2,-20,-0.13,14940,14950,14650,2360,35021310,106705402440,7190391,KSQ,ME005
1346,306620,KR7306620006,지아이에스,KOSDAQ,벤처기업부,2225,1,60,2.77,2165,2270,2130,245434,544588152,106671359400,47942184,KSQ,ME005
1347,0011A0,KR70011A0009,액스비스,KOSDAQ,벤처기업부,11400,2,-120,-1.04,11480,11610,11200,102856,1177963830,106404636000,9333740,KSQ,ME005
1348,021820,KR7021820006,세원정공,KOSPI,,10610,1,10,0.09,11130,11130,10500,3862,41026610,106100000000,10000000,STK,ME005
1349,053700,KR7053700001,삼보모터스,KOSDAQ,우량기업부,3965,1,25,0.63,3925,4010,3920,94544,376170453,105927976505,26715757,KSQ,ME005
1350,010100,KR7010100006,한국무브넥스,KOSPI,,3470,1,40,1.17,3430,3500,3430,22010,76314465,105662957400,30450420,STK,ME005
1351,008040,KR7008040008,사조동아원,KOSPI,,7480,2,-130,-1.71,7630,7650,7320,9037,66953710,105576160800,14114460,STK,ME005
1352,004250,KR7004250007,NPC,KOSPI,,2865,3,0,0.0,2870,2880,2855,2676,7674505,105202800000,36720000,STK,ME005
1353,053350,KR7053350005,이니텍,KOSDAQ,중견기업부,4775,1,20,0.42,4665,4830,4665,32120,152579030,105150585375,22021065,KSQ,ME005
1354,412350,KR7412350001,레이저쎌,KOSDAQ,기술성장기업부,7200,1,400,5.88,6820,7260,6520,501855,3523471915,105141909600,14603043,KSQ,ME005
1355,014580,KR7014580005,태경비케이,KOSPI,,3800,1,35,0.93,3740,3810,3740,9448,35722915,104815780000,27583100,STK,ME005
1356,078935,KR7078931003,GS우,KOSPI,,58800,1,800,1.38,58500,59000,57700,1795,105170550,104644948800,1779676,STK,ME005
1357,125210,KR7125210005,아모그린텍,KOSDAQ,우량기업부,6340,1,10,0.16,6330,6470,6270,94290,603408110,104589648600,16496790,KSQ,ME005
1358,453450,KR7453450009,그리드위즈,KOSDAQ,중견기업부,13120,1,140,1.08,13030,13260,12560,9856,129627930,104208880000,7942750,KSQ,ME005
1359,073560,KR7073560005,우리손에프앤지,KOSDAQ,우량기업부,1505,2,-3,-0.2,1501,1517,1500,30423,45889459,104202652715,69237643,KSQ,ME005
1360,475230,KR7475230009,엔알비,KOSDAQ,벤처기업부,9560,2,-40,-0.42,9750,9840,9450,37278,359117660,104191409480,10898683,KSQ,ME005
1361,109670,KR7109670000,씨싸이트,KOSDAQ,중견기업부,17830,2,-360,-1.98,17600,20000,16400,493123,9067953305,104066613660,5836602,KSQ,ME005
1362,038540,KR7038540001,상상인,KOSDAQ,중견기업부,1880,1,8,0.43,1887,1931,1863,4113,7792241,104017228440,55328313,KSQ,ME005
1363,419050,KR7419050000,삼기에너지솔루션즈,KOSDAQ,중견기업부,1816,2,-7,-0.38,1806,1864,1800,1026221,1877699014,103868371840,57196240,KSQ,ME005
1364,120030,KR7120030002,조선선재,KOSPI,,82300,2,-400,-0.48,83300,83300,81800,147,12092600,103504677300,1257651,STK,ME005
1365,012320,KR7012320008,경동인베스트,KOSPI,,43700,2,-100,-0.23,44300,44300,42500,936,40758000,103351505100,2365023,STK,ME005
1366,123690,KR7123690000,한국화장품,KOSPI,,6430,2,-40,-0.62,6510,6530,6410,32331,209030060,103317240000,16068000,STK,ME005
1367,037030,KR7037030004,파워넷,KOSDAQ,우량기업부,4045,1,285,7.58,3760,4230,3745,932718,3794398802,103200052640,25512992,KSQ,ME005
1368,109740,KR7109740001,디에스케이,KOSDAQ,벤처기업부,4010,1,10,0.25,4090,4140,3955,6242,25082355,103098663900,25710390,KSQ,ME005
1369,091440,KR7091440008,한울소재과학,KOSDAQ,투자주의환기종목(소속부없음),2790,2,-120,-4.12,2900,2900,2770,151288,422816545,103097006280,36952332,KSQ,ME005
1370,027970,KR7027970003,한국제지,KOSPI,,2705,1,15,0.56,2690,2725,2685,3049,8224315,102871539520,38030144,STK,ME005
1371,175250,KR7175250000,아이큐어,KOSDAQ,관리종목(소속부없음),1666,2,-44,-2.57,1710,1753,1650,57922,97210206,102852704122,61736317,KSQ,ME005
1372,123040,KR7123040008,엠에스오토텍,KOSDAQ,중견기업부,1642,1,9,0.55,1670,1670,1616,46232,75441775,102835666958,62628299,KSQ,ME005
1373,267850,KR7267850006,아시아나IDT,KOSPI,,9260,2,-30,-0.32,9360,9360,9210,2248,20791150,102786000000,11100000,STK,ME005
1374,411080,KR7411080005,샌즈랩,KOSDAQ,기술성장기업부,6720,1,80,1.2,6690,6810,6550,214622,1434420995,102598527360,15267638,KSQ,ME005
1375,235980,KR7235980000,메드팩토,KOSDAQ,기술성장기업부,2990,2,-50,-1.64,3015,3115,2965,38787,116061735,102482611790,34275121,KSQ,ME005
1376,475580,KR7475580007,에이럭스,KOSDAQ,벤처기업부,7500,1,110,1.49,7450,7620,7370,32227,242542185,102186750000,13624900,KSQ,ME005
1377,021080,KR7021080007,에이티넘인베스트,KOSDAQ,우량기업부,2105,1,30,1.45,2075,2125,2070,70600,148328972,101040000000,48000000,KSQ,ME005
1378,088130,KR7088130000,동아엘텍,KOSDAQ,우량기업부,5770,1,130,2.3,5590,5830,5560,86191,493569870,100890261780,17485314,KSQ,ME005
1379,439580,KR7439580002,블루엠텍,KOSDAQ,기술성장기업부,2980,1,35,1.19,2920,3030,2910,306352,907421384,100862710060,33846547,KSQ,ME005
1380,119650,KR7119650000,KC코트렐,KOSPI,,918,3,0,0.0,0,0,0,0,0,100782913662,109785309,STK,ME005
1381,309960,KR7309960003,LB인베스트먼트,KOSDAQ,중견기업부,4335,1,45,1.05,4280,4335,4235,14914,64120730,100646731065,23217239,KSQ,ME005
1382,37550L,KR737550K029,DL이앤씨2우(전환),KOSPI,,47650,2,-850,-1.75,48150,48150,47550,469,22384425,100634465150,2111951,STK,ME005
1383,011280,KR7011280005,태림포장,KOSPI,,1421,1,21,1.5,1395,1434,1395,23124,32712496,100615240740,70805940,STK,ME005
1384,100700,KR7100700004,세운메디칼,KOSDAQ,우량기업부,2295,2,-10,-0.43,2300,2315,2285,42494,97821030,100521000000,43800000,KSQ,ME005
1385,048550,KR7048550008,SM C&C,KOSDAQ,중견기업부,1038,1,27,2.67,1015,1051,1010,212047,219608062,100389775560,96714620,KSQ,ME005
1386,250060,KR7250060001,모비스,KOSDAQ,기술성장기업부,3120,2,-65,-2.04,3175,3300,3100,140167,443895012,100374499680,32171314,KSQ,ME005
1387,045970,KR7045970001,코아시아,KOSDAQ,중견기업부,3810,1,20,0.53,3850,3895,3755,48116,183932501,100259677560,26314876,KSQ,ME005
1388,006620,KR7006620009,동구바이오제약,KOSDAQ,우량기업부,3520,2,-60,-1.68,3555,3585,3510,16768,59391505,100196771840,28464992,KSQ,ME005
1389,366030,KR7366030005,나인앤컴퍼니,KOSDAQ,중견기업부,4420,2,-25,-0.56,4500,4500,4410,7936,35268490,100130017000,22653850,KSQ,ME005
1390,248170,KR7248170003,샘표식품,KOSPI,,21900,3,0,0.0,21700,22000,21700,12386,270873450,100045463400,4568286,STK,ME005
1391,189330,KR7189330004,씨이랩,KOSDAQ,기술성장기업부,10630,1,30,0.28,10600,10900,10500,55607,594322795,99733678920,9382284,KSQ,ME005
1392,086960,KR7086960002,MDS테크,KOSDAQ,우량기업부,2345,1,20,0.86,2325,2375,2315,259038,607701681,99729731150,42528670,KSQ,ME005
1393,059210,KR7059210005,메타바이오메드,KOSDAQ,우량기업부,3665,2,-5,-0.14,3670,3685,3640,24710,90492840,99583345925,27171445,KSQ,ME005
1394,049950,KR7049950009,미래컴퍼니,KOSDAQ,중견기업부,11290,2,-30,-0.27,11370,11470,11290,15484,176165450,99553910360,8817884,KSQ,ME005
1395,323990,KR7323990002,박셀바이오,KOSDAQ,기술성장기업부,4280,2,-30,-0.7,4310,4385,4255,31185,134275215,99541436600,23257345,KSQ,ME005
1396,099750,KR7099750002,이지케어텍,KOSDAQ,벤처기업부,7280,2,-10,-0.14,7210,7330,7190,21818,158570440,99438779440,13659173,KSQ,ME005
1397,246720,KR7246720007,아스타,KOSDAQ,관리종목(소속부없음),6070,3,0,0.0,0,0,0,0,0,99434491000,16381300,KSQ,ME005
1398,307930,KR7307930008,컴퍼니케이,KOSDAQ,중견기업부,6360,2,-40,-0.63,6380,6460,6310,15003,95688380,99279600000,15610000,KSQ,ME005
1399,035000,KR7035000009,HS애드,KOSPI,,6110,2,-20,-0.33,6120,6180,6090,60296,368424110,99028704840,16207644,STK,ME005
1400,173130,KR7173130006,오파스넷,KOSDAQ,중견기업부,7580,1,10,0.13,7600,7650,7490,39281,296703470,98892265340,13046473,KSQ,ME005
1401,091120,KR7091120006,이엠텍,KOSDAQ,중견기업부,5770,1,260,4.72,5470,5870,5420,47320,270365000,98857040720,17132936,KSQ,ME005
1402,322180,KR7322180001,LS티라유텍,KOSDAQ,벤처기업부,4590,1,255,5.88,4675,4675,4370,161949,743060904,98667126540,21496106,KSQ,ME005
1403,063170,KR7063170005,서울옥션,KOSDAQ,중견기업부,5540,2,-80,-1.42,5620,5640,5480,13654,75652940,98469439180,17774267,KSQ,ME005
1404,394420,KR7394420004,리센스메디컬,KOSDAQ,기술성장기업부,8950,2,-450,-4.79,9390,9500,8890,39098,356550400,98447323950,10999701,KSQ,ME005
1405,493330,KR7493330005,지에프아이,KOSDAQ,벤처기업부,12240,1,100,0.82,12110,12700,11920,29786,365842775,98403639120,8039513,KSQ,ME005
1406,182360,KR7182360008,큐브엔터,KOSDAQ,우량기업부,6330,2,-160,-2.47,6550,6550,6300,5224,33219010,98397229380,15544586,KSQ,ME005
1407,002450,KR7002450005,삼익악기,KOSPI,,1086,2,-12,-1.09,1079,1099,1079,52038,56471233,98316573690,90530915,STK,ME005
1408,261780,KR7261780001,아리바이오랩,KOSDAQ,기술성장기업부,3390,2,-75,-2.16,3530,3540,3335,197996,676876030,98160758640,28955976,KSQ,ME005
1409,352090,KR7352090005,스톰테크,KOSDAQ,우량기업부,3640,2,-35,-0.95,3695,3695,3615,16973,61848175,97817712720,26872998,KSQ,ME005
1410,205100,KR7205100001,엑셈,KOSDAQ,벤처기업부,1444,2,-9,-0.62,1453,1485,1431,194613,283435979,97526856056,67539374,KSQ,ME005
1411,066790,KR7066790007,씨씨에스,KOSDAQ,관리종목(소속부없음),2205,3,0,0.0,0,0,0,0,0,97355245995,44152039,KSQ,ME005
1412,187790,KR7187790001,나노,KOSDAQ,벤처기업부,3155,2,-15,-0.47,3220,3240,3155,37462,119644240,97302818650,30840830,KSQ,ME005
1413,032300,KR7032300006,한국파마,KOSDAQ,중견기업부,8920,1,1420,18.93,7500,9500,7460,1277711,11441549845,97287772920,10906701,KSQ,ME005
1414,002230,KR7002230001,피에스텍,KOSDAQ,우량기업부,5280,1,100,1.93,5180,5360,5180,29307,154892335,97263249600,18421070,KSQ,ME005
1415,380550,KR7380550004,뉴로핏,KOSDAQ,기술성장기업부,7940,1,30,0.38,7900,8110,7800,64433,513376750,96858996040,12198866,KSQ,ME005
1416,070960,KR7070960000,모나용평,KOSPI,,2010,1,5,0.25,2020,2020,1998,5313,10649152,96747999330,48133333,STK,ME005
1417,0017J0,KR70017J0004,세미티에스,KOSDAQ,벤처기업부,3205,1,95,3.05,3160,3385,2980,2635249,8441696711,96634086405,30151041,KSQ,ME005
1418,068240,KR7068240001,다원시스,KOSDAQ,관리종목(소속부없음),2530,3,0,0.0,0,0,0,0,0,96553495610,38163437,KSQ,ME005
1419,348350,KR7348350000,위드텍,KOSDAQ,벤처기업부,9840,1,70,0.72,9770,9940,9670,12347,121186810,96172224000,9773600,KSQ,ME005
1420,417310,KR7417310000,코람코더원리츠,KOSPI,,2380,2,-5,-0.21,2385,2385,2375,11804,28077480,96152000000,40400000,STK,ME005
1421,008700,KR7008700007,아남전자,KOSPI,,1242,1,2,0.16,1239,1253,1236,53032,65934875,95789026440,77124820,STK,ME005
1422,357580,KR7357580000,아모센스,KOSDAQ,기술성장기업부,8100,1,30,0.37,8300,8450,8050,319092,2620765820,95497072200,11789762,KSQ,ME005
1423,330350,KR7330350000,위더스제약,KOSDAQ,우량기업부,7230,2,-30,-0.41,7260,7340,7220,16391,119341595,95433686400,13199680,KSQ,ME005
1424,264900,KR7264900002,크라운제과,KOSPI,,7620,3,0,0.0,7670,7670,7610,719,5479950,95431737000,12523850,STK,ME005
1425,052420,KR7052420007,오성첨단소재,KOSDAQ,우량기업부,9780,1,20,0.2,9740,9850,9730,9380,91802740,95276848020,9742009,KSQ,ME005
1426,008260,KR7008260002,NI스틸,KOSPI,,3320,1,5,0.15,3320,3350,3300,23793,79101895,94952388440,28600117,STK,ME005
1427,298540,KR7298540006,더네이쳐홀딩스,KOSDAQ,우량기업부,6550,2,-110,-1.65,6640,6740,6540,5784,38132610,94885828300,14486386,KSQ,ME005
1428,017650,KR7017650003,대림제지,KOSDAQ,우량기업부,10800,3,0,0.0,0,0,0,0,0,94878000000,8785000,KSQ,ME005
1429,002780,KR7002780005,진흥기업,KOSPI,,6520,1,20,0.31,6500,6550,6470,17314,112691455,94847574480,14547174,STK,ME005
1430,357880,KR7357880004,SKAI,KOSDAQ,기술성장기업부,1748,2,-50,-2.78,1792,1798,1741,430017,761409347,94751778604,54205823,KSQ,ME005
1431,198440,KR7198440000,강동씨앤엘,KOSDAQ,중견기업부,1555,2,-10,-0.64,1565,1611,1531,242964,381684695,94749098280,60931896,KSQ,ME005
1432,052900,KR7052900008,KX하이텍,KOSDAQ,우량기업부,1232,2,-3,-0.24,1252,1266,1223,713906,888998146,94455086880,76668090,KSQ,ME005
1433,013700,KR7013700000,까뮤이앤씨,KOSPI,,1578,1,3,0.19,1575,1588,1571,35364,55766298,94286809740,59750830,STK,ME005
1434,014790,KR7014790000,HL D&I,KOSPI,,2490,2,-10,-0.4,2520,2520,2490,13187,32976020,94267916490,37858601,STK,ME005
1435,007540,KR7007540008,샘표,KOSPI,,46700,1,150,0.32,46500,46900,46250,4993,232420800,94122355600,2015468,STK,ME005
1436,054540,KR7054540000,삼영엠텍,KOSDAQ,우량기업부,7230,1,280,4.03,6950,7470,6910,172964,1255582485,93990000000,13000000,KSQ,ME005
1437,042500,KR7042500009,링네트,KOSDAQ,우량기업부,4215,2,-5,-0.12,4220,4240,4205,31345,132484125,93957171960,22291144,KSQ,ME005
1438,025620,KR7025620006,차AI헬스케어,KOSPI,,5160,2,-70,-1.34,5230,5230,5080,8417,43049760,93932500680,18203973,STK,ME005
1439,282720,KR7282720002,금양그린파워,KOSDAQ,중견기업부,7750,1,200,2.65,7580,7870,7540,17643,137017540,93926125000,12119500,KSQ,ME005
1440,074430,KR7074430000,아미노로직스,KOSDAQ,중견기업부,1047,3,0,0.0,1042,1050,1032,22173,23083106,93541065624,89341992,KSQ,ME005
1441,007210,KR7007210008,벽산,KOSPI,,1431,2,-2,-0.14,1429,1439,1422,37454,53511184,93530160000,65360000,STK,ME005
1442,363280,KR7363280009,티와이홀딩스,KOSPI,,2055,1,25,1.23,2030,2080,2025,1778,3637960,93497019315,45497333,STK,ME005
1443,067830,KR7067830000,세이브존I&C,KOSPI,,2270,2,-5,-0.22,2280,2310,2270,27060,61872425,93162831650,41040895,STK,ME005
1444,032560,KR7032560005,황금에스티,KOSPI,,5480,2,-90,-1.62,5500,5530,5470,13128,72200425,93160000000,17000000,STK,ME005
1445,109610,KR7109610006,에스와이,KOSDAQ,중견기업부,1898,2,-2,-0.11,1888,1916,1876,28381,53591558,92826245200,48907400,KSQ,ME005
1446,014440,KR7014440002,영보화학,KOSPI,,4640,2,-25,-0.54,4660,4665,4635,8249,38310375,92800000000,20000000,STK,ME005
1447,036220,KR7036220002,오상헬스케어,KOSDAQ,우량기업부,6480,1,60,0.93,6420,6540,6410,11089,71900230,92725015680,14309416,KSQ,ME005
1448,005860,KR7005860002,한일사료,KOSDAQ,우량기업부,2350,3,0,0.0,2330,2370,2330,43365,102341325,92598659750,39403685,KSQ,ME005
1449,052460,KR7052460003,아이크래프트,KOSDAQ,벤처기업부,6330,1,60,0.96,6400,6460,6240,67502,428960760,92468234880,14607936,KSQ,ME005
1450,002200,KR7002200004,한국수출포장,KOSPI,,2750,2,-35,-1.26,2785,2785,2740,3400,9373840,92124837750,33499941,STK,ME005
1451,006840,KR7006840003,AK홀딩스,KOSPI,,6950,2,-40,-0.57,6990,7060,6930,3770,26361900,92070548950,13247561,STK,ME005
1452,001290,KR7001290006,상상인증권,KOSPI,,4235,1,75,1.8,4140,4255,4140,13628,57437294,91761540640,21667424,STK,ME005
1453,065450,KR7065450009,빅텍,KOSDAQ,벤처기업부,3105,1,30,0.98,3050,3175,3045,658289,2052193984,91584468315,29495803,KSQ,ME005
1454,040420,KR7040420002,정상제이엘에스,KOSDAQ,우량기업부,5840,3,0,0.0,5850,5860,5830,2240,13091850,91556903680,15677552,KSQ,ME005
1455,036580,KR7036580009,팜스코,KOSPI,,2490,2,-70,-2.73,2510,2510,2465,19638,48653831,91452578070,36727943,STK,ME005
1456,432470,KR7432470003,케이엔에스,KOSDAQ,벤처기업부,10420,1,70,0.68,10350,11020,10350,112937,1209643255,91399613520,8771556,KSQ,ME005
1457,033560,KR7033560004,블루콤,KOSDAQ,중견기업부,5340,2,-10,-0.19,5300,5390,5240,13433,71889160,91314000000,17100000,KSQ,ME005
1458,047560,KR7047560008,이스트소프트,KOSDAQ,중견기업부,7760,1,200,2.65,7670,7800,7580,18325,141729335,91203916320,11753082,KSQ,ME005
1459,053580,KR7053580007,웹케시,KOSDAQ,우량기업부,7020,1,20,0.29,6980,7050,6950,7638,53405860,90940140720,12954436,KSQ,ME005
1460,019180,KR7019180009,티에이치엔,KOSPI,,5050,1,10,0.2,5020,5120,5010,25150,127578660,90900000000,18000000,STK,ME005
1461,058850,KR7058850009,KTcs,KOSPI,,2195,1,5,0.23,2200,2220,2190,31993,70495857,90882767750,41404450,STK,ME005
1462,003580,KR7003580008,HLB글로벌,KOSPI,,1793,2,-71,-3.81,1846,1846,1760,219639,396561739,90839664465,50663505,STK,ME005
1463,023900,KR7023900004,풍국주정,KOSDAQ,우량기업부,7200,1,10,0.14,7200,7430,7120,3468,25257545,90720000000,12600000,KSQ,ME005
1464,062970,KR7062970009,한국첨단소재,KOSDAQ,중견기업부,3005,1,130,4.52,2910,3020,2895,908128,2690071004,90517881115,30122423,KSQ,ME005
1465,001275,KR7001271006,부국증권우,KOSPI,,30150,2,-100,-0.33,30250,30300,30100,90,2710950,90450000000,3000000,STK,ME005
1466,234030,KR7234030005,싸이닉솔루션,KOSDAQ,중견기업부,3825,2,-35,-0.91,3875,4000,3810,318596,1235967521,90289125000,23605000,KSQ,ME005
1467,223250,KR7223250002,드림씨아이에스,KOSDAQ,벤처기업부,3670,1,50,1.38,3620,3760,3500,337523,1233672953,90283629480,24600444,KSQ,ME005
1468,044990,KR7044990000,에이치엔에스하이텍,KOSDAQ,기술성장기업부,11740,1,490,4.36,11300,11820,11190,10908,126911470,90226889500,7685425,KSQ,ME005
1469,048910,KR7048910004,대원미디어,KOSDAQ,우량기업부,7170,1,30,0.42,7220,7290,7030,31846,228964470,90191042820,12578946,KSQ,ME005
1470,058860,KR7058860008,KTis,KOSPI,,2580,3,0,0.0,2570,2605,2570,79477,205797698,89789160000,34802000,STK,ME005
1471,085670,KR7085670008,뉴프렉스,KOSDAQ,우량기업부,3660,1,225,6.55,3460,3940,3410,991400,3726613261,89672785260,24500761,KSQ,ME005
1472,093920,KR7093920007,서원인텍,KOSDAQ,우량기업부,4815,1,15,0.31,4800,4825,4785,3871,18618890,89559000000,18600000,KSQ,ME005
1473,066590,KR7066590001,스모트로닉,KOSDAQ,중견기업부,2315,2,-5,-0.22,2300,2335,2295,36736,84919880,89539424155,38677937,KSQ,ME005
1474,307870,KR7307870006,비투엔,KOSDAQ,벤처기업부,1204,2,-22,-1.79,1235,1235,1200,126864,153884228,89456339140,74299285,KSQ,ME005
1475,013310,KR7013310008,아진산업,KOSDAQ,우량기업부,2305,1,10,0.44,2295,2340,2285,52719,121877616,89449171510,38806582,KSQ,ME005
1476,139990,KR7139990006,아주스틸,KOSPI,,2300,2,-10,-0.43,2310,2335,2290,13233,30506754,89137452200,38755414,STK,ME005
1477,357230,KR7357230002,에이치피오,KOSDAQ,우량기업부,2155,1,5,0.23,2150,2165,2140,7965,17157470,88987440780,41293476,KSQ,ME005
1478,009300,KR7009300005,삼아제약,KOSDAQ,우량기업부,13940,1,440,3.26,13760,14100,13680,494,6830450,88797800000,6370000,KSQ,ME005
1479,096775,KR7096771001,SK이노베이션우,KOSPI,,71100,1,2400,3.49,69500,71600,69400,3101,218834300,88763088600,1248426,STK,ME005
1480,457370,KR7457370005,한켐,KOSDAQ,중견기업부,10940,2,-150,-1.35,11090,11160,10840,161803,1783442345,88254445960,8067134,KSQ,ME005
1481,234300,KR7234300002,에스트래픽,KOSDAQ,우량기업부,3235,2,-5,-0.15,3270,3270,3205,9764,31582247,88017168300,27207780,KSQ,ME005
1482,303810,KR7303810006,동국생명과학,KOSDAQ,중견기업부,2750,2,-60,-2.14,2850,2935,2750,1003926,2858630091,87956385000,31984140,KSQ,ME005
1483,023000,KR7023000003,삼원강재,KOSPI,,2205,2,-5,-0.23,2220,2225,2195,2180,4803065,87626602980,39739956,STK,ME005
1484,048530,KR7048530000,인트론바이오,KOSDAQ,기술성장기업부,2835,2,-55,-1.9,2890,2905,2835,26386,75460150,87578133930,30891758,KSQ,ME005
1485,014950,KR7014950000,삼익제약,KOSDAQ,벤처기업부,8660,2,-80,-0.92,8620,8760,8560,192050,1665104195,87185312080,10067588,KSQ,ME005
1486,078890,KR7078890001,가온그룹,KOSDAQ,중견기업부,4725,1,180,3.96,4545,4770,4535,74938,353434755,87057855675,18424943,KSQ,ME005
1487,900260,HK0000295359,로스웰,KOSDAQ,외국기업(소속부없음),1890,2,-10,-0.53,1938,1955,1856,3398,6531034,86996144340,46029706,KSQ,ME005
1488,246960,KR7246960009,SCL사이언스,KOSDAQ,기술성장기업부,2555,2,-65,-2.48,2600,2620,2470,95239,241797695,86913555085,34017047,KSQ,ME005
1489,162300,KR7162300008,신스틸,KOSDAQ,우량기업부,2090,2,-25,-1.18,2115,2115,2050,374224,779304681,86675188380,41471382,KSQ,ME005
1490,101330,KR7101330009,모베이스,KOSDAQ,중견기업부,3740,1,110,3.03,3630,3780,3460,131931,486527743,86569888460,23147029,KSQ,ME005
1491,096240,KR7096240007,크레버스,KOSDAQ,우량기업부,8450,2,-30,-0.35,8480,8480,8420,2905,24538380,86512621000,10238180,KSQ,ME005
1492,478560,KR7478560006,블랙야크아이앤씨,KOSDAQ,벤처기업부,3345,2,-25,-0.74,3495,3495,3325,13682,46149680,86402346810,25830298,KSQ,ME005
1493,226400,KR7226400000,오스테오닉,KOSDAQ,기술성장기업부,4180,1,100,2.45,4060,4200,4060,40343,168358285,86365492180,20661601,KSQ,ME005
1494,362320,KR7362320004,청담글로벌,KOSDAQ,중견기업부,4170,1,10,0.24,4195,4195,4130,13211,54954865,86289463890,20692917,KSQ,ME005
1495,004140,KR7004140000,동방,KOSPI,,1798,1,5,0.28,1800,1802,1790,33938,60970270,86253235268,47971766,STK,ME005
1496,140070,KR7140070004,서플러스글로벌,KOSDAQ,벤처기업부,2330,2,-35,-1.48,2330,2375,2310,26065,60899385,86182040000,36988000,KSQ,ME005
1497,033290,KR7033290008,로젠,KOSDAQ,우량기업부,1531,1,10,0.66,1518,1531,1507,4858,7409228,85975296831,56156301,KSQ,ME005
1498,251120,KR7251120002,바이오에프디엔씨,KOSDAQ,기술성장기업부,9870,2,-110,-1.1,9940,10120,9820,16432,162972900,85826559000,8695700,KSQ,ME005
1499,004650,KR7004650008,창해에탄올,KOSDAQ,우량기업부,9320,1,40,0.43,9320,9340,9270,7061,65754260,85659048200,9190885,KSQ,ME005
1500,100130,KR7100130004,동국S&C,KOSDAQ,중견기업부,1499,2,-8,-0.53,1507,1540,1498,117626,178297685,85657357000,57143000,KSQ,ME005
1501,086710,KR7086710001,선진뷰티사이언스,KOSDAQ,우량기업부,6960,1,110,1.61,6870,6970,6870,4253,29493220,84934828800,12203280,KSQ,ME005
1502,215100,KR7215100009,로보로보,KOSDAQ,벤처기업부,4170,1,40,0.97,4105,4265,4030,68703,288961997,84853053180,20348454,KSQ,ME005
1503,025950,KR7025950007,동신건설,KOSDAQ,우량기업부,10090,2,-10,-0.1,10010,10230,9980,16017,162003160,84756000000,8400000,KSQ,ME005
1504,263600,KR7263600009,덕우전자,KOSDAQ,중견기업부,5320,1,910,20.63,4980,5730,4975,5113478,27232268425,84749249200,15930310,KSQ,ME005
1505,004890,KR7004890000,동일산업,KOSPI,,34900,2,-100,-0.29,35350,35350,34450,18,626900,84640003500,2425215,STK,ME005
1506,192410,KR7192410009,오늘이엔엠,KOSDAQ,중견기업부,3360,2,-205,-5.75,3580,3725,3295,47153,160486760,84624654240,25185909,KSQ,ME005
1507,038110,KR7038110003,에코플라스틱,KOSDAQ,우량기업부,2055,1,15,0.74,2040,2080,2040,71819,148053145,84603055350,41169370,KSQ,ME005
1508,263720,KR7263720005,디앤씨미디어,KOSDAQ,우량기업부,6890,2,-40,-0.58,7100,7100,6880,4291,29794535,84371915290,12245561,KSQ,ME005
1509,072020,KR7072020001,중앙백신,KOSDAQ,벤처기업부,9110,2,-30,-0.33,9200,9200,9090,4036,36750990,84329274910,9256781,KSQ,ME005
1510,006090,KR7006090005,사조오양,KOSPI,,8940,2,-100,-1.11,8890,9040,8870,1790,16119100,84239259840,9422736,STK,ME005
1511,078140,KR7078140001,대봉엘에스,KOSDAQ,우량기업부,7590,2,-90,-1.17,7680,7730,7580,10363,79008530,84147134610,11086579,KSQ,ME005
1512,049180,KR7049180003,셀루메드,KOSDAQ,투자주의환기종목(소속부없음),1009,3,0,0.0,0,0,0,0,0,83975227728,83226192,KSQ,ME005
1513,049080,KR7049080005,기가레인,KOSDAQ,벤처기업부,9880,1,290,3.02,9840,10080,9730,348924,3468281860,83864739920,8488334,KSQ,ME005
1514,183490,KR7183490002,엔지켐생명과학,KOSDAQ,관리종목(소속부없음),990,3,0,0.0,0,0,0,0,0,83793832650,84640235,KSQ,ME005
1515,067000,KR7067000000,조이시티,KOSDAQ,중견기업부,1196,2,-26,-2.13,1225,1238,1186,492556,595025797,83604521416,69903446,KSQ,ME005
1516,330730,KR7330730003,스톤브릿지벤처스,KOSDAQ,벤처기업부,4580,2,-20,-0.43,4555,4615,4555,4322,19811270,83437661400,18217830,KSQ,ME005
1517,007980,KR7007980006,TP,KOSPI,,1779,1,4,0.23,1800,1800,1779,52290,93269378,83430385650,46897350,STK,ME005
1518,002600,KR7002600005,조흥,KOSPI,,139000,1,1800,1.31,139300,139300,139000,3,417300,83400000000,600000,STK,ME005
1519,33626K,KR733626K013,두산퓨얼셀1우,KOSPI,,6240,1,60,0.97,6180,6290,6110,4015,24930330,83392608000,13364200,STK,ME005
1520,058820,KR7058820002,CMG제약,KOSDAQ,관리종목(소속부없음),562,3,0,0.0,0,0,0,0,0,83245438472,148123556,KSQ,ME005
1521,185490,KR7185490000,아이진,KOSDAQ,벤처기업부,1924,2,-45,-2.29,1966,1973,1870,93414,178224405,83174104416,43229784,KSQ,ME005
1522,029480,KR7029480001,광무,KOSDAQ,중견기업부,1390,1,8,0.58,1371,1404,1371,13937,19360287,83009593480,59719132,KSQ,ME005
1523,094860,KR7094860004,네오리진,KOSDAQ,중견기업부,1562,1,32,2.09,1517,1600,1503,131470,206522625,82957841868,53110014,KSQ,ME005
1524,066700,KR7066700006,테라젠이텍스,KOSDAQ,중견기업부,2230,2,-40,-1.76,2270,2295,2215,13387,30070780,82849798480,37152376,KSQ,ME005
1525,011700,KR7011700002,한신기계,KOSPI,,2545,1,15,0.59,2525,2585,2515,102564,262182908,82575454295,32446151,STK,ME005
1526,037760,KR7037760006,쎄니트,KOSDAQ,중견기업부,2440,2,-5,-0.2,2445,2450,2415,66035,161505500,82552327240,33832921,KSQ,ME005
1527,063080,KR7063080006,컴투스홀딩스,KOSDAQ,중견기업부,12510,1,120,0.97,12500,12610,12370,8688,108499780,82505851920,6595192,KSQ,ME005
1528,007820,KR7007820004,엠엑스로보틱스,KOSDAQ,중견기업부,3535,1,45,1.29,3485,3600,3485,53459,190545650,82448286165,23323419,KSQ,ME005
1529,365330,KR7365330000,에스와이스틸텍,KOSDAQ,우량기업부,1638,2,-58,-3.42,1673,1684,1638,282170,468959686,82180098000,50171000,KSQ,ME005
1530,294630,KR7294630009,서남,KOSDAQ,기술성장기업부,3100,1,25,0.81,3075,3180,3070,91193,285898531,82147454900,26499179,KSQ,ME005
1531,360070,KR7360070007,탑머티리얼,KOSDAQ,중견기업부,10000,1,200,2.04,9620,10170,9600,13588,136074430,81920430000,8192043,KSQ,ME005
1532,066980,KR7066980004,한성크린텍,KOSDAQ,벤처기업부,1520,2,-5,-0.33,1518,1541,1500,147410,224452868,81732228560,53771203,KSQ,ME005
1533,000850,KR7000850008,화천기공,KOSPI,,37150,2,-300,-0.8,37600,37600,37000,560,20898300,81730000000,2200000,STK,ME005
1534,396270,KR7396270001,넥스트칩,KOSDAQ,벤처기업부,2480,2,-20,-0.8,2495,2555,2445,295021,738032737,81560828880,32887431,KSQ,ME005
1535,381620,KR7381620004,제닉스로보틱스,KOSDAQ,중견기업부,6200,1,90,1.47,6140,6300,6140,33216,206835320,81331104000,13117920,KSQ,ME005
1536,382840,KR7382840007,원준,KOSDAQ,중견기업부,5320,1,140,2.7,5180,5440,5170,54357,290147980,81244810920,15271581,KSQ,ME005
1537,412540,KR7412540007,제일엠앤에스,KOSDAQ,관리종목(소속부없음),3935,3,0,0.0,0,0,0,0,0,81063616775,20600665,KSQ,ME005
1538,123010,KR7123010001,MSDI,KOSDAQ,기술성장기업부,4000,2,-460,-10.31,4505,4570,3960,649119,2711382533,80863068000,20215767,KSQ,ME005
1539,250030,KR7250030004,진코스텍,KONEX,일반기업부,27950,2,-100,-0.36,28050,28550,27500,9162,256004800,80829527350,2891933,KNX,ME005
1540,054670,KR7054670005,대한뉴팜,KOSDAQ,우량기업부,5620,1,90,1.63,5555,5650,5470,16201,89884240,80674650400,14354920,KSQ,ME005
1541,389030,KR7389030008,지니너스,KOSDAQ,기술성장기업부,2045,2,-50,-2.39,2090,2140,2025,128807,266476007,80557194195,39392271,KSQ,ME005
1542,000590,KR7000590000,CS홀딩스,KOSPI,,69700,2,-500,-0.71,70200,70400,69400,104,7291000,80467395400,1154482,STK,ME005
1543,036640,KR7036640001,HRS,KOSDAQ,우량기업부,4920,2,-35,-0.71,4950,4950,4915,6010,29623426,80465616000,16354800,KSQ,ME005
1544,302550,KR7302550009,리메드,KOSDAQ,기술성장기업부,2655,1,40,1.53,2670,2700,2610,2620,6981470,80380159515,30275013,KSQ,ME005
1545,475430,KR7475430005,키스트론,KOSDAQ,중견기업부,4500,1,45,1.01,4450,4510,4425,80010,358032540,80316495000,17848110,KSQ,ME005
1546,066430,KR7066430000,아이로보틱스,KOSDAQ,중견기업부,2050,2,-5,-0.24,2045,2080,2040,122027,251061160,80264625800,39153476,KSQ,ME005
1547,389140,KR7389140005,포바이포,KOSDAQ,벤처기업부,5620,1,30,0.54,5590,5770,5470,17030,95247610,80195910700,14269735,KSQ,ME005
1548,0015S0,KR70015S0005,페스카로,KOSDAQ,기술성장기업부,8110,1,110,1.38,8000,8330,7950,39792,326316115,80019180300,9866730,KSQ,ME005
1549,001260,KR7001260009,남광토건,KOSPI,,8120,1,60,0.74,8000,8300,8000,24572,200608140,79840484640,9832572,STK,ME005
1550,066310,KR7066310004,큐에스아이,KOSDAQ,벤처기업부,8610,1,250,2.99,8360,8720,8360,61520,529108440,79828656810,9271621,KSQ,ME005
1551,331380,KR7331380006,포커스에이아이,KOSDAQ,투자주의환기종목(소속부없음),2155,1,85,4.11,2075,2195,2050,69951,147970670,79649289185,36960227,KSQ,ME005
1552,142280,KR7142280007,녹십자엠에스,KOSDAQ,중견기업부,3315,2,-45,-1.34,3390,3390,3255,190382,633951792,79437447765,23963031,KSQ,ME005
1553,104040,KR7104040001,디에스엠,KOSDAQ,벤처기업부,2960,1,70,2.42,2890,3150,2880,55466,165260095,79368152400,26813565,KSQ,ME005
1554,023800,KR7023800006,인지컨트롤스,KOSPI,,5020,3,0,0.0,5040,5060,5010,8692,43762335,79362168940,15809197,STK,ME005
1555,137950,KR7137950002,제이씨케미칼,KOSDAQ,우량기업부,3560,1,45,1.28,3490,3610,3490,18806,67134605,79273417840,22267814,KSQ,ME005
1556,079810,KR7079810008,APS이노베이션,KOSDAQ,우량기업부,3680,1,70,1.94,3610,3730,3450,53828,197712009,79223385920,21528094,KSQ,ME005
1557,0117P0,KR70117P0005,피스피스스튜디오,KOSDAQ,중견기업부,5590,2,-10,-0.18,5550,5640,5510,18686,104824400,79204212490,14168911,KSQ,ME005
1558,109070,KR7109070003,주성코퍼레이션,KOSPI,,7490,1,150,2.04,7450,7730,7230,22593,168783075,79109724540,10562046,STK,ME005
1559,131370,KR7131370009,알서포트,KOSDAQ,벤처기업부,1485,1,11,0.75,1500,1500,1475,28899,43033511,79101618255,53267083,KSQ,ME005
1560,032540,KR7032540007,TJ미디어,KOSDAQ,우량기업부,3785,1,15,0.4,3790,3810,3600,4620,17241667,79096708205,20897413,KSQ,ME005
1561,323350,KR7323350009,다원넥스뷰,KOSDAQ,기술성장기업부,9860,1,70,0.72,9790,11360,9710,228609,2392718025,78986211920,8010772,KSQ,ME005
1562,418470,KR7418470001,KT밀리의서재,KOSDAQ,우량기업부,9220,2,-70,-0.75,9370,9380,9210,11161,103300470,78976574580,8565789,KSQ,ME005
1563,024880,KR7024880007,케이피에프,KOSDAQ,우량기업부,3960,1,70,1.8,3880,3995,3840,74017,291933437,78968831040,19941624,KSQ,ME005
1564,009180,KR7009180001,한솔로지스틱스,KOSPI,,2800,1,25,0.9,2780,2815,2770,23098,64465715,78836310000,28155825,STK,ME005
1565,069730,KR7069730000,DSR제강,KOSPI,,5470,2,-20,-0.36,5490,5570,5410,13218,72292530,78768000000,14400000,STK,ME005
1566,058400,KR7058400003,KNN,KOSDAQ,우량기업부,5940,1,10,0.17,5990,5990,5650,1766,10372980,78663253680,13242972,KSQ,ME005
1567,111380,KR7111380002,동인기연,KOSPI,,12830,1,60,0.47,12920,12920,12550,2500,31885330,78622240000,6128000,STK,ME005
1568,004590,KR7004590006,한국가구,KOSDAQ,중견기업부,5240,1,60,1.16,5140,5250,5140,7431,38851580,78600000000,15000000,KSQ,ME005
1569,149980,KR7149980005,하이로닉,KOSDAQ,중견기업부,4560,2,-120,-2.56,4615,4675,4500,6738,30846330,78427649760,17199046,KSQ,ME005
1570,055490,KR7055490007,테이팩스,KOSPI,,16380,2,-10,-0.06,16390,16950,16300,16874,282451920,78405327000,4786650,STK,ME005
1571,000440,KR7000440008,중앙에너비스,KOSDAQ,중견기업부,12540,1,250,2.03,12580,12610,12390,10411,130352070,78088210200,6227130,KSQ,ME005
1572,067170,KR7067170001,오텍,KOSDAQ,중견기업부,2840,1,215,8.19,2680,3065,2655,2215430,6361057300,78006527080,27467087,KSQ,ME005
1573,388870,KR7388870008,파로스아이바이오,KOSDAQ,기술성장기업부,6010,2,-130,-2.12,6120,6180,5950,38374,232705470,77805051320,12945932,KSQ,ME005
1574,147760,KR7147760003,피엠티,KOSDAQ,벤처기업부,3890,2,-110,-2.75,4000,4120,3870,148876,590197789,77800000000,20000000,KSQ,ME005
1575,007610,KR7007610009,선도전기,KOSPI,,4320,3,0,0.0,4450,4480,4320,497892,2182339156,77760000000,18000000,STK,ME005
1576,0007J0,KR70007J0006,인벤테라,KOSDAQ,기술성장기업부,9860,2,-920,-8.53,10600,10600,9860,155049,1570500045,77555940040,7865714,KSQ,ME005
1577,012790,KR7012790002,신일제약,KOSDAQ,우량기업부,6470,1,30,0.47,6440,6560,6420,19616,127534150,77552105050,11986415,KSQ,ME005
1578,163560,KR7163560006,동일고무벨트,KOSPI,,5570,1,70,1.27,5550,5580,5500,5621,31164650,77423000000,13900000,STK,ME005
1579,047820,KR7047820006,초록뱀미디어,KOSDAQ,중견기업부,3165,2,-25,-0.78,3200,3230,3165,3616,11535155,77396688450,24453930,KSQ,ME005
1580,005740,KR7005740006,크라운해태홀딩스,KOSPI,,5210,1,40,0.77,5170,5250,5140,4413,22899490,77354677870,14847347,STK,ME005
1581,088390,KR7088390000,이녹스,KOSDAQ,중견기업부,8230,2,-10,-0.12,8240,8290,8150,3891,32007870,77245496120,9385844,KSQ,ME005
1582,303360,KR7303360002,프로티아,KOSDAQ,기술성장기업부,5970,2,-60,-1.0,6170,6170,5900,24395,146257560,76891898550,12879715,KSQ,ME005
1583,107600,KR7107600009,새빗켐,KOSDAQ,벤처기업부,13580,1,220,1.65,13440,14250,13300,25654,353856480,76727733320,5650054,KSQ,ME005
1584,065510,KR7065510000,휴비츠,KOSDAQ,우량기업부,7050,1,70,1.0,6980,7100,6980,24211,170769200,76689159750,10877895,KSQ,ME005
1585,225530,KR7225530005,HC보광산업,KOSDAQ,우량기업부,2110,2,-5,-0.24,2135,2135,2085,3013,6338320,76674713970,36338727,KSQ,ME005
1586,302430,KR7302430004,이노메트리,KOSDAQ,벤처기업부,7820,2,-40,-0.51,7860,7930,7710,51865,406940985,76661086560,9803208,KSQ,ME005
1587,253840,KR7253840003,수젠텍,KOSDAQ,중견기업부,4575,1,5,0.11,4570,4640,4530,71662,328259090,76600140000,16743200,KSQ,ME005
1588,041930,KR7041930009,SY동아,KOSDAQ,우량기업부,5030,1,10,0.2,5020,5040,4980,5436,27250865,76456000000,15200000,KSQ,ME005
1589,004840,KR7004840005,DRB동일,KOSPI,,3965,2,-5,-0.13,3935,3995,3925,1926,7650910,76414923260,19272364,STK,ME005
1590,038680,KR7038680005,에스넷,KOSDAQ,우량기업부,3835,1,60,1.59,3755,3925,3755,37831,146614130,76364982070,19912642,KSQ,ME005
1591,084730,KR7084730001,팅크웨어,KOSDAQ,중견기업부,6870,2,-140,-2.0,6940,7010,6860,2381,16437520,76321742880,11109424,KSQ,ME005
1592,007590,KR7007590003,동방아그로,KOSPI,,5600,1,20,0.36,5580,5600,5560,2098,11708090,76258431200,13617577,STK,ME005
1593,950130,KR8840090003,엑세스바이오,KOSDAQ,외국기업(소속부없음),2165,2,-25,-1.14,2190,2200,2120,41060,88086945,76151350610,35173834,KSQ,ME005
1594,058630,KR7058630005,엠게임,KOSDAQ,우량기업부,4055,1,5,0.12,4050,4140,4050,27029,110436795,76122787570,18772574,KSQ,ME005
1595,073640,KR7073640005,테라사이언스,KOSDAQ,관리종목(소속부없음),654,3,0,0.0,0,0,0,0,0,76111715580,116378770,KSQ,ME005
1596,225190,KR7225190008,LK삼양,KOSDAQ,중견기업부,5400,1,1140,26.76,4445,5410,4025,2674760,13070428062,76105915200,14093688,KSQ,ME005
1597,263800,KR7263800005,데이타솔루션,KOSDAQ,중견기업부,4690,1,75,1.63,4615,4780,4565,82471,389172260,76097032200,16225380,KSQ,ME005
1598,168330,KR7168330009,내츄럴엔도텍,KOSDAQ,투자주의환기종목(소속부없음),2395,1,35,1.48,2345,2400,2345,10430,24779195,76052985500,31754900,KSQ,ME005
1599,124560,KR7124560004,태웅로직스,KOSDAQ,우량기업부,1959,2,-16,-0.81,1957,1974,1953,2330,4566258,75854068749,38720811,KSQ,ME005
1600,011320,KR7011320009,유니크,KOSDAQ,우량기업부,3925,1,25,0.64,3900,4025,3845,21428,84968455,75833727875,19320695,KSQ,ME005
1601,170030,KR7170030001,현대공업,KOSDAQ,우량기업부,4925,1,95,1.97,4830,4925,4820,18787,91838600,75549500000,15340000,KSQ,ME005
1602,040910,KR7040910002,아이씨디,KOSDAQ,중견기업부,4155,1,45,1.09,4150,4350,4100,12256,51219340,75514112625,18174275,KSQ,ME005
1603,102370,KR7102370004,케이옥션,KOSDAQ,기술성장기업부,2915,1,5,0.17,2910,2940,2895,2850,8305032,75464365350,25888290,KSQ,ME005
1604,012700,KR7012700001,리드코프,KOSDAQ,우량기업부,2900,1,5,0.17,2910,2910,2885,1780,5167040,75385070800,25994852,KSQ,ME005
1605,011370,KR7011370004,서한,KOSDAQ,우량기업부,3735,1,25,0.67,3725,3750,3725,9932,37092425,75368464155,20178973,KSQ,ME005
1606,006140,KR7006140008,피제이전자,KOSDAQ,우량기업부,5070,1,690,15.75,4390,5140,4335,612871,3004849431,75365550000,14865000,KSQ,ME005
1607,451250,KR7451250005,삐아,KOSDAQ,벤처기업부,7350,1,100,1.38,7250,7370,7210,3154,22931440,75160195950,10225877,KSQ,ME005
1608,030960,KR7030960009,양지사,KOSDAQ,중견기업부,4695,2,-10,-0.21,4700,4805,4670,9133,43347970,75026100000,15980000,KSQ,ME005
1609,217330,KR7217330000,싸이토젠,KOSDAQ,기술성장기업부,3235,1,10,0.31,3280,3410,3210,77963,256795585,74824084545,23129547,KSQ,ME005
1610,065530,KR7065530008,와이어블,KOSDAQ,우량기업부,1561,1,281,21.95,1267,1628,1267,6559690,10071385281,74676302799,47838759,KSQ,ME005
1611,002220,KR7002220002,한일철강,KOSPI,,2790,2,-35,-1.24,2815,2865,2780,24113,67819160,74485913400,26697460,STK,ME005
1612,060590,KR7060590007,씨티씨바이오,KOSDAQ,중견기업부,3080,2,-20,-0.65,3085,3125,3070,9599,29642650,74477541600,24181020,KSQ,ME005
1613,013360,KR7013360003,일성건설,KOSPI,,1377,1,10,0.73,1392,1392,1366,65168,89649902,74392259760,54024880,STK,ME005
1614,208140,KR7208140004,정다운,KOSDAQ,우량기업부,2275,1,30,1.34,2250,2275,2245,13158,29795061,74356659650,32684246,KSQ,ME005
1615,000105,KR7000101006,유한양행우,KOSPI,,64500,2,-300,-0.46,64800,66900,63800,417,26890900,74067930000,1148340,STK,ME005
1616,413390,KR7413390006,엠오티,KOSDAQ,중견기업부,6560,1,150,2.34,6340,6610,6340,12247,80021430,74033011200,11285520,KSQ,ME005
1617,347890,KR7347890006,엠엑스온,KOSDAQ,벤처기업부,4340,1,15,0.35,4345,4390,4305,3718,16175870,73837305360,17013204,KSQ,ME005
1618,010960,KR7010960003,삼호개발,KOSPI,,3060,3,0,0.0,3050,3090,3050,13926,42834093,73807200000,24120000,STK,ME005
1619,019550,KR7019550003,SBI인베스트먼트,KOSDAQ,중견기업부,916,2,-2,-0.22,923,930,909,205076,188435411,73795684184,80562974,KSQ,ME005
1620,041910,KR7041910001,폴라리스AI파마,KOSDAQ,우량기업부,5550,1,20,0.36,5600,5600,5480,10008,55418210,73722592500,13283350,KSQ,ME005
1621,010280,KR7010280006,아이티센엔텍,KOSDAQ,우량기업부,5660,2,-140,-2.41,5780,5780,5600,26194,148401785,73720124620,13024757,KSQ,ME005
1622,291650,KR7291650000,츌립앤사이언스,KOSDAQ,기술성장기업부,2415,1,145,6.39,2335,2485,2245,62234,148489595,73704884715,30519621,KSQ,ME005
1623,039980,KR7039980008,폴라리스AI,KOSDAQ,중견기업부,5110,1,30,0.59,5190,5190,5070,29412,150214230,73488003540,14381214,KSQ,ME005
1624,277880,KR7277880001,티에스아이,KOSDAQ,우량기업부,3700,1,65,1.79,3695,3755,3650,24529,91147220,73419884400,19843212,KSQ,ME005
1625,060570,KR7060570009,드림어스컴퍼니,KOSDAQ,중견기업부,4950,2,-50,-1.0,5000,5040,4855,505,2506520,73360554300,14820314,KSQ,ME005
1626,451220,KR7451220008,아이엠티,KOSDAQ,기술성장기업부,9310,1,20,0.22,9440,9650,9200,41340,390111200,73312628410,7874611,KSQ,ME005
1627,171120,KR7171120009,라이온켐텍,KOSDAQ,우량기업부,2035,1,38,1.9,2005,2055,1994,46096,93925729,73060081600,35901760,KSQ,ME005
1628,040160,KR7040160004,누리플렉스,KOSDAQ,중견기업부,6140,2,-100,-1.6,6240,6390,6020,6620,40635910,72963775140,11883351,KSQ,ME005
1629,214330,KR7214330003,금호에이치티,KOSPI,,6970,2,-60,-0.85,7050,7080,6900,14553,101471390,72884795130,10456929,STK,ME005
1630,024740,KR7024740003,한일단조,KOSDAQ,우량기업부,2215,1,10,0.45,2210,2245,2205,113132,250673956,72866963535,32897049,KSQ,ME005
1631,212710,KR7212710008,아이에스티이,KOSDAQ,기술성장기업부,7500,1,20,0.27,7480,7790,7390,76605,588051450,72862335000,9714978,KSQ,ME005
1632,013870,KR7013870001,지엠비코리아,KOSPI,,3820,1,15,0.39,3890,3890,3805,900,3438625,72856109600,19072280,STK,ME005
1633,038460,KR7038460002,바이오스마트,KOSDAQ,우량기업부,2880,1,60,2.13,2835,2900,2835,92303,265150380,72790680960,25274542,KSQ,ME005
1634,229500,KR7229500004,노브메타파마,KONEX,일반기업부,5600,3,0,0.0,5790,5790,5440,367,2026870,72746727200,12990487,KNX,ME005
1635,017480,KR7017480005,삼현철강,KOSDAQ,우량기업부,4700,2,-10,-0.21,4725,4725,4685,9623,45212115,72581583000,15442890,KSQ,ME005
1636,089230,KR7089230007,THE E&M,KOSDAQ,중견기업부,1840,2,-70,-3.66,1915,1949,1840,100551,188084818,72535291360,39421354,KSQ,ME005
1637,024900,KR7024900003,디와이덕양,KOSPI,,2225,2,-10,-0.45,2220,2265,2190,55095,122925892,72457080500,32564980,STK,ME005
1638,020710,KR7020710000,시공테크,KOSDAQ,우량기업부,3605,1,5,0.14,3600,3630,3580,20285,72925983,72272931850,20047970,KSQ,ME005
1639,080010,KR7080010002,이상네트웍스,KOSDAQ,중견기업부,7340,2,-60,-0.81,7390,7410,7300,1073,7879740,72189421140,9835071,KSQ,ME005
1640,104540,KR7104540000,코렌텍,KOSDAQ,기술성장기업부,5380,1,645,13.62,4830,5550,4810,287985,1479556074,72131865800,13407410,KSQ,ME005
1641,053280,KR7053280004,예스24,KOSDAQ,중견기업부,2885,2,-10,-0.35,2910,2910,2805,11031,31449920,72125000000,25000000,KSQ,ME005
1642,338100,KR7338100001,NH프라임리츠,KOSPI,,3860,1,20,0.52,3835,3870,3835,18233,70247818,72027600000,18660000,STK,ME005
1643,294140,KR7294140009,레몬,KOSDAQ,관리종목(소속부없음),2890,2,-130,-4.3,3015,3015,2885,20004,58643920,72003824020,24914818,KSQ,ME005
1644,234920,KR7234920007,자이글,KOSDAQ,관리종목(소속부없음),5310,3,0,0.0,0,0,0,0,0,71849132100,13530910,KSQ,ME005
1645,320000,KR7320000003,한울반도체,KOSDAQ,중견기업부,10390,1,20,0.19,10370,10780,10280,83998,885753515,71833031300,6913670,KSQ,ME005
1646,377480,KR7377480009,마음AI,KOSDAQ,기술성장기업부,10090,2,-60,-0.59,10160,10240,10060,13302,135095400,71742674750,7110275,KSQ,ME005
1647,054620,KR7054620000,APS,KOSDAQ,중견기업부,3900,1,195,5.26,3690,3945,3670,44531,169690209,71737461900,18394221,KSQ,ME005
1648,039010,KR7039010004,현대에이치티,KOSDAQ,우량기업부,8310,2,-40,-0.48,8300,8330,8170,3584,29510720,71673750000,8625000,KSQ,ME005
1649,091590,KR7091590000,남화토건,KOSDAQ,중견기업부,6100,2,-10,-0.16,6070,6280,6060,68759,422199975,71614000000,11740000,KSQ,ME005
1650,417970,KR7417970001,모델솔루션,KOSDAQ,우량기업부,11180,1,660,6.27,10640,11290,10560,10093,111762890,71515106000,6396700,KSQ,ME005
1651,083790,KR7083790006,CG인바이츠,KOSDAQ,벤처기업부,925,2,-20,-2.12,950,950,900,60843,55856867,71127118350,76894182,KSQ,ME005
1652,054040,KR7054040001,한국컴퓨터,KOSDAQ,우량기업부,4425,3,0,0.0,4425,4445,4390,9632,42586710,71115458250,16071290,KSQ,ME005
1653,460940,KR7460940000,피앤에스로보틱스,KOSDAQ,기술성장기업부,5280,1,60,1.15,5170,5320,5170,31202,164451320,71043878400,13455280,KSQ,ME005
1654,014160,KR7014160006,대영포장,KOSPI,,655,3,0,0.0,0,0,0,0,0,70998429595,108394549,STK,ME005
1655,090470,KR7090470006,제이스로보틱스,KOSDAQ,벤처기업부,4060,2,-70,-1.69,4130,4175,4010,3155,12951385,70954971640,17476594,KSQ,ME005
1656,371950,KR7371950007,풍원정밀,KOSDAQ,기술성장기업부,3010,2,-110,-3.53,3120,3180,3000,17582,53552762,70930680100,23565010,KSQ,ME005
1657,045660,KR7045660008,에이텍,KOSDAQ,우량기업부,8580,3,0,0.0,8510,8660,8510,3106,26707610,70870800000,8260000,KSQ,ME005
1658,089790,KR7089790000,제이티,KOSDAQ,벤처기업부,6850,1,200,3.01,6560,7030,6550,141416,969436910,70661264050,10315513,KSQ,ME005
1659,128660,KR7128660008,피제이메탈,KOSDAQ,우량기업부,2845,1,10,0.35,2870,2870,2820,18878,53598285,70565584805,24803369,KSQ,ME005
1660,299660,KR7299660001,셀리드,KOSDAQ,기술성장기업부,2390,2,-20,-0.83,2450,2450,2350,130107,311545836,70512115030,29502977,KSQ,ME005
1661,347000,KR7347000002,센코,KOSDAQ,기술성장기업부,1861,2,-31,-1.64,1860,1889,1840,21509,39940982,70365984406,37810846,KSQ,ME005
1662,417790,KR7417790003,트루엔,KOSDAQ,벤처기업부,6720,1,110,1.66,6610,6790,6540,5162,34305090,70347587520,10468391,KSQ,ME005
1663,000230,KR7000230003,일동홀딩스,KOSPI,,6090,2,-30,-0.49,6150,6190,6020,5633,34412830,70281036000,11540400,STK,ME005
1664,104460,KR7104460001,디와이피엔에프,KOSDAQ,우량기업부,6680,1,50,0.75,6590,6740,6570,2812,18754950,70260914680,10518101,KSQ,ME005
1665,155650,KR7155650005,와이엠씨,KOSDAQ,우량기업부,3700,3,0,0.0,3700,3850,3675,51982,194677245,70205124600,18974358,KSQ,ME005
1666,005750,KR7005750005,대림바스,KOSPI,,4230,2,-10,-0.24,4280,4280,4200,10687,45130175,70185175200,16592240,STK,ME005
1667,063160,KR7063160006,종근당바이오,KOSPI,,12780,3,0,0.0,13120,13130,12650,4169,53155550,70110594360,5485962,STK,ME005
1668,002795,KR7002791002,아모레퍼시픽홀딩스우,KOSPI,,10980,2,-250,-2.23,11230,11230,10980,4787,52991695,70065268560,6381172,STK,ME005
1669,096350,KR7096350004,대창솔루션,KOSDAQ,벤처기업부,1900,1,20,1.06,1870,1928,1870,39921,76120379,70024047800,36854762,KSQ,ME005
1670,001020,KR7001020007,페이퍼코리아,KOSPI,,1963,2,-13,-0.66,1950,1963,1947,1980,3867828,69876247506,35596662,STK,ME005
1671,092040,KR7092040005,아미코젠,KOSDAQ,기술성장기업부,988,2,-2,-0.2,982,998,978,92763,91668934,69807522356,70655387,KSQ,ME005
1672,282620,KR7282620004,기도산업,KOSDAQ,중견기업부,11900,1,70,0.59,11800,11960,11780,14661,173745040,69742413300,5860707,KSQ,ME005
1673,002720,KR7002720001,국제약품,KOSPI,,3295,1,25,0.76,3290,3325,3275,7382,24352680,69721646440,21159832,STK,ME005
1674,487580,KR7487580003,폴레드,KOSDAQ,벤처기업부,2765,2,-140,-4.82,2920,2950,2710,446272,1249343280,69630610665,25182861,KSQ,ME005
1675,120115,KR7120111000,코오롱인더우,KOSPI,,25150,1,50,0.2,25100,25250,24900,349,8759700,69611679000,2767860,STK,ME005
1676,332370,KR7332370006,아이디피,KOSDAQ,벤처기업부,5240,2,-10,-0.19,5240,5250,5240,5,26230,69554324240,13273726,KSQ,ME005
1677,001560,KR7001560002,제일연마,KOSPI,,9150,1,90,0.99,9060,9180,8950,459,4172430,69540000000,7600000,STK,ME005
1678,067570,KR7067570002,엔브이에이치코리아,KOSDAQ,중견기업부,1648,1,16,0.98,1650,1650,1615,19389,31819436,69496160000,42170000,KSQ,ME005
1679,071090,KR7071090005,하이스틸,KOSPI,,3435,2,-190,-5.24,3550,3610,3420,580867,2044628617,69357702885,20191471,STK,ME005
1680,010660,KR7010660009,화천기계,KOSPI,,3150,1,85,2.77,3065,3185,3060,80951,253967780,69300000000,22000000,STK,ME005
1681,004440,KR7004440004,삼일씨엔에스,KOSPI,,5440,2,-10,-0.18,5530,5530,5400,12885,70068380,69261791680,12731947,STK,ME005
1682,031820,KR7031820004,아이티센씨티에스,KOSPI,,5720,1,40,0.7,5670,5720,5650,3316,18845240,69241435120,12105146,STK,ME005
1683,109860,KR7109860007,동일금속,KOSDAQ,우량기업부,7600,2,-10,-0.13,7610,7610,7530,879,6632090,69160000000,9100000,KSQ,ME005
1684,032850,KR7032850000,비트컴퓨터,KOSDAQ,벤처기업부,4160,3,0,0.0,4185,4185,4120,19726,81946475,69152898880,16623293,KSQ,ME005
1685,024830,KR7024830002,세원물산,KOSDAQ,중견기업부,8280,1,70,0.85,8130,8400,8130,3272,27173560,69138000000,8350000,KSQ,ME005
1686,110790,KR7110790003,크리스에프앤씨,KOSDAQ,우량기업부,2950,3,0,0.0,2970,2970,2925,736,2178170,69121332000,23430960,KSQ,ME005
1687,076610,KR7076610005,해성옵틱스,KOSDAQ,벤처기업부,1133,1,33,3.0,1110,1151,1095,442906,501941648,69015597123,60914031,KSQ,ME005
1688,026150,KR7026150003,특수건설,KOSDAQ,중견기업부,3930,1,5,0.13,3975,3975,3835,8863,34637830,68957080830,17546331,KSQ,ME005
1689,019540,KR7019540004,일지테크,KOSDAQ,우량기업부,5100,1,50,0.99,5060,5150,5050,13657,69635620,68918850000,13513500,KSQ,ME005
1690,347860,KR7347860009,알체라,KOSDAQ,중견기업부,1634,1,22,1.36,1615,1638,1599,60894,98448508,68879059198,42153647,KSQ,ME005
1691,208370,KR7208370007,셀바스헬스케어,KOSDAQ,벤처기업부,2675,2,-35,-1.29,2690,2770,2660,264376,716644590,68856008700,25740564,KSQ,ME005
1692,002700,KR7002700003,신일전자,KOSPI,,1003,2,-2,-0.2,1005,1007,999,241680,242251482,68753163563,68547521,STK,ME005
1693,009770,KR7009770009,삼정펄프,KOSPI,,27500,1,50,0.18,28250,28500,27300,3750,103009050,68749202500,2499971,STK,ME005
1694,337930,KR7337930002,젝시믹스,KOSDAQ,우량기업부,2365,3,0,0.0,2350,2385,2340,13638,32202250,68700717085,29048929,KSQ,ME005
1695,456570,KR7456570001,아이엠지티,KONEX,일반기업부,13000,2,-390,-2.91,13390,13390,13000,176,2307870,68442452000,5264804,KNX,ME005
1696,214260,KR7214260002,라파스,KOSDAQ,기술성장기업부,7670,2,-120,-1.54,7840,7840,7600,4680,35904170,68435291210,8922463,KSQ,ME005
1697,228340,KR7228340006,동양파일,KOSDAQ,중견기업부,3420,3,0,0.0,3450,3535,3380,181747,626387031,68400000000,20000000,KSQ,ME005
1698,010040,KR7010040004,한국내화,KOSPI,,1665,2,-21,-1.25,1720,1720,1639,28366,47200809,68376658230,41067062,STK,ME005
1699,084680,KR7084680008,이월드,KOSPI,,2410,2,-250,-9.4,2690,2750,2320,118939,293496946,68350583580,28361238,STK,ME005
1700,155660,KR7155660004,DSR,KOSPI,,4265,2,-15,-0.35,4330,4330,4265,5842,25049742,68240000000,16000000,STK,ME005
1701,117670,KR7117670000,알파칩스,KOSDAQ,벤처기업부,10240,2,-140,-1.35,10700,11160,10200,45305,480066995,68216238080,6661742,KSQ,ME005
1702,095720,KR7095720009,웅진씽크빅,KOSPI,,1200,1,1,0.08,1200,1217,1198,7539,9068708,68192502000,56827085,STK,ME005
1703,011150,KR7011150000,CJ씨푸드,KOSPI,,1891,2,-10,-0.53,1901,1905,1882,11400,21600764,67945091743,35930773,STK,ME005
1704,084670,KR7084670009,동양고속,KOSPI,,23400,1,250,1.08,23550,24000,23250,2675,63160025,67756314600,2895569,STK,ME005
1705,048430,KR7048430003,유라테크,KOSDAQ,우량기업부,5880,2,-60,-1.01,5940,5960,5820,15464,91103065,67737600000,11520000,KSQ,ME005
1706,262260,KR7262260003,에이프로,KOSDAQ,우량기업부,4490,1,90,2.05,4450,4675,4380,24098,110038235,67698693400,15077660,KSQ,ME005
1707,487400,KR7487400004,케이앤에스아이앤씨,KOSDAQ,기술성장기업부,6590,1,30,0.46,6520,6720,6480,48357,319316130,67619212380,10260882,KSQ,ME005
1708,0218L0,KR70218L0007,네오뷰,KOSDAQ,중견기업부,12810,1,360,2.89,12450,13000,12330,10814,138671490,67587801750,5276175,KSQ,ME005
1709,002800,KR7002800001,신신제약,KOSDAQ,우량기업부,4455,1,15,0.34,4470,4470,4435,3417,15197270,67584577500,15170500,KSQ,ME005
1710,095270,KR7095270005,웨이브일렉트로,KOSDAQ,벤처기업부,4695,1,145,3.19,4500,4755,4500,42045,197216792,67478446170,14372406,KSQ,ME005
1711,265560,KR7265560003,영화테크,KOSDAQ,우량기업부,6310,2,-50,-0.79,6360,6370,6260,8110,51347720,67455035800,10690180,KSQ,ME005
1712,950220,KR8840140006,네오이뮨텍,KOSDAQ,기술성장기업부,1970,2,-2,-0.1,1982,2020,1950,95198,188356218,67397324800,34211840,KSQ,ME005
1713,049550,KR7049550007,잉크테크,KOSDAQ,우량기업부,3435,2,-15,-0.43,3450,3480,3385,2241,7615010,67347561495,19606277,KSQ,ME005
1714,004770,KR7004770004,써니전자,KOSPI,,1892,2,-96,-4.83,1945,1970,1850,854803,1624593681,67180072696,35507438,STK,ME005
1715,228670,KR7228670006,레이,KOSDAQ,벤처기업부,4295,2,-50,-1.15,4440,4440,4290,29272,127700364,67173890195,15640021,KSQ,ME005
1716,0004V0,KR70004V0003,엔비알모션,KOSDAQ,기술성장기업부,6100,2,-60,-0.97,6160,6430,6050,120406,750914840,67163342400,11010384,KSQ,ME005
1717,096250,KR7096250006,와이즈넛,KOSDAQ,기술성장기업부,5680,1,90,1.61,5590,5750,5460,15892,89944745,67108524080,11814881,KSQ,ME005
1718,123420,KR7123420002,위메이드플레이,KOSDAQ,우량기업부,6440,2,-70,-1.08,6510,6570,6430,3386,21884020,66982704040,10401041,KSQ,ME005
1719,004780,KR7004780003,대륙제관,KOSDAQ,우량기업부,4190,2,-10,-0.24,4200,4250,4160,7756,32618805,66634403810,15903199,KSQ,ME005
1720,067370,KR7067370007,선바이오,KOSDAQ,기술성장기업부,5440,2,-50,-0.91,5580,5580,5390,550,2989530,66443295040,12213841,KSQ,ME005
1721,000180,KR7000180000,성창기업지주,KOSPI,,4760,2,-55,-1.14,4815,4815,4735,8022,38366395,66403523200,13950320,STK,ME005
1722,0155E0,KR70155E0001,해치텍,KOSDAQ,기술성장기업부,12060,2,-70,-0.58,12050,12390,11940,79208,957603405,66175029000,5487150,KSQ,ME005
1723,079980,KR7079980009,휴비스,KOSPI,,1918,2,-4,-0.21,1922,1925,1913,18926,36276895,66171000000,34500000,STK,ME005
1724,153710,KR7153710009,옵티팜,KOSDAQ,기술성장기업부,4500,1,20,0.45,4500,4685,4400,7618,34245815,66014811000,14669958,KSQ,ME005
1725,456070,KR7456070002,이엔셀,KOSDAQ,기술성장기업부,5980,2,-120,-1.97,6140,6190,5940,43838,264582935,65956511660,11029517,KSQ,ME005
1726,014970,KR7014970008,삼륭물산,KOSDAQ,중견기업부,4445,1,85,1.95,4360,4490,4360,24322,108231720,65897125000,14825000,KSQ,ME005
1727,085310,KR7085310001,엔케이,KOSPI,,8880,2,-60,-0.67,8930,8930,8830,1220,10821830,65872497120,7418074,STK,ME005
1728,017370,KR7017370008,우신시스템,KOSPI,,3595,1,45,1.27,3550,3595,3490,6003,21408595,65839024130,18314054,STK,ME005
1729,061040,KR7061040002,알에프텍,KOSDAQ,중견기업부,7270,1,30,0.41,7240,7300,7120,3252,23499540,65780581210,9048223,KSQ,ME005
1730,004720,KR7004720009,팜젠사이언스,KOSPI,,2900,1,15,0.52,2880,2900,2860,5023,14440802,65697658500,22654365,STK,ME005
1731,039610,KR7039610001,화성밸브,KOSDAQ,우량기업부,6300,2,-190,-2.93,6430,6450,6300,100288,636418260,65585520000,10410400,KSQ,ME005
1732,204840,KR7204840003,지엘팜텍,KOSDAQ,기술성장기업부,4225,2,-35,-0.82,4255,4305,4225,8083,34347040,65528909225,15509801,KSQ,ME005
1733,331740,KR7331740001,아우토크립트,KOSDAQ,기술성장기업부,6720,1,220,3.38,6460,6870,6460,30433,204732790,65526659520,9750991,KSQ,ME005
1734,315640,KR7315640003,딥노이드,KOSDAQ,기술성장기업부,2225,1,60,2.77,2180,2290,2125,154674,344055976,65353216200,29372232,KSQ,ME005
1735,137080,KR7137080008,나래나노텍,KOSDAQ,중견기업부,6090,2,-20,-0.33,6110,6130,6050,4417,26918720,65223589410,10709949,KSQ,ME005
1736,222110,KR7222110009,팬젠,KOSDAQ,기술성장기업부,4820,1,75,1.58,4790,4825,4790,741,3569550,65139933380,13514509,KSQ,ME005
1737,040350,KR7040350001,크레오에스지,KOSDAQ,벤처기업부,3270,2,-40,-1.21,3310,3310,3195,36387,118184230,64929760920,19856196,KSQ,ME005
1738,111710,KR7111710000,남화산업,KOSDAQ,중견기업부,3150,2,-10,-0.32,3225,3225,3140,5646,17949970,64852200000,20588000,KSQ,ME005
1739,018500,KR7018500009,동원모빌리티,KOSPI,,1384,1,42,3.13,1377,1390,1341,20769,28653221,64708827272,46754933,STK,ME005
1740,019680,KR7019680008,대교,KOSPI,,1608,2,-27,-1.65,1629,1637,1600,10827,17597634,64696030800,40233850,STK,ME005
1741,214680,KR7214680001,디알텍,KOSDAQ,벤처기업부,3875,2,-40,-1.02,3980,3980,3865,12682,49578425,64694717625,16695411,KSQ,ME005
1742,100030,KR7100030006,인지소프트,KOSDAQ,중견기업부,19700,2,-90,-0.45,20200,20200,19640,341,6736120,64689165800,3283714,KSQ,ME005
1743,056360,KR7056360001,코위버,KOSDAQ,벤처기업부,6600,1,380,6.11,6330,6880,6290,199773,1313485370,64658880000,9796800,KSQ,ME005
1744,241790,KR7241790005,티이엠씨씨엔에스,KOSDAQ,우량기업부,6460,2,-80,-1.22,6500,6650,6460,36993,242705510,64617015640,10002634,KSQ,ME005
1745,007280,KR7007280001,한국특강,KOSPI,,2255,3,0,0.0,2335,2335,2210,4283,9657855,64597947700,28646540,STK,ME005
1746,100220,KR7100220003,비상교육,KOSPI,,4970,2,-30,-0.6,5110,5110,4960,6526,32454110,64593802770,12996741,STK,ME005
1747,205470,KR7205470008,휴마시스,KOSDAQ,중견기업부,2615,1,10,0.38,2620,2710,2585,29940,79014270,64525127615,24675001,KSQ,ME005
1748,005870,KR7005870001,휴니드,KOSPI,,4565,1,20,0.44,4550,4605,4410,37308,170233783,64439608475,14116015,STK,ME005
1749,058730,KR7058730003,다스코,KOSPI,,3180,1,35,1.11,3155,3235,3110,107520,343908075,64398978180,20251251,STK,ME005
1750,048770,KR7048770002,TPC로보틱스,KOSDAQ,벤처기업부,4100,1,45,1.11,4070,4165,4030,117684,484428087,64361763100,15697991,KSQ,ME005
1751,067920,KR7067920009,이글루,KOSDAQ,우량기업부,5850,1,70,1.21,5820,5890,5770,28970,168772480,64327296150,10996119,KSQ,ME005
1752,122350,KR7122350002,삼기,KOSDAQ,중견기업부,1673,1,25,1.52,1648,1700,1648,487097,816752833,64141863044,38339428,KSQ,ME005
1753,126880,KR7126880004,제이엔케이글로벌,KOSDAQ,우량기업부,2760,2,-15,-0.54,2780,2840,2745,30417,84198550,63944019480,23168123,KSQ,ME005
1754,382480,KR7382480002,지아이텍,KOSDAQ,벤처기업부,1623,1,3,0.19,1620,1645,1608,28785,46743802,63876638220,39357140,KSQ,ME005
1755,033130,KR7033130006,디지틀조선,KOSDAQ,중견기업부,1716,2,-1,-0.06,1703,1735,1687,4106,6997964,63689798172,37115267,KSQ,ME005
1756,049470,KR7049470008,비트플래닛,KOSDAQ,중견기업부,2705,2,-10,-0.37,2800,2800,2570,63879,171515094,63688951795,23544899,KSQ,ME005
1757,424960,KR7424960003,스마트레이더시스템,KOSDAQ,기술성장기업부,3855,1,65,1.72,3810,3900,3735,14744,56245960,63550099050,16485110,KSQ,ME005
1758,900300,HK0000312568,오가닉티코스메틱,KOSDAQ,외국기업(소속부없음),3085,1,485,18.65,2655,3375,2655,1143951,3656149389,63489599245,20580097,KSQ,ME005
1759,007815,KR7007811003,코리아써우,KOSPI,,21400,1,700,3.38,20900,21400,20900,239,5084200,63444366000,2964690,STK,ME005
1760,241690,KR7241690007,유니테크노,KOSDAQ,우량기업부,2590,2,-25,-0.96,2610,2630,2580,16972,44050665,63379128540,24470706,KSQ,ME005
1761,424980,KR7424980001,마이크로투나노,KOSDAQ,기술성장기업부,10690,1,820,8.31,9900,11210,9820,78264,825134945,63272934100,5918890,KSQ,ME005
1762,009200,KR7009200007,무림페이퍼,KOSPI,,1519,1,6,0.4,1507,1519,1500,18594,28068168,63204541890,41609310,STK,ME005
1763,081150,KR7081150005,티플랙스,KOSDAQ,중견기업부,2600,1,20,0.78,2595,2625,2580,20845,54279015,63097845200,24268402,KSQ,ME005
1764,089850,KR7089850002,유비벨록스,KOSDAQ,우량기업부,4280,1,5,0.12,4240,4330,4200,4073,17397335,63045251720,14730199,KSQ,ME005
1765,127710,KR7127710002,아시아경제,KOSDAQ,중견기업부,1427,1,16,1.13,1429,1430,1385,23155,32805950,62858222670,44049210,KSQ,ME005
1766,210980,KR7210980009,SK디앤디,KOSPI,,3375,2,-115,-3.3,3560,3560,3345,60988,206787668,62833664250,18617382,STK,ME005
1767,221800,KR7221800006,지구홀딩스,KOSDAQ,투자주의환기종목(소속부없음),3850,1,150,4.05,3875,3875,3640,18532,70870990,62827576350,16318851,KSQ,ME005
1768,001840,KR7001840008,이화공영,KOSDAQ,관리종목(소속부없음),2215,3,0,0.0,0,0,0,0,0,62588831935,28256809,KSQ,ME005
1769,291230,KR7291230001,컴투스엔,KOSDAQ,중견기업부,2605,2,-5,-0.19,2600,2610,2575,15050,39064068,62549256755,24011231,KSQ,ME005
1770,214270,KR7214270001,FSN,KOSDAQ,중견기업부,1382,2,-22,-1.57,1405,1415,1370,17864,24780923,62537760952,45251636,KSQ,ME005
1771,273640,KR7273640003,와이엠텍,KOSDAQ,벤처기업부,5700,1,310,5.75,5390,5770,5290,42424,236854235,62506200000,10966000,KSQ,ME005
1772,043650,KR7043650001,국순당,KOSDAQ,중견기업부,3500,3,0,0.0,3500,3525,3480,4053,14190975,62504064000,17858304,KSQ,ME005
1773,900110,HK0000057197,딥커머스,KOSDAQ,외국기업(소속부없음),5650,1,190,3.48,5450,5670,5440,1595,8951395,62501870700,11062278,KSQ,ME005
1774,187420,KR7187420005,HLB제넥스,KOSDAQ,기술성장기업부,1914,2,-55,-2.79,1963,1985,1905,109999,213483602,62482428558,32644947,KSQ,ME005
1775,0156T0,KR70156T0003,에이치엘지노믹스,KOSDAQ,중견기업부,8010,2,-40,-0.5,8050,8150,7980,41176,330864940,62335109610,7782161,KSQ,ME005
1776,036000,KR7036000008,예림당,KOSDAQ,중견기업부,2705,3,0,0.0,2735,2735,2670,9857,26581645,62307719285,23034277,KSQ,ME005
1777,294090,KR7294090006,이오플로우,KOSDAQ,관리종목(소속부없음),1490,3,0,0.0,0,0,0,0,0,62295566450,41809105,KSQ,ME005
1778,480370,KR7480370006,씨케이솔루션,KOSPI,,1916,2,-39,-1.99,1993,2045,1916,112558,222368193,62234377728,32481408,STK,ME005
1779,016090,KR7016090003,대현,KOSPI,,1403,1,1,0.07,1407,1407,1398,6305,8824706,62128080930,44282310,STK,ME005
1780,318160,KR7318160009,셀바이오휴먼텍,KOSDAQ,벤처기업부,6650,2,-80,-1.19,6740,6830,6500,31983,212204600,62094461450,9337513,KSQ,ME005
1781,064240,KR7064240005,홈캐스트,KOSDAQ,벤처기업부,1786,1,1,0.06,1782,1794,1778,4707,8405241,61963932286,34694251,KSQ,ME005
1782,463020,KR7463020008,뉴엔AI,KOSDAQ,기술성장기업부,6870,2,-140,-2.0,7040,7070,6800,28562,198371570,61742064000,8987200,KSQ,ME005
1783,082210,KR7082210006,옵트론텍,KOSDAQ,중견기업부,1763,1,5,0.28,1758,1778,1750,13273,23430455,61640350790,34963330,KSQ,ME005
1784,066670,KR7066670001,디티씨,KOSDAQ,중견기업부,3295,2,-20,-0.6,3290,3320,3280,39814,131422430,61589869810,18691918,KSQ,ME005
1785,014470,KR7014470009,부방,KOSDAQ,벤처기업부,1079,3,0,0.0,1071,1098,1070,14308,15375566,61556561560,57049640,KSQ,ME005
1786,049480,KR7049480007,오픈베이스,KOSDAQ,우량기업부,1958,1,3,0.15,1949,1979,1949,48394,95264340,61525025914,31422383,KSQ,ME005
1787,005670,KR7005670005,푸드웰,KOSDAQ,우량기업부,6140,2,-30,-0.49,6190,6200,6130,1429,8804830,61400000000,10000000,KSQ,ME005
1788,043610,KR7043610005,KT지니뮤직,KOSDAQ,중견기업부,1055,3,0,0.0,0,0,0,0,0,61311787090,58115438,KSQ,ME005
1789,059270,KR7059270009,해성에어로보틱스,KOSDAQ,기술성장기업부,5490,2,-30,-0.54,5550,5640,5490,25261,140705420,61297491510,11165299,KSQ,ME005
1790,016250,KR7016250003,SGC E&C,KOSDAQ,중견기업부,12130,1,70,0.58,12300,12300,12090,1102,13400375,61098640180,5036986,KSQ,ME005
1791,060310,KR7060310000,3S,KOSDAQ,벤처기업부,1150,1,39,3.51,1110,1154,1109,93115,105870498,61017896000,53059040,KSQ,ME005
1792,068290,KR7068290006,삼성출판사,KOSPI,,6100,1,10,0.16,6160,6200,6060,5857,35793415,61000000000,10000000,STK,ME005
1793,010240,KR7010240000,흥국,KOSDAQ,우량기업부,5210,1,20,0.39,5220,5220,5190,1935,10059330,60988260000,11706000,KSQ,ME005
1794,460870,KR7460870009,에스엠씨지,KOSDAQ,벤처기업부,3037,1,17,0.56,3020,3095,2980,28805,87682697,60962624248,20073304,KSQ,ME005
1795,203400,KR7203400007,에이비온,KOSDAQ,관리종목(소속부없음),676,3,0,0.0,0,0,0,0,0,60908481504,90101304,KSQ,ME005
1796,179530,KR7179530001,애드바이오텍,KOSDAQ,기술성장기업부,1955,1,148,8.19,1809,1987,1809,167771,320737033,60847263600,31123920,KSQ,ME005
1797,448710,KR7448710004,코츠테크놀로지,KOSDAQ,벤처기업부,11510,1,190,1.68,11310,11570,11220,11690,134066200,60833710920,5285292,KSQ,ME005
1798,299170,KR7299170001,더블유에스아이,KOSDAQ,중견기업부,1464,2,-4,-0.27,1472,1530,1459,2399035,3584622895,60772525632,41511288,KSQ,ME005
1799,072130,KR7072130008,유엔젤,KOSPI,,4785,2,-20,-0.42,4850,4850,4775,7094,34012430,60747747390,12695454,STK,ME005
1800,041460,KR7041460007,한국전자인증,KOSDAQ,중견기업부,3295,2,-15,-0.45,3295,3345,3285,18229,60276985,60727209155,18430109,KSQ,ME005
1801,004450,KR7004450003,삼화왕관,KOSPI,,28150,3,0,0.0,27800,28400,27650,713,20009500,60645768850,2154379,STK,ME005
1802,008370,KR7008370009,원풍,KOSDAQ,우량기업부,5050,2,-40,-0.79,5060,5070,4970,3477,17496290,60600000000,12000000,KSQ,ME005
1803,036090,KR7036090009,위지트,KOSDAQ,중견기업부,1422,1,20,1.43,1401,1444,1401,153808,219116054,60506830908,42550514,KSQ,ME005
1804,033320,KR7033320003,제이씨현시스템,KOSDAQ,벤처기업부,3165,1,30,0.96,3135,3195,3135,29806,94591920,60497177280,19114432,KSQ,ME005
1805,483350,KR7483350005,딜리셔스,KOSDAQ,기술성장기업부,2730,2,-40,-1.44,2775,2845,2725,160084,443362720,60478945800,22153460,KSQ,ME005
1806,216050,KR7216050005,인크로스,KOSDAQ,중견기업부,4955,1,10,0.2,4945,4980,4935,6575,32610760,60444172010,12198622,KSQ,ME005
1807,039420,KR7039420005,케이엘넷,KOSDAQ,중견기업부,2630,2,-10,-0.38,2655,2655,2620,2355,6193785,60350594220,22946994,KSQ,ME005
1808,352910,KR7352910004,오비고,KOSDAQ,기술성장기업부,4755,2,-75,-1.55,4830,4830,4730,5496,26160555,60092748510,12637802,KSQ,ME005
1809,065170,KR7065170003,비엘팜텍,KOSDAQ,투자주의환기종목(소속부없음),2145,1,20,0.94,2080,2185,2080,165713,356426464,59875085985,27913793,KSQ,ME005
1810,002760,KR7002760007,보락,KOSPI,,999,2,-1,-0.1,1000,1000,995,22820,22768776,59840100000,59900000,STK,ME005
1811,003310,KR7003310000,대주산업,KOSDAQ,우량기업부,1690,1,42,2.55,1643,1707,1643,184515,311253165,59813071500,35392350,KSQ,ME005
1812,010470,KR7010470003,오리콤,KOSDAQ,우량기업부,4990,2,-5,-0.1,5040,5040,4990,1599,8000705,59755499500,11975050,KSQ,ME005
1813,014990,KR7014990006,인디에프,KOSPI,,3970,1,35,0.89,3935,4010,3810,117753,464445887,59639718030,15022599,STK,ME005
1814,251630,KR7251630000,브이원텍,KOSDAQ,벤처기업부,3740,1,5,0.13,3735,3840,3650,6334,23568820,59626393640,15942886,KSQ,ME005
1815,054300,KR7054300009,팬스타엔터프라이즈,KOSDAQ,벤처기업부,1025,2,-20,-1.91,1044,1052,1023,38244,39599330,59625218625,58170945,KSQ,ME005
1816,464490,KR7464490002,쿼드메디슨,KOSDAQ,기술성장기업부,5180,1,160,3.19,5160,5400,4985,88241,460871125,59611248340,11507963,KSQ,ME005
1817,094850,KR7094850005,참좋은여행,KOSDAQ,우량기업부,4255,1,5,0.12,4210,4255,4110,7483,31575840,59570000000,14000000,KSQ,ME005
1818,000220,KR7000220004,유유제약,KOSPI,,3770,2,-30,-0.79,3815,3815,3765,12960,49086810,59367931740,15747462,STK,ME005
1819,372910,KR7372910000,한컴라이프케어,KOSPI,,2140,2,-5,-0.23,2135,2195,2130,97096,209797547,59223228840,27674406,STK,ME005
1820,025550,KR7025550005,한국선재,KOSDAQ,중견기업부,2320,1,5,0.22,2300,2355,2285,94942,219645241,59192489280,25514004,KSQ,ME005
1821,039020,KR7039020003,이건홀딩스,KOSDAQ,중견기업부,2610,2,-5,-0.19,2625,2635,2600,51788,134959925,58946090490,22584709,KSQ,ME005
1822,033310,KR7033310004,엠투엔,KOSDAQ,중견기업부,1470,1,1,0.07,1446,1490,1446,15156,22155372,58759510320,39972456,KSQ,ME005
1823,263690,KR7263690000,디알젬,KOSDAQ,우량기업부,5180,1,10,0.19,5150,5180,5100,3788,19547290,58666659800,11325610,KSQ,ME005
1824,175140,KR7175140003,아고스,KOSDAQ,투자주의환기종목(소속부없음),2350,1,50,2.17,2340,2375,2305,6151,14421275,58618994550,24944253,KSQ,ME005
1825,045340,KR7045340007,토탈소프트,KOSDAQ,벤처기업부,6810,1,10,0.15,6730,6840,6710,6942,46996420,58280252400,8558040,KSQ,ME005
1826,111110,KR7111110003,호전실업,KOSPI,,6420,1,20,0.31,6440,6440,6380,1012,6473590,58203720000,9066000,STK,ME005
1827,261520,KR7261520001,이지스,KOSDAQ,기술성장기업부,5660,1,160,2.91,5550,5740,5530,42430,239755250,58172348000,10277800,KSQ,ME005
1828,099520,KR7099520009,DGI,KOSDAQ,관리종목(소속부없음),1284,3,0,0.0,0,0,0,0,0,58141862016,45281824,KSQ,ME005
1829,360350,KR7360350003,코셈,KOSDAQ,기술성장기업부,10680,2,-20,-0.19,10360,10800,10280,24900,263047840,58077519600,5437970,KSQ,ME005
1830,081180,KR7081180002,쎄크,KOSDAQ,기술성장기업부,6580,2,-20,-0.3,6890,7050,6570,98994,674564295,58072020300,8825535,KSQ,ME005
1831,191420,KR7191420009,테고사이언스,KOSDAQ,벤처기업부,7160,2,-90,-1.24,7110,7220,7040,1344,9620150,58059251440,8108834,KSQ,ME005
1832,35320K,KR735320K011,대덕전자1우,KOSPI,,27625,1,325,1.19,27750,27875,27100,6905,190658400,57888712375,2095519,STK,ME005
1833,050960,KR7050960004,수산아이앤티,KOSDAQ,벤처기업부,8570,1,110,1.3,8460,8570,8440,1189,10049200,57856070000,6751000,KSQ,ME005
1834,192250,KR7192250009,케이사인,KOSDAQ,벤처기업부,8180,2,-100,-1.21,8260,8350,8100,15372,126200330,57809082500,7067125,KSQ,ME005
1835,950200,KR8840150005,소마젠,KOSDAQ,외국기업(소속부없음),3005,2,-80,-2.59,3105,3115,2995,52428,158988045,57804339265,19236053,KSQ,ME005
1836,215360,KR7215360009,우리산업,KOSDAQ,우량기업부,6320,1,100,1.61,6260,6360,6220,5163,32579250,57715270160,9132163,KSQ,ME005
1837,348150,KR7348150004,고바이오랩,KOSDAQ,기술성장기업부,2960,2,-35,-1.17,2935,2985,2930,10692,31606515,57479911440,19418889,KSQ,ME005
1838,037440,KR7037440005,희림,KOSDAQ,우량기업부,4125,2,-45,-1.08,4170,4190,4125,24177,100494560,57430209375,13922475,KSQ,ME005
1839,003925,KR7003921004,남양유업우,KOSPI,,30250,2,-50,-0.17,30300,30300,30150,205,6203350,57207257250,1891149,STK,ME005
1840,129260,KR7129260006,인터지스,KOSPI,,1910,1,10,0.53,1888,1980,1888,11506,22099930,56818439340,29747874,STK,ME005
1841,145170,KR7145170007,노브랜드,KOSDAQ,중견기업부,3360,2,-195,-5.49,3545,3545,3340,206703,706460564,56812240800,16908405,KSQ,ME005
1842,053050,KR7053050001,지에스이,KOSDAQ,우량기업부,1889,1,6,0.32,1867,1904,1867,20693,39236089,56646570733,29987597,KSQ,ME005
1843,317530,KR7317530004,에피소드컴퍼니,KOSDAQ,기술성장기업부,3230,2,-15,-0.46,3270,3310,3165,3860,12385383,56508468860,17494882,KSQ,ME005
1844,053620,KR7053620001,태양,KOSDAQ,우량기업부,6570,2,-160,-2.38,6700,6750,6570,4294,28506660,56502000000,8600000,KSQ,ME005
1845,37550K,KR737550K011,DL이앤씨우,KOSPI,,26700,3,0,0.0,26800,26800,26300,910,24193850,56440729500,2113885,STK,ME005
1846,006890,KR7006890008,태경케미컬,KOSPI,,4845,3,0,0.0,4880,4880,4840,4890,23760200,56202000000,11600000,STK,ME005
1847,443250,KR7443250006,레뷰코퍼레이션,KOSDAQ,벤처기업부,5190,1,30,0.58,5200,5200,5110,2203,11401200,56102950230,10809817,KSQ,ME005
1848,033230,KR7033230004,인성정보,KOSDAQ,중견기업부,1110,2,-9,-0.8,1119,1132,1101,45320,50660997,56072071800,50515380,KSQ,ME005
1849,007370,KR7007370000,진양제약,KOSDAQ,우량기업부,3965,3,0,0.0,3965,3980,3965,2261,8975990,56043637455,14134587,KSQ,ME005
1850,288180,KR7288180003,케이피항공산업,KOSDAQ,중견기업부,7580,1,230,3.13,7410,7640,7330,7941,59437490,56040925960,7393262,KSQ,ME005
1851,090080,KR7090080003,평화산업,KOSPI,,1016,2,-11,-1.07,1027,1027,1015,13125,13366495,55780695144,54902259,STK,ME005
1852,046210,KR7046210001,HLB파나진,KOSDAQ,벤처기업부,1223,2,-27,-2.16,1203,1247,1203,140914,172086414,55680695080,45527960,KSQ,ME005
1853,075180,KR7075180000,새론오토모티브,KOSPI,,2895,3,0,0.0,2945,2945,2890,2131,6202650,55584000000,19200000,STK,ME005
1854,001465,KR7001461003,BYC우,KOSPI,,25800,2,-400,-1.53,25800,26200,25500,2339,59823000,55569330000,2153850,STK,ME005
1855,290660,KR7290660000,다이나믹솔루션,KOSDAQ,기술성장기업부,1297,1,7,0.54,1301,1313,1280,144491,187626503,55560740736,42837888,KSQ,ME005
1856,340930,KR7340930007,성원에너텍,KOSDAQ,관리종목(소속부없음),806,3,0,0.0,0,0,0,0,0,55513882710,68875785,KSQ,ME005
1857,020760,KR7020760005,일진디스플,KOSPI,,902,3,0,0.0,0,0,0,0,0,55503470462,61533781,STK,ME005
1858,088280,KR7088280003,쏘닉스,KOSDAQ,기술성장기업부,3200,1,60,1.91,3140,3280,3100,67181,216283600,55380768000,17306490,KSQ,ME005
1859,365660,KR7365660000,레몬헬스케어,KOSDAQ,기술성장기업부,4115,2,-5,-0.12,4165,4195,4090,105800,438447599,55369625285,13455559,KSQ,ME005
1860,333620,KR7333620003,엔시스,KOSDAQ,벤처기업부,5030,1,30,0.6,5090,5090,5000,7712,38823540,55319487300,10997910,KSQ,ME005
1861,0220WL,KR70220WK021,한화머시너리앤서비스홀딩스3우B,KOSPI,,2325,1,5,0.22,2310,2370,2310,53900,126302754,54961000500,23639140,STK,ME005
1862,007460,KR7007460009,에이프로젠,KOSPI,,2140,1,164,8.3,1976,2195,1976,296253,626521019,54891032100,25650015,STK,ME005
1863,000725,KR7000721001,현대건설우,KOSPI,,52000,2,-800,-1.52,53000,53000,52000,1022,53417500,54844036000,1054693,STK,ME005
1864,217480,KR7217480003,에스디생명공학,KOSDAQ,투자주의환기종목(소속부없음),499,3,0,0.0,0,0,0,0,0,54756837359,109733141,KSQ,ME005
1865,109080,KR7109080002,옵티시스,KOSDAQ,벤처기업부,9700,1,310,3.3,9400,9950,9400,26181,255570870,54669200000,5636000,KSQ,ME005
1866,040610,KR7040610008,SG&G,KOSDAQ,중견기업부,3200,1,40,1.27,3175,3205,3140,12557,39996565,54539513600,17043598,KSQ,ME005
1867,238090,KR7238090005,앤디포스,KOSDAQ,벤처기업부,1788,3,0,0.0,1825,1825,1755,9963,17723070,54516906720,30490440,KSQ,ME005
1868,036120,KR7036120004,서울평가정보,KOSDAQ,중견기업부,1550,2,-50,-3.13,1608,1630,1539,82457,128612266,54474750000,35145000,KSQ,ME005
1869,419080,KR7419080007,엔젯,KOSDAQ,기술성장기업부,5010,1,50,1.01,5100,5110,4770,19330,95752215,54467803170,10871817,KSQ,ME005
1870,036670,KR7036670008,삼양케이씨아이,KOSDAQ,우량기업부,5050,1,10,0.2,5040,5050,5020,2357,11859410,54339010000,10760200,KSQ,ME005
1871,321820,KR7321820003,아티스트컴퍼니,KOSDAQ,기술성장기업부,3480,1,80,2.35,3550,3690,3410,96269,341160596,54257988480,15591376,KSQ,ME005
1872,025530,KR7025530007,SJM홀딩스,KOSPI,,3630,1,5,0.14,3625,3640,3600,1146,4149070,54210449040,14934008,STK,ME005
1873,28513K,KR728513K010,SK케미칼우,KOSPI,,25500,1,100,0.39,25450,25700,25400,116,2960600,53943439500,2115429,STK,ME005
1874,024910,KR7024910002,경창산업,KOSDAQ,중견기업부,1505,1,33,2.24,1476,1514,1476,20171,30256696,53907602525,35819005,KSQ,ME005
1875,003780,KR7003780004,진양산업,KOSPI,,4145,2,-30,-0.72,4165,4170,4115,25229,104481591,53885000000,13000000,STK,ME005
1876,391710,KR7391710001,코닉오토메이션,KOSDAQ,벤처기업부,1262,2,-4,-0.32,1290,1290,1198,107420,135238156,53787033140,42620470,KSQ,ME005
1877,378850,KR7378850002,화승알앤에이,KOSPI,,2830,2,-10,-0.35,2850,2860,2800,11524,32506705,53751953090,18993623,STK,ME005
1878,459100,KR7459100004,위츠,KOSDAQ,중견기업부,3980,1,10,0.25,4010,4010,3940,6796,27107870,53595078000,13466100,KSQ,ME005
1879,092440,KR7092440007,기신정기,KOSPI,,1831,2,-6,-0.33,1835,1856,1826,30474,55816784,53465200000,29200000,STK,ME005
1880,061250,KR7061250007,화일약품,KOSDAQ,우량기업부,6350,2,-80,-1.24,6430,6490,6330,11390,72416160,53451658400,8417584,KSQ,ME005
1881,0013V0,KR70013V0002,삼진식품,KOSDAQ,중견기업부,5380,2,-20,-0.37,5400,5430,5270,36942,196976390,53362369280,9918656,KSQ,ME005
1882,021050,KR7021050000,서원,KOSPI,,1124,1,4,0.36,1117,1130,1100,75566,84847124,53361439160,47474590,STK,ME005
1883,003475,KR7003471000,유안타증권우,KOSPI,,4165,2,-5,-0.12,4165,4170,4155,2527,10517690,53359356050,12811370,STK,ME005
1884,053270,KR7053270005,구영테크,KOSDAQ,우량기업부,1945,2,-5,-0.26,1940,1969,1932,19279,37410675,53313237725,27410405,KSQ,ME005
1885,002410,KR7002410009,범양건영,KOSPI,,1935,3,0,0.0,0,0,0,0,0,53173451700,27479820,STK,ME005
1886,396690,KR7396690000,미래에셋글로벌리츠,KOSPI,,1342,2,-6,-0.45,1351,1370,1341,19957,26843770,53151171480,39605940,STK,ME005
1887,071670,KR7071670004,에이테크솔루션,KOSDAQ,중견기업부,5310,1,80,1.53,5300,5360,5130,12836,67748090,53100000000,10000000,KSQ,ME005
1888,092300,KR7092300003,현우산업,KOSDAQ,우량기업부,2635,1,45,1.74,2575,2690,2575,69363,184245320,53094910085,20149871,KSQ,ME005
1889,001550,KR7001550003,조비,KOSPI,,10220,1,20,0.2,10190,10280,10120,3554,36246950,53064682580,5192239,STK,ME005
1890,043710,KR7043710003,코스리거글로벌,KOSDAQ,중견기업부,3065,1,75,2.51,2990,3070,2990,804,2426285,53062818630,17312502,KSQ,ME005
1891,457600,KR7457600005,벡트,KOSDAQ,벤처기업부,3870,1,180,4.88,3685,4045,3540,207433,795312740,53048025000,13707500,KSQ,ME005
1892,170790,KR7170790000,파이오링크,KOSDAQ,우량기업부,8280,2,-20,-0.24,8320,8390,8230,5250,43608440,52969933800,6397335,KSQ,ME005
1893,104620,KR7104620000,노랑풍선,KOSDAQ,중견기업부,3145,1,35,1.13,3165,3180,3080,29731,93286850,52869186040,16810552,KSQ,ME005
1894,003465,KR7003461001,유화증권우,KOSPI,,3025,2,-95,-3.04,3160,3160,3025,27,82215,52866185625,17476425,STK,ME005
1895,435570,KR7435570007,에르코스,KOSDAQ,벤처기업부,6940,2,-100,-1.42,7010,7130,6850,3582,24724190,52861862020,7616983,KSQ,ME005
1896,420570,KR7420570004,제이투케이바이오,KOSDAQ,벤처기업부,9040,2,-410,-4.34,9480,9480,8900,22503,204220530,52861246320,5847483,KSQ,ME005
1897,054930,KR7054930003,유신,KOSDAQ,우량기업부,17620,1,170,0.97,17640,17710,17510,2134,37562845,52860000000,3000000,KSQ,ME005
1898,039240,KR7039240007,경남스틸,KOSDAQ,우량기업부,1958,1,44,2.3,1950,1965,1921,27473,53380502,52826064632,26979604,KSQ,ME005
1899,370090,KR7370090003,퓨런티어,KOSDAQ,기술성장기업부,6170,3,0,0.0,6170,6220,6100,9031,55749410,52795641100,8556830,KSQ,ME005
1900,006125,KR7006121008,SK디스커버리우,KOSPI,,42850,1,150,0.35,42300,43100,42150,348,14934150,52778559250,1231705,STK,ME005
1901,393210,KR7393210000,토마토시스템,KOSDAQ,기술성장기업부,3380,2,-50,-1.46,3520,3570,3360,308820,1062049594,52777158720,15614544,KSQ,ME005
1902,033170,KR7033170002,시그네틱스,KOSDAQ,중견기업부,3075,2,-85,-2.69,3135,3295,3025,241085,760351465,52722913725,17145663,KSQ,ME005
1903,163280,KR7163280001,에어레인,KOSDAQ,기술성장기업부,3870,1,10,0.26,3835,3900,3830,13162,50934350,52643911860,13603078,KSQ,ME005
1904,246690,KR7246690002,TS인베스트먼트,KOSDAQ,중견기업부,2210,2,-20,-0.9,2235,2240,2180,31120,68660587,52549764540,23778174,KSQ,ME005
1905,064800,KR7064800006,포니링크,KOSDAQ,중견기업부,2055,2,-25,-1.2,2185,2185,2030,5865,12204790,52528798245,25561459,KSQ,ME005
1906,317830,KR7317830008,에스피시스템스,KOSDAQ,벤처기업부,4870,1,95,1.99,4825,4890,4695,20975,101142627,52468493660,10773818,KSQ,ME005
1907,105760,KR7105760003,포스뱅크,KOSDAQ,우량기업부,5120,1,70,1.39,5090,5170,5050,12421,63469570,52177341440,10190887,KSQ,ME005
1908,006980,KR7006980007,우성,KOSPI,,16840,1,10,0.06,16910,16910,16710,446,7524550,52035600000,3090000,STK,ME005
1909,044340,KR7044340008,위닉스,KOSDAQ,중견기업부,2910,1,145,5.24,2790,2945,2780,79150,227103922,52011666750,17873425,KSQ,ME005
1910,004830,KR7004830006,덕성,KOSPI,,3315,1,30,0.91,3320,3340,3270,11550,38161600,51979200000,15680000,STK,ME005
1911,459550,KR7459550000,알트,KOSDAQ,중견기업부,2060,2,-35,-1.67,2095,2120,2060,252186,524031290,51954767660,25220761,KSQ,ME005
1912,094940,KR7094940004,푸른로보틱스,KOSDAQ,벤처기업부,6210,1,60,0.98,6170,6290,6100,27392,170369400,51924207060,8361386,KSQ,ME005
1913,317850,KR7317850006,대모,KOSDAQ,벤처기업부,6230,2,-60,-0.95,6250,6320,6210,35490,221878970,51861136600,8324420,KSQ,ME005
1914,217500,KR7217500008,러셀,KOSDAQ,벤처기업부,1629,1,43,2.71,1586,1633,1563,120161,194082994,51821748000,31812000,KSQ,ME005
1915,355690,KR7355690009,에이텀,KOSDAQ,기술성장기업부,5410,1,100,1.88,5270,5430,5270,31257,166997675,51775804490,9570389,KSQ,ME005
1916,027050,KR7027050004,코리아나,KOSDAQ,중견기업부,1293,1,18,1.41,1282,1302,1265,35580,45730372,51720000000,40000000,KSQ,ME005
1917,024950,KR7024950008,삼천리자전거,KOSDAQ,중견기업부,4170,2,-25,-0.6,4200,4225,4155,508,2124480,51708000000,12400000,KSQ,ME005
1918,023810,KR7023810005,인팩,KOSPI,,5170,2,-80,-1.52,5310,5360,5170,3742,19548670,51700000000,10000000,STK,ME005
1919,012690,KR7012690004,모나리자,KOSPI,,1410,2,-6,-0.42,1419,1430,1407,19633,27759592,51565469550,36571255,STK,ME005
1920,052790,KR7052790003,액토즈소프트,KOSDAQ,중견기업부,4720,2,-60,-1.26,4750,4800,4605,13001,61280626,51563861840,10924547,KSQ,ME005
1921,015710,KR7015710007,코콤,KOSDAQ,우량기업부,2925,1,20,0.69,2965,2965,2900,3763,10960320,51276712500,17530500,KSQ,ME005
1922,011230,KR7011230000,삼화전자,KOSPI,,2675,2,-25,-0.93,2670,2710,2665,96453,259101455,51268474875,19165785,STK,ME005
1923,005305,KR7005301007,롯데칠성우,KOSPI,,66000,2,-100,-0.15,66100,66100,65600,20,1318400,51170460000,775310,STK,ME005
1924,019990,KR7019990001,에너토크,KOSDAQ,중견기업부,5240,1,60,1.16,5210,5370,5120,24780,129570815,51121901120,9756088,KSQ,ME005
1925,010770,KR7010770006,평화홀딩스,KOSPI,,3495,2,-10,-0.29,3505,3540,3495,7958,27937860,51116003670,14625466,STK,ME005
1926,053160,KR7053160008,프리엠스,KOSDAQ,중견기업부,8480,2,-250,-2.86,8730,8730,8320,3590,30369040,50880000000,6000000,KSQ,ME005
1927,123700,KR7123700007,SJM,KOSPI,,3260,1,10,0.31,3265,3300,3260,11256,36933150,50871967480,15604898,STK,ME005
1928,321260,KR7321260002,프로이천,KOSDAQ,벤처기업부,1803,1,66,3.8,1728,1829,1723,170730,307362493,50830327452,28192084,KSQ,ME005
1929,314140,KR7314140005,알피바이오,KOSDAQ,우량기업부,5860,2,-80,-1.35,5880,5910,5790,5078,29619110,50784875460,8666361,KSQ,ME005
1930,256630,KR7256630005,포인트엔지니어링,KOSDAQ,벤처기업부,4370,2,-30,-0.68,4365,4400,4330,1306,5720480,50689439180,11599414,KSQ,ME005
1931,000950,KR7000950006,전방,KOSPI,,30050,1,400,1.35,29650,31000,29100,564,16682750,50484000000,1680000,STK,ME005
1932,393970,KR7393970009,대진첨단소재,KOSDAQ,관리종목(소속부없음),2825,3,0,0.0,0,0,0,0,0,50428566500,17850820,KSQ,ME005
1933,088910,KR7088910005,동우팜투테이블,KOSDAQ,우량기업부,1957,2,-12,-0.61,1967,1983,1948,56780,111231702,50337492148,25721764,KSQ,ME005
1934,278650,KR7278650007,HLB바이오스텝,KOSDAQ,중견기업부,2885,2,-170,-5.56,3030,3030,2870,130143,380639997,50292462460,17432396,KSQ,ME005
1935,006880,KR7006880009,신송홀딩스,KOSPI,,4250,1,30,0.71,4340,4340,4155,3480,14708845,50272646500,11828858,STK,ME005
1936,011390,KR7011390002,부산산업,KOSPI,,47500,1,350,0.74,46800,49700,46750,1341,64395150,50160000000,1056000,STK,ME005
1937,046940,KR7046940003,우원개발,KOSDAQ,우량기업부,2750,2,-5,-0.18,2755,2780,2725,14750,40695165,49704462500,18074350,KSQ,ME005
1938,376290,KR7376290003,씨유테크,KOSDAQ,벤처기업부,2810,1,85,3.12,2865,2865,2730,2042,5675905,49617575000,17657500,KSQ,ME005
1939,063440,KR7063440002,SM Life Design,KOSDAQ,중견기업부,1091,1,4,0.37,1092,1093,1087,19186,20910019,49443426124,45319364,KSQ,ME005
1940,011300,KR7011300001,우성머티리얼스,KOSPI,,2865,1,5,0.17,2920,2920,2765,28361,79998500,49389462825,17238905,STK,ME005
1941,042110,KR7042110007,에스씨디,KOSDAQ,우량기업부,1021,1,41,4.18,980,1029,974,224752,226649152,49344484844,48329564,KSQ,ME005
1942,347740,KR7347740003,피엔케이피부임상연구센타,KOSDAQ,벤처기업부,1642,1,5,0.31,1629,1655,1621,7831,12831806,49277365792,30010576,KSQ,ME005
1943,382150,KR7382150001,온코크로스,KOSDAQ,기술성장기업부,3775,1,25,0.67,3750,3790,3670,15598,58138720,49249986350,13046354,KSQ,ME005
1944,053450,KR7053450003,세코닉스,KOSDAQ,우량기업부,3320,1,5,0.15,3305,3380,3260,22137,73987365,49112105960,14792803,KSQ,ME005
1945,408470,KR7408470003,한패스,KOSDAQ,중견기업부,4625,2,-115,-2.43,4750,4800,4600,24063,112366970,48895500000,10572000,KSQ,ME005
1946,189860,KR7189860000,서전기전,KOSDAQ,벤처기업부,5040,2,-20,-0.4,5060,5150,5020,84001,426541210,48881851200,9698780,KSQ,ME005
1947,002630,KR7002630002,오리엔트바이오,KOSPI,,1647,1,19,1.17,1647,1657,1628,15604,25730971,48826551897,29645751,STK,ME005
1948,348080,KR7348080003,큐라티스,KOSDAQ,중견기업부,3800,3,0,0.0,3855,3880,3730,25122,96081720,48745461400,12827753,KSQ,ME005
1949,038010,KR7038010005,제일테크노스,KOSDAQ,우량기업부,5400,1,110,2.08,5330,5430,5260,10871,57990600,48600000000,9000000,KSQ,ME005
1950,219550,KR7219550001,디와이디,KOSDAQ,관리종목(소속부없음),1174,2,-24,-2.0,1198,1211,1167,6459,7708302,48579192540,41379210,KSQ,ME005
1951,065130,KR7065130007,탑엔지니어링,KOSDAQ,중견기업부,3035,1,80,2.71,2950,3130,2940,52448,159787612,48572140000,16004000,KSQ,ME005
1952,011000,KR7011000007,진원생명과학,KOSPI,,2670,3,0,0.0,0,0,0,0,0,48531471270,18176581,STK,ME005
1953,232830,KR7232830000,아이티센피엔에스,KOSDAQ,벤처기업부,2935,1,45,1.56,2950,3050,2805,113445,336486342,48526485810,16533726,KSQ,ME005
1954,311690,KR7311690002,CJ 바이오사이언스,KOSDAQ,기술성장기업부,3710,2,-20,-0.54,3800,3800,3700,651,2431630,48472864020,13065462,KSQ,ME005
1955,199550,KR7199550005,레이저옵텍,KOSDAQ,벤처기업부,3265,2,-10,-0.31,3440,3440,3190,5010,16287356,48471507615,14845791,KSQ,ME005
1956,060560,KR7060560000,HC홈센타,KOSDAQ,중견기업부,1909,2,-24,-1.24,1922,1932,1900,5829,11131851,48465693909,25388001,KSQ,ME005
1957,463480,KR7463480004,모티브링크,KOSDAQ,중견기업부,3905,1,10,0.26,3925,3930,3825,4064,15783098,48384347990,12390358,KSQ,ME005
1958,002140,KR7002140002,고려산업,KOSPI,,1933,1,18,0.94,1923,1945,1923,50494,97795079,48207908525,24939425,STK,ME005
1959,122310,KR7122310006,제노레이,KOSDAQ,우량기업부,3310,3,0,0.0,3310,3355,3290,1844,6089755,48173223640,14553844,KSQ,ME005
1960,001620,KR7001620004,케이비아이동국실업,KOSPI,,2160,2,-25,-1.14,2185,2190,2150,3966,8577655,48078588960,22258606,STK,ME005
1961,452400,KR7452400005,이닉스,KOSDAQ,우량기업부,5300,1,40,0.76,5260,5370,5250,3645,19316900,48078568400,9071428,KSQ,ME005
1962,004410,KR7004410007,서울식품,KOSPI,,1213,2,-3,-0.25,1216,1225,1200,48793,59289672,47858930769,39455013,STK,ME005
1963,032960,KR7032960007,동일기연,KOSDAQ,중견기업부,2720,2,-90,-3.2,2810,2810,2645,35783,96877794,47852892000,17592975,KSQ,ME005
1964,226340,KR7226340008,본느,KOSDAQ,관리종목(소속부없음),5700,2,-210,-3.55,6080,6080,5590,265532,1528533695,47825758800,8390484,KSQ,ME005
1965,094970,KR7094970001,제이엠티,KOSDAQ,벤처기업부,2855,1,40,1.42,2785,2900,2780,85149,243609710,47816225200,16748240,KSQ,ME005
1966,340810,KR7340810001,시선AI,KOSDAQ,기술성장기업부,3425,2,-110,-3.11,3530,3530,3380,99537,342111815,47776975850,13949482,KSQ,ME005
1967,340360,KR7340360007,다보링크,KOSDAQ,투자주의환기종목(소속부없음),889,2,-30,-3.26,924,928,877,57609,51375258,47671622208,53623872,KSQ,ME005
1968,222420,KR7222420002,쎄노텍,KOSDAQ,벤처기업부,984,2,-5,-0.51,975,995,969,77288,75846560,47643826632,48418523,KSQ,ME005
1969,418250,KR7418250007,시큐레터,KOSDAQ,관리종목(소속부없음),6550,3,0,0.0,0,0,0,0,0,47629012750,7271605,KSQ,ME005
1970,101140,KR7101140002,인바이오젠,KOSPI,,4735,1,55,1.18,4835,4945,4600,817,3883905,47559362760,10044216,STK,ME005
1971,059100,KR7059100008,아이컴포넌트,KOSDAQ,벤처기업부,6710,2,-20,-0.3,6750,6760,6640,9802,65395490,47445470600,7070860,KSQ,ME005
1972,009835,KR7009831009,한화솔루션우,KOSPI,,18640,1,150,0.81,18530,19000,18430,5324,100202590,47431642240,2544616,STK,ME005
1973,179900,KR7179900006,유티아이,KOSDAQ,투자주의환기종목(소속부없음),2195,3,0,0.0,2180,2225,2160,57687,126791415,47344655205,21569319,KSQ,ME005
1974,440290,KR7440290005,HB인베스트먼트,KOSDAQ,중견기업부,1718,1,1,0.06,1731,1732,1713,2701,4638906,47256046740,27506430,KSQ,ME005
1975,009320,KR7009320003,아진전자부품,KOSPI,,958,2,-5,-0.52,963,971,953,54531,52291324,47229179660,49299770,STK,ME005
1976,476040,KR7476040001,오가노이드사이언스,KOSDAQ,기술성장기업부,7170,2,-50,-0.69,7460,7460,7080,8766,62584560,47219899200,6585760,KSQ,ME005
1977,005320,KR7005320007,온타이드,KOSPI,,1380,1,56,4.23,1330,1390,1308,225230,306509048,47179226100,34187845,STK,ME005
1978,014190,KR7014190003,원익큐브,KOSDAQ,우량기업부,1331,2,-9,-0.67,1333,1347,1325,36663,48914867,47110839501,35395071,KSQ,ME005
1979,023440,KR7023440001,제이스코홀딩스,KOSDAQ,관리종목(소속부없음),521,3,0,0.0,0,0,0,0,0,46964378481,90142761,KSQ,ME005
1980,277070,KR7277070009,린드먼아시아,KOSDAQ,중견기업부,3430,2,-40,-1.15,3570,3570,3410,1077,3729235,46963560000,13692000,KSQ,ME005
1981,037950,KR7037950003,엘컴텍,KOSDAQ,중견기업부,2775,1,25,0.91,2750,2825,2695,8436,23474725,46868370825,16889503,KSQ,ME005
1982,453860,KR7453860009,에이에스텍,KOSDAQ,벤처기업부,7270,2,-400,-5.22,7660,7660,7150,12666,92066715,46850955210,6444423,KSQ,ME005
1983,041650,KR7041650003,상신브레이크,KOSPI,,2180,3,0,0.0,2210,2210,2140,1243,2706672,46807761000,21471450,STK,ME005
1984,317870,KR7317870004,엔바이오니아,KOSDAQ,기술성장기업부,5280,1,345,6.99,5120,5790,4970,52026,278564785,46685205600,8841895,KSQ,ME005
1985,471820,KR7471820001,셀로맥스사이언스,KOSDAQ,벤처기업부,4125,1,105,2.61,4015,4335,4000,19562,79305995,46624375875,11302879,KSQ,ME005
1986,189980,KR7189980006,흥국에프엔비,KOSDAQ,우량기업부,1161,2,-3,-0.26,1165,1173,1153,7512,8704018,46600017147,40137827,KSQ,ME005
1987,384470,KR7384470001,코어라인소프트,KOSDAQ,기술성장기업부,2595,2,-30,-1.14,2625,2650,2570,25036,64919292,46570734135,17946333,KSQ,ME005
1988,002920,KR7002920007,유성기업,KOSPI,,1790,1,5,0.28,1766,1805,1766,47132,84000611,46446025000,25947500,STK,ME005
1989,317690,KR7317690006,퀀타매트릭스,KOSDAQ,기술성장기업부,2305,3,0,0.0,2315,2350,2260,22340,51646334,46411241845,20135029,KSQ,ME005
1990,069460,KR7069460004,대호에이엘,KOSPI,,2660,3,0,0.0,0,0,0,0,0,46322277400,17414390,STK,ME005
1991,004540,KR7004540001,깨끗한나라,KOSPI,,1243,2,-1,-0.08,1240,1258,1204,4068,5037375,46290181399,37240693,STK,ME005
1992,000910,KR7000910000,유니온,KOSPI,,2965,1,5,0.17,2955,2990,2945,11722,34753670,46288450335,15611619,STK,ME005
1993,068330,KR7068330000,일신바이오,KOSDAQ,중견기업부,1045,1,1,0.1,1012,1049,1012,22300,23047413,46205866300,44216140,KSQ,ME005
1994,357250,KR7357250000,미래에셋맵스리츠,KOSPI,,1844,2,-4,-0.22,1848,1850,1839,543,1001799,46090973620,24995105,STK,ME005
1995,073110,KR7073110009,엘엠에스,KOSDAQ,벤처기업부,5180,2,-20,-0.38,5200,5250,5140,936,4855540,46080010900,8895755,KSQ,ME005
1996,053980,KR7053980009,오상자이엘,KOSDAQ,우량기업부,2425,1,25,1.04,2400,2455,2400,11134,27037290,46033248775,18982783,KSQ,ME005
1997,114450,KR7114450000,그린생명과학,KOSDAQ,벤처기업부,2300,1,20,0.88,2255,2320,2255,34163,78354025,46000000000,20000000,KSQ,ME005
1998,229000,KR7229000005,젠큐릭스,KOSDAQ,기술성장기업부,1957,3,0,0.0,0,0,0,0,0,45848918905,23428165,KSQ,ME005
1999,227950,KR7227950003,엔투텍,KOSDAQ,벤처기업부,1327,1,58,4.57,1285,1490,1285,339670,460550674,45792393343,34508209,KSQ,ME005
2000,050120,KR7050120005,ES큐브,KOSDAQ,중견기업부,3375,1,95,2.9,3440,3440,3230,436,1459565,45778790250,13564086,KSQ,ME005
2001,131400,KR7131400004,이브이첨단소재,KOSDAQ,관리종목(소속부없음),766,3,0,0.0,0,0,0,0,0,45647381612,59591882,KSQ,ME005
2002,143540,KR7143540003,영우디에스피,KOSDAQ,벤처기업부,1021,1,4,0.39,1027,1052,1017,66365,68616229,45536492795,44599895,KSQ,ME005
2003,361570,KR7361570005,알비더블유,KOSDAQ,중견기업부,1583,2,-13,-0.81,1600,1619,1560,3804,5959176,45500629653,28743291,KSQ,ME005
2004,0010V0,KR70010V0005,제이피아이헬스케어,KOSDAQ,벤처기업부,8900,1,30,0.34,8890,8930,8780,726,6434080,45438060000,5105400,KSQ,ME005
2005,460470,KR7460470008,아이빔테크놀로지,KOSDAQ,기술성장기업부,3005,1,130,4.52,2950,3005,2900,20822,61617480,45433706850,15119370,KSQ,ME005
2006,373200,KR7373200005,엑스플러스,KOSDAQ,벤처기업부,1814,1,114,6.71,1706,1860,1705,47705,85329770,45428431918,25043237,KSQ,ME005
2007,072990,KR7072990005,에이치시티,KOSDAQ,우량기업부,3125,1,10,0.32,3090,3135,3085,6497,20204530,45306893750,14498206,KSQ,ME005
2008,092780,KR7092780006,DYP,KOSPI,,3437,1,22,0.64,3390,3485,3370,22494,77519496,45259997020,13168460,STK,ME005
2009,051390,KR7051390003,YW,KOSDAQ,중견기업부,3980,1,65,1.66,3915,4000,3900,3445,13537275,45194364640,11355368,KSQ,ME005
2010,178780,KR7178780003,일월지엠엘,KOSDAQ,벤처기업부,2415,1,35,1.47,2380,2415,2325,47049,110711765,45013655925,18639195,KSQ,ME005
2011,198080,KR7198080004,캐프,KOSDAQ,우량기업부,2090,3,0,0.0,2090,2105,2085,8378,17532400,45008536650,21535185,KSQ,ME005
2012,150900,KR7150900009,파수AI,KOSDAQ,벤처기업부,3845,2,-55,-1.41,3900,3960,3830,35148,136369990,45001580090,11703922,KSQ,ME005
2013,900340,HK0000449303,윙입푸드,KOSDAQ,외국기업(소속부없음),1264,1,25,2.02,1239,1298,1211,48866,62160084,44976573248,35582732,KSQ,ME005
2014,083550,KR7083550004,케이엠,KOSDAQ,중견기업부,3315,2,-35,-1.04,3330,3330,3270,4772,15747235,44938686975,13556165,KSQ,ME005
2015,065440,KR7065440000,이루온,KOSDAQ,벤처기업부,1646,1,236,16.74,1410,1832,1408,6652387,11393507140,44894682920,27275020,KSQ,ME005
2016,074610,KR7074610007,이엔플러스,KOSPI,,5110,3,0,0.0,0,0,0,0,0,44815400070,8770137,STK,ME005
2017,162120,KR7162120000,루켄테크놀러지스,KONEX,일반기업부,4005,2,-5,-0.12,4090,4090,3950,1005,3971260,44682191010,11156602,KNX,ME005
2018,466410,KR7466410008,사이냅소프트,KOSDAQ,벤처기업부,8870,1,20,0.23,8850,8920,8750,605,5320320,44678394010,5037023,KSQ,ME005
2019,072470,KR7072470008,우리산업홀딩스,KOSDAQ,중견기업부,2365,2,-10,-0.42,2375,2390,2360,3112,7384460,44668561465,18887341,KSQ,ME005
2020,084870,KR7084870005,TBH글로벌,KOSPI,,2180,2,-10,-0.46,2185,2190,2160,220,479270,44598998080,20458256,STK,ME005
2021,033340,KR7033340001,좋은사람들,KOSDAQ,관리종목(소속부없음),460,3,0,0.0,0,0,0,0,0,44597256680,96950558,KSQ,ME005
2022,373160,KR7373160001,데이원컴퍼니,KOSDAQ,기술성장기업부,3280,2,-15,-0.46,3295,3295,3225,4812,15730865,44550501600,13582470,KSQ,ME005
2023,066130,KR7066130006,하츠,KOSDAQ,우량기업부,3475,1,5,0.14,3490,3490,3435,3362,11699660,44480000000,12800000,KSQ,ME005
2024,479960,KR7479960007,위너스일렉,KOSDAQ,중견기업부,6210,2,-180,-2.82,6320,6390,6100,9046,56583440,44252460000,7126000,KSQ,ME005
2025,900250,KYG2115T1076,크리스탈신소재,KOSDAQ,외국기업(소속부없음),1233,1,8,0.65,1225,1264,1225,68671,85381272,44159896233,35815001,KSQ,ME005
2026,003080,KR7003080009,SB성보,KOSPI,,2205,2,-20,-0.9,2225,2270,2190,14733,32569675,44144100000,20020000,STK,ME005
2027,288330,KR7288330004,파라택시스코리아,KOSDAQ,관리종목(소속부없음),416,3,0,0.0,0,0,0,0,0,44129674368,106080948,KSQ,ME005
2028,258610,KR7258610005,케일럼,KOSDAQ,중견기업부,1208,1,13,1.09,1200,1218,1192,5851,7030352,44073956104,36485063,KSQ,ME005
2029,260930,KR7260930003,씨티케이,KOSDAQ,중견기업부,2275,2,-25,-1.09,2310,2350,2270,24748,56403305,44002119525,19341591,KSQ,ME005
2030,014910,KR7014910004,성문전자,KOSPI,,2010,1,32,1.62,1976,2030,1971,113512,228320777,43933086570,21857257,STK,ME005
2031,290670,KR7290670009,대보마그네틱,KOSDAQ,중견기업부,5580,1,280,5.28,5260,5600,5260,9812,53494365,43845742800,7857660,KSQ,ME005
2032,263020,KR7263020000,디케이앤디,KOSDAQ,벤처기업부,3160,1,5,0.16,3155,3170,3105,33807,106464305,43722221360,13836146,KSQ,ME005
2033,054780,KR7054780002,키이스트,KOSDAQ,중견기업부,2220,1,240,12.12,1981,2550,1950,942270,2141436124,43640300460,19657793,KSQ,ME005
2034,263700,KR7263700007,케어랩스,KOSDAQ,중견기업부,2245,2,-85,-3.65,2330,2370,2245,14749,33722195,43584879000,19414200,KSQ,ME005
2035,042040,KR7042040006,케이피엠테크,KOSDAQ,중견기업부,5020,1,20,0.4,4950,5110,4900,1843,9161590,43528374820,8670991,KSQ,ME005
2036,082850,KR7082850009,우리바이오,KOSDAQ,중견기업부,4470,1,35,0.79,4450,4510,4425,12892,57581140,43320178050,9691315,KSQ,ME005
2037,004910,KR7004910006,조광페인트,KOSPI,,3380,2,-15,-0.44,3400,3400,3365,3827,12935165,43264000000,12800000,STK,ME005
2038,196300,KR7196300008,HLB펩,KOSDAQ,관리종목(소속부없음),4555,2,-30,-0.65,4675,4680,4480,8410,38577665,43244928585,9493947,KSQ,ME005
2039,022220,KR7022220008,티케이지애강,KOSDAQ,관리종목(소속부없음),834,2,-6,-0.71,840,844,831,1194,1004133,43196678886,51794579,KSQ,ME005
2040,017180,KR7017180001,명문제약,KOSPI,,1268,1,1,0.08,1269,1276,1258,24388,30846741,43052979672,33953454,STK,ME005
2041,099410,KR7099410003,동방선기,KOSDAQ,벤처기업부,3065,2,-20,-0.65,3095,3100,3050,16374,50245900,42910000000,14000000,KSQ,ME005
2042,008420,KR7008420002,문배철강,KOSPI,,2085,2,-5,-0.24,2085,2110,2080,26479,55296650,42749807925,20503505,STK,ME005
2043,129890,KR7129890000,앱코,KOSDAQ,벤처기업부,938,1,6,0.64,927,955,926,192224,182300694,42721774676,45545602,KSQ,ME005
2044,086060,KR7086060001,진바이오텍,KOSDAQ,중견기업부,4960,1,20,0.4,4940,5040,4800,16871,83825640,42708511520,8610587,KSQ,ME005
2045,446070,KR7446070005,유니드비티플러스,KOSPI,,4020,2,-65,-1.59,4065,4095,3995,20604,83276402,42657084300,10611215,STK,ME005
2046,413640,KR7413640004,비아이매트릭스,KOSDAQ,벤처기업부,5900,2,-150,-2.48,6050,6050,5890,2810,16635160,42520946000,7206940,KSQ,ME005
2047,307280,KR7307280008,원바이오젠,KOSDAQ,벤처기업부,5990,2,-10,-0.17,5990,6060,5930,4690,28089460,42496815730,7094627,KSQ,ME005
2048,112190,KR7112190004,KC산업,KONEX,일반기업부,1190,1,1,0.08,1196,1196,1190,21,25046,42458565730,35679467,KNX,ME005
2049,481850,KR7481850006,신한글로벌액티브리츠,KOSPI,,976,2,-1,-0.1,980,980,975,2159,2110439,42434200064,43477664,STK,ME005
2050,004060,KR7004060000,SG세계물산,KOSPI,,2095,1,35,1.7,2075,2140,2075,51686,109265330,42408029120,20242496,STK,ME005
2051,026940,KR7026940007,부국철강,KOSPI,,2120,2,-20,-0.93,2140,2140,2110,79106,167874525,42400000000,20000000,STK,ME005
2052,140520,KR7140520008,대창스틸,KOSDAQ,중견기업부,2000,3,0,0.0,1992,2010,1992,2611,5224751,42218486000,21109243,KSQ,ME005
2053,256150,KR7256150004,한독크린텍,KOSDAQ,벤처기업부,5020,2,-10,-0.2,5030,5030,4960,650,3258665,42142900000,8395000,KSQ,ME005
2054,159580,KR7159580000,제로투세븐,KOSDAQ,중견기업부,2095,3,0,0.0,2095,2100,2040,4215,8776465,41968372420,20032636,KSQ,ME005
2055,461030,KR7461030009,아이엠비디엑스,KOSDAQ,기술성장기업부,2920,2,-65,-2.18,2970,3020,2920,9988,29509665,41856789640,14334517,KSQ,ME005
2056,286750,KR7286750005,나노실리칸첨단소재,KOSDAQ,투자주의환기종목(소속부없음),2600,1,70,2.77,2540,2685,2510,12901,33581835,41637512800,16014428,KSQ,ME005
2057,261200,KR7261200000,덴티스,KOSDAQ,중견기업부,2630,1,20,0.77,2610,2660,2600,12550,32995320,41579511000,15809700,KSQ,ME005
2058,122830,KR7122830003,원포유,KONEX,일반기업부,1269,1,27,2.17,1279,1298,1230,3211,3973552,41562268965,32751985,KNX,ME005
2059,002290,KR7002290005,삼일기업공사,KOSDAQ,우량기업부,3350,1,15,0.45,3305,3365,3285,6150,20424065,41540000000,12400000,KSQ,ME005
2060,190650,KR7190650002,코리아에셋투자증권,KOSDAQ,우량기업부,6500,1,10,0.15,6490,6500,6470,479,3106890,41522000000,6388000,KSQ,ME005
2061,200580,KR7200580009,메디쎄이,KONEX,일반기업부,11120,2,-60,-0.54,10970,12850,10970,467,5237810,41433998480,3726079,KNX,ME005
2062,019490,KR7019490002,엑시큐어하이트론,KOSPI,,541,3,0,0.0,0,0,0,0,0,41349858070,76432270,STK,ME005
2063,056700,KR7056700008,신화인터텍,KOSDAQ,중견기업부,1413,3,0,0.0,1413,1413,1400,6819,9577082,41167883583,29135091,KSQ,ME005
2064,100660,KR7100660000,서암기계공업,KOSDAQ,중견기업부,3265,1,10,0.31,3235,3290,3135,17257,56035330,41139000000,12600000,KSQ,ME005
2065,023350,KR7023350002,한국종합기술,KOSPI,,3755,2,-5,-0.13,3865,3875,3725,4852,18163115,41117250000,10950000,STK,ME005
2066,452200,KR7452200009,민테크,KOSDAQ,기술성장기업부,1689,1,29,1.75,1655,1696,1644,39873,66895530,41098099200,24332800,KSQ,ME005
2067,011330,KR7011330008,유니켐,KOSPI,,4090,1,90,2.25,4035,4100,3960,32479,131193510,40976826560,10018784,STK,ME005
2068,004920,KR7004920005,씨아이테크,KOSPI,,7850,2,-1220,-13.45,9000,9070,7600,45177,375220245,40961197950,5217987,STK,ME005
2069,263810,KR7263810004,상신전자,KOSDAQ,중견기업부,2570,2,-15,-0.58,2580,2580,2535,12641,32431980,40926800250,15924825,KSQ,ME005
2070,189690,KR7189690001,포시에스,KOSDAQ,벤처기업부,1495,1,12,0.81,1490,1495,1471,13615,20094104,40846343655,27321969,KSQ,ME005
2071,002870,KR7002870004,신풍,KOSPI,,1168,1,32,2.82,1125,1168,1111,44812,51373597,40831761600,34958700,STK,ME005
2072,136410,KR7136410008,아셈스,KOSDAQ,벤처기업부,3705,1,5,0.14,3740,3765,3685,8877,32882215,40825787730,11019106,KSQ,ME005
2073,450330,KR7450330006,하스,KOSDAQ,기술성장기업부,4970,1,175,3.65,4860,4995,4670,3757,18567930,40688609710,8186843,KSQ,ME005
2074,465480,KR7465480002,인스피언,KOSDAQ,벤처기업부,4010,1,40,1.01,4030,4030,3910,8035,32289190,40652465720,10137772,KSQ,ME005
2075,000215,KR7000211003,DL우,KOSPI,,24100,2,-100,-0.41,24250,24250,24050,107,2586400,40635371500,1686115,STK,ME005
2076,263770,KR7263770000,유에스티,KOSDAQ,우량기업부,1710,1,19,1.12,1700,1719,1700,17006,29101177,40527294120,23700172,KSQ,ME005
2077,017040,KR7017040007,광명전기,KOSPI,,932,3,0,0.0,0,0,0,0,0,40390657180,43337615,STK,ME005
2078,199480,KR7199480005,뱅크웨어글로벌,KOSDAQ,기술성장기업부,3960,2,-40,-1.0,4080,4080,3880,3336,13206740,40378488480,10196588,KSQ,ME005
2079,049800,KR7049800006,우진플라임,KOSPI,,2015,1,139,7.41,1945,2030,1882,56513,110793951,40300000000,20000000,STK,ME005
2080,007680,KR7007680002,대원,KOSDAQ,중견기업부,3045,1,20,0.66,3025,3050,2995,3307,10009830,40263237210,13222738,KSQ,ME005
2081,066900,KR7066900002,디에이피,KOSDAQ,관리종목(소속부없음),1760,1,34,1.97,1727,1769,1727,14795,25571087,40030325280,22744503,KSQ,ME005
2082,191600,KR7191600006,블루탑,KONEX,일반기업부,13980,1,1410,11.22,14430,14430,10690,5,62790,39967813440,2858928,KNX,ME005
2083,203450,KR7203450002,유니온바이오메트릭스,KOSDAQ,벤처기업부,2835,2,-5,-0.18,2820,2870,2820,4446,12614315,39913984845,14079007,KSQ,ME005
2084,084650,KR7084650001,랩지노믹스,KOSDAQ,관리종목(소속부없음),2675,2,-95,-3.43,2770,2795,2655,41949,114123160,39718394650,14847998,KSQ,ME005
2085,064090,KR7064090004,인크레더블버즈,KOSDAQ,관리종목(소속부없음),798,3,0,0.0,0,0,0,0,0,39694710510,49742745,KSQ,ME005
2086,180060,KR7180060006,탑선,KONEX,일반기업부,4240,1,35,0.83,4295,4295,4200,282,1200735,39634103840,9347666,KNX,ME005
2087,011420,KR7011420007,갤럭시아에스엠,KOSPI,,1438,2,-12,-0.83,1442,1479,1429,13944,20085508,39616388072,27549644,STK,ME005
2088,049830,KR7049830003,승일,KOSDAQ,중견기업부,6460,1,40,0.62,6480,6480,6420,50,321900,39613443520,6132112,KSQ,ME005
2089,224110,KR7224110007,에이텍모빌리티,KOSDAQ,벤처기업부,7790,2,-210,-2.63,7980,7990,7610,4658,36243080,39576206940,5080386,KSQ,ME005
2090,007110,KR7007110000,일신석재,KOSPI,,2550,2,-250,-8.93,2780,2780,2510,300380,780298858,39502871100,15491322,STK,ME005
2091,469750,KR7469750004,아이비젼웍스,KOSDAQ,벤처기업부,5720,1,765,15.44,6440,6440,5160,774454,4694933560,39418213120,6891296,KSQ,ME005
2092,037230,KR7037230000,한국팩키지,KOSDAQ,우량기업부,1322,2,-1,-0.08,1320,1326,1315,4901,6478568,39396032294,29800327,KSQ,ME005
2093,035460,KR7035460005,기산텔레콤,KOSDAQ,벤처기업부,2637,1,167,6.76,2475,2665,2475,218969,570139672,39344936580,14920340,KSQ,ME005
2094,218150,KR7218150001,미래생명자원,KOSDAQ,벤처기업부,1924,1,11,0.58,1897,1980,1897,46940,90929100,39280003048,20415802,KSQ,ME005
2095,215380,KR7215380007,콜마바이오텍,KOSDAQ,중견기업부,2330,1,45,1.97,2285,2365,2275,30750,71415285,39212912080,16829576,KSQ,ME005
2096,446440,KR7446440000,에피바이오텍,KONEX,일반기업부,16990,3,0,0.0,0,0,0,0,0,39193874210,2306879,KNX,ME005
2097,053950,KR7053950002,경남제약,KOSDAQ,중견기업부,1996,2,-14,-0.7,2010,2025,1994,27209,54459772,39160819404,19619649,KSQ,ME005
2098,446840,KR7446840001,지슨,KOSDAQ,기술성장기업부,3550,1,110,3.2,3545,3600,3335,12135,43157635,39108986800,11016616,KSQ,ME005
2099,044960,KR7044960003,이글벳,KOSDAQ,중견기업부,3090,3,0,0.0,3120,3160,3090,8296,25862497,39063418470,12641883,KSQ,ME005
2100,008870,KR7008870008,금비,KOSPI,,39050,2,-600,-1.51,39100,39300,38950,429,16755450,39050000000,1000000,STK,ME005
2101,238120,KR7238120000,얼라인드,KOSDAQ,기술성장기업부,2735,2,-10,-0.36,2770,2770,2700,10989,29922350,38886979390,14218274,KSQ,ME005
2102,009810,KR7009810003,MDS스피어,KOSPI,,1904,1,37,1.98,1880,1923,1863,2885,5467449,38749553024,20351656,STK,ME005
2103,025880,KR7025880006,케이씨피드,KOSDAQ,우량기업부,2315,2,-15,-0.64,2320,2340,2310,3118,7247140,38697211270,16715858,KSQ,ME005
2104,221980,KR7221980006,케이디켐,KOSDAQ,우량기업부,9560,1,20,0.21,9570,9570,9460,66,625290,38572688000,4034800,KSQ,ME005
2105,221840,KR7221840002,하이즈항공,KOSDAQ,중견기업부,2050,3,0,0.0,2050,2080,2025,2394,4890300,38336150050,18700561,KSQ,ME005
2106,101240,KR7101240000,씨큐브,KOSDAQ,우량기업부,3375,3,0,0.0,3385,3395,3295,1590,5297320,38330050500,11357052,KSQ,ME005
2107,023960,KR7023960008,에쓰씨엔지니어링,KOSPI,,1007,1,2,0.2,999,1018,993,12538,12508596,38302224811,38035973,STK,ME005
2108,184230,KR7184230001,SGA솔루션즈,KOSDAQ,벤처기업부,2030,2,-10,-0.49,2020,2070,2010,22113,45005725,38232922560,18833952,KSQ,ME005
2109,145270,KR7145270005,케이탑리츠,KOSPI,,795,2,-4,-0.5,800,804,793,32055,25566321,38208315330,48060774,STK,ME005
2110,045510,KR7045510005,정원엔시스,KOSDAQ,중견기업부,1213,1,5,0.41,1210,1235,1210,13775,16759747,38185187841,31479957,KSQ,ME005
2111,352700,KR7352700009,씨앤투스,KOSDAQ,벤처기업부,1453,2,-3,-0.21,1456,1463,1451,4842,7041188,38180334247,26276899,KSQ,ME005
2112,047400,KR7047400007,유니온머티리얼,KOSPI,,908,2,-11,-1.2,919,930,903,41280,37543568,38136000000,42000000,STK,ME005
2113,050860,KR7050860006,아세아텍,KOSDAQ,우량기업부,1694,2,-9,-0.53,1701,1703,1689,5193,8801361,38115000000,22500000,KSQ,ME005
2114,046310,KR7046310009,백금T&A,KOSDAQ,우량기업부,2320,2,-10,-0.43,2330,2360,2310,19578,45687000,38091247120,16418641,KSQ,ME005
2115,081580,KR7081580003,성우전자,KOSDAQ,중견기업부,2455,1,5,0.2,2510,2680,2440,105813,263285704,38072491065,15508143,KSQ,ME005
2116,007530,KR7007530009,와이엠,KOSDAQ,중견기업부,1705,1,3,0.18,1845,1845,1702,10005,17294306,37943463855,22254231,KSQ,ME005
2117,019770,KR7019770007,서연탑메탈,KOSDAQ,우량기업부,3255,2,-15,-0.46,3270,3275,3255,4004,13059600,37920750000,11650000,KSQ,ME005
2118,052220,KR7052220001,iMBC,KOSDAQ,중견기업부,1648,2,-12,-0.72,1646,1660,1632,14392,23644230,37904000000,23000000,KSQ,ME005
2119,121890,KR7121890008,에스디시스템,KOSDAQ,중견기업부,2835,1,115,4.23,2735,2850,2720,72619,201703735,37681249410,13291446,KSQ,ME005
2120,171010,KR7171010002,램테크놀러지,KOSDAQ,벤처기업부,2635,1,30,1.15,2630,2650,2585,12620,33100270,37677211520,14298752,KSQ,ME005
2121,273060,KR7273060004,와이즈버즈,KOSDAQ,중견기업부,3795,2,-10,-0.26,3805,3855,3795,632,2403155,37300508520,9828856,KSQ,ME005
2122,134790,KR7134790005,시디즈,KOSPI,,18620,2,-160,-0.85,18920,18920,18620,33,621220,37240000000,2000000,STK,ME005
2123,037370,KR7037370004,EG,KOSDAQ,벤처기업부,4305,1,75,1.77,4230,4305,4185,6690,28583260,37130504460,8624972,KSQ,ME005
2124,250000,KR7250000007,보라티알,KOSDAQ,우량기업부,5500,1,10,0.18,5530,5530,5430,691,3793790,37129031500,6750733,KSQ,ME005
2125,097870,KR7097870000,효성오앤비,KOSDAQ,중견기업부,4365,2,-45,-1.02,4410,4410,4320,2859,12429025,37058850000,8490000,KSQ,ME005
2126,219420,KR7219420007,링크제니시스,KOSDAQ,기술성장기업부,3230,2,-15,-0.46,3245,3275,3215,5221,16872605,37046507610,11469507,KSQ,ME005
2127,038070,KR7038070009,서린바이오,KOSDAQ,중견기업부,3980,1,85,2.18,3895,3980,3880,13263,52284635,37016690480,9300676,KSQ,ME005
2128,234100,KR7234100006,폴라리스세원,KOSDAQ,우량기업부,2535,2,-5,-0.2,2650,2650,2530,3439,8825495,37015147260,14601636,KSQ,ME005
2129,122690,KR7122690001,서진오토모티브,KOSDAQ,중견기업부,1601,2,-4,-0.25,1620,1620,1600,6618,10596147,36949744766,23079166,KSQ,ME005
2130,002360,KR7002360006,SH에너지화학,KOSPI,,3315,2,-305,-8.43,3620,3620,2855,226905,732138243,36840831495,11113373,STK,ME005
2131,258790,KR7258790005,소프트캠프,KOSDAQ,벤처기업부,7370,1,70,0.96,7250,7450,7130,10019,73142070,36837146720,4998256,KSQ,ME005
2132,239890,KR7239890007,피엔에이치테크,KOSDAQ,기술성장기업부,3700,1,110,3.06,3605,3715,3605,13388,49364820,36762293500,9935755,KSQ,ME005
2133,208710,KR7208710004,포톤,KOSDAQ,중견기업부,2785,1,15,0.54,2820,2885,2725,43787,123254951,36706667620,13180132,KSQ,ME005
2134,133820,KR7133820001,화인베스틸,KOSPI,,985,1,2,0.2,990,1013,972,17965,17705145,36557784470,37114502,STK,ME005
2135,000890,KR7000890004,보해양조,KOSPI,,1321,1,10,0.76,1311,1334,1307,62992,83566512,36491337025,27624025,STK,ME005
2136,027740,KR7027740000,마니커,KOSPI,,1149,1,9,0.79,1158,1161,1140,11693,13431545,36487200486,31755614,STK,ME005
2137,027830,KR7027830009,대성창투,KOSDAQ,관리종목(소속부없음),675,1,9,1.35,666,682,642,259535,172462423,36450000000,54000000,KSQ,ME005
2138,296160,KR7296160005,프로젠,KONEX,일반기업부,2365,1,35,1.5,2495,2495,2320,2364,5549680,36362061835,15375079,KNX,ME005
2139,042940,KR7042940007,상지건설,KOSDAQ,중견기업부,5320,3,0,0.0,5250,5430,5210,9313,49475920,36328747840,6828712,KSQ,ME005
2140,026040,KR7026040006,제이에스티나,KOSDAQ,중견기업부,2200,2,-30,-1.35,2230,2235,2165,13786,30185675,36308338000,16503790,KSQ,ME005
2141,039290,KR7039290002,인포뱅크,KOSDAQ,중견기업부,4170,2,-5,-0.12,4175,4175,4015,783,3231115,36253888260,8693978,KSQ,ME005
2142,051490,KR7051490001,나라엠앤디,KOSDAQ,우량기업부,2550,1,65,2.62,2495,2570,2495,15492,39174790,36210000000,14200000,KSQ,ME005
2143,123570,KR7123570004,이엠넷,KOSDAQ,중견기업부,1625,1,1,0.06,1630,1644,1600,9432,15263906,36198626750,22276078,KSQ,ME005
2144,452300,KR7452300007,캡스톤파트너스,KOSDAQ,중견기업부,2545,1,30,1.19,2515,2560,2457,32556,82266780,36061390225,14169505,KSQ,ME005
2145,284620,KR7284620002,카이노스메드,KOSDAQ,투자주의환기종목(소속부없음),1087,3,0,0.0,0,0,0,0,0,35965517911,33086953,KSQ,ME005
2146,065500,KR7065500001,오리엔트정공,KOSDAQ,중견기업부,1005,1,2,0.2,1003,1039,1003,42059,42517627,35921626560,35742912,KSQ,ME005
2147,049120,KR7049120009,파인디앤씨,KOSDAQ,벤처기업부,2830,2,-25,-0.88,2835,2905,2775,2978,8401180,35908794600,12688620,KSQ,ME005
2148,060850,KR7060850005,영림원소프트랩,KOSDAQ,벤처기업부,4415,1,45,1.03,4370,4425,4365,1641,7196290,35898365000,8131000,KSQ,ME005
2149,043910,KR7043910009,자연과환경,KOSDAQ,벤처기업부,3165,2,-15,-0.47,3180,3215,3150,4535,14392999,35888393925,11339145,KSQ,ME005
2150,106240,KR7106240005,파인테크닉스,KOSDAQ,벤처기업부,1349,1,4,0.3,1345,1368,1314,7990,10605883,35859001986,26581914,KSQ,ME005
2151,057540,KR7057540007,옴니시스템,KOSDAQ,관리종목(소속부없음),602,3,0,0.0,0,0,0,0,0,35755349336,59394268,KSQ,ME005
2152,014570,KR7014570006,고려제약,KOSDAQ,중견기업부,3250,1,5,0.15,3250,3350,3240,1174,3865160,35750000000,11000000,KSQ,ME005
2153,002880,KR7002880003,디와이에이,KOSPI,,3820,1,250,7.0,3670,3825,3630,14807,55192480,35735332180,9354799,STK,ME005
2154,068940,KR7068940006,셀피글로벌,KOSDAQ,관리종목(소속부없음),778,3,0,0.0,0,0,0,0,0,35720093048,45912716,KSQ,ME005
2155,177900,KR7177900008,쓰리에이로직스,KOSDAQ,기술성장기업부,3705,2,-65,-1.72,3760,3790,3700,9010,33817300,35670258000,9627600,KSQ,ME005
2156,086040,KR7086040003,바이오톡스텍,KOSDAQ,벤처기업부,2235,2,-30,-1.32,2265,2280,2220,2374,5326085,35666682045,15958247,KSQ,ME005
2157,363250,KR7363250002,진시스템,KOSDAQ,기술성장기업부,4185,2,-5,-0.12,4165,4200,4065,3296,13570700,35607578670,8508382,KSQ,ME005
2158,066360,KR7066360009,체리부로,KOSDAQ,우량기업부,1478,2,-2,-0.14,1500,1500,1465,13700,20245077,35436538346,23976007,KSQ,ME005
2159,046390,KR7046390001,삼화네트웍스,KOSDAQ,중견기업부,2050,3,0,0.0,2130,2130,2020,7587,15443490,35401804650,17269173,KSQ,ME005
2160,318410,KR7318410008,비비씨,KOSDAQ,중견기업부,6370,2,-50,-0.78,6480,6480,6210,4312,27222290,35386897910,5555243,KSQ,ME005
2161,0010F0,KR70010F0005,보원케미칼,KOSDAQ,벤처기업부,3175,3,0,0.0,3140,3350,3100,1022411,3293163792,35380933175,11143601,KSQ,ME005
2162,104200,KR7104200001,NHN벅스,KOSDAQ,중견기업부,2385,1,30,1.27,2315,2495,2315,32557,77433770,35363706750,14827550,KSQ,ME005
2163,263050,KR7263050007,유틸렉스,KOSDAQ,관리종목(소속부없음),959,3,0,0.0,0,0,0,0,0,35324626904,36834856,KSQ,ME005
2164,073570,KR7073570004,리튬포어스,KOSDAQ,관리종목(소속부없음),2925,1,370,14.48,2550,3100,2540,372039,1078951305,35209184400,12037328,KSQ,ME005
2165,387570,KR7387570005,파인메딕스,KOSDAQ,기술성장기업부,6250,2,-50,-0.79,6300,6300,6160,1231,7697550,35161875000,5625900,KSQ,ME005
2166,434480,KR7434480000,모니터랩,KOSDAQ,기술성장기업부,2855,1,55,1.96,2805,2900,2800,25501,72799020,35145906500,12310300,KSQ,ME005
2167,024120,KR7024120008,KB오토시스,KOSDAQ,중견기업부,3055,1,5,0.16,3040,3095,3035,3502,10691550,35132500000,11500000,KSQ,ME005
2168,332290,KR7332290006,누보,KOSDAQ,벤처기업부,4425,1,10,0.23,4430,4485,4350,4632,20479531,35131176825,7939249,KSQ,ME005
2169,012280,KR7012280004,영화금속,KOSPI,,3540,1,55,1.58,3500,3560,3470,9111,32031705,35063349540,9904901,STK,ME005
2170,186230,KR7186230009,그린플러스,KOSDAQ,벤처기업부,3210,1,30,0.94,3180,3290,3130,23320,75034324,35053803480,10920188,KSQ,ME005
2171,406820,KR7406820001,뷰티스킨,KOSDAQ,벤처기업부,2475,2,-20,-0.8,2510,2545,2445,213607,531283352,34986988575,14136157,KSQ,ME005
2172,204020,KR7204020002,그리티,KOSDAQ,우량기업부,1798,1,17,0.95,1773,1801,1761,2148,3813338,34972595936,19450832,KSQ,ME005
2173,045060,KR7045060001,오공,KOSDAQ,우량기업부,2060,2,-25,-1.2,2090,2095,2025,27119,55678800,34900466440,16941974,KSQ,ME005
2174,153460,KR7153460001,네이블,KOSDAQ,중견기업부,5330,1,40,0.76,5290,5370,5210,1518,8045740,34804974620,6530014,KSQ,ME005
2175,196450,KR7196450001,코아시아씨엠,KOSDAQ,중견기업부,3830,2,-40,-1.03,3965,3965,3805,1037,3981635,34715120000,9064000,KSQ,ME005
2176,260660,KR7260660006,알리코제약,KOSDAQ,중견기업부,2260,2,-30,-1.31,2290,2290,2255,7374,16722245,34639067460,15327021,KSQ,ME005
2177,207760,KR7207760000,미스터블루,KOSDAQ,중견기업부,2080,1,10,0.48,2080,2100,2050,3355,6972785,34561188480,16615956,KSQ,ME005
2178,060540,KR7060540002,에스에이티,KOSDAQ,중견기업부,1322,2,-15,-1.12,1345,1349,1315,8714,11572553,34547738748,26132934,KSQ,ME005
2179,206400,KR7206400004,베노티앤알,KOSDAQ,중견기업부,921,1,11,1.21,986,986,888,166567,152214358,34546855518,37510158,KSQ,ME005
2180,013000,KR7013000005,세우글로벌,KOSPI,,1200,3,0,0.0,1192,1200,1180,13657,16193894,34446037200,28705031,STK,ME005
2181,010640,KR7010640001,진양폴리,KOSPI,,2060,2,-50,-2.37,2060,2110,2000,40205,82629565,34402000000,16700000,STK,ME005
2182,417860,KR7417860004,오브젠,KOSDAQ,벤처기업부,7280,3,0,0.0,7230,7400,7210,16664,121756405,34266275680,4706906,KSQ,ME005
2183,057030,KR7057030009,YBM넷,KOSDAQ,중견기업부,2095,2,-5,-0.24,2100,2100,2075,476,994890,34175100215,16312697,KSQ,ME005
2184,000760,KR7000760009,이화산업,KOSPI,,12200,2,-210,-1.69,11950,12230,11950,299,3600750,34160000000,2800000,STK,ME005
2185,008250,KR7008250003,이건산업,KOSPI,,3115,1,15,0.48,3155,3155,3060,11838,36926180,34117458025,10952635,STK,ME005
2186,431190,KR7431190008,케이쓰리아이,KOSDAQ,기술성장기업부,4550,2,-30,-0.66,4625,4625,4455,15451,69636780,34063311100,7486442,KSQ,ME005
2187,397810,KR7397810003,애드포러스,KOSDAQ,벤처기업부,6590,1,120,1.85,6700,6700,6310,59,380100,34009474300,5160770,KSQ,ME005
2188,009460,KR7009460007,한창제지,KOSPI,,2755,1,15,0.55,2740,2785,2690,5883,16093625,33995834930,12339686,STK,ME005
2189,169330,KR7169330008,엠브레인,KOSDAQ,중견기업부,1850,1,110,6.32,1772,1885,1772,41273,76452774,33886298300,18316918,KSQ,ME005
2190,099220,KR7099220006,SDN,KOSDAQ,관리종목(소속부없음),5380,1,20,0.37,5360,5420,5210,7853,41810220,33864060300,6294435,KSQ,ME005
2191,004365,KR7004361002,세방우,KOSPI,,9170,1,20,0.22,9160,9210,9130,438,4017240,33830422500,3689250,STK,ME005
2192,290090,KR7290090000,트윔,KOSDAQ,벤처기업부,4545,2,-5,-0.11,4550,4595,4525,513,2338065,33817381560,7440568,KSQ,ME005
2193,075130,KR7075130005,플랜티넷,KOSDAQ,벤처기업부,2090,2,-20,-0.95,2140,2140,2075,4186,8736790,33695648800,16122320,KSQ,ME005
2194,012160,KR7012160008,영흥,KOSPI,,2155,1,80,3.86,2095,2175,2045,9928,21025005,33662614965,15620703,STK,ME005
2195,290120,KR7290120005,DH오토리드,KOSDAQ,중견기업부,2125,2,-40,-1.85,2160,2165,2110,10629,22540930,33628501125,15825177,KSQ,ME005
2196,143210,KR7143210003,핸즈코퍼레이션,KOSPI,,1199,3,0,0.0,0,0,0,0,0,33571739817,27999783,STK,ME005
2197,064520,KR7064520000,테크엘,KOSDAQ,중견기업부,1499,1,6,0.4,1474,1499,1474,3927,5863912,33504241938,22351062,KSQ,ME005
2198,432430,KR7432430007,와이랩,KOSDAQ,기술성장기업부,2020,2,-10,-0.49,2030,2090,1992,23494,47242268,33346806400,16508320,KSQ,ME005
2199,408900,KR7408900009,스튜디오미르,KOSDAQ,중견기업부,1016,1,18,1.8,998,1025,979,31283,31474488,33276975864,32752929,KSQ,ME005
2200,270520,KR7270520000,앱튼,KOSDAQ,투자주의환기종목(소속부없음),831,2,-1,-0.12,835,884,802,806226,678710952,33262365534,40026914,KSQ,ME005
2201,005820,KR7005820006,원림,KOSPI,,14460,2,-190,-1.3,14600,14780,14010,123,1782790,33228646200,2297970,STK,ME005
2202,131090,KR7131090003,시큐브,KOSDAQ,벤처기업부,4335,1,20,0.46,4320,4365,4320,9653,42014695,33198388035,7658221,KSQ,ME005
2203,052600,KR7052600004,한네트,KOSDAQ,중견기업부,2870,2,-10,-0.35,2880,2880,2850,4938,14108605,33187819000,11563700,KSQ,ME005
2204,038060,KR7038060000,루멘스바이오스,KOSDAQ,중견기업부,689,3,0,0.0,0,0,0,0,0,33143014541,48103069,KSQ,ME005
2205,006920,KR7006920003,모헨즈,KOSDAQ,중견기업부,3020,1,35,1.17,2990,3035,2990,9328,28103970,32978400000,10920000,KSQ,ME005
2206,419120,KR7419120001,산돌,KOSDAQ,중견기업부,2315,1,85,3.81,2245,2340,2235,14058,32065150,32926451035,14223089,KSQ,ME005
2207,270870,KR7270870009,뉴트리,KOSDAQ,중견기업부,3660,1,90,2.52,3590,3660,3525,3558,12724070,32921136360,8994846,KSQ,ME005
2208,271830,KR7271830002,팸텍,KOSDAQ,벤처기업부,1116,1,20,1.82,1096,1132,1036,104793,115736324,32911065432,29490202,KSQ,ME005
2209,208860,KR7208860007,다산디엠씨,KOSDAQ,벤처기업부,9680,2,-60,-0.62,9740,9740,9620,362,3506620,32863570960,3394997,KSQ,ME005
2210,495810,KR7495810004,유비씨,KONEX,일반기업부,13120,3,0,0.0,0,0,0,0,0,32800000000,2500000,KNX,ME005
2211,310870,KR7310870001,디와이씨,KOSDAQ,벤처기업부,1495,2,-24,-1.58,1506,1518,1495,28528,42775864,32774289990,21922602,KSQ,ME005
2212,900270,HK0000214814,헝셩그룹,KOSDAQ,외국기업(소속부없음),2630,1,45,1.74,2585,2840,2555,135283,365011975,32774115830,12461641,KSQ,ME005
2213,476080,KR7476080007,M83,KOSDAQ,중견기업부,4050,2,-30,-0.74,4120,4120,4045,973,3947230,32711850000,8077000,KSQ,ME005
2214,215090,KR7215090002,솔디펜스,KOSDAQ,벤처기업부,1412,2,-13,-0.91,1456,1457,1401,21906,31139847,32695793332,23155661,KSQ,ME005
2215,0203K0,KR70203K0005,송우인포텍,KONEX,일반기업부,10850,3,0,0.0,0,0,0,0,0,32550000000,3000000,KNX,ME005
2216,006370,KR7006370001,대구백화점,KOSPI,,3000,2,-50,-1.64,3080,3105,2982,15192,45787934,32464833000,10821611,STK,ME005
2217,335810,KR7335810008,프리시젼바이오,KOSDAQ,기술성장기업부,1477,2,-16,-1.07,1549,1549,1470,5001,7437708,32419420362,21949506,KSQ,ME005
2218,430690,KR7430690008,한싹,KOSDAQ,벤처기업부,2970,1,50,1.71,2980,2990,2865,43491,128252108,32359052880,10895304,KSQ,ME005
2219,033830,KR7033830001,티비씨,KOSDAQ,중견기업부,1710,1,10,0.59,1701,1830,1660,24178,42280653,32331192300,18907130,KSQ,ME005
2220,127980,KR7127980001,화인써키트,KOSDAQ,중견기업부,2730,1,50,1.87,2750,2750,2680,2967,8043730,32325067320,11840684,KSQ,ME005
2221,038620,KR7038620001,위즈코프,KOSDAQ,벤처기업부,2130,1,25,1.19,2105,2170,2090,13737,29379130,32260752090,15145893,KSQ,ME005
2222,090370,KR7090370008,메타랩스,KOSPI,,1179,2,-3,-0.25,1229,1229,1170,10928,12836684,32192228331,27304689,STK,ME005
2223,220180,KR7220180004,폴라리스AI핸디,KOSDAQ,벤처기업부,1345,2,-4,-0.3,1349,1349,1310,3878,5221987,32186982490,23930842,KSQ,ME005
2224,200780,KR7200780005,비씨월드제약,KOSDAQ,중견기업부,3015,1,15,0.5,2990,3070,2980,3737,11225605,32156967915,10665661,KSQ,ME005
2225,051630,KR7051630002,진양화학,KOSPI,,1516,2,-19,-1.24,1543,1571,1460,153318,231614147,32139200000,21200000,STK,ME005
2226,227420,KR7227420007,도부,KONEX,일반기업부,842,1,107,14.56,842,842,842,2,1684,32033477420,38044510,KNX,ME005
2227,087600,KR7087600003,픽셀플러스,KOSDAQ,벤처기업부,3910,1,15,0.39,3965,3965,3870,494,1921735,31931241780,8166558,KSQ,ME005
2228,068050,KR7068050004,팬엔터테인먼트,KOSDAQ,중견기업부,1150,2,-12,-1.03,1173,1173,1132,9304,10645083,31848187400,27694076,KSQ,ME005
2229,021650,KR7021650007,한국큐빅,KOSDAQ,중견기업부,1946,1,10,0.52,1936,1970,1934,1639,3172536,31818195598,16350563,KSQ,ME005
2230,318020,KR7318020005,포인트모바일,KOSDAQ,벤처기업부,2585,2,-15,-0.58,2640,2640,2580,2776,7205170,31798788120,12301272,KSQ,ME005
2231,089140,KR7089140008,넥스턴앤롤코리아,KOSDAQ,벤처기업부,2075,2,-35,-1.66,2080,2100,2065,9043,18818895,31781185550,15316234,KSQ,ME005
2232,065950,KR7065950008,웰크론,KOSDAQ,중견기업부,1125,2,-4,-0.35,1131,1150,1112,15372,17409701,31760214750,28231302,KSQ,ME005
2233,010400,KR7010400000,우진아이엔에스,KOSPI,,4165,1,75,1.83,4070,4220,4070,12450,51640305,31745630000,7622000,STK,ME005
2234,032790,KR7032790008,엠젠솔루션,KOSDAQ,벤처기업부,1236,2,-15,-1.2,1274,1289,1235,55738,70292899,31740611016,25680106,KSQ,ME005
2235,031510,KR7031510001,오스템,KOSDAQ,중견기업부,1132,3,0,0.0,1145,1145,1115,32585,36538089,31696000000,28000000,KSQ,ME005
2236,014130,KR7014130009,한익스프레스,KOSPI,,2680,2,-25,-0.92,2720,2720,2665,8345,22339645,31671926440,11817883,STK,ME005
2237,263920,KR7263920001,휴엠앤씨,KOSDAQ,중견기업부,3215,1,20,0.63,3250,3250,3080,1079,3472595,31536018590,9809026,KSQ,ME005
2238,050110,KR7050110006,캠시스,KOSDAQ,중견기업부,1079,3,0,0.0,0,0,0,0,0,31533584017,29224823,KSQ,ME005
2239,080520,KR7080520000,오디텍,KOSDAQ,벤처기업부,2785,2,-85,-2.96,2860,2885,2780,5084,14418085,31532931345,11322417,KSQ,ME005
2240,025440,KR7025440009,DH오토웨어,KOSDAQ,투자주의환기종목(소속부없음),3230,3,0,0.0,3275,3275,3150,3566,11463125,31512668120,9756244,KSQ,ME005
2241,311390,KR7311390009,네오크레마,KOSDAQ,벤처기업부,2490,2,-25,-0.99,2545,2545,2470,6366,15910345,31507934610,12653789,KSQ,ME005
2242,133750,KR7133750000,메가엠디,KOSDAQ,중견기업부,1346,2,-18,-1.32,1355,1356,1345,5392,7276282,31505925642,23407077,KSQ,ME005
2243,153490,KR7153490008,우리이앤엘하루틴,KOSDAQ,우량기업부,3055,1,35,1.16,3020,3100,2995,3953,11993650,31454280000,10296000,KSQ,ME005
2244,012620,KR7012620001,원일특강,KOSDAQ,우량기업부,7140,2,-10,-0.14,7150,7170,7100,449,3210620,31416000000,4400000,KSQ,ME005
2245,016600,KR7016600009,큐캐피탈,KOSDAQ,중견기업부,2250,2,-30,-1.32,2275,2310,2240,20611,46563720,31413602250,13961601,KSQ,ME005
2246,109820,KR7109820001,진매트릭스,KOSDAQ,기술성장기업부,1540,1,11,0.72,1554,1564,1525,5634,8691692,31406205600,20393640,KSQ,ME005
2247,159910,KR7159910009,에코글로우,KOSDAQ,중견기업부,3000,2,-140,-4.46,3140,3140,2980,2758,8369270,31401291000,10467097,KSQ,ME005
2248,148930,KR7148930001,에이치와이티씨,KOSDAQ,중견기업부,3085,2,-5,-0.16,3125,3125,3080,612,1897700,31390532105,10175213,KSQ,ME005
2249,462510,KR7462510009,라메디텍,KOSDAQ,기술성장기업부,3565,2,-115,-3.13,3640,3650,3460,60894,216006805,31382570225,8802965,KSQ,ME005
2250,296640,KR7296640006,이노에이엑스,KOSDAQ,벤처기업부,6060,1,50,0.83,6010,6140,6000,4900,29596280,31380207120,5178252,KSQ,ME005
2251,364950,KR7364950006,에이아이코리아,KOSDAQ,벤처기업부,3775,1,75,2.03,3665,3825,3655,13972,52521595,31319079875,8296445,KSQ,ME005
2252,003535,KR7003531001,한화투자증권우,KOSPI,,6520,1,10,0.15,6510,6640,6420,12435,80986570,31296000000,4800000,STK,ME005
2253,200350,KR7200350007,아티스트스튜디오,KOSDAQ,기술성장기업부,3125,1,205,7.02,2970,3360,2960,135789,434554136,31237578125,9996025,KSQ,ME005
2254,377030,KR7377030002,비트맥스,KOSDAQ,관리종목(소속부없음),2185,1,95,4.55,2090,2230,1996,54508,114989015,31227368870,14291702,KSQ,ME005
2255,258830,KR7258830009,세종메디칼,KOSDAQ,관리종목(소속부없음),412,3,0,0.0,0,0,0,0,0,31223976612,75786351,KSQ,ME005
2256,376980,KR7376980009,원티드랩,KOSDAQ,기술성장기업부,3195,2,-100,-3.03,3260,3260,3150,2156,6885290,31203628830,9766394,KSQ,ME005
2257,226330,KR7226330009,신테카바이오,KOSDAQ,투자주의환기종목(소속부없음),1283,2,-23,-1.76,1327,1327,1283,24166,31386662,31123623425,24258475,KSQ,ME005
2258,091340,KR7091340000,S&K폴리텍,KOSDAQ,중견기업부,2655,1,10,0.38,2645,2695,2610,14502,38336140,31073379255,11703721,KSQ,ME005
2259,069920,KR7069920007,엑시온그룹,KOSDAQ,관리종목(소속부없음),1287,1,249,23.99,1099,1345,1040,694621,832077878,31041433566,24119218,KSQ,ME005
2260,337840,KR7337840003,유엑스엔,KONEX,일반기업부,6230,1,60,0.97,6150,6230,6140,521,3214050,31009189540,4977398,KNX,ME005
2261,009140,KR7009140005,케이아이이,KOSPI,,19730,1,210,1.08,19520,20000,19320,807,15933970,30991824810,1570797,STK,ME005
2262,069640,KR7069640001,한세엠케이,KOSPI,,1419,2,-38,-2.61,1443,1455,1358,22475,31653023,30842647539,21735481,STK,ME005
2263,088790,KR7088790001,진도,KOSPI,,2475,2,-40,-1.59,2505,2515,2475,10393,25905175,30808166400,12447744,STK,ME005
2264,090410,KR7090410002,덕신이피씨,KOSDAQ,우량기업부,3330,2,-40,-1.19,3400,3400,3300,7062,23481495,30692007270,9216819,KSQ,ME005
2265,009190,KR7009190000,대양금속,KOSPI,,682,2,-3,-0.44,693,725,660,658051,451823788,30648517350,44939175,STK,ME005
2266,173940,KR7173940008,에프엔씨엔터,KOSDAQ,중견기업부,1989,2,-6,-0.3,2000,2000,1980,4214,8374221,30616295112,15392808,KSQ,ME005
2267,024070,KR7024070005,WISCOM,KOSPI,,1997,1,23,1.17,2030,2030,1951,7524,14953439,30606896686,15326438,STK,ME005
2268,356890,KR7356890004,싸이버원,KOSDAQ,벤처기업부,2560,1,70,2.81,2515,2600,2490,17462,44537670,30601792000,11953825,KSQ,ME005
2269,025750,KR7025750001,한솔홈데코,KOSPI,,1899,2,-1,-0.05,1890,1901,1890,1990,3780541,30598642071,16113029,STK,ME005
2270,064480,KR7064480007,브리지텍,KOSDAQ,벤처기업부,2560,1,10,0.39,2565,2580,2540,6416,16402300,30598400000,11952500,KSQ,ME005
2271,045300,KR7045300001,성우테크론,KOSDAQ,중견기업부,2890,1,115,4.14,2800,2930,2790,20569,59105281,30480864680,10547012,KSQ,ME005
2272,073540,KR7073540007,에프알텍,KOSDAQ,벤처기업부,2670,1,130,5.12,2540,2700,2535,44033,116124710,30438000000,11400000,KSQ,ME005
2273,444530,KR7444530000,심플랫폼,KOSDAQ,기술성장기업부,4720,2,-55,-1.15,4830,4830,4710,1981,9409470,30358029920,6431786,KSQ,ME005
2274,036420,KR7036420008,콘텐트리중앙,KOSPI,,1576,2,-37,-2.29,1613,1613,1576,18554,29578419,30357397408,19262308,STK,ME005
2275,038870,KR7038870002,에코심플렉스,KOSDAQ,중견기업부,2165,1,55,2.61,2225,2225,2110,5087,10812187,30342364585,14014949,KSQ,ME005
2276,075970,KR7075970004,동국알앤에스,KOSDAQ,중견기업부,1648,1,8,0.49,1640,1649,1639,4238,6953820,30323200000,18400000,KSQ,ME005
2277,101670,KR7101670008,하이드로리튬,KOSDAQ,관리종목(소속부없음),533,1,57,11.97,475,586,471,4112240,2237882235,30262240671,56777187,KSQ,ME005
2278,462310,KR7462310004,뉴키즈온,KOSDAQ,중견기업부,3830,1,30,0.79,3850,3850,3800,2492,9547515,30251657150,7898605,KSQ,ME005
2279,246250,KR7246250005,에스엘에스바이오,KOSDAQ,관리종목(소속부없음),1969,3,0,0.0,0,0,0,0,0,30220617614,15348206,KSQ,ME005
2280,464580,KR7464580000,닷밀,KOSDAQ,기술성장기업부,1640,1,25,1.55,1615,1644,1589,2988,4885457,30185985960,18406089,KSQ,ME005
2281,099390,KR7099390007,브레인즈컴퍼니,KOSDAQ,벤처기업부,3675,1,25,0.68,3740,3805,3615,4210,15563140,30165440025,8208283,KSQ,ME005
2282,237820,KR7237820006,플레이디,KOSDAQ,중견기업부,2350,1,40,1.73,2310,2410,2310,10894,25867318,30143779000,12827140,KSQ,ME005
2283,070590,KR7070590005,인티큐브,KOSDAQ,중견기업부,2170,1,20,0.93,2195,2195,2145,5068,10945895,30118560570,13879521,KSQ,ME005
2284,001070,KR7001070002,대한방직,KOSPI,,5680,2,-70,-1.22,5700,5850,5660,5237,29906390,30104000000,5300000,STK,ME005
2285,300120,KR7300120003,라온피플,KOSDAQ,벤처기업부,3040,1,5,0.16,3045,3080,3010,8469,25822385,30098441120,9900803,KSQ,ME005
2286,197140,KR7197140007,디지캡,KOSDAQ,벤처기업부,2310,2,-30,-1.28,2340,2350,2280,9547,22030145,30060385740,13013154,KSQ,ME005
2287,037330,KR7037330008,인지디스플레,KOSDAQ,관리종목(소속부없음),683,2,-11,-1.59,690,692,673,39179,26666557,29973607992,43885224,KSQ,ME005
2288,462980,KR7462980004,아이지넷,KOSDAQ,기술성장기업부,1643,1,3,0.18,1640,1678,1617,4785,7888456,29959179991,18234437,KSQ,ME005
2289,336060,KR7336060009,웨이버스,KOSDAQ,벤처기업부,3110,2,-35,-1.11,3145,3145,3095,2547,7932105,29952534400,9631040,KSQ,ME005
2290,020180,KR7020180006,대신정보통신,KOSDAQ,중견기업부,3890,1,15,0.39,3895,3935,3885,9518,37179830,29897695870,7685783,KSQ,ME005
2291,031310,KR7031310006,아이즈비전,KOSDAQ,중견기업부,1003,1,36,3.72,965,1022,965,117236,117482568,29835890953,29746651,KSQ,ME005
2292,097780,KR7097780001,에코볼트,KOSDAQ,중견기업부,1469,2,-9,-0.61,1547,1547,1453,878,1294867,29810547741,20293089,KSQ,ME005
2293,187270,KR7187270004,신화콘텍,KOSDAQ,벤처기업부,2930,3,0,0.0,2930,2940,2925,2712,7945280,29721465850,10143845,KSQ,ME005
2294,369370,KR7369370002,블리츠웨이엔터테인먼트,KOSDAQ,벤처기업부,2975,2,-25,-0.83,3010,3015,2935,2220,6611140,29673786450,9974382,KSQ,ME005
2295,464280,KR7464280007,티디에스팜,KOSDAQ,중견기업부,5350,2,-20,-0.37,5370,5460,5350,2861,15359870,29585500000,5530000,KSQ,ME005
2296,079190,KR7079190005,케스피온,KOSDAQ,관리종목(소속부없음),1454,1,190,15.03,1350,1580,1257,372107,551030045,29576636964,20341566,KSQ,ME005
2297,038950,KR7038950002,파인디지털,KOSDAQ,중견기업부,2895,1,5,0.17,2890,2995,2890,866,2506320,29560164675,10210765,KSQ,ME005
2298,071850,KR7071850002,캐스텍코리아,KOSDAQ,투자주의환기종목(소속부없음),1215,3,0,0.0,1217,1217,1201,16,19278,29477039670,24260938,KSQ,ME005
2299,188260,KR7188260004,세니젠,KOSDAQ,투자주의환기종목(소속부없음),2115,2,-25,-1.17,2120,2135,2065,6718,14018110,29401287570,13901318,KSQ,ME005
2300,262840,KR7262840002,아이퀘스트,KOSDAQ,벤처기업부,2860,1,5,0.18,2905,2905,2835,4541,12993210,29314310740,10249759,KSQ,ME005
2301,452160,KR7452160005,제이엔비,KOSDAQ,중견기업부,3035,2,-65,-2.1,3075,3130,3000,5770,17558940,29189194445,9617527,KSQ,ME005
2302,317240,KR7317240000,TS트릴리온,KOSDAQ,벤처기업부,1000,3,0,0.0,1001,1010,990,26531,26506970,29176711000,29176711,KSQ,ME005
2303,025890,KR7025890005,한국주강,KOSPI,,2615,2,-55,-2.06,2625,2635,2615,2294,6014855,29143170840,11144616,STK,ME005
2304,388610,KR7388610008,지에프씨생명과학,KOSDAQ,기술성장기업부,5470,2,-60,-1.08,5670,5670,5400,4940,27219880,29129845010,5325383,KSQ,ME005
2305,900070,KYG3931T1076,글로벌에스엠,KOSDAQ,외국기업(소속부없음),1078,2,-25,-2.27,1066,1100,1057,180799,193080294,28967998752,26871984,KSQ,ME005
2306,290560,KR7290560002,파라택시스이더리움,KOSDAQ,벤처기업부,1293,1,6,0.47,1331,1331,1281,50342,65153819,28915009890,22362730,KSQ,ME005
2307,367000,KR7367000007,플래티어,KOSDAQ,벤처기업부,3440,1,90,2.69,3450,3460,3240,2086,6941105,28855432080,8388207,KSQ,ME005
2308,128540,KR7128540002,에코캡,KOSDAQ,우량기업부,1081,2,-14,-1.28,1095,1107,1078,10907,11867760,28852387260,26690460,KSQ,ME005
2309,308170,KR7308170000,씨티알모빌리티,KOSPI,,3340,2,-20,-0.6,3360,3450,3300,5946,19663205,28757400000,8610000,STK,ME005
2310,006740,KR7006740005,블루산업개발,KOSPI,,4830,2,-10,-0.21,4865,4900,4800,1058,5109120,28743131970,5950959,STK,ME005
2311,006570,KR7006570006,대림통상,KOSPI,,1881,2,-48,-2.49,1908,1912,1876,15642,29564223,28638225000,15225000,STK,ME005
2312,407400,KR7407400001,꿈비,KOSDAQ,벤처기업부,1953,1,23,1.19,1940,1987,1940,6779,13229333,28581244902,14634534,KSQ,ME005
2313,109960,KR7109960005,앱토크롬,KOSDAQ,투자주의환기종목(소속부없음),1888,1,21,1.12,1877,1928,1847,2232,4194821,28569655904,15132233,KSQ,ME005
2314,093380,KR7093380004,풍강,KOSDAQ,중견기업부,2885,2,-160,-5.25,3190,3190,2880,12153,35796005,28501818005,9879313,KSQ,ME005
2315,351330,KR7351330006,이삭엔지니어링,KOSDAQ,벤처기업부,3420,2,-5,-0.15,3425,3530,3370,12808,44287845,28346738400,8288520,KSQ,ME005
2316,079170,KR7079170007,한창산업,KOSDAQ,우량기업부,5440,1,10,0.18,5400,5450,5370,863,4690420,28288000000,5200000,KSQ,ME005
2317,198940,KR7198940009,한주라이트메탈,KOSDAQ,중견기업부,1415,3,0,0.0,1414,1415,1385,9077,12759043,28216049465,19940671,KSQ,ME005
2318,043220,KR7043220003,티에스넥스젠,KOSDAQ,관리종목(소속부없음),1710,3,0,0.0,0,0,0,0,0,28191099330,16486023,KSQ,ME005
2319,450520,KR7450520002,인스웨이브,KOSDAQ,벤처기업부,1914,1,32,1.7,1898,1919,1854,31779,59878820,28144562292,14704578,KSQ,ME005
2320,333050,KR7333050003,이노테나,KOSDAQ,벤처기업부,5710,2,-20,-0.35,5810,5810,5670,2124,12154690,28118438200,4924420,KSQ,ME005
2321,068100,KR7068100007,케이웨더,KOSDAQ,기술성장기업부,2355,2,-15,-0.63,2330,2395,2300,3898,9104695,28089347280,11927536,KSQ,ME005
2322,016670,KR7016670002,디모아,KOSDAQ,중견기업부,2750,1,70,2.61,2680,2795,2605,11960,32478885,28034143500,10194234,KSQ,ME005
2323,225220,KR7225220003,제놀루션,KOSDAQ,벤처기업부,1460,2,-24,-1.62,1467,1480,1439,22787,33184188,28017430660,19190021,KSQ,ME005
2324,114630,KR7114630007,폴라리스우노,KOSDAQ,우량기업부,1624,1,9,0.56,1620,1630,1590,5461,8820228,27990042752,17235248,KSQ,ME005
2325,254120,KR7254120009,자비스,KOSDAQ,기술성장기업부,910,3,0,0.0,0,0,0,0,0,27986385700,30754270,KSQ,ME005
2326,119500,KR7119500007,포메탈,KOSDAQ,중견기업부,2360,3,0,0.0,2360,2375,2345,28458,66996790,27959467520,11847232,KSQ,ME005
2327,088340,KR7088340005,유라클,KOSDAQ,벤처기업부,6400,2,-80,-1.23,6440,6600,6370,3744,24151300,27931955200,4364368,KSQ,ME005
2328,043340,KR7043340009,에쎈테크,KOSDAQ,관리종목(소속부없음),587,1,1,0.17,599,599,580,8220,4788109,27882500000,47500000,KSQ,ME005
2329,403360,KR7403360001,라피치,KONEX,일반기업부,7400,1,530,7.71,6900,7400,6800,2254,15789300,27880499000,3767635,KNX,ME005
2330,130500,KR7130500002,GH신소재,KOSDAQ,중견기업부,1915,1,1,0.05,1927,1936,1894,10852,20905704,27853774580,14545052,KSQ,ME005
2331,089150,KR7089150007,케이씨티,KOSDAQ,벤처기업부,1623,2,-13,-0.79,1621,1636,1611,4468,7254890,27834450000,17150000,KSQ,ME005
2332,008470,KR7008470007,부스타,KOSDAQ,벤처기업부,1654,2,-1,-0.06,1610,1670,1608,8226,13559664,27803078400,16809600,KSQ,ME005
2333,239610,KR7239610009,에이치엘사이언스,KOSDAQ,벤처기업부,5150,2,-60,-1.15,5190,5210,5150,647,3334380,27769392250,5392115,KSQ,ME005
2334,003680,KR7003680006,한성기업,KOSPI,,4470,2,-85,-1.87,4560,4580,4370,36899,165361147,27756532050,6209515,STK,ME005
2335,160550,KR7160550000,NEW,KOSDAQ,중견기업부,992,2,-8,-0.8,1020,1020,978,64142,63302831,27682857152,27906106,KSQ,ME005
2336,115480,KR7115480006,씨유메디칼,KOSDAQ,중견기업부,2280,2,-15,-0.65,2295,2350,2260,1671,3804175,27644797080,12124911,KSQ,ME005
2337,033540,KR7033540006,파라텍,KOSDAQ,중견기업부,2645,3,0,0.0,2645,2735,2615,8900,23436715,27638308570,10449266,KSQ,ME005
2338,376180,KR7376180006,피코그램,KOSDAQ,벤처기업부,1487,2,-12,-0.8,1499,1520,1449,19457,28703073,27600263506,18561038,KSQ,ME005
2339,019175,KR7019171008,신풍제약우,KOSPI,,13850,2,-300,-2.12,14150,14150,13850,51,709100,27578535500,1991230,STK,ME005
2340,195500,KR7195500004,마니커에프앤지,KOSDAQ,중견기업부,1719,1,25,1.48,1711,1725,1685,17403,29673122,27466182000,15978000,KSQ,ME005
2341,060230,KR7060230000,제이케이시냅스,KOSDAQ,중견기업부,1403,1,57,4.23,1362,1480,1362,92122,130336835,27421940854,19545218,KSQ,ME005
2342,318010,KR7318010006,팜스빌,KOSDAQ,벤처기업부,3455,2,-15,-0.43,3470,3470,3350,294,998655,27395862790,7929338,KSQ,ME005
2343,067010,KR7067010009,이씨에스,KOSDAQ,벤처기업부,2515,2,-5,-0.2,2510,2535,2510,18419,46331924,27384577500,10888500,KSQ,ME005
2344,311060,KR7311060008,엘에이티,KONEX,일반기업부,3470,2,-75,-2.12,3550,3800,3465,15819,56352775,27316304980,7872134,KNX,ME005
2345,368970,KR7368970000,오에스피,KOSDAQ,벤처기업부,2430,2,-145,-5.63,2560,2560,2405,100401,246968837,27312514740,11239718,KSQ,ME005
2346,078590,KR7078590007,휴림에이텍,KOSDAQ,중견기업부,2725,1,55,2.06,2670,2745,2650,26120,70950790,27218201975,9988331,KSQ,ME005
2347,057680,KR7057680001,티사이언티픽,KOSDAQ,벤처기업부,1720,1,28,1.65,1692,1739,1692,7191,12301928,27163803480,15792909,KSQ,ME005
2348,139670,KR7139670004,키네마스터,KOSDAQ,중견기업부,1920,1,37,1.96,1877,2000,1851,3667,7141063,27108115200,14118810,KSQ,ME005
2349,373170,KR7373170000,엠아이큐브솔루션,KOSDAQ,벤처기업부,1793,2,-30,-1.65,1818,1835,1764,5562,10057268,27099025470,15113790,KSQ,ME005
2350,148250,KR7148250004,알엔투테크놀로지,KOSDAQ,벤처기업부,1991,2,-39,-1.92,2050,2050,1990,5881,11833540,27098911664,13610704,KSQ,ME005
2351,007770,KR7007770001,한일화학,KOSDAQ,중견기업부,7720,3,0,0.0,7730,8010,7720,100,773090,27097200000,3510000,KSQ,ME005
2352,288620,KR7288620008,에스프리즘,KOSDAQ,벤처기업부,3880,2,-5,-0.13,3880,3970,3835,5825,22644730,27079746080,6979316,KSQ,ME005
2353,023150,KR7023150006,MH에탄올,KOSPI,,4360,2,-10,-0.23,4500,4505,4300,31015,136397055,27038247880,6201433,STK,ME005
2354,019570,KR7019570001,GMI벤처,KOSDAQ,중견기업부,2825,1,20,0.71,2805,2890,2770,3802,10752600,26964636300,9545004,KSQ,ME005
2355,080530,KR7080530009,코디,KOSDAQ,중견기업부,2435,1,5,0.21,2515,2565,2420,4685,11475275,26959550540,11071684,KSQ,ME005
2356,066910,KR7066910001,손오공,KOSDAQ,중견기업부,1749,2,-41,-2.29,1820,1820,1730,15080,26462151,26911219368,15386632,KSQ,ME005
2357,017000,KR7017000001,신원종합개발,KOSDAQ,우량기업부,2295,2,-5,-0.22,2275,2440,2250,51417,118854045,26778121965,11668027,KSQ,ME005
2358,096630,KR7096630009,에스코넥,KOSDAQ,우량기업부,1686,1,20,1.2,1666,1695,1649,22873,38050168,26767480578,15876323,KSQ,ME005
2359,236810,KR7236810008,엔비티,KOSDAQ,기술성장기업부,1575,2,-48,-2.96,1678,1678,1523,18147,28435500,26736295950,16975426,KSQ,ME005
2360,048470,KR7048470009,대동스틸,KOSDAQ,중견기업부,2770,2,-40,-1.42,2790,2810,2755,16247,45092410,26730500000,9650000,KSQ,ME005
2361,363260,KR7363260001,모비데이즈,KOSDAQ,벤처기업부,4155,1,85,2.09,4070,4195,4070,2155,8955420,26728088715,6432753,KSQ,ME005
2362,900310,HK0000341732,컬러레이,KOSDAQ,외국기업(소속부없음),2085,1,10,0.48,2070,2090,2005,622,1274460,26705378475,12808335,KSQ,ME005
2363,290270,KR7290270008,휴네시온,KOSDAQ,벤처기업부,2775,2,-20,-0.72,2795,2830,2765,3462,9636348,26661289800,9607672,KSQ,ME005
2364,047080,KR7047080007,한빛소프트,KOSDAQ,중견기업부,1073,1,16,1.51,1060,1150,1047,70169,75970142,26634394426,24822362,KSQ,ME005
2365,016920,KR7016920001,카스,KOSDAQ,중견기업부,1036,2,-7,-0.67,1034,1042,1011,43856,45005868,26623886352,25698732,KSQ,ME005
2366,002690,KR7002690006,동일제강,KOSPI,,1310,2,-25,-1.87,1335,1335,1300,32376,42465139,26593471600,20300360,STK,ME005
2367,215790,KR7215790007,이노인스트루먼트,KOSDAQ,관리종목(소속부없음),659,1,19,2.97,647,706,647,1195121,807466978,26546595191,40283149,KSQ,ME005
2368,091970,KR7091970004,LSK아이로봇,KOSDAQ,중견기업부,3515,1,10,0.29,3590,3590,3410,8016,27924590,26484751700,7534780,KSQ,ME005
2369,032750,KR7032750002,삼진,KOSDAQ,우량기업부,2930,3,0,0.0,2925,2935,2920,811,2371545,26461187460,9031122,KSQ,ME005
2370,238490,KR7238490007,힘스,KOSDAQ,벤처기업부,2335,1,70,3.09,2395,2395,2250,7950,18281479,26414071060,11312236,KSQ,ME005
2371,007120,KR7007120009,미래아이앤지,KOSPI,,966,2,-14,-1.43,981,996,958,47836,46277592,26394128124,27323114,STK,ME005
2372,118000,KR7118000009,메타케어,KOSPI,,1196,2,-19,-1.56,1259,1259,1160,6917,8341689,26378718860,22055785,STK,ME005
2373,140430,KR7140430000,카티스,KOSDAQ,중견기업부,2460,1,10,0.41,2500,2500,2435,28660,70346175,26296187220,10689507,KSQ,ME005
2374,134060,KR7134060003,이퓨쳐,KOSDAQ,벤처기업부,5510,1,150,2.8,5370,5570,5330,1238,6652820,26278567500,4769250,KSQ,ME005
2375,013720,KR7013720008,청보,KOSDAQ,중견기업부,2160,3,0,0.0,2140,2160,2130,1062,2279880,26277756480,12165628,KSQ,ME005
2376,297570,KR7297570004,아틀라스링크,KOSDAQ,벤처기업부,3795,2,-25,-0.65,3820,3935,3760,2558,9753015,26277502185,6924243,KSQ,ME005
2377,006490,KR7006490007,프리티,KOSPI,,1479,1,56,3.94,1423,1480,1330,61458,85928970,26246826507,17746333,STK,ME005
2378,033250,KR7033250002,체시스,KOSPI,,4100,2,-50,-1.2,4105,4155,4060,34485,141515490,26240000000,6400000,STK,ME005
2379,069140,KR7069140002,누리플랜,KOSDAQ,벤처기업부,1736,2,-14,-0.8,1770,1779,1711,4717,8229146,26206315744,15095804,KSQ,ME005
2380,072770,KR7072770001,멤레이비티,KOSDAQ,중견기업부,631,2,-27,-4.1,700,700,617,169913,106009698,26194133838,41512098,KSQ,ME005
2381,001380,KR7001380005,SG글로벌,KOSPI,,1165,1,71,6.49,1103,1268,1094,316147,378654052,26191612715,22482071,STK,ME005
2382,069410,KR7069410009,엔텔스,KOSDAQ,벤처기업부,2555,2,-10,-0.39,2545,2610,2545,6441,16617045,26175525320,10244824,KSQ,ME005
2383,359090,KR7359090008,씨엔알리서치,KOSDAQ,중견기업부,2275,2,-20,-0.87,2290,2290,2120,15171,33167245,26149175325,11494143,KSQ,ME005
2384,138070,KR7138070008,신진에스엠,KOSDAQ,중견기업부,1492,1,13,0.88,1467,1516,1450,6927,10213095,26114780368,17503204,KSQ,ME005
2385,006345,KR7006341002,대원전선우,KOSPI,,9930,2,-20,-0.2,9980,10500,9930,10913,109826055,26028516000,2621200,STK,ME005
2386,079000,KR7079000006,와토스코리아,KOSDAQ,중견기업부,3610,1,20,0.56,3600,3610,3580,1302,4678495,25992000000,7200000,KSQ,ME005
2387,053290,KR7053290003,NE능률,KOSDAQ,중견기업부,1570,1,2,0.13,1568,1584,1506,4931,7682595,25946301990,16526307,KSQ,ME005
2388,002680,KR7002680007,한탑,KOSDAQ,관리종목(소속부없음),3345,2,-55,-1.62,3400,3490,3320,6195,20725155,25943920350,7756030,KSQ,ME005
2389,131220,KR7131220006,대한과학,KOSDAQ,벤처기업부,3475,2,-60,-1.7,3535,3535,3400,6137,21042800,25904352750,7454490,KSQ,ME005
2390,191410,KR7191410000,육일씨엔에쓰,KOSDAQ,관리종목(소속부없음),1669,1,47,2.9,1630,1684,1604,63873,105518922,25886477068,15510172,KSQ,ME005
2391,043200,KR7043200005,파루,KOSDAQ,벤처기업부,1238,2,-11,-0.88,1248,1248,1222,19136,23710943,25876870366,20902157,KSQ,ME005
2392,193250,KR7193250008,링크드,KOSDAQ,중견기업부,1931,1,31,1.63,1919,2025,1902,26649,51528718,25815409623,13368933,KSQ,ME005
2393,398120,KR7398120006,에스지헬스케어,KOSDAQ,벤처기업부,2180,2,-50,-2.24,2215,2230,2145,24490,53365380,25814493980,11841511,KSQ,ME005
2394,328380,KR7328380001,솔트웨어,KOSDAQ,벤처기업부,3765,2,-55,-1.44,3900,3900,3730,4625,17440942,25799869575,6852555,KSQ,ME005
2395,033050,KR7033050006,제이엠아이,KOSDAQ,관리종목(소속부없음),810,2,-2,-0.25,810,813,799,31360,25353255,25789855680,31839328,KSQ,ME005
2396,052300,KR7052300001,오션인더블유,KOSDAQ,중견기업부,1587,2,-13,-0.81,1599,1636,1580,31103,49526402,25779431136,16244128,KSQ,ME005
2397,33637K,KR733637K010,솔루스첨단소재1우,KOSPI,,1520,1,25,1.67,1500,1540,1490,24892,37646469,25698782880,16907094,STK,ME005
2398,060380,KR7060380003,동양에스텍,KOSDAQ,중견기업부,1301,2,-4,-0.31,1305,1305,1292,3504,4548472,25629700000,19700000,KSQ,ME005
2399,002355,KR7002351005,넥센타이어1우B,KOSPI,,3940,2,-5,-0.13,3945,3945,3935,77,303120,25610000000,6500000,STK,ME005
2400,003060,KR7003060001,에이프로젠바이오로직스,KOSPI,,1574,1,26,1.68,1544,1620,1511,163517,258497998,25595133522,16261203,STK,ME005
2401,383930,KR7383930005,디티앤씨알오,KOSDAQ,중견기업부,2000,2,-60,-2.91,2030,2085,2000,51461,104490325,25568256000,12784128,KSQ,ME005
2402,103840,KR7103840005,우양,KOSDAQ,중견기업부,1562,2,-18,-1.14,1575,1580,1560,16072,25192389,25564360536,16366428,KSQ,ME005
2403,290520,KR7290520006,신도기연,KOSDAQ,벤처기업부,1612,1,20,1.26,1641,1641,1580,8853,14203471,25366696368,15736164,KSQ,ME005
2404,123840,KR7123840001,뉴온,KOSDAQ,투자주의환기종목(소속부없음),1630,2,-45,-2.69,1657,1699,1604,11293,18738330,25351471500,15553050,KSQ,ME005
2405,429270,KR7429270002,시지트로닉스,KOSDAQ,기술성장기업부,3525,1,5,0.14,3520,3630,3475,73468,260133316,25345211775,7190131,KSQ,ME005
2406,105550,KR7105550008,엣지파운드리,KOSDAQ,중견기업부,1617,1,11,0.68,1606,1620,1585,8382,13491666,25324499970,15661410,KSQ,ME005
2407,458350,KR7458350006,에스팀,KOSDAQ,중견기업부,2900,2,-25,-0.85,2930,2940,2900,5603,16343820,25181280000,8683200,KSQ,ME005
2408,038880,KR7038880001,아이에이,KOSDAQ,중견기업부,3350,1,5,0.15,3305,3400,3250,6955,23197052,25173317050,7514423,KSQ,ME005
2409,090150,KR7090150004,아이윈,KOSDAQ,중견기업부,6010,1,10,0.17,6000,6190,5850,7025,42859710,25167049290,4187529,KSQ,ME005
2410,096690,KR7096690003,에이루트,KOSDAQ,중견기업부,6250,2,-10,-0.16,6140,6520,6140,1417,8878330,25142762500,4022842,KSQ,ME005
2411,004270,KR7004270005,남성,KOSPI,,5500,2,-70,-1.26,5550,5590,5330,9224,50072225,25080704000,4560128,STK,ME005
2412,001810,KR7001810001,무림SP,KOSDAQ,중견기업부,1129,2,-2,-0.18,1143,1143,1127,1478,1681417,24993237500,22137500,KSQ,ME005
2413,054090,KR7054090006,삼진엘앤디,KOSDAQ,중견기업부,1000,2,-2,-0.2,996,1013,977,11579,11574462,24959232000,24959232,KSQ,ME005
2414,146060,KR7146060009,율촌,KOSDAQ,중견기업부,1039,2,-31,-2.9,1070,1070,1023,30552,31914245,24952203205,24015595,KSQ,ME005
2415,021880,KR7021880000,메이슨캐피탈,KOSDAQ,중견기업부,1174,1,16,1.38,1203,1203,1126,17056,19924200,24910448560,21218440,KSQ,ME005
2416,322780,KR7322780008,코퍼스코리아,KOSDAQ,중견기업부,1631,2,-41,-2.45,1681,1776,1593,86101,142650528,24841718594,15230974,KSQ,ME005
2417,348030,KR7348030008,모비릭스,KOSDAQ,중견기업부,2585,2,-55,-2.08,2650,2650,2545,16762,43305385,24825823000,9603800,KSQ,ME005
2418,389680,KR7389680000,유디엠텍,KOSDAQ,관리종목(소속부없음),2980,2,-5,-0.17,2980,3070,2900,38178,112810169,24795665140,8320693,KSQ,ME005
2419,083660,KR7083660001,CSA 코스믹,KOSDAQ,중견기업부,1423,2,-24,-1.66,1428,1475,1349,32373,44976111,24794578257,17424159,KSQ,ME005
2420,148780,KR7148780000,비큐AI,KOSDAQ,기술성장기업부,3925,1,65,1.68,3905,4020,3830,28638,113177405,24684894125,6289145,KSQ,ME005
2421,368600,KR7368600003,아이씨에이치,KOSDAQ,기술성장기업부,956,3,0,0.0,0,0,0,0,0,24660416740,25795415,KSQ,ME005
2422,378800,KR7378800007,샤페론,KOSDAQ,관리종목(소속부없음),2655,1,120,4.73,2565,2750,2535,92746,249008575,24555048930,9248606,KSQ,ME005
2423,351870,KR7351870001,차이커뮤니케이션,KOSDAQ,중견기업부,2200,2,-20,-0.9,2275,2275,2180,503,1111255,24553412400,11160642,KSQ,ME005
2424,354390,KR7354390007,바스칸바이오제약,KONEX,일반기업부,3495,3,0,0.0,0,0,0,0,0,24528773265,7018247,KNX,ME005
2425,027040,KR7027040005,서울전자통신,KOSDAQ,중견기업부,1760,2,-13,-0.73,1769,1785,1710,82970,146160882,24495273440,13917769,KSQ,ME005
2426,044780,KR7044780005,에이치케이,KOSDAQ,벤처기업부,1323,2,-2,-0.15,1350,1350,1312,20175,26780516,24483156201,18505787,KSQ,ME005
2427,131180,KR7131180002,딜리,KOSDAQ,벤처기업부,4165,1,30,0.73,4230,4230,4150,956,3993050,24448550000,5870000,KSQ,ME005
2428,123750,KR7123750002,알톤,KOSDAQ,중견기업부,1760,1,8,0.46,1752,1760,1723,4998,8671839,24321895840,13819259,KSQ,ME005
2429,083640,KR7083640003,인콘,KOSDAQ,벤처기업부,5290,1,10,0.19,5330,5340,5200,1220,6480590,24289923720,4591668,KSQ,ME005
2430,101680,KR7101680007,한국정밀기계,KOSDAQ,중견기업부,2890,2,-60,-2.03,2935,3025,2880,5894,17264975,24287560000,8404000,KSQ,ME005
2431,101400,KR7101400000,엔시트론,KOSDAQ,중견기업부,1601,2,-29,-1.78,1629,1646,1591,4602,7469394,24268989044,15158644,KSQ,ME005
2432,257370,KR7257370007,피엔티엠에스,KOSDAQ,벤처기업부,1937,2,-18,-0.92,2015,2015,1871,16371,31590054,24221915757,12504861,KSQ,ME005
2433,003495,KR7003491008,대한항공우,KOSPI,,21800,2,-150,-0.68,21900,21900,21750,582,12701250,24215243800,1110791,STK,ME005
2434,115530,KR7115530008,씨엔플러스,KOSDAQ,중견기업부,2820,2,-20,-0.7,2840,2945,2780,10632,29988935,24201395100,8582055,KSQ,ME005
2435,016100,KR7016100000,리더스코스메틱,KOSDAQ,중견기업부,1267,2,-11,-0.86,1267,1268,1249,40004,50716812,24200832698,19100894,KSQ,ME005
2436,278990,KR7278990007,EMB,KONEX,일반기업부,3000,3,0,0.0,3000,3000,3000,1,3000,24194331000,8064777,KNX,ME005
2437,058110,KR7058110008,멕아이씨에스,KOSDAQ,기술성장기업부,1507,1,56,3.86,1478,1545,1471,60138,90760790,24188148710,16050530,KSQ,ME005
2438,020400,KR7020400008,대동금속,KOSDAQ,중견기업부,2665,1,20,0.76,2600,2730,2595,3172,8407365,24180962780,9073532,KSQ,ME005
2439,415380,KR7415380005,스튜디오삼익,KOSDAQ,중견기업부,2100,1,15,0.72,2090,2130,2055,8378,17613865,24030247500,11442975,KSQ,ME005
2440,071950,KR7071950000,코아스,KOSPI,,1655,1,16,0.98,1644,1662,1618,26220,42753425,23929967725,14459195,STK,ME005
2441,475660,KR7475660007,에스켐,KOSDAQ,기술성장기업부,3005,1,105,3.62,3030,3095,2915,7752,23118430,23829154175,7929835,KSQ,ME005
2442,035200,KR7035200005,프럼파스트,KOSDAQ,벤처기업부,2580,2,-35,-1.34,2610,2630,2555,15920,40926860,23787550980,9219981,KSQ,ME005
2443,365590,KR7365590009,하이딥,KOSDAQ,기술성장기업부,1291,1,13,1.02,1288,1320,1279,22747,29364124,23763792025,18407275,KSQ,ME005
2444,318000,KR7318000007,KBG,KOSDAQ,벤처기업부,2715,2,-50,-1.81,2710,2735,2705,2702,7334170,23729705445,8740223,KSQ,ME005
2445,464500,KR7464500008,아이언디바이스,KOSDAQ,기술성장기업부,1681,1,42,2.56,1639,1860,1639,108755,189331036,23522675103,13993263,KSQ,ME005
2446,177830,KR7177830007,파버나인,KOSDAQ,벤처기업부,2075,2,-35,-1.66,2110,2155,2075,3982,8338010,23501435475,11325993,KSQ,ME005
2447,208350,KR7208350009,지란지교시큐리티,KOSDAQ,벤처기업부,2900,2,-10,-0.34,2905,2905,2885,1810,5249890,23494553000,8101570,KSQ,ME005
2448,039740,KR7039740006,한국정보공학,KOSDAQ,벤처기업부,2930,2,-45,-1.51,2960,2990,2925,2234,6584500,23493903210,8018397,KSQ,ME005
2449,115160,KR7115160004,휴맥스,KOSDAQ,중견기업부,5450,1,20,0.37,5430,5500,5390,3173,17270280,23476054850,4307533,KSQ,ME005
2450,206560,KR7206560005,덱스터,KOSDAQ,기술성장기업부,923,1,14,1.54,912,950,912,69383,64876206,23455032328,25411736,KSQ,ME005
2451,267790,KR7267790004,배럴,KOSDAQ,중견기업부,3040,1,5,0.16,3045,3065,3000,2991,9017015,23375499360,7689309,KSQ,ME005
2452,023770,KR7023770001,플레이위드,KOSDAQ,중견기업부,2610,1,40,1.56,2540,2635,2540,11461,29398030,23350351950,8946495,KSQ,ME005
2453,009310,KR7009310004,참엔지니어링,KOSPI,,5330,3,0,0.0,0,0,0,0,0,23329484620,4377014,STK,ME005
2454,188040,KR7188040000,바이오포트,KOSDAQ,벤처기업부,4985,2,-15,-0.3,5000,5000,4710,2740,13475015,23326350380,4679308,KSQ,ME005
2455,054940,KR7054940002,엑사이엔씨,KOSDAQ,중견기업부,3510,1,10,0.29,3500,3565,3440,15430,54323195,23287828590,6634709,KSQ,ME005
2456,187220,KR7187220009,디티앤씨,KOSDAQ,중견기업부,2020,1,40,2.02,1975,2025,1953,6151,12313666,23280364660,11524933,KSQ,ME005
2457,405920,KR7405920000,나라셀라,KOSDAQ,중견기업부,1806,1,10,0.56,1900,1900,1805,8662,15796716,23257805256,12878076,KSQ,ME005
2458,222980,KR7222980005,한국맥널티,KOSDAQ,벤처기업부,2105,1,5,0.24,2190,2190,2075,822,1730285,23221271715,11031483,KSQ,ME005
2459,336040,KR7336040001,타스컴,KONEX,일반기업부,4000,3,0,0.0,4000,4000,4000,1,4000,23159716000,5789929,KNX,ME005
2460,032680,KR7032680001,소프트센,KOSDAQ,중견기업부,1004,2,-2,-0.2,997,1010,997,9411,9452249,23148104524,23055881,KSQ,ME005
2461,223310,KR7223310004,사토시홀딩스,KOSDAQ,투자주의환기종목(소속부없음),2840,1,10,0.35,2800,3190,2710,9960,28755645,23085275120,8128618,KSQ,ME005
2462,357430,KR7357430008,마스턴프리미어리츠,KOSPI,,756,2,-45,-5.62,812,812,711,108291,80805266,23062012092,30505307,STK,ME005
2463,207490,KR7207490004,에이펙스인텍,KONEX,일반기업부,6400,3,0,0.0,0,0,0,0,0,23040000000,3600000,KNX,ME005
2464,215480,KR7215480005,토박스코리아,KOSDAQ,중견기업부,2145,1,35,1.66,2175,2175,2095,11183,23809935,23037300000,10740000,KSQ,ME005
2465,051380,KR7051380004,피씨디렉트,KOSDAQ,중견기업부,1495,1,1,0.07,1498,1500,1488,4001,5978447,22933407640,15340072,KSQ,ME005
2466,076080,KR7076080001,웰크론한텍,KOSDAQ,중견기업부,1015,1,14,1.4,1001,1049,1001,15273,15547244,22933068340,22594156,KSQ,ME005
2467,027580,KR7027580000,상보,KOSDAQ,중견기업부,1932,2,-13,-0.67,1940,1988,1905,68370,135521919,22867644660,11836255,KSQ,ME005
2468,032800,KR7032800005,판타지오,KOSDAQ,중견기업부,1510,1,19,1.27,1481,1510,1481,9416,14033999,22811606240,15107024,KSQ,ME005
2469,065690,KR7065690000,파커스,KOSDAQ,투자주의환기종목(소속부없음),1889,1,23,1.23,1899,1899,1854,1751,3251782,22695403723,12014507,KSQ,ME005
2470,102950,KR7102950003,아하,KONEX,일반기업부,1727,2,-23,-1.31,1652,1989,1652,298,521916,22661526481,13121903,KNX,ME005
2471,043590,KR7043590009,웰킵스하이텍,KOSDAQ,중견기업부,1670,1,1,0.06,1688,1692,1662,3447,5774199,22659196270,13568381,KSQ,ME005
2472,219750,KR7219750007,한국비티비,KOSDAQ,중견기업부,1729,1,36,2.13,1743,1743,1675,4435,7607659,22624616833,13085377,KSQ,ME005
2473,036480,KR7036480002,대성미생물,KOSDAQ,중견기업부,5950,1,10,0.17,6060,6060,5920,1481,8827800,22610000000,3800000,KSQ,ME005
2474,033200,KR7033200007,모아텍,KOSDAQ,투자주의환기종목(소속부없음),2455,1,15,0.61,2525,2525,2395,3987,9705315,22597118695,9204529,KSQ,ME005
2475,432980,KR7432980001,엠에프씨,KOSDAQ,기술성장기업부,2630,1,50,1.94,2655,2755,2575,12195,32870215,22596281460,8591742,KSQ,ME005
2476,018680,KR7018680009,서울제약,KOSDAQ,벤처기업부,1937,2,-2,-0.1,1938,1939,1920,1422,2737324,22584100903,11659319,KSQ,ME005
2477,331660,KR7331660001,한국미라클피플사,KONEX,일반기업부,4105,1,55,1.36,4105,4105,4105,111,455655,22577500000,5500000,KNX,ME005
2478,417180,KR7417180007,핑거스토리,KOSDAQ,중견기업부,3950,1,55,1.41,3805,3955,3805,2667,10452215,22573811550,5714889,KSQ,ME005
2479,298060,KR7298060005,풍전약품,KOSDAQ,관리종목(소속부없음),2340,2,-50,-2.09,2420,2420,2325,5218,12293895,22551625980,9637447,KSQ,ME005
2480,243870,KR7243870003,아이티센코어,KONEX,일반기업부,7780,3,0,0.0,0,0,0,0,0,22504669180,2892631,KNX,ME005
2481,001420,KR7001420009,태원물산,KOSPI,,2955,1,5,0.17,2950,2995,2895,10337,30546265,22458000000,7600000,STK,ME005
2482,004870,KR7004870002,티웨이홀딩스,KOSPI,,989,2,-5,-0.5,994,1020,981,26962,26861186,22383738322,22632698,STK,ME005
2483,355390,KR7355390006,크라우드웍스,KOSDAQ,기술성장기업부,1410,2,-9,-0.63,1419,1474,1381,99313,141559912,22382825040,15874344,KSQ,ME005
2484,032860,KR7032860009,더라미,KOSDAQ,중견기업부,2765,1,75,2.79,2695,2855,2695,5914,16493315,22338910580,8079172,KSQ,ME005
2485,013810,KR7013810007,스페코,KOSDAQ,중견기업부,1524,2,-18,-1.17,1575,1575,1524,13547,20809846,22334936280,14655470,KSQ,ME005
2486,237750,KR7237750005,피앤씨테크,KOSDAQ,벤처기업부,3425,1,40,1.18,3390,3445,3355,1043,3552630,22250855000,6496600,KSQ,ME005
2487,017250,KR7017250002,인터엠,KOSDAQ,중견기업부,1057,1,3,0.28,1060,1060,1041,1651,1740470,22245058619,21045467,KSQ,ME005
2488,317120,KR7317120004,라닉스,KOSDAQ,기술성장기업부,1457,1,32,2.25,1425,1479,1412,31557,45385688,22233820000,15260000,KSQ,ME005
2489,377330,KR7377330006,이지트로닉스,KOSDAQ,기술성장기업부,2730,3,0,0.0,2730,2750,2700,1408,3849015,22222074420,8139954,KSQ,ME005
2490,33626L,KR733626K021,두산퓨얼셀2우B,KOSPI,,7435,2,-65,-0.87,7425,7490,7310,792,5859670,22203140500,2986300,STK,ME005
2491,007720,KR7007720006,소노스퀘어,KOSDAQ,중견기업부,1099,3,0,0.0,1067,1133,1052,58464,62538037,22155938910,20160090,KSQ,ME005
2492,303530,KR7303530000,이노뎁,KOSDAQ,벤처기업부,3010,3,0,0.0,3030,3135,2935,5234,15665670,22091289990,7339299,KSQ,ME005
2493,065370,KR7065370009,위세아이텍,KOSDAQ,벤처기업부,2985,1,40,1.36,2980,2995,2930,3978,11780240,22041102690,7383954,KSQ,ME005
2494,030720,KR7030720007,동원수산,KOSPI,,4730,2,-20,-0.42,4755,4955,4610,8712,40923295,22012497650,4653805,STK,ME005
2495,039310,KR7039310008,세중,KOSDAQ,중견기업부,1214,1,3,0.25,1199,1245,1199,5048,6152966,21999703738,18121667,KSQ,ME005
2496,192390,KR7192390003,윈하이텍,KOSDAQ,벤처기업부,1830,2,-13,-0.71,1819,1837,1819,2776,5080879,21900060180,11967246,KSQ,ME005
2497,070300,KR7070300009,퀀텀레일,KOSDAQ,벤처기업부,615,2,-4,-0.65,621,740,607,5417862,3600087107,21847708335,35524729,KSQ,ME005
2498,115570,KR7115570004,스타플렉스,KOSDAQ,중견기업부,2735,2,-80,-2.84,2795,2800,2655,15547,42264765,21837629380,7984508,KSQ,ME005
2499,200230,KR7200230001,텔콘RF제약,KOSDAQ,중견기업부,2300,1,10,0.44,2250,2310,2240,5463,12516651,21809218700,9482269,KSQ,ME005
2500,018700,KR7018700005,졸스,KOSDAQ,투자주의환기종목(소속부없음),1300,3,0,0.0,1301,1301,1250,19116,24502110,21738938000,16722260,KSQ,ME005
2501,361670,KR7361670003,삼영에스앤씨,KOSDAQ,기술성장기업부,3835,1,95,2.54,3720,3895,3700,9872,37670772,21735468430,5667658,KSQ,ME005
2502,032080,KR7032080004,아즈텍WB,KOSDAQ,중견기업부,1010,3,0,0.0,0,0,0,0,0,21705939290,21491029,KSQ,ME005
2503,352940,KR7352940001,인바이오,KOSDAQ,벤처기업부,1993,2,-12,-0.6,2005,2005,1968,1846,3659035,21659385890,10867730,KSQ,ME005
2504,331520,KR7331520007,밸로프,KOSDAQ,중견기업부,2200,1,10,0.46,2185,2220,2185,4444,9805345,21562609200,9801186,KSQ,ME005
2505,053060,KR7053060000,세동,KOSDAQ,중견기업부,1220,2,-3,-0.25,1223,1229,1210,10527,12856133,21542051180,17657419,KSQ,ME005
2506,238200,KR7238200000,비피도,KOSDAQ,벤처기업부,2630,2,-20,-0.75,2655,2655,2605,1303,3446720,21513400000,8180000,KSQ,ME005
2507,340440,KR7340440007,세림B&G,KOSDAQ,관리종목(소속부없음),756,3,0,0.0,0,0,0,0,0,21454043184,28378364,KSQ,ME005
2508,059180,KR7059180000,엔더블유시,KONEX,일반기업부,4035,1,10,0.25,4035,4035,4035,250,1008750,21442353150,5314090,KNX,ME005
2509,032280,KR7032280000,삼일,KOSDAQ,중견기업부,1318,3,0,0.0,1308,1319,1305,6081,7987733,21369511620,16213590,KSQ,ME005
2510,005360,KR7005360003,모나미,KOSPI,,1129,3,0,0.0,0,0,0,0,0,21335059603,18897307,STK,ME005
2511,045520,KR7045520004,크린앤사이언스,KOSDAQ,관리종목(소속부없음),3280,1,20,0.61,3295,3350,3265,2256,7430475,21320000000,6500000,KSQ,ME005
2512,012170,KR7012170007,아센디오,KOSPI,,2915,1,10,0.34,2905,3080,2905,6629,19734805,21269941715,7296721,STK,ME005
2513,277410,KR7277410007,인산가,KOSDAQ,벤처기업부,5530,2,-50,-0.9,5650,5650,5530,728,4054810,21241559500,3841150,KSQ,ME005
2514,224060,KR7224060004,더코디,KOSDAQ,투자주의환기종목(소속부없음),4115,2,-205,-4.75,4455,4455,4105,172887,727343605,21236371030,5160722,KSQ,ME005
2515,054220,KR7054220009,비츠로시스,KOSDAQ,벤처기업부,1683,1,3,0.18,1718,1718,1668,9602,16253140,21190006728,12590616,KSQ,ME005
2516,424760,KR7424760007,벨로크,KOSDAQ,벤처기업부,2095,2,-25,-1.18,2115,2135,2075,12789,26973010,21156080960,10098368,KSQ,ME005
2517,247660,KR7247660004,나노씨엠에스,KOSDAQ,관리종목(소속부없음),4035,1,35,0.88,3970,4050,3970,2430,9742505,21106762200,5230920,KSQ,ME005
2518,008775,KR7008771008,호텔신라우,KOSPI,,28000,1,50,0.18,27800,28200,27800,101,2824150,21052612000,751879,STK,ME005
2519,067730,KR7067730002,로지시스,KOSDAQ,중견기업부,2175,3,0,0.0,2210,2210,2160,4704,10242625,21040780350,9673922,KSQ,ME005
2520,241840,KR7241840008,에이스토리,KOSDAQ,중견기업부,2205,1,5,0.23,2240,2240,2135,6738,14814853,21035686770,9539994,KSQ,ME005
2521,206950,KR7206950008,볼빅,KONEX,일반기업부,1493,1,193,14.85,1480,1494,1200,33,40467,21017356645,14077265,KNX,ME005
2522,023790,KR7023790009,동일스틸럭스,KOSDAQ,중견기업부,1608,2,-41,-2.49,1598,1653,1589,288985,467877129,21016251264,13069808,KSQ,ME005
2523,372800,KR7372800003,아이티아이즈,KOSDAQ,벤처기업부,2970,1,45,1.54,2935,3000,2900,2525,7422000,20900451330,7037189,KSQ,ME005
2524,076340,KR7076340009,지에이이노더스,KONEX,일반기업부,4285,3,0,0.0,0,0,0,0,0,20874206100,4871460,KNX,ME005
2525,098660,KR7098660004,에스티오,KOSDAQ,중견기업부,1662,1,69,4.33,1601,1689,1601,17466,28453947,20776622112,12500976,KSQ,ME005
2526,095910,KR7095910006,에스에너지,KOSDAQ,관리종목(소속부없음),570,1,21,3.83,549,630,549,343151,200720087,20768881380,36436634,KSQ,ME005
2527,130740,KR7130740004,티피씨글로벌,KOSDAQ,중견기업부,1841,1,13,0.71,1845,1845,1810,3543,6480778,20760366039,11276679,KSQ,ME005
2528,403810,KR7403810005,아이엘로보틱스,KONEX,일반기업부,2075,2,-65,-3.04,1953,2150,1953,554,1127560,20619992950,9937346,KNX,ME005
2529,096870,KR7096870001,엘디티,KOSDAQ,벤처기업부,2470,1,90,3.78,2500,2500,2370,47828,117484260,20619557530,8347999,KSQ,ME005
2530,440320,KR7440320000,오픈놀,KOSDAQ,기술성장기업부,2060,2,-10,-0.48,2130,2130,2055,13823,28738630,20558800000,9980000,KSQ,ME005
2531,044480,KR7044480002,빌리언스,KOSDAQ,중견기업부,3075,1,170,5.85,2905,3195,2905,14103,42670231,20449312725,6650183,KSQ,ME005
2532,289220,KR7289220006,자이언트스텝,KOSDAQ,기술성장기업부,915,1,14,1.55,954,954,907,9940,9173786,20415682215,22312221,KSQ,ME005
2533,021040,KR7021040001,대호특수강,KOSDAQ,중견기업부,940,3,0,0.0,950,950,930,6735,6330177,20402487560,21704774,KSQ,ME005
2534,353190,KR7353190002,휴럼,KOSDAQ,중견기업부,2590,3,0,0.0,2615,2615,2565,316,823179,20398021560,7875684,KSQ,ME005
2535,270210,KR7270210008,에스알바이오텍,KONEX,일반기업부,11900,2,-80,-0.67,11010,11900,11010,40,441290,20366231200,1711448,KNX,ME005
2536,079950,KR7079950002,인베니아,KOSDAQ,관리종목(소속부없음),1470,2,-27,-1.8,1496,1496,1425,27210,39421382,20284677000,13799100,KSQ,ME005
2537,038530,KR7038530002,케이바이오랩스,KOSDAQ,중견기업부,3895,2,-65,-1.64,4355,4355,3865,3067,12063140,20168403480,5178024,KSQ,ME005
2538,024940,KR7024940009,PN풍년,KOSDAQ,벤처기업부,2015,2,-25,-1.23,2020,2035,2005,6489,13097214,20150000000,10000000,KSQ,ME005
2539,301300,KR7301300000,바이브컴퍼니,KOSDAQ,기술성장기업부,1531,2,-4,-0.26,1580,1580,1525,30311,46939091,20139864072,13154712,KSQ,ME005
2540,438700,KR7438700007,버넥트,KOSDAQ,기술성장기업부,1802,2,-6,-0.33,1807,1838,1778,7159,12957761,20083091780,11144890,KSQ,ME005
2541,001685,KR7001681006,대상우,KOSPI,,14650,2,-90,-0.61,14700,14780,14640,209,3066130,20073766950,1370223,STK,ME005
2542,085810,KR7085810000,알티캐스트,KOSDAQ,중견기업부,1419,1,66,4.88,1405,1433,1382,9830,13869220,20060336307,14136953,KSQ,ME005
2543,00499K,KR700499K014,롯데지주우,KOSPI,,24900,1,250,1.01,24900,24900,24650,717,17745500,20059514700,805603,STK,ME005
2544,131100,KR7131100000,티엔엔터테인먼트,KOSDAQ,중견기업부,3095,1,195,6.72,2900,3250,2900,93375,287112880,19960719680,6449344,KSQ,ME005
2545,362990,KR7362990004,드림인사이트,KOSDAQ,벤처기업부,1188,2,-10,-0.83,1198,1204,1182,1932,2298208,19959081912,16800574,KSQ,ME005
2546,019660,KR7019660000,글로본,KOSDAQ,중견기업부,1429,2,-2,-0.14,1431,1460,1407,8458,12112353,19926451857,13944333,KSQ,ME005
2547,113810,KR7113810006,디젠스,KOSDAQ,중견기업부,3050,1,80,2.69,2945,3155,2945,19271,59056400,19903110500,6525610,KSQ,ME005
2548,276730,KR7276730009,한울앤제주,KOSDAQ,투자주의환기종목(소속부없음),843,1,17,2.06,844,871,826,22838,19262889,19901527140,23607980,KSQ,ME005
2549,000040,KR7000040006,KR모터스,KOSPI,,1011,2,-9,-0.88,1020,1020,1002,21534,21738960,19891461396,19675036,STK,ME005
2550,015020,KR7015020001,이스타코,KOSPI,,928,3,0,0.0,0,0,0,0,0,19883142400,21425800,STK,ME005
2551,063760,KR7063760003,이엘피,KOSDAQ,벤처기업부,2130,2,-15,-0.7,2195,2195,2120,24641,53038000,19862526900,9325130,KSQ,ME005
2552,088290,KR7088290002,이원컴포텍,KOSDAQ,관리종목(소속부없음),2490,2,-35,-1.39,2520,2520,2430,872,2146605,19860419280,7976072,KSQ,ME005
2553,048830,KR7048830004,엔피케이,KOSDAQ,중견기업부,1060,2,-2,-0.19,1089,1089,1048,53462,56933421,19847358380,18723923,KSQ,ME005
2554,043360,KR7043360007,디지아이,KOSDAQ,벤처기업부,2205,2,-30,-1.34,2280,2280,2195,5518,12200670,19845000000,9000000,KSQ,ME005
2555,115610,KR7115610008,이미지스,KOSDAQ,벤처기업부,1675,1,75,4.69,1608,1698,1608,37344,62278222,19796438075,11818769,KSQ,ME005
2556,405000,KR7405000001,플라즈맵,KOSDAQ,벤처기업부,3665,1,75,2.09,3750,3750,3520,2439,8857905,19693994780,5373532,KSQ,ME005
2557,080470,KR7080470008,성창오토텍,KOSDAQ,벤처기업부,2695,2,-15,-0.55,2710,2710,2680,455,1225765,19673500000,7300000,KSQ,ME005
2558,344860,KR7344860002,이노진,KOSDAQ,기술성장기업부,1307,2,-70,-5.08,1448,1448,1260,84531,109731374,19644210000,15030000,KSQ,ME005
2559,227610,KR7227610003,아우딘퓨쳐스,KOSDAQ,벤처기업부,1011,1,17,1.71,994,1012,972,14686,14588939,19587691281,19374571,KSQ,ME005
2560,274400,KR7274400001,이노시뮬레이션,KOSDAQ,기술성장기업부,2150,1,35,1.65,2090,2155,2090,1571,3340035,19535959950,9086493,KSQ,ME005
2561,154040,KR7154040000,다산솔루에타,KOSDAQ,중견기업부,9030,1,230,2.61,8890,9240,8800,3653,32683590,19518895830,2161561,KSQ,ME005
2562,275630,KR7275630002,에스에스알,KOSDAQ,벤처기업부,3715,2,-85,-2.24,3800,3800,3690,2995,11120895,19517896720,5253808,KSQ,ME005
2563,083470,KR7083470005,이엠앤아이,KOSDAQ,벤처기업부,914,1,3,0.33,911,930,907,42926,39379100,19505060706,21340329,KSQ,ME005
2564,073190,KR7073190001,듀오백,KOSDAQ,관리종목(소속부없음),1622,3,0,0.0,0,0,0,0,0,19412160880,11968040,KSQ,ME005
2565,317860,KR7317860005,노드메이슨,KONEX,일반기업부,4300,3,0,0.0,0,0,0,0,0,19406824500,4513215,KNX,ME005
2566,069330,KR7069330009,유아이디,KOSDAQ,벤처기업부,1139,2,-1,-0.09,1140,1149,1130,7088,8073955,19308981786,16952574,KSQ,ME005
2567,342870,KR7342870003,오아,KOSDAQ,중견기업부,3525,3,0,0.0,3525,3560,3495,2634,9264390,19211944425,5450197,KSQ,ME005
2568,214610,KR7214610008,롤링스톤,KOSDAQ,관리종목(소속부없음),2290,3,0,0.0,0,0,0,0,0,19197807380,8383322,KSQ,ME005
2569,322970,KR7322970005,무진메디,KONEX,일반기업부,1899,1,20,1.06,1899,1899,1899,8,15192,19152723411,10085689,KNX,ME005
2570,084440,KR7084440007,유비온,KOSDAQ,기술성장기업부,4995,3,0,0.0,5060,5120,4995,1043,5250696,19113287580,3826484,KSQ,ME005
2571,353590,KR7353590003,오토앤,KOSDAQ,중견기업부,1484,2,-5,-0.34,1510,1514,1484,12076,18034901,19107345880,12875570,KSQ,ME005
2572,050760,KR7050760008,에스폴리텍,KOSDAQ,중견기업부,1166,2,-5,-0.43,1156,1189,1156,14935,17537952,19046234548,16334678,KSQ,ME005
2573,154030,KR7154030001,아시아종묘,KOSDAQ,벤처기업부,1574,1,12,0.77,1562,1585,1559,3956,6203882,18985378658,12061867,KSQ,ME005
2574,108675,KR7108671009,LX하우시스우,KOSPI,,18380,1,80,0.44,18160,18390,18150,56,1019830,18974225400,1032330,STK,ME005
2575,065060,KR7065060006,지엔코,KOSDAQ,중견기업부,3150,2,-40,-1.25,3190,3190,3095,4501,14117515,18869715900,5990386,KSQ,ME005
2576,051780,KR7051780005,큐로홀딩스,KOSDAQ,중견기업부,2470,1,130,5.56,2385,2500,2350,23542,57718595,18772059280,7600024,KSQ,ME005
2577,031860,KR7031860000,디에이치엑스컴퍼니,KOSDAQ,관리종목(소속부없음),6930,3,0,0.0,0,0,0,0,0,18714756060,2700542,KSQ,ME005
2578,222670,KR7222670002,플럼라인생명과학,KONEX,일반기업부,4635,3,0,0.0,0,0,0,0,0,18692639820,4032932,KNX,ME005
2579,252500,KR7252500004,세화피앤씨,KOSDAQ,중견기업부,2250,2,-25,-1.1,2275,2330,2250,2262,5141680,18668875500,8297278,KSQ,ME005
2580,347770,KR7347770000,핌스,KOSDAQ,중견기업부,822,2,-19,-2.26,834,844,808,92960,76919706,18626275044,22659702,KSQ,ME005
2581,110020,KR7110020005,전진바이오팜,KOSDAQ,기술성장기업부,2055,2,-40,-1.91,2095,2095,2050,1850,3835785,18615755910,9058762,KSQ,ME005
2582,018620,KR7018620005,우진비앤지,KOSDAQ,벤처기업부,2685,2,-5,-0.19,2670,2715,2655,3300,8813440,18615056670,6932982,KSQ,ME005
2583,065150,KR7065150005,대산F&B,KOSDAQ,중견기업부,1167,2,-33,-2.75,1194,1194,1164,10127,11893022,18599926080,15938240,KSQ,ME005
2584,279600,KR7279600001,미디어젠,KOSDAQ,벤처기업부,3960,1,15,0.38,3945,3960,3830,1810,6992335,18551732760,4684781,KSQ,ME005
2585,195990,KR7195990007,루트K,KOSDAQ,관리종목(소속부없음),1129,2,-6,-0.53,1140,1145,1125,7644,8636430,18389009746,16287874,KSQ,ME005
2586,306040,KR7306040007,에스제이그룹,KOSDAQ,관리종목(소속부없음),1965,1,453,29.96,1936,1965,1810,255501,495978916,18249041460,9287044,KSQ,ME005
2587,093240,KR7093240000,형지엘리트,KOSPI,,296,3,0,0.0,0,0,0,0,0,18171516664,61390259,STK,ME005
2588,403490,KR7403490006,우듬지팜,KOSDAQ,벤처기업부,1977,1,12,0.61,2040,2040,1975,4927,9747060,18161694684,9186492,KSQ,ME005
2589,365900,KR7365900000,브이씨,KOSDAQ,벤처기업부,2480,2,-40,-1.59,2500,2510,2420,7987,19507873,18129544000,7310300,KSQ,ME005
2590,434190,KR7434190005,탈로스,KONEX,일반기업부,2460,2,-240,-8.89,2500,2700,2460,71,179000,18128807640,7369434,KNX,ME005
2591,078860,KR7078860004,아이오케이이엔엠,KOSDAQ,투자주의환기종목(소속부없음),2930,2,-10,-0.34,2960,2970,2870,4831,14130730,18099160840,6177188,KSQ,ME005
2592,455180,KR7455180000,케이지에이,KOSDAQ,벤처기업부,1226,2,-26,-2.08,1235,1264,1226,38717,48342475,18033154310,14708935,KSQ,ME005
2593,002070,KR7002070001,비비안,KOSPI,,3745,2,-70,-1.83,3815,3815,3665,6869,25581095,17982741000,4801800,STK,ME005
2594,056730,KR7056730005,CNT85,KOSDAQ,중견기업부,1211,1,21,1.76,1199,1248,1180,26126,31207674,17949729007,14822237,KSQ,ME005
2595,137940,KR7137940003,넥스트아이,KOSDAQ,중견기업부,1829,1,50,2.81,1774,2040,1772,32748,62620849,17946270543,9812067,KSQ,ME005
2596,009620,KR7009620006,삼보산업,KOSDAQ,투자주의환기종목(소속부없음),5110,2,-620,-10.82,5650,5650,5030,22276,118766940,17857451990,3494609,KSQ,ME005
2597,014100,KR7014100002,메디앙스,KOSDAQ,중견기업부,1505,2,-33,-2.15,1550,1550,1498,7973,12001169,17759000000,11800000,KSQ,ME005
2598,419540,KR7419540000,비스토스,KOSDAQ,벤처기업부,2970,3,0,0.0,2970,2985,2810,1490,4357291,17696011410,5958253,KSQ,ME005
2599,008600,KR7008600009,윌비스,KOSPI,,2620,3,0,0.0,0,0,0,0,0,17615839860,6723603,STK,ME005
2600,037400,KR7037400009,우리엔터프라이즈,KOSDAQ,관리종목(소속부없음),3350,3,0,0.0,3330,3365,3330,2809,9379000,17569641150,5244669,KSQ,ME005
2601,009440,KR7009440009,KC그린홀딩스,KOSPI,,756,3,0,0.0,0,0,0,0,0,17568790596,23239141,STK,ME005
2602,196700,KR7196700009,웹스,KOSDAQ,벤처기업부,1221,2,-19,-1.53,1240,1258,1216,9148,11274751,17538619824,14364144,KSQ,ME005
2603,0070X0,KR70070X0000,에스테크엠,KONEX,일반기업부,11500,3,0,0.0,11170,11500,11170,102,1139990,17365000000,1510000,KNX,ME005
2604,900120,KYG2114A1094,씨엑스아이,KOSDAQ,관리종목(소속부없음),1040,3,0,0.0,0,0,0,0,0,17336446400,16669660,KSQ,ME005
2605,0197V0,KR70197V0000,엔에이치스팩34호,KOSDAQ,SPAC(소속부없음),1909,1,2,0.1,1905,1910,1905,58402,111428107,17276450000,9050000,KSQ,ME005
2606,373110,KR7373110006,엑셀세라퓨틱스,KOSDAQ,기술성장기업부,997,1,16,1.63,981,999,974,30400,29951919,17242510818,17294394,KSQ,ME005
2607,052960,KR7052960002,태양3C,KONEX,일반기업부,3515,3,0,0.0,0,0,0,0,0,17178079170,4887078,KNX,ME005
2608,210120,KR7210120002,캔버스엔,KOSDAQ,중견기업부,1771,2,-29,-1.61,1785,1801,1725,14792,25998697,17169829061,9694991,KSQ,ME005
2609,179720,KR7179720008,머니무브,KONEX,일반기업부,6200,2,-400,-6.06,6200,6600,6200,12,75600,17050111600,2750018,KNX,ME005
2610,254160,KR7254160005,제이엠멀티,KONEX,일반기업부,3300,3,0,0.0,3300,3300,3300,2,6600,17028000000,5160000,KNX,ME005
2611,309930,KR7309930006,조이웍스앤코,KOSDAQ,중견기업부,879,1,41,4.89,855,896,828,95177,82978149,16925926431,19255889,KSQ,ME005
2612,482680,KR7482680006,미래에셋비전스팩7호,KOSDAQ,SPAC(소속부없음),2055,3,0,0.0,0,0,0,0,0,16881825000,8215000,KSQ,ME005
2613,477380,KR7477380000,미래에셋비전스팩4호,KOSDAQ,SPAC(소속부없음),2080,1,5,0.24,2080,2080,2075,7055,14649395,16848000000,8100000,KSQ,ME005
2614,241820,KR7241820000,피씨엘,KOSDAQ,관리종목(소속부없음),6040,3,0,0.0,0,0,0,0,0,16803871920,2782098,KSQ,ME005
2615,0200G0,KR70200G0004,한국제17호스팩,KOSDAQ,SPAC(소속부없음),1917,1,13,0.68,1903,1918,1900,196364,375136825,16677900000,8700000,KSQ,ME005
2616,026910,KR7026910000,광진실업,KOSDAQ,중견기업부,2070,1,150,7.81,2030,2430,1950,465073,983501655,16411634820,7928326,KSQ,ME005
2617,034940,KR7034940007,조아제약,KOSDAQ,중견기업부,2645,2,-60,-2.22,2675,2725,2605,21874,58193325,16388327425,6195965,KSQ,ME005
2618,050090,KR7050090000,비케이홀딩스,KOSDAQ,관리종목(소속부없음),696,3,0,0.0,0,0,0,0,0,16380175560,23534735,KSQ,ME005
2619,465770,KR7465770006,STX그린로지스,KOSPI,,2250,3,0,0.0,2250,2325,2210,84571,190817680,16241355000,7218380,STK,ME005
2620,054410,KR7054410006,케이피티유,KOSDAQ,중견기업부,2820,3,0,0.0,2870,2890,2770,18509,52690755,16148572080,5726444,KSQ,ME005
2621,005725,KR7005721006,넥센우,KOSPI,,4475,1,15,0.34,4300,4475,4300,48,214450,16112685000,3600600,STK,ME005
2622,009730,KR7009730003,이렘,KOSDAQ,투자주의환기종목(소속부없음),2010,2,-35,-1.71,1963,2055,1963,21611,43442397,16030761030,7975503,KSQ,ME005
2623,379390,KR7379390008,이성씨엔아이,KONEX,일반기업부,5600,3,0,0.0,0,0,0,0,0,15912176000,2841460,KNX,ME005
2624,475460,KR7475460002,미트박스,KOSDAQ,벤처기업부,2815,1,85,3.11,2780,2875,2700,27903,78581567,15894967875,5646525,KSQ,ME005
2625,18064K,KR718064K016,한진칼우,KOSPI,,29800,2,-450,-1.49,30400,30400,29750,272,8141100,15802850600,530297,STK,ME005
2626,011090,KR7011090008,에넥스,KOSPI,,1320,2,-19,-1.42,1330,1348,1255,159577,207317985,15651311280,11857054,STK,ME005
2627,0072Z0,KR70072Z0006,KB제33호스팩,KOSDAQ,SPAC(소속부없음),1971,2,-4,-0.2,1977,1977,1970,115,227207,15541335000,7885000,KSQ,ME005
2628,477340,KR7477340004,에이치엠씨제7호스팩,KOSDAQ,SPAC(소속부없음),2065,3,0,0.0,2065,2070,2065,3744,7731375,15508150000,7510000,KSQ,ME005
2629,285800,KR7285800009,진영,KOSDAQ,벤처기업부,4290,2,-175,-3.92,4465,4465,4285,14973,64851351,15417324780,3593782,KSQ,ME005
2630,005257,KR7005252002,녹십자홀딩스2우,KOSPI,,18210,2,-140,-0.76,18330,18330,18200,15,273270,15405477900,845990,STK,ME005
2631,006200,KR7006200000,한국전자홀딩스,KOSPI,,1641,2,-60,-3.53,1702,1711,1615,74562,123739598,15360788907,9360627,STK,ME005
2632,351020,KR7351020003,미쥬,KONEX,일반기업부,7370,3,0,0.0,0,0,0,0,0,15292750000,2075000,KNX,ME005
2633,0130H0,KR70130H0008,엔에이치스팩33호,KOSDAQ,SPAC(소속부없음),1985,2,-13,-0.65,1995,1998,1985,841,1676185,15284500000,7700000,KSQ,ME005
2634,0101C0,KR70101C0008,하나36호스팩,KOSDAQ,SPAC(소속부없음),1972,2,-5,-0.25,1971,1988,1971,162,319895,15263280000,7740000,KSQ,ME005
2635,030350,KR7030350003,드래곤플라이,KOSDAQ,관리종목(소속부없음),973,3,0,0.0,0,0,0,0,0,15171092867,15592079,KSQ,ME005
2636,476710,KR7476710009,타조이엔터테인먼트,KONEX,일반기업부,15120,3,0,0.0,0,0,0,0,0,15120000000,1000000,KNX,ME005
2637,002025,KR7002021004,코오롱우,KOSPI,,12910,1,10,0.08,12900,13040,12700,1640,21241730,14981241670,1160437,STK,ME005
2638,0044K0,KR70044K0008,삼성스팩10호,KOSDAQ,SPAC(소속부없음),1990,2,-3,-0.15,1992,1992,1978,2150,4276300,14964800000,7520000,KSQ,ME005
2639,169670,KR7169670007,코스텍시스템,KONEX,일반기업부,5200,2,-290,-5.28,5600,5600,5200,164,874020,14915685200,2868401,KNX,ME005
2640,473050,KR7473050003,유안타제15호스팩,KOSDAQ,관리종목(소속부없음),2100,2,-10,-0.47,2105,2105,2100,110048,231116350,14721000000,7010000,KSQ,ME005
2641,065650,KR7065650004,하이퍼코퍼레이션,KOSDAQ,중견기업부,1340,2,-10,-0.74,1398,1483,1340,52285,71186885,14667622580,10945987,KSQ,ME005
2642,0115H0,KR70115H0007,삼성스팩13호,KOSDAQ,SPAC(소속부없음),1984,1,2,0.1,1995,1995,1984,1781,3537341,14582400000,7350000,KSQ,ME005
2643,101000,KR7101000008,KS인더스트리,KOSDAQ,관리종목(소속부없음),1469,2,-31,-2.07,1500,1572,1403,46647,68053984,14558505403,9910487,KSQ,ME005
2644,004105,KR7004101002,태양금속우,KOSPI,,4400,2,-50,-1.12,4490,4505,4350,49298,218298065,14520000000,3300000,STK,ME005
2645,489480,KR7489480004,키움제11호스팩,KOSDAQ,SPAC(소속부없음),2200,3,0,0.0,0,0,0,0,0,14520000000,6600000,KSQ,ME005
2646,376930,KR7376930004,노을,KOSDAQ,관리종목(소속부없음),1407,2,-92,-6.14,1487,1499,1396,95382,135891845,14433377448,10258264,KSQ,ME005
2647,225590,KR7225590009,패션플랫폼,KOSDAQ,관리종목(소속부없음),2810,2,-35,-1.23,2845,2875,2785,27440,76997575,14391066560,5121376,KSQ,ME005
2648,478440,KR7478440001,미래에셋비전스팩6호,KOSDAQ,SPAC(소속부없음),2065,3,0,0.0,2065,2065,2065,1822,3762430,14310450000,6930000,KSQ,ME005
2649,479880,KR7479880007,한국제15호스팩,KOSDAQ,SPAC(소속부없음),2075,2,-5,-0.24,2070,2080,2065,10026,20704130,14255250000,6870000,KSQ,ME005
2650,208850,KR7208850008,이비테크,KONEX,일반기업부,4995,3,0,0.0,0,0,0,0,0,14087148750,2820250,KNX,ME005
2651,0165X0,KR70165X0006,메리츠제2호스팩,KOSDAQ,SPAC(소속부없음),1937,2,-5,-0.26,1929,1942,1929,7991,15496915,14023880000,7240000,KSQ,ME005
2652,335870,KR7335870002,윙스풋,KOSDAQ,중견기업부,4170,1,55,1.34,4145,4280,4135,3233,13462456,13969891980,3350094,KSQ,ME005
2653,000087,KR7000082008,하이트진로2우B,KOSPI,,12300,2,-50,-0.4,12280,12350,12220,124,1524430,13900697400,1130138,STK,ME005
2654,086220,KR7086220001,광동헬스바이오,KONEX,일반기업부,1090,1,80,7.92,1000,1090,1000,11,11090,13829772850,12687865,KNX,ME005
2655,0099W0,KR70099W0008,미래에셋비전스팩11호,KOSDAQ,SPAC(소속부없음),1974,1,3,0.15,1975,1982,1974,120,236955,13818000000,7000000,KSQ,ME005
2656,498390,KR7498390004,한화플러스제5호스팩,KOSDAQ,SPAC(소속부없음),2785,1,55,2.01,2735,2880,2730,169725,477189174,13813600000,4960000,KSQ,ME005
2657,469480,KR7469480008,IBKS제24호스팩,KOSDAQ,SPAC(소속부없음),3255,1,110,3.5,3170,3300,3125,81521,264580180,13768650000,4230000,KSQ,ME005
2658,001795,KR7001791003,대한제당우,KOSPI,,2115,3,0,0.0,2145,2180,2100,2861,6107500,13711037400,6482760,STK,ME005
2659,0209J0,KR70209J0002,KB제34호스팩,KOSDAQ,SPAC(소속부없음),1901,1,4,0.21,1897,1902,1896,126860,241002783,13706210000,7210000,KSQ,ME005
2660,304840,KR7304840002,피플바이오,KOSDAQ,벤처기업부,561,3,0,0.0,0,0,0,0,0,13643890260,24320660,KSQ,ME005
2661,352770,KR7352770002,셀레스트라,KOSDAQ,관리종목(소속부없음),5250,3,0,0.0,0,0,0,0,0,13610136750,2592407,KSQ,ME005
2662,177350,KR7177350006,베셀,KOSDAQ,투자주의환기종목(소속부없음),1366,1,15,1.11,1359,1440,1358,33270,46460764,13545052466,9915851,KSQ,ME005
2663,244460,KR7244460002,올리패스,KOSDAQ,관리종목(소속부없음),1651,3,0,0.0,0,0,0,0,0,13415218661,8125511,KSQ,ME005
2664,092600,KR7092600006,앤씨앤,KOSDAQ,관리종목(소속부없음),2670,1,35,1.33,2620,2790,2620,58056,156819805,13394597010,5016703,KSQ,ME005
2665,0099X0,KR70099X0007,IBKS제25호스팩,KOSDAQ,SPAC(소속부없음),2225,1,10,0.45,2250,2270,2215,76352,171276320,13305500000,5980000,KSQ,ME005
2666,0134X0,KR70134X0004,대신밸런스제20호스팩,KOSDAQ,SPAC(소속부없음),1969,2,-4,-0.2,1973,1980,1964,7401,14592398,13271060000,6740000,KSQ,ME005
2667,456190,KR7456190008,큐라켐,KONEX,일반기업부,7210,3,0,0.0,0,0,0,0,0,13225202060,1834286,KNX,ME005
2668,0164H0,KR70164H0007,한국제16호스팩,KOSDAQ,SPAC(소속부없음),1952,1,1,0.05,1945,1954,1942,5038,9831015,13176000000,6750000,KSQ,ME005
2669,00806K,KR700806K010,대덕1우,KOSPI,,10850,2,-130,-1.18,10980,11140,10760,1778,19512740,13154073450,1212357,STK,ME005
2670,481890,KR7481890002,엔에이치스팩31호,KOSDAQ,SPAC(소속부없음),2070,3,0,0.0,2075,2075,2065,2620,5410660,13134150000,6345000,KSQ,ME005
2671,0096B0,KR70096B0006,삼성스팩12호,KOSDAQ,SPAC(소속부없음),1980,2,-5,-0.25,1984,1987,1969,443,877932,13028400000,6580000,KSQ,ME005
2672,45226K,KR745226K018,한화갤러리아우,KOSPI,,4480,2,-20,-0.44,4500,4500,4480,382,1716070,13012025600,2904470,STK,ME005
2673,489730,KR7489730002,디비금융제13호스팩,KOSDAQ,SPAC(소속부없음),2045,1,5,0.25,2045,2045,2045,59,120655,12948940000,6332000,KSQ,ME005
2674,0097F0,KR70097F0001,미래에셋비전스팩10호,KOSDAQ,SPAC(소속부없음),1990,1,4,0.2,1986,1992,1986,34,67600,12935000000,6500000,KSQ,ME005
2675,354200,KR7354200008,엔젠바이오,KOSDAQ,관리종목(소속부없음),803,2,-38,-4.52,818,827,769,301358,241160409,12917526149,16086583,KSQ,ME005
2676,478390,KR7478390008,KB제29호스팩,KOSDAQ,SPAC(소속부없음),2075,1,5,0.24,2070,2075,2070,260,538350,12906500000,6220000,KSQ,ME005
2677,084695,KR7084691005,대상홀딩스우,KOSPI,,14070,1,20,0.14,14130,14130,14000,784,10983660,12852691740,913482,STK,ME005
2678,239340,KR7239340003,이스트에이드,KOSDAQ,관리종목(소속부없음),2365,2,-125,-5.02,2490,2500,2300,16965,40644395,12761364990,5395926,KSQ,ME005
2679,054180,KR7054180005,메디콕스,KOSDAQ,관리종목(소속부없음),2295,3,0,0.0,0,0,0,0,0,12686716395,5527981,KSQ,ME005
2680,0093G0,KR70093G0004,미래에셋비전스팩8호,KOSDAQ,SPAC(소속부없음),1980,1,15,0.76,1981,1981,1966,661,1306454,12672000000,6400000,KSQ,ME005
2681,492220,KR7492220009,KB제31호스팩,KOSDAQ,SPAC(소속부없음),2040,1,5,0.25,2035,2040,2025,139,282605,12668400000,6210000,KSQ,ME005
2682,0037T0,KR70037T0008,KB제32호스팩,KOSDAQ,SPAC(소속부없음),1993,3,0,0.0,1995,1995,1993,3497,6969797,12615690000,6330000,KSQ,ME005
2683,482520,KR7482520004,교보16호스팩,KOSDAQ,SPAC(소속부없음),2065,3,0,0.0,0,0,0,0,0,12596500000,6100000,KSQ,ME005
2684,035620,KR7035620004,바른손이앤에이,KOSDAQ,관리종목(소속부없음),676,2,-31,-4.38,732,732,650,142622,96084346,12580304568,18609918,KSQ,ME005
2685,028080,KR7028080000,휴맥스홀딩스,KOSDAQ,관리종목(소속부없음),5170,3,0,0.0,0,0,0,0,0,12547900200,2427060,KSQ,ME005
2686,0054V0,KR70054V0002,엔에이치스팩32호,KOSDAQ,SPAC(소속부없음),2000,3,0,0.0,2005,2005,1995,157,313975,12433000000,6216500,KSQ,ME005
2687,0131D0,KR70131D0001,키움히어로제2호스팩,KOSDAQ,SPAC(소속부없음),1963,1,4,0.2,1958,1966,1958,2697,5293660,12386530000,6310000,KSQ,ME005
2688,0091W0,KR70091W0006,신영스팩11호,KOSDAQ,SPAC(소속부없음),2035,3,0,0.0,2040,2040,2020,12318,24914890,12348380000,6068000,KSQ,ME005
2689,024890,KR7024890006,대원화성,KOSPI,,1493,2,-97,-6.1,1597,1748,1479,41516,65004052,12316996190,8249830,STK,ME005
2690,065570,KR7065570004,삼영이엔씨,KOSDAQ,관리종목(소속부없음),764,3,0,0.0,0,0,0,0,0,12295692232,16093838,KSQ,ME005
2691,477760,KR7477760003,DB금융스팩12호,KOSDAQ,SPAC(소속부없음),2070,3,0,0.0,2070,2070,2065,328,678930,12088800000,5840000,KSQ,ME005
2692,0041L0,KR70041L0000,하나35호스팩,KOSDAQ,SPAC(소속부없음),1997,3,0,0.0,1996,1999,1996,3798,7591628,12041910000,6030000,KSQ,ME005
2693,00781K,KR700781K015,코리아써키트2우B,KOSPI,,15320,1,220,1.46,15200,15450,15200,828,12706930,12006268680,783699,STK,ME005
2694,0088D0,KR70088D0004,메리츠제1호스팩,KOSDAQ,SPAC(소속부없음),2070,2,-5,-0.24,2060,2070,2060,2,4130,11995650000,5795000,KSQ,ME005
2695,0132G0,KR70132G0007,교보20호스팩,KOSDAQ,SPAC(소속부없음),1995,1,3,0.15,1994,1995,1992,61,121620,11910150000,5970000,KSQ,ME005
2696,145995,KR7145991006,삼양사우,KOSPI,,31900,2,-700,-2.15,32400,32400,31900,375,11990900,11805233000,370070,STK,ME005
2697,469900,KR7469900005,하나31호스팩,KOSDAQ,관리종목(소속부없음),2100,3,0,0.0,2100,2100,2100,19992,41983200,11770500000,5605000,KSQ,ME005
2698,418620,KR7418620001,E8,KOSDAQ,관리종목(소속부없음),453,2,-17,-3.62,473,496,450,576705,268491344,11689945860,25805620,KSQ,ME005
2699,482690,KR7482690005,대신밸런스제19호스팩,KOSDAQ,SPAC(소속부없음),2080,2,-5,-0.24,2080,2080,2070,124,257265,11679200000,5615000,KSQ,ME005
2700,176590,KR7176590008,코나솔,KONEX,일반기업부,2000,2,-75,-3.61,2110,2115,1903,1962,3946556,11672766000,5836383,KNX,ME005
2701,474660,KR7474660008,신한제12호스팩,KOSDAQ,SPAC(소속부없음),2090,3,0,0.0,2085,2090,2085,29622,61799400,11536800000,5520000,KSQ,ME005
2702,487360,KR7487360000,신한제14호스팩,KOSDAQ,SPAC(소속부없음),2035,1,10,0.49,2035,2035,2035,59,120065,11477400000,5640000,KSQ,ME005
2703,0071M0,KR70071M0002,삼성스팩11호,KOSDAQ,SPAC(소속부없음),1992,2,-2,-0.1,1994,1994,1992,7110,14167922,11473920000,5760000,KSQ,ME005
2704,474490,KR7474490000,유안타제16호스팩,KOSDAQ,SPAC(소속부없음),2080,2,-5,-0.24,2080,2085,2080,23,47864,11460800000,5510000,KSQ,ME005
2705,002820,KR7002820009,SUN&L,KOSPI,,942,2,-25,-2.59,968,1037,932,60544,59305850,11363538168,12063204,STK,ME005
2706,477470,KR7477470009,미래에셋비전스팩5호,KOSDAQ,SPAC(소속부없음),2065,2,-5,-0.24,2075,2075,2065,7015,14486070,11316200000,5480000,KSQ,ME005
2707,0105P0,KR70105P0009,유진스팩12호,KOSDAQ,SPAC(소속부없음),1998,1,10,0.5,1997,1998,1997,111,221772,11308680000,5660000,KSQ,ME005
2708,496070,KR7496070004,신한제16호스팩,KOSDAQ,SPAC(소속부없음),2005,3,0,0.0,2000,2005,2000,59,118290,11268100000,5620000,KSQ,ME005
2709,149010,KR7149010001,아이케이세미콘,KONEX,일반기업부,3550,1,55,1.57,3550,3550,3550,80,284000,11076000000,3120000,KNX,ME005
2710,0129K0,KR70129K0006,신한제18호스팩,KOSDAQ,SPAC(소속부없음),1966,2,-6,-0.3,1972,1982,1966,1340,2647501,11048920000,5620000,KSQ,ME005
2711,38380K,KR738380K012,LX홀딩스1우,KOSPI,,7530,2,-80,-1.05,7790,7790,7310,1482,11129700,11033596050,1465285,STK,ME005
2712,0096D0,KR70096D0004,미래에셋비전스팩9호,KOSDAQ,SPAC(소속부없음),1986,2,-1,-0.05,1969,1986,1969,4,7927,10923000000,5500000,KSQ,ME005
2713,486630,KR7486630007,KB제30호스팩,KOSDAQ,SPAC(소속부없음),2055,3,0,0.0,2050,2060,2045,433,888665,10912050000,5310000,KSQ,ME005
2714,289170,KR7289170003,바이오텐,KONEX,일반기업부,3045,1,375,14.04,3045,3045,3045,1,3045,10891018005,3576689,KNX,ME005
2715,0098T0,KR70098T0004,교보19호스팩,KOSDAQ,SPAC(소속부없음),2010,1,10,0.5,2005,2010,2000,1311,2633730,10854000000,5400000,KSQ,ME005
2716,060900,KR7060900008,에이전트AI,KOSDAQ,중견기업부,1655,1,60,3.76,1642,2025,1586,704975,1229090905,10829965830,6543786,KSQ,ME005
2717,060260,KR7060260007,뉴보텍,KOSDAQ,관리종목(소속부없음),808,1,7,0.87,801,820,784,38011,30212063,10780623648,13342356,KSQ,ME005
2718,493790,KR7493790000,유안타제17호스팩,KOSDAQ,SPAC(소속부없음),2025,1,5,0.25,2020,2025,2015,90,181650,10752750000,5310000,KSQ,ME005
2719,217880,KR7217880004,틸론,KONEX,일반기업부,1000,2,-15,-1.48,1069,1069,1000,177,181744,10727290000,10727290,KNX,ME005
2720,377220,KR7377220009,프롬바이오,KOSDAQ,관리종목(소속부없음),1885,2,-145,-7.14,2000,2060,1880,43477,83941616,10672870000,5662000,KSQ,ME005
2721,489210,KR7489210005,교보17호스팩,KOSDAQ,SPAC(소속부없음),2060,1,5,0.24,2055,2060,2050,111,228100,10670800000,5180000,KSQ,ME005
2722,0004Y0,KR70004Y0000,디비금융제14호스팩,KOSDAQ,SPAC(소속부없음),2005,3,0,0.0,2005,2005,2000,2126,4262565,10656575000,5315000,KSQ,ME005
2723,131760,KR7131760001,파인텍,KOSDAQ,관리종목(소속부없음),1211,1,33,2.8,1150,1239,1150,51758,61925520,10519128676,8686316,KSQ,ME005
2724,217320,KR7217320001,썬테크,KONEX,일반기업부,10000,3,0,0.0,0,0,0,0,0,10500000000,1050000,KNX,ME005
2725,001067,KR7001062009,JW중외제약2우B,KOSPI,,49950,2,-150,-0.3,49950,49950,49950,1,49950,10488151350,209973,STK,ME005
2726,302920,KR7302920004,더콘텐츠온,KONEX,일반기업부,2300,1,100,4.55,2000,2300,1870,82,165000,10470425700,4552359,KNX,ME005
2727,0130D0,KR70130D0002,신한제17호스팩,KOSDAQ,SPAC(소속부없음),1960,1,1,0.05,1970,1970,1960,165,324049,10466400000,5340000,KSQ,ME005
2728,043100,KR7043100007,알파AI,KOSDAQ,관리종목(소속부없음),520,3,0,0.0,0,0,0,0,0,10457241600,20110080,KSQ,ME005
2729,478110,KR7478110000,이베스트스팩6호,KOSDAQ,SPAC(소속부없음),2055,3,0,0.0,2055,2060,2055,649,1333710,10316100000,5020000,KSQ,ME005
2730,466690,KR7466690005,키움히어로제1호스팩,KOSDAQ,SPAC(소속부없음),2000,3,0,0.0,2000,2000,1999,299,597988,10190000000,5095000,KSQ,ME005
2731,305090,KR7305090003,마이크로디지탈,KOSDAQ,투자주의환기종목(소속부없음),538,3,0,0.0,0,0,0,0,0,10166241142,18896359,KSQ,ME005
2732,233990,KR7233990001,질경이,KONEX,일반기업부,630,2,-6,-0.94,700,700,620,3037,1938245,10160976420,16128534,KNX,ME005
2733,0041B0,KR70041B0002,교보18호스팩,KOSDAQ,SPAC(소속부없음),2015,3,0,0.0,2010,2015,2005,284,572210,10155600000,5040000,KSQ,ME005
2734,103230,KR7103230009,에스앤더블류,KOSDAQ,관리종목(소속부없음),1403,2,-40,-2.77,1443,1467,1387,68028,96885417,10101600000,7200000,KSQ,ME005
2735,015260,KR7015260003,에이엔피,KOSPI,,213,2,-29,-11.98,241,244,194,1446726,306914571,10035898422,47116894,STK,ME005
2736,142760,KR7142760008,모아라이프플러스,KOSDAQ,관리종목(소속부없음),476,2,-6,-1.24,481,494,472,35912,17076359,10035741240,21083490,KSQ,ME005
2737,238500,KR7238500003,솔루믹스,KONEX,일반기업부,475,3,0,0.0,0,0,0,0,0,9883469400,20807304,KNX,ME005
2738,004255,KR7004251005,NPC우,KOSPI,,1871,2,-20,-1.06,1890,1924,1861,22295,42069310,9878880000,5280000,STK,ME005
2739,224760,KR7224760009,엔에스컴퍼니,KONEX,일반기업부,2480,3,0,0.0,0,0,0,0,0,9770456000,3939700,KNX,ME005
2740,019685,KR7019681006,대교우B,KOSPI,,998,1,18,1.84,975,1012,973,7681,7586551,9694068010,9713495,STK,ME005
2741,208640,KR7208640003,썸에이지,KOSDAQ,관리종목(소속부없음),693,2,-74,-9.65,751,771,676,270061,191160390,9649349325,13924025,KSQ,ME005
2742,488060,KR7488060005,유진스팩11호,KOSDAQ,SPAC(소속부없음),2040,3,0,0.0,2040,2045,2040,1668,3407635,9628800000,4720000,KSQ,ME005
2743,303030,KR7303030001,지니틱스,KOSDAQ,관리종목(소속부없음),1050,1,13,1.25,1082,1137,1038,88720,93968336,9615349800,9157476,KSQ,ME005
2744,189350,KR7189350002,코셋,KONEX,일반기업부,2000,2,-80,-3.85,2000,2000,2000,10,20000,9600000000,4800000,KNX,ME005
2745,106080,KR7106080005,케이이엠텍,KOSDAQ,관리종목(소속부없음),1650,3,0,0.0,0,0,0,0,0,9506998050,5761817,KSQ,ME005
2746,145210,KR7145210001,다이나믹디자인,KOSPI,,2240,3,0,0.0,0,0,0,0,0,9461011840,4223666,STK,ME005
2747,060480,KR7060480001,국일신동,KOSDAQ,관리종목(소속부없음),853,2,-197,-18.76,1060,1133,835,518748,463336910,9459770000,11090000,KSQ,ME005
2748,006050,KR7006050009,국영지앤엠,KOSDAQ,관리종목(소속부없음),2690,2,-210,-7.24,2895,2895,2660,38467,104473192,9386819560,3489524,KSQ,ME005
2749,289010,KR7289010001,아이스크림에듀,KOSDAQ,관리종목(소속부없음),668,2,-69,-9.36,750,750,630,204520,137536906,9315431008,13945256,KSQ,ME005
2750,003075,KR7003071008,코오롱글로벌우,KOSPI,,12450,2,-50,-0.4,12490,12490,12390,516,6408090,9222175650,740737,STK,ME005
2751,185190,KR7185190006,수프로,KONEX,일반기업부,996,1,71,7.68,996,996,996,1,996,9201670500,9238625,KNX,ME005
2752,484130,KR7484130000,하나34호스팩,KOSDAQ,SPAC(소속부없음),2035,3,0,0.0,2035,2050,2035,194,394980,9198200000,4520000,KSQ,ME005
2753,001755,KR7001751007,한양증권우,KOSPI,,19310,1,40,0.21,19270,19320,19270,6,115860,9131119700,472870,STK,ME005
2754,473950,KR7473950004,에스케이증권제13호스팩,KOSDAQ,SPAC(소속부없음),2055,3,0,0.0,2055,2055,2055,1,2055,9083100000,4420000,KSQ,ME005
2755,244880,KR7244880001,나눔테크,KONEX,일반기업부,1800,1,3,0.17,1800,1800,1800,1,1800,9036000000,5020000,KNX,ME005
2756,103660,KR7103660007,씨앗,KONEX,일반기업부,1500,1,10,0.67,1500,1599,1400,22,32099,9026206500,6017471,KNX,ME005
2757,487830,KR7487830002,신한제15호스팩,KOSDAQ,SPAC(소속부없음),2040,3,0,0.0,2040,2040,2035,71,144785,8874000000,4350000,KSQ,ME005
2758,468760,KR7468760004,유진스팩10호,KOSDAQ,SPAC(소속부없음),2080,3,0,0.0,0,0,0,0,0,8819200000,4240000,KSQ,ME005
2759,472230,KR7472230002,에스케이증권제11호스팩,KOSDAQ,관리종목(소속부없음),2105,2,-5,-0.24,2105,2105,2105,44513,93699865,8746275000,4155000,KSQ,ME005
2760,114920,KR7114920002,대주이엔티,KONEX,일반기업부,2510,2,-440,-14.92,2510,2940,2510,662,1662440,8708445000,3469500,KNX,ME005
2761,487720,KR7487720005,키움제10호스팩,KOSDAQ,SPAC(소속부없음),2055,2,-5,-0.24,2080,2080,2055,244,502045,8692650000,4230000,KSQ,ME005
2762,0068Y0,KR70068Y0003,비엔케이제3호스팩,KOSDAQ,SPAC(소속부없음),1987,1,2,0.1,1990,1990,1987,8,15911,8563970000,4310000,KSQ,ME005
2763,251280,KR7251280004,안지오랩,KONEX,일반기업부,2445,1,30,1.24,2500,2500,2220,572,1307925,8537622150,3491870,KNX,ME005
2764,33637L,KR733637K028,솔루스첨단소재2우B,KOSPI,,2250,2,-10,-0.44,2270,2400,2215,1602,3735815,8500257000,3777892,STK,ME005
2765,318660,KR7318660008,타임기술,KONEX,일반기업부,3900,1,100,2.63,4100,4100,3900,61,246600,8393193900,2152101,KNX,ME005
2766,178600,KR7178600003,대동고려삼,KONEX,일반기업부,1880,1,181,10.65,1880,1880,1880,1,1880,8365248000,4449600,KNX,ME005
2767,065770,KR7065770000,CS,KOSDAQ,관리종목(소속부없음),791,2,-34,-4.12,805,843,770,152149,120568403,8317415624,10515064,KSQ,ME005
2768,000225,KR7000221002,유유제약1우,KOSPI,,3630,3,0,0.0,3585,3635,3580,580,2092715,8228955900,2266930,STK,ME005
2769,012340,KR7012340006,뉴인텍,KOSDAQ,관리종목(소속부없음),370,2,-19,-4.88,389,389,362,213617,79289057,8156573410,22044793,KSQ,ME005
2770,0041J0,KR70041J0004,엘에스스팩1호,KOSDAQ,SPAC(소속부없음),1984,2,-12,-0.6,1995,1995,1979,2033,4035003,8154240000,4110000,KSQ,ME005
2771,03481K,KR703481K019,해성산업1우,KOSDAQ,중견기업부,5890,1,10,0.17,5880,5940,5810,128,754225,8113198170,1377453,KSQ,ME005
2772,001000,KR7001000009,신라섬유,KOSDAQ,관리종목(소속부없음),1667,3,0,0.0,1670,1684,1651,6171,10343744,8094131836,4855508,KSQ,ME005
2773,233250,KR7233250000,메디안디노스틱,KONEX,일반기업부,4605,2,-295,-6.02,4605,4605,4605,10,46050,8042789070,1746534,KNX,ME005
2774,087260,KR7087260006,모바일어플라이언스,KOSDAQ,관리종목(소속부없음),247,3,0,0.0,0,0,0,0,0,8040556667,32552861,KSQ,ME005
2775,067770,KR7067770008,세진티에스,KOSDAQ,관리종목(소속부없음),957,1,49,5.4,909,957,908,68371,63233396,8035539501,8396593,KSQ,ME005
2776,288980,KR7288980006,모아데이타,KOSDAQ,관리종목(소속부없음),218,2,-4,-1.8,219,225,207,720312,154239090,7931140622,36381379,KSQ,ME005
2777,276240,KR7276240009,엘리비젼,KONEX,일반기업부,635,1,73,12.99,630,635,630,4,2535,7818842630,12313138,KNX,ME005
2778,001515,KR7001511005,SK증권우,KOSPI,,3990,3,0,0.0,4000,4030,3990,4069,16307320,7805465430,1956257,STK,ME005
2779,216400,KR7216400002,인바이츠바이오코아,KONEX,일반기업부,1001,2,-170,-14.52,1200,1299,1001,231,235729,7719026315,7711315,KNX,ME005
2780,475250,KR7475250007,하나33호스팩,KOSDAQ,SPAC(소속부없음),2085,2,-5,-0.24,2090,2090,2085,3315,6916530,7714500000,3700000,KSQ,ME005
2781,079970,KR7079970000,투비소프트,KOSDAQ,관리종목(소속부없음),596,3,0,0.0,0,0,0,0,0,7646223464,12829234,KSQ,ME005
2782,001065,KR7001061001,JW중외제약우,KOSPI,,22200,1,200,0.91,22150,22200,22150,4,88700,7591312200,341951,STK,ME005
2783,474930,KR7474930005,신한제13호스팩,KOSDAQ,SPAC(소속부없음),2095,2,-5,-0.24,2100,2100,2085,31446,65616630,7583900000,3620000,KSQ,ME005
2784,240600,KR7240600007,유진테크놀로지,KOSDAQ,관리종목(소속부없음),912,2,-25,-2.67,922,982,884,30009,28018667,7569061920,8299410,KSQ,ME005
2785,212310,KR7212310007,오건에코텍,KONEX,일반기업부,635,3,0,0.0,0,0,0,0,0,7514663025,11834115,KNX,ME005
2786,065420,KR7065420002,에스아이리소스,KOSDAQ,중견기업부,940,3,0,0.0,0,0,0,0,0,7283384140,7748281,KSQ,ME005
2787,390110,KR7390110005,애니메디솔루션,KONEX,일반기업부,746,1,66,9.71,780,780,746,2253,1680772,7233997062,9697047,KNX,ME005
2788,299480,KR7299480004,지앤이헬스케어,KONEX,일반기업부,648,1,68,11.72,657,657,648,1001,648657,7193281464,11100743,KNX,ME005
2789,276040,KR7276040003,스코넥,KOSDAQ,관리종목(소속부없음),327,3,0,0.0,0,0,0,0,0,7073119545,21630335,KSQ,ME005
2790,199150,KR7199150004,데이터스트림즈,KONEX,일반기업부,1640,2,-35,-2.09,1698,1698,1600,185,299966,7000525320,4268613,KNX,ME005
2791,473000,KR7473000008,에스케이증권제12호스팩,KOSDAQ,SPAC(소속부없음),2080,3,0,0.0,2080,2085,2080,15,31215,6884800000,3310000,KSQ,ME005
2792,066830,KR7066830001,제노텍,KONEX,일반기업부,1200,3,0,0.0,1100,1200,1100,101,111200,6800616000,5667180,KNX,ME005
2793,000325,KR7000321000,노루홀딩스우,KOSPI,,27800,3,0,0.0,28850,28850,27550,6,167050,6770940200,243559,STK,ME005
2794,199290,KR7199290008,바이오프로테크,KONEX,일반기업부,394,2,-5,-1.25,399,399,394,63,24932,6707925648,17025192,KNX,ME005
2795,475240,KR7475240008,하나32호스팩,KOSDAQ,관리종목(소속부없음),2090,3,0,0.0,2090,2095,2090,10421,21787170,6688000000,3200000,KSQ,ME005
2796,004985,KR7004981007,성신양회우,KOSPI,,8920,2,-100,-1.11,9300,9300,8910,1088,9935110,6561953400,735645,STK,ME005
2797,308100,KR7308100007,형지글로벌,KOSDAQ,관리종목(소속부없음),254,1,1,0.4,254,262,241,387788,97613392,6558279492,25819998,KSQ,ME005
2798,447690,KR7447690009,아이오바이오,KONEX,일반기업부,2340,1,275,13.32,2355,2355,1830,3,6525,6488249040,2772756,KNX,ME005
2799,234070,KR7234070001,에이원큐브텍,KONEX,일반기업부,924,2,-1,-0.11,924,924,924,1,924,6431689572,6960703,KNX,ME005
2800,236340,KR7236340006,메디젠휴먼케어,KONEX,일반기업부,2100,3,0,0.0,2100,2200,2000,23,47400,6330758700,3014647,KNX,ME005
2801,004835,KR7004831004,덕성우,KOSPI,,4450,1,5,0.11,4545,4545,4280,8329,36439615,6194400000,1392000,STK,ME005
2802,044380,KR7044380004,주연테크,KOSPI,,436,3,0,0.0,0,0,0,0,0,6058793776,13896316,STK,ME005
2803,224810,KR7224810002,엄지하우스,KONEX,일반기업부,1435,1,186,14.89,1435,1435,1435,1,1435,6027000000,4200000,KNX,ME005
2804,253610,KR7253610000,루트락,KONEX,일반기업부,580,2,-70,-10.77,648,648,580,2,1228,5949681180,10258071,KNX,ME005
2805,26490K,KR726490K013,크라운제과우,KOSPI,,7600,1,220,2.98,7300,7620,7300,164,1200010,5879056000,773560,STK,ME005
2806,311960,KR7311960009,인터로이드,KONEX,일반기업부,1899,3,0,0.0,1898,1899,1800,7,13190,5815998936,3062664,KNX,ME005
2807,202960,KR7202960001,판도라티비,KONEX,일반기업부,488,2,-8,-1.61,489,489,428,831,406076,5814804016,11915582,KNX,ME005
2808,012205,KR7012201000,계양전기우,KOSPI,,4950,1,50,1.02,5020,5050,4940,3056,15118680,5786941050,1169079,STK,ME005
2809,900100,USU652221081,파이온엑스,KOSDAQ,관리종목(소속부없음),1096,3,0,0.0,0,0,0,0,0,5782550800,5276050,KSQ,ME005
2810,136660,KR7136660008,큐엠씨,KONEX,일반기업부,2445,2,-5,-0.2,2300,2445,2300,2,4745,5772522750,2360950,KNX,ME005
2811,267080,KR7267080000,세븐브로이맥주,KONEX,일반기업부,486,3,0,0.0,0,0,0,0,0,5769504288,11871408,KNX,ME005
2812,291810,KR7291810000,핀텔,KOSDAQ,관리종목(소속부없음),409,3,0,0.0,0,0,0,0,0,5736605370,14025930,KSQ,ME005
2813,090355,KR7090351008,노루페인트우,KOSPI,,12290,2,-110,-0.89,12000,12290,12000,23,276870,5691818540,463126,STK,ME005
2814,044180,KR7044180008,KD,KOSDAQ,관리종목(소속부없음),205,3,0,0.0,0,0,0,0,0,5477148795,26717799,KSQ,ME005
2815,313760,KR7313760001,캐리,KOSDAQ,관리종목(소속부없음),468,3,0,0.0,0,0,0,0,0,5244963048,11207186,KSQ,ME005
2816,266350,KR7266350008,팡스카이,KONEX,일반기업부,398,3,0,0.0,0,0,0,0,0,5026568860,12629570,KNX,ME005
2817,258050,KR7258050004,테크트랜스,KONEX,일반기업부,449,3,0,0.0,0,0,0,0,0,5004531101,11145949,KNX,ME005
2818,346010,KR7346010002,타이드,KONEX,일반기업부,1000,3,0,0.0,0,0,0,0,0,4860062000,4860062,KNX,ME005
2819,001770,KR7001770007,SHD,KOSPI,,3925,2,-75,-1.88,4000,4000,3400,65628,247235025,4768396150,1214878,STK,ME005
2820,052770,KR7052770005,아이톡시,KOSDAQ,관리종목(소속부없음),312,3,0,0.0,0,0,0,0,0,4545457488,14568774,KSQ,ME005
2821,225430,KR7225430008,케이엠제약,KOSDAQ,관리종목(소속부없음),698,3,0,0.0,0,0,0,0,0,4527001150,6485675,KSQ,ME005
2822,116100,KR7116100009,태양기계,KONEX,일반기업부,600,3,0,0.0,0,0,0,0,0,4463991600,7439986,KNX,ME005
2823,000545,KR7000541003,흥국화재우,KOSPI,,5770,1,180,3.22,5650,5770,5640,10,57210,4431360000,768000,STK,ME005
2824,092590,KR7092590009,럭스피아,KONEX,일반기업부,600,2,-20,-3.23,630,712,528,168,105755,4374658800,7291098,KNX,ME005
2825,002995,KR7002991008,금호건설우,KOSPI,,14710,1,20,0.14,14710,14930,14710,3679,54438950,4299232860,292266,STK,ME005
2826,332190,KR7332190008,오션스바이오,KONEX,일반기업부,2890,1,375,14.91,2515,2890,2515,101,254390,4270954710,1477839,KNX,ME005
2827,000145,KR7000141002,하이트진로홀딩스우,KOSPI,,9000,2,-100,-1.1,9100,9100,9000,302,2720200,4237290000,470810,STK,ME005
2828,025870,KR7025870007,신라에스지,KOSDAQ,관리종목(소속부없음),1059,3,0,0.0,0,0,0,0,0,4236000000,4000000,KSQ,ME005
2829,402420,KR7402420004,켈스,KONEX,일반기업부,1750,2,-50,-2.78,1530,2000,1530,113,190350,4110335250,2348763,KNX,ME005
2830,009415,KR7009411000,태영건설우,KOSPI,,6240,1,70,1.13,6170,6270,6170,1060,6551660,4055837760,649974,STK,ME005
2831,215570,KR7215570003,크로넥스,KONEX,일반기업부,600,3,0,0.0,600,600,600,1,600,3996090600,6660151,KNX,ME005
2832,005965,KR7005961008,동부건설우,KOSPI,,17190,2,-50,-0.29,17190,17190,17190,29,498510,3880333080,225732,STK,ME005
2833,296520,KR7296520000,가이아코퍼레이션,KONEX,일반기업부,801,3,0,0.0,0,0,0,0,0,3738273408,4667008,KNX,ME005
2834,121060,KR7121060008,유니포인트,KONEX,일반기업부,711,3,0,0.0,0,0,0,0,0,3692779713,5193783,KNX,ME005
2835,236030,KR7236030003,씨알푸드,KONEX,일반기업부,1800,2,-28,-1.53,1800,1800,1800,10,18000,3659997600,2033332,KNX,ME005
2836,014825,KR7014821003,동원시스템즈우,KOSPI,,13690,1,490,3.71,13490,13690,13490,6,81180,3615679590,264111,STK,ME005
2837,208890,KR7208890004,미래엔에듀파트너,KONEX,일반기업부,900,3,0,0.0,0,0,0,0,0,3604968000,4005520,KNX,ME005
2838,217910,KR7217910009,에스제이켐,KONEX,일반기업부,256,2,-33,-11.42,246,330,246,273,76891,3581573632,13990522,KNX,ME005
2839,007575,KR7007571003,일양약품우,KOSPI,,7950,2,-100,-1.24,7870,7980,7850,734,5766060,3538386000,445080,STK,ME005
2840,36328K,KR736328K013,티와이홀딩스우,KOSPI,,2950,1,120,4.24,2825,2960,2770,3764,10779150,3466099550,1174949,STK,ME005
2841,014285,KR7014281000,금강공업우,KOSPI,,5830,3,0,0.0,5830,5830,5700,503,2893220,3438971250,589875,STK,ME005
2842,250930,KR7250930005,예선테크,KOSDAQ,관리종목(소속부없음),510,1,45,9.68,497,534,441,39304,18991450,3366044880,6600088,KSQ,ME005
2843,245450,KR7245450002,씨앤에스링크,KONEX,일반기업부,1999,1,4,0.2,1999,1999,1999,1,1999,3158340040,1579960,KNX,ME005
2844,199730,KR7199730003,바이오인프라,KOSDAQ,관리종목(소속부없음),643,1,41,6.81,595,654,595,37647,23232773,3127787981,4864367,KSQ,ME005
2845,005030,KR7005030002,부산주공,KOSPI,,33,2,-7,-17.5,44,44,31,10465137,360823916,3061838604,92782988,STK,ME005
2846,005745,KR7005741004,크라운해태홀딩스우,KOSPI,,5080,2,-20,-0.39,5110,5110,5080,67,341050,3051688080,600726,STK,ME005
2847,413300,KR7413300005,티엘엔지니어링,KONEX,일반기업부,2220,1,205,10.17,2290,2290,1715,605,1141330,3000363300,1351515,KNX,ME005
2848,014915,KR7014911002,성문전자우,KOSPI,,4820,2,-75,-1.53,4820,4820,4820,32,154240,2892000000,600000,STK,ME005
2849,011080,KR7011080009,형지I&C,KOSDAQ,관리종목(소속부없음),402,1,25,6.63,380,425,353,587384,223823058,2852697324,7096262,KSQ,ME005
2850,266470,KR7266470004,바이오인프라생명과학,KONEX,일반기업부,101,1,2,2.02,113,113,95,2507,250717,2814467919,27866019,KNX,ME005
2851,058450,KR7058450008,한주에이알티,KOSDAQ,관리종목(소속부없음),516,2,-25,-4.62,541,541,490,165156,84046877,2785353552,5397972,KSQ,ME005
2852,093510,KR7093510006,엔지브이아이,KONEX,일반기업부,413,2,-72,-14.85,413,413,413,1,413,2486260000,6020000,KNX,ME005
2853,000227,KR7000222000,유유제약2우B,KOSPI,,7650,1,50,0.66,7590,7650,7580,153,1162010,2470644000,322960,STK,ME005
2854,005110,KR7005110002,한창,KOSPI,,110,2,-1144,-91.23,85,114,85,7058901,730822752,2321704770,21106407,STK,ME005
2855,140660,KR7140660002,위월드,KONEX,일반기업부,900,2,-1,-0.11,900,900,900,10,9000,2238526800,2487252,KNX,ME005
2856,008355,KR7008351009,남선알미우,KOSPI,,7020,3,0,0.0,7020,7020,6900,90,631120,2161387800,307890,STK,ME005
2857,001525,KR7001521004,동양우,KOSPI,,8180,2,-60,-0.73,8240,8240,8180,135,1107170,2148190700,262615,STK,ME005
2858,448780,KR7448780007,마이크로엔엑스,KONEX,일반기업부,685,3,0,0.0,685,685,685,311,213035,1834210800,2677680,KNX,ME005
2859,035290,KR7035290006,골드앤에스,KOSDAQ,관리종목(소속부없음),384,3,0,0.0,0,0,0,0,0,1830776832,4767648,KSQ,ME005
2860,021045,KR7021041009,대호특수강우,KOSDAQ,중견기업부,1948,2,-32,-1.62,1979,1979,1930,986,1915008,1652862416,848492,KSQ,ME005
2861,266170,KR7266170000,레드우즈,KONEX,일반기업부,1050,3,0,0.0,0,0,0,0,0,1366092000,1301040,KNX,ME005
2862,004545,KR7004541009,깨끗한나라우,KOSPI,,3625,1,5,0.14,3600,3760,3600,315,1139670,1327330000,366160,STK,ME005
2863,223220,KR7223220005,로지스몬,KONEX,일반기업부,136,1,14,11.48,140,140,104,1548,162671,1163395408,8554378,KNX,ME005
2864,011155,KR7011151008,CJ씨푸드1우,KOSPI,,5700,2,-120,-2.06,5580,5700,5580,251,1418380,1140000000,200000,STK,ME005
2865,196490,KR7196490007,디에이테크놀로지,KOSDAQ,투자주의환기종목(소속부없음),91,2,-16,-14.95,107,107,90,513322,48287750,1032999695,11351645,KSQ,ME005
2866,001527,KR7001522002,동양2우B,KOSPI,,4965,2,-85,-1.68,5000,5000,4950,407,2020160,1021325325,205705,STK,ME005
2867,004415,KR7004411005,서울식품우,KOSPI,,3850,1,60,1.58,3700,3980,3690,495,1841245,856432500,222450,STK,ME005
2868,312610,KR7312610009,에이에프더블류,KOSDAQ,관리종목(소속부없음),33,2,-6,-15.38,40,40,33,779445,28304472,668477304,20256888,KSQ,ME005
2869,002785,KR7002781003,진흥기업우B,KOSPI,,7200,2,-190,-2.57,7440,7440,7200,720,5305430,617191200,85721,STK,ME005
2870,032685,KR7032681009,소프트센우,KOSDAQ,중견기업부,5670,2,-130,-2.24,5860,5860,5510,689,3858580,404622540,71362,KSQ,ME005
2871,002787,KR7002782001,진흥기업2우B,KOSPI,,10430,2,-360,-3.34,10750,10750,10430,603,6327280,307476400,29480,STK,ME005
2872,341170,KR7341170009,퓨쳐메디신,KONEX,일반기업부,20,1,3,17.65,20,21,20,214615,4321391,210664100,10533205,KNX,ME005
